contigname	ERR011349_ERR011349
k79_13791	6.21693
k79_32179	8.00388
k79_22985	5.52961
k79_0	5.45714
k79_22986	2.52976
k79_1	15.3708
k79_13792	4.5277
k79_22987	3.32479
k79_18388	8.00961
k79_2	2.11888
k79_9194	9.0359
k79_13793	2.82609
k79_18389	4.65546
k79_13794	1.56557
k79_32180	11.6103
k79_3	5.65957
k79_9195	11.1176
k79_18390	8.63441
k79_32181	5.20168
k79_9196	3.28205
k79_13795	3.62557
k79_32182	6.70787
k79_4	3.98905
k79_18391	3.69106
k79_32183	2.85385
k79_13796	2.072
k79_9197	9.97071
k79_5	5.70253
k79_18392	3.21831
k79_32184	4.52239
k79_22988	7.01984
k79_6	9.17
k79_18393	7.26619
k79_32185	3.94406
k79_9198	9.91987
k79_7	4.58065
k79_22989	3.85811
k79_13797	3.97321
k79_8	5.23711
k79_9199	3.51145
k79_9	4.53968
k79_13798	6.55026
k79_18394	5.15768
k79_18395	2.6
k79_13799	4.6
k79_10	6.85802
k79_22990	8.80626
k79_9200	18.8743
k79_22991	8.45055
k79_18396	5.42754
k79_13800	4.78924
k79_9201	5.77974
k79_18397	7.33529
k79_11	7.55759
k79_22992	3.40408
k79_13801	4.70438
k79_18398	3.13
k79_12	4.05469
k79_9202	3.55217
k79_22993	5.0219
k79_13802	6.16495
k79_13	4.91912
k79_18399	15.2747
k79_22994	13.5053
k79_14	9.28906
k79_32186	63.0418
k79_13803	3.02469
k79_9203	5.06349
k79_18400	3.6
k79_22995	11.1107
k79_15	17.7516
k79_13804	4.64286
k79_16	6.61798
k79_32187	8.66163
k79_22996	5.50781
k79_18401	7.26058
k79_22997	4.2037
k79_9204	4.83598
k79_22998	1.91538
k79_32188	6.39036
k79_9205	3.20979
k79_32189	9.56
k79_22999	9.01361
k79_18402	10.6394
k79_17	6.15429
k79_23000	4.66972
k79_18403	4.71921
k79_13805	6.77736
k79_18	4.57219
k79_9206	5.33053
k79_13806	3.14894
k79_18404	5.7205
k79_19	4.80734
k79_32190	4.54
k79_20	4.33019
k79_13807	3.77095
k79_18405	30.225
k79_9207	5.94901
k79_13808	4.24742
k79_21	8.63243
k79_9208	4.12143
k79_18406	3.97357
k79_32191	5.51446
k79_13809	8.37109
k79_32192	3.26415
k79_13810	6.42574
k79_18407	6.0
k79_9209	4.21538
k79_22	6.30786
k79_18408	5.47899
k79_13811	5.07075
k79_9210	5.86508
k79_32193	10.9002
k79_18409	4.17054
k79_23	13.1522
k79_13812	14.3034
k79_9211	2.71818
k79_18410	4.45082
k79_13813	3.69608
k79_32194	14.1924
k79_18411	4.02703
k79_24	8.66565
k79_25	6.75
k79_18412	9.30932
k79_18413	9.24096
k79_32195	6.088
k79_23001	9.0263
k79_32196	5.95192
k79_26	11.9649
k79_23002	7.77536
k79_18414	8.11628
k79_9212	11.4056
k79_18415	6.62703
k79_23003	7.96552
k79_27	9.5
k79_18416	7.49219
k79_23004	5.08029
k79_28	9.28667
k79_23005	5.77679
k79_9213	6.13761
k79_4597	3.89175
k79_29	2.81982
k79_27582	2.37079
k79_32197	19.6737
k79_23006	8.03814
k79_9214	6.56951
k79_4598	5.82079
k79_32198	2.55814
k79_23007	4.87143
k79_9215	6.1
k79_27583	45.6503
k79_4599	4.8125
k79_23008	3.71981
k79_32199	6.00676
k79_9216	7.40845
k79_27584	3.81667
k79_4600	9.41322
k79_23009	5.08696
k79_32200	5.28571
k79_9217	5.37895
k79_23010	5.80292
k79_4601	5.18894
k79_32201	4.74
k79_9218	2.55758
k79_27585	11.7152
k79_23011	15.6021
k79_32202	6.57931
k79_23012	3.35659
k79_32203	6.70879
k79_23013	4.05291
k79_30	20.6913
k79_32204	5.46729
k79_4602	5.1891
k79_23014	7.17582
k79_27586	7.83517
k79_31	5.80583
k79_32205	5.65942
k79_4603	2.50435
k79_23015	4.35161
k79_32	4.26882
k79_4604	4.32308
k79_32206	9.23442
k79_27587	5.75128
k79_23016	3.83117
k79_27588	5.44231
k79_32207	5.04167
k79_33	4.49655
k79_27589	2.66949
k79_18417	3.91667
k79_4605	6.73857
k79_34	6.53889
k79_32208	3.80206
k79_18418	4.50741
k79_4606	11.593
k79_35	6.82955
k79_32209	8.98942
k79_18419	5.98925
k79_4607	4.7351
k79_18420	7.54167
k79_36	2.12139
k79_27590	6.49125
k79_18421	5.42143
k79_37	10.6429
k79_4608	2.63514
k79_23017	5.83772
k79_27591	5.54795
k79_18422	3.8
k79_4609	2.55556
k79_38	4.79195
k79_27592	3.4087
k79_18423	6.72789
k79_4610	4.21429
k79_39	5.58462
k79_27593	4.41584
k79_32210	12.6067
k79_23018	7.76106
k79_40	4.06471
k79_4611	4.63366
k79_23019	3.04717
k79_41	5.14729
k79_23020	2.48404
k79_42	13.4187
k79_4612	3.89971
k79_9219	38.0166
k79_18424	3.91093
k79_23021	2.27556
k79_9220	2.28037
k79_18425	5.86538
k79_4613	6.00325
k79_23022	2.89011
k79_43	4.47917
k79_44	4.46392
k79_9221	6.62088
k79_23023	3.85795
k79_4614	2.14352
k79_9222	9.10526
k79_18426	4.07434
k79_23024	3.68122
k79_4615	4.06406
k79_18427	2.95455
k79_9223	2.58182
k79_4616	4.79024
k79_32211	9.225
k79_23025	6.5042
k79_18428	3.20297
k79_32212	2.68627
k79_4617	4.94792
k79_18429	4.48936
k79_23026	6.7037
k79_23027	5.38053
k79_32213	71.6238
k79_4618	5.69658
k79_45	17.6708
k79_9224	7.12821
k79_23028	4.64286
k79_9225	9.09028
k79_23029	18.9179
k79_32214	4.216
k79_46	11.3173
k79_9226	5.57143
k79_4619	5.45306
k79_23030	3.33884
k79_32215	4.99451
k79_4620	2.16514
k79_47	8.87622
k79_9227	9.12349
k79_23031	12.2254
k79_4621	5.76891
k79_48	2.83422
k79_32216	8.58621
k79_18430	7.03241
k79_4622	3.5812
k79_9228	3.71839
k79_23032	4.27961
k79_49	6.3587
k79_32217	8.64583
k79_18431	4.84459
k79_23033	3.44828
k79_9229	4.98352
k79_32218	4.88
k79_50	7.21154
k79_23034	11.6966
k79_9230	3.84167
k79_18432	8.68224
k79_32219	5.34731
k79_51	8.41489
k79_23035	3.85326
k79_18433	4.63946
k79_52	4.4375
k79_32220	3.3617
k79_18434	5.18349
k79_23036	7.83673
k79_9231	8.62158
k79_32221	7.05738
k79_53	4.73347
k79_23037	3.39465
k79_18435	6.2115
k79_32222	4.0082
k79_18436	4.85443
k79_23038	5.95673
k79_32223	5.03109
k79_23039	4.25595
k79_32224	4.23864
k79_9232	8.79841
k79_18437	7.73288
k79_23040	3.49577
k79_32225	11.5952
k79_23041	5.5
k79_32226	2.78075
k79_18438	5.44068
k79_9233	6.09903
k79_23042	8.81818
k79_9234	3.50602
k79_23043	3.72308
k79_18439	6.43085
k79_23044	5.0
k79_9235	4.06962
k79_9236	5.04464
k79_18440	4.28889
k79_23045	7.02336
k79_9237	2.45455
k79_23046	3.3615
k79_9238	1.97531
k79_18441	6.50511
k79_9239	5.9486
k79_23047	5.44604
k79_18442	7.03107
k79_23048	2.79661
k79_54	46.4035
k79_9240	8.31041
k79_23049	9.13043
k79_55	4.55455
k79_9241	7.816
k79_23050	5.16964
k79_27594	6.62983
k79_13814	30.7023
k79_23051	4.24779
k79_27595	10.1882
k79_9242	4.41848
k79_23052	6.04545
k79_27596	8.024
k79_13815	5.27439
k79_56	4.75495
k79_27597	10.2026
k79_13816	5.0493
k79_23053	2.48077
k79_9243	3.74477
k79_57	4.23789
k79_27598	6.53722
k79_9244	3.59273
k79_27599	5.92308
k79_58	3.24845
k79_13817	6.92353
k79_9245	4.28947
k79_27600	6.07207
k79_59	5.81595
k79_9246	4.56818
k79_13818	6.20603
k79_27601	6.62162
k79_9247	4.92308
k79_13819	1.91892
k79_27602	9.16667
k79_60	6.15981
k79_13820	4.96154
k79_4623	47.5126
k79_27603	4.78788
k79_61	5.0625
k79_4624	4.31915
k79_27604	3.18579
k79_62	3.08403
k79_13821	7.4335
k79_4625	4.00578
k79_27605	23.7354
k79_27606	2.31159
k79_4626	3.42908
k79_63	6.89118
k79_13822	4.4473
k79_27607	6.46203
k79_64	9.25952
k79_13823	6.80365
k79_27608	15.4064
k79_4627	6.6535
k79_65	7.76012
k79_13824	5.18497
k79_4628	7.15748
k79_66	1.53279
k79_27609	5.39181
k79_13825	4.64286
k79_67	2.15044
k79_4629	8.13239
k79_13826	6.61798
k79_68	3.38532
k79_27610	2.94764
k79_9248	6.71795
k79_27611	5.44578
k79_69	3.89189
k79_4630	12.7441
k79_4631	5.584
k79_9249	4.27717
k79_13827	5.53252
k79_70	6.02602
k79_4632	3.68966
k79_9250	4.40678
k79_71	3.16949
k79_9251	1.89937
k79_4633	7.11765
k79_27612	9.42753
k79_72	5.45349
k79_9252	6.40807
k79_27613	3.47059
k79_9253	4.56334
k79_73	21.0771
k79_27614	6.48643
k79_4634	9.5047
k79_9254	4.22826
k79_13828	22.0359
k79_27615	4.53684
k79_74	3.2809
k79_4635	10.9
k79_9255	10.9732
k79_27616	9.77652
k79_13829	5.54167
k79_9256	4.95968
k79_27617	7.55556
k79_13830	4.8009
k79_75	6.39153
k79_4636	5.11522
k79_9257	3.39076
k79_27618	14.8428
k79_76	4.61345
k79_13831	3.19388
k79_9258	4.88235
k79_27619	2.57971
k79_77	7.28125
k79_13832	4.18627
k79_27620	10.337
k79_4637	5.51413
k79_9259	6.58473
k79_78	8.03725
k79_27621	6.51813
k79_4638	7.33735
k79_79	2.81081
k79_9260	4.90984
k79_4639	4.17204
k79_80	6.48113
k79_13833	4.6701
k79_81	10.7795
k79_27622	8.99087
k79_32227	50.819
k79_82	2.04505
k79_32228	3.6729
k79_4640	7.93153
k79_27623	5.01365
k79_9261	7.82362
k79_32229	3.1
k79_9262	3.57616
k79_83	5.95852
k79_32230	2.4135
k79_84	6.4902
k79_32231	3.41667
k79_18443	7.58646
k79_9263	3.17812
k79_18444	5.67677
k79_32232	3.05932
k79_85	5.09091
k79_18445	5.07914
k79_86	1.64348
k79_9264	8.31429
k79_87	6.29032
k79_32233	3.49052
k79_32234	8.55856
k79_88	7.74436
k79_4641	8.31526
k79_32235	7.42553
k79_89	3.80508
k79_13834	7.87104
k79_9265	3.73946
k79_90	1.68085
k79_32236	5.49635
k79_9266	5.38117
k79_4642	4.15176
k79_32237	5.80412
k79_9267	2.96685
k79_91	10.1783
k79_9268	2.28758
k79_4643	9.78904
k79_92	4.58791
k79_4644	6.29167
k79_32238	6.168
k79_93	5.26005
k79_94	10.8132
k79_32239	6.81314
k79_4645	6.20256
k79_9269	6.01317
k79_32240	4.30909
k79_95	11.7611
k79_9270	4.38318
k79_32241	5.62838
k79_9271	2.93636
k79_18446	48.3639
k79_32242	2.34307
k79_96	7.17836
k79_18447	4.14607
k79_9272	4.09735
k79_9273	3.18966
k79_4646	9.47122
k79_97	3.68158
k79_4647	2.22018
k79_18448	7.05622
k79_9274	4.265
k79_4648	7.73272
k79_9275	5.18932
k79_18449	5.65157
k79_98	8.55754
k79_4649	3.19737
k79_9276	4.72581
k79_4650	4.00847
k79_18450	2.98881
k79_99	7.875
k79_9277	5.70323
k79_4651	5.00602
k79_32243	3.94937
k79_18451	9.56235
k79_9278	4.54598
k79_4652	5.47138
k79_9279	3.87006
k79_9280	3.85841
k79_18452	4.84095
k79_9281	4.90299
k79_4653	3.82079
k79_27624	4.5
k79_32244	7.03916
k79_9282	8.9256
k79_4654	2.40299
k79_27625	3.30657
k79_4655	7.59829
k79_32245	3.19286
k79_4656	3.2
k79_27626	5.01163
k79_32246	22.3842
k79_4657	5.06818
k79_27627	9.70229
k79_9283	10.3193
k79_4658	2.18085
k79_27628	6.63821
k79_9284	3.39409
k79_27629	3.42574
k79_9285	2.59441
k79_32247	8.28532
k79_9286	5.38095
k79_27630	4.42802
k79_32248	7.98214
k79_9287	4.77019
k79_9288	3.09184
k79_27631	6.79714
k79_4659	5.37003
k79_9289	4.23958
k79_32249	8.2795
k79_4660	9.59624
k79_27632	16.0849
k79_32250	3.25424
k79_9290	4.78307
k79_9291	2.68367
k79_32251	6.43017
k79_32252	5.15315
k79_9292	6.58594
k79_32253	12.7177
k79_100	1.98889
k79_4661	7.21322
k79_9293	5.92437
k79_32254	3.35338
k79_101	5.54412
k79_27633	7.2228
k79_9294	10.375
k79_4662	3.38117
k79_102	9.00585
k79_32255	3.48165
k79_27634	2.77059
k79_9295	5.47458
k79_4663	6.58333
k79_27635	4.57792
k79_9296	4.17568
k79_32256	6.10177
k79_103	4.15877
k79_4664	5.73099
k79_27636	3.82482
k79_27637	2.79268
k79_4665	6.86538
k79_104	4.61416
k79_4666	3.2437
k79_27638	4.59722
k79_105	3.26724
k79_4667	4.6391
k79_32257	8.32755
k79_27639	7.01531
k79_4668	2.4837
k79_27640	7.66176
k79_106	5.625
k79_27641	2.55556
k79_27642	4.08065
k79_4669	3.76923
k79_27643	9.10909
k79_9297	18.6261
k79_4670	5.32692
k79_27644	3.07006
k79_107	3.90642
k79_9298	1.65041
k79_4671	2.53757
k79_27645	3.5935
k79_9299	3.98291
k79_32258	13.3021
k79_4672	3.53333
k79_9300	7.58333
k79_27646	3.06637
k79_32259	4.28161
k79_27647	9.61739
k79_32260	12.9043
k79_9301	8.5919
k79_27648	4.00645
k79_32261	12.935
k79_108	11.0299
k79_27649	2.82143
k79_9302	5.21395
k79_109	3.48515
k79_4673	9.23277
k79_32262	2.32781
k79_13835	24.4233
k79_9303	8.93939
k79_110	10.0914
k79_9304	3.33913
k79_9305	2.87662
k79_111	10.5436
k79_4674	4.25316
k79_13836	4.90807
k79_27650	11.6513
k79_9306	2.1
k79_13837	12.4962
k79_32263	19.3197
k79_27651	7.22156
k79_9307	3.87037
k79_4675	7.12085
k79_13838	6.09934
k79_32264	2.87097
k79_27652	5.32903
k79_112	12.4842
k79_4676	4.36
k79_27653	7.44371
k79_113	8.93548
k79_32265	6.71264
k79_13839	4.37082
k79_9308	4.75459
k79_27654	57.3109
k79_13840	2.89076
k79_32266	4.59477
k79_9309	4.84475
k79_9310	3.99083
k79_32267	11.1499
k79_13841	10.4286
k79_4677	11.6696
k79_9311	7.18182
k79_32268	5.09272
k79_13842	7.5991
k79_27655	4.65235
k79_32269	8.81271
k79_4678	4.52812
k79_27656	4.13609
k79_32270	3.47287
k79_27657	2.93846
k79_32271	4.46753
k79_9312	18.6399
k79_4679	7.07034
k79_4680	8.32203
k79_9313	7.24646
k79_4681	3.75385
k79_27658	5.21824
k79_9314	5.23333
k79_9315	2.25397
k79_32272	9.85523
k79_27659	54.0456
k79_4682	11.0122
k79_32273	4.25
k79_27660	10.2137
k79_13843	11.8551
k79_9316	3.53205
k79_32274	3.45399
k79_27661	5.60741
k79_4683	7.51877
k79_13844	3.39597
k79_114	4.95261
k79_27662	3.55714
k79_115	3.03371
k79_27663	8.49091
k79_4684	7.73994
k79_13845	4.26009
k79_116	3.05535
k79_27664	5.76056
k79_13846	6.32
k79_4685	6.4661
k79_27665	12.985
k79_13847	4.80952
k79_23054	45.7365
k79_4686	5.39216
k79_32275	8.44399
k79_4687	6.27891
k79_23055	7.78191
k79_27666	4.4466
k79_13848	7.19277
k79_18453	4.22275
k79_13849	9.16026
k79_23056	6.01056
k79_32276	6.1093
k79_18454	11.6905
k79_13850	2.7551
k79_18455	5.0
k79_9317	5.71429
k79_32277	4.30594
k79_32278	2.84615
k79_13851	5.98091
k79_13852	5.26531
k79_4688	8.76423
k79_32279	8.16633
k79_18456	4.34503
k79_9318	5.30886
k79_117	7.138
k79_13853	3.96963
k79_23057	3.61628
k79_9319	4.63462
k79_13854	2.85795
k79_9320	4.75
k79_4689	4.03049
k79_13855	5.28627
k79_4690	3.95808
k79_13856	3.65263
k79_32280	6.56356
k79_9321	8.28252
k79_13857	3.59783
k79_4691	3.64904
k79_9322	6.0625
k79_13858	6.94737
k79_18457	5.44299
k79_118	9.24467
k79_4692	9.64315
k79_23058	7.99832
k79_13859	3.02239
k79_4693	3.32787
k79_23059	3.26316
k79_13860	6.27273
k79_119	6.12403
k79_4694	2.76154
k79_18458	8.075
k79_9323	6.94118
k79_120	6.50407
k79_23060	7.00913
k79_13861	57.8386
k79_9324	10.1238
k79_23061	7.87611
k79_4695	6.02208
k79_9325	3.84211
k79_13862	10.601
k79_23062	6.6
k79_18459	6.55098
k79_9326	6.80282
k79_32281	27.3599
k79_121	6.61083
k79_13863	6.95517
k79_9327	4.7957
k79_18460	9.92157
k79_23063	5.65675
k79_13864	2.86667
k79_122	2.11255
k79_13865	4.13684
k79_18461	6.90541
k79_18462	8.80952
k79_23064	10.6117
k79_18463	4.15966
k79_18464	4.75
k79_18465	4.96443
k79_9328	10.9393
k79_9329	3.61321
k79_18466	10.3242
k79_32282	11.4238
k79_18467	9.89923
k79_4696	9.86032
k79_123	8.97845
k79_18468	10.8902
k79_9330	9.92358
k79_18469	4.91667
k79_4697	7.29448
k79_32283	5.17663
k79_9331	6.43689
k79_4698	3.61404
k79_32284	6.5913
k79_9332	3.67427
k79_4699	3.78758
k79_18470	4.61345
k79_124	9.7443
k79_9333	3.765
k79_32285	10.6721
k79_125	3.11465
k79_18471	3.74359
k79_9334	11.0536
k79_4700	8.04924
k79_126	6.85849
k79_9335	5.51929
k79_127	7.34718
k79_4701	4.01542
k79_32286	5.26757
k79_128	7.33766
k79_32287	5.46857
k79_4702	6.28182
k79_9336	6.11492
k79_4703	2.97345
k79_32288	8.20809
k79_129	4.90311
k79_18472	5.86651
k79_32289	4.0
k79_4704	5.94872
k79_130	6.03846
k79_18473	3.70732
k79_9337	2.7355
k79_4705	7.6135
k79_32290	16.9393
k79_131	8.4486
k79_18474	5.87952
k79_132	4.78947
k79_4706	7.2459
k79_32291	7.27803
k79_9338	31.8547
k79_32292	6.27612
k79_9339	9.34437
k79_4707	2.76344
k79_133	4.44697
k79_13866	5.58848
k79_134	12.2321
k79_9340	3.9505
k79_32293	6.74632
k79_4708	3.90336
k79_135	11.2541
k79_18475	5.47378
k79_136	6.42553
k79_18476	3.4188
k79_32294	5.85055
k79_137	5.31737
k79_18477	3.54626
k79_32295	1.71429
k79_138	12.0147
k79_9341	7.80964
k79_18478	4.07534
k79_9342	2.03817
k79_4709	9.70531
k79_32296	3.57322
k79_18479	4.54128
k79_139	4.28617
k79_4710	3.38346
k79_9343	5.0
k79_32297	4.18898
k79_4711	4.64894
k79_32298	4.23364
k79_9344	3.97391
k79_4712	4.73885
k79_32299	6.38947
k79_140	4.77822
k79_18480	7.41729
k79_9345	5.07534
k79_141	3.17647
k79_4713	10.1604
k79_32300	3.62332
k79_9346	8.0
k79_142	6.66032
k79_4714	4.71354
k79_27667	10.7089
k79_27668	2.75229
k79_32301	10.4816
k79_27669	1.94444
k79_9347	15.4422
k79_13867	11.4349
k79_4715	5.83974
k79_32302	6.41867
k79_4716	3.67586
k79_9348	5.4709
k79_13868	2.51709
k79_27670	5.29688
k79_32303	3.24658
k79_4717	5.10606
k79_9349	1.92742
k79_32304	5.75
k79_4718	4.30345
k79_18481	4.29032
k79_27671	7.11191
k79_9350	4.17424
k79_4719	3.15464
k79_27672	3.52841
k79_13869	8.76825
k79_32305	3.56522
k79_4720	4.07853
k79_13870	6.32258
k79_9351	4.14072
k79_4721	13.0656
k79_27673	9.22515
k79_9352	6.49618
k79_27674	6.22656
k79_4722	3.34434
k79_32306	4.56169
k79_9353	7.85246
k79_13871	8.25945
k79_4723	5.9292
k79_13872	3.63587
k79_27675	4.00524
k79_4724	3.04196
k79_27676	6.37113
k79_18482	10.5839
k79_4725	5.69524
k79_13873	5.31633
k79_9354	5.75075
k79_13874	3.52066
k79_18483	4.22709
k79_27677	7.05648
k79_9355	6.79245
k79_13875	3.66038
k79_18484	7.20213
k79_13876	6.365
k79_32307	8.93553
k79_18485	4.14815
k79_27678	3.86
k79_18486	6.81132
k79_27679	8.5914
k79_32308	3.77652
k79_18487	3.67797
k79_9356	7.68098
k79_27680	8.28497
k79_18488	6.59223
k79_9357	2.8913
k79_27681	7.17123
k79_13877	4.52857
k79_9358	5.22901
k79_143	46.6835
k79_18489	3.96104
k79_9359	8.49359
k79_144	7.56173
k79_27682	5.09417
k79_18490	6.94309
k79_145	4.44792
k79_146	2.21186
k79_4726	7.67551
k79_18491	8.07339
k79_9360	9.26923
k79_147	5.85235
k79_9361	6.19565
k79_18492	7.94268
k79_27683	10.4402
k79_148	8.43871
k79_9362	3.77876
k79_18493	6.03252
k79_4727	4.37844
k79_9363	4.57143
k79_149	9.28846
k79_18494	4.57485
k79_9364	4.064
k79_4728	2.78571
k79_27684	9.27087
k79_18495	7.85185
k79_150	4.52217
k79_9365	10.8509
k79_4729	2.87838
k79_27685	5.66917
k79_151	5.22857
k79_18496	3.17969
k79_9366	4.36522
k79_4730	3.38144
k79_152	4.77778
k79_9367	3.26857
k79_18497	4.81624
k79_4731	5.9645
k79_18498	3.31579
k79_27686	5.41577
k79_153	5.03604
k79_9368	2.96266
k79_27687	4.31111
k79_9369	6.16129
k79_23065	43.2481
k79_4732	6.02994
k79_18499	7.58601
k79_27688	4.51685
k79_9370	2.424
k79_154	4.76285
k79_4733	8.94118
k79_18500	5.89947
k79_9371	3.37895
k79_155	8.30909
k79_27689	2.52792
k79_23066	4.67576
k79_9372	13.8655
k79_18501	3.27168
k79_32309	36.4398
k79_4734	4.83621
k79_27690	5.73869
k79_156	6.44235
k79_18502	4.26271
k79_4735	3.65591
k79_9373	6.31799
k79_23067	6.50571
k79_27691	15.0125
k79_32310	6.74206
k79_157	9.58559
k79_18503	6.30337
k79_4736	7.69159
k79_23068	3.41667
k79_9374	4.305
k79_32311	4.10674
k79_18504	3.87349
k79_23069	6.98611
k79_9375	5.2381
k79_158	5.52747
k79_32312	6.63866
k79_4737	4.13681
k79_23070	8.37778
k79_9376	5.79104
k79_32313	5.8773
k79_27692	8.25711
k79_18505	4.5641
k79_4738	8.32727
k79_159	5.32905
k79_23071	3.17355
k79_32314	5.11168
k79_18506	2.26724
k79_9377	4.23194
k79_160	5.98726
k79_4739	4.10837
k79_32315	6.88775
k79_27693	3.62587
k79_23072	2.75667
k79_161	10.8051
k79_32316	3.88679
k79_4740	3.648
k79_9378	1.76364
k79_32317	6.32773
k79_9379	3.57576
k79_27694	8.5
k79_162	5.12857
k79_32318	5.09091
k79_9380	3.71779
k79_27695	5.32746
k79_9381	3.04167
k79_32319	14.7639
k79_163	5.00969
k79_4741	29.6379
k79_23073	9.7551
k79_164	13.115
k79_9382	4.49219
k79_18507	10.3366
k79_4742	4.21429
k79_165	3.65217
k79_27696	4.86076
k79_32320	9.71588
k79_23074	4.68396
k79_18508	4.88889
k79_166	6.98387
k79_9383	8.33728
k79_23075	5.94643
k79_27697	7.53182
k79_32321	8.39933
k79_4743	7.87864
k79_167	6.36131
k79_23076	4.55102
k79_27698	6.22603
k79_18509	3.58757
k79_4744	4.32353
k79_27699	5.9375
k79_23077	5.21019
k79_32322	4.06933
k79_168	5.64452
k79_18510	3.38776
k79_4745	2.27108
k79_27700	3.92308
k79_169	9.00429
k79_23078	3.78694
k79_4746	18.8519
k79_18511	6.44867
k79_170	1.94545
k79_27701	4.29245
k79_32323	6.64777
k79_23079	4.37903
k79_18512	5.52252
k79_171	5.87565
k79_23080	3.42222
k79_18513	5.20492
k79_172	4.29012
k79_23081	4.22936
k79_18514	3.56842
k79_4747	6.67764
k79_9384	6.07771
k79_4748	2.7931
k79_32324	4.53485
k79_4749	6.16393
k79_9385	2.75
k79_23082	3.71348
k79_32325	3.904
k79_23083	6.24862
k79_4750	5.0916
k79_9386	7.51449
k79_18515	6.25063
k79_32326	3.09346
k79_9387	5.43478
k79_18516	3.4127
k79_27702	7.868
k79_9388	1.80531
k79_32327	2.6993
k79_27703	7.6087
k79_9389	8.16053
k79_32328	8.08081
k79_32329	5.248
k79_27704	5.57939
k79_32330	3.58052
k79_9390	4.99346
k79_32331	3.84249
k79_9391	10.4791
k79_27705	3.95497
k79_9392	7.5
k79_32332	10.4303
k79_27706	1.87151
k79_9393	4.568
k79_27707	9.0
k79_32333	5.61493
k79_27708	3.40426
k79_32334	4.51724
k79_9394	7.66957
k79_27709	3.83019
k79_32335	5.3653
k79_27710	6.93893
k79_32336	13.1092
k79_32337	4.94681
k79_27711	7.53738
k79_9395	5.1121
k79_32338	4.60606
k79_27712	3.79381
k79_9396	6.56853
k79_32339	4.01119
k79_32340	13.29
k79_27713	17.0612
k79_9397	7.70497
k79_9398	2.53793
k79_27714	5.93664
k79_9399	10.9424
k79_27715	5.13793
k79_9400	8.90079
k79_4751	13.4874
k79_27716	11.9249
k79_9401	4.86878
k79_4752	8.27811
k79_9402	5.50282
k79_32341	5.13894
k79_4753	2.98684
k79_9403	5.832
k79_32342	4.42478
k79_4754	10.8039
k79_32343	4.60638
k79_9404	4.69583
k79_32344	8.72566
k79_9405	5.0473
k79_4755	10.0268
k79_32345	6.75
k79_9406	3.30539
k79_9407	4.25962
k79_32346	6.45794
k79_173	6.1567
k79_9408	4.69853
k79_4756	8.78973
k79_4757	7.93805
k79_174	5.70824
k79_9409	6.97598
k79_32347	5.83987
k79_4758	4.49474
k79_23084	42.0801
k79_175	9.0
k79_32348	3.76296
k79_4759	3.88837
k79_18517	42.086
k79_32349	4.33333
k79_4760	31.8011
k79_18518	7.99713
k79_4761	3.61674
k79_9410	8.16631
k79_32350	5.30369
k79_18519	7.65611
k79_32351	4.30851
k79_176	8.74194
k79_4762	5.88889
k79_23085	6.00291
k79_4763	3.16854
k79_177	3.55479
k79_32352	6.01049
k79_23086	5.01802
k79_9411	5.05263
k79_32353	8.36957
k79_178	4.89076
k79_32354	5.13483
k79_4764	6.82468
k79_32355	6.35583
k79_23087	6.40775
k79_4765	6.53023
k79_179	4.59028
k79_18520	12.3132
k79_32356	6.23673
k79_18521	4.33663
k79_32357	6.85938
k79_18522	10.7285
k79_18523	17.24
k79_180	5.61421
k79_18524	3.97143
k79_181	4.97143
k79_23088	5.7821
k79_182	4.99237
k79_18525	7.17742
k79_183	5.80412
k79_13878	39.9816
k79_9412	3.77941
k79_184	17.4239
k79_4766	8.95504
k79_13879	2.21512
k79_185	4.86397
k79_4767	10.9709
k79_13880	7.18518
k79_9413	4.40441
k79_186	11.45
k79_4768	3.8189
k79_13881	4.79021
k79_4769	7.33083
k79_13882	5.45833
k79_9414	6.55773
k79_18526	6.65289
k79_9415	8.295
k79_18527	6.82569
k79_9416	5.03175
k79_9417	5.9434
k79_18528	4.5
k79_18529	4.74096
k79_9418	6.74219
k79_18530	8.1129
k79_9419	5.59218
k79_13883	9.15339
k79_9420	9.66962
k79_18531	6.44036
k79_18532	3.25301
k79_9421	5.18975
k79_18533	5.81073
k79_18534	13.9766
k79_9422	7.53024
k79_18535	4.1982
k79_9423	9.78182
k79_9424	4.09375
k79_18536	7.33879
k79_9425	4.93711
k79_18537	3.72794
k79_18538	5.50649
k79_4770	8.41759
k79_9426	7.12538
k79_4771	8.98643
k79_9427	5.87189
k79_18539	7.47975
k79_4772	4.84434
k79_9428	7.93564
k79_4773	3.29508
k79_18540	4.24363
k79_9429	3.71233
k79_13884	44.0983
k79_9430	4.29104
k79_4774	3.92486
k79_13885	7.23188
k79_9431	5.26866
k79_4775	5.7094
k79_13886	6.23744
k79_4776	3.45455
k79_9432	2.76364
k79_32358	5.28493
k79_187	12.8131
k79_27717	4.77083
k79_13887	6.68696
k79_32359	3.61458
k79_9433	2.82906
k79_27718	3.17647
k79_32360	1.52174
k79_9434	4.94737
k79_9435	6.64035
k79_188	10.3362
k79_13888	8.20062
k79_9436	5.60714
k79_32361	6.14578
k79_189	6.46429
k79_190	2.97248
k79_32362	11.7826
k79_13889	5.80742
k79_9437	3.56399
k79_191	5.78656
k79_32363	3.23404
k79_27719	58.9715
k79_192	3.33051
k79_13890	6.20359
k79_9438	10.366
k79_193	2.82659
k79_13891	3.97674
k79_9439	8.93284
k79_194	7.4375
k79_9440	3.83478
k79_27720	4.35883
k79_195	10.2441
k79_23089	5.51264
k79_9441	2.02247
k79_196	4.20721
k79_27721	2.37203
k79_197	8.21107
k79_27722	9.64234
k79_9442	7.71707
k79_198	7.57377
k79_23090	6.21202
k79_199	7.41727
k79_27723	7.64842
k79_9443	7.58486
k79_200	4.62205
k79_27724	6.2622
k79_9444	2.53143
k79_201	6.8
k79_27725	5.17167
k79_9445	6.71429
k79_202	1.9115
k79_23091	5.07765
k79_9446	2.64417
k79_203	3.67785
k79_23092	3.02151
k79_204	4.86179
k79_23093	7.5625
k79_205	3.68548
k79_23094	2.84516
k79_9447	9.24524
k79_206	2.38889
k79_23095	2.81884
k79_207	8.96403
k79_208	4.09184
k79_4777	8.17082
k79_23096	5.92962
k79_4778	2.80435
k79_23097	12.1875
k79_209	9.40741
k79_4779	10.1165
k79_23098	3.25926
k79_210	7.17778
k79_23099	6.04027
k79_4780	11.7674
k79_211	6.38416
k79_23100	5.62308
k79_212	8.90722
k79_4781	7.44162
k79_213	5.51362
k79_4782	6.89236
k79_214	8.231
k79_23101	8.01583
k79_4783	6.27273
k79_215	9.90728
k79_4784	3.69697
k79_216	3.28889
k79_4785	6.34028
k79_23102	8.66209
k79_217	3.5
k79_23103	2.73554
k79_218	1.96753
k79_27726	6.74307
k79_23104	5.33696
k79_13892	37.791
k79_219	3.41837
k79_9448	3.11842
k79_23105	5.08371
k79_220	5.27778
k79_23106	4.915
k79_9449	4.05825
k79_13893	7.03704
k79_221	5.7265
k79_13894	3.16848
k79_9450	7.02998
k79_13895	4.0
k79_23107	6.87455
k79_27727	10.2303
k79_13896	6.40816
k79_9451	5.15319
k79_27728	1.71429
k79_222	7.875
k79_23108	14.5265
k79_13897	2.62937
k79_27729	10.1316
k79_223	4.33333
k79_9452	6.90476
k79_4786	8.96504
k79_27730	9.72185
k79_224	6.90184
k79_9453	2.59239
k79_13898	9.18715
k79_4787	4.96923
k79_9454	2.69935
k79_13899	7.09259
k79_23109	5.56731
k79_4788	2.22857
k79_13900	10.4831
k79_9455	5.54645
k79_225	4.5814
k79_23110	8.69565
k79_4789	7.51546
k79_9456	3.7234
k79_13901	9.08088
k79_4790	12.7285
k79_23111	4.70611
k79_9457	4.87405
k79_4791	6.34959
k79_226	5.62892
k79_23112	10.6566
k79_4792	7.01724
k79_227	3.56725
k79_32364	49.1385
k79_9458	5.0928
k79_228	14.5548
k79_23113	4.63824
k79_229	2.81452
k79_9459	3.12871
k79_23114	5.5124
k79_13902	9.14263
k79_32365	10.1986
k79_230	5.16154
k79_9460	6.1087
k79_13903	3.16901
k79_23115	6.25463
k79_231	4.15676
k79_9461	8.97345
k79_13904	11.0631
k79_23116	3.13223
k79_23117	2.95918
k79_32366	3.52841
k79_13905	14.8842
k79_9462	6.90149
k79_32367	4.29091
k79_23118	9.3662
k79_9463	3.80645
k79_13906	7.25
k79_9464	8.63551
k79_32368	5.39583
k79_9465	4.3
k79_32369	4.875
k79_32370	4.48669
k79_18541	48.3613
k79_4793	3.55844
k79_13907	6.15378
k79_4794	8.29282
k79_18542	4.49761
k79_4795	4.35862
k79_13908	4.68564
k79_32371	6.88445
k79_18543	5.13495
k79_13909	1.87963
k79_32372	3.40278
k79_18544	4.76238
k79_9466	6.54169
k79_18545	2.05988
k79_32373	4.22222
k79_13910	6.39529
k79_18546	10.9667
k79_32374	6.19298
k79_4796	11.2976
k79_32375	9.44776
k79_18547	4.03941
k79_4797	11.459
k79_32376	2.26667
k79_18548	2.62416
k79_4798	5.26994
k79_18549	1.74157
k79_32377	5.62326
k79_18550	3.68478
k79_13911	5.95041
k79_18551	2.19167
k79_32378	4.32734
k79_32379	5.33333
k79_18552	3.49041
k79_4799	5.68062
k79_13912	5.54054
k79_32380	4.76434
k79_13913	5.07018
k79_9467	8.87315
k79_32381	5.92814
k79_9468	5.27551
k79_4800	7.24176
k79_18553	5.02077
k79_4801	4.35556
k79_18554	5.84034
k79_13914	5.73966
k79_9469	3.56213
k79_13915	2.78788
k79_18555	4.14189
k79_18556	5.21935
k79_32382	8.03964
k79_4802	9.41588
k79_32383	5.43443
k79_18557	8.08054
k79_4803	2.0614
k79_9470	7.20214
k79_32384	6.09489
k79_18558	5.45813
k79_9471	5.20588
k79_32385	9.40394
k79_18559	5.86986
k79_4804	4.3399
k79_232	7.19309
k79_233	3.58511
k79_18560	4.51761
k79_4805	6.7027
k79_4806	3.61224
k79_18561	9.84173
k79_23119	41.4206
k79_13916	12.6696
k79_4807	5.97359
k79_13917	1.83193
k79_4808	2.49533
k79_18562	17.1569
k79_23120	6.01521
k79_32386	14.4799
k79_4809	5.65591
k79_27731	4.32579
k79_18563	3.20492
k79_13918	2.4702
k79_9472	3.56881
k79_23121	4.33083
k79_4810	3.72519
k79_32387	4.02256
k79_23122	6.62353
k79_32388	5.93694
k79_9473	9.04192
k79_18564	7.08511
k79_32389	3.86429
k79_27732	5.59091
k79_18565	3.64407
k79_9474	1.71978
k79_32390	3.69925
k79_9475	10.3947
k79_4811	4.20261
k79_13919	8.90052
k79_32391	6.0625
k79_13920	2.85271
k79_32392	8.42453
k79_9476	4.81643
k79_18566	7.98848
k79_4812	36.5395
k79_32393	3.22973
k79_18567	3.87293
k79_23123	14.4313
k79_18568	3.98182
k79_9477	5.86327
k79_32394	5.65992
k79_9478	6.51156
k79_23124	10.1163
k79_32395	7.37573
k79_9479	14.3533
k79_18569	6.97611
k79_32396	2.78947
k79_18570	3.11538
k79_18571	3.82759
k79_32397	3.70446
k79_32398	7.70175
k79_9480	14.8792
k79_32399	2.46903
k79_9481	3.77778
k79_32400	5.09639
k79_18572	5.90467
k79_9482	3.2948
k79_18573	14.6831
k79_32401	6.92832
k79_18574	1.83673
k79_9483	10.3587
k79_32402	3.27273
k79_23125	8.47161
k79_18575	14.1409
k79_9484	4.725
k79_32403	3.84511
k79_13921	2.98
k79_18576	7.50549
k79_13922	4.99394
k79_32404	3.64563
k79_13923	2.60432
k79_32405	6.47879
k79_18577	5.75458
k79_13924	4.63281
k79_18578	5.31707
k79_27733	25.2873
k79_9485	12.7347
k79_32406	3.08553
k79_27734	3.31667
k79_32407	5.31061
k79_9486	5.49026
k79_27735	6.09948
k79_13925	4.01356
k79_9487	3.04192
k79_27736	4.67725
k79_13926	5.57971
k79_32408	32.2829
k79_9488	8.44262
k79_9489	6.83962
k79_27737	9.22509
k79_32409	4.94175
k79_13927	10.2308
k79_9490	4.91011
k79_27738	5.14731
k79_9491	1.75568
k79_32410	3.1657
k79_13928	5.11455
k79_27739	2.56667
k79_9492	3.86
k79_27740	5.16038
k79_32411	4.25556
k79_13929	7.07368
k79_27741	4.68125
k79_32412	3.81379
k79_9493	8.54694
k79_23126	2.94334
k79_27742	5.22963
k79_32413	2.91489
k79_9494	4.38798
k79_18579	8.84994
k79_27743	4.3271
k79_9495	12.7234
k79_32414	5.22424
k79_18580	8.56481
k79_27744	3.85714
k79_9496	3.62712
k79_27745	5.05376
k79_18581	6.80921
k79_32415	12.5714
k79_9497	6.9011
k79_27746	5.11927
k79_32416	2.5748
k79_9498	3.02222
k79_18582	5.15978
k79_4813	9.09459
k79_23127	15.4569
k79_27747	6.81214
k79_4814	7.92523
k79_18583	6.00735
k79_9499	6.95028
k79_27748	9.93407
k79_18584	6.112
k79_27749	3.56044
k79_9500	2.57534
k79_4815	7.24254
k79_32417	7.53957
k79_18585	8.93607
k79_27750	9.03947
k79_23128	8.52921
k79_18586	3.30208
k79_32418	4.0
k79_27751	3.72872
k79_32419	3.97638
k79_18587	7.9774
k79_23129	5.5396
k79_27752	2.51908
k79_9501	5.57277
k79_32420	9.37126
k79_18588	2.91954
k79_23130	8.01364
k79_32421	5.04444
k79_18589	2.90179
k79_4816	9.65779
k79_18590	4.71154
k79_23131	3.32271
k79_32422	4.62
k79_27753	5.7055
k79_4817	8.50282
k79_9502	4.70034
k79_18591	5.41206
k79_23132	3.88415
k79_27754	12.6508
k79_32423	4.52041
k79_23133	4.81522
k79_4818	9.41706
k79_18592	3.31844
k79_27755	2.90598
k79_32424	3.38017
k79_23134	3.18605
k79_4819	5.0625
k79_13930	43.5166
k79_18593	4.36066
k79_32425	3.2027
k79_27756	6.33465
k79_23135	2.71176
k79_9503	4.74061
k79_27757	5.80631
k79_234	44.6314
k79_23136	3.57609
k79_13931	5.90764
k79_27758	6.4586
k79_235	4.80435
k79_32426	4.34009
k79_4820	6.1179
k79_27759	1.6281
k79_13932	7.23944
k79_236	4.6766
k79_27760	8.04211
k79_18594	7.54474
k79_4821	5.33663
k79_32427	5.0796
k79_9504	8.40083
k79_27761	5.55975
k79_18595	3.56481
k79_13933	6.61111
k79_32428	2.96939
k79_27762	5.08889
k79_4822	9.65174
k79_23137	11.8493
k79_9505	4.76147
k79_27763	2.85088
k79_4823	2.77391
k79_32429	4.98974
k79_23138	5.09184
k79_18596	5.56105
k79_23139	3.59551
k79_4824	5.49425
k79_9506	6.69176
k79_32430	3.46903
k79_13934	11.1579
k79_18597	5.47273
k79_23140	8.79866
k79_4825	5.64
k79_32431	2.56627
k79_23141	5.40741
k79_4826	3.25385
k79_9507	4.33713
k79_27764	15.5056
k79_13935	6.6052
k79_23142	4.08021
k79_32432	3.14626
k79_4827	5.38839
k79_32433	6.73196
k79_9508	7.45423
k79_13936	6.15667
k79_27765	10.6538
k79_9509	4.64516
k79_23143	4.15696
k79_237	8.83467
k79_18598	6.88469
k79_13937	5.91818
k79_9510	6.47753
k79_32434	4.17275
k79_23144	6.90816
k79_18599	3.6369
k79_238	4.56061
k79_27766	9.5735
k79_13938	4.97391
k79_18600	3.07059
k79_13939	6.90265
k79_18601	9.12712
k79_32435	11.0435
k79_27767	6.61098
k79_18602	6.72603
k79_13940	10.8073
k79_32436	2.90476
k79_27768	3.59794
k79_13941	7.08571
k79_18603	6.79771
k79_27769	3.38667
k79_13942	6.77654
k79_18604	2.05128
k79_32437	5.65235
k79_239	10.8971
k79_27770	6.75564
k79_13943	8.29167
k79_23145	5.85562
k79_240	3.23466
k79_13944	5.10288
k79_23146	4.62393
k79_32438	4.99041
k79_13945	8.08081
k79_241	5.4141
k79_27771	12.5714
k79_32439	4.45291
k79_4828	4.17687
k79_13946	6.2
k79_242	9.31373
k79_27772	3.42857
k79_4829	7.45455
k79_13947	6.928
k79_243	2.0443
k79_27773	3.60294
k79_32440	14.2265
k79_13948	7.45055
k79_4830	4.88213
k79_244	4.30968
k79_27774	10.1703
k79_13949	4.65649
k79_245	5.78689
k79_4831	10.0069
k79_18605	9.12861
k79_13950	6.35185
k79_27775	4.61792
k79_4832	6.20388
k79_9511	11.4074
k79_246	4.71475
k79_247	3.61455
k79_4833	6.02075
k79_9512	7.88432
k79_32441	8.96075
k79_9513	6.45625
k79_32442	5.25
k79_13951	6.98156
k79_32443	9.26606
k79_9514	4.43386
k79_248	7.85968
k79_4834	5.18095
k79_13952	6.66667
k79_4835	4.77536
k79_32444	5.95019
k79_249	9.0991
k79_9515	4.87636
k79_27776	5.52427
k79_13953	6.79386
k79_32445	4.9845
k79_13954	4.2
k79_27777	3.38272
k79_32446	5.02062
k79_250	6.60328
k79_4836	3.91089
k79_13955	2.37423
k79_9516	4.9858
k79_32447	5.31373
k79_23147	2.6036
k79_27778	2.76087
k79_13956	3.4874
k79_18606	6.57764
k79_23148	5.0
k79_9517	2.28676
k79_32448	7.97895
k79_13957	2.79167
k79_4837	6.75989
k79_27779	4.40976
k79_18607	3.78873
k79_32449	2.07292
k79_4838	5.97581
k79_23149	7.69258
k79_32450	4.79245
k79_9518	5.85015
k79_13958	6.68923
k79_18608	4.19843
k79_23150	9.83249
k79_32451	2.77095
k79_9519	7.04787
k79_18609	4.6646
k79_23151	2.01802
k79_13959	20.2368
k79_32452	5.41007
k79_18610	4.01786
k79_251	4.61111
k79_27780	13.8143
k79_13960	4.3875
k79_23152	4.59184
k79_32453	5.1893
k79_18611	7.56897
k79_27781	6.24306
k79_23153	3.23881
k79_32454	5.95614
k79_252	5.13521
k79_32455	2.83621
k79_13961	4.78556
k79_23154	4.1791
k79_18612	6.48198
k79_23155	2.54717
k79_32456	2.85987
k79_13962	3.36207
k79_32457	1.85143
k79_13963	3.8535
k79_32458	2.65625
k79_9520	5.31801
k79_9521	4.27731
k79_32459	11.0
k79_18613	6.47356
k79_18614	6.26852
k79_9522	8.38532
k79_253	10.7935
k79_9523	4.29537
k79_32460	10.6872
k79_18615	6.7234
k79_254	7.70616
k79_9524	11.1292
k79_32461	5.90647
k79_255	3.35915
k79_9525	11.7619
k79_32462	5.11905
k79_256	8.0583
k79_9526	6.61674
k79_18616	9.1875
k79_9527	7.0614
k79_18617	4.70248
k79_18618	5.78014
k79_32463	9.03944
k79_18619	2.54808
k79_257	7.23591
k79_32464	12.0141
k79_9528	6.37374
k79_258	3.7197
k79_9529	16.0608
k79_259	4.57471
k79_9530	3.82759
k79_18620	8.57121
k79_260	3.35417
k79_9531	5.36792
k79_32465	7.30211
k79_261	9.0873
k79_9532	8.12432
k79_4839	10.1144
k79_32466	4.31871
k79_262	3.87987
k79_9533	9.73756
k79_263	8.26923
k79_4840	7.61
k79_18621	62.3884
k79_264	3.28788
k79_4841	19.0357
k79_4842	4.8381
k79_265	4.67611
k79_32467	13.3033
k79_266	16.9159
k79_267	3.50658
k79_4843	6.03711
k79_268	3.49091
k79_4844	4.95349
k79_269	4.75758
k79_4845	6.62541
k79_13964	8.34021
k79_270	4.55634
k79_13965	3.22995
k79_13966	6.7191
k79_9534	9.67077
k79_23156	3.2536
k79_13967	18.4368
k79_23157	6.59887
k79_13968	8.34091
k79_9535	9.82609
k79_13969	3.77419
k79_4846	11.5895
k79_9536	2.7191
k79_13970	3.94595
k79_4847	5.59487
k79_9537	4.63245
k79_13971	5.4484
k79_9538	7.09231
k79_13972	14.6263
k79_4848	5.44715
k79_9539	4.14286
k79_23158	75.3847
k79_9540	6.00935
k79_13973	2.86207
k79_4849	12.6006
k79_9541	7.64626
k79_13974	4.97484
k79_23159	5.97231
k79_4850	6.868
k79_9542	4.23954
k79_13975	4.23889
k79_4851	5.54032
k79_9543	6.77005
k79_4852	4.87879
k79_13976	3.79512
k79_23160	7.43448
k79_9544	6.39819
k79_23161	5.0198
k79_9545	13.7526
k79_23162	5.37079
k79_13977	4.98864
k79_9546	3.54359
k79_23163	2.70395
k79_4853	4.24645
k79_9547	4.47771
k79_23164	3.5177
k79_4854	4.90303
k79_9548	4.99187
k79_13978	4.29563
k79_23165	7.31894
k79_13979	50.1798
k79_23166	2.84906
k79_4855	6.47682
k79_13980	9.08671
k79_23167	5.48077
k79_4856	4.81
k79_13981	2.34109
k79_13982	3.42759
k79_23168	11.8446
k79_13983	3.72222
k79_23169	5.47337
k79_13984	4.30097
k79_13985	3.62185
k79_18622	15.69
k79_32468	18.6863
k79_13986	5.52381
k79_9549	9.47366
k79_18623	2.09474
k79_32469	6.60338
k79_13987	4.01829
k79_18624	5.27731
k79_18625	4.72414
k79_13988	4.44944
k79_32470	5.8866
k79_9550	10.5779
k79_32471	4.77914
k79_9551	13.7835
k79_18626	9.53354
k79_32472	4.40164
k79_18627	3.23932
k79_32473	5.76866
k79_18628	7.52941
k79_32474	4.28346
k79_13989	5.94157
k79_18629	9.33333
k79_23170	7.11184
k79_13990	5.10286
k79_4857	48.7979
k79_18630	12.0465
k79_13991	2.24731
k79_32475	4.65099
k79_23171	2.14833
k79_4858	4.32292
k79_18631	2.48182
k79_13992	3.11486
k79_23172	5.75481
k79_32476	6.22945
k79_13993	3.13043
k79_4859	5.1455
k79_13994	2.57647
k79_32477	3.71163
k79_4860	2.89908
k79_32478	4.68333
k79_4861	10.7848
k79_32479	2.8125
k79_4862	2.39076
k79_13995	7.86103
k79_27782	51.1775
k79_27783	5.31313
k79_271	7.49444
k79_27784	4.21368
k79_32480	8.7702
k79_27785	5.22963
k79_13996	8.59685
k79_32481	4.24405
k79_13997	2.03509
k79_18632	11.1386
k79_27786	4.19565
k79_32482	3.18939
k79_13998	8.74797
k79_18633	5.39412
k79_23173	12.4924
k79_27787	9.44392
k79_18634	11.3846
k79_23174	7.20909
k79_23175	3.42188
k79_32483	8.00882
k79_13999	6.19561
k79_27788	5.09711
k79_23176	4.08911
k79_32484	3.43511
k79_14000	9.71277
k79_23177	4.32039
k79_18635	16.109
k79_27789	8.09449
k79_32485	8.11236
k79_23178	4.74359
k79_14001	7.29808
k79_18636	3.65035
k79_32486	5.7
k79_18637	4.21505
k79_27790	8.18727
k79_18638	3.28421
k79_32487	3.81933
k79_27791	6.35135
k79_23179	6.74725
k79_18639	3.0404
k79_32488	2.8
k79_27792	11.1485
k79_23180	2.12963
k79_32489	4.56667
k79_18640	3.23009
k79_14002	6.1237
k79_18641	3.71963
k79_27793	6.50545
k79_18642	5.34737
k79_14003	5.44286
k79_23181	8.18509
k79_32490	4.40514
k79_23182	8.36719
k79_27794	7.71875
k79_14004	5.33171
k79_32491	13.5643
k79_23183	5.12658
k79_14005	3.46067
k79_14006	1.76596
k79_4863	3.14286
k79_32492	7.37037
k79_27795	19.5169
k79_14007	7.21591
k79_32493	2.14706
k79_4864	4.33553
k79_18643	66.7701
k79_14008	9.44097
k79_18644	3.792
k79_32494	5.1849
k79_14009	4.62312
k79_27796	9.23066
k79_18645	7.73106
k79_32495	5.375
k79_4865	9.57772
k79_27797	5.23009
k79_4866	3.84615
k79_27798	7.07812
k79_18646	5.24722
k79_27799	2.62376
k79_23184	9.67624
k79_18647	13.9562
k79_27800	4.83077
k79_23185	9.12381
k79_14010	9.32016
k79_23186	5.09955
k79_14011	3.30435
k79_18648	7.59441
k79_32496	18.4931
k79_23187	3.12319
k79_27801	26.6859
k79_32497	6.08197
k79_18649	11.2609
k79_32498	2.59292
k79_27802	8.11064
k79_4867	8.25325
k79_32499	3.08081
k79_18650	5.42577
k79_32500	3.38596
k79_4868	3.5993
k79_18651	2.73125
k79_32501	7.23404
k79_27803	5.59237
k79_4869	6.0249
k79_32502	5.88288
k79_23188	7.97935
k79_27804	14.0968
k79_18652	4.31034
k79_23189	4.31667
k79_27805	9.3125
k79_27806	3.62727
k79_27807	5.46565
k79_18653	5.93132
k79_32503	11.5284
k79_4870	6.093
k79_18654	6.47541
k79_27808	14.2569
k79_23190	4.97105
k79_32504	6.57419
k79_4871	10.7636
k79_14012	3.56024
k79_23191	3.71654
k79_32505	2.10811
k79_18655	3.44397
k79_23192	5.83146
k79_14013	2.62658
k79_18656	6.28713
k79_4872	11.4662
k79_14014	6.81482
k79_27809	5.0373
k79_18657	12.5354
k79_32506	4.79079
k79_14015	3.19075
k79_4873	6.27823
k79_27810	6.64904
k79_18658	6.09091
k79_32507	3.3587
k79_14016	6.04444
k79_27811	3.27333
k79_4874	4.22559
k79_32508	4.40994
k79_23193	9.5672
k79_27812	6.24742
k79_18659	2.22642
k79_32509	3.4
k79_27813	7.21138
k79_23194	13.4474
k79_32510	8.58163
k79_4875	9.55875
k79_18660	5.25279
k79_23195	1.98198
k79_32511	3.64894
k79_27814	6.12
k79_32512	3.1118
k79_18661	4.54513
k79_27815	3.46067
k79_23196	5.78738
k79_32513	8.04969
k79_18662	14.2485
k79_23197	5.96063
k79_4876	6.38687
k79_27816	8.83333
k79_32514	7.2293
k79_32515	5.07692
k79_4877	3.89783
k79_23198	5.06897
k79_272	50.5438
k79_23199	10.3595
k79_4878	6.65639
k79_32516	7.55286
k79_4879	10.5798
k79_23200	6.11921
k79_273	4.21186
k79_4880	3.82
k79_23201	3.83942
k79_27817	8.50364
k79_32517	7.3907
k79_274	7.8626
k79_23202	4.8232
k79_27818	8.06897
k79_275	6.10753
k79_23203	7.49593
k79_27819	5.93396
k79_27820	4.6443
k79_276	11.1462
k79_4881	6.85417
k79_32518	11.7995
k79_277	6.65829
k79_18663	9.2219
k79_23204	6.7
k79_278	4.45161
k79_23205	3.66667
k79_32519	6.96923
k79_18664	2.875
k79_23206	8.76471
k79_32520	4.02033
k79_9552	44.2167
k79_23207	6.15457
k79_32521	14.637
k79_9553	4.25253
k79_18665	10.4148
k79_23208	7.03226
k79_18666	2.41509
k79_32522	4.09091
k79_18667	3.88321
k79_9554	9.06609
k79_32523	3.71008
k79_9555	3.3
k79_18668	7.75217
k79_32524	3.60209
k79_18669	4.45045
k79_23209	5.21995
k79_23210	4.70064
k79_18670	6.28302
k79_23211	3.54745
k79_32525	6.45315
k79_18671	4.91935
k79_18672	3.93519
k79_14017	44.3581
k79_23212	6.59375
k79_23213	7.03774
k79_279	17.2169
k79_18673	4.29707
k79_23214	2.57627
k79_32526	7.79042
k79_280	3.98462
k79_18674	2.10448
k79_32527	6.28037
k79_18675	4.88
k79_14018	5.43529
k79_32528	6.11304
k79_23215	4.73913
k79_32529	3.54945
k79_32530	4.19008
k79_23216	8.67397
k79_18676	3.48882
k79_32531	6.58333
k79_23217	3.71667
k79_18677	19.5379
k79_23218	6.34062
k79_23219	5.8314
k79_23220	3.94159
k79_32532	8.70287
k79_23221	3.34694
k79_32533	4.7971
k79_23222	2.28037
k79_32534	4.66165
k79_9556	34.3939
k79_27821	5.29693
k79_32535	4.91852
k79_27822	4.83962
k79_9557	8.95582
k79_32536	3.79433
k79_27823	4.74528
k79_27824	7.15753
k79_9558	4.53186
k79_27825	4.89143
k79_14019	4.18224
k79_27826	12.303
k79_27827	3.82759
k79_281	44.9702
k79_27828	15.1933
k79_282	3.78313
k79_27829	4.33197
k79_27830	3.93162
k79_283	18.3662
k79_32537	40.973
k79_27831	5.00402
k79_23223	3.30894
k79_27832	6.23704
k79_284	8.9802
k79_9559	15.677
k79_27833	7.74892
k79_4882	4.16833
k79_32538	6.30206
k79_9560	5.87027
k79_4883	5.09524
k79_285	12.5741
k79_23224	6.11318
k79_9561	5.09091
k79_4884	3.77228
k79_23225	6.93571
k79_9562	6.40467
k79_23226	4.19231
k79_286	5.814
k79_4885	3.04249
k79_23227	6.23656
k79_9563	3.60759
k79_287	15.7109
k79_4886	5.88119
k79_32539	7.97842
k79_9564	12.5157
k79_27834	8.24835
k79_23228	4.66094
k79_32540	4.32653
k79_18678	61.685
k79_23229	6.02752
k79_9565	9.48214
k79_18679	4.01835
k79_32541	3.67089
k79_288	4.64431
k79_9566	4.22941
k79_18680	9.95506
k79_27835	3.543
k79_32542	6.38421
k79_4887	7.30388
k79_289	18.7622
k79_18681	6.04348
k79_9567	4.63978
k79_27836	2.66421
k79_4888	5.13089
k79_18682	4.86986
k79_9568	5.13141
k79_4889	9.78281
k79_32543	24.4639
k79_4890	2.37333
k79_18683	4.79817
k79_27837	9.7041
k79_32544	5.57778
k79_290	9.16713
k79_27838	6.13158
k79_18684	7.14844
k79_32545	9.27619
k79_291	6.20259
k79_27839	8.79377
k79_18685	8.11923
k79_27840	5.23276
k79_32546	6.41308
k79_292	11.1289
k79_27841	15.1739
k79_32547	5.64231
k79_27842	3.46316
k79_293	11.4573
k79_9569	11.5085
k79_4891	11.5563
k79_32548	5.0058
k79_27843	7.73225
k79_4892	8.65182
k79_32549	5.28431
k79_294	6.24766
k79_32550	4.49438
k79_27844	2.89333
k79_32551	16.6198
k79_9570	20.5629
k79_27845	3.96
k79_4893	3.91277
k79_295	6.03204
k79_9571	8.64486
k79_27846	11.0593
k79_27847	3.76991
k79_4894	4.83871
k79_9572	3.26389
k79_27848	3.15116
k79_4895	2.5
k79_296	8.66314
k79_9573	7.51097
k79_297	4.2521
k79_4896	5.47283
k79_23230	9.11765
k79_298	4.31325
k79_4897	3.47059
k79_32552	5.67572
k79_23231	2.52419
k79_32553	3.39623
k79_299	3.50209
k79_9574	4.19939
k79_300	10.064
k79_4898	8.14021
k79_9575	3.69697
k79_301	6.08247
k79_4899	2.85446
k79_23232	5.02554
k79_4900	18.02
k79_32554	4.40119
k79_302	7.65354
k79_32555	5.3835
k79_303	4.91946
k79_4901	8.59003
k79_23233	8.10194
k79_32556	3.43269
k79_4902	5.70833
k79_304	6.20541
k79_23234	3.75
k79_14020	21.1592
k79_4903	2.55556
k79_9576	15.559
k79_18686	4.1505
k79_32557	3.0804
k79_23235	3.128
k79_9577	1.6879
k79_23236	3.71795
k79_4904	2.90728
k79_32558	4.37173
k79_18687	6.85294
k79_9578	7.87117
k79_23237	5.31707
k79_23238	3.77228
k79_4905	35.8041
k79_32559	4.0
k79_305	3.22881
k79_23239	3.46667
k79_4906	5.08271
k79_9579	7.8
k79_306	9.11881
k79_23240	5.51695
k79_4907	4.27642
k79_14021	6.95033
k79_23241	3.03704
k79_4908	3.98039
k79_307	5.32287
k79_23242	4.94059
k79_4909	6.18455
k79_18688	8.82295
k79_308	2.01594
k79_23243	5.39048
k79_18689	2.83654
k79_309	3.4
k79_14022	5.07903
k79_9580	7.65254
k79_23244	8.5329
k79_14023	3.46569
k79_310	5.94932
k79_23245	4.12
k79_18690	5.89625
k79_4910	7.4013
k79_9581	7.12343
k79_311	7.72444
k79_23246	6.4717
k79_14024	4.28986
k79_9582	8.16541
k79_18691	5.50655
k79_312	7.66154
k79_9583	2.05594
k79_313	1.40449
k79_18692	6.44509
k79_4911	3.61653
k79_23247	8.24734
k79_18693	7.71654
k79_314	4.80519
k79_27849	14.3609
k79_23248	6.67857
k79_27850	11.0106
k79_4912	6.70745
k79_9584	6.23992
k79_23249	3.41718
k79_18694	9.35
k79_315	7.07712
k79_4913	5.66321
k79_316	7.2459
k79_4914	2.91818
k79_18695	10.6886
k79_317	16.8122
k79_318	8.13778
k79_9585	9.5212
k79_18696	6.90803
k79_319	5.41935
k79_9586	7.60738
k79_23250	8.6298
k79_320	3.17347
k79_18697	5.5935
k79_9587	4.12245
k79_23251	4.73684
k79_321	8.15464
k79_9588	4.45
k79_23252	7.36697
k79_9589	8.16031
k79_18698	4.41791
k79_32560	53.0639
k79_322	8.96078
k79_27851	86.7677
k79_18699	2.76087
k79_23253	10.278
k79_27852	5.94118
k79_9590	15.3977
k79_32561	5.45902
k79_18700	3.88596
k79_323	9.39806
k79_23254	6.6017
k79_18701	6.15385
k79_32562	10.1643
k79_27853	6.72658
k79_32563	11.8144
k79_18702	2.9087
k79_23255	7.30838
k79_27854	4.7489
k79_18703	4.69907
k79_9591	5.2956
k79_32564	5.87687
k79_27855	4.01282
k79_9592	7.08308
k79_18704	8.34608
k79_27856	3.91979
k79_32565	4.86031
k79_9593	11.0203
k79_18705	6.64557
k79_23256	29.016
k79_18706	2.89888
k79_9594	21.1081
k79_32566	1.94581
k79_9595	7.56075
k79_18707	4.36842
k79_27857	6.27464
k79_9596	3.18447
k79_32567	8.05176
k79_9597	5.25
k79_27858	8.49492
k79_23257	8.05865
k79_14025	15.1837
k79_32568	5.39331
k79_9598	5.42105
k79_14026	5.79147
k79_27859	3.87966
k79_18708	7.56108
k79_32569	3.8093
k79_9599	3.76613
k79_14027	3.13675
k79_32570	3.46602
k79_18709	7.88514
k79_27860	7.71277
k79_14028	3.98773
k79_9600	3.54774
k79_32571	10.6552
k79_27861	3.85859
k79_9601	4.87222
k79_32572	4.24766
k79_27862	6.3
k79_18710	6.04444
k79_23258	8.42569
k79_14029	9.9104
k79_9602	2.6
k79_32573	6.0381
k79_23259	8.97959
k79_27863	3.67148
k79_9603	3.76562
k79_14030	6.79767
k79_18711	5.97863
k79_23260	9.24242
k79_14031	2.50495
k79_18712	8.20833
k79_23261	3.50515
k79_9604	4.81515
k79_324	3.99077
k79_18713	3.43878
k79_27864	6.2334
k79_9605	6.57965
k79_325	5.46847
k79_27865	6.21809
k79_23262	4.29307
k79_326	8.98969
k79_18714	8.68835
k79_9606	7.13415
k79_23263	6.20561
k79_9607	7.19697
k79_23264	4.64655
k79_327	8.21176
k79_27866	4.28165
k79_328	5.01504
k79_18715	6.4357
k79_27867	6.95
k79_9608	5.74359
k79_329	9.35484
k79_14032	7.44697
k79_330	3.95
k79_9609	12.2762
k79_27868	4.53081
k79_18716	7.93191
k79_331	3.73626
k79_14033	2.97917
k79_18717	8.57609
k79_23265	6.64699
k79_332	6.38298
k79_14034	2.0
k79_18718	5.48855
k79_23266	5.38679
k79_333	4.41346
k79_4915	5.88649
k79_18719	4.90551
k79_4916	4.01942
k79_18720	3.69182
k79_4917	6.12179
k79_23267	5.83514
k79_18721	10.7406
k79_9610	9.82657
k79_334	5.46018
k79_4918	3.67235
k79_18722	9.27063
k79_9611	7.84058
k79_14035	9.98127
k79_23268	6.50298
k79_335	4.4481
k79_9612	3.14198
k79_4919	7.01504
k79_32574	13.7132
k79_9613	3.34359
k79_14036	4.76111
k79_4920	6.5
k79_32575	3.62626
k79_9614	5.56198
k79_336	6.21205
k79_32576	7.86957
k79_337	4.94839
k79_9615	4.41921
k79_4921	7.94527
k79_32577	7.04651
k79_338	5.47647
k79_9616	7.35233
k79_4922	4.65775
k79_339	2.06316
k79_4923	2.38017
k79_32578	7.54167
k79_9617	7.96226
k79_340	12.5268
k79_9618	1.89844
k79_341	5.28829
k79_32579	3.43963
k79_32580	5.6
k79_9619	9.23876
k79_32581	1.57377
k79_18723	13.1138
k79_23269	9.21733
k79_9620	5.51031
k79_4924	11.4388
k79_32582	6.88596
k79_18724	3.51754
k79_18725	7.48485
k79_32583	4.34311
k79_18726	3.79798
k79_342	9.00548
k79_27869	50.264
k79_343	9.47107
k79_32584	5.18287
k79_27870	2.48
k79_9621	6.07744
k79_23270	7.49849
k79_344	7.59341
k79_9622	5.43564
k79_23271	4.72277
k79_345	4.27731
k79_27871	4.16735
k79_23272	4.1
k79_32585	10.9738
k79_346	2.37391
k79_27872	5.02256
k79_23273	7.67
k79_32586	7.57927
k79_18727	6.10786
k79_23274	4.23596
k79_32587	5.38
k79_4925	6.45106
k79_23275	4.9084
k79_18728	5.80788
k79_32588	4.1375
k79_23276	9.16456
k79_32589	2.97633
k79_23277	8.15966
k79_4926	5.41141
k79_18729	4.77301
k79_32590	10.2485
k79_23278	3.14198
k79_4927	6.69086
k79_23279	2.175
k79_18730	5.30857
k79_4928	4.34454
k79_18731	3.14783
k79_23280	6.27016
k79_4929	4.08889
k79_18732	6.09375
k79_4930	4.7037
k79_347	9.61679
k79_23281	5.4041
k79_348	5.07965
k79_349	5.24779
k79_350	5.14493
k79_18733	7.76279
k79_4931	14.4537
k79_23282	7.7655
k79_9623	10.9327
k79_27873	3.89381
k79_32591	14.7964
k79_351	3.12836
k79_27874	3.05714
k79_14037	4.43
k79_9624	2.5188
k79_32592	7.26966
k79_4932	6.6533
k79_23283	4.21114
k79_352	3.40642
k79_32593	4.13483
k79_4933	5.7602
k79_23284	6.2
k79_27875	10.1091
k79_32594	4.64626
k79_23285	5.07865
k79_32595	7.728
k79_4934	4.73077
k79_353	9.81797
k79_32596	12.0364
k79_354	6.85593
k79_32597	3.15315
k79_23286	9.04731
k79_355	4.0
k79_4935	4.38653
k79_32598	15.4766
k79_356	16.3958
k79_32599	10.5368
k79_23287	7.98485
k79_4936	5.23232
k79_23288	5.54737
k79_357	3.56544
k79_4937	8.19266
k79_23289	3.94853
k79_23290	3.65347
k79_4938	4.32026
k79_9625	6.2451
k79_23291	4.10776
k79_9626	2.97761
k79_4939	8.01761
k79_23292	4.58261
k79_358	9.28335
k79_9627	6.65789
k79_4940	5.35345
k79_23293	2.72103
k79_4941	8.82
k79_23294	6.78226
k79_359	6.64592
k79_4942	3.9061
k79_23295	15.4577
k79_4943	46.3968
k79_360	2.65366
k79_4944	2.67416
k79_361	2.88235
k79_23296	6.15038
k79_362	6.625
k79_23297	4.27805
k79_4945	4.54086
k79_363	3.704
k79_4946	5.16727
k79_9628	5.62199
k79_23298	6.289
k79_9629	4.77143
k79_4947	3.51542
k79_23299	5.09694
k79_9630	3.85648
k79_23300	4.61502
k79_4948	11.3079
k79_14038	16.5035
k79_364	8.96322
k79_4949	3.57368
k79_14039	5.56774
k79_365	5.35417
k79_14040	3.32979
k79_4950	6.94712
k79_366	6.29787
k79_14041	6.25899
k79_4951	4.68571
k79_14042	3.23301
k79_4952	6.87395
k79_4953	2.17391
k79_23301	16.0346
k79_14043	7.77947
k79_367	11.6161
k79_4954	2.40329
k79_14044	5.87449
k79_368	3.94444
k79_9631	11.2191
k79_14045	3.50893
k79_18734	4.3631
k79_32600	3.21529
k79_4955	6.42679
k79_14046	2.72093
k79_9632	4.74468
k79_32601	3.11382
k79_23302	7.44866
k79_14047	3.25714
k79_4956	2.87135
k79_18735	5.94009
k79_14048	6.19231
k79_23303	6.09868
k79_4957	6.03093
k79_32602	1.8129
k79_9633	8.41603
k79_18736	5.88421
k79_23304	3.91892
k79_4958	4.03306
k79_9634	5.8097
k79_23305	3.22963
k79_32603	4.18694
k79_9635	4.87597
k79_23306	3.31159
k79_4959	3.12435
k79_32604	4.81522
k79_14049	31.456
k79_9636	2.84615
k79_32605	8.4702
k79_9637	3.3961
k79_14050	3.12108
k79_23307	4.80811
k79_18737	7.29175
k79_9638	2.26804
k79_14051	4.41803
k79_23308	2.43966
k79_9639	3.07614
k79_32606	10.1071
k79_4960	4.89666
k79_9640	3.64615
k79_32607	5.41818
k79_23309	4.40955
k79_18738	5.0592
k79_23310	2.56383
k79_9641	19.0883
k79_18739	2.54955
k79_4961	3.66719
k79_23311	10.3495
k79_369	6.14545
k79_4962	11.1111
k79_23312	10.3193
k79_370	3.0
k79_23313	3.42105
k79_14052	2.63559
k79_18740	3.7429
k79_4963	6.57457
k79_23314	2.30894
k79_14053	7.6701
k79_18741	6.21622
k79_23315	2.59538
k79_4964	8.73485
k79_4965	5.57419
k79_371	8.07305
k79_372	2.39394
k79_14054	30.9618
k79_14055	3.0979
k79_23316	13.5571
k79_4966	11.4509
k79_14056	4.19101
k79_4967	5.45263
k79_23317	4.12097
k79_27876	16.5615
k79_4968	4.66187
k79_23318	3.0873
k79_373	4.30355
k79_27877	8.10417
k79_23319	3.61376
k79_23320	6.98387
k79_27878	8.76684
k79_374	6.84979
k79_4969	4.50473
k79_23321	5.08989
k79_27879	2.84
k79_375	5.48214
k79_23322	4.2028
k79_4970	7.23185
k79_27880	8.69182
k79_376	5.34926
k79_377	3.672
k79_23323	5.97794
k79_4971	5.3883
k79_27881	10.2529
k79_378	6.56542
k79_4972	6.52294
k79_27882	7.42373
k79_379	6.99065
k79_23324	13.5568
k79_4973	2.34228
k79_380	4.875
k79_23325	3.42484
k79_381	6.96522
k79_4974	4.12971
k79_4975	10.0194
k79_382	3.51793
k79_27883	7.41848
k79_4976	3.33679
k79_383	3.64557
k79_27884	4.90361
k79_23326	15.7841
k79_384	5.36994
k79_23327	5.94828
k79_385	4.67273
k79_23328	7.73529
k79_4977	2.97897
k79_27885	8.28435
k79_23329	5.32292
k79_386	6.32927
k79_23330	4.48846
k79_27886	8.79226
k79_387	70.6
k79_23331	3.51099
k79_27887	9.64
k79_23332	10.0625
k79_27888	2.52672
k79_23333	3.93966
k79_388	5.04695
k79_23334	5.72781
k79_27889	10.4726
k79_27890	2.97802
k79_27891	2.26923
k79_389	6.00784
k79_4978	76.5395
k79_27892	3.08791
k79_4979	4.14706
k79_390	6.40201
k79_23335	11.0384
k79_4980	8.17778
k79_27893	6.04013
k79_391	3.07639
k79_392	6.95
k79_27894	2.60571
k79_393	6.43902
k79_27895	2.93421
k79_27896	4.04082
k79_394	4.02513
k79_27897	4.04
k79_395	4.19802
k79_4981	6.9409
k79_23336	5.52928
k79_9642	7.10236
k79_32608	4.86864
k79_4982	3.40217
k79_23337	5.09804
k79_9643	8.25301
k79_4983	4.73469
k79_23338	2.43421
k79_9644	7.78824
k79_23339	6.22086
k79_32609	7.49199
k79_9645	2.92754
k79_23340	2.13043
k79_18742	38.6747
k79_32610	8.60927
k79_9646	5.10759
k79_4984	6.97158
k79_18743	9.59317
k79_4985	7.41176
k79_18744	3.04167
k79_32611	4.97076
k79_18745	2.56886
k79_4986	3.17683
k79_32612	3.41525
k79_18746	6.5
k79_32613	4.20792
k79_4987	5.30409
k79_18747	5.04651
k79_32614	4.47664
k79_23341	9.03374
k79_4988	3.82143
k79_4989	3.66292
k79_23342	3.62048
k79_14057	6.2069
k79_23343	3.65327
k79_14058	4.57971
k79_4990	4.20118
k79_32615	10.1595
k79_18748	15.9517
k79_32616	4.0961
k79_4991	5.98977
k79_18749	4.15764
k79_23344	6.12146
k79_14059	5.33034
k79_9647	37.2315
k79_14060	4.71569
k79_32617	6.53735
k79_4992	6.79059
k79_18750	7.82005
k79_23345	3.95821
k79_9648	2.91866
k79_14061	4.3089
k79_4993	3.8764
k79_32618	7.29675
k79_9649	3.77333
k79_4994	2.06667
k79_14062	4.15714
k79_18751	7.74818
k79_9650	9.65476
k79_18752	2.37576
k79_4995	5.08852
k79_23346	11.1394
k79_9651	14.0636
k79_14063	8.08941
k79_4996	3.3254
k79_9652	9.93701
k79_18753	2.78862
k79_32619	7.79924
k79_14064	5.16477
k79_4997	3.99432
k79_18754	4.12371
k79_9653	7.6726
k79_23347	3.98609
k79_4998	4.12261
k79_9654	14.5027
k79_18755	7.85597
k79_23348	5.61508
k79_14065	3.56348
k79_9655	5.18254
k79_4999	4.29565
k79_18756	9.33473
k79_23349	7.88276
k79_5000	5.05063
k79_18757	17.7812
k79_5001	1.61224
k79_23350	4.66791
k79_14066	3.86626
k79_18758	6.77841
k79_23351	3.3253
k79_5002	8.4232
k79_14067	13.0484
k79_18759	4.49291
k79_14068	10.8077
k79_14069	1.95
k79_5003	5.1061
k79_18760	8.37284
k79_32620	10.2957
k79_396	4.83152
k79_14070	5.55894
k79_27898	10.1675
k79_32621	4.58621
k79_397	3.58772
k79_32622	8.15833
k79_18761	7.1507
k79_32623	4.30345
k79_14071	4.1337
k79_5004	5.68548
k79_27899	11.1754
k79_32624	4.34752
k79_398	4.98389
k79_5005	3.64655
k79_27900	10.5417
k79_14072	3.27215
k79_27901	3.74227
k79_399	13.6316
k79_32625	4.69753
k79_18762	4.85893
k79_5006	10.473
k79_27902	8.64341
k79_14073	3.59306
k79_32626	6.05556
k79_27903	7.39444
k79_18763	6.89011
k79_32627	4.7486
k79_5007	8.48406
k79_14074	3.88591
k79_18764	5.67692
k79_5008	4.97842
k79_32628	15.383
k79_18765	2.51546
k79_27904	6.16985
k79_5009	8.14159
k79_400	5.88577
k79_32629	4.19368
k79_18766	4.4065
k79_27905	2.96479
k79_14075	8.27368
k79_5010	3.62992
k79_32630	4.7957
k79_27906	4.65128
k79_5011	5.82222
k79_32631	7.59292
k79_14076	5.92203
k79_27907	3.10345
k79_32632	3.37037
k79_18767	15.4864
k79_5012	5.37156
k79_18768	2.71053
k79_27908	6.10778
k79_14077	5.14437
k79_5013	5.34746
k79_27909	8.41509
k79_18769	4.0
k79_27910	4.09804
k79_5014	2.13725
k79_14078	6.14671
k79_27911	11.5339
k79_5015	7.54088
k79_18770	7.66089
k79_14079	3.75536
k79_5016	6.27273
k79_27912	7.12844
k79_32633	8.34193
k79_14080	3.35669
k79_18771	4.51965
k79_5017	3.1978
k79_32634	7.57471
k79_27913	5.96735
k79_5018	4.2
k79_27914	4.97368
k79_32635	5.14228
k79_32636	6.73438
k79_27915	7.00348
k79_5019	4.90728
k79_18772	7.08087
k79_27916	12.8492
k79_32637	4.57317
k79_5020	5.34899
k79_18773	6.41935
k79_27917	2.32773
k79_32638	3.89796
k79_5021	2.15789
k79_32639	13.8333
k79_5022	9.32584
k79_5023	3.7549
k79_401	13.9622
k79_18774	7.89555
k79_5024	7.68468
k79_32640	2.70548
k79_27918	44.5069
k79_5025	11.0
k79_18775	3.95745
k79_27919	13.9897
k79_5026	9.88618
k79_402	5.25045
k79_18776	7.58763
k79_5027	4.29851
k79_27920	7.82933
k79_32641	9.38258
k79_5028	5.50694
k79_403	7.69466
k79_5029	2.912
k79_27921	5.75926
k79_18777	7.50905
k79_5030	3.3587
k79_404	5.05556
k79_27922	4.86842
k79_18778	5.35294
k79_32642	9.57593
k79_5031	8.20561
k79_27923	3.22222
k79_18779	4.21384
k79_405	20.5353
k79_32643	6.0082
k79_9656	40.4202
k79_5032	4.41026
k79_27924	3.36842
k79_18780	12.4387
k79_9657	2.25217
k79_406	6.09451
k79_27925	3.52846
k79_18781	7.38655
k79_9658	3.32338
k79_5033	4.14337
k79_407	4.63514
k79_14081	11.1196
k79_27926	3.05263
k79_5034	2.47899
k79_9659	7.35659
k79_18782	3.86397
k79_408	3.38926
k79_27927	6.29444
k79_9660	6.97059
k79_18783	4.152
k79_14082	13.9968
k79_32644	4.65332
k79_9661	10.6
k79_5035	3.17994
k79_409	38.0828
k79_18784	6.65054
k79_27928	4.40435
k79_14083	8.69767
k79_23352	7.66926
k79_32645	7.72807
k79_9662	4.2795
k79_27929	5.15929
k79_23353	1.83516
k79_18785	8.90086
k79_9663	3.85088
k79_32646	4.89908
k79_23354	6.30259
k79_32647	5.51485
k79_18786	3.14815
k79_32648	6.38333
k79_9664	7.05283
k79_14084	5.65167
k79_18787	3.30041
k79_32649	4.24211
k79_27930	6.67257
k79_9665	5.56989
k79_23355	3.3922
k79_18788	3.64384
k79_32650	6.90367
k79_9666	2.85475
k79_23356	3.8797
k79_18789	2.43478
k79_27931	10.3684
k79_9667	9.93493
k79_27932	4.23558
k79_18790	20.4608
k79_32651	11.2129
k79_9668	3.55645
k79_27933	2.65957
k79_18791	9.74766
k79_23357	5.7398
k79_9669	4.59843
k79_14085	7.90101
k79_23358	6.87826
k79_27934	3.27982
k79_32652	6.39031
k79_9670	8.09649
k79_18792	13.764
k79_27935	4.45918
k79_14086	3.04317
k79_23359	5.32609
k79_9671	5.31795
k79_32653	4.03503
k79_23360	14.1026
k79_9672	5.03205
k79_32654	3.82639
k79_14087	7.1387
k79_9673	5.26984
k79_27936	12.2714
k79_32655	3.81457
k79_9674	3.96063
k79_23361	9.38108
k79_27937	7.20219
k79_32656	5.89781
k79_9675	2.34211
k79_14088	6.89293
k79_32657	6.13043
k79_27938	7.4058
k79_9676	10.0172
k79_14089	9.95496
k79_9677	3.78689
k79_32658	3.08368
k79_14090	7.0083
k79_23362	17.2466
k79_9678	3.15309
k79_32659	4.65915
k79_14091	5.51429
k79_18793	11.3184
k79_9679	8.73043
k79_32660	12.4664
k79_23363	5.38415
k79_18794	9.11468
k79_410	3.25971
k79_32661	10.049
k79_9680	3.80328
k79_14092	5.04208
k79_18795	8.62921
k79_32662	7.39844
k79_14093	3.68033
k79_32663	3.74157
k79_411	4.11809
k79_9681	2.19196
k79_18796	8.73936
k79_14094	2.15328
k79_32664	7.98958
k79_412	4.29474
k79_14095	22.5152
k79_413	8.22807
k79_32665	7.5
k79_9682	6.56977
k79_14096	6.74359
k79_32666	6.88806
k79_18797	6.22222
k79_9683	6.06349
k79_18798	21.6264
k79_32667	5.20611
k79_18799	9.70048
k79_32668	8.57288
k79_18800	2.53175
k79_32669	2.67033
k79_18801	9.70103
k79_32670	3.6
k79_23364	8.46572
k79_32671	7.42276
k79_9684	14.3893
k79_32672	5.60638
k79_23365	3.21512
k79_23366	5.2186
k79_23367	3.61017
k79_9685	16.2998
k79_32673	7.18713
k79_9686	10.4596
k79_32674	7.00735
k79_9687	3.55208
k79_32675	13.0851
k79_9688	8.15686
k79_23368	6.34661
k79_414	11.4832
k79_23369	13.5053
k79_32676	6.95088
k79_415	5.07732
k79_9689	2.57828
k79_32677	5.94574
k79_9690	4.35556
k79_32678	3.35955
k79_416	4.89964
k79_5036	11.1026
k79_32679	3.85047
k79_417	4.09677
k79_9691	6.59116
k79_5037	2.80208
k79_32680	10.0698
k79_9692	6.09659
k79_9693	5.38958
k79_5038	5.84406
k79_9694	3.03361
k79_5039	2.975
k79_9695	5.44043
k79_9696	3.82653
k79_418	18.5318
k79_9697	2.97512
k79_5040	7.48456
k79_5041	4.36257
k79_419	6.55096
k79_9698	5.76543
k79_32681	21.3468
k79_5042	7.74383
k79_27939	36.2325
k79_9699	5.09797
k79_32682	12.6557
k79_420	4.33333
k79_32683	7.325
k79_27940	4.46196
k79_5043	10.2827
k79_421	13.0756
k79_9700	6.05147
k79_32684	3.21429
k79_9701	2.66667
k79_27941	7.87755
k79_23370	4.02664
k79_422	3.70213
k79_9702	4.14138
k79_423	4.52358
k79_27942	5.14931
k79_27943	6.71154
k79_424	5.25479
k79_9703	7.36967
k79_23371	6.54545
k79_32685	35.7264
k79_425	9.31034
k79_9704	6.55435
k79_23372	3.47619
k79_32686	5.47287
k79_426	4.35897
k79_32687	3.80488
k79_427	2.36686
k79_32688	3.10152
k79_27944	7.76493
k79_428	3.608
k79_429	5.02041
k79_27945	7.87958
k79_32689	6.22574
k79_9705	3.34079
k79_32690	6.14035
k79_430	3.02451
k79_27946	8.77419
k79_9706	5.39429
k79_32691	3.81188
k79_431	7.10744
k79_9707	4.28105
k79_27947	4.81648
k79_432	5.80428
k79_23373	10.1462
k79_27948	8.5314
k79_32692	5.14199
k79_9708	6.28862
k79_27949	3.98165
k79_433	3.53191
k79_18802	3.425
k79_434	5.9
k79_23374	4.12097
k79_23375	3.17557
k79_18803	5.58427
k79_32693	5.07895
k79_435	13.3148
k79_27950	5.21681
k79_32694	5.05376
k79_18804	5.12167
k79_9709	9.87225
k79_32695	5.38596
k79_27951	7.14729
k79_27952	4.60544
k79_9710	4.14198
k79_18805	5.21053
k79_436	7.32719
k79_18806	6.76316
k79_9711	5.20444
k79_437	6.07034
k79_27953	4.86747
k79_14097	7.56164
k79_438	6.54212
k79_27954	5.02695
k79_9712	6.54751
k79_27955	4.52941
k79_9713	4.39764
k79_439	9.53077
k79_23376	9.67405
k79_27956	9.35294
k79_9714	5.75439
k79_440	5.31858
k79_18807	39.2374
k79_9715	3.00862
k79_18808	3.06154
k79_23377	5.29923
k79_9716	6.39623
k79_27957	8.00775
k79_441	21.9331
k79_14098	6.24696
k79_27958	4.3913
k79_442	4.35955
k79_9717	3.6506
k79_18809	4.73896
k79_14099	2.64865
k79_443	6.31193
k79_18810	5.14444
k79_9718	3.91453
k79_27959	5.01531
k79_14100	7.54717
k79_18811	6.72277
k79_444	2.82692
k79_9719	9.81955
k79_27960	4.27879
k79_18812	4.60606
k79_27961	6.02
k79_14101	3.57402
k79_445	4.32014
k79_23378	64.49
k79_18813	3.53927
k79_27962	4.43429
k79_446	5.18182
k79_18814	7.69853
k79_9720	3.87697
k79_447	2.99652
k79_23379	4.70847
k79_9721	7.61765
k79_5044	4.18792
k79_448	2.46429
k79_23380	3.52153
k79_449	3.52
k79_9722	3.31169
k79_18815	8.75253
k79_23381	2.87838
k79_18816	4.46667
k79_9723	7.05667
k79_5045	7.80075
k79_18817	4.23423
k79_450	4.74453
k79_23382	4.0362
k79_451	8.59633
k79_23383	4.88421
k79_5046	4.24074
k79_18818	4.32258
k79_9724	7.42308
k79_5047	2.79245
k79_9725	6.17476
k79_18819	7.77725
k79_27963	5.72
k79_9726	23.875
k79_452	4.82857
k79_5048	10.8047
k79_18820	3.35938
k79_9727	5.22297
k79_27964	4.25121
k79_18821	11.4907
k79_453	6.23932
k79_27965	4.94521
k79_454	3.07767
k79_18822	5.42724
k79_455	6.62085
k79_9728	8.6461
k79_456	3.43077
k79_5049	8.26421
k79_27966	5.89485
k79_5050	5.66176
k79_457	7.08597
k79_27967	3.35979
k79_9729	7.85714
k79_18823	5.52301
k79_27968	5.6413
k79_5051	7.10145
k79_9730	6.11
k79_458	10.5481
k79_9731	6.85841
k79_459	7.77068
k79_18824	8.47927
k79_5052	5.73084
k79_9732	11.5407
k79_9733	2.55172
k79_460	4.23346
k79_5053	4.31992
k79_461	3.30693
k79_18825	5.93778
k79_18826	2.62222
k79_18827	5.79333
k79_462	4.04786
k79_9734	5.08962
k79_5054	4.3119
k79_32696	4.8631
k79_9735	7.9635
k79_5055	3.18
k79_32697	3.73438
k79_32698	5.11009
k79_5056	7.27103
k79_9736	6.35714
k79_32699	1.86813
k79_18828	4.72727
k79_9737	3.93519
k79_32700	8.64662
k79_5057	3.28655
k79_9738	3.83453
k79_5058	2.19417
k79_18829	6.00639
k79_32701	18.8632
k79_18830	3.21495
k79_5059	3.87245
k79_32702	6.07865
k79_5060	5.81106
k79_18831	6.29697
k79_32703	11.9877
k79_9739	6.059
k79_5061	5.82517
k79_32704	7.62887
k79_9740	5.55372
k79_32705	9.54545
k79_9741	3.38938
k79_18832	5.12225
k79_14102	10.0522
k79_32706	4.10264
k79_18833	6.57851
k79_32707	1.375
k79_9742	13.3841
k79_5062	7.81386
k79_14103	3.17447
k79_9743	3.99248
k79_18834	3.28223
k79_14104	7.60894
k79_9744	6.05319
k79_5063	7.69825
k79_18835	4.84071
k79_32708	8.0155
k79_9745	8.25954
k79_5064	3.92857
k79_18836	3.97484
k79_14105	8.47561
k79_14106	17.3237
k79_32709	6.42466
k79_5065	4.96985
k79_18837	6.06341
k79_14107	9.4
k79_23384	3.66406
k79_9746	5.86257
k79_5066	4.82109
k79_9747	6.84404
k79_32710	6.13507
k79_23385	6.03679
k79_5067	3.48507
k79_18838	4.23195
k79_14108	7.55721
k79_32711	6.72449
k79_5068	5.64615
k79_18839	4.36508
k79_32712	3.45455
k79_5069	5.64348
k79_14109	3.32877
k79_23386	12.7162
k79_18840	4.10656
k79_9748	6.41565
k79_14110	2.91
k79_23387	5.95775
k79_27969	59.7745
k79_32713	3.12537
k79_9749	9.48023
k79_14111	3.71074
k79_18841	6.23446
k79_32714	8.38597
k79_14112	3.0443
k79_27970	4.96013
k79_23388	7.84615
k79_32715	4.72727
k79_9750	6.88706
k79_23389	3.55396
k79_27971	4.84259
k79_5070	7.97012
k79_23390	4.22513
k79_27972	2.63354
k79_9751	4.32622
k79_5071	8.5468
k79_14113	11.8257
k79_27973	8.58182
k79_23391	5.73143
k79_9752	6.79111
k79_32716	7.84786
k79_27974	6.94406
k79_14114	3.49693
k79_23392	8.08276
k79_9753	2.98113
k79_14115	18.5472
k79_27975	5.94231
k79_27976	4.30208
k79_9754	11.7967
k79_14116	2.09901
k79_23393	7.97674
k79_27977	4.70673
k79_14117	6.72558
k79_32717	3.60506
k79_18842	6.61447
k79_32718	3.34821
k79_14118	2.33478
k79_18843	6.62069
k79_32719	9.65169
k79_27978	44.6416
k79_18844	2.33099
k79_5072	9.37354
k79_32720	5.44531
k79_32721	4.83962
k79_27979	9.88179
k79_5073	6.33898
k79_23394	10.2025
k79_18845	6.09477
k79_32722	2.48361
k79_14119	5.22347
k79_9755	7.21324
k79_23395	24.0674
k79_18846	2.28421
k79_5074	3.59412
k79_32723	3.2
k79_9756	2.67033
k79_23396	2.9375
k79_32724	5.99259
k79_18847	6.29878
k79_14120	5.41873
k79_18848	10.7667
k79_9757	3.56934
k79_32725	3.19745
k79_5075	3.53734
k79_9758	4.80882
k79_18849	4.66258
k79_5076	3.38346
k79_23397	5.24272
k79_14121	5.74881
k79_27980	10.0455
k79_5077	6.73626
k79_18850	7.91952
k79_5078	7.09827
k79_18851	23.6452
k79_5079	2.592
k79_14122	14.1592
k79_5080	2.9234
k79_23398	5.92078
k79_27981	5.0303
k79_5081	8.0137
k79_18852	11.2327
k79_23399	4.27273
k79_27982	6.57353
k79_14123	3.91111
k79_5082	14.5684
k79_23400	7.00493
k79_14124	7.22018
k79_27983	6.41611
k79_14125	4.02679
k79_23401	6.95185
k79_5083	5.26526
k79_27984	3.78491
k79_18853	6.0396
k79_14126	5.12426
k79_5084	13.4082
k79_23402	5.0197
k79_9759	4.36111
k79_5085	11.757
k79_23403	5.89444
k79_18854	9.36056
k79_5086	2.97333
k79_9760	2.96774
k79_14127	28.9439
k79_5087	22.4309
k79_14128	7.85308
k79_18855	3.96398
k79_23404	6.48515
k79_5088	5.72897
k79_14129	4.2967
k79_9761	20.8384
k79_18856	8.97391
k79_23405	5.0
k79_14130	6.25405
k79_9762	5.0266
k79_5089	4.23502
k79_18857	5.7954
k79_9763	7.01064
k79_14131	5.57917
k79_23406	7.28571
k79_5090	4.25316
k79_9764	4.26351
k79_14132	4.7013
k79_18858	4.66497
k79_18859	3.63975
k79_23407	8.52663
k79_14133	7.78926
k79_9765	7.90301
k79_18860	4.86364
k79_5091	5.60746
k79_14134	6.14348
k79_9766	4.09794
k79_23408	5.30416
k79_18861	4.97399
k79_9767	10.5819
k79_9768	3.64167
k79_18862	5.53499
k79_9769	6.14286
k79_23409	10.2551
k79_18863	7.84091
k79_23410	4.60674
k79_9770	18.7704
k79_18864	2.6612
k79_9771	3.94817
k79_18865	2.46281
k79_9772	7.72308
k79_23411	8.61681
k79_9773	7.28571
k79_5092	38.4434
k79_18866	6.08681
k79_9774	6.27586
k79_5093	3.37895
k79_32726	4.52478
k79_18867	7.12
k79_23412	3.80102
k79_5094	5.12397
k79_18868	2.7732
k79_9775	4.53419
k79_5095	12.4444
k79_32727	4.83537
k79_9776	4.90598
k79_18869	10.2087
k79_5096	3.86631
k79_18870	8.27103
k79_9777	4.42373
k79_32728	4.44611
k79_5097	3.85385
k79_18871	4.15741
k79_23413	6.65773
k79_9778	4.89908
k79_5098	1.81915
k79_23414	3.52991
k79_9779	5.7
k79_5099	5.24211
k79_9780	5.58261
k79_18872	4.60274
k79_23415	6.69831
k79_32729	9.09091
k79_5100	4.92969
k79_18873	6.28244
k79_32730	5.94167
k79_9781	6.38041
k79_5101	7.21994
k79_32731	17.3455
k79_9782	5.56
k79_5102	4.68103
k79_23416	5.26929
k79_32732	5.26471
k79_5103	3.6701
k79_9783	4.18836
k79_5104	4.41243
k79_23417	4.06667
k79_32733	5.74912
k79_9784	4.58519
k79_5105	16.4745
k79_32734	4.64286
k79_9785	3.1401
k79_32735	3.28276
k79_18874	9.03426
k79_32736	8.609
k79_9786	6.10855
k79_23418	5.06009
k79_9787	3.50515
k79_32737	6.30097
k79_14135	8.69355
k79_5106	10.0034
k79_23419	5.66393
k79_9788	4.35242
k79_5107	5.30833
k79_23420	7.4
k79_14136	5.55063
k79_9789	10.5256
k79_14137	8.79167
k79_32738	6.19364
k79_27985	8.19769
k79_23421	4.50568
k79_32739	3.40541
k79_9790	4.7561
k79_5108	6.99766
k79_18875	10.906
k79_14138	5.37549
k79_27986	2.56436
k79_5109	3.60119
k79_18876	4.36196
k79_14139	7.63235
k79_23422	5.20426
k79_27987	7.3578
k79_32740	9.30483
k79_5110	3.04167
k79_18877	9.20354
k79_27988	3.17021
k79_32741	2.92857
k79_14140	4.22615
k79_18878	4.89051
k79_27989	5.17544
k79_5111	2.94286
k79_23423	4.94175
k79_32742	4.51323
k79_5112	3.75238
k79_14141	2.41989
k79_23424	2.67568
k79_18879	6.88636
k79_32743	3.95122
k79_27990	9.85079
k79_14142	3.4
k79_18880	2.064
k79_5113	16.766
k79_9791	7.7496
k79_27991	5.04369
k79_23425	10.1985
k79_5114	9.59259
k79_14143	3.58621
k79_5115	2.6875
k79_23426	5.74038
k79_32744	4.63724
k79_14144	7.02732
k79_9792	5.54167
k79_23427	5.75862
k79_14145	12.7846
k79_32745	8.65
k79_5116	9.38511
k79_32746	5.82105
k79_5117	4.58333
k79_23428	3.62273
k79_9793	5.64326
k79_18881	5.31437
k79_32747	5.18129
k79_27992	9.01592
k79_14146	6.48904
k79_5118	3.70916
k79_23429	7.40154
k79_32748	4.53814
k79_9794	4.74434
k79_18882	7.50735
k79_5119	7.34677
k79_27993	5.75622
k79_18883	4.46667
k79_14147	13.6675
k79_5120	2.64948
k79_18884	3.59843
k79_14148	5.88764
k79_23430	11.2004
k79_18885	4.32759
k79_14149	5.88304
k79_18886	2.73077
k79_14150	1.75
k79_23431	4.70248
k79_32749	15.7905
k79_18887	7.28804
k79_27994	7.19272
k79_14151	5.97826
k79_23432	6.99197
k79_14152	1.91964
k79_18888	8.61234
k79_27995	4.24064
k79_5121	6.99912
k79_14153	7.56977
k79_18889	6.34259
k79_27996	5.4
k79_5122	3.93151
k79_18890	3.13492
k79_14154	3.78205
k79_14155	10.5859
k79_9795	8.16659
k79_27997	5.61333
k79_14156	4.73684
k79_27998	4.74011
k79_18891	7.85135
k79_14157	2.68722
k79_27999	1.74483
k79_14158	3.35246
k79_9796	7.97687
k79_5123	6.58604
k79_18892	6.23396
k79_14159	7.5625
k79_9797	4.5477
k79_18893	4.61074
k79_28000	7.06146
k79_9798	5.34091
k79_18894	8.69159
k79_14160	4.03396
k79_5124	5.34609
k79_28001	5.17703
k79_18895	2.43456
k79_28002	5.76531
k79_18896	5.81977
k79_9799	4.05466
k79_14161	5.04114
k79_28003	8.59075
k79_18897	5.66871
k79_9800	4.12687
k79_28004	7.80198
k79_14162	4.35122
k79_9801	7.02542
k79_5125	70.7622
k79_28005	7.2
k79_14163	2.07097
k79_9802	4.05263
k79_28006	7.42
k79_14164	4.89231
k79_9803	5.08108
k79_14165	3.38182
k79_28007	6.3964
k79_5126	4.23529
k79_9804	4.57738
k79_23433	4.42408
k79_5127	2.78059
k79_28008	6.24768
k79_23434	5.09524
k79_9805	5.14286
k79_23435	3.48876
k79_5128	5.66443
k79_28009	5.73804
k79_32750	4.74576
k79_5129	3.03297
k79_28010	3.27326
k79_32751	6.89032
k79_32752	2.90722
k79_5130	3.64649
k79_28011	7.65079
k79_32753	8.05641
k79_28012	10.5926
k79_5131	2.27746
k79_5132	7.27407
k79_14166	7.25424
k79_32754	12.5505
k79_18898	9.3161
k79_28013	4.16667
k79_5133	3.77391
k79_32755	5.94464
k79_18899	4.92174
k79_5134	5.616
k79_28014	7.2327
k79_18900	9.51675
k79_5135	3.06931
k79_32756	5.38235
k79_28015	10.9162
k79_23436	15.9193
k79_32757	8.46323
k79_5136	3.50877
k79_18901	3.23913
k79_23437	6.80328
k79_28016	6.15607
k79_5137	4.76042
k79_32758	5.1871
k79_28017	4.75887
k79_18902	2.87558
k79_5138	3.64646
k79_32759	2.86667
k79_5139	6.67925
k79_18903	6.36986
k79_5140	3.2
k79_32760	3.74619
k79_18904	5.42786
k79_32761	18.7021
k79_463	41.9791
k79_32762	6.11765
k79_5141	8.98092
k79_464	7.84118
k79_23438	5.2551
k79_28018	11.6695
k79_5142	11.5294
k79_23439	4.4
k79_18905	6.32071
k79_32763	6.36318
k79_465	4.17328
k79_23440	11.0924
k79_5143	8.01215
k79_18906	10.5758
k79_32764	6.35516
k79_18907	2.63683
k79_5144	6.18861
k79_32765	10.4468
k79_18908	4.72807
k79_5145	6.80899
k79_466	5.34314
k79_32766	7.40625
k79_467	4.30631
k79_18909	10.4
k79_32767	3.36306
k79_18910	4.89216
k79_32768	3.72078
k79_18911	12.7743
k79_468	8.20635
k79_5146	5.63055
k79_469	7.264
k79_18912	13.4123
k79_5147	2.53488
k79_470	3.20548
k79_5148	5.35556
k79_18913	6.65542
k79_23441	17.3972
k79_18914	7.74131
k79_471	10.6321
k79_23442	8.89511
k79_18915	4.63889
k79_23443	3.87097
k79_472	7.27676
k79_18916	4.11111
k79_9806	2.71282
k79_5149	11.5432
k79_473	3.89645
k79_9807	5.55056
k79_14167	2.43137
k79_23444	6.01035
k79_18917	10.2928
k79_5150	12.5769
k79_23445	3.51923
k79_14168	6.01327
k79_9808	3.34191
k79_5151	7.67442
k79_474	6.01512
k79_18918	3.4569
k79_9809	5.32727
k79_18919	2.61468
k79_23446	8.89394
k79_14169	8.64972
k79_475	6.07273
k79_18920	5.30833
k79_5152	9.01986
k79_476	3.75
k79_14170	9.07143
k79_9810	6.12747
k79_5153	3.14815
k79_18921	6.84401
k79_14171	12.2188
k79_23447	11.0435
k79_477	7.29767
k79_18922	2.58389
k79_5154	5.12545
k79_14172	6.52841
k79_478	5.67257
k79_9811	5.41667
k79_5155	7.69072
k79_23448	6.09016
k79_18923	3.16667
k79_479	2.99614
k79_14173	4.21404
k79_23449	12.8085
k79_5156	7.64955
k79_18924	66.3474
k79_28019	63.0941
k79_18925	2.25243
k79_9812	5.18766
k79_28020	4.90625
k79_23450	5.69392
k79_9813	4.1371
k79_18926	4.41254
k79_5157	6.32456
k79_28021	4.22378
k79_23451	3.71856
k79_9814	4.86364
k79_18927	4.152
k79_5158	6.08092
k79_480	15.674
k79_23452	2.46809
k79_28022	6.815
k79_14174	7.22156
k79_481	2.71094
k79_5159	5.23196
k79_14175	2.616
k79_23453	3.85417
k79_18928	6.74664
k79_28023	7.5199
k79_23454	3.62295
k79_18929	5.29348
k79_5160	8.94506
k79_23455	6.12371
k79_28024	3.02837
k79_5161	16.1776
k79_482	4.37979
k79_14176	10.1252
k79_483	4.89855
k79_18930	11.3778
k79_14177	3.63303
k79_484	3.08696
k79_5162	5.59653
k79_18931	4.99265
k79_23456	14.308
k79_14178	12.4877
k79_5163	6.65789
k79_18932	7.06504
k79_23457	10.0056
k79_28025	8.54848
k79_14179	4.50079
k79_28026	2.95902
k79_23458	6.96316
k79_14180	8.94538
k79_18933	9.27992
k79_28027	10.7555
k79_14181	5.98675
k79_23459	4.64683
k79_28028	5.61982
k79_18934	9.20364
k79_28029	6.98485
k79_18935	3.43219
k79_23460	11.6393
k79_28030	11.8968
k79_485	11.3062
k79_23461	5.32713
k79_28031	5.59079
k79_9815	47.4674
k79_486	4.35
k79_23462	3.52
k79_18936	9.95955
k79_487	3.15323
k79_28032	4.24118
k79_18937	2.74556
k79_23463	4.41096
k79_488	2.74733
k79_18938	7.11834
k79_489	8.42609
k79_23464	8.10492
k79_490	4.86735
k79_18939	5.53041
k79_491	4.08721
k79_23465	8.67577
k79_492	2.51
k79_5164	5.46434
k79_18940	7.96094
k79_14182	9.24272
k79_493	3.91749
k79_5165	9.63208
k79_28033	8.11738
k79_23466	8.98182
k79_9816	71.5583
k79_14183	3.34615
k79_494	5.64532
k79_5166	10.4
k79_28034	4.04688
k79_18941	10.8789
k79_14184	4.4127
k79_5167	6.73913
k79_14185	4.35227
k79_23467	3.14745
k79_18942	6.9801
k79_495	5.3054
k79_5168	3.6055
k79_23468	5.16129
k79_496	3.77083
k79_18943	6.37086
k79_5169	5.84375
k79_28035	5.35389
k79_23469	9.3697
k79_5170	3.42478
k79_497	4.8617
k79_28036	4.65138
k79_14186	7.37955
k79_498	3.63158
k79_5171	2.81443
k79_28037	4.42453
k79_18944	8.41737
k79_23470	4.71839
k79_14187	4.0939
k79_5172	11.5667
k79_28038	16.4179
k79_499	7.53247
k79_23471	33.0
k79_14188	3.46584
k79_5173	6.52809
k79_28039	11.1716
k79_9817	3.97087
k79_18945	8.31053
k79_500	7.93684
k79_23472	6.97692
k79_18946	4.36538
k79_28040	2.5291
k79_9818	2.76064
k79_23473	5.10294
k79_501	10.3771
k79_14189	6.91036
k79_5174	6.34238
k79_32769	8.15757
k79_28041	9.24164
k79_14190	3.55882
k79_502	6.83333
k79_32770	2.57031
k79_23474	8.56757
k79_503	4.74167
k79_18947	14.7576
k79_9819	7.91618
k79_28042	7.82927
k79_5175	4.60068
k79_14191	11.5169
k79_32771	4.35885
k79_504	5.58333
k79_28043	5.11538
k79_14192	3.52427
k79_18948	4.28774
k79_23475	7.88715
k79_32772	4.69427
k79_28044	4.98601
k79_505	4.81921
k79_5176	4.98462
k79_506	3.39806
k79_9820	6.44533
k79_23476	3.92537
k79_18949	12.4708
k79_507	5.48315
k79_28045	5.3668
k79_5177	4.33962
k79_23477	7.31977
k79_14193	11.5979
k79_32773	13.0637
k79_9821	5.83534
k79_508	2.34677
k79_28046	4.68702
k79_23478	12.033
k79_5178	10.5
k79_18950	13.1827
k79_9822	4.38095
k79_32774	6.15625
k79_509	7.70635
k79_14194	3.65934
k79_9823	6.00962
k79_18951	5.10714
k79_23479	5.81796
k79_28047	12.914
k79_9824	5.67296
k79_5179	10.8825
k79_510	5.55195
k79_14195	3.23249
k79_9825	4.54225
k79_28048	6.19474
k79_23480	5.4717
k79_9826	3.77049
k79_28049	3.65957
k79_23481	3.352
k79_511	5.82991
k79_14196	7.84
k79_32775	6.98902
k79_18952	11.7408
k79_512	3.61864
k79_32776	12.4534
k79_18953	3.10435
k79_23482	3.98507
k79_14197	5.24696
k79_32777	2.62887
k79_513	9.30736
k79_14198	8.55769
k79_23483	4.13679
k79_32778	5.00763
k79_23484	4.65957
k79_28050	6.63559
k79_14199	4.13636
k79_32779	2.89796
k79_514	3.71864
k79_23485	17.3717
k79_14200	4.4375
k79_515	5.90291
k79_28051	3.43784
k79_32780	5.17797
k79_5180	8.08094
k79_516	2.71429
k79_28052	4.01587
k79_23486	5.72103
k79_18954	10.0689
k79_32781	2.6553
k79_517	2.83249
k79_23487	3.49612
k79_18955	3.94037
k79_28053	4.73757
k79_32782	3.22835
k79_518	2.90909
k79_14201	6.25511
k79_519	5.21296
k79_32783	11.5085
k79_28054	5.63415
k79_520	4.94074
k79_14202	2.93182
k79_32784	4.58755
k79_18956	4.14845
k79_28055	3.428
k79_14203	6.30233
k79_5181	8.175
k79_32785	4.04327
k79_18957	3.83784
k79_28056	4.08844
k79_14204	12.4364
k79_32786	4.41758
k79_32787	6.02837
k79_14205	4.81658
k79_32788	7.164
k79_18958	3.54323
k79_28057	8.00792
k79_521	7.76169
k79_14206	6.14437
k79_32789	5.88288
k79_18959	2.73684
k79_522	9.74242
k79_28058	4.97004
k79_32790	5.125
k79_18960	8.01778
k79_523	1.76836
k79_28059	2.9646
k79_32791	9.79365
k79_14207	7.48413
k79_28060	7.26471
k79_524	3.55133
k79_32792	6.89262
k79_14208	4.56429
k79_28061	7.65504
k79_14209	6.56296
k79_525	5.37931
k79_28062	5.75253
k79_14210	4.6875
k79_32793	9.23985
k79_526	6.28814
k79_9827	41.2239
k79_28063	8.74823
k79_527	4.68468
k79_9828	11.0
k79_32794	3.27476
k79_528	3.73
k79_28064	5.07821
k79_9829	8.18557
k79_14211	6.05502
k79_32795	5.27184
k79_14212	3.18018
k79_9830	2.85802
k79_32796	3.3314
k79_9831	3.39796
k79_32797	3.15493
k79_32798	7.97826
k79_9832	6.36313
k79_28065	11.0596
k79_14213	7.10633
k79_28066	2.90526
k79_9833	6.31544
k79_14214	5.78212
k79_9834	2.16038
k79_28067	5.80476
k79_9835	4.23577
k79_14215	4.17593
k79_28068	6.94079
k79_529	24.0477
k79_5182	37.4517
k79_9836	28.0439
k79_32799	6.60432
k79_530	6.16129
k79_9837	6.33121
k79_14216	6.64723
k79_32800	3.97541
k79_28069	5.94023
k79_9838	4.14865
k79_531	14.2776
k79_32801	4.90476
k79_14217	6.09744
k79_28070	7.15808
k79_532	6.13376
k79_32802	9.08696
k79_14218	6.05983
k79_9839	6.43893
k79_5183	5.68445
k79_14219	3.44444
k79_9840	4.46739
k79_32803	3.39181
k79_533	4.74439
k79_5184	5.45055
k79_32804	5.82143
k79_14220	4.61058
k79_534	2.5411
k79_5185	2.2973
k79_32805	5.90345
k79_14221	7.78947
k79_9841	7.40371
k79_5186	6.91542
k79_32806	4.16854
k79_28071	8.28481
k79_28072	4.96094
k79_9842	3.66279
k79_32807	5.63547
k79_32808	8.38947
k79_28073	3.90698
k79_14222	6.96501
k79_32809	4.58553
k79_14223	7.625
k79_535	10.9026
k79_18961	39.1736
k79_18962	6.0087
k79_14224	5.85174
k79_536	5.73696
k79_14225	2.84821
k79_18963	4.5641
k79_14226	1.86517
k79_18964	5.34932
k79_537	8.14011
k79_14227	8.27778
k79_18965	8.10246
k79_23488	4.02381
k79_32810	4.89286
k79_14228	5.29524
k79_23489	4.50962
k79_32811	5.86316
k79_14229	4.17757
k79_18966	6.35484
k79_32812	3.03398
k79_538	13.1345
k79_18967	4.5157
k79_32813	7.41429
k79_14230	4.34483
k79_23490	5.80897
k79_18968	6.24793
k79_23491	9.89888
k79_32814	5.95031
k79_14231	4.62626
k79_14232	4.92793
k79_32815	5.52397
k79_23492	19.906
k79_32816	2.84831
k79_539	7.58137
k79_18969	6.85272
k79_9843	6.30961
k79_32817	6.06186
k79_14233	5.96491
k79_23493	5.80856
k79_32818	5.03333
k79_14234	6.18584
k79_9844	16.3436
k79_18970	10.1571
k79_540	3.39815
k79_14235	5.30709
k79_23494	11.6
k79_9845	6.49153
k79_32819	6.85797
k79_18971	4.5
k79_14236	2.49048
k79_9846	4.67204
k79_14237	5.27928
k79_23495	7.23611
k79_5187	5.05369
k79_32820	4.87006
k79_18972	4.06825
k79_9847	5.02658
k79_541	10.9501
k79_23496	7.71204
k79_18973	6.67
k79_14238	9.55587
k79_32821	7.97009
k79_542	10.7162
k79_18974	5.71154
k79_543	4.40517
k79_9848	6.04804
k79_18975	3.22368
k79_14239	13.5859
k79_32822	6.88889
k79_544	10.3889
k79_18976	3.68182
k79_14240	4.06061
k79_23497	9.47947
k79_32823	3.01212
k79_545	3.2449
k79_9849	4.47688
k79_18977	2.85816
k79_14241	6.35398
k79_546	4.19
k79_9850	5.63208
k79_23498	7.4185
k79_547	2.71569
k79_18978	4.85806
k79_9851	9.44521
k79_23499	9.00549
k79_548	7.88172
k79_23500	3.11194
k79_9852	4.23009
k79_9853	8.0
k79_23501	5.73718
k79_18979	4.47359
k79_549	5.85671
k79_23502	3.47191
k79_9854	4.78322
k79_18980	3.0
k79_23503	5.24684
k79_18981	11.5984
k79_23504	5.83636
k79_18982	7.68627
k79_550	11.3768
k79_9855	4.65823
k79_551	7.63514
k79_9856	5.07759
k79_18983	4.78099
k79_9857	2.01802
k79_552	3.39147
k79_18984	9.46491
k79_553	4.49
k79_18985	5.72067
k79_554	4.02899
k79_555	5.86792
k79_9858	3.45688
k79_556	5.63043
k79_18986	6.98821
k79_9859	3.71654
k79_557	5.77679
k79_18987	10.1429
k79_18988	7.47368
k79_9860	7.26012
k79_558	3.10843
k79_28074	42.8533
k79_9861	8.30303
k79_559	5.86971
k79_560	5.36134
k79_9862	3.37327
k79_9863	5.31405
k79_561	8.06771
k79_28075	4.93139
k79_562	5.20382
k79_9864	3.68103
k79_28076	2.64467
k79_563	7.15966
k79_28077	5.525
k79_9865	2.92708
k79_9866	4.38816
k79_9867	6.26316
k79_18989	5.94769
k79_28078	9.90331
k79_9868	8.18079
k79_9869	4.83333
k79_9870	5.19841
k79_28079	5.94942
k79_564	12.6315
k79_9871	4.46316
k79_565	5.09353
k79_5188	4.02336
k79_566	10.2642
k79_567	12.2945
k79_5189	10.1731
k79_32824	47.6956
k79_568	4.69828
k79_9872	8.31573
k79_569	2.76238
k79_5190	7.80147
k79_14242	49.3446
k79_18990	3.83471
k79_570	7.30073
k79_18991	4.92783
k79_28080	9.57846
k79_571	7.84259
k79_9873	6.24802
k79_18992	4.66476
k79_5191	2.46154
k79_572	3.49275
k79_5192	4.67857
k79_573	6.27072
k79_9874	9.5
k79_5193	9.39216
k79_18993	4.56081
k79_574	4.05348
k79_9875	4.01818
k79_5194	4.31818
k79_9876	9.31933
k79_5195	9.78191
k79_575	4.90353
k79_5196	3.05882
k79_14243	8.62864
k79_576	3.97696
k79_9877	6.24578
k79_5197	3.86897
k79_23505	12.6653
k79_14244	7.06548
k79_18994	8.63315
k79_23506	4.22353
k79_9878	4.94464
k79_9879	4.46667
k79_18995	7.15934
k79_14245	7.84588
k79_18996	4.86022
k79_577	7.96612
k79_9880	6.63596
k79_23507	6.14984
k79_18997	6.12871
k79_14246	9.58029
k79_9881	5.77434
k79_18998	4.72794
k79_578	8.17631
k79_14247	2.43636
k79_9882	7.13433
k79_14248	9.52885
k79_579	12.5912
k79_14249	4.66304
k79_9883	5.59155
k79_18999	7.47425
k79_9884	8.10204
k79_580	3.27429
k79_23508	6.42903
k79_19000	4.63542
k79_581	3.12069
k79_9885	3.33094
k79_9886	5.45217
k79_23509	7.66743
k79_5198	46.1597
k79_582	6.15049
k79_9887	6.45783
k79_23510	5.36923
k79_5199	5.29293
k79_23511	2.83803
k79_9888	3.51562
k79_19001	3.9954
k79_583	5.76033
k79_5200	5.61635
k79_19002	9.39175
k79_23512	8.29317
k79_584	6.04145
k79_19003	4.35965
k79_5201	3.95873
k79_585	5.32143
k79_23513	9.50617
k79_19004	5.03553
k79_5202	9.06343
k79_19005	3.14019
k79_14250	46.303
k79_586	6.71197
k79_19006	9.51111
k79_5203	6.4
k79_587	14.0875
k79_19007	7.68824
k79_14251	6.41315
k79_5204	26.1582
k79_23514	10.0142
k79_14252	6.80508
k79_5205	3.66234
k79_5206	3.78704
k79_588	4.64739
k79_23515	6.56118
k79_14253	3.85276
k79_589	3.52688
k79_5207	3.97549
k79_23516	4.47222
k79_590	6.02475
k79_5208	2.39316
k79_591	2.15556
k79_19008	12.1038
k79_14254	5.72296
k79_5209	6.3125
k79_23517	42.3643
k79_19009	4.0
k79_14255	1.63333
k79_5210	5.11828
k79_23518	6.10145
k79_19010	7.28689
k79_592	4.56926
k79_593	5.544
k79_5211	6.61491
k79_14256	8.30456
k79_594	3.80952
k79_23519	7.91228
k79_14257	2.49682
k79_28081	3.16304
k79_595	5.24219
k79_28082	3.24719
k79_14258	5.33962
k79_596	3.39355
k79_28083	6.075
k79_597	5.46341
k79_28084	4.48031
k79_14259	12.8423
k79_28085	4.21591
k79_598	5.26444
k79_19011	29.2025
k79_14260	14.6287
k79_28086	3.16019
k79_19012	5.04032
k79_14261	3.79562
k79_14262	6.44681
k79_599	5.14737
k79_19013	5.49223
k79_28087	6.71671
k79_600	8.97222
k79_19014	7.26415
k79_14263	7.44815
k79_28088	6.11515
k79_32825	5.93925
k79_32826	5.76048
k79_14264	7.87838
k79_601	9.43836
k79_14265	7.00877
k79_28089	8.93672
k79_32827	7.22016
k79_14266	4.34118
k79_28090	8.1831
k79_602	3.88081
k79_28091	4.23784
k79_603	3.09868
k79_32828	5.63239
k79_604	5.87611
k79_28092	8.07246
k79_19015	8.66327
k79_32829	7.97368
k79_605	2.76378
k79_32830	5.58511
k79_14267	9.21158
k79_28093	5.81006
k79_606	4.42238
k79_32831	4.89416
k79_14268	6.65873
k79_28094	5.66225
k79_32832	3.29008
k79_28095	3.15315
k79_14269	3.30968
k79_32833	2.25862
k79_28096	3.30645
k79_28097	8.72222
k79_14270	7.93313
k79_32834	8.96045
k79_32835	4.45641
k79_28098	88.0013
k79_32836	10.2273
k79_14271	10.0634
k79_607	10.0588
k79_28099	5.19108
k79_608	3.9457
k79_14272	7.38676
k79_32837	6.41702
k79_14273	7.06475
k79_32838	4.88
k79_28100	9.51252
k79_609	9.144
k79_32839	4.32667
k79_28101	4.38976
k79_610	8.31557
k79_611	4.28509
k79_28102	22.2126
k79_612	3.61111
k79_32840	3.85379
k79_613	2.90741
k79_32841	2.76699
k79_32842	5.04082
k79_614	11.8693
k79_615	8.77778
k79_14274	8.43761
k79_28103	7.74815
k79_616	2.95833
k79_23520	10.6054
k79_14275	4.46763
k79_617	18.2022
k79_23521	5.46809
k79_14276	8.06832
k79_23522	6.13043
k79_28104	10.0618
k79_618	9.64884
k79_14277	12.7316
k79_23523	7.49153
k79_619	3.72917
k79_28105	10.3271
k79_23524	3.13971
k79_14278	3.78281
k79_620	73.5725
k79_5212	8.4194
k79_14279	5.24123
k79_28106	5.69485
k79_621	9.14489
k79_5213	3.40924
k79_14280	2.90638
k79_32843	82.0627
k79_622	3.10577
k79_23525	5.69375
k79_28107	3.16976
k79_5214	6.57792
k79_14281	3.52727
k79_5215	4.2517
k79_28108	4.82775
k79_623	10.0146
k79_23526	74.2704
k79_14282	4.06569
k79_32844	8.0
k79_32845	3.06818
k79_5216	2.95082
k79_624	4.90995
k79_28109	8.04208
k79_625	7.86923
k79_14283	9.56443
k79_23527	8.36
k79_5217	4.54839
k79_14284	9.42458
k79_28110	6.21069
k79_23528	11.1433
k79_5218	3.25214
k79_14285	3.38798
k79_5219	6.02062
k79_23529	6.9176
k79_14286	3.01587
k79_23530	7.39623
k79_5220	4.04046
k79_28111	4.32163
k79_14287	4.98578
k79_23531	5.20765
k79_32846	5.61183
k79_14288	5.89256
k79_5221	4.6411
k79_32847	4.48214
k79_28112	6.68564
k79_19016	6.3906
k79_23532	4.57547
k79_5222	4.03731
k79_19017	4.81
k79_28113	6.69504
k79_32848	4.80984
k79_14289	8.75803
k79_23533	2.50365
k79_19018	3.83012
k79_5223	5.53904
k79_32849	5.09821
k79_23534	8.87261
k79_5224	4.16
k79_19019	3.85027
k79_28114	7.34648
k79_23535	2.56489
k79_28115	5.13492
k79_19020	2.74869
k79_5225	4.28996
k79_23536	2.50806
k79_32850	7.59846
k79_28116	2.28571
k79_19021	5.08824
k79_5226	3.27044
k79_23537	8.26263
k79_32851	6.55294
k79_19022	7.30435
k79_28117	2.75203
k79_5227	11.0
k79_32852	3.61458
k79_23538	3.15104
k79_5228	5.88596
k79_23539	4.79487
k79_9889	41.8745
k79_28118	4.28254
k79_23540	4.4661
k79_9890	2.04202
k79_19023	6.45586
k79_14290	33.7483
k79_23541	5.17959
k79_5229	4.00175
k79_32853	6.09407
k79_19024	4.56129
k79_5230	5.74545
k79_32854	3.96939
k79_14291	2.78214
k79_9891	13.44
k79_14292	1.97273
k79_19025	9.56623
k79_23542	7.35205
k79_9892	5.02308
k79_32855	8.00968
k79_14293	5.80672
k79_23543	3.8587
k79_19026	2.32192
k79_9893	5.1
k79_14294	5.59406
k79_9894	19.4437
k79_23544	4.79032
k79_32856	6.11885
k79_14295	2.25234
k79_9895	4.29452
k79_5231	14.143
k79_19027	3.46074
k79_23545	7.85714
k79_9896	2.38519
k79_19028	11.051
k79_5232	5.49408
k79_14296	6.53271
k79_9897	5.24229
k79_28119	27.3844
k79_5233	3.44286
k79_626	28.6557
k79_19029	5.72018
k79_14297	11.5102
k79_28120	3.55978
k79_627	1.87755
k79_19030	8.99324
k79_5234	3.65591
k79_28121	4.96078
k79_5235	1.75728
k79_628	4.11304
k79_19031	6.6044
k79_5236	3.61224
k79_9898	6.31766
k79_629	12.7979
k79_28122	7.39595
k79_19032	8.18241
k79_14298	7.49119
k79_9899	6.36842
k79_28123	11.4451
k79_630	5.13636
k79_5237	6.55283
k79_19033	4.7929
k79_9900	8.07339
k79_28124	4.67769
k79_5238	4.97452
k79_631	6.51531
k79_28125	5.16667
k79_9901	4.65605
k79_14299	10.5219
k79_632	2.28804
k79_9902	9.87324
k79_28126	11.8202
k79_19034	13.4765
k79_5239	3.98789
k79_28127	4.59487
k79_9903	8.71096
k79_633	7.41593
k79_28128	1.84821
k79_14300	4.57523
k79_28129	4.56349
k79_9904	6.1581
k79_634	5.65021
k79_28130	3.84375
k79_14301	3.62332
k79_635	2.62105
k79_9905	8.14407
k79_28131	6.80233
k79_14302	2.6422
k79_9906	12.9912
k79_636	5.61943
k79_14303	4.32278
k79_28132	9.61782
k79_9907	6.9914
k79_19035	14.8934
k79_637	4.49583
k79_28133	4.78981
k79_14304	3.0
k79_9908	2.88957
k79_638	10.2746
k79_28134	12.7069
k79_14305	5.2973
k79_9909	9.38686
k79_28135	4.97436
k79_19036	6.56039
k79_9910	6.86364
k79_14306	6.89447
k79_19037	4.25833
k79_9911	6.81395
k79_14307	2.40741
k79_28136	15.9813
k79_9912	4.4433
k79_19038	9.19101
k79_639	3.95363
k79_19039	7.68696
k79_14308	6.82392
k79_640	3.90816
k79_5240	3.5082
k79_28137	4.33673
k79_14309	4.68248
k79_5241	1.69403
k79_9913	10.1791
k79_28138	5.35948
k79_19040	4.73608
k79_23546	6.25044
k79_14310	10.7879
k79_5242	10.8796
k79_28139	7.66667
k79_641	9.051
k79_19041	4.9697
k79_9914	8.3421
k79_14311	5.32967
k79_19042	5.49162
k79_9915	14.5154
k79_5243	5.19149
k79_23547	6.41775
k79_642	7.80488
k79_14312	4.73128
k79_19043	7.80913
k79_28140	4.88268
k79_23548	3.40816
k79_9916	7.31111
k79_14313	5.25333
k79_643	3.0
k79_28141	6.36559
k79_9917	6.83099
k79_23549	6.90404
k79_19044	6.32537
k79_28142	3.17808
k79_9918	5.01351
k79_14314	20.4077
k79_644	3.26952
k79_19045	11.1806
k79_5244	6.10558
k79_23550	6.03725
k79_645	3.62136
k79_19046	4.10753
k79_5245	5.81735
k79_9919	20.7978
k79_19047	6.99371
k79_9920	6.67782
k79_646	6.43632
k79_23551	7.89256
k79_28143	7.57343
k79_5246	7.54147
k79_23552	6.05634
k79_28144	6.78571
k79_9921	3.02747
k79_19048	6.9125
k79_647	4.54978
k79_23553	3.14286
k79_28145	5.56164
k79_19049	2.15455
k79_9922	6.0117
k79_23554	3.80851
k79_28146	8.61864
k79_648	5.40203
k79_5247	9.13347
k79_19050	5.89286
k79_23555	4.41667
k79_9923	4.89015
k79_649	4.9
k79_19051	7.9604
k79_28147	2.51087
k79_9924	5.20561
k79_5248	5.38095
k79_28148	4.63971
k79_9925	10.9732
k79_23556	6.13043
k79_650	3.92664
k79_5249	3.84821
k79_19052	8.97749
k79_23557	6.42553
k79_5250	5.13542
k79_28149	3.83486
k79_19053	7.6129
k79_9926	2.64602
k79_5251	4.0
k79_19054	4.39806
k79_9927	7.57333
k79_28150	3.62605
k79_23558	4.70538
k79_9928	3.93
k79_5252	10.5017
k79_19055	8.09622
k79_9929	4.38775
k79_28151	6.39571
k79_5253	5.85252
k79_19056	10.063
k79_9930	8.72016
k79_28152	9.50172
k79_23559	4.86911
k79_5254	9.90845
k79_28153	2.40343
k79_23560	4.5493
k79_5255	6.04545
k79_28154	2.96667
k79_9931	5.99115
k79_23561	6.18543
k79_5256	4.92398
k79_19057	6.58025
k79_9932	3.38843
k79_32857	12.6718
k79_23562	5.72022
k79_5257	8.26448
k79_32858	5.01852
k79_19058	5.55728
k79_23563	3.26042
k79_32859	11.7925
k79_19059	3.9596
k79_9933	7.60152
k79_23564	4.69194
k79_19060	5.9037
k79_9934	7.5
k79_32860	4.0125
k79_19061	11.434
k79_23565	2.75
k79_9935	3.03101
k79_9936	3.23952
k79_23566	9.52308
k79_19062	6.81609
k79_32861	4.52713
k79_23567	2.12281
k79_9937	2.23741
k79_19063	3.05844
k79_32862	8.80505
k79_9938	5.66492
k79_19064	4.70968
k79_23568	4.65257
k79_32863	3.96809
k79_9939	3.00556
k79_23569	10.8643
k79_19065	5.67014
k79_9940	7.02703
k79_5258	78.1362
k79_28155	7.8908
k79_32864	9.83243
k79_9941	4.1551
k79_5259	2.28125
k79_9942	33.5278
k79_5260	2.90179
k79_9943	3.10092
k79_9944	7.06838
k79_32865	7.49898
k79_28156	11.0456
k79_9945	10.7412
k79_28157	14.0169
k79_32866	8.18505
k79_9946	7.82386
k79_28158	5.67368
k79_28159	8.39394
k79_32867	4.3584
k79_9947	5.96904
k79_32868	3.29496
k79_32869	4.85333
k79_28160	5.27604
k79_28161	6.0177
k79_32870	6.16667
k79_9948	8.05873
k79_9949	2.31667
k79_28162	3.23026
k79_32871	3.99094
k79_9950	2.56934
k79_9951	4.38462
k79_28163	4.09255
k79_32872	3.63659
k79_28164	3.72781
k79_32873	11.6374
k79_651	36.0285
k79_28165	3.76448
k79_9952	5.4162
k79_652	6.66495
k79_32874	9.33256
k79_9953	4.94424
k79_653	11.2945
k79_28166	3.23555
k79_32875	3.33553
k79_654	11.6603
k79_28167	5.59783
k79_32876	5.11243
k79_9954	3.26923
k79_9955	45.8598
k79_28168	6.36697
k79_32877	7.77676
k79_9956	12.5549
k79_28169	6.49206
k79_655	5.83486
k79_32878	4.6186
k79_32879	6.45556
k79_28170	7.93301
k79_656	5.54824
k79_657	5.21277
k79_28171	11.0769
k79_32880	6.31081
k79_9957	6.15094
k79_23570	3.91617
k79_658	3.03356
k79_9958	3.80282
k79_23571	8.05625
k79_32881	7.68916
k79_23572	5.29534
k79_9959	8.68881
k79_32882	9.52697
k79_23573	12.7059
k79_659	5.64124
k79_9960	8.26633
k79_9961	6.70833
k79_32883	10.16
k79_660	5.14486
k79_9962	4.68159
k79_32884	3.7625
k79_19066	2.83478
k79_32885	2.34524
k79_9963	3.80172
k79_19067	2.9798
k79_19068	2.25225
k79_32886	7.50901
k79_32887	5.56934
k79_9964	3.95381
k79_19069	2.36957
k79_32888	5.74359
k79_19070	6.54406
k79_9965	3.08861
k79_23574	20.1891
k79_32889	2.25203
k79_32890	3.35294
k79_19071	11.6436
k79_23575	4.05674
k79_19072	3.26786
k79_23576	9.40063
k79_19073	5.22083
k79_32891	8.7
k79_19074	3.82222
k79_9966	7.88193
k79_32892	18.4237
k79_5261	4.85294
k79_9967	9.32432
k79_32893	5.41732
k79_19075	5.27679
k79_5262	2.74691
k79_9968	2.73965
k79_32894	3.32026
k79_32895	2.12605
k79_9969	6.56983
k79_5263	10.893
k79_32896	8.91304
k79_5264	2.67249
k79_5265	2.78125
k79_32897	12.8947
k79_9970	12.1577
k79_5266	14.0643
k79_23577	10.9054
k79_19076	9.82378
k79_32898	3.95856
k79_5267	4.03093
k79_23578	3.64948
k79_19077	4.23622
k79_9971	6.87469
k79_32899	4.13855
k79_19078	7.89583
k79_5268	4.89202
k79_23579	5.35052
k79_9972	4.72043
k79_32900	7.0
k79_23580	4.12295
k79_19079	4.79024
k79_9973	4.5407
k79_23581	3.65546
k79_23582	8.35043
k79_19080	3.70588
k79_19081	10.0552
k79_23583	4.61449
k79_5269	9.76471
k79_19082	6.20741
k79_5270	4.1358
k79_19083	2.16981
k79_23584	3.36502
k79_5271	11.841
k79_19084	4.17413
k79_32901	6.58327
k79_23585	3.1215
k79_32902	3.24031
k79_19085	5.99714
k79_32903	3.62774
k79_23586	5.02103
k79_23587	9.76923
k79_9974	6.56247
k79_32904	6.442
k79_28172	10.5888
k79_9975	3.47751
k79_28173	2.24183
k79_32905	6.33535
k79_19086	7.47246
k79_5272	6.50281
k79_9976	4.12214
k79_19087	4.94805
k79_9977	3.64912
k79_9978	5.35417
k79_32906	8.78966
k79_28174	6.70847
k79_5273	8.20916
k79_28175	4.27703
k79_19088	8.01565
k79_28176	4.33333
k79_9979	4.88009
k79_19089	3.23932
k79_32907	5.49816
k79_28177	6.2454
k79_9980	3.06667
k79_19090	9.88123
k79_28178	2.2349
k79_32908	7.15957
k79_28179	4.36893
k79_32909	4.75532
k79_5274	7.18902
k79_9981	7.90115
k79_19091	6.26374
k79_28180	10.8191
k79_5275	2.98913
k79_32910	9.69298
k79_661	5.93403
k79_32911	3.14881
k79_19092	6.03944
k79_32912	2.83636
k79_662	6.44413
k79_32913	6.88764
k79_663	3.80263
k79_19093	4.77365
k79_9982	5.91106
k79_32914	3.77358
k79_664	8.13983
k79_32915	16.3913
k79_32916	2.67213
k79_665	4.23276
k79_28181	15.1132
k79_9983	3.42974
k79_32917	4.98413
k79_19094	9.05857
k79_28182	11.129
k79_9984	1.9902
k79_666	6.01115
k79_28183	3.75424
k79_667	5.25275
k79_19095	9.68302
k79_9985	5.88079
k79_28184	2.84956
k79_9986	7.40116
k79_668	5.22321
k79_19096	7.445
k79_28185	4.87302
k79_9987	4.58079
k79_669	5.77586
k79_32918	5.54459
k79_9988	7.2
k79_19097	5.55442
k79_9989	6.33333
k79_670	5.71906
k79_19098	7.35106
k79_23588	11.2419
k79_9990	2.06087
k79_32919	6.55263
k79_671	6.7113
k79_9991	4.60952
k79_23589	6.72993
k79_19099	4.16176
k79_32920	3.29646
k79_672	20.9808
k79_9992	2.14744
k79_23590	5.97333
k79_14315	28.7172
k79_32921	7.9917
k79_9993	2.75497
k79_23591	3.76033
k79_14316	4.44944
k79_23592	3.73457
k79_9994	5.51977
k79_14317	4.89796
k79_32922	8.99015
k79_9995	3.47312
k79_23593	8.59748
k79_32923	4.88971
k79_23594	9.04688
k79_673	8.13273
k79_14318	4.78395
k79_32924	10.922
k79_9996	5.36919
k79_23595	11.0718
k79_674	3.70874
k79_14319	3.58723
k79_23596	2.48673
k79_9997	2.8375
k79_9998	3.60674
k79_14320	4.47701
k79_23597	4.6789
k79_675	7.87668
k79_9999	39.7415
k79_23598	12.0775
k79_32925	4.42194
k79_676	3.65812
k79_14321	5.91343
k79_10000	3.16239
k79_32926	6.7326
k79_10001	4.3932
k79_677	9.59569
k79_23599	3.53038
k79_10002	9.12139
k79_32927	5.77821
k79_10003	31.8913
k79_23600	3.73026
k79_14322	5.19132
k79_678	2.96096
k79_10004	4.25
k79_23601	4.25472
k79_14323	7.0
k79_19100	3.57252
k79_23602	5.7874
k79_679	3.84286
k79_10005	6.8917
k79_23603	6.23333
k79_32928	9.7264
k79_10006	4.21552
k79_14324	8.07635
k79_19101	5.01567
k79_23604	4.03463
k79_32929	4.25
k79_14325	3.19697
k79_680	5.24646
k79_14326	4.88119
k79_32930	6.58009
k79_681	4.84932
k79_23605	5.01893
k79_19102	9.21988
k79_32931	3.44697
k79_14327	3.54303
k79_23606	38.2821
k79_19103	6.20118
k79_32932	4.51034
k79_23607	8.89404
k79_10007	15.6914
k79_19104	3.56284
k79_32933	4.43827
k79_14328	8.31865
k79_682	5.99614
k79_32934	4.11724
k79_14329	5.68939
k79_19105	3.92308
k79_683	10.0351
k79_14330	5.69767
k79_14331	3.9084
k79_23608	8.7892
k79_14332	3.36239
k79_684	11.2757
k79_23609	2.39634
k79_32935	8.22558
k79_14333	4.11628
k79_685	5.7076
k79_23610	9.42222
k79_10008	7.98119
k79_5276	4.95536
k79_14334	5.98378
k79_686	6.22835
k79_23611	2.72414
k79_32936	4.51903
k79_5277	3.84713
k79_14335	2.32394
k79_687	2.08264
k79_19106	7.87596
k79_23612	4.45726
k79_32937	5.34434
k79_14336	2.57732
k79_5278	6.52308
k79_19107	3.57246
k79_32938	4.475
k79_5279	4.69159
k79_14337	15.2565
k79_688	14.6771
k79_14338	14.8085
k79_689	4.30519
k79_19108	4.08992
k79_14339	4.02139
k79_32939	6.22691
k79_690	3.61486
k79_5280	3.90351
k79_19109	4.96774
k79_19110	3.72358
k79_691	5.71074
k79_14340	7.536
k79_5281	4.3391
k79_32940	7.24747
k79_19111	3.76087
k79_692	3.50526
k79_32941	3.37302
k79_5282	4.22517
k79_14341	15.588
k79_19112	11.7042
k79_693	4.63258
k79_28186	7.57346
k79_5283	3.02899
k79_14342	5.5641
k79_19113	1.99412
k79_694	2.18954
k79_14343	6.68056
k79_5284	8.70513
k79_19114	4.43396
k79_695	6.39416
k79_14344	9.58416
k79_14345	23.3415
k79_32942	8.00349
k79_696	10.2924
k79_19115	7.72523
k79_32943	5.94697
k79_697	7.46698
k79_28187	5.79152
k79_32944	15.2319
k79_14346	3.11134
k79_5285	5.07018
k79_698	7.0
k79_28188	7.58009
k79_32945	4.61905
k79_14347	2.70068
k79_5286	4.05229
k79_14348	5.37985
k79_32946	15.5149
k79_699	2.63407
k79_19116	4.67281
k79_5287	4.92593
k79_28189	10.0803
k79_14349	5.28455
k79_32947	9.1938
k79_19117	5.03261
k79_14350	3.93151
k79_28190	3.64407
k79_700	6.50732
k79_14351	3.64948
k79_19118	9.5
k79_28191	3.81879
k79_14352	5.51701
k79_701	4.7087
k79_23613	12.0215
k79_28192	4.17098
k79_702	3.0137
k79_5288	9.28419
k79_32948	7.57921
k79_10009	4.45455
k79_19119	11.3048
k79_14353	3.40288
k79_19120	9.20942
k79_14354	4.53886
k79_10010	19.6147
k79_32949	6.32721
k79_5289	10.7331
k79_10011	4.35507
k79_19121	7.88742
k79_23614	26.5108
k79_14355	4.27119
k79_5290	8.26408
k79_10012	3.24138
k79_23615	6.16
k79_19122	3.85065
k79_10013	2.90426
k79_5291	3.32168
k79_14356	3.18072
k79_10014	3.1573
k79_19123	3.47036
k79_5292	5.75373
k79_14357	3.97101
k79_23616	6.03242
k79_19124	4.76106
k79_10015	8.88554
k79_5293	4.44944
k79_23617	2.92994
k79_703	9.67987
k79_10016	6.35
k79_28193	4.54701
k79_14358	8.02029
k79_704	10.1916
k79_28194	8.73878
k79_14359	5.26365
k79_28195	4.10795
k79_705	5.64665
k79_23618	5.98889
k79_10017	10.7376
k79_32950	6.19101
k79_706	4.35065
k79_10018	4.52713
k79_28196	3.58217
k79_23619	7.60702
k79_32951	6.06633
k79_707	4.51744
k79_10019	3.65217
k79_32952	3.76842
k79_23620	9.54167
k79_10020	5.08276
k79_23621	4.96951
k79_10021	3.464
k79_23622	4.98522
k79_10022	12.0231
k79_32953	8.11129
k79_23623	2.24211
k79_32954	3.68376
k79_10023	3.52294
k79_23624	5.68354
k79_23625	5.6422
k79_32955	4.37158
k79_10024	8.5045
k79_32956	3.71111
k79_32957	5.00662
k79_23626	9.88375
k79_32958	4.88345
k79_32959	6.19565
k79_10025	10.6688
k79_28197	48.9821
k79_32960	6.42722
k79_10026	6.52542
k79_32961	2.09302
k79_28198	3.18605
k79_23627	5.83307
k79_10027	3.64789
k79_32962	2.77439
k79_23628	2.3125
k79_28199	2.4
k79_32963	5.55629
k79_10028	14.4251
k79_32964	8.67027
k79_10029	4.57219
k79_28200	6.85049
k79_23629	7.23577
k79_10030	3.42857
k79_32965	8.53968
k79_14360	6.01154
k79_23630	5.46486
k79_10031	3.04301
k79_23631	4.1978
k79_28201	7.76652
k79_10032	4.5618
k79_23632	2.10638
k79_14361	4.88393
k79_32966	5.46183
k79_10033	14.3121
k79_28202	3.0197
k79_32967	9.40367
k79_10034	2.16547
k79_14362	5.78125
k79_10035	3.82456
k79_14363	2.91124
k79_14364	3.26667
k79_19125	10.1696
k79_14365	2.97126
k79_19126	4.62698
k79_708	46.3795
k79_14366	6.02158
k79_23633	6.55312
k79_19127	4.0184
k79_10036	6.82471
k79_23634	5.6973
k79_14367	5.31048
k79_32968	6.42778
k79_10037	7.33824
k79_28203	5.13012
k79_23635	2.72632
k79_14368	7.74214
k79_10038	10.3393
k79_19128	5.84791
k79_32969	4.62454
k79_14369	2.76757
k79_23636	11.7452
k79_10039	3.35294
k79_19129	3.21717
k79_14370	6.61719
k79_10040	6.54348
k79_23637	6.74126
k79_19130	4.35644
k79_10041	3.54135
k79_14371	10.5775
k79_32970	7.30459
k79_28204	8.87923
k79_10042	4.80451
k79_14372	8.70526
k79_32971	5.76577
k79_10043	4.67241
k79_32972	7.0618
k79_10044	5.84828
k79_28205	5.45428
k79_32973	4.92188
k79_14373	13.2428
k79_23638	4.77425
k79_32974	5.01657
k79_5294	6.40458
k79_23639	3.25781
k79_23640	18.1633
k79_5295	3.82946
k79_14374	6.20606
k79_28206	6.16976
k79_32975	6.7675
k79_23641	6.91667
k79_10045	5.95011
k79_32976	7.46893
k79_28207	9.9568
k79_10046	9.4913
k79_19131	9.22424
k79_14375	14.0782
k79_28208	11.4444
k79_10047	4.40364
k79_19132	3.96407
k79_14376	10.2316
k79_28209	4.19626
k79_5296	3.8496
k79_32977	9.20839
k79_19133	4.01124
k79_14377	4.82069
k79_28210	3.16561
k79_32978	6.26744
k79_19134	4.55689
k79_10048	11.6307
k79_28211	3.68902
k79_10049	4.83065
k79_32979	4.37553
k79_19135	2.62109
k79_28212	6.66418
k79_14378	10.7096
k79_5297	6.77201
k79_10050	5.20468
k79_32980	4.20106
k79_14379	4.51064
k79_28213	4.80982
k79_10051	7.58301
k79_19136	6.15718
k79_5298	3.88451
k79_28214	3.38583
k79_10052	6.62393
k79_19137	6.1791
k79_32981	3.00372
k79_10053	2.52128
k79_10054	5.01124
k79_19138	33.3432
k79_5299	6.00952
k79_32982	4.26804
k79_19139	6.92308
k79_10055	2.42759
k79_14380	8.33472
k79_5300	4.16949
k79_32983	3.34752
k79_28215	5.10806
k79_10056	4.60479
k79_32984	2.91102
k79_5301	4.10189
k79_14381	5.61765
k79_10057	6.03729
k79_5302	8.8189
k79_19140	5.35237
k79_709	7.12037
k79_19141	4.24528
k79_710	7.12371
k79_10058	10.4597
k79_19142	9.64328
k79_5303	3.24625
k79_711	10.3865
k79_14382	5.78101
k79_5304	3.10526
k79_14383	1.95506
k79_5305	3.02198
k79_5306	5.35484
k79_712	4.83929
k79_28216	9.64946
k79_10059	9.08812
k79_5307	4.77863
k79_14384	2.88119
k79_19143	7.90875
k79_28217	2.86813
k79_713	2.5
k79_5308	2.46316
k79_19144	5.24806
k79_14385	8.1462
k79_10060	3.40465
k79_714	6.8589
k79_5309	5.62874
k79_14386	2.98039
k79_10061	4.64828
k79_19145	4.0099
k79_28218	4.05882
k79_715	3.40945
k79_14387	8.78571
k79_10062	4.83495
k79_19146	4.66197
k79_716	4.6
k79_5310	3.83726
k79_14388	5.09865
k79_5311	8.76364
k79_19147	5.83393
k79_28219	5.3438
k79_717	7.10714
k79_14389	6.53027
k79_10063	6.91245
k79_28220	7.53684
k79_19148	16.4257
k79_10064	8.52101
k79_718	5.13023
k79_23642	41.4672
k79_14390	3.73333
k79_19149	4.55238
k79_14391	1.95495
k79_23643	11.8542
k79_10065	10.0
k79_28221	6.09423
k79_5312	5.36851
k79_19150	4.12239
k79_14392	4.19565
k79_23644	5.28099
k79_10066	8.03185
k79_28222	8.31724
k79_19151	5.38043
k79_719	6.93122
k79_23645	2.82209
k79_10067	5.44898
k79_14393	3.81662
k79_28223	7.42173
k79_19152	5.04416
k79_5313	9.78445
k79_720	4.0177
k79_23646	5.1824
k79_19153	11.2917
k79_14394	4.76757
k79_721	5.86667
k79_28224	9.47677
k79_19154	3.9375
k79_23647	10.3707
k79_28225	3.93333
k79_32985	8.26866
k79_19155	5.28636
k79_722	8.3553
k79_23648	7.91304
k79_28226	7.93373
k79_723	4.53147
k79_19156	4.27684
k79_14395	5.52224
k79_23649	9.49664
k79_28227	6.10084
k79_724	7.90286
k79_14396	3.83684
k79_23650	3.73481
k79_28228	8.79835
k79_19157	6.68785
k79_28229	3.00725
k79_19158	7.0303
k79_725	9.2
k79_10068	4.65812
k79_19159	5.21138
k79_14397	5.83573
k79_726	4.04878
k79_28230	3.97273
k79_23651	8.14858
k79_19160	5.69167
k79_28231	2.04255
k79_10069	3.40805
k79_28232	2.84314
k79_19161	8.94737
k79_28233	4.90678
k79_14398	10.4885
k79_19162	3.04902
k79_10070	5.59438
k79_23652	4.65385
k79_727	10.5076
k79_14399	4.83696
k79_19163	4.40845
k79_10071	3.22603
k79_23653	6.47321
k79_5314	6.97143
k79_14400	5.84574
k79_19164	3.45652
k79_10072	3.06316
k79_28234	9.06291
k79_14401	5.79048
k79_728	4.73684
k79_32986	9.9148
k79_5315	2.13497
k79_23654	4.78422
k79_19165	16.1275
k79_14402	10.6233
k79_729	9.30741
k79_14403	7.24771
k79_23655	6.39726
k79_5316	6.5283
k79_32987	7.13178
k79_19166	5.81232
k79_14404	5.8625
k79_730	2.79487
k79_23656	4.51931
k79_5317	3.68333
k79_28235	13.1029
k79_32988	14.6493
k79_19167	3.32704
k79_28236	3.0
k79_32989	6.85345
k79_23657	3.83275
k79_731	6.45192
k79_19168	6.36449
k79_28237	3.2541
k79_32990	5.08
k79_14405	4.06612
k79_23658	9.136
k79_732	4.01705
k79_28238	2.832
k79_32991	6.21084
k79_28239	5.95973
k79_32992	4.8871
k79_14406	5.85943
k79_19169	4.77205
k79_32993	8.66912
k79_733	5.94945
k79_14407	4.54237
k79_28240	3.23154
k79_23659	5.72711
k79_32994	3.0
k79_734	3.55046
k79_14408	3.2562
k79_23660	61.9457
k79_28241	8.09346
k79_19170	6.12723
k79_14409	2.61
k79_32995	4.13023
k79_19171	7.00781
k79_28242	3.37559
k79_14410	4.98276
k79_32996	3.6631
k79_735	3.65286
k79_32997	4.72165
k79_19172	32.6826
k79_23661	4.89544
k79_14411	8.93688
k79_736	3.96694
k79_32998	3.67876
k79_737	3.51613
k79_28243	7.04583
k79_23662	4.16388
k79_14412	6.79825
k79_28244	14.3297
k79_738	9.79032
k79_32999	3.37736
k79_14413	5.97656
k79_23663	4.9823
k79_28245	4.76667
k79_14414	9.27273
k79_33000	5.81707
k79_23664	6.02041
k79_739	11.5531
k79_33001	6.27344
k79_23665	4.536
k79_28246	5.17429
k79_33002	6.28319
k79_23666	10.6954
k79_33003	3.41593
k79_28247	9.65641
k79_5318	9.09543
k79_19173	19.9987
k79_23667	10.8681
k79_740	5.25278
k79_28248	2.54054
k79_5319	3.59341
k79_19174	6.1068
k79_33004	8.8986
k79_28249	2.60588
k79_741	4.04545
k79_19175	4.53788
k79_33005	6.26207
k79_28250	3.43925
k79_742	2.80165
k79_19176	3.22839
k79_28251	4.51825
k79_743	7.29927
k79_5320	3.67211
k79_5321	6.43226
k79_744	4.97638
k79_33006	9.02443
k79_28252	10.653
k79_5322	8.14423
k79_745	4.38655
k79_33007	3.44762
k79_28253	9.43651
k79_5323	3.23232
k79_23668	10.4526
k79_33008	5.11538
k79_28254	5.83815
k79_19177	7.34107
k79_33009	6.24444
k79_28255	4.30469
k79_33010	4.53279
k79_23669	6.96711
k79_19178	12.1672
k79_33011	2.57447
k79_5324	7.2384
k79_23670	4.60079
k79_33012	7.11795
k79_746	56.2009
k79_19179	8.22064
k79_28256	17.0703
k79_14415	7.83701
k79_33013	7.53535
k79_5325	4.04057
k79_28257	4.47009
k79_33014	15.0398
k79_19180	5.19444
k79_5326	18.1823
k79_14416	3.45808
k79_33015	4.26154
k79_747	7.29181
k79_19181	3.21368
k79_28258	6.25926
k79_14417	3.97368
k79_33016	5.06034
k79_748	4.7006
k79_28259	5.42177
k79_5327	7.09049
k79_14418	5.58442
k79_28260	3.61212
k79_33017	5.53279
k79_28261	4.03
k79_33018	2.64286
k79_33019	3.53261
k79_28262	4.04061
k79_33020	3.68269
k79_19182	5.3361
k79_23671	9.37374
k79_33021	6.67327
k79_19183	2.38168
k79_33022	9.34375
k79_5328	10.2119
k79_19184	3.28571
k79_23672	5.95479
k79_749	96.0985
k79_5329	5.78636
k79_23673	5.84848
k79_750	4.29348
k79_23674	3.11194
k79_751	6.83237
k79_23675	4.41429
k79_752	4.39583
k79_5330	5.13621
k79_5331	8.38225
k79_33023	7.84615
k79_33024	8.31884
k79_753	4.754
k79_33025	21.6587
k79_754	13.2952
k79_33026	3.90196
k79_23676	7.07513
k79_28263	6.77927
k79_755	4.50765
k79_23677	153.416
k79_33027	4.79949
k79_23678	6.18692
k79_28264	2.9593
k79_33028	9.43243
k79_756	5.96766
k79_28265	2.53947
k79_33029	4.23899
k79_28266	8.47368
k79_757	12.4386
k79_5332	10.209
k79_5333	5.56863
k79_33030	7.33125
k79_10073	44.2589
k79_23679	8.64446
k79_5334	5.189
k79_28267	5.33414
k79_33031	5.54854
k79_5335	4.69697
k79_33032	2.33684
k79_5336	6.72152
k79_23680	6.67364
k79_5337	3.01724
k79_23681	13.6186
k79_10074	6.67939
k79_23682	7.41176
k79_5338	3.24092
k79_10075	7.10976
k79_23683	6.77198
k79_10076	5.6828
k79_33033	9.7354
k79_23684	2.59195
k79_33034	6.53636
k79_23685	4.11724
k79_23686	3.85714
k79_5339	7.36292
k79_33035	6.83422
k79_5340	5.09174
k79_23687	6.22156
k79_10077	16.5138
k79_33036	5.36765
k79_28268	9.44862
k79_10078	12.1204
k79_5341	10.36
k79_28269	3.95683
k79_10079	2.35484
k79_23688	7.1851
k79_28270	7.06338
k79_14419	13.6625
k79_19185	3.73984
k79_10080	19.5922
k79_14420	2.84375
k79_19186	7.49
k79_5342	4.6748
k79_19187	3.6087
k79_10081	3.07908
k79_10082	4.75909
k79_5343	4.87861
k79_14421	8.0945
k79_5344	4.74627
k79_5345	3.16794
k79_19188	11.5297
k79_14422	6.81746
k79_5346	4.60177
k79_33037	9.58992
k79_10083	3.58874
k79_19189	5.5614
k79_33038	8.75281
k79_10084	6.42857
k79_10085	3.73469
k79_33039	4.43575
k79_19190	7.072
k79_33040	3.82576
k79_14423	4.1947
k79_33041	3.95848
k79_10086	4.35529
k79_5347	5.80865
k79_10087	4.14493
k79_33042	2.74011
k79_19191	5.89159
k79_33043	2.78378
k79_19192	4.42442
k79_5348	7.91084
k79_10088	2.61589
k79_5349	9.85345
k79_10089	3.33588
k79_19193	6.27075
k79_33044	4.69613
k79_14424	11.4209
k79_19194	5.93684
k79_10090	4.17799
k79_33045	5.424
k79_14425	10.7021
k79_33046	6.33333
k79_19195	4.0137
k79_14426	3.01554
k79_33047	4.20168
k79_758	5.57962
k79_10091	5.40447
k79_14427	11.0909
k79_10092	2.66423
k79_5350	10.7515
k79_14428	4.44086
k79_10093	5.92063
k79_14429	3.71074
k79_10094	5.47489
k79_33048	6.72142
k79_14430	6.73729
k79_5351	6.75973
k79_33049	8.925
k79_14431	3.64242
k79_10095	2.61957
k79_33050	6.35106
k79_33051	9.4181
k79_759	7.57798
k79_5352	7.39833
k79_33052	5.616
k79_14432	4.94614
k79_760	3.14851
k79_10096	7.94273
k79_5353	3.84375
k79_33053	6.61268
k79_14433	8.60699
k79_761	3.83566
k79_5354	7.33498
k79_14434	4.42623
k79_5355	7.52778
k79_28271	4.85315
k79_762	4.30667
k79_14435	4.85714
k79_33054	5.41708
k79_10097	5.9729
k79_28272	2.18095
k79_5356	2.98519
k79_763	7.66812
k79_10098	4.32624
k79_19196	5.08233
k79_14436	5.90935
k79_28273	5.39589
k79_764	9.15877
k79_14437	4.07851
k79_28274	8.80745
k79_765	4.86957
k79_14438	7.44444
k79_5357	10.2105
k79_5358	5.29464
k79_28275	9.15337
k79_766	2.84681
k79_14439	6.6383
k79_28276	3.11458
k79_19197	37.9406
k79_14440	7.5969
k79_19198	3.65455
k79_28277	3.51733
k79_19199	3.29825
k79_14441	5.32949
k79_767	8.44365
k79_5359	7.32124
k79_28278	6.97736
k79_19200	4.25806
k79_5360	3.5914
k79_28279	9.68817
k79_19201	6.28319
k79_768	5.09408
k79_28280	2.63889
k79_5361	4.875
k79_23689	5.91615
k79_28281	2.63309
k79_769	5.80995
k79_5362	3.91946
k79_19202	10.4532
k79_28282	1.68
k79_23690	6.7602
k79_5363	2.79231
k79_19203	7.79798
k79_770	5.17241
k79_23691	8.05556
k79_19204	6.03297
k79_771	5.28421
k79_23692	4.47321
k79_28283	4.04902
k79_19205	5.11215
k79_23693	2.91176
k79_772	3.03371
k79_28284	2.75879
k79_773	4.78302
k79_19206	3.28682
k79_28285	6.46541
k79_14442	2.97122
k79_23694	13.9369
k79_774	3.31875
k79_19207	4.82353
k79_28286	4.85204
k79_23695	4.44578
k79_23696	4.5202
k79_19208	5.75989
k79_19209	3.74046
k79_23697	9.67857
k79_5364	10.1193
k79_775	6.90084
k79_23698	5.14729
k79_776	6.7156
k79_5365	10.7607
k79_19210	6.69355
k79_777	3.8
k79_19211	4.38614
k79_5366	4.46667
k79_23699	5.01984
k79_28287	5.38137
k79_5367	4.07368
k79_778	7.36957
k79_19212	5.32967
k79_28288	6.76724
k79_23700	10.3446
k79_19213	3.55159
k79_23701	4.16667
k79_28289	10.5826
k79_19214	4.18653
k79_33055	3.7451
k79_23702	8.25899
k79_19215	3.84559
k79_33056	5.61765
k79_23703	6.81356
k79_28290	6.11053
k79_19216	6.94595
k79_23704	6.61321
k79_33057	9.24848
k79_28291	6.65487
k79_19217	3.792
k79_5368	11.4893
k79_28292	12.4787
k79_33058	5.84524
k79_19218	6.83803
k79_23705	3.67427
k79_5369	6.78571
k79_28293	11.8758
k79_33059	6.83333
k79_19219	6.55245
k79_23706	2.22222
k79_28294	12.2759
k79_19220	9.925
k79_33060	44.5972
k79_28295	4.34161
k79_23707	6.30194
k79_779	8.719
k79_19221	10.8994
k79_28296	7.07576
k79_780	2.86559
k79_28297	2.35593
k79_23708	5.04462
k79_5370	6.58835
k79_781	4.4011
k79_19222	7.77054
k79_33061	5.19809
k79_782	6.63158
k79_5371	8.02359
k79_14443	4.35833
k79_33062	4.88034
k79_28298	9.2381
k79_14444	2.18681
k79_5372	4.17033
k79_19223	9.23487
k79_33063	9.77778
k79_783	6.67943
k79_19224	5.52212
k79_5373	6.09953
k79_28299	9.15839
k79_784	5.86957
k79_33064	6.35598
k79_5374	2.58378
k79_28300	8.10909
k79_14445	14.6464
k79_33065	2.5
k79_5375	6.5259
k79_28301	4.99259
k79_33066	12.3641
k79_14446	2.5922
k79_5376	12.9179
k79_10099	45.0265
k79_33067	3.57823
k79_14447	2.9569
k79_5377	3.7482
k79_10100	4.72034
k79_28302	7.92525
k79_14448	3.84286
k79_5378	2.72414
k79_10101	10.1074
k79_19225	11.4455
k79_14449	4.53922
k79_28303	3.53892
k79_33068	5.73029
k79_5379	6.01042
k79_10102	4.13609
k79_14450	3.41284
k79_10103	3.46429
k79_33069	6.75275
k79_28304	8.73123
k79_14451	6.5875
k79_10104	5.41111
k79_19226	4.89326
k79_14452	10.578
k79_5380	8.02301
k79_28305	5.37135
k79_5381	5.48066
k79_33070	4.9
k79_10105	6.55126
k79_23709	1.696
k79_5382	4.82353
k79_28306	16.686
k79_10106	3.3
k79_5383	3.13514
k79_23710	10.1364
k79_33071	6.5596
k79_28307	24.935
k79_10107	3.46193
k79_33072	4.58
k79_28308	3.08989
k79_33073	5.86709
k79_28309	5.92473
k79_10108	8.41374
k79_28310	5.14286
k79_33074	3.43644
k79_23711	3.60594
k79_23712	5.84043
k79_33075	2.67939
k79_10109	3.57664
k79_5384	11.1464
k79_23713	5.81046
k79_28311	3.9902
k79_10110	2.94554
k79_23714	7.04
k79_33076	4.80997
k79_5385	9.04727
k79_10111	3.88372
k79_5386	4.22414
k79_23715	4.6109
k79_10112	7.11111
k79_5387	3.88189
k79_23716	8.37981
k79_10113	4.58537
k79_33077	4.81692
k79_5388	3.20886
k79_28312	6.92415
k79_10114	2.90598
k79_5389	4.94895
k79_33078	5.70927
k79_10115	5.17949
k79_33079	4.10577
k79_10116	6.35533
k79_33080	4.75568
k79_23717	7.77207
k79_10117	4.88
k79_5390	4.46822
k79_10118	4.48087
k79_23718	5.09446
k79_33081	4.5843
k79_5391	3.89688
k79_28313	12.0837
k79_33082	4.87288
k79_5392	6.3758
k79_28314	5.7027
k79_10119	7.83363
k79_5393	5.16535
k79_33083	4.81081
k79_10120	6.93617
k79_28315	6.716
k79_23719	25.9284
k79_10121	2.97959
k79_33084	9.85455
k79_28316	8.18436
k79_23720	3.44886
k79_33085	2.60684
k79_5394	6.13437
k79_33086	4.70161
k79_23721	5.32405
k79_33087	6.48134
k79_5395	6.92437
k79_33088	8.08989
k79_10122	13.0729
k79_33089	7.23077
k79_23722	20.2706
k79_19227	5.54019
k79_5396	10.0462
k79_33090	1.86364
k79_23723	1.82645
k79_33091	3.04317
k79_28317	12.359
k79_33092	4.9505
k79_19228	3.37182
k79_5397	6.85177
k79_28318	3.93269
k79_33093	6.448
k79_19229	7.80412
k79_5398	2.75556
k79_23724	5.63986
k79_19230	5.16667
k79_33094	4.61806
k79_5399	5.52976
k79_785	9.6625
k79_28319	10.1877
k79_19231	6.1405
k79_23725	10.6348
k79_33095	3.25
k79_23726	4.60748
k79_5400	3.28218
k79_19232	2.93056
k79_33096	4.48768
k79_28320	3.98603
k79_19233	3.78378
k79_786	9.52505
k79_10123	4.59664
k79_19234	2.55882
k79_10124	6.28947
k79_5401	21.545
k79_10125	3.2541
k79_28321	5.63415
k79_5402	3.52941
k79_33097	8.41102
k79_787	6.1654
k79_19235	4.18838
k79_28322	8.06173
k79_33098	13.3255
k79_788	6.25882
k79_5403	5.48172
k79_33099	4.23077
k79_789	5.74157
k79_23727	15.0487
k79_19236	6.94695
k79_33100	8.28947
k79_5404	5.14419
k79_23728	4.90678
k79_790	6.12868
k79_19237	10.1292
k79_33101	4.98256
k79_5405	4.55224
k79_791	5.24051
k79_14453	6.97293
k79_792	10.5548
k79_33102	3.58878
k79_5406	5.14164
k79_14454	1.77941
k79_793	4.62667
k79_794	3.77778
k79_14455	4.52941
k79_33103	3.29648
k79_795	4.71756
k79_19238	6.44208
k79_5407	5.07877
k79_14456	3.5198
k79_796	2.67308
k79_5408	2.19512
k79_14457	4.44099
k79_33104	4.86667
k79_797	4.4019
k79_19239	7.70054
k79_14458	6.17557
k79_33105	4.22481
k79_798	4.25439
k79_5409	5.52784
k79_14459	7.12338
k79_33106	7.87544
k79_5410	6.55839
k79_799	4.82201
k79_5411	2.57031
k79_33107	4.08915
k79_800	4.13462
k79_14460	6.11993
k79_5412	5.90517
k79_33108	7.15385
k79_801	7.6129
k79_14461	3.90278
k79_19240	5.81889
k79_5413	2.87308
k79_14462	3.75
k79_33109	3.08772
k79_5414	9.50459
k79_802	7.41162
k79_5415	6.34409
k79_19241	15.8596
k79_33110	3.79605
k79_5416	7.03333
k79_19242	9.34259
k79_33111	5.05
k79_803	6.57235
k79_5417	5.07609
k79_19243	4.29752
k79_804	6.76923
k79_14463	10.0153
k79_10126	45.3424
k79_19244	1.84043
k79_14464	6.76724
k79_14465	2.50515
k79_10127	8.50198
k79_805	6.61424
k79_33112	8.45138
k79_19245	5.13235
k79_5418	18.0034
k79_10128	7.44327
k79_19246	5.20557
k79_33113	7.63557
k79_806	5.80744
k79_5419	5.58586
k79_10129	9.9087
k79_807	5.48684
k79_5420	7.73427
k79_10130	3.67033
k79_19247	6.29381
k79_5421	3.12903
k79_33114	5.43805
k79_808	5.79104
k79_5422	5.837
k79_809	6.31754
k79_33115	5.43344
k79_5423	4.02347
k79_10131	5.46472
k79_810	4.22337
k79_19248	6.86105
k79_5424	13.1065
k79_10132	3.80065
k79_33116	6.86345
k79_19249	6.2314
k79_33117	7.4841
k79_28323	17.495
k79_10133	6.93254
k79_28324	5.25
k79_10134	7.29771
k79_19250	7.54564
k79_10135	4.4186
k79_33118	7.25498
k79_19251	8.75964
k79_33119	12.3958
k79_19252	7.89474
k79_33120	5.184
k79_19253	3.31183
k79_33121	4.48125
k79_28325	41.6515
k79_19254	17.129
k79_10136	7.86632
k79_33122	8.60976
k79_28326	2.33051
k79_5425	26.4508
k79_19255	6.0
k79_33123	6.86813
k79_10137	3.7382
k79_5426	4.17391
k79_33124	9.01099
k79_10138	6.01887
k79_28327	2.9759
k79_10139	4.53846
k79_5427	3.43836
k79_33125	8.59877
k79_19256	6.64818
k79_10140	11.3125
k79_28328	6.59608
k79_19257	8.45274
k79_10141	3.97133
k79_33126	9.91707
k79_28329	2.75504
k79_19258	7.21705
k79_10142	6.39496
k79_33127	6.28846
k79_28330	4.81132
k79_19259	2.24859
k79_10143	4.0678
k79_33128	6.96296
k79_10144	3.37363
k79_33129	3.95726
k79_28331	4.95736
k79_10145	3.58219
k79_33130	5.58416
k79_19260	4.58271
k79_28332	5.25112
k79_10146	5.20202
k79_33131	5.76754
k79_28333	8.42308
k79_33132	4.70779
k79_28334	5.76923
k79_33133	11.0943
k79_19261	7.9059
k79_28335	3.43636
k79_33134	5.25225
k79_19262	2.48246
k79_28336	3.65347
k79_33135	5.41139
k79_19263	5.80804
k79_33136	2.17
k79_19264	8.2418
k79_33137	3.6382
k79_19265	5.21344
k79_33138	2.86466
k79_33139	9.7622
k79_19266	3.70213
k79_23729	6.64542
k79_19267	4.51842
k79_23730	2.76378
k79_19268	3.76724
k79_23731	9.15
k79_33140	10.2383
k79_19269	6.33974
k79_23732	5.6129
k79_19270	4.38947
k79_33141	4.7181
k79_28337	47.5588
k79_23733	6.71552
k79_19271	5.69725
k79_33142	7.18824
k79_28338	9.38597
k79_23734	3.03401
k79_33143	7.73148
k79_33144	3.65922
k79_28339	5.40851
k79_23735	4.27708
k79_33145	4.20253
k79_23736	2.77193
k79_28340	6.3913
k79_33146	7.81992
k79_23737	3.39888
k79_28341	6.24638
k79_23738	3.08943
k79_33147	8.86014
k79_811	63.6195
k79_19272	13.2032
k79_23739	4.35714
k79_33148	9.20213
k79_23740	3.47059
k79_19273	6.48221
k79_33149	5.68449
k79_23741	4.1411
k79_19274	8.70621
k79_33150	3.30435
k79_812	8.99587
k79_33151	4.66929
k79_23742	9.04461
k79_10147	45.1992
k79_19275	5.14576
k79_813	4.04545
k79_5428	3.04762
k79_10148	3.57522
k79_23743	6.88088
k79_814	2.27907
k79_10149	6.73611
k79_5429	5.03211
k79_815	4.05435
k79_23744	10.6822
k79_19276	4.5711
k79_23745	8.1092
k79_5430	6.04348
k79_19277	5.44019
k79_816	4.52966
k79_10150	4.61707
k79_23746	6.07576
k79_5431	4.33621
k79_10151	6.34228
k79_19278	4.05814
k79_5432	4.89015
k79_10152	6.2013
k79_23747	6.19767
k79_19279	8.60938
k79_28342	10.4368
k79_5433	15.1992
k79_817	5.32842
k79_5434	2.38202
k79_19280	5.26667
k79_28343	5.7906
k79_19281	7.20755
k79_23748	5.22538
k79_818	8.98087
k79_28344	5.28063
k79_5435	7.36465
k79_19282	5.2963
k79_819	5.07373
k79_23749	4.48073
k79_5436	3.76786
k79_19283	6.21456
k79_23750	7.80128
k79_820	2.52473
k79_33152	3.11724
k79_23751	7.5815
k79_19284	10.4386
k79_28345	9.94747
k79_821	11.4041
k79_33153	8.05351
k79_10153	5.79279
k79_33154	3.86667
k79_10154	5.92517
k79_28346	7.47461
k79_822	3.71169
k79_33155	10.254
k79_28347	9.92188
k79_33156	9.96739
k79_28348	3.47664
k79_823	5.80047
k79_33157	3.13402
k79_28349	4.53906
k79_824	5.77037
k79_28350	2.14655
k79_825	5.9404
k79_33158	5.62069
k79_28351	11.7336
k79_33159	3.23333
k79_826	3.31023
k79_33160	10.1978
k79_28352	5.31119
k79_33161	4.96377
k79_827	3.70629
k79_10155	10.4163
k79_828	1.79104
k79_28353	6.57759
k79_33162	10.6742
k79_10156	3.71825
k79_28354	11.1784
k79_33163	3.35731
k79_33164	6.27972
k79_10157	5.30617
k79_33165	6.88654
k79_10158	3.81897
k79_33166	4.4142
k79_10159	8.07831
k79_33167	5.08709
k79_33168	4.9011
k79_33169	5.38547
k79_10160	7.21212
k79_10161	5.24576
k79_10162	3.25532
k79_10163	4.07627
k79_10164	6.99254
k79_10165	7.28853
k79_14466	39.9781
k79_10166	3.67647
k79_5437	3.62275
k79_14467	5.37696
k79_5439	4.91639
k79_14468	3.86878
k79_14469	2.8883
k79_10167	15.3923
k79_19285	2.28125
k79_14470	4.07895
k79_5440	9.67391
k79_14471	5.66129
k79_5441	5.56757
k79_14472	2.53558
k79_5442	3.44762
k79_19286	8.28289
k79_5443	6.96203
k79_14473	4.35958
k79_19287	2.91667
k79_14474	6.55215
k79_19288	15.4324
k79_5444	4.92992
k79_19289	4.2069
k79_5445	2.49194
k79_14475	5.76103
k79_5446	10.2095
k79_14476	2.26966
k79_33170	6.07839
k79_19290	26.0727
k79_19291	4.64516
k79_10168	5.3985
k79_33171	5.7625
k79_5447	5.63212
k79_23752	4.76044
k79_19292	4.08947
k79_10169	6.3
k79_5448	7.9542
k79_33172	13.4866
k79_19293	9.77586
k79_10170	7.69079
k79_33173	9.73451
k79_23753	10.6163
k79_19294	3.15873
k79_23754	2.65263
k79_33174	2.76875
k79_19295	8.4127
k79_10171	4.59016
k79_19296	9.92157
k79_10172	9.28571
k79_5449	16.3582
k79_23755	8.06872
k79_5450	6.55102
k79_10173	5.67453
k79_19297	5.08819
k79_10174	10.7581
k79_10175	4.94488
k79_5451	54.5322
k79_23756	5.53992
k79_19298	9.5974
k79_10176	6.89011
k79_829	5.57895
k79_10177	10.9663
k79_5452	9.92182
k79_23757	5.32738
k79_830	4.36216
k79_10178	22.4754
k79_23758	5.63768
k79_831	10.887
k79_10179	3.84615
k79_832	5.62069
k79_23759	4.78571
k79_33175	6.82322
k79_833	3.40777
k79_10180	5.82723
k79_23760	4.03061
k79_5453	10.9449
k79_33176	3.04965
k79_5454	2.93893
k79_33177	4.98693
k79_10181	6.92932
k79_5455	7.79812
k79_33178	11.0362
k79_5456	3.15029
k79_23761	5.35787
k79_10182	4.8546
k79_5457	3.67722
k79_834	10.285
k79_33179	3.34462
k79_14477	45.068
k79_5458	5.83908
k79_23762	3.97942
k79_14478	11.115
k79_835	5.91777
k79_33180	2.95062
k79_5459	6.48936
k79_23763	3.94737
k79_5460	3.84
k79_14479	7.76667
k79_10183	67.2891
k79_23764	6.61674
k79_5461	3.78992
k79_33181	6.60165
k79_10184	3.25743
k79_5462	4.82105
k79_14480	10.2963
k79_836	4.58604
k79_33182	3.39894
k79_33183	5.47191
k79_10185	2.34591
k79_14481	10.719
k79_28355	43.018
k79_33184	9.35915
k79_14482	13.217
k79_837	5.11066
k79_28356	5.26277
k79_838	11.1328
k79_5463	7.92513
k79_28357	4.99174
k79_839	15.6512
k79_14483	6.77805
k79_28358	4.09565
k79_840	3.62385
k79_33185	6.66923
k79_5464	4.54508
k79_14484	3.84038
k79_28359	4.28022
k79_5465	1.98519
k79_33186	3.68013
k79_5466	2.12903
k79_14485	3.20126
k79_28360	3.97285
k79_33187	3.96842
k79_5467	4.25862
k79_33188	3.35165
k79_28361	14.4587
k79_5468	3.47244
k79_28362	8.34184
k79_10186	13.5416
k79_14486	6.85747
k79_841	5.29467
k79_10187	4.19124
k79_28363	15.6838
k79_842	4.34559
k79_33189	7.82322
k79_5469	5.90497
k79_10188	4.80435
k79_843	5.8
k79_14487	10.3798
k79_28364	8.45017
k79_5470	3.78947
k79_844	5.16327
k79_10189	3.91892
k79_14488	6.30769
k79_845	6.12088
k79_28365	46.6667
k79_5471	4.79114
k79_10190	4.67052
k79_14489	4.41778
k79_28366	6.48214
k79_846	3.3758
k79_5472	7.45596
k79_14490	12.4857
k79_28367	4.69876
k79_19299	8.35949
k79_33190	8.02971
k79_10191	9.50662
k79_14491	5.83714
k79_33191	5.36364
k79_28368	10.5951
k79_10192	7.89189
k79_14492	3.58209
k79_33192	4.97945
k79_28369	2.92357
k79_10193	3.95977
k79_19300	7.88104
k79_33193	5.09692
k79_14493	8.2663
k79_10194	4.59195
k79_28370	11.8862
k79_23765	51.4772
k79_5473	5.86139
k79_14494	2.98214
k79_10195	5.64394
k79_28371	4.87162
k79_23766	1.91453
k79_14495	2.38776
k79_10196	3.15508
k79_23767	3.14423
k79_19301	6.10015
k79_28372	4.64238
k79_5474	4.33962
k79_10197	2.46078
k79_23768	4.6
k79_14496	5.17183
k79_5475	9.03623
k79_847	6.91843
k79_10198	4.86857
k79_19302	4.30503
k79_10199	4.93785
k79_848	7.3682
k79_14497	10.5841
k79_10200	5.375
k79_28373	12.0624
k79_19303	24.9063
k79_14498	7.21174
k79_28374	3.0625
k79_19304	3.33088
k79_14499	5.52941
k79_19305	5.20548
k79_5476	48.707
k79_28375	5.62441
k79_14500	8.99149
k79_28376	6.23077
k79_19306	7.25926
k79_14501	3.604
k79_5477	4.60811
k79_28377	2.94634
k79_19307	3.55
k79_28378	7.43379
k79_19308	5.9021
k79_5478	7.54911
k79_28379	4.10222
k79_14502	17.8051
k79_849	9.80228
k79_5479	10.2381
k79_19309	5.37267
k79_28380	8.46115
k79_850	2.66667
k79_5480	2.25
k79_19310	11.0732
k79_28381	8.09135
k79_851	12.1272
k79_19311	5.07895
k79_5481	10.0046
k79_19312	2.56557
k79_28382	7.21308
k79_5482	5.19424
k79_19313	5.0
k79_28383	11.3827
k79_19314	3.96838
k79_5483	6.66438
k79_19315	5.69784
k79_14503	43.545
k79_33194	10.4607
k79_28384	8.36213
k79_19316	4.78603
k79_33195	1.66406
k79_19317	4.85926
k79_33196	6.03636
k79_14504	4.41221
k79_19318	3.52679
k79_33197	5.24786
k79_14505	3.54297
k79_19319	4.85333
k79_28385	5.69574
k79_14506	3.34831
k79_19320	4.53881
k79_28386	8.19718
k79_33198	6.18998
k79_28387	6.07647
k79_852	25.5527
k79_33199	13.1496
k79_28388	3.81053
k79_853	5.14516
k79_33200	6.28986
k79_28389	13.274
k79_5484	4.78437
k79_854	2.36296
k79_5485	3.81633
k79_5486	2.36207
k79_5487	6.36162
k79_855	5.1943
k79_5488	3.84615
k79_28390	5.29679
k79_5489	4.52239
k79_856	5.3631
k79_33201	8.58457
k79_5490	5.06
k79_857	6.77228
k79_5491	12.677
k79_5492	3.38462
k79_14507	96.2604
k79_5493	3.94054
k79_858	11.5811
k79_28391	9.52964
k79_14508	4.25234
k79_5494	6.76613
k79_859	4.77869
k79_33202	9.58075
k79_23769	3.87245
k79_28392	3.2953
k79_5495	3.41991
k79_33203	4.69027
k79_860	2.7381
k79_14509	5.00611
k79_23770	7.48069
k79_10201	4.36975
k79_23771	4.28444
k79_10202	7.1711
k79_861	4.86559
k79_33204	15.425
k79_5496	5.14638
k79_10203	5.39823
k79_28393	20.754
k79_862	7.0367
k79_23772	22.5533
k79_5497	13.5086
k79_10204	3.95522
k79_33205	14.4507
k79_14510	11.2359
k79_23773	9.21311
k79_863	5.03315
k79_33206	6.02844
k79_23774	3.88421
k79_14511	6.46721
k79_10205	4.69909
k79_28394	6.56735
k79_5498	6.12055
k79_33207	13.6857
k79_864	6.9894
k79_14512	2.38312
k79_28395	5.28058
k79_5499	3.52632
k79_23775	5.41742
k79_10206	7.06195
k79_14513	2.78351
k79_865	4.9084
k79_28396	3.09167
k79_5500	5.24752
k79_33208	2.48092
k79_10207	2.62903
k79_866	1.88764
k79_14514	4.42259
k79_23776	3.38532
k79_33209	4.31776
k79_5501	4.37241
k79_867	3.98
k79_28397	9.60188
k79_5502	3.12169
k79_23777	3.37229
k79_28398	3.65263
k79_14515	8.6171
k79_5503	6.34591
k79_868	6.38424
k79_28399	2.76316
k79_23778	7.39004
k79_869	3.2233
k79_14516	8.01031
k79_23779	3.73203
k79_14517	5.11702
k79_870	10.0946
k79_23780	7.09384
k79_28400	29.6301
k79_14518	4.32026
k79_33210	31.5476
k79_23781	2.75701
k79_14519	2.54667
k79_28401	6.12077
k79_33211	3.2
k79_23782	2.41216
k79_28402	4.97546
k79_23783	3.2228
k79_28403	7.94643
k79_33212	5.31677
k79_23784	4.52239
k79_14520	6.3687
k79_10208	39.988
k79_28404	10.3974
k79_23785	5.66839
k79_14521	4.53211
k79_28405	5.57025
k79_10209	7.43216
k79_23786	4.24176
k79_10210	8.26966
k79_19321	7.41954
k79_28406	30.2177
k79_14522	8.62153
k79_23787	9.04511
k79_28407	5.76923
k79_14523	4.51695
k79_19322	6.85446
k79_10211	4.86447
k79_33213	7.00787
k79_14524	9.32903
k79_10212	7.6701
k79_28408	4.03261
k79_10213	2.3037
k79_28409	4.80392
k79_19323	10.8543
k79_14525	17.6957
k79_28410	5.18868
k79_19324	5.72864
k79_10214	3.44568
k79_33214	11.5277
k79_19325	4.45872
k79_33215	3.51351
k79_10215	5.41209
k79_28411	4.38952
k79_10216	9.69663
k79_19326	3.23394
k79_33216	3.68293
k79_28412	3.3301
k79_23788	10.8314
k79_10217	4.80795
k79_23789	3.81757
k79_19327	3.67669
k79_19328	4.64815
k79_871	7.16279
k79_19329	4.41489
k79_28413	15.0464
k79_872	4.15126
k79_19330	2.55
k79_873	3.27523
k79_14526	6.5115
k79_28414	4.22876
k79_10218	9.11673
k79_10219	2.02632
k79_14527	6.43575
k79_874	7.2884
k79_10220	2.00578
k79_875	3.53061
k79_10221	14.28
k79_14528	6.02252
k79_876	2.23529
k79_10222	2.75969
k79_28415	6.2142
k79_28416	6.41364
k79_877	8.44985
k79_10223	4.00368
k79_28417	5.35329
k79_10224	8.3475
k79_28418	5.2973
k79_878	7.36578
k79_10225	3.96757
k79_28419	5.13904
k79_10226	2.94444
k79_28420	5.15652
k79_879	3.97612
k79_23790	5.89639
k79_880	2.34211
k79_14529	45.4817
k79_23791	11.3732
k79_881	6.90991
k79_19331	11.9157
k79_14530	3.63889
k79_882	3.11228
k79_19332	9.50538
k79_14531	3.33043
k79_19333	4.65934
k79_28421	9.20287
k79_883	9.06923
k79_14532	15.1102
k79_884	5.94656
k79_28422	4.81383
k79_23792	9.11417
k79_19334	4.79009
k79_14533	3.62739
k79_885	7.22015
k79_19335	6.83824
k79_14534	3.99432
k79_886	2.3209
k79_23793	6.32979
k79_887	6.47059
k79_23794	4.95652
k79_888	5.67857
k79_19336	5.88808
k79_14535	6.234
k79_28423	10.9008
k79_889	7.32683
k79_14536	4.90132
k79_19337	19.4892
k79_14537	6.17021
k79_19338	4.56667
k79_28424	5.42308
k79_890	3.78963
k79_19339	6.70707
k79_28425	2.58333
k79_14538	8.39699
k79_23795	6.73384
k79_19340	7.10317
k79_14539	12.6058
k79_19341	5.12245
k79_28426	7.29928
k79_19342	4.22024
k79_23796	7.78864
k79_28427	6.89764
k79_33217	22.9864
k79_10227	9.21111
k79_19343	3.80808
k79_28428	3.84762
k79_33218	4.69388
k79_23797	3.8886
k79_28429	8.48837
k79_23798	4.74775
k79_10228	11.7669
k79_891	18.4078
k79_23799	3.32984
k79_19344	4.1275
k79_10229	7.05
k79_892	2.42276
k79_28430	8.34216
k79_33219	5.62829
k79_23800	5.60156
k79_893	5.072
k79_28431	4.97959
k79_19345	4.14224
k79_23801	7.32804
k79_33220	6.32938
k79_19346	3.94054
k79_28432	8.88649
k79_894	7.1087
k79_10230	8.27986
k79_23802	9.49094
k79_895	6.87273
k79_23803	5.44828
k79_28433	7.0
k79_896	5.875
k79_19347	16.5403
k79_23804	3.97925
k79_28434	9.7875
k79_28435	7.06364
k79_28436	7.06742
k79_19348	4.83571
k79_10231	10.0047
k79_28437	9.96482
k79_19349	7.03361
k79_10232	3.38909
k79_10233	8.22581
k79_19350	2.88333
k79_28438	6.04176
k79_10234	3.36313
k79_28439	4.3
k79_23805	7.45601
k79_19351	6.27491
k79_10235	6.74675
k79_19352	2.89247
k79_23806	7.35849
k79_19353	4.20455
k79_10236	3.16667
k79_28440	7.25268
k79_23807	4.93657
k79_19354	5.5
k79_10237	2.90226
k79_28441	5.0099
k79_10238	11.7086
k79_23808	4.75694
k79_14540	5.64215
k79_19355	3.95977
k79_10239	3.71545
k79_23809	6.23871
k79_19356	5.0122
k79_19357	7.81203
k79_14541	7.33772
k79_23810	13.4476
k79_14542	3.98276
k79_23811	4.896
k79_10240	5.95046
k79_14543	9.625
k79_10241	2.12414
k79_14544	3.56452
k79_19358	5.55
k79_10242	2.69014
k79_14545	8.02326
k79_23812	5.18378
k79_10243	6.375
k79_10244	6.90551
k79_14546	7.80426
k79_5504	40.3818
k79_28442	5.19412
k79_14547	10.384
k79_10245	6.42935
k79_19359	7.75534
k79_28443	5.16327
k79_14548	8.65248
k79_5505	5.54194
k79_10246	2.52475
k79_28444	3.88976
k79_19360	3.17895
k79_5506	4.76433
k79_10247	5.08559
k79_19361	13.0238
k79_28445	8.81369
k79_5507	5.40586
k79_19362	3.62931
k79_10248	5.92
k79_5508	3.83969
k79_10249	4.55072
k79_14549	13.6369
k79_19363	3.13928
k79_10250	5.75325
k79_28446	4.96205
k79_19364	3.65254
k79_14550	5.53846
k79_5509	7.67773
k79_19365	7.97163
k79_23813	6.60325
k79_14551	6.05233
k79_33221	19.839
k79_23814	6.17708
k79_28447	4.56747
k79_19366	10.0407
k79_14552	3.46154
k79_23815	2.85621
k79_33222	3.72398
k79_14553	8.41985
k79_19367	4.60725
k79_5510	15.5586
k79_23816	4.7375
k79_14554	2.53125
k79_28448	9.04054
k79_23817	3.37624
k79_28449	4.65766
k79_14555	13.058
k79_19368	8.98007
k79_23818	3.95395
k79_28450	7.4106
k79_14556	6.58824
k79_5511	4.94073
k79_33223	6.86877
k79_28451	1.41935
k79_19369	5.93729
k79_14557	4.21379
k79_5512	4.56061
k79_23819	6.30827
k79_28452	5.44444
k79_23820	7.4375
k79_33224	4.26168
k79_19370	2.90189
k79_5513	5.7953
k79_28453	4.89593
k79_23821	5.316
k79_5514	2.79386
k79_33225	6.59826
k79_28454	5.5395
k79_5515	4.92917
k79_28455	6.26724
k79_23822	4.39017
k79_14558	18.0898
k79_33226	6.75056
k79_5516	5.92021
k79_14559	6.47253
k79_897	3.95506
k79_33227	9.18375
k79_5517	3.65714
k79_898	4.63429
k79_33228	6.52604
k79_19371	5.65909
k79_28456	13.5605
k79_14560	8.29864
k79_23823	11.5842
k79_19372	3.09244
k79_28457	1.98462
k79_23824	5.16667
k79_14561	10.1976
k79_899	5.49848
k79_19373	10.7571
k79_33229	7.85819
k79_14562	10.6796
k79_900	3.64192
k79_19374	3.24211
k79_28458	42.5104
k79_14563	2.02899
k79_23825	30.9578
k79_23826	6.25
k79_14564	4.07065
k79_23827	3.96116
k79_23828	4.33929
k79_14565	14.8921
k79_33230	5.24309
k79_23829	2.80272
k79_14566	6.30769
k79_33231	7.44737
k79_14567	6.80833
k79_28459	10.531
k79_23830	10.3723
k79_28460	3.5
k79_14568	8.19403
k79_23831	2.91262
k79_28461	5.10891
k79_14569	6.96748
k79_901	13.7533
k79_23832	3.64444
k79_19375	9.98249
k79_14570	3.77161
k79_28462	4.98498
k79_23833	3.82888
k79_19376	4.64493
k79_28463	11.7009
k79_14571	8.865
k79_19377	5.57522
k79_28464	7.29839
k79_14572	4.6
k79_23834	7.90164
k79_19378	4.47778
k79_28465	8.09639
k79_5518	2.8377
k79_19379	3.41584
k79_28466	6.43243
k79_33232	6.78209
k79_23835	9.74172
k79_5519	4.06704
k79_14573	6.46717
k79_23836	11.1277
k79_33233	5.61165
k79_5520	7.34328
k79_19380	6.90365
k79_14574	5.03846
k79_23837	7.99206
k79_28467	25.0616
k79_33234	8.86667
k79_10251	5.30449
k79_14575	6.19209
k79_28468	5.40097
k79_14576	13.635
k79_5521	6.81482
k79_14577	3.1087
k79_28469	5.27807
k79_5522	4.40541
k79_33235	5.3188
k79_5523	4.01429
k79_14578	4.1
k79_28470	5.63131
k79_33236	2.97643
k79_14579	5.22609
k79_5524	4.02857
k79_33237	6.77612
k79_14580	3.35593
k79_28471	5.75
k79_5525	9.49223
k79_19381	10.1542
k79_33238	5.54167
k79_28472	3.07857
k79_5526	5.69767
k79_28473	5.63717
k79_10252	11.1511
k79_19382	7.18715
k79_5527	3.60843
k79_28474	3.61972
k79_5528	3.8374
k79_10253	7.79956
k79_28475	4.39233
k79_28476	3.02586
k79_10254	3.20707
k79_19383	8.56794
k79_902	5.66699
k79_14581	7.96901
k79_28477	3.78626
k79_10255	9.66197
k79_19384	2.15909
k79_5529	7.2797
k79_903	10.0395
k79_19385	2.75
k79_5530	1.83486
k79_904	4.60163
k79_33239	11.8111
k79_19386	13.5795
k79_905	16.5153
k79_28478	6.72955
k79_33240	5.58738
k79_5531	65.3309
k79_19387	4.15038
k79_10256	7.3364
k79_33241	3.2
k79_28479	3.25203
k79_5532	3.75258
k79_10257	3.91979
k79_33242	4.7574
k79_28480	15.9901
k79_5533	11.4575
k79_10258	3.52727
k79_33243	4.94702
k79_28481	6.41538
k79_5534	5.11374
k79_10259	5.01613
k79_33244	3.38255
k79_28482	6.73288
k79_10260	5.12214
k79_33245	3.94595
k79_19388	9.6056
k79_5535	4.03757
k79_10261	4.475
k79_28483	3.97619
k79_19389	3.41279
k79_19390	7.26316
k79_28484	5.39109
k79_10262	3.79038
k79_33246	7.13885
k79_14582	9.27345
k79_5536	5.72685
k79_14583	7.20155
k79_5537	7.09091
k79_28485	6.1455
k79_33247	7.50151
k79_5538	10.2492
k79_14584	12.0085
k79_33248	4.65427
k79_5539	4.00952
k79_28486	4.30607
k79_14585	5.44056
k79_10263	7.03063
k79_28487	5.89496
k79_33249	7.88961
k79_14586	7.86818
k79_10264	6.64384
k79_5540	4.15044
k79_28488	6.1875
k79_19391	3.22148
k79_14587	5.09028
k79_28489	4.86705
k79_19392	3.28986
k79_5541	6.7193
k79_28490	4.23762
k79_14588	2.56757
k79_10265	12.1872
k79_33250	7.62615
k79_10266	5.32609
k79_28491	3.04651
k79_19393	5.08481
k79_14589	4.22222
k79_33251	4.12253
k79_10267	3.28125
k79_14590	5.04865
k79_19394	21.6607
k79_28492	11.146
k79_14591	3.85366
k79_10268	3.79888
k79_5542	4.17952
k79_5543	4.41414
k79_14592	3.97015
k79_10269	4.68966
k79_5544	4.07285
k79_10270	4.56522
k79_10271	4.72727
k79_5545	4.87302
k79_10272	4.76923
k79_5546	7.93284
k79_23838	3.88406
k79_14593	5.47715
k79_5547	4.38462
k79_14594	2.58696
k79_23839	6.38961
k79_5548	5.03134
k79_14595	3.82022
k79_19395	10.0981
k79_19396	7.52143
k79_5549	4.75439
k79_23840	10.1447
k79_19397	2.59363
k79_5550	3.87082
k79_23841	5.17108
k79_19398	3.50917
k79_33252	8.7948
k79_19399	4.29474
k79_23842	3.66341
k79_28493	41.6631
k79_19400	7.21591
k79_23843	5.52308
k79_28494	5.57895
k79_5551	6.29088
k79_33253	7.02614
k79_23844	4.52191
k79_33254	3.42564
k79_28495	6.79939
k79_19401	11.2594
k79_10273	3.9322
k79_5552	7.76606
k79_28496	12.4238
k79_33255	3.78417
k79_19402	3.65244
k79_10274	16.2731
k79_19403	5.06569
k79_5553	8.94834
k79_5554	2.28889
k79_14596	9.3
k79_10275	5.53716
k79_28497	7.38447
k79_14597	6.14583
k79_10276	8.55122
k79_28498	2.88128
k79_33256	5.3858
k79_14598	6.99574
k79_10277	7.24615
k79_28499	8.54967
k79_5555	8.15726
k79_33257	4.6114
k79_28500	2.46
k79_10278	7.39098
k79_14599	5.86194
k79_33258	4.24348
k79_28501	2.15966
k79_5556	11.7638
k79_14600	2.25843
k79_10279	5.40828
k79_28502	4.1931
k79_10280	5.03448
k79_5557	4.34254
k79_33259	5.14626
k79_906	7.81507
k79_5558	7.20628
k79_907	5.05512
k79_10281	8.30688
k79_28503	5.42886
k79_5559	3.60947
k79_10282	4.4759
k79_908	7.03548
k79_28504	4.75584
k79_19404	4.09836
k79_909	4.68033
k79_10283	3.52361
k79_910	3.11299
k79_28505	5.57338
k79_911	6.65657
k79_28506	7.14737
k79_19405	4.70019
k79_10284	8.81163
k79_28507	4.09804
k79_5560	5.44851
k79_19406	2.99237
k79_10285	1.65657
k79_912	4.81556
k79_28508	2.2069
k79_5561	3.10769
k79_19407	6.67582
k79_10286	3.69474
k79_913	3.375
k79_5562	5.3369
k79_19408	7.90071
k79_28509	5.46541
k79_19409	5.78125
k79_5563	2.92642
k79_28510	9.29214
k79_914	4.91102
k79_915	4.3876
k79_28511	7.01976
k79_19410	6.32347
k79_28512	6.51685
k79_10287	19.3373
k79_916	6.22321
k79_28513	8.74719
k79_10288	2.99454
k79_19411	4.88644
k79_19412	12.419
k79_5564	6.00732
k79_10289	8.42253
k79_28514	4.85396
k79_5565	4.48077
k79_917	6.40778
k79_19413	2.9639
k79_10290	6.54598
k79_28515	4.70283
k79_918	9.17431
k79_919	12.168
k79_19414	5.46237
k79_920	5.01626
k79_10291	8.10784
k79_921	12.7835
k79_28516	8.78261
k79_10292	5.20122
k79_28517	5.60638
k79_19415	3.88462
k79_5566	7.70699
k79_10293	3.22917
k79_28518	7.56075
k79_922	5.73762
k79_19416	6.69173
k79_28519	4.6911
k79_19417	8.42073
k79_10294	5.41418
k79_923	10.4404
k79_5567	10.1556
k79_28520	3.28387
k79_19418	3.66917
k79_10295	3.18878
k79_5568	4.07035
k79_19419	4.90521
k79_28521	4.34579
k79_5569	5.0283
k79_19420	8.13095
k79_5570	6.91379
k79_5571	4.11688
k79_28522	6.57614
k79_19421	47.5835
k79_23845	9.27907
k79_924	4.36351
k79_5572	3.56667
k79_19422	4.528
k79_23846	5.60194
k79_925	4.30396
k79_19423	7.80374
k79_23847	5.41758
k79_5573	4.81493
k79_926	4.0
k79_19424	3.87786
k79_23848	2.48889
k79_5574	6.55814
k79_927	1.39024
k79_19425	9.01914
k79_928	6.05143
k79_5575	3.70563
k79_929	2.67
k79_23849	5.79954
k79_33260	3.33333
k79_28523	10.1528
k79_23850	4.08738
k79_5576	8.36053
k79_33261	4.40164
k79_23851	2.60606
k79_33262	3.13139
k79_28524	7.15057
k79_23852	7.05455
k79_19426	9.74566
k79_28525	4.85374
k79_33263	3.54155
k79_28526	2.475
k79_14601	10.6948
k79_5577	11.913
k79_28527	3.35227
k79_33264	9.27294
k79_5578	3.19841
k79_14602	3.86207
k79_28528	4.75728
k79_33265	5.50331
k79_14603	3.78689
k79_23853	12.5275
k79_33266	3.63934
k79_14604	3.54839
k79_23854	4.17986
k79_28529	7.05825
k79_14605	6.24818
k79_23855	4.63775
k79_14606	4.72
k79_33267	8.39703
k79_5579	10.1193
k79_14607	3.77196
k79_33268	4.76697
k79_5580	5.39787
k79_14608	3.03955
k79_33269	5.90419
k79_28530	6.62295
k79_19427	5.08616
k79_33270	3.04
k79_14609	5.62708
k79_28531	4.16172
k79_33271	8.10077
k79_14610	4.90909
k79_19428	4.18313
k79_33272	7.13514
k79_14611	2.57426
k79_28532	6.09926
k79_28533	4.88539
k79_33273	10.1392
k79_14612	5.23649
k79_19429	10.5092
k79_28534	6.76923
k79_33274	5.27273
k79_28535	1.53043
k79_33275	6.58672
k79_28536	4.71233
k79_28537	4.82422
k79_28538	4.48819
k79_28539	6.7987
k79_19430	8.24002
k79_28540	4.31856
k79_19431	9.31081
k79_33276	74.3652
k79_930	15.4569
k79_33277	4.57447
k79_10296	5.73796
k79_931	4.35766
k79_33278	11.8801
k79_932	10.5802
k79_33279	8.7156
k79_933	3.66304
k79_10297	4.4968
k79_33280	13.2636
k79_33281	11.5833
k79_19432	4.65079
k79_10298	9.1098
k79_19433	3.69149
k79_14613	20.8331
k79_33282	4.32054
k79_10299	2.28
k79_23856	44.2478
k79_10300	10.4583
k79_23857	1.85714
k79_14614	4.52174
k79_14615	5.58407
k79_10301	7.64249
k79_14616	6.14286
k79_23858	9.03714
k79_33283	6.35981
k79_14617	6.38406
k79_33284	4.17757
k79_23859	5.30263
k79_10302	6.38367
k79_23860	5.61991
k79_33285	4.85106
k79_10303	5.14516
k79_23861	4.84167
k79_10304	3.16038
k79_33286	2.84722
k79_934	9.8658
k79_23862	2.66207
k79_10305	4.74194
k79_935	18.0595
k79_33287	8.50443
k79_10306	4.07471
k79_33288	4.51852
k79_33289	5.76344
k79_10307	5.32871
k79_936	6.85043
k79_10308	5.55458
k79_937	3.31922
k79_10309	8.41627
k79_33290	5.71429
k79_23863	7.41657
k79_10310	5.03333
k79_33291	3.40928
k79_23864	4.2451
k79_10311	3.97248
k79_23865	7.64981
k79_10312	5.66415
k79_10313	2.71111
k79_33292	5.80564
k79_23866	6.03188
k79_10314	4.39286
k79_33293	8.05806
k79_10315	8.55738
k79_23867	5.3
k79_33294	6.81116
k79_10316	6.91089
k79_10317	4.70103
k79_10318	2.76596
k79_33295	4.67686
k79_23868	3.31408
k79_10319	3.24503
k79_938	25.3337
k79_23869	19.6244
k79_33296	7.40167
k79_939	3.73585
k79_23870	3.31111
k79_33297	5.64602
k79_10320	6.62229
k79_5581	3.632
k79_28541	3.35
k79_33298	5.59659
k79_5582	2.69725
k79_33299	5.53922
k79_23871	7.73581
k79_5583	13.9341
k79_28542	8.8513
k79_33300	2.11111
k79_33301	7.51181
k79_5584	4.91855
k79_28543	4.51411
k79_33302	7.64925
k79_5585	9.99554
k79_28544	5.43089
k79_33303	3.48
k79_28545	2.28571
k79_5586	3.64516
k79_33304	6.99624
k79_5587	2.36139
k79_33305	5.81633
k79_23872	7.33738
k79_19434	5.08889
k79_28546	5.2964
k79_5588	2.98013
k79_33306	9.14583
k79_23873	3.3913
k79_28547	3.17012
k79_5589	3.92162
k79_28548	6.82963
k79_23874	7.47162
k79_19435	6.52632
k79_33307	3.77718
k79_23875	3.27068
k79_5590	7.81651
k79_19436	6.74757
k79_33308	5.56463
k79_19437	1.96629
k79_28549	4.81818
k79_33309	2.06923
k79_23876	4.96296
k79_28550	3.38776
k79_33310	7.81373
k79_19438	4.57807
k79_28551	9.1641
k79_19439	7.67033
k79_28552	6.79439
k79_23877	12.7764
k79_33311	7.15873
k79_19440	5.38202
k79_28553	4.86705
k79_23878	4.53529
k79_19441	2.96078
k79_23879	2.8
k79_33312	4.07425
k79_28554	5.79275
k79_23880	2.96861
k79_33313	3.13846
k79_19442	9.18833
k79_33314	5.26087
k79_23881	7.72314
k79_28555	5.12329
k79_33315	5.48421
k79_23882	6.91241
k79_33316	5.12605
k79_19443	6.62694
k79_23883	3.63158
k79_33317	8.44554
k79_28556	5.45205
k79_19444	10.13
k79_28557	5.16814
k79_940	4.99107
k79_28558	6.7
k79_941	3.76667
k79_19445	7.94942
k79_942	2.30714
k79_28559	3.49569
k79_19446	3.47126
k79_943	3.9902
k79_28560	4.064
k79_944	3.32743
k79_19447	8.00595
k79_28561	6.08264
k79_23884	7.0638
k79_19448	4.75652
k79_945	4.40244
k79_23885	4.14151
k79_946	3.32143
k79_19449	4.28881
k79_947	6.46825
k79_948	4.00741
k79_19450	4.30156
k79_949	4.32258
k79_19451	5.39091
k79_950	5.95808
k79_28562	10.8195
k79_951	6.46154
k79_19452	9.10533
k79_952	5.10914
k79_19453	8.7678
k79_19454	3.90027
k79_28563	22.6114
k79_23886	10.1921
k79_14618	49.8247
k79_10321	2.71717
k79_23887	4.54286
k79_10322	7.82308
k79_14619	6.91133
k79_10323	3.16814
k79_23888	5.62264
k79_23889	8.34975
k79_14620	3.80585
k79_5591	48.3735
k79_5592	2.10526
k79_5593	5.32645
k79_14621	7.34407
k79_23890	7.76781
k79_10324	6.96042
k79_5594	5.31522
k79_14622	5.69828
k79_23891	4.0
k79_10325	5.18792
k79_10326	7.57778
k79_14623	2.21547
k79_23892	11.1422
k79_14624	3.46465
k79_5595	3.65402
k79_10327	13.4916
k79_10328	5.86598
k79_14625	1.74725
k79_23893	3.17184
k79_14626	11.0728
k79_14627	4.20455
k79_10329	6.94261
k79_23894	4.99876
k79_10330	3.71618
k79_14628	5.67773
k79_953	43.5662
k79_23895	4.03502
k79_10331	17.5484
k79_14629	10.8992
k79_23896	4.20863
k79_10332	4.53401
k79_14630	5.41791
k79_10333	4.59375
k79_14631	3.05785
k79_954	7.22474
k79_14632	3.35385
k79_10334	4.41361
k79_955	2.67763
k79_33318	4.22105
k79_14633	5.58407
k79_10335	5.2303
k79_33319	10.893
k79_14634	3.58951
k79_33320	4.66751
k79_14635	2.6371
k79_14636	5.72388
k79_33321	10.1102
k79_10336	7.78356
k79_33322	6.41319
k79_33323	4.09924
k79_14637	6.01704
k79_10337	9.2577
k79_33324	3.52229
k79_14638	9.21569
k79_33325	2.76423
k79_33326	3.35556
k79_14639	3.44061
k79_14640	3.23656
k79_33327	6.31925
k79_33328	2.92806
k79_14641	14.5656
k79_10338	9.11683
k79_33329	6.75
k79_14642	3.39157
k79_10339	6.7
k79_33330	6.28378
k79_14643	7.44444
k79_14644	2.41053
k79_33331	6.75576
k79_33332	4.89474
k79_14645	5.43902
k79_28564	3.43711
k79_33333	5.16304
k79_14646	5.36364
k79_28565	6.12414
k79_33334	5.67159
k79_33335	6.3301
k79_23897	13.9302
k79_14647	5.11667
k79_19455	12.6245
k79_23898	13.1479
k79_28566	7.99528
k79_19456	4.67376
k79_23899	6.44304
k79_33336	16.2725
k79_28567	4.68878
k79_19457	7.05494
k79_19458	3.63816
k79_23900	3.87795
k79_33337	4.17789
k79_14648	2.55975
k79_33338	15.2081
k79_23901	7.29968
k79_14649	6.26
k79_23902	9.30556
k79_14650	1.9115
k79_33339	5.87375
k79_23903	4.63804
k79_14651	5.85185
k79_33340	5.40909
k79_23904	4.78873
k79_14652	5.70956
k79_33341	6.03125
k79_28568	10.8563
k79_28569	3.62011
k79_23905	14.385
k79_33342	4.83828
k79_28570	15.7266
k79_14653	55.4951
k79_23906	3.39249
k79_5596	49.1723
k79_10340	2.84
k79_28571	2.66867
k79_33343	3.93521
k79_23907	8.01891
k79_33344	7.75503
k79_5597	9.45402
k79_23908	5.05405
k79_14654	7.59913
k79_5598	8.59055
k79_28572	12.5652
k79_33345	3.78182
k79_14655	4.80556
k79_28573	7.55844
k79_5599	8.19395
k79_28574	4.37097
k79_5600	9.44828
k79_956	2.84277
k79_23909	7.85984
k79_957	11.0569
k79_23910	5.47934
k79_28575	6.36946
k79_5601	10.2768
k79_23911	3.73292
k79_958	6.13575
k79_28576	5.55789
k79_5602	5.98958
k79_28577	4.47183
k79_14656	11.1825
k79_14657	6.02564
k79_959	3.08463
k79_5603	8.21749
k79_28578	6.93122
k79_14658	4.00855
k79_960	6.40455
k79_23912	5.58844
k79_5604	6.19665
k79_14659	5.17143
k79_5605	5.38961
k79_28579	4.75256
k79_5606	6.87952
k79_961	7.33923
k79_14660	3.19614
k79_5607	3.16038
k79_28580	4.66346
k79_5608	8.05714
k79_962	7.81778
k79_28581	4.35714
k79_963	3.79845
k79_14661	14.651
k79_5609	11.4441
k79_28582	7.25571
k79_964	6.1122
k79_28583	2.14465
k79_5610	4.17021
k79_23913	8.40054
k79_28584	2.68807
k79_965	4.77143
k79_14662	5.76871
k79_28585	3.5814
k79_966	3.11538
k79_23914	5.332
k79_967	6.80952
k79_23915	5.11506
k79_968	9.99175
k79_14663	3.9378
k79_28586	8.63564
k79_5611	7.29249
k79_14664	2.32727
k79_969	6.38914
k79_28587	3.59048
k79_5612	7.4065
k79_5613	11.1606
k79_28588	5.97266
k79_970	8.56695
k79_5614	7.54167
k79_28589	5.28571
k79_971	8.0
k79_972	13.3173
k79_973	2.44262
k79_974	6.61878
k79_5615	7.98277
k79_975	3.49488
k79_976	5.63687
k79_5616	5.9604
k79_5617	6.68518
k79_33346	6.48711
k79_10341	5.59639
k79_5618	5.17958
k79_33347	4.02372
k79_10342	2.60938
k79_5619	3.37209
k79_23916	66.3875
k79_10343	9.92064
k79_5620	6.52542
k79_23917	5.40719
k79_5621	8.67978
k79_10344	5.3403
k79_19459	48.6281
k79_33348	5.07821
k79_10345	5.73759
k79_33349	7.54639
k79_19460	12.1144
k79_33350	4.7379
k79_33351	9.8125
k79_19461	5.3615
k79_33352	3.74834
k79_23918	9.49891
k79_19462	5.42276
k79_33353	9.98238
k79_19463	2.05172
k79_23919	3.86765
k79_19464	5.56429
k79_33354	6.45729
k79_33355	4.06204
k79_33356	9.30357
k79_10346	12.2152
k79_33357	3.14035
k79_5622	10.8284
k79_23920	9.24687
k79_5623	6.33036
k79_23921	9.55333
k79_10347	5.28806
k79_5624	7.92857
k79_33358	9.36214
k79_10348	11.9684
k79_33359	8.46575
k79_19465	9.9068
k79_33360	11.05
k79_23922	7.1307
k79_19466	8.96863
k79_33361	3.6257
k79_23923	7.01596
k79_19467	9.95789
k79_33362	3.87879
k79_10349	8.48302
k79_23924	3.52174
k79_5625	5.59021
k79_23925	2.7619
k79_33363	10.0039
k79_5626	7.71717
k79_19468	8.59644
k79_10350	3.58065
k79_33364	2.76923
k79_19469	4.89091
k79_5627	8.48718
k79_23926	16.4669
k79_10351	5.05833
k79_19470	3.45374
k79_33365	5.05898
k79_19471	3.36872
k79_33366	3.4
k79_28590	10.1005
k79_5628	5.09001
k79_19472	5.71028
k79_33367	4.14976
k79_23927	9.00126
k79_28591	9.46575
k79_5629	3.54255
k79_19473	2.47967
k79_23928	3.67778
k79_14665	7.27753
k79_14666	2.10811
k79_28592	3.12143
k79_14667	4.89231
k79_28593	2.16154
k79_5630	3.36874
k79_10352	16.5421
k79_5631	8.34902
k79_10353	3.96133
k79_14668	7.46632
k79_33368	12.1447
k79_5632	10.875
k79_14669	2.15385
k79_33369	24.608
k79_14670	5.07051
k79_977	5.67039
k79_978	4.4863
k79_14671	4.86517
k79_28594	30.6877
k79_5633	8.79795
k79_979	8.97115
k79_28595	9.32143
k79_5634	6.57798
k79_14672	10.9791
k79_980	3.59375
k79_28596	8.88095
k79_14673	6.42786
k79_28597	5.75487
k79_28598	4.17699
k79_28599	3.99174
k79_14674	6.70677
k79_28600	9.41304
k79_981	9.43377
k79_19474	4.05882
k79_28601	2.18812
k79_982	5.21429
k79_19475	29.6484
k79_14675	8.17085
k79_983	10.1333
k79_19476	3.2
k79_28602	6.12755
k79_14676	4.8694
k79_984	9.65517
k79_14677	7.38739
k79_19477	6.83918
k79_985	3.05422
k79_28603	8.66489
k79_19478	4.66038
k79_14678	11.2692
k79_14679	4.02913
k79_28604	9.06182
k79_19479	4.04511
k79_14680	2.133
k79_19480	5.45833
k79_986	5.92391
k79_14681	15.6777
k79_28605	5.98944
k79_14682	29.1083
k79_19481	6.21587
k79_987	15.4506
k79_14683	7.13992
k79_19482	4.92308
k79_28606	7.81767
k79_19483	5.81646
k79_14684	10.1486
k79_988	4.73898
k79_19484	15.1618
k79_28607	11.9451
k79_14685	3.03723
k79_28608	8.49474
k79_14686	4.0098
k79_14687	5.97826
k79_19485	3.78967
k79_14688	6.28033
k79_14689	4.12102
k79_19486	6.89038
k79_14690	2.133
k79_989	6.64601
k79_14691	7.73814
k79_990	5.04865
k79_5635	59.1871
k79_10354	58.648
k79_23929	6.67376
k79_5636	7.21605
k79_14692	6.31307
k79_33370	4.91842
k79_5637	2.83146
k79_23930	10.1799
k79_5638	6.50862
k79_14693	4.03478
k79_14694	5.94845
k79_5639	8.81098
k79_23931	5.91411
k79_33371	8.0538
k79_5640	4.11225
k79_23932	3.9125
k79_33372	7.06364
k79_14695	3.58824
k79_5641	1.92969
k79_23933	7.97101
k79_33373	4.55597
k79_28609	41.488
k79_14696	5.2126
k79_33374	3.764
k79_14697	7.13333
k79_5642	6.75772
k79_33375	7.4188
k79_28610	4.35509
k79_33376	11.6508
k79_5643	5.6732
k79_28611	2.26812
k79_23934	6.14781
k79_33377	2.35417
k79_5644	6.5625
k79_28612	7.68889
k79_5645	6.70244
k79_28613	3.45333
k79_23935	5.54441
k79_33378	4.72665
k79_5646	4.10135
k79_28614	3.22293
k79_14698	6.65166
k79_5647	5.21229
k79_23936	10.8052
k79_33379	4.27957
k79_14699	2.32653
k79_28615	6.24407
k79_5648	12.5045
k79_23937	3.89062
k79_33380	4.0129
k79_14700	3.09664
k79_28616	5.02041
k79_33381	4.18354
k79_23938	8.51007
k79_28617	3.25
k79_33382	3.07634
k79_14701	6.52888
k79_28618	7.14286
k79_33383	3.48175
k79_14702	5.99592
k79_23939	5.92706
k79_33384	3.49057
k79_14703	4.1
k79_28619	6.20638
k79_14704	5.08791
k79_33385	4.85754
k79_23940	6.3953
k79_33386	3.14655
k79_14705	2.97436
k79_33387	3.90435
k79_23941	9.33333
k79_33388	4.19643
k79_23942	7.40476
k79_23943	3.88776
k79_14706	10.0943
k79_23944	5.9058
k79_33389	8.70803
k79_23945	8.17391
k79_14707	5.58854
k79_5649	45.7277
k79_33390	3.01646
k79_23946	5.74752
k79_14708	5.86517
k79_5650	12.1056
k79_14709	8.91765
k79_19487	9.52807
k79_33391	4.1678
k79_19488	8.9115
k79_33392	7.99
k79_23947	6.28239
k79_19489	3.33333
k79_23948	8.13853
k79_33393	5.09428
k79_19490	3.78716
k79_23949	2.5914
k79_33394	4.45333
k79_19491	3.03629
k79_33395	6.07547
k79_23950	6.10256
k79_19492	3.71631
k79_23951	3.71053
k79_14710	8.8089
k79_5651	2.85714
k79_23952	5.75472
k79_991	7.33333
k79_23953	3.03738
k79_5652	13.0217
k79_14711	3.64615
k79_5653	5.28182
k79_23954	2.66667
k79_14712	3.54419
k79_5654	5.71613
k79_5655	8.76582
k79_14713	4.39863
k79_10355	3.44203
k79_5656	5.21721
k79_992	7.51194
k79_10356	8.50407
k79_5657	5.26277
k79_10357	7.21429
k79_993	4.49327
k79_28620	46.8333
k79_10358	6.09901
k79_994	3.89333
k79_10359	3.62222
k79_28621	7.79864
k79_995	3.91346
k79_14714	5.95446
k79_996	6.85714
k79_10360	6.52994
k79_28622	8.32734
k79_10361	3.5913
k79_997	10.5054
k79_28623	3.55814
k79_10362	9.305
k79_14715	4.57165
k79_28624	9.41648
k79_998	7.04437
k79_28625	3.65
k79_999	3.26891
k79_5658	8.24975
k79_1000	3.95918
k79_14716	4.98851
k79_10363	5.4119
k79_1001	13.8922
k79_5659	5.88076
k79_14717	7.03951
k79_1002	6.04688
k79_5660	5.55
k79_1003	3.93636
k79_10364	6.89533
k79_5661	4.26144
k79_14718	4.55303
k79_1004	7.0596
k79_5662	10.902
k79_14719	5.67081
k79_10365	3.82432
k79_14720	8.07254
k79_14721	4.81731
k79_10366	4.69079
k79_10367	2.39175
k79_5663	3.78571
k79_14722	3.80693
k79_1005	14.396
k79_10368	4.81955
k79_14723	6.21622
k79_1006	7.54198
k79_5664	5.75904
k79_28626	15.3323
k79_5665	4.16535
k79_14724	2.96899
k79_1007	7.80443
k79_1008	3.91089
k79_14725	5.56148
k79_10369	9.47871
k79_28627	6.81154
k79_5666	4.86923
k79_14726	7.02837
k79_10370	8.23776
k79_28628	7.80986
k79_5667	5.42105
k79_10371	2.85
k79_5668	4.03791
k79_14727	8.22674
k79_1009	8.40454
k79_10372	6.32093
k79_28629	7.7343
k79_5669	5.86239
k79_14728	3.22115
k79_28630	3.61856
k79_10373	3.90604
k79_14729	6.96429
k79_5670	4.25986
k79_14730	2.46043
k79_10374	5.87578
k79_28631	6.69755
k79_1010	4.6383
k79_19493	11.6848
k79_28632	4.1625
k79_10375	4.57463
k79_19494	4.98131
k79_28633	4.37158
k79_14731	9.48864
k79_10376	5.25984
k79_28634	3.70103
k79_19495	6.85965
k79_1011	10.3054
k79_14732	2.75336
k79_28635	7.54709
k79_10377	5.66667
k79_1012	3.61947
k79_19496	9.6547
k79_28636	6.20833
k79_14733	3.93529
k79_19497	6.70803
k79_1013	10.8889
k79_10378	8.89606
k79_19498	2.07273
k79_10379	3.97849
k79_14734	10.9333
k79_1014	7.66412
k79_23955	6.11738
k79_19499	4.76923
k79_14735	4.36123
k79_10380	3.23457
k79_1015	7.44279
k79_23956	4.74384
k79_14736	4.44218
k79_23957	5.68367
k79_14737	2.48276
k79_10381	4.77656
k79_1016	5.88581
k79_14738	2.44
k79_23958	5.07213
k79_1017	5.7218
k79_14739	4.01345
k79_23959	6.34091
k79_14740	5.34211
k79_23960	26.3091
k79_14741	5.69427
k79_10382	6.57015
k79_10383	2.25217
k79_10384	5.06122
k79_23961	6.99638
k79_1018	5.5217
k79_14742	12.1065
k79_23962	3.51754
k79_10385	4.44082
k79_23963	10.5118
k79_10386	12.4763
k79_23964	3.77251
k79_10387	4.61905
k79_14743	13.0601
k79_19500	10.3709
k79_23965	3.42953
k79_10388	4.1761
k79_14744	2.72308
k79_19501	3.23636
k79_33396	6.00875
k79_23966	3.60802
k79_19502	4.86413
k79_10389	5.35
k79_33397	8.29796
k79_19503	5.04902
k79_23967	4.3883
k79_33398	3.76842
k79_10390	7.19364
k79_33399	1.28571
k79_19504	4.20333
k79_14745	7.15609
k79_23968	10.1696
k79_33400	4.41803
k79_14746	4.27
k79_19505	4.46429
k79_23969	3.00515
k79_10391	5.72034
k79_33401	7.35461
k79_14747	2.74074
k79_19506	4.08264
k79_33402	1.8
k79_23970	6.76506
k79_19507	5.0
k79_10392	6.86547
k79_14748	5.03546
k79_14749	2.66942
k79_19508	4.81818
k79_33403	5.48157
k79_14750	4.34188
k79_10393	9.9711
k79_33404	3.49194
k79_14751	3.41667
k79_10394	3.65385
k79_19509	4.52521
k79_14752	3.88608
k79_33405	4.90421
k79_23971	6.41585
k79_19510	12.8047
k79_10395	10.5585
k79_33406	11.0405
k79_14753	2.95057
k79_14754	4.92
k79_33407	7.36538
k79_5671	4.23715
k79_10396	12.433
k79_14755	4.36054
k79_33408	5.33043
k79_23972	5.27133
k79_10397	7.64975
k79_5672	2.64583
k79_14756	5.30857
k79_33409	4.72251
k79_5673	3.37963
k79_23973	3.54194
k79_14757	9.32143
k79_10398	5.48089
k79_23974	5.26613
k79_5674	6.67204
k79_33410	8.45553
k79_5675	2.7594
k79_23975	4.46277
k79_33411	5.98058
k79_14758	9.34015
k79_10399	7.83521
k79_33412	10.7308
k79_23976	3.87912
k79_10400	3.35165
k79_23977	4.65352
k79_33413	7.57928
k79_28637	6.80556
k79_10401	5.73253
k79_33414	3.56701
k79_28638	1.64894
k79_10402	8.41177
k79_33415	3.26174
k79_5676	18.6838
k79_28639	3.59346
k79_10403	2.88095
k79_33416	1.92233
k79_5677	4.55556
k79_33417	4.78723
k79_10404	7.85849
k79_14759	10.5849
k79_28640	4.42966
k79_5678	4.44724
k79_14760	3.57
k79_10405	11.2409
k79_33418	7.70192
k79_28641	5.70552
k79_5679	5.38168
k79_14761	9.77647
k79_28642	4.1236
k79_5680	2.32
k79_14762	7.4188
k79_33419	5.97682
k79_28643	5.08491
k79_33420	12.7473
k79_14763	6.89418
k79_10406	5.72756
k79_28644	9.7013
k79_14764	3.80488
k79_28645	9.42857
k79_5681	5.79658
k79_14765	5.80672
k79_10407	4.90862
k79_5682	4.98611
k79_14766	3.6051
k79_33421	6.15264
k79_10408	2.12234
k79_5683	5.40476
k79_33422	7.81667
k79_10409	4.59167
k79_5684	2.9907
k79_14767	6.48132
k79_33423	5.77075
k79_10410	6.86555
k79_5685	5.05
k79_28646	8.65306
k79_5686	2.57983
k79_28647	3.87745
k79_5687	3.67365
k79_33424	5.48896
k79_10411	5.80229
k79_28648	2.91011
k79_33425	6.725
k79_10412	10.44
k79_5688	6.72727
k79_28649	2.97436
k79_33426	12.043
k79_10413	5.14844
k79_28650	3.02762
k79_33427	7.37255
k79_10414	5.78543
k79_33428	7.04255
k79_28651	1.60976
k79_28652	5.6701
k79_1019	18.6205
k79_10415	6.00375
k79_10416	5.5
k79_1020	1.85185
k79_5689	7.69282
k79_10417	6.61607
k79_5690	8.71323
k79_10418	8.75563
k79_5691	7.30846
k79_1021	6.34918
k79_5692	9.20769
k79_10419	2.4698
k79_10420	10.0457
k79_5693	21.032
k79_1022	11.3894
k79_5694	5.75362
k79_28653	8.73345
k79_1023	5.9
k79_5695	6.25455
k79_28654	7.49342
k79_10421	4.80769
k79_28655	5.19149
k79_5696	3.39623
k79_28656	4.51923
k79_10422	4.31128
k79_19511	2.66667
k79_28657	4.26923
k79_10423	6.37931
k79_19512	6.4375
k79_10424	3.40171
k79_19513	3.65891
k79_28658	11.3073
k79_19514	2.43443
k79_28659	5.60127
k79_33429	12.1353
k79_19515	5.51724
k79_33430	2.08209
k79_19516	4.40625
k79_19517	2.66316
k79_28660	9.20557
k79_33431	3.30201
k79_19518	2.99408
k79_19519	6.7377
k79_28661	8.50843
k79_10425	33.1527
k79_19520	3.92381
k79_23978	8.52439
k79_19521	10.7453
k79_10426	6.84506
k79_23979	7.20073
k79_23980	7.11009
k79_10427	7.2853
k79_23981	5.89899
k79_19522	9.43701
k79_23982	4.83607
k79_23983	3.88542
k79_19523	4.35397
k79_23984	3.54167
k79_19524	4.23256
k79_14768	3.66225
k79_19525	5.62105
k79_19526	2.38532
k79_14769	7.55615
k79_23985	5.77929
k79_19527	11.1769
k79_14770	4.80286
k79_19528	5.5819
k79_10428	32.203
k79_14771	7.76471
k79_23986	12.836
k79_14772	3.80606
k79_10429	5.51185
k79_19529	6.11133
k79_10430	6.29524
k79_14773	5.14286
k79_23987	8.61194
k79_10431	12.9912
k79_14774	4.02959
k79_23988	4.39683
k79_19530	4.21461
k79_10432	3.11184
k79_23989	7.9619
k79_19531	2.25
k79_14775	5.27187
k79_23990	4.66169
k79_14776	7.51667
k79_10433	7.60417
k79_19532	2.63987
k79_14777	2.57143
k79_19533	4.04167
k79_10434	18.3873
k79_19534	5.5567
k79_10435	6.64
k79_14778	4.40714
k79_19535	4.86207
k79_14779	5.0566
k79_10436	7.68199
k79_5697	4.06731
k79_10437	4.4527
k79_5698	4.94964
k79_5699	3.46154
k79_10438	5.51741
k79_10439	3.23226
k79_14780	5.91508
k79_5700	9.68247
k79_10440	5.98342
k79_14781	7.93262
k79_1024	9.69948
k79_14782	5.80159
k79_10441	6.31013
k79_23991	29.431
k79_10442	3.89815
k79_1025	4.28302
k79_14783	3.83735
k79_5701	11.9796
k79_10443	2.17822
k79_1026	4.42162
k79_5702	3.49691
k79_1027	5.64983
k79_10444	5.33415
k79_5703	3.67368
k79_1028	7.96517
k79_10445	8.875
k79_23992	8.7281
k79_5704	6.38005
k79_1029	4.24518
k79_23993	3.83784
k79_14784	10.1754
k79_1030	5.41438
k79_5705	8.49724
k79_10446	9.05114
k79_28662	6.45229
k79_14785	4.03891
k79_5706	5.30818
k79_1031	4.75661
k79_28663	6.43966
k79_5707	5.0963
k79_10447	7.50418
k79_14786	6.0
k79_1032	17.3429
k79_28664	2.01351
k79_14787	7.88775
k79_5708	4.10219
k79_28665	2.07826
k79_10448	5.33851
k79_1033	3.36585
k79_14788	3.12745
k79_5709	4.17355
k79_10449	3.85714
k79_28666	5.82119
k79_5710	2.06707
k79_10450	4.76647
k79_1034	3.47493
k79_14789	6.31847
k79_28667	4.18298
k79_5711	3.48872
k79_28668	4.625
k79_14790	5.34167
k79_5712	5.53333
k79_1035	6.1046
k79_14791	4.77876
k79_28669	2.54706
k79_1036	10.978
k79_10451	7.92157
k79_5713	7.21831
k79_1037	6.94576
k79_23994	3.73028
k79_28670	6.33763
k79_14792	5.07317
k79_1038	2.75943
k79_1039	5.27731
k79_5714	5.25979
k79_10452	2.93893
k79_1040	4.18868
k79_14793	11.8471
k79_5715	10.7543
k79_14794	5.86239
k79_1041	8.33143
k79_1042	4.48023
k79_10453	6.01546
k79_5716	11.4496
k79_10454	21.6346
k79_14795	5.21625
k79_23995	13.239
k79_5717	3.78277
k79_1043	7.24361
k79_10455	2.91908
k79_14796	8.72561
k79_1044	5.93846
k79_5718	8.91822
k79_1045	5.36842
k79_23996	4.43919
k79_10456	5.92982
k79_5719	6.42754
k79_19536	3.06481
k79_1046	4.76241
k79_23997	6.19024
k79_19537	2.2541
k79_1047	6.14789
k79_23998	11.7526
k79_19538	2.79675
k79_10457	4.59416
k79_1048	3.35503
k79_23999	14.0419
k79_10458	6.62236
k79_10459	2.9115
k79_19539	3.97297
k79_10460	7.20833
k79_24000	13.8667
k79_10461	2.84259
k79_19540	5.35142
k79_24001	13.4565
k79_24002	2.92222
k79_24003	11.6186
k79_19541	8.28701
k79_19542	7.1155
k79_24004	8.14739
k79_19543	6.63918
k79_19544	7.6278
k79_14797	21.8014
k79_19545	9.00546
k79_14798	4.51596
k79_19546	2.03261
k79_5720	5.98554
k79_19547	7.25846
k79_10462	46.8535
k79_19548	39.2177
k79_10463	12.4485
k79_19549	3.68824
k79_5721	10.3741
k79_10464	7.14463
k79_19550	7.14826
k79_5722	11.7148
k79_14799	8.79382
k79_19551	2.44545
k79_5723	4.744
k79_10465	6.80679
k79_14800	2.86702
k79_19552	5.3271
k79_10466	6.8805
k79_5724	6.5
k79_19553	3.54444
k79_28671	8.39274
k79_5725	3.85385
k79_5726	7.82313
k79_19554	9.71618
k79_28672	4.34965
k79_28673	4.45361
k79_19555	3.98291
k79_5727	6.65672
k79_14801	8.00728
k79_19556	6.13772
k79_14802	2.85625
k79_28674	2.30034
k79_5728	3.80192
k79_19557	4.27094
k79_5729	3.87379
k79_14803	11.9447
k79_19558	4.69655
k79_5730	3.70339
k79_14804	8.56311
k79_19559	5.5
k79_28675	11.3316
k79_5731	4.31313
k79_14805	5.51095
k79_19560	2.73585
k79_28676	5.77711
k79_19561	9.00826
k79_5732	3.59502
k79_19562	12.3226
k79_14806	7.91857
k79_28677	3.7518
k79_5733	13.6779
k79_19563	7.42623
k79_1049	11.9953
k79_14807	5.56159
k79_28678	5.50379
k79_5734	13.5215
k79_14808	4.39394
k79_14809	9.25
k79_19564	6.53111
k79_14810	5.07299
k79_28679	4.90018
k79_19565	2.97037
k79_14811	11.0659
k79_1050	6.05536
k79_5735	6.54914
k79_28680	4.23664
k79_14812	3.8
k79_5736	5.83028
k79_1051	5.7695
k79_19566	4.77629
k79_14813	5.24413
k79_1052	3.5339
k79_28681	5.84688
k79_5737	6.18497
k79_1053	2.56122
k79_19567	4.97256
k79_28682	6.86834
k79_5738	7.48
k79_19568	9.63333
k79_28683	3.21277
k79_1054	7.40909
k79_5739	3.19588
k79_24005	38.8529
k79_28684	3.62295
k79_5740	5.1761
k79_19569	4.61619
k79_1055	5.31288
k79_28685	4.68485
k79_24006	3.18284
k79_19570	1.85827
k79_24007	3.84348
k79_1056	4.98515
k79_28686	7.58081
k79_19571	3.11905
k79_28687	5.10191
k79_24008	2.14458
k79_19572	6.54338
k79_28688	6.66438
k79_19573	6.82949
k79_19574	8.63415
k79_1057	11.9513
k79_28689	9.98607
k79_24009	8.9827
k79_19575	3.07258
k79_1058	5.26667
k79_28690	2.67327
k79_5741	8.24521
k79_1059	6.14458
k79_28691	4.07735
k79_1060	4.94444
k79_24010	7.56263
k79_28692	3.23256
k79_1061	4.65421
k79_24011	6.06536
k79_19576	11.091
k79_24012	6.08602
k79_28693	5.47416
k79_5742	5.30992
k79_24013	3.66489
k79_19577	9.54891
k79_19578	3.05839
k79_28694	5.3561
k79_24014	2.9528
k79_5743	6.9644
k79_28695	3.33951
k79_24015	6.16225
k79_1062	9.04388
k79_14814	5.5826
k79_19579	5.88889
k79_28696	3.42614
k79_1063	4.65854
k79_5744	10.2047
k79_28697	4.36364
k79_14815	3.74436
k79_19580	5.43478
k79_24016	5.34946
k79_1064	5.05983
k79_14816	3.63636
k79_28698	10.5315
k79_24017	4.25
k79_1065	4.56044
k79_28699	7.15517
k79_24018	2.74227
k79_14817	7.15459
k79_24019	2.94118
k79_28700	3.0
k79_14818	5.81564
k79_24020	6.93333
k79_14819	3.43243
k79_24021	2.24444
k79_28701	4.79923
k79_1066	7.22457
k79_24022	6.95531
k79_28702	2.37838
k79_1067	5.0
k79_24023	3.34694
k79_28703	6.50318
k79_14820	5.8583
k79_24024	4.19444
k79_1068	9.3262
k79_14821	5.98824
k79_24025	8.47863
k79_1069	8.65
k79_1070	6.04717
k79_28704	4.53596
k79_1071	6.76
k79_14822	4.30233
k79_24026	5.12277
k79_14823	8.50515
k79_28705	3.6134
k79_24027	5.28141
k79_14824	4.88288
k79_1072	4.82258
k79_24028	8.40385
k79_14825	5.78017
k79_24029	3.75214
k79_24030	4.35484
k79_14826	5.1381
k79_28706	5.27095
k79_14827	7.45522
k79_24031	3.55333
k79_28707	5.35514
k79_14828	6.06164
k79_24032	4.63158
k79_14829	6.52101
k79_28708	11.3849
k79_24033	4.81742
k79_14830	6.27397
k79_24034	8.91964
k79_28709	4.50734
k79_28710	2.86207
k79_28711	5.05899
k79_24035	4.75972
k79_10467	9.78599
k79_14831	8.57451
k79_24036	4.97
k79_10468	4.65269
k79_14832	6.32597
k79_10469	5.27451
k79_10470	2.63025
k79_24037	6.56187
k79_10471	4.41102
k79_10472	3.54
k79_19581	42.581
k79_24038	8.65541
k79_19582	3.61881
k79_10473	4.99627
k79_14833	6.20533
k79_24039	2.97521
k79_19583	4.2521
k79_19584	8.20755
k79_10474	4.95822
k79_14834	9.72189
k79_19585	4.51948
k79_5745	5.52174
k79_5746	5.98193
k79_19586	8.18941
k79_24040	5.42747
k79_5747	3.5704
k79_24041	5.51716
k79_10475	8.34224
k79_19587	5.20457
k79_24042	4.00394
k79_10476	9.23944
k79_5748	3.7293
k79_19588	9.64557
k79_24043	5.01667
k79_5749	6.41905
k79_10477	5.76699
k79_19589	13.5533
k79_24044	3.2549
k79_19590	7.96618
k79_10478	8.80964
k79_24045	8.37333
k79_5750	5.55952
k79_10479	5.77215
k79_5751	5.22414
k79_10480	3.47368
k79_19591	4.13377
k79_10481	6.44604
k79_24046	11.2468
k79_5752	5.84264
k79_19592	9.19585
k79_24047	3.06364
k79_5753	4.95302
k79_19593	3.06111
k79_24048	4.07556
k79_5754	13.4722
k79_10482	4.80271
k79_19594	6.26316
k79_5755	7.66667
k79_10483	5.78283
k79_5756	4.86061
k79_24049	9.82688
k79_10484	5.89474
k79_33432	45.0629
k79_19595	4.70886
k79_5757	5.59233
k79_10485	4.46703
k79_33433	4.80189
k79_19596	4.5188
k79_28712	4.9469
k79_19597	3.68449
k79_33434	9.0211
k79_28713	8.36364
k79_33435	3.59821
k79_24050	7.13682
k79_33436	6.6129
k79_19598	5.94878
k79_28714	8.48357
k79_10486	5.31522
k79_19599	1.83486
k79_33437	5.52018
k79_28715	4.76106
k79_33438	7.40217
k79_19600	3.18705
k79_28716	5.59825
k79_10487	7.73425
k79_28717	4.99471
k79_19601	5.65082
k79_5758	11.4049
k79_28718	11.3222
k79_10488	4.96457
k79_10489	6.16917
k79_19602	4.43711
k79_1073	53.3106
k79_24051	5.71681
k79_14835	5.81402
k79_19603	5.04425
k79_19604	3.89655
k79_24052	8.43284
k79_1074	3.66341
k79_14836	7.69863
k79_1075	4.42708
k79_19605	4.95702
k79_14837	3.39608
k79_1076	4.2117
k79_24053	5.54397
k79_24054	13.3876
k79_19606	8.24596
k79_1077	12.1086
k79_24055	4.28758
k79_14838	6.28429
k79_1078	4.1245
k79_24056	3.0607
k79_14839	8.37705
k79_24057	6.99057
k79_19607	4.69678
k79_1079	5.39117
k79_1080	3.35583
k79_24058	8.55224
k79_19608	6.11745
k79_28719	9.74966
k79_1081	3.88393
k79_1082	6.36842
k79_14840	6.31321
k79_19609	3.096
k79_1083	2.61062
k79_24059	4.62971
k79_19610	5.79688
k79_14841	2.0787
k79_1084	5.99363
k79_19611	4.79167
k79_24060	8.09412
k79_14842	4.26596
k79_1085	3.94792
k79_28720	7.8484
k79_19612	3.74101
k79_1086	5.57042
k79_28721	3.22973
k79_19613	5.54601
k79_1087	7.5
k79_14843	4.87652
k79_24061	7.14672
k79_28722	6.82609
k79_19614	3.55708
k79_28723	5.37895
k79_24062	4.04386
k79_19615	6.12451
k79_14844	7.41602
k79_28724	3.72683
k79_1088	6.21502
k79_24063	7.11404
k79_19616	4.75532
k79_1089	3.69198
k79_14845	3.68456
k79_24064	2.29008
k79_19617	6.43318
k79_24065	2.69565
k79_14846	9.90141
k79_1090	6.57831
k79_19618	21.8897
k79_24066	3.17105
k79_14847	7.75862
k79_1091	6.75949
k79_24067	3.57798
k79_1092	3.54545
k79_14848	6.16187
k79_1093	8.85616
k79_1094	5.16547
k79_24068	7.78481
k79_19619	9.25422
k79_1095	9.29181
k79_14849	5.16815
k79_28725	24.3333
k79_19620	7.34868
k79_1096	3.78906
k79_24069	10.3049
k79_33439	5.66827
k79_19621	7.01133
k79_24070	4.78947
k79_10490	3.28387
k79_14850	7.08235
k79_33440	7.67416
k79_24071	4.68148
k79_14851	4.28283
k79_33441	5.48175
k79_19622	5.51827
k79_14852	8.05882
k79_24072	5.73887
k79_19623	7.13295
k79_14853	5.61272
k79_24073	5.69663
k79_19624	3.49495
k79_14854	7.69091
k79_19625	2.93578
k79_10491	246.506
k79_24074	6.19504
k79_14855	7.52047
k79_1097	6.75851
k79_24075	5.39073
k79_10492	5.41379
k79_1098	12.0809
k79_24076	8.88816
k79_19626	4.52941
k79_10493	10.4098
k79_1099	4.26042
k79_24077	9.97938
k79_14856	54.054
k79_19627	2.45113
k79_33442	16.9147
k79_10494	5.52263
k79_1100	3.95172
k79_33443	2.22689
k79_19628	7.31915
k79_1101	7.0
k79_33444	3.39785
k79_19629	7.25893
k79_10495	14.9119
k79_5759	4.99042
k79_1102	3.4717
k79_19630	5.91489
k79_33445	4.72637
k79_19631	2.68627
k79_10496	9.63385
k79_19632	7.73438
k79_24078	7.72968
k79_33446	9.22789
k79_10497	7.60667
k79_33447	2.39091
k79_19633	4.80663
k79_24079	3.65714
k79_1103	11.3314
k79_10498	3.06383
k79_33448	7.92391
k79_19634	3.7037
k79_1104	3.73282
k79_10499	5.53208
k79_1105	4.69072
k79_5760	5.94571
k79_19635	4.13303
k79_5761	6.60748
k79_33449	4.19435
k79_10500	4.28198
k79_5762	11.7324
k79_33450	4.33333
k79_19636	15.1051
k79_24080	42.9718
k79_5763	9.68958
k79_19637	6.18715
k79_24081	9.38197
k79_5764	5.42222
k79_24082	4.64968
k79_19638	4.66392
k79_10501	7.20192
k79_5765	3.93958
k79_24083	10.0338
k79_19639	9.65946
k79_5766	5.14706
k79_10502	4.89655
k79_19640	5.20098
k79_24084	5.39912
k79_10503	8.64179
k79_5767	6.36655
k79_24085	5.10891
k79_19641	4.69643
k79_10504	6.78689
k79_33451	10.9254
k79_10505	4.41259
k79_10506	3.14655
k79_33452	4.02667
k79_10507	2.79386
k79_10508	3.56436
k79_10509	5.5514
k79_33453	8.48709
k79_10510	3.9589
k79_33454	10.1067
k79_10511	4.16981
k79_33455	5.31557
k79_10512	2.80377
k79_33456	7.68805
k79_10513	8.89958
k79_33457	9.0
k79_10514	4.47826
k79_33458	4.24742
k79_10515	7.8324
k79_10516	5.58065
k79_33459	2.1768
k79_10517	3.896
k79_33460	7.25758
k79_14857	36.2006
k79_33461	5.81513
k79_33462	5.90323
k79_14858	3.98942
k79_33463	3.675
k79_14859	6.90496
k79_33464	3.80405
k79_14860	4.92308
k79_10518	7.65551
k79_14861	3.97222
k79_33465	31.6603
k79_33466	16.732
k79_14862	6.24038
k79_10519	8.45745
k79_14863	2.04902
k79_33467	9.50388
k79_14864	4.76842
k79_33468	5.47826
k79_10520	4.42888
k79_14865	6.64865
k79_33469	6.40167
k79_10521	5.01404
k79_10522	4.38378
k79_33470	12.802
k79_14866	29.8444
k79_33471	9.188
k79_10523	7.33587
k79_33472	3.22275
k79_14867	4.13972
k79_14868	8.38182
k79_10524	13.9786
k79_14869	5.475
k79_14870	4.71631
k79_10525	6.54545
k79_24086	3.60909
k79_19642	3.26178
k79_5768	9.66102
k79_10526	4.30556
k79_24087	4.5
k79_10527	11.5122
k79_5769	3.96023
k79_19643	4.43621
k79_24088	4.87387
k79_10528	2.83333
k79_5770	4.52366
k79_28726	6.36066
k79_24089	6.51376
k79_28727	12.9449
k79_5771	6.54008
k79_28728	8.76531
k79_10529	6.00304
k79_5772	7.14679
k79_24090	6.19363
k79_28729	6.13131
k79_24091	3.64583
k79_10530	3.57269
k79_28730	1.62921
k79_33473	6.68981
k79_24092	2.26214
k79_5773	8.1612
k79_5774	4.93684
k79_24093	6.54331
k79_28731	4.55446
k79_33474	8.64961
k79_5775	3.37815
k79_24094	14.6971
k79_33475	4.42105
k79_28732	10.5455
k79_5776	8.08264
k79_33476	12.2489
k79_10531	4.82341
k79_24095	2.71804
k79_5777	2.91489
k79_24096	5.10236
k79_5778	2.63462
k79_10532	5.20588
k79_24097	7.26442
k79_5779	3.59677
k79_10533	6.69399
k79_24098	2.85185
k79_10534	3.88068
k79_5780	6.72372
k79_5781	4.28378
k79_10535	9.92653
k79_5782	4.88136
k79_10536	7.26087
k79_24099	46.1373
k79_5783	5.55128
k79_28733	6.40296
k79_33477	6.56208
k79_24100	11.16
k79_28734	8.42149
k79_24101	3.27461
k79_33478	24.6821
k79_28735	2.7766
k79_24102	9.69737
k79_28736	4.84694
k79_33479	4.29876
k79_5784	4.37764
k79_28737	4.13402
k79_5785	3.53488
k79_28738	3.72897
k79_33480	4.41667
k79_33481	20.8921
k79_24103	9.56602
k79_33482	50.1942
k79_24104	5.40594
k79_5786	8.67883
k79_24105	4.75758
k79_33483	5.6748
k79_24106	6.01802
k79_5787	2.71835
k79_33484	2.46626
k79_24107	3.19835
k79_5788	3.91566
k79_24108	3.89167
k79_5789	3.71859
k79_5790	3.0
k79_33485	9.31063
k79_5791	2.77778
k79_24109	4.52326
k79_5792	4.09615
k79_33486	17.1964
k79_5793	5.87417
k79_24110	4.79817
k79_24111	3.15385
k79_5794	5.40426
k79_24112	4.46349
k79_5795	5.13605
k79_19644	3.06536
k79_24113	10.1011
k79_14871	4.65263
k79_14872	2.75214
k79_19645	5.1479
k79_24114	3.64576
k79_24115	13.9341
k79_19646	4.35955
k79_14873	7.5539
k79_24116	7.51613
k79_24117	6.19847
k79_19647	10.1538
k79_14874	3.08756
k79_19648	3.32653
k79_24118	3.75243
k79_14875	3.50661
k79_24119	3.79167
k79_14876	8.29808
k79_24120	4.1
k79_14877	3.85859
k79_19649	4.87666
k79_24121	5.39667
k79_14878	6.19124
k79_19650	2.82353
k79_10537	7.356
k79_14879	11.115
k79_19651	3.904
k79_24122	29.9649
k79_10538	10.6749
k79_14880	4.18902
k79_24123	3.9505
k79_24124	1.80435
k79_24125	5.54737
k79_10539	3.87348
k79_24126	3.64615
k79_10540	8.8421
k79_24127	1.25275
k79_10541	3.60825
k79_24128	9.34641
k79_10542	3.23595
k79_19652	57.2624
k79_24129	5.41608
k79_19653	4.12255
k79_10543	4.88047
k79_19654	4.58242
k79_10544	7.20155
k79_24130	7.13091
k79_24131	7.72321
k79_19655	10.3457
k79_19656	4.5
k79_10545	10.7298
k79_19657	5.97701
k79_19658	5.32292
k79_10546	6.90941
k79_10547	3.3937
k79_24132	8.19701
k79_10548	7.83854
k79_24133	10.6327
k79_19659	8.83366
k79_10549	4.46316
k79_24134	4.43382
k79_19660	4.65198
k79_10550	3.96748
k79_24135	2.76647
k79_10551	5.64407
k79_19661	8.57394
k79_24136	2.05625
k79_10552	7.30556
k79_5796	11.5876
k79_24137	3.61783
k79_19662	5.96133
k79_10553	7.23729
k79_5797	4.14655
k79_24138	2.38
k79_19663	3.92188
k79_5798	3.55556
k79_19664	10.1987
k79_5799	3.723
k79_10554	6.49592
k79_24139	3.87447
k79_5800	10.3601
k79_10555	11.7184
k79_24140	2.71676
k79_19665	3.92593
k79_10556	5.92308
k79_19666	4.41045
k79_24141	4.52792
k79_5801	14.3703
k79_10557	6.66165
k79_19667	3.74172
k79_5802	2.93496
k79_24142	6.43567
k79_19668	6.56098
k79_10558	5.94975
k79_5803	5.31624
k79_24143	5.39655
k79_10559	2.87234
k79_19669	3.35714
k79_5804	5.35223
k79_10560	3.8982
k79_24144	3.72266
k79_19670	6.1457
k79_5805	4.5
k79_5806	3.02752
k79_19671	6.61314
k79_24145	13.8161
k79_19672	3.72539
k79_5807	5.885
k79_24146	8.024
k79_5808	3.19847
k79_33487	53.3524
k79_5809	4.33333
k79_24147	4.68811
k79_33488	4.59184
k79_5810	3.65929
k79_24148	2.8254
k79_10561	46.0382
k79_24149	3.33696
k79_33489	7.71071
k79_10562	10.2697
k79_5811	8.25292
k79_24150	5.98208
k79_24151	4.824
k79_33490	6.60099
k79_33491	9.78571
k79_24152	11.3605
k79_33492	5.1623
k79_33493	9.19491
k79_24153	6.37576
k79_24154	3.40659
k79_33494	5.36842
k79_33495	2.5625
k79_24155	8.39827
k79_33496	6.56965
k79_10563	13.0335
k79_10564	20.7935
k79_33497	4.83333
k79_28739	46.1348
k79_28740	3.04217
k79_33498	7.18395
k79_10565	16.4059
k79_28741	6.63964
k79_14881	55.4977
k79_10566	5.77517
k79_28742	7.08621
k79_14882	2.91593
k79_10567	4.35461
k79_28743	12.0192
k79_10568	2.47561
k79_28744	3.94186
k79_10569	6.37975
k79_14883	6.43865
k79_33499	7.0975
k79_33500	4.09375
k79_14884	5.03846
k79_28745	4.36499
k79_14885	8.46087
k79_33501	4.56757
k79_28746	3.39333
k79_5812	60.2463
k79_28747	3.71845
k79_14886	4.48495
k79_33502	10.1346
k79_33503	4.97807
k79_5813	5.44371
k79_28748	11.8091
k79_33504	5.50962
k79_28749	5.29518
k79_33505	6.46739
k79_5814	6.89333
k79_14887	6.08613
k79_33506	2.97826
k79_14888	3.75
k79_33507	17.8369
k79_14889	3.31852
k79_19673	5.74153
k79_33508	4.21849
k79_14890	3.72
k79_33509	7.11972
k79_14891	4.31551
k79_19674	3.19753
k79_33510	7.55208
k79_19675	2.74038
k79_33511	3.97938
k79_19676	5.71296
k79_33512	6.55385
k79_19677	7.90909
k79_33513	4.37379
k79_14892	5.96068
k79_14893	4.04891
k79_19678	5.69175
k79_5815	9.08551
k79_33514	4.7784
k79_19679	4.94558
k79_19680	6.97753
k79_19681	6.51934
k79_5816	10.6209
k79_33515	5.35009
k79_14894	6.64794
k79_5817	6.0339
k79_33516	5.07477
k79_14895	11.1032
k79_5818	6.39604
k79_19682	6.79054
k79_33517	4.73636
k79_5819	4.40741
k79_14896	3.352
k79_5820	4.84049
k79_14897	5.57047
k79_5821	2.75
k79_33518	7.15106
k79_14898	5.55639
k79_33519	3.13445
k79_5822	7.01307
k79_14899	3.19231
k79_14900	2.96774
k79_19683	11.4552
k79_24156	5.08085
k79_33520	3.46544
k79_14901	3.3374
k79_19684	7.52564
k79_24157	5.30601
k79_33521	3.2428
k79_14902	4.11842
k79_19685	2.71429
k79_24158	4.23567
k79_14903	3.6257
k79_24159	4.21053
k79_24160	15.1505
k79_14904	5.57252
k79_19686	7.2395
k79_33522	14.4017
k79_24161	4.75753
k79_33523	3.70229
k79_24162	5.95556
k79_19687	9.78986
k79_24163	4.65833
k79_19688	4.84677
k79_24164	5.16
k79_24165	3.60204
k79_14905	7.15638
k79_33524	4.4528
k79_24166	4.84906
k79_14906	3.80208
k79_24167	2.69149
k79_19689	4.00206
k79_33525	10.5214
k79_14907	8.01676
k79_24168	7.19398
k79_19690	3.65
k79_33526	3.64706
k79_24169	9.16
k79_19691	22.0939
k79_33527	5.68286
k79_19692	7.37791
k79_33528	15.6903
k79_24170	5.88768
k79_19693	6.99498
k79_14908	8.76592
k79_33529	9.20179
k79_24171	18.4831
k79_19694	9.67033
k79_33530	2.19048
k79_14909	7.4686
k79_19695	2.375
k79_33531	2.86603
k79_19696	2.23353
k79_24172	9.47194
k79_19697	2.21277
k79_24173	6.64
k79_33532	3.37984
k79_24174	5.37826
k79_33533	2.07755
k79_14910	10.7704
k79_28750	7.54496
k79_24175	13.9286
k79_33534	8.36444
k79_14911	6.71657
k79_24176	4.54622
k79_28751	11.5162
k79_1106	46.4
k79_33535	8.01923
k79_28752	5.58216
k79_24177	7.00157
k79_28753	22.198
k79_33536	6.87008
k79_28754	4.99057
k79_24178	9.52265
k79_33537	8.43644
k79_1107	6.86066
k79_28755	10.151
k79_1108	2.67424
k79_28756	2.84848
k79_33538	7.14968
k79_1109	5.91837
k79_28757	5.4
k79_33539	3.06962
k79_28758	9.46341
k79_33540	4.39259
k79_28759	4.50505
k79_1110	4.02402
k79_33541	3.63492
k79_1111	9.8547
k79_24179	10.2847
k79_1112	5.07865
k79_28760	5.067
k79_24180	4.51908
k79_1113	7.16832
k79_24181	4.83333
k79_33542	62.3295
k79_28761	5.3237
k79_24182	5.9604
k79_1114	4.01524
k79_28762	3.70857
k79_24183	8.89163
k79_1115	6.87772
k79_24184	8.76889
k79_33543	6.08006
k79_1116	5.3662
k79_28763	7.76075
k79_24185	2.26316
k79_33544	3.88148
k79_1117	6.53672
k79_33545	3.86429
k79_1118	3.72464
k79_33546	5.14085
k79_24186	3.67249
k79_28764	4.28889
k79_33547	12.8306
k79_1119	3.05275
k79_24187	8.34375
k79_1120	6.82
k79_28765	3.7346
k79_33548	2.66949
k79_28766	2.61062
k79_1121	4.66029
k79_33549	17.4581
k79_28767	2.89565
k79_1122	5.19262
k79_33550	8.08898
k79_1123	4.14035
k79_33551	4.47799
k79_24188	7.32819
k79_1124	4.81879
k79_33552	5.81818
k79_28768	6.91413
k79_24189	6.94853
k79_33553	8.16129
k79_33554	2.75758
k79_33555	10.4872
k79_33556	6.04965
k79_28769	6.87981
k79_24190	7.97682
k79_1125	18.666
k79_28770	6.3617
k79_33557	4.67081
k79_1126	4.16704
k79_33558	6.9235
k79_1127	5.305
k79_24191	6.86775
k79_1128	7.12664
k79_33559	10.7816
k79_33560	3.6
k79_24192	3.97721
k79_1129	8.68367
k79_19698	8.92252
k79_24193	4.94262
k79_10570	6.44814
k79_1130	14.4481
k79_5823	8.45739
k79_33561	6.63158
k79_24194	3.15672
k79_1131	3.04545
k79_24195	2.73077
k79_33562	3.16547
k79_1132	4.79817
k79_33563	2.95213
k79_24196	2.75458
k79_24197	7.01493
k79_33564	5.64748
k79_33565	8.90756
k79_1133	10.0403
k79_24198	6.11831
k79_5824	31.6927
k79_33566	5.59441
k79_1134	6.53211
k79_24199	3.57653
k79_1135	4.31
k79_33567	7.73932
k79_1136	2.38636
k79_24200	14.0816
k79_10571	3.47826
k79_33568	10.1078
k79_1137	7.94737
k79_24201	5.19753
k79_10572	3.37019
k79_1138	3.985
k79_5825	10.2608
k79_1139	4.43137
k79_33569	16.5864
k79_5826	3.92373
k79_33570	2.80909
k79_1140	8.28144
k79_10573	6.17627
k79_19699	11.1978
k79_33571	2.41538
k79_19700	3.3125
k79_1141	6.31606
k79_10574	10.3
k79_24202	12.3063
k79_19701	6.50633
k79_1142	5.31888
k79_33572	6.91423
k79_24203	11.3576
k79_33573	4.10256
k79_1143	8.37941
k79_24204	4.21965
k79_33574	3.27407
k79_24205	3.99174
k79_1144	8.17333
k79_33575	11.3786
k79_24206	9.45324
k79_10575	9.77752
k79_24207	3.60396
k79_33576	3.41916
k79_1145	9.32596
k79_10576	6.42857
k79_24208	6.83681
k79_33577	8.57312
k79_10577	7.97653
k79_24209	5.72449
k79_1146	7.42653
k79_24210	5.16346
k79_33578	6.53448
k79_10578	3.59606
k79_19702	7.89351
k79_1147	3.37037
k79_33579	3.73958
k79_24211	7.83688
k79_10579	12.899
k79_19703	4.34194
k79_24212	2.88028
k79_10580	6.73818
k79_1148	4.12544
k79_19704	2.41398
k79_24213	3.04061
k79_10581	9.40491
k79_19705	5.66964
k79_24214	5.96056
k79_1149	7.7
k79_19706	2.85955
k79_33580	7.41609
k79_1150	2.91736
k79_19707	2.43519
k79_24215	3.32292
k79_1151	4.01099
k79_14912	8.74242
k79_33581	3.96305
k79_14913	6.52727
k79_1152	11.9391
k79_10582	40.232
k79_1153	6.91667
k79_24216	11.7618
k79_33582	9.47292
k79_14914	5.45092
k79_33583	3.9322
k79_14915	8.13194
k79_1154	7.10798
k79_33584	2.46429
k79_33585	2.03077
k79_14916	4.54872
k79_19708	4.43609
k79_33586	5.26601
k79_14917	5.46316
k79_24217	56.2143
k79_19709	5.96981
k79_24218	5.44571
k79_19710	6.80193
k79_24219	7.32022
k79_33587	5.84793
k79_19711	3.9619
k79_33588	2.86607
k79_19712	1.93043
k79_24220	6.1434
k79_19713	3.76129
k79_33589	6.25455
k79_19714	3.23585
k79_14918	7.82979
k79_19715	3.55978
k79_14919	2.36792
k79_14920	9.21918
k79_10583	4.0684
k79_19716	4.76311
k79_10584	9.28042
k79_1155	3.29612
k79_19717	4.52675
k79_14921	6.56046
k79_19718	4.66667
k79_10585	6.4611
k79_14922	4.14286
k79_19719	6.06787
k79_14923	4.75728
k79_10586	3.29825
k79_1156	13.8533
k79_19720	5.34831
k79_10587	2.93878
k79_19721	2.56667
k79_1157	5.24084
k79_10588	2.88764
k79_19722	5.75962
k79_10589	10.7558
k79_1158	12.6096
k79_10590	2.38384
k79_14924	6.52754
k79_1159	6.5036
k79_19723	14.0882
k79_10591	6.19934
k79_14925	6.024
k79_10592	8.88272
k79_19724	10.9095
k79_14926	5.01064
k79_33590	3.85714
k79_24221	8.4894
k79_14927	7.49776
k79_1160	3.63095
k79_24222	3.86667
k79_19725	4.21124
k79_33591	11.1736
k79_24223	5.02542
k79_1161	3.41951
k79_33592	2.41221
k79_5827	5.96273
k79_24224	4.38346
k79_1162	6.63483
k79_33593	4.20134
k79_24225	5.49593
k79_19726	5.81172
k79_5828	7.37714
k79_1163	2.79828
k79_24226	8.01351
k79_33594	12.4933
k79_19727	10.5249
k79_5829	2.52
k79_1164	4.3983
k79_33595	7.16667
k79_5830	5.0
k79_1165	4.8
k79_19728	5.41636
k79_24227	5.36598
k79_1166	4.7594
k79_33596	7.57789
k79_19729	10.006
k79_1167	9.2234
k79_19730	5.75352
k79_24228	10.0852
k79_1168	3.14013
k79_33597	8.10989
k79_24229	7.89912
k79_19731	5.10334
k79_19732	2.81105
k79_19733	6.2967
k79_24230	7.7896
k79_19734	2.0596
k79_24231	3.41606
k79_19735	2.56954
k79_5831	9.92471
k79_24232	3.99324
k79_24233	7.46053
k79_19736	10.5064
k79_5832	4.65863
k79_24234	3.60227
k79_19737	3.61371
k79_24235	4.01531
k79_24236	4.98551
k79_5833	5.81395
k79_1169	18.8014
k79_10593	3.025
k79_24237	6.39732
k79_1170	10.2835
k79_28771	7.06865
k79_5834	5.33588
k79_10594	20.0713
k79_24238	3.60261
k79_5835	9.33557
k79_10595	6.55455
k79_24239	4.03165
k79_5836	5.26797
k79_28772	2.40312
k79_5837	4.33708
k79_28773	3.94167
k79_10596	9.83761
k79_10597	8.37755
k79_28774	2.98122
k79_5838	8.01584
k79_24240	5.03902
k79_5839	3.0
k79_28775	6.7268
k79_24241	4.06383
k79_24242	14.3193
k79_5840	5.69565
k79_24243	5.33333
k79_5841	8.94516
k79_5842	5.21607
k79_28776	29.0399
k79_19738	3.15868
k79_24244	8.80648
k79_28777	3.28571
k79_24245	4.03077
k79_28778	3.11628
k79_1171	11.3435
k79_24246	4.12849
k79_28779	3.4065
k79_19739	9.94841
k79_1172	6.44077
k79_19740	3.49711
k79_1173	5.26271
k79_28780	6.3913
k79_28781	8.47917
k79_1174	4.41538
k79_28782	3.61111
k79_1175	7.4
k79_28783	3.22222
k79_1176	4.21978
k79_19741	4.77326
k79_1177	4.04096
k79_19742	7.4026
k79_19743	3.77982
k79_1178	4.53333
k79_10598	45.3102
k79_28784	5.86022
k79_19744	3.14706
k79_10599	3.30128
k79_1179	8.8453
k79_28785	4.67713
k79_24247	21.2123
k79_10600	4.67586
k79_28786	3.61224
k79_1180	2.1
k79_28787	4.65079
k79_10601	3.4693
k79_28788	4.25
k79_10602	5.01099
k79_1181	3.88791
k79_24248	6.24726
k79_10603	13.1414
k79_1182	6.44961
k79_24249	3.104
k79_1183	1.80342
k79_14928	30.6691
k79_14929	5.25229
k79_28789	9.00717
k79_33598	9.74337
k79_14930	3.49171
k79_28790	2.57527
k79_33599	9.4698
k79_14931	6.76106
k79_33600	15.7083
k79_28791	10.0971
k79_14932	9.1087
k79_14933	10.3901
k79_14934	4.59434
k79_14935	5.07895
k79_33601	13.7279
k79_33602	2.34066
k79_14936	4.73853
k79_28792	11.4199
k79_33603	3.27152
k79_14937	3.71779
k79_14938	4.1828
k79_33604	6.1856
k79_14939	3.4964
k79_33605	6.86139
k79_14940	6.62431
k79_33606	4.15966
k79_28793	7.92023
k79_14941	4.2796
k79_28794	7.74595
k79_14942	8.1701
k79_33607	5.56897
k79_28795	2.77228
k79_14943	2.76074
k79_33608	7.56122
k79_28796	6.70886
k79_14944	6.93617
k79_33609	7.84932
k79_5843	5.5102
k79_28797	4.30282
k79_28798	9.0885
k79_33610	8.0137
k79_5844	5.10115
k79_5845	9.46067
k79_28799	49.1128
k79_5846	6.01989
k79_33611	12.002
k79_28800	4.1275
k79_5847	5.35606
k79_5848	5.46154
k79_33612	4.7048
k79_28801	6.35122
k79_5849	3.93662
k79_33613	3.47934
k79_5850	2.77083
k79_33614	7.0
k79_28802	7.58735
k79_5851	2.80488
k79_33615	1.73786
k79_19745	5.37131
k79_5852	7.08421
k79_33616	5.66038
k79_5853	8.83846
k79_19746	2.20732
k79_33617	6.04167
k79_28803	13.7156
k79_5854	3.88564
k79_5855	7.23333
k79_33618	6.79074
k79_33619	5.73209
k79_33620	3.46281
k79_5856	6.42222
k79_19747	14.2595
k79_19748	11.0057
k79_1184	6.28251
k79_33621	10.0387
k79_24250	35.6441
k79_1185	3.48899
k79_24251	3.92073
k79_33622	7.92643
k79_1186	4.08247
k79_24252	2.03279
k79_33623	4.93396
k79_33624	6.60377
k79_1187	5.51779
k79_33625	6.74528
k79_19749	19.2835
k79_24253	5.54155
k79_33626	31.5729
k79_19750	2.99074
k79_19751	5.26042
k79_24254	6.57874
k79_33627	4.48507
k79_1188	3.45102
k79_28804	16.1824
k79_24255	3.46237
k79_33628	5.91011
k79_1189	6.31925
k79_24256	4.75194
k79_19752	6.81789
k79_33629	4.80851
k79_28805	4.9588
k79_1190	2.42222
k79_24257	4.79528
k79_28806	8.03182
k79_33630	4.92989
k79_24258	6.60145
k79_1191	7.88166
k79_19753	6.71607
k79_33631	3.20714
k79_1192	4.93985
k79_19754	9.97931
k79_33632	3.87705
k79_33633	7.03158
k79_19755	6.67081
k79_33634	14.3796
k79_1193	4.28878
k79_19756	6.68421
k79_5857	10.0292
k79_28807	7.16953
k79_33635	4.81208
k79_19757	2.74419
k79_5858	4.10619
k79_1194	3.32308
k79_5859	6.17949
k79_1195	6.07258
k79_24259	15.7105
k79_33636	9.27108
k79_1196	3.29907
k79_28808	5.21759
k79_33637	3.29932
k79_24260	4.28
k79_14945	4.46559
k79_1197	4.34536
k79_33638	3.72789
k79_14946	4.77419
k79_24261	7.19433
k79_33639	3.07207
k79_1198	3.67541
k79_14947	7.05455
k79_24262	7.11189
k79_28809	4.85997
k79_33640	4.82727
k79_1199	3.12222
k79_14948	4.42056
k79_28810	4.10294
k79_14949	2.07772
k79_24263	5.4558
k79_1200	3.39402
k79_33641	5.35506
k79_14950	2.63021
k79_24264	2.08333
k79_1201	2.9558
k79_1202	5.76596
k79_14951	4.17081
k79_24265	8.54688
k79_33642	13.2826
k79_1203	2.86061
k79_14952	3.94737
k79_33643	4.04545
k79_1204	1.62963
k79_24266	7.39444
k79_1205	4.61616
k79_14953	5.43617
k79_33644	11.7555
k79_14954	7.32237
k79_28811	6.93878
k79_33645	3.99329
k79_33646	11.3152
k79_14955	7.15695
k79_33647	5.89147
k79_10604	42.5101
k79_33648	3.05208
k79_33649	3.72321
k79_14956	5.88391
k79_24267	105.932
k79_10605	5.65228
k79_19758	3.14173
k79_28812	10.9366
k79_24268	3.49102
k79_10606	1.57843
k79_28813	7.86294
k79_19759	6.28032
k79_33650	4.97078
k79_28814	4.63107
k79_14957	4.44284
k79_33651	8.24719
k79_10607	8.21681
k79_19760	3.86833
k79_33652	3.97761
k79_19761	2.89189
k79_10608	3.64151
k79_14958	5.22112
k79_33653	3.26263
k79_10609	3.92473
k79_19762	3.40458
k79_28815	5.97196
k79_14959	6.97959
k79_10610	3.30769
k79_19763	7.84409
k79_28816	3.45185
k79_10611	2.66463
k79_28817	3.35417
k79_14960	11.2186
k79_14961	4.23
k79_10612	5.73214
k79_28818	5.74349
k79_19764	5.45149
k79_14962	4.84211
k79_33654	3.88985
k79_10613	14.1788
k79_14963	2.575
k79_10614	3.57143
k79_33655	13.25
k79_28819	6.70821
k79_14964	8.20721
k79_28820	6.75
k79_14965	7.37363
k79_33656	5.52
k79_28821	7.35849
k79_19765	7.03204
k79_10615	7.47664
k79_33657	5.36957
k79_28822	6.93567
k79_33658	5.66019
k79_14966	6.74775
k79_19766	7.9685
k79_10616	12.9127
k79_19767	6.28431
k79_28823	7.38889
k79_14967	4.40394
k79_33659	6.68248
k79_10617	6.34634
k79_28824	6.27717
k79_5860	7.61364
k79_10618	4.57613
k79_5861	4.30068
k79_33660	5.41709
k79_10619	5.11594
k79_33661	5.84286
k79_28825	6.78913
k79_5862	5.53247
k79_10620	4.71324
k79_33662	4.2043
k79_28826	2.20755
k79_33663	4.84553
k79_10621	8.70751
k79_5863	4.07163
k79_19768	8.47288
k79_28827	4.53722
k79_33664	6.39881
k79_5864	7.07368
k79_19769	3.67568
k79_28828	4.58289
k79_33665	3.0
k79_5865	2.26667
k79_10622	6.82872
k79_28829	5.43651
k79_19770	5.56707
k79_5866	8.76923
k79_19771	3.11607
k79_28830	8.89167
k79_10623	2.87306
k79_5867	2.99065
k79_33666	6.10854
k79_28831	6.31959
k79_19772	8.20139
k79_10624	14.0775
k79_5868	6.5914
k79_19773	12.7117
k79_10625	2.21053
k79_1206	7.30115
k79_5869	1.93706
k79_19774	4.29255
k79_10626	6.91124
k79_1207	1.66667
k79_33667	6.58824
k79_19775	5.93269
k79_10627	2.84158
k79_5870	19.4751
k79_19776	4.41
k79_10628	4.46023
k79_1208	5.3624
k79_5871	3.2126
k79_33668	7.18406
k79_5872	6.40411
k79_19777	4.59587
k79_1209	7.96748
k79_33669	3.02247
k79_19778	7.61538
k79_5873	6.885
k79_33670	3.0
k79_1210	4.56604
k79_19779	2.57364
k79_5874	2.08772
k79_1211	2.77869
k79_5875	7.2037
k79_19780	4.88889
k79_10629	6.61947
k79_1212	5.0383
k79_10630	5.42929
k79_5876	4.43236
k79_1213	4.89655
k79_10631	4.39512
k79_19781	9.57443
k79_5877	5.58
k79_1214	5.08824
k79_10632	6.41102
k79_5878	8.465
k79_1215	2.35965
k79_10633	3.69388
k79_10634	2.93023
k79_1216	6.41124
k79_5879	8.80198
k79_10635	9.83983
k79_10636	9.1413
k79_10637	2.42718
k79_1217	7.46183
k79_10638	5.90244
k79_1218	3.64052
k79_10639	6.59
k79_1219	2.78698
k79_33671	38.7136
k79_10640	3.62255
k79_5880	9.10974
k79_33672	5.28042
k79_5881	5.05217
k79_5882	10.4524
k79_33673	4.12333
k79_5883	5.43548
k79_33674	6.948
k79_5884	2.42697
k79_33675	4.48963
k79_5885	7.52797
k79_5886	3.66102
k79_33676	7.72761
k79_5887	13.1642
k79_1220	29.4724
k79_33677	5.11884
k79_1221	3.79144
k79_5888	5.93174
k79_33678	14.0909
k79_1222	6.28182
k79_33679	2.70588
k79_1223	8.71329
k79_33680	6.09333
k79_33681	4.69
k79_14968	25.4657
k79_1224	11.8746
k79_33682	5.28631
k79_14969	3.04386
k79_28832	9.63384
k79_14970	2.63393
k79_28833	2.56637
k79_14971	2.76531
k79_28834	4.18605
k79_14972	8.28044
k79_33683	7.26773
k79_28835	3.81592
k79_14973	3.10811
k79_33684	4.0
k79_28836	11.3421
k79_28837	5.80159
k79_14974	3.65576
k79_28838	12.6752
k79_14975	5.92949
k79_28839	6.75849
k79_14976	6.01839
k79_28840	4.76018
k79_14977	10.3646
k79_19782	4.88298
k79_14978	3.59414
k79_5889	7.38636
k79_19783	4.25672
k79_5890	4.76793
k79_19784	6.39161
k79_5891	2.75
k79_5892	4.41049
k79_5893	6.71014
k79_28841	9.28753
k79_5894	3.43307
k79_28842	2.63115
k79_5895	5.0
k79_28843	6.03175
k79_5896	4.04813
k79_28844	4.04211
k79_5897	10.0659
k79_5898	12.6022
k79_5899	7.82036
k79_19785	10.4983
k79_28845	7.95923
k79_14979	21.1544
k79_19786	2.71864
k79_28846	4.05556
k79_14980	4.65854
k79_19787	5.67633
k79_28847	9.58025
k79_14981	4.4
k79_28848	2.93388
k79_14982	5.48413
k79_19788	7.48611
k79_5900	10.5331
k79_33685	38.9073
k79_1225	4.68085
k79_14983	10.2319
k79_19789	8.23955
k79_1226	5.6391
k79_33686	4.26962
k79_19790	5.78947
k79_14984	4.50505
k79_14985	3.0
k79_1227	3.63636
k79_19791	11.6619
k79_33687	6.21802
k79_1228	6.60484
k79_14986	2.65517
k79_1229	4.75281
k79_19792	2.01948
k79_33688	5.096
k79_5901	8.88194
k79_1230	7.21528
k79_14987	5.71475
k79_5902	4.59302
k79_33689	5.64528
k79_1231	7.76106
k79_5903	3.36628
k79_33690	6.47953
k79_1232	6.10949
k79_14988	6.42172
k79_5904	27.7963
k79_1233	3.36752
k79_14989	8.28455
k79_33691	7.15068
k79_5905	14.2819
k79_1234	6.59116
k79_33692	5.41463
k79_14990	7.04633
k79_5906	2.52703
k79_1235	7.54911
k79_5907	10.0275
k79_33693	4.08929
k79_5908	3.856
k79_33694	5.82036
k79_1236	5.81642
k79_5909	6.15613
k79_14991	10.4002
k79_1237	3.7973
k79_33695	4.54694
k79_5910	6.71523
k79_14992	7.03817
k79_1238	3.79227
k79_33696	1.645
k79_14993	4.2562
k79_1239	3.52294
k79_10641	46.1184
k79_1240	9.19504
k79_5911	9.77636
k79_10642	2.22222
k79_14994	9.00928
k79_24269	35.6311
k79_1241	3.99732
k79_10643	5.50929
k79_14995	4.9749
k79_1242	4.42975
k79_24270	13.8116
k79_14996	4.62222
k79_10644	5.10667
k79_24271	4.30846
k79_10645	6.37079
k79_14997	3.05535
k79_1243	6.2673
k79_14998	13.8659
k79_1244	5.84375
k79_14999	6.46711
k79_1245	3.39535
k79_15000	4.4908
k79_1246	4.02439
k79_15001	6.40329
k79_10646	9.49023
k79_15002	2.43114
k79_1247	4.87681
k79_10647	5.26364
k79_1248	4.76303
k79_10648	6.552
k79_1249	2.95333
k79_1250	9.13542
k79_10649	7.11386
k79_15003	7.41363
k79_1251	2.17816
k79_15004	3.85321
k79_1252	4.77
k79_15005	2.03409
k79_1253	11.8193
k79_1254	5.39167
k79_1255	12.1569
k79_15006	7.51154
k79_10650	10.4713
k79_1256	6.25098
k79_15007	4.09317
k79_1257	10.0682
k79_10651	9.36957
k79_15008	3.79808
k79_28849	5.63235
k79_10652	14.1923
k79_28850	3.03804
k79_10653	2.63281
k79_28851	2.99005
k79_10654	3.76596
k79_15009	9.29208
k79_28852	4.44248
k79_10655	9.12613
k79_15010	3.0
k79_15011	7.3806
k79_28853	6.15936
k79_10656	4.28704
k79_28854	9.36913
k79_15012	3.35366
k79_19793	3.24771
k79_15013	13.4327
k79_28855	3.62674
k79_19794	4.69259
k79_15014	8.42177
k79_10657	4.40981
k79_19795	5.21875
k79_15015	2.40625
k79_10658	11.2817
k79_15016	9.51079
k79_33697	4.88961
k79_28856	8.84776
k79_19796	4.85121
k79_28857	5.02198
k79_10659	9.96437
k79_33698	10.5077
k79_28858	6.45146
k79_10660	6.88889
k79_15017	5.92656
k79_28859	5.8189
k79_33699	8.37104
k79_10661	4.19271
k79_33700	11.0319
k79_10662	7.51282
k79_10663	3.48795
k79_10664	4.22093
k79_33701	7.57878
k79_10665	3.68919
k79_15018	9.52366
k79_33702	6.07177
k79_10666	6.69634
k79_19797	5.75781
k79_33703	4.46789
k79_19798	8.17778
k79_15019	53.805
k79_19799	3.45161
k79_10667	4.07246
k79_15020	3.90741
k79_19800	2.79048
k79_10668	2.82022
k79_15021	3.77273
k79_33704	5.93506
k79_10669	5.33099
k79_15022	13.5597
k79_19801	5.81949
k79_10670	2.74227
k79_5912	2.66142
k79_15023	2.08791
k79_10671	7.46732
k79_24272	49.7164
k79_10672	2.90789
k79_15024	6.61246
k79_19802	5.86694
k79_10673	3.23469
k79_5913	10.6017
k79_19803	3.4386
k79_15025	3.45413
k79_10674	20.6646
k79_5914	2.8617
k79_24273	7.59871
k79_15026	4.52809
k79_10675	4.57853
k79_5915	6.18428
k79_1258	7.37349
k79_24274	4.38035
k79_33705	7.73858
k79_5916	5.35714
k79_1259	3.34746
k79_19804	11.421
k79_10676	5.87926
k79_15027	5.81536
k79_33706	2.81395
k79_1260	2.92929
k79_19805	3.55882
k79_5917	5.53431
k79_10677	8.1579
k79_15028	5.79861
k79_33707	2.16822
k79_1261	6.38384
k79_5918	2.90476
k79_24275	6.77018
k79_15029	7.3
k79_19806	16.158
k79_15030	4.4382
k79_10678	6.47982
k79_19807	16.5124
k79_33708	6.40535
k79_15031	4.92357
k79_1262	55.7889
k79_19808	4.5
k79_33709	7.65806
k79_1263	3.16575
k79_10679	17.4749
k79_19809	10.9735
k79_33710	6.16432
k79_5919	27.1591
k79_1264	6.30599
k79_15032	5.90971
k79_33711	6.87647
k79_33712	5.16058
k79_15033	4.84009
k79_15034	2.77419
k79_33713	5.42217
k79_33714	5.27586
k79_10680	1.96667
k79_33715	2.47222
k79_10681	3.50526
k79_5920	7.44537
k79_33716	5.13768
k79_10682	5.70395
k79_15035	4.50413
k79_5921	6.51064
k79_15036	2.3956
k79_5922	3.13008
k79_10683	3.4346
k79_10684	11.2474
k79_15037	6.40613
k79_5923	13.1685
k79_33717	7.02996
k79_10685	2.81452
k79_19810	41.2319
k79_5924	8.39683
k79_33718	3.31841
k79_5925	1.87234
k79_19811	19.8571
k79_33719	17.8692
k79_15038	6.94433
k79_10686	8.25672
k79_19812	6.05442
k79_5926	3.91282
k79_10687	6.72947
k79_5927	4.57764
k79_15039	6.66469
k79_5928	4.12903
k79_15040	4.20619
k79_19813	7.88927
k79_15041	4.45509
k79_5929	9.71014
k79_19814	6.07143
k79_5930	5.65049
k79_5931	5.23116
k79_19815	3.77876
k79_15042	8.06241
k79_28860	50.8454
k79_15043	3.63498
k79_5932	3.44538
k79_15044	3.53636
k79_19816	6.68914
k79_19817	1.53933
k79_15045	2.98253
k79_1265	19.2554
k79_28861	9.12716
k79_1266	2.97
k79_5933	10.8934
k79_19818	5.55676
k79_1267	8.63102
k79_15046	6.9858
k79_28862	4.48122
k79_19819	5.07547
k79_5934	5.09687
k79_15047	7.02174
k79_1268	5.29836
k79_5935	6.44275
k79_15048	7.85792
k79_1269	3.48315
k79_10688	2.89247
k79_28863	9.13397
k79_10689	4.90244
k79_1270	8.92
k79_15049	4.68382
k79_28864	7.8408
k79_15050	3.18584
k79_1271	4.59893
k79_10690	4.75655
k79_5936	8.29689
k79_15051	2.68317
k79_28865	8.18812
k79_5937	3.08333
k79_1272	14.0038
k79_28866	5.33476
k79_15052	6.03187
k79_1273	7.53616
k79_28867	6.48627
k79_5938	9.06529
k79_15053	5.27485
k79_10691	7.84969
k79_28868	6.54595
k79_5939	4.05769
k79_15054	11.6917
k79_5940	5.36522
k79_15055	2.6055
k79_28869	12.7927
k79_15056	2.57558
k79_10692	16.7881
k79_5941	4.53378
k79_15057	4.85714
k79_10693	67.9122
k79_28870	5.02985
k79_15058	2.16279
k79_5942	25.0517
k79_15059	3.24498
k79_28871	5.28242
k79_5943	3.15135
k79_15060	1.61538
k79_10694	4.81713
k79_28872	6.28272
k79_1274	4.97315
k79_5944	3.0198
k79_15061	5.89247
k79_10695	3.09929
k79_28873	11.9909
k79_5945	3.43981
k79_15062	4.57326
k79_5946	3.82022
k79_10696	4.52448
k79_28874	3.87689
k79_15063	10.4343
k79_5947	8.65909
k79_1275	7.4236
k79_15064	4.30851
k79_28875	2.76596
k79_5948	8.22807
k79_10697	8.47478
k79_15065	2.60819
k79_5949	6.62238
k79_10698	3.08917
k79_28876	12.5741
k79_1276	3.15299
k79_15066	10.0283
k79_5950	5.81529
k79_10699	7.14286
k79_15067	3.12605
k79_1277	7.22128
k79_5951	9.06195
k79_33720	2.87113
k79_24276	48.1139
k79_1278	4.1134
k79_19820	5.87689
k79_5952	5.65254
k79_1279	2.7234
k79_24277	6.42373
k79_15068	6.09218
k79_5953	10.0583
k79_19821	5.56831
k79_33721	3.78106
k79_24278	5.78182
k79_5954	4.57792
k79_33722	7.43885
k79_15069	3.6
k79_24279	2.06087
k79_19822	3.19665
k79_1280	16.1813
k79_5955	11.1829
k79_15070	5.09489
k79_33723	5.12077
k79_19823	3.20362
k79_5956	1.75824
k79_19824	3.88696
k79_5957	6.83429
k79_33724	6.13433
k79_19825	3.45604
k79_5958	5.24138
k79_33725	6.92308
k79_33726	5.93548
k79_5959	4.5541
k79_19826	5.18302
k79_33727	1.96241
k79_15071	9.63181
k79_5960	5.31333
k79_19827	5.23671
k79_15072	7.84431
k79_19828	2.6875
k79_5961	7.45699
k79_19829	2.85526
k79_15073	4.32159
k79_5962	11.2088
k79_15074	4.5463
k79_5963	6.68293
k79_33728	9.63512
k79_19830	7.75126
k79_5964	6.38947
k79_15075	23.2963
k79_33729	4.47917
k79_19831	6.34066
k79_19832	7.71681
k79_33730	4.49102
k79_5965	4.97464
k79_15076	7.31915
k79_19833	3.63277
k79_33731	4.08901
k79_15077	5.62115
k79_19834	6.33333
k79_5966	5.53598
k79_33732	6.19614
k79_5967	3.08081
k79_19835	4.4306
k79_33733	4.59162
k79_5968	5.34752
k79_33734	3.47802
k79_19836	4.87646
k79_5969	8.72427
k79_15078	57.8796
k79_33735	4.42975
k79_19837	3.12613
k79_5970	2.39
k79_33736	12.8741
k79_15079	10.7208
k79_5971	8.79605
k79_33737	8.52525
k79_28877	9.47381
k79_33738	8.56294
k79_19838	16.419
k79_5972	8.96844
k79_28878	4.15287
k79_19839	4.41989
k79_33739	5.22519
k79_19840	3.10891
k79_33740	3.54545
k79_28879	5.72436
k79_5973	3.46218
k79_19841	8.53548
k79_28880	8.38168
k79_33741	9.72569
k79_5974	4.5477
k79_33742	12.681
k79_28881	5.14359
k79_19842	13.8434
k79_5975	3.576
k79_15080	32.4549
k79_33743	3.2971
k79_28882	3.95968
k79_28883	5.08791
k79_19843	6.11509
k79_5976	7.53955
k79_15081	5.86881
k79_1281	4.0724
k79_10700	5.57025
k79_28884	5.39441
k79_33744	6.33155
k79_10701	8.23711
k79_33745	3.91011
k79_1282	5.48117
k79_15082	4.9729
k79_10702	6.48421
k79_1283	2.52381
k79_10703	6.12042
k79_33746	5.56347
k79_1284	2.99296
k79_5977	9.63966
k79_10704	2.46835
k79_33747	4.68944
k79_15083	5.18007
k79_5978	12.0616
k79_33748	7.80844
k79_10705	4.87565
k79_15084	4.51053
k79_1285	7.92747
k79_5979	6.39233
k79_10706	4.65398
k79_28885	34.4934
k79_5980	22.2045
k79_1286	3.844
k79_28886	4.03333
k79_10707	4.51793
k79_1287	3.24183
k79_15085	6.08942
k79_28887	24.9775
k79_10708	4.85271
k79_24280	4.03586
k79_15086	4.92701
k79_10709	4.24762
k79_28888	5.57143
k79_24281	5.9
k79_5981	4.1718
k79_1288	6.896
k79_15087	3.59649
k79_19844	5.95175
k79_1289	7.91818
k79_15088	5.62963
k79_24282	5.70082
k79_10710	10.6787
k79_1290	3.14504
k79_15089	3.25714
k79_19845	4.71866
k79_1291	4.04808
k79_28889	50.6283
k79_24283	6.35872
k79_1292	33.2953
k79_15090	5.53511
k79_28890	3.1234
k79_10711	19.5703
k79_1293	7.84946
k79_10712	8.3
k79_15091	5.96711
k79_28891	6.19588
k79_1294	6.7415
k79_10713	2.87204
k79_15092	9.69
k79_1295	5.26829
k79_15093	5.39623
k79_28892	3.85714
k79_10714	4.50202
k79_15094	4.175
k79_1296	4.38983
k79_28893	5.38492
k79_1297	7.47059
k79_10715	5.89268
k79_1298	3.56154
k79_10716	4.71739
k79_10717	9.84783
k79_24284	10.9723
k79_1299	5.39033
k79_28894	5.8037
k79_10718	9.28
k79_1300	4.6875
k79_10719	6.60577
k79_19846	8.3811
k79_1301	18.0932
k79_15095	9.34416
k79_24285	12.6022
k79_19847	3.61053
k79_28895	7.63614
k79_10720	5.6044
k79_15096	19.4823
k79_19848	3.14563
k79_24286	9.65922
k79_10721	3.5
k79_1302	3.28169
k79_28896	6.13472
k79_15097	2.59124
k79_24287	3.61749
k79_1303	4.15625
k79_10722	4.84028
k79_1304	4.54167
k79_28897	14.1138
k79_15098	5.1142
k79_1305	7.58462
k79_10723	6.14154
k79_24288	10.3712
k79_15099	8.0
k79_5982	60.4568
k79_19849	50.5313
k79_24289	4.48696
k79_15100	6.22124
k79_19850	7.92
k79_1306	5.4383
k79_24290	2.46893
k79_5983	8.06207
k79_19851	6.8
k79_15101	2.60694
k79_19852	1.77778
k79_1307	11.2722
k79_24291	6.8754
k79_15102	2.16279
k79_1308	8.32121
k79_24292	6.27972
k79_19853	6.7515
k79_1309	2.50602
k79_24293	7.10682
k79_19854	3.73636
k79_15103	6.39815
k79_5984	6.64163
k79_1310	6.04326
k79_19855	6.38865
k79_24294	11.9033
k79_1311	2.41071
k79_5985	8.42941
k79_19856	4.66667
k79_15104	3.625
k79_28898	33.3746
k79_5986	3.08209
k79_1312	2.62191
k79_28899	4.26829
k79_19857	3.83893
k79_24295	6.06763
k79_15105	7.22464
k79_28900	6.61395
k79_1313	6.01238
k79_19858	4.97799
k79_15106	3.75714
k79_28901	11.7554
k79_1314	7.19595
k79_15107	2.09574
k79_19859	16.1042
k79_24296	5.44407
k79_28902	4.0
k79_5987	6.59871
k79_15108	4.08721
k79_19860	5.65641
k79_24297	4.51765
k79_5988	4.2
k79_28903	5.17672
k79_24298	9.70248
k79_1315	3.60266
k79_5989	2.61321
k79_28904	5.37302
k79_19861	6.10453
k79_15109	4.73973
k79_1316	3.664
k79_28905	6.64583
k79_5990	3.94475
k79_15110	3.12698
k79_24299	3.98776
k79_19862	4.59146
k79_28906	3.28169
k79_5991	4.70492
k79_24300	5.3299
k79_15111	6.56552
k79_1317	4.31597
k79_5992	2.36879
k79_24301	4.09677
k79_28907	4.47826
k79_15112	2.61
k79_19863	8.74528
k79_5993	8.77778
k79_19864	4.05455
k79_24302	19.7433
k79_15113	5.49
k79_1318	5.69811
k79_28908	7.53524
k79_5994	7.35347
k79_24303	4.38824
k79_15114	10.1705
k79_1319	10.1504
k79_15115	4.49
k79_24304	3.74457
k79_5995	4.18782
k79_1320	4.2087
k79_15116	3.62838
k79_1321	5.85227
k79_15117	12.1957
k79_5996	42.7486
k79_24305	4.53034
k79_5997	2.90291
k79_5998	6.8806
k79_5999	3.90226
k79_1322	9.07199
k79_6000	6.86036
k79_1323	5.08796
k79_6001	8.08939
k79_33749	50.4658
k79_6002	7.91393
k79_33750	9.0355
k79_6003	4.6963
k79_15118	44.5704
k79_15119	31.1099
k79_6004	6.10993
k79_33751	7.24233
k79_33752	3.6699
k79_6005	6.30942
k79_6006	3.09774
k79_6007	7.3617
k79_1324	14.1051
k79_6008	7.93258
k79_10724	7.25874
k79_1325	6.9505
k79_10725	6.24107
k79_10726	3.13571
k79_6009	6.01677
k79_33753	10.3623
k79_10727	5.27027
k79_6010	3.52174
k79_1326	8.28395
k79_33754	2.90667
k79_10728	8.09836
k79_33755	11.7427
k79_10729	3.20438
k79_6011	5.44092
k79_1327	4.51093
k79_6012	3.26848
k79_33756	5.23754
k79_1328	6.99457
k79_15120	9.24709
k79_10730	7.88955
k79_33757	2.18269
k79_1329	3.90805
k79_6013	5.67433
k79_15121	2.68182
k79_10731	5.84925
k79_33758	4.15625
k79_6014	2.44444
k79_15122	5.70707
k79_1330	4.54237
k79_6015	3.49074
k79_33759	5.56818
k79_1331	4.20312
k79_10732	6.30233
k79_1332	4.41026
k79_15123	6.0
k79_33760	6.4498
k79_10733	2.57303
k79_6016	4.30081
k79_10734	6.59551
k79_1333	7.20635
k79_15124	6.52195
k79_33761	8.75155
k79_10735	5.31482
k79_6017	2.88755
k79_33762	3.47712
k79_15125	6.37576
k79_6018	4.41053
k79_10736	7.30172
k79_1334	7.00691
k79_15126	5.07609
k79_33763	2.83471
k79_1335	5.59259
k79_33764	7.21622
k79_10737	10.7126
k79_15127	7.35496
k79_33765	5.19608
k79_6019	9.64062
k79_6020	6.95683
k79_33766	6.98068
k79_15128	43.8429
k79_15129	6.9798
k79_33767	7.22111
k79_1336	3.86564
k79_6021	6.61506
k79_10738	4.33473
k79_15130	5.66197
k79_1337	3.58427
k79_10739	5.82787
k79_1338	3.88073
k79_28909	2.36842
k79_15131	9.50867
k79_10740	2.79518
k79_6022	4.00891
k79_19865	11.0612
k79_15132	9.84173
k79_10741	5.31056
k79_28910	6.80357
k79_15133	1.96324
k79_6023	3.5019
k79_19866	4.85965
k79_1339	4.98887
k79_28911	5.4
k79_10742	6.39899
k79_15134	4.74786
k79_6024	7.3348
k79_10743	2.98058
k79_28912	3.6519
k79_28913	5.03093
k79_19867	6.36874
k79_1340	6.33544
k79_10744	38.5271
k79_28914	4.18478
k79_19868	4.625
k79_6025	5.64449
k79_28915	3.31387
k79_1341	4.91542
k79_19869	9.1134
k79_10745	18.7009
k79_6026	2.70297
k79_15135	6.45098
k79_28916	8.46875
k79_6027	10.7041
k79_19870	4.49367
k79_1342	7.99259
k79_15136	3.78761
k79_28917	14.2422
k79_15137	5.90517
k79_1343	4.74035
k79_33768	9.24901
k79_28918	2.16418
k79_15138	7.24
k79_19871	4.42746
k79_6028	9.11414
k79_10746	5.67427
k79_1344	8.67939
k79_19872	4.69231
k79_15139	2.8534
k79_28919	5.6917
k79_6029	3.18557
k79_1345	2.75484
k79_33769	6.21171
k79_19873	7.10929
k79_15140	3.42632
k79_6030	4.26163
k79_1346	5.06557
k79_28920	6.70383
k79_6031	5.9434
k79_1347	5.39326
k79_33770	3.6
k79_28921	6.72403
k79_1348	6.88793
k79_28922	25.5794
k79_10747	8.68915
k79_28923	3.37879
k79_6032	10.7451
k79_10748	6.31984
k79_19874	7.27601
k79_6033	5.56364
k79_6034	18.5641
k79_1349	7.3795
k79_28924	9.81909
k79_19875	4.72727
k79_33771	15.0147
k79_6035	3.32632
k79_1350	7.02203
k79_28925	6.58898
k79_33772	4.95897
k79_19876	5.29218
k79_1351	4.58511
k79_19877	2.34177
k79_28926	9.64143
k79_6036	6.90545
k79_1352	5.46414
k79_19878	5.81633
k79_19879	12.8324
k79_28927	7.18913
k79_28928	3.27928
k79_1353	8.35769
k79_19880	4.88785
k79_1354	4.79825
k79_6037	11.2943
k79_19881	5.87218
k79_1355	8.33065
k79_19882	5.77083
k79_19883	3.40816
k79_6038	11.3295
k79_6039	3.52074
k79_28929	11.3294
k79_6040	4.07377
k79_28930	3.2931
k79_6041	4.33588
k79_33773	19.7943
k79_28931	6.7197
k79_6042	3.60606
k79_33774	2.3876
k79_28932	24.0
k79_6043	8.03817
k79_33775	3.27857
k79_6044	2.67368
k79_6045	12.3196
k79_33776	15.0804
k79_28933	8.52655
k79_24306	47.0027
k79_33777	12.3643
k79_6046	6.22287
k79_33778	5.77419
k79_24307	2.90526
k79_24308	6.12871
k79_6047	4.44218
k79_1356	46.1695
k79_6048	3.40411
k79_1357	5.08442
k79_33779	7.59316
k79_6049	4.46512
k79_1358	4.60938
k79_33780	7.31538
k79_24309	6.82759
k79_6050	4.32075
k79_24310	2.77372
k79_1359	6.10145
k79_6051	5.0303
k79_24311	4.14865
k79_6052	11.1354
k79_10749	45.4028
k79_6053	5.53755
k79_24312	5.2409
k79_33781	6.07956
k79_6054	9.54955
k79_33782	5.58889
k79_10750	3.63279
k79_10751	4.12791
k79_6055	3.83971
k79_33783	4.00909
k79_10752	5.2776
k79_6056	4.95238
k79_15141	43.6177
k79_6057	2.32692
k79_33784	5.91837
k79_6058	3.02167
k79_33785	4.85866
k79_6059	7.35616
k79_15142	5.37737
k79_15143	6.12414
k79_15144	5.55981
k79_33786	6.33944
k79_15145	4.76
k79_6060	8.33436
k79_15146	10.3495
k79_6061	2.58824
k79_15147	6.40171
k79_1360	36.0076
k79_15148	4.88525
k79_15149	9.2446
k79_15150	6.47486
k79_15151	4.0625
k79_6062	7.90022
k79_15152	11.1068
k79_6063	3.03093
k79_6064	3.5098
k79_6065	8.55102
k79_33787	18.6997
k79_6066	6.26908
k79_6067	4.17969
k79_19884	7.15596
k79_1361	7.62
k79_6068	8.07862
k79_33788	7.11024
k79_6069	4.37719
k79_33789	6.68224
k79_10753	6.50754
k79_6070	10.3139
k79_33790	2.79817
k79_10754	3.40601
k79_1362	5.48163
k79_6071	4.15789
k79_33791	3.72727
k79_33792	4.30357
k79_28934	6.29699
k79_1363	3.27778
k79_6072	5.66416
k79_1364	7.83594
k79_33793	4.81325
k79_33794	1.79167
k79_6073	5.52991
k79_33795	7.62105
k79_6074	6.58896
k79_33796	18.8905
k79_6075	4.51064
k79_33797	3.48092
k79_1365	8.57022
k79_10755	4.56742
k79_10756	7.57258
k79_6076	4.85692
k79_19885	13.7645
k79_1366	9.09014
k79_19886	8.65421
k79_10757	7.03896
k79_1367	4.87912
k79_19887	12.598
k79_10758	2.95
k79_19888	7.13402
k79_1368	15.3347
k79_19889	2.4
k79_10759	6.19919
k79_6077	3.87047
k79_10760	4.97976
k79_19890	5.14591
k79_1369	3.56193
k79_33798	4.11604
k79_10761	5.03587
k79_19891	8.0531
k79_6078	8.2512
k79_10762	2.78986
k79_1370	3.62987
k79_6079	4.01754
k79_33799	5.14384
k79_10763	11.422
k79_1371	9.87755
k79_19892	4.95079
k79_33800	7.4181
k79_1372	4.73188
k79_1373	3.22951
k79_19893	5.76305
k79_10764	5.82422
k79_33801	4.62759
k79_19894	2.54167
k79_10765	3.33548
k79_1374	4.34494
k79_33802	6.63985
k79_1375	4.43333
k79_10766	5.19444
k79_19895	4.08333
k79_1376	3.81159
k79_19896	3.63942
k79_28935	34.6158
k79_10767	3.93004
k79_19897	8.95625
k79_28936	2.79208
k79_19898	7.07246
k79_28937	5.44534
k79_1377	8.22284
k79_28938	10.4532
k79_19899	3.84257
k79_1378	4.55689
k79_33803	5.41024
k79_19900	2.0297
k79_33804	3.07692
k79_28939	6.24453
k79_1379	3.59677
k79_33805	4.12613
k79_28940	3.30357
k79_19901	6.99077
k79_33806	2.95035
k79_1380	4.96121
k79_1381	7.75373
k79_19902	6.03704
k79_28941	4.09949
k79_1382	6.29126
k79_19903	4.47727
k79_28942	3.65574
k79_6080	35.1041
k79_10768	9.71291
k79_1383	3.66667
k79_28943	7.57895
k79_10769	6.03704
k79_6081	4.16477
k79_28944	3.77778
k79_19904	5.00946
k79_6082	2.61765
k79_19905	6.42703
k79_10770	5.01238
k79_28945	8.67658
k79_15153	38.7233
k79_6083	6.22981
k79_28946	7.46465
k79_10771	4.12448
k79_19906	4.99387
k79_28947	4.73125
k79_19907	4.16393
k79_10772	3.40394
k79_15154	6.32329
k79_10773	3.21894
k79_10774	4.56302
k79_15155	8.48123
k79_28948	4.20173
k79_6084	6.40714
k79_15156	7.56552
k79_10775	7.46011
k79_24313	66.4266
k79_6085	9.075
k79_19908	8.87473
k79_1384	7.14641
k79_15157	5.85641
k79_28949	4.05556
k79_6086	4.408
k79_1385	3.95804
k79_15158	1.9898
k79_28950	7.83486
k79_15159	2.44037
k79_1386	3.2
k79_10776	6.50536
k79_1387	2.77914
k79_10777	6.31618
k79_28951	17.1743
k79_10778	2.47059
k79_6087	7.68458
k79_15160	7.25676
k79_24314	6.56104
k79_33807	36.5776
k79_6088	10.634
k79_28952	2.92513
k79_15161	4.42331
k79_10779	9.86813
k79_1388	6.44531
k79_33808	2.93684
k79_6089	3.21374
k79_1389	17.0201
k79_6090	11.0581
k79_33809	6.19838
k79_1390	5.74286
k79_24315	5.33333
k79_19909	13.8516
k79_15162	6.83413
k79_24316	7.2809
k79_19910	5.71171
k79_33810	6.21583
k79_1391	6.16016
k79_6091	13.3605
k79_10780	5.99686
k79_33811	9.2
k79_19911	4.48387
k79_15163	7.35062
k79_10781	3.77273
k79_33812	5.95283
k79_24317	3.47368
k79_10782	8.21978
k79_19912	12.9923
k79_6092	7.66014
k79_33813	3.27011
k79_1392	7.38381
k79_28953	7.78563
k79_19913	5.96859
k79_6093	3.25389
k79_1393	13.3723
k79_15164	6.5741
k79_19914	5.65714
k79_28954	5.08392
k79_10783	5.05202
k79_1394	3.4058
k79_24318	6.26261
k79_1395	4.35938
k79_15165	5.9345
k79_33814	7.6354
k79_28955	7.77381
k79_19915	14.8036
k79_24319	4.31098
k79_6094	3.25828
k79_1396	3.22989
k79_28956	7.19149
k79_33815	3.84974
k79_15166	12.7331
k79_24320	4.60843
k79_6095	5.44167
k79_28957	7.91603
k79_15167	5.70093
k79_33816	3.22167
k79_24321	2.39037
k79_1397	9.04695
k79_28958	5.95169
k79_10784	5.35415
k79_15168	2.48876
k79_6096	4.99778
k79_28959	2.53933
k79_24322	6.65833
k79_15169	4.13514
k79_1398	2.97778
k79_28960	4.32824
k79_10785	4.41096
k79_6097	3.64684
k79_33817	6.03756
k79_1399	3.85083
k79_28961	12.6682
k79_33818	4.75455
k79_10786	3.3865
k79_1400	7.65217
k79_28962	2.33913
k79_6098	4.63787
k79_33819	6.68345
k79_24323	3.98377
k79_19916	5.01653
k79_28963	2.08911
k79_24324	6.39394
k79_6099	3.53097
k79_19917	7.72483
k79_1401	12.4966
k79_28964	4.76106
k79_6100	3.59804
k79_1402	1.48855
k79_15170	12.9048
k79_6101	8.14286
k79_24325	8.041
k79_6102	5.75
k79_1403	6.77872
k79_28965	8.97023
k79_6103	9.19231
k79_1404	2.94118
k79_24326	6.80973
k79_15171	5.80556
k79_33820	9.20895
k79_24327	4.32031
k79_15172	9.81461
k79_1405	3.90909
k79_24328	4.30108
k79_6104	4.58382
k79_1406	2.26667
k79_15173	4.175
k79_28966	4.97799
k79_6105	7.24828
k79_15174	14.3924
k79_1407	7.18452
k79_24329	7.93766
k79_19918	5.85934
k79_28967	7.46552
k79_6106	8.69027
k79_1408	7.02115
k79_15175	18.819
k79_28968	7.64883
k79_19919	6.60773
k79_10787	3.0813
k79_1409	7.39259
k79_1410	5.18321
k79_19920	10.9255
k79_10788	24.7788
k79_6107	6.56224
k79_28969	7.34218
k79_10789	6.5493
k79_6108	5.8
k79_1411	5.73718
k79_28970	3.68391
k79_19921	7.41076
k79_6109	8.97368
k79_28971	8.38037
k79_19922	4.62295
k79_10790	9.06416
k79_6110	2.87562
k79_1412	6.06903
k79_10791	5.34375
k79_1413	6.30435
k79_15176	8.82689
k79_28972	7.59566
k79_1414	8.47872
k79_6111	6.52982
k79_19923	5.82857
k79_15177	9.73684
k79_1415	7.52047
k79_6112	5.1938
k79_28973	3.54217
k79_19924	6.17752
k79_1416	4.74227
k79_6113	9.55063
k79_19925	7.28723
k79_1417	7.72826
k79_28974	3.72835
k79_19926	5.34454
k79_6114	7.60645
k79_28975	3.504
k79_1418	5.65
k79_15178	7.06667
k79_6115	5.09774
k79_19927	3.68027
k79_15179	11.012
k79_19928	6.6381
k79_15180	6.90598
k79_10792	7.73118
k79_28976	9.81352
k79_19929	6.10638
k79_10793	3.33333
k79_19930	4.68992
k79_28977	10.7847
k79_1419	7.34286
k79_19931	15.5965
k79_28978	3.79699
k79_15181	6.26329
k79_19932	10.7143
k79_28979	3.6124
k79_10794	4.37215
k79_15182	4.34322
k79_1420	9.21757
k79_19933	3.72632
k79_28980	3.13684
k79_10795	14.4359
k79_19934	4.224
k79_15183	5.27869
k79_28981	6.81944
k79_19935	9.45455
k79_10796	4.25816
k79_15184	4.51786
k79_28982	12.2903
k79_1421	12.1688
k79_19936	4.8022
k79_15185	5.51064
k79_28983	4.43312
k79_10797	4.15862
k79_15186	4.11801
k79_28984	6.5619
k79_19937	8.81452
k79_1422	6.58239
k79_10798	5.26601
k79_19938	6.15646
k79_1423	3.43558
k79_15187	6.64815
k79_10799	3.85106
k79_28985	6.92169
k79_10800	5.25625
k79_28986	3.49733
k79_1424	6.86877
k79_19939	5.90261
k79_10801	4.5906
k79_1425	4.55682
k79_15188	6.37209
k79_1426	3.32222
k79_15189	4.09722
k79_10802	6.83796
k79_19940	8.16112
k79_15190	3.78409
k79_10803	4.13084
k79_19941	6.45
k79_1427	10.4203
k79_15191	5.00735
k79_1428	13.7778
k79_19942	9.84716
k79_10804	4.54613
k79_6116	4.23105
k79_1429	7.29963
k79_28987	8.80529
k79_15192	3.65
k79_1430	15.6667
k79_19943	5.24633
k79_33821	42.7209
k79_28988	14.3839
k79_15193	5.61504
k79_28989	4.32353
k79_33822	4.68306
k79_19944	12.931
k79_19945	2.29213
k79_15194	7.94154
k79_33823	5.60156
k79_28990	20.0556
k79_15195	4.65217
k79_19946	5.32534
k79_33824	4.86486
k79_15196	5.83505
k79_33825	2.88889
k79_28991	4.42424
k79_15197	4.62698
k79_19947	4.48485
k79_15198	3.2807
k79_19948	21.6571
k79_33826	6.37278
k79_28992	3.98621
k79_19949	6.3125
k79_28993	5.70968
k79_1431	7.74083
k79_33827	8.61321
k79_15199	4.89007
k79_28994	9.4382
k79_19950	4.11058
k79_33828	9.74742
k79_15200	9.49324
k79_1432	6.77108
k79_28995	2.77824
k79_1433	4.3964
k79_15201	2.18548
k79_19951	5.43949
k79_28996	3.26712
k79_1434	3.64734
k79_24330	5.9887
k79_28997	3.5
k79_24331	5.21429
k79_28998	4.04828
k79_24332	5.8945
k79_24333	4.81967
k79_1435	6.558
k79_15202	20.513
k79_24334	5.42174
k79_1436	10.7044
k79_33829	9.48025
k79_1437	2.28814
k79_1438	5.07692
k79_24335	3.96386
k79_1439	2.9386
k79_33830	9.23471
k79_24336	3.17083
k79_33831	6.6338
k79_33832	4.66364
k79_24337	3.98561
k79_15203	38.2199
k79_24338	2.74419
k79_33833	3.92973
k79_15204	15.876
k79_15205	7.00417
k79_24339	5.61821
k79_33834	8.58906
k79_24340	6.66154
k79_28999	49.0296
k79_15206	5.71879
k79_29000	5.5068
k79_33835	5.63434
k79_29001	3.0
k79_15207	8.36769
k79_33836	3.08462
k79_29002	4.07692
k79_6117	2.81333
k79_33837	5.19883
k79_6118	5.68421
k79_33838	5.47009
k79_6119	5.52874
k79_6120	3.57143
k79_33839	3.49231
k79_6121	5.62921
k79_33840	5.14465
k79_6122	6.44355
k79_33841	6.15323
k79_6123	10.3802
k79_24341	16.8561
k79_33842	9.16667
k79_24342	4.78992
k79_33843	4.9457
k79_24343	4.17333
k79_24344	12.6091
k79_24345	3.95122
k79_6124	8.91517
k79_33844	5.35155
k79_6125	11.5057
k79_1440	5.02206
k79_24346	4.77904
k79_19952	2.14184
k79_33845	10.0994
k79_6126	2.79365
k79_29003	3.92
k79_1441	3.26316
k79_24347	6.4031
k79_29004	3.552
k79_1442	3.46032
k79_24348	3.27907
k79_15208	5.45
k79_6127	9.11749
k79_33846	26.2163
k79_1443	7.68
k79_29005	2.35762
k79_6128	5.48
k79_33847	3.28906
k79_24349	4.76385
k79_29006	4.2807
k79_6129	5.91935
k79_15209	6.88046
k79_6130	3.52113
k79_24350	3.87446
k79_15210	5.03636
k79_6131	2.8125
k79_24351	1.70548
k79_33848	18.0202
k79_29007	7.42366
k79_6132	5.04348
k79_33849	5.13158
k79_24352	4.66946
k79_15211	7.49336
k79_33850	22.5847
k79_6133	4.51592
k79_15212	5.7549
k79_24353	10.9152
k79_1444	7.74043
k79_33851	4.85345
k79_15213	18.9691
k79_1445	15.0306
k79_6134	5.44693
k79_33852	10.7826
k79_1446	5.21111
k79_15214	3.37302
k79_33853	5.84337
k79_24354	11.4109
k79_1447	2.69863
k79_15215	7.5
k79_33854	4.09524
k79_1448	5.14833
k79_24355	2.93103
k79_15216	2.97134
k79_24356	3.12621
k79_6135	17.1026
k79_6136	4.8366
k79_24357	6.02264
k79_29008	20.6178
k79_1449	12.4175
k79_15217	6.13063
k79_24358	3.38462
k79_33855	5.69616
k79_15218	6.98925
k79_1450	4.59394
k79_24359	10.419
k79_29009	5.73743
k79_33856	4.82418
k79_15219	4.904
k79_6137	6.94348
k79_15220	6.292
k79_33857	5.11422
k79_29010	5.41478
k79_24360	6.70819
k79_6138	4.36111
k79_15221	4.62992
k79_29011	4.46018
k79_33858	4.525
k79_24361	6.00787
k79_6139	11.3046
k79_15222	7.52532
k79_33859	3.92708
k79_6140	9.61539
k79_24362	10.0084
k79_33860	2.37755
k79_15223	2.86928
k79_6141	3.7697
k79_15224	4.27928
k79_24363	4.79039
k79_29012	5.00322
k79_6142	3.0
k79_15225	7.66
k79_33861	2.82471
k79_24364	2.73394
k79_29013	5.17881
k79_33862	4.7037
k79_24365	4.93939
k79_6143	2.88325
k79_29014	5.32258
k79_29015	3.47059
k79_19953	7.0
k79_33863	4.45742
k79_6144	5.64097
k79_19954	5.27559
k79_29016	12.5455
k79_33864	4.30545
k79_6145	5.155
k79_1451	7.94481
k79_29017	7.17197
k79_19955	3.668
k79_6146	2.69841
k79_19956	4.38889
k79_6147	4.83871
k79_1452	4.01449
k79_29018	9.13904
k79_19957	9.05556
k79_6148	3.34826
k79_1453	15.4472
k79_33865	4.34652
k79_19958	5.93518
k79_29019	6.58419
k79_1454	3.6087
k79_19959	4.03774
k79_15226	35.1897
k79_29020	3.88235
k79_6149	4.37105
k79_33866	7.38542
k79_1455	57.5398
k79_15227	2.18939
k79_29021	4.15132
k79_19960	3.98577
k79_33867	9.11243
k79_6150	4.58871
k79_1456	5.07203
k79_15228	7.13447
k79_33868	3.22022
k79_15229	64.3358
k79_33869	3.15741
k79_19961	8.42031
k79_1457	6.48065
k79_33870	5.38144
k79_15230	4.9521
k79_1458	3.17978
k79_29022	8.18891
k79_33871	2.19824
k79_1459	3.65347
k79_15231	4.29286
k79_1460	5.66667
k79_29023	13.0353
k79_33872	5.2625
k79_29024	2.36893
k79_15232	2.98444
k79_24366	4.24908
k79_1461	5.49789
k79_33873	3.85106
k79_6151	9.03627
k79_19962	4.71531
k79_33874	5.09901
k79_29025	7.33333
k79_6152	5.04286
k79_1462	3.76301
k79_24367	10.3613
k79_19963	2.28571
k79_33875	7.45455
k79_6153	3.45263
k79_19964	5.18518
k79_33876	6.39326
k79_6154	7.98148
k79_29026	5.99398
k79_1463	5.55
k79_24368	8.59497
k79_15233	7.23823
k79_33877	4.57143
k79_29027	2.27184
k79_6155	4.06475
k79_19965	5.3405
k79_15234	4.10638
k79_29028	7.23077
k79_33878	5.70909
k79_19966	7.21008
k79_24369	3.67355
k79_15235	2.89691
k79_33879	3.21818
k79_19967	3.24891
k79_24370	2.94224
k79_15236	10.1083
k79_29029	9.90881
k79_1464	7.07496
k79_19968	9.42446
k79_24371	4.58586
k79_1465	3.92793
k79_15237	4.55556
k79_29030	5.99648
k79_19969	4.16535
k79_33880	3.67061
k79_1466	5.14124
k79_10805	44.0207
k79_6156	71.391
k79_19970	7.48649
k79_33881	13.1043
k79_15238	3.72141
k79_1467	5.55056
k79_29031	6.78387
k79_24372	9.81785
k79_33882	3.48592
k79_6157	4.69388
k79_10806	3.79365
k79_33883	1.45161
k79_15239	7.00639
k79_19971	8.30664
k79_6158	6.61905
k79_10807	20.9802
k79_1468	8.60341
k79_15240	3.56493
k79_19972	17.3543
k79_29032	8.69672
k79_33884	3.89676
k79_15241	5.03673
k79_6159	7.97086
k79_10808	6.43316
k79_1469	5.8956
k79_6160	2.95192
k79_33885	4.20924
k79_10809	3.44022
k79_19973	9.96672
k79_15242	4.97128
k79_29033	9.67541
k79_1470	13.2591
k79_33886	3.30653
k79_15243	3.52
k79_33887	16.0421
k79_10810	4.13577
k79_29034	8.59931
k79_1471	4.12935
k79_29035	2.44118
k79_19974	5.19771
k79_15244	6.32861
k79_1472	8.16541
k79_19975	4.94872
k79_6161	8.53152
k79_15245	6.68317
k79_1473	4.10309
k79_15246	6.23585
k79_6162	2.98104
k79_19976	15.6352
k79_29036	9.69324
k79_6163	3.58427
k79_15247	10.3508
k79_19977	9.56264
k79_33888	9.57902
k79_19978	6.23853
k79_6164	9.63981
k79_33889	3.20115
k79_15248	7.29291
k79_19979	5.75229
k79_33890	2.56863
k79_6165	4.62871
k79_1474	13.6073
k79_15249	4.01099
k79_33891	4.03727
k79_1475	4.54225
k79_29037	9.86957
k79_15250	4.84914
k79_10811	3.32624
k79_1476	4.64341
k79_29038	4.03175
k79_24373	40.4362
k79_15251	5.55147
k79_24374	4.0117
k79_1477	8.95631
k79_15252	9.21875
k79_1478	5.59937
k79_24375	6.08902
k79_15253	2.12605
k79_6166	10.8257
k79_29039	5.67219
k79_19980	6.28238
k79_33892	8.6576
k79_15254	5.4957
k79_24376	3.46452
k79_29040	6.70934
k79_33893	7.16038
k79_19981	3.24648
k79_29041	6.35152
k79_19982	4.66423
k79_24377	8.8245
k79_33894	5.15044
k79_29042	1.22472
k79_19983	5.18518
k79_33895	6.4
k79_15255	4.30352
k79_29043	13.5433
k79_24378	5.8729
k79_19984	4.26523
k79_33896	7.64416
k79_29044	5.76937
k79_24379	6.95222
k79_29045	5.53535
k79_24380	10.8115
k79_10812	9.53848
k79_1479	4.52703
k79_29046	3.31195
k79_15256	10.7334
k79_33897	11.8506
k79_24381	3.73837
k79_33898	3.02151
k79_10813	7.30769
k79_1480	4.58367
k79_10814	3.41885
k79_33899	7.67845
k79_24382	6.49246
k79_1481	5.7305
k79_15257	8.96303
k79_10815	5.17436
k79_24383	10.1827
k79_15258	8.0
k79_1482	4.10656
k79_24384	2.92632
k79_15259	3.39594
k79_10816	3.6732
k79_24385	3.9918
k79_1483	4.09317
k79_10817	5.44628
k79_1484	2.80676
k79_15260	6.52792
k79_10818	4.19388
k79_1485	10.8581
k79_24386	6.098
k79_10819	8.41011
k79_1486	3.67857
k79_24387	2.9771
k79_15261	9.03717
k79_1487	5.4095
k79_24388	5.46296
k79_10820	3.77698
k79_29047	44.5959
k79_15262	2.92453
k79_1488	2.26891
k79_24389	5.46857
k79_10821	3.17308
k79_24390	3.33649
k79_10822	7.66505
k79_15263	7.65439
k79_29048	8.60301
k79_1489	5.04144
k79_10823	4.10619
k79_24391	3.73009
k79_29049	6.63388
k79_15264	4.42435
k79_1490	11.6822
k79_24392	5.6963
k79_6167	4.20879
k79_29050	4.73604
k79_1491	3.83065
k79_15265	6.05042
k79_24393	5.0
k79_19985	9.90827
k79_10824	4.2027
k79_29051	10.2439
k79_6168	3.49569
k79_15266	5.88235
k79_29052	6.94495
k79_24394	5.44304
k79_10825	4.18321
k79_15267	4.67033
k79_6169	5.26042
k79_24395	8.04464
k79_10826	3.0
k79_6170	7.26
k79_1492	6.87737
k79_6171	5.30827
k79_10827	6.6867
k79_6172	10.766
k79_24396	5.07609
k79_19986	8.8838
k79_10828	4.95614
k79_1493	4.51122
k79_6173	4.27273
k79_19987	4.62879
k79_24397	14.724
k79_1494	3.87603
k79_19988	4.92908
k79_24398	7.14981
k79_6174	12.5021
k79_19989	3.70244
k79_1495	6.30448
k79_19990	7.20792
k79_6175	3.8538
k79_1496	6.17687
k79_10829	8.48755
k79_19991	2.52525
k79_1497	4.33065
k79_24399	8.45349
k79_19992	5.62921
k79_1498	2.09174
k79_10830	5.68657
k79_19993	5.34091
k79_1499	5.55909
k79_10831	5.63636
k79_19994	2.21978
k79_24400	6.47805
k79_6176	8.71575
k79_15268	9.1261
k79_19995	3.67619
k79_29053	37.2991
k79_10832	3.86093
k79_1500	4.00866
k79_24401	5.37952
k79_15269	5.05442
k79_19996	3.71053
k79_6177	9.29795
k79_10833	6.5102
k79_6178	3.13913
k79_19997	2.49704
k79_24402	4.54472
k79_15270	15.3579
k79_1501	6.95632
k79_6179	5.8374
k79_29054	6.68692
k79_24403	13.7354
k79_15271	6.00671
k79_29055	3.45912
k79_24404	6.31034
k79_6180	5.07955
k79_19998	4.45657
k79_29056	4.69697
k79_6181	7.18974
k79_24405	3.96795
k79_19999	3.24242
k79_15272	8.81937
k79_1502	5.81293
k79_29057	1.98261
k79_24406	6.84409
k79_1503	8.13461
k79_29058	5.9011
k79_6182	11.3571
k79_1504	4.78571
k79_15273	11.9062
k79_24407	8.68932
k79_6183	4.97153
k79_15274	10.8789
k79_6184	5.90873
k79_24408	4.86567
k79_20000	6.6849
k79_1505	12.7132
k79_29059	6.54487
k79_20001	4.33696
k79_29060	3.48485
k79_6185	5.96409
k79_1506	5.14035
k79_20002	4.95187
k79_1507	5.63448
k79_6186	10.2125
k79_29061	3.19444
k79_20003	2.69189
k79_24409	9.63324
k79_1508	3.85204
k79_29062	2.58824
k79_24410	4.93258
k79_20004	6.6125
k79_1509	4.53416
k79_24411	5.45399
k79_29063	6.04498
k79_1510	9.45161
k79_24412	4.90265
k79_29064	9.12393
k79_24413	3.8125
k79_1511	8.75645
k79_33900	47.2612
k79_24414	5.24229
k79_29065	4.32361
k79_1512	5.76875
k79_33901	6.0
k79_1513	12.0795
k79_24415	5.16312
k79_33902	4.57345
k79_24416	5.33014
k79_1514	6.61619
k79_6187	8.08801
k79_33903	2.55396
k79_6188	6.10674
k79_24417	7.64516
k79_1515	3.96121
k79_6189	4.37736
k79_6190	7.61667
k79_24418	5.73288
k79_1516	4.12963
k79_24419	5.78205
k79_10834	37.6354
k79_15275	48.1393
k79_1517	4.88788
k79_29066	12.8779
k79_1518	6.68539
k79_1519	7.22222
k79_10835	5.44397
k79_29067	5.93213
k79_24420	5.16074
k79_1520	5.70787
k79_6191	4.88156
k79_10836	2.24675
k79_1521	3.30894
k79_15276	10.8238
k79_29068	6.73745
k79_24421	4.41727
k79_6192	3.20846
k79_1522	8.21429
k79_15277	3.88073
k79_10837	6.67667
k79_24422	4.78472
k79_33904	11.2706
k79_15278	12.8701
k79_1523	4.0381
k79_29069	4.20681
k79_6193	2.52436
k79_10838	4.62557
k79_15279	4.29139
k79_33905	3.01546
k79_24423	6.94531
k79_10839	4.70833
k79_1524	10.3424
k79_33906	3.55
k79_10840	4.17742
k79_1525	5.12778
k79_15280	7.12629
k79_24424	5.67003
k79_6194	5.14583
k79_10841	6.71818
k79_33907	6.36634
k79_1526	3.7
k79_24425	6.34545
k79_15281	7.62238
k79_6195	4.20588
k79_33908	2.50562
k79_24426	4.58273
k79_1527	3.1125
k79_29070	5.51161
k79_6196	11.5224
k79_33909	5.93714
k79_10842	9.34848
k79_29071	3.14384
k79_15282	5.92874
k79_24427	4.99149
k79_1528	6.17544
k79_33910	2.32105
k79_6197	6.91842
k79_15283	5.07921
k79_29072	4.79204
k79_1529	2.67785
k79_6198	4.5
k79_33911	2.51648
k79_15284	3.98089
k79_1530	2.22105
k79_6199	7.36283
k79_33912	6.87742
k79_10843	6.78498
k79_29073	7.95628
k79_6200	8.35556
k79_1531	3.71831
k79_6201	3.97458
k79_10844	2.57857
k79_1532	6.47549
k79_6202	4.2071
k79_1533	3.20714
k79_33913	6.14764
k79_6203	3.36788
k79_29074	5.91707
k79_1534	4.78099
k79_33914	11.7489
k79_15285	6.40516
k79_29075	11.4066
k79_15286	3.33333
k79_33915	7.3838
k79_6204	10.1063
k79_1535	3.22525
k79_29076	6.84118
k79_1536	7.24211
k79_24428	11.8801
k79_6205	4.18349
k79_29077	10.0643
k79_15287	7.22751
k79_1537	2.86667
k79_24429	2.25773
k79_10845	56.9651
k79_6206	3.6875
k79_29078	4.82427
k79_24430	4.54128
k79_1538	11.0193
k79_6207	3.91549
k79_10846	4.9918
k79_33916	8.04479
k79_29079	5.75942
k79_6208	4.79279
k79_10847	3.58586
k79_29080	2.83621
k79_24431	5.16463
k79_6209	4.13068
k79_10848	3.97222
k79_1539	6.45679
k79_6210	4.57426
k79_10849	5.02655
k79_24432	4.21466
k79_29081	10.7016
k79_1540	13.3846
k79_6211	6.20796
k79_1541	6.18056
k79_15288	7.75301
k79_10850	5.48601
k79_1542	4.95699
k79_6212	5.16021
k79_15289	5.47692
k79_10851	3.91469
k79_6213	2.43519
k79_10852	6.85393
k79_29082	10.0331
k79_6214	10.015
k79_10853	2.93617
k79_15290	6.97796
k79_24433	5.35466
k79_6215	4.42157
k79_1543	8.06288
k79_24434	3.69128
k79_10854	6.67003
k79_15291	6.80806
k79_10855	4.00855
k79_15292	2.7
k79_29083	5.34274
k79_1544	5.08762
k79_33917	36.2781
k79_10856	5.62344
k79_29084	5.66548
k79_24435	10.6789
k79_33918	5.24667
k79_1545	5.48797
k79_29085	8.61157
k79_10857	5.35052
k79_1546	8.04425
k79_24436	2.9697
k79_6216	6.74371
k79_29086	7.4702
k79_33919	4.33837
k79_24437	10.0373
k79_29087	6.15
k79_6217	4.08491
k79_33920	10.7443
k79_6218	3.13376
k79_33921	4.625
k79_33922	32.3672
k79_6219	3.75884
k79_6220	4.33333
k79_33923	6.63717
k79_33924	4.53782
k79_29088	10.3941
k79_6221	2.47486
k79_29089	4.36641
k79_29090	6.32973
k79_24438	44.2569
k79_29091	8.98969
k79_33925	3.47764
k79_15293	6.2711
k79_10858	8.07692
k79_24439	5.33333
k79_15294	1.7783
k79_6222	5.24766
k79_33926	9.93357
k79_10859	3.41447
k79_24440	6.41606
k79_24441	4.89683
k79_1547	7.97778
k79_33927	15.7977
k79_15295	4.12963
k79_6223	3.7346
k79_1548	3.93651
k79_15296	6.20879
k79_24442	4.18376
k79_1549	2.53704
k79_6224	4.55307
k79_29092	12.758
k79_10860	5.41307
k79_33928	6.06517
k79_24443	9.22394
k79_1550	4.5125
k79_6225	4.95714
k79_15297	5.04348
k79_24444	2.78814
k79_6226	4.90698
k79_33929	9.41579
k79_29093	7.52681
k79_15298	5.89524
k79_10861	6.62559
k79_33930	14.7191
k79_1551	3.93012
k79_24445	6.8223
k79_15299	4.36564
k79_33931	7.34194
k79_29094	9.24485
k79_33932	4.2585
k79_15300	8.49684
k79_29095	4.42515
k79_1552	6.59589
k79_33933	5.48936
k79_29096	4.03226
k79_15301	2.80952
k79_1553	6.79845
k79_29097	8.06723
k79_33934	2.47799
k79_1554	6.0365
k79_15302	6.37405
k79_33935	5.35135
k79_10862	39.8359
k79_29098	9.27829
k79_1555	3.59574
k79_33936	3.32903
k79_29099	3.98101
k79_33937	4.95376
k79_24446	5.98305
k79_10863	9.68946
k79_1556	6.26907
k79_10864	7.31469
k79_33938	4.80822
k79_29100	9.04407
k79_33939	3.83505
k79_10865	9.61724
k79_33940	6.47549
k79_24447	7.24704
k79_10866	3.84615
k79_29101	6.67402
k79_24448	2.41584
k79_33941	4.49785
k79_29102	4.89899
k79_10867	5.49174
k79_33942	3.53191
k79_1557	10.7319
k79_10868	16.6012
k79_1558	3.85366
k79_33943	4.06038
k79_24449	10.478
k79_10869	3.7619
k79_29103	3.37578
k79_1559	34.467
k79_29104	4.29167
k79_33944	7.87097
k79_24450	4.64096
k79_29105	2.81169
k79_24451	4.57778
k79_33945	6.28125
k79_29106	2.41772
k79_1560	3.95923
k79_33946	2.78125
k79_24452	5.76224
k79_1561	10.9902
k79_6227	5.85792
k79_29107	7.47126
k79_24453	2.28723
k79_33947	2.70423
k79_1562	6.06522
k79_29108	10.128
k79_6228	3.65625
k79_33948	13.1769
k79_1563	6.49618
k79_29109	5.25263
k79_6229	6.11538
k79_24454	12.4956
k79_10870	10.7729
k79_1564	5.47783
k79_10871	3.66897
k79_6230	4.45909
k79_29110	3.48498
k79_1565	2.2549
k79_33949	6.08225
k79_1566	4.04808
k79_29111	8.4569
k79_6231	4.84711
k79_10872	5.33803
k79_1567	5.34286
k79_6232	3.87611
k79_10873	4.58228
k79_24455	8.59203
k79_24456	3.32653
k79_10874	3.70149
k79_6233	10.4712
k79_1568	4.49146
k79_10875	4.8658
k79_1569	5.14724
k79_6234	2.952
k79_1570	3.56522
k79_1571	2.77027
k79_24457	13.1288
k79_10876	14.1678
k79_33950	8.25014
k79_24458	2.66087
k79_15303	6.4465
k79_29112	22.5463
k79_6235	4.38262
k79_10877	5.99134
k79_33951	6.35238
k79_24459	3.84783
k79_6236	5.30177
k79_10878	4.02027
k79_24460	3.8284
k79_29113	19.3449
k79_6237	9.38824
k79_24461	2.98889
k79_29114	6.70984
k79_6238	31.5667
k79_1572	4.39167
k79_29115	5.14754
k79_6239	8.64039
k79_24462	4.73743
k79_10879	11.8423
k79_1573	3.59375
k79_6240	5.31126
k79_24463	4.53529
k79_24464	5.41414
k79_10880	1.98324
k79_33952	6.02815
k79_6241	5.69915
k79_10881	2.57944
k79_1574	5.43008
k79_33953	3.10924
k79_24465	9.69683
k79_29116	7.08802
k79_33954	8.90419
k79_29117	4.21528
k79_10882	6.20217
k79_33955	5.37745
k79_29118	2.73214
k79_1575	16.2844
k79_10883	4.47442
k79_6242	17.0928
k79_29119	8.20312
k79_1576	5.32569
k79_10884	4.39157
k79_29120	4.4898
k79_6243	4.87719
k79_6244	3.55245
k79_1577	3.88715
k79_10885	4.3789
k79_6245	12.8056
k79_10886	6.036
k79_6246	8.2397
k79_10887	6.63303
k79_29121	5.90084
k79_6247	6.67416
k79_1578	9.24615
k79_10888	4.74847
k79_29122	18.2266
k79_10889	4.56863
k79_6248	5.51172
k79_1579	6.28986
k79_29123	3.44118
k79_6249	2.12389
k79_10890	5.53469
k79_24466	12.133
k79_24467	8.52419
k79_10891	5.76056
k79_1580	9.4593
k79_6250	3.09515
k79_1581	2.54444
k79_24468	3.18056
k79_1582	2.26316
k79_10892	4.95129
k79_1583	2.40969
k79_10893	25.3931
k79_6251	11.0
k79_24469	3.41509
k79_1584	5.83193
k79_1585	4.05439
k79_6252	9.01996
k79_24470	7.0856
k79_6253	4.86634
k79_24471	4.25478
k79_1586	7.53084
k79_6254	1.76923
k79_6255	3.40816
k79_1587	11.8281
k79_24472	3.23759
k79_24473	3.49474
k79_1588	4.52143
k79_1589	4.38065
k79_6256	7.18355
k79_24474	8.19786
k79_1590	6.35838
k79_24475	18.6798
k79_1591	6.78333
k79_24476	4.81982
k79_1592	8.16038
k79_24477	2.75122
k79_24478	10.4891
k79_1593	7.91635
k79_1594	3.36634
k79_24479	7.00901
k79_20005	44.1665
k79_15304	10.0815
k79_24480	3.1073
k79_24481	2.24837
k79_20006	4.17134
k79_15305	5.58071
k79_24482	3.57447
k79_20007	5.1195
k79_15306	6.20183
k79_24483	8.46667
k79_6257	8.16838
k79_20008	8.95312
k79_15307	3.52045
k79_24484	5.33793
k79_6258	6.81492
k79_15308	6.3913
k79_33956	2.32143
k79_20009	9.2386
k79_24485	3.03933
k79_15309	5.40714
k79_33957	3.28351
k79_24486	5.18079
k79_20010	4.34769
k79_15310	5.52903
k79_33958	5.26764
k79_20011	7.36803
k79_15311	4.23529
k79_33959	2.71687
k79_6259	6.75102
k79_15312	6.16092
k79_20012	3.13602
k79_24487	11.7219
k79_33960	16.1908
k79_1595	3.61092
k79_33961	5.8
k79_20013	5.60239
k79_1596	4.64286
k79_1597	14.3891
k79_20014	6.78208
k79_15313	10.168
k79_20015	3.17699
k79_1598	6.89634
k79_33962	6.99496
k79_15314	5.02304
k79_20016	6.44589
k79_33963	4.56989
k79_1599	12.4887
k79_20017	4.90123
k79_29124	7.85593
k79_33964	6.01075
k79_20018	4.46226
k79_1600	5.70093
k79_1601	3.93082
k79_33965	6.91864
k79_20019	6.802
k79_24488	9.26694
k79_33966	4.80114
k79_24489	4.91919
k79_1602	4.74074
k79_1603	9.15534
k79_24490	7.84545
k79_29125	10.2062
k79_1604	9.92241
k79_24491	3.12397
k79_29126	25.0965
k79_1605	4.22222
k79_24492	4.10417
k79_20020	5.30804
k79_1606	4.496
k79_33967	13.0722
k79_20021	2.25
k79_29127	13.8851
k79_1607	3.19463
k79_24493	22.0441
k79_33968	5.31694
k79_1608	8.77193
k79_20022	4.14689
k79_29128	6.71622
k79_24494	4.03922
k79_33969	3.98907
k79_1609	3.20346
k79_20023	8.58577
k79_29129	7.62381
k79_33970	3.83673
k79_20024	3.7619
k79_33971	6.30147
k79_24495	5.14412
k79_1610	4.81395
k79_33972	5.34637
k79_1611	6.34
k79_24496	12.1643
k79_20025	7.23913
k79_24497	3.84783
k79_1612	1.94574
k79_20026	4.84483
k79_1613	3.04255
k79_20027	5.1875
k79_33973	6.51644
k79_1614	5.19492
k79_33974	5.83178
k79_1615	5.59259
k79_24498	4.56667
k79_33975	2.37143
k79_24499	3.53448
k79_1616	11.2785
k79_29130	8.27778
k79_1617	3.55405
k79_24500	3.35789
k79_29131	6.59836
k79_1618	7.1988
k79_24501	2.81513
k79_29132	2.8535
k79_1619	3.31683
k79_24502	3.73874
k79_24503	5.62577
k79_1620	5.36789
k79_1621	3.16279
k79_33976	6.37335
k79_1622	3.14935
k79_20028	7.8906
k79_29133	6.069
k79_33977	7.16466
k79_24504	4.49245
k79_6260	8.2116
k79_24505	7.61905
k79_20029	4.84496
k79_33978	3.11268
k79_6261	9.95364
k79_20030	11.9474
k79_29134	4.45436
k79_6262	3.63399
k79_20031	6.0
k79_33979	6.50097
k79_15315	7.80321
k79_29135	4.15638
k79_6263	3.71981
k79_20032	6.7085
k79_29136	7.01869
k79_6264	3.52466
k79_20033	3.43137
k79_29137	4.29524
k79_15316	8.34771
k79_10894	40.3066
k79_6265	9.39203
k79_15317	5.61783
k79_29138	8.12321
k79_20034	8.28743
k79_10895	11.6854
k79_15318	10.2481
k79_6266	5.43902
k79_29139	2.73043
k79_20035	2.86726
k79_1623	3.84821
k79_15319	4.35882
k79_33980	6.44276
k79_24506	14.0173
k79_10896	3.00385
k79_20036	3.85586
k79_1624	7.7913
k79_24507	8.39683
k79_20037	3.58883
k79_10897	7.06373
k79_1625	4.25701
k79_24508	5.8114
k79_10898	3.15079
k79_1626	2.65714
k79_15320	4.79372
k79_24509	4.24551
k79_10899	4.91635
k79_15321	7.66518
k79_10900	2.78846
k79_24510	6.98319
k79_29140	8.936
k79_20038	7.10547
k79_1627	5.83587
k79_15322	5.70044
k79_29141	7.61268
k79_24511	2.95402
k79_20039	2.72727
k79_6267	9.90446
k79_10901	3.33566
k79_1628	3.09677
k79_15323	4.07639
k79_20040	2.14167
k79_6268	4.19469
k79_10902	7.3245
k79_1629	1.97541
k79_15324	6.7191
k79_29142	6.48913
k79_24512	7.88889
k79_20041	7.12195
k79_6269	6.32759
k79_10903	4.97087
k79_1630	4.03571
k79_15325	6.6
k79_29143	5.50213
k79_6270	27.2685
k79_10904	6.15054
k79_20042	13.3333
k79_15326	2.95614
k79_15327	6.26471
k79_10905	15.733
k79_29144	4.63787
k79_6271	6.58719
k79_20043	2.95423
k79_33981	38.4594
k79_15328	6.22162
k79_20044	2.48182
k79_33982	2.39252
k79_10906	7.09825
k79_29145	7.15766
k79_1631	9.81147
k79_15329	4.73143
k79_20045	3.57522
k79_29146	5.98592
k79_10907	3.5614
k79_1632	6.67544
k79_33983	5.17857
k79_29147	6.13376
k79_15330	7.36615
k79_10908	3.11211
k79_1633	6.22523
k79_6272	11.0624
k79_33984	4.11798
k79_15331	4.74038
k79_10909	8.02424
k79_15332	4.76744
k79_33985	4.96209
k79_24513	3.8069
k79_20046	5.66667
k79_29148	6.98434
k79_15333	5.8
k79_24514	4.47573
k79_33986	3.02027
k79_6273	5.57712
k79_10910	12.1136
k79_15334	4.20896
k79_29149	6.86667
k79_33987	1.68468
k79_1634	3.85516
k79_24515	6.82773
k79_29150	11.0101
k79_6274	3.35784
k79_15335	5.79343
k79_20047	11.7867
k79_1635	6.46809
k79_33988	3.308
k79_24516	4.86188
k79_20048	5.03261
k79_15336	11.3137
k79_10911	4.20513
k79_29151	9.92628
k79_24517	6.74074
k79_1636	7.06587
k79_10912	9.60563
k79_20049	3.27895
k79_29152	4.13158
k79_33989	5.85714
k79_1637	4.07207
k79_15337	6.39806
k79_24518	6.65877
k79_24519	5.19811
k79_10913	6.18947
k79_1638	4.99587
k79_24520	5.40952
k79_29153	16.8475
k79_15338	6.17143
k79_6275	5.53746
k79_1639	7.80851
k79_29154	4.47321
k79_20050	5.09358
k79_10914	20.5493
k79_1640	2.02747
k79_24521	5.58128
k79_6276	4.41438
k79_10915	12.6024
k79_20051	5.9908
k79_29155	2.80906
k79_1641	6.30882
k79_15339	5.26567
k79_24522	12.0053
k79_29156	4.29688
k79_1642	5.93548
k79_29157	9.44565
k79_15340	4.40611
k79_24523	4.84058
k79_29158	6.13158
k79_1643	7.88119
k79_24524	6.30726
k79_20052	6.58783
k79_15341	4.88535
k79_29159	6.49761
k79_10916	8.71647
k79_24525	2.608
k79_29160	7.09322
k79_1644	8.99636
k79_15342	3.32911
k79_10917	5.2
k79_20053	4.67847
k79_24526	12.8434
k79_33990	4.94275
k79_20054	3.03509
k79_29161	3.40271
k79_15343	7.93367
k79_10918	3.71014
k79_24527	4.40196
k79_33991	5.88542
k79_10919	2.03333
k79_15344	9.43564
k79_1645	6.11436
k79_29162	4.71875
k79_6277	9.76492
k79_33992	14.5385
k79_15345	4.18621
k79_6278	4.43396
k79_29163	2.75758
k79_24528	4.17197
k79_1646	3.28667
k79_1647	5.58252
k79_24529	4.16807
k79_6279	5.39954
k79_20055	7.89882
k79_1648	3.42593
k79_29164	7.25572
k79_33993	8.41709
k79_10920	10.9246
k79_20056	6.8764
k79_1649	5.38144
k79_29165	17.2136
k79_6280	12.5912
k79_33994	2.81343
k79_24530	6.11217
k79_10921	3.36628
k79_6281	3.05195
k79_20057	2.89646
k79_1650	6.2761
k79_29166	7.89021
k79_24531	15.9819
k79_6282	3.29952
k79_10922	4.99367
k79_33995	4.10486
k79_20058	14.9319
k79_29167	5.90968
k79_15346	10.9915
k79_33996	10.2618
k79_29168	3.90099
k79_10923	15.2886
k79_20059	18.1659
k79_6283	7.93596
k79_29169	4.62385
k79_15347	3.69906
k79_33997	4.40278
k79_6284	6.78947
k79_20060	3.46023
k79_29170	6.47134
k79_1651	8.08896
k79_20061	7.07383
k79_15348	7.37374
k79_10924	6.86504
k79_29171	7.27966
k79_24532	7.06571
k79_1652	6.6443
k79_6285	4.47301
k79_24533	3.27586
k79_1653	2.72414
k79_6286	2.48
k79_20062	5.826
k79_24534	3.71585
k79_10925	6.51546
k79_1654	3.47468
k79_29172	8.34087
k79_6287	3.22523
k79_15349	4.96194
k79_20063	6.21622
k79_1655	3.30851
k79_24535	4.16892
k79_15350	9.83784
k79_10926	5.41234
k79_20064	3.03941
k79_24536	3.33557
k79_29173	3.95681
k79_1656	6.07113
k79_6288	5.29976
k79_10927	10.2714
k79_29174	7.2807
k79_20065	11.2345
k79_1657	4.92593
k79_1658	5.03937
k79_6289	3.78656
k79_29175	3.34375
k79_20066	4.78378
k79_10928	5.20657
k79_20067	3.09677
k79_29176	3.68304
k79_20068	3.08276
k79_6290	6.95436
k79_29177	4.69231
k79_1659	8.5391
k79_20069	2.81538
k79_29178	3.11828
k79_6291	4.13103
k79_20070	4.02679
k79_29179	6.04
k79_1660	5.24084
k79_24537	4.07609
k79_29180	5.71795
k79_1661	3.12963
k79_10929	6.1028
k79_24538	5.37895
k79_15351	5.83178
k79_10930	7.79874
k79_10931	4.65094
k79_29181	7.74101
k79_1662	11.2644
k79_20071	7.1159
k79_10932	6.95798
k79_1663	3.13131
k79_20072	2.99355
k79_15352	8.02783
k79_24539	10.83
k79_20073	5.34783
k79_1664	3.75785
k79_29182	11.113
k79_15353	12.1586
k79_24540	2.52174
k79_20074	2.08911
k79_29183	5.54676
k79_15354	2.0
k79_24541	4.865
k79_15355	4.10484
k79_1665	4.76805
k79_20075	5.16024
k79_24542	5.25962
k79_10933	4.92792
k79_15356	7.69811
k79_1666	8.48571
k79_10934	6.55114
k79_20076	7.51656
k79_10935	3.32353
k79_15357	5.22701
k79_6292	8.25309
k79_10936	6.28788
k79_20077	4.52125
k79_20078	7.37423
k79_10937	10.0102
k79_33998	43.5229
k79_10938	2.78191
k79_20079	2.73446
k79_33999	2.91758
k79_34000	5.12903
k79_10939	7.59649
k79_20080	6.97772
k79_34001	5.95278
k79_20081	2.504
k79_10940	11.7681
k79_34002	2.94175
k79_20082	6.45
k79_24543	7.49577
k79_20083	5.56494
k79_15358	12.1146
k79_29184	6.02369
k79_29185	3.97273
k79_15359	8.60116
k79_24544	7.89869
k79_29186	3.4
k79_20084	5.18302
k79_15360	3.96528
k79_15361	3.80139
k79_1667	5.78218
k79_24545	5.11198
k79_15362	6.63889
k79_1668	5.06227
k79_24546	6.2685
k79_15363	5.76522
k79_1669	3.77221
k79_24547	5.06742
k79_15364	3.37903
k79_1670	7.2071
k79_15365	7.15652
k79_24548	11.1652
k79_1671	11.3191
k79_15366	3.52299
k79_1672	6.21127
k79_29187	7.65394
k79_15367	2.53901
k79_1673	4.58209
k79_24549	5.78947
k79_29188	4.0084
k79_24550	4.32184
k79_29189	6.0625
k79_15368	6.3634
k79_1674	6.06528
k79_29190	6.19048
k79_1675	2.92453
k79_15369	4.42969
k79_29191	3.70748
k79_1676	7.78509
k79_15370	10.0623
k79_29192	4.95775
k79_24551	7.77971
k79_1677	7.78307
k79_29193	3.97826
k79_1678	6.70588
k79_29194	5.19653
k79_24552	4.1433
k79_29195	7.02857
k79_15371	5.07971
k79_24553	5.64532
k79_29196	6.90566
k79_15372	6.82353
k79_24554	5.79817
k79_29197	3.25
k79_29198	4.52229
k79_24555	6.78161
k79_20085	4.00253
k79_29199	2.84615
k79_24556	5.40385
k79_1679	12.8745
k79_20086	5.15306
k79_29200	4.1686
k79_1680	3.35676
k79_34003	2.99401
k79_20087	3.04636
k79_24557	3.10278
k79_20088	2.93684
k79_24558	3.13514
k79_20089	4.33824
k79_24559	3.62195
k79_24560	4.87571
k79_20090	7.7726
k79_20091	6.09051
k79_20092	3.98485
k79_24561	9.94164
k79_20093	6.68248
k79_24562	11.6772
k79_24563	5.14458
k79_20094	8.84587
k79_24564	9.26837
k79_20095	2.82278
k79_20096	6.06452
k79_24565	6.41463
k79_1681	10.381
k79_20097	4.85827
k79_24566	6.65888
k79_20098	3.9913
k79_20099	5.16483
k79_24567	4.58017
k79_20100	3.87597
k79_24568	7.03865
k79_1682	4.8209
k79_20101	11.4454
k79_24569	9.52247
k79_1683	3.2013
k79_24570	6.29464
k79_20102	8.95294
k79_34004	42.7897
k79_24571	6.83969
k79_20103	10.338
k79_1684	6.9203
k79_20104	7.17361
k79_34005	8.10417
k79_1685	2.93548
k79_24572	9.43205
k79_1686	4.73967
k79_34006	13.2401
k79_24573	6.6738
k79_24574	3.11927
k79_24575	4.83333
k79_20105	8.34439
k79_34007	7.15363
k79_1687	7.80952
k79_24576	5.77515
k79_29201	6.56566
k79_1688	5.21905
k79_29202	2.1453
k79_24577	3.23214
k79_20106	7.44653
k79_29203	4.69776
k79_24578	9.79221
k79_1689	5.93018
k79_24579	2.72258
k79_29204	8.95288
k79_20107	3.21099
k79_24580	18.2157
k79_29205	5.22378
k79_1690	5.09649
k79_29206	5.75298
k79_1691	5.89712
k79_20108	5.34877
k79_1692	3.40217
k79_20109	5.76687
k79_15373	9.83883
k79_10941	3.31176
k79_1693	4.80645
k79_24581	7.95075
k79_1694	27.1809
k79_15374	8.59155
k79_10942	5.47005
k79_29207	7.01212
k79_15375	16.1415
k79_24582	3.18833
k79_29208	11.1429
k79_10943	6.22634
k79_15376	5.432
k79_24583	5.10559
k79_10944	3.81971
k79_24584	6.64599
k79_10945	4.13861
k79_15377	6.36364
k79_24585	3.90857
k79_1695	16.6086
k79_24586	4.02614
k79_10946	15.3799
k79_15378	4.47561
k79_10947	3.26606
k79_24587	5.47087
k79_1696	3.83747
k79_10948	2.23158
k79_1697	4.42236
k79_29209	10.4431
k79_24588	8.24715
k79_15379	8.83228
k79_24589	3.30252
k79_29210	3.32919
k79_15380	5.925
k79_1698	9.52427
k79_29211	5.07556
k79_24590	6.6
k79_29212	3.89922
k79_15381	2.67488
k79_10949	10.0068
k79_29213	3.90769
k79_1699	7.55311
k79_24591	6.60695
k79_24592	2.96629
k79_15382	2.42701
k79_1700	3.57951
k79_10950	6.92016
k79_24593	4.375
k79_1701	4.12121
k79_10951	2.03106
k79_15383	4.94091
k79_29214	7.74563
k79_24594	5.01786
k79_1702	6.475
k79_10952	4.62025
k79_29215	3.71845
k79_10953	4.85443
k79_29216	12.9941
k79_1703	5.29249
k79_24595	17.2006
k79_10954	3.03947
k79_24596	6.55612
k79_15384	6.36011
k79_29217	4.08115
k79_24597	5.5625
k79_15385	6.70213
k79_10955	3.72917
k79_29218	8.71579
k79_24598	4.57895
k79_24599	5.39716
k79_10956	5.62366
k79_29219	2.90643
k79_24600	3.97414
k79_10957	4.01235
k79_29220	2.65823
k79_24601	3.94074
k79_10958	2.89764
k79_29221	5.43066
k79_24602	2.77778
k79_1704	9.89899
k79_34008	3.25263
k79_10959	4.94898
k79_29222	2.50407
k79_24603	6.25862
k79_34009	4.16754
k79_29223	4.76471
k79_10960	6.48736
k79_24604	4.51872
k79_15386	7.37002
k79_29224	3.34409
k79_24605	3.85156
k79_34010	6.77231
k79_10961	4.59562
k79_34011	6.02679
k79_24606	52.2324
k79_10962	3.72816
k79_29225	7.17677
k79_24607	4.36478
k79_34012	5.62128
k79_24608	3.73729
k79_34013	3.75229
k79_10963	12.7876
k79_24609	4.35859
k79_34014	2.34951
k79_29226	7.90504
k79_10964	13.4863
k79_24610	6.83884
k79_34015	7.14173
k79_24611	4.07299
k79_34016	2.47475
k79_29227	7.88702
k79_24612	7.34314
k79_10965	5.04601
k79_34017	5.904
k79_15387	7.67647
k79_29228	6.18343
k79_10966	5.36364
k79_24613	7.52198
k79_29229	6.576
k79_15388	5.03465
k79_10967	3.73451
k79_20110	9.68595
k79_29230	5.72772
k79_15389	4.07801
k79_29231	6.70213
k79_10968	15.4957
k79_15390	6.16071
k79_1705	3.57539
k79_20111	6.83478
k79_24614	5.98662
k79_29232	11.6637
k79_15391	4.50427
k79_10969	2.92958
k79_15392	9.9845
k79_10970	3.77083
k79_29233	45.9049
k79_1706	5.03421
k79_24615	4.2044
k79_20112	4.79293
k79_10971	5.11712
k79_34018	11.0655
k79_1707	2.58235
k79_24616	3.90476
k79_20113	8.01914
k79_10972	4.38806
k79_15393	8.93613
k79_10973	6.46809
k79_20114	2.61719
k79_15394	9.82353
k79_10974	4.65839
k79_20115	4.37931
k79_15395	3.76042
k79_1708	4.73325
k79_10975	5.4812
k79_29234	7.31766
k79_24617	5.26451
k79_15396	3.63025
k79_1709	3.89552
k79_10976	3.55963
k79_29235	3.08929
k79_24618	2.43651
k79_10977	13.9231
k79_20116	5.64045
k79_24619	3.80198
k79_1710	4.68333
k79_10978	2.72656
k79_20117	4.96491
k79_34019	9.65185
k79_10979	12.2734
k79_29236	6.09642
k79_24620	4.79717
k79_34020	5.34167
k79_1711	11.0858
k79_10980	9.01156
k79_1712	3.71304
k79_34021	6.77711
k79_10981	3.21978
k79_24621	10.6364
k79_29237	6.54286
k79_15397	11.892
k79_1713	3.2381
k79_34022	3.47162
k79_24622	2.66667
k79_10982	5.52918
k79_1714	5.05263
k79_15398	4.62893
k79_34023	3.77143
k79_10983	5.74194
k79_1715	3.72581
k79_24623	5.3822
k79_10984	6.12963
k79_29238	9.85745
k79_15399	4.51562
k79_34024	14.3505
k79_29239	5.31313
k79_15400	5.06422
k79_10985	8.37945
k79_24624	6.17073
k79_29240	1.8547
k79_34025	7.52412
k79_15401	6.13333
k79_24625	4.39344
k79_1716	8.01629
k79_10986	7.25
k79_24626	4.97414
k79_15402	3.83453
k79_1717	3.43689
k79_29241	3.16629
k79_34026	4.93939
k79_15403	2.47656
k79_34027	3.90226
k79_10987	4.24936
k79_15404	6.92241
k79_24627	9.42043
k79_10988	6.92079
k79_1718	21.0463
k79_10989	4.09402
k79_1719	2.82143
k79_24628	4.44762
k79_15405	3.94937
k79_34028	14.9565
k79_10990	7.54206
k79_15406	6.88406
k79_1720	4.90938
k79_10991	4.83902
k79_34029	3.7734
k79_24629	4.99153
k79_1721	7.82645
k79_24630	4.63265
k79_10992	6.39623
k79_34030	4.77922
k79_1722	5.556
k79_24631	5.8655
k79_34031	6.72519
k79_10993	4.59696
k79_1723	13.6328
k79_20118	5.79187
k79_1724	4.32593
k79_34032	14.2255
k79_24632	3.97487
k79_10994	10.6453
k79_1725	3.51351
k79_20119	96.6917
k79_34033	6.15698
k79_15407	12.3437
k79_1726	5.875
k79_24633	7.76974
k79_10995	5.7125
k79_1727	7.08547
k79_20120	6.73318
k79_34034	4.14286
k79_15408	17.5782
k79_24634	6.81013
k79_1728	4.63243
k79_10996	5.28622
k79_20121	4.0
k79_24635	4.92783
k79_10997	5.14035
k79_15409	8.26064
k79_34035	4.1697
k79_24636	3.79286
k79_15410	3.392
k79_20122	7.31873
k79_1729	4.43551
k79_10998	5.00678
k79_24637	3.36154
k79_15411	9.49383
k79_1730	3.46914
k79_20123	5.6828
k79_10999	2.51977
k79_24638	3.40741
k79_1731	8.66111
k79_11000	7.2266
k79_1732	4.05263
k79_11001	4.52
k79_1733	13.9615
k79_15412	30.3389
k79_11002	9.71724
k79_24639	5.70623
k79_11003	10.9104
k79_1734	10.513
k79_24640	6.05825
k79_15413	4.31142
k79_20124	6.62522
k79_15414	7.26667
k79_24641	4.69231
k79_1735	4.84848
k79_15415	4.37113
k79_24642	6.44878
k79_34036	4.09179
k79_24643	6.51064
k79_1736	14.5348
k79_20125	3.46316
k79_34037	6.86792
k79_1737	11.5827
k79_6293	49.5049
k79_24644	7.22295
k79_1738	4.34831
k79_34038	5.9172
k79_24645	3.04301
k79_34039	3.94286
k79_1739	3.3003
k79_6294	5.82863
k79_15416	5.50086
k79_24646	5.90308
k79_34040	6.5
k79_20126	10.4438
k79_6295	6.6875
k79_24647	2.83898
k79_34041	6.8764
k79_1740	3.98276
k79_6296	4.97512
k79_20127	10.8588
k79_24648	3.44068
k79_15417	2.66667
k79_6297	5.51546
k79_24649	3.94792
k79_15418	3.81633
k79_1741	5.8221
k79_34042	5.16708
k79_6298	10.0577
k79_24650	10.0462
k79_1742	4.29508
k79_6299	7.23837
k79_6300	2.58654
k79_34043	6.84241
k79_1743	5.69675
k79_15419	3.81326
k79_34044	5.49528
k79_1744	2.08571
k79_1745	1.89691
k79_24651	8.14009
k79_1746	6.42308
k79_15420	6.14734
k79_24652	2.92473
k79_34045	18.7903
k79_15421	4.48667
k79_1747	7.94231
k79_24653	3.63942
k79_24654	3.67925
k79_34046	5.6
k79_15422	3.60772
k79_29242	58.3365
k79_24655	4.50239
k79_1748	6.72193
k79_34047	1.89385
k79_29243	3.26255
k79_20128	46.5153
k79_11004	8.46781
k79_1749	5.72297
k79_34048	3.57692
k79_29244	9.53271
k79_24656	4.70027
k79_20129	9.57868
k79_34049	3.90714
k79_11005	2.54167
k79_29245	2.33684
k79_34050	1.96226
k79_20130	6.75135
k79_1750	9.39259
k79_24657	4.76494
k79_15423	27.7712
k79_1751	11.2927
k79_20131	5.1106
k79_24658	10.5843
k79_11006	6.24586
k79_15424	9.28283
k79_24659	4.76552
k79_20132	4.15839
k79_15425	4.62766
k79_34051	5.60081
k79_1752	5.43834
k79_34052	4.40909
k79_24660	6.71254
k79_20133	3.57746
k79_15426	6.19946
k79_1753	7.88278
k79_15427	3.82677
k79_24661	4.475
k79_34053	4.80937
k79_1754	15.1781
k79_20134	7.24789
k79_34054	7.46479
k79_1755	2.33083
k79_20135	3.31013
k79_15428	6.80333
k79_20136	6.23077
k79_34055	7.27778
k79_15429	3.34799
k79_20137	8.02247
k79_1756	6.62226
k79_20138	3.39888
k79_15430	7.66087
k79_20139	4.92982
k79_1757	5.0711
k79_15431	2.94595
k79_20140	4.14179
k79_15432	5.31731
k79_20141	8.22105
k79_1758	5.79498
k79_34056	16.4699
k79_34057	4.04878
k79_34058	3.98667
k79_1759	6.55444
k79_15433	5.41375
k79_34059	4.12879
k79_1760	1.70548
k79_15434	3.88119
k79_34060	5.2891
k79_1761	2.44545
k79_15435	7.1399
k79_1762	5.08065
k79_34061	10.2202
k79_15436	6.11976
k79_1763	4.125
k79_34062	3.92434
k79_15437	6.52632
k79_1764	3.97222
k79_15438	4.57209
k79_1765	5.22321
k79_34063	6.54074
k79_1766	6.49669
k79_1767	5.52113
k79_34064	3.83117
k79_1768	2.84677
k79_1769	5.11679
k79_15439	13.0997
k79_1770	3.60204
k79_6301	3.63265
k79_6302	4.39823
k79_15440	4.21602
k79_1771	5.37875
k79_6303	6.23864
k79_1772	2.94052
k79_6304	7.33511
k79_1773	5.96939
k79_15441	5.11688
k79_6305	4.58744
k79_34065	43.6481
k79_15442	5.6875
k79_6306	4.76905
k79_34066	8.37719
k79_15443	6.12315
k79_6307	5.56897
k79_15444	5.15613
k79_34067	4.98123
k79_6308	5.25532
k79_1774	7.66169
k79_15445	1.74658
k79_29246	8.28
k79_11007	3.08805
k79_15446	3.32667
k79_29247	3.82403
k79_6309	3.88925
k79_29248	7.37391
k79_11008	6.09913
k79_29249	3.91549
k79_15447	10.7286
k79_1775	10.9545
k79_11009	4.57143
k79_15448	1.9596
k79_6310	4.76091
k79_11010	6.95833
k79_1776	4.78339
k79_6311	4.50847
k79_6312	5.45614
k79_11011	9.02564
k79_1777	6.17
k79_15449	7.583
k79_11012	2.22807
k79_1778	3.20468
k79_6313	5.2955
k79_1779	4.5
k79_6314	4.25899
k79_11013	4.18621
k79_11014	4.77241
k79_6315	6.5214
k79_15450	7.36364
k79_1780	4.71468
k79_11015	3.70787
k79_29250	10.5496
k79_15451	2.70199
k79_29251	7.17347
k79_11016	4.06316
k79_6316	3.56169
k79_1781	5.83288
k79_11017	10.2865
k79_15452	6.94551
k79_11018	4.31496
k79_15453	2.1
k79_1782	5.60674
k79_11019	2.96403
k79_15454	5.85294
k79_6317	7.0255
k79_1783	3.44737
k79_15455	29.2128
k79_11020	2.83942
k79_1784	4.1018
k79_6318	3.21545
k79_15456	2.38571
k79_11021	8.75325
k79_6319	2.01493
k79_1785	3.65909
k79_6320	4.0
k79_1786	4.69811
k79_15457	7.37952
k79_11022	5.31142
k79_1787	3.0
k79_11023	3.88079
k79_6321	4.79167
k79_15458	11.9518
k79_11024	3.36496
k79_15459	4.75781
k79_6322	3.25306
k79_11025	7.47716
k79_6323	6.45985
k79_15460	7.95122
k79_15461	3.41304
k79_11026	2.94146
k79_1788	6.48613
k79_1789	6.89565
k79_11027	8.50847
k79_15462	4.60121
k79_1790	3.0
k79_11028	3.5969
k79_15463	2.96774
k79_1791	4.36792
k79_11029	9.63347
k79_15464	3.78095
k79_1792	6.36752
k79_11030	6.92929
k79_6324	8.18826
k79_1793	4.04911
k79_15465	3.32683
k79_6325	6.24868
k79_15466	5.515
k79_6326	3.10989
k79_1794	5.5379
k79_11031	4.69115
k79_1795	5.7644
k79_11032	6.24
k79_6327	3.20492
k79_20142	39.473
k79_1796	4.69149
k79_11033	3.45455
k79_1797	10.8922
k79_20143	4.82828
k79_6328	6.42638
k79_29252	61.3287
k79_11034	6.77903
k79_6329	3.0315
k79_1798	2.22642
k79_20144	5.51741
k79_29253	5.65922
k79_15467	5.02859
k79_29254	5.27723
k79_20145	6.88764
k79_11035	7.81169
k79_24662	20.0384
k79_29255	2.97059
k79_20146	6.48276
k79_11036	6.78067
k79_24663	6.49302
k79_29256	3.28866
k79_11037	3.93458
k79_29257	6.20103
k79_11038	4.48201
k79_20147	7.72
k79_1799	12.5472
k79_24664	11.2359
k79_15468	16.96
k79_20148	9.69347
k79_29258	7.32344
k79_24665	8.62637
k79_34068	8.21591
k79_24666	3.9798
k79_24667	11.7928
k79_1800	5.20443
k79_34069	8.39918
k79_24668	3.9386
k79_15469	7.54125
k79_20149	5.35245
k79_15470	3.68033
k79_34070	4.16471
k79_1801	5.63592
k79_24669	4.60444
k79_20150	5.85417
k79_29259	23.2062
k79_34071	4.42857
k79_1802	6.90132
k79_15471	4.67257
k79_20151	3.42222
k79_24670	5.97333
k79_34072	4.57143
k79_1803	6.0
k79_29260	5.41057
k79_1804	6.73729
k79_15472	8.24384
k79_24671	6.33155
k79_34073	14.7454
k79_34074	4.10638
k79_24672	4.35319
k79_11039	8.84635
k79_29261	5.94321
k79_34075	4.43293
k79_24673	4.15426
k79_11040	2.37302
k79_29262	6.61765
k79_34076	6.46457
k79_15473	7.90549
k79_34077	5.97656
k79_34078	2.20161
k79_11041	6.02977
k79_29263	4.3551
k79_15474	5.77492
k79_11042	3.87442
k79_6330	4.20787
k79_20152	5.59459
k79_29264	5.93069
k79_1805	4.82073
k79_34079	6.32178
k79_11043	4.02941
k79_24674	5.19142
k79_20153	5.87805
k79_6331	5.71204
k79_29265	3.91787
k79_24675	3.34767
k79_15475	11.2737
k79_29266	7.93836
k79_11044	8.06356
k79_24676	3.94643
k79_1806	36.9824
k79_20154	4.82424
k79_11045	2.44
k79_24677	2.87156
k79_29267	6.74603
k79_34080	9.09809
k79_1807	3.44444
k79_15476	5.68678
k79_11046	1.76531
k79_29268	3.0303
k79_24678	2.15038
k79_34081	5.08943
k79_1808	2.53383
k79_1809	11.2
k79_15477	4.25436
k79_20155	5.3088
k79_24679	30.4554
k79_1810	4.71724
k79_34082	3.8836
k79_6332	8.64662
k79_20156	4.56054
k79_34083	11.4514
k79_6333	23.7514
k79_29269	10.536
k79_34084	8.44526
k79_1811	15.9048
k79_6334	4.88372
k79_15478	10.981
k79_24680	8.29745
k79_34085	4.49219
k79_29270	16.0055
k79_34086	3.47115
k79_6335	3.41453
k79_1812	5.32759
k79_29271	5.96364
k79_1813	4.54255
k79_6336	42.6038
k79_34087	6.19337
k79_1814	3.79787
k79_29272	3.8009
k79_34088	4.02459
k79_6337	2.13587
k79_15479	5.30969
k79_1815	18.8583
k79_29273	6.73958
k79_34089	6.75115
k79_6338	2.46875
k79_15480	10.3913
k79_20157	9.25101
k79_1816	3.17225
k79_34090	3.03371
k79_15481	4.70492
k79_29274	4.42396
k79_20158	9.43564
k79_34091	4.31304
k79_6339	6.83544
k79_1817	4.85
k79_29275	7.54167
k79_15482	9.29148
k79_20159	4.69498
k79_29276	6.09836
k79_1818	8.6
k79_15483	6.32447
k79_34092	6.86406
k79_29277	7.63309
k79_1819	4.23232
k79_15484	3.8239
k79_29278	4.01429
k79_6340	19.1359
k79_15485	3.22642
k79_1820	5.33636
k79_15486	13.186
k79_29279	9.29167
k79_1821	3.24318
k79_6341	6.81801
k79_29280	5.9186
k79_6342	2.125
k79_1822	5.56383
k79_29281	2.96774
k79_20160	5.73419
k79_34093	8.78118
k79_29282	5.78523
k79_1823	3.456
k79_20161	5.08621
k79_6343	4.85619
k79_15487	9.76132
k79_29283	6.12
k79_34094	22.1555
k79_6344	4.71429
k79_1824	3.02479
k79_20162	4.7364
k79_15488	7.71028
k79_1825	4.80208
k79_6345	3.55392
k79_15489	6.58247
k79_34095	16.2518
k79_1826	4.10194
k79_6346	7.47783
k79_34096	12.5699
k79_20163	4.20122
k79_15490	3.60279
k79_34097	3.39806
k79_34098	4.49351
k79_6347	22.8907
k79_15491	4.89258
k79_20164	5.08243
k79_34099	5.8766
k79_6348	6.06048
k79_1827	33.3605
k79_34100	7.10059
k79_15492	4.06583
k79_6349	3.26471
k79_34101	2.5
k79_1828	4.87611
k79_6350	8.61278
k79_6351	4.7625
k79_1829	9.19426
k79_34102	5.5
k79_34103	2.33333
k79_34104	2.80576
k79_1830	9.94792
k79_6352	8.66373
k79_34105	3.59322
k79_15493	9.38591
k79_6353	4.96067
k79_15494	5.19444
k79_1831	8.0566
k79_34106	3.97794
k79_29284	34.4913
k79_20165	4.68803
k79_34107	4.87912
k79_6354	10.2694
k79_20166	3.34314
k79_11047	12.0492
k79_6355	3.32743
k79_29285	2.58824
k79_6356	3.52083
k79_11048	7.77397
k79_1832	5.42788
k79_29286	7.78488
k79_6357	4.06667
k79_11049	2.33645
k79_20167	6.59137
k79_1833	5.98942
k79_6358	5.75
k79_29287	6.16055
k79_1834	4.0
k79_20168	9.28221
k79_11050	4.636
k79_29288	6.04348
k79_6359	4.4581
k79_1835	5.33594
k79_24681	10.4906
k79_34108	3.35398
k79_6360	3.92241
k79_20169	3.73711
k79_11051	3.7551
k79_24682	2.97468
k79_29289	5.30649
k79_1836	4.82195
k79_20170	2.86928
k79_20171	2.13462
k79_1837	1.07377
k79_6361	3.52688
k79_11052	7.78769
k79_34109	8.23445
k79_20172	2.96721
k79_6362	3.82677
k79_29290	4.57114
k79_11053	4.71176
k79_34110	3.51299
k79_29291	8.008
k79_1838	8.38411
k79_20173	5.07116
k79_6363	7.39634
k79_11054	8.86719
k79_29292	3.80124
k79_1839	3.94215
k79_24683	13.3608
k79_20174	7.11066
k79_1840	5.6
k79_11055	3.88158
k79_34111	8.6941
k79_6364	10.643
k79_6365	4.78286
k79_1841	5.28364
k79_20175	3.25081
k79_1842	4.09091
k79_11056	7.68399
k79_11057	9.0
k79_1843	6.58333
k79_11058	4.27586
k79_1844	4.29592
k79_6366	5.14058
k79_11059	2.85938
k79_1845	4.30612
k79_11060	3.00971
k79_6367	4.98268
k79_1846	4.57937
k79_29293	26.8954
k79_11061	3.22082
k79_20176	28.9048
k79_34112	70.5374
k79_24684	11.3252
k79_20177	12.2972
k79_34113	7.02128
k79_6368	5.45396
k79_20178	3.39655
k79_29294	4.9871
k79_1847	3.16402
k79_34114	4.73737
k79_11062	5.24202
k79_29295	2.38462
k79_34115	3.35354
k79_6369	4.1843
k79_24685	4.29767
k79_11063	5.15873
k79_34116	2.20588
k79_20179	10.2471
k79_6370	6.14074
k79_24686	10.2706
k79_20180	2.09184
k79_34117	2.79128
k79_6371	5.29694
k79_24687	3.10638
k79_20181	3.47244
k79_1848	8.03576
k79_24688	7.18657
k79_34118	4.96923
k79_20182	6.04286
k79_6372	15.7243
k79_1849	2.42282
k79_6373	3.35366
k79_34119	3.55497
k79_1850	3.60769
k79_24689	4.74353
k79_11064	36.2512
k79_6374	3.36752
k79_24690	2.09615
k79_20183	8.42623
k79_11065	3.18121
k79_15495	4.19863
k79_20184	4.0
k79_11066	6.37879
k79_20185	4.18269
k79_24691	6.75621
k79_15496	4.38095
k79_1851	10.7507
k79_11067	2.3786
k79_1852	6.07692
k79_20186	4.39711
k79_11068	6.63043
k79_24692	11.5158
k79_15497	5.18327
k79_6375	5.39162
k79_11069	2.54839
k79_20187	8.7093
k79_24693	4.40769
k79_1853	6.13443
k79_15498	4.26038
k79_24694	5.8617
k79_20188	17.7672
k79_1854	8.23881
k79_11070	9.45714
k79_24695	1.72072
k79_6376	6.45703
k79_20189	5.38318
k79_24696	6.08421
k79_15499	5.68932
k79_6377	11.9665
k79_20190	3.34673
k79_24697	5.28333
k79_1855	7.01452
k79_6378	7.81871
k79_24698	3.68939
k79_15500	9.07609
k79_20191	8.97778
k79_29296	19.5117
k79_1856	5.58361
k79_6379	7.79325
k79_15501	7.8674
k79_20192	7.38462
k79_24699	5.92583
k79_1857	4.68571
k79_15502	19.3358
k79_24700	3.29932
k79_20193	2.0884
k79_6380	5.05096
k79_1858	3.45714
k79_29297	4.5549
k79_15503	2.97024
k79_1859	2.87059
k79_6381	2.85321
k79_11071	6.64865
k79_6382	5.19167
k79_1860	1.95808
k79_29298	6.88889
k79_11072	10.1649
k79_24701	5.82281
k79_11073	2.94444
k79_1861	5.41597
k79_20194	8.54486
k79_15504	5.4729
k79_24702	8.87619
k79_11074	3.50932
k79_20195	2.60638
k79_1862	5.78313
k79_34120	20.4002
k79_24703	2.86765
k79_29299	5.52705
k79_6383	6.6617
k79_20196	8.6749
k79_6384	2.70213
k79_24704	4.82298
k79_20197	7.39409
k79_1863	6.03232
k79_15505	5.64243
k79_6385	11.69
k79_29300	6.30233
k79_6386	5.85965
k79_20198	6.95385
k79_24705	4.89562
k79_34121	8.12556
k79_29301	5.2967
k79_24706	6.22807
k79_15506	10.3882
k79_1864	6.98433
k79_15507	4.06195
k79_20199	2.98416
k79_34122	6.43498
k79_20200	4.30476
k79_24707	4.08889
k79_34123	11.1778
k79_29302	9.32517
k79_6387	5.4415
k79_24708	5.60452
k79_20201	7.08494
k79_29303	3.32576
k79_20202	4.89623
k79_1865	6.35809
k79_24709	5.30872
k79_29304	1.63717
k79_1866	5.12214
k79_29305	6.3764
k79_1867	2.98964
k79_24710	5.84848
k79_29306	3.74074
k79_29307	6.17308
k79_1868	4.46053
k79_20203	7.0
k79_24711	4.60991
k79_6388	7.72523
k79_11075	8.55723
k79_29308	2.42584
k79_1869	2.78173
k79_20204	2.99187
k79_24712	7.73504
k79_6389	2.71875
k79_11076	4.52857
k79_1870	4.23077
k79_20205	3.40845
k79_24713	5.23333
k79_1871	9.98718
k79_6390	3.50806
k79_20206	4.23353
k79_11077	3.17062
k79_24714	3.45455
k79_29309	6.13333
k79_6391	3.82576
k79_11078	5.64286
k79_24715	2.10968
k79_29310	10.9204
k79_1872	3.4871
k79_6392	4.07143
k79_20207	5.05494
k79_34124	3.53061
k79_1873	4.93452
k79_20208	2.42241
k79_29311	7.1601
k79_1874	4.53988
k79_34125	7.50505
k79_11079	12.9703
k79_20209	4.18487
k79_29312	42.3564
k79_34126	4.19342
k79_11080	5.1236
k79_29313	4.17708
k79_1875	5.36983
k79_34127	5.06731
k79_24716	9.25208
k79_29314	6.21875
k79_34128	2.08738
k79_20210	5.43514
k79_1876	4.24091
k79_24717	5.25
k79_6393	6.50495
k79_20211	2.14286
k79_11081	3.07214
k79_34129	3.78205
k79_29315	3.04444
k79_34130	3.81416
k79_6394	5.88412
k79_20212	4.75333
k79_1877	3.19178
k79_24718	6.69144
k79_34131	4.26984
k79_6395	4.17424
k79_24719	2.40541
k79_20213	2.89268
k79_34132	3.16429
k79_29316	6.31086
k79_24720	13.4607
k79_34133	4.5614
k79_11082	11.6202
k79_15508	43.4834
k79_29317	2.86486
k79_24721	7.31731
k79_15509	8.52174
k79_29318	5.20721
k79_20214	5.72986
k79_24722	5.63636
k79_34134	7.44918
k79_1878	43.4473
k79_15510	4.45865
k79_29319	4.60563
k79_24723	5.25342
k79_34135	5.58989
k79_29320	3.59868
k79_24724	3.57895
k79_34136	4.23649
k79_6396	7.80779
k79_15511	5.06796
k79_1879	5.68718
k79_29321	3.61828
k79_24725	4.05825
k79_34137	8.82609
k79_6397	2.49502
k79_1880	3.4557
k79_11083	8.33547
k79_24726	8.37963
k79_29322	12.9335
k79_6398	4.01053
k79_34138	7.94167
k79_1881	8.75747
k79_6399	3.66379
k79_29323	5.38261
k79_1882	2.71901
k79_6400	6.1573
k79_1883	3.29825
k79_29324	6.94091
k79_1884	4.36842
k79_29325	4.90722
k79_11084	8.18587
k79_15512	16.249
k79_29326	5.46053
k79_11085	5.18852
k79_1885	5.46491
k79_29327	5.96183
k79_1886	5.88131
k79_6401	31.3736
k79_29328	2.38647
k79_11086	7.71358
k79_15513	6.81853
k79_1887	12.5108
k79_29329	4.49306
k79_6402	2.12598
k79_1888	1.74157
k79_15514	3.07443
k79_11087	8.0617
k79_29330	3.27358
k79_15515	3.85926
k79_6403	4.26769
k79_29331	8.16568
k79_11088	5.251
k79_1889	5.86792
k79_11089	10.0866
k79_1890	5.311
k79_6404	7.14286
k79_11090	3.79911
k79_29332	8.06838
k79_15516	10.9627
k79_1891	12.0269
k79_29333	13.8092
k79_15517	3.54348
k79_1892	3.70707
k79_6405	7.36672
k79_1893	5.05
k79_11091	11.631
k79_6406	4.81818
k79_11092	3.864
k79_15518	9.2427
k79_29334	7.35094
k79_6407	5.20629
k79_15519	4.15033
k79_1894	6.55746
k79_15520	5.76582
k79_6408	5.66977
k79_1895	5.32039
k79_29335	5.4971
k79_6409	8.98864
k79_15521	4.09412
k79_1896	5.99468
k79_11093	6.31851
k79_6410	2.86806
k79_15522	7.78448
k79_29336	13.3006
k79_34139	46.2116
k79_1897	4.79661
k79_11094	4.77049
k79_6411	4.63309
k79_29337	3.55396
k79_34140	9.176
k79_29338	5.69274
k79_11095	9.24863
k79_34141	7.87285
k79_11096	5.05357
k79_29339	13.6368
k79_11097	4.31707
k79_34142	9.25178
k79_11098	5.20354
k79_11099	4.67333
k79_29340	12.0417
k79_34143	17.0554
k79_11100	6.82353
k79_29341	4.14483
k79_1898	18.5273
k79_34144	3.8323
k79_11101	2.39888
k79_20215	6.92287
k79_34145	2.625
k79_1899	2.26277
k79_29342	9.10816
k79_1900	5.96257
k79_34146	6.99567
k79_20216	5.95963
k79_29343	6.52885
k79_1901	4.01852
k79_6412	27.1197
k79_34147	6.30952
k79_29344	6.21327
k79_1902	2.65464
k79_24727	9.85741
k79_20217	6.67622
k79_6413	7.5814
k79_11102	6.8325
k79_1903	2.96667
k79_29345	3.43202
k79_1904	1.77419
k79_20218	5.88824
k79_34148	7.45364
k79_6414	4.89234
k79_1905	3.80328
k79_29346	5.14134
k79_24728	7.62976
k79_34149	3.65979
k79_29347	13.6
k79_1906	3.48276
k79_34150	6.97207
k79_1907	8.58947
k79_6415	6.73731
k79_29348	6.07595
k79_34151	3.70588
k79_29349	4.125
k79_34152	4.11828
k79_1908	5.19207
k79_29350	6.84884
k79_6416	12.6106
k79_1909	3.34483
k79_6417	4.28571
k79_34153	5.15289
k79_1910	4.07532
k79_6418	8.35821
k79_6419	7.98576
k79_6420	7.87786
k79_6421	6.51685
k79_6422	4.87687
k79_34154	9.02086
k79_34155	4.7451
k79_6423	4.87586
k79_34156	5.07207
k79_1911	7.66344
k79_1912	6.56667
k79_34157	7.82536
k79_6424	5.67603
k79_1913	5.53742
k79_34158	2.13295
k79_6425	2.97479
k79_34159	8.19522
k79_1914	5.41667
k79_34160	4.224
k79_6426	4.70159
k79_1915	11.4134
k79_6427	3.08609
k79_1916	2.30508
k79_34161	4.79479
k79_6428	19.8033
k79_1917	3.75839
k79_6429	9.35135
k79_34162	7.4898
k79_1918	2.74046
k79_34163	6.32941
k79_1919	2.86325
k79_34164	7.36752
k79_1920	4.12155
k79_6430	5.4591
k79_34165	5.32209
k79_34166	4.48454
k79_6431	3.06316
k79_1921	5.74573
k79_6432	3.0
k79_34167	5.37714
k79_1922	6.05357
k79_6433	2.68487
k79_1923	11.5279
k79_6434	3.2684
k79_1924	7.53906
k79_6435	6.13605
k79_6436	6.97222
k79_6437	3.79208
k79_1925	7.89617
k79_34168	8.47134
k79_20219	3.7395
k79_1926	5.27891
k79_6438	5.14182
k79_34169	6.03814
k79_1927	6.35714
k79_6439	5.85549
k79_1928	4.16667
k79_34170	7.65306
k79_6440	6.58394
k79_34171	4.02817
k79_20220	9.27616
k79_34172	2.69124
k79_20221	8.11458
k79_6441	10.2839
k79_34173	12.6147
k79_20222	12.5784
k79_1929	4.35862
k79_34174	9.35625
k79_1930	6.97761
k79_6442	9.15902
k79_34175	4.91837
k79_1931	5.74576
k79_29351	46.7977
k79_34176	7.02809
k79_20223	6.43276
k79_20224	2.13542
k79_34177	4.22963
k79_20225	2.97391
k79_34178	4.93443
k79_20226	8.15323
k79_34179	2.97152
k79_1932	6.5479
k79_15523	48.6611
k79_1933	3.55319
k79_20227	9.56863
k79_34180	17.0389
k79_6443	10.015
k79_20228	5.53614
k79_6444	2.57009
k79_34181	10.2609
k79_1934	10.2632
k79_20229	5.58993
k79_34182	3.8963
k79_20230	7.21053
k79_6445	4.9942
k79_34183	8.55056
k79_6446	5.69912
k79_20231	3.29769
k79_34184	5.0774
k79_15524	30.5145
k79_20232	3.80165
k79_6447	4.22973
k79_34185	8.52582
k79_20233	4.29921
k79_15525	4.38062
k79_11103	62.3599
k79_34186	1.96053
k79_20234	6.77108
k79_6448	4.81322
k79_15526	5.56667
k79_34187	3.82022
k79_20235	3.16265
k79_11104	2.57895
k79_15527	3.86066
k79_34188	6.1055
k79_34189	2.22321
k79_20236	5.58025
k79_34190	5.90299
k79_6449	15.7901
k79_15528	4.65827
k79_34191	3.36723
k79_20237	16.0601
k79_15529	4.01587
k79_6450	3.97196
k79_15530	2.44715
k79_20238	1.936
k79_6451	4.21739
k79_15531	5.81034
k79_20239	7.40404
k79_6452	3.47967
k79_15532	5.31034
k79_34192	7.51967
k79_6453	7.81018
k79_34193	3.81319
k79_15533	26.396
k79_6454	8.24359
k79_6455	7.08889
k79_15534	2.81223
k79_20240	8.28958
k79_6456	5.15709
k79_15535	13.0041
k79_6457	3.67442
k79_15536	4.07143
k79_6458	4.97753
k79_15537	8.0402
k79_15538	3.90323
k79_20241	8.91461
k79_34194	29.8178
k79_15539	7.5
k79_20242	7.71223
k79_6459	4.01575
k79_20243	6.18182
k79_15540	6.17162
k79_34195	5.00353
k79_6460	10.141
k79_20244	5.75182
k79_15541	4.32967
k79_6461	10.7755
k79_34196	3.65079
k79_11105	61.5733
k79_20245	4.59677
k79_15542	4.60274
k79_11106	2.73
k79_20246	2.7767
k79_15543	6.33108
k79_11107	7.57718
k79_15544	3.74138
k79_20247	8.75313
k79_15545	3.85455
k79_20248	10.6514
k79_20249	12.0366
k79_15546	6.56333
k79_20250	2.52632
k79_11108	11.1826
k79_15547	10.855
k79_11109	4.62857
k79_34197	128.09
k79_11110	3.83884
k79_24729	45.0507
k79_15548	6.65427
k79_15549	11.7113
k79_34198	4.65778
k79_24730	7.04167
k79_29352	4.99836
k79_15550	5.42282
k79_34199	17.3643
k79_24731	4.57718
k79_11111	5.20445
k79_29353	7.14286
k79_34200	3.33071
k79_24732	5.94574
k79_15551	7.82437
k79_34201	2.95833
k79_24733	10.9921
k79_29354	3.68896
k79_15552	3.67429
k79_34202	2.65799
k79_11112	5.04331
k79_24734	7.08497
k79_15553	3.90406
k79_34203	1.96491
k79_24735	7.88119
k79_11113	2.63717
k79_34204	6.44554
k79_15554	6.65637
k79_11114	6.1164
k79_24736	8.77193
k79_15555	5.91364
k79_34205	5.30248
k79_24737	5.96212
k79_15556	5.84298
k79_11115	8.63342
k79_24738	4.1982
k79_34206	3.50719
k79_15557	21.6099
k79_11116	2.97531
k79_24739	4.80769
k79_11117	4.49808
k79_24740	11.9385
k79_11118	4.07576
k79_11119	5.69286
k79_6462	31.6041
k79_24741	21.7429
k79_11120	2.95522
k79_11121	4.06557
k79_6463	9.52558
k79_24742	7.71687
k79_11122	9.61165
k79_6464	6.03226
k79_34207	22.2215
k79_11123	4.76856
k79_11124	3.1573
k79_6465	4.68421
k79_34208	55.3304
k79_11125	19.1477
k79_6466	4.54244
k79_11126	2.86555
k79_34209	7.97908
k79_15558	8.8926
k79_6467	2.50279
k79_34210	2.35176
k79_15559	4.98193
k79_34211	2.88811
k79_15560	10.5034
k79_24743	7.5823
k79_15561	5.90744
k79_15562	9.51656
k79_6468	6.34825
k79_24744	6.72914
k79_11127	5.91368
k79_34212	10.0405
k79_24745	12.5824
k79_20251	8.31134
k79_34213	2.9375
k79_11128	2.76786
k79_24746	4.11486
k79_34214	7.6319
k79_11129	3.62376
k79_34215	6.22727
k79_15563	37.1371
k79_20252	5.72994
k79_34216	2.5619
k79_24747	4.43032
k79_20253	7.91626
k79_24748	9.72549
k79_20254	10.9661
k79_34217	4.46904
k79_24749	8.4079
k79_6469	7.76923
k79_15564	6.18247
k79_34218	3.16071
k79_24750	5.30769
k79_29355	43.9826
k79_15565	7.00619
k79_34219	11.8147
k79_6470	19.3937
k79_34220	2.90535
k79_29356	10.5261
k79_34221	3.96203
k79_24751	7.47874
k79_34222	5.0
k79_29357	3.97094
k79_34223	4.0
k79_6471	62.619
k79_34224	2.80833
k79_6472	4.23077
k79_34225	3.35849
k79_29358	13.4076
k79_20255	1.75676
k79_24752	6.98444
k79_20256	7.95868
k79_34226	10.265
k79_15566	9.3156
k79_20257	9.22302
k79_15567	6.7549
k79_29359	4.57307
k79_11130	72.9556
k79_34227	7.11308
k79_15568	6.94313
k79_24753	6.05882
k79_29360	5.21223
k79_34228	5.54348
k79_11131	4.69444
k79_24754	13.8019
k79_34229	4.46789
k79_15569	7.41993
k79_34230	10.0892
k79_20258	10.3425
k79_15570	2.42105
k79_24755	16.1675
k79_15571	4.2071
k79_11132	8.78759
k79_15572	4.28829
k79_34231	6.87312
k79_11133	2.99091
k79_29361	7.8638
k79_34232	3.26357
k79_15573	8.68559
k79_29362	3.22222
k79_11134	6.38728
k79_15574	13.9182
k79_29363	5.94495
k79_11135	6.13548
k79_6473	9.7727
k79_15575	4.86567
k79_6474	9.4697
k79_29364	9.74259
k79_11136	6.97872
k79_15576	4.38775
k79_20259	82.2668
k79_24756	4.94511
k79_11137	11.0481
k79_15577	12.8889
k79_1935	51.2904
k79_15578	4.75
k79_34233	11.2791
k79_20260	10.0949
k79_1936	15.1517
k79_11138	10.4307
k79_34234	3.55039
k79_15579	9.40449
k79_20261	11.1644
k79_34235	4.53922
k79_15580	9.64085
k79_29365	4.34783
k79_11139	7.06705
k79_20262	2.46377
k79_34236	7.40952
k79_1937	10.3827
k79_34237	6.43564
k79_11140	6.31841
k79_29366	5.57097
k79_20263	8.95082
k79_34238	3.24194
k79_29367	3.62921
k79_15581	4.16888
k79_11141	7.9825
k79_1938	9.03653
k79_34239	3.91026
k79_20264	6.56751
k79_11142	9.67677
k79_15582	16.0926
k79_34240	2.65546
k79_15583	5.57143
k79_34241	5.62609
k79_29368	5.36872
k79_1939	6.65785
k79_15584	3.15385
k79_1940	6.36453
k79_11143	6.98224
k79_1941	2.73793
k79_29369	7.52359
k79_1942	5.32075
k79_29370	5.68421
k79_15585	7.43644
k79_15586	8.94444
k79_11144	5.03034
k79_15587	3.02941
k79_34242	8.76081
k79_1943	5.06161
k79_34243	3.11688
k79_15588	5.65878
k79_34244	3.46
k79_1944	3.90184
k79_29371	20.5957
k79_11145	4.28102
k79_1945	5.08889
k79_29372	2.33696
k79_15589	3.55709
k79_11146	3.5
k79_34245	7.17988
k79_15590	5.20652
k79_1946	5.62105
k79_34246	5.04615
k79_1947	7.06452
k79_6475	4.80952
k79_15591	2.81319
k79_11147	7.90058
k79_1948	2.43262
k79_6476	3.61379
k79_29373	9.69689
k79_11148	3.21622
k79_1949	2.48889
k79_15592	11.4525
k79_6477	9.20625
k79_15593	8.84043
k79_15594	6.46067
k79_6478	9.9562
k79_15595	5.74725
k79_29374	3.86064
k79_11149	5.28218
k79_29375	4.39416
k79_15596	4.73462
k79_11150	5.57143
k79_29376	3.25472
k79_15597	5.52174
k79_6479	5.40245
k79_11151	5.27139
k79_29377	4.96707
k79_15598	4.49362
k79_6480	5.66667
k79_11152	12.6635
k79_15599	3.47445
k79_29378	5.03687
k79_1950	54.2905
k79_6481	8.15578
k79_29379	8.83673
k79_24757	2.54054
k79_1951	4.5
k79_15600	6.94678
k79_6482	4.89529
k79_24758	7.4593
k79_15601	5.20175
k79_29380	4.74235
k79_24759	5.60811
k79_6483	5.23462
k79_15602	5.78626
k79_34247	2.62136
k79_24760	12.0256
k79_29381	11.5498
k79_15603	2.30714
k79_6484	5.63212
k79_34248	11.9721
k79_15604	3.94444
k79_6485	3.89529
k79_24761	4.70663
k79_15605	4.48263
k79_24762	3.82313
k79_20265	4.39416
k79_34249	11.2889
k79_6486	6.63385
k79_24763	16.3256
k79_15606	5.65079
k79_34250	2.54444
k79_6487	4.03593
k79_24764	4.62
k79_20266	6.1748
k79_24765	8.95506
k79_1952	8.34214
k79_34251	4.88631
k79_24766	13.6723
k79_1953	5.73267
k79_34252	3.58257
k79_11153	12.194
k79_20267	5.3725
k79_1954	5.86127
k79_15607	6.49417
k79_34253	12.1077
k79_1955	2.68182
k79_11154	2.13492
k79_1956	2.5125
k79_34254	6.345
k79_20268	6.99313
k79_1957	3.02362
k79_15608	10.0289
k79_34255	7.82877
k79_1958	5.70866
k79_20269	6.40127
k79_34256	6.17007
k79_1959	5.50774
k79_20270	9.00498
k79_15609	4.74402
k79_34257	7.54275
k79_29382	12.4583
k79_15610	3.47458
k79_1960	5.40351
k79_11155	7.01853
k79_24767	7.46154
k79_29383	4.0
k79_1961	3.49485
k79_24768	17.3263
k79_11156	11.0043
k79_15611	3.86889
k79_29384	6.52247
k79_34258	7.46526
k79_24769	3.07534
k79_11157	4.06452
k79_15612	4.53005
k79_34259	5.83217
k79_15613	5.75701
k79_34260	12.5322
k79_15614	3.21831
k79_20271	7.60737
k79_24770	8.38754
k79_11158	6.92021
k79_29385	7.53394
k79_20272	3.14179
k79_34261	4.78767
k79_15615	4.04301
k79_29386	6.11927
k79_1962	6.19365
k79_24771	5.11765
k79_34262	6.23358
k79_20273	5.92537
k79_29387	6.95
k79_11159	8.47689
k79_20274	3.95726
k79_15616	5.38623
k79_29388	6.30303
k79_6488	19.6435
k79_1963	6.53082
k79_24772	5.62013
k79_20275	6.86188
k79_6489	1.84545
k79_24773	7.1
k79_29389	8.33149
k79_15617	4.49225
k79_24774	4.38333
k79_11160	4.12295
k79_29390	4.94828
k79_1964	7.10145
k79_20276	4.76812
k79_6490	3.41667
k79_24775	11.0842
k79_20277	3.88235
k79_11161	3.41618
k79_6491	3.21277
k79_1965	4.84158
k79_15618	5.15485
k79_20278	3.06944
k79_29391	8.77919
k79_6492	4.17749
k79_11162	5.29856
k79_15619	2.6369
k79_20279	4.26857
k79_29392	4.57282
k79_6493	4.61988
k79_11163	3.51899
k79_24776	18.1585
k79_15620	1.8125
k79_29393	4.47857
k79_20280	8.53093
k79_11164	4.71154
k79_24777	3.31034
k79_15621	3.21875
k79_29394	3.02174
k79_6494	4.16871
k79_11165	8.86466
k79_24778	5.11392
k79_29395	4.85217
k79_1966	7.72158
k79_15622	2.68548
k79_6495	4.18966
k79_20281	7.69267
k79_15623	4.84783
k79_1967	6.83122
k79_6496	5.69136
k79_20282	3.87903
k79_1968	3.88764
k79_24779	5.58022
k79_6497	2.645
k79_15624	3.49498
k79_20283	5.05742
k79_1969	5.42945
k79_11166	7.94679
k79_6498	5.63333
k79_20284	6.91667
k79_1970	5.32174
k79_20285	3.54286
k79_15625	4.68496
k79_1971	8.69856
k79_11167	5.56009
k79_20286	5.9053
k79_15626	4.01538
k79_1972	5.71186
k79_24780	6.03656
k79_20287	10.3473
k79_6499	6.09007
k79_11168	4.88454
k79_20288	2.79861
k79_6500	2.49505
k79_1973	8.96027
k79_20289	4.1027
k79_11169	3.82192
k79_6501	5.31561
k79_20290	5.33333
k79_1974	7.10215
k79_11170	4.55085
k79_24781	9.56767
k79_6502	5.59016
k79_20291	6.69091
k79_11171	3.85606
k79_1975	3.63556
k79_24782	6.09677
k79_6503	3.30645
k79_24783	3.5
k79_20292	7.58854
k79_11172	6.16149
k79_1976	9.08108
k79_11173	2.58678
k79_6504	8.77193
k79_1977	5.64486
k79_6505	4.83505
k79_20293	6.18873
k79_6506	3.14414
k79_24784	5.49405
k79_6507	3.94624
k79_20294	4.98326
k79_24785	4.91176
k79_11174	7.74007
k79_15627	13.1989
k79_1978	5.13591
k79_11175	5.48571
k79_15628	4.61111
k79_24786	7.15326
k79_20295	5.11189
k79_11176	11.9817
k79_6508	8.57647
k79_20296	7.10959
k79_6509	8.125
k79_1979	5.97993
k79_20297	6.869
k79_6510	6.16216
k79_11177	2.96307
k79_11178	5.68182
k79_6511	8.65027
k79_20298	6.10156
k79_15629	10.194
k79_24787	4.68625
k79_1980	5.08685
k79_24788	3.29464
k79_11179	4.92245
k79_1981	6.81761
k79_20299	3.47489
k79_6512	6.80297
k79_24789	8.08861
k79_11180	4.825
k79_20300	3.3037
k79_1982	6.512
k79_24790	1.91429
k79_6513	3.5665
k79_20301	5.10256
k79_1983	3.84496
k79_34263	4.27317
k79_11181	2.65605
k79_34264	7.1223
k79_24791	11.3089
k79_20302	5.1785
k79_11182	11.0549
k79_34265	10.4681
k79_11183	2.46903
k79_1984	6.39944
k79_34266	5.2
k79_11184	2.9604
k79_1985	2.85827
k79_24792	7.34354
k79_34267	4.21782
k79_24793	9.82796
k79_34268	4.68199
k79_1986	8.33648
k79_34269	7.40136
k79_24794	13.5326
k79_34270	2.19469
k79_11185	7.42202
k79_24795	3.02963
k79_1987	11.8582
k79_34271	2.98636
k79_11186	15.314
k79_29396	22.0982
k79_24796	12.2271
k79_20303	17.4107
k79_34272	2.69787
k79_11187	2.65289
k79_29397	3.68462
k79_20304	8.89
k79_34273	5.20423
k79_24797	6.02885
k79_34274	25.8913
k79_6514	7.77741
k79_11188	3.13793
k79_20305	6.94898
k79_24798	4.12698
k79_29398	9.84642
k79_34275	4.39683
k79_6515	4.78947
k79_11189	13.1523
k79_24799	3.90265
k79_29399	4.82857
k79_34276	8.06731
k79_20306	2.85985
k79_6516	6.46939
k79_29400	4.125
k79_11190	12.3111
k79_34277	3.83019
k79_20307	20.3308
k79_24800	22.1345
k79_29401	7.49593
k79_11191	4.82407
k79_20308	3.02083
k79_24801	3.07018
k79_20309	5.36634
k79_34278	7.39809
k79_11192	2.61438
k79_29402	2.45205
k79_24802	5.48872
k79_20310	3.93434
k79_29403	5.49474
k79_24803	3.94118
k79_34279	5.80251
k79_11193	6.82369
k79_20311	2.85714
k79_1988	29.5594
k79_11194	1.71351
k79_24804	6.44207
k79_34280	4.37132
k79_11195	3.4964
k79_34281	2.67105
k79_1989	9.83503
k79_11196	2.6746
k79_11197	10.9577
k79_24805	5.96923
k79_34282	2.97025
k79_20312	10.8228
k79_34283	3.03175
k79_11198	6.24576
k79_1990	5.69984
k79_24806	7.02488
k79_29404	7.1297
k79_34284	4.87654
k79_24807	3.6129
k79_11199	1.89941
k79_20313	3.05776
k79_6517	7.31419
k79_34285	8.13376
k79_24808	4.73793
k79_29405	6.28045
k79_20314	4.45926
k79_24809	9.1338
k79_34286	6.08696
k79_6518	8.69455
k79_20315	2.5461
k79_1991	9.2123
k79_29406	7.10422
k79_6519	3.06667
k79_20316	10.2712
k79_34287	4.10283
k79_1992	4.48876
k79_20317	7.47253
k79_6520	3.34982
k79_34288	10.4841
k79_29407	9.83198
k79_1993	3.92058
k79_6521	5.9375
k79_11200	5.53698
k79_6522	20.6633
k79_34289	3.9375
k79_29408	7.52713
k79_6523	3.95376
k79_34290	2.56
k79_11201	8.65328
k79_1994	5.29198
k79_29409	2.54701
k79_6524	6.45625
k79_34291	4.76518
k79_1995	6.58088
k79_29410	6.16667
k79_6525	3.51969
k79_34292	4.85417
k79_1996	6.42157
k79_6526	7.55725
k79_29411	11.4693
k79_34293	10.6593
k79_6527	3.40278
k79_29412	4.15789
k79_34294	3.4433
k79_6528	5.99115
k79_29413	9.13025
k79_6529	5.69953
k79_24810	8.52233
k79_34295	9.62097
k79_34296	7.0
k79_24811	6.38725
k79_6530	3.82456
k79_34297	14.0612
k79_1997	9.53815
k79_24812	4.27132
k79_6531	3.92593
k79_24813	2.39362
k79_24814	4.93023
k79_1998	4.91985
k79_34298	5.68916
k79_24815	5.07955
k79_6532	6.0791
k79_24816	4.37778
k79_1999	4.26573
k79_34299	3.83459
k79_6533	3.08209
k79_24817	2.97143
k79_2000	4.77778
k79_34300	6.48507
k79_6534	4.96094
k79_11202	41.349
k79_24818	5.07692
k79_34301	3.66667
k79_11203	6.51587
k79_6535	10.5177
k79_24819	9.2636
k79_6536	9.00602
k79_34302	10.3524
k79_24820	7.79412
k79_6537	4.84
k79_24821	3.8022
k79_6538	4.87023
k79_11204	5.56281
k79_24822	6.17172
k79_2001	6.30862
k79_11205	2.31933
k79_6539	2.67832
k79_24823	8.70175
k79_34303	5.2845
k79_2002	6.06623
k79_24824	3.81746
k79_11206	6.37443
k79_2003	5.63158
k79_6540	5.82447
k79_24825	2.75439
k79_11207	4.44375
k79_34304	7.25
k79_11208	15.2784
k79_20318	43.8281
k79_11209	3.52101
k79_20319	2.51648
k79_34305	5.78912
k79_2004	4.18893
k79_20320	3.53299
k79_34306	9.64348
k79_29414	4.01535
k79_6541	5.92527
k79_20321	8.62264
k79_2005	7.16588
k79_29415	5.62406
k79_6542	1.59574
k79_2006	3.75472
k79_34307	5.52313
k79_20322	4.44865
k79_6543	5.85637
k79_34308	3.98916
k79_29416	11.0767
k79_6544	4.91784
k79_6545	2.07865
k79_20323	9.12512
k79_6546	3.56604
k79_6547	2.41053
k79_29417	11.4617
k79_20324	2.92997
k79_6548	7.16505
k79_6549	4.75691
k79_20325	7.49383
k79_29418	7.20063
k79_20326	3.95604
k79_6550	2.83108
k79_29419	3.07752
k79_20327	2.62766
k79_6551	2.6701
k79_29420	2.73548
k79_6552	6.44231
k79_20328	3.54608
k79_29421	4.46386
k79_6553	6.50838
k79_20329	4.8042
k79_29422	4.94634
k79_20330	4.67143
k79_29423	5.11828
k79_6554	8.31495
k79_6555	4.34545
k79_20331	7.25703
k79_6556	5.9779
k79_6557	3.7156
k79_20332	4.22932
k79_6558	7.21622
k79_6559	5.50746
k79_6560	5.30172
k79_6561	4.21552
k79_6562	3.07826
k79_6563	2.63063
k79_20333	7.33141
k79_6564	3.93525
k79_20334	7.52096
k79_15630	52.0318
k79_20335	4.30506
k79_15631	5.12102
k79_20336	2.49495
k79_6565	9.8961
k79_20337	4.24427
k79_15632	5.45333
k79_6566	4.04615
k79_11210	3.19492
k79_6567	4.3619
k79_15633	5.87324
k79_20338	9.54913
k79_11211	3.25
k79_6568	6.81132
k79_2007	3.0988
k79_11212	2.43949
k79_11213	9.9537
k79_2008	3.58889
k79_11214	5.54
k79_20339	6.19169
k79_6569	6.4913
k79_15634	4.62989
k79_2009	4.57669
k79_20340	3.17669
k79_6570	3.29965
k79_11215	6.47842
k79_20341	2.30457
k79_6571	10.6308
k79_15635	6.85841
k79_2010	7.86774
k79_11216	4.73585
k79_15636	3.62162
k79_20342	2.73718
k79_11217	3.29018
k79_15637	11.9386
k79_20343	9.4257
k79_2011	4.9364
k79_2012	7.51546
k79_11218	5.3631
k79_24826	45.8442
k79_11219	3.60759
k79_2013	3.77073
k79_2014	3.18539
k79_11220	5.10227
k79_24827	8.74582
k79_2015	3.91346
k79_2016	5.75
k79_11221	5.27179
k79_24828	6.05727
k79_2017	7.26542
k79_24829	7.01378
k79_24830	5.88889
k79_2018	13.384
k79_2019	5.04348
k79_24831	6.32298
k79_20344	4.3109
k79_2020	5.18518
k79_11222	9.91956
k79_2021	8.17969
k79_24832	7.19792
k79_11223	5.5935
k79_2022	8.02
k79_20345	7.32432
k79_20346	4.36538
k79_6572	37.897
k79_11224	5.46907
k79_2023	15.3873
k79_20347	6.03239
k79_24833	7.47731
k79_11225	2.57237
k79_2024	6.092
k79_11226	2.73298
k79_2025	7.65966
k79_6573	5.07412
k79_15638	47.7692
k79_2026	6.06897
k79_20348	6.90097
k79_11227	2.6453
k79_6574	3.95255
k79_11228	7.46939
k79_20349	4.69935
k79_2027	5.77387
k79_15639	4.32353
k79_6575	6.94194
k79_2028	4.46465
k79_20350	6.91556
k79_6576	5.09302
k79_15640	9.87291
k79_11229	7.93864
k79_20351	4.77744
k79_11230	4.52273
k79_15641	5.42005
k79_2029	5.75788
k79_11231	5.05906
k79_15642	4.50633
k79_11232	8.96117
k79_11233	4.18518
k79_15643	3.47317
k79_15644	10.2917
k79_11234	4.15361
k79_15645	4.33333
k79_11235	6.35115
k79_11236	3.02222
k79_11237	6.51546
k79_2030	9.72494
k79_20352	8.58071
k79_11238	5.07463
k79_2031	4.33333
k79_11239	4.76301
k79_15646	7.36847
k79_2032	7.02439
k79_11240	4.71642
k79_20353	7.11028
k79_15647	5.10526
k79_20354	13.4369
k79_2033	9.78509
k79_6577	59.0841
k79_15648	3.08264
k79_11241	6.87246
k79_2034	7.10215
k79_15649	3.92308
k79_6578	3.78169
k79_11242	7.55319
k79_20355	14.5206
k79_2035	4.1745
k79_15650	7.79235
k79_11243	7.50296
k79_2036	9.55814
k79_15651	4.90909
k79_2037	3.26705
k79_15652	3.0117
k79_11244	5.13853
k79_2038	5.28223
k79_6579	10.3463
k79_2039	2.21849
k79_2040	2.95918
k79_6580	13.8214
k79_11245	10.2957
k79_2041	5.43373
k79_6581	4.90506
k79_2042	2.93
k79_15653	50.8305
k79_6582	3.18889
k79_2043	3.72727
k79_6583	6.20721
k79_2044	4.88288
k79_15654	3.8553
k79_11246	9.91069
k79_6584	18.1447
k79_11247	2.45575
k79_2045	10.1726
k79_6585	3.61842
k79_11248	7.14815
k79_11249	4.65775
k79_6586	3.21287
k79_11250	4.06633
k79_6587	5.24111
k79_24834	5.55973
k79_15655	7.51971
k79_6588	8.01575
k79_15656	6.16518
k79_6589	14.5312
k79_24835	5.14639
k79_2046	16.5131
k79_24836	6.4466
k79_15657	4.6035
k79_6590	7.25627
k79_2047	3.05286
k79_15658	3.57237
k79_2048	16.1
k79_24837	4.52439
k79_15659	3.24627
k79_2049	2.71014
k79_15660	8.58075
k79_15661	5.74483
k79_2050	6.6381
k79_15662	2.22449
k79_2051	3.49664
k79_24838	62.2936
k79_15663	2.86577
k79_2052	4.03297
k79_24839	2.30178
k79_15664	4.64596
k79_24840	18.629
k79_15665	7.91597
k79_2053	6.16888
k79_15666	2.77161
k79_6591	10.057
k79_2054	6.25401
k79_6592	2.15596
k79_11251	8.70222
k79_24841	5.6153
k79_2055	2.63366
k79_2056	8.75333
k79_6593	3.80882
k79_24842	10.4644
k79_24843	2.62212
k79_6594	6.3288
k79_24844	3.75214
k79_20356	8.18845
k79_11252	10.4643
k79_24845	2.27143
k79_2057	11.6816
k79_11253	3.37838
k79_2058	8.94245
k79_24846	4.58
k79_11254	7.67677
k79_2059	9.84314
k79_24847	5.55051
k79_2060	2.85034
k79_11255	3.92797
k79_24848	9.82847
k79_2061	3.19
k79_24849	16.0361
k79_24850	4.15962
k79_20357	42.6002
k79_24851	10.3571
k79_20358	4.60345
k79_2062	5.86651
k79_20359	6.22083
k79_24852	7.94091
k79_2063	5.64599
k79_15667	6.14449
k79_11256	4.88811
k79_11257	5.30081
k79_15668	3.63953
k79_11258	3.39444
k79_15669	8.00877
k79_24853	7.94273
k79_15670	9.95736
k79_24854	3.41304
k79_24855	7.18518
k79_15671	5.89164
k79_24856	7.5522
k79_11259	4.46982
k79_15672	7.7945
k79_11260	5.34061
k79_11261	3.88304
k79_15673	6.42195
k79_11262	4.25874
k79_34309	47.3443
k79_15674	15.6474
k79_34310	8.75704
k79_15675	7.58209
k79_15676	4.80909
k79_15677	5.92265
k79_15678	8.57721
k79_11263	50.9021
k79_15679	5.95541
k79_11264	7.02857
k79_15680	4.34545
k79_11265	10.6243
k79_15681	5.63636
k79_11266	2.46429
k79_6595	10.0
k79_15682	9.98421
k79_6596	4.45548
k79_6597	4.05072
k79_11267	8.39052
k79_6598	5.33333
k79_11268	5.80208
k79_6599	4.06
k79_20360	6.51165
k79_11269	4.38532
k79_20361	11.4
k79_11270	9.48347
k79_20362	5.62
k79_20363	3.59434
k79_15683	6.54929
k79_11271	2.25714
k79_15684	2.77344
k79_6600	6.56303
k79_15685	6.41667
k79_11272	112.418
k79_11273	4.02174
k79_2064	5.40724
k79_6601	12.7317
k79_24857	3.0381
k79_6602	3.10236
k79_2065	8.18163
k79_2066	3.3125
k79_2067	9.15556
k79_24858	11.475
k79_2068	3.12963
k79_6603	3.48029
k79_2069	2.56738
k79_6604	7.50345
k79_11274	9.7201
k79_2070	3.72059
k79_6605	3.52336
k79_2071	4.608
k79_11275	2.86647
k79_2072	9.50165
k79_11276	4.04819
k79_24859	8.23099
k79_2073	3.975
k79_11277	3.23636
k79_2074	3.58511
k79_24860	6.05882
k79_11278	6.5819
k79_6606	5.70965
k79_15686	4.58333
k79_24861	4.89668
k79_6607	6.71595
k79_11279	13.2911
k79_2075	6.52389
k79_6608	15.1953
k79_11280	11.4396
k79_15687	8.11559
k79_2076	5.19885
k79_6609	14.7807
k79_24862	4.10811
k79_15688	3.97122
k79_11281	5.40517
k79_2077	4.08642
k79_24863	7.45517
k79_15689	5.41772
k79_11282	6.35862
k79_2078	5.57724
k79_15690	4.42384
k79_2079	2.41111
k79_11283	9.49714
k79_24864	5.39852
k79_15691	6.93407
k79_24865	3.41905
k79_15692	2.86207
k79_11284	3.98165
k79_24866	5.93269
k79_15693	5.12727
k79_2080	11.4336
k79_15694	4.94845
k79_24867	6.39574
k79_6610	13.8653
k79_2081	4.41584
k79_11285	3.65395
k79_15695	4.75843
k79_11286	11.2105
k79_2082	6.79532
k79_6611	6.68771
k79_24868	6.92287
k79_11287	2.9927
k79_15696	3.7839
k79_24869	3.64912
k79_6612	15.9573
k79_11288	5.86614
k79_15697	3.13636
k79_24870	7.28378
k79_2083	10.3354
k79_6613	6.22222
k79_15698	7.16957
k79_24871	5.96703
k79_11289	4.30137
k79_24872	5.94444
k79_11290	2.4918
k79_15699	3.17703
k79_6614	3.79941
k79_15700	7.7205
k79_11291	29.5188
k79_2084	4.45355
k79_24873	5.56132
k79_15701	5.48837
k79_2085	7.89888
k79_24874	3.8381
k79_15702	8.90511
k79_24875	3.90533
k79_15703	6.70879
k79_24876	5.20423
k79_2086	8.27429
k79_24877	4.77656
k79_24878	2.96129
k79_15704	7.03243
k79_34311	43.0304
k79_2087	5.15031
k79_24879	3.56612
k79_15705	6.53279
k79_34312	45.2321
k79_2088	4.83537
k79_24880	12.6533
k79_15706	19.4286
k79_34313	6.14286
k79_24881	5.50862
k79_15707	5.61392
k79_24882	5.32283
k79_2089	27.7405
k79_20364	51.7214
k79_15708	6.77179
k79_20365	7.0131
k79_15709	2.68852
k79_24883	10.3043
k79_15710	8.65327
k79_15711	6.84615
k79_20366	7.11307
k79_20367	8.59859
k79_15712	9.66192
k79_20368	7.88503
k79_15713	3.98101
k79_20369	4.96875
k79_15714	16.9348
k79_20370	3.53922
k79_15715	4.07955
k79_11292	7.46341
k79_15716	4.93103
k79_11293	3.42361
k79_15717	3.82727
k79_24884	8.19723
k79_11294	7.34286
k79_15718	7.26339
k79_34314	6.34257
k79_20371	5.29946
k79_11295	13.1225
k79_34315	3.82022
k79_24885	5.33162
k79_15719	7.16667
k79_20372	18.5046
k79_11296	8.30367
k79_34316	2.78947
k79_24886	5.53769
k79_15720	5.89593
k79_20373	3.92857
k79_34317	3.89855
k79_15721	2.71121
k79_11297	4.38144
k79_24887	4.8663
k79_20374	7.0
k79_15722	5.32
k79_24888	5.36486
k79_2090	3.23529
k79_34318	4.80435
k79_15723	3.51835
k79_24889	9.61017
k79_6615	2.50216
k79_11298	4.35294
k79_15724	5.92063
k79_24890	2.69231
k79_2091	5.29327
k79_6616	3.31285
k79_15725	2.65625
k79_11299	11.8024
k79_24891	5.99275
k79_15726	10.2632
k79_2092	2.63354
k79_6617	6.3557
k79_11300	5.4403
k79_34319	8.49876
k79_2093	6.4
k79_11301	3.12621
k79_6618	13.5833
k79_2094	6.18129
k79_34320	8.24561
k79_2095	7.51818
k79_11302	4.12625
k79_15727	6.42857
k79_15728	3.8227
k79_29424	48.5207
k79_15729	2.48187
k79_34321	9.07593
k79_15730	7.44882
k79_34322	3.7924
k79_29425	6.35505
k79_15731	8.1863
k79_34323	4.79825
k79_29426	7.46154
k79_29427	4.0
k79_15732	4.95038
k79_2096	9.56863
k79_34324	7.10976
k79_15733	14.0495
k79_29428	6.68359
k79_34325	9.33684
k79_2097	4.97753
k79_15734	3.75641
k79_29429	8.0184
k79_2098	10.566
k79_15735	6.28513
k79_2099	8.19665
k79_2100	9.6131
k79_29430	5.10569
k79_34326	11.0112
k79_2101	5.60246
k79_34327	5.70103
k79_29431	5.13953
k79_2102	5.06286
k79_29432	5.95652
k79_34328	7.05556
k79_34329	4.89
k79_29433	3.19459
k79_2103	2.39059
k79_29434	3.893
k79_2104	4.14327
k79_34330	9.67416
k79_29435	8.89344
k79_2105	5.14035
k79_29436	7.17857
k79_2106	4.67347
k79_29437	9.42697
k79_34331	5.15152
k79_34332	3.3945
k79_2107	7.50712
k79_34333	7.42647
k79_2108	4.93617
k79_2109	5.80303
k79_34334	4.62046
k79_2110	5.9145
k79_34335	6.30435
k79_2111	3.61905
k79_34336	6.80228
k79_2112	10.9235
k79_34337	8.00459
k79_34338	5.70109
k79_2113	3.10695
k79_2114	3.07812
k79_24892	11.0345
k79_20375	3.956
k79_6619	4.73316
k79_34339	4.70833
k79_20376	5.35071
k79_2115	5.32391
k79_34340	3.08197
k79_6620	4.82562
k79_15736	7.58838
k79_24893	4.08738
k79_15737	3.60584
k79_20377	5.51538
k79_6621	9.30566
k79_15738	2.39796
k79_24894	8.48032
k79_34341	6.13843
k79_15739	6.94907
k79_20378	8.4717
k79_34342	2.65698
k79_20379	2.75
k79_34343	4.61165
k79_15740	7.10323
k79_6622	10.8299
k79_20380	5.62393
k79_2116	10.408
k79_15741	6.46535
k79_34344	11.8226
k79_24895	24.651
k79_20381	4.44286
k79_6623	3.42
k79_2117	10.064
k79_34345	5.60377
k79_6624	3.51111
k79_20382	5.75333
k79_24896	6.31606
k79_34346	5.61386
k79_2118	4.625
k79_20383	2.35165
k79_15742	22.955
k79_6625	8.12432
k79_2119	3.84466
k79_6626	5.13889
k79_2120	8.27222
k79_6627	3.94595
k79_24897	4.30546
k79_6628	4.11207
k79_20384	22.914
k79_24898	4.25514
k79_20385	3.71134
k79_20386	3.54088
k79_24899	3.59686
k79_34347	35.3433
k79_24900	5.98741
k79_34348	3.87645
k79_20387	17.6861
k79_34349	2.55752
k79_24901	4.86808
k79_20388	5.70492
k79_6629	5.08876
k79_24902	5.05532
k79_34350	9.77062
k79_6630	4.64773
k79_34351	4.89485
k79_34352	7.18919
k79_20389	6.43533
k79_2121	10.1465
k79_15743	9.31934
k79_34353	2.6309
k79_2122	4.792
k79_34354	4.12
k79_15744	4.8777
k79_6631	17.3269
k79_34355	3.48485
k79_2123	5.96094
k79_15745	6.93868
k79_34356	8.81148
k79_2124	6.71134
k79_6632	6.03971
k79_15746	2.85
k79_34357	6.52885
k79_6633	7.7459
k79_15747	6.13397
k79_34358	5.91026
k79_34359	5.25414
k79_15748	7.42857
k79_6634	8.40833
k79_15749	11.144
k79_34360	6.58635
k79_6635	27.2928
k79_34361	5.44628
k79_20390	8.25087
k79_6636	3.31176
k79_34362	3.09767
k79_15750	9.03975
k79_6637	6.03361
k79_20391	9.12615
k79_34363	7.91589
k79_6638	8.26804
k79_15751	3.82818
k79_20392	3.30435
k79_6639	6.61187
k79_15752	12.5
k79_6640	5.25954
k79_34364	7.86796
k79_20393	6.10496
k79_15753	3.31933
k79_34365	3.63784
k79_6641	4.72414
k79_29438	57.6297
k79_34366	3.43258
k79_29439	3.61957
k79_29440	8.31718
k79_29441	6.77311
k79_29442	3.36667
k79_29443	2.79775
k79_29444	3.73404
k79_2125	45.5484
k79_2126	5.56452
k79_29445	5.71676
k79_11303	48.173
k79_29446	2.72
k79_2127	5.4511
k79_11304	3.14286
k79_2128	4.45833
k79_29447	3.69124
k79_11305	3.43165
k79_2129	3.88235
k79_29448	8.88987
k79_11306	5.16854
k79_29449	4.31624
k79_11307	4.93491
k79_2130	7.48566
k79_29450	7.94043
k79_11308	4.79885
k79_29451	4.76364
k79_2131	5.5627
k79_11309	5.79464
k79_2132	2.92254
k79_15754	3.73381
k79_11310	5.88551
k79_15755	4.90576
k79_11311	6.17829
k79_11312	6.84582
k79_11313	8.79404
k79_15756	8.64673
k79_11314	3.26214
k79_11315	3.99061
k79_11316	5.69608
k79_11317	3.74
k79_15757	10.3868
k79_11318	6.09076
k79_34367	65.2986
k79_15758	5.78488
k79_34368	11.3627
k79_20394	7.96532
k79_15759	4.30088
k79_11319	6.41333
k79_6642	3.972
k79_2133	10.0393
k79_15760	11.2818
k79_20395	3.29032
k79_34369	5.5443
k79_11320	5.44379
k79_2134	4.93007
k79_34370	3.0
k79_11321	3.14194
k79_2135	2.47664
k79_6643	6.41949
k79_20396	5.53922
k79_11322	3.90291
k79_6644	5.23967
k79_11323	4.80986
k79_34371	6.22619
k79_2136	7.1708
k79_15761	9.03301
k79_20397	2.78409
k79_6645	7.27434
k79_34372	5.53791
k79_6646	3.89744
k79_20398	5.33333
k79_15762	5.34364
k79_2137	5.72881
k79_6647	3.32432
k79_15763	7.45963
k79_20399	6.44318
k79_2138	10.6439
k79_34373	4.57261
k79_15764	5.96891
k79_2139	2.28261
k79_6648	5.18323
k79_34374	2.44167
k79_15765	3.1
k79_2140	4.47826
k79_6649	4.83478
k79_15766	6.00847
k79_20400	6.31057
k79_34375	4.01087
k79_15767	8.6165
k79_20401	6.02048
k79_34376	3.8
k79_11324	9.15531
k79_2141	8.04063
k79_11325	8.72632
k79_20402	9.69189
k79_34377	6.1875
k79_6650	6.68188
k79_15768	5.74168
k79_11326	11.1852
k79_29452	6.09736
k79_6651	9.58127
k79_2142	4.19018
k79_15769	7.19394
k79_34378	4.95949
k79_20403	4.3364
k79_29453	6.62238
k79_20404	5.66019
k79_2143	4.8658
k79_29454	5.24873
k79_15770	6.86604
k79_34379	33.4103
k79_6652	6.07303
k79_29455	5.14545
k79_20405	5.35294
k79_15771	5.21397
k79_2144	12.3958
k79_34380	5.52857
k79_29456	2.81553
k79_20406	4.31852
k79_34381	10.2542
k79_20407	2.04444
k79_34382	3.42857
k79_6653	8.52846
k79_2145	6.3586
k79_20408	4.94444
k79_15772	9.97842
k79_11327	5.33333
k79_2146	4.43408
k79_20409	6.17293
k79_11328	3.74725
k79_34383	4.52123
k79_6654	4.9188
k79_15773	5.68372
k79_20410	2.76168
k79_6655	3.50435
k79_11329	2.78544
k79_34384	5.89262
k79_20411	9.56897
k79_2147	4.4043
k79_6656	3.91358
k79_15774	4.88701
k79_2148	3.17969
k79_11330	7.59259
k79_20412	7.0113
k79_15775	4.67033
k79_34385	8.06956
k79_15776	4.09278
k79_11331	8.85973
k79_20413	3.936
k79_15777	2.93367
k79_6657	6.17247
k79_34386	4.47849
k79_15778	5.13333
k79_34387	3.43925
k79_6658	2.04918
k79_20414	7.52903
k79_34388	3.07527
k79_6659	9.01266
k79_15779	4.32937
k79_20415	4.32353
k79_34389	8.16842
k79_6660	8.78767
k79_15780	5.15517
k79_34390	5.09649
k79_20416	4.7451
k79_6661	5.10606
k79_20417	5.44586
k79_34391	10.1626
k79_15781	4.32792
k79_20418	8.06452
k79_6662	8.21918
k79_34392	26.4974
k79_34393	3.94898
k79_15782	4.36096
k79_20419	7.72958
k79_20420	3.2234
k79_34394	5.08264
k79_20421	4.24201
k79_34395	4.43956
k79_34396	5.53763
k79_34397	6.19048
k79_34398	3.97576
k79_20422	71.4753
k79_34399	3.34109
k79_34400	3.04396
k79_20423	4.30688
k79_20424	5.88281
k79_34401	5.58686
k79_20425	4.01911
k79_20426	8.2093
k79_2149	16.2484
k79_2150	6.57868
k79_20427	4.01111
k79_2151	5.92641
k79_20428	6.3617
k79_20429	2.81333
k79_20430	4.42723
k79_2152	8.9626
k79_2153	13.0664
k79_2154	6.35088
k79_2155	2.86869
k79_2156	5.7809
k79_11332	3.04098
k79_29457	4.7623
k79_15783	34.8721
k79_2157	5.92291
k79_29458	7.91724
k79_2158	6.72477
k79_29459	7.08922
k79_15784	4.84793
k79_29460	5.69399
k79_15785	2.48227
k79_29461	7.37576
k79_20431	10.4961
k79_2159	7.62385
k79_34402	7.68733
k79_11333	8.0155
k79_29462	8.03012
k79_2160	2.70909
k79_20432	12.8561
k79_11334	3.38953
k79_29463	5.12077
k79_20433	10.2716
k79_29464	2.59459
k79_11335	5.80769
k79_2161	8.23226
k79_11336	6.57798
k79_29465	4.27632
k79_20434	3.49364
k79_2162	2.66667
k79_11337	7.625
k79_29466	4.54878
k79_34403	6.28028
k79_11338	2.96377
k79_2163	10.6716
k79_29467	2.7623
k79_34404	5.61491
k79_2164	3.75676
k79_29468	12.5714
k79_2165	3.38043
k79_20435	7.53684
k79_34405	6.02959
k79_29469	4.78378
k79_20436	3.44828
k79_11339	5.31818
k79_34406	3.44681
k79_29470	5.03431
k79_29471	4.85811
k79_2166	7.125
k79_2167	8.80672
k79_34407	7.71725
k79_2168	3.0098
k79_29472	4.96825
k79_20437	7.10082
k79_34408	4.90278
k79_29473	4.55385
k79_2169	4.3178
k79_20438	3.14483
k79_2170	9.1134
k79_29474	2.85782
k79_2171	13.6346
k79_20439	7.46332
k79_29475	4.19718
k79_11340	14.8617
k79_2172	6.8314
k79_20440	5.00662
k79_11341	6.10494
k79_29476	4.204
k79_2173	4.55056
k79_20441	3.1411
k79_29477	7.27083
k79_20442	4.2809
k79_29478	3.66327
k79_11342	3.59207
k79_20443	3.53571
k79_2174	4.23733
k79_29479	3.27439
k79_11343	8.75117
k79_2175	3.36774
k79_20444	4.135
k79_11344	3.60526
k79_29480	4.0152
k79_29481	4.93417
k79_20445	6.99634
k79_11345	5.1782
k79_29482	4.39806
k79_20446	4.1344
k79_11346	13.0893
k79_29483	7.40825
k79_34409	41.525
k79_20447	6.54422
k79_11347	2.36975
k79_29484	3.72857
k79_34410	3.72028
k79_20448	2.74528
k79_29485	4.94262
k79_34411	6.12903
k79_29486	4.18861
k79_20449	3.74822
k79_2176	39.4315
k79_20450	16.4267
k79_29487	5.87251
k79_2177	3.23158
k79_29488	5.30216
k79_34412	6.77958
k79_2178	6.75694
k79_20451	6.64038
k79_29489	7.81818
k79_34413	8.2119
k79_20452	3.28877
k79_2179	4.63229
k79_15786	9.47638
k79_11348	8.01317
k79_2180	4.66864
k79_29490	8.1328
k79_20453	6.00667
k79_11349	5.74178
k79_15787	3.51149
k79_2181	7.74375
k79_29491	12.747
k79_2182	6.49593
k79_20454	4.53469
k79_29492	2.60731
k79_11350	7.37694
k79_15788	5.36867
k79_2184	5.8916
k79_11351	2.05957
k79_15789	4.97326
k79_2185	5.38144
k79_2186	2.48305
k79_11352	6.0787
k79_29493	7.9241
k79_11353	5.43103
k79_2187	3.7443
k79_29494	3.39234
k79_15790	10.8159
k79_29495	11.7113
k79_2188	4.32645
k79_15791	38.7589
k79_15792	7.78947
k79_29496	4.70168
k79_20455	57.9718
k79_2189	13.443
k79_15793	6.82524
k79_20456	7.42282
k79_2190	5.12865
k79_29497	11.6442
k79_20457	7.33513
k79_29498	4.22105
k79_15794	3.51782
k79_20458	3.16129
k79_29499	4.12019
k79_20459	7.85714
k79_15795	6.23256
k79_29500	3.37217
k79_15796	4.15909
k79_29501	5.67778
k79_29502	5.24786
k79_20460	8.29384
k79_29503	5.0283
k79_20461	8.48
k79_15797	5.58146
k79_20462	7.0531
k79_2191	6.56313
k79_20463	5.54515
k79_15798	4.78069
k79_15799	6.23636
k79_20464	4.36179
k79_20465	4.7713
k79_15800	6.67936
k79_15801	2.51266
k79_15802	5.64953
k79_2192	9.99646
k79_20466	7.84449
k79_15803	14.7248
k79_20467	3.21495
k79_2193	6.23967
k79_20468	5.05797
k79_2194	2.36875
k79_15804	8.59886
k79_20469	5.73239
k79_15805	4.21226
k79_2195	4.06416
k79_20470	3.48558
k79_15806	2.68919
k79_2196	4.33835
k79_15807	3.64486
k79_2197	5.44211
k79_15808	8.79412
k79_2198	4.93296
k79_15809	6.35052
k79_20471	8.7451
k79_20472	8.42056
k79_15810	8.42708
k79_20473	3.9127
k79_2199	8.05743
k79_11354	2.96939
k79_20474	2.95876
k79_2200	7.0856
k79_2201	4.83951
k79_2202	3.61538
k79_34414	6.70972
k79_11355	7.78926
k79_20475	7.44198
k79_34415	5.25503
k79_20476	5.00962
k79_2203	6.80791
k79_11356	3.1125
k79_34416	3.4
k79_2204	6.34783
k79_20477	4.65812
k79_11357	7.4188
k79_34417	4.24752
k79_20478	6.625
k79_11358	3.16372
k79_2205	5.8125
k79_34418	9.45302
k79_20479	7.18182
k79_20480	7.55319
k79_11359	3.97233
k79_34419	2.76412
k79_2206	6.52684
k79_11360	8.71088
k79_2207	4.43089
k79_20481	13.9201
k79_11361	11.7245
k79_2208	5.62759
k79_20482	4.10156
k79_34420	11.2388
k79_11362	5.1
k79_20483	3.59799
k79_11363	4.4734
k79_24903	44.6935
k79_20484	7.16232
k79_11364	5.83938
k79_24904	4.1828
k79_20485	2.736
k79_11365	5.39216
k79_20486	4.57823
k79_24905	13.3614
k79_2209	12.5958
k79_20487	4.49206
k79_24906	2.27439
k79_2210	6.27731
k79_11366	7.01131
k79_24907	7.28169
k79_20488	4.77061
k79_24908	2.72222
k79_11367	8.9125
k79_24909	5.48148
k79_20489	7.32472
k79_11368	4.67073
k79_2211	4.55011
k79_24910	4.94506
k79_29504	3.536
k79_2212	11.25
k79_24911	7.87879
k79_11369	4.93681
k79_15811	5.83163
k79_2213	2.94355
k79_11370	5.90206
k79_15812	2.90446
k79_29505	7.32676
k79_2214	6.77056
k79_29506	7.22134
k79_2215	4.00926
k79_24912	7.03842
k79_11371	11.2136
k79_11372	8.56296
k79_20490	9.90049
k79_2216	5.13438
k79_24913	4.17614
k79_11373	10.6636
k79_20491	4.88889
k79_24914	5.27857
k79_11374	12.5704
k79_2217	5.16342
k79_24915	11.2055
k79_2218	4.40556
k79_24916	3.20946
k79_2219	4.98
k79_2220	3.7234
k79_2221	7.37275
k79_24917	10.86
k79_2222	2.85841
k79_2223	5.62275
k79_24918	5.55584
k79_2224	7.68908
k79_24919	2.61458
k79_2225	4.96262
k79_24920	3.34807
k79_2226	8.20408
k79_2227	2.84722
k79_24921	4.44498
k79_2228	4.06878
k79_24922	7.44531
k79_2229	3.84713
k79_24923	11.1105
k79_2230	7.10959
k79_2231	2.6
k79_24924	4.19722
k79_24925	5.1747
k79_2232	7.09469
k79_2233	5.13978
k79_24926	3.68421
k79_11375	16.7023
k79_2234	7.85305
k79_24927	6.87013
k79_2235	7.05914
k79_11376	3.34363
k79_2236	2.40659
k79_2237	2.70588
k79_11377	6.69048
k79_24928	5.55871
k79_2238	5.7
k79_34421	19.3172
k79_11378	3.58482
k79_24929	4.94306
k79_34422	5.06452
k79_2239	7.47926
k79_24930	5.9717
k79_2240	2.58537
k79_34423	6.70455
k79_11379	10.3705
k79_2241	2.64516
k79_24931	3.24599
k79_34424	8.36842
k79_24932	3.73554
k79_2242	6.59016
k79_11380	8.54386
k79_2243	3.37168
k79_24933	2.79412
k79_2244	4.3481
k79_11381	5.01707
k79_11382	4.93827
k79_34425	10.6751
k79_24934	7.54106
k79_20492	3.13821
k79_2245	6.36782
k79_15813	5.94332
k79_11383	2.94406
k79_34426	6.55682
k79_20493	5.48205
k79_24935	4.2218
k79_15814	4.69939
k79_11384	3.53846
k79_24936	3.55556
k79_20494	6.30827
k79_34427	2.1092
k79_2246	6.04412
k79_11385	5.19209
k79_34428	5.45455
k79_24937	2.55814
k79_20495	4.32022
k79_15815	8.49508
k79_2247	2.94709
k79_34429	10.3093
k79_24938	9.60177
k79_15816	3.18919
k79_20496	4.30573
k79_15817	2.47273
k79_11386	7.06971
k79_24939	3.87919
k79_20497	4.73077
k79_2248	3.60341
k79_11387	3.82979
k79_15818	7.57143
k79_34430	11.9406
k79_24940	4.88213
k79_11388	5.2165
k79_34431	5.25
k79_2249	4.59048
k79_20498	6.54476
k79_15819	5.78713
k79_11389	3.58824
k79_34432	4.10274
k79_24941	8.61129
k79_15820	2.91489
k79_20499	5.5748
k79_2250	7.82192
k79_24942	5.17699
k79_15821	4.07527
k79_34433	5.71282
k79_2251	2.77844
k79_24943	9.64935
k79_11390	9.80922
k79_2252	3.85263
k79_34434	3.0559
k79_15822	7.70255
k79_2253	2.47778
k79_11391	11.0059
k79_2254	9.48837
k79_15823	5.19394
k79_11392	4.78431
k79_24944	5.91737
k79_20500	8.17308
k79_2255	3.16564
k79_24945	4.68627
k79_11393	11.5325
k79_2256	4.1634
k79_20501	6.12308
k79_20502	4.2623
k79_11394	4.72523
k79_15824	13.1387
k79_34435	11.8336
k79_24946	3.33092
k79_11395	4.61438
k79_20503	7.54248
k79_15825	12.1299
k79_20504	5.99029
k79_15826	5.2337
k79_34436	7.92545
k79_24947	5.41748
k79_11396	8.22075
k79_20505	3.37597
k79_24948	18.5604
k79_15827	8.80423
k79_20506	13.0504
k79_11397	4.57789
k79_24949	9.16547
k79_34437	7.7385
k79_20507	2.98214
k79_15828	5.04639
k79_34438	5.79279
k79_24950	9.90306
k79_24951	5.17098
k79_15829	3.78571
k79_11398	8.48392
k79_24952	5.51471
k79_20508	6.33282
k79_15830	5.64943
k79_11399	5.14695
k79_24953	5.61538
k79_20509	4.44348
k79_24954	5.92437
k79_24955	7.36648
k79_15831	5.02805
k79_11400	5.42895
k79_20510	9.41823
k79_24956	5.0203
k79_15832	3.49306
k79_11401	5.19608
k79_15833	4.54264
k79_11402	1.872
k79_11403	4.70707
k79_6663	47.308
k79_34439	38.094
k79_20511	6.23594
k79_24957	5.21141
k79_6664	4.97436
k79_11404	4.73303
k79_20512	7.2973
k79_34440	5.83772
k79_6665	6.77064
k79_24958	5.72034
k79_20513	4.64234
k79_11405	6.21053
k79_6666	4.49215
k79_34441	4.07826
k79_11406	2.56774
k79_24959	3.86179
k79_6667	4.66298
k79_24960	4.05224
k79_20514	9.63653
k79_6668	3.49438
k79_20515	3.82677
k79_34442	5.33176
k79_20516	3.98578
k79_24961	7.78422
k79_11407	6.54765
k79_11408	3.55435
k79_15834	5.54613
k79_34443	4.89083
k79_11409	3.60694
k79_11410	4.73118
k79_15835	29.6717
k79_34444	5.95047
k79_6669	6.94631
k79_15836	4.22468
k79_6670	5.65094
k79_6671	2.82301
k79_34445	8.37652
k79_34446	5.74545
k79_6672	7.61413
k79_34447	1.76087
k79_6673	4.12222
k79_15837	5.14046
k79_34448	2.9115
k79_11411	17.4321
k79_15838	1.87745
k79_6674	5.98616
k79_11412	10.1012
k79_6675	7.93023
k79_11413	6.14141
k79_15839	11.8843
k79_24962	5.4
k79_11414	5.09649
k79_11415	3.76415
k79_11416	5.71613
k79_15840	10.9664
k79_11417	3.13333
k79_11418	4.00943
k79_15841	5.48319
k79_34449	7.0959
k79_15842	2.28866
k79_11419	6.94628
k79_15843	6.45763
k79_34450	4.48223
k79_11420	4.88435
k79_15844	5.5
k79_34451	5.20619
k79_11421	5.40909
k79_34452	4.82967
k79_11422	6.49351
k79_11423	2.18301
k79_11424	3.65217
k79_15845	10.8217
k79_15846	10.9561
k79_15847	2.28431
k79_34453	30.2345
k79_34454	3.08491
k79_15848	8.31773
k79_11425	8.54958
k79_15849	5.82627
k79_11426	4.68564
k79_11427	4.16483
k79_15850	7.4507
k79_11428	4.29054
k79_11429	3.98947
k79_15851	4.4
k79_34455	6.954
k79_15852	5.84074
k79_20517	5.74359
k79_15853	4.60959
k79_11430	6.21886
k79_34456	3.90416
k79_11431	3.32258
k79_15854	4.82379
k79_2257	57.8397
k79_6676	4.71127
k79_20518	12.6139
k79_2258	4.08547
k79_34457	5.91822
k79_15855	9.03463
k79_2259	2.85294
k79_6677	7.47706
k79_15856	6.21127
k79_20519	5.90785
k79_6678	3.45614
k79_6679	7.47482
k79_34458	5.6072
k79_20520	7.65351
k79_20521	4.27778
k79_15857	6.07143
k79_2260	7.98655
k79_20522	5.92029
k79_2261	3.79798
k79_15858	11.3319
k79_6680	5.16385
k79_20523	5.16667
k79_24963	16.7715
k79_11432	4.94161
k79_20524	4.01439
k79_24964	11.6939
k79_15859	6.54341
k79_2262	3.55769
k79_24965	2.86239
k79_15860	7.9082
k79_11433	6.63253
k79_24966	9.41361
k79_20525	7.93111
k79_2263	4.58088
k79_34459	5.01733
k79_2264	5.82051
k79_20526	5.65116
k79_24967	8.95918
k79_11434	4.26667
k79_34460	3.78689
k79_2265	3.3301
k79_11435	4.38614
k79_20527	3.91353
k79_34461	4.40588
k79_11436	6.87815
k79_24968	4.41548
k79_15861	6.69596
k79_24969	4.1
k79_11437	4.22477
k79_20528	5.88861
k79_34462	7.62007
k79_24970	4.84211
k79_15862	6.70283
k79_20529	2.81308
k79_34463	2.82967
k79_15863	7.82474
k79_20530	4.77143
k79_24971	5.02222
k79_34464	3.53947
k79_20531	5.93814
k79_15864	8.98864
k79_11438	15.4714
k79_34465	5.37838
k79_15865	5.28448
k79_11439	10.369
k79_15866	6.44094
k79_34466	4.35593
k79_11440	4.7197
k79_20532	10.0304
k79_15867	8.54887
k79_20533	7.76923
k79_24972	9.19786
k79_34467	5.17578
k79_15868	5.60736
k79_11441	3.03158
k79_34468	9.58451
k79_24973	5.2963
k79_20534	5.93281
k79_2266	4.54545
k79_11442	4.268
k79_24974	4.3875
k79_34469	5.98476
k79_6681	34.3221
k79_15869	2.08661
k79_11443	5.71098
k79_34470	4.41339
k79_24975	4.29319
k79_34471	4.00775
k79_24976	5.44089
k79_6682	10.2481
k79_34472	9.375
k79_11444	10.2486
k79_24977	4.37113
k79_6683	6.50476
k79_24978	11.1351
k79_6684	7.8983
k79_11445	6.61386
k79_34473	8.7554
k79_24979	11.142
k79_6685	3.26556
k79_11446	3.17695
k79_20535	8.2716
k79_34474	8.21721
k79_24980	2.90476
k79_20536	3.0
k79_6686	9.68108
k79_24981	2.74214
k79_2267	2.06771
k79_6687	4.23016
k79_24982	2.63043
k79_34475	5.89964
k79_24983	8.08407
k79_11447	7.71446
k79_34476	4.86638
k79_24984	7.16547
k79_20537	6.43967
k79_11448	6.99206
k79_34477	4.54331
k79_24985	4.24457
k79_20538	9.5051
k79_11449	4.9562
k79_34478	8.27119
k79_6688	6.76598
k79_24986	2.61682
k79_20539	3.45161
k79_34479	5.56364
k79_6689	21.3111
k79_34480	10.5852
k79_6690	5.16981
k79_34481	7.23129
k79_20540	11.4858
k79_24987	5.01619
k79_34482	8.34513
k79_24988	4.31765
k79_20541	3.87698
k79_6691	10.7285
k79_20542	4.12953
k79_24989	3.54202
k79_20543	7.00885
k79_6692	3.27835
k79_24990	6.71466
k79_6693	4.25185
k79_24991	3.51042
k79_20544	12.2635
k79_6694	4.90132
k79_20545	3.01852
k79_24992	3.50235
k79_6695	6.69281
k79_34483	12.5121
k79_6696	5.03158
k79_24993	3.32547
k79_6697	4.61111
k79_24994	2.44444
k79_34484	5.02682
k79_20546	7.92884
k79_6698	4.65702
k79_24995	3.72727
k79_20547	3.89313
k79_6699	2.36082
k79_34485	6.77
k79_20548	6.41209
k79_24996	2.81818
k79_34486	7.184
k79_20549	10.3486
k79_6700	4.96163
k79_34487	3.20388
k79_20550	6.84184
k79_20551	4.63816
k79_34488	10.6074
k79_15870	74.3985
k79_6701	4.60649
k79_2268	5.1488
k79_34489	3.40678
k79_24997	6.90909
k79_6702	6.27206
k79_24998	3.30435
k79_34490	11.4123
k79_15871	6.63714
k79_2269	3.78838
k79_15872	2.42391
k79_2270	3.40171
k79_34491	4.85185
k79_24999	6.40584
k79_2271	11.125
k79_6703	4.48184
k79_34492	3.28723
k79_25000	5.96703
k79_6704	5.47647
k79_2272	3.93507
k79_6705	5.81522
k79_2273	2.87413
k79_6706	6.39216
k79_15873	6.53901
k79_25001	8.75745
k79_34493	6.27848
k79_2274	3.04213
k79_15874	12.9487
k79_15875	3.46667
k79_2275	4.24224
k79_6707	7.3512
k79_6708	4.38571
k79_34494	10.2039
k79_2276	2.8359
k79_25002	13.4059
k79_2277	12.4103
k79_34495	5.7037
k79_6709	8.14242
k79_11450	11.282
k79_15876	5.50606
k79_6710	3.8125
k79_15877	7.46875
k79_11451	2.62791
k79_2278	5.10684
k79_15878	1.80645
k79_34496	50.595
k79_6711	5.41803
k79_2279	8.15205
k79_34497	7.7766
k79_11452	4.34951
k79_34498	3.31915
k79_6712	4.3913
k79_2280	2.97516
k79_15879	3.61475
k79_34499	3.88596
k79_11453	10.5031
k79_20552	3.05147
k79_15880	18.7778
k79_11454	2.50495
k79_6713	9.25362
k79_34500	26.9931
k79_15881	6.52917
k79_20553	5.16038
k79_11455	14.7024
k79_34501	3.45872
k79_15882	5.0942
k79_6714	10.8855
k79_15883	3.52222
k79_11456	7.15169
k79_15884	3.78689
k79_6715	6.92308
k79_11457	5.15169
k79_15885	4.25701
k79_6716	3.88189
k79_25003	50.5975
k79_15886	4.46729
k79_11458	4.89113
k79_6717	2.99737
k79_20554	16.3972
k79_25004	5.98708
k79_15887	4.69182
k79_20555	2.0
k79_11459	3.90323
k79_6718	5.79348
k79_25005	10.6954
k79_29507	42.4098
k79_20556	8.43382
k79_25006	5.07042
k79_11460	2.75
k79_15888	17.7976
k79_20557	3.60305
k79_2281	5.97333
k79_25007	5.2803
k79_29508	5.00498
k79_20558	4.85714
k79_29509	4.73469
k79_25008	11.9084
k79_2282	4.70455
k79_6719	10.6357
k79_20559	8.02198
k79_29510	8.08475
k79_15889	6.20946
k79_6720	3.3
k79_15890	2.06122
k79_29511	4.48551
k79_2283	8.695
k79_25009	11.7573
k79_20560	4.12044
k79_15891	3.93403
k79_25010	2.99371
k79_29512	2.83681
k79_11461	7.72781
k79_15892	3.25664
k79_25011	13.6067
k79_29513	2.34109
k79_6721	4.45305
k79_11462	5.10084
k79_20561	7.07558
k79_29514	7.28931
k79_20562	2.5514
k79_11463	8.29915
k79_25012	4.09191
k79_6722	5.56897
k79_2284	7.61384
k79_20563	2.15385
k79_11464	4.10152
k79_6723	7.51504
k79_20564	3.60563
k79_2285	9.32067
k79_11465	4.35758
k79_20565	3.47059
k79_11466	6.19101
k79_2286	4.97701
k79_6724	9.32258
k79_29515	6.59623
k79_20566	7.74419
k79_6725	5.12632
k79_25013	6.61642
k79_29516	12.0764
k79_15893	10.6626
k79_11467	2.88462
k79_6726	7.41964
k79_20567	11.5
k79_2287	4.89867
k79_11468	5.62044
k79_6727	2.40237
k79_20568	3.69748
k79_25014	11.7348
k79_6728	7.91544
k79_11469	12.3426
k79_2288	4.92651
k79_6729	6.92045
k79_2289	3.87218
k79_6730	9.42708
k79_20569	9.01134
k79_25015	4.05009
k79_6731	7.32
k79_2290	15.6006
k79_25016	9.29487
k79_6732	15.1493
k79_2291	2.86822
k79_20570	5.73737
k79_25017	27.0075
k79_6733	8.06977
k79_6734	6.35915
k79_20571	2.76793
k79_25018	6.57831
k79_6735	5.98013
k79_25019	14.5792
k79_6736	1.69291
k79_15894	10.5605
k79_20572	9.43873
k79_6737	8.3631
k79_25020	7.63784
k79_15895	5.20889
k79_6738	4.3128
k79_25021	4.78218
k79_6739	12.1641
k79_15896	5.2618
k79_25022	4.41353
k79_6740	5.79798
k79_15897	4.51
k79_6741	9.20312
k79_25023	5.86617
k79_25024	8.53896
k79_29517	4.50407
k79_15898	13.566
k79_11470	14.1065
k79_25025	5.10559
k79_15899	3.42177
k79_6742	6.51548
k79_15900	7.72277
k79_25026	22.689
k79_34502	48.6284
k79_20573	12.4008
k79_15901	4.13333
k79_34503	2.55932
k79_20574	3.37903
k79_15902	3.52985
k79_25027	6.30628
k79_34504	4.12782
k79_15903	6.9685
k79_20575	7.0
k79_20576	25.6393
k79_25028	4.52878
k79_34505	4.11067
k79_15904	10.5882
k79_15905	8.06566
k79_34506	5.1342
k79_6743	4.3081
k79_15906	5.59441
k79_34507	8.05882
k79_25029	7.50198
k79_29518	10.1676
k79_6744	4.71117
k79_34508	5.67117
k79_25030	7.89057
k79_20577	9.42727
k79_15907	3.48148
k79_25031	5.73
k79_20578	4.97807
k79_15908	2.97987
k79_6745	4.15261
k79_34509	3.47967
k79_25032	3.47005
k79_20579	7.59794
k79_6746	3.26623
k79_34510	4.96809
k79_6747	4.38889
k79_15909	13.011
k79_20580	6.08871
k79_34511	4.29379
k79_6748	4.13025
k79_34512	3.75556
k79_15910	5.28438
k79_20581	6.24382
k79_34513	15.9699
k79_6749	4.67204
k79_20582	3.92941
k79_6750	3.01042
k79_15911	10.6394
k79_34514	2.75
k79_25033	4.3304
k79_6751	5.08658
k79_20583	5.45566
k79_34515	10.9241
k79_6752	8.08898
k79_25034	6.30357
k79_6753	7.79612
k79_34516	6.3207
k79_20584	5.64159
k79_34517	4.39699
k79_25035	6.6482
k79_15912	44.4379
k79_34518	5.42152
k79_25036	5.68401
k79_20585	4.06494
k79_6754	8.91368
k79_25037	2.97196
k79_15913	9.54135
k79_2292	9.79277
k79_20586	4.93665
k79_25038	3.1236
k79_2293	6.29268
k79_34519	5.32812
k79_6755	9.47011
k79_20587	20.4437
k79_25039	6.48851
k79_34520	2.71296
k79_2294	2.69714
k79_15914	8.82364
k79_6756	8.74886
k79_20588	2.69565
k79_25040	3.88372
k79_2295	3.78049
k79_6757	10.6639
k79_20589	10.211
k79_15915	3.02239
k79_34521	4.08108
k79_2296	5.61345
k79_25041	8.40977
k79_15916	3.82906
k79_34522	4.07692
k79_20590	4.18954
k79_2297	4.89697
k79_25042	4.9058
k79_15917	7.25
k79_20591	2.73034
k79_2298	4.51087
k79_34523	5.65014
k79_2299	4.10417
k79_11471	7.0
k79_15918	6.28296
k79_34524	10.0667
k79_2300	3.8875
k79_11472	4.02817
k79_20592	4.82306
k79_34525	5.11377
k79_15919	5.64241
k79_20593	3.15
k79_11473	3.64062
k79_34526	3.3617
k79_15920	3.12712
k79_20594	8.10569
k79_34527	8.13934
k79_15921	8.29293
k79_11474	2.94043
k79_29519	5.76587
k79_34528	12.5534
k79_20595	3.89474
k79_15922	6.7809
k79_29520	3.82301
k79_34529	3.05556
k79_20596	1.86207
k79_34530	5.65169
k79_29521	4.35256
k79_11475	8.16008
k79_29522	1.80952
k79_6758	4.8369
k79_11476	2.41935
k79_34531	7.7791
k79_11477	3.85976
k79_6759	6.12207
k79_25043	3.11599
k79_34532	5.251
k79_6760	2.49057
k79_29523	7.1955
k79_11478	4.54305
k79_34533	4.00505
k79_6761	5.83077
k79_25044	6.82656
k79_11479	8.20661
k79_29524	4.25442
k79_34534	12.0354
k79_11480	4.41606
k79_29525	2.63704
k79_34535	3.4963
k79_25045	3.33666
k79_34536	10.9097
k79_34537	3.88172
k79_34538	8.32836
k79_11481	7.84284
k79_20597	6.90514
k79_11482	3.57426
k79_20598	5.84831
k79_11483	3.67879
k79_15923	4.60325
k79_34539	8.01122
k79_11484	4.3629
k79_20599	6.28257
k79_29526	8.72627
k79_20600	4.59574
k79_29527	13.3345
k79_20601	4.07623
k79_29528	17.6818
k79_20602	5.02143
k79_34540	24.4566
k79_20603	4.28155
k79_29529	4.52536
k79_34541	6.99288
k79_20604	4.20192
k79_15924	6.21593
k79_20605	3.65891
k79_15925	3.27174
k79_34542	2.96154
k79_20606	7.99301
k79_20607	16.213
k79_34543	7.80827
k79_15926	6.87854
k79_20608	5.71892
k79_34544	15.25
k79_20609	7.29299
k79_15927	11.0157
k79_29530	12.9595
k79_34545	4.9697
k79_20610	4.07071
k79_34546	3.15842
k79_29531	3.34402
k79_20611	3.63466
k79_29532	4.08097
k79_6762	26.172
k79_25046	3.30675
k79_29533	4.82075
k79_6763	3.83871
k79_6764	7.32143
k79_25047	12.7353
k79_34547	11.5271
k79_25048	6.47879
k79_34548	16.0877
k79_25049	14.2674
k79_34549	4.17621
k79_25050	7.61111
k79_25051	4.7
k79_34550	3.66986
k79_6765	6.9495
k79_25052	6.79703
k79_34551	5.97938
k79_6766	7.20376
k79_34552	3.85646
k79_6767	4.24211
k79_6768	11.022
k79_34553	3.49756
k79_6769	6.80508
k79_34554	2.44681
k79_34555	3.43976
k79_25053	34.3468
k79_15928	41.2342
k79_34556	5.13184
k79_25054	5.21941
k79_34557	2.99367
k79_29534	21.0257
k79_15929	2.95852
k79_25055	5.02727
k79_34558	4.77586
k79_15930	2.56
k79_25056	7.05652
k79_34559	6.0355
k79_29535	3.83728
k79_15931	6.38889
k79_6770	6.82051
k79_29536	2.90698
k79_34560	2.82609
k79_25057	3.34137
k79_6771	3.14439
k79_29537	4.64583
k79_34561	4.99315
k79_25058	11.1429
k79_15932	7.99462
k79_6772	4.41509
k79_29538	9.5
k79_34562	7.21477
k79_15933	2.76522
k79_6773	4.83582
k79_25059	6.77011
k79_15934	2.51648
k79_34563	3.49239
k79_25060	6.09836
k79_34564	5.61538
k79_6774	5.57895
k79_25061	3.12782
k79_15935	3.47692
k79_34565	3.41346
k79_25062	6.83735
k79_34566	6.84553
k79_29539	7.81155
k79_6775	3.40047
k79_15936	3.52294
k79_34567	14.6333
k79_15937	3.30631
k79_25063	4.29923
k79_29540	5.34317
k79_34568	6.70068
k79_29541	4.5
k79_6776	13.9863
k79_15938	7.38072
k79_25064	9.30746
k79_6777	2.44068
k79_34569	6.56308
k79_29542	6.89446
k79_25065	9.90385
k79_6778	9.39362
k79_15939	5.18069
k79_29543	5.33945
k79_34570	3.84615
k79_25066	5.38068
k79_6779	5.09375
k79_2301	49.9528
k79_20612	5.61677
k79_6780	7.02206
k79_20613	2.46154
k79_2302	3.5
k79_25067	4.36605
k79_6781	3.0303
k79_20614	4.46528
k79_25068	14.3223
k79_6782	6.90492
k79_2303	6.01182
k79_34571	15.9022
k79_25069	2.81159
k79_6783	4.20659
k79_6784	2.95833
k79_34572	5.43467
k79_2304	8.44402
k79_6785	6.19901
k79_2305	5.68939
k79_25070	14.0385
k79_25071	3.52101
k79_6786	7.76493
k79_34573	13.5074
k79_25072	2.55725
k79_6787	4.1457
k79_34574	3.25
k79_25073	7.67925
k79_34575	3.25185
k79_2306	3.93531
k79_6788	6.72671
k79_34576	18.6129
k79_6789	5.16296
k79_25074	5.375
k79_20615	13.7003
k79_6790	4.79381
k79_6791	5.74
k79_20616	11.4085
k79_25075	4.72506
k79_20617	5.43293
k79_2307	5.95701
k79_34577	2.67227
k79_29544	4.43939
k79_25076	3.2069
k79_2308	3.46067
k79_15940	5.93846
k79_11485	45.0607
k79_34578	8.43519
k79_6792	86.7003
k79_2309	4.04673
k79_29545	3.11983
k79_11486	3.01639
k79_15941	11.101
k79_34579	5.53425
k79_6793	7.26316
k79_29546	4.01357
k79_15942	7.68224
k79_2310	5.6131
k79_25077	5.73237
k79_6794	2.33482
k79_15943	2.99153
k79_29547	5.37037
k79_2311	6.65385
k79_25078	4.74
k79_11487	6.62359
k79_29548	7.3432
k79_2312	4.77358
k79_15944	9.20796
k79_34580	5.31518
k79_6795	5.56405
k79_15945	5.71429
k79_29549	5.21711
k79_11488	2.2
k79_20618	2.82075
k79_25079	5.24079
k79_29550	11.8605
k79_34581	3.99363
k79_20619	7.13187
k79_11489	6.19549
k79_6796	5.01914
k79_25080	5.67857
k79_11490	5.56522
k79_20620	16.432
k79_6797	9.83465
k79_25081	6.62032
k79_15946	8.79954
k79_11491	6.60993
k79_25082	7.82609
k79_15947	4.20175
k79_20621	6.28053
k79_11492	7.48529
k79_15948	5.34545
k79_2313	9.00524
k79_11493	6.26804
k79_29551	11.1936
k79_2314	11.4381
k79_15949	2.93407
k79_25083	43.6042
k79_29552	9.30702
k79_6798	6.31503
k79_2315	7.58
k79_15950	6.616
k79_6799	3.75
k79_29553	3.40698
k79_6800	2.7623
k79_15951	1.92958
k79_2316	6.68803
k79_6801	5.20354
k79_20622	4.875
k79_25084	4.01815
k79_2317	3.52941
k79_15952	9.09667
k79_20623	1.65934
k79_6802	2.56667
k79_25085	5.61739
k79_34582	6.08294
k79_15953	7.69182
k79_25086	5.01905
k79_20624	5.49689
k79_2318	5.31023
k79_6803	4.87391
k79_15954	3.65487
k79_34583	3.23256
k79_20625	3.80288
k79_25087	5.64865
k79_6804	6.18841
k79_11494	3.86288
k79_20626	10.25
k79_25088	6.91946
k79_34584	10.6168
k79_2319	5.67366
k79_15955	6.33399
k79_11495	6.16096
k79_34585	4.40884
k79_2320	3.80729
k79_34586	3.76726
k79_25089	24.106
k79_34587	3.20419
k79_2321	6.8542
k79_11496	46.8409
k79_6805	7.8511
k79_34588	16.378
k79_2322	4.72472
k79_2323	2.27551
k79_6806	4.01069
k79_11497	4.83721
k79_6807	9.09565
k79_11498	4.4375
k79_34589	5.62358
k79_6808	3.77228
k79_6809	3.75152
k79_11499	8.04192
k79_25090	11.271
k79_6810	2.688
k79_11500	5.1976
k79_6811	2.55208
k79_25091	4.22581
k79_2324	8.82985
k79_11501	5.35366
k79_25092	11.0825
k79_2325	4.09804
k79_25093	7.10769
k79_2326	9.79032
k79_6812	4.8157
k79_2327	3.9863
k79_11502	3.49098
k79_2328	3.05042
k79_25094	22.1741
k79_11503	6.91176
k79_6813	6.0837
k79_11504	4.45833
k79_6814	3.80851
k79_25095	5.3169
k79_6815	2.34821
k79_25096	9.4
k79_11505	6.1761
k79_6816	2.42138
k79_11506	2.73563
k79_2329	16.0724
k79_11507	8.89767
k79_2330	3.09346
k79_6817	7.76879
k79_11508	8.05028
k79_6818	3.81356
k79_11509	8.81053
k79_6819	7.81281
k79_2331	7.17534
k79_6820	4.17347
k79_11510	3.28114
k79_6821	4.76271
k79_2332	4.41916
k79_25097	7.72709
k79_34590	48.8969
k79_6822	4.34568
k79_25098	2.69945
k79_11511	5.11111
k79_34591	4.6166
k79_6823	5.93548
k79_11512	4.62
k79_25099	5.28682
k79_34592	7.0814
k79_25100	5.10241
k79_11513	37.4257
k79_6824	5.17702
k79_11514	2.5
k79_25101	3.2383
k79_6825	7.19868
k79_11515	3.76042
k79_25102	5.58457
k79_11516	8.30037
k79_6826	4.29693
k79_25103	9.33255
k79_6827	7.02284
k79_25104	3.55224
k79_6828	4.28929
k79_25105	14.5608
k79_25106	5.8436
k79_6829	4.6025
k79_6830	8.05056
k79_20627	10.5347
k79_6831	7.23711
k79_2333	4.44444
k79_20628	3.53731
k79_15956	7.21767
k79_2334	2.66165
k79_6832	3.84066
k79_15957	4.84314
k79_20629	4.7673
k79_2335	5.08743
k79_6833	3.44828
k79_2336	12.6531
k79_20630	5.91469
k79_6834	4.6383
k79_2337	5.69274
k79_2338	3.92667
k79_15958	7.48093
k79_6835	7.49224
k79_2339	6.61616
k79_34593	36.4312
k79_15959	6.45263
k79_34594	3.70796
k79_2340	9.44898
k79_6836	9.72034
k79_15960	5.06909
k79_2341	5.22034
k79_34595	8.34314
k79_6837	7.7234
k79_34596	4.81818
k79_15961	11.5661
k79_2342	10.7667
k79_6838	4.51415
k79_2343	3.98113
k79_15962	17.0075
k79_2344	4.74167
k79_15963	3.91129
k79_2345	3.71545
k79_15964	7.82022
k79_34597	7.53153
k79_15965	4.21469
k79_20631	9.56695
k79_11517	38.5637
k79_11518	3.31538
k79_15966	2.76037
k79_2346	7.11925
k79_20632	10.8245
k79_34598	6.68786
k79_11519	6.59535
k79_20633	15.5664
k79_34599	4.88938
k79_20634	6.81675
k79_11520	12.1538
k79_34600	3.63314
k79_11521	2.65556
k79_34601	5.49718
k79_34602	5.73548
k79_15967	10.1297
k79_20635	5.07418
k79_2347	9.51259
k79_15968	13.4519
k79_34603	5.56281
k79_20636	8.6875
k79_2348	3.68132
k79_34604	3.22047
k79_20637	5.49693
k79_2349	2.11111
k79_29554	48.0045
k79_20638	3.67797
k79_34605	3.64179
k79_20639	5.15909
k79_29555	4.32243
k79_34606	2.87611
k79_29556	9.648
k79_20640	4.33668
k79_34607	9.63918
k79_15969	7.51371
k79_20641	2.07527
k79_29557	7.24038
k79_11522	8.40785
k79_6839	5.08604
k79_15970	5.67315
k79_20642	16.9282
k79_6840	8.86869
k79_15971	4.84956
k79_2350	9.11409
k79_20643	4.79825
k79_15972	20.1398
k79_6841	4.61111
k79_2351	4.168
k79_11523	6.21399
k79_34608	5.84698
k79_20644	3.86139
k79_6842	11.7765
k79_11524	4.85
k79_34609	3.0365
k79_11525	5.74725
k79_6843	10.7021
k79_34610	10.0603
k79_11526	7.45652
k79_20645	4.78364
k79_34611	3.53049
k79_11527	9.17333
k79_15973	8.98606
k79_2352	9.86527
k79_34612	2.98125
k79_11528	5.17834
k79_6844	11.2859
k79_15974	7.94043
k79_34613	11.7556
k79_6845	5.52273
k79_15975	6.76
k79_6846	4.10949
k79_20646	19.143
k79_6847	12.405
k79_11529	8.46335
k79_25107	7.05849
k79_20647	9.4058
k79_15976	14.5898
k79_6848	6.28646
k79_11530	11.563
k79_25108	9.43519
k79_20648	6.34211
k79_34614	11.0573
k79_25109	5.0155
k79_34615	5.89552
k79_25110	6.51087
k79_20649	4.46009
k79_25111	7.26119
k79_34616	5.89535
k79_20650	4.7931
k79_34617	7.36471
k79_34618	3.23
k79_6849	6.29043
k79_20651	4.39781
k79_6850	6.71296
k79_20652	2.40441
k79_6851	6.6875
k79_25112	5.86876
k79_20653	13.8333
k79_34619	4.78368
k79_6852	4.37
k79_34620	3.1087
k79_25113	18.3532
k79_34621	4.09054
k79_25114	3.90826
k79_20654	21.0164
k79_25115	5.01905
k79_34622	4.13768
k79_20655	5.7449
k79_25116	9.46154
k79_25117	4.07317
k79_6853	6.95309
k79_11531	26.2915
k79_25118	2.58621
k79_20656	5.48931
k79_20657	3.12698
k79_25119	4.22709
k79_6854	4.29455
k79_6855	1.47059
k79_15977	6.11455
k79_20658	6.17026
k79_6856	3.5
k79_20659	4.71875
k79_25120	6.16667
k79_6857	5.81203
k79_11532	87.4525
k79_34623	27.6133
k79_25121	1.87368
k79_11533	16.2165
k79_15978	15.7815
k79_25122	3.14094
k79_34624	2.33846
k79_11534	2.69524
k79_20660	8.55039
k79_29558	5.76642
k79_15979	5.97596
k79_20661	5.48182
k79_29559	10.5556
k79_25123	9.24092
k79_15980	8.07339
k79_25124	16.2712
k79_20662	8.13125
k79_15981	6.2234
k79_29560	4.3504
k79_25125	9.06383
k79_20663	2.91837
k79_15982	6.75573
k79_25126	2.7
k79_29561	4.39474
k79_20664	2.38462
k79_29562	4.25
k79_15983	8.56877
k79_25127	8.57239
k79_15984	5.30154
k79_20665	7.40638
k79_29563	5.05843
k79_15985	6.74286
k79_25128	6.54815
k79_29564	4.56614
k79_20666	5.4
k79_15986	10.5581
k79_34625	12.1656
k79_25129	3.88768
k79_20667	3.0
k79_34626	5.09901
k79_15987	13.8178
k79_25130	2.87097
k79_29565	8.41576
k79_20668	4.80606
k79_34627	3.13979
k79_15988	5.22656
k79_29566	10.3333
k79_20669	11.2969
k79_25131	7.23315
k79_29567	2.81437
k79_15989	3.20578
k79_34628	4.17935
k79_20670	3.80597
k79_25132	4.81667
k79_29568	2.60156
k79_15990	4.50617
k79_25133	4.70435
k79_20671	18.6887
k79_2353	5.6089
k79_34629	3.74906
k79_25134	9.44974
k79_34630	3.03911
k79_15991	5.53145
k79_25135	3.55882
k79_34631	10.0103
k79_2354	7.99041
k79_15992	6.58865
k79_25136	6.79577
k79_29569	5.11669
k79_2355	4.35758
k79_20672	9.95362
k79_15993	11.7765
k79_34632	6.49261
k79_20673	5.12209
k79_2356	5.51196
k79_25137	7.26923
k79_15994	6.26549
k79_34633	9.11957
k79_29570	5.5212
k79_20674	10.438
k79_2357	8.32143
k79_34634	3.36646
k79_29571	7.29655
k79_25138	5.5375
k79_2358	10.16
k79_34635	2.55072
k79_29572	5.56897
k79_2359	4.92893
k79_15995	4.72449
k79_29573	5.91011
k79_34636	4.71759
k79_25139	9.06941
k79_15996	3.40376
k79_34637	4.82251
k79_2360	3.17179
k79_25140	4.82337
k79_15997	5.40517
k79_2361	11.5621
k79_29574	6.5581
k79_25141	2.82667
k79_15998	3.83465
k79_29575	5.17763
k79_15999	4.62617
k79_34638	3.98955
k79_2362	4.70978
k79_29576	5.34532
k79_16000	7.09474
k79_25142	4.69963
k79_2363	5.31492
k79_16001	4.88489
k79_25143	2.24436
k79_29577	5.5692
k79_2364	6.6124
k79_34639	7.1025
k79_16002	6.20403
k79_25144	5.09125
k79_2365	2.95082
k79_16003	4.61739
k79_16004	5.54587
k79_16005	6.67416
k79_16006	4.83936
k79_16007	9.20437
k79_2366	10.8017
k79_16008	7.28859
k79_29578	8.51598
k79_34640	7.38362
k79_6858	5.94975
k79_2367	4.99083
k79_29579	3.66667
k79_2368	5.58278
k79_29580	5.15748
k79_34641	9.87826
k79_6859	8.14882
k79_29581	3.36552
k79_29582	13.2804
k79_6860	6.39528
k79_6861	2.85606
k79_2369	4.5981
k79_16009	12.7829
k79_2370	11.8783
k79_34642	8.81967
k79_16010	3.95775
k79_34643	15.264
k79_2371	3.82488
k79_16011	4.42017
k79_34644	5.8756
k79_2372	6.89803
k79_16012	3.14634
k79_34645	3.52941
k79_2373	6.04865
k79_34646	7.07432
k79_16013	11.0739
k79_29583	49.7705
k79_34647	9.7913
k79_16014	4.39286
k79_34648	5.35955
k79_2374	8.39
k79_6862	19.0439
k79_16015	9.95312
k79_34649	3.68889
k79_34650	3.93197
k79_16016	5.77113
k79_6863	5.52817
k79_34651	3.84496
k79_29584	8.31452
k79_11535	42.7045
k79_16017	8.44681
k79_34652	5.65025
k79_29585	3.82778
k79_34653	3.55769
k79_29586	3.07018
k79_16018	10.066
k79_25145	6.38039
k79_11536	17.058
k79_16019	2.25
k79_2375	7.68312
k79_29587	5.62051
k79_6864	9.50709
k79_34654	7.69403
k79_16020	2.78641
k79_25146	4.32028
k79_29588	5.935
k79_16021	5.35606
k79_2376	5.18943
k79_34655	5.71391
k79_25147	9.89286
k79_34656	3.15823
k79_29589	5.81183
k79_2377	4.05525
k79_16022	6.40043
k79_11537	5.85457
k79_29590	6.31532
k79_16023	2.87234
k79_34657	5.35484
k79_2378	6.67164
k79_29591	16.9157
k79_34658	3.19753
k79_11538	3.50622
k79_34659	4.33333
k79_2379	5.6823
k79_25148	8.76387
k79_29592	5.8472
k79_16024	5.91199
k79_34660	11.0795
k79_2380	6.36893
k79_6865	9.92922
k79_29593	11.3873
k79_2381	7.32653
k79_16025	9.2199
k79_6866	1.27612
k79_34661	6.51675
k79_29594	3.52903
k79_11539	16.2197
k79_16026	3.40351
k79_25149	3.24476
k79_6867	5.07595
k79_34662	8.944
k79_29595	15.4066
k79_11540	4.26852
k79_16027	5.10769
k79_25150	5.52419
k79_29596	7.90909
k79_34663	5.85276
k79_6868	2.65591
k79_16028	4.05714
k79_25151	4.096
k79_11541	9.48899
k79_29597	3.96939
k79_16029	9.74157
k79_6869	6.04425
k79_29598	11.9407
k79_34664	5.26962
k79_11542	5.07025
k79_6870	11.4804
k79_25152	6.03429
k79_29599	6.4375
k79_11543	1.86111
k79_6871	6.63436
k79_34665	9.43567
k79_16030	6.74367
k79_29600	11.3962
k79_6872	2.24561
k79_16031	12.787
k79_2382	6.35755
k79_6873	5.17227
k79_29601	6.40857
k79_11544	25.3493
k79_2383	3.86331
k79_29602	3.97674
k79_6874	7.13805
k79_11545	16.0
k79_16032	4.36477
k79_16033	6.67647
k79_6875	3.47975
k79_29603	8.33387
k79_6876	9.29167
k79_29604	8.27879
k79_6877	2.94393
k79_11546	5.38934
k79_29605	4.21637
k79_16034	7.93359
k79_2384	11.6894
k79_11547	6.24336
k79_25153	5.20225
k79_16035	7.82524
k79_11548	7.39175
k79_16036	4.16779
k79_11549	3.5812
k79_25154	10.1659
k79_2385	6.24518
k79_16037	7.57463
k79_25155	6.91339
k79_2386	11.3222
k79_11550	8.37079
k79_2387	4.75735
k79_2388	3.97143
k79_25156	8.28894
k79_11551	9.15311
k79_25157	3.51515
k79_16038	4.32664
k79_25158	4.37634
k79_16039	3.81609
k79_25159	4.06195
k79_16040	3.4087
k79_16041	7.48837
k79_25160	5.86474
k79_16042	7.83992
k79_16043	2.84426
k79_6878	6.2103
k79_16044	4.60638
k79_6879	2.80526
k79_20675	4.82068
k79_25161	7.30722
k79_16045	8.30964
k79_25162	2.69792
k79_20676	4.33071
k79_16046	2.74783
k79_6880	9.03069
k79_16047	3.0
k79_20677	16.5798
k79_11552	6.44089
k79_6881	3.47273
k79_16048	5.38889
k79_11553	2.57692
k79_6882	5.0991
k79_16049	8.81618
k79_20678	6.66869
k79_6883	7.56075
k79_11554	4.8
k79_20679	3.02339
k79_16050	4.69898
k79_6884	4.82576
k79_11555	5.83462
k79_16051	2.68475
k79_6885	7.36789
k79_11556	4.24868
k79_6886	10.1333
k79_16052	7.41778
k79_25163	7.69275
k79_6887	3.22449
k79_16053	7.03371
k79_20680	9.01956
k79_25164	4.31222
k79_16054	6.6918
k79_6888	4.52834
k79_25165	4.51301
k79_20681	6.14139
k79_6889	10.7945
k79_25166	9.35644
k79_11557	4.89981
k79_25167	7.94737
k79_11558	5.33962
k79_11559	7.81761
k79_6890	3.82103
k79_11560	8.95789
k79_6891	2.60714
k79_11561	7.485
k79_25168	6.11492
k79_6892	8.73178
k79_11562	6.55799
k79_25169	4.94211
k79_11563	2.23958
k79_16055	6.15668
k79_29606	7.80691
k79_6893	6.63051
k79_11564	5.79739
k79_16056	2.8589
k79_29607	2.71585
k79_6894	8.03175
k79_16057	6.99259
k79_25170	6.86215
k79_2389	10.1203
k79_29608	3.75244
k79_11565	6.11695
k79_2390	5.73394
k79_25171	3.86076
k79_16058	7.29894
k79_29609	4.17073
k79_2391	5.51042
k79_11566	9.80952
k79_16059	5.77222
k79_11567	5.69886
k79_25172	10.6735
k79_29610	3.22822
k79_16060	6.38261
k79_11568	5.89005
k79_29611	2.24299
k79_16061	8.72868
k79_25173	3.39252
k79_11569	9.0
k79_16062	12.094
k79_11570	3.8022
k79_29612	8.43671
k79_16063	3.91935
k79_25174	8.19615
k79_11571	3.8731
k79_25175	6.1978
k79_29613	5.55024
k79_16064	8.09554
k79_11572	4.66364
k79_29614	4.35741
k79_11573	5.16384
k79_2392	7.9473
k79_16065	9.72599
k79_25176	10.175
k79_11574	7.31452
k79_2393	8.4527
k79_11575	54.9849
k79_2394	4.11628
k79_29615	5.84317
k79_16066	4.54466
k79_29616	9.3797
k79_11576	7.87828
k79_2395	3.99734
k79_29617	10.75
k79_29618	4.09137
k79_11577	5.78899
k79_2396	11.5588
k79_29619	3.10924
k79_16067	12.4167
k79_11578	3.08589
k79_6895	8.53503
k79_16068	4.28873
k79_2397	7.89333
k79_6896	1.73958
k79_16069	2.71429
k79_11579	5.68359
k79_2398	6.8125
k79_16070	3.1875
k79_11580	5.01246
k79_16071	10.8298
k79_6897	3.59806
k79_16072	7.18182
k79_6898	5.84564
k79_11581	4.0765
k79_16073	12.7328
k79_16074	6.21277
k79_11582	13.3109
k79_11583	2.51982
k79_6899	7.06261
k79_11584	11.1532
k79_6900	3.28155
k79_16075	10.1364
k79_6901	4.67782
k79_11585	5.79445
k79_16076	7.7047
k79_6902	5.70068
k79_6903	10.6496
k79_6904	4.22
k79_6905	3.55435
k79_11586	29.7603
k79_16077	8.29131
k79_11587	2.5812
k79_16078	5.67257
k79_6906	5.45628
k79_11588	2.13462
k79_16079	10.9839
k79_11589	10.2376
k79_11590	7.99248
k79_6907	5.64029
k79_16080	4.05837
k79_11591	13.786
k79_6908	4.9726
k79_11592	6.91304
k79_6909	6.15
k79_11593	4.21186
k79_6910	4.78378
k79_11594	4.5614
k79_16081	6.17277
k79_6911	3.32727
k79_16082	2.98913
k79_16083	4.9
k79_6912	6.64552
k79_11595	8.76308
k79_16084	8.00478
k79_6913	6.94495
k79_2399	6.53757
k79_6914	3.83893
k79_16085	5.03137
k79_2400	5.70085
k79_11596	6.10635
k79_2401	7.4513
k79_11597	14.7396
k79_2402	19.4556
k79_25177	5.50435
k79_16086	6.21335
k79_20682	40.4958
k79_16087	2.70922
k79_2403	5.0049
k79_6915	7.10178
k79_16088	2.61017
k79_2404	3.86614
k79_20683	8.59176
k79_2405	3.58015
k79_25178	5.68356
k79_2406	1.8855
k79_20684	5.62681
k79_16089	7.53201
k79_25179	5.08889
k79_2407	3.14851
k79_20685	2.40523
k79_25180	13.1541
k79_29620	41.3032
k79_25181	2.38889
k79_29621	2.64583
k79_2408	6.49229
k79_29622	5.05882
k79_29623	7.44444
k79_29624	8.92174
k79_25182	6.61375
k79_29625	8.88776
k79_25183	7.19626
k79_16090	37.3606
k79_29626	4.64968
k79_20686	14.4211
k79_2409	6.14326
k79_16091	4.10701
k79_25184	28.9048
k79_20687	4.27027
k79_2410	7.1371
k79_25185	3.3252
k79_2411	3.89899
k79_16092	8.39056
k79_29627	13.2583
k79_16093	5.14876
k79_2412	5.22308
k79_20688	5.3
k79_16094	6.14184
k79_2413	10.4619
k79_16095	5.57432
k79_29628	19.8348
k79_2414	3.11429
k79_16096	4.77515
k79_6916	6.59195
k79_29629	5.7651
k79_2415	3.5
k79_29630	6.48624
k79_2416	15.0415
k79_29631	16.6149
k79_6917	8.8961
k79_16097	11.6506
k79_2417	7.51149
k79_29632	3.34731
k79_34666	46.225
k79_2418	8.26111
k79_29633	1.85577
k79_16098	7.15957
k79_25186	8.04071
k79_34667	8.60274
k79_25187	3.37234
k79_16099	10.2821
k79_6918	4.30516
k79_29634	14.5469
k79_2419	9.23823
k79_34668	4.53535
k79_25188	10.0288
k79_29635	2.45614
k79_6919	8.69014
k79_2420	6.46243
k79_6920	3.1269
k79_25189	5.1004
k79_34669	8.9005
k79_2421	5.08876
k79_29636	2.43119
k79_34670	13.396
k79_6921	9.64088
k79_6922	2.47423
k79_29637	6.0053
k79_25190	5.68518
k79_6923	11.0958
k79_2422	6.10414
k79_25191	2.67284
k79_6924	4.22581
k79_29638	5.10959
k79_16100	8.83517
k79_2423	5.83258
k79_25192	3.16364
k79_6925	8.39713
k79_2424	3.84677
k79_29639	6.89071
k79_6926	3.98182
k79_29640	4.0303
k79_25193	6.13333
k79_6927	2.97778
k79_25194	5.65306
k79_29641	4.76549
k79_6928	3.91329
k79_25195	6.41479
k79_34671	9.25622
k79_6929	15.1737
k79_25196	4.48649
k79_16101	5.20982
k79_6930	4.31638
k79_34672	9.36478
k79_25197	8.66567
k79_34673	10.45
k79_6931	3.64057
k79_25198	6.18269
k79_34674	6.45665
k79_16102	9.35341
k79_6932	2.5
k79_25199	4.70755
k79_16103	9.39865
k79_25200	7.2314
k79_6933	5.97128
k79_16104	4.51464
k79_25201	3.30802
k79_16105	3.78218
k79_6934	4.01351
k79_16106	1.61207
k79_6935	4.30882
k79_25202	3.4424
k79_16107	6.81579
k79_6936	3.62755
k79_16108	4.86624
k79_25203	7.36612
k79_25204	3.26776
k79_16109	5.95633
k79_34675	8.03848
k79_25205	3.0198
k79_16110	7.40179
k79_25206	17.7474
k79_6937	9.61141
k79_25207	15.5321
k79_20689	6.99569
k79_34676	3.72774
k79_20690	7.65789
k79_34677	7.12593
k79_16111	4.78089
k79_16112	3.65657
k79_20691	4.43686
k79_25208	72.2847
k79_34678	6.16792
k79_20692	4.02116
k79_34679	3.68276
k79_20693	9.47423
k79_34680	4.45192
k79_25209	4.50433
k79_20694	3.14793
k79_34681	4.58621
k79_25210	3.21053
k79_16113	11.7693
k79_34682	3.98174
k79_25211	2.83178
k79_34683	4.85062
k79_20695	8.50228
k79_25212	7.56209
k79_20696	2.50562
k79_25213	4.5082
k79_20697	3.25664
k79_16114	5.4451
k79_34684	4.97201
k79_20698	4.46535
k79_34685	2.81208
k79_25214	4.01342
k79_20699	9.73667
k79_25215	6.23404
k79_34686	12.6531
k79_20700	2.80233
k79_34687	9.76571
k79_25216	8.97549
k79_20701	9.12602
k79_2425	44.4237
k79_34688	3.6474
k79_20702	6.56213
k79_25217	3.68342
k79_2426	12.0085
k79_20703	5.84416
k79_34689	3.62295
k79_25218	13.3333
k79_34690	2.84426
k79_2427	5.39444
k79_25219	4.7551
k79_20704	4.59859
k79_34691	3.96855
k79_2428	4.87342
k79_20705	4.03061
k79_25220	4.2894
k79_25221	2.49138
k79_20706	4.7194
k79_34692	7.56306
k79_2429	5.37919
k79_25222	2.7076
k79_20707	4.65789
k79_20708	4.128
k79_25223	9.66111
k79_2430	6.65868
k79_34693	5.16142
k79_25224	5.60784
k79_2431	9.85915
k79_20709	6.17838
k79_20710	6.86127
k79_25225	5.39699
k79_20711	4.29167
k79_25226	3.5
k79_2432	6.0659
k79_16115	49.6192
k79_25227	9.51269
k79_2433	5.184
k79_29642	49.4679
k79_25228	4.92262
k79_16116	5.88043
k79_34694	13.1604
k79_16117	4.83019
k79_25229	4.59504
k79_2434	7.43646
k79_34695	9.57983
k79_20712	3.22912
k79_16118	2.61789
k79_29643	5.37879
k79_34696	14.1391
k79_2435	3.42
k79_25230	5.85616
k79_16119	5.44681
k79_20713	4.76238
k79_6938	9.2757
k79_25231	3.87611
k79_2436	7.31707
k79_34697	6.15247
k79_16120	5.45178
k79_25232	2.5641
k79_6939	5.45912
k79_34698	4.40404
k79_16121	5.27624
k79_2437	5.20909
k79_34699	3.52593
k79_25233	4.26693
k79_16122	2.68932
k79_34700	3.21769
k79_29644	42.3344
k79_16123	2.82648
k79_29645	8.73965
k79_16124	5.45
k79_34701	6.48299
k79_16125	2.43386
k79_25234	53.5079
k79_29646	12.2635
k79_16126	5.60305
k79_34702	4.15596
k79_25235	3.76682
k79_34703	6.96
k79_16127	3.74146
k79_25236	11.9126
k79_29647	5.64732
k79_25237	7.76364
k79_16128	3.30496
k79_34704	3.31513
k79_34705	1.72449
k79_29648	9.09417
k79_25238	6.54774
k79_34706	9.65979
k79_16129	5.46277
k79_29649	4.53846
k79_25239	3.59777
k79_34707	8.61386
k79_29650	8.73786
k79_16130	5.08187
k79_20714	2.64286
k79_34708	7.12346
k79_29651	4.49194
k79_34709	4.26531
k79_29652	5.32203
k79_25240	8.96205
k79_34710	3.73427
k79_29653	12.2541
k79_34711	2.08889
k79_25241	2.78
k79_20715	6.35331
k79_25242	14.708
k79_16131	6.49603
k79_20716	3.47009
k79_29654	3.10714
k79_2438	5.01311
k79_34712	4.78486
k79_25243	3.48673
k79_29655	6.21951
k79_16132	6.23636
k79_2439	5.0
k79_20717	7.73399
k79_16133	5.6763
k79_25244	5.09732
k79_29656	8.01481
k79_20718	6.9717
k79_2440	5.67286
k79_25245	4.15929
k79_2441	5.5625
k79_34713	8.03634
k79_2442	10.7865
k79_34714	3.82407
k79_25246	8.02105
k79_29657	5.64967
k79_20719	7.81511
k79_34715	2.06383
k79_2443	5.09709
k79_29658	2.61481
k79_34716	3.41935
k79_25247	6.1118
k79_29659	5.81132
k79_34717	7.68571
k79_2444	6.16199
k79_16134	17.2434
k79_34718	3.1875
k79_20720	7.47547
k79_34719	5.81818
k79_20721	3.39175
k79_34720	8.33333
k79_16135	10.9134
k79_16136	5.72414
k79_25248	8.88825
k79_20722	4.88324
k79_34721	3.66995
k79_29660	8.39011
k79_25249	5.15152
k79_16137	4.37288
k79_34722	3.95455
k79_16138	2.61078
k79_20723	3.11597
k79_2445	8.3678
k79_16139	3.89791
k79_2446	25.5876
k79_34723	12.6244
k79_20724	7.69937
k79_16140	4.40071
k79_34724	5.22086
k79_29661	5.14071
k79_29662	2.82569
k79_20725	8.32816
k79_29663	5.42553
k79_2447	7.6336
k79_29664	5.11
k79_20726	4.79558
k79_2448	4.62661
k79_20727	5.31066
k79_2449	15.8702
k79_6940	42.2286
k79_20728	4.49485
k79_2450	2.89928
k79_20729	7.54945
k79_6941	7.14453
k79_2451	2.84615
k79_16141	12.93
k79_34725	43.7076
k79_20730	8.45789
k79_2452	5.37634
k79_16142	5.50679
k79_20731	6.82353
k79_6942	3.74336
k79_25250	8.41208
k79_20732	2.7156
k79_2453	17.8082
k79_34726	4.05896
k79_6943	5.01478
k79_16143	10.4984
k79_11598	47.6257
k79_34727	4.9322
k79_2454	4.96178
k79_6944	5.91667
k79_16144	6.2
k79_34728	4.17778
k79_11599	3.27206
k79_20733	7.70081
k79_6945	4.95349
k79_16145	3.29016
k79_20734	3.625
k79_11600	4.44253
k79_16146	7.30233
k79_20735	8.7052
k79_11601	5.55263
k79_6946	7.7372
k79_29665	10.5685
k79_16147	4.42593
k79_20736	3.4963
k79_11602	1.76829
k79_29666	18.3
k79_6947	8.80117
k79_20737	3.7378
k79_6948	2.77165
k79_16148	9.07962
k79_11603	3.46875
k79_20738	4.78916
k79_6949	8.44149
k79_2455	7.19014
k79_11604	11.8317
k79_16149	5.11111
k79_20739	5.02083
k79_16150	4.85308
k79_20740	10.4444
k79_29667	13.6988
k79_11605	3.81492
k79_6950	7.56635
k79_34729	4.96057
k79_2456	4.30926
k79_20741	4.38122
k79_34730	41.422
k79_29668	8.84906
k79_2457	4.24468
k79_6951	5.85612
k79_34731	10.0102
k79_11606	6.05828
k79_20742	3.37158
k79_6952	5.40566
k79_20743	1.77143
k79_6953	4.90533
k79_29669	5.10515
k79_11607	6.80405
k79_34732	5.89231
k79_6954	2.20253
k79_16151	7.34982
k79_29670	8.2013
k79_6955	2.53333
k79_20744	9.76421
k79_29671	4.86765
k79_11608	5.74913
k79_16152	8.37619
k79_34733	5.96898
k79_29672	5.53788
k79_11609	4.55147
k79_6956	8.61925
k79_16153	5.54545
k79_20745	7.30427
k79_11610	6.13534
k79_29673	3.0
k79_34734	4.39825
k79_11611	7.66225
k79_6957	7.1863
k79_34735	10.469
k79_20746	10.3689
k79_29674	10.0106
k79_34736	3.92667
k79_6958	8.37716
k79_20747	3.36111
k79_25251	4.20968
k79_29675	5.25824
k79_11612	9.79518
k79_25252	6.20732
k79_34737	4.22632
k79_29676	3.97037
k79_25253	6.41489
k79_2458	10.3003
k79_34738	8.94737
k79_34739	4.42771
k79_25254	10.3199
k79_16154	9.03581
k79_29677	6.71981
k79_2459	8.27037
k79_25255	5.57565
k79_34740	10.2835
k79_16155	10.0858
k79_2460	3.63436
k79_34741	4.09664
k79_16156	5.04928
k79_11613	5.04551
k79_34742	4.78613
k79_25256	8.46726
k79_2461	7.48479
k79_16157	5.15569
k79_34743	6.84783
k79_25257	3.73643
k79_11614	8.15122
k79_2462	3.57333
k79_25258	10.8431
k79_11615	7.63281
k79_34744	5.24723
k79_2463	2.0916
k79_11616	4.91367
k79_2464	3.8125
k79_34745	9.71094
k79_16158	14.8617
k79_25259	3.7459
k79_11617	9.08889
k79_2465	4.8972
k79_34746	5.04167
k79_29678	9.45692
k79_25260	3.80612
k79_11618	2.90909
k79_34747	5.68199
k79_29679	4.30021
k79_11619	4.55911
k79_34748	4.20755
k79_29680	5.29858
k79_11620	3.21774
k79_16159	5.15538
k79_11621	4.95763
k79_25261	8.89085
k79_2466	7.71234
k79_29681	6.79197
k79_16160	4.5461
k79_2467	5.08559
k79_11622	6.80769
k79_25262	6.69776
k79_29682	6.35156
k79_16161	2.73659
k79_2468	6.02013
k79_29683	4.53719
k79_11623	4.75484
k79_29684	12.1552
k79_16162	6.24145
k79_11624	2.90868
k79_2469	4.65869
k79_11625	4.28022
k79_16163	5.48472
k79_29685	5.79752
k79_16164	5.70423
k79_2470	6.53812
k79_2471	9.71901
k79_29686	2.57981
k79_6959	4.78707
k79_29687	4.6599
k79_25263	7.17621
k79_6960	3.57102
k79_29688	6.97895
k79_6961	3.92715
k79_2472	6.18621
k79_29689	5.15049
k79_11626	11.0683
k79_6962	4.13869
k79_29690	1.78571
k79_2473	5.45294
k79_6963	4.18447
k79_2474	3.45098
k79_29691	3.41401
k79_11627	7.57051
k79_6964	5.07634
k79_2475	3.18987
k79_6965	6.27778
k79_2476	8.85149
k79_29692	5.52926
k79_11628	6.43038
k79_6966	4.01515
k79_2477	11.6726
k79_20748	9.84058
k79_29693	3.52941
k79_6967	4.25
k79_2478	5.90152
k79_25264	7.21107
k79_29694	5.77174
k79_6968	8.60403
k79_20749	2.81548
k79_2479	1.81373
k79_29695	3.94241
k79_25265	9.83019
k79_20750	3.66372
k79_2480	2.89247
k79_29696	3.08917
k79_20751	6.15819
k79_2481	4.89911
k79_6969	8.2122
k79_25266	7.51577
k79_2482	7.83051
k79_29697	4.50713
k79_25267	6.04444
k79_29698	14.5759
k79_20752	8.16051
k79_6970	7.13832
k79_25268	5.05702
k79_29699	5.76534
k79_20753	6.72152
k79_25269	2.31852
k79_6971	5.01282
k79_29700	6.0274
k79_25270	2.82727
k79_29701	3.30726
k79_2483	16.0994
k79_6972	5.92871
k79_2484	2.75221
k79_29702	5.10927
k79_25271	5.14725
k79_2485	6.90179
k79_25272	9.20755
k79_29703	8.29834
k79_25273	2.95122
k79_2486	4.24444
k79_25274	4.13889
k79_20754	11.2003
k79_6973	7.39649
k79_29704	7.02426
k79_2487	12.9143
k79_6974	4.06711
k79_29705	3.9708
k79_20755	7.8101
k79_6975	7.0885
k79_2488	5.07958
k79_29706	10.7852
k79_25275	7.8507
k79_20756	4.50323
k79_2489	4.52252
k79_29707	3.70213
k79_6976	7.05036
k79_2490	7.55063
k79_29708	3.84733
k79_25276	4.92283
k79_6977	4.78676
k79_2491	8.13846
k79_29709	8.67347
k79_34749	3.33088
k79_25277	4.6867
k79_20757	6.77878
k79_2492	8.55789
k79_29710	4.26531
k79_6978	7.96512
k79_2493	3.14286
k79_29711	7.89916
k79_20758	7.18868
k79_34750	5.11502
k79_2494	1.97253
k79_29712	6.85238
k79_2495	1.72826
k79_34751	3.97561
k79_6979	85.9981
k79_29713	5.85217
k79_25278	7.80851
k79_2496	3.56122
k79_34752	7.96078
k79_29714	5.8
k79_25279	4.72414
k79_6980	3.86383
k79_2497	9.91406
k79_34753	3.65041
k79_20759	6.3986
k79_6981	5.68182
k79_2498	2.69588
k79_25280	7.44291
k79_20760	2.7735
k79_29715	4.78201
k79_25281	3.00526
k79_2499	4.07905
k79_34754	6.73922
k79_20761	2.79825
k79_6982	12.7026
k79_2500	7.92
k79_29716	6.33457
k79_11629	6.54086
k79_34755	3.56977
k79_20762	7.75622
k79_2501	9.30147
k79_29717	8.47863
k79_20763	3.5102
k79_25282	3.28261
k79_11630	5.04667
k79_34756	2.3908
k79_6983	11.7143
k79_2502	4.27619
k79_16165	8.2459
k79_34757	2.76923
k79_11631	4.4589
k79_29718	10.7539
k79_16166	6.86667
k79_20764	9.7384
k79_2503	5.91866
k79_11632	8.39542
k79_34758	3.03774
k79_20765	5.08333
k79_2504	4.53546
k79_29719	6.95709
k79_20766	4.85985
k79_34759	3.48305
k79_11633	3.00975
k79_16167	8.17364
k79_29720	10.5856
k79_34760	3.21545
k79_11634	25.8343
k79_34761	3.61468
k79_29721	3.69143
k79_11635	3.30348
k79_20767	6.38704
k79_2505	5.89586
k79_16168	4.38876
k79_29722	24.0992
k79_34762	4.08696
k79_11636	2.2549
k79_20768	3.98936
k79_2506	2.91489
k79_29723	3.66477
k79_34763	3.76866
k79_20769	8.02308
k79_2507	4.53448
k79_11637	4.1791
k79_20770	9.1157
k79_2508	7.23762
k79_29724	4.84211
k79_11638	6.77857
k79_34764	4.72705
k79_11639	4.16667
k79_16169	20.4444
k79_34765	2.875
k79_34766	2.344
k79_16170	2.975
k79_11640	3.93629
k79_16171	4.88462
k79_11641	7.35
k79_34767	5.83879
k79_2509	8.89066
k79_34768	6.30435
k79_29725	11.4082
k79_2510	4.85641
k79_11642	9.32779
k79_16172	5.87638
k79_34769	4.00629
k79_2511	6.24576
k79_29726	4.93548
k79_11643	9.6087
k79_2512	5.0283
k79_29727	3.99422
k79_34770	8.05303
k79_16173	7.39898
k79_11644	11.2773
k79_29728	3.51579
k79_2513	4.71255
k79_11645	3.39316
k79_16174	5.54229
k79_34771	6.57278
k79_2514	4.97419
k79_29729	6.5364
k79_11646	4.13441
k79_2515	5.23529
k79_16175	5.20645
k79_34772	3.89937
k79_29730	4.60674
k79_16176	7.18954
k79_29731	6.31897
k79_34773	3.04054
k79_16177	5.10753
k79_29732	4.025
k79_16178	3.28866
k79_11647	11.8276
k79_34774	6.98324
k79_2516	6.21536
k79_29733	5.43636
k79_16179	9.22436
k79_2517	6.32414
k79_29734	58.6605
k79_16180	4.68067
k79_11648	5.76351
k79_2518	12.7572
k79_29735	6.79167
k79_34775	10.1596
k79_34776	6.16935
k79_11649	3.54785
k79_34777	6.21296
k79_2519	7.36176
k79_11650	13.6593
k79_34778	3.29365
k79_11651	3.33
k79_2520	4.68927
k79_11652	5.33708
k79_34779	15.0
k79_2521	7.71963
k79_11653	5.36054
k79_34780	7.41615
k79_2522	3.06107
k79_11654	2.04673
k79_34781	4.34434
k79_2523	3.64082
k79_34782	7.57616
k79_11655	14.9333
k79_34783	3.39738
k79_11656	8.31707
k79_2524	5.92786
k79_34784	1.87629
k79_34785	3.752
k79_34786	4.16071
k79_2525	9.7479
k79_11657	4.83927
k79_34787	6.70476
k79_2526	8.15957
k79_11658	5.43814
k79_34788	3.23276
k79_11659	5.55738
k79_25283	5.66321
k79_11660	5.52454
k79_25284	8.9927
k79_25285	4.63793
k79_25286	3.37121
k79_34789	5.02045
k79_11661	6.66736
k79_25287	8.36667
k79_34790	10.7704
k79_11662	4.55597
k79_2527	67.9791
k79_34791	6.19355
k79_11663	6.91538
k79_6984	9.62879
k79_25288	3.6105
k79_11664	6.20213
k79_6985	5.06931
k79_25289	14.0311
k79_11665	4.87705
k79_20771	4.28418
k79_6986	10.8802
k79_25290	3.83448
k79_34792	8.43205
k79_20772	6.24194
k79_6987	4.27103
k79_6988	3.78947
k79_20773	4.95652
k79_34793	45.2258
k79_20774	4.72277
k79_11666	8.01223
k79_6989	3.66383
k79_20775	3.38542
k79_34794	10.474
k79_25291	9.23162
k79_25292	3.12632
k79_6990	4.03465
k79_25293	3.22772
k79_6991	3.6701
k79_25294	12.2246
k79_34795	5.7711
k79_25295	3.61682
k79_6992	9.69748
k79_11667	8.29955
k79_29736	5.68935
k79_34796	15.4803
k79_34797	4.08738
k79_25296	5.94291
k79_29737	5.95059
k79_25297	6.1413
k79_29738	3.58407
k79_25298	4.61765
k79_6993	7.87399
k79_29739	4.85946
k79_20776	57.6611
k79_6994	19.5203
k79_29740	2.68067
k79_25299	5.72781
k79_34798	8.36763
k79_20777	5.24425
k79_25300	4.41071
k79_29741	3.375
k79_34799	8.4532
k79_20778	4.22131
k79_25301	4.47059
k79_34800	2.97917
k79_29742	9.88587
k79_11668	17.7798
k79_29743	3.31915
k79_20779	16.068
k79_34801	6.53143
k79_25302	5.46121
k79_20780	5.12403
k79_29744	7.22941
k79_20781	10.1141
k79_29745	7.07246
k79_11669	5.22907
k79_34802	6.40713
k79_29746	12.56
k79_11670	3.4759
k79_20782	3.52996
k79_11671	6.63721
k79_34803	14.8249
k79_11672	6.06034
k79_29747	9.32993
k79_34804	3.51802
k79_34805	5.8835
k79_11673	10.7214
k79_29748	2.61386
k79_20783	5.20868
k79_6995	57.0128
k79_20784	4.76226
k79_6996	4.25843
k79_20785	5.54264
k79_34806	4.24138
k79_11674	10.7375
k79_6997	4.176
k79_20786	5.05455
k79_11675	6.33929
k79_29749	4.68196
k79_2528	10.928
k79_11676	3.04396
k79_29750	3.11565
k79_2529	7.47368
k79_11677	4.11382
k79_2530	11.7411
k79_34807	7.34225
k79_11678	2.80769
k79_29751	7.21622
k79_2531	5.46753
k79_20787	12.2292
k79_11679	3.54701
k79_6998	2.82353
k79_20788	5.6478
k79_2532	3.26871
k79_11680	6.26957
k79_34808	10.1193
k79_2533	4.64835
k79_34809	4.08911
k79_20789	4.74783
k79_34810	7.78125
k79_20790	2.04795
k79_2534	10.3014
k79_34811	4.20601
k79_6999	6.79064
k79_20791	5.94545
k79_7000	2.38889
k79_2535	12.1912
k79_20792	10.9638
k79_7001	3.82222
k79_2536	7.80108
k79_34812	8.73421
k79_7002	3.70659
k79_34813	4.31008
k79_7003	3.04375
k79_2537	3.50857
k79_34814	9.44118
k79_7004	6.20833
k79_25303	91.7434
k79_34815	6.35772
k79_7005	3.39583
k79_2538	7.08772
k79_34816	2.82292
k79_7006	5.99061
k79_34817	3.76471
k79_25304	4.3317
k79_25305	3.94444
k79_20793	7.9692
k79_11681	9.41393
k79_2539	9.72797
k79_25306	4.56962
k79_11682	4.2013
k79_2540	5.20879
k79_20794	6.75822
k79_2541	12.3394
k79_34818	10.3159
k79_11683	7.40103
k79_25307	3.07299
k79_34819	2.275
k79_20795	7.35686
k79_25308	3.63559
k79_7007	6.2956
k79_11684	7.84868
k79_25309	4.56522
k79_11685	4.42373
k79_20796	3.5599
k79_2542	3.82013
k79_7008	4.1567
k79_34820	13.7442
k79_2543	4.70922
k79_34821	3.63158
k79_11686	7.62278
k79_7009	4.1773
k79_20797	4.72257
k79_34822	5.52747
k79_11687	3.72845
k79_34823	3.31746
k79_20798	4.82692
k79_11688	3.48361
k79_34824	7.07451
k79_2544	11.9102
k79_20799	3.76327
k79_34825	4.39024
k79_20800	3.39024
k79_2545	1.94915
k79_7010	10.7734
k79_29752	44.5672
k79_34826	10.0051
k79_20801	3.30392
k79_7011	7.06
k79_34827	4.97009
k79_20802	3.49074
k79_29753	5.33229
k79_7012	11.5592
k79_2546	7.60437
k79_34828	3.45912
k79_7013	9.23077
k79_20803	6.08286
k79_11689	31.914
k79_2547	10.8843
k79_7014	7.0042
k79_20804	5.95802
k79_2548	4.55649
k79_7015	12.0505
k79_2549	3.16774
k79_20805	3.03774
k79_7016	5.64088
k79_29754	6.92703
k79_2550	7.07353
k79_7017	3.62264
k79_11690	4.9521
k79_7018	17.3407
k79_34829	10.5777
k79_29755	5.4084
k79_2551	8.69818
k79_34830	4.1422
k79_2552	5.48148
k79_34831	3.56383
k79_29756	6.37255
k79_20806	9.0266
k79_11691	6.9225
k79_29757	3.26733
k79_7019	6.8281
k79_20807	7.73799
k79_2553	5.31136
k79_20808	2.95604
k79_7020	5.82561
k79_2554	5.82166
k79_29758	11.7685
k79_11692	7.18058
k79_7021	2.79012
k79_29759	4.1465
k79_7022	2.32773
k79_11693	4.45977
k79_20809	5.613
k79_7023	6.58651
k79_34832	8.17178
k79_20810	3.76875
k79_11694	9.31657
k79_2555	5.45443
k79_7024	8.21
k79_34833	2.36283
k79_20811	5.16522
k79_34834	7.33696
k79_7025	2.74834
k79_2556	5.91707
k79_20812	4.43322
k79_7026	9.66441
k79_2557	3.77978
k79_34835	10.2262
k79_7027	5.76471
k79_20813	7.21725
k79_34836	5.91121
k79_20814	4.46061
k79_16181	57.5925
k79_2558	9.53477
k79_11695	8.83589
k79_20815	4.43439
k79_7028	10.9905
k79_16182	6.97119
k79_34837	10.209
k79_11696	10.0179
k79_2559	6.05505
k79_7029	4.42935
k79_16183	13.7581
k79_34838	5.43033
k79_7030	6.84783
k79_2560	6.63736
k79_29760	9.94167
k79_16184	6.6746
k79_34839	4.69595
k79_7031	9.01266
k79_11697	13.6076
k79_16185	7.52349
k79_7032	4.26923
k79_11698	4.2844
k79_11699	4.24242
k79_16186	6.27863
k79_29761	8.64748
k79_7033	3.44516
k79_7034	2.62712
k79_29762	3.37931
k79_11700	4.67939
k79_16187	10.2705
k79_34840	6.81981
k79_7035	4.17511
k79_34841	7.30357
k79_29763	10.7248
k79_7036	2.88608
k79_11701	6.31594
k79_34842	4.38202
k79_25310	48.1677
k79_29764	4.48673
k79_34843	6.30667
k79_25311	5.30769
k79_29765	2.75086
k79_7037	5.91824
k79_29766	3.584
k79_11702	5.19434
k79_29767	4.49474
k79_16188	11.5345
k79_11703	6.82622
k79_11704	4.95652
k79_29768	10.0272
k79_25312	7.98112
k79_16189	5.69293
k79_25313	2.05405
k79_11705	5.03684
k79_16190	6.41935
k79_29769	6.18518
k79_25314	9.56
k79_11706	5.51111
k79_25315	6.50435
k79_16191	3.13125
k79_16192	5.24731
k79_16193	3.46707
k79_29770	10.6401
k79_25316	8.75669
k79_29771	4.03571
k79_7038	18.7063
k79_25317	3.72
k79_16194	4.34632
k79_11707	13.5054
k79_29772	5.53191
k79_16195	4.63333
k79_11708	3.62376
k79_7039	9.01402
k79_11709	5.68518
k79_7040	3.37037
k79_16196	4.0
k79_29773	11.7308
k79_11710	5.06195
k79_7041	10.0385
k79_20816	5.72787
k79_11711	4.92135
k79_25318	5.45466
k79_20817	4.50427
k79_29774	4.97442
k79_25319	4.98137
k79_20818	6.06475
k79_11712	3.38095
k79_7042	5.77703
k79_25320	2.36458
k79_29775	3.86607
k79_11713	7.55782
k79_11714	10.6931
k79_7043	5.83587
k79_20819	4.54451
k79_2561	57.5754
k79_34844	5.01695
k79_7044	9.05128
k79_20820	1.58503
k79_34845	4.632
k79_25321	7.30918
k79_2562	7.13613
k79_20821	9.5
k79_25322	4.44248
k79_34846	3.42105
k79_20822	5.9802
k79_2563	7.6015
k79_25323	2.504
k79_2564	4.64045
k79_20823	3.61905
k79_7045	5.78309
k79_29776	7.6753
k79_25324	7.48077
k79_16197	5.9823
k79_11715	4.46847
k79_7046	4.91613
k79_2565	5.68041
k79_29777	5.15104
k79_25325	4.44037
k79_7047	3.69065
k79_16198	4.00559
k79_29778	15.1743
k79_7048	11.86
k79_16199	2.79839
k79_11716	6.83047
k79_25326	6.11583
k79_2566	7.60566
k79_7049	8.79839
k79_29779	2.32278
k79_25327	5.41026
k79_11717	8.65986
k79_11718	4.4486
k79_25328	5.01575
k79_7050	2.94248
k79_16200	3.15496
k79_2567	6.05102
k79_29780	4.15479
k79_11719	3.97884
k79_16201	3.94531
k79_2568	7.24
k79_11720	3.26446
k79_16202	8.58065
k79_2569	7.08197
k79_7051	7.63466
k79_11721	3.96825
k79_16203	5.18357
k79_29781	9.93066
k79_7052	5.95858
k79_11722	5.06468
k79_2570	3.56927
k79_16204	9.60776
k79_29782	6.83125
k79_2571	2.42268
k79_16205	2.14062
k79_29783	4.09767
k79_11723	4.61373
k79_7053	6.29858
k79_29784	5.7033
k79_2572	4.14525
k79_29785	3.3211
k79_16206	5.7484
k79_25329	27.1931
k79_2573	5.73423
k79_11724	11.3631
k79_29786	5.42647
k79_16207	5.02381
k79_2574	3.77885
k79_11725	2.94118
k79_29787	4.66304
k79_2575	2.10989
k79_11726	6.26923
k79_29788	3.14388
k79_25330	8.40091
k79_2576	2.88571
k79_16208	6.52464
k79_7054	35.6147
k79_29789	3.96907
k79_25331	7.77228
k79_11727	4.5
k79_2577	2.60163
k79_16209	4.75934
k79_2578	5.98007
k79_16210	3.9213
k79_34847	3.39216
k79_11728	2.9403
k79_34848	4.33562
k79_16211	6.8147
k79_34849	2.95098
k79_2579	10.5414
k79_11729	6.08524
k79_16212	3.57277
k79_2580	3.08
k79_11730	4.1087
k79_16213	4.59487
k79_2581	4.07914
k79_34850	5.61934
k79_25332	10.431
k79_7055	7.04725
k79_2582	4.34091
k79_16214	3.5736
k79_25333	4.93143
k79_7056	7.55556
k79_34851	9.28803
k79_25334	5.0
k79_7057	1.92553
k79_34852	4.13913
k79_16215	5.05576
k79_11731	10.9266
k79_34853	2.18478
k79_2583	3.36175
k79_25335	7.39689
k79_29790	6.76747
k79_16216	5.96923
k79_11732	3.83092
k79_16217	8.75455
k79_25336	27.6758
k79_29791	5.20849
k79_2584	11.8771
k79_16218	2.09948
k79_25337	10.0523
k79_29792	1.6129
k79_11733	5.48082
k79_2585	2.72222
k79_29793	3.49565
k79_11734	8.80672
k79_25338	4.74296
k79_2586	4.93548
k79_25339	7.51852
k79_11735	2.69145
k79_16219	5.35559
k79_25340	2.79279
k79_11736	6.76531
k79_2587	5.77926
k79_29794	4.06154
k79_16220	5.98485
k79_2588	3.75949
k79_25341	5.94304
k79_29795	6.78378
k79_16221	6.64516
k79_25342	6.90728
k79_34854	7.10394
k79_29796	8.56835
k79_16222	2.18103
k79_25343	3.32258
k79_29797	7.46311
k79_16223	5.38577
k79_29798	4.30939
k79_34855	11.1202
k79_25344	5.72581
k79_34856	3.65138
k79_29799	9.80068
k79_25345	10.7767
k79_34857	3.94643
k79_7058	6.89714
k79_20824	4.8
k79_25346	3.34286
k79_7059	2.60177
k79_20825	3.66438
k79_25347	3.73653
k79_20826	4.43307
k79_29800	7.69941
k79_2589	8.79268
k79_34858	4.6025
k79_2590	4.32719
k79_25348	5.89967
k79_20827	3.69182
k79_34859	2.73134
k79_20828	2.8835
k79_25349	6.64734
k79_11737	7.02578
k79_34860	4.45669
k79_2591	8.67614
k79_20829	6.08163
k79_11738	3.15263
k79_25350	5.48667
k79_34861	6.6
k79_20830	2.49215
k79_2592	7.60563
k79_11739	5.53804
k79_25351	4.76496
k79_34862	6.62857
k79_25352	2.90678
k79_11740	7.15721
k79_20831	4.88215
k79_29801	11.7458
k79_20832	20.1875
k79_34863	4.18313
k79_11741	8.89486
k79_29802	6.32
k79_20833	5.7592
k79_34864	10.7675
k79_20834	3.81739
k79_29803	10.7339
k79_34865	3.99471
k79_20835	4.28346
k79_11742	7.50402
k79_34866	9.44444
k79_29804	7.53143
k79_34867	8.13461
k79_20836	4.45856
k79_34868	11.8966
k79_11743	9.21029
k79_34869	6.344
k79_2593	9.99427
k79_29805	4.95536
k79_25353	8.52754
k79_34870	2.71111
k79_11744	10.1749
k79_29806	4.28866
k79_2594	4.82258
k79_25354	5.57812
k79_34871	4.8408
k79_7060	2.46104
k79_7061	4.95506
k79_2595	9.24503
k79_34872	7.27407
k79_11745	6.31433
k79_34873	2.31461
k79_2596	7.87597
k79_29807	11.8493
k79_11746	2.14504
k79_7062	2.53939
k79_34874	4.45255
k79_2597	5.45638
k79_11747	3.75893
k79_29808	4.2782
k79_34875	12.9011
k79_7063	4.5627
k79_2598	8.99371
k79_11748	8.96835
k79_2599	4.45745
k79_7064	9.30864
k79_29809	5.38306
k79_7065	2.97778
k79_29810	13.7101
k79_11749	4.84706
k79_34876	13.0111
k79_7066	5.78199
k79_29811	3.83735
k79_2600	8.16109
k79_11750	9.59398
k79_2601	8.5137
k79_29812	3.50932
k79_7067	3.06742
k79_2602	3.33566
k79_11751	4.39904
k79_29813	5.09231
k79_7068	12.7396
k79_2603	11.8387
k79_11752	2.75773
k79_34877	7.91979
k79_7069	7.32203
k79_34878	9.35354
k79_7070	2.69545
k79_29814	7.30669
k79_34879	8.01587
k79_29815	2.06863
k79_2604	8.19793
k79_7071	6.85789
k79_11753	10.6704
k79_29816	6.85256
k79_2605	2.00862
k79_34880	3.25564
k79_7072	5.21277
k79_2606	5.1129
k79_16224	13.298
k79_7073	7.26174
k79_29817	3.78059
k79_29818	2.76596
k79_7074	3.92568
k79_16225	6.68443
k79_2607	3.57545
k79_29819	1.75758
k79_25355	19.7952
k79_16226	2.3956
k79_7075	6.05396
k79_25356	5.02041
k79_29820	10.1667
k79_34881	9.62339
k79_29821	5.33333
k79_25357	5.65089
k79_34882	1.70968
k79_29822	8.66667
k79_25358	4.04412
k79_7076	4.12646
k79_16227	4.92999
k79_25359	7.08333
k79_29823	8.78056
k79_29824	3.38144
k79_34883	10.4642
k79_16228	14.8339
k79_25360	4.77323
k79_11754	46.9835
k79_2608	7.94681
k79_16229	6.1157
k79_25361	21.4537
k79_29825	7.72941
k79_25362	6.30952
k79_16230	4.37049
k79_2609	20.9933
k79_25363	15.336
k79_2610	6.02857
k79_29826	4.5211
k79_11755	4.29831
k79_34884	7.04646
k79_25364	9.1913
k79_34885	4.73636
k79_11756	3.04908
k79_29827	3.005
k79_25365	3.32727
k79_2611	5.17134
k79_29828	5.12903
k79_11757	4.088
k79_29829	3.91304
k79_34886	6.40838
k79_2612	9.78818
k79_11758	6.63483
k79_29830	2.95522
k79_34887	8.13433
k79_25366	14.5521
k79_2613	3.31034
k79_25367	4.03604
k79_2614	5.30526
k79_11759	7.28344
k79_2615	2.93333
k79_11760	3.01556
k79_29831	7.79866
k79_34888	14.0845
k79_25368	4.04167
k79_29832	8.19588
k79_11761	4.13043
k79_34889	2.5988
k79_2616	8.9661
k79_29833	10.0301
k79_34890	3.76471
k79_25369	17.8355
k79_2617	4.04348
k79_34891	9.84314
k79_2618	8.26144
k79_2619	4.99138
k79_34892	5.13
k79_2620	4.95556
k79_29834	13.9646
k79_29835	10.6091
k79_2621	3.01724
k79_2622	10.4318
k79_29836	9.44878
k79_2623	3.17391
k79_34893	11.3835
k79_29837	4.016
k79_7077	3.29167
k79_7078	6.07692
k79_29838	11.7368
k79_2624	4.81048
k79_34894	5.68462
k79_29839	2.9267
k79_2625	2.85156
k79_7079	4.70522
k79_29840	7.375
k79_2626	12.1311
k79_29841	8.75897
k79_2627	2.08943
k79_34895	7.21821
k79_2628	3.65714
k79_29842	11.8971
k79_34896	3.59524
k79_34897	14.0721
k79_2629	4.45522
k79_29843	3.79512
k79_2630	8.77809
k79_7080	8.58085
k79_2631	3.42105
k79_34898	13.4644
k79_29844	22.1281
k79_34899	4.9234
k79_2632	4.10053
k79_34900	2.21891
k79_29845	5.02062
k79_2633	13.2257
k79_7081	6.16603
k79_29846	2.96795
k79_34901	5.91546
k79_29847	3.18103
k79_7082	17.4732
k79_7083	17.3309
k79_16231	3.01829
k79_29848	16.4606
k79_29849	6.69799
k79_34902	8.31602
k79_34903	4.96341
k79_16232	9.10206
k79_29850	7.37255
k79_16233	2.53279
k79_29851	2.57931
k79_34904	5.73267
k79_20837	41.4939
k79_16234	4.07767
k79_29852	2.91964
k79_2634	6.81356
k79_16235	3.62162
k79_20838	4.08811
k79_2635	5.31373
k79_20839	12.6536
k79_2636	2.88793
k79_29853	5.99813
k79_34905	5.06734
k79_20840	6.22543
k79_16236	5.37058
k79_16237	3.75472
k79_20841	6.41341
k79_34906	4.26698
k79_16238	3.81203
k79_20842	3.86957
k79_2637	5.41561
k79_29854	44.0645
k79_34907	6.3745
k79_16239	1.89868
k79_29855	3.98319
k79_2638	6.69834
k79_16240	3.33333
k79_16241	8.57534
k79_2639	3.23967
k79_29856	6.95528
k79_2640	2.8
k79_34908	8.56927
k79_16242	5.56031
k79_2641	5.4898
k79_34909	3.07634
k79_16243	6.15447
k79_29857	4.20468
k79_2642	7.46108
k79_34910	3.16514
k79_7084	48.7167
k79_2643	4.84158
k79_29858	4.73743
k79_16244	5.93893
k79_34911	2.75135
k79_2644	9.27673
k79_29859	7.85965
k79_34912	4.14796
k79_16245	6.0375
k79_2645	3.20942
k79_29860	2.5163
k79_16246	5.8607
k79_2646	2.45408
k79_16247	2.72816
k79_34913	6.10526
k79_2647	5.54464
k79_29861	7.24828
k79_16248	4.15686
k79_16249	5.16854
k79_2648	10.6744
k79_34914	6.27682
k79_29862	4.88739
k79_16250	28.347
k79_29863	5.4717
k79_34915	6.42489
k79_16251	2.1773
k79_29864	3.77778
k79_34916	4.05469
k79_11762	18.8489
k79_16252	5.87332
k79_29865	4.56098
k79_34917	10.177
k79_11763	2.35537
k79_29866	4.86275
k79_25370	42.8679
k79_11764	2.64865
k79_29867	7.35955
k79_16253	4.96703
k79_25371	6.76316
k79_34918	3.68127
k79_29868	11.613
k79_11765	6.17216
k79_25372	3.67361
k79_29869	4.95575
k79_34919	4.02392
k79_11766	5.68528
k79_34920	8.35811
k79_11767	2.68889
k79_25373	6.09268
k79_25374	3.54032
k79_7085	63.3122
k79_29870	5.74286
k79_25375	5.7971
k79_16254	13.5009
k79_16255	4.8069
k79_29871	8.79733
k79_34921	8.72915
k79_34922	2.84483
k79_7086	7.91365
k79_16256	19.8356
k79_7087	5.49057
k79_11768	7.18462
k79_29872	10.4337
k79_7088	11.7314
k79_16257	4.63927
k79_11769	7.76963
k79_7089	10.9364
k79_25376	30.1925
k79_34923	6.17881
k79_11770	5.19403
k79_34924	6.91111
k79_25377	1.93706
k79_16258	7.1976
k79_11771	3.64122
k79_7090	5.14231
k79_25378	2.54032
k79_16259	3.60377
k79_11772	11.7632
k79_34925	4.30383
k79_34926	3.93038
k79_16260	9.94675
k79_7091	3.79926
k79_29873	54.7652
k79_34927	2.44516
k79_16261	6.17919
k79_7092	4.80892
k79_34928	3.46591
k79_29874	4.82126
k79_16262	7.45614
k79_7093	4.4375
k79_29875	3.91892
k79_16263	3.61957
k79_25379	9.07204
k79_29876	12.7208
k79_34929	3.49863
k79_29877	12.7124
k79_25380	4.12017
k79_34930	2.82292
k79_7094	5.52216
k79_20843	5.83838
k79_29878	38.8807
k79_34931	14.8246
k79_7095	7.89362
k79_20844	4.77358
k79_25381	3.59239
k79_34932	3.55063
k79_7096	4.5125
k79_20845	6.94271
k79_29879	10.7864
k79_25382	4.09639
k79_7097	2.55639
k79_34933	6.04673
k79_29880	6.21088
k79_7098	3.504
k79_29881	3.28431
k79_25383	5.84231
k79_34934	3.37597
k79_20846	5.53303
k79_29882	12.8595
k79_7099	17.2193
k79_34935	4.31868
k79_25384	4.1165
k79_29883	7.64655
k79_7100	1.97087
k79_20847	5.61905
k79_25385	2.12295
k79_25386	3.33708
k79_25387	3.83333
k79_29884	9.75123
k79_7101	9.02
k79_34936	6.06133
k79_7102	6.05952
k79_34937	4.91351
k79_25388	7.97688
k79_7103	4.9
k79_2649	7.33333
k79_25389	3.46875
k79_34938	3.18782
k79_7104	3.41414
k79_25390	4.85
k79_7105	3.66667
k79_34939	5.56995
k79_29885	7.90714
k79_34940	4.58182
k79_7106	3.70056
k79_25391	11.2941
k79_7107	2.58523
k79_29886	5.46388
k79_34941	13.0502
k79_7108	6.15534
k79_29887	7.64583
k79_20848	11.9043
k79_11773	6.40909
k79_29888	4.19892
k79_7109	8.73228
k79_34942	5.70107
k79_20849	7.07692
k79_7110	5.29565
k79_11774	3.48077
k79_20850	2.96053
k79_34943	4.89404
k79_7111	4.72897
k79_29889	4.47208
k79_7112	3.17204
k79_11775	4.27792
k79_34944	3.89444
k79_29890	6.20961
k79_7113	4.42041
k79_34945	8.93269
k79_29891	8.025
k79_34946	4.32727
k79_20851	9.38246
k79_7114	3.37131
k79_7115	13.5745
k79_34947	5.03902
k79_20852	6.315
k79_7116	7.41593
k79_20853	10.1156
k79_7117	5.67213
k79_34948	5.24147
k79_29892	10.3646
k79_7118	4.3743
k79_20854	6.96624
k79_11776	69.7087
k79_20855	3.95652
k79_29893	7.65254
k79_7119	4.37698
k79_20856	3.66346
k79_11777	2.81879
k79_7120	3.36036
k79_29894	7.98576
k79_7121	5.31
k79_29895	11.2487
k79_20857	5.05365
k79_34949	10.6133
k79_29896	4.36242
k79_25392	2.88165
k79_16264	5.50649
k79_29897	3.96111
k79_16265	3.94845
k79_34950	8.01394
k79_20858	4.80088
k79_34951	3.31746
k79_29898	7.05761
k79_16266	5.17874
k79_20859	5.88119
k79_29899	1.96809
k79_34952	4.59043
k79_16267	7.1
k79_29900	3.68794
k79_20860	7.92013
k79_16268	4.21154
k79_34953	3.29245
k79_25393	7.80937
k79_29901	4.82051
k79_11778	4.29963
k79_16269	9.975
k79_20861	3.84146
k79_25394	3.15044
k79_34954	5.07362
k79_20862	4.93243
k79_25395	7.05848
k79_7122	10.9901
k79_34955	4.09957
k79_16270	5.87082
k79_20863	4.12931
k79_7123	4.0
k79_34956	9.63513
k79_25396	8.17988
k79_16271	4.97535
k79_34957	5.91848
k79_25397	6.02924
k79_11779	6.10797
k79_34958	2.275
k79_16272	2.59712
k79_11780	2.0
k79_20864	4.8954
k79_7124	6.01198
k79_34959	3.72197
k79_16273	5.99617
k79_34960	9.82895
k79_7125	7.335
k79_2650	8.30669
k79_16274	4.18518
k79_7126	6.83708
k79_34961	7.17917
k79_2651	12.2935
k79_29902	11.5056
k79_25398	9.20018
k79_2652	4.0404
k79_34962	5.59893
k79_2653	2.76923
k79_25399	3.85039
k79_29903	7.79371
k79_2654	3.12
k79_25400	5.08442
k79_29904	9.85185
k79_2655	3.1
k79_2656	4.15541
k79_29905	5.41949
k79_25401	9.73757
k79_16275	9.97046
k79_29906	6.50365
k79_2657	11.3005
k79_2658	2.37956
k79_16276	5.74863
k79_29907	8.63855
k79_25402	2.35692
k79_16277	7.94211
k79_29908	3.23651
k79_25403	4.85484
k79_16278	7.30769
k79_34963	9.54593
k79_29909	7.224
k79_25404	7.81212
k79_16279	17.5248
k79_34964	9.56604
k79_29910	4.42857
k79_11781	6.02579
k79_16280	3.12844
k79_25405	5.17746
k79_25406	2.31461
k79_29911	8.49145
k79_16281	5.59268
k79_25407	6.55462
k79_29912	3.53061
k79_16282	5.04721
k79_25408	4.692
k79_11782	7.36178
k79_16283	24.1949
k79_25409	3.91096
k79_16284	15.1389
k79_25410	4.88053
k79_16285	4.91549
k79_11783	4.3002
k79_16286	4.8022
k79_16287	14.44
k79_11784	7.91419
k79_25411	4.83102
k79_11785	2.88889
k79_25412	10.8857
k79_11786	3.58865
k79_16288	5.5272
k79_25413	5.90756
k79_16289	17.7755
k79_16290	16.1261
k79_16291	3.87963
k79_16292	3.41722
k79_25414	5.65848
k79_25415	2.14035
k79_11787	5.35826
k79_20865	4.16495
k79_29913	44.5894
k79_11788	3.02174
k79_20866	4.3991
k79_29914	4.77778
k79_11789	7.32919
k79_20867	7.08889
k79_25416	6.29112
k79_29915	4.38554
k79_11790	6.06452
k79_20868	4.35784
k79_11791	10.0859
k79_20869	6.20913
k79_11792	5.59517
k79_11793	6.03937
k79_25417	6.08952
k79_11794	5.50382
k79_20870	8.35768
k79_11795	2.90511
k79_20871	5.25275
k79_25418	22.2099
k79_7127	4.4252
k79_11796	8.09402
k79_20872	7.39827
k79_25419	5.31915
k79_7128	7.95122
k79_20873	3.91057
k79_25420	4.53846
k79_7129	6.41489
k79_20874	3.856
k79_16293	4.87329
k79_7130	5.42647
k79_11797	4.64481
k79_16294	7.76471
k79_25421	3.19955
k79_20875	5.31923
k79_11798	4.13548
k79_16295	8.94382
k79_7131	3.51961
k79_25422	4.28125
k79_2659	25.3511
k79_20876	7.41477
k79_16296	3.58503
k79_11799	4.4913
k79_7132	6.48462
k79_2660	1.81553
k79_25423	2.83333
k79_20877	2.59756
k79_7133	6.03261
k79_2661	14.9239
k79_16297	7.28808
k79_20878	2.64444
k79_11800	5.16575
k79_25424	8.63111
k79_7134	5.10345
k79_2662	6.25
k79_16298	3.93507
k79_25425	2.696
k79_7135	2.58108
k79_2663	3.98113
k79_16299	7.94894
k79_34965	3.91333
k79_2664	3.34682
k79_20879	4.4714
k79_25426	5.86607
k79_16300	5.96296
k79_7136	3.84541
k79_34966	5.3252
k79_2665	4.79104
k79_7137	5.53472
k79_25427	5.31615
k79_20880	6.34218
k79_34967	4.71939
k79_2666	6.50932
k79_25428	4.49351
k79_20881	4.48276
k79_34968	4.18033
k79_25429	5.81034
k79_7138	4.1432
k79_20882	4.63846
k79_2667	4.16828
k79_34969	5.31557
k79_25430	3.67857
k79_20883	2.06186
k79_2668	5.27161
k79_34970	6.0495
k79_7139	5.19273
k79_20884	6.43698
k79_7140	3.47619
k79_20885	3.60606
k79_2669	5.39706
k79_2670	13.4589
k79_20886	3.92893
k79_25431	3.87211
k79_7141	7.79177
k79_20887	3.06618
k79_7142	5.59843
k79_25432	4.41392
k79_25433	34.3644
k79_2671	8.80333
k79_20888	5.04524
k79_2672	10.6975
k79_25434	3.52548
k79_20889	13.4833
k79_25435	2.73649
k79_2673	6.94671
k79_20890	3.17241
k79_25436	2.82581
k79_2674	5.4359
k79_34971	12.9422
k79_34972	9.03077
k79_34973	3.68478
k79_2675	3.50538
k79_2676	5.69481
k79_16301	4.34156
k79_2677	6.66531
k79_7143	10.0389
k79_2678	4.75781
k79_16302	5.21289
k79_7144	5.99502
k79_2679	5.49215
k79_16303	4.3668
k79_2680	4.43931
k79_16304	7.85345
k79_7145	7.4569
k79_20891	18.7983
k79_2681	2.3622
k79_20892	3.2971
k79_25437	10.8682
k79_16305	7.62257
k79_7146	4.69928
k79_2682	5.17568
k79_20893	8.72581
k79_25438	5.14504
k79_7147	3.86
k79_25439	11.2981
k79_2683	5.87549
k79_16306	14.4627
k79_7148	3.18584
k79_20894	3.97761
k79_25440	4.11348
k79_16307	7.18667
k79_2684	5.7807
k79_20895	15.6292
k79_25441	10.2456
k79_16308	2.256
k79_25442	4.87179
k79_20896	6.09412
k79_25443	3.68421
k79_25444	3.52083
k79_20897	5.71429
k79_2685	5.96791
k79_16309	8.22931
k79_25445	4.64835
k79_2686	4.15217
k79_16310	4.22727
k79_2687	2.47778
k79_20898	7.07163
k79_25446	3.81761
k79_2688	3.07927
k79_25447	3.1165
k79_2689	4.60194
k79_25448	3.47191
k79_20899	9.70455
k79_25449	9.93023
k79_20900	8.49242
k79_25450	4.22776
k79_25451	4.00909
k79_20901	9.20918
k79_20902	12.0603
k79_25452	4.08874
k79_34974	11.7634
k79_25453	14.6851
k79_20903	3.93732
k79_25454	26.6055
k79_20904	4.5935
k79_34975	4.5677
k79_20905	4.91139
k79_11801	25.8298
k79_25455	5.99666
k79_20906	5.38206
k79_11802	2.58929
k79_34976	9.54753
k79_11803	2.14286
k79_34977	7.70476
k79_25456	3.64147
k79_34978	3.53289
k79_11804	4.83678
k79_25457	4.67647
k79_34979	3.85944
k79_20907	32.7744
k79_11805	5.74915
k79_20908	9.3522
k79_34980	8.28016
k79_25458	3.90968
k79_11806	4.5
k79_20909	5.95763
k79_11807	6.18182
k79_34981	10.6484
k79_25459	9.12661
k79_11808	6.59286
k79_34982	12.7053
k79_11809	5.9337
k79_20910	4.8943
k79_25460	6.25
k79_11810	3.04369
k79_20911	6.67568
k79_25461	3.09259
k79_11811	4.43689
k79_25462	4.89503
k79_20912	4.56477
k79_11812	9.07463
k79_25463	4.69841
k79_20913	6.44545
k79_25464	5.19355
k79_7149	4.87437
k79_25465	5.0
k79_11813	5.20106
k79_7150	3.17568
k79_11814	3.57062
k79_20914	7.4
k79_7151	3.21053
k79_20915	15.9381
k79_7152	6.99091
k79_20916	5.89238
k79_7153	6.76692
k79_20917	6.21528
k79_7154	2.36957
k79_25466	9.90063
k79_7155	5.34615
k79_7156	2.99254
k79_25467	3.37952
k79_7157	9.67924
k79_7158	5.35714
k79_2690	4.83761
k79_34983	46.1293
k79_7159	4.27826
k79_2691	6.16071
k79_7160	5.98742
k79_34984	3.91837
k79_25468	5.18802
k79_2692	2.93814
k79_7161	3.61386
k79_34985	4.61184
k79_25469	7.70418
k79_34986	4.76303
k79_2693	6.7713
k79_7162	8.3528
k79_25470	4.90062
k79_20918	13.658
k79_7163	10.4831
k79_2694	5.40373
k79_20919	4.1592
k79_34987	5.73869
k79_25471	6.89241
k79_20920	4.01429
k79_2695	8.4135
k79_25472	3.49324
k79_34988	5.06897
k79_7164	5.1194
k79_34989	3.12844
k79_25473	2.74561
k79_2696	7.9127
k79_25474	4.99194
k79_2697	5.19424
k79_34990	2.50926
k79_20921	7.34519
k79_25475	9.64824
k79_2698	3.76052
k79_25476	4.22603
k79_34991	5.76077
k79_2699	9.52174
k79_34992	2.50909
k79_25477	3.28788
k79_34993	5.73077
k79_7165	4.81255
k79_25478	11.4969
k79_34994	7.93056
k79_2700	6.5069
k79_25479	11.9762
k79_2701	11.2917
k79_34995	2.875
k79_34996	4.9633
k79_2702	5.42
k79_20922	7.01583
k79_25480	14.7792
k79_7166	7.14022
k79_20923	2.91463
k79_25481	8.60145
k79_7167	6.17021
k79_7168	4.59722
k79_11815	8.73201
k79_2703	6.8114
k79_7169	3.06536
k79_11816	3.0102
k79_16311	39.4317
k79_11817	2.38542
k79_7170	5.99598
k79_2704	4.58781
k79_16312	3.60488
k79_11818	6.59677
k79_20924	4.27957
k79_7171	5.03731
k79_2705	3.56329
k79_11819	4.73913
k79_29916	45.4009
k79_16313	3.48193
k79_7172	6.1938
k79_2706	6.92571
k79_11820	2.27326
k79_20925	8.53723
k79_7173	5.61538
k79_16314	6.48125
k79_11821	7.064
k79_2707	5.85806
k79_29917	7.91118
k79_7174	2.30769
k79_16315	3.7362
k79_2708	1.84783
k79_16316	2.56085
k79_29918	5.90764
k79_7175	15.7704
k79_16317	7.62727
k79_11822	4.99635
k79_29919	4.51064
k79_7176	14.8172
k79_16318	2.82171
k79_29920	6.13793
k79_11823	2.71958
k79_7177	4.235
k79_16319	3.36424
k79_29921	6.78125
k79_11824	5.05556
k79_7178	3.91579
k79_16320	3.78205
k79_29922	8.15254
k79_7179	5.57862
k79_20926	6.23617
k79_2709	22.1734
k79_16321	10.8056
k79_11825	6.7722
k79_20927	3.23226
k79_2710	3.65926
k79_29923	4.49875
k79_11826	4.60828
k79_29924	1.95789
k79_16322	7.66
k79_29925	22.2381
k79_16323	4.47581
k79_20928	6.33105
k79_7180	9.69598
k79_11827	5.71212
k79_16324	3.59701
k79_29926	8.33898
k79_7181	2.83077
k79_34997	23.7325
k79_20929	4.73623
k79_11828	2.88506
k79_16325	4.21368
k79_7182	3.54091
k79_11829	9.90071
k79_34998	3.18232
k79_29927	8.7109
k79_34999	4.07759
k79_7183	5.28293
k79_16326	4.56992
k79_11830	2.72558
k79_35000	5.93805
k79_29928	4.4837
k79_35001	6.0
k79_29929	3.40306
k79_35002	5.36994
k79_29930	4.48148
k79_7184	8.15168
k79_20930	11.8402
k79_11831	12.1049
k79_29931	3.55556
k79_35003	5.51095
k79_7185	7.70552
k79_20931	6.87129
k79_35004	11.3109
k79_16327	2.46452
k79_29932	4.23836
k79_35005	11.3438
k79_20932	4.2305
k79_16328	5.07921
k79_11832	25.4187
k79_7186	6.2
k79_20933	3.64667
k79_25482	6.51256
k79_29933	9.26434
k79_7187	3.7341
k79_20934	8.5415
k79_25483	4.98605
k79_29934	2.65686
k79_7188	4.12329
k79_16329	8.9934
k79_29935	7.752
k79_11833	5.45203
k79_20935	6.32794
k79_7189	7.63087
k79_11834	6.42991
k79_29936	4.65868
k79_20936	2.36986
k79_16330	6.7322
k79_7190	6.14218
k79_11835	3.95575
k79_20937	4.85714
k79_16331	4.95536
k79_25484	3.78657
k79_11836	4.45161
k79_29937	4.71298
k79_7191	7.65705
k79_16332	4.90157
k79_25485	6.55639
k79_11837	5.01812
k79_29938	4.41727
k79_20938	9.77897
k79_16333	7.4965
k79_20939	1.70732
k79_29939	5.1677
k79_7192	9.81429
k79_20940	2.95614
k79_16334	4.21408
k79_35006	10.8475
k79_7193	6.64881
k79_20941	5.04717
k79_11838	6.75316
k79_7194	3.05882
k79_35007	7.78226
k79_29940	2.9403
k79_20942	8.24079
k79_35008	8.27232
k79_7195	3.36996
k79_11839	4.22761
k79_35009	2.90152
k79_16335	8.74535
k79_20943	4.33186
k79_7196	6.2551
k79_25486	15.6741
k79_16336	6.52
k79_11840	8.11207
k79_7197	3.72277
k79_35010	6.90909
k79_11841	5.27826
k79_25487	5.17687
k79_29941	5.07862
k79_16337	7.41961
k79_35011	3.76289
k79_7198	6.24454
k79_25488	2.92783
k79_11842	3.71212
k79_20944	7.38646
k79_25489	5.47475
k79_35012	6.5731
k79_16338	14.1244
k79_11843	8.57353
k79_20945	4.17778
k79_35013	4.68539
k79_11844	4.96429
k79_29942	6.15657
k79_20946	5.77315
k79_25490	2.84328
k79_16339	5.73684
k79_35014	3.45082
k79_20947	5.29577
k79_11845	4.44595
k79_29943	4.77095
k79_35015	6.32955
k79_11846	4.72185
k79_29944	5.12389
k79_16340	6.09375
k79_20948	3.35714
k79_7199	10.5462
k79_35016	6.33103
k79_20949	3.71525
k79_29945	4.33531
k79_16341	9.24765
k79_7200	9.3399
k79_11847	7.65937
k79_29946	3.65217
k79_25491	5.28294
k79_11848	8.79885
k79_7201	6.97531
k79_16342	4.38903
k79_20950	7.89455
k79_11849	3.37968
k79_7202	3.28571
k79_25492	5.68715
k79_29947	5.086
k79_20951	3.86538
k79_20952	6.26786
k79_25493	7.15084
k79_29948	4.2649
k79_7203	4.79167
k79_16343	7.78835
k79_20953	5.82692
k79_29949	4.61111
k79_20954	3.80612
k79_29950	4.21168
k79_25494	2.98538
k79_16344	9.08669
k79_20955	6.33333
k79_11850	8.39258
k79_29951	7.55556
k79_16345	5.88182
k79_20956	4.21951
k79_7204	3.82703
k79_11851	5.06574
k79_29952	4.29236
k79_16346	5.57862
k79_20957	5.8169
k79_7205	6.51639
k79_16347	6.79048
k79_11852	8.82488
k79_29953	1.9932
k79_25495	7.6698
k79_16348	6.49612
k79_11853	3.09091
k79_29954	10.2683
k79_25496	4.88667
k79_35017	40.4824
k79_11854	3.43262
k79_25497	3.66387
k79_16349	7.75573
k79_7206	6.0477
k79_35018	5.3311
k79_16350	12.7984
k79_35019	6.42391
k79_25498	13.649
k79_16351	2.5102
k79_29955	9.11557
k79_11855	5.93913
k79_25499	5.88298
k79_29956	8.9127
k79_16352	9.01812
k79_35020	6.3523
k79_29957	9.95105
k79_11856	4.36117
k79_29958	15.1529
k79_35021	53.6875
k79_25500	11.1369
k79_16353	8.09144
k79_11857	8.78757
k79_29959	4.30928
k79_35022	2.31868
k79_16354	3.28319
k79_25501	10.5432
k79_11858	7.26066
k79_29960	7.83495
k79_16355	9.94059
k79_29961	5.33708
k79_11859	2.92035
k79_35023	6.4911
k79_16356	4.4
k79_25502	3.44928
k79_11860	4.0292
k79_35024	4.08333
k79_16357	1.97849
k79_25503	4.4087
k79_16358	8.80198
k79_35025	2.79121
k79_29962	6.2348
k79_25504	2.79811
k79_35026	6.32414
k79_29963	7.14381
k79_16359	6.12376
k79_35027	4.22222
k79_29964	7.5298
k79_16360	5.53982
k79_11861	5.50277
k79_35028	4.5042
k79_25505	8.27493
k79_35029	7.05556
k79_29965	16.702
k79_11862	6.7764
k79_35030	20.982
k79_35031	4.58947
k79_16361	6.55685
k79_11863	5.59913
k79_35032	8.94241
k79_11864	6.52672
k79_16362	3.95257
k79_25506	4.78197
k79_35033	15.3529
k79_25507	6.88889
k79_11865	3.14344
k79_11866	22.2211
k79_35034	8.74769
k79_16363	7.4761
k79_35035	8.38298
k79_25508	14.7494
k79_16364	4.78947
k79_35036	4.9292
k79_25509	10.9849
k79_16365	4.90351
k79_35037	4.0131
k79_25510	5.41844
k79_16366	2.8
k79_35038	4.58462
k79_11867	5.8699
k79_25511	5.13765
k79_35039	4.92571
k79_16367	5.87324
k79_25512	4.03922
k79_11868	4.59498
k79_16368	5.46899
k79_35040	6.69388
k79_11869	5.21201
k79_16369	6.63462
k79_35041	4.03175
k79_29966	19.0843
k79_11870	4.67172
k79_35042	9.97696
k79_16370	6.1
k79_35043	12.6393
k79_16371	6.46199
k79_11871	7.46721
k79_20958	65.337
k79_35044	3.38655
k79_16372	4.77632
k79_20959	16.2913
k79_11872	5.36863
k79_16373	7.8
k79_25513	27.7096
k79_16374	2.36774
k79_20960	14.6035
k79_25514	6.5082
k79_16375	5.26035
k79_20961	3.98246
k79_11873	8.58121
k79_16376	6.51046
k79_25515	10.3662
k79_16377	4.075
k79_20962	4.55975
k79_20963	5.0
k79_16378	4.1459
k79_25516	9.62585
k79_11874	5.15187
k79_25517	6.27528
k79_35045	8.56731
k79_11875	4.9148
k79_29967	47.2653
k79_35046	3.9316
k79_11876	3.55882
k79_29968	6.51341
k79_11877	7.04255
k79_35047	8.23853
k79_29969	3.51656
k79_11878	8.85556
k79_25518	8.4713
k79_29970	6.94979
k79_16379	8.08034
k79_35048	6.48797
k79_20964	8.34909
k79_11879	9.99445
k79_35049	3.90816
k79_16380	9.6789
k79_20965	6.93671
k79_11880	7.7672
k79_16381	6.94697
k79_35050	3.54717
k79_20966	8.75238
k79_11881	7.89937
k79_20967	3.69663
k79_29971	9.14974
k79_16382	10.2168
k79_20968	11.25
k79_29972	6.03165
k79_16383	3.31343
k79_25519	32.3789
k79_20969	4.59901
k79_35051	31.9975
k79_20970	3.82759
k79_25520	6.78676
k79_7207	35.9529
k79_11882	5.45006
k79_35052	11.8851
k79_20971	5.00606
k79_35053	4.82353
k79_25521	8.90566
k79_11883	5.68041
k79_35054	3.91139
k79_20972	5.37543
k79_16384	6.96396
k79_11884	7.31624
k79_35055	5.86127
k79_16385	7.56115
k79_20973	4.70202
k79_35056	5.45556
k79_7208	4.64217
k79_16386	8.03553
k79_7209	5.63801
k79_29973	40.4924
k79_20974	6.70502
k79_35057	7.31588
k79_20975	10.78
k79_29974	5.98204
k79_16387	7.00672
k79_7210	3.96075
k79_29975	9.82553
k79_16388	7.37308
k79_35058	6.8206
k79_20976	4.78761
k79_7211	7.08305
k79_20977	6.45556
k79_29976	4.32872
k79_16389	4.62555
k79_35059	4.07489
k79_7212	4.14433
k79_20978	5.36594
k79_35060	4.59307
k79_11885	13.8176
k79_29977	6.23362
k79_16390	11.1908
k79_35061	16.0769
k79_29978	5.54412
k79_7213	5.97431
k79_11886	5.55895
k79_7214	10.1806
k79_29979	4.91331
k79_7215	7.70861
k79_35062	14.1218
k79_29980	5.46606
k79_35063	3.64865
k79_25522	3.79866
k79_7216	2.94583
k79_20979	8.07496
k79_11887	12.8818
k79_25523	3.67424
k79_11888	4.21368
k79_35064	4.94931
k79_25524	10.5434
k79_7217	10.5381
k79_25525	3.6055
k79_25526	2.42667
k79_7218	5.11419
k79_16391	10.2764
k79_7219	2.85393
k79_16392	3.90476
k79_35065	11.6049
k79_7220	5.46154
k79_16393	8.20833
k79_11889	10.1558
k79_25527	8.97793
k79_7221	6.85271
k79_25528	5.06316
k79_16394	5.44805
k79_29981	4.71277
k79_35066	7.14286
k79_29982	10.8512
k79_11890	7.61369
k79_35067	4.55017
k79_29983	3.69231
k79_7222	9.49896
k79_11891	2.85955
k79_35068	4.65385
k79_20980	54.8622
k79_11892	5.4381
k79_35069	3.00645
k79_11893	5.77273
k79_20981	10.2205
k79_29984	7.75041
k79_35070	6.35
k79_29985	5.5817
k79_25529	6.48047
k79_16395	8.33148
k79_25530	3.71795
k79_35071	3.69919
k79_20982	11.2342
k79_25531	4.2807
k79_16396	3.892
k79_16397	4.94737
k79_35072	3.17045
k79_25532	8.01227
k79_20983	4.29032
k79_16398	5.71171
k79_20984	4.77419
k79_25533	4.29864
k79_25534	7.92308
k79_35073	4.52096
k79_16399	7.34031
k79_11894	25.302
k79_20985	7.19898
k79_35074	8.24468
k79_35075	3.33333
k79_11895	2.45455
k79_25535	7.67225
k79_29986	2.77301
k79_20986	5.9403
k79_35076	8.94737
k79_25536	2.69942
k79_11896	3.11842
k79_29987	22.6544
k79_11897	5.29134
k79_25537	3.66543
k79_35077	4.85479
k79_11898	6.83486
k79_29988	4.06306
k79_25538	4.98578
k79_11899	3.60577
k79_29989	6.60699
k79_35078	11.1239
k79_25539	2.79725
k79_11900	7.19797
k79_16400	7.35209
k79_29990	7.72667
k79_35079	9.5285
k79_11901	6.39429
k79_25540	4.95918
k79_29991	1.93007
k79_16401	4.34812
k79_11902	6.68018
k79_25541	7.34171
k79_16402	3.29801
k79_11903	3.28346
k79_35080	6.27606
k79_25542	2.6131
k79_2711	47.2227
k79_20987	4.3
k79_11904	3.04294
k79_25543	4.11261
k79_2712	11.3429
k79_20988	4.60538
k79_11905	8.04854
k79_35081	6.61179
k79_29992	5.54184
k79_2713	5.0365
k79_20989	11.37
k79_29993	3.6131
k79_16403	3.31915
k79_25544	4.64494
k79_2714	3.60759
k79_11906	4.36316
k79_29994	3.30719
k79_20990	5.02362
k79_2715	10.7358
k79_16404	9.99405
k79_11907	3.3617
k79_29995	4.37864
k79_20991	19.3861
k79_16405	3.43902
k79_2716	6.44444
k79_11908	4.77857
k79_35082	6.5026
k79_16406	3.05405
k79_29996	10.3052
k79_11909	4.12097
k79_25545	8.24858
k79_16407	4.54206
k79_2717	14.8028
k79_29997	2.27358
k79_35083	8.31188
k79_16408	22.0904
k79_11910	7.59055
k79_2718	4.65035
k79_25546	12.4981
k79_16409	13.6458
k79_7223	11.5246
k79_20992	7.5716
k79_35084	5.75064
k79_2719	5.09524
k79_7224	6.10112
k79_16410	5.27381
k79_35085	5.05166
k79_2720	5.82288
k79_25547	6.61191
k79_20993	8.38085
k79_2721	9.87879
k79_20994	5.28994
k79_16411	7.49811
k79_35086	4.63704
k79_2722	2.55399
k79_25548	6.3371
k79_20995	12.3586
k79_2723	10.245
k79_35087	7.88247
k79_2724	4.03774
k79_35088	3.39167
k79_35089	4.92857
k79_20996	7.71938
k79_35090	4.88333
k79_20997	5.00806
k79_2725	4.85399
k79_35091	6.55797
k79_2726	4.96471
k79_35092	9.27536
k79_2727	3.79245
k79_20998	8.81951
k79_20999	6.51176
k79_35093	6.76423
k79_2728	6.26687
k79_21000	13.4307
k79_2729	7.13194
k79_2730	2.8797
k79_21001	4.73333
k79_16412	8.50978
k79_21002	5.36
k79_2731	4.69099
k79_21003	4.51613
k79_2732	4.95327
k79_21004	3.65714
k79_35094	4.87193
k79_21005	5.83486
k79_25549	9.62716
k79_35095	3.96591
k79_2733	6.45632
k79_35096	5.7037
k79_25550	3.72021
k79_35097	2.48315
k79_2734	5.05147
k79_25551	2.13402
k79_35098	2.77215
k79_2735	5.95312
k79_2736	5.06557
k79_35099	6.96528
k79_35100	5.07
k79_25552	6.12679
k79_2737	7.20863
k79_2738	2.41237
k79_25553	3.64356
k79_35101	6.3779
k79_2739	5.20747
k79_25554	9.30073
k79_11911	10.1348
k79_2740	7.24569
k79_25555	8.0812
k79_11912	4.07895
k79_2741	2.9005
k79_2742	3.7947
k79_25556	5.2384
k79_11913	9.06623
k79_35102	9.02238
k79_2743	5.54315
k79_11914	4.92783
k79_2744	5.05263
k79_35103	3.84516
k79_35104	4.89011
k79_2745	5.0122
k79_25557	7.70978
k79_11915	12.3687
k79_7225	9.20359
k79_2746	7.51786
k79_35105	11.4156
k79_25558	9.85876
k79_2747	4.42759
k79_11916	3.64854
k79_7226	4.79039
k79_7227	5.21164
k79_11917	3.00394
k79_25559	8.58009
k79_2748	3.82383
k79_35106	8.0934
k79_2749	3.63793
k79_25560	5.81385
k79_35107	3.77465
k79_7228	5.85082
k79_2750	3.57988
k79_25561	6.8805
k79_7229	6.07692
k79_35108	12.0435
k79_11918	5.21085
k79_25562	12.1908
k79_2751	7.38441
k79_7230	4.00617
k79_11919	4.35145
k79_25563	5.92405
k79_7231	4.90291
k79_11920	3.87637
k79_35109	6.46882
k79_11921	5.032
k79_7232	10.1114
k79_25564	7.06731
k79_11922	4.27333
k79_35110	16.0023
k79_16413	7.51501
k79_7233	6.88792
k79_16414	4.63333
k79_35111	7.3715
k79_16415	2.8427
k79_11923	5.5437
k79_35112	3.25191
k79_16416	2.59794
k79_11924	4.70406
k79_2752	15.4379
k79_7234	5.56548
k79_16417	29.513
k79_11925	4.16547
k79_7235	3.46725
k79_16418	4.63768
k79_11926	3.83607
k79_7236	5.58436
k79_2753	9.53846
k79_11927	6.56693
k79_35113	7.3992
k79_11928	5.41176
k79_2754	4.16556
k79_35114	4.48993
k79_35115	10.8883
k79_16419	11.5219
k79_35116	4.25
k79_2755	6.41459
k79_16420	3.7013
k79_2756	3.88321
k79_16421	7.04605
k79_2757	9.12
k79_11929	5.33792
k79_16422	2.76859
k79_7237	8.03123
k79_2758	3.09474
k79_11930	7.8932
k79_2759	5.83193
k79_7238	10.6584
k79_35117	13.1572
k79_16423	5.66748
k79_7239	4.45133
k79_7240	4.12264
k79_16424	5.72455
k79_35118	5.74066
k79_16425	7.09649
k79_7241	3.50226
k79_35119	4.26087
k79_7242	2.65385
k79_16426	4.0303
k79_11931	6.60705
k79_7243	3.2451
k79_35120	4.0166
k79_16427	4.86429
k79_7244	5.95327
k79_21006	57.4185
k79_35121	13.0
k79_21007	3.11667
k79_35122	5.31579
k79_7245	10.0557
k79_35123	4.90106
k79_21008	3.91713
k79_35124	11.0584
k79_7246	6.77609
k79_2760	38.0128
k79_35125	45.562
k79_35126	2.39227
k79_7247	7.3165
k79_16428	9.73349
k79_35127	2.68273
k79_16429	3.43307
k79_2761	17.0123
k79_21009	4.83452
k79_16430	6.11159
k79_21010	1.94444
k79_29998	46.1758
k79_16431	4.87072
k79_2762	3.48349
k79_21011	5.37692
k79_11932	7.67703
k79_29999	5.88957
k79_2763	10.875
k79_21012	4.29412
k79_30000	5.72258
k79_2764	3.32867
k79_35128	25.8528
k79_2765	2.98473
k79_35129	3.29524
k79_21013	5.92138
k79_30001	5.75439
k79_11933	5.54344
k79_35130	10.1515
k79_21014	4.53448
k79_30002	3.0473
k79_11934	7.73276
k79_2766	4.9697
k79_35131	5.07263
k79_30003	2.34025
k79_35132	7.44944
k79_7248	7.59209
k79_21015	5.48515
k79_2767	8.24074
k79_30004	5.57273
k79_35133	5.43396
k79_21016	2.33077
k79_7249	4.47664
k79_35134	2.84946
k79_21017	14.216
k79_30005	5.83575
k79_7250	5.41206
k79_35135	2.56209
k79_30006	5.64486
k79_30007	6.40541
k79_7251	4.94056
k79_35136	3.55518
k79_35137	4.60883
k79_30008	11.1625
k79_7252	6.85019
k79_30009	3.45217
k79_21018	10.6581
k79_7253	6.40092
k79_21019	4.08
k79_35138	4.17084
k79_7254	4.31667
k79_35139	6.39548
k79_30010	4.64482
k79_21020	5.56818
k79_7255	7.76438
k79_30011	8.83453
k79_35140	9.05652
k79_21021	4.76522
k79_7256	5.72222
k79_30012	12.1075
k79_21022	5.30088
k79_7257	3.39583
k79_35141	7.50641
k79_21023	2.66512
k79_35142	6.86239
k79_30013	8.78004
k79_7258	11.7124
k79_21024	5.38346
k79_35143	4.2602
k79_30014	5.12376
k79_7259	9.03731
k79_25565	5.22283
k79_35144	10.3579
k79_30015	1.62887
k79_21025	10.7107
k79_7260	9.89041
k79_30016	8.2766
k79_25566	6.16279
k79_21026	8.4784
k79_30017	17.9958
k79_7261	4.1831
k79_30018	4.29457
k79_25567	15.6082
k79_35145	8.18409
k79_7262	2.752
k79_25568	5.125
k79_30019	4.97143
k79_16432	8.53465
k79_25569	7.27511
k79_16433	7.45912
k79_16434	10.7103
k79_7263	3.67238
k79_25570	8.03546
k79_7264	5.17241
k79_25571	2.96667
k79_30020	7.11765
k79_16435	11.9271
k79_30021	3.17708
k79_7265	6.01761
k79_25572	5.04681
k79_7266	3.29032
k79_30022	12.1479
k79_7267	9.6789
k79_30023	4.43243
k79_25573	3.14976
k79_16436	21.1759
k79_7268	4.14721
k79_30024	4.04695
k79_25574	6.14768
k79_16437	3.6385
k79_25575	5.66667
k79_16438	6.25248
k79_30025	14.8552
k79_16439	2.40741
k79_7269	9.05489
k79_30026	7.92857
k79_25576	5.05792
k79_16440	7.34395
k79_25577	8.13043
k79_11935	10.5134
k79_25578	5.02439
k79_11936	6.1976
k79_30027	12.3239
k79_16441	9.42993
k79_11937	4.00617
k79_16442	7.83621
k79_25579	4.82472
k79_16443	4.81065
k79_11938	3.24932
k79_25580	6.31401
k79_30028	4.60827
k79_11939	2.60169
k79_16444	9.96226
k79_25581	4.80537
k79_16445	5.10256
k79_11940	3.58586
k79_25582	5.82558
k79_11941	4.23596
k79_11942	3.71134
k79_16446	7.02564
k79_30029	3.70458
k79_11943	4.784
k79_30030	5.72642
k79_11944	4.06226
k79_16447	7.3125
k79_30031	7.67263
k79_25583	10.9815
k79_11945	32.1344
k79_35146	3.92754
k79_35147	4.1958
k79_30032	5.63397
k79_16448	6.87816
k79_25584	9.13587
k79_30033	4.34146
k79_2768	8.57636
k79_2769	3.41317
k79_16449	3.17524
k79_25585	5.77427
k79_11946	35.6387
k79_25586	7.10924
k79_2770	6.09524
k79_25587	1.80488
k79_16450	14.0726
k79_11947	4.52482
k79_16451	2.08696
k79_25588	4.34973
k79_2771	9.67218
k79_11948	3.10204
k79_25589	5.17293
k79_16452	3.6738
k79_2772	19.024
k79_16453	4.77885
k79_11949	3.52475
k79_2773	8.45763
k79_16454	4.88462
k79_16455	6.212
k79_21027	39.2155
k79_35148	5.13402
k79_21028	4.33796
k79_35149	9.53061
k79_21029	6.3
k79_35150	6.5
k79_11950	13.6229
k79_21030	1.78322
k79_21031	8.46316
k79_35151	4.28213
k79_11951	6.5
k79_21032	6.61856
k79_11952	5.34694
k79_21033	6.12766
k79_35152	7.21809
k79_21034	2.7451
k79_35153	3.78261
k79_21035	4.42373
k79_35154	8.72441
k79_30034	38.8118
k79_7270	5.28655
k79_35155	6.92913
k79_30035	2.36667
k79_21036	5.04913
k79_7271	4.22157
k79_35156	6.34694
k79_21037	4.25974
k79_35157	3.80952
k79_35158	7.35849
k79_30036	14.2466
k79_30037	8.36047
k79_7272	6.86763
k79_30038	2.89552
k79_35159	4.95022
k79_21038	4.96587
k79_7273	4.50427
k79_21039	5.68769
k79_7274	2.9635
k79_21040	4.34559
k79_7275	8.51163
k79_21041	4.24946
k79_21042	4.12903
k79_7276	5.79965
k79_21043	13.0633
k79_35160	45.4835
k79_25590	4.32066
k79_35161	6.91509
k79_35162	4.60526
k79_21044	57.2177
k79_35163	11.3932
k79_21045	9.23387
k79_35164	3.55072
k79_21046	7.16667
k79_35165	5.06719
k79_21047	3.99355
k79_35166	6.38406
k79_21048	3.34951
k79_35167	5.22143
k79_35168	11.2967
k79_35169	2.76042
k79_21049	11.5372
k79_35170	3.86631
k79_21050	13.5152
k79_35171	7.10084
k79_21051	5.03774
k79_35172	3.5035
k79_2774	5.94527
k79_25591	9.9447
k79_25592	4.07547
k79_35173	3.76619
k79_2775	5.52229
k79_35174	4.91695
k79_21052	8.58046
k79_2776	6.31973
k79_7277	5.01884
k79_16456	9.06122
k79_7278	4.66667
k79_2777	3.14198
k79_21053	4.03546
k79_2778	3.20652
k79_2779	3.28889
k79_7279	7.05714
k79_16457	11.7796
k79_2780	4.88208
k79_21054	66.3608
k79_16458	4.82857
k79_7280	8.00722
k79_2781	3.67382
k79_7281	7.37363
k79_2782	3.74074
k79_2783	3.47475
k79_16459	4.79879
k79_7282	4.85217
k79_16460	9.85625
k79_2784	6.42708
k79_7283	2.74519
k79_2785	3.5
k79_16461	9.53896
k79_11953	10.204
k79_7284	3.13187
k79_21055	14.1504
k79_2786	9.72222
k79_11954	3.26471
k79_21056	3.01765
k79_2787	6.36986
k79_7285	2.7125
k79_21057	2.71223
k79_2788	4.77181
k79_7286	2.76786
k79_11955	8.03787
k79_2789	4.49342
k79_7287	6.22628
k79_21058	5.4086
k79_7288	6.84615
k79_2790	28.3298
k79_21059	6.31944
k79_11956	5.48492
k79_21060	9.0219
k79_7289	4.9617
k79_11957	2.76552
k79_21061	4.39394
k79_21062	3.40179
k79_7290	5.48837
k79_2791	7.17886
k79_11958	14.4571
k79_21063	2.3641
k79_7291	3.69388
k79_11959	11.3535
k79_2792	3.66667
k79_21064	7.7375
k79_7292	9.82143
k79_2793	6.55932
k79_11960	7.25862
k79_7293	1.89076
k79_21065	7.08824
k79_11961	3.14907
k79_21066	4.38367
k79_16462	11.9947
k79_11962	4.76357
k79_2794	5.49383
k79_16463	2.64085
k79_7294	7.93637
k79_21067	5.84891
k79_2795	6.2554
k79_16464	6.45598
k79_21068	2.63717
k79_7295	6.2
k79_2796	15.9489
k79_7296	3.89796
k79_7297	7.6
k79_16465	5.36547
k79_2797	4.35827
k79_11963	9.26677
k79_30039	15.6814
k79_16466	4.02778
k79_2798	7.64224
k79_21069	7.13911
k79_2799	9.74286
k79_11964	5.74297
k79_16467	6.78307
k79_21070	5.30435
k79_2800	3.12422
k79_21071	3.63736
k79_16468	5.22388
k79_11965	4.93518
k79_30040	6.79725
k79_2801	10.7868
k79_11966	5.73514
k79_30041	5.41781
k79_21072	5.99432
k79_11967	5.16456
k79_2802	5.55593
k79_7298	6.37607
k79_30042	4.19524
k79_16469	8.11293
k79_21073	4.2103
k79_11968	8.55556
k79_30043	8.7619
k79_2803	5.64504
k79_21074	8.90196
k79_16470	8.18978
k79_30044	3.77049
k79_7299	5.45699
k79_2804	5.77778
k79_21075	14.5355
k79_16471	6.86726
k79_30045	4.56716
k79_7300	6.22314
k79_2805	12.9107
k79_21076	2.5873
k79_30046	12.83
k79_7301	4.71429
k79_7302	3.85106
k79_2806	6.70115
k79_30047	3.71094
k79_21077	4.53455
k79_7303	5.35043
k79_2807	4.81407
k79_30048	3.85057
k79_2808	3.50442
k79_11969	16.7072
k79_2809	4.28866
k79_7304	12.3216
k79_7305	5.27778
k79_30049	5.20321
k79_16472	8.53011
k79_2810	4.85231
k79_11970	7.77982
k79_7306	5.1465
k79_16473	5.40404
k79_11971	2.85915
k79_30050	6.78864
k79_16474	2.79032
k79_2811	10.055
k79_25593	4.37725
k79_21078	6.38878
k79_16475	7.38053
k79_11972	12.0824
k79_11973	5.08407
k79_21079	8.44071
k79_11974	13.1236
k79_16476	5.81505
k79_11975	4.19101
k79_21080	7.88732
k79_21081	3.56818
k79_16477	9.55405
k79_25594	9.29214
k79_11976	6.26296
k79_25595	14.1818
k79_16478	5.35435
k79_25596	6.44951
k79_21082	6.75138
k79_16479	13.1602
k79_25597	9.91797
k79_16480	6.40559
k79_21083	4.12081
k79_11977	7.16213
k79_16481	9.66667
k79_21084	7.99338
k79_7307	9.23207
k79_21085	3.66957
k79_16482	5.77315
k79_7308	41.1837
k79_16483	5.37
k79_25598	6.84399
k79_7309	11.1185
k79_16484	3.77465
k79_11978	4.74522
k79_30051	3.60993
k79_7310	7.91758
k79_30052	9.89375
k79_21086	8.96748
k79_11979	7.00526
k79_7311	9.32381
k79_21087	10.6121
k79_7312	5.7913
k79_16485	7.43393
k79_35175	7.15603
k79_11980	8.0113
k79_35176	6.43961
k79_21088	4.91873
k79_7313	14.8474
k79_35177	10.1165
k79_21089	2.70229
k79_30053	7.33272
k79_7314	10.6645
k79_35178	4.62778
k79_11981	6.59459
k79_21090	6.57143
k79_7315	5.36364
k79_21091	4.96078
k79_35179	7.44509
k79_21092	3.072
k79_35180	7.05797
k79_11982	7.26597
k79_21093	11.9053
k79_35181	5.82997
k79_35182	2.69718
k79_35183	6.53333
k79_21094	6.5183
k79_11983	4.38844
k79_21095	3.21014
k79_11984	2.69231
k79_35184	11.2274
k79_21096	5.60907
k79_35185	2.83333
k79_35186	10.0265
k79_21097	6.82143
k79_35187	4.81387
k79_21098	16.5481
k79_11985	49.9209
k79_2812	5.34856
k79_35188	2.05839
k79_2813	9.32609
k79_21099	6.05405
k79_35189	6.48515
k79_2814	4.59903
k79_21100	9.38686
k79_11986	6.51953
k79_21101	3.18333
k79_11987	2.69892
k79_35190	5.34889
k79_2815	5.04359
k79_11988	6.07143
k79_35191	3.92
k79_11989	4.08462
k79_21102	4.22093
k79_11990	6.7234
k79_2816	7.76558
k79_21103	7.18812
k79_35192	16.6519
k79_21104	7.29814
k79_11991	3.15534
k79_2817	4.52525
k79_11992	10.2507
k79_2818	12.2222
k79_35193	7.33724
k79_16486	1.68421
k79_11993	8.1039
k79_2819	18.1696
k79_30054	49.704
k79_16487	6.37374
k79_11994	3.63265
k79_35194	5.67405
k79_30055	4.97642
k79_16488	4.62745
k79_35195	3.48544
k79_11995	6.27852
k79_2820	3.69231
k79_30056	9.97143
k79_16489	6.64286
k79_11996	2.65306
k79_35196	17.5333
k79_16490	5.6014
k79_30057	2.77286
k79_16491	7.71552
k79_35197	3.99674
k79_2821	5.1296
k79_11997	4.31048
k79_35198	5.8359
k79_2822	3.79688
k79_30058	3.8451
k79_30059	5.14019
k79_2823	5.40529
k79_35199	5.00781
k79_25599	1.93258
k79_35200	3.02469
k79_25600	8.3956
k79_35201	1.73077
k79_11998	3.23196
k79_25601	9.91339
k79_11999	3.31132
k79_35202	7.76873
k79_35203	7.44361
k79_12000	4.46358
k79_35204	3.09507
k79_12001	5.85849
k79_35205	8.21864
k79_12002	6.66667
k79_25602	6.98802
k79_16492	14.2242
k79_25603	6.36066
k79_16493	7.84348
k79_35206	4.42893
k79_12003	5.34688
k79_2824	41.5501
k79_25604	4.45923
k79_16494	4.07971
k79_2825	9.51128
k79_16495	3.44444
k79_25605	6.27119
k79_7316	8.48724
k79_12004	12.4209
k79_25606	3.24118
k79_2826	5.21289
k79_7317	4.0708
k79_12005	9.41401
k79_16496	4.86719
k79_25607	8.04444
k79_2827	3.01974
k79_16497	2.9
k79_12006	7.05028
k79_35207	20.4641
k79_7318	6.07438
k79_12007	2.39735
k79_2828	11.1301
k79_16498	4.35069
k79_35208	10.456
k79_12008	6.86667
k79_35209	6.88372
k79_16499	4.68966
k79_12009	4.62712
k79_7319	18.2441
k79_2829	3.49657
k79_16500	6.16822
k79_35210	3.33971
k79_7320	6.66875
k79_16501	4.84615
k79_12010	9.85095
k79_7321	4.72512
k79_12011	7.11921
k79_7322	4.99359
k79_35211	6.4433
k79_12012	5.05837
k79_7323	6.41
k79_7324	3.45217
k79_35212	5.62462
k79_7325	2.83553
k79_35213	5.37255
k79_12013	4.87447
k79_35214	5.86624
k79_7326	11.4569
k79_35215	5.11594
k79_35216	4.2043
k79_12014	6.0
k79_16502	13.8176
k79_12015	9.1
k79_12016	4.88393
k79_16503	8.78788
k79_30060	10.7479
k79_12017	4.27083
k79_16504	5.79779
k79_21105	5.97959
k79_30061	3.32642
k79_21106	19.5491
k79_7327	7.02424
k79_30062	4.01282
k79_30063	4.89937
k79_21107	3.60959
k79_21108	5.39112
k79_21109	5.20755
k79_35217	6.6122
k79_12018	11.5939
k79_21110	5.02041
k79_35218	2.0
k79_12019	7.1987
k79_12020	4.60252
k79_30064	6.83942
k79_12021	5.7637
k79_30065	4.125
k79_30066	7.58394
k79_21111	8.68155
k79_35219	34.1818
k79_30067	3.97279
k79_21112	3.35227
k79_35220	5.99405
k79_21113	3.63801
k79_30068	8.83784
k79_21114	7.78676
k79_35221	4.40976
k79_30069	3.1761
k79_21115	5.06306
k79_35222	4.03167
k79_21116	2.74138
k79_35223	5.36634
k79_12022	30.9281
k79_21117	3.38333
k79_7328	9.10345
k79_21118	9.12613
k79_12023	3.57197
k79_7329	6.41304
k79_21119	6.89552
k79_21120	3.62037
k79_30070	4.29676
k79_7330	3.53639
k79_12024	10.9068
k79_30071	8.91403
k79_21121	4.44474
k79_12025	3.10714
k79_30072	3.58654
k79_7331	8.87786
k79_21122	3.68902
k79_7332	6.82
k79_12026	3.44578
k79_7333	40.4184
k79_30073	5.15
k79_7334	4.8374
k79_12027	5.49584
k79_21123	4.88224
k79_7335	7.45361
k79_30074	10.2802
k79_30075	4.46237
k79_21124	4.37368
k79_7336	3.06573
k79_30076	4.40268
k79_21125	2.63063
k79_12028	26.2425
k79_12029	4.84868
k79_30077	2.27381
k79_7337	12.0571
k79_21126	4.67356
k79_21127	2.58242
k79_7338	4.01316
k79_12030	7.82669
k79_7339	7.83333
k79_12031	11.2067
k79_16505	7.1342
k79_21128	4.66998
k79_21129	2.20721
k79_7340	4.89597
k79_12032	1.96596
k79_21130	5.18487
k79_7341	5.34715
k79_21131	6.18421
k79_7342	5.90446
k79_12033	8.74545
k79_21132	6.0
k79_7343	8.39779
k79_21133	4.5566
k79_7344	3.31457
k79_12034	20.0824
k79_21134	3.69937
k79_7345	2.97849
k79_12035	4.31482
k79_21135	7.95
k79_7346	2.66857
k79_21136	4.22358
k79_21137	6.64458
k79_16506	42.5042
k79_30078	48.127
k79_21138	4.50495
k79_16507	4.30435
k79_21139	5.73026
k79_12036	10.7918
k79_30079	6.23318
k79_16508	6.8913
k79_30080	7.02632
k79_12037	3.60338
k79_21140	7.77124
k79_12038	4.38095
k79_21141	4.10989
k79_16509	7.11311
k79_21142	4.66176
k79_30081	10.2206
k79_12039	8.13248
k79_16510	4.6131
k79_30082	5.92593
k79_12040	3.32192
k79_21143	3.43359
k79_16511	7.15707
k79_12041	6.42963
k79_21144	4.10526
k79_16512	4.76289
k79_30083	7.13608
k79_12042	6.50893
k79_30084	171.52
k79_12043	6.31746
k79_16513	4.80081
k79_12044	4.70435
k79_21145	4.62364
k79_16514	4.42295
k79_12045	8.5296
k79_30085	6.40414
k79_21146	10.3704
k79_16515	2.63184
k79_2830	11.4571
k79_21147	3.93684
k79_16516	6.84647
k79_21148	3.11594
k79_35224	6.02198
k79_30086	7.26941
k79_2831	5.72421
k79_21149	3.47511
k79_12046	4.61043
k79_2832	3.33981
k79_7347	4.80833
k79_35225	3.62869
k79_21150	6.09402
k79_30087	3.45
k79_21151	5.10909
k79_2833	23.9019
k79_35226	3.57798
k79_7348	2.97233
k79_30088	7.47032
k79_21152	3.42574
k79_7349	2.74691
k79_21153	6.90678
k79_35227	7.54864
k79_21154	8.17514
k79_35228	4.60156
k79_12047	4.60338
k79_7350	5.20256
k79_21155	8.50711
k79_35229	3.87432
k79_30089	6.19826
k79_7351	5.23711
k79_12048	8.46914
k79_30090	3.76724
k79_7352	3.19424
k79_12049	5.4
k79_35230	3.29412
k79_21156	5.02163
k79_30091	5.59603
k79_12050	4.54639
k79_21157	5.12707
k79_2834	3.29142
k79_35231	2.78333
k79_21158	3.125
k79_12051	4.70056
k79_30092	15.2785
k79_21159	3.53846
k79_35232	6.25714
k79_12052	8.26
k79_21160	3.16842
k79_30093	5.0614
k79_12053	2.49474
k79_2835	4.58757
k79_7353	6.48853
k79_35233	7.18
k79_21161	6.44086
k79_12054	4.48544
k79_2836	4.85185
k79_35234	6.71552
k79_12055	3.22464
k79_21162	3.65543
k79_7354	5.21662
k79_2837	3.52896
k79_7355	2.80374
k79_21163	4.52846
k79_12056	5.47584
k79_2838	3.39773
k79_21164	3.39429
k79_12057	2.65741
k79_7356	5.14173
k79_21165	8.31818
k79_12058	4.83333
k79_2839	2.89423
k79_7357	5.40899
k79_21166	6.44776
k79_2840	9.03275
k79_7358	4.76744
k79_12059	14.1813
k79_12060	6.71717
k79_21167	3.81425
k79_35235	9.0
k79_21168	2.52381
k79_12061	2.94138
k79_21169	6.33113
k79_35236	17.4374
k79_12062	3.90441
k79_35237	5.88496
k79_12063	4.4011
k79_21170	11.227
k79_35238	2.34545
k79_21171	8.12857
k79_35239	8.92462
k79_12064	6.94813
k79_25608	44.2736
k79_35240	2.69291
k79_30094	3.75969
k79_25609	3.01498
k79_21172	11.515
k79_35241	7.8136
k79_25610	5.45455
k79_21173	9.75676
k79_30095	7.39848
k79_25611	2.34259
k79_21174	1.83505
k79_35242	3.7044
k79_25612	4.9801
k79_21175	7.48438
k79_35243	8.34576
k79_21176	5.20899
k79_25613	7.61374
k79_21177	2.12371
k79_30096	9.96894
k79_35244	4.97041
k79_21178	3.8625
k79_25614	23.6546
k79_30097	9.10241
k79_35245	8.56614
k79_21179	7.97368
k79_30098	4.528
k79_25615	5.2533
k79_21180	12.3796
k79_35246	8.37187
k79_30099	7.31148
k79_25616	5.10601
k79_21181	4.50439
k79_35247	7.1828
k79_30100	8.94681
k79_16517	7.23497
k79_21182	2.43158
k79_25617	3.47119
k79_35248	5.47351
k79_16518	6.7807
k79_35249	8.00813
k79_35250	3.36275
k79_21183	13.8627
k79_25618	3.96007
k79_35251	3.79048
k79_16519	8.08278
k79_30101	5.31681
k79_25619	6.76282
k79_21184	4.93607
k79_16520	17.8452
k79_30102	10.4867
k79_25620	4.6
k79_21185	4.75983
k79_21186	5.36559
k79_30103	7.72
k79_35252	8.87776
k79_25621	3.50185
k79_16521	7.94664
k79_21187	3.53933
k79_35253	3.38182
k79_16522	3.91209
k79_35254	6.13548
k79_25622	16.854
k79_21188	3.48837
k79_16523	7.64545
k79_21189	6.98131
k79_30104	10.4137
k79_35255	12.8912
k79_21190	3.56
k79_25623	4.90511
k79_30105	4.36667
k79_16524	9.13425
k79_25624	7.14706
k79_35256	3.34272
k79_21191	5.91791
k79_30106	4.22321
k79_12065	56.6465
k79_25625	8.30435
k79_21192	5.51685
k79_35257	9.51961
k79_30107	7.48
k79_21193	6.75556
k79_16525	9.99145
k79_25626	5.68475
k79_12066	3.84343
k79_16526	4.35165
k79_21194	6.5283
k79_12067	2.45455
k79_35258	5.14201
k79_25627	4.94361
k79_30108	7.11089
k79_16527	3.45098
k79_35259	2.51656
k79_25628	8.01604
k79_21195	5.31609
k79_35260	5.61798
k79_16528	8.12381
k79_25629	5.40909
k79_21196	4.85714
k79_30109	4.63241
k79_12068	4.85844
k79_30110	3.37755
k79_21197	3.89637
k79_25630	5.83388
k79_7359	7.72393
k79_25631	18.1556
k79_30111	6.64171
k79_21198	6.57196
k79_12069	8.58873
k79_7360	3.11261
k79_25632	2.13534
k79_16529	8.19714
k79_30112	2.34568
k79_7361	6.13924
k79_21199	5.21538
k79_35261	8.11407
k79_30113	4.81383
k79_12070	5.89841
k79_16530	15.2876
k79_2841	8.62998
k79_25633	26.5972
k79_7362	6.03476
k79_16531	7.58602
k79_12071	4.34416
k79_16532	5.57333
k79_30114	3.33879
k79_16533	7.23611
k79_12072	4.45401
k79_25634	7.70357
k79_30115	3.23913
k79_7363	6.15649
k79_25635	3.54783
k79_2842	11.3279
k79_7364	2.5534
k79_16534	9.33495
k79_25636	5.64463
k79_21200	5.87619
k79_12073	4.82974
k79_16535	8.64463
k79_7365	5.31443
k79_2843	6.91837
k79_25637	7.83217
k79_12074	4.38889
k79_2844	3.472
k79_16536	2.60426
k79_25638	2.67829
k79_25639	3.17476
k79_12075	3.2963
k79_16537	6.54373
k79_12076	3.53226
k79_12077	3.70103
k79_16538	11.0193
k79_30116	4.71419
k79_2845	11.0971
k79_7366	9.57936
k79_30117	8.94118
k79_16539	3.72031
k79_16540	26.3204
k79_7367	4.83402
k79_2846	14.6785
k79_30118	4.18421
k79_21201	6.63337
k79_2847	1.80769
k79_30119	4.8587
k79_7368	9.28889
k79_21202	11.8188
k79_16541	4.01003
k79_7369	2.73626
k79_21203	6.19412
k79_7370	2.28346
k79_2848	3.55647
k79_16542	5.36293
k79_12078	9.91002
k79_30120	6.93246
k79_21204	4.08219
k79_25640	6.26368
k79_7371	7.29448
k79_2849	4.30534
k79_16543	9.86458
k79_30121	2.50862
k79_21205	6.15652
k79_2850	5.50526
k79_16544	3.94783
k79_16545	4.10811
k79_2851	4.38144
k79_25641	5.01862
k79_21206	4.52423
k79_30122	4.09091
k79_12079	4.79518
k79_2852	5.79032
k79_7372	8.39894
k79_30123	2.77869
k79_12080	6.88166
k79_2853	7.02041
k79_16546	2.40252
k79_30124	4.23179
k79_25642	5.2809
k79_12081	5.68421
k79_7373	6.92884
k79_2854	11.1744
k79_7374	3.8427
k79_25643	9.36709
k79_30125	3.41892
k79_2855	1.75
k79_12082	3.64685
k79_25644	5.37226
k79_7375	3.71429
k79_30126	5.80269
k79_2856	9.21801
k79_12083	5.78808
k79_7376	3.16832
k79_25645	8.70892
k79_12084	4.34286
k79_30127	3.82234
k79_2857	4.60377
k79_16547	6.06025
k79_25646	6.90058
k79_12085	4.44538
k79_30128	6.06522
k79_16548	5.75758
k79_2858	5.86122
k79_30129	6.69714
k79_16549	6.03061
k79_35262	6.23037
k79_2859	5.23684
k79_7377	8.97587
k79_30130	5.56808
k79_12086	4.12116
k79_2860	3.15591
k79_35263	12.5935
k79_12087	5.16832
k79_16550	8.48466
k79_30131	5.84746
k79_35264	8.53285
k79_7378	5.53707
k79_16551	3.65385
k79_30132	2.55435
k79_12088	5.02564
k79_35265	5.03822
k79_30133	2.63393
k79_16552	3.36416
k79_12089	4.61453
k79_30134	3.56693
k79_2861	11.3984
k79_35266	4.4939
k79_12090	3.52381
k79_35267	11.5204
k79_12091	5.14634
k79_16553	7.00556
k79_12092	2.71875
k79_7379	5.60362
k79_35268	6.20229
k79_30135	6.44318
k79_16554	4.6
k79_12093	3.78832
k79_35269	6.57009
k79_7380	5.3931
k79_2862	3.82007
k79_12094	8.68132
k79_21207	4.23077
k79_35270	5.97531
k79_30136	5.0
k79_21208	3.66423
k79_30137	5.68421
k79_12095	5.83408
k79_7381	4.35294
k79_35271	6.34921
k79_12096	8.21963
k79_30138	3.075
k79_35272	8.17593
k79_21209	12.809
k79_12097	8.24088
k79_30139	2.19841
k79_12098	4.90909
k79_30140	8.85714
k79_30141	1.88189
k79_21210	8.35068
k79_30142	5.58065
k79_35273	8.18261
k79_35274	3.93631
k79_25647	7.89229
k79_30143	8.69328
k79_35275	3.65591
k79_30144	5.17391
k79_35276	5.73034
k79_30145	7.7439
k79_35277	4.64655
k79_25648	74.0721
k79_30146	5.11562
k79_25649	11.4957
k79_35278	10.1621
k79_30147	5.33649
k79_25650	4.81699
k79_25651	5.22034
k79_35279	5.33735
k79_21211	19.4194
k79_25652	3.8797
k79_12099	7.53125
k79_35280	31.9789
k79_12100	3.39627
k79_30148	13.1961
k79_35281	5.38537
k79_30149	4.97753
k79_12101	3.90566
k79_30150	4.35106
k79_35282	5.35542
k79_12102	5.27642
k79_30151	2.56934
k79_35283	5.31737
k79_12103	3.30159
k79_30152	10.1053
k79_25653	8.1833
k79_12104	4.49791
k79_35284	6.184
k79_30153	6.41045
k79_25654	3.7341
k79_12105	6.27941
k79_30154	4.10619
k79_25655	3.99065
k79_12106	9.36397
k79_30155	3.47811
k79_25656	5.1383
k79_30156	7.18635
k79_25657	10.0582
k79_35285	6.80588
k79_30157	2.50725
k79_12107	49.3675
k79_12108	6.52174
k79_35286	4.15847
k79_12109	5.55
k79_35287	5.7512
k79_7382	4.69649
k79_12110	5.91241
k79_35288	6.57576
k79_7383	4.56364
k79_35289	16.9927
k79_7384	6.72159
k79_12111	5.68997
k79_35290	4.75532
k79_7385	5.40773
k79_12112	7.31336
k79_35291	3.83146
k79_12113	3.5468
k79_7386	7.66769
k79_12114	7.2266
k79_7387	6.91282
k79_12115	3.21359
k79_12116	3.0
k79_12117	3.14286
k79_25658	37.2673
k79_35292	6.29688
k79_12118	10.4785
k79_2863	7.28096
k79_25659	1.97115
k79_35293	6.0
k79_2864	5.23913
k79_12119	5.48366
k79_25660	6.125
k79_35294	5.56391
k79_12120	10.8435
k79_25661	3.59386
k79_35295	7.28195
k79_12121	11.1308
k79_2865	10.2645
k79_25662	5.7094
k79_35296	3.79832
k79_2866	4.78767
k79_25663	9.2638
k79_7388	68.5226
k79_12122	8.34754
k79_2867	3.54082
k79_25664	1.47423
k79_35297	6.18133
k79_2868	5.50467
k79_25665	3.43878
k79_12123	9.87671
k79_2869	7.27381
k79_35298	2.94656
k79_12124	4.95098
k79_7389	5.99691
k79_35299	2.85821
k79_2870	7.83333
k79_12125	4.0177
k79_16555	6.25253
k79_25666	6.69587
k79_2871	4.26718
k79_7390	10.0309
k79_25667	4.50136
k79_16556	5.64815
k79_7391	4.42088
k79_25668	2.361
k79_16557	3.7957
k79_7392	2.84058
k79_35300	10.4626
k79_16558	6.62416
k79_7393	3.92857
k79_25669	4.9599
k79_25670	6.68276
k79_25671	2.27103
k79_16559	7.96745
k79_25672	4.60504
k79_16560	5.52101
k79_35301	8.22741
k79_35302	2.52809
k79_16561	5.77391
k79_35303	5.5
k79_25673	5.04802
k79_16562	12.0265
k79_21212	4.75728
k79_35304	5.50973
k79_35305	2.72826
k79_21213	6.98462
k79_35306	4.18557
k79_21214	2.745
k79_35307	3.25806
k79_21215	4.12022
k79_35308	3.87006
k79_16563	5.62125
k79_21216	13.4772
k79_35309	5.35644
k79_21217	14.8813
k79_21218	6.83
k79_16564	10.1652
k79_2872	15.2728
k79_35310	3.65435
k79_2873	6.26797
k79_16565	4.47761
k79_30158	42.2313
k79_35311	5.15827
k79_2874	5.89404
k79_2875	2.9
k79_35312	7.88186
k79_16566	6.13689
k79_2876	4.75676
k79_30159	4.72682
k79_16567	3.7451
k79_35313	9.93311
k79_30160	8.31126
k79_35314	4.92913
k79_2877	6.87278
k79_16568	3.74233
k79_16569	3.69872
k79_35315	8.1102
k79_2878	13.2917
k79_21219	5.39108
k79_35316	5.58209
k79_2879	3.30556
k79_16570	6.02022
k79_21220	8.45318
k79_30161	7.48904
k79_35317	5.68452
k79_2880	3.85761
k79_16571	2.32386
k79_35318	5.87629
k79_21221	8.59076
k79_30162	5.40493
k79_2881	4.20755
k79_16572	7.76316
k79_21222	6.97931
k79_2882	5.08276
k79_35319	8.25132
k79_21223	4.41606
k79_16573	8.67385
k79_21224	7.3125
k79_16574	3.51887
k79_21225	1.74016
k79_35320	7.91194
k79_16575	8.556
k79_2883	89.9819
k79_16576	3.35625
k79_21226	6.77492
k79_35321	4.69302
k79_35322	5.14773
k79_21227	3.87097
k79_16577	6.09547
k79_21228	5.5914
k79_16578	7.2
k79_35323	12.2183
k79_16579	2.775
k79_35324	14.4257
k79_30163	8.1967
k79_25674	8.82237
k79_30164	8.97833
k79_25675	7.97452
k79_30165	5.56579
k79_21229	6.17027
k79_30166	7.01754
k79_30167	8.42771
k79_21230	5.58838
k79_30168	8.49315
k79_21231	9.35034
k79_30169	3.14844
k79_25676	5.18657
k79_21232	3.81761
k79_30170	2.68889
k79_35325	48.1324
k79_25677	4.78778
k79_35326	2.38756
k79_21233	5.99408
k79_16580	4.71429
k79_25678	3.26718
k79_12126	6.07042
k79_16581	2.47955
k79_25679	3.16129
k79_12127	3.80405
k79_12128	7.55122
k79_35327	8.20513
k79_12129	6.31915
k79_16582	8.55326
k79_25680	7.56214
k79_35328	4.61145
k79_12130	2.27152
k79_35329	104.938
k79_25681	3.04036
k79_16583	4.96479
k79_35330	2.72816
k79_25682	4.22764
k79_16584	4.23958
k79_35331	6.53623
k79_16585	7.89542
k79_25683	2.98551
k79_12131	6.1026
k79_25684	4.17219
k79_16586	6.9505
k79_12132	8.68582
k79_25685	4.05455
k79_16587	2.61579
k79_12133	3.18367
k79_16588	5.05738
k79_25686	4.54955
k79_12134	11.59
k79_7394	44.5236
k79_25687	4.42342
k79_16589	2.80729
k79_12135	4.7764
k79_25688	4.03521
k79_35332	10.3941
k79_25689	7.60417
k79_16590	3.53846
k79_12136	6.70801
k79_35333	6.31884
k79_7395	7.99081
k79_25690	4.00957
k79_35334	3.7449
k79_25691	4.69718
k79_7396	5.55024
k79_35335	3.53202
k79_12137	12.4899
k79_16591	4.79964
k79_12138	7.89286
k79_16592	4.30213
k79_35336	7.4147
k79_12139	4.87086
k79_35337	4.35714
k79_7397	11.5324
k79_35338	21.0833
k79_2884	3.7651
k79_16593	8.89194
k79_35339	4.08205
k79_12140	9.45492
k79_2885	3.83442
k79_35340	4.16216
k79_12141	5.07407
k79_16594	5.95297
k79_2886	29.1073
k79_35341	5.08333
k79_25692	42.5389
k79_35342	8.15108
k79_16595	4.9375
k79_16596	7.90476
k79_25693	4.69591
k79_35343	3.9145
k79_2887	5.51892
k79_7398	9.11507
k79_12142	5.45691
k79_25694	3.02183
k79_16597	3.42857
k79_12143	7.48544
k79_16598	14.8879
k79_12144	6.01176
k79_35344	4.90925
k79_16599	3.5
k79_12145	3.69027
k79_25695	9.9211
k79_35345	7.02456
k79_25696	9.01887
k79_2888	6.34029
k79_30171	3.65217
k79_21234	8.15385
k79_2889	3.47619
k79_21235	5.09821
k79_2890	4.92195
k79_25697	6.33544
k79_7399	8.39326
k79_30172	4.58726
k79_7400	4.0
k79_2891	9.2411
k79_21236	5.88602
k79_7401	8.34965
k79_30173	6.31148
k79_7402	3.41781
k79_25698	5.95657
k79_21237	10.4904
k79_35346	7.5531
k79_21238	3.31944
k79_35347	6.19457
k79_25699	4.67041
k79_30174	10.2449
k79_7403	17.6216
k79_35348	6.336
k79_2892	7.4733
k79_25700	3.93583
k79_2893	8.49673
k79_35349	12.8894
k79_25701	4.42149
k79_2894	4.21348
k79_7404	4.92037
k79_35350	3.52663
k79_30175	8.21788
k79_25702	5.42593
k79_35351	6.34375
k79_7405	3.11446
k79_2895	7.25926
k79_30176	4.48611
k79_7406	7.72266
k79_2896	5.98442
k79_25703	7.55682
k79_30177	5.03962
k79_25704	3.33929
k79_30178	2.36458
k79_25705	4.58333
k79_30179	7.84096
k79_25706	5.2
k79_25707	7.95522
k79_30180	4.5
k79_25708	8.07692
k79_30181	7.02155
k79_25709	6.45763
k79_25710	6.4382
k79_7407	12.1518
k79_30182	7.64592
k79_21239	38.4281
k79_25711	5.31437
k79_7408	7.51887
k79_30183	5.20408
k79_25712	2.77778
k79_7409	5.09474
k79_21240	4.94086
k79_30184	7.11151
k79_7410	4.35669
k79_25713	13.8452
k79_7411	5.6383
k79_30185	2.36036
k79_21241	4.85023
k79_7412	14.31
k79_25714	3.56398
k79_21242	2.25641
k79_30186	4.47967
k79_7413	4.59028
k79_21243	9.34234
k79_30187	5.23704
k79_25715	3.15481
k79_21244	4.48649
k79_25716	6.44571
k79_30188	6.95982
k79_21245	3.17094
k79_25717	3.29839
k79_21246	6.16931
k79_7414	9.03774
k79_21247	8.52414
k79_25718	5.81091
k79_7415	6.8902
k79_30189	11.3106
k79_25719	5.83019
k79_7416	5.00858
k79_30190	2.82383
k79_25720	5.49711
k79_30191	4.84138
k79_25721	5.69811
k79_25722	4.0
k79_21248	65.5717
k79_30192	4.26527
k79_25723	12.9138
k79_30193	4.52632
k79_16600	6.80781
k79_12146	4.51629
k79_7417	19.2617
k79_16601	7.30952
k79_12147	4.5279
k79_7418	6.21233
k79_16602	17.8933
k79_12148	4.58919
k79_25724	7.3822
k79_16603	3.97917
k79_12149	14.2077
k79_25725	3.05921
k79_7419	6.33265
k79_16604	7.08667
k79_25726	4.41935
k79_7420	5.81818
k79_12150	9.30205
k79_16605	4.17188
k79_25727	4.03318
k79_16606	4.07547
k79_7421	8.75416
k79_16607	4.07143
k79_12151	6.87555
k79_25728	7.99272
k79_16608	5.88389
k79_35352	4.6
k79_12152	8.48361
k79_25729	4.24603
k79_16609	2.93204
k79_35353	3.44167
k79_12153	9.46753
k79_25730	8.46281
k79_16610	2.17949
k79_35354	2.15741
k79_12154	6.32331
k79_25731	13.6792
k79_7422	10.552
k79_35355	5.10117
k79_12155	2.57025
k79_25732	2.8296
k79_12156	2.61818
k79_35356	11.8028
k79_25733	6.85128
k79_7423	8.08153
k79_12157	7.14
k79_25734	3.78873
k79_7424	3.41353
k79_25735	5.90155
k79_35357	4.30818
k79_12158	3.27
k79_25736	5.94017
k79_16611	8.60133
k79_12159	6.51185
k79_25737	9.21003
k79_16612	7.09646
k79_12160	11.5276
k79_7425	21.0997
k79_12161	5.98936
k79_35358	10.2144
k79_12162	8.19333
k79_7426	3.74286
k79_25738	8.28006
k79_7427	7.38462
k79_12163	5.29915
k79_25739	2.40385
k79_7428	4.5241
k79_12164	6.33333
k79_7429	3.43636
k79_25740	3.70898
k79_16613	9.06156
k79_25741	7.98901
k79_12165	3.38682
k79_35359	17.0334
k79_12166	5.75895
k79_7430	7.07469
k79_7431	3.41304
k79_7432	6.12871
k79_35360	8.93061
k79_7433	7.63758
k79_7434	2.46154
k79_12167	17.6768
k79_35361	3.61316
k79_16614	7.05809
k79_7435	3.02685
k79_12168	4.65517
k79_16615	11.9348
k79_12169	5.30769
k79_7436	5.15882
k79_25742	8.96014
k79_35362	6.15774
k79_16616	4.63636
k79_7437	4.53846
k79_12170	6.46995
k79_16617	9.75385
k79_35363	17.7182
k79_12171	2.83696
k79_35364	16.9925
k79_25743	3.52164
k79_7438	9.53511
k79_16618	5.56011
k79_35365	3.78205
k79_16619	11.0051
k79_21249	4.82035
k79_25744	4.06383
k79_35366	4.56482
k79_7439	9.53963
k79_12172	9.00829
k79_21250	2.84722
k79_7440	2.89865
k79_21251	7.16832
k79_30194	5.89676
k79_7441	2.56667
k79_21252	4.38931
k79_12173	4.47551
k79_21253	4.55645
k79_25745	9.29396
k79_35367	9.43034
k79_30195	9.05593
k79_25746	3.36444
k79_35368	4.17323
k79_12174	4.4274
k79_12175	4.0
k79_35369	6.33537
k79_25747	16.4441
k79_21254	5.52964
k79_12176	7.12
k79_25748	6.1773
k79_25749	7.85612
k79_12177	12.859
k79_25750	4.94737
k79_21255	13.9591
k79_12178	4.11565
k79_7442	6.88042
k79_12179	15.4926
k79_35370	3.2276
k79_25751	3.4058
k79_7443	4.10897
k79_35371	2.45794
k79_12180	6.57059
k79_25752	3.66507
k79_7444	4.34211
k79_21256	6.66822
k79_7445	2.86275
k79_25753	2.58865
k79_35372	3.50754
k79_25754	5.95652
k79_35373	10.4432
k79_7446	6.21069
k79_35374	6.57895
k79_25755	8.41715
k79_7447	5.81343
k79_25756	3.21111
k79_21257	11.0383
k79_7448	3.85771
k79_35375	3.81312
k79_25757	5.27586
k79_21258	6.14683
k79_25758	1.99219
k79_35376	3.4
k79_21259	5.7234
k79_7449	6.30097
k79_35377	9.96209
k79_21260	3.05263
k79_25759	4.29607
k79_7450	4.69231
k79_30196	11.2193
k79_21261	5.36646
k79_25760	4.51685
k79_35378	3.39293
k79_7451	5.56098
k79_30197	7.66364
k79_21262	3.04795
k79_25761	3.97321
k79_35379	4.35676
k79_25762	3.34409
k79_7452	3.64865
k79_21263	3.05298
k79_35380	2.40351
k79_7453	7.80838
k79_25763	8.36539
k79_30198	12.4689
k79_21264	7.20725
k79_35381	15.3596
k79_25764	5.7459
k79_30199	4.45263
k79_7454	6.86364
k79_2897	64.2693
k79_25765	2.89344
k79_35382	9.47468
k79_30200	4.00877
k79_25766	5.13725
k79_30201	4.48315
k79_21265	7.25912
k79_2898	6.13816
k79_35383	5.74095
k79_25767	9.63281
k79_21266	3.79675
k79_30202	4.65714
k79_7455	4.07945
k79_2899	3.05303
k79_25768	3.26316
k79_35384	3.45763
k79_30203	4.11881
k79_7456	7.57143
k79_21267	4.50259
k79_2900	9.20276
k79_30204	6.27329
k79_21268	5.58654
k79_25769	3.66372
k79_25770	3.43503
k79_21269	5.49444
k79_7457	10.2675
k79_30205	5.80769
k79_7458	9.01869
k79_25771	3.45217
k79_21270	6.61667
k79_25772	8.09677
k79_16620	8.83333
k79_21271	5.05696
k79_2901	13.5492
k79_25773	4.77437
k79_16621	4.53973
k79_2902	8.66071
k79_21272	5.11011
k79_16622	6.8843
k79_2903	5.59677
k79_25774	5.39869
k79_2904	10.9345
k79_25775	5.9441
k79_16623	4.68456
k79_21273	6.67251
k79_2905	6.62428
k79_21274	6.73282
k79_25776	4.39695
k79_21275	4.92366
k79_16624	4.30018
k79_2906	8.51452
k79_25777	5.45041
k79_2907	2.96319
k79_25778	6.0977
k79_16625	10.7522
k79_2908	5.66337
k79_16626	7.2037
k79_21276	6.42952
k79_2909	6.51304
k79_16627	1.74157
k79_16628	5.02439
k79_21277	6.4507
k79_25779	17.8108
k79_2910	4.71705
k79_16629	2.59649
k79_21278	4.96774
k79_7459	39.0604
k79_25780	9.4652
k79_2911	5.24419
k79_16630	6.8642
k79_21279	7.43299
k79_7460	5.54717
k79_25781	3.11215
k79_2912	4.18812
k79_16631	7.03419
k79_7461	5.85556
k79_21280	3.80658
k79_7462	3.8777
k79_2913	3.74063
k79_12181	15.2727
k79_16632	8.28221
k79_7463	2.62112
k79_2914	7.42453
k79_16633	4.88462
k79_2915	5.19298
k79_12182	5.49074
k79_2916	7.59494
k79_25782	12.7538
k79_16634	8.75362
k79_12183	4.55352
k79_25783	4.264
k79_2917	5.09709
k79_16635	2.45652
k79_12184	6.984
k79_25784	4.3866
k79_12185	3.96774
k79_25785	14.0053
k79_16636	4.81401
k79_2918	12.0198
k79_25786	8.37288
k79_16637	5.38614
k79_12186	4.51467
k79_16638	7.17197
k79_2919	8.13716
k79_16639	6.68449
k79_25787	8.70072
k79_35385	8.3271
k79_16640	3.20937
k79_25788	6.72632
k79_12187	11.0732
k79_16641	6.11243
k79_7464	59.9558
k79_25789	4.99275
k79_12188	6.128
k79_16642	3.99444
k79_7465	4.84821
k79_35386	4.63904
k79_12189	8.82353
k79_35387	3.1413
k79_16643	6.90786
k79_7466	3.0597
k79_35388	3.01887
k79_25790	4.75036
k79_12190	9.09167
k79_16644	3.11111
k79_12191	4.55797
k79_7467	5.84478
k79_35389	5.61918
k79_12192	4.43443
k79_25791	7.08633
k79_7468	6.59004
k79_16645	5.17079
k79_12193	8.21127
k79_35390	7.65476
k79_25792	11.8663
k79_16646	12.246
k79_12194	3.02308
k79_35391	4.26846
k79_25793	7.05224
k79_16647	4.52727
k79_30206	3.08421
k79_12195	3.67857
k79_25794	13.3592
k79_35392	7.85887
k79_7469	10.3194
k79_12196	3.86869
k79_30207	7.30682
k79_35393	5.94382
k79_12197	3.56557
k79_7470	10.8846
k79_25795	5.67611
k79_30208	5.13675
k79_35394	12.7009
k79_7471	4.43966
k79_25796	7.66667
k79_12198	4.29392
k79_30209	11.062
k79_35395	2.58586
k79_30210	5.57292
k79_35396	4.27891
k79_12199	3.26809
k79_7472	3.73754
k79_30211	3.95588
k79_25797	5.37194
k79_7473	2.36709
k79_12200	5.93048
k79_12201	4.20628
k79_7474	3.08571
k79_25798	11.9313
k79_30212	3.99802
k79_25799	5.61468
k79_30213	10.5789
k79_12202	8.73141
k79_25800	3.74225
k79_2920	5.22857
k79_30214	10.626
k79_25801	2.93233
k79_2921	10.5956
k79_12203	3.67073
k79_30215	7.73684
k79_12204	3.65455
k79_30216	2.06993
k79_35397	8.02041
k79_25802	6.22902
k79_30217	6.09091
k79_7475	38.0662
k79_25803	2.62
k79_2922	8.06184
k79_25804	2.45528
k79_30218	8.60119
k79_35398	3.99271
k79_2923	4.425
k79_7476	12.281
k79_35399	4.77174
k79_30219	11.5533
k79_25805	5.48755
k79_35400	5.25316
k79_7477	3.53988
k79_2924	5.75
k79_30220	4.16129
k79_25806	8.75789
k79_35401	7.15
k79_7478	10.7174
k79_30221	4.8324
k79_2925	6.52632
k79_7479	2.87379
k79_35402	3.57566
k79_25807	5.32458
k79_7480	5.89076
k79_7481	3.31373
k79_35403	7.97414
k79_30222	10.9399
k79_2926	4.55782
k79_7482	2.33803
k79_30223	6.51592
k79_2927	9.23364
k79_25808	6.16816
k79_30224	7.76
k79_35404	6.25823
k79_7483	3.85659
k79_25809	2.51299
k79_35405	7.57278
k79_30225	5.0558
k79_7484	13.1055
k79_35406	4.58523
k79_30226	5.48469
k79_35407	7.84444
k79_2928	11.5981
k79_30227	12.4371
k79_2929	2.11927
k79_7485	11.1647
k79_30228	3.09286
k79_12205	24.2843
k79_2930	2.10084
k79_7486	2.88172
k79_12206	5.21212
k79_30229	3.89636
k79_2931	5.67424
k79_12207	2.95263
k79_25810	5.39372
k79_2932	5.65254
k79_30230	3.83962
k79_7487	11.0462
k79_7488	7.14953
k79_25811	4.59184
k79_30231	9.39769
k79_7489	3.40152
k79_12208	6.76307
k79_2933	6.614
k79_12209	4.38393
k79_30232	5.204
k79_12210	4.51042
k79_2934	13.3784
k79_7490	10.7445
k79_25812	3.01163
k79_7491	3.61667
k79_2935	6.29474
k79_12211	7.07521
k79_7492	2.5
k79_25813	5.23055
k79_2936	4.72222
k79_25814	2.75701
k79_2937	3.51515
k79_7493	5.84474
k79_12212	4.21869
k79_25815	7.0354
k79_7494	3.13182
k79_2938	4.60641
k79_7495	2.86555
k79_12213	6.91667
k79_7496	1.95429
k79_7497	4.35019
k79_2939	5.36159
k79_7498	3.07339
k79_7499	3.60811
k79_7500	8.84989
k79_7501	3.63924
k79_7502	7.55651
k79_7503	2.5045
k79_7504	5.76471
k79_7505	3.7381
k79_7506	4.83217
k79_7507	4.48
k79_7508	3.23333
k79_7509	8.83028
k79_7510	4.8144
k79_30233	16.0713
k79_30234	10.0303
k79_7511	11.3839
k79_7512	2.89209
k79_35408	7.02929
k79_35409	7.97183
k79_35410	2.11364
k79_7513	3.72165
k79_21281	48.574
k79_7514	3.44928
k79_21282	6.42982
k79_35411	10.6799
k79_7515	4.88136
k79_35412	5.97273
k79_21283	16.574
k79_7516	2.38686
k79_35413	3.52083
k79_16648	9.97418
k79_7517	3.37097
k79_35414	4.65818
k79_25816	52.5789
k79_16649	5.0315
k79_7518	2.96923
k79_35415	7.80519
k79_7519	3.64615
k79_25817	4.64977
k79_16650	7.33871
k79_21284	7.85032
k79_16651	3.65946
k79_21285	5.90385
k79_35416	4.86758
k79_7520	7.9969
k79_21286	11.8137
k79_16652	9.06667
k79_25818	8.83302
k79_25819	7.93333
k79_16653	3.35457
k79_25820	12.3077
k79_25821	5.31193
k79_16654	8.4429
k79_21287	5.5867
k79_25822	5.87629
k79_16655	5.14394
k79_25823	4.87129
k79_21288	3.11243
k79_16656	5.89796
k79_21289	7.13043
k79_25824	8.13968
k79_16657	7.21222
k79_21290	6.16026
k79_16658	3.94574
k79_21291	7.13816
k79_16659	3.61594
k79_25825	4.50664
k79_16660	5.85567
k79_16661	5.10101
k79_25826	4.90756
k79_25827	4.68478
k79_21292	6.23802
k79_2940	2.775
k79_21293	5.25
k79_16662	7.28846
k79_12214	16.8741
k79_2941	3.65714
k79_21294	4.8629
k79_12215	41.8512
k79_25828	9.14391
k79_21295	4.08824
k79_16663	5.38066
k79_12216	2.60274
k79_25829	6.79661
k79_21296	2.68
k79_2942	6.358
k79_25830	2.61765
k79_12217	1.43939
k79_21297	2.89873
k79_25831	6.43333
k79_12218	3.27068
k79_16664	8.23297
k79_21298	7.45714
k79_16665	2.96875
k79_2943	5.83366
k79_25832	3.82315
k79_21299	5.36704
k79_2944	11.1183
k79_16666	3.79885
k79_12219	10.1472
k79_16667	2.98925
k79_21300	6.94262
k79_2945	4.75316
k79_12220	6.0904
k79_25833	3.01913
k79_16668	5.44845
k79_7521	7.55422
k79_25834	3.11702
k79_12221	11.2515
k79_12222	3.36
k79_7522	8.02516
k79_21301	5.4793
k79_25835	5.36493
k79_16669	6.4212
k79_25836	2.82524
k79_7523	4.87978
k79_12223	3.94198
k79_2946	12.0237
k79_25837	2.68142
k79_16670	10.093
k79_12224	2.18321
k79_25838	2.7732
k79_21302	6.0785
k79_7524	3.52941
k79_16671	3.26012
k79_2947	3.36604
k79_25839	5.53465
k79_21303	3.52893
k79_7525	3.07812
k79_16672	4.32867
k79_7526	3.70787
k79_2948	6.83784
k79_25840	5.73988
k79_16673	2.52747
k79_12225	4.37712
k79_21304	6.33119
k79_16674	3.95597
k79_12226	8.3617
k79_21305	5.02685
k79_12227	5.08989
k79_16675	17.057
k79_2949	11.6407
k79_12228	4.13953
k79_16676	6.45455
k79_7527	10.3047
k79_21306	4.10023
k79_16677	3.17
k79_2950	5.1938
k79_21307	9.70968
k79_12229	4.02532
k79_12230	3.0087
k79_16678	8.8488
k79_7528	7.04545
k79_2951	6.01587
k79_16679	4.52033
k79_21308	7.36528
k79_12231	4.90795
k79_7529	7.14062
k79_16680	14.1304
k79_12232	3.5
k79_7530	4.16788
k79_16681	4.54819
k79_2952	5.54201
k79_21309	4.3286
k79_2953	2.38636
k79_16682	3.57407
k79_21310	11.397
k79_2954	6.0989
k79_16683	35.8333
k79_12233	19.5931
k79_21311	2.40343
k79_2955	8.84768
k79_30235	3.55319
k79_12234	5.01567
k79_21312	2.72637
k79_30236	51.1441
k79_2956	3.44643
k79_21313	4.44811
k79_30237	5.41887
k79_2957	6.41106
k79_30238	7.69178
k79_21314	4.97493
k79_30239	5.86239
k79_2958	2.23316
k79_25841	44.0374
k79_30240	3.9726
k79_25842	2.16854
k79_21315	4.24631
k79_30241	2.2406
k79_25843	7.2
k79_30242	4.61321
k79_21316	6.09375
k79_30243	4.12903
k79_21317	5.26012
k79_12235	6.36239
k79_35417	42.8672
k79_16684	8.31739
k79_30244	6.90928
k79_21318	5.04967
k79_12236	5.77459
k79_25844	9.64238
k79_21319	2.74138
k79_12237	3.0625
k79_35418	6.74713
k79_25845	2.85517
k79_21320	6.07143
k79_30245	17.2732
k79_35419	8.95506
k79_12238	2.51163
k79_21321	5.07801
k79_30246	3.95506
k79_30247	13.4196
k79_21322	5.6255
k79_30248	8.67456
k79_35420	4.911
k79_25846	6.57921
k79_21323	9.53114
k79_35421	8.36628
k79_30249	14.8425
k79_21324	4.47904
k79_25847	19.6113
k79_30250	8.57018
k79_25848	3.19328
k79_21325	4.74825
k79_30251	6.80702
k79_35422	5.81818
k79_25849	2.96855
k79_35423	4.67133
k79_25850	2.93284
k79_21326	3.40655
k79_25851	5.18251
k79_12239	3.01235
k79_21327	5.82812
k79_21328	3.84615
k79_25852	6.90282
k79_30252	9.62402
k79_12240	7.95989
k79_30253	11.7912
k79_12241	5.32407
k79_25853	4.01543
k79_30254	4.95238
k79_25854	4.01709
k79_12242	3.76667
k79_25855	4.01667
k79_12243	6.75203
k79_30255	6.32634
k79_21329	10.5397
k79_25856	6.80328
k79_30256	9.43558
k79_25857	5.42254
k79_21330	4.63077
k79_25858	6.67089
k79_21331	8.7265
k79_30257	6.67692
k79_12244	5.20021
k79_25859	16.3447
k79_21332	3.42515
k79_30258	2.97518
k79_21333	3.76768
k79_12245	4.11919
k79_25860	3.80556
k79_30259	7.0
k79_25861	4.59483
k79_21334	9.34389
k79_25862	8.5859
k79_21335	8.62222
k79_30260	5.86885
k79_25863	12.4742
k79_21336	12.3814
k79_30261	5.52427
k79_12246	9.77091
k79_21337	4.8436
k79_30262	7.40376
k79_12247	5.46821
k79_12248	15.3149
k79_21338	5.83585
k79_30263	5.13165
k79_25864	17.0891
k79_30264	3.40367
k79_25865	18.1973
k79_30265	11.0526
k79_25866	2.26087
k79_25867	4.56329
k79_12249	26.0138
k79_21339	8.75069
k79_16685	31.727
k79_21340	3.92806
k79_16686	11.1735
k79_21341	7.10909
k79_16687	3.66016
k79_12250	15.5
k79_25868	3.79272
k79_21342	6.65611
k79_12251	4.36474
k79_16688	6.7066
k79_16689	12.082
k79_25869	13.2777
k79_21343	4.56169
k79_12252	8.62671
k79_16690	2.60284
k79_21344	3.68362
k79_25870	6.39496
k79_12253	4.44565
k79_16691	2.67961
k79_21345	5.27273
k79_25871	6.65188
k79_21346	6.56
k79_16692	9.61132
k79_35424	4.73936
k79_25872	4.71508
k79_16693	4.88406
k79_35425	6.88811
k79_21347	6.63366
k79_16694	2.01316
k79_35426	5.19355
k79_21348	7.28108
k79_25873	4.00344
k79_16695	5.30233
k79_21349	9.54945
k79_35427	9.72576
k79_16696	4.03766
k79_21350	7.15287
k79_35428	6.09877
k79_25874	5.6225
k79_21351	2.64583
k79_16697	7.71875
k79_25875	3.57343
k79_35429	4.85522
k79_16698	5.44872
k79_25876	4.1352
k79_35430	6.33247
k79_16699	5.67241
k79_25877	7.30583
k79_2959	4.62548
k79_21352	11.8026
k79_35431	6.09391
k79_21353	5.0398
k79_16700	3.72414
k79_35432	7.21277
k79_2960	4.17699
k79_16701	9.43558
k79_21354	10.8866
k79_2961	5.53378
k79_16702	4.56667
k79_35433	40.4345
k79_21355	4.40453
k79_2962	4.58791
k79_16703	2.71084
k79_2963	4.25
k79_35434	5.18497
k79_16704	6.16949
k79_21356	3.40635
k79_16705	3.31183
k79_35435	3.98148
k79_2964	10.9078
k79_21357	3.37327
k79_2965	9.43114
k79_35436	15.3645
k79_25878	5.6199
k79_16706	6.97033
k79_21358	4.17301
k79_16707	3.84018
k79_21359	5.69536
k79_35437	10.0126
k79_35438	5.18382
k79_30266	3.38404
k79_21360	6.52985
k79_25879	14.6816
k79_35439	5.14194
k79_21361	3.52047
k79_30267	14.503
k79_35440	2.57843
k79_25880	15.6124
k79_21362	5.70946
k79_35441	4.68382
k79_25881	5.67883
k79_30268	6.07558
k79_21363	5.76129
k79_25882	2.9322
k79_30269	3.4491
k79_21364	6.40805
k79_35442	6.04013
k79_21365	7.05357
k79_25883	2.71958
k79_30270	9.7625
k79_35443	3.43256
k79_25884	9.76531
k79_21366	3.32143
k79_35444	2.71528
k79_25885	7.25
k79_21367	2.07692
k79_30271	5.28704
k79_2966	13.8524
k79_25886	5.14423
k79_21368	2.57714
k79_30272	3.6
k79_35445	4.54079
k79_2967	10.28
k79_35446	6.58268
k79_7531	44.3816
k79_2968	6.64835
k79_35447	12.6903
k79_21369	4.24165
k79_30273	6.98206
k79_7532	4.06075
k79_21370	4.12757
k79_30274	4.51093
k79_21371	5.41558
k79_35448	4.72325
k79_21372	9.38947
k79_21373	3.85366
k79_35449	4.13014
k79_21374	3.21739
k79_12254	10.2657
k79_35450	7.73684
k79_12255	6.50973
k79_21375	43.5607
k79_12256	4.46281
k79_35451	5.97527
k79_21376	6.22414
k79_35452	3.59429
k79_21377	4.27778
k79_35453	5.2967
k79_21378	3.25843
k79_30275	41.5019
k79_35454	4.5641
k79_21379	3.32979
k79_12257	10.8726
k79_30276	6.99564
k79_35455	3.51791
k79_30277	3.17347
k79_12258	5.29675
k79_30278	4.94521
k79_25887	8.52465
k79_12259	5.78808
k79_2969	17.2454
k79_25888	5.0979
k79_12260	2.4717
k79_35456	6.08288
k79_30279	3.90637
k79_12261	3.159
k79_25889	4.80727
k79_35457	3.18018
k79_2970	7.28059
k79_16708	5.72541
k79_2971	2.90476
k79_12262	8.39018
k79_16709	3.57544
k79_2972	5.91453
k79_25890	9.40702
k79_12263	3.40488
k79_25891	4.61538
k79_12264	4.2487
k79_35458	8.60578
k79_16710	5.48009
k79_35459	2.17188
k79_12265	4.65192
k79_25892	4.64891
k79_16711	23.0553
k79_12266	3.31677
k79_16712	2.42857
k79_2973	7.24334
k79_12267	4.26316
k79_35460	6.7029
k79_25893	5.17391
k79_12268	5.80137
k79_16713	3.58108
k79_25894	2.66507
k79_21380	58.252
k79_12269	5.20863
k79_16714	3.58286
k79_25895	2.28571
k79_35461	4.52809
k79_12270	5.32051
k79_25896	3.84589
k79_16715	5.25
k79_21381	54.8347
k79_12271	23.3099
k79_35462	10.7215
k79_25897	23.1727
k79_21382	3.40876
k79_12272	6.38583
k79_35463	3.02899
k79_16716	7.57968
k79_25898	10.6698
k79_12273	5.19134
k79_35464	2.74219
k79_21383	2.93629
k79_16717	2.09322
k79_35465	12.9462
k79_21384	4.11321
k79_16718	1.54128
k79_25899	4.03313
k79_12274	4.95699
k79_25900	2.64516
k79_16719	5.2971
k79_21385	6.86034
k79_16720	7.2243
k79_12275	8.0086
k79_25901	6.15974
k79_16721	5.49265
k79_16722	2.90816
k79_21386	4.32812
k79_25902	7.6875
k79_12276	33.7635
k79_35466	54.2072
k79_16723	5.83007
k79_21387	10.1405
k79_25903	7.50495
k79_35467	6.40659
k79_12277	4.00727
k79_35468	5.12925
k79_16724	3.75811
k79_21388	5.67901
k79_16725	6.69948
k79_25904	4.36021
k79_21389	3.16107
k79_12278	6.56871
k79_35469	6.67172
k79_21390	2.78495
k79_16726	6.14545
k79_25905	3.56889
k79_21391	3.32836
k79_16727	5.33918
k79_25906	6.62712
k79_16728	4.70588
k79_35470	6.2053
k79_25907	3.73118
k79_16729	6.27215
k79_12279	5.70905
k79_25908	4.47742
k79_35471	3.5
k79_16730	4.92797
k79_25909	5.52632
k79_35472	5.44915
k79_16731	10.9356
k79_12280	19.4583
k79_25910	3.87732
k79_35473	3.81041
k79_12281	6.08547
k79_25911	2.60714
k79_35474	13.7345
k79_12282	6.10204
k79_35475	5.07317
k79_12283	14.2806
k79_25912	4.44469
k79_16732	6.77564
k79_30280	4.4
k79_25913	3.84049
k79_16733	5.73881
k79_30281	13.0915
k79_25914	11.3212
k79_21392	40.5916
k79_35476	11.7268
k79_30282	7.51497
k79_21393	3.26562
k79_16734	5.24941
k79_25915	3.99156
k79_30283	4.56757
k79_16735	83.3216
k79_30284	6.08387
k79_12284	8.42151
k79_25916	10.9504
k79_35477	11.5393
k79_16736	10.9079
k79_12285	4.61856
k79_25917	2.14141
k79_12286	4.54955
k79_16737	5.85956
k79_25918	4.69
k79_35478	10.1972
k79_30285	6.84952
k79_16738	4.9397
k79_25919	7.1097
k79_35479	8.10059
k79_30286	4.0979
k79_16739	3.81683
k79_25920	5.05825
k79_35480	10.35
k79_16740	2.34454
k79_30287	6.67873
k79_25921	3.89299
k79_16741	4.07576
k79_25922	3.81818
k79_30288	5.07014
k79_25923	4.28571
k79_16742	6.21477
k79_16743	4.53293
k79_25924	4.54227
k79_30289	5.94407
k79_25925	6.73404
k79_16744	8.76898
k79_35481	12.0478
k79_25926	4.26506
k79_30290	7.22973
k79_25927	3.04301
k79_16745	9.16949
k79_35482	5.1715
k79_30291	6.54595
k79_25928	1.65686
k79_16746	11.1307
k79_35483	12.1
k79_30292	3.36364
k79_30293	3.78261
k79_16747	5.17327
k79_25929	4.84783
k79_21394	7.69839
k79_30294	3.90184
k79_16748	3.8625
k79_30295	9.448
k79_21395	3.47451
k79_25930	6.98196
k79_16749	5.04369
k79_21396	6.22981
k79_30296	5.49237
k79_21397	4.14634
k79_12287	25.3925
k79_16750	13.209
k79_30297	3.55882
k79_25931	11.4652
k79_21398	3.93377
k79_16751	4.15833
k79_25932	2.5625
k79_30298	3.19318
k79_35484	3.10185
k79_12288	3.95094
k79_30299	3.75
k79_35485	14.6957
k79_16752	3.4868
k79_30300	2.05085
k79_35486	4.13386
k79_16753	3.96154
k79_12289	5.69088
k79_16754	6.56842
k79_30301	3.68293
k79_12290	6.88095
k79_16755	2.99242
k79_30302	9.66456
k79_16756	8.13889
k79_12291	6.42135
k79_12292	5.08163
k79_35487	9.41497
k79_16757	3.79286
k79_30303	5.90632
k79_16758	5.26271
k79_16759	5.1028
k79_35488	4.68798
k79_25933	5.77487
k79_30304	5.68579
k79_16760	7.83412
k79_35489	5.09302
k79_25934	3.36279
k79_35490	4.17778
k79_16761	3.43564
k79_30305	5.79585
k79_16762	4.64835
k79_25935	4.42262
k79_35491	5.93868
k79_30306	5.32738
k79_16763	3.9037
k79_35492	2.83516
k79_30307	4.28302
k79_35493	4.53982
k79_30308	2.85714
k79_35494	5.35165
k79_16764	8.04016
k79_35495	2.82317
k79_30309	5.59533
k79_30310	2.22222
k79_35496	9.5037
k79_25936	6.08238
k79_12293	34.4257
k79_25937	5.68817
k79_35497	3.8
k79_16765	7.7853
k79_30311	4.45247
k79_12294	4.32447
k79_25938	4.98639
k79_35498	8.11659
k79_16766	4.31418
k79_30312	5.64286
k79_35499	5.2071
k79_16767	8.56989
k79_25939	10.5283
k79_12295	4.5062
k79_35500	2.46809
k79_16768	8.52577
k79_25940	2.69182
k79_16769	7.9633
k79_12296	4.9749
k79_7533	47.0997
k79_25941	4.35021
k79_16770	9.56364
k79_35501	3.59653
k79_16771	3.93678
k79_25942	6.0
k79_12297	6.50608
k79_35502	8.704
k79_30313	9.95717
k79_25943	4.6039
k79_12298	4.09677
k79_35503	9.20139
k79_25944	4.31959
k79_35504	4.7
k79_16772	6.88133
k79_7534	19.2814
k79_25945	14.0505
k79_35505	5.63636
k79_30314	7.09868
k79_12299	7.68067
k79_16773	2.55285
k79_35506	5.00565
k79_16774	8.38667
k79_25946	4.63991
k79_35507	11.7143
k79_30315	6.3167
k79_7535	5.96082
k79_12300	9.21414
k79_16775	2.7027
k79_35508	2.70652
k79_25947	4.35119
k79_12301	2.48387
k79_7536	6.47826
k79_30316	3.55797
k79_16776	4.38596
k79_25948	8.36364
k79_7537	6.42857
k79_35509	9.26293
k79_12302	11.403
k79_16777	6.08527
k79_25949	6.90722
k79_30317	5.24062
k79_12303	3.09244
k79_7538	4.14141
k79_16778	3.73636
k79_25950	6.74257
k79_21399	4.52747
k79_30318	6.2
k79_25951	6.8
k79_7539	6.72881
k79_16779	5.0804
k79_25952	7.24211
k79_21400	4.41424
k79_7540	4.04587
k79_16780	4.36898
k79_25953	2.89256
k79_30319	5.05201
k79_12304	27.2142
k79_7541	4.84211
k79_2974	40.8847
k79_30320	5.09901
k79_21401	6.91927
k79_25954	3.54779
k79_16781	5.11351
k79_7542	7.90667
k79_30321	5.00962
k79_12305	3.92394
k79_16782	2.50407
k79_25955	4.99457
k79_21402	4.36137
k79_7543	5.33175
k79_2975	9.79048
k79_12306	3.85714
k79_30322	8.45625
k79_25956	3.46721
k79_7544	5.17582
k79_16783	5.80656
k79_2976	2.68182
k79_25957	10.4497
k79_7545	2.84259
k79_16784	3.9697
k79_21403	7.2455
k79_7546	2.52419
k79_25958	11.3109
k79_7547	5.15238
k79_21404	5.09319
k79_25959	6.93137
k79_21405	2.84783
k79_7548	5.07051
k79_30323	9.62553
k79_7549	3.10145
k79_30324	3.81731
k79_7550	3.08046
k79_2977	7.43359
k79_30325	7.62069
k79_16785	9.61955
k79_30326	7.39865
k79_12307	10.9866
k79_7551	7.42286
k79_2978	2.81029
k79_30327	2.32039
k79_2979	3.50407
k79_7552	3.99112
k79_12308	4.42623
k79_21406	10.3906
k79_2980	2.27528
k79_16786	5.95608
k79_2981	4.51064
k79_21407	3.2161
k79_12309	12.9033
k79_7553	5.06462
k79_30328	6.4264
k79_2982	3.53535
k79_16787	3.98101
k79_12310	6.01869
k79_30329	1.7069
k79_7554	8.2803
k79_21408	16.1364
k79_7555	8.45192
k79_16788	7.25773
k79_21409	4.10101
k79_2983	11.4459
k79_30330	9.99293
k79_12311	3.97087
k79_7556	5.26812
k79_16789	3.59574
k79_21410	6.87109
k79_30331	5.6519
k79_16790	4.11594
k79_7557	5.15029
k79_12312	5.91159
k79_30332	3.8
k79_16791	2.90278
k79_21411	5.84064
k79_7558	4.82759
k79_30333	3.6879
k79_7559	5.22727
k79_21412	4.37542
k79_7560	9.92818
k79_30334	3.88302
k79_16792	13.73
k79_2984	9.32625
k79_12313	14.9048
k79_21413	7.85276
k79_7561	4.61875
k79_16793	2.8374
k79_2985	3.84848
k79_21414	6.75824
k79_12314	3.86719
k79_30335	7.74114
k79_16794	14.1963
k79_21415	5.67692
k79_12315	3.99177
k79_30336	7.70807
k79_2986	4.58333
k79_16795	5.7434
k79_12316	3.77632
k79_21416	2.89615
k79_30337	16.9079
k79_16796	4.09009
k79_12317	3.44828
k79_16797	3.91089
k79_2987	11.7173
k79_21417	3.38214
k79_30338	4.65663
k79_2988	4.57212
k79_12318	4.4235
k79_2989	5.88957
k79_30339	6.81777
k79_2990	3.85106
k79_12319	4.57081
k79_2991	5.26087
k79_21418	5.07135
k79_21419	2.62931
k79_12320	5.82885
k79_21420	4.01863
k79_30340	9.8495
k79_21421	5.01099
k79_30341	3.9797
k79_12321	3.4375
k79_12322	2.73404
k79_30342	3.77489
k79_21422	4.20446
k79_30343	7.69507
k79_21423	7.12651
k79_35510	4.17355
k79_30344	8.99005
k79_2992	30.1612
k79_30345	2.29787
k79_25960	9.54221
k79_2993	5.9697
k79_30346	2.24603
k79_35511	4.79452
k79_25961	3.95417
k79_35512	4.72839
k79_2994	5.18182
k79_2995	2.68041
k79_35513	5.61602
k79_2996	7.26316
k79_7562	3.13699
k79_25962	10.4072
k79_2997	5.2037
k79_35514	5.72642
k79_30347	16.0553
k79_35515	3.27152
k79_25963	6.89057
k79_30348	3.21978
k79_35516	7.13821
k79_2998	6.15848
k79_35517	3.81818
k79_30349	5.53737
k79_35518	7.2549
k79_25964	3.31843
k79_30350	3.45763
k79_30351	4.0
k79_25965	12.5498
k79_7563	14.2022
k79_25966	4.24783
k79_7564	4.90909
k79_25967	5.89952
k79_7565	3.10995
k79_25968	8.64057
k79_30352	9.28232
k79_25969	4.66038
k79_7566	4.00755
k79_25970	2.36567
k79_12323	164.668
k79_7567	12.6548
k79_25971	6.47239
k79_30353	13.6352
k79_21424	2.88384
k79_25972	11.3857
k79_21425	3.65347
k79_7568	8.24444
k79_12324	4.88591
k79_21426	4.592
k79_7569	2.75706
k79_25973	7.29395
k79_21427	5.23684
k79_25974	7.76263
k79_7570	15.0246
k79_12325	5.9397
k79_7571	2.22881
k79_25975	12.3141
k79_12326	6.29965
k79_25976	2.15979
k79_21428	5.87727
k79_25977	2.56731
k79_21429	5.61404
k79_12327	4.05863
k79_21430	3.22556
k79_12328	2.84672
k79_25978	5.54607
k79_7572	4.05057
k79_21431	5.13669
k79_12329	3.3869
k79_25979	9.5303
k79_21432	3.7033
k79_25980	4.16854
k79_21433	2.58421
k79_21434	11.4257
k79_21435	2.24468
k79_21436	2.34653
k79_12330	5.90352
k79_12331	2.22458
k79_12332	11.4721
k79_7573	6.99723
k79_21437	19.6102
k79_35519	9.07531
k79_2999	7.70412
k79_35520	6.88
k79_21438	2.44141
k79_7574	6.2673
k79_3000	4.17213
k79_35521	6.78626
k79_21439	6.60884
k79_7575	3.97855
k79_21440	4.11966
k79_35522	6.45223
k79_7576	4.24607
k79_3001	5.21198
k79_21441	6.24599
k79_35523	6.34066
k79_7577	12.373
k79_35524	5.71382
k79_7578	3.80734
k79_35525	6.60256
k79_3002	7.17202
k79_7579	8.1629
k79_3003	3.83117
k79_35526	6.57854
k79_21442	16.3472
k79_7580	4.49398
k79_3004	7.2028
k79_21443	7.9569
k79_35527	7.51485
k79_7581	5.51691
k79_3005	6.24671
k79_7582	6.90698
k79_21444	13.3822
k79_3006	4.73404
k79_35528	3.83678
k79_21445	3.89916
k79_7583	4.06135
k79_3007	5.2076
k79_35529	6.20669
k79_7584	4.24324
k79_21446	8.51227
k79_7585	8.22917
k79_21447	4.35821
k79_3008	20.0098
k79_3009	5.22819
k79_7586	5.3504
k79_35530	4.40931
k79_21448	6.67273
k79_7587	2.27027
k79_3010	7.52925
k79_21449	2.74902
k79_7588	3.18841
k79_35531	14.459
k79_30354	6.076
k79_3011	3.29091
k79_7589	3.01093
k79_3012	3.7757
k79_35532	6.16466
k79_21450	6.87364
k79_30355	5.67544
k79_7590	8.58537
k79_35533	10.2626
k79_30356	5.11735
k79_7591	6.2973
k79_12333	9.17431
k79_21451	6.12473
k79_12334	6.64737
k79_3013	6.39193
k79_7592	5.87713
k79_21452	3.18386
k79_12335	4.66019
k79_3014	3.35455
k79_30357	5.89482
k79_7593	8.65128
k79_21453	7.11111
k79_3015	3.23308
k79_12336	4.6824
k79_30358	3.29457
k79_21454	4.49372
k79_7594	5.61017
k79_12337	4.27935
k79_30359	10.964
k79_3016	4.84239
k79_7595	9.93333
k79_30360	5.87097
k79_21455	9.55793
k79_3017	4.45098
k79_7596	7.35465
k79_7597	3.6875
k79_12338	3.01373
k79_25981	6.16763
k79_21456	3.92072
k79_7598	12.6667
k79_30361	5.29661
k79_12339	7.3169
k79_21457	8.11111
k79_7599	4.14286
k79_25982	4.35417
k79_12340	3.56164
k79_7600	3.9562
k79_30362	2.57798
k79_25983	2.80303
k79_35534	5.7451
k79_12341	4.23944
k79_21458	5.45874
k79_30363	5.05556
k79_7601	8.51632
k79_21459	7.08943
k79_12342	7.39812
k79_7602	3.12667
k79_7603	3.06383
k79_21460	6.68132
k79_7604	4.1411
k79_30364	7.51114
k79_21461	4.23894
k79_7605	3.92754
k79_25984	12.0679
k79_30365	4.05556
k79_21462	7.13253
k79_21463	5.37838
k79_30366	3.73389
k79_12343	11.7257
k79_7606	4.33582
k79_30367	4.07759
k79_12344	2.49194
k79_7607	5.07113
k79_12345	3.13131
k79_30368	2.83704
k79_25985	7.85812
k79_7608	5.13178
k79_12346	3.82099
k79_12347	4.16304
k79_7609	3.82143
k79_35535	7.94766
k79_35536	4.25146
k79_7610	12.1364
k79_35537	5.94386
k79_7611	5.8322
k79_35538	3.68817
k79_12348	9.03667
k79_7612	4.42331
k79_12349	3.47826
k79_7613	14.8163
k79_12350	2.92672
k79_7614	2.93284
k79_12351	3.41304
k79_12352	4.52201
k79_35539	5.71251
k79_7615	4.65831
k79_30369	16.0993
k79_12353	4.82738
k79_12354	3.15126
k79_7616	3.40816
k79_30370	10.0118
k79_7617	5.13194
k79_30371	14.5085
k79_7618	3.3578
k79_35540	3.12299
k79_30372	3.62376
k79_12355	4.98135
k79_35541	11.916
k79_7619	5.05915
k79_25986	59.7545
k79_21464	6.92202
k79_30373	6.35608
k79_7620	6.19535
k79_35542	7.78547
k79_30374	7.07018
k79_7621	7.02694
k79_35543	5.97578
k79_30375	6.34981
k79_21465	5.96583
k79_7622	8.80678
k79_21466	3.05988
k79_21467	3.7037
k79_12356	6.33333
k79_30376	9.23128
k79_30377	4.4797
k79_30378	3.24121
k79_12357	5.88636
k79_3018	5.49714
k79_30379	12.1014
k79_12358	7.87045
k79_30380	10.9113
k79_7623	8.31223
k79_7624	6.02963
k79_3019	5.46275
k79_30381	7.21534
k79_7625	4.08696
k79_7626	7.49123
k79_12359	5.91582
k79_3020	2.49083
k79_7627	2.60177
k79_3021	2.83471
k79_21468	8.55862
k79_30382	5.96478
k79_3022	4.72832
k79_30383	6.53901
k79_21469	3.33544
k79_12360	5.18623
k79_7628	6.76814
k79_3023	5.76947
k79_21470	4.63793
k79_30384	6.75333
k79_7629	4.83969
k79_3024	2.90244
k79_21471	1.95631
k79_3025	3.18519
k79_30385	3.26481
k79_3026	6.96116
k79_12361	3.32051
k79_3027	5.15714
k79_12362	9.3622
k79_30386	16.8791
k79_21472	8.38511
k79_3028	5.14035
k79_7630	23.3918
k79_30387	7.72826
k79_12363	5.48515
k79_7631	5.38806
k79_21473	5.0378
k79_12364	8.08081
k79_30388	5.65854
k79_7632	3.37234
k79_3029	15.0788
k79_30389	8.88966
k79_12365	4.2449
k79_7633	3.17749
k79_30390	6.79715
k79_12366	5.24312
k79_3030	7.07536
k79_30391	6.93333
k79_21474	7.77536
k79_7634	4.59514
k79_30392	7.51892
k79_21475	3.97778
k79_3031	19.168
k79_30393	5.90845
k79_21476	7.8513
k79_30394	3.65104
k79_12367	7.55889
k79_12368	3.75248
k79_30395	3.88095
k79_7635	4.51538
k79_21477	5.59912
k79_3032	6.1003
k79_30396	4.39
k79_12369	4.33513
k79_7636	5.07767
k79_3033	2.86806
k79_12370	3.59296
k79_21478	4.26316
k79_30397	3.37746
k79_12371	2.90441
k79_21479	19.7162
k79_30398	2.93711
k79_3034	3.68558
k79_7637	10.301
k79_12372	3.66667
k79_7638	4.19626
k79_30399	6.20438
k79_12373	2.6599
k79_7639	8.54902
k79_3035	4.20213
k79_30400	7.21642
k79_16798	46.8739
k79_12374	5.42424
k79_7640	6.09091
k79_3036	5.38596
k79_30401	9.32124
k79_16799	2.75758
k79_3037	4.90625
k79_30402	3.08497
k79_12375	6.3633
k79_35544	4.86508
k79_7641	8.83955
k79_16800	5.87013
k79_25987	5.39073
k79_30403	2.13462
k79_35545	3.96237
k79_7642	4.29143
k79_25988	4.47706
k79_16801	4.64591
k79_30404	3.96875
k79_25989	9.32624
k79_12376	8.33705
k79_35546	7.33134
k79_16802	3.79725
k79_7643	6.82066
k79_12377	3.40566
k79_35547	7.8
k79_16803	3.57426
k79_12378	2.37069
k79_16804	5.00926
k79_35548	3.63333
k79_7644	2.60335
k79_16805	9.86487
k79_25990	7.89328
k79_3038	16.7662
k79_7645	4.71713
k79_12379	13.4414
k79_35549	3.6039
k79_3039	10.5976
k79_25991	5.09091
k79_12380	8.58125
k79_35550	3.92982
k79_35551	2.87719
k79_25992	2.36364
k79_7646	11.5546
k79_12381	5.45802
k79_16806	5.97481
k79_12382	2.9918
k79_25993	5.54615
k79_7647	11.4658
k79_35552	5.37079
k79_7648	12.3568
k79_12383	5.54338
k79_25994	6.75472
k79_3040	13.325
k79_12384	3.94915
k79_25995	10.1933
k79_35553	10.3531
k79_12385	7.44767
k79_35554	5.17576
k79_25996	6.39833
k79_25997	4.61062
k79_12386	32.2635
k79_25998	7.02778
k79_16807	10.5239
k79_25999	2.81818
k79_12387	5.75267
k79_35555	5.01863
k79_26000	3.7766
k79_26001	9.95652
k79_35556	5.67241
k79_16808	4.47355
k79_35557	3.89114
k79_26002	8.45349
k79_35558	6.91852
k79_30405	5.75
k79_16809	8.0298
k79_26003	4.24242
k79_12388	5.7227
k79_16810	3.1773
k79_35559	5.90667
k79_30406	7.76285
k79_26004	4.23394
k79_16811	5.38542
k79_26005	2.05385
k79_16812	5.04348
k79_35560	4.36744
k79_26006	11.9465
k79_35561	3.61413
k79_26007	4.0936
k79_35562	5.40704
k79_26008	6.11458
k79_35563	3.13174
k79_16813	4.83185
k79_12389	8.45215
k79_16814	2.25263
k79_35564	5.08571
k79_26009	6.83249
k79_26010	6.26042
k79_12390	9.26857
k79_35565	3.82857
k79_26011	7.52846
k79_12391	4.74242
k79_35566	4.29771
k79_26012	6.52
k79_16815	6.56879
k79_12392	2.18447
k79_35567	14.5041
k79_26013	9.78125
k79_16816	13.2222
k79_26014	6.5625
k79_16817	4.13366
k79_12393	5.3184
k79_16818	6.28289
k79_7649	11.7614
k79_16819	9.36487
k79_30407	109.692
k79_16820	6.85714
k79_12394	8.2374
k79_7650	4.44792
k79_30408	2.22378
k79_7651	7.4
k79_12395	2.95906
k79_30409	4.65385
k79_12396	3.65833
k79_30410	2.26042
k79_21480	49.378
k79_7652	4.29353
k79_12397	10.1017
k79_21481	4.35673
k79_30411	8.19077
k79_7653	2.54545
k79_21482	5.86142
k79_7654	9.28955
k79_7655	8.60938
k79_7656	4.91772
k79_12398	14.3022
k79_21483	5.19823
k79_7657	3.13421
k79_12399	4.98537
k79_21484	28.3714
k79_12400	5.79762
k79_7658	8.41776
k79_21485	3.55801
k79_12401	4.30303
k79_3041	7.43373
k79_21486	4.12264
k79_30412	8.78558
k79_7659	4.95053
k79_12402	3.67081
k79_21487	7.61682
k79_3042	8.45513
k79_12403	6.94231
k79_7660	5.10494
k79_12404	6.47656
k79_7661	15.039
k79_12405	5.6355
k79_7662	6.00613
k79_12406	6.96429
k79_7663	4.87317
k79_3043	4.53648
k79_21488	9.77191
k79_7664	11.608
k79_3044	10.1673
k79_30413	3.47959
k79_7665	3.96552
k79_7666	10.4648
k79_3045	9.56401
k79_21489	4.32809
k79_12407	3.7619
k79_3046	2.5614
k79_7667	6.44444
k79_3047	3.68391
k79_3048	2.06742
k79_12408	6.26874
k79_16821	46.1047
k79_3049	5.32127
k79_16822	4.34507
k79_7668	5.76456
k79_3050	2.1573
k79_7669	1.75676
k79_12409	6.15954
k79_21490	16.3023
k79_3051	4.43354
k79_12410	3.43605
k79_7670	7.74847
k79_16823	5.87435
k79_21491	3.616
k79_12411	6.38889
k79_3052	2.94083
k79_16824	18.8413
k79_21492	4.24609
k79_3053	4.4359
k79_16825	11.388
k79_21493	10.6778
k79_26015	3.49231
k79_35568	4.34474
k79_3054	11.0157
k79_21494	5.38542
k79_35569	9.69697
k79_16826	3.73171
k79_3055	6.17699
k79_21495	3.28319
k79_7671	12.0945
k79_26016	3.91818
k79_35570	6.00873
k79_21496	3.90698
k79_7672	6.72932
k79_26017	4.34228
k79_16827	4.88047
k79_35571	6.87742
k79_26018	4.33962
k79_12412	9.42055
k79_21497	8.28283
k79_3056	9.19286
k79_16828	4.45455
k79_7673	4.67477
k79_26019	4.02586
k79_12413	5.17197
k79_16829	3.97959
k79_21498	4.98013
k79_3057	2.49618
k79_7674	7.71141
k79_26020	2.34857
k79_3058	6.81429
k79_12414	8.84257
k79_16830	4.87278
k79_26021	7.553
k79_21499	5.62201
k79_16831	3.7947
k79_21500	4.70625
k79_3059	7.88957
k79_12415	2.61538
k79_16832	10.4612
k79_12416	8.12
k79_3060	2.3254
k79_21501	2.28333
k79_16833	2.8
k79_21502	8.04494
k79_7675	51.7517
k79_12417	10.7634
k79_3061	5.89381
k79_21503	4.11667
k79_3062	6.61538
k79_7676	4.18902
k79_3063	5.96667
k79_12418	2.98916
k79_3064	2.54255
k79_12419	2.9901
k79_21504	8.44722
k79_21505	6.20168
k79_26022	11.0332
k79_3065	4.5
k79_7677	6.65013
k79_21506	4.46218
k79_16834	16.7006
k79_21507	5.26667
k79_26023	5.20497
k79_7678	4.64444
k79_12420	5.71386
k79_21508	2.97163
k79_7679	5.58586
k79_3066	11.5487
k79_16835	4.54772
k79_26024	6.86411
k79_7680	2.44898
k79_12421	6.94902
k79_21509	3.65
k79_26025	6.6242
k79_21510	8.93893
k79_26026	3.33051
k79_16836	6.53155
k79_21511	5.42342
k79_26027	7.63291
k79_16837	3.44203
k79_26028	3.87
k79_16838	3.75701
k79_16839	2.52695
k79_26029	3.09474
k79_16840	2.9635
k79_26030	3.84502
k79_16841	8.74809
k79_7681	44.5592
k79_16842	4.26667
k79_26031	5.61957
k79_7682	4.24479
k79_16843	4.11811
k79_21512	5.6339
k79_7683	4.51613
k79_16844	3.75263
k79_7684	8.34
k79_21513	2.33772
k79_16845	4.11207
k79_7685	2.4486
k79_21514	3.17647
k79_7686	10.8333
k79_21515	3.37864
k79_16846	6.30916
k79_7687	4.72308
k79_21516	5.08065
k79_16847	3.94845
k79_21517	5.22314
k79_7688	4.62222
k79_16848	4.02062
k79_21518	14.8058
k79_16849	5.26277
k79_7689	6.41365
k79_21519	6.19658
k79_30414	7.61071
k79_16850	5.81407
k79_35572	43.2348
k79_21520	2.32673
k79_12422	8.29703
k79_16851	3.61765
k79_30415	12.2151
k79_12423	6.60476
k79_21521	4.58431
k79_30416	2.64211
k79_16852	12.5274
k79_21522	2.52143
k79_12424	7.6319
k79_30417	2.45699
k79_16853	7.58621
k79_35573	7.19137
k79_21523	5.18889
k79_30418	8.76471
k79_12425	6.15152
k79_21524	4.44444
k79_35574	8.90132
k79_30419	5.43357
k79_16854	5.91295
k79_30420	5.97748
k79_21525	8.10468
k79_30421	2.24242
k79_21526	5.10067
k79_35575	6.71368
k79_30422	7.17012
k79_21527	6.93889
k79_35576	10.7458
k79_21528	4.90099
k79_16855	5.57065
k79_12426	43.9561
k79_30423	6.11523
k79_16856	2.08036
k79_35577	9.35294
k79_12427	6.56769
k79_30424	4.575
k79_35578	3.37624
k79_26032	5.75261
k79_12428	8.76296
k79_30425	5.42857
k79_16857	4.3026
k79_7690	4.87879
k79_30426	5.98438
k79_12429	7.77303
k79_16858	3.84768
k79_30427	11.0486
k79_12430	4.51064
k79_7691	5.03601
k79_30428	2.95495
k79_26033	5.97381
k79_12431	6.15306
k79_30429	5.0922
k79_26034	3.34351
k79_7692	4.60181
k79_16859	3.95588
k79_12432	8.54412
k79_30430	5.78431
k79_16860	2.96491
k79_7693	6.24113
k79_12433	5.74074
k79_3067	6.47458
k79_16861	4.63354
k79_12434	6.40828
k79_30431	6.34432
k79_3068	4.00935
k79_7694	2.25101
k79_30432	6.65979
k79_16862	4.17834
k79_35579	6.32222
k79_30433	6.56618
k79_16863	4.40426
k79_3069	4.72299
k79_7695	12.1492
k79_35580	3.11765
k79_30434	2.3617
k79_3070	2.57273
k79_7696	6.13793
k79_35581	2.15652
k79_30435	3.1405
k79_16864	3.56981
k79_7697	5.14384
k79_35582	4.51515
k79_16865	3.76812
k79_3071	5.55211
k79_26035	48.9806
k79_7698	7.85854
k79_16866	2.98113
k79_35583	4.47059
k79_26036	12.4066
k79_30436	4.26087
k79_3072	17.8358
k79_35584	2.69167
k79_30437	11.1259
k79_3073	3.31138
k79_7699	4.24194
k79_35585	2.82353
k79_26037	5.38018
k79_12435	4.13953
k79_3074	8.68778
k79_30438	5.65263
k79_35586	14.5865
k79_12436	4.77477
k79_3075	20.5
k79_30439	4.69369
k79_16867	25.0734
k79_3076	3.96364
k79_35587	6.67464
k79_26038	4.61395
k79_3077	5.53261
k79_35588	3.43956
k79_16868	3.81481
k79_26039	8.47706
k79_35589	6.2439
k79_16869	2.32215
k79_26040	4.26415
k79_35590	5.26316
k79_16870	5.38614
k79_3078	10.5348
k79_12437	9.48889
k79_26041	2.35238
k79_35591	3.83929
k79_16871	4.87572
k79_26042	5.5061
k79_12438	4.54921
k79_35592	3.92038
k79_16872	2.61864
k79_12439	4.43137
k79_26043	5.2
k79_35593	6.18881
k79_16873	2.73196
k79_3079	7.75181
k79_26044	3.43878
k79_12440	2.98889
k79_16874	6.43617
k79_3080	7.70588
k79_26045	4.51768
k79_16875	4.73232
k79_12441	8.64365
k79_21529	8.28728
k79_35594	5.46765
k79_3081	2.95588
k79_16876	5.31343
k79_3082	2.38776
k79_35595	9.93082
k79_12442	3.25991
k79_16877	3.69274
k79_3083	6.74678
k79_21530	6.24832
k79_16878	48.2317
k79_3084	3.96241
k79_12443	6.72335
k79_35596	4.36598
k79_16879	9.82692
k79_3085	9.73239
k79_35597	5.15385
k79_16880	5.91791
k79_21531	3.13133
k79_35598	5.94898
k79_12444	4.94975
k79_16881	6.28916
k79_35599	9.61667
k79_12445	4.06186
k79_21532	7.54094
k79_35600	4.64545
k79_3086	4.05623
k79_16883	4.93548
k79_3087	6.42735
k79_16884	9.1371
k79_35601	9.04962
k79_21533	7.10722
k79_16885	3.09375
k79_16886	4.02905
k79_35602	9.3031
k79_21534	6.0237
k79_35603	2.65693
k79_16887	9.29703
k79_21535	5.7037
k79_35604	4.46218
k79_12446	7.79268
k79_35605	3.75
k79_12447	4.41667
k79_35606	7.66812
k79_12448	4.75281
k79_16888	5.43333
k79_12449	2.34043
k79_16889	8.05042
k79_35607	3.44906
k79_12450	4.81
k79_35608	6.0221
k79_16890	9.5377
k79_12451	15.4586
k79_12452	3.46212
k79_16891	3.59444
k79_35609	3.49796
k79_16892	4.24306
k79_12453	6.08152
k79_16893	5.41667
k79_35610	9.18651
k79_7700	5.78022
k79_35611	2.60938
k79_16894	7.67488
k79_35612	5.38889
k79_7701	3.83721
k79_35613	4.01905
k79_7702	2.55556
k79_16895	6.9073
k79_7703	5.68132
k79_35614	6.37879
k79_7704	3.27919
k79_16896	4.9381
k79_35615	4.75449
k79_7705	8.48293
k79_16897	2.41176
k79_7706	6.29932
k79_16898	3.55147
k79_35616	9.04878
k79_7707	4.79503
k79_35617	8.54839
k79_7708	4.81752
k79_35618	6.31373
k79_7709	11.296
k79_35619	6.51948
k79_30440	6.9115
k79_26046	6.95735
k79_35620	5.01734
k79_30441	11.7337
k79_16899	164.507
k79_35621	10.6591
k79_30442	5.90357
k79_16900	17.9643
k79_12454	4.7697
k79_16901	4.77982
k79_26047	4.9134
k79_30443	1.86857
k79_12455	4.04938
k79_26048	6.43689
k79_12456	3.3299
k79_30444	2.54615
k79_7710	32.658
k79_16902	4.59709
k79_26049	2.67692
k79_7711	3.36552
k79_12457	7.92015
k79_26050	4.0493
k79_7712	5.05455
k79_26051	15.5177
k79_30445	4.62405
k79_12458	2.59009
k79_7713	7.71429
k79_30446	2.92
k79_7714	3.5314
k79_7715	4.59783
k79_30447	5.47321
k79_30448	3.89524
k79_7716	2.85859
k79_16903	9.21128
k79_7717	9.15845
k79_12459	6.41316
k79_16904	4.99684
k79_7718	5.60323
k79_30449	6.68058
k79_16905	7.30901
k79_26052	10.5594
k79_16906	12.8682
k79_26053	3.79787
k79_16907	2.69159
k79_26054	2.95726
k79_16908	5.6055
k79_3088	4.94251
k79_16909	3.99083
k79_26055	4.25212
k79_3089	4.29699
k79_16910	3.37086
k79_26056	2.51128
k79_3090	5.05422
k79_16911	8.3237
k79_26057	2.78947
k79_7719	8.34319
k79_16912	8.4878
k79_7720	4.89655
k79_16913	5.6971
k79_7721	8.65104
k79_16914	6.48256
k79_7722	49.4618
k79_16915	14.2328
k79_7723	3.98519
k79_16916	4.67539
k79_7724	6.26378
k79_16917	6.55645
k79_16918	4.3125
k79_7725	7.11538
k79_7726	13.5943
k79_16919	5.59184
k79_7727	2.48387
k79_12460	39.1182
k79_16920	3.33721
k79_12461	36.7312
k79_16921	5.46116
k79_35622	5.06034
k79_26058	2.98492
k79_16922	4.9668
k79_26059	12.5258
k79_35623	8.63793
k79_35624	3.05494
k79_16923	3.75281
k79_26060	5.42786
k79_35625	2.80583
k79_26061	4.06618
k79_3091	59.7556
k79_35626	9.40212
k79_26062	8.68841
k79_3092	2.13953
k79_26063	7.29537
k79_35627	5.41527
k79_16924	10.552
k79_26064	5.94904
k79_3093	21.1365
k79_16925	5.24211
k79_3094	6.58427
k79_35628	7.11633
k79_16926	51.3686
k79_26065	4.79655
k79_35629	5.04504
k79_35630	4.57522
k79_26066	3.85959
k79_3095	9.80992
k79_16927	4.31866
k79_35631	6.46078
k79_26067	2.72911
k79_16928	7.65603
k79_16929	9.73333
k79_26068	11.1311
k79_16930	5.57812
k79_16931	6.64574
k79_26069	4.04331
k79_16932	4.22472
k79_26070	5.58824
k79_16933	4.48243
k79_21536	47.3766
k79_26071	4.91299
k79_21537	2.89695
k79_16934	55.8195
k79_26072	4.29661
k79_16935	5.42353
k79_21538	5.30556
k79_21539	4.61135
k79_26073	7.74322
k79_21540	7.21858
k79_16936	4.57188
k79_26074	3.15948
k79_16937	7.03971
k79_21541	3.68349
k79_16938	6.35714
k79_21542	4.75314
k79_26075	4.91873
k79_21543	6.71053
k79_26076	6.08307
k79_21544	4.52074
k79_26077	4.72251
k79_21545	3.19531
k79_7728	4.79567
k79_21546	4.03518
k79_21547	5.94539
k79_7729	8.18661
k79_7730	8.17105
k79_16939	7.54817
k79_7731	5.27607
k79_16940	10.776
k79_21548	5.39184
k79_7732	5.30769
k79_16941	4.14151
k79_21549	11.873
k79_7733	6.02344
k79_21550	5.06299
k79_16942	7.06238
k79_7734	5.64058
k79_21551	10.0618
k79_16943	10.5882
k79_21552	4.73571
k79_7735	4.80153
k79_21553	3.14907
k79_16944	5.94853
k79_7736	5.44286
k79_21554	17.0591
k79_21555	7.40678
k79_16945	4.71471
k79_7737	4.59574
k79_16946	11.0939
k79_7738	3.41322
k79_16947	3.55856
k79_26078	4.50124
k79_16948	3.90683
k79_16949	2.84496
k79_26079	5.2509
k79_26080	3.79
k79_26081	3.64683
k79_3096	2.81429
k79_3097	5.46
k79_35632	49.6073
k79_26082	5.125
k79_7739	8.3548
k79_16950	7.89956
k79_7740	7.50427
k79_26083	4.19162
k79_35633	4.46642
k79_16951	10.8981
k79_7741	4.29012
k79_26084	5.62745
k79_3098	5.6406
k79_7742	2.79355
k79_16952	4.83013
k79_3099	11.0506
k79_16953	2.74603
k79_16954	2.7037
k79_3100	7.5625
k79_7743	3.80282
k79_3101	3.74839
k79_16955	3.17391
k79_7744	7.25253
k79_35634	9.76983
k79_7745	5.59574
k79_3102	2.13866
k79_35635	5.27778
k79_16956	8.80679
k79_35636	10.6697
k79_7746	6.75159
k79_3103	7.66295
k79_16957	5.43464
k79_7747	11.0529
k79_35637	7.69681
k79_16958	3.00685
k79_7748	4.62153
k79_35638	6.85185
k79_16959	3.51471
k79_3104	7.36661
k79_16960	4.44262
k79_7749	5.27313
k79_35639	9.32444
k79_3105	8.78151
k79_35640	4.44444
k79_3106	2.93258
k79_7750	3.73023
k79_3107	6.39623
k79_35641	7.07944
k79_3108	4.01942
k79_7751	4.01742
k79_7752	2.88462
k79_16961	9.05992
k79_7753	5.81279
k79_26085	7.95327
k79_16962	7.65644
k79_3109	4.30758
k79_26086	6.72637
k79_7754	2.85098
k79_16963	8.25806
k79_21556	8.45274
k79_35642	6.86732
k79_21557	2.33333
k79_16964	6.86383
k79_21558	7.30272
k79_35643	5.99115
k79_7755	9.46601
k79_35644	3.64835
k79_16965	6.36875
k79_35645	4.21341
k79_16966	3.54444
k79_7756	5.96667
k79_21559	6.21724
k79_26087	9.26608
k79_35646	5.31646
k79_16967	7.7451
k79_7757	6.03896
k79_35647	3.73723
k79_16968	4.67914
k79_7758	2.63636
k79_26088	3.51743
k79_21560	7.88389
k79_16969	17.6019
k79_7759	6.15698
k79_26089	5.62602
k79_21561	6.72203
k79_7760	3.73626
k79_35648	10.8919
k79_35649	4.00649
k79_7761	4.41697
k79_35650	3.73913
k79_7762	12.2823
k79_16970	6.97903
k79_26090	8.79957
k79_7763	5.90598
k79_26091	7.18
k79_35651	6.50173
k79_12462	9.93233
k79_16971	6.18706
k79_26092	3.74222
k79_16972	4.70588
k79_21562	12.9988
k79_12463	6.86796
k79_16973	5.51117
k79_21563	4.90286
k79_12464	4.15217
k79_26093	47.0461
k79_35652	8.47315
k79_12465	3.4375
k79_16974	4.25259
k79_21564	4.69588
k79_16975	1.70588
k79_35653	6.755
k79_21565	5.08824
k79_35654	4.08955
k79_21566	5.952
k79_35655	6.46667
k79_16976	8.51448
k79_35656	12.2568
k79_21567	2.80726
k79_12466	7.99583
k79_16977	3.73427
k79_35657	3.46847
k79_12467	3.17647
k79_16978	3.52299
k79_21568	8.45211
k79_30450	44.9026
k79_16979	4.31522
k79_12468	2.18269
k79_21569	2.08108
k79_16980	7.07586
k79_21570	6.1619
k79_16981	7.19792
k79_21571	5.72951
k79_30451	3.73357
k79_16982	6.56881
k79_16983	3.72093
k79_30452	6.37554
k79_16984	7.40146
k79_21572	4.77643
k79_16985	3.14184
k79_16986	4.31707
k79_21573	6.73422
k79_16987	4.97802
k79_30453	10.4992
k79_21574	6.29412
k79_16988	7.71654
k79_30454	6.98261
k79_16989	9.66875
k79_21575	16.5391
k79_16990	5.12667
k79_21576	7.24904
k79_3110	5.19149
k79_16991	1.80909
k79_30455	7.65496
k79_3111	2.7449
k79_3112	3.57692
k79_16992	6.15714
k79_30456	4.76216
k79_3113	2.7551
k79_3114	4.52941
k79_30457	7.0122
k79_26094	43.1466
k79_3115	10.4365
k79_3116	2.97297
k79_26095	5.58188
k79_30458	7.4
k79_3117	3.91257
k79_30459	5.49275
k79_3118	3.47598
k79_3119	7.22
k79_35658	2.27778
k79_12469	47.9096
k79_12470	4.7381
k79_35659	9.8483
k79_26096	5.78456
k79_12471	2.44898
k79_35660	6.23
k79_12472	2.7027
k79_3120	8.34943
k79_7764	5.54506
k79_12473	2.62385
k79_35661	6.19512
k79_3121	2.07217
k79_7765	9.28571
k79_12474	3.05946
k79_7766	4.79195
k79_12475	9.06604
k79_3122	6.00796
k79_26097	7.68145
k79_12476	3.672
k79_35662	6.23318
k79_26098	2.85938
k79_3123	3.53529
k79_12477	6.82397
k79_7767	3.87342
k79_26099	3.89865
k79_12478	4.12155
k79_26100	5.42157
k79_7768	8.7381
k79_3124	4.81795
k79_35663	9.03585
k79_26101	5.46377
k79_12479	3.40532
k79_3125	6.74157
k79_26102	3.75472
k79_12480	4.63077
k79_35664	15.0545
k79_26103	5.51351
k79_12481	5.25175
k79_35665	3.01176
k79_26104	9.73446
k79_12482	2.83333
k79_3126	6.54151
k79_35666	4.93421
k79_3127	6.81212
k79_12483	4.07588
k79_35667	6.55
k79_3128	5.80422
k79_35668	8.48718
k79_3129	8.65094
k79_3130	2.81065
k79_35669	6.31846
k79_12484	7.30983
k79_3131	3.8839
k79_12485	5.63889
k79_3132	5.3151
k79_35670	3.62006
k79_3133	4.87912
k79_35671	6.73404
k79_3134	5.69492
k79_35672	4.0315
k79_12486	7.33537
k79_3135	4.66279
k79_35673	7.1547
k79_12487	6.12136
k79_3136	6.07836
k79_35674	10.2034
k79_3137	3.10246
k79_35675	2.50382
k79_35676	5.22222
k79_12488	6.27643
k79_35677	3.55967
k79_21577	7.10661
k79_35678	7.4
k79_35679	7.65169
k79_12489	7.03371
k79_21578	7.10148
k79_12490	6.01538
k79_21579	3.10112
k79_35680	6.76923
k79_35681	2.57303
k79_12491	5.51534
k79_35682	3.98354
k79_21580	8.60352
k79_35683	3.09524
k79_35684	6.18803
k79_21581	4.64758
k79_21582	10.1429
k79_16993	17.5527
k79_21583	3.41833
k79_30460	4.91356
k79_16994	9.86571
k79_21584	7.35238
k79_30461	7.58824
k79_21585	4.16279
k79_16995	8.37281
k79_16996	7.39695
k79_21586	5.64105
k79_16997	5.34937
k79_12492	8.16111
k79_16998	3.28713
k79_21587	2.77838
k79_12493	4.47148
k79_16999	6.12403
k79_21588	7.70526
k79_21589	5.61345
k79_17000	8.78677
k79_17001	4.88775
k79_21590	3.72414
k79_17002	4.47287
k79_17003	3.35099
k79_17004	10.4559
k79_21591	6.33407
k79_12494	12.1094
k79_17005	3.81875
k79_12495	7.31081
k79_21592	3.08333
k79_21593	4.95745
k79_21594	5.47059
k79_17006	4.6162
k79_3138	2.84184
k79_3139	11.8194
k79_30462	58.4319
k79_12496	8.04014
k79_3140	9.62857
k79_17007	4.14928
k79_30463	2.1976
k79_12497	3.71292
k79_3141	3.79444
k79_17008	2.48128
k79_30464	4.06154
k79_12498	3.25735
k79_30465	3.48077
k79_12499	13.6742
k79_17009	2.46
k79_17010	5.80272
k79_12500	6.22944
k79_17011	8.22581
k79_12501	14.4551
k79_3142	8.94493
k79_30466	6.88832
k79_12502	4.64545
k79_17012	5.15686
k79_30467	6.69369
k79_3143	6.04453
k79_12503	8.81776
k79_3144	2.53535
k79_17013	2.69145
k79_12504	3.79845
k79_35685	10.9924
k79_17014	6.69444
k79_3145	4.24113
k79_35686	3.62385
k79_17015	3.16102
k79_3146	5.16393
k79_35687	3.5
k79_3147	7.15569
k79_17016	9.30342
k79_12505	4.19723
k79_35688	9.54717
k79_26105	25.8568
k79_35689	5.75
k79_12506	5.40357
k79_17017	4.28772
k79_26106	4.68376
k79_3148	4.6582
k79_17018	3.14286
k79_12507	5.79755
k79_35690	5.60251
k79_26107	4.43523
k79_12508	8.44118
k79_17019	9.27551
k79_3149	5.63004
k79_26108	4.48
k79_12509	5.37037
k79_3150	2.51799
k79_35691	7.68555
k79_26109	8.30986
k79_17020	7.36749
k79_35692	4.38144
k79_17021	4.13194
k79_26110	4.36918
k79_17022	4.84545
k79_3151	8.01826
k79_12510	4.84237
k79_12511	8.00658
k79_26111	5.05181
k79_35693	8.89516
k79_12512	4.58015
k79_35694	4.04192
k79_26112	7.91919
k79_12513	4.00976
k79_35695	4.1405
k79_26113	5.77154
k79_35696	8.29677
k79_26114	12.8731
k79_35697	2.78912
k79_26115	3.67308
k79_35698	6.1348
k79_26116	10.3595
k79_35699	2.0
k79_26117	5.73889
k79_35700	2.61314
k79_12514	16.5586
k79_26118	4.67539
k79_35701	6.75943
k79_12515	3.26772
k79_35702	4.75221
k79_12516	5.48454
k79_17023	12.6938
k79_35703	14.151
k79_12517	4.62151
k79_35704	6.42969
k79_12518	9.09615
k79_17024	10.7674
k79_12519	4.03333
k79_35705	4.83704
k79_12520	4.76136
k79_35706	4.41224
k79_12521	3.44037
k79_35707	2.71134
k79_12522	3.67593
k79_35708	3.49624
k79_12523	3.41702
k79_35709	4.46448
k79_21595	3.9703
k79_35710	5.17708
k79_12524	4.112
k79_35711	4.85135
k79_12525	4.04348
k79_21596	3.85781
k79_12526	5.31429
k79_35712	8.49519
k79_12527	6.80165
k79_35713	4.28082
k79_12528	4.23858
k79_35714	12.5159
k79_21597	4.79803
k79_21598	2.33133
k79_12529	9.32278
k79_12530	6.65761
k79_21599	3.07266
k79_30468	4.67961
k79_21600	5.72
k79_12531	3.76427
k79_21601	5.27723
k79_30469	7.72022
k79_21602	2.75789
k79_30470	6.61905
k79_12532	7.74267
k79_30471	4.1913
k79_12533	8.51695
k79_30472	5.9871
k79_30473	11.7165
k79_21603	6.60288
k79_12534	7.40971
k79_21604	7.12766
k79_30474	5.29614
k79_12535	5.67368
k79_21605	9.25954
k79_21606	4.15341
k79_21607	13.7261
k79_21608	2.94231
k79_30475	7.15193
k79_30476	15.5922
k79_21609	15.9305
k79_30477	9.19816
k79_21610	4.93617
k79_30478	12.9506
k79_30479	4.1687
k79_26119	9.27739
k79_30480	5.0
k79_26120	7.01887
k79_30481	7.22066
k79_26121	10.3569
k79_30482	4.55288
k79_26122	3.66929
k79_26123	10.5608
k79_30483	5.3125
k79_30484	2.30709
k79_26124	3.1498
k79_30485	4.5817
k79_26125	3.65241
k79_30486	6.60426
k79_30487	13.4194
k79_30488	6.37838
k79_30489	2.50746
k79_26126	9.92618
k79_26127	5.4375
k79_30490	3.16996
k79_26128	8.91509
k79_3152	45.7865
k79_30491	13.6233
k79_26129	5.05234
k79_3153	5.14208
k79_26130	4.18994
k79_3154	4.14045
k79_30492	9.98909
k79_26131	14.3588
k79_3155	3.65198
k79_26132	2.63918
k79_35715	9.22148
k79_3156	4.09924
k79_26133	3.7305
k79_35716	4.90909
k79_3157	11.2121
k79_3158	3.61417
k79_26134	8.66862
k79_21611	11.4154
k79_35717	8.01733
k79_26135	3.79439
k79_3159	8.07949
k79_21612	3.43636
k79_35718	2.5
k79_26136	5.81633
k79_3160	6.14737
k79_21613	5.7619
k79_26137	3.10909
k79_3161	4.10596
k79_35719	5.90227
k79_3162	2.14173
k79_3163	5.47872
k79_35720	3.19522
k79_3164	6.65323
k79_12536	4.6749
k79_26138	5.84366
k79_3165	6.69091
k79_35721	4.2043
k79_12537	3.46491
k79_26139	10.5636
k79_35722	5.65414
k79_3166	8.00699
k79_21614	7.85972
k79_26140	4.14024
k79_35723	9.59732
k79_21615	3.42254
k79_26141	3.31944
k79_12538	6.82671
k79_26142	3.09091
k79_21616	5.18023
k79_35724	7.08616
k79_12539	3.14912
k79_21617	4.36364
k79_21618	5.47107
k79_3167	6.57865
k79_35725	14.5349
k79_12540	10.1728
k79_26143	7.59361
k79_35726	10.4754
k79_26144	4.59072
k79_3168	4.66226
k79_21619	9.14006
k79_26145	4.80822
k79_17025	49.281
k79_21620	3.80556
k79_12541	7.46144
k79_26146	6.82883
k79_35727	5.40534
k79_17026	5.4252
k79_35728	2.53448
k79_12542	2.31507
k79_21621	4.92181
k79_17027	12.2269
k79_3169	3.90753
k79_21622	4.31858
k79_12543	8.51814
k79_3170	3.75862
k79_35729	6.17906
k79_21623	6.68675
k79_3171	7.15663
k79_35730	4.20202
k79_21624	3.58
k79_3172	6.98246
k79_35731	3.42308
k79_21625	3.40645
k79_17028	5.42022
k79_12544	20.4555
k79_3173	4.34985
k79_12545	3.57426
k79_35732	9.38333
k79_35733	4.51333
k79_12546	5.83827
k79_12547	9.37548
k79_12548	3.192
k79_30493	6.82022
k79_12549	4.00688
k79_30494	7.35075
k79_12550	4.48207
k79_3174	8.14857
k79_30495	11.2063
k79_17029	9.55897
k79_30496	6.28302
k79_17030	3.52564
k79_3175	3.81882
k79_12551	6.97228
k79_26147	3.47191
k79_17031	7.62382
k79_30497	4.10181
k79_17032	5.10309
k79_26148	5.36752
k79_3176	5.99442
k79_30498	12.562
k79_26149	5.74725
k79_3177	4.17829
k79_17033	7.29348
k79_26150	5.52332
k79_12552	4.25897
k79_3178	4.88961
k79_30499	8.39203
k79_26151	5.0873
k79_3179	5.01508
k79_30500	3.64493
k79_26152	5.25258
k79_17034	8.33616
k79_30501	5.05426
k79_3180	4.44199
k79_30502	5.22772
k79_17035	5.9771
k79_3181	6.62866
k79_30503	9.2487
k79_26153	11.4248
k79_3182	3.15152
k79_30504	6.12955
k79_3183	3.09804
k79_30505	8.46215
k79_26154	6.61375
k79_12553	14.445
k79_3184	5.53357
k79_30506	8.97291
k79_3185	9.22699
k79_30507	3.61622
k79_3186	7.10526
k79_30508	4.89796
k79_26155	6.78335
k79_3187	4.83886
k79_30509	6.92727
k79_26156	12.9057
k79_30510	4.30851
k79_30511	7.01485
k79_3188	8.18802
k79_26157	6.64254
k79_30512	10.0275
k79_26158	7.15385
k79_30513	2.65441
k79_3189	4.48681
k79_30514	7.5042
k79_3190	3.81699
k79_26159	6.88679
k79_26160	2.37363
k79_21626	4.5102
k79_35734	7.156
k79_26161	5.86111
k79_3191	5.18919
k79_21627	7.02825
k79_35735	3.7026
k79_21628	3.92366
k79_3192	8.66667
k79_3193	8.19318
k79_35736	7.22381
k79_21629	8.08581
k79_35737	2.83459
k79_3194	7.00676
k79_21630	11.7353
k79_35738	5.1399
k79_17036	14.6929
k79_35739	7.53608
k79_3195	5.32967
k79_17037	4.56204
k79_3196	3.79775
k79_26162	41.3487
k79_17038	10.0206
k79_35740	6.4459
k79_3197	5.06548
k79_3198	3.58993
k79_26163	16.7846
k79_35741	3.14837
k79_17039	10.5024
k79_3199	3.35556
k79_35742	3.02703
k79_17040	5.23207
k79_35743	5.37452
k79_3200	4.14493
k79_17041	6.04545
k79_17042	4.35052
k79_3201	9.84746
k79_17043	4.62428
k79_35744	5.63241
k79_17044	2.47407
k79_17045	4.9876
k79_17046	3.07143
k79_35745	5.64286
k79_17047	5.39655
k79_35746	7.82625
k79_17048	10.3922
k79_35747	7.69182
k79_3202	76.206
k79_3203	5.65306
k79_12554	7.97163
k79_30515	14.3011
k79_3204	7.95918
k79_30516	9.48276
k79_3205	5.26471
k79_12555	7.39323
k79_30517	5.42009
k79_3206	6.57143
k79_12556	8.66406
k79_17049	10.5721
k79_3207	3.90079
k79_30518	3.48115
k79_30519	3.06429
k79_17050	6.9375
k79_3208	6.08932
k79_30520	5.39216
k79_12557	5.89575
k79_30521	4.96809
k79_17051	6.08814
k79_3209	6.25146
k79_3210	6.32432
k79_30522	9.03245
k79_12558	7.77189
k79_3211	4.21101
k79_3212	3.40458
k79_17052	5.74346
k79_3213	4.91489
k79_30523	6.56854
k79_12559	8.41832
k79_17053	19.5289
k79_30524	8.29954
k79_21631	4.98267
k79_30525	4.97115
k79_17054	4.92468
k79_12560	7.57951
k79_30526	2.38645
k79_3214	5.51931
k79_30527	3.66346
k79_12561	5.52353
k79_17055	10.3143
k79_12562	5.74126
k79_30528	6.29048
k79_3215	14.1617
k79_17056	6.62459
k79_17057	6.80851
k79_30529	7.20806
k79_21632	10.2524
k79_30530	2.96552
k79_17058	8.98154
k79_17059	4.47525
k79_30531	13.5965
k79_17060	5.48734
k79_30532	4.464
k79_17061	2.36957
k79_12563	7.22674
k79_30533	3.54839
k79_17062	3.82407
k79_21633	5.75075
k79_30534	3.30769
k79_12564	4.39899
k79_17063	5.21519
k79_21634	7.3806
k79_30535	4.31373
k79_12565	4.54783
k79_21635	2.15789
k79_35748	4.63736
k79_17064	8.65976
k79_21636	11.484
k79_17065	6.64015
k79_35749	8.21903
k79_26164	6.58991
k79_21637	3.90588
k79_35750	9.39683
k79_17066	4.13768
k79_35751	2.93407
k79_26165	6.96875
k79_17067	6.66055
k79_21638	7.14847
k79_35752	4.59
k79_17068	4.94
k79_21639	4.7037
k79_35753	8.66527
k79_21640	3.26119
k79_12566	6.03038
k79_17069	3.0686
k79_26166	4.89492
k79_35754	4.60588
k79_17070	6.42982
k79_26167	3.37762
k79_35755	2.70642
k79_21641	5.92617
k79_21642	6.675
k79_26168	4.70036
k79_17071	8.07907
k79_21643	4.91787
k79_26169	10.5722
k79_17072	7.14019
k79_35756	4.94197
k79_26170	5.64463
k79_21644	4.94359
k79_17073	8.45659
k79_35757	9.38513
k79_26171	6.42446
k79_21645	1.92405
k79_17074	5.43382
k79_21646	4.40559
k79_17075	3.09677
k79_21647	4.67133
k79_26172	6.74148
k79_35758	40.5606
k79_21648	3.952
k79_17076	6.21366
k79_21649	6.65896
k79_26173	7.65577
k79_17077	5.11724
k79_26174	5.08
k79_26175	3.10219
k79_17078	9.84824
k79_21650	4.07223
k79_17079	5.41767
k79_26176	6.72152
k79_17080	5.82653
k79_26177	2.53982
k79_21651	8.46252
k79_35759	12.5695
k79_21652	4.79054
k79_35760	9.86667
k79_17081	2.45778
k79_26178	5.85315
k79_21653	4.62209
k79_17082	3.66667
k79_35761	8.05603
k79_21654	5.23913
k79_35762	3.04724
k79_17083	5.57422
k79_26179	5.25445
k79_7769	46.1914
k79_21655	4.88652
k79_35763	6.42035
k79_26180	7.14286
k79_35764	4.40708
k79_26181	5.44516
k79_35765	13.3243
k79_21656	12.1094
k79_3216	4.34798
k79_21657	3.64246
k79_26182	5.11815
k79_21658	5.04124
k79_21659	6.9763
k79_26183	6.09954
k79_35766	10.9322
k79_21660	8.32889
k79_26184	4.52326
k79_3217	8.6269
k79_12567	7.95997
k79_7770	34.4682
k79_12568	5.35714
k79_3218	6.90196
k79_7771	3.85329
k79_12569	4.46335
k79_3219	4.67697
k79_35767	19.2253
k79_30536	2.95041
k79_3220	3.576
k79_12570	3.8913
k79_30537	4.03571
k79_3221	4.00649
k79_7772	6.20302
k79_12571	4.26724
k79_30538	8.29297
k79_7773	2.85799
k79_12572	4.02198
k79_3222	33.415
k79_30539	3.03268
k79_7774	5.6129
k79_3223	5.12987
k79_30540	3.09605
k79_7775	6.94137
k79_30541	5.53763
k79_12573	11.3259
k79_7776	2.38306
k79_3224	9.6327
k79_30542	3.75458
k79_12574	4.07389
k79_7777	7.37705
k79_30543	3.11607
k79_3225	5.38043
k79_7778	4.38462
k79_30544	5.48454
k79_12575	5.26058
k79_3226	5.81735
k79_30545	5.84615
k79_3227	5.13146
k79_7779	5.85685
k79_12576	5.32482
k79_30546	3.23899
k79_7780	9.85714
k79_12577	1.89011
k79_3228	6.31967
k79_30547	5.05755
k79_7781	7.10448
k79_7782	4.39205
k79_30548	7.20175
k79_7783	4.25153
k79_30549	5.83429
k79_12578	6.60465
k79_17084	2.39881
k79_26185	4.6194
k79_3229	18.8419
k79_17085	4.14894
k79_12579	3.73913
k79_3230	5.46857
k79_7784	10.2303
k79_30550	5.55419
k79_17086	15.7333
k79_12580	5.08756
k79_3231	7.40741
k79_17087	9.61111
k79_30551	40.8953
k79_12581	3.15
k79_3232	5.31452
k79_7785	5.56622
k79_30552	35.377
k79_3233	3.24667
k79_17088	5.09278
k79_7786	4.63478
k79_3234	6.59551
k79_17089	4.98936
k79_12582	4.52459
k79_30553	6.5668
k79_7787	4.59868
k79_17090	2.22973
k79_3235	9.66148
k79_7788	3.80315
k79_12583	9.41897
k79_17091	2.59524
k79_7789	13.3788
k79_12584	4.60248
k79_3236	5.21293
k79_17092	5.81482
k79_30554	11.3794
k79_7790	4.48319
k79_3237	12.2211
k79_30555	3.74349
k79_3238	4.35567
k79_17093	4.50445
k79_7791	4.92086
k79_3239	5.375
k79_17094	5.00806
k79_7792	5.57025
k79_30556	9.52751
k79_12585	10.1315
k79_3240	2.97973
k79_17095	4.63063
k79_30557	3.32407
k79_7793	4.98485
k79_3241	4.61778
k79_17096	19.9119
k79_12586	4.12011
k79_21661	5.99662
k79_26186	6.71038
k79_3242	11.6009
k79_35768	1.83654
k79_17097	4.41241
k79_26187	5.55714
k79_26188	4.37838
k79_17098	4.31683
k79_26189	5.43443
k79_35769	10.6206
k79_17099	13.1491
k79_35770	2.63248
k79_17100	4.02105
k79_21662	10.7209
k79_3243	6.46586
k79_17101	4.55882
k79_26190	8.0438
k79_21663	3.11871
k79_3244	4.57778
k79_26191	4.50442
k79_17102	10.514
k79_3245	14.5459
k79_21664	4.67511
k79_26192	2.39785
k79_21665	3.51163
k79_3246	4.50877
k79_26193	10.0435
k79_3247	4.76147
k79_26194	3.41176
k79_21666	4.76061
k79_26195	1.89216
k79_3248	5.48325
k79_21667	6.05785
k79_26196	4.37912
k79_3249	4.34091
k79_26197	4.56522
k79_21668	3.90196
k79_21669	4.17021
k79_26198	3.09259
k79_3250	4.71469
k79_3251	4.4645
k79_17103	10.6408
k79_21670	7.32718
k79_21671	3.95
k79_17104	2.896
k79_3252	2.46411
k79_17105	2.28696
k79_3253	8.5057
k79_21672	10.6254
k79_17106	6.04425
k79_3254	8.73469
k79_21673	6.57143
k79_3255	4.47482
k79_3256	11.9593
k79_21674	7.18713
k79_26199	44.0748
k79_3257	3.85714
k79_21675	2.73043
k79_35771	47.9292
k79_3258	2.89952
k79_26200	7.58352
k79_21676	6.38235
k79_3259	4.06716
k79_26201	5.03738
k79_35772	7.80081
k79_21677	3.64
k79_3260	3.7125
k79_35773	5.13636
k79_3261	7.85321
k79_35774	9.14724
k79_21678	6.31818
k79_3262	6.1962
k79_21679	4.47475
k79_35775	5.96154
k79_21680	6.4
k79_3263	4.9127
k79_17107	23.9151
k79_3264	8.30282
k79_3265	4.71875
k79_21681	5.7319
k79_17108	6.23262
k79_21682	6.9
k79_17109	6.38333
k79_30558	5.66257
k79_3266	3.79718
k79_17110	4.16959
k79_3267	18.192
k79_17111	5.43396
k79_17112	3.30392
k79_21683	4.75316
k79_30559	12.5956
k79_17113	3.5
k79_17114	5.97753
k79_30560	8.37394
k79_21684	5.64876
k79_30561	8.3341
k79_17115	5.78032
k79_7794	15.661
k79_17116	2.55556
k79_12587	2.78241
k79_3268	8.98388
k79_7795	7.86207
k79_17117	3.52632
k79_12588	10.3462
k79_3269	6.97087
k79_30562	4.32474
k79_3270	7.35185
k79_12589	10.7955
k79_7796	9.24428
k79_3271	3.51648
k79_17118	3.7973
k79_12590	8.83333
k79_3272	13.7456
k79_7797	4.97203
k79_30563	4.80155
k79_17119	7.41304
k79_12591	5.86207
k79_3273	7.75177
k79_17120	7.11724
k79_17121	13.486
k79_3274	5.53145
k79_12592	6.3341
k79_3275	19.6105
k79_17122	4.80631
k79_12593	5.29078
k79_17123	5.91743
k79_3276	5.44206
k79_17124	4.70787
k79_3277	5.07965
k79_7798	8.76425
k79_30564	9.56499
k79_3278	3.74419
k79_12594	6.43553
k79_30565	5.97581
k79_12595	5.175
k79_3279	3.27922
k79_12596	3.10638
k79_3280	4.95745
k79_30566	8.39447
k79_3281	4.45647
k79_3282	3.08
k79_30567	5.57576
k79_30568	3.4557
k79_3283	3.95872
k79_30569	3.99094
k79_35776	18.3333
k79_3284	5.17433
k79_30570	4.20122
k79_35777	3.78205
k79_3285	8.85328
k79_30571	12.4848
k79_3286	3.60417
k79_30572	5.6
k79_3287	5.1875
k79_35778	8.88315
k79_3288	2.51724
k79_30573	4.46992
k79_30574	3.93007
k79_3289	27.8966
k79_30575	4.20438
k79_3290	4.92647
k79_3291	6.8871
k79_30576	6.25888
k79_35779	9.86022
k79_30577	3.2695
k79_35780	3.0202
k79_3292	6.83268
k79_30578	2.62766
k79_35781	2.30921
k79_30579	3.6699
k79_3293	8.27099
k79_35782	8.52344
k79_3294	4.28462
k79_30580	5.69921
k79_35783	5.43007
k79_30581	5.79688
k79_35784	5.91824
k79_30582	4.51232
k79_35785	4.2479
k79_30583	3.57764
k79_3295	5.7962
k79_35786	3.86512
k79_3296	6.84314
k79_30584	7.87108
k79_3297	6.78272
k79_35787	5.80832
k79_30585	5.80337
k79_35788	3.20561
k79_30586	3.99441
k79_17125	7.41713
k79_35789	4.47449
k79_17126	3.72016
k79_30587	5.82271
k79_17127	5.80097
k79_35790	9.5124
k79_30588	2.93617
k79_35791	4.175
k79_35792	4.57551
k79_30589	3.12258
k79_35793	3.25926
k79_30590	6.64706
k79_7799	41.2746
k79_35794	4.27679
k79_35795	7.52802
k79_30591	7.90503
k79_35796	2.39785
k79_30592	2.21296
k79_35797	7.13462
k79_30593	9.77305
k79_35798	2.97391
k79_35799	4.52381
k79_35800	6.8589
k79_30594	6.11553
k79_35801	8.43011
k79_7800	10.0265
k79_35802	4.20909
k79_30595	4.79608
k79_7801	7.48958
k79_35803	7.0989
k79_30596	4.10377
k79_26202	45.073
k79_7802	5.10651
k79_35804	2.34615
k79_26203	3.53659
k79_30597	2.36111
k79_30598	2.72816
k79_7803	10.0907
k79_30599	7.1573
k79_26204	2.64809
k79_30600	6.16304
k79_26205	7.36515
k79_30601	6.00678
k79_26206	3.16114
k79_26207	5.35841
k79_30602	6.63014
k79_30603	4.49849
k79_35805	8.86388
k79_30604	5.58519
k79_12597	42.9519
k79_7804	8.74971
k79_30605	5.48466
k79_12598	3.84733
k79_21685	4.1049
k79_12599	4.60377
k79_30606	5.19872
k79_21686	3.7799
k79_30607	7.44318
k79_35806	25.6695
k79_30608	6.55859
k79_35807	4.22901
k79_30609	3.16463
k79_35808	4.69849
k79_35809	3.74
k79_35810	6.97753
k79_35811	4.27481
k79_21687	11.5421
k79_35812	4.90698
k79_21688	8.48988
k79_35813	5.69048
k79_21689	4.38406
k79_12600	14.8772
k79_35814	5.56659
k79_17128	6.41271
k79_21690	3.23429
k79_21691	5.0
k79_12601	6.8869
k79_17129	7.44061
k79_3298	3.0292
k79_12602	6.10256
k79_3299	4.76289
k79_3300	5.38095
k79_12603	11.5548
k79_17130	4.55075
k79_21692	7.20983
k79_3301	2.24719
k79_17131	3.57
k79_12604	4.86916
k79_21693	9.34884
k79_17132	8.44516
k79_12605	4.24339
k79_3302	10.4257
k79_3303	9.37762
k79_21694	7.49858
k79_17133	10.1116
k79_12606	6.08252
k79_21695	2.8284
k79_3304	7.66246
k79_12607	18.1154
k79_21696	4.0
k79_17134	5.64417
k79_17135	7.00617
k79_17136	6.75912
k79_21697	8.76009
k79_12608	5.55476
k79_3305	6.15036
k79_12609	4.10582
k79_3306	6.07778
k79_17137	5.47451
k79_21698	11.9142
k79_12610	2.14189
k79_17138	9.13445
k79_3307	6.51812
k79_21699	6.2766
k79_17139	4.016
k79_21700	7.73709
k79_3308	7.71972
k79_12611	9.74095
k79_17140	5.95167
k79_12612	5.91791
k79_26208	5.55665
k79_35815	5.48829
k79_17141	16.6011
k79_26209	4.98895
k79_35816	5.32143
k79_26210	4.58392
k79_35817	12.1592
k79_17142	51.5766
k79_35818	5.16607
k79_17143	4.23188
k79_26211	8.41445
k79_17144	10.5751
k79_26212	3.62832
k79_17145	7.10191
k79_21701	15.4804
k79_26213	3.49741
k79_17146	3.85119
k79_21702	5.69565
k79_26214	4.695
k79_17147	3.55769
k79_21703	4.008
k79_26215	3.74101
k79_17148	4.98438
k79_21704	2.87963
k79_30610	45.1564
k79_7805	3.83444
k79_35819	18.8665
k79_30611	5.43333
k79_7806	3.37143
k79_3309	4.54502
k79_35820	2.16239
k79_30612	4.93373
k79_7807	5.87736
k79_35821	10.5636
k79_26216	15.6878
k79_35822	1.98529
k79_30613	4.46071
k79_7808	4.36042
k79_35823	3.60674
k79_30614	5.9899
k79_7809	4.3224
k79_35824	3.66667
k79_26217	5.11151
k79_30615	5.09524
k79_7810	7.7037
k79_21705	4.19209
k79_30616	2.56923
k79_26218	8.18272
k79_21706	3.50323
k79_7811	7.38931
k79_7812	2.42105
k79_21707	4.09365
k79_26219	3.91747
k79_21708	5.06195
k79_7813	5.06227
k79_26220	10.0594
k79_7814	8.33696
k79_26221	5.2967
k79_7815	2.59877
k79_7816	2.19802
k79_26222	3.46138
k79_7817	9.33036
k79_21709	11.7364
k79_35825	15.6216
k79_26223	3.25773
k79_26224	6.44086
k79_35826	3.42545
k79_21710	7.16302
k79_21711	3.91787
k79_7818	4.6693
k79_35827	4.32712
k79_7819	6.93939
k79_21712	2.05993
k79_35828	4.86932
k79_7820	7.2994
k79_21713	3.18
k79_26225	48.6982
k79_21714	1.78882
k79_7821	8.63021
k79_26226	1.82796
k79_35829	6.84139
k79_26227	3.86701
k79_7822	4.40177
k79_21715	7.0
k79_7823	5.92708
k79_17149	42.2588
k79_21716	3.3245
k79_26228	4.22128
k79_7824	4.3
k79_35830	7.07057
k79_26229	6.09174
k79_21717	4.38806
k79_26230	4.50505
k79_17150	9.18657
k79_7825	8.90514
k79_26231	5.08696
k79_17151	3.17273
k79_26232	4.06838
k79_17152	4.43333
k79_35831	5.19091
k79_26233	4.85535
k79_17153	2.44068
k79_21718	32.4461
k79_7826	5.36436
k79_21719	4.53101
k79_17154	11.2247
k79_35832	10.1885
k79_7827	2.41964
k79_21720	3.352
k79_21721	5.11765
k79_21722	5.04762
k79_12613	7.05328
k79_35833	7.86434
k79_12614	8.26667
k79_21723	3.624
k79_35834	3.67742
k79_12615	3.83673
k79_17155	5.91322
k79_12616	3.72816
k79_17156	4.35922
k79_7828	6.18942
k79_17157	3.53704
k79_12617	7.53361
k79_35835	5.1402
k79_17158	5.05076
k79_12618	5.69578
k79_17159	5.66045
k79_12619	4.67337
k79_21724	21.5289
k79_17160	10.3966
k79_21725	6.06452
k79_12620	66.3914
k79_17161	11.8424
k79_12621	4.51163
k79_21726	6.04211
k79_12622	5.41538
k79_21727	4.14741
k79_17162	6.8554
k79_26234	7.02857
k79_26235	5.98925
k79_7829	17.2238
k79_3310	7.7754
k79_21728	7.74728
k79_7830	5.12903
k79_21729	7.31183
k79_3311	15.7463
k79_26236	3.53735
k79_3312	3.20161
k79_21730	3.30508
k79_26237	4.89516
k79_7831	5.47039
k79_26238	11.1795
k79_21731	2.7619
k79_3313	4.66452
k79_3314	3.85039
k79_12623	8.42927
k79_26239	4.59538
k79_21732	4.42929
k79_7832	12.4727
k79_12624	4.82609
k79_26240	6.29752
k79_3315	7.85116
k79_21733	4.51813
k79_12625	7.89431
k79_7833	7.21154
k79_3316	2.78182
k79_12626	7.69543
k79_21734	30.3793
k79_3317	4.06566
k79_7834	7.58009
k79_12627	6.92593
k79_3318	5.90909
k79_21735	5.33766
k79_26241	14.7214
k79_12628	3.57736
k79_26242	7.24277
k79_7835	7.35805
k79_3319	3.74908
k79_21736	6.71959
k79_7836	2.4902
k79_12629	4.30345
k79_3320	4.06957
k79_7837	3.86607
k79_12630	4.35955
k79_17163	61.5444
k79_7838	4.26361
k79_3321	6.87712
k79_17164	3.37054
k79_17165	3.92481
k79_12631	9.78352
k79_3322	5.92237
k79_26243	42.4306
k79_7839	11.5868
k79_7840	4.65891
k79_26244	18.8889
k79_3323	6.96296
k79_12632	5.22266
k79_7841	5.02614
k79_12633	2.39726
k79_7842	3.08772
k79_26245	5.58219
k79_3324	7.53425
k79_12634	7.0829
k79_21737	42.092
k79_26246	3.68468
k79_3325	10.4917
k79_21738	7.06376
k79_26247	4.21993
k79_21739	7.55147
k79_12635	7.09966
k79_3326	7.89613
k79_12636	22.9429
k79_21740	5.80473
k79_26248	7.99029
k79_21741	6.28276
k79_12637	3.80088
k79_3327	5.58147
k79_26249	8.50714
k79_7843	12.7052
k79_3328	3.24865
k79_12638	16.482
k79_7844	3.70297
k79_26250	6.79727
k79_21742	9.73618
k79_12639	6.07614
k79_3329	3.70844
k79_7845	6.40909
k79_26251	7.60227
k79_12640	5.82955
k79_21743	5.07205
k79_3330	15.0849
k79_7846	6.10849
k79_26252	3.98529
k79_12641	4.63359
k79_3331	12.7474
k79_21744	14.1854
k79_26253	3.56701
k79_7847	31.9481
k79_3332	4.46923
k79_21745	3.92949
k79_26254	4.6383
k79_3333	12.0788
k79_12642	7.29865
k79_21746	7.89035
k79_26255	3.25166
k79_7848	3.65967
k79_26256	8.7551
k79_12643	4.71111
k79_12644	7.03306
k79_26257	3.2331
k79_7849	7.69585
k79_21747	5.44286
k79_12645	2.72917
k79_21748	9.88506
k79_12646	6.7617
k79_26258	3.67723
k79_12647	4.4466
k79_7850	7.25273
k79_21749	8.85586
k79_7851	9.48421
k79_3334	9.36012
k79_12648	7.01911
k79_21750	1.91045
k79_3335	1.92381
k79_7852	4.82317
k79_12649	3.38951
k79_21751	4.41216
k79_3336	6.64748
k79_21752	6.7485
k79_3337	1.93333
k79_12650	8.86693
k79_3338	3.3
k79_21753	5.77717
k79_3339	6.72519
k79_12651	7.61446
k79_3340	7.12
k79_12652	5.41935
k79_21754	6.58788
k79_12653	4.50694
k79_26259	5.34444
k79_3341	6.35566
k79_26260	6.13483
k79_7853	16.9935
k79_12654	7.96296
k79_3342	5.61702
k79_26261	9.84951
k79_12655	4.45794
k79_7854	3.95181
k79_3343	5.82353
k79_21755	10.7089
k79_26262	8.76471
k79_12656	5.29493
k79_7855	2.49206
k79_3344	3.17874
k79_17166	6.87407
k79_21756	2.48498
k79_7856	4.16071
k79_3345	4.01053
k79_17167	3.51111
k79_26263	10.8994
k79_7857	10.7667
k79_21757	5.49466
k79_7858	6.56522
k79_12657	4.9739
k79_26264	13.9852
k79_3346	7.01089
k79_21758	5.75632
k79_12658	2.27206
k79_26265	5.86111
k79_3347	6.45113
k79_12659	4.21951
k79_17168	7.94793
k79_3348	3.67797
k79_21759	4.22816
k79_26266	5.37857
k79_17169	3.72785
k79_3349	9.70492
k79_12660	5.38261
k79_17170	3.81048
k79_26267	9.16228
k79_12661	7.22727
k79_17171	6.73596
k79_3350	5.6092
k79_12662	11.6321
k79_35836	5.03383
k79_17172	3.16461
k79_26268	7.35062
k79_12663	9.20578
k79_17173	4.09615
k79_26269	2.99115
k79_12664	3.84892
k79_12665	4.12281
k79_30617	60.8532
k79_26270	4.60702
k79_12666	3.40566
k79_26271	3.27778
k79_21760	21.6127
k79_12667	9.97015
k79_12668	5.53378
k79_21761	10.1444
k79_12669	8.18852
k79_21762	5.74257
k79_12670	5.28226
k79_30618	23.4262
k79_12671	9.33333
k79_35837	8.6384
k79_17174	12.4503
k79_12672	9.00826
k79_30619	3.42069
k79_17175	14.7364
k79_35838	2.99167
k79_30620	2.7546
k79_17176	6.69388
k79_12673	4.24912
k79_35839	3.2638
k79_30621	16.6504
k79_30622	4.51553
k79_12674	3.0363
k79_26272	14.4833
k79_17177	3.71028
k79_30623	10.3556
k79_21763	8.07177
k79_35840	7.26034
k79_12675	4.97581
k79_30624	3.52288
k79_35841	2.03571
k79_26273	4.56977
k79_12676	8.2
k79_21764	7.0628
k79_30625	3.95506
k79_17178	15.4331
k79_12677	5.4433
k79_35842	2.97692
k79_17179	21.2967
k79_30626	11.0296
k79_26274	5.68836
k79_35843	7.4878
k79_7859	69.125
k79_12678	2.75743
k79_17180	4.17007
k79_26275	16.0526
k79_30627	4.96825
k79_21765	5.12058
k79_35844	4.0
k79_12679	2.87302
k79_21766	7.62222
k79_26276	6.08333
k79_35845	5.65354
k79_7860	16.3017
k79_12680	1.60638
k79_21767	8.64516
k79_35846	17.1224
k79_12681	6.02439
k79_7861	12.1442
k79_21768	2.6789
k79_17181	5.26266
k79_35847	3.81111
k79_26277	7.6849
k79_12682	5.02315
k79_26278	6.83721
k79_21769	7.84146
k79_17182	13.147
k79_26279	6.06482
k79_30628	7.71071
k79_12683	6.87832
k79_21770	5.15637
k79_12684	4.55856
k79_21771	3.26415
k79_12685	3.34328
k79_21772	19.3296
k79_26280	8.33465
k79_30629	10.1736
k79_12686	5.65217
k79_17183	10.1565
k79_26281	5.89441
k79_30630	3.2454
k79_21773	6.5194
k79_30631	2.27523
k79_12687	12.1896
k79_26282	5.47716
k79_26283	9.0
k79_12688	3.82456
k79_30632	3.68513
k79_12689	6.54971
k79_26284	6.50146
k79_21774	11.8786
k79_12690	3.50532
k79_21775	4.65068
k79_7862	18.1637
k79_21776	2.78166
k79_17184	4.36611
k79_7863	5.95783
k79_30633	6.16651
k79_12691	10.8579
k79_21777	5.64605
k79_7864	3.20513
k79_17185	6.33758
k79_35848	31.0913
k79_21778	6.6
k79_26285	5.72727
k79_12692	5.42079
k79_17186	2.27308
k79_35849	74.6172
k79_26286	4.4661
k79_21779	2.64957
k79_26287	3.21583
k79_21780	8.72619
k79_35850	4.95312
k79_12693	4.76573
k79_26288	5.32653
k79_17187	6.45671
k79_3351	6.00124
k79_12694	6.22917
k79_35851	3.61803
k79_26289	3.79412
k79_21781	8.67699
k79_35852	2.77099
k79_3352	16.1521
k79_26290	4.29286
k79_12695	3.39024
k79_21782	6.50413
k79_7865	10.1752
k79_35853	8.57143
k79_3353	5.85437
k79_17188	11.7045
k79_26291	3.0
k79_21783	2.45192
k79_12696	4.5034
k79_7866	6.20301
k79_30634	5.93562
k79_26292	2.23387
k79_21784	4.68571
k79_30635	6.42105
k79_26293	3.98
k79_21785	26.0323
k79_17189	6.54907
k79_35854	22.1892
k79_7867	5.10425
k79_26294	4.83168
k79_30636	3.68182
k79_12697	6.71616
k79_30637	15.6667
k79_30638	6.03061
k79_7868	5.80124
k79_30639	3.62727
k79_35855	3.07186
k79_12698	6.08795
k79_7869	2.34043
k79_30640	2.89362
k79_35856	2.10526
k79_26295	4.9901
k79_7870	8.16854
k79_12699	7.30075
k79_7871	1.87059
k79_35857	6.88921
k79_30641	5.10384
k79_12700	3.44715
k79_26296	7.07563
k79_3354	2.81905
k79_7872	6.19895
k79_30642	14.5877
k79_35858	8.77778
k79_3355	6.37143
k79_12701	5.09406
k79_7873	4.13725
k79_30643	3.67692
k79_12702	2.875
k79_3356	5.90116
k79_7874	4.50235
k79_26297	6.05331
k79_3357	4.58152
k79_12703	7.75845
k79_26298	5.97656
k79_30644	3.41713
k79_3358	9.58791
k79_7875	8.46409
k79_26299	3.06522
k79_21786	25.9943
k79_3359	5.38636
k79_26300	5.69474
k79_7876	6.37056
k79_12704	8.17924
k79_3360	5.01087
k79_26301	3.99242
k79_30645	14.2384
k79_21787	5.81659
k79_7877	6.49
k79_12705	7.74797
k79_3361	2.82474
k79_30646	5.01064
k79_7878	6.0
k79_3362	7.6
k79_30647	2.03297
k79_12706	12.9663
k79_7879	9.42222
k79_26302	2.91797
k79_21788	7.07988
k79_3363	3.29167
k79_30648	8.79412
k79_12707	3.22222
k79_35859	19.6476
k79_26303	5.06512
k79_12708	4.64602
k79_3364	7.44815
k79_35860	4.4321
k79_30649	11.2305
k79_26304	5.71377
k79_35861	4.15672
k79_21789	7.28707
k79_35862	2.24444
k79_30650	24.625
k79_12709	5.28772
k79_3365	15.1786
k79_30651	3.85908
k79_35863	4.83234
k79_30652	4.88184
k79_3366	16.8589
k79_21790	3.75252
k79_35864	8.6075
k79_21791	5.0
k79_3367	2.98298
k79_35865	2.8617
k79_21792	4.79221
k79_30653	7.33522
k79_3368	3.49573
k79_35866	3.89806
k79_21793	3.10596
k79_26305	5.45489
k79_12710	8.3952
k79_30654	3.99077
k79_21794	2.77872
k79_12711	5.31217
k79_35867	10.3609
k79_21795	11.4484
k79_12712	5.11917
k79_3369	7.9123
k79_21796	8.25862
k79_35868	3.9542
k79_21797	3.6413
k79_3370	2.39357
k79_35869	2.01724
k79_3371	8.55652
k79_21798	4.64286
k79_35870	5.96
k79_3372	4.69307
k79_21799	4.0597
k79_3373	3.55882
k79_35871	4.3561
k79_21800	4.27338
k79_21801	11.6222
k79_30655	9.52488
k79_21802	7.80556
k79_35872	7.22056
k79_21803	4.13853
k79_35873	4.64234
k79_30656	7.89486
k79_3374	6.19426
k79_35874	4.58475
k79_7880	50.44
k79_21804	10.2428
k79_3375	6.73709
k79_7881	5.91304
k79_35875	6.45307
k79_3376	4.02395
k79_21805	4.88261
k79_7882	37.4242
k79_3377	35.5965
k79_21806	17.4605
k79_7883	3.19545
k79_21807	8.89252
k79_7884	2.52137
k79_3378	2.74132
k79_35876	6.64463
k79_7885	3.74257
k79_21808	5.4702
k79_3379	2.52564
k79_35877	4.52564
k79_7886	2.79
k79_21809	3.4142
k79_3380	3.33333
k79_35878	7.96629
k79_7887	2.55938
k79_3381	4.50213
k79_35879	7.24277
k79_21810	4.78644
k79_17190	5.00273
k79_21811	2.82635
k79_17191	3.03937
k79_21812	10.7176
k79_17192	5.14612
k79_21813	4.9633
k79_21814	13.6319
k79_17193	6.572
k79_21815	5.38
k79_17194	8.04167
k79_12713	50.7194
k79_12714	14.8477
k79_21816	5.6186
k79_17195	11.3883
k79_21817	3.11224
k79_17196	7.03125
k79_21818	4.43885
k79_17197	3.84783
k79_12715	7.811
k79_17198	12.4292
k79_21819	5.18367
k79_17199	8.81548
k79_12716	6.4505
k79_21820	5.99363
k79_12717	7.24324
k79_17200	4.10386
k79_21821	3.2514
k79_12718	4.56274
k79_21822	1.91667
k79_17201	5.83333
k79_21823	9.46875
k79_17202	4.736
k79_21824	3.48529
k79_17203	4.00763
k79_17204	4.98165
k79_12719	4.62978
k79_17205	3.7377
k79_21825	6.69885
k79_12720	2.69912
k79_21826	2.35714
k79_12721	7.68617
k79_21827	5.27624
k79_12722	4.02878
k79_17206	9.06783
k79_21828	2.85135
k79_17207	5.71429
k79_12723	6.33216
k79_21829	6.61585
k79_17208	3.26241
k79_12724	3.39548
k79_21830	5.12088
k79_17209	4.59756
k79_12725	6.26056
k79_21831	5.75155
k79_12726	6.3321
k79_17210	11.7262
k79_21832	6.92905
k79_17211	5.18557
k79_21833	3.6129
k79_12727	21.0588
k79_17212	2.45865
k79_21834	2.9633
k79_12728	6.30573
k79_17213	10.8807
k79_21835	5.23077
k79_30657	9.29771
k79_17214	2.67143
k79_21836	6.55233
k79_7888	5.25478
k79_17215	4.36885
k79_30658	2.13793
k79_17216	4.41935
k79_30659	5.53988
k79_35880	46.3165
k79_30660	4.875
k79_7889	7.28136
k79_17217	3.36957
k79_21837	12.0433
k79_35881	3.38117
k79_7890	3.77869
k79_30661	1.87568
k79_21838	8.04545
k79_30662	3.62766
k79_7891	2.93909
k79_21839	6.85827
k79_17218	6.31969
k79_35882	3.22807
k79_30663	2.96667
k79_7892	3.95652
k79_17219	7.31579
k79_30664	5.96396
k79_35883	8.6386
k79_17220	3.17259
k79_30665	2.1519
k79_21840	5.16197
k79_7893	6.51156
k79_17221	8.625
k79_35884	4.66557
k79_21841	2.96629
k79_7894	2.58824
k79_30666	8.66122
k79_17222	3.93583
k79_12729	7.85246
k79_30667	3.56383
k79_35885	4.07222
k79_7895	3.19333
k79_30668	2.02222
k79_7896	7.5288
k79_12730	5.96269
k79_21842	10.8635
k79_35886	5.85128
k79_7897	5.31953
k79_12731	7.16279
k79_30669	6.58953
k79_21843	11.1086
k79_30670	2.92754
k79_7898	3.50237
k79_17223	7.26399
k79_12732	3.14352
k79_7899	5.21212
k79_12733	5.57292
k79_17224	3.22642
k79_30671	6.16621
k79_7900	15.0511
k79_35887	12.3003
k79_12734	4.89669
k79_21844	3.76252
k79_30672	5.82609
k79_7901	3.66429
k79_12735	2.1068
k79_30673	7.81967
k79_12736	13.6728
k79_17225	6.12442
k79_21845	5.68788
k79_3382	7.47292
k79_17226	6.69591
k79_30674	11.906
k79_35888	8.55696
k79_3383	3.01887
k79_21846	6.34078
k79_7902	31.5436
k79_30675	5.03205
k79_12737	9.05098
k79_17227	5.43064
k79_7903	2.29197
k79_30676	2.99
k79_35889	3.86159
k79_12738	5.44037
k79_17228	4.36872
k79_12739	4.56122
k79_3384	5.82752
k79_30677	6.66516
k79_17229	8.1
k79_30678	6.05769
k79_7904	10.4066
k79_17230	7.10989
k79_12740	7.83691
k79_30679	6.88542
k79_3385	4.35
k79_30680	8.62069
k79_17231	4.64662
k79_3386	4.63415
k79_30681	4.40972
k79_17232	5.84536
k79_21847	7.03614
k79_3387	10.1028
k79_12741	3.10828
k79_3388	4.0087
k79_7905	31.437
k79_21848	3.53825
k79_12742	6.53333
k79_30682	6.79196
k79_35890	6.13972
k79_21849	2.99222
k79_12743	4.65306
k79_30683	5.77108
k79_7906	5.77273
k79_3389	5.23443
k79_21850	3.24
k79_12744	3.84967
k79_3390	6.55333
k79_30684	8.10714
k79_7907	4.24816
k79_12745	5.46919
k79_30685	6.52252
k79_12746	4.10435
k79_7908	8.53017
k79_3391	4.73214
k79_12747	2.68539
k79_30686	4.7362
k79_7909	3.9589
k79_3392	4.95
k79_21851	14.6457
k79_7910	3.84416
k79_21852	6.5942
k79_3393	2.53394
k79_12748	10.5009
k79_35891	12.555
k79_30687	5.00186
k79_21853	3.37008
k79_7911	4.58019
k79_12749	4.86335
k79_3394	4.38039
k79_21854	2.64957
k79_7912	6.09272
k79_3395	8.20773
k79_35892	7.5406
k79_21855	4.05106
k79_12750	5.82883
k79_35893	4.59259
k79_12751	10.0316
k79_21856	3.09091
k79_3396	4.35345
k79_12752	5.21379
k79_21857	12.0828
k79_35894	6.49351
k79_21858	4.27473
k79_35895	4.07339
k79_3397	5.48
k79_7913	30.0165
k79_21859	5.78906
k79_3398	3.4
k79_7914	5.36765
k79_35896	6.84404
k79_7915	3.8617
k79_35897	2.75824
k79_12753	7.90379
k79_3399	6.1784
k79_12754	10.0642
k79_7916	3.00847
k79_35898	4.01796
k79_21860	4.01393
k79_7917	15.4444
k79_12755	4.61187
k79_3400	7.13896
k79_21861	5.93156
k79_7918	4.00758
k79_7919	3.78899
k79_12756	16.5603
k79_3401	6.2972
k79_35899	9.01977
k79_3402	7.48805
k79_21862	6.4
k79_3403	5.624
k79_7920	11.2981
k79_35900	4.07258
k79_12757	5.37628
k79_21863	4.18878
k79_35901	6.5
k79_7921	3.05926
k79_21864	12.1632
k79_35902	3.33939
k79_7922	7.76068
k79_12758	7.41121
k79_21865	5.35032
k79_7923	5.47706
k79_21866	3.82377
k79_35903	5.33724
k79_12759	5.53106
k79_7924	11.4804
k79_21867	5.35593
k79_35904	2.31496
k79_30688	8.16485
k79_21868	4.50847
k79_7925	5.57426
k79_35905	6.31522
k79_12760	7.05882
k79_21869	5.16667
k79_30689	3.69907
k79_35906	3.47107
k79_30690	4.84167
k79_21870	4.07547
k79_12761	11.0641
k79_35907	1.95484
k79_35908	7.02752
k79_30691	7.54622
k79_21871	3.85149
k79_7926	6.7703
k79_3404	17.2787
k79_12762	8.80177
k79_21872	9.2033
k79_30692	2.79381
k79_7927	5.30303
k79_26306	47.0683
k79_12763	5.64844
k79_35909	29.8483
k79_3405	44.6582
k79_21873	5.67241
k79_7928	67.1117
k79_26307	3.24658
k79_12764	6.18621
k79_21874	3.60284
k79_7929	4.805
k79_30693	7.19825
k79_21875	4.40351
k79_7930	3.99038
k79_26308	3.81818
k79_35910	7.28622
k79_21876	4.05941
k79_7931	2.25191
k79_26309	6.88696
k79_35911	6.38961
k79_30694	12.5752
k79_7932	5.03774
k79_21877	7.33146
k79_30695	3.87958
k79_7933	8.09091
k79_21878	5.52532
k79_17233	47.2618
k79_30696	2.76884
k79_7934	3.23188
k79_21879	8.29258
k79_7935	4.83333
k79_30697	3.63433
k79_21880	6.7563
k79_17234	4.72527
k79_7936	3.34409
k79_17235	16.4537
k79_30698	4.34583
k79_12765	15.7815
k79_21881	2.21579
k79_26310	6.88645
k79_3406	4.31179
k79_30699	7.70652
k79_17236	4.62044
k79_7937	3.99742
k79_26311	3.79389
k79_35912	6.78865
k79_3407	3.26923
k79_12766	6.98047
k79_30700	2.87755
k79_21882	5.65217
k79_17237	2.46853
k79_26312	2.52518
k79_3408	2.25275
k79_12767	4.6087
k79_7938	5.87889
k79_30701	3.38857
k79_17238	2.91279
k79_21883	4.20395
k79_3409	2.50962
k79_26313	3.33962
k79_12768	5.30827
k79_7939	5.88136
k79_30702	7.88125
k79_21884	8.10968
k79_17239	7.05025
k79_3410	3.41122
k79_12769	3.22727
k79_21885	3.38596
k79_17240	2.63566
k79_3411	2.77358
k79_21886	3.28814
k79_12770	9.0917
k79_3412	4.5102
k79_26314	6.79135
k79_21887	4.86891
k79_17241	4.21182
k79_12771	3.53696
k79_3413	5.27074
k79_17242	5.64341
k79_21888	4.43
k79_35913	60.3352
k79_26315	4.30169
k79_7940	4.44737
k79_12772	5.08564
k79_35914	2.27
k79_12773	5.1
k79_21889	8.24294
k79_30703	11.2088
k79_35915	8.70044
k79_7941	9.39879
k79_12774	4.08081
k79_17243	5.66298
k79_21890	6.59551
k79_30704	4.32544
k79_21891	5.97826
k79_17244	3.04955
k79_35916	6.14978
k79_30705	6.91509
k79_21892	4.01124
k79_17245	5.75238
k79_35917	4.27703
k79_30706	9.10366
k79_17246	4.28261
k79_35918	7.42442
k79_21893	5.80625
k79_17247	1.80808
k79_30707	6.6648
k79_17248	10.006
k79_21894	12.18
k79_30708	7.864
k79_21895	8.25806
k79_17249	2.09881
k79_21896	5.34591
k79_30709	3.42972
k79_21897	6.10596
k79_35919	7.30916
k79_21898	9.92523
k79_30710	5.92084
k79_35920	13.9904
k79_17250	12.6385
k79_30711	5.29747
k79_35921	4.57937
k79_21899	5.46258
k79_30712	4.72121
k79_7942	29.6148
k79_35922	5.05747
k79_30713	7.81651
k79_17251	5.70438
k79_7943	9.48828
k79_17252	3.05769
k79_21900	6.12721
k79_35923	16.6793
k79_17253	5.62766
k79_7944	3.99286
k79_30714	5.55923
k79_26316	5.60417
k79_35924	5.83761
k79_7945	3.48454
k79_26317	4.95402
k79_30715	11.7588
k79_7946	3.83898
k79_35925	5.03846
k79_17254	4.95008
k79_30716	12.6795
k79_35926	17.8716
k79_17255	3.5
k79_30717	4.75745
k79_26318	5.37423
k79_35927	8.89011
k79_17256	5.89764
k79_35928	3.85811
k79_26319	2.61039
k79_30718	7.57353
k79_35929	2.14159
k79_26320	5.00826
k79_17257	5.06579
k79_30719	12.6364
k79_26321	3.66667
k79_30720	2.375
k79_17258	30.4645
k79_35930	6.1322
k79_26322	7.97452
k79_30721	2.66667
k79_35931	4.33108
k79_26323	3.72778
k79_17259	10.3159
k79_30722	3.22485
k79_35932	3.68927
k79_17260	3.56627
k79_26324	6.37283
k79_35933	3.89941
k79_17261	8.69298
k79_30723	4.45511
k79_17262	2.63125
k79_26325	6.90909
k79_35934	3.42793
k79_30724	6.72523
k79_7947	46.6107
k79_17263	5.04
k79_26326	4.18248
k79_35935	4.57059
k79_30725	3.28889
k79_7948	4.11921
k79_35936	4.71354
k79_17264	12.1667
k79_35937	5.66429
k79_26327	9.79959
k79_26328	13.3333
k79_26329	12.9109
k79_35938	4.55115
k79_17265	5.36348
k79_26330	7.87222
k79_17266	8.88591
k79_35939	6.18018
k79_17267	5.93385
k79_26331	5.27791
k79_35940	8.69756
k79_26332	3.75472
k79_35941	7.66949
k79_3414	6.15341
k79_26333	8.94382
k79_35942	7.26829
k79_35943	7.61789
k79_26334	5.77073
k79_21901	6.40329
k79_35944	2.95902
k79_3415	11.0733
k79_30726	46.5961
k79_21902	3.79167
k79_3416	12.757
k79_30727	2.66337
k79_3417	5.57778
k79_35945	5.2657
k79_30728	3.83422
k79_21903	8.83594
k79_30729	4.98925
k79_35946	2.95732
k79_21904	4.39535
k79_3418	8.33333
k79_30730	3.16429
k79_35947	2.98936
k79_30731	6.58491
k79_35948	6.15574
k79_35949	4.07317
k79_35950	3.58128
k79_30732	8.3997
k79_35951	12.1775
k79_17268	8.30561
k79_3419	5.59931
k79_7949	42.1404
k79_35952	15.5245
k79_7950	3.44545
k79_17269	7.13269
k79_30733	9.79744
k79_7951	3.29651
k79_26335	6.24812
k79_30734	6.09677
k79_7952	11.6306
k79_35953	7.11905
k79_17270	5.31622
k79_7953	3.63388
k79_17271	9.25899
k79_26336	6.39314
k79_30735	6.63636
k79_26337	9.79825
k79_17272	4.19178
k79_30736	4.03261
k79_26338	3.31746
k79_17273	5.94245
k79_3420	5.76728
k79_26339	9.20225
k79_17274	5.30882
k79_30737	8.81017
k79_17275	3.01439
k79_26340	4.92593
k79_26341	6.3617
k79_21905	15.1774
k79_3421	3.83416
k79_21906	5.79137
k79_17276	7.14081
k79_21907	4.05941
k79_30738	4.02602
k79_17277	2.90437
k79_3422	7.21587
k79_17278	3.235
k79_3423	6.09735
k79_17279	4.49438
k79_30739	7.80537
k79_3424	7.48438
k79_30740	3.21143
k79_3425	5.45455
k79_21908	6.67967
k79_21909	1.76238
k79_17280	6.70982
k79_3426	6.18534
k79_17281	3.64815
k79_21910	3.33861
k79_3427	5.55372
k79_21911	3.01661
k79_3428	3.15459
k79_21912	4.8427
k79_3429	4.40179
k79_17282	4.26094
k79_21913	5.5
k79_3430	6.9569
k79_17283	7.45833
k79_21914	3.24204
k79_3431	3.00775
k79_30741	10.7732
k79_21915	15.3826
k79_30742	3.64535
k79_3432	2.44845
k79_17284	5.52181
k79_30743	6.70183
k79_21916	8.25215
k79_3433	3.9031
k79_21917	4.92157
k79_3434	3.82673
k79_30744	11.0491
k79_21918	4.85437
k79_3435	3.58647
k79_3436	2.69061
k79_17285	4.38453
k79_3437	3.88776
k79_3438	8.04494
k79_17286	4.17373
k79_26342	5.33167
k79_17287	4.4539
k79_3439	3.86458
k79_30745	9.16993
k79_26343	6.4589
k79_3440	2.23913
k79_30746	3.20611
k79_26344	6.0
k79_17288	6.06949
k79_3441	3.90909
k79_30747	8.1641
k79_35954	8.43784
k79_3442	3.704
k79_26345	7.10452
k79_17289	6.8554
k79_26346	7.16422
k79_7954	4.92308
k79_17290	4.81443
k79_3443	3.66917
k79_35955	21.8766
k79_30748	8.86364
k79_26347	3.20106
k79_17291	6.83019
k79_30749	8.8
k79_35956	3.00526
k79_7955	3.93708
k79_3444	8.13317
k79_26348	9.8254
k79_17292	5.98467
k79_3445	9.89908
k79_7956	8.05759
k79_26349	6.96226
k79_17293	2.61111
k79_30750	6.46266
k79_26350	7.83333
k79_3446	8.01508
k79_35957	9.06085
k79_17294	3.27108
k79_7957	6.25074
k79_26351	4.54225
k79_30751	7.96875
k79_3447	1.74528
k79_35958	4.90775
k79_30752	8.01695
k79_3448	10.2903
k79_26352	6.57721
k79_35959	6.96273
k79_21919	6.26585
k79_26353	3.39336
k79_30753	9.06715
k79_17295	12.873
k79_3449	4.51902
k79_30754	5.44
k79_21920	4.24828
k79_17296	5.35758
k79_35960	6.53772
k79_21921	6.70492
k79_3450	3.96364
k79_35961	5.42708
k79_30755	14.5178
k79_17297	4.34872
k79_21922	5.06522
k79_7958	55.27
k79_26354	11.8462
k79_30756	3.81875
k79_7959	3.89071
k79_21923	3.70943
k79_17298	8.87576
k79_30757	3.49697
k79_26355	7.164
k79_7960	4.06145
k79_30758	3.66957
k79_26356	7.49107
k79_17299	5.95833
k79_7961	4.66412
k79_26357	6.68932
k79_21924	7.37281
k79_7962	6.57798
k79_30759	7.24821
k79_30760	2.66129
k79_7963	6.02469
k79_3451	7.64702
k79_30761	6.17273
k79_35962	6.06942
k79_17300	16.9199
k79_3452	3.07282
k79_35963	11.9088
k79_7964	6.61407
k79_3453	3.93182
k79_35964	3.88421
k79_7965	5.56489
k79_35965	4.33588
k79_3454	8.04023
k79_17301	41.7395
k79_26358	6.86109
k79_35966	4.38411
k79_17302	5.22069
k79_7966	3.93568
k79_26359	6.62416
k79_35967	10.8265
k79_7967	9.67789
k79_26360	8.94755
k79_35968	10.1079
k79_7968	10.8322
k79_21925	9.60817
k79_35969	4.26695
k79_7969	3.56416
k79_17303	9.45338
k79_7970	5.94979
k79_17304	2.98131
k79_7971	7.625
k79_21926	5.0
k79_35970	13.7872
k79_3455	5.77455
k79_17305	5.01258
k79_7972	10.4395
k79_35971	2.97619
k79_17306	3.56667
k79_21927	5.69231
k79_7973	3.07
k79_35972	10.7944
k79_21928	4.68217
k79_3456	6.62824
k79_17307	3.18952
k79_7974	3.20253
k79_21929	3.64039
k79_7975	7.67708
k79_17308	2.59873
k79_35973	9.09697
k79_7976	4.11304
k79_3457	12.2799
k79_17309	3.75427
k79_35974	5.0814
k79_3458	2.08621
k79_21930	10.6711
k79_7977	3.98006
k79_17310	6.436
k79_3459	18.6063
k79_3460	7.33333
k79_35975	6.8905
k79_7978	8.20217
k79_17311	4.96797
k79_26361	41.6272
k79_21931	6.93186
k79_35976	8.81053
k79_7979	6.54098
k79_21932	4.60417
k79_26362	30.2949
k79_7980	3.95455
k79_35977	3.88144
k79_17312	13.3
k79_35978	5.16583
k79_17313	4.97268
k79_3461	7.42998
k79_21933	6.20826
k79_21934	5.7451
k79_17314	8.30107
k79_3462	5.55959
k79_35979	5.12948
k79_7981	9.51934
k79_35980	6.76699
k79_21935	9.65806
k79_30762	14.6327
k79_35981	4.70968
k79_21936	11.5692
k79_3463	7.01243
k79_30763	4.33161
k79_35982	4.30065
k79_21937	3.22115
k79_17315	5.66195
k79_3464	8.11243
k79_26363	9.35482
k79_35983	1.41935
k79_21938	2.52101
k79_3465	3.69136
k79_30764	6.02968
k79_17316	25.1106
k79_30765	4.33898
k79_3466	2.63576
k79_21939	2.78765
k79_3467	3.13158
k79_17317	4.78453
k79_35984	7.19527
k79_26364	5.89744
k79_30766	3.99068
k79_21940	6.23955
k79_26365	6.125
k79_3468	7.24373
k79_21941	2.03191
k79_26366	4.57303
k79_30767	4.58468
k79_35985	8.83237
k79_26367	2.33333
k79_21942	3.68367
k79_17318	11.5281
k79_26368	3.20149
k79_17319	2.65979
k79_35986	6.80435
k79_26369	2.77982
k79_21943	7.32014
k79_7982	6.13477
k79_17320	1.80208
k79_26370	5.02752
k79_12775	47.9168
k79_3469	6.15159
k79_17321	6.81928
k79_26371	4.08511
k79_7983	17.6288
k79_12776	3.56075
k79_21944	3.76498
k79_26372	9.08871
k79_3470	3.06011
k79_7984	29.4315
k79_12777	1.768
k79_17322	8.8539
k79_3471	9.66316
k79_26373	3.06667
k79_12778	4.91176
k79_3472	4.2
k79_21945	8.42227
k79_12779	4.32258
k79_17323	13.8102
k79_21946	3.90323
k79_30768	6.71336
k79_21947	4.4898
k79_12780	6.90278
k79_17324	7.84153
k79_26374	5.26014
k79_12781	4.62319
k79_17325	4.42157
k79_7985	7.76596
k79_30769	9.27097
k79_3473	8.45566
k79_12782	10.2013
k79_17326	5.93889
k79_3474	5.31532
k79_30770	3.71171
k79_12783	5.52252
k79_30771	4.06522
k79_12784	2.75887
k79_3475	2.50993
k79_17327	3.0989
k79_26375	7.46447
k79_12785	4.7963
k79_30772	4.75521
k79_3476	3.18935
k79_7986	7.64184
k79_26376	3.20202
k79_7987	3.79775
k79_26377	2.12977
k79_21948	23.0904
k79_30773	3.2654
k79_26378	2.79781
k79_3477	4.95571
k79_7988	2.78808
k79_12786	6.64562
k79_21949	6.03802
k79_30774	2.92308
k79_21950	3.73958
k79_7989	5.46154
k79_12787	5.0117
k79_26379	5.79137
k79_21951	5.03846
k79_3478	10.003
k79_12788	3.25253
k79_7990	5.82609
k79_3479	3.64835
k79_30775	7.28851
k79_12789	3.18978
k79_35987	14.0602
k79_7991	7.3871
k79_3480	2.54545
k79_30776	6.49138
k79_17328	30.3535
k79_21952	7.42495
k79_35988	6.17308
k79_7992	9.86986
k79_17329	4.77528
k79_3481	4.73504
k79_21953	2.42969
k79_7993	9.76374
k79_17330	2.65625
k79_21954	2.95506
k79_30777	5.66876
k79_17331	8.24876
k79_12790	4.43088
k79_35989	5.78136
k79_30778	4.74713
k79_21955	9.36161
k79_3482	36.2293
k79_7994	13.4786
k79_21956	3.50427
k79_35990	4.02649
k79_3483	12.7143
k79_30779	10.872
k79_21957	4.03448
k79_12791	10.6164
k79_7995	5.99301
k79_3484	2.17105
k79_21958	2.03297
k79_26380	47.7143
k79_7996	4.33684
k79_35991	5.92105
k79_17332	11.678
k79_30780	8.50202
k79_21959	7.82659
k79_26381	5.09341
k79_3485	8.31169
k79_35992	5.56442
k79_30781	5.52113
k79_17333	3.87967
k79_21960	6.51034
k79_3486	2.03371
k79_7997	4.81991
k79_30782	10.5132
k79_17334	3.57031
k79_35993	4.47191
k79_7998	3.50761
k79_17335	16.9826
k79_3487	6.56701
k79_30783	6.29091
k79_7999	3.10448
k79_17336	5.54237
k79_35994	4.10215
k79_21961	7.21181
k79_17337	21.6218
k79_21962	8.96596
k79_3488	11.7364
k79_35995	9.63946
k79_3489	2.12088
k79_21963	3.34434
k79_8000	5.17638
k79_17338	8.36475
k79_21964	3.27551
k79_3490	4.51546
k79_26382	41.7718
k79_8001	3.88018
k79_35996	7.69082
k79_3491	14.1806
k79_12792	18.3829
k79_21965	4.83688
k79_8002	7.52632
k79_17339	7.27897
k79_26383	2.84314
k79_21966	6.21348
k79_35997	1.92797
k79_8003	9.3375
k79_17340	1.87755
k79_30784	5.91374
k79_12793	7.43077
k79_26384	6.81395
k79_17341	8.06667
k79_8004	3.64238
k79_30785	4.98817
k79_12794	3.32749
k79_26385	5.36994
k79_30786	5.85047
k79_17342	15.0375
k79_30787	5.83333
k79_30788	7.0
k79_26386	3.0
k79_3492	4.98091
k79_21967	8.19619
k79_30789	4.2
k79_8005	18.1581
k79_21968	4.97872
k79_8006	7.04274
k79_26387	6.15972
k79_30790	5.31677
k79_3493	3.72951
k79_8007	5.66854
k79_30791	2.93452
k79_35998	4.04587
k79_12795	6.63167
k79_8008	2.89863
k79_30792	11.0689
k79_26388	7.05616
k79_8009	16.2676
k79_21969	4.60375
k79_8010	6.27333
k79_30793	3.53779
k79_26389	4.91628
k79_12796	8.375
k79_8011	5.45763
k79_21970	4.10672
k79_35999	7.30341
k79_30794	5.63889
k79_8012	4.50476
k79_26390	12.503
k79_30795	4.52434
k79_12797	7.38241
k79_8013	5.00897
k79_26391	2.8552
k79_30796	5.85259
k79_12798	4.54491
k79_21971	5.72588
k79_26392	3.375
k79_36000	6.70341
k79_8014	6.8
k79_36001	8.46067
k79_26393	9.15758
k79_30797	3.36031
k79_8015	4.45033
k79_21972	9.57257
k79_8016	6.8764
k79_30798	6.60909
k79_21973	9.03125
k79_36002	11.8677
k79_26394	3.80119
k79_21974	3.75556
k79_36003	5.03226
k79_30799	5.9607
k79_36004	4.33028
k79_8017	6.77568
k79_21975	14.8606
k79_12799	11.0732
k79_36005	5.85271
k79_30800	6.09886
k79_21976	5.2459
k79_12800	2.11224
k79_17343	42.413
k79_12801	3.08889
k79_30801	5.98077
k79_36006	3.77481
k79_30802	8.01762
k79_12802	6.81482
k79_30803	10.1096
k79_17344	6.27525
k79_12803	2.78475
k79_36007	9.31407
k79_12804	7.69632
k79_26395	5.75274
k79_21977	27.6879
k79_26396	5.85443
k79_17345	6.60052
k79_36008	8.47716
k79_21978	9.94563
k79_26397	6.94906
k79_36009	7.8156
k79_26398	2.91736
k79_36010	8.18852
k79_17346	8.33783
k79_36011	5.56338
k79_17347	2.68841
k79_21979	10.7324
k79_36012	4.72028
k79_17348	5.97101
k79_26399	3.63307
k79_36013	4.5
k79_21980	4.36818
k79_17349	16.8675
k79_36014	9.00885
k79_26400	9.19703
k79_17350	4.35294
k79_21981	7.21788
k79_36015	6.78571
k79_17351	3.80769
k79_21982	9.2549
k79_36016	5.97458
k79_21983	3.56938
k79_36017	4.56031
k79_17352	5.37215
k79_3494	8.83138
k79_36018	3.21569
k79_17353	10.4228
k79_36019	3.78065
k79_12805	71.2511
k79_17354	4.74619
k79_36020	2.70122
k79_3495	11.9816
k79_12806	4.75397
k79_36021	5.6729
k79_3496	3.44944
k79_17355	6.31818
k79_12807	3.4486
k79_3497	8.6129
k79_36022	4.52349
k79_12808	4.21591
k79_36023	8.2
k79_12809	4.83969
k79_21984	7.48727
k79_17356	7.57905
k79_26401	47.4377
k79_36024	2.96899
k79_21985	24.4954
k79_21986	5.35556
k79_12810	4.48457
k79_26402	5.62
k79_21987	5.43478
k79_17357	8.78343
k79_21988	4.33051
k79_26403	5.93417
k79_12811	9.12284
k79_21989	3.16779
k79_26404	6.99103
k79_17358	12.666
k79_12812	3.50472
k79_21990	4.43011
k79_36025	7.28725
k79_8018	8.93213
k79_21991	11.1158
k79_36026	3.26852
k79_8019	2.22
k79_26405	4.16522
k79_30804	6.93617
k79_36027	8.13717
k79_8020	3.01935
k79_21992	7.26332
k79_30805	3.53731
k79_26406	5.10407
k79_30806	2.67647
k79_21993	3.82524
k79_30807	6.06
k79_26407	8.55696
k79_36028	8.94227
k79_21994	4.46358
k79_8021	8.54067
k79_26408	3.05042
k79_21995	13.8135
k79_26409	7.6747
k79_30808	7.6938
k79_8022	10.8912
k79_12813	13.1899
k79_21996	6.06369
k79_30809	6.00813
k79_36029	5.50134
k79_12814	13.7708
k79_3498	4.53719
k79_8023	6.9338
k79_36030	5.25238
k79_30810	3.22426
k79_3499	3.27329
k79_8024	7.22396
k79_12815	3.8505
k79_36031	5.63218
k79_30811	8.16842
k79_3500	2.18386
k79_8025	7.91026
k79_3501	7.7479
k79_8026	4.51485
k79_12816	5.90217
k79_36032	10.369
k79_21997	6.44746
k79_3502	2.90206
k79_30812	10.1709
k79_12817	7.72247
k79_36033	5.32203
k79_3503	6.06192
k79_30813	5.11749
k79_8027	10.371
k79_36034	5.6817
k79_21998	11.0236
k79_8028	6.20144
k79_12818	6.28052
k79_21999	7.71728
k79_36035	5.76898
k79_30814	4.89135
k79_36036	2.88889
k79_8029	5.52232
k79_30815	5.04402
k79_12819	4.13772
k79_12820	5.71094
k79_22000	11.9363
k79_8030	4.6747
k79_30816	12.0296
k79_36037	5.61682
k79_12821	3.72727
k79_8031	2.69636
k79_30817	3.63924
k79_36038	3.18254
k79_22001	5.9646
k79_12822	28.4613
k79_8032	8.22433
k79_22002	4.65957
k79_30818	5.8
k79_8033	3.78652
k79_3504	9.21789
k79_36039	5.15931
k79_30819	4.32653
k79_3505	9.04504
k79_12823	6.82276
k79_8034	5.91796
k79_36040	3.94805
k79_22003	10.0597
k79_3506	2.12155
k79_8035	5.42188
k79_12824	3.10244
k79_22004	3.44712
k79_30820	11.8202
k79_3507	3.8403
k79_8036	5.75556
k79_30821	3.20635
k79_36041	7.71779
k79_3508	4.90598
k79_22005	6.116
k79_8037	4.96215
k79_30822	8.83582
k79_26410	5.12598
k79_12825	9.136
k79_30823	3.95789
k79_12826	4.2234
k79_8038	3.14403
k79_22006	8.91346
k79_26411	6.81034
k79_36042	7.66784
k79_30824	4.28897
k79_26412	6.78289
k79_22007	3.47027
k79_30825	6.27273
k79_12827	5.32869
k79_36043	3.34843
k79_8039	11.1985
k79_26413	8.5814
k79_12828	3.96809
k79_8040	2.77
k79_26414	2.18627
k79_22008	10.6747
k79_36044	7.2825
k79_12829	5.54348
k79_30826	7.70348
k79_12830	7.3945
k79_30827	3.16842
k79_36045	6.06286
k79_12831	4.01709
k79_22009	4.85031
k79_30828	7.46429
k79_26415	7.29572
k79_30829	3.32727
k79_22010	4.91589
k79_12832	8.06301
k79_26416	10.9138
k79_22011	3.12319
k79_30830	3.67683
k79_8041	42.1007
k79_36046	5.91245
k79_30831	2.97653
k79_22012	5.20884
k79_26417	6.49704
k79_17359	12.5723
k79_8042	7.47887
k79_36047	10.5312
k79_17360	20.7222
k79_22013	3.75
k79_22014	5.29104
k79_17361	10.9671
k79_12833	9.26848
k79_8043	7.94387
k79_12834	2.22981
k79_22015	3.75828
k79_17362	5.55733
k79_8044	4.06786
k79_22016	3.68142
k79_17363	6.17925
k79_36048	5.68158
k79_8045	9.58636
k79_22017	4.08046
k79_17364	8.95946
k79_26418	6.90225
k79_30832	4.73684
k79_17365	1.75439
k79_22018	6.02849
k79_36049	5.92857
k79_26419	3.09948
k79_12835	5.43196
k79_36050	5.63889
k79_22019	3.53165
k79_36051	8.82
k79_22020	4.87629
k79_26420	4.24324
k79_30833	7.77728
k79_17366	7.1691
k79_36052	3.04831
k79_26421	7.12844
k79_17367	3.736
k79_12836	4.73805
k79_22021	5.15827
k79_36053	7.05405
k79_17368	7.94118
k79_26422	4.67485
k79_12837	7.15
k79_22022	3.34906
k79_36054	15.4058
k79_17369	7.21488
k79_22023	5.66026
k79_12838	2.92952
k79_26423	6.54615
k79_36055	7.08609
k79_12839	3.43077
k79_22024	4.63855
k79_36056	2.82609
k79_26424	6.59375
k79_12840	6.57062
k79_22025	3.95312
k79_36057	6.87912
k79_12841	6.35838
k79_26425	1.86765
k79_36058	3.4375
k79_8046	25.986
k79_22026	4.78626
k79_3509	3.45223
k79_36059	4.47059
k79_17370	90.4029
k79_22027	4.52201
k79_3510	4.77914
k79_8047	5.24179
k79_17371	5.31902
k79_36060	2.65502
k79_30834	9.21636
k79_22028	4.96277
k79_26426	6.5322
k79_3511	5.32258
k79_17372	12.6628
k79_36061	4.26923
k79_12842	9.38563
k79_3512	5.28652
k79_17373	2.7037
k79_36062	3.35246
k79_22029	7.43789
k79_30835	3.84211
k79_26427	13.3474
k79_17374	3.87912
k79_3513	3.08556
k79_36063	2.66387
k79_30836	3.63514
k79_26428	7.11795
k79_12843	47.7719
k79_17375	6.10909
k79_26429	4.85556
k79_36064	6.18241
k79_12844	4.24742
k79_22030	22.7746
k79_17376	5.62623
k79_12845	2.38158
k79_30837	8.47966
k79_26430	2.59854
k79_17377	3.86458
k79_12846	3.2268
k79_36065	5.66757
k79_30838	4.90395
k79_26431	9.87755
k79_17378	3.09709
k79_22031	6.81707
k79_17379	4.66667
k79_12847	5.09451
k79_22032	3.57143
k79_36066	5.99425
k79_30839	5.20886
k79_3514	10.1371
k79_17380	21.0743
k79_22033	5.39456
k79_26432	8.40998
k79_12848	4.71338
k79_17381	5.55263
k79_12849	5.07368
k79_3515	6.51934
k79_26433	10.586
k79_12850	6.64211
k79_3516	3.81481
k79_22034	12.7229
k79_26434	5.30769
k79_12851	5.56818
k79_22035	4.13084
k79_26435	2.91791
k79_17382	6.49336
k79_3517	6.53562
k79_26436	7.58861
k79_36067	14.39
k79_12852	6.50492
k79_17383	10.4576
k79_22036	2.35783
k79_26437	3.34247
k79_30840	5.26311
k79_22037	2.88889
k79_36068	6.84942
k79_3518	7.30645
k79_26438	5.58784
k79_17384	5.14208
k79_22038	3.67429
k79_12853	7.54626
k79_30841	3.44631
k79_3519	20.3254
k79_26439	6.41146
k79_12854	10.3771
k79_22039	4.43629
k79_30842	11.327
k79_22040	2.875
k79_22041	15.2941
k79_30843	4.91156
k79_26440	6.72497
k79_30844	5.61927
k79_26441	5.59
k79_8048	3.10676
k79_8049	4.03719
k79_26442	6.09302
k79_22042	11.9023
k79_22043	3.22549
k79_26443	2.58786
k79_30845	15.7507
k79_22044	5.56962
k79_26444	8.52941
k79_26445	9.14737
k79_22045	11.3033
k79_8050	6.34536
k79_22046	3.64977
k79_26446	9.26229
k79_22047	3.13559
k79_8051	4.18644
k79_26447	5.17857
k79_3520	10.1976
k79_22048	2.22222
k79_30846	6.08265
k79_3521	5.21359
k79_8052	12.8375
k79_22049	5.25
k79_8053	3.34375
k79_30847	4.28636
k79_22050	7.37778
k79_8054	3.94595
k79_22051	4.19149
k79_8055	5.60606
k79_30848	3.32647
k79_22052	6.33155
k79_8056	4.51964
k79_22053	2.22751
k79_8057	2.85417
k79_30849	8.14495
k79_22054	3.26201
k79_8058	3.21368
k79_30850	2.70642
k79_22055	3.64179
k79_8059	3.43158
k79_30851	6.43636
k79_22056	3.42623
k79_8060	3.02344
k79_30852	8.82069
k79_30853	3.14685
k79_8061	4.9068
k79_30854	2.70968
k79_30855	5.38323
k79_8062	4.79026
k79_30856	5.68852
k79_22057	28.5491
k79_8063	3.66082
k79_30857	4.37838
k79_22058	4.95513
k79_22059	2.97749
k79_30858	6.8377
k79_22060	2.90756
k79_30859	4.41333
k79_22061	4.90476
k79_8064	9.22757
k79_30860	6.33673
k79_30861	3.83766
k79_30862	2.12088
k79_8065	7.876
k79_30863	4.33478
k79_17385	64.6908
k79_8066	4.90741
k79_17386	5.26012
k79_30864	5.32364
k79_36069	6.0449
k79_12855	11.7922
k79_30865	3.69643
k79_17387	12.9609
k79_12856	2.30275
k79_22062	26.1404
k79_12857	4.54098
k79_36070	5.30794
k79_30866	3.91667
k79_30867	4.98235
k79_17388	7.68445
k79_3522	6.5
k79_22063	8.51592
k79_3523	10.5254
k79_12858	10.8422
k79_22064	6.96198
k79_17389	5.84659
k79_3524	7.76419
k79_12859	8.38461
k79_36071	6.38384
k79_17390	4.32331
k79_26448	49.7197
k79_12860	5.28713
k79_17391	8.42056
k79_3525	10.292
k79_30868	2.87719
k79_12861	5.16129
k79_22065	4.93736
k79_36072	6.19878
k79_12862	6.63043
k79_17392	4.22727
k79_12863	5.94915
k79_3526	4.02521
k79_22066	4.04514
k79_36073	3.55144
k79_30869	7.84559
k79_12864	3.5
k79_17393	4.35038
k79_3527	4.83636
k79_36074	20.8235
k79_30870	4.76562
k79_12865	1.4087
k79_22067	3.73196
k79_30871	3.12222
k79_3528	3.21466
k79_17394	5.3615
k79_12866	5.96875
k79_22068	4.57692
k79_30872	6.05042
k79_17395	4.62931
k79_22069	2.62376
k79_12867	2.74825
k79_3529	4.50222
k79_30873	3.83784
k79_36075	6.2024
k79_22070	6.25949
k79_17396	4.30804
k79_3530	9.21088
k79_12868	4.2515
k79_36076	7.06767
k79_3531	6.82105
k79_12869	3.66667
k79_3532	6.46774
k79_30874	6.78846
k79_36077	7.18254
k79_17397	5.46833
k79_12870	5.44074
k79_3533	4.30909
k79_30875	9.76842
k79_36078	5.57303
k79_12871	3.66102
k79_30876	4.9932
k79_3534	5.21429
k79_17398	4.94587
k79_17399	4.70677
k79_12872	5.83434
k79_36079	8.86627
k79_30877	5.4042
k79_3535	13.0284
k79_12873	2.95873
k79_3536	5.5303
k79_30878	9.44589
k79_12874	4.74721
k79_12875	2.86735
k79_12876	4.47807
k79_12877	8.24118
k79_17400	14.2048
k79_17401	2.62105
k79_12878	4.33616
k79_17402	5.67568
k79_30879	15.8171
k79_22071	27.6204
k79_17403	2.92241
k79_30880	9.29268
k79_12879	6.096
k79_30881	3.1
k79_17404	8.63429
k79_12880	4.76491
k79_22072	4.89613
k79_30882	3.75622
k79_12881	4.06145
k79_30883	11.288
k79_36080	9.22653
k79_12882	7.27551
k79_30884	4.15789
k79_22073	13.4065
k79_26449	50.2988
k79_36081	8.7737
k79_17405	6.58198
k79_12883	4.43672
k79_26450	5.27039
k79_36082	9.47753
k79_17406	5.45133
k79_22074	10.9137
k79_36083	2.46875
k79_12884	5.79153
k79_26451	4.42197
k79_17407	3.6186
k79_36084	15.2336
k79_17408	8.25
k79_26452	8.4403
k79_12885	5.96482
k79_17409	7.91617
k79_12886	10.4621
k79_17410	20.6899
k79_26453	7.66819
k79_12887	4.76812
k79_17411	2.75926
k79_26454	4.02688
k79_17412	3.17526
k79_12888	10.2442
k79_26455	12.6688
k79_17413	3.46032
k79_12889	4.91758
k79_22075	60.3403
k79_8067	3.14141
k79_17414	3.60323
k79_26456	4.61168
k79_12890	10.226
k79_22076	3.7621
k79_26457	9.40316
k79_17415	13.5227
k79_8068	8.42029
k79_22077	6.36473
k79_26458	5.59833
k79_8069	6.90361
k79_17416	9.53961
k79_26459	2.30717
k79_22078	7.10417
k79_17417	7.9802
k79_8070	9.55294
k79_22079	3.19549
k79_8071	5.18548
k79_26460	5.49873
k79_26461	1.73427
k79_22080	5.70968
k79_17418	7.54905
k79_8072	5.06118
k79_22081	2.83333
k79_26462	5.05994
k79_17419	5.81625
k79_12891	12.3374
k79_26463	2.66834
k79_8073	4.40118
k79_3537	44.3277
k79_17420	3.81188
k79_8074	4.91477
k79_12892	5.26861
k79_17421	3.55488
k79_26464	5.76364
k79_8075	10.9
k79_12893	3.47273
k79_17422	3.72
k79_26465	5.26154
k79_17423	10.3977
k79_8076	3.91395
k79_12894	8.70801
k79_12895	8.27411
k79_8077	7.71182
k79_3538	8.07672
k79_26466	9.09486
k79_8078	4.32237
k79_12896	8.83168
k79_17424	9.36124
k79_26467	3.61053
k79_3539	9.60202
k79_12897	4.3526
k79_8079	5.01705
k79_17425	4.2459
k79_3540	12.4
k79_17426	5.34091
k79_26468	5.41104
k79_3541	6.15517
k79_17427	21.0424
k79_26469	5.64552
k79_12898	6.24608
k79_3542	4.92222
k79_17428	6.73786
k79_26470	8.976
k79_12899	3.45333
k79_3543	4.0
k79_17429	3.6015
k79_12900	3.04147
k79_3544	4.04783
k79_17430	5.70504
k79_30885	4.73745
k79_26471	7.03903
k79_12901	8.41447
k79_8080	11.9371
k79_12902	1.93458
k79_26472	7.02381
k79_26473	7.05128
k79_8081	3.09962
k79_30886	4.28721
k79_17431	8.84459
k79_17432	6.03673
k79_3545	7.69703
k79_8082	3.97004
k79_30887	6.29636
k79_26474	6.56906
k79_3546	3.74721
k79_8083	4.49407
k79_17433	5.84419
k79_30888	5.61972
k79_26475	8.288
k79_17434	2.62992
k79_3547	4.76534
k79_8084	7.84783
k79_3548	5.69072
k79_8085	4.26882
k79_12903	6.58402
k79_22082	5.65027
k79_26476	6.46641
k79_8086	5.08547
k79_8087	2.62637
k79_3549	4.28726
k79_12904	3.74576
k79_26477	8.9457
k79_17435	4.0503
k79_36085	4.37353
k79_8088	5.06803
k79_3550	7.65698
k79_12905	4.50806
k79_26478	14.8239
k79_12906	11.1124
k79_3551	7.79085
k79_17436	4.2125
k79_8089	3.01156
k79_12907	5.3913
k79_26479	6.10577
k79_8090	9.54545
k79_3552	5.7395
k79_12908	7.4125
k79_26480	4.18627
k79_8091	4.94118
k79_12909	3.25
k79_8092	3.5
k79_26481	6.48807
k79_30889	9.79368
k79_17437	8.01246
k79_12910	2.04865
k79_8093	7.14545
k79_12911	4.16981
k79_30890	8.53947
k79_26482	6.72757
k79_8094	6.21739
k79_30891	4.5137
k79_17438	5.16
k79_12912	6.7359
k79_8095	8.23333
k79_30892	3.16556
k79_17439	3.42938
k79_12913	10.2868
k79_17440	3.54118
k79_30893	4.50382
k79_17441	3.512
k79_12914	4.97443
k79_30894	7.48276
k79_26483	13.2236
k79_12915	7.47163
k79_17442	9.06933
k79_8096	24.1707
k79_30895	9.72614
k79_26484	5.11233
k79_12916	5.13564
k79_30896	8.93252
k79_26485	3.42553
k79_22083	6.84013
k79_30897	3.59259
k79_8097	6.02923
k79_22084	5.5291
k79_8098	3.16993
k79_12917	6.68839
k79_30898	4.24507
k79_8099	8.55276
k79_26486	4.78352
k79_30899	4.59677
k79_22085	5.55793
k79_8100	5.23673
k79_26487	6.00862
k79_36086	38.4319
k79_30900	2.73016
k79_8101	3.41237
k79_26488	5.37402
k79_30901	3.18116
k79_22086	7.81867
k79_36087	6.25166
k79_8102	2.61943
k79_30902	10.2654
k79_36088	4.00794
k79_26489	3.05924
k79_30903	2.55263
k79_8103	6.1519
k79_22087	11.2895
k79_36089	3.28889
k79_30904	3.46951
k79_26490	9.85366
k79_22088	6.7148
k79_26491	2.46316
k79_36090	4.35099
k79_30905	4.15385
k79_26492	1.36154
k79_36091	4.728
k79_30906	6.11881
k79_22089	5.48955
k79_8104	6.58129
k79_26493	5.26568
k79_36092	4.3278
k79_12918	10.6578
k79_26494	6.05426
k79_36093	4.38571
k79_36094	13.9206
k79_26495	2.94975
k79_12919	4.74766
k79_26496	6.15132
k79_30907	6.79147
k79_26497	22.0583
k79_36095	10.822
k79_30908	3.8018
k79_8105	6.96276
k79_30909	5.78704
k79_26498	4.44444
k79_26499	4.71369
k79_17443	5.56482
k79_3553	8.76971
k79_30910	4.18471
k79_3554	4.10417
k79_17444	5.12069
k79_8106	7.21441
k79_36096	14.1488
k79_30911	2.84532
k79_8107	3.67742
k79_22090	31.1605
k79_26500	5.90446
k79_17445	5.70533
k79_36097	6.5993
k79_30912	4.73659
k79_26501	3.08537
k79_22091	12.2584
k79_3555	11.9565
k79_17446	8.35236
k79_36098	5.12369
k79_22092	9.91867
k79_3556	3.96037
k79_26502	7.57576
k79_17447	3.23889
k79_8108	8.76496
k79_30913	8.03969
k79_12920	8.71643
k79_22093	5.85083
k79_17448	7.90909
k79_26503	3.27928
k79_8109	4.10714
k79_12921	9.57
k79_26504	4.32432
k79_22094	4.88816
k79_30914	6.53125
k79_17449	3.82105
k79_8110	5.22571
k79_36099	8.19101
k79_3557	7.29907
k79_17450	2.15385
k79_22095	7.55474
k79_3558	7.7377
k79_17451	4.67361
k79_22096	3.54348
k79_36100	9.45373
k79_8111	4.70745
k79_30915	6.22954
k79_22097	2.68376
k79_36101	6.11875
k79_3559	7.44575
k79_8112	3.22105
k79_22098	9.6
k79_30916	3.79167
k79_3560	10.2364
k79_17452	5.75283
k79_26505	39.9704
k79_22099	2.25625
k79_30917	4.92513
k79_17453	3.51948
k79_3561	5.39806
k79_22100	11.7426
k79_12922	4.12364
k79_17454	6.39352
k79_3562	3.37327
k79_22101	4.57836
k79_3563	6.2293
k79_12923	8.96868
k79_3564	13.6364
k79_12924	4.0
k79_3565	3.94355
k79_12925	7.36458
k79_22102	9.45611
k79_3566	3.50485
k79_36102	7.11972
k79_22103	6.256
k79_12926	2.86829
k79_12927	5.03333
k79_3567	6.23894
k79_22104	3.93631
k79_3568	3.06481
k79_22105	4.12426
k79_8113	11.2295
k79_12928	7.62848
k79_3569	6.57143
k79_22106	11.3147
k79_3570	8.82012
k79_12929	6.78821
k79_3571	3.32407
k79_22107	5.68271
k79_12930	3.06633
k79_3572	6.30233
k79_8114	6.35811
k79_12931	5.57025
k79_22108	6.02332
k79_8115	4.76259
k79_17455	10.5565
k79_3573	4.64957
k79_8116	5.05587
k79_3574	3.99194
k79_12932	5.80924
k79_30918	3.07547
k79_8117	5.45
k79_30919	15.2358
k79_3575	6.28191
k79_8118	4.28571
k79_3576	3.75449
k79_30920	4.63111
k79_12933	11.3973
k79_12934	2.85
k79_8119	3.97785
k79_30921	4.48638
k79_12935	7.64609
k79_3577	12.0849
k79_30922	7.73896
k79_26506	7.29577
k79_8120	4.77494
k79_3578	2.17073
k79_17456	9.403
k79_26507	9.3719
k79_12936	3.82883
k79_3579	4.76659
k79_30923	5.2803
k79_8121	13.3115
k79_3580	5.27232
k79_30924	6.28141
k79_30925	5.2549
k79_26508	8.16935
k79_30926	10.3769
k79_3581	4.92708
k79_26509	7.39048
k79_26510	2.09804
k79_30927	3.97222
k79_3582	3.2241
k79_17457	6.46796
k79_26511	4.95238
k79_30928	7.29126
k79_26512	12.016
k79_30929	3.53704
k79_26513	5.38065
k79_26514	2.52632
k79_17458	4.44321
k79_26515	10.7887
k79_17459	4.56667
k79_8122	47.041
k79_30930	8.13549
k79_12937	3.61027
k79_17460	5.5
k79_8123	5.7191
k79_30931	4.95364
k79_12938	3.75
k79_17461	3.75
k79_8124	10.1719
k79_30932	3.50476
k79_17462	4.11927
k79_12939	8.91111
k79_8125	3.31008
k79_30933	7.71111
k79_12940	2.75122
k79_17463	5.5794
k79_8126	6.23824
k79_30934	6.58889
k79_12941	4.13109
k79_8127	5.10363
k79_17464	7.78333
k79_12942	6.14744
k79_30935	9.13838
k79_36103	5.14648
k79_17465	6.02979
k79_30936	5.36785
k79_30937	3.9816
k79_36104	6.88038
k79_30938	4.19835
k79_36105	4.875
k79_12943	9.13996
k79_30939	3.11765
k79_17466	5.58514
k79_36106	11.2055
k79_30940	2.90625
k79_12944	5.35714
k79_17467	4.82353
k79_12945	8.32558
k79_36107	8.50174
k79_30941	4.97409
k79_36108	9.15385
k79_12946	4.0
k79_30942	2.19209
k79_17468	4.66384
k79_22109	5.25682
k79_36109	7.56299
k79_17469	2.73514
k79_22110	3.78799
k79_36110	3.18327
k79_17470	4.02924
k79_36111	3.61076
k79_36112	8.70492
k79_22111	8.69582
k79_36113	3.35644
k79_22112	5.18
k79_17471	5.56081
k79_36114	21.7898
k79_22113	9.52414
k79_17472	10.7349
k79_22114	10.3982
k79_36115	6.17845
k79_17473	6.67925
k79_22115	6.89423
k79_36116	8.82143
k79_17474	9.44767
k79_22116	5.0339
k79_36117	4.65323
k79_17475	3.06627
k79_22117	5.4918
k79_36118	2.7156
k79_22118	4.38889
k79_17476	6.84746
k79_22119	3.3434
k79_36119	7.51271
k79_22120	6.6459
k79_17477	6.77116
k79_36120	4.03822
k79_17478	11.3571
k79_36121	5.7
k79_22121	3.41772
k79_17479	4.68468
k79_36122	6.39837
k79_8128	35.7254
k79_8129	12.4444
k79_17480	5.03736
k79_36123	7.87751
k79_8130	10.0753
k79_17481	2.07738
k79_36124	104.914
k79_8131	5.59172
k79_17482	7.17
k79_22122	5.23043
k79_36125	5.66
k79_26516	4.6087
k79_8132	6.4375
k79_22123	5.30573
k79_3583	6.54438
k79_26517	4.85593
k79_17483	8.80965
k79_3584	4.05128
k79_8133	7.22177
k79_17484	6.63964
k79_22124	4.23198
k79_3585	5.38722
k79_8134	10.6712
k79_26518	5.7689
k79_8135	2.5
k79_26519	5.58594
k79_17485	9.72222
k79_36126	4.50649
k79_22125	7.13474
k79_26520	4.01058
k79_8136	5.28383
k79_22126	5.81443
k79_3586	6.30469
k79_3587	2.28889
k79_26521	8.35231
k79_3588	9.10227
k79_17486	8.25163
k79_26522	7.0165
k79_8137	5.63191
k79_26523	5.50209
k79_8138	6.27778
k79_3589	4.34349
k79_17487	6.22452
k79_3590	4.95385
k79_3591	2.35789
k79_26524	3.98427
k79_8139	4.81647
k79_30943	7.83883
k79_26525	8.06557
k79_30944	2.96809
k79_3592	6.149
k79_8140	7.025
k79_30945	5.4386
k79_3593	4.79758
k79_30946	5.4709
k79_3594	3.00939
k79_30947	3.73099
k79_30948	2.82231
k79_30949	9.51366
k79_3595	15.8756
k79_17488	9.1971
k79_30950	3.37126
k79_3596	4.2021
k79_30951	3.34286
k79_17489	9.05603
k79_26526	8.31104
k79_30952	5.9
k79_3597	7.0
k79_26527	4.95706
k79_17490	15.5373
k79_3598	5.17447
k79_3599	3.46847
k79_26528	10.8906
k79_30953	9.81616
k79_17491	41.3835
k79_26529	6.27468
k79_17492	3.60606
k79_26530	6.81633
k79_17493	9.39716
k79_3600	6.01964
k79_12947	11.7712
k79_17494	7.51093
k79_12948	2.9489
k79_30954	11.4935
k79_17495	7.62963
k79_12949	4.21605
k79_17496	4.23364
k79_17497	5.09735
k79_12950	6.73893
k79_17498	5.56
k79_30955	6.1
k79_12951	6.31937
k79_36127	6.58261
k79_30956	5.4798
k79_12952	6.12957
k79_17499	4.16667
k79_36128	6.30137
k79_30957	4.23226
k79_36129	3.81111
k79_26531	3.52586
k79_30958	9.76208
k79_36130	2.55307
k79_26532	4.18293
k79_17500	6.11408
k79_30959	3.89474
k79_12953	6.21464
k79_17501	5.35461
k79_26533	4.24719
k79_30960	4.15116
k79_30961	4.75661
k79_36131	3.86436
k79_12954	5.19186
k79_30962	7.14286
k79_17502	6.73739
k79_12955	6.71324
k79_30963	4.53125
k79_36132	5.16331
k79_12956	4.4661
k79_8141	47.44
k79_17503	7.97406
k79_36133	5.29358
k79_12957	3.34746
k79_22127	10.0033
k79_17504	6.24719
k79_8142	5.50549
k79_8143	12.3438
k79_17505	3.45513
k79_12958	5.98394
k79_22128	7.20789
k79_12959	1.78947
k79_8144	6.97487
k79_17506	5.33937
k79_22129	4.00746
k79_36134	4.26767
k79_8145	4.81522
k79_12960	4.19355
k79_22130	5.46711
k79_8146	6.528
k79_26534	10.7693
k79_12961	5.93382
k79_36135	9.63461
k79_22131	6.74194
k79_17507	32.6486
k79_26535	7.87692
k79_36136	2.87387
k79_12962	5.59494
k79_22132	6.87879
k79_8147	3.14153
k79_26536	6.49772
k79_22133	13.1602
k79_36137	4.7191
k79_8148	4.01961
k79_26537	3.5875
k79_8149	3.16807
k79_36138	6.71078
k79_36139	5.36649
k79_12963	5.77934
k79_26538	4.25656
k79_8150	4.5731
k79_22134	5.42647
k79_12964	3.41221
k79_30964	8.45155
k79_36140	7.94686
k79_26539	10.4674
k79_8151	4.58889
k79_30965	3.27778
k79_12965	3.03093
k79_36141	2.632
k79_8152	8.46766
k79_26540	6.27962
k79_22135	7.29257
k79_30966	5.93846
k79_12966	12.125
k79_17508	7.0146
k79_36142	3.32727
k79_8153	6.36842
k79_36143	4.43564
k79_26541	3.17358
k79_22136	7.27099
k79_30967	4.58755
k79_17509	6.88973
k79_36144	5.05556
k79_12967	7.98104
k79_8154	2.84397
k79_26542	2.088
k79_22137	10.3962
k79_30968	4.70161
k79_26543	6.69784
k79_30969	3.55056
k79_36145	5.4
k79_8155	5.63448
k79_30970	5.50893
k79_36146	7.61972
k79_22138	9.95319
k79_12968	5.19255
k79_30971	7.68153
k79_8156	5.14881
k79_22139	2.71875
k79_36147	7.57843
k79_30972	5.64327
k79_12969	6.5272
k79_36148	3.0283
k79_22140	2.09459
k79_12970	3.83333
k79_22141	3.36697
k79_36149	5.53631
k79_30973	3.97942
k79_12971	10.0327
k79_36150	2.95694
k79_12972	2.33613
k79_30974	6.84918
k79_36151	3.60736
k79_30975	4.3642
k79_36152	7.64789
k79_8157	44.6449
k79_3601	42.423
k79_8158	4.15723
k79_3602	3.66016
k79_8159	6.6129
k79_3603	5.03937
k79_36153	17.7482
k79_3604	5.72075
k79_12973	7.34345
k79_36154	3.99194
k79_3605	7.62992
k79_8160	6.90769
k79_12974	5.33333
k79_36155	9.85484
k79_12975	4.74468
k79_3606	3.52201
k79_8161	4.75649
k79_3607	5.31579
k79_8162	6.36508
k79_36156	6.91935
k79_12976	5.76101
k79_3608	4.91824
k79_8163	4.8764
k79_36157	6.42857
k79_12977	2.86395
k79_3609	3.96667
k79_12978	2.03297
k79_12979	4.58654
k79_36158	6.09774
k79_26544	7.85088
k79_12980	3.81884
k79_36159	5.8172
k79_26545	5.29915
k79_22142	45.2999
k79_12981	8.91667
k79_36160	6.5
k79_26546	3.39819
k79_22143	3.98876
k79_12982	3.45525
k79_26547	1.53642
k79_12983	2.1134
k79_26548	5.87748
k79_22144	9.24943
k79_12984	8.88112
k79_3610	23.0864
k79_22145	3.44022
k79_26549	7.46725
k79_36161	7.86281
k79_26550	5.55365
k79_12985	5.00777
k79_36162	2.3299
k79_22146	8.92553
k79_26551	4.39493
k79_12986	11.25
k79_36163	7.56738
k79_22147	4.13333
k79_36164	2.61792
k79_22148	25.8696
k79_26552	2.71864
k79_26553	7.81356
k79_22149	10.3412
k79_36165	6.1891
k79_26554	9.50877
k79_22150	6.88696
k79_36166	5.75
k79_26555	14.5244
k79_30976	6.79167
k79_30977	10.6491
k79_26556	9.34266
k79_30978	2.80952
k79_26557	5.26396
k79_12987	9.74682
k79_30979	2.30476
k79_12988	7.26552
k79_26558	9.69697
k79_30980	5.36364
k79_12989	3.61224
k79_30981	16.0112
k79_26559	6.16949
k79_12990	6.83766
k79_30982	9.17881
k79_36167	10.101
k79_12991	3.36697
k79_30983	4.7156
k79_36168	6.07937
k79_30984	5.76364
k79_36169	2.88889
k79_26560	5.75201
k79_12992	10.7557
k79_8164	5.88732
k79_26561	3.40594
k79_12993	12.9503
k79_12994	4.51754
k79_26562	8.97569
k79_36170	17.9869
k79_12995	10.6538
k79_26563	2.54777
k79_8165	10.117
k79_12996	5.0625
k79_26564	4.15556
k79_12997	7.59639
k79_8166	8.56936
k79_26565	4.42105
k79_12998	5.625
k79_26566	6.49112
k79_26567	4.77869
k79_12999	7.01379
k79_8167	5.05426
k79_26568	8.38776
k79_36171	8.58531
k79_13000	8.08654
k79_36172	4.30894
k79_13001	5.59259
k79_36173	6.85156
k79_8168	10.8521
k79_30985	4.54098
k79_36174	9.7094
k79_8169	2.63736
k79_30986	7.60112
k79_30987	5.87903
k79_26569	71.551
k79_8170	3.3856
k79_22151	7.23958
k79_36175	4.91477
k79_26570	5.0262
k79_22152	3.98246
k79_8171	4.27419
k79_36176	15.0323
k79_22153	4.1716
k79_26571	3.22837
k79_8172	2.79443
k79_22154	3.27928
k79_36177	4.25568
k79_8173	3.24409
k79_26572	5.90291
k79_22155	4.73
k79_26573	3.87861
k79_36178	7.50962
k79_26574	6.20657
k79_26575	4.24096
k79_36179	5.14664
k79_26576	2.47407
k79_8174	9.65342
k79_36180	6.52695
k79_26577	4.7809
k79_36181	4.39877
k79_36182	3.91908
k79_8175	3.87037
k79_26578	5.75265
k79_22156	15.3153
k79_8176	4.15789
k79_36183	62.1145
k79_26579	4.70068
k79_8177	2.58219
k79_26580	2.69697
k79_8178	5.21053
k79_36184	7.27378
k79_26581	5.7697
k79_36185	5.73874
k79_22157	7.53882
k79_8179	6.57143
k79_22158	13.4162
k79_17510	3.77479
k79_8180	4.31879
k79_22159	6.11333
k79_26582	12.3386
k79_8181	5.82222
k79_17511	6.30841
k79_22160	27.5632
k79_26583	5.18644
k79_36186	8.72823
k79_17512	3.64486
k79_8182	5.97
k79_26584	6.12403
k79_36187	3.74747
k79_17513	7.15672
k79_8183	3.46018
k79_22161	4.31595
k79_36188	10.773
k79_26585	2.75258
k79_22162	4.87037
k79_8184	3.85526
k79_36189	6.02083
k79_26586	3.27723
k79_22163	4.20879
k79_8185	7.6443
k79_17514	4.94639
k79_36190	5.63786
k79_22164	8.84049
k79_8186	5.36434
k79_17515	11.0952
k79_36191	4.30612
k79_26587	5.9549
k79_8187	7.83562
k79_22165	3.19844
k79_17516	4.15436
k79_26588	8.54545
k79_8188	4.23288
k79_36192	5.27778
k79_30988	5.14894
k79_17517	4.30357
k79_13002	6.34815
k79_26589	9.46154
k79_36193	2.97196
k79_8189	3.77741
k79_26590	6.11111
k79_36194	4.35294
k79_36195	6.36697
k79_26591	3.62044
k79_8190	12.1661
k79_36196	28.6256
k79_8191	5.62308
k79_36197	5.90638
k79_8192	6.18254
k79_36198	3.4031
k79_13003	7.64315
k79_36199	4.84848
k79_26592	19.1354
k79_8193	5.54321
k79_8194	9.9375
k79_36200	5.80711
k79_26593	3.53962
k79_13004	14.7039
k79_36201	4.24762
k79_26594	2.11628
k79_13005	7.34848
k79_26595	6.11765
k79_8195	3.52101
k79_13006	5.97802
k79_26596	6.66142
k79_8196	6.91304
k79_36202	6.5998
k79_13007	3.57241
k79_36203	4.65217
k79_8197	4.64637
k79_8198	5.96809
k79_36204	7.3694
k79_13008	11.6609
k79_36205	6.58915
k79_13009	9.12308
k79_13010	3.75229
k79_13011	5.31875
k79_8199	3.72112
k79_3611	44.8598
k79_36206	8.86717
k79_13012	3.51835
k79_3612	3.65455
k79_8200	7.84681
k79_36207	5.86441
k79_17518	10.0337
k79_8201	12.9714
k79_36208	6.80374
k79_17519	2.88667
k79_8202	4.46729
k79_36209	2.56757
k79_8203	3.5098
k79_3613	23.5367
k79_17520	6.17677
k79_30989	5.1794
k79_26597	18.9599
k79_17521	1.83436
k79_36210	8.95333
k79_26598	6.54902
k79_3614	4.83511
k79_30990	66.183
k79_17522	4.51111
k79_36211	6.17544
k79_26599	5.73367
k79_17523	5.10112
k79_3615	4.46341
k79_30991	7.70744
k79_3616	4.45483
k79_36212	4.53407
k79_17524	5.50294
k79_30992	3.95855
k79_3617	8.99259
k79_36213	2.84615
k79_26600	7.13915
k79_17525	2.53846
k79_3618	2.43333
k79_36214	3.27778
k79_30993	4.47451
k79_8204	8.1727
k79_17526	12.9975
k79_8205	2.81081
k79_26601	6.85507
k79_8206	2.52688
k79_30994	6.92715
k79_26602	4.02362
k79_3619	8.80211
k79_36215	4.22636
k79_3620	4.85714
k79_26603	6.38824
k79_3621	5.52747
k79_26604	4.89189
k79_30995	7.07525
k79_22166	4.936
k79_22167	3.73874
k79_3622	7.14555
k79_17527	6.24873
k79_26605	2.94444
k79_30996	4.98214
k79_3623	3.13187
k79_22168	4.43137
k79_30997	3.90323
k79_26606	5.44848
k79_17528	4.27985
k79_22169	5.55645
k79_26607	11.9091
k79_3624	4.0137
k79_17529	3.66667
k79_26608	3.7732
k79_30998	7.45405
k79_17530	2.40741
k79_3625	8.08407
k79_22170	4.2114
k79_17531	3.07627
k79_30999	6.8494
k79_26609	6.40407
k79_3626	8.97959
k79_17532	5.22302
k79_3627	4.63866
k79_26610	4.66883
k79_31000	4.72826
k79_3628	4.39815
k79_31001	8.19331
k79_17533	5.47923
k79_26611	6.39467
k79_17534	6.30702
k79_31002	8.87919
k79_22171	9.17701
k79_26612	3.24096
k79_31003	3.86014
k79_22172	2.44928
k79_26613	4.73214
k79_17535	6.64033
k79_31004	6.51807
k79_26614	4.11538
k79_22173	3.66239
k79_17536	4.26012
k79_31005	8.75595
k79_26615	2.78218
k79_17537	5.82292
k79_22174	2.89109
k79_3629	11.7086
k79_26616	4.02463
k79_13013	4.12587
k79_3630	2.95833
k79_31006	6.74687
k79_22175	5.57143
k79_17538	8.14337
k79_22176	3.45062
k79_17539	7.37313
k79_31007	7.06926
k79_26617	6.25647
k79_3631	4.55402
k79_13014	4.93289
k79_22177	12.569
k79_31008	2.4
k79_26618	2.92982
k79_31009	5.19444
k79_22178	5.75188
k79_17540	2.41576
k79_26619	3.36301
k79_13015	5.63452
k79_36216	6.34239
k79_31010	5.42188
k79_22179	2.7
k79_36217	5.31624
k79_17541	5.35652
k79_3632	4.7621
k79_31011	3.24242
k79_3633	2.12632
k79_17542	5.14894
k79_13016	10.1705
k79_26620	6.83085
k79_8207	2.85535
k79_36218	13.0996
k79_3634	2.9646
k79_22180	7.95708
k79_8208	24.7521
k79_17543	3.60435
k79_36219	12.2636
k79_13017	7.92547
k79_8209	4.9798
k79_3635	5.08911
k79_36220	6.47899
k79_17544	6.33878
k79_26621	4.36299
k79_36221	15.1176
k79_13018	5.61765
k79_17545	13.0229
k79_36222	6.19708
k79_8210	5.57876
k79_17546	4.33562
k79_26622	7.7453
k79_13019	9.21311
k79_17547	4.14024
k79_26623	8.69444
k79_8211	3.88482
k79_26624	5.91732
k79_8212	5.76804
k79_26625	2.64848
k79_8213	4.17054
k79_26626	6.85427
k79_8214	6.45146
k79_22181	7.16272
k79_26627	4.86869
k79_8215	7.41048
k79_22182	4.19487
k79_22183	2.45161
k79_13020	33.1343
k79_8216	6.40391
k79_26628	6.24958
k79_13021	4.22535
k79_36223	60.3461
k79_3636	60.5657
k79_17548	11.808
k79_22184	9.878
k79_13022	4.78903
k79_3637	6.25556
k79_31012	5.17073
k79_17549	7.43295
k79_22185	6.79358
k79_26629	4.93289
k79_3638	5.44314
k79_36224	5.17322
k79_31013	10.5815
k79_17550	5.97235
k79_22186	6.21901
k79_17551	6.44792
k79_31014	4.77181
k79_13023	5.57186
k79_22187	7.6036
k79_3639	6.24211
k79_17552	4.65789
k79_36225	5.47321
k79_26630	5.93274
k79_22188	6.75141
k79_31015	5.3087
k79_17553	2.1405
k79_13024	5.879
k79_3640	9.72881
k79_36226	6.59135
k79_22189	2.44144
k79_17554	4.31193
k79_26631	4.60417
k79_31016	2.92258
k79_13025	2.15196
k79_3641	9.83243
k79_17555	4.7963
k79_26632	3.15306
k79_22190	4.55556
k79_31017	7.79677
k79_3642	6.05911
k79_22191	7.08911
k79_26633	10.8168
k79_36227	7.89031
k79_17556	6.45541
k79_36228	2.08889
k79_26634	3.40299
k79_3643	8.2381
k79_22192	6.91213
k79_17557	9.26174
k79_36229	9.46465
k79_13026	7.66947
k79_26635	4.64865
k79_3644	3.95402
k79_8217	12.4021
k79_36230	4.77228
k79_31018	7.83796
k79_3645	6.16667
k79_22193	4.70192
k79_36231	8.20833
k79_17558	7.41015
k79_26636	6.32493
k79_31019	16.6127
k79_13027	10.349
k79_3646	4.37436
k79_17559	4.42553
k79_36232	4.08696
k79_8218	5.64989
k79_13028	3.4964
k79_31020	3.7377
k79_36233	4.86869
k79_22194	4.83333
k79_31021	2.82759
k79_3647	3.47273
k79_13029	1.75824
k79_8219	4.06757
k79_22195	7.30081
k79_36234	4.07576
k79_3648	2.85345
k79_13030	6.18239
k79_31022	3.85345
k79_36235	9.26768
k79_13031	2.42029
k79_8220	4.254
k79_31023	5.30128
k79_3649	4.49652
k79_3650	3.92079
k79_31024	8.45763
k79_31025	9.69343
k79_8221	9.0
k79_3651	7.16699
k79_31026	4.68103
k79_8222	4.69588
k79_31027	5.85802
k79_3652	14.0471
k79_8223	3.56
k79_31028	6.15753
k79_3653	3.63043
k79_8224	8.73034
k79_31029	4.74286
k79_8225	3.3301
k79_3654	4.13298
k79_36236	8.54541
k79_31030	4.55333
k79_3655	3.7
k79_8226	3.65877
k79_31031	2.99107
k79_36237	7.31847
k79_3656	2.31915
k79_8227	14.6479
k79_31032	5.01418
k79_22196	29.5509
k79_31033	2.608
k79_3657	4.1627
k79_36238	4.28012
k79_22197	4.43529
k79_3658	19.1875
k79_36239	4.26087
k79_22198	4.06977
k79_31034	6.32527
k79_3659	3.5
k79_36240	5.39015
k79_22199	9.60504
k79_3660	6.2037
k79_8228	12.3184
k79_22200	19.8012
k79_31035	5.54644
k79_3661	2.33333
k79_8229	5.50532
k79_26637	41.8702
k79_22201	15.8339
k79_31036	3.77366
k79_22202	36.1835
k79_36241	7.58198
k79_26638	5.7426
k79_22203	3.64671
k79_31037	11.4739
k79_36242	4.57529
k79_26639	4.81119
k79_22204	5.04706
k79_26640	5.81152
k79_3662	123.609
k79_13032	6.61188
k79_36243	6.37727
k79_26641	3.11399
k79_22205	6.29077
k79_3663	7.44948
k79_13033	8.639
k79_26642	6.13208
k79_36244	9.04651
k79_22206	9.37398
k79_26643	5.56031
k79_13034	5.36594
k79_26644	3.97931
k79_31038	7.9066
k79_13035	4.01515
k79_26645	2.63333
k79_22207	7.15736
k79_13036	3.33094
k79_22208	4.25668
k79_26646	8.18551
k79_3664	7.7377
k79_31039	8.33184
k79_22209	7.72549
k79_13037	4.64476
k79_36245	6.65217
k79_22210	5.03876
k79_31040	3.63504
k79_13038	2.79167
k79_36246	6.56944
k79_31041	3.98969
k79_13039	5.99371
k79_13040	5.1236
k79_31042	5.25153
k79_13041	5.30851
k79_36247	4.41573
k79_17560	40.8387
k79_31043	2.54545
k79_13042	3.4661
k79_36248	7.85
k79_31044	3.63158
k79_36249	8.02256
k79_13043	7.98225
k79_36250	14.374
k79_31045	5.18533
k79_17561	5.34256
k79_26647	8.71681
k79_13044	5.38971
k79_36251	7.7305
k79_31046	3.74359
k79_17562	6.15385
k79_26648	5.775
k79_31047	2.8381
k79_36252	4.70199
k79_17563	4.27358
k79_13045	9.75
k79_26649	3.37415
k79_36253	3.544
k79_13046	3.94681
k79_17564	5.51521
k79_36254	7.11141
k79_13047	6.05856
k79_31048	11.1529
k79_26650	8.68519
k79_36255	3.35354
k79_31049	6.07386
k79_13048	9.14224
k79_26651	3.14706
k79_36256	5.32099
k79_17565	9.59425
k79_31050	2.61979
k79_26652	4.544
k79_31051	6.37915
k79_26653	3.58065
k79_13049	6.8528
k79_31052	5.00935
k79_26654	2.60976
k79_22211	10.161
k79_36257	16.4483
k79_13050	5.23249
k79_22212	7.34146
k79_36258	12.5089
k79_31053	5.3053
k79_22213	3.96262
k79_31054	15.007
k79_13051	6.60339
k79_36259	6.20968
k79_31055	4.27746
k79_22214	4.31061
k79_36260	4.11538
k79_22215	4.425
k79_31056	8.74074
k79_13052	8.77221
k79_22216	4.58407
k79_13053	4.53333
k79_36261	4.71533
k79_8230	6.09494
k79_36262	5.07018
k79_8231	5.97175
k79_31057	7.17699
k79_13054	4.38227
k79_36263	3.98611
k79_8232	7.74419
k79_36264	3.62766
k79_31058	6.06641
k79_13055	6.54854
k79_8233	3.48361
k79_31059	7.8785
k79_13056	2.55556
k79_36265	6.15789
k79_13057	3.47727
k79_31060	11.3793
k79_36266	3.73408
k79_31061	10.3478
k79_36267	9.24828
k79_31062	8.57292
k79_36268	5.61511
k79_31063	16.3145
k79_31064	3.56376
k79_22217	7.41718
k79_31065	3.28431
k79_8234	7.11938
k79_31066	4.67597
k79_13058	36.7889
k79_8235	5.74457
k79_31067	11.2923
k79_36269	8.57986
k79_13059	5.58497
k79_8236	6.34043
k79_31068	3.23958
k79_13060	5.13542
k79_8237	12.7232
k79_31069	3.04167
k79_36270	5.73896
k79_31070	4.38182
k79_31071	3.23
k79_36271	4.82955
k79_26655	4.97959
k79_36272	3.5618
k79_26656	4.39474
k79_36273	5.15789
k79_13061	7.3597
k79_26657	9.04348
k79_36274	2.28571
k79_8238	16.6779
k79_13062	1.85802
k79_36275	18.8269
k79_8239	4.00943
k79_3665	44.7877
k79_26658	3.94146
k79_13063	3.62406
k79_36276	5.61111
k79_3666	5.56164
k79_8240	6.77441
k79_36277	4.38857
k79_31072	11.2674
k79_26659	8.77363
k79_3667	4.86333
k79_13064	9.54771
k79_8241	5.42692
k79_26660	2.77778
k79_36278	16.3802
k79_31073	4.0289
k79_3668	5.5
k79_8242	2.79592
k79_26661	3.36283
k79_36279	4.98165
k79_13065	4.47879
k79_26662	3.83206
k79_8243	5.86385
k79_36280	2.84211
k79_13066	6.07477
k79_8244	5.6
k79_3669	3.28733
k79_26663	2.64286
k79_31074	4.77632
k79_31075	1.73939
k79_8245	5.01266
k79_3670	4.27336
k79_13067	7.33265
k79_13068	3.53394
k79_8246	3.99476
k79_3671	3.32492
k79_17566	9.8169
k79_36281	12.1499
k79_31076	3.9499
k79_3672	5.85567
k79_17567	5.34783
k79_17568	3.72826
k79_31077	6.47492
k79_3673	8.42081
k79_31078	3.92899
k79_8247	5.65807
k79_17569	10.1094
k79_31079	2.03191
k79_13069	5.21909
k79_8248	6.04854
k79_3674	4.96515
k79_8249	4.30851
k79_13070	3.3007
k79_31080	6.72775
k79_17570	6.59596
k79_3675	6.44206
k79_17571	3.63208
k79_31081	9.4026
k79_13071	8.18571
k79_3676	5.03109
k79_17572	2.85864
k79_31082	6.5
k79_13072	5.70432
k79_8250	4.71197
k79_31083	11.2083
k79_8251	9.19643
k79_13073	11.9598
k79_26664	3.23672
k79_8252	6.09317
k79_31084	5.13283
k79_8253	3.92553
k79_13074	6.83986
k79_22218	43.6256
k79_31085	6.94675
k79_26665	5.76489
k79_8254	4.625
k79_13075	65.5618
k79_22219	7.14216
k79_26666	2.72917
k79_22220	9.38889
k79_17573	8.79003
k79_13076	7.66403
k79_17574	14.0201
k79_22221	6.94721
k79_13077	4.9604
k79_17575	3.43709
k79_13078	6.58416
k79_22222	10.4028
k79_17576	8.80588
k79_13079	10.7671
k79_31086	7.9593
k79_17577	47.7609
k79_31087	6.7549
k79_13080	4.5933
k79_26667	9.21879
k79_22223	5.45305
k79_17578	6.07764
k79_13081	4.71806
k79_31088	4.21302
k79_17579	59.8188
k79_31089	6.84112
k79_13082	4.74054
k79_22224	10.7231
k79_8255	14.8808
k79_26668	9.68228
k79_17580	5.27189
k79_22225	3.03448
k79_31090	5.86192
k79_26669	8.20402
k79_17581	7.04955
k79_8256	12.9015
k79_31091	3.44509
k79_26670	3.59794
k79_8257	2.45631
k79_31092	7.30645
k79_17582	4.8471
k79_13083	5.96309
k79_22226	6.09313
k79_26671	10.5945
k79_17583	3.81111
k79_31093	4.60377
k79_13084	5.15054
k79_31094	8.43966
k79_8258	7.14815
k79_3677	3.21359
k79_17584	4.20513
k79_31095	6.73006
k79_13085	13.1347
k79_3678	2.80114
k79_17585	7.68387
k79_8259	3.24887
k79_13086	3.7957
k79_17586	2.9697
k79_3679	9.88172
k79_17587	4.97765
k79_3680	5.42381
k79_13087	5.60837
k79_31096	8.69085
k79_8260	4.8578
k79_17588	7.18227
k79_31097	1.93043
k79_8261	4.46296
k79_3681	7.15982
k79_3682	5.14655
k79_31098	4.98295
k79_17589	9.34965
k79_31099	16.5839
k79_17590	7.525
k79_3683	4.94397
k79_31100	5.15789
k79_31101	7.08989
k79_3684	5.37671
k79_17591	7.13347
k79_17592	3.03226
k79_3685	3.36199
k79_8262	6.00145
k79_36282	20.2263
k79_17593	4.27957
k79_17594	3.08065
k79_8263	6.01099
k79_26672	3.28218
k79_36283	5.90654
k79_3686	19.5366
k79_8264	6.54365
k79_36284	5.19072
k79_3687	2.35714
k79_26673	4.19544
k79_22227	10.3153
k79_8265	3.8
k79_3688	4.47423
k79_36285	4.26705
k79_26674	5.45532
k79_36286	4.22772
k79_3689	6.93478
k79_8266	13.6772
k79_3690	3.03922
k79_36287	6.12019
k79_8267	7.7451
k79_3691	11.5344
k79_36288	3.23469
k79_22228	12.2064
k79_22229	15.5263
k79_36289	3.99394
k79_3692	7.82143
k79_22230	5.09392
k79_36290	5.14286
k79_8268	5.58416
k79_22231	3.416
k79_3693	5.72381
k79_36291	4.14948
k79_36292	17.1809
k79_22232	4.90909
k79_8269	6.5249
k79_36293	9.28287
k79_22233	3.32237
k79_8270	3.76471
k79_3694	6.85501
k79_36294	2.67358
k79_22234	3.65
k79_8271	3.10185
k79_3695	10.5188
k79_36295	6.36449
k79_3696	10.23
k79_8272	5.52055
k79_36296	4.68229
k79_8273	2.67039
k79_36297	7.41758
k79_3697	5.35351
k79_8274	5.05376
k79_22235	5.96959
k79_3698	6.26852
k79_13088	45.0101
k79_13089	3.00752
k79_8275	4.55587
k79_26675	13.4793
k79_22236	5.19126
k79_8276	3.79348
k79_13090	3.23529
k79_3699	6.14545
k79_8277	4.28261
k79_3700	3.28025
k79_13091	6.76829
k79_8278	3.04959
k79_31102	8.08772
k79_17595	8.25521
k79_22237	12.3851
k79_13092	5.09836
k79_36298	9.93021
k79_3701	8.52713
k79_8279	21.6218
k79_22238	1.79348
k79_13093	7.91509
k79_31103	8.60927
k79_8280	4.68874
k79_13094	14.8404
k79_3702	25.2899
k79_8281	9.78095
k79_36299	8.39237
k79_22239	3.66379
k79_13095	4.36842
k79_31104	4.30794
k79_3703	4.46617
k79_13096	2.79839
k79_22240	8.28365
k79_36300	10.0576
k79_3704	2.75221
k79_8282	3.94822
k79_31105	5.43094
k79_3705	3.7807
k79_22241	4.0188
k79_8283	5.70286
k79_31106	2.79695
k79_3706	3.375
k79_8284	6.81752
k79_13097	6.63281
k79_31107	5.70056
k79_8285	4.00806
k79_3707	2.36019
k79_13098	6.23404
k79_36301	7.45229
k79_8286	3.83085
k79_36302	7.19192
k79_22242	5.08511
k79_31108	7.44167
k79_36303	3.29851
k79_8287	6.28846
k79_13099	6.75619
k79_3708	5.94301
k79_13100	3.19802
k79_8288	8.72222
k79_13101	5.70886
k79_36304	13.4165
k79_13102	2.39048
k79_3709	6.46322
k79_3710	4.74561
k79_36305	9.16684
k79_3711	7.5974
k79_17596	44.5137
k79_36306	5.08081
k79_3712	3.38854
k79_13103	10.3939
k79_36307	3.07377
k79_17597	3.78846
k79_13104	5.96429
k79_36308	10.6053
k79_3713	6.97849
k79_17598	8.41969
k79_22243	5.23041
k79_13105	2.99495
k79_36309	8.04
k79_8289	10.3933
k79_3714	4.07285
k79_36310	7.89634
k79_22244	7.29661
k79_8290	3.76733
k79_36311	4.68159
k79_3715	5.3239
k79_8291	5.50673
k79_22245	11.4792
k79_36312	6.95062
k79_13106	5.16261
k79_8292	6.03556
k79_36313	6.00935
k79_13107	3.2931
k79_13108	5.19512
k79_36314	14.4651
k79_13109	3.23276
k79_8293	9.65202
k79_13110	3.46269
k79_13111	3.45833
k79_3716	9.37896
k79_8294	6.06371
k79_13112	9.86335
k79_22246	7.49859
k79_13113	7.16667
k79_3717	5.8869
k79_31109	35.7543
k79_13114	10.4019
k79_36315	5.67715
k79_8295	9.39425
k79_3718	5.93091
k79_36316	4.70166
k79_22247	6.25421
k79_8296	7.93103
k79_36317	11.6684
k79_22248	4.22137
k79_3719	7.14716
k79_8297	2.87037
k79_36318	10.8384
k79_22249	7.58333
k79_31110	5.49383
k79_13115	7.45627
k79_3720	4.88601
k79_36319	4.36842
k79_13116	7.54891
k79_3721	4.9881
k79_31111	5.26246
k79_36320	3.0495
k79_22250	4.64626
k79_17599	15.8184
k79_36321	12.5856
k79_3722	2.4386
k79_31112	5.65587
k79_22251	2.36866
k79_3723	4.30973
k79_31113	3.50909
k79_36322	5.50269
k79_3724	3.25532
k79_36323	5.64957
k79_31114	4.4661
k79_3725	2.36885
k79_3726	11.0522
k79_31115	12.2412
k79_8298	4.84625
k79_36324	3.60385
k79_3727	5.325
k79_17600	7.33516
k79_36325	2.62626
k79_3728	3.76087
k79_8299	7.63758
k79_31116	5.69681
k79_22252	29.516
k79_8300	5.08054
k79_22253	3.70149
k79_8301	6.57831
k79_22254	5.36719
k79_3729	5.52069
k79_36326	12.6688
k79_31117	7.71109
k79_22255	7.29412
k79_36327	9.90909
k79_3730	3.11175
k79_22256	6.55556
k79_3731	9.55556
k79_31118	6.13811
k79_31119	3.63971
k79_3732	3.42007
k79_8302	11.564
k79_31120	5.53684
k79_3733	4.36752
k79_36328	36.5499
k79_8303	4.35583
k79_3734	3.94152
k79_31121	3.80882
k79_36329	4.61702
k79_8304	5.33793
k79_3735	2.90244
k79_31122	5.03077
k79_8305	5.52852
k79_3736	4.50794
k79_8306	5.64789
k79_3737	4.16279
k79_8307	5.76562
k79_36330	11.158
k79_3738	8.90141
k79_8308	10.2911
k79_3739	2.0979
k79_8309	4.84337
k79_36331	19.0522
k79_3740	4.65482
k79_8310	3.24603
k79_3741	3.76667
k79_8311	4.54808
k79_36332	8.35338
k79_3742	7.58991
k79_36333	8.59502
k79_8312	4.50932
k79_3743	3.09677
k79_36334	4.39796
k79_31123	48.3723
k79_8313	4.84354
k79_36335	3.07692
k79_8314	27.5138
k79_3744	8.32386
k79_8315	10.0274
k79_31124	7.30752
k79_36336	7.30457
k79_8316	3.87778
k79_31125	17.2524
k79_8317	11.3483
k79_31126	4.48361
k79_17601	5.47778
k79_31127	5.40777
k79_8318	5.39665
k79_36337	10.966
k79_31128	6.91489
k79_13117	9.32895
k79_8319	3.61165
k79_31129	3.744
k79_3745	4.08029
k79_8320	2.4065
k79_13118	3.90303
k79_31130	6.81203
k79_3746	5.54598
k79_8321	4.84706
k79_36338	4.48414
k79_3747	5.19008
k79_8322	2.78788
k79_36339	3.28676
k79_17602	9.22464
k79_31131	6.44578
k79_8323	5.9372
k79_13119	14.0634
k79_36340	7.50566
k79_17603	5.91339
k79_13120	5.57609
k79_8324	2.55396
k79_36341	4.85507
k79_31132	5.33333
k79_17604	4.23179
k79_13121	5.17714
k79_8325	5.81215
k79_31133	5.22556
k79_17605	6.75301
k79_13122	6.25
k79_36342	12.0084
k79_8326	4.66867
k79_31134	4.65972
k79_17606	3.72727
k79_13123	3.36649
k79_8327	5.62626
k79_36343	3.44444
k79_31135	11.6287
k79_8328	6.6036
k79_36344	9.2
k79_8329	4.94771
k79_13124	6.17662
k79_17607	8.11746
k79_31136	5.99251
k79_13125	5.93548
k79_8330	3.12397
k79_17608	2.33772
k79_31137	4.30851
k79_8331	4.80556
k79_13126	12.2396
k79_17609	2.42574
k79_31138	2.84672
k79_13127	5.93478
k79_17610	4.62424
k79_8332	3.33333
k79_31139	6.06154
k79_17611	6.32258
k79_17612	5.16483
k79_13128	7.52896
k79_31140	14.2299
k79_31141	6.77228
k79_13129	8.57111
k79_31142	2.72539
k79_8333	5.33614
k79_31143	7.13861
k79_8334	3.9386
k79_31144	3.41748
k79_22257	7.68715
k79_3748	2.18699
k79_17613	5.92683
k79_8335	4.46853
k79_13130	3.73889
k79_31145	13.3622
k79_13131	3.2437
k79_8336	34.9626
k79_31146	5.0
k79_13132	9.81379
k79_17614	10.5048
k79_31147	2.40476
k79_8337	4.35
k79_3749	6.05814
k79_17615	3.57516
k79_8338	12.5109
k79_22258	7.21059
k79_31148	3.3985
k79_17616	4.77982
k79_31149	5.20149
k79_8339	11.6131
k79_17617	5.03704
k79_22259	7.9009
k79_8340	4.98519
k79_31150	5.88672
k79_8341	11.1916
k79_31151	4.01053
k79_8342	3.4589
k79_22260	5.73675
k79_26676	47.392
k79_22261	3.75576
k79_31152	11.1519
k79_26677	4.57471
k79_31153	10.6015
k79_22262	14.5758
k79_8343	5.1913
k79_3750	3.57759
k79_22263	4.06034
k79_8344	7.20714
k79_3751	5.82308
k79_26678	10.6465
k79_31154	8.97075
k79_22264	3.9854
k79_31155	3.46479
k79_26679	4.97129
k79_3752	7.03488
k79_8345	5.45641
k79_26680	3.80189
k79_31156	2.92366
k79_3753	3.98182
k79_8346	5.00943
k79_26681	6.70707
k79_31157	2.85437
k79_26682	5.33333
k79_22265	5.53814
k79_36345	40.792
k79_3754	6.56563
k79_8347	5.27778
k79_22266	5.32084
k79_8348	2.57831
k79_26683	7.09987
k79_22267	4.72239
k79_26684	4.6338
k79_8349	6.93939
k79_36346	6.381
k79_3755	11.1872
k79_36347	5.1068
k79_3756	7.25161
k79_22268	2.64426
k79_26685	4.83455
k79_26686	8.22881
k79_36348	4.10345
k79_22269	4.41489
k79_3757	3.95385
k79_8350	11.8115
k79_26687	4.32727
k79_22270	6.46939
k79_8351	3.0813
k79_8352	9.37113
k79_22271	10.5909
k79_36349	5.38274
k79_8353	7.83451
k79_22272	8.74679
k79_8354	2.81818
k79_8355	6.75084
k79_8356	2.33918
k79_36350	5.61327
k79_22273	11.3408
k79_31158	37.21
k79_3758	3.64045
k79_8357	5.20958
k79_31159	2.81667
k79_3759	4.22876
k79_36351	8.43619
k79_22274	5.7399
k79_8358	4.66307
k79_3760	4.2246
k79_31160	6.51411
k79_36352	4.47458
k79_31161	7.62921
k79_22275	10.6644
k79_36353	2.86897
k79_8359	7.7151
k79_3761	4.29199
k79_31162	4.58374
k79_36354	14.4704
k79_8360	11.5184
k79_36355	3.88235
k79_22276	4.01688
k79_8361	3.97647
k79_31163	4.54645
k79_3762	7.42216
k79_22277	4.5
k79_31164	4.26316
k79_8362	4.88664
k79_22278	8.39252
k79_26688	10.3641
k79_13133	10.116
k79_31165	5.44286
k79_8363	4.72185
k79_26689	2.94902
k79_22279	8.8382
k79_8364	4.25847
k79_31166	6.64225
k79_22280	3.39604
k79_8365	3.6
k79_13134	4.23293
k79_17618	29.1222
k79_8366	3.46667
k79_17619	4.44643
k79_13135	3.21849
k79_22281	5.43964
k79_17620	4.35032
k79_8367	4.55937
k79_8368	5.39815
k79_22282	5.45532
k79_17621	6.49345
k79_13136	10.1821
k79_3763	11.3922
k79_8369	8.19075
k79_13137	6.81333
k79_17622	5.09747
k79_22283	6.07744
k79_3764	3.42268
k79_13138	6.12648
k79_17623	4.5
k79_22284	5.82449
k79_3765	9.20786
k79_13139	7.26531
k79_17624	3.11111
k79_22285	3.36559
k79_31167	10.9447
k79_3766	4.84043
k79_17625	3.56098
k79_13140	3.2
k79_8370	8.26619
k79_3767	6.03333
k79_31168	2.875
k79_17626	5.28966
k79_3768	2.8
k79_13141	5.9533
k79_8371	14.6535
k79_3769	7.6626
k79_17627	6.54674
k79_26690	9.26344
k79_13142	3.23383
k79_31169	7.36268
k79_26691	15.4597
k79_8372	3.90213
k79_13143	5.09278
k79_22286	5.91283
k79_22287	8.37079
k79_26692	8.7281
k79_31170	10.5319
k79_13144	5.84314
k79_26693	3.16564
k79_8373	4.79359
k79_31171	6.0531
k79_3770	8.93264
k79_31172	3.50365
k79_13145	9.21951
k79_3771	4.21311
k79_26694	8.82243
k79_13146	5.48951
k79_8374	5.82695
k79_3772	4.92529
k79_13147	8.08571
k79_31173	11.6061
k79_8375	9.18497
k79_26695	4.99729
k79_31174	10.9775
k79_3773	11.8323
k79_8376	6.16561
k79_31175	4.03676
k79_8377	5.1913
k79_26696	4.20548
k79_3774	2.96178
k79_13148	8.6789
k79_3775	6.1828
k79_8378	2.97872
k79_13149	3.5914
k79_3776	3.53571
k79_31176	7.15269
k79_13150	3.4434
k79_26697	5.26552
k79_13151	2.87755
k79_8379	7.46883
k79_31177	3.77778
k79_26698	6.83262
k79_13152	16.9767
k79_8380	2.81538
k79_31178	7.19466
k79_8381	4.15578
k79_8382	8.46552
k79_31179	4.94186
k79_3777	5.26196
k79_31180	19.9658
k79_3778	4.22034
k79_13153	10.0686
k79_3779	5.37387
k79_31181	4.92603
k79_8383	9.36036
k79_31182	4.44186
k79_3780	6.40741
k79_17628	44.0033
k79_8384	4.58333
k79_31183	2.70642
k79_3781	4.11957
k79_13154	5.99566
k79_17629	8.125
k79_13155	2.54321
k79_8385	4.85083
k79_13156	7.2193
k79_31184	12.0619
k79_8386	5.12844
k79_36356	62.6056
k79_17630	7.18808
k79_3782	6.8635
k79_13157	6.87736
k79_31185	4.64
k79_8387	6.45213
k79_36357	4.62376
k79_13158	8.66667
k79_31186	2.29
k79_3783	8.74564
k79_8388	7.93304
k79_13159	2.89032
k79_31187	8.60294
k79_3784	5.34545
k79_13160	3.87395
k79_31188	3.64035
k79_36358	6.48354
k79_13161	2.76842
k79_3785	4.07326
k79_31189	3.31544
k79_8389	3.62992
k79_36359	5.19372
k79_13162	14.0725
k79_3786	2.35345
k79_36360	3.00621
k79_13163	4.22464
k79_8390	6.17266
k79_3787	5.70667
k79_31190	4.29213
k79_36361	7.98889
k79_3788	2.66
k79_8391	3.74167
k79_31191	2.25561
k79_3789	2.62585
k79_13164	4.8533
k79_8392	9.87302
k79_36362	4.59756
k79_3790	3.68908
k79_13165	4.43262
k79_36363	2.75439
k79_3791	7.16667
k79_36364	5.80992
k79_31192	6.74111
k79_3792	3.00641
k79_36365	5.7029
k79_31193	2.28571
k79_13166	6.60877
k79_3793	4.14138
k79_31194	6.89593
k79_13167	4.54808
k79_8393	11.2151
k79_13168	6.21698
k79_13169	5.07609
k79_8394	11.8905
k79_3794	11.1312
k79_3795	4.7551
k79_31195	14.6494
k79_13170	7.95905
k79_8395	6.01092
k79_3796	4.52332
k79_13171	3.0625
k79_8396	4.58879
k79_13172	2.83636
k79_8397	4.89583
k79_3797	4.41477
k79_8398	5.9085
k79_13173	6.39086
k79_8399	4.91892
k79_8400	4.77005
k79_13174	4.70312
k79_3798	10.1637
k79_8401	6.18557
k79_3799	4.25786
k79_13175	5.01987
k79_3800	4.02564
k79_13176	4.21111
k79_36366	3.70621
k79_3801	5.136
k79_22288	6.02101
k79_3802	4.27434
k79_36367	5.35563
k79_3803	6.36792
k79_13177	6.30698
k79_26699	9.51047
k79_3804	3.90511
k79_36368	2.50181
k79_26700	4.93269
k79_13178	5.40824
k79_3805	4.01143
k79_36369	2.98026
k79_13179	3.61538
k79_13180	3.9703
k79_36370	3.96503
k79_26701	7.7802
k79_3806	7.57284
k79_3807	3.29697
k79_36371	7.64881
k79_22289	11.658
k79_13181	4.6269
k79_3808	4.26774
k79_36372	7.14208
k79_13182	17.9608
k79_22290	3.46203
k79_26702	8.41287
k79_22291	5.54762
k79_36373	6.75269
k79_13183	4.31839
k79_8402	6.34983
k79_26703	3.1859
k79_13184	7.90385
k79_36374	2.59016
k79_22292	2.96959
k79_8403	7.16509
k79_26704	9.94372
k79_36375	2.69231
k79_26705	4.94118
k79_13185	8.33945
k79_13186	11.7094
k79_26706	3.63636
k79_13187	4.475
k79_26707	8.935
k79_36376	22.0416
k79_17631	8.76309
k79_31196	7.99412
k79_8404	9.73074
k79_17632	4.03604
k79_31197	2.70652
k79_36377	6.03165
k79_3809	7.31009
k79_17633	5.16981
k79_13188	6.88215
k79_36378	2.03125
k79_17634	7.61417
k79_26708	15.4682
k79_3810	7.1362
k79_36379	4.34483
k79_13189	4.63103
k79_17635	2.8
k79_8405	7.99845
k79_26709	3.04528
k79_22293	152.166
k79_17636	2.34783
k79_8406	4.56
k79_36380	3.87532
k79_26710	6.03955
k79_31198	8.11699
k79_8407	15.2143
k79_22294	5.36071
k79_36381	7.0069
k79_13190	10.1514
k79_3811	13.7991
k79_17637	5.96317
k79_36382	39.2121
k79_26711	8.92565
k79_31199	4.91503
k79_3812	5.32692
k79_8408	5.32906
k79_17638	10.7548
k79_22295	5.77778
k79_13191	4.60364
k79_36383	3.13675
k79_26712	9.73718
k79_22296	4.08403
k79_3813	5.34359
k79_8409	5.18274
k79_31200	7.12052
k79_3814	7.19192
k79_17639	6.84958
k79_36384	4.67687
k79_8410	4.33155
k79_17640	3.55263
k79_31201	2.13537
k79_22297	7.4
k79_3815	7.71575
k79_13192	7.54021
k79_17641	2.56391
k79_31202	4.0
k79_8411	6.89244
k79_3816	3.16774
k79_13193	5.0
k79_22298	8.39785
k79_17642	5.04348
k79_31203	4.3125
k79_8412	1.53782
k79_3817	3.82775
k79_36385	15.1585
k79_31204	3.12069
k79_26713	23.5578
k79_8413	11.6599
k79_36386	6.00433
k79_17643	6.55814
k79_31205	7.28214
k79_8414	3.875
k79_26714	7.06736
k79_13194	5.47109
k79_8415	5.13274
k79_26715	6.11475
k79_13195	2.77885
k79_13196	3.02247
k79_26716	2.76707
k79_8416	9.70642
k79_17644	6.50496
k79_3818	26.5554
k79_36387	6.47044
k79_17645	4.36066
k79_13197	7.56757
k79_26717	5.04332
k79_3819	4.41319
k79_13198	3.13333
k79_36388	3.66129
k79_8417	9.89224
k79_3820	4.82301
k79_36389	3.19708
k79_8418	5.98214
k79_26718	7.05671
k79_3821	2.85827
k79_31206	11.1369
k79_22299	5.91636
k79_17646	6.63994
k79_31207	4.75824
k79_3822	5.01345
k79_17647	2.16535
k79_8419	3.54167
k79_36390	9.84507
k79_13199	5.91465
k79_31208	4.67544
k79_36391	5.33987
k79_8420	4.48913
k79_26719	10.323
k79_3823	7.46667
k79_13200	1.93571
k79_17648	6.18845
k79_31209	5.3741
k79_36392	6.0431
k79_31210	5.83333
k79_13201	9.73333
k79_3824	7.18807
k79_26720	9.0257
k79_31211	6.27737
k79_36393	5.69753
k79_8421	10.6667
k79_3825	3.70233
k79_26721	9.46087
k79_36394	3.68707
k79_31212	7.85268
k79_8422	3.27885
k79_3826	5.84158
k79_36395	3.92708
k79_31213	3.09174
k79_36396	5.23022
k79_8423	3.45755
k79_31214	2.38017
k79_36397	5.87273
k79_31215	7.51049
k79_8424	3.62921
k79_13202	9.40451
k79_8425	3.84351
k79_8426	4.68902
k79_13203	8.23868
k79_36398	12.0917
k79_8427	4.76378
k79_36399	4.9434
k79_22300	6.65143
k79_17649	10.3277
k79_8428	8.82258
k79_31216	7.827
k79_8429	9.60606
k79_17650	4.02235
k79_31217	2.648
k79_22301	7.75882
k79_8430	6.92607
k79_3827	12.9604
k79_13204	4.28378
k79_17651	15.6918
k79_8431	5.94421
k79_13205	4.07165
k79_17652	4.63128
k79_36400	41.156
k79_8432	2.54
k79_3828	35.8351
k79_13206	3.4186
k79_8433	4.19708
k79_3829	3.02013
k79_13207	2.03191
k79_17653	6.29469
k79_36401	5.44787
k79_8434	7.5
k79_3830	3.11538
k79_13208	2.70755
k79_17654	7.02597
k79_3831	4.02062
k79_36402	7.04435
k79_17655	7.57265
k79_8435	5.01242
k79_36403	2.25676
k79_17656	6.5
k79_8436	7.8913
k79_8437	5.26042
k79_13209	8.18941
k79_3832	6.44841
k79_36404	5.44377
k79_3833	9.21705
k79_13210	4.91163
k79_8438	4.93231
k79_31218	8.88019
k79_13211	3.34409
k79_3834	3.71233
k79_8439	4.93617
k79_31219	2.76056
k79_17657	10.3633
k79_13212	6.54015
k79_8440	2.92523
k79_31220	5.32039
k79_17658	3.99107
k79_13213	2.77
k79_8441	5.65581
k79_13214	7.42424
k79_31221	8.20076
k79_36405	7.28912
k79_13215	2.97778
k79_8442	3.47857
k79_22302	4.58084
k79_31222	1.79775
k79_36406	8.58065
k79_8443	2.82707
k79_22303	3.84
k79_36407	3.72477
k79_3835	5.43719
k79_17659	5.83594
k79_8444	6.99742
k79_17660	5.125
k79_8445	2.56566
k79_17661	3.68627
k79_22304	6.23967
k79_22305	2.68182
k79_8446	8.86207
k79_17662	5.92351
k79_22306	5.02548
k79_3836	5.22944
k79_8447	10.58
k79_31223	12.2344
k79_31224	4.88298
k79_3837	5.22936
k79_17663	8.90029
k79_8448	7.86454
k79_3838	5.35345
k79_3839	7.95745
k79_8449	1.89399
k79_17664	6.17869
k79_22307	15.1781
k79_3840	3.80741
k79_17665	5.15033
k79_13216	3.03867
k79_8450	3.07326
k79_3841	3.97561
k79_31225	6.35157
k79_8451	5.99355
k79_3842	12.4323
k79_22308	4.91446
k79_13217	7.28434
k79_8452	5.04945
k79_3843	5.23529
k79_31226	5.56305
k79_8453	4.28767
k79_3844	5.14286
k79_36408	77.5661
k79_31227	2.37692
k79_8454	3.37594
k79_13218	4.89404
k79_36409	9.7449
k79_3845	4.97425
k79_8455	3.42236
k79_17666	48.3276
k79_36410	6.21127
k79_3846	5.90674
k79_8456	2.60667
k79_13219	7.34271
k79_36411	3.19231
k79_31228	11.1848
k79_13220	4.43182
k79_36412	12.9946
k79_31229	7.42857
k79_13221	5.85612
k79_3847	11.2314
k79_31230	3.408
k79_17667	9.20245
k79_31231	9.15476
k79_3848	11.5647
k79_13222	6.52336
k79_36413	7.04348
k79_31232	4.02885
k79_26722	62.8069
k79_13223	5.35338
k79_31233	8.17164
k79_3849	5.29295
k79_31234	6.21374
k79_8457	8.506
k79_31235	15.1613
k79_13224	6.78214
k79_8458	4.59504
k79_3850	4.11604
k79_26723	6.12865
k79_8459	5.43363
k79_13225	2.89394
k79_8460	6.72222
k79_31236	4.66487
k79_3851	7.06931
k79_13226	5.00685
k79_31237	3.0989
k79_3852	5.87429
k79_13227	2.13187
k79_36414	11.1302
k79_31238	4.62371
k79_13228	8.22951
k79_17668	3.25987
k79_36415	4.47024
k79_17669	5.86624
k79_13229	6.44159
k79_36416	7.73571
k79_31239	14.3836
k79_3853	5.04742
k79_36417	10.1562
k79_17670	5.46835
k79_31240	5.28788
k79_13230	5.51407
k79_3854	7.30542
k79_36418	3.22727
k79_17671	6.0566
k79_13231	9.53425
k79_3855	4.27007
k79_36419	7.26946
k79_13232	5.6963
k79_31241	6.9873
k79_17672	6.61511
k79_13233	12.0089
k79_31242	2.33088
k79_36420	8.71959
k79_13234	7.12418
k79_17673	4.52239
k79_3856	4.4732
k79_13235	7.66292
k79_8461	7.2605
k79_31243	4.75732
k79_26724	6.2933
k79_36421	6.4556
k79_31244	9.62987
k79_22309	46.2601
k79_36422	5.82
k79_26725	4.31973
k79_8462	12.2748
k79_22310	4.51485
k79_8463	4.91
k79_22311	4.24885
k79_26726	5.44082
k79_22312	4.86979
k79_26727	3.54321
k79_22313	5.26645
k79_31245	7.05773
k79_36423	4.99668
k79_3857	6.8257
k79_26728	9.04717
k79_22314	2.62245
k79_8464	8.69278
k79_36424	6.3758
k79_26729	7.59399
k79_22315	5.68553
k79_3858	8.64935
k79_31246	4.98892
k79_8465	8.99213
k79_26730	2.58065
k79_22316	2.86111
k79_31247	4.1453
k79_17674	6.45889
k79_17675	9.432
k79_31248	4.09211
k79_36425	6.1181
k79_3859	6.00411
k79_31249	5.43939
k79_26731	6.01599
k79_36426	3.71852
k79_3860	5.10219
k79_17676	5.3323
k79_31250	4.5544
k79_36427	3.12299
k79_26732	6.05714
k79_36428	3.81132
k79_22317	5.40399
k79_31251	5.57477
k79_17677	7.12162
k79_8466	10.6199
k79_13236	7.89511
k79_8467	6.00862
k79_22318	8.33166
k79_26733	5.3568
k79_36429	3.35854
k79_8468	3.4382
k79_22319	3.63866
k79_13237	5.57653
k79_26734	3.13636
k79_17678	7.84959
k79_8469	2.39011
k79_26735	5.60284
k79_8470	2.83688
k79_13238	15.9387
k79_26736	3.38328
k79_36430	6.64975
k79_13239	2.42241
k79_17679	3.34243
k79_26737	6.29565
k79_8471	5.69905
k79_13240	5.29787
k79_26738	4.59712
k79_13241	3.80769
k79_17680	6.63609
k79_8472	8.52656
k79_3861	11.4126
k79_13242	5.29856
k79_8473	5.5098
k79_17681	5.09774
k79_3862	3.91765
k79_8474	2.34831
k79_13243	3.64655
k79_17682	10.0694
k79_31252	10.9204
k79_3863	10.7297
k79_13244	7.17857
k79_31253	3.90323
k79_22320	12.8902
k79_17683	4.40385
k79_8475	23.0475
k79_3864	2.89048
k79_8476	6.25263
k79_17684	22.4869
k79_13245	5.48485
k79_3865	5.37903
k79_31254	7.01632
k79_17685	8.22396
k79_8477	9.19048
k79_3866	3.33673
k79_17686	2.76636
k79_8478	6.20175
k79_13246	4.77049
k79_3867	9.26415
k79_8479	3.45361
k79_31255	4.40047
k79_13247	2.5495
k79_17687	3.97279
k79_31256	3.66327
k79_8480	2.65803
k79_13248	5.61789
k79_17688	5.47186
k79_13249	6.45385
k79_8481	6.10784
k79_31257	6.79798
k79_13250	15.0784
k79_8482	3.35784
k79_17689	4.08642
k79_3868	8.04052
k79_17690	5.39583
k79_3869	2.22826
k79_8483	5.85305
k79_3870	5.18815
k79_13251	4.12242
k79_3871	9.73991
k79_13252	11.1839
k79_36431	5.51111
k79_8484	6.92647
k79_13253	4.40299
k79_8485	5.01266
k79_26739	10.5754
k79_8486	6.56589
k79_3872	3.50918
k79_36432	4.61082
k79_26740	8.39706
k79_3873	2.28934
k79_36433	3.89032
k79_8487	3.75893
k79_31258	5.43195
k79_36434	3.59259
k79_3874	4.55897
k79_26741	4.83444
k79_36435	7.11905
k79_31259	3.82326
k79_3875	3.53383
k79_8488	2.66159
k79_26742	3.60456
k79_8489	3.3
k79_36436	5.66045
k79_3876	12.024
k79_8490	7.19048
k79_26743	3.4973
k79_36437	3.69006
k79_26744	2.06731
k79_3877	2.57143
k79_31260	5.0
k79_36438	5.70149
k79_3878	6.95238
k79_26745	3.25568
k79_8491	7.03753
k79_3879	3.18182
k79_8492	4.4065
k79_26746	5.96751
k79_3880	7.08962
k79_26747	4.87037
k79_8493	2.49686
k79_17691	10.0816
k79_31261	12.6226
k79_3881	6.79703
k79_31262	2.21769
k79_17692	8.21591
k79_26748	3.39502
k79_3882	2.97674
k79_31263	4.80392
k79_17693	7.2428
k79_8494	7.8066
k79_3883	3.07645
k79_17694	2.65517
k79_8495	9.05405
k79_31264	5.06667
k79_17695	16.1032
k79_8496	3.4781
k79_17696	5.37398
k79_13254	7.66667
k79_36439	8.32044
k79_8497	4.33577
k79_3884	11.0621
k79_31265	5.16252
k79_8498	3.10734
k79_17697	6.21429
k79_13255	5.67528
k79_8499	7.67033
k79_3885	9.23856
k79_17698	4.22901
k79_31266	10.6728
k79_36440	5.98592
k79_3886	7.56647
k79_17699	5.15714
k79_13256	5.91617
k79_3887	4.61798
k79_31267	3.26016
k79_36441	5.87081
k79_17700	4.21951
k79_13257	4.61376
k79_17701	2.95968
k79_13258	4.87075
k79_36442	3.7981
k79_17702	3.93671
k79_8500	5.37876
k79_17703	4.35652
k79_13259	4.96094
k79_36443	4.06711
k79_8501	4.92308
k79_31268	7.58008
k79_17704	7.41958
k79_36444	6.61468
k79_22321	46.8254
k79_31269	3.7546
k79_8502	12.9677
k79_31270	2.84878
k79_36445	7.4778
k79_22322	7.75216
k79_8503	8.18503
k79_31271	5.88889
k79_22323	7.16071
k79_17705	8.01714
k79_36446	4.1879
k79_8504	4.14552
k79_22324	2.53333
k79_31272	3.60211
k79_36447	4.69421
k79_22325	17.9362
k79_31273	3.27068
k79_8505	3.20884
k79_17706	5.81366
k79_31274	2.55652
k79_8506	2.95522
k79_17707	7.52066
k79_36448	3.09009
k79_31275	2.125
k79_8507	4.12549
k79_36449	5.58741
k79_17708	4.08667
k79_36450	3.94792
k79_31276	3.77617
k79_22326	6.22017
k79_17709	4.38342
k79_8508	9.34571
k79_31277	7.58
k79_36451	5.77597
k79_31278	5.00833
k79_8509	1.73077
k79_31279	3.80165
k79_8510	4.50641
k79_3888	7.33984
k79_22327	9.11429
k79_22328	3.0625
k79_8511	6.08824
k79_3889	7.43492
k79_22329	4.96891
k79_3890	3.52577
k79_8512	2.77949
k79_36452	13.6745
k79_22330	1.9899
k79_36453	2.85393
k79_3891	3.90678
k79_8513	7.81159
k79_22331	5.46281
k79_3892	7.20126
k79_22332	3.4
k79_8514	13.8325
k79_8515	3.97222
k79_3893	5.03171
k79_22333	4.2619
k79_8516	5.1028
k79_3894	4.38043
k79_8517	3.19617
k79_31280	9.22067
k79_3895	10.642
k79_8518	2.97674
k79_22334	10.1877
k79_3896	7.03497
k79_8519	2.72222
k79_31281	8.2145
k79_3897	2.68243
k79_31282	5.68132
k79_36454	4.96852
k79_8520	4.87531
k79_36455	8.08
k79_3898	14.0742
k79_22335	6.72923
k79_36456	3.92241
k79_22336	6.39806
k79_8521	10.7869
k79_31283	12.1095
k79_3899	2.95472
k79_22337	3.63253
k79_3900	5.48352
k79_8522	7.32026
k79_36457	2.875
k79_31284	2.24186
k79_36458	6.79787
k79_8523	3.0
k79_3901	4.64894
k79_36459	2.59574
k79_31285	4.38024
k79_3902	4.67925
k79_8524	2.85085
k79_36460	9.88696
k79_3903	3.65289
k79_31286	4.71759
k79_17710	44.1942
k79_36461	2.45736
k79_3904	5.74483
k79_8525	4.95455
k79_31287	8.47191
k79_3905	4.49669
k79_17711	3.53571
k79_22338	9.61804
k79_8526	10.0801
k79_3906	5.19718
k79_17712	6.25743
k79_36462	5.52152
k79_8527	3.9697
k79_36463	2.91398
k79_17713	9.0597
k79_8528	3.94022
k79_3907	6.27044
k79_36464	5.26613
k79_17714	6.30047
k79_3908	19.4054
k79_8529	7.08228
k79_36465	10.5116
k79_3909	3.37195
k79_8530	8.56122
k79_13260	6.05588
k79_3910	7.12698
k79_13261	12.1232
k79_22339	5.94519
k79_3911	2.87234
k79_26749	68.9068
k79_22340	3.97388
k79_3912	5.64253
k79_36466	8.02022
k79_13262	6.30592
k79_26750	8.61324
k79_17715	6.26485
k79_36467	2.5188
k79_13263	2.95575
k79_17716	6.45985
k79_26751	9.40476
k79_22341	12.1398
k79_13264	3.44262
k79_22342	3.52344
k79_13265	2.85577
k79_26752	7.44292
k79_36468	7.61659
k79_13266	8.47191
k79_17717	15.4973
k79_3913	7.48953
k79_3914	4.75258
k79_36469	3.1443
k79_13267	10.7795
k79_22343	9.35091
k79_17718	3.39209
k79_17719	4.27731
k79_22344	6.92236
k79_3915	6.59594
k79_17720	5.08939
k79_13268	3.93961
k79_22345	4.42857
k79_26753	9.28529
k79_13269	2.83871
k79_22346	3.12766
k79_3916	4.69937
k79_13270	3.38506
k79_26754	5.9541
k79_3917	6.16316
k79_22347	4.56343
k79_13271	3.34965
k79_3918	3.6763
k79_26755	6.1746
k79_17721	7.35329
k79_22348	8.58182
k79_17722	8.83803
k79_3919	5.32377
k79_26756	4.99645
k79_22349	4.8365
k79_13272	4.85149
k79_17723	2.13669
k79_3920	10.2823
k79_22350	5.84783
k79_26757	4.66063
k79_17724	2.26667
k79_17725	4.97059
k79_13273	4.92394
k79_26758	3.21127
k79_22351	4.18436
k79_13274	7.15646
k79_22352	11.3441
k79_26759	2.46622
k79_22353	3.44872
k79_13275	3.7756
k79_22354	8.92284
k79_13276	5.94565
k79_26760	10.1743
k79_22355	2.85366
k79_22356	8.35764
k79_26761	6.085
k79_13277	4.67541
k79_26762	9.04951
k79_3921	9.24988
k79_26763	7.1383
k79_13278	6.25943
k79_22357	6.30175
k79_26764	6.0619
k79_3922	5.03152
k79_22358	4.13174
k79_31288	5.12847
k79_22359	5.21552
k79_3923	12.1532
k79_13279	5.25183
k79_31289	5.29897
k79_13280	3.99543
k79_36470	49.0891
k79_31290	9.51979
k79_17726	47.1467
k79_13281	6.05019
k79_36471	3.025
k79_31291	1.92623
k79_17727	3.69072
k79_3924	8.25239
k79_31292	4.5
k79_3925	7.94488
k79_13282	3.86822
k79_22360	17.6942
k79_17728	6.65974
k79_3926	5.04375
k79_31293	3.03977
k79_31294	6.27523
k79_17729	5.57767
k79_13283	3.5527
k79_22361	8.3655
k79_17730	5.94068
k79_13284	3.27397
k79_17731	7.62963
k79_13285	10.9474
k79_8531	4.64021
k79_17732	10.5106
k79_31295	10.4247
k79_22362	6.5841
k79_13286	11.148
k79_31296	3.32317
k79_26765	23.5864
k79_17733	4.71545
k79_13287	3.12281
k79_26766	3.36667
k79_17734	9.0
k79_26767	6.05
k79_31297	6.48476
k79_13288	11.6866
k79_13289	7.10088
k79_17735	6.75453
k79_26768	11.5758
k79_22363	10.2548
k79_17736	4.45045
k79_26769	4.96296
k79_17737	4.84545
k79_13290	4.96562
k79_36472	39.0319
k79_31298	4.63602
k79_22364	3.16109
k79_31299	10.0353
k79_13291	4.13103
k79_36473	5.92093
k79_17738	3.78795
k79_8532	9.64641
k79_26770	18.0725
k79_36474	5.73529
k79_13292	6.41429
k79_31300	3.49708
k79_8533	2.87671
k79_31301	7.86598
k79_13293	4.37008
k79_22365	9.10331
k79_17739	8.87942
k79_36475	7.46322
k79_31302	3.73714
k79_26771	4.33182
k79_8534	4.28732
k79_22366	15.1921
k79_17740	4.19745
k79_36476	3.24779
k79_31303	6.22561
k79_8535	7.37795
k79_13294	4.27125
k79_36477	5.23188
k79_17741	4.03861
k79_8536	6.34188
k79_13295	2.8
k79_31304	5.23232
k79_36478	5.29289
k79_13296	4.7479
k79_17742	15.2317
k79_36479	6.76873
k79_13297	82.9771
k79_17743	5.21818
k79_13298	5.3871
k79_36480	15.3953
k79_17744	2.2
k79_8537	8.94704
k79_13299	8.92611
k79_17745	2.83607
k79_17746	17.7753
k79_3927	2.54709
k79_26772	3.74583
k79_17747	3.69608
k79_8538	4.66404
k79_26773	2.17822
k79_17748	17.2335
k79_13300	3.78431
k79_8539	3.93243
k79_36481	10.2316
k79_17749	2.51456
k79_13301	3.02308
k79_36482	3.25
k79_26774	5.75879
k79_8540	4.01984
k79_31305	10.0446
k79_26775	5.74713
k79_17750	5.07829
k79_36483	6.32955
k79_31306	13.4954
k79_26776	7.80982
k79_17751	9.84983
k79_3928	10.9242
k79_8541	13.0329
k79_22367	4.52756
k79_31307	2.64634
k79_26777	6.60837
k79_17752	4.5
k79_31308	7.32632
k79_26778	4.32222
k79_3929	7.51373
k79_8542	11.1744
k79_31309	7.65385
k79_22368	3.38649
k79_17753	8.35315
k79_3930	3.68217
k79_31310	3.54286
k79_17754	4.87705
k79_8543	5.10727
k79_3931	5.19672
k79_22369	5.34583
k79_8544	10.832
k79_22370	3.13979
k79_8545	3.45918
k79_26779	8.15484
k79_36484	4.29078
k79_22371	7.79562
k79_13302	9.84359
k79_8546	7.04098
k79_3932	8.56948
k79_31311	4.54332
k79_26780	7.72917
k79_13303	2.30769
k79_17755	7.73635
k79_22372	11.8116
k79_3933	5.15311
k79_17756	5.09202
k79_13304	8.54774
k79_22373	4.41414
k79_17757	2.85635
k79_26781	9.93404
k79_3934	6.04831
k79_13305	4.3545
k79_26782	5.04615
k79_8547	6.81163
k79_31312	11.3667
k79_3935	6.16568
k79_22374	13.1089
k79_31313	7.73
k79_17758	5.08748
k79_3936	3.6014
k79_13306	6.48494
k79_17759	6.55072
k79_22375	4.45316
k79_31314	6.61039
k79_13307	5.30374
k79_17760	15.9939
k79_26783	5.16616
k79_22376	6.6118
k79_31315	5.76309
k79_26784	6.73874
k79_13308	8.30345
k79_17761	3.77778
k79_31316	5.1129
k79_31317	4.70248
k79_13309	9.58498
k79_17762	4.57627
k79_22377	4.91727
k79_36485	13.4461
k79_17763	5.475
k79_22378	16.2138
k79_31318	5.53941
k79_17764	2.19388
k79_3937	10.1276
k79_36486	3.59524
k79_3938	4.19626
k79_26785	14.1768
k79_36487	9.95361
k79_13310	7.75452
k79_22379	8.0
k79_26786	4.55895
k79_22380	4.48624
k79_36488	6.025
k79_22381	10.6558
k79_17765	6.53325
k79_3939	4.36417
k79_22382	5.66225
k79_36489	5.46457
k79_17766	4.48315
k79_3940	3.81498
k79_36490	2.05594
k79_13311	8.90236
k79_26787	7.98333
k79_22383	7.45397
k79_36491	12.3278
k79_22384	3.84735
k79_17767	5.08169
k79_13312	5.29026
k79_31319	10.628
k79_22385	50.6408
k79_3941	11.9896
k79_13313	6.92278
k79_36492	9.14141
k79_31320	3.20896
k79_3942	6.44545
k79_8548	51.1564
k79_22386	8.11894
k79_13314	7.4129
k79_31321	7.22137
k79_36493	5.83251
k79_17768	9.33374
k79_3943	3.61935
k79_22387	4.4
k79_26788	8.27676
k79_31322	10.2747
k79_17769	4.93878
k79_26789	10.978
k79_8549	10.253
k79_22388	2.9172
k79_13315	9.73734
k79_17770	3.22901
k79_26790	4.93662
k79_36494	6.14842
k79_8550	6.0898
k79_3944	4.6475
k79_17771	11.1934
k79_3945	5.72043
k79_26791	7.80969
k79_36495	13.6209
k79_13316	13.3089
k79_17772	5.33202
k79_36496	5.16964
k79_3946	3.62048
k79_26792	11.4459
k79_13317	3.31405
k79_31323	7.61609
k79_3947	2.14815
k79_8551	5.86426
k79_17773	14.119
k79_13318	3.95146
k79_8552	5.0813
k79_17774	8.10811
k79_36497	6.02632
k79_31324	9.24694
k79_17775	4.57895
k79_3948	6.17714
k79_8553	6.99471
k79_17776	6.1
k79_36498	7.6878
k79_26793	5.0404
k79_17777	4.61053
k79_31325	6.90231
k79_36499	4.41709
k79_31326	5.07143
k79_26794	9.20482
k79_17778	4.05994
k79_36500	5.11475
k79_31327	5.98052
k79_8554	5.6696
k79_26795	5.30625
k79_17779	8.24713
k79_36501	11.019
k79_8555	3.41212
k79_31328	2.12069
k79_26796	2.60829
k79_3949	6.33302
k79_13319	8.362
k79_31329	4.47
k79_36502	4.82248
k79_8556	2.89691
k79_13320	3.50806
k79_17780	11.0463
k79_31330	11.9155
k79_3950	4.56631
k79_8557	6.26131
k79_36503	5.48018
k79_13321	5.30573
k79_17781	6.93333
k79_8558	2.93023
k79_26797	5.15265
k79_13322	10.2041
k79_31331	5.84818
k79_8559	4.28369
k79_13323	5.68421
k79_31332	16.9275
k79_8560	2.96396
k79_26798	11.1453
k79_36504	4.43478
k79_3951	12.5873
k79_17782	4.10245
k79_3952	3.32593
k79_36505	7.16889
k79_8561	6.03082
k79_26799	11.2118
k79_3953	8.99065
k79_36506	6.7732
k79_17783	5.34173
k79_13324	9.81963
k79_8562	7.56701
k79_26800	7.89147
k79_8563	5.63158
k79_36507	5.53202
k79_26801	3.03521
k79_3954	5.30864
k79_31333	7.76385
k79_8564	4.14904
k79_13325	5.7428
k79_3955	4.17195
k79_26802	3.94637
k79_8565	3.92308
k79_17784	10.3484
k79_3956	16.5556
k79_36508	4.341
k79_31334	2.54662
k79_26803	2.9187
k79_17785	13.5377
k79_8566	5.15
k79_36509	2.94393
k79_3957	7.05755
k79_17786	5.5969
k79_26804	4.73077
k79_8567	5.15254
k79_13326	4.91607
k79_3958	5.04188
k79_31335	6.61081
k79_8568	8.42
k79_3959	4.45161
k79_36510	8.72938
k79_26805	4.79545
k79_13327	11.7059
k79_17787	9.03766
k79_8569	4.53061
k79_31336	6.23364
k79_36511	7.41346
k79_13328	2.89773
k79_3960	6.28431
k79_8570	3.15294
k79_13329	6.48598
k79_31337	4.70775
k79_36512	8.17722
k79_3961	7.70482
k79_26806	5.30649
k79_17788	5.6954
k79_8571	8.35032
k79_31338	3.3871
k79_36513	2.29032
k79_13330	11.9079
k79_17789	3.95789
k79_22389	47.4216
k79_8572	7.10317
k79_36514	4.37963
k79_3962	6.18327
k79_31339	10.8491
k79_22390	2.73
k79_8573	3.0177
k79_26807	11.6877
k79_3963	4.33043
k79_31340	4.02609
k79_22391	4.85714
k79_26808	2.63415
k79_22392	2.87368
k79_31341	4.21233
k79_17790	4.27426
k79_31342	5.65409
k79_26809	6.23438
k79_22393	6.5
k79_26810	4.45968
k79_31343	4.76423
k79_8574	7.561
k79_22394	2.66667
k79_31344	8.01702
k79_8575	3.37447
k79_17791	4.54897
k79_3964	5.61192
k79_22395	4.69786
k79_8576	4.00461
k79_17792	5.68936
k79_36515	10.1341
k79_3965	3.39269
k79_22396	2.71579
k79_17793	2.28966
k79_8577	4.02762
k79_36516	6.04819
k79_22397	7.04211
k79_17794	3.94506
k79_3966	6.07522
k79_22398	7.61257
k79_3967	4.22222
k79_31345	14.9667
k79_22399	5.34188
k79_3968	2.37008
k79_31346	20.0973
k79_17795	4.84831
k79_22400	7.16176
k79_13331	6.43243
k79_3969	5.58845
k79_26811	6.79251
k79_31347	8.99043
k79_17796	2.77241
k79_13332	4.69231
k79_3970	3.11538
k79_26812	2.67857
k79_36517	10.1901
k79_31348	5.89175
k79_22401	4.5283
k79_3971	8.00518
k79_26813	2.93785
k79_36518	4.29221
k79_13333	7.07576
k79_8578	9.30802
k79_31349	3.92453
k79_17797	6.74488
k79_3972	5.88095
k79_36519	4.50192
k79_22402	7.30737
k79_13334	4.12091
k79_3973	7.29851
k79_26814	7.13913
k79_17798	3.83761
k79_8579	13.1357
k79_3974	5.408
k79_36520	7.69477
k79_13335	3.83193
k79_22403	3.06831
k79_3975	7.5
k79_26815	4.47635
k79_17799	4.25776
k79_8580	8.28349
k79_13336	3.78853
k79_26816	3.36139
k79_3976	5.49702
k79_22404	8.86118
k79_13337	4.25316
k79_8581	4.82128
k79_17800	7.47399
k79_26817	3.51037
k79_22405	3.35185
k79_36521	7.83356
k79_3977	5.50926
k79_17801	11.8051
k79_13338	4.83813
k79_22406	5.78378
k79_8582	4.55851
k79_26818	7.35769
k79_13339	6.80263
k79_8583	5.08397
k79_3978	4.14525
k79_3979	16.6835
k79_3980	2.30612
k79_36522	6.95407
k79_13340	4.42359
k79_3981	3.66917
k79_13341	6.06107
k79_36523	6.0
k79_8584	8.71314
k79_8585	2.79167
k79_31350	23.0451
k79_22407	2.01099
k79_22408	7.14286
k79_8586	4.60245
k79_22409	1.91111
k79_22410	3.55085
k79_3982	11.12
k79_31351	5.51057
k79_8587	5.66304
k79_31352	4.77692
k79_8588	2.71779
k79_3983	5.12325
k79_36524	9.84492
k79_31353	2.47468
k79_8589	13.6708
k79_36525	3.92029
k79_31354	4.26724
k79_3984	5.9171
k79_8590	10.6678
k79_36526	2.60236
k79_3985	3.87662
k79_8591	14.0541
k79_36527	2.40458
k79_36528	2.83529
k79_8592	30.0653
k79_31355	4.06686
k79_31356	9.18354
k79_8593	4.24627
k79_3986	5.71307
k79_31357	4.23729
k79_3987	6.05556
k79_36529	5.09613
k79_3988	3.92857
k79_36530	7.25
k79_8594	6.84272
k79_31358	6.98901
k79_3989	11.2727
k79_36531	10.7889
k79_8595	4.3869
k79_3990	4.53763
k79_31359	6.29107
k79_36532	2.72872
k79_3991	6.83437
k79_13342	5.63229
k79_36533	3.51923
k79_3992	4.18
k79_36534	2.65254
k79_3993	4.15854
k79_36535	6.38843
k79_13343	5.37131
k79_36536	3.16038
k79_3994	2.77593
k79_13344	5.0431
k79_36537	6.54945
k79_8596	12.0756
k79_8597	2.76405
k79_36538	7.00641
k79_3995	7.29316
k79_13345	2.56809
k79_8598	3.1374
k79_3996	12.2719
k79_36539	3.13397
k79_8599	4.4127
k79_13346	5.35938
k79_8600	9.25
k79_13347	6.82677
k79_17802	3.21739
k79_3997	8.06112
k79_17803	6.53043
k79_13348	6.7057
k79_8601	15.0696
k79_3998	7.0198
k79_13349	4.56154
k79_17804	6.28108
k79_13350	4.90964
k79_8602	6.61671
k79_8603	5.02247
k79_17805	7.80781
k79_8604	5.90816
k79_36540	9.08778
k79_8605	3.64706
k79_36541	18.172
k79_17806	8.02651
k79_8606	5.83761
k79_17807	7.73529
k79_17808	11.4144
k79_8607	5.67628
k79_3999	6.10317
k79_36542	7.50346
k79_4000	4.2069
k79_4001	6.7483
k79_36543	6.83827
k79_8608	12.4766
k79_17809	53.3481
k79_26819	10.3464
k79_8609	6.22115
k79_17810	4.09783
k79_8610	4.39855
k79_36544	6.05088
k79_36545	8.20588
k79_17811	4.38504
k79_26820	9.78571
k79_17812	3.31298
k79_8611	5.06754
k79_36546	9.04745
k79_13351	34.5931
k79_26821	4.69154
k79_4002	45.6146
k79_17813	4.89247
k79_8612	4.87543
k79_4003	3.7931
k79_17814	4.01389
k79_26822	2.61479
k79_13352	4.20213
k79_8613	5.0283
k79_4004	4.39634
k79_13353	3.56279
k79_26823	3.94831
k79_17815	6.06054
k79_13354	6.26506
k79_31360	2.83173
k79_17816	2.76224
k79_26824	2.98305
k79_4005	5.02683
k79_31361	5.74561
k79_4006	2.35294
k79_31362	3.14516
k79_4007	6.03731
k79_36547	2.43226
k79_31363	2.7
k79_36548	3.52212
k79_4008	6.27485
k79_31364	5.43915
k79_36549	2.62694
k79_4009	3.84286
k79_31365	5.29565
k79_26825	9.58856
k79_36550	4.85263
k79_26826	3.6044
k79_36551	3.88496
k79_26827	4.8612
k79_31366	6.27607
k79_36552	9.54248
k79_36553	6.49206
k79_31367	4.19034
k79_36554	3.74783
k79_4010	6.5
k79_36555	17.0815
k79_4011	4.43919
k79_26828	15.6295
k79_13355	41.4464
k79_26829	3.91429
k79_31368	9.65468
k79_4012	8.99385
k79_26830	4.66207
k79_31369	6.15054
k79_4013	2.97396
k79_26831	5.17361
k79_4014	3.07576
k79_13356	4.92868
k79_26832	5.55043
k79_13357	6.2996
k79_31370	8.43497
k79_26833	2.20202
k79_4015	5.02397
k79_22411	39.6812
k79_8614	30.3404
k79_26834	16.3736
k79_31371	3.26737
k79_26835	3.925
k79_8615	2.40606
k79_36556	9.6261
k79_4016	3.75196
k79_22412	4.04975
k79_13358	8.60123
k79_4017	4.0
k79_22413	4.49505
k79_13359	5.81098
k79_8616	3.5483
k79_4018	6.2956
k79_22414	5.80282
k79_31372	3.82281
k79_8617	5.63704
k79_4019	12.4329
k79_31373	3.99556
k79_13360	5.92506
k79_4020	4.39583
k79_8618	4.72012
k79_13361	4.24658
k79_31374	2.34375
k79_22415	7.20847
k79_31375	5.36559
k79_8619	3.65432
k79_13362	2.84672
k79_31376	6.5567
k79_22416	6.66176
k79_8620	3.88172
k79_22417	2.96032
k79_13363	5.79736
k79_31377	14.6564
k79_4021	10.6777
k79_8621	11.8025
k79_22418	8.38378
k79_31378	5.68396
k79_8622	3.29752
k79_4022	7.03371
k79_13364	6.19431
k79_22419	4.375
k79_4023	5.12766
k79_8623	6.94652
k79_31379	4.92017
k79_22420	7.12081
k79_26836	12.2407
k79_4024	6.32796
k79_4025	6.78241
k79_13365	4.92614
k79_4026	4.02752
k79_8624	4.90052
k79_26837	6.59837
k79_4027	3.54194
k79_26838	2.62245
k79_8625	2.72989
k79_4028	2.07071
k79_13366	5.17316
k79_26839	2.69355
k79_13367	4.83406
k79_26840	5.04386
k79_31380	7.66057
k79_4029	6.65392
k79_26841	6.73273
k79_31381	18.6903
k79_8626	6.98746
k79_4030	3.51236
k79_4031	4.76259
k79_8627	2.66667
k79_13368	104.015
k79_31382	6.2549
k79_26842	7.37812
k79_8628	1.99535
k79_31383	3.83333
k79_26843	4.99394
k79_4032	5.91026
k79_8629	9.0332
k79_26844	4.39161
k79_26845	5.41962
k79_4033	7.07794
k79_26846	13.3621
k79_26847	5.05882
k79_36557	45.2957
k79_26848	2.45872
k79_36558	7.17157
k79_26849	3.62011
k79_4034	6.81562
k79_36559	9.3
k79_26850	4.86184
k79_8630	16.2229
k79_26851	6.73684
k79_8631	6.5125
k79_26852	7.18387
k79_26853	4.37419
k79_36560	9.78026
k79_4035	11.9916
k79_26854	8.59276
k79_36561	6.6568
k79_8632	8.23127
k79_4036	7.25
k79_26855	2.99379
k79_36562	1.87302
k79_36563	7.61739
k79_4037	7.75241
k79_26856	5.4345
k79_4038	3.61806
k79_36564	4.43698
k79_26857	4.12112
k79_4039	4.29557
k79_36565	3.37748
k79_26858	9.75141
k79_26859	2.82394
k79_36566	5.83794
k79_4040	8.93217
k79_26860	4.01942
k79_36567	4.59701
k79_8633	5.90866
k79_26861	4.18557
k79_36568	3.74783
k79_8634	3.5298
k79_4041	11.664
k79_36569	4.81818
k79_8635	8.75908
k79_4042	8.75401
k79_4043	6.96629
k79_8636	6.23494
k79_4044	2.16763
k79_8637	3.69565
k79_8638	5.85714
k79_22421	4.08197
k79_4045	6.75272
k79_26862	6.07027
k79_8639	3.09195
k79_36570	6.21541
k79_31384	39.8591
k79_8640	4.52727
k79_4046	4.19266
k79_36571	9.46154
k79_13369	45.4853
k79_26863	5.67373
k79_8641	3.69536
k79_4047	2.73418
k79_26864	5.63758
k79_8642	7.58889
k79_8643	6.24771
k79_4048	4.28947
k79_8644	4.54545
k79_22422	8.27881
k79_36572	6.6584
k79_4049	2.82468
k79_8645	4.22472
k79_4050	7.60396
k79_22423	2.6652
k79_36573	7.59004
k79_13370	7.02567
k79_8646	2.32579
k79_8647	6.03509
k79_26865	14.8221
k79_13371	4.40385
k79_22424	4.63057
k79_8648	7.02128
k79_4051	7.18167
k79_26866	10.5545
k79_36574	6.54545
k79_26867	4.448
k79_36575	6.23077
k79_4052	7.07123
k79_26868	6.37241
k79_22425	3.74749
k79_4053	2.13115
k79_8649	6.30972
k79_36576	8.43766
k79_8650	2.94949
k79_26869	4.81613
k79_4054	5.62844
k79_22426	7.0625
k79_8651	14.7024
k79_26870	6.23308
k79_4055	8.45856
k79_36577	4.88153
k79_22427	7.49099
k79_8652	3.64035
k79_26871	6.39407
k79_36578	8.03333
k79_22428	5.17143
k79_8653	6.0404
k79_26872	3.37838
k79_4056	7.0508
k79_8654	4.2987
k79_26873	13.2828
k79_4057	2.88764
k79_13372	12.3753
k79_4058	2.58095
k79_36579	8.72047
k79_26874	4.11013
k79_13373	4.60825
k79_4059	4.15823
k79_13374	7.49495
k79_36580	3.59825
k79_13375	17.3277
k79_8655	5.51592
k79_36581	5.71053
k79_4060	11.2795
k79_13376	3.78065
k79_36582	10.5923
k79_13377	2.7028
k79_26875	4.67053
k79_13378	9.35088
k79_4061	6.84936
k79_13379	18.2241
k79_26876	8.85714
k79_36583	3.46676
k79_26877	7.5814
k79_4062	6.24292
k79_13380	8.84551
k79_31385	45.1386
k79_26878	4.11111
k79_13381	5.54737
k79_4063	3.50746
k79_36584	11.5038
k79_31386	10.0
k79_4064	2.37273
k79_36585	4.75214
k79_8656	5.70681
k79_26879	4.7551
k79_13382	9.07468
k79_4065	9.20118
k79_31387	9.75094
k79_26880	7.68803
k79_13383	3.34685
k79_36586	5.09286
k79_26881	2.23301
k79_8657	6.2827
k79_4066	5.63732
k79_8658	5.17391
k79_4067	7.11404
k79_31388	4.76447
k79_31389	2.15044
k79_8659	6.48881
k79_4068	8.76774
k79_36587	4.02752
k79_4069	2.5916
k79_31390	6.32289
k79_36588	6.87736
k79_4070	4.70175
k79_31391	3.98361
k79_36589	4.70345
k79_17817	46.6809
k79_4071	3.26471
k79_31392	3.20161
k79_8660	38.4466
k79_36590	5.8984
k79_4072	4.31111
k79_31393	4.32673
k79_4073	2.29897
k79_17818	8.03188
k79_36591	5.6281
k79_8661	7.47836
k79_4074	5.66187
k79_17819	3.84653
k79_36592	2.25564
k79_31394	6.59296
k79_31395	4.65854
k79_8662	6.08359
k79_17820	5.86486
k79_4075	6.59184
k79_36593	9.99621
k79_17821	11.7308
k79_4076	9.27083
k79_31396	4.88211
k79_13384	53.4105
k79_36594	6.69281
k79_4077	2.63871
k79_17822	12.1722
k79_31397	4.95161
k79_13385	2.85833
k79_17823	8.87379
k79_4078	7.08152
k79_36595	8.04484
k79_13386	3.35556
k79_17824	4.90972
k79_4079	4.81111
k79_13387	6.23246
k79_36596	4.45308
k79_17825	6.29151
k79_4080	3.76963
k79_17826	6.48824
k79_4081	15.1776
k79_31398	7.38273
k79_26882	3.11255
k79_17827	6.99
k79_31399	3.25962
k79_4082	6.74713
k79_36597	18.0783
k79_31400	4.22764
k79_26883	9.34981
k79_36598	3.1086
k79_4083	6.32095
k79_31401	4.16017
k79_26884	2.15432
k79_36599	3.675
k79_4084	2.325
k79_13388	6.66168
k79_26885	4.7513
k79_4085	7.43919
k79_36600	18.237
k79_31402	3.28421
k79_8663	39.3351
k79_4086	9.7963
k79_26886	14.5855
k79_31403	7.69753
k79_13389	4.00717
k79_36601	4.42816
k79_8664	8.66441
k79_31404	3.8963
k79_26887	7.09119
k79_13390	3.93989
k79_36602	8.30734
k79_8665	7.55191
k79_31405	4.13068
k79_26888	4.83168
k79_31406	5.5
k79_26889	2.97521
k79_36603	4.80861
k79_8666	5.42545
k79_13391	5.12228
k79_26890	3.04301
k79_31407	4.36686
k79_8667	2.5
k79_4087	7.71346
k79_26891	8.59048
k79_31408	3.26389
k79_13392	6.01311
k79_4088	6.12891
k79_13393	6.65546
k79_13394	6.63462
k79_31409	3.99742
k79_4089	2.77
k79_31410	6.21978
k79_4090	2.33708
k79_8668	6.19976
k79_26892	3.34465
k79_31411	4.34043
k79_8669	5.55414
k79_4091	4.28302
k79_31412	5.51493
k79_36604	3.63043
k79_13395	5.40117
k79_4092	7.43299
k79_8670	10.2703
k79_13396	3.48701
k79_36605	3.86875
k79_31413	3.31105
k79_17828	39.8817
k79_31414	1.94444
k79_26893	9.62338
k79_13397	4.12844
k79_4093	7.24071
k79_17829	4.06969
k79_26894	5.77714
k79_31415	6.31602
k79_4094	8.24551
k79_13398	5.54589
k79_17830	2.90419
k79_26895	3.64072
k79_31416	7.81944
k79_4095	4.7619
k79_22429	68.9847
k79_26896	4.99145
k79_17831	3.1322
k79_31417	3.58537
k79_4096	2.92941
k79_26897	5.86957
k79_17832	2.31111
k79_13399	7.8579
k79_4097	4.60204
k79_31418	2.70149
k79_8671	7.98392
k79_26898	5.43066
k79_13400	7.19355
k79_17833	5.38079
k79_31419	3.01954
k79_26899	3.36923
k79_8672	8.03922
k79_26900	3.90179
k79_4098	14.3156
k79_17834	3.66582
k79_8673	2.60448
k79_13401	4.25104
k79_17835	6.84615
k79_26901	14.2018
k79_31420	9.58182
k79_8674	6.89119
k79_31421	2.43704
k79_4099	11.8916
k79_26902	7.79885
k79_4100	6.7619
k79_36606	5.39024
k79_17836	4.61569
k79_8675	5.5
k79_36607	5.8835
k79_4101	3.16949
k79_8676	3.585
k79_31422	4.08333
k79_13402	18.7299
k79_8677	3.10227
k79_31423	2.74648
k79_31424	2.31868
k79_13403	3.5994
k79_17837	5.39249
k79_4102	5.12752
k79_17838	7.55769
k79_13404	5.74074
k79_26903	3.53383
k79_8678	4.22
k79_31425	10.4888
k79_36608	18.2841
k79_17839	2.81481
k79_31426	6.05435
k79_26904	5.22727
k79_8679	4.20122
k79_13405	7.89141
k79_36609	12.5569
k79_31427	2.7485
k79_17840	9.6546
k79_26905	7.17007
k79_8680	3.56061
k79_31428	4.77049
k79_13406	6.70248
k79_36610	10.8259
k79_17841	5.20833
k79_26906	7.11455
k79_8681	4.16409
k79_31429	3.84615
k79_17842	4.21505
k79_26907	4.25217
k79_36611	7.054
k79_8682	7.58725
k79_17843	5.71795
k79_36612	7.5748
k79_8683	2.41406
k79_13407	5.33294
k79_26908	4.98752
k79_36613	3.69118
k79_8684	4.68984
k79_17844	11.2632
k79_36614	4.55856
k79_17845	4.17883
k79_8685	6.65902
k79_13408	4.90909
k79_31430	8.2204
k79_17846	5.55
k79_13409	23.812
k79_8686	3.00633
k79_36615	8.7269
k79_26909	8.41233
k79_8687	4.28
k79_17847	4.85666
k79_8688	3.96124
k79_26910	4.08772
k79_36616	10.645
k79_17848	20.2077
k79_8689	3.71354
k79_36617	7.63687
k79_17849	2.28571
k79_13410	7.61158
k79_8690	4.36634
k79_26911	6.85629
k79_8691	4.18831
k79_13411	5.51866
k79_26912	6.08939
k79_17850	4.13035
k79_13412	5.39394
k79_26913	4.73469
k79_17851	4.28431
k79_8692	4.64394
k79_26914	4.22222
k79_8693	2.67769
k79_13413	8.71498
k79_8694	5.62609
k79_31431	2.27027
k79_4103	8.5122
k79_26915	4.88975
k79_13414	6.95026
k79_26916	8.39655
k79_4104	1.49587
k79_31432	5.94949
k79_8695	6.02025
k79_26917	2.9375
k79_8696	3.25373
k79_4105	3.0813
k79_13415	4.51262
k79_17852	7.59957
k79_26918	4.93525
k79_31433	5.45682
k79_8697	4.68571
k79_13416	2.84848
k79_4106	4.10526
k79_17853	3.42365
k79_13417	12.2778
k79_26919	7.62171
k79_8698	2.51389
k79_31434	5.33333
k79_4107	4.97468
k79_13418	3.83824
k79_8699	6.2381
k79_31435	9.85047
k79_4108	6.16949
k79_17854	8.11417
k79_31436	3.79032
k79_8700	1.67785
k79_13419	7.81735
k79_17855	4.17117
k79_13420	1.50427
k79_26920	7.90402
k79_31437	5.46067
k79_8701	8.92953
k79_26921	5.1405
k79_13421	5.80882
k79_31438	3.61702
k79_8702	5.7764
k79_13422	7.375
k79_17856	6.95531
k79_8703	4.36607
k79_13423	1.96875
k79_17857	15.8833
k79_8704	4.56391
k79_26922	3.99609
k79_13424	9.50833
k79_4109	7.67638
k79_13425	8.35714
k79_8705	4.38333
k79_4110	4.28261
k79_26923	5.59149
k79_17858	5.81395
k79_8706	3.37705
k79_13426	6.06316
k79_17859	3.57143
k79_31439	9.28497
k79_4111	3.31984
k79_26924	6.09263
k79_13427	6.3717
k79_31440	5.59596
k79_17860	64.7473
k79_4112	2.89796
k79_26925	10.8309
k79_4113	6.02976
k79_26926	3.03704
k79_8707	9.12459
k79_13428	5.16492
k79_26927	4.19531
k79_4114	5.64286
k79_8708	5.7234
k79_13429	4.52299
k79_26928	5.25385
k79_36618	12.2302
k79_8709	10.5521
k79_13430	4.00714
k79_31441	13.1821
k79_26929	6.03086
k79_13431	2.7094
k79_4115	4.21987
k79_36619	3.92549
k79_8710	4.23398
k79_36620	10.3399
k79_13432	7.62544
k79_36621	3.76101
k79_26930	4.73865
k79_13433	16.2578
k79_26931	3.72362
k79_8711	8.38651
k79_36622	5.76177
k79_4116	6.74816
k79_13434	4.86331
k79_26932	3.5
k79_8712	4.33083
k79_36623	4.81119
k79_17861	6.87869
k79_13435	8.70732
k79_4117	5.88525
k79_8713	5.00917
k79_26933	4.3865
k79_36624	4.38163
k79_8714	2.5
k79_13436	6.65126
k79_17862	4.24
k79_8715	9.75546
k79_13437	6.55967
k79_26934	7.04607
k79_13438	9.44
k79_8716	3.74641
k79_26935	4.71951
k79_17863	7.6855
k79_26936	9.32558
k79_13439	3.9887
k79_8717	3.14366
k79_17864	3.73034
k79_26937	11.8
k79_36625	18.843
k79_8718	4.6831
k79_26938	4.01923
k79_36626	3.9272
k79_4118	14.3797
k79_26939	5.7619
k79_36627	3.22826
k79_31442	7.73837
k79_4119	5.29412
k79_26940	3.05208
k79_8719	10.8266
k79_26941	5.97802
k79_31443	6.60123
k79_8720	7.20513
k79_13440	6.05535
k79_17865	7.50418
k79_36628	8.49429
k79_4120	5.66029
k79_13441	5.35165
k79_17866	2.39378
k79_36629	5.38265
k79_4121	2.6875
k79_13442	4.36111
k79_26942	7.92456
k79_13443	10.6739
k79_36630	3.92766
k79_26943	6.0087
k79_4122	4.17336
k79_13444	5.02304
k79_36631	5.94089
k79_36632	7.16438
k79_13445	5.9331
k79_4123	4.93598
k79_8721	6.36634
k79_31444	9.5076
k79_8722	7.42614
k79_4124	8.27586
k79_31445	5.30387
k79_36633	8.83234
k79_13446	5.58621
k79_8723	2.98701
k79_31446	5.83922
k79_4125	3.77015
k79_36634	4.11111
k79_8724	2.13861
k79_8725	3.17895
k79_13447	5.79127
k79_31447	6.26703
k79_4126	5.97983
k79_31448	6.1028
k79_13448	5.12705
k79_4127	6.75373
k79_31449	4.88925
k79_13449	3.01105
k79_4128	5.81132
k79_31450	7.47619
k79_4129	8.10417
k79_8726	5.29814
k79_13450	5.19463
k79_13451	4.72165
k79_31451	4.71772
k79_13452	5.79553
k79_17867	10.1125
k79_13453	2.80435
k79_17868	3.73965
k79_31452	7.74865
k79_17869	3.64722
k79_13454	6.88797
k79_4130	13.7259
k79_17870	3.99573
k79_13455	2.39506
k79_31453	7.0303
k79_4131	3.79137
k79_17871	4.83234
k79_31454	3.47
k79_4132	6.06667
k79_13456	3.7897
k79_17872	9.06633
k79_17873	7.55303
k79_4133	5.77896
k79_31455	27.246
k79_17874	2.86916
k79_17875	4.05789
k79_4134	7.22124
k79_4135	2.8972
k79_31456	7.43662
k79_17876	7.44385
k79_31457	6.15873
k79_31458	7.79167
k79_13457	9.1078
k79_4136	7.18395
k79_4137	2.67368
k79_13458	2.94512
k79_31459	7.28382
k79_4138	4.83871
k79_13459	6.57377
k79_8727	6.24
k79_4139	7.25114
k79_13460	2.16535
k79_8728	4.44348
k79_13461	7.96947
k79_4140	5.66854
k79_8729	3.00654
k79_13462	6.82418
k79_31460	5.80608
k79_17877	4.41304
k79_8730	4.85878
k79_13463	6.53355
k79_17878	2.60541
k79_13464	2.76106
k79_8731	3.87363
k79_13465	6.80663
k79_17879	5.86698
k79_13466	54.1386
k79_17880	4.7619
k79_13467	7.13274
k79_17881	11.7037
k79_13468	24.9357
k79_17882	5.39706
k79_13469	7.97283
k79_31461	5.37485
k79_17883	16.1648
k79_31462	2.98438
k79_31463	4.35106
k79_17884	6.53521
k79_17885	3.59341
k79_31464	3.47794
k79_13470	4.36667
k79_17886	6.33094
k79_13471	4.77206
k79_31465	6.02389
k79_17887	9.22305
k79_13472	3.4876
k79_31466	4.27273
k79_13473	5.63462
k79_31467	6.05172
k79_17888	8.44382
k79_31468	9.13393
k79_17889	5.09137
k79_17890	7.02857
k79_26944	6.23366
k79_13474	9.28158
k79_17891	3.16797
k79_13475	2.86869
k79_26945	3.6014
k79_17892	21.337
k79_26946	1.86154
k79_26947	3.1641
k79_13476	6.33418
k79_26948	6.48276
k79_17893	7.10646
k79_13477	4.77778
k79_26949	10.6964
k79_17894	6.3578
k79_17895	5.03797
k79_26950	8.97307
k79_17896	5.65333
k79_26951	6.15605
k79_17897	6.15181
k79_26952	5.64881
k79_31469	6.18492
k79_4141	5.51613
k79_17898	8.44251
k79_26953	3.6963
k79_31470	8.87461
k79_4142	7.21311
k79_31471	3.7234
k79_17899	4.06509
k79_31472	2.35772
k79_17900	2.87861
k79_4143	6.92603
k79_31473	4.07805
k79_17901	10.1848
k79_4144	2.36842
k79_17902	8.65069
k79_31474	7.00796
k79_17903	5.17708
k79_4145	3.58567
k79_4146	4.6087
k79_4147	8.68519
k79_13478	9.67476
k79_31475	5.33333
k79_31476	1.67273
k79_26954	6.20064
k79_4148	2.7851
k79_13479	6.00606
k79_26955	5.07143
k79_4149	19.1622
k79_13480	10.0707
k79_31477	5.64929
k79_26956	8.19018
k79_4150	4.96923
k79_13481	8.61268
k79_26957	8.27545
k79_8732	38.4282
k79_13482	5.39189
k79_26958	3.21891
k79_8733	3.125
k79_13483	11.6746
k79_31478	4.29048
k79_8734	3.16495
k79_13484	3.72222
k79_31479	4.32673
k79_26959	3.61925
k79_17904	13.1522
k79_13485	3.75862
k79_31480	12.8018
k79_26960	7.25564
k79_8735	3.91691
k79_31481	4.0
k79_13486	12.8303
k79_17905	4.14068
k79_13487	13.3505
k79_31482	6.6859
k79_17906	11.8687
k79_13488	2.64398
k79_26961	6.72438
k79_26962	4.40952
k79_17907	4.37284
k79_17908	4.97386
k79_26963	5.77365
k79_13489	4.08897
k79_17909	11.8529
k79_13490	3.12778
k79_17910	6.05224
k79_13491	3.66026
k79_31483	6.97557
k79_17911	2.01299
k79_13492	6.59615
k79_13493	9.34653
k79_31484	5.23794
k79_31485	4.48889
k79_13494	8.47761
k79_17912	6.53043
k79_31486	1.73282
k79_13495	3.07955
k79_4151	2.65957
k79_31487	6.59722
k79_13496	7.50549
k79_17913	13.7112
k79_4152	5.69032
k79_31488	3.29697
k79_13497	4.16146
k79_17914	7.19149
k79_13498	3.56061
k79_31489	3.59797
k79_4153	4.88041
k79_4154	3.44355
k79_36635	49.9868
k79_26964	15.8734
k79_4155	13.6832
k79_36636	6.08511
k79_17915	7.15583
k79_4156	6.23
k79_13499	10.9862
k79_4157	7.93548
k79_36637	6.06222
k79_17916	5.92105
k79_36638	3.13699
k79_13500	7.69347
k79_26965	13.1183
k79_17917	8.95486
k79_36639	12.5083
k79_26966	6.70507
k79_13501	5.21767
k79_36640	16.0659
k79_4158	9.8017
k79_13502	4.85623
k79_4159	5.37113
k79_36641	4.74365
k79_13503	4.82105
k79_4160	3.79293
k79_36642	3.42593
k79_13504	4.61622
k79_26967	5.45269
k79_17918	9.27723
k79_13505	3.41
k79_26968	3.08392
k79_17919	4.80808
k79_4161	3.77126
k79_17920	3.26271
k79_26969	10.9724
k79_4162	3.92878
k79_17921	4.27706
k79_13506	4.34171
k79_26970	10.8839
k79_4163	5.04706
k79_8736	44.0613
k79_36643	14.7531
k79_26971	6.26087
k79_4164	7.78571
k79_8737	5.39
k79_26972	3.30973
k79_4165	4.07547
k79_36644	11.1614
k79_8738	3.22751
k79_13507	8.79968
k79_4166	2.81818
k79_8739	10.0
k79_36645	3.71111
k79_4167	4.72848
k79_8740	3.76804
k79_4168	8.72321
k79_8741	5.84762
k79_13508	12.3865
k79_36646	12.5805
k79_8742	6.29814
k79_36647	3.66316
k79_4169	5.11765
k79_4170	5.45098
k79_36648	2.00637
k79_8743	5.70745
k79_13509	8.01961
k79_36649	6.21081
k79_4171	6.87611
k79_8744	11.7197
k79_4172	4.2043
k79_8745	4.85616
k79_36650	5.0218
k79_4173	7.43123
k79_8746	5.0
k79_31490	7.08199
k79_36651	9.04412
k79_8747	6.14198
k79_31491	4.79518
k79_8748	4.95429
k79_31492	3.66834
k79_8749	7.58943
k79_4174	11.9865
k79_31493	5.30531
k79_8750	5.59489
k79_4175	5.17881
k79_31494	7.25403
k79_8751	3.10784
k79_4176	3.82857
k79_31495	5.4629
k79_4177	6.57143
k79_31496	6.5812
k79_8752	7.67636
k79_31497	7.36056
k79_8753	2.55725
k79_8754	2.86957
k79_4178	6.32196
k79_31498	6.57859
k79_4179	8.69841
k79_31499	2.47778
k79_31500	8.8662
k79_4180	11.1765
k79_8755	3.66531
k79_4181	5.49635
k79_8756	4.2314
k79_4182	15.5165
k79_31501	10.68
k79_4183	3.65027
k79_8757	14.2427
k79_4184	2.27485
k79_31502	5.5
k79_8758	5.04301
k79_31503	13.2632
k79_4185	6.87633
k79_8759	4.04797
k79_31504	5.6119
k79_31505	4.19388
k79_13510	4.90955
k79_4186	3.88679
k79_4187	4.31206
k79_13511	3.40541
k79_31506	5.30483
k79_4188	7.34969
k79_31507	7.22222
k79_31508	2.64
k79_26973	41.6807
k79_8760	4.48352
k79_31509	2.62987
k79_26974	6.51562
k79_8761	4.16071
k79_31510	4.54167
k79_17922	5.33333
k79_8762	12.4747
k79_31511	2.91071
k79_26975	3.67877
k79_17923	5.5871
k79_31512	4.27099
k79_8763	4.60674
k79_31513	5.98925
k79_17924	4.28099
k79_8764	2.8982
k79_31514	7.89427
k79_17925	5.25299
k79_31515	3.35789
k79_8765	3.91763
k79_17926	6.8439
k79_31516	3.74088
k79_17927	8.36893
k79_17928	8.51965
k79_26976	9.17028
k79_17929	5.13397
k79_31517	6.97317
k79_36652	8.57028
k79_26977	5.06604
k79_13512	16.3967
k79_17930	5.7582
k79_36653	6.09278
k79_31518	5.75391
k79_36654	4.58382
k79_17931	5.52511
k79_26978	4.94286
k79_17932	14.1346
k79_36655	6.97024
k79_26979	8.57895
k79_17933	5.25962
k79_26980	13.306
k79_31519	6.27551
k79_26981	5.20325
k79_36656	7.02201
k79_36657	9.07752
k79_31520	10.8203
k79_26982	4.38547
k79_17934	4.69565
k79_31521	9.72561
k79_26983	5.0614
k79_36658	4.83416
k79_17935	3.92442
k79_26984	3.19672
k79_31522	4.54513
k79_26985	22.1128
k79_31523	3.26596
k79_13513	8.4917
k79_17936	14.1092
k79_36659	6.9557
k79_13514	6.2968
k79_17937	4.58442
k79_31524	7.36896
k79_13515	4.70222
k79_36660	5.10825
k79_17938	6.66102
k79_26986	5.32624
k79_13516	6.85621
k79_31525	6.0355
k79_13517	20.4086
k79_26987	10.6667
k79_13518	2.67961
k79_36661	5.12413
k79_26988	4.71
k79_31526	4.98333
k79_26989	5.71277
k79_36662	8.42353
k79_36663	4.00746
k79_8766	35.3134
k79_13519	6.27785
k79_17939	8.8
k79_36664	15.1667
k79_26990	8.11521
k79_17940	3.2
k79_31527	8.13231
k79_36665	3.19231
k79_26991	6.91949
k79_13520	7.70762
k79_17941	3.31613
k79_31528	4.3354
k79_36666	4.69524
k79_26992	3.74684
k79_31529	6.01796
k79_17942	11.7915
k79_13521	7.4562
k79_31530	10.0816
k79_36667	5.66848
k79_17943	2.7697
k79_13522	4.62069
k79_26993	5.91293
k79_17944	2.69565
k79_36668	2.28859
k79_31531	5.67284
k79_26994	8.00709
k79_36669	8.83036
k79_13523	6.6782
k79_17945	6.04511
k79_26995	7.76733
k79_13524	4.064
k79_31532	8.84049
k79_17946	4.41071
k79_36670	6.62396
k79_13525	4.34021
k79_26996	10.9358
k79_17947	11.4466
k79_36671	6.41667
k79_17948	7.54015
k79_36672	2.28226
k79_26997	3.56507
k79_31533	9.50511
k79_26998	2.37778
k79_17949	2.68927
k79_8767	5.46533
k79_31534	7.4254
k79_31535	5.48012
k79_26999	9.03371
k79_36673	9.25738
k79_31536	8.00862
k79_8768	10.0885
k79_27000	7.08947
k79_27001	4.37654
k79_22430	46.5181
k79_31537	7.02687
k79_36674	6.48056
k79_27002	4.58929
k79_22431	6.51479
k79_31538	5.38983
k79_22432	4.40373
k79_27003	6.53067
k79_31539	4.50276
k79_22433	2.55758
k79_31540	5.94656
k79_4189	9.92857
k79_22434	5.69672
k79_31541	13.2727
k79_22435	3.74775
k79_4190	7.14667
k79_27004	14.0145
k79_22436	6.61842
k79_27005	7.61053
k79_4191	8.40397
k79_27006	7.35659
k79_22437	2.42194
k79_27007	1.88043
k79_22438	4.49451
k79_8769	46.7414
k79_22439	5.23429
k79_8770	3.4958
k79_27008	5.24416
k79_22440	2.97076
k79_27009	3.17347
k79_8771	6.61594
k79_22441	5.8866
k79_27010	4.38849
k79_27011	6.90086
k79_8772	6.37389
k79_22442	7.80723
k79_31542	9.39031
k79_27012	5.68707
k79_8773	2.35955
k79_22443	4.22069
k79_27013	4.24342
k79_22444	3.14423
k79_27014	4.76923
k79_27015	2.39091
k79_8774	7.88095
k79_22445	4.69521
k79_31543	6.08895
k79_4192	8.40625
k79_13526	6.43721
k79_31544	7.552
k79_27016	4.05017
k79_13527	6.45545
k79_22446	8.57527
k79_31545	7.04545
k79_27017	3.21528
k79_13528	4.88966
k79_27018	4.28571
k79_22447	4.67887
k79_13529	8.07754
k79_22448	2.84167
k79_27019	6.3534
k79_22449	3.07865
k79_13530	5.3561
k79_27020	6.94886
k79_4193	6.9249
k79_13531	5.18182
k79_27021	3.05668
k79_27022	5.48889
k79_31546	14.761
k79_27023	3.93007
k79_13532	3.75737
k79_27024	7.71579
k79_27025	3.39474
k79_31547	8.05833
k79_13533	5.85906
k79_27026	4.73
k79_4194	11.8881
k79_31548	8.0
k79_13534	8.03279
k79_31549	6.37681
k79_4195	7.27273
k79_13535	3.65306
k79_31550	6.67677
k79_27027	6.83367
k79_27028	5.92814
k79_31551	7.98387
k79_13536	7.76794
k79_4196	5.89401
k79_22450	39.1646
k79_27029	1.65934
k79_27030	5.31788
k79_22451	6.15847
k79_13537	5.8
k79_17950	4.88293
k79_27031	4.33146
k79_22452	5.24118
k79_31552	5.25182
k79_13538	2.47257
k79_4197	5.53191
k79_22453	6.13265
k79_27032	3.23404
k79_31553	5.38983
k79_13539	2.384
k79_31554	8.06107
k79_22454	4.01345
k79_27033	5.985
k79_13540	5.10526
k79_4198	7.27809
k79_31555	4.08148
k79_13541	2.26154
k79_31556	4.67241
k79_27034	7.54645
k79_4199	12.5044
k79_17951	37.4574
k79_22455	3.44462
k79_27035	3.77833
k79_13542	3.95395
k79_22456	7.49457
k79_27036	6.7764
k79_17952	10.6557
k79_31557	6.00177
k79_36675	27.8946
k79_31558	3.82
k79_13543	4.77095
k79_22457	5.53676
k79_17953	4.46713
k79_13544	3.72549
k79_27037	7.21675
k79_36676	3.01095
k79_31559	3.62088
k79_22458	3.81731
k79_17954	4.84516
k79_13545	6.19828
k79_27038	7.27551
k79_36677	4.0814
k79_31560	5.51266
k79_13546	10.0074
k79_17955	3.22667
k79_27039	4.85616
k79_22459	6.35667
k79_17956	4.5
k79_27040	5.73171
k79_22460	5.32584
k79_31561	9.80728
k79_13547	4.24217
k79_17957	4.65745
k79_31562	5.85185
k79_22461	7.18702
k79_17958	14.9103
k79_31563	9.44785
k79_31564	4.19008
k79_13548	6.19735
k79_36678	5.5067
k79_27041	10.4114
k79_22462	4.47185
k79_17959	4.02462
k79_27042	4.48544
k79_8775	4.33871
k79_22463	3.64957
k79_31565	6.36992
k79_17960	9.13023
k79_27043	5.01923
k79_8776	6.80597
k79_36679	3.78419
k79_22464	3.96899
k79_31566	4.68468
k79_27044	5.0219
k79_31567	6.60741
k79_22465	4.25725
k79_27045	5.48077
k79_8777	12.2816
k79_22466	2.31132
k79_17961	12.148
k79_27046	9.81875
k79_31568	6.24339
k79_27047	14.2842
k79_22467	4.02113
k79_17962	3.68817
k79_8778	8.36364
k79_31569	4.95614
k79_27048	7.61875
k79_22468	2.70667
k79_17963	4.12403
k79_8779	8.61314
k79_27049	5.40566
k79_22469	4.4375
k79_17964	6.54971
k79_31570	6.49398
k79_8780	2.92857
k79_27050	4.13445
k79_8781	6.22059
k79_22470	10.0047
k79_31571	5.63068
k79_8782	8.41935
k79_17965	4.64541
k79_31572	6.6
k79_22471	3.73563
k79_27051	14.0091
k79_8783	4.8172
k79_27052	5.1236
k79_22472	4.20635
k79_8784	3.36667
k79_31573	8.44147
k79_17966	8.18852
k79_27053	3.8595
k79_8785	2.43511
k79_31574	6.28704
k79_27054	2.22581
k79_22473	2.59848
k79_17967	16.8326
k79_31575	4.87156
k79_17968	2.64286
k79_22474	4.09013
k79_27055	4.24823
k79_17969	4.9058
k79_8786	21.3621
k79_31576	13.9751
k79_27056	3.67059
k79_22475	7.07643
k79_13549	4.12844
k79_31577	8.17557
k79_17970	7.9484
k79_8787	6.65823
k79_13550	6.82857
k79_22476	3.15287
k79_8788	3.64286
k79_31578	7.9
k79_22477	8.53107
k79_8789	2.81203
k79_31579	4.69828
k79_22478	6.03125
k79_13551	8.0303
k79_36680	41.7741
k79_8790	6.31
k79_13552	6.89474
k79_22479	2.93
k79_13553	2.24468
k79_36681	4.91667
k79_13554	5.43548
k79_27057	2.92248
k79_36682	3.35484
k79_13555	4.55102
k79_17971	8.88111
k79_27058	7.02013
k79_4200	4.92473
k79_13556	3.11795
k79_31580	5.253
k79_27059	9.17355
k79_13557	3.54587
k79_4201	4.65015
k79_27060	3.57895
k79_31581	5.35887
k79_8791	9.15926
k79_4202	3.42623
k79_27061	6.47742
k79_31582	7.08057
k79_8792	5.22727
k79_4203	4.71384
k79_8793	4.31737
k79_4204	3.61654
k79_13558	6.69342
k79_8794	11.0622
k79_13559	7.99628
k79_27062	4.17805
k79_4205	7.91977
k79_27063	10.8468
k79_27064	2.81132
k79_17972	7.16091
k79_22480	4.75094
k79_31583	7.91563
k79_4206	7.12105
k79_22481	3.65556
k79_31584	3.76786
k79_27065	3.39055
k79_8795	8.70303
k79_4207	4.80328
k79_17973	3.98753
k79_22482	7.20877
k79_4208	3.85106
k79_31585	3.48402
k79_8796	7.45296
k79_27066	10.6237
k79_4209	3.93333
k79_17974	5.08156
k79_31586	4.70652
k79_27067	8.64286
k79_22483	3.55251
k79_17975	3.6
k79_13560	5.81638
k79_31587	4.38144
k79_4210	4.21264
k79_27068	3.46903
k79_27069	7.69333
k79_4211	7.27083
k79_31588	4.27844
k79_13561	3.37698
k79_17976	5.8124
k79_27070	8.03947
k79_22484	4.23126
k79_13562	18.07
k79_27071	3.88837
k79_13563	4.02083
k79_22485	4.31858
k79_22486	12.2374
k79_31589	5.33503
k79_22487	2.75962
k79_4212	9.00981
k79_13564	3.28921
k79_22488	12.2162
k79_13565	3.81679
k79_4213	4.23929
k79_22489	2.70833
k79_8797	4.48551
k79_17977	7.84461
k79_22490	3.91398
k79_17978	8.81633
k79_4214	3.05405
k79_8798	7.2649
k79_22491	4.07614
k79_4215	3.93458
k79_17979	5.38863
k79_17980	3.09278
k79_22492	2.47257
k79_8799	4.92262
k79_22493	4.39333
k79_8800	4.76154
k79_13566	10.7552
k79_22494	6.96262
k79_4216	6.00693
k79_13567	3.98024
k79_27072	28.4437
k79_22495	6.86124
k79_8801	4.56132
k79_27073	4.13592
k79_4217	5.69312
k79_8802	4.09302
k79_4218	10.1419
k79_13568	3.20844
k79_4219	3.60825
k79_8803	5.37342
k79_27074	4.43293
k79_13569	3.89286
k79_8804	9.00431
k79_13570	13.2776
k79_4220	2.76277
k79_27075	12.9164
k79_27076	4.10954
k79_27077	7.59649
k79_13571	5.41941
k79_8805	4.42263
k79_8806	4.97778
k79_13572	3.392
k79_27078	6.74573
k79_22496	10.3153
k79_13573	5.40921
k79_27079	1.97692
k79_8807	6.0598
k79_13574	6.94239
k79_22497	6.31407
k79_27080	4.23323
k79_8808	5.32103
k79_13575	6.3743
k79_27081	3.03
k79_22498	6.14607
k79_36683	6.66102
k79_8809	2.00909
k79_13576	3.01961
k79_27082	12.5238
k79_22499	10.0068
k79_13577	3.34437
k79_36684	6.2757
k79_27083	4.75524
k79_22500	3.17476
k79_27084	3.13402
k79_22501	4.50476
k79_36685	3.33333
k79_8810	17.7258
k79_22502	4.73846
k79_13578	7.35389
k79_27085	4.15789
k79_8811	3.6129
k79_27086	6.09589
k79_22503	1.86977
k79_13579	5.60145
k79_27087	4.9951
k79_8812	4.10336
k79_31590	5.90415
k79_27088	3.05926
k79_8813	7.01596
k79_27089	5.25806
k79_8814	6.21961
k79_31591	11.3679
k79_31592	3.89032
k79_27090	2.8694
k79_27091	5.2549
k79_31593	5.98962
k79_27092	10.0339
k79_31594	4.59524
k79_4221	48.4229
k79_4222	12.8416
k79_36686	9.2303
k79_4223	6.41667
k79_31595	5.07244
k79_31596	3.12397
k79_31597	6.0
k79_4224	33.9914
k79_31598	7.50759
k79_4225	4.91912
k79_31599	3.77869
k79_4226	11.4664
k79_4227	7.61397
k79_31600	3.88958
k79_4228	6.74126
k79_31601	4.00733
k79_31602	6.18561
k79_31603	3.21774
k79_31604	4.68067
k79_31605	4.63179
k79_36687	55.3314
k79_13580	7.69948
k79_36688	3.19283
k79_36689	3.86154
k79_36690	4.40854
k79_36691	5.72464
k79_36692	3.09009
k79_13581	7.72342
k79_4229	45.6784
k79_13582	3.26042
k79_36693	4.21069
k79_13583	7.48515
k79_22504	7.3268
k79_13584	1.95322
k79_36694	2.79024
k79_13585	8.41549
k79_36695	3.33495
k79_22505	5.31806
k79_13586	1.76101
k79_36696	5.31343
k79_22506	12.8353
k79_13587	7.28571
k79_36697	11.7
k79_22507	3.88073
k79_36698	5.03784
k79_22508	2.4031
k79_36699	4.22892
k79_13588	5.93023
k79_36700	8.77297
k79_13589	8.07143
k79_13590	4.02703
k79_13591	2.39815
k79_22509	7.19972
k79_36701	15.1292
k79_36702	11.8717
k79_22510	5.86772
k79_36703	6.41264
k79_22511	5.17433
k79_13592	6.76512
k79_13593	8.05161
k79_36704	11.9575
k79_36705	5.01053
k79_13594	7.03678
k79_36706	1.67593
k79_13595	5.07527
k79_13596	5.21605
k79_22512	5.47336
k79_13597	6.09184
k79_22513	8.07317
k79_17981	8.84123
k79_13598	5.07692
k79_22514	2.8535
k79_13599	9.82828
k79_22515	6.69499
k79_22516	8.19063
k79_13600	5.47732
k79_22517	4.66667
k79_13601	2.46667
k79_13602	5.696
k79_22518	9.99376
k79_31606	7.6738
k79_17982	4.625
k79_22519	7.92655
k79_17983	4.17964
k79_13603	47.8836
k79_31607	2.91906
k79_17984	3.2
k79_31608	8.90141
k79_17985	5.85484
k79_13604	8.04054
k79_22520	5.40358
k79_31609	7.93373
k79_17986	5.17647
k79_17987	5.03922
k79_22521	3.74641
k79_31610	6.71429
k79_17988	4.71014
k79_22522	3.72072
k79_13605	9.99392
k79_31611	7.52584
k79_17989	6.4562
k79_36707	49.8894
k79_22523	3.09201
k79_31612	2.88272
k79_17990	6.95814
k79_36708	5.71598
k79_31613	4.00488
k79_13606	5.63542
k79_17991	2.39189
k79_13607	4.75556
k79_36709	10.9184
k79_17992	10.8813
k79_31614	3.28958
k79_17993	3.3314
k79_31615	3.16429
k79_17994	2.82
k79_13608	4.94508
k79_17995	4.89308
k79_13609	7.29236
k79_31616	6.40687
k79_13610	2.70073
k79_31617	13.4046
k79_13611	4.01923
k79_17996	6.07944
k79_31618	4.19388
k79_13612	2.13281
k79_17997	6.61885
k79_31619	6.15247
k79_13613	3.14474
k79_17998	2.42424
k79_31620	4.34483
k79_17999	2.5
k79_31621	3.09091
k79_18000	7.67308
k79_13614	5.70677
k79_31622	4.8617
k79_18001	7.44314
k79_31623	4.8607
k79_13615	3.80386
k79_31624	3.7875
k79_18002	6.73555
k79_27093	58.7569
k79_8815	46.8266
k79_18003	6.59417
k79_8816	5.1199
k79_31625	7.41985
k79_4230	7.26639
k79_27094	9.57732
k79_8817	5.75
k79_4231	3.86861
k79_27095	10.5769
k79_8818	8.00943
k79_4232	6.99251
k79_8819	5.7994
k79_4233	3.86822
k79_27096	5.50152
k79_4234	2.52252
k79_8820	3.49716
k79_27097	5.34118
k79_27098	5.01087
k79_8821	3.65067
k79_8822	3.03371
k79_4235	6.78517
k79_27099	5.40714
k79_22524	49.321
k79_8823	3.66981
k79_4236	3.21986
k79_27100	3.77273
k79_22525	5.66082
k79_8824	10.2956
k79_27101	6.18478
k79_4237	13.5745
k79_8825	12.9186
k79_27102	5.6351
k79_22526	5.46717
k79_8826	2.83898
k79_27103	8.05376
k79_22527	2.49091
k79_4238	10.8544
k79_22528	2.09709
k79_4239	10.3203
k79_8827	5.3288
k79_4240	14.0211
k79_27104	4.77852
k79_4241	2.96694
k79_27105	3.48889
k79_31626	7.27456
k79_8828	5.82705
k79_31627	1.9
k79_27106	4.08904
k79_8829	4.09486
k79_31628	3.11397
k79_8830	2.33143
k79_31629	3.38889
k79_8831	4.59813
k79_4242	11.2208
k79_31630	8.15942
k79_27107	48.7711
k79_4243	1.50526
k79_31631	4.36275
k79_27108	5.66981
k79_31632	3.36567
k79_4244	5.70922
k79_27109	2.74004
k79_8832	5.51429
k79_31633	13.6302
k79_27110	3.69697
k79_8833	2.79913
k79_31634	3.88462
k79_8834	3.43972
k79_27111	2.95872
k79_31635	6.16854
k79_27112	2.91209
k79_31636	6.7549
k79_27113	6.01351
k79_31637	15.4162
k79_8835	5.58803
k79_27114	5.14765
k79_8836	10.8791
k79_27115	3.71429
k79_31638	6.02079
k79_8837	4.60104
k79_27116	3.60109
k79_27117	2.89189
k79_8838	5.15136
k79_31639	6.78439
k79_8839	6.25346
k79_31640	6.74894
k79_18004	3.77193
k79_27118	11.2343
k79_18005	5.34074
k79_8840	5.65746
k79_27119	12.4869
k79_8841	5.0315
k79_13616	48.5916
k79_36710	8.79494
k79_8842	2.21978
k79_13617	6.06482
k79_8843	11.6444
k79_18006	6.0736
k79_13618	4.11197
k79_13619	4.65
k79_8844	5.42431
k79_36711	16.9455
k79_8845	2.1875
k79_13620	5.91756
k79_18007	16.7995
k79_36712	6.04425
k79_36713	5.77273
k79_36714	8.05102
k79_13621	4.08604
k79_18008	3.73719
k79_36715	3.64948
k79_13622	3.60674
k79_13623	23.0092
k79_18009	8.47195
k79_36716	4.14655
k79_18010	5.60748
k79_8846	6.32699
k79_36717	6.50431
k79_8847	2.27619
k79_36718	5.08497
k79_13624	14.09
k79_8848	2.98171
k79_8849	3.90179
k79_22529	6.43137
k79_13625	3.58117
k79_22530	4.23214
k79_8850	3.47634
k79_13626	25.3126
k79_8851	6.972
k79_36719	6.48153
k79_8852	3.98551
k79_13627	8.33175
k79_36720	4.87805
k79_36721	2.36667
k79_13628	5.69683
k79_36722	6.67083
k79_13629	3.37931
k79_36723	2.85965
k79_36724	33.5775
k79_13630	5.43725
k79_36725	4.83761
k79_13631	5.67593
k79_36726	4.65789
k79_8853	18.884
k79_13632	3.14141
k79_36727	2.61905
k79_8854	4.75
k79_13633	3.36283
k79_8855	1.84762
k79_13634	3.35971
k79_36728	4.23148
k79_8856	5.32237
k79_36729	8.12903
k79_13635	6.37013
k79_8857	2.41111
k79_36730	3.67692
k79_13636	6.57276
k79_8858	2.97241
k79_36731	6.84783
k79_13637	5.99614
k79_8859	4.91096
k79_36732	6.54369
k79_36733	7.23256
k79_13638	5.77866
k79_36734	7.04418
k79_13639	6.48031
k79_8860	6.1391
k79_36735	4.78058
k79_8861	3.93043
k79_36736	2.39645
k79_36737	12.2637
k79_27120	4.16176
k79_8862	5.23782
k79_36738	6.45228
k79_8863	3.56731
k79_27121	5.95677
k79_8864	7.01338
k79_36739	3.93719
k79_27122	11.0824
k79_8865	6.59006
k79_27123	3.68667
k79_27124	4.2197
k79_27125	4.0
k79_27126	7.59649
k79_4245	58.3065
k79_27127	7.19512
k79_31641	3.83607
k79_27128	12.6309
k79_31642	5.24211
k79_27129	7.88623
k79_31643	5.61714
k79_27130	8.44868
k79_31644	6.07258
k79_4246	6.68972
k79_27131	10.8701
k79_31645	4.65922
k79_27132	5.93069
k79_27133	4.45055
k79_27134	4.94382
k79_27135	3.08738
k79_31646	6.31406
k79_4247	7.51064
k79_27136	4.00455
k79_31647	9.76442
k79_31648	4.04082
k79_27137	3.3612
k79_4248	7.57906
k79_31649	3.6069
k79_27138	4.82883
k79_4249	3.67925
k79_27139	8.79412
k79_4250	4.59434
k79_31650	13.5912
k79_4251	3.40476
k79_27140	6.27749
k79_4252	5.52632
k79_31651	7.61407
k79_4253	10.1786
k79_27141	7.82353
k79_4254	3.47778
k79_31652	10.2632
k79_4255	7.94828
k79_4256	3.96552
k79_4257	3.59524
k79_31653	8.28173
k79_13640	39.7052
k79_4258	7.18468
k79_31654	5.24567
k79_4259	3.58462
k79_31655	3.85859
k79_4260	6.03968
k79_31656	3.45783
k79_4261	8.53351
k79_31657	3.16017
k79_4262	10.8629
k79_13641	6.64362
k79_31658	5.67788
k79_13642	4.05556
k79_31659	4.61272
k79_13643	3.31
k79_31660	9.00417
k79_18011	16.1227
k79_13644	6.10093
k79_13645	8.05185
k79_13646	11.0826
k79_18012	5.92244
k79_18013	6.58621
k79_13647	6.29773
k79_13648	3.22271
k79_13649	2.9697
k79_18014	6.57031
k79_13650	2.68182
k79_18015	9.24161
k79_13651	3.8375
k79_18016	10.1456
k79_13652	6.28713
k79_4263	4.73333
k79_4264	2.27551
k79_13653	9.66057
k79_18017	5.56709
k79_4265	3.90411
k79_13654	3.90654
k79_18018	7.65693
k79_4266	6.32558
k79_13655	3.70349
k79_18019	8.89189
k79_18020	2.46535
k79_4267	9.78924
k79_13656	2.06429
k79_4268	5.15506
k79_13657	4.32033
k79_4269	7.22165
k79_4270	7.21774
k79_13658	8.00861
k79_4271	4.14381
k79_13659	5.78295
k79_18021	6.7898
k79_4272	3.53957
k79_18022	4.0
k79_22531	47.6713
k79_13660	6.62814
k79_22532	2.77632
k79_13661	5.43125
k79_4273	5.61277
k79_22533	3.23256
k79_13662	9.04545
k79_22534	3.53261
k79_4274	5.53506
k79_13663	6.96026
k79_22535	2.58878
k79_8866	43.4503
k79_13664	4.55
k79_8867	5.84783
k79_4275	8.78882
k79_22536	6.21244
k79_13665	6.33898
k79_4276	6.71287
k79_8868	5.95203
k79_13666	10.3987
k79_22537	3.94215
k79_8869	4.4434
k79_13667	8.03409
k79_22538	5.18518
k79_8870	9.4026
k79_13668	6.28977
k79_18023	47.5857
k79_22539	12.3184
k79_4277	10.9272
k79_8871	10.2014
k79_13669	3.90816
k79_18024	4.0
k79_13670	10.0256
k79_8872	4.82246
k79_4278	9.57742
k79_13671	9.36496
k79_22540	6.92339
k79_4279	3.2
k79_8873	4.01689
k79_4280	6.48538
k79_13672	13.0545
k79_8874	4.83654
k79_22541	5.05096
k79_4281	8.46667
k79_22542	8.41791
k79_4282	4.65306
k79_8875	11.146
k79_13673	7.81525
k79_22543	4.76613
k79_4283	3.34211
k79_8876	3.33871
k79_13674	5.5144
k79_13675	6.6
k79_13676	7.88764
k79_31661	4.12903
k79_4284	4.05556
k79_31662	4.62887
k79_4285	17.2093
k79_31663	6.1626
k79_13677	8.91388
k79_4286	7.583
k79_31664	3.04321
k79_4287	2.48077
k79_31665	6.79121
k79_8877	9.08773
k79_4288	4.54639
k79_31666	7.08911
k79_31667	3.54128
k79_8878	9.46218
k79_31668	4.65934
k79_13678	10.8173
k79_13679	4.97297
k79_31669	4.53097
k79_13680	3.27368
k79_8879	6.42715
k79_4289	6.37423
k79_31670	7.83333
k79_13681	2.02532
k79_8880	6.23596
k79_31671	6.95192
k79_31672	3.06612
k79_27142	7.92384
k79_8881	11.1381
k79_27143	7.86517
k79_27144	4.39175
k79_8882	5.89516
k79_31673	7.33383
k79_27145	8.31183
k79_31674	3.67669
k79_27146	8.9196
k79_27147	10.95
k79_27148	6.11009
k79_31675	4.25298
k79_27149	2.29167
k79_31676	3.02353
k79_27150	5.04737
k79_27151	3.86066
k79_27152	6.14407
k79_31677	4.95652
k79_27153	2.98299
k79_27154	5.44595
k79_31678	4.1825
k79_31679	8.0155
k79_27155	13.7594
k79_31680	9.47391
k79_31681	5.8252
k79_27156	3.98282
k79_36740	48.4118
k79_31682	3.65476
k79_8883	14.02
k79_27157	9.67213
k79_31683	5.57959
k79_36741	4.58402
k79_27158	2.82143
k79_8884	7.97778
k79_31684	7.64231
k79_27159	10.0205
k79_31685	9.27359
k79_31686	3.79121
k79_8885	6.15625
k79_27160	4.86325
k79_27161	4.3125
k79_31687	4.59259
k79_31688	3.90511
k79_27162	8.17606
k79_8886	5.10593
k79_31689	8.54144
k79_27163	2.71429
k79_8887	7.48361
k79_27164	2.896
k79_31690	7.80392
k79_27165	5.375
k79_8888	6.44649
k79_27166	10.0094
k79_22544	8.74017
k79_22545	2.98529
k79_18025	9.82312
k79_27167	7.16264
k79_27168	4.86992
k79_18026	9.97583
k79_27169	6.04321
k79_18027	2.47959
k79_22546	5.95735
k79_8889	14.135
k79_22547	3.51579
k79_22548	3.44828
k79_8890	5.76316
k79_22549	2.28859
k79_8891	5.92929
k79_8892	5.5
k79_22550	7.59067
k79_36742	15.1152
k79_36743	4.51701
k79_18028	21.3782
k79_22551	7.05686
k79_18029	3.38286
k79_18030	5.45378
k79_27170	22.6114
k79_18031	5.60825
k79_22552	4.41707
k79_18032	3.09375
k79_27171	6.1092
k79_22553	4.50926
k79_27172	6.25532
k79_22554	2.26984
k79_18033	8.0428
k79_36744	6.84887
k79_13682	4.27317
k79_22555	6.94065
k79_13683	3.87113
k79_4290	5.1682
k79_13684	6.69942
k79_18034	4.38624
k79_18035	5.14151
k79_4291	3.96382
k79_4292	6.22795
k79_4293	7.79558
k79_4294	4.47308
k79_18036	21.1885
k79_18037	9.37864
k79_18038	4.74038
k79_4295	4.27935
k79_18039	2.6371
k79_18040	5.72441
k79_4296	6.66474
k79_18041	4.6063
k79_4297	6.58871
k79_18042	19.3614
k79_4298	19.737
k79_18043	3.72982
k79_4299	3.67857
k79_4300	6.60714
k79_18044	5.49856
k79_4301	2.92466
k79_27173	6.40343
k79_31691	7.20788
k79_27174	5.14545
k79_4302	13.3325
k79_31692	3.89552
k79_27175	2.568
k79_4303	9.375
k79_31693	1.85321
k79_27176	5.94828
k79_31694	7.83158
k79_31695	3.06034
k79_4304	5.16625
k79_27177	7.8253
k79_31696	8.64646
k79_4305	7.48746
k79_31697	4.68385
k79_4306	2.07042
k79_27178	10.8143
k79_27179	3.74747
k79_31698	4.87952
k79_4307	9.82488
k79_4308	4.03597
k79_27180	3.70492
k79_31699	2.51004
k79_4309	4.43299
k79_27181	11.6073
k79_31700	3.74359
k79_27182	3.00966
k79_31701	2.855
k79_4310	6.72349
k79_27183	5.67373
k79_4311	3.42515
k79_8893	46.9863
k79_4312	3.83838
k79_4313	3.21849
k79_27184	6.34264
k79_8894	8.10492
k79_4314	5.22727
k79_8895	4.41593
k79_4315	2.32353
k79_27185	5.41092
k79_31702	5.86973
k79_27186	6.73272
k79_8896	4.27143
k79_4316	6.72897
k79_31703	5.32997
k79_4317	2.82022
k79_8897	5.60163
k79_8898	3.83636
k79_36745	4.39938
k79_22556	8.48606
k79_8899	1.875
k79_13685	36.2984
k79_36746	2.95376
k79_22557	3.91463
k79_27187	4.97396
k79_13686	4.99
k79_8900	5.73913
k79_18045	7.82734
k79_13687	5.51456
k79_36747	9.32721
k79_8901	5.30481
k79_18046	7.92126
k79_22558	7.09854
k79_13688	3.78626
k79_18047	3.37234
k79_13689	4.91398
k79_36748	9.33913
k79_18048	6.88764
k79_8902	3.98193
k79_13690	5.87912
k79_18049	3.56122
k79_36749	7.4507
k79_36750	7.12245
k79_18050	4.9924
k79_13691	2.62865
k79_36751	4.79592
k79_18051	3.91209
k79_18052	3.73958
k79_13692	2.78788
k79_36752	4.89822
k79_22559	8.21007
k79_36753	2.96809
k79_18053	6.33626
k79_8903	8.77414
k79_13693	4.68762
k79_18054	3.9711
k79_22560	8.61403
k79_18055	3.32292
k79_22561	6.81522
k79_18056	10.7961
k79_36754	5.3942
k79_8904	7.23288
k79_22562	9.80519
k79_8905	3.67059
k79_18057	4.17949
k79_13694	6.41613
k79_8906	6.64516
k79_36755	6.04176
k79_22563	3.99738
k79_31704	6.28308
k79_36756	2.91919
k79_13695	7.87815
k79_8907	5.45259
k79_22564	17.3571
k79_31705	4.39419
k79_22565	4.57303
k79_13696	3.92079
k79_36757	3.74427
k79_22566	3.87963
k79_36758	5.85027
k79_8908	3.4751
k79_13697	5.71863
k79_22567	6.55
k79_36759	7.30159
k79_13698	3.6129
k79_31706	12.7749
k79_8909	3.45545
k79_22568	3.98742
k79_31707	3.64375
k79_36760	5.53125
k79_8910	8.99462
k79_36761	3.53933
k79_13699	11.9503
k79_31708	8.96565
k79_36762	12.3534
k79_13700	6.61832
k79_22569	5.05488
k79_31709	2.04975
k79_36763	6.344
k79_8911	3.9623
k79_22570	5.63529
k79_36764	2.16783
k79_13701	8.19274
k79_8912	7.53659
k79_31710	6.89956
k79_36765	20.6271
k79_31711	3.04494
k79_8913	7.01064
k79_22571	6.09113
k79_13702	7.6952
k79_22572	3.0
k79_8914	1.45806
k79_13703	3.28169
k79_8915	2.5137
k79_31712	10.9527
k79_8916	2.15094
k79_8917	5.66957
k79_31713	8.69463
k79_8918	3.36066
k79_36766	9.12945
k79_13704	9.65984
k79_22573	7.25342
k79_18058	4.0354
k79_36767	1.50575
k79_8919	8.40164
k79_18059	9.41045
k79_36768	4.88158
k79_22574	6.69136
k79_36769	4.66154
k79_18060	4.75
k79_13705	5.29147
k79_36770	4.09195
k79_13706	2.54589
k79_22575	6.51282
k79_36771	3.57692
k79_18061	8.35018
k79_8920	9.28188
k79_13707	5.73387
k79_36772	5.80537
k79_22576	6.14724
k79_18062	8.54751
k79_8921	4.73869
k79_13708	11.9398
k79_18063	5.88235
k79_22577	4.35294
k79_13709	4.42969
k79_8922	5.61307
k79_18064	7.20851
k79_36773	16.7853
k79_13710	3.917
k79_22578	3.03922
k79_36774	6.0339
k79_18065	6.55921
k79_13711	3.8381
k79_8923	9.72488
k79_22579	5.32673
k79_36775	27.2
k79_18066	8.03061
k79_8924	3.77143
k79_4318	4.4375
k79_18067	3.29586
k79_8925	3.49704
k79_4319	6.64286
k79_27188	5.5991
k79_18068	5.19802
k79_8926	3.06452
k79_4320	6.13744
k79_27189	3.73575
k79_18069	8.44718
k79_4321	6.26953
k79_8927	4.3303
k79_18070	4.85926
k79_27190	4.77372
k79_8928	8.47009
k79_4322	7.21788
k79_27191	26.4031
k79_8929	5.50893
k79_27192	2.87075
k79_22580	7.81755
k79_18071	7.57528
k79_4323	3.79758
k79_8930	10.6543
k79_22581	5.6311
k79_18072	7.44222
k79_8931	11.5496
k79_22582	10.8477
k79_8932	3.65263
k79_18073	4.33862
k79_22583	4.56497
k79_4324	17.238
k79_8933	4.71429
k79_18074	5.62903
k79_22584	6.0625
k79_4325	5.35037
k79_8934	4.6732
k79_18075	3.86288
k79_8935	4.90816
k79_4326	4.24615
k79_27193	8.43319
k79_8936	3.65217
k79_18076	3.22642
k79_8937	8.39487
k79_4327	8.25815
k79_18077	4.66477
k79_8938	3.10204
k79_4328	3.97661
k79_8939	2.94037
k79_18078	21.9986
k79_22585	41.8558
k79_8940	7.53869
k79_22586	2.0
k79_18079	10.6807
k79_22587	2.53459
k79_18080	1.58036
k79_22588	3.33613
k79_18081	5.86139
k79_8941	4.24714
k79_4329	11.5155
k79_18082	3.35172
k79_22589	4.25758
k79_8942	4.4879
k79_4330	3.888
k79_27194	10.1811
k79_22590	2.44737
k79_4331	8.63448
k79_18083	7.28472
k79_22591	3.66393
k79_27195	2.37838
k79_8943	4.25432
k79_22592	13.967
k79_18084	4.13043
k79_27196	4.64253
k79_18085	3.6
k79_18086	3.80769
k79_8944	8.6513
k79_27197	5.01351
k79_18087	4.21196
k79_27198	6.08989
k79_8945	5.01307
k79_18088	2.09804
k79_13712	9.05556
k79_8946	2.95251
k79_13713	3.24224
k79_13714	7.06701
k79_8947	3.82979
k79_18089	6.61922
k79_13715	13.5556
k79_8948	5.61538
k79_22593	9.61952
k79_18090	3.43272
k79_8949	6.81915
k79_13716	7.12446
k79_8950	4.59633
k79_22594	5.72819
k79_13717	4.4863
k79_18091	6.84496
k79_22595	4.75806
k79_13718	3.70755
k79_22596	1.76471
k79_18092	7.00346
k79_8951	4.99158
k79_22597	5.1017
k79_18093	4.31879
k79_8952	5.06593
k79_22598	2.24242
k79_18094	3.56805
k79_22599	3.44805
k79_18095	3.30159
k79_8953	6.70958
k79_18096	5.39766
k79_8954	8.85549
k79_18097	4.01316
k79_8955	5.27
k79_18098	3.48485
k79_13719	11.2703
k79_8956	3.13514
k79_13720	9.40594
k79_18099	7.48649
k79_8957	3.71818
k79_13721	5.75253
k79_8958	3.73881
k79_8959	3.77686
k79_18100	3.49676
k79_8960	3.29703
k79_13722	6.70455
k79_13723	11.9062
k79_18101	2.58436
k79_8961	11.9731
k79_31714	4.47685
k79_13724	2.25735
k79_8962	4.91925
k79_31715	5.04094
k79_13725	7.55
k79_8963	5.15873
k79_31716	2.60839
k79_27199	5.94068
k79_8964	6.64331
k79_27200	2.92233
k79_8965	5.6
k79_31717	3.32941
k79_27201	6.17778
k79_8966	7.06667
k79_31718	3.0381
k79_8967	3.42941
k79_22600	5.05263
k79_27202	2.85039
k79_31719	2.48416
k79_8968	4.81482
k79_31720	5.26829
k79_27203	7.80872
k79_31721	5.06593
k79_22601	6.58172
k79_8969	4.47079
k79_27204	4.93878
k79_22602	7.98058
k79_31722	4.375
k79_8970	2.73737
k79_27205	3.66667
k79_22603	4.43846
k79_31723	4.79426
k79_27206	3.76774
k79_8971	8.87931
k79_27207	4.14599
k79_22604	4.62153
k79_27208	6.25357
k79_22605	3.05556
k79_22606	3.47619
k79_8972	8.70266
k79_22607	8.36539
k79_8973	3.93434
k79_22608	3.73016
k79_27209	14.7932
k79_22609	5.25733
k79_27210	3.1326
k79_27211	2.52143
k79_22610	5.42894
k79_22611	9.53392
k79_8974	12.3375
k79_22612	12.1613
k79_27212	5.6479
k79_8975	10.0294
k79_22613	5.38916
k79_27213	3.79851
k79_22614	4.00926
k79_8976	4.86294
k79_27214	6.63158
k79_22615	4.70866
k79_8977	4.39888
k79_27215	3.18321
k79_8978	12.4286
k79_22616	4.02193
k79_27216	3.76374
k79_8979	7.52795
k79_22617	3.2349
k79_27217	16.011
k79_22618	9.92908
k79_27218	4.46667
k79_22619	3.94444
k79_8980	4.57948
k79_27219	7.33714
k79_4332	9.22144
k79_22620	6.64748
k79_8981	3.81765
k79_4333	2.97872
k79_31724	40.3376
k79_4334	5.44086
k79_8982	5.6194
k79_4335	2.42657
k79_8983	2.51579
k79_4336	2.56383
k79_27220	10.1813
k79_31725	6.10039
k79_8984	6.65775
k79_27221	4.24127
k79_8985	7.48763
k79_31726	5.8629
k79_27222	7.04306
k79_8986	4.40268
k79_27223	4.04478
k79_31727	3.1281
k79_22621	10.9126
k79_18102	4.18033
k79_27224	8.09404
k79_13726	2.05926
k79_18103	5.78505
k79_18104	7.86452
k79_13727	3.8375
k79_18105	7.93939
k79_18106	3.225
k79_13728	8.85141
k79_18107	2.76316
k79_13729	30.1057
k79_18108	3.5
k79_13730	5.47273
k79_13731	10.2463
k79_8987	9.57389
k79_18109	3.30416
k79_13732	3.95506
k79_18110	14.2642
k79_13733	3.8505
k79_18111	3.89683
k79_13734	5.21163
k79_18112	10.9169
k79_8988	6.08304
k79_13735	2.52889
k79_18113	9.99696
k79_8989	5.03286
k79_13736	5.70048
k79_18114	3.66667
k79_13737	3.29452
k79_8990	7.70507
k79_8991	5.02395
k79_18115	18.7653
k79_13738	6.32885
k79_8992	5.22984
k79_18116	6.16766
k79_8993	2.68919
k79_18117	6.2541
k79_13739	3.99094
k79_8994	5.09859
k79_18118	4.13699
k79_18119	6.55983
k79_8995	2.57658
k79_18120	6.82653
k79_13740	5.01883
k79_8996	6.92398
k79_18121	5.58824
k79_13741	40.6398
k79_18122	6.21569
k79_8997	6.26076
k79_13742	4.66443
k79_13743	3.30928
k79_18123	13.7093
k79_8998	5.72067
k79_13744	6.0
k79_18124	3.88194
k79_13745	4.57488
k79_8999	5.60614
k79_13746	3.13433
k79_9000	14.5616
k79_4337	7.46341
k79_31728	2.95868
k79_9001	3.15179
k79_4338	3.77397
k79_4339	1.54955
k79_9002	5.12281
k79_4340	10.3243
k79_9003	8.38961
k79_4341	6.00439
k79_31729	9.62383
k79_9004	5.81405
k79_31730	5.56643
k79_9005	3.24771
k79_31731	3.30328
k79_9006	5.94928
k79_31732	5.32203
k79_9007	3.43085
k79_31733	4.93939
k79_22622	4.37778
k79_9008	3.2809
k79_27225	4.84211
k79_31734	5.04286
k79_22623	4.46429
k79_9009	7.41935
k79_27226	13.0842
k79_31735	2.34677
k79_9010	2.3871
k79_22624	3.13194
k79_31736	4.91667
k79_9011	4.8069
k79_22625	6.13793
k79_27227	8.66954
k79_22626	8.37405
k79_31737	6.82201
k79_27228	8.55469
k79_22627	2.92437
k79_31738	6.11927
k79_9012	7.45498
k79_22628	4.21739
k79_9013	9.01456
k79_9014	6.19333
k79_22629	5.66505
k79_31739	4.442
k79_27229	11.1217
k79_22630	2.46237
k79_31740	2.91597
k79_27230	7.48454
k79_9015	10.8729
k79_22631	5.7283
k79_9016	3.32031
k79_22632	3.38211
k79_27231	5.48276
k79_22633	7.25
k79_9017	9.24281
k79_27232	4.18615
k79_22634	5.04132
k79_9018	3.65698
k79_22635	5.94872
k79_27233	4.276
k79_31741	6.536
k79_22636	14.4774
k79_9019	8.21588
k79_22637	5.03846
k79_27234	6.46991
k79_31742	4.9764
k79_22638	3.1875
k79_31743	2.2605
k79_27235	8.06573
k79_31744	5.52222
k79_9020	7.22986
k79_27236	6.97436
k79_22639	6.02703
k79_31745	3.58278
k79_31746	3.86142
k79_27237	8.82554
k79_31747	4.17593
k79_22640	6.23065
k79_31748	12.4643
k79_22641	12.1444
k79_27238	7.16514
k79_22642	3.04861
k79_27239	12.4764
k79_31749	6.66851
k79_22643	5.58088
k79_22644	6.27485
k79_31750	14.3218
k79_22645	8.0534
k79_22646	16.1027
k79_27240	13.2875
k79_27241	3.02804
k79_18125	7.15052
k79_27242	7.50973
k79_18126	7.01433
k79_27243	5.85441
k79_18127	5.84615
k79_27244	8.5977
k79_27245	4.71739
k79_27246	7.49062
k79_13747	40.3474
k79_13748	4.3956
k79_13749	3.92285
k79_18128	10.456
k79_13750	5.64453
k79_13751	6.08861
k79_18129	5.75843
k79_13752	4.65278
k79_18130	5.33918
k79_13753	8.16364
k79_13754	6.73118
k79_18131	11.902
k79_13755	6.66897
k79_18132	4.01923
k79_18133	4.46009
k79_18134	1.85849
k79_18135	6.98391
k79_18136	3.69853
k79_18137	27.9502
k79_18138	2.90152
k79_18139	7.28477
k79_13756	59.4555
k79_9021	63.8775
k79_31751	4.67259
k79_22647	3.87379
k79_9022	6.3587
k79_31752	5.52475
k79_31753	3.92174
k79_9023	3.52215
k79_9024	39.6934
k79_31754	6.44886
k79_31755	6.512
k79_9025	4.49333
k79_27247	10.6907
k79_22648	11.7376
k79_9026	8.04484
k79_27248	3.80165
k79_31756	14.7112
k79_9027	3.33613
k79_27249	6.77273
k79_22649	5.19089
k79_27250	3.17949
k79_22650	6.44379
k79_22651	3.22951
k79_31757	11.9797
k79_9028	6.12816
k79_22652	5.05319
k79_9029	5.40741
k79_31758	6.5122
k79_27251	7.2887
k79_9030	4.39073
k79_22653	6.85417
k79_27252	5.58036
k79_9031	5.88276
k79_31759	8.57506
k79_27253	4.28415
k79_31760	3.62585
k79_27254	4.04225
k79_22654	8.23672
k79_31761	2.39048
k79_27255	6.80455
k79_9032	14.0312
k79_31762	6.71154
k79_22655	18.5455
k79_31763	2.32061
k79_9033	4.34232
k79_31764	5.4492
k79_22656	20.6683
k79_9034	4.0
k79_31765	8.36607
k79_22657	3.39698
k79_31766	2.91124
k79_22658	5.17117
k79_31767	2.91111
k79_9035	7.9253
k79_31768	5.78022
k79_9036	3.28994
k79_31769	11.5102
k79_13757	7.38224
k79_9037	12.8818
k79_13758	2.77778
k79_22659	7.0654
k79_9038	5.40458
k79_13759	5.40952
k79_31770	4.949
k79_22660	8.23256
k79_9039	7.93038
k79_22661	5.625
k79_22662	2.62887
k79_22663	3.54255
k79_9040	13.0533
k79_13760	7.86732
k79_31771	9.72063
k79_27256	16.1909
k79_27257	5.53383
k79_31772	4.8038
k79_27258	3.47594
k79_22664	8.91517
k79_27259	3.83206
k79_22665	2.60938
k79_22666	3.125
k79_27260	5.71166
k79_22667	3.36082
k79_31773	7.41066
k79_22668	2.30469
k79_27261	8.00713
k79_31774	5.80465
k79_27262	6.72152
k79_31775	2.65686
k79_27263	3.95413
k79_9041	8.82216
k79_9042	6.88136
k79_18140	4.6554
k79_22669	10.5778
k79_27264	4.71772
k79_9043	5.22034
k79_18141	2.80583
k79_18142	6.22
k79_27265	6.93717
k79_9044	3.8118
k79_18143	9.86038
k79_22670	6.78475
k79_9045	5.43542
k79_18144	7.65714
k79_22671	27.5123
k79_22672	4.94118
k79_22673	12.8643
k79_18145	148.049
k79_22674	2.50857
k79_18146	15.3696
k79_9046	5.551
k79_13761	6.32246
k79_9047	5.08065
k79_22675	6.61765
k79_31776	3.91241
k79_13762	8.42253
k79_22676	4.0553
k79_31777	6.62931
k79_22677	19.1549
k79_31778	5.97053
k79_31779	3.90769
k79_22678	9.6306
k79_31780	3.36559
k79_22679	10.7217
k79_18147	6.8303
k79_31781	4.66832
k79_22680	2.04615
k79_9048	7.49951
k79_18148	99.1778
k79_22681	6.34074
k79_13763	11.2394
k79_9049	6.86705
k79_18149	2.8254
k79_9050	7.65385
k79_9051	1.62626
k79_13764	3.66667
k79_18150	2.9539
k79_22682	7.63039
k79_9052	5.50345
k79_18151	3.25342
k79_22683	4.51299
k79_22684	2.44628
k79_18152	8.40441
k79_4342	45.2855
k79_9053	5.26186
k79_4343	2.38674
k79_13765	5.73756
k79_18153	11.0962
k79_4344	5.44727
k79_9054	7.40948
k79_13766	6.065
k79_31782	10.4907
k79_4345	3.21081
k79_22685	5.29369
k79_13767	5.23
k79_18154	8.94964
k79_9055	4.54772
k79_22686	5.47
k79_4346	6.83871
k79_13768	3.78448
k79_9056	2.76842
k79_31783	4.35925
k79_9057	8.31944
k79_4347	8.00746
k79_31784	1.46032
k79_13769	5.63051
k79_18155	8.5636
k79_22687	19.477
k79_13770	6.04425
k79_31785	6.22727
k79_18156	4.46635
k79_9058	9.58219
k79_13771	5.66541
k79_31786	4.67204
k79_22688	2.81378
k79_4348	5.91635
k79_31787	3.79487
k79_9059	4.77934
k79_13772	8.13968
k79_31788	10.3088
k79_9060	6.1976
k79_13773	5.34965
k79_31789	2.06604
k79_9061	4.11607
k79_13774	3.19565
k79_18157	5.55568
k79_9062	4.51852
k79_13775	10.8829
k79_18158	8.64122
k79_31790	5.23409
k79_13776	9.65
k79_31791	3.30208
k79_18159	2.90323
k79_13777	2.81564
k79_18160	5.06957
k79_31792	5.38819
k79_18161	2.11538
k79_27266	7.00898
k79_18162	6.73729
k79_31793	11.4638
k79_18163	6.74615
k79_31794	3.7351
k79_27267	9.47679
k79_18164	5.7116
k79_27268	3.28302
k79_31795	5.35161
k79_18165	2.63566
k79_22689	9.6295
k79_18166	4.25131
k79_9063	7.73684
k79_27269	6.00758
k79_18167	5.51007
k79_9064	4.98718
k79_27270	4.46753
k79_18168	7.6729
k79_27271	4.2165
k79_9065	3.0724
k79_4349	10.4782
k79_18169	7.7113
k79_18170	4.51493
k79_18171	4.68317
k79_22690	9.60834
k79_31796	10.7551
k79_4350	7.1997
k79_27272	8.06803
k79_4351	3.06757
k79_22691	14.9971
k79_4352	2.59048
k79_22692	4.85294
k79_9066	11.6813
k79_22693	3.9899
k79_31797	9.81225
k79_4353	4.63085
k79_9067	5.98598
k79_31798	3.97279
k79_4354	6.81868
k79_9068	2.57303
k79_31799	2.17526
k79_9069	5.50515
k79_31800	4.75347
k79_9070	1.51327
k79_4355	6.89195
k79_22694	7.31794
k79_9071	2.95652
k79_27273	7.97038
k79_22695	2.64583
k79_27274	5.75556
k79_9072	14.8349
k79_4356	4.7665
k79_22696	5.59239
k79_31801	4.01779
k79_27275	6.55932
k79_9073	7.0
k79_31802	2.55921
k79_27276	15.6914
k79_4357	4.71484
k79_22697	8.18356
k79_31803	5.93197
k79_4358	5.38286
k79_31804	1.45556
k79_4359	3.08092
k79_31805	4.89051
k79_27277	11.7428
k79_27278	5.44715
k79_22698	7.15556
k79_4360	4.79088
k79_22699	5.376
k79_27279	10.2943
k79_22700	3.37
k79_4361	6.11962
k79_27280	3.95516
k79_4362	2.70659
k79_22701	5.23718
k79_22702	5.44041
k79_4363	6.102
k79_13778	12.1266
k79_31806	10.0585
k79_4364	10.3791
k79_31807	4.5
k79_13779	42.4045
k79_4365	1.85625
k79_22703	10.0626
k79_9074	6.01075
k79_13780	4.72414
k79_22704	3.01619
k79_9075	3.68421
k79_31808	19.0176
k79_4366	5.84327
k79_4367	2.45312
k79_9076	4.81347
k79_31809	4.92823
k79_4368	3.94231
k79_22705	7.54869
k79_31810	3.76923
k79_9077	4.47037
k79_4369	4.3964
k79_9078	4.13333
k79_18172	4.77143
k79_18173	1.56436
k79_9079	3.055
k79_13781	10.1414
k79_18174	6.91667
k79_22706	6.66549
k79_13782	9.37895
k79_18175	3.61207
k79_9080	5.06276
k79_9081	3.14876
k79_13783	6.95467
k79_9082	8.45918
k79_4370	36.0775
k79_13784	7.75
k79_9083	3.8805
k79_4371	4.80282
k79_18176	6.55918
k79_9084	5.87786
k79_13785	3.22635
k79_18177	6.20149
k79_22707	6.95604
k79_9085	8.0473
k79_31811	2.87166
k79_4372	2.2093
k79_13786	5.12931
k79_9086	3.96241
k79_31812	4.62406
k79_13787	43.6203
k79_9087	5.27108
k79_13788	3.71287
k79_9088	5.18692
k79_13789	5.13393
k79_18178	5.0936
k79_4373	10.0496
k79_22708	6.50656
k79_13790	58.1417
k79_4374	5.81982
k79_9089	5.86034
k79_18179	7.73829
k79_9090	5.79621
k79_4375	8.71731
k79_4376	49.3511
k79_31813	8.91321
k79_4377	4.11333
k79_18180	13.8777
k79_31814	2.58854
k79_18181	4.67117
k79_31815	5.00881
k79_4378	11.2872
k79_9091	10.1519
k79_18182	5.33333
k79_4379	4.0303
k79_31816	3.80537
k79_4380	4.61957
k79_31817	3.85385
k79_31818	16.8427
k79_4381	6.55882
k79_4382	3.46602
k79_31819	5.07973
k79_9092	11.2437
k79_31820	3.31905
k79_31821	5.52252
k79_9093	3.90119
k79_31822	2.37931
k79_4383	15.1026
k79_31823	5.82143
k79_22709	65.1095
k79_4384	3.99167
k79_9094	12.6008
k79_4385	7.83099
k79_31824	4.82789
k79_22710	3.93594
k79_4386	3.92593
k79_22711	5.07821
k79_31825	6.66139
k79_4387	6.925
k79_22712	4.05634
k79_27281	6.55748
k79_4388	4.17416
k79_22713	3.74783
k79_9095	65.0445
k79_18183	5.26087
k79_22714	4.14407
k79_4389	4.4026
k79_18184	6.39259
k79_27282	2.87409
k79_4390	7.74011
k79_22715	8.02174
k79_31826	4.46266
k79_18185	6.24752
k79_9096	6.32718
k79_22716	17.038
k79_31827	4.94068
k79_18186	4.37838
k79_4391	5.51429
k79_18187	2.75
k79_31828	5.94706
k79_9097	6.29426
k79_22717	7.58472
k79_27283	8.96916
k79_31829	5.91875
k79_4392	7.59494
k79_9098	4.07217
k79_27284	2.78947
k79_31830	2.13592
k79_22718	13.7649
k79_27285	4.80882
k79_4393	8.24809
k79_31831	3.66327
k79_18188	6.30457
k79_9099	5.30909
k79_27286	5.27523
k79_4394	10.1522
k79_31832	3.91667
k79_18189	3.08571
k79_9100	6.73292
k79_27287	4.98592
k79_22719	11.2526
k79_9101	3.95833
k79_18190	10.0773
k79_31833	8.1082
k79_22720	5.75342
k79_18191	6.18803
k79_31834	17.1484
k79_9102	5.02519
k79_27288	9.24462
k79_9103	3.20472
k79_31835	4.13198
k79_27289	3.76562
k79_22721	12.9912
k79_31836	2.89247
k79_31837	3.152
k79_22722	3.62753
k79_27290	9.3587
k79_9104	4.07203
k79_22723	5.36486
k79_27291	16.7757
k79_27292	2.0
k79_22724	3.27607
k79_4395	14.8668
k79_22725	3.3931
k79_27293	6.37017
k79_4396	4.2924
k79_9105	8.89841
k79_31838	6.56988
k79_18192	3.72208
k79_27295	2.92105
k79_18193	5.66949
k79_27296	14.3019
k79_9106	4.73124
k79_18194	7.99005
k79_4397	10.2784
k79_18195	4.91579
k79_9107	7.43946
k79_27297	3.85645
k79_4398	9.86957
k79_18196	1.90526
k79_4399	5.90179
k79_27298	6.23611
k79_18197	5.08559
k79_9108	9.66389
k79_18198	3.95918
k79_18199	3.73077
k79_27299	5.87222
k79_18200	6.64228
k79_27300	9.34752
k79_4400	8.65561
k79_27301	6.44647
k79_4401	6.568
k79_27302	4.335
k79_27304	10.2222
k79_27305	5.24405
k79_18201	7.99901
k79_27306	8.96145
k79_18202	8.95045
k79_27307	7.86087
k79_18203	7.15135
k79_27308	2.77245
k79_9109	9.69492
k79_18204	3.81041
k79_9110	5.07609
k79_4402	36.7074
k79_31839	6.67857
k79_27309	6.24118
k79_9111	6.70303
k79_4403	6.6962
k79_27310	20.0
k79_9112	5.14815
k79_4404	1.5
k79_31840	5.79158
k79_9113	5.73684
k79_27311	5.42353
k79_9114	6.13636
k79_27312	6.16149
k79_9115	6.36264
k79_31841	13.098
k79_27313	8.56388
k79_9116	6.64444
k79_31842	11.5573
k79_27314	5.41912
k79_9117	3.37931
k79_31843	4.0219
k79_27315	7.68874
k79_9118	2.93913
k79_4405	6.14203
k79_31844	2.90714
k79_9119	7.70879
k79_27316	6.24359
k79_31845	7.29358
k79_9120	5.8843
k79_31846	10.2919
k79_9121	10.9267
k79_9122	5.82963
k79_9123	5.55899
k79_9124	4.23529
k79_4406	32.5246
k79_18205	3.21127
k79_18206	13.7354
k79_4407	8.70275
k79_18207	3.54359
k79_4408	2.62903
k79_18208	3.94643
k79_27317	10.2905
k79_4409	7.16461
k79_18209	4.58065
k79_4410	2.45714
k79_18210	3.71631
k79_27318	3.0871
k79_4411	7.50781
k79_18211	4.57055
k79_27319	4.0
k79_18212	10.5058
k79_4412	3.78611
k79_4413	4.35165
k79_18213	4.78277
k79_27320	5.70204
k79_4414	4.21368
k79_27321	3.23622
k79_4415	2.51429
k79_27322	15.379
k79_4416	3.89905
k79_18214	10.1963
k79_18215	3.44792
k79_4417	8.15736
k79_27323	4.41871
k79_18216	5.45522
k79_4418	8.05859
k79_22726	2.90964
k79_18217	4.22026
k79_27324	5.31955
k79_22727	7.35
k79_18218	7.9697
k79_4419	6.47619
k79_22728	4.97487
k79_18219	5.17489
k79_22729	9.744
k79_18220	3.41304
k79_4420	4.89594
k79_22730	2.94118
k79_18221	11.7603
k79_4421	4.26596
k79_18222	5.34737
k79_4422	8.80357
k79_18223	7.27
k79_4423	3.07018
k79_22731	12.3762
k79_22732	2.65957
k79_18224	7.35013
k79_27325	18.2202
k79_22733	4.93689
k79_4424	3.59605
k79_27326	3.46364
k79_4425	2.92913
k79_22734	2.99408
k79_18225	10.1868
k79_27327	7.23288
k79_4426	2.33566
k79_18226	3.31452
k79_27328	5.24806
k79_18227	4.15556
k79_4427	6.45349
k79_27329	3.48031
k79_22735	7.6357
k79_18228	5.87234
k79_4428	6.75806
k79_27330	3.41549
k79_22736	5.31148
k79_4429	5.12621
k79_27331	4.26923
k79_18229	3.86449
k79_22737	4.44681
k79_4430	10.9161
k79_18230	2.85561
k79_22738	3.7541
k79_18231	4.89091
k79_4431	8.27778
k79_27332	7.80743
k79_4432	11.8348
k79_18232	6.73121
k79_4433	4.79167
k79_22739	7.08886
k79_18233	4.225
k79_4434	2.2783
k79_9125	4.39806
k79_4435	8.41284
k79_27333	11.9876
k79_9126	6.56302
k79_22740	8.63304
k79_4436	3.14516
k79_27334	5.92885
k79_9127	3.46136
k79_4437	4.80277
k79_27335	5.46081
k79_9128	8.67939
k79_9129	4.21296
k79_27336	3.12
k79_4438	6.21417
k79_27337	6.04167
k79_22741	10.7974
k79_27338	3.81553
k79_4439	10.9852
k79_9130	6.02287
k79_22742	5.78761
k79_4440	3.71154
k79_27339	3.81347
k79_4441	8.02649
k79_9131	6.88193
k79_27340	8.7065
k79_9132	4.47887
k79_9133	6.18182
k79_27341	7.00917
k79_4442	4.92197
k79_27342	6.00699
k79_27343	3.85149
k79_9134	5.44673
k79_4443	5.94752
k79_27344	5.98958
k79_22743	10.348
k79_9135	5.35043
k79_27345	5.37591
k79_22744	7.95531
k79_9136	7.35371
k79_4444	8.74429
k79_22745	3.28177
k79_4445	6.68421
k79_9137	9.0512
k79_4446	3.72781
k79_9138	5.85321
k79_4447	4.83333
k79_27346	10.4073
k79_9139	9.2
k79_4448	3.98
k79_22746	8.12878
k79_27347	3.47887
k79_9140	4.44037
k79_22747	5.6875
k79_27348	5.58197
k79_27349	8.77966
k79_27350	6.82812
k79_9141	13.7396
k79_22748	6.99695
k79_27351	6.81413
k79_9142	7.54772
k79_27352	7.01887
k79_4449	7.79026
k79_27353	2.07207
k79_4450	5.12281
k79_22749	3.8383
k79_9143	4.84789
k79_4451	2.63433
k79_27354	3.00946
k79_22750	6.25316
k79_9144	8.34903
k79_22751	5.5339
k79_4452	4.60816
k79_22752	3.04082
k79_4453	11.4634
k79_22753	2.08392
k79_22754	2.74074
k79_27355	10.6204
k79_22755	4.09756
k79_4454	16.825
k79_22756	15.1446
k79_4455	5.37097
k79_22757	9.95238
k79_27356	4.77116
k79_4456	6.7094
k79_22758	3.73874
k79_4457	7.88034
k79_27357	8.67568
k79_22759	5.93617
k79_22760	2.90323
k79_27358	9.175
k79_4458	3.37815
k79_22761	4.08209
k79_4459	4.9589
k79_22762	6.32174
k79_4460	5.33708
k79_22763	3.16129
k79_27359	6.04124
k79_4461	4.94444
k79_22764	12.4574
k79_18234	3.78395
k79_4462	5.20652
k79_18235	3.29592
k79_27360	39.4154
k79_4463	5.30564
k79_27361	9.68205
k79_18236	4.81405
k79_4464	4.89848
k79_27362	8.51087
k79_18237	3.42614
k79_4465	3.53153
k79_4466	8.375
k79_27363	45.0262
k79_4467	3.60702
k79_4468	6.09917
k79_27364	7.67606
k79_22765	9.57965
k79_4469	7.07675
k79_22766	5.12987
k79_27365	7.13423
k79_27366	10.7917
k79_4470	9.09122
k79_4471	3.46154
k79_22767	4.67946
k79_27367	7.30818
k79_27368	3.71028
k79_22768	9.67672
k79_4472	11.3469
k79_27369	2.65306
k79_4473	9.57229
k79_27370	4.71613
k79_22769	4.51955
k79_27371	2.10714
k79_4474	6.88764
k79_4475	3.4359
k79_18238	35.0719
k79_22770	5.5767
k79_4476	3.60667
k79_22771	6.34615
k79_18239	7.93571
k79_4477	3.66842
k79_22772	6.82609
k79_22773	5.70109
k79_27372	8.00086
k79_4478	6.53566
k79_22774	9.50216
k79_4479	3.97345
k79_27373	6.48426
k79_4480	4.79891
k79_18240	9.04231
k79_22775	4.00223
k79_4481	4.43836
k79_27374	5.74857
k79_22776	4.15423
k79_18241	5.13028
k79_4482	16.5229
k79_27375	4.63087
k79_4483	4.52217
k79_18242	5.33333
k79_27376	6.28856
k79_4484	5.18349
k79_22777	5.23567
k79_18243	6.15152
k79_22778	3.25253
k79_4485	7.24225
k79_22779	4.81858
k79_4486	7.48966
k79_27377	8.16951
k79_22780	4.17937
k79_27378	8.2233
k79_22781	3.70866
k79_27379	11.8941
k79_22782	5.21701
k79_27380	6.61962
k79_4487	17.4696
k79_22783	8.84848
k79_22784	6.52893
k79_4488	6.43551
k79_22785	4.04865
k79_22786	2.30769
k79_4489	8.2
k79_22787	6.47899
k79_4490	1.90909
k79_4491	7.624
k79_22788	8.70732
k79_4492	3.46154
k79_22789	3.19403
k79_22790	5.0
k79_4493	6.68692
k79_4494	5.44737
k79_22791	3.87963
k79_4495	8.13223
k79_18244	4.66102
k79_4496	5.16667
k79_22792	4.50595
k79_4497	3.67188
k79_18245	5.44
k79_22793	4.59531
k79_4498	46.0138
k79_18246	5.09479
k79_4499	9.55208
k79_22794	23.1472
k79_18247	7.10526
k79_4500	5.61616
k79_18248	8.24528
k79_4501	4.9633
k79_9145	12.2601
k79_22795	2.02768
k79_27381	75.376
k79_18249	7.27111
k79_27382	1.71429
k79_9146	4.36047
k79_4502	4.33846
k79_22796	2.68276
k79_18250	9.38148
k79_4503	5.34553
k79_27383	5.9125
k79_9147	7.03601
k79_18251	11.2411
k79_4504	6.04878
k79_22797	5.98889
k79_9148	4.42945
k79_18252	9.72519
k79_4505	5.32609
k79_18253	2.42143
k79_9149	14.4545
k79_22798	2.75113
k79_27384	5.82616
k79_9150	5.80412
k79_22799	4.26257
k79_4506	6.65158
k79_27385	5.1746
k79_18254	4.46429
k79_4507	5.13084
k79_9151	3.79134
k79_18255	2.5
k79_18256	9.82645
k79_9152	4.23643
k79_27386	20.7475
k79_18257	4.08824
k79_4508	5.67797
k79_22800	6.20491
k79_9153	10.6167
k79_4509	3.77228
k79_18258	8.74815
k79_22801	5.31395
k79_18259	5.31351
k79_22802	3.24837
k79_27387	10.5546
k79_27388	3.90698
k79_9154	15.7354
k79_4510	5.35894
k79_18260	11.0188
k79_4511	8.33673
k79_27389	4.77922
k79_4512	7.9
k79_18261	13.8095
k79_9155	4.53299
k79_27390	3.16912
k79_18262	9.19841
k79_9156	5.42929
k79_27391	8.5
k79_9157	3.67742
k79_4513	11.9728
k79_27392	9.71287
k79_22803	11.5876
k79_9158	12.5825
k79_4514	3.95798
k79_27393	2.92857
k79_4515	8.85606
k79_27394	2.58125
k79_9159	3.68121
k79_4516	3.76259
k79_27395	4.8141
k79_4517	5.01887
k79_22804	5.73699
k79_27396	4.96825
k79_27397	9.32076
k79_27398	6.30952
k79_9160	6.51806
k79_4518	9.80578
k79_22805	5.63197
k79_4519	4.96154
k79_27399	4.63636
k79_22806	4.26515
k79_4520	3.83838
k79_22807	6.21739
k79_9161	6.35381
k79_27400	4.37445
k79_4521	8.03347
k79_9162	7.85217
k79_27401	4.97222
k79_22808	4.73684
k79_9163	5.06061
k79_4522	8.57754
k79_27402	8.74673
k79_9164	5.06897
k79_18263	62.5493
k79_4523	3.35233
k79_9165	8.81982
k79_27403	6.59696
k79_4524	2.15493
k79_22809	6.24204
k79_18264	7.95866
k79_27404	5.516
k79_18265	5.59504
k79_27405	8.58559
k79_22810	5.80968
k79_9166	5.93249
k79_18266	3.3
k79_27406	4.69608
k79_9167	7.5
k79_22811	2.7027
k79_4525	8.5869
k79_18267	6.55319
k79_27407	9.8
k79_18268	2.15385
k79_27408	2.8764
k79_22812	3.22667
k79_27409	9.65806
k79_4526	5.27862
k79_9168	7.58046
k79_4527	5.1875
k79_4528	8.33945
k79_22813	12.2664
k79_4529	7.74583
k79_4530	6.4087
k79_9169	6.46676
k79_22814	3.81648
k79_4531	1.83648
k79_22815	4.56731
k79_9170	6.0786
k79_27410	8.18489
k79_4532	5.70455
k79_22816	11.5455
k79_27411	3.57927
k79_9171	7.84127
k79_4533	3.42308
k79_22817	12.118
k79_4534	6.08759
k79_27412	3.0
k79_31847	45.9917
k79_4535	8.66767
k79_27413	5.87187
k79_31848	5.212
k79_4536	5.56173
k79_18269	8.0916
k79_9172	24.4034
k79_18270	3.59167
k79_31849	7.98792
k79_9173	6.28492
k79_18271	3.85714
k79_31850	3.3956
k79_4537	4.8442
k79_18272	6.24036
k79_4538	4.15385
k79_31851	6.89933
k79_4539	5.87379
k79_9174	5.1791
k79_18273	6.81894
k79_27414	10.0166
k79_31852	5.99143
k79_18274	7.28372
k79_31853	19.3556
k79_4540	6.20668
k79_31854	2.85714
k79_27415	6.69136
k79_4541	3.77746
k79_4542	3.12432
k79_27416	6.86689
k79_4543	4.7217
k79_4544	3.67089
k79_27417	13.008
k79_31855	10.4362
k79_4545	3.03333
k79_27418	4.79487
k79_4546	8.3022
k79_31856	8.28866
k79_4547	4.49541
k79_27419	8.66134
k79_31857	13.2791
k79_4548	3.42105
k79_31858	11.9826
k79_4549	4.80851
k79_31859	4.34783
k79_31860	4.98421
k79_4550	7.26446
k79_9175	5.01538
k79_31861	6.22901
k79_4551	3.17073
k79_9176	5.49462
k79_9177	4.22628
k79_9178	4.18699
k79_4552	7.62192
k79_31862	5.71671
k79_27420	15.7864
k79_9179	3.39655
k79_27421	5.6413
k79_4553	6.0742
k79_31863	6.46789
k79_22818	20.9098
k79_9180	3.89944
k79_27422	3.20661
k79_22819	4.43478
k79_27423	9.90816
k79_4554	4.84807
k79_9181	5.38329
k79_27424	11.1181
k79_4555	2.85714
k79_9182	6.64118
k79_22820	5.33418
k79_27425	3.47134
k79_9183	8.74118
k79_27426	4.88889
k79_31864	6.08879
k79_9184	4.48936
k79_31865	5.40559
k79_31866	2.07826
k79_9185	3.54307
k79_31867	9.7006
k79_27427	8.22953
k79_9186	12.7386
k79_27428	9.27128
k79_9187	3.54286
k79_31868	6.62703
k79_27429	4.56452
k79_31869	4.45513
k79_27430	4.67327
k79_9188	4.42122
k79_27431	6.72185
k79_31870	7.43902
k79_27432	3.85385
k79_31871	4.43534
k79_31872	3.66964
k79_31873	4.49143
k79_31874	10.7339
k79_27433	11.5141
k79_9189	8.07073
k79_27434	6.49635
k79_9190	4.09524
k79_31875	4.24077
k79_27435	4.73333
k79_9191	7.04844
k79_27436	4.28462
k79_27437	2.56693
k79_27438	6.90698
k79_9192	5.89564
k79_27439	2.59551
k79_9193	3.08537
k79_27440	5.23214
k79_27441	4.96786
k79_27442	8.76344
k79_31876	9.36539
k79_4556	26.8017
k79_27443	7.37778
k79_31877	9.25278
k79_4557	8.33523
k79_27444	7.41224
k79_31878	4.11111
k79_27445	5.56934
k79_4558	12.3821
k79_31879	5.4876
k79_27446	4.26727
k79_4559	8.28691
k79_31880	4.41558
k79_27447	4.65489
k79_4560	3.17628
k79_27448	8.84848
k79_4561	5.72763
k79_27449	6.26164
k79_4562	7.63253
k79_31881	8.43057
k79_4563	6.74611
k79_4564	7.51295
k79_31882	6.61091
k79_27450	6.82853
k79_4565	5.24292
k79_27451	8.22131
k79_31883	12.1604
k79_27452	8.97959
k79_31884	3.83889
k79_4566	8.76152
k79_27453	5.4375
k79_18275	48.106
k79_4567	8.76759
k79_4568	7.75767
k79_18276	5.24346
k79_4569	3.69963
k79_4570	3.73333
k79_18277	4.57609
k79_4571	8.96108
k79_18278	4.01754
k79_4572	6.90952
k79_18279	6.62651
k79_4573	9.73984
k79_4574	4.4382
k79_18280	9.41014
k79_4575	5.39496
k79_18281	5.4554
k79_4576	7.12205
k79_18282	4.12791
k79_4577	3.63158
k79_4578	4.96316
k79_18283	2.96413
k79_4579	7.01134
k79_18284	7.65116
k79_18285	11.5674
k79_22821	48.1489
k79_18286	4.53348
k79_22822	7.35156
k79_18287	5.62358
k79_22823	3.63704
k79_18288	3.20192
k79_22824	6.30108
k79_22825	6.92
k79_22826	3.29032
k79_22827	7.29348
k79_22828	2.55828
k79_22829	3.21795
k79_31885	5.38411
k79_22830	5.29524
k79_31886	5.42353
k79_31887	5.48117
k79_31888	2.47771
k79_31889	2.75949
k79_18289	6.93027
k79_31890	4.42279
k79_18290	3.61404
k79_31891	6.972
k79_31892	12.5143
k79_27454	2.26016
k79_31893	6.23485
k79_18291	5.19974
k79_27455	3.27451
k79_31894	7.94479
k79_18292	1.93805
k79_31895	4.61376
k79_27456	3.36101
k79_31896	5.47826
k79_18293	13.8049
k79_27457	6.15319
k79_18294	4.09884
k79_31897	5.03009
k79_4580	43.1164
k79_18295	10.595
k79_4581	3.1049
k79_18296	8.71429
k79_4582	7.70474
k79_4583	3.96337
k79_18297	8.72161
k79_18298	1.92417
k79_18299	7.81143
k79_4584	5.17113
k79_18300	8.10599
k79_4585	8.78784
k79_4586	4.0818
k79_4587	4.25455
k79_4588	14.3151
k79_4589	8.61078
k79_4590	4.87747
k79_4591	11.4195
k79_4592	3.37719
k79_4593	16.2888
k79_4594	7.0578
k79_31898	6.01515
k79_27458	64.0625
k79_4595	6.61134
k79_31899	6.336
k79_27459	4.64211
k79_18301	4.74051
k79_31900	2.51327
k79_27460	7.37179
k79_31901	24.4189
k79_27461	4.54237
k79_27462	1.43689
k79_31902	4.25904
k79_27463	2.29545
k79_18302	8.12335
k79_4596	6.28922
k79_27464	10.5333
k79_18303	7.88364
k79_27465	11.2991
k79_18304	17.5762
k79_18305	1.83824
k79_27466	4.57549
k79_31903	8.42745
k79_31904	3.18116
k79_18306	4.54321
k79_31905	11.2013
k79_27467	4.79438
k79_31906	3.25
k79_27468	5.66981
k79_18307	13.8291
k79_18308	3.44654
k79_27469	8.05779
k79_18309	11.0167
k79_27470	4.82569
k79_18310	4.18321
k79_18311	4.2
k79_27471	7.84632
k79_18312	6.99242
k79_27472	12.8302
k79_27473	3.14368
k79_31907	9.54766
k79_31908	4.12371
k79_27474	5.31579
k79_18313	6.57905
k79_31909	8.03774
k79_27475	2.43842
k79_18314	5.38919
k79_18315	12.6689
k79_27476	7.67509
k79_31910	3.35581
k79_27477	4.18269
k79_18316	9.4106
k79_31911	2.93103
k79_18317	3.2
k79_31912	5.51899
k79_18318	3.86154
k79_31913	5.24841
k79_18319	3.34454
k79_31914	5.92628
k79_18320	6.34557
k79_18321	7.38803
k79_18322	3.93548
k79_18323	4.92222
k79_27478	22.7629
k79_18324	5.0094
k79_27479	6.54043
k79_31915	10.0133
k79_18325	4.93464
k79_31916	7.55238
k79_18326	17.3976
k79_27480	8.65741
k79_31917	9.51923
k79_27481	6.28571
k79_27482	3.36095
k79_31918	7.07925
k79_18327	5.83986
k79_27483	2.97222
k79_18328	6.47699
k79_31919	10.2609
k79_27484	6.33333
k79_18329	7.52137
k79_31920	2.02913
k79_27485	8.64773
k79_31921	8.46083
k79_27486	6.96629
k79_18330	5.76659
k79_31922	9.54167
k79_27487	4.32374
k79_31923	6.24342
k79_31924	7.05797
k79_27488	3.1526
k79_27489	3.76821
k79_18331	6.41163
k79_27490	3.95833
k79_31925	62.4632
k79_27491	3.97633
k79_31926	5.74704
k79_18332	8.42988
k79_31927	2.29348
k79_27492	6.87684
k79_27493	9.62207
k79_31928	9.47162
k79_31929	3.42069
k79_31930	4.41237
k79_27494	6.32941
k79_31931	6.4574
k79_18333	6.82018
k79_31932	2.56637
k79_18334	5.88372
k79_31933	4.92279
k79_18335	5.875
k79_27495	7.67098
k79_18336	11.0
k79_27496	4.42029
k79_31934	7.95266
k79_18337	7.79412
k79_31935	2.65657
k79_27497	5.44706
k79_18338	6.20652
k79_31936	19.4607
k79_31937	4.38596
k79_18339	2.79688
k79_27498	3.64686
k79_31938	19.4725
k79_18340	9.13477
k79_27499	7.74788
k79_18341	7.23214
k79_27500	2.6701
k79_31939	5.30626
k79_18342	6.72727
k79_31940	8.46462
k79_27501	4.38277
k79_31941	3.60643
k79_18343	5.65175
k79_18344	3.91176
k79_31942	3.30814
k79_31943	4.84034
k79_18345	4.66667
k79_27502	6.0643
k79_18346	4.34862
k79_31944	6.84653
k79_27503	5.8835
k79_18347	3.28713
k79_31945	4.19444
k79_31946	4.38255
k79_18348	5.51258
k79_27504	9.34949
k79_27505	3.42089
k79_31947	7.95903
k79_27506	2.13537
k79_31948	4.79856
k79_27507	4.61818
k79_31949	8.92857
k79_31950	3.2013
k79_27508	5.99257
k79_27509	5.23232
k79_31951	6.4878
k79_31952	6.03738
k79_27510	3.35333
k79_27511	8.33588
k79_31953	4.71242
k79_18349	20.9367
k79_27512	3.21429
k79_31954	4.89922
k79_18350	4.32367
k79_31955	8.13869
k79_27513	5.41652
k79_18351	5.73786
k79_31956	5.9419
k79_31957	2.97115
k79_18352	2.93333
k79_27514	2.97333
k79_31958	7.25472
k79_31959	2.78947
k79_18353	4.57143
k79_31960	4.16667
k79_18354	3.02857
k79_31961	3.41573
k79_18355	6.58896
k79_18356	4.62939
k79_18357	3.37634
k79_31962	10.6984
k79_18358	9.53544
k79_18359	3.80342
k79_18360	2.06977
k79_31963	10.2842
k79_31964	42.556
k79_31965	13.4667
k79_31966	9.84592
k79_31967	20.8134
k79_31968	5.28861
k79_18361	9.89694
k79_31969	3.52851
k79_18362	4.72889
k79_31970	6.10526
k79_31971	8.95676
k79_31972	4.32747
k79_31973	9.60833
k79_18363	7.0096
k79_18364	4.13201
k79_31974	7.4661
k79_18365	4.22222
k79_31975	6.03297
k79_18366	5.55844
k79_31976	3.63135
k79_18367	4.66425
k79_31977	1.91089
k79_18368	6.14286
k79_31978	3.93651
k79_18369	6.51274
k79_22831	46.983
k79_31979	7.60351
k79_18370	4.20599
k79_22832	2.02655
k79_22833	5.85714
k79_18371	5.7358
k79_31980	7.72709
k79_18372	4.48421
k79_31981	3.77778
k79_18373	4.72185
k79_22834	11.5294
k79_31982	4.14815
k79_22835	2.78049
k79_18374	6.10084
k79_31983	7.4303
k79_18375	12.5222
k79_22836	5.82353
k79_31984	6.16327
k79_18376	6.9375
k79_22837	1.68067
k79_31985	3.01031
k79_22838	4.4878
k79_18377	3.13934
k79_31986	4.7047
k79_22839	2.6257
k79_22840	4.30172
k79_31987	12.4837
k79_18378	8.50877
k79_22841	6.8315
k79_18379	6.395
k79_22842	8.23992
k79_31988	8.34596
k79_18380	4.90909
k79_31989	6.23529
k79_18381	4.30909
k79_31990	5.08257
k79_18382	3.71429
k79_18383	5.02139
k79_31991	8.928
k79_18384	9.25
k79_31992	7.23469
k79_18385	2.87324
k79_18386	5.4708
k79_31993	5.49485
k79_18387	9.29054
k79_31994	8.89247
k79_31995	2.6381
k79_31996	5.42241
k79_31997	6.91379
k79_31998	3.56306
k79_22843	45.273
k79_31999	5.99535
k79_22844	2.79832
k79_22845	4.40206
k79_32000	12.2543
k79_32001	6.44043
k79_22846	5.71631
k79_22847	5.8617
k79_22848	5.07834
k79_22849	7.83938
k79_22850	10.0385
k79_32002	6.4493
k79_22851	5.63636
k79_32003	6.05843
k79_22852	6.96774
k79_32004	7.19767
k79_22853	11.1429
k79_32005	5.63775
k79_22854	4.31452
k79_22855	5.01053
k79_32006	4.70058
k79_32007	8.07339
k79_32008	8.23973
k79_32009	4.40909
k79_32010	7.30911
k79_22856	43.5657
k79_22857	3.33333
k79_27515	55.4393
k79_32011	5.66202
k79_27516	9.31313
k79_32012	2.85981
k79_27517	2.73958
k79_32013	3.53049
k79_27518	4.4
k79_32014	7.02924
k79_27519	4.93023
k79_27520	6.11184
k79_32015	3.33761
k79_22858	10.5177
k79_32016	5.76238
k79_27521	12.4352
k79_22859	4.94017
k79_32017	4.83621
k79_27522	5.95312
k79_22860	2.96809
k79_32018	7.17333
k79_32019	7.80769
k79_22861	4.30942
k79_27523	9.52685
k79_32020	5.01053
k79_22862	10.6452
k79_27524	8.9899
k79_32021	13.3356
k79_32022	4.77654
k79_22863	7.86565
k79_32023	5.04233
k79_32024	10.5773
k79_22864	5.94792
k79_27525	15.5477
k79_22865	4.38073
k79_27526	6.73248
k79_22866	3.3956
k79_27527	5.96053
k79_22867	2.79279
k79_27528	4.42969
k79_32025	5.80332
k79_27529	4.3242
k79_32026	7.17073
k79_22868	5.52751
k79_32027	6.50714
k79_22869	2.77622
k79_32028	5.48619
k79_22870	6.92718
k79_32029	4.96748
k79_22871	9.68376
k79_32030	7.99091
k79_32031	8.03077
k79_32032	6.05072
k79_27530	12.5265
k79_32033	3.22222
k79_27531	7.41176
k79_27532	4.71622
k79_27533	3.87395
k79_32034	6.47296
k79_22872	9.24354
k79_32035	5.65714
k79_22873	14.7033
k79_27534	5.99844
k79_32036	4.40249
k79_27535	4.95082
k79_22874	5.13119
k79_32037	6.81842
k79_27536	5.29921
k79_32038	2.05882
k79_27537	3.46087
k79_27538	3.48246
k79_22875	9.79744
k79_32039	4.96269
k79_27539	7.32447
k79_32040	5.19084
k79_22876	7.13235
k79_32041	1.75943
k79_27540	4.27612
k79_22877	4.58333
k79_32042	2.99367
k79_32043	15.4688
k79_27541	14.8171
k79_22878	6.12441
k79_32044	5.2807
k79_32045	5.91515
k79_27542	5.46943
k79_27543	7.4878
k79_22879	5.45725
k79_27544	8.76863
k79_22880	9.40876
k79_27545	6.34783
k79_32046	11.2563
k79_27546	7.10563
k79_22881	8.2067
k79_27547	6.55556
k79_22882	8.3983
k79_32047	5.28354
k79_22883	4.24627
k79_32048	2.73714
k79_27548	13.4823
k79_22884	4.17318
k79_32049	7.02488
k79_27549	10.3673
k79_22885	2.15957
k79_27550	11.0792
k79_32050	19.381
k79_27551	3.98095
k79_32051	4.63839
k79_22886	6.83016
k79_27552	5.16667
k79_22887	5.81356
k79_27553	5.29187
k79_22888	7.14286
k79_32052	3.89328
k79_27554	7.10828
k79_32053	2.78125
k79_22889	9.7079
k79_27555	5.46855
k79_22890	5.83643
k79_27556	5.48718
k79_32054	5.34579
k79_22891	8.20497
k79_27557	5.53595
k79_32055	3.24793
k79_22892	7.9537
k79_32056	6.93939
k79_27558	7.05882
k79_22893	4.55056
k79_32057	3.47863
k79_27559	3.14286
k79_22894	4.67188
k79_32058	8.84135
k79_22895	5.81544
k79_27560	5.77106
k79_32059	5.72072
k79_27561	2.32609
k79_22896	6.10582
k79_32060	1.80357
k79_27562	7.38596
k79_27563	5.63366
k79_22897	13.8647
k79_27564	3.64394
k79_32061	5.80792
k79_27565	3.78767
k79_32062	3.03721
k79_27566	4.61667
k79_22898	10.4111
k79_32063	6.89502
k79_27567	3.8913
k79_27568	4.27972
k79_22899	6.93437
k79_27569	3.00772
k79_22900	23.7041
k79_27570	3.51562
k79_27571	2.34783
k79_27572	4.725
k79_22901	5.88158
k79_27573	3.25
k79_22902	3.54468
k79_27574	5.46218
k79_27575	24.6531
k79_22903	8.42757
k79_27576	7.05435
k79_27577	7.27711
k79_32064	26.4569
k79_27578	8.34091
k79_22904	8.54261
k79_27579	4.03429
k79_32065	3.3374
k79_22905	11.4343
k79_27580	7.52406
k79_32066	3.70115
k79_22906	3.51807
k79_27581	3.56897
k79_32067	5.07538
k79_22907	8.16733
k79_22908	2.23009
k79_32068	7.37879
k79_22909	7.33333
k79_22910	4.44882
k79_22911	7.51961
k79_32069	7.6177
k79_22912	7.91367
k79_32070	4.59487
k79_32071	4.04
k79_22913	4.14336
k79_22914	4.12174
k79_32072	7.0315
k79_22915	12.0928
k79_22916	10.0725
k79_32073	6.89243
k79_22917	4.76699
k79_32074	3.73077
k79_22918	4.14286
k79_32075	6.00299
k79_32076	3.05455
k79_32077	7.18333
k79_32078	7.15172
k79_32079	3.88591
k79_22919	7.8192
k79_32080	5.11413
k79_22920	15.515
k79_32081	5.21615
k79_32082	4.00546
k79_32083	8.29032
k79_22921	4.29437
k79_22922	12.1161
k79_22923	6.83036
k79_22924	6.21374
k79_22925	9.8931
k79_22926	5.72472
k79_22927	3.70552
k79_22928	3.69333
k79_22929	7.55346
k79_22930	4.50554
k79_22931	8.26667
k79_22932	4.59375
k79_22933	7.65899
k79_22934	4.75738
k79_22935	6.07432
k79_22936	22.459
k79_22937	7.66211
k79_22938	3.64417
k79_32084	60.6182
k79_22939	11.3676
k79_32085	3.8427
k79_22940	7.4973
k79_32086	3.96528
k79_22941	3.02857
k79_32087	5.33197
k79_22942	6.77802
k79_32088	5.30544
k79_32089	3.37857
k79_22943	26.4531
k79_22944	8.33503
k79_22945	5.96354
k79_32090	14.8301
k79_22946	6.42069
k79_22947	4.30594
k79_22948	7.6139
k79_22949	8.13793
k79_32091	11.2029
k79_32092	6.15079
k79_22950	7.25806
k79_22951	7.16854
k79_32093	3.27273
k79_32094	4.18857
k79_22952	9.4537
k79_22953	6.30303
k79_32095	5.39474
k79_22954	12.1333
k79_22955	4.98876
k79_32096	4.86137
k79_22956	10.9601
k79_32097	6.92386
k79_32098	2.639
k79_22957	12.5946
k79_32099	3.48323
k79_22958	2.71329
k79_32100	2.96319
k79_22959	7.17804
k79_32101	4.95377
k79_22960	5.94627
k79_32102	7.42428
k79_32103	4.4135
k79_22961	3.09827
k79_22962	3.12351
k79_32104	8.42025
k79_32105	4.1957
k79_22963	6.2516
k79_32106	5.61538
k79_22964	6.96508
k79_32107	5.98588
k79_32108	6.74684
k79_32109	7.11765
k79_22965	8.8066
k79_22966	4.88991
k79_32110	10.6618
k79_22967	3.6108
k79_22968	8.48131
k79_32111	6.64871
k79_32112	13.9098
k79_32113	3.06452
k79_22969	11.5681
k79_22970	3.57732
k79_32114	5.9685
k79_22971	2.3561
k79_32115	3.64865
k79_22972	6.19328
k79_32116	3.76923
k79_32117	5.43723
k79_22973	5.09438
k79_32118	5.49372
k79_22974	4.50871
k79_22975	4.1497
k79_32119	8.11143
k79_22976	2.88312
k79_22977	4.98148
k79_32120	5.26804
k79_32121	6.95868
k79_22978	7.66157
k79_22979	4.87719
k79_32122	6.40376
k79_22980	6.13296
k79_22981	9.05319
k79_22982	5.54615
k79_22983	2.69101
k79_32123	21.4228
k79_22984	5.39726
k79_32124	8.02905
k79_32125	7.96512
k79_32126	7.91422
k79_32127	5.05607
k79_32128	227.457
k79_32129	6.03667
k79_32130	7.39002
k79_32131	4.89017
k79_32132	5.49
k79_32133	7.13025
k79_32134	7.49593
k79_32135	9.18137
k79_32136	35.6946
k79_32137	2.20673
k79_32138	10.4814
k79_32139	13.4868
k79_32140	5.66092
k79_32141	7.17949
k79_32142	7.78476
k79_32143	6.00971
k79_32144	5.19936
k79_32145	10.67
k79_32146	5.83913
k79_32147	2.77778
k79_32148	8.04545
k79_32149	3.95122
k79_32150	14.0
k79_32151	8.05917
k79_32152	2.54872
k79_32153	72.0334
k79_32154	4.63333
k79_32155	4.7521
k79_32156	6.1573
k79_32157	4.71134
k79_32158	3.44608
k79_32159	8.55422
k79_32160	2.79394
k79_32161	5.63004
k79_32162	7.82192
k79_32163	13.4632
k79_32164	5.20227
k79_32165	6.46479
k79_32166	2.45283
k79_32167	3.85185
k79_32168	5.11137
k79_32169	4.88079
k79_32170	6.06904
k79_32171	4.04276
k79_32172	6.08425
k79_32173	8.35139
k79_32174	16.6765
k79_32175	3.70213
k79_32176	3.71331
k79_32177	4.79184
k79_32178	4.65147
