May-25 14:59:24.505 [main] DEBUG nextflow.cli.Launcher - $> nextflow run ../../../MAG_Pipeline/main.nf -resume
May-25 14:59:24.675 [main] DEBUG nextflow.cli.CmdRun - N E X T F L O W  ~  version 25.10.4
May-25 14:59:24.711 [main] DEBUG nextflow.plugin.PluginsFacade - Setting up plugin manager > mode=prod; embedded=false; plugins-dir=/home/danross/.nextflow/plugins; core-plugins: nf-amazon@3.4.4,nf-azure@1.20.2,nf-cloudcache@0.5.0,nf-codecommit@0.5.0,nf-console@1.3.0,nf-google@1.23.5,nf-k8s@1.2.2,nf-tower@1.17.5,nf-wave@1.16.1
May-25 14:59:24.757 [main] INFO  o.pf4j.DefaultPluginStatusProvider - Enabled plugins: []
May-25 14:59:24.761 [main] INFO  o.pf4j.DefaultPluginStatusProvider - Disabled plugins: []
May-25 14:59:24.765 [main] INFO  org.pf4j.DefaultPluginManager - PF4J version 3.12.0 in 'deployment' mode
May-25 14:59:24.788 [main] DEBUG nextflow.util.RetryConfig - Missing nextflow session - using default retry config
May-25 14:59:25.037 [main] INFO  org.pf4j.AbstractPluginManager - No plugins
May-25 14:59:25.103 [main] DEBUG nextflow.config.ConfigBuilder - Found config base: /data/users/danross/MAG_Pipeline/nextflow.config
May-25 14:59:25.114 [main] DEBUG nextflow.config.ConfigBuilder - Found config local: /data/users/danross/MAG_Pipeline/pipeline_test/tutorial/nextflow.config
May-25 14:59:25.121 [main] DEBUG nextflow.config.ConfigBuilder - Parsing config file: /data/users/danross/MAG_Pipeline/nextflow.config
May-25 14:59:25.122 [main] DEBUG nextflow.config.ConfigBuilder - Parsing config file: /data/users/danross/MAG_Pipeline/pipeline_test/tutorial/nextflow.config
May-25 14:59:25.180 [main] DEBUG nextflow.config.ConfigBuilder - Applying config profile: `standard`
May-25 14:59:28.590 [main] DEBUG nextflow.config.ConfigBuilder - Applying config profile: `standard`
May-25 14:59:29.823 [main] DEBUG nextflow.plugin.PluginsFacade - Plugins default=[]
May-25 14:59:29.824 [main] DEBUG nextflow.plugin.PluginsFacade - Plugins resolved requirement=[]
May-25 14:59:29.852 [main] DEBUG n.secret.LocalSecretsProvider - Secrets store: /home/danross/.nextflow/secrets/store.json
May-25 14:59:29.855 [main] DEBUG nextflow.secret.SecretsLoader - Discovered secrets providers: [nextflow.secret.LocalSecretsProvider@2db86a7c] - activable => nextflow.secret.LocalSecretsProvider@2db86a7c
May-25 14:59:29.896 [main] DEBUG nextflow.cli.CmdRun - Applied DSL=2 by global default
May-25 14:59:29.937 [main] DEBUG nextflow.cli.CmdRun - Launching `../../../MAG_Pipeline/main.nf` [magical_darwin] DSL2 - revision: cb345da772
May-25 14:59:30.052 [main] DEBUG nextflow.Session - Session UUID: e88e0fe9-2518-43fc-97a5-b133702d3eaa
May-25 14:59:30.053 [main] DEBUG nextflow.Session - Run name: magical_darwin
May-25 14:59:30.054 [main] DEBUG nextflow.Session - Executor pool size: 16
May-25 14:59:30.064 [main] DEBUG nextflow.file.FilePorter - File porter settings maxRetries=3; maxTransfers=50; pollTimeout=null
May-25 14:59:30.070 [main] DEBUG nextflow.util.ThreadPoolBuilder - Creating thread pool 'FileTransfer' minSize=10; maxSize=48; workQueue=LinkedBlockingQueue[-1]; allowCoreThreadTimeout=false
May-25 14:59:30.105 [main] DEBUG nextflow.cli.CmdRun - 
  Version: 25.10.4 build 11173
  Created: 10-02-2026 15:17 UTC (10:17 EDT)
  System: Linux 6.8.0-87-generic
  Runtime: Groovy 4.0.28 on OpenJDK 64-Bit Server VM 17.0.3-internal+0-adhoc..src
  Encoding: UTF-8 (UTF-8)
  Process: 788907@tilia [132.208.75.66]
  CPUs: 16 - Mem: 251.4 GB (206.5 GB) - Swap: 2 GB (1.1 GB)
May-25 14:59:30.180 [main] DEBUG nextflow.Session - Work-dir: /data/users/danross/MAG_Pipeline/pipeline_test/tutorial/work [ext2/ext3]
May-25 14:59:30.262 [main] DEBUG nextflow.executor.ExecutorFactory - Extension executors providers=[]
May-25 14:59:30.292 [main] DEBUG nextflow.Session - Observer factory (v2): LinObserverFactory
May-25 14:59:30.297 [main] DEBUG nextflow.Session - Observer factory (v2): DefaultObserverFactory
May-25 14:59:30.472 [main] DEBUG nextflow.cache.CacheFactory - Using Nextflow cache factory: nextflow.cache.DefaultCacheFactory
May-25 14:59:30.505 [main] DEBUG nextflow.util.CustomThreadPool - Creating default thread pool > poolSize: 17; maxThreads: 1000
May-25 14:59:30.913 [main] DEBUG nextflow.Session - Session start
May-25 14:59:30.920 [main] DEBUG nextflow.trace.TraceFileObserver - Workflow started -- trace file: reports/trace-20260525-145929.txt
May-25 14:59:32.273 [main] DEBUG nextflow.script.ScriptRunner - > Launching execution
May-25 14:59:41.202 [main] INFO  nextflow.script.BaseScript - Kraken2 database found at /data/users/sarahpc/databases/kraken2_standard_database
May-25 14:59:41.204 [main] INFO  nextflow.script.BaseScript - /data/users/sarahpc/databases/kraken2_standard_database
May-25 14:59:41.206 [main] INFO  nextflow.script.BaseScript - CheckM2 database found at /data/users/danross/databases/CheckM2/CheckM2_database/uniref100.KO.1.dmnd
May-25 14:59:41.211 [main] INFO  nextflow.script.BaseScript - Bakta database found at /data/users/danross/databases/bakta/db
May-25 14:59:41.213 [main] INFO  nextflow.script.BaseScript - GTDB database found at /data/users/danross/databases/GTDB_V08_R214/
May-25 14:59:41.318 [main] DEBUG n.script.dsl.ProcessConfigBuilder - Config settings `withLabel:process_medium` matches labels `process_medium` for process with name QC_SHORT:FASTQC_IN
May-25 14:59:41.325 [main] DEBUG n.script.dsl.ProcessConfigBuilder - Config settings `withName:FASTQC_IN` matches process QC_SHORT:FASTQC_IN
May-25 14:59:41.338 [main] DEBUG nextflow.executor.ExecutorFactory - << taskConfig executor: null
May-25 14:59:41.338 [main] DEBUG nextflow.executor.ExecutorFactory - >> processorType: 'local'
May-25 14:59:41.350 [main] DEBUG nextflow.executor.Executor - [warm up] executor > local
May-25 14:59:41.357 [main] DEBUG n.processor.LocalPollingMonitor - Creating local task monitor for executor 'local' > cpus=14; memory=251.4 GB; capacity=8; pollInterval=100ms; dumpInterval=5m
May-25 14:59:41.359 [main] DEBUG n.processor.TaskPollingMonitor - >>> barrier register (monitor: local)
May-25 14:59:41.383 [main] DEBUG nextflow.processor.TaskProcessor - Creating process 'QC_SHORT:FASTQC_IN': maxForks=0; fair=false; array=0
May-25 14:59:41.424 [main] DEBUG n.script.dsl.ProcessConfigBuilder - Config settings `withLabel:process_single` matches labels `process_single` for process with name QC_SHORT:MULTIQC_IN
May-25 14:59:41.430 [main] DEBUG n.script.dsl.ProcessConfigBuilder - Config settings `withName:MULTIQC_IN` matches process QC_SHORT:MULTIQC_IN
May-25 14:59:41.447 [main] DEBUG nextflow.executor.ExecutorFactory - << taskConfig executor: null
May-25 14:59:41.448 [main] DEBUG nextflow.executor.ExecutorFactory - >> processorType: 'local'
May-25 14:59:41.449 [main] DEBUG nextflow.processor.TaskProcessor - Creating process 'QC_SHORT:MULTIQC_IN': maxForks=0; fair=false; array=0
May-25 14:59:41.466 [main] DEBUG n.script.dsl.ProcessConfigBuilder - Config settings `withLabel:process_medium` matches labels `process_medium` for process with name QC_SHORT:FASTP
May-25 14:59:41.469 [main] DEBUG n.script.dsl.ProcessConfigBuilder - Config settings `withName:FASTP` matches process QC_SHORT:FASTP
May-25 14:59:41.487 [main] DEBUG nextflow.executor.ExecutorFactory - << taskConfig executor: null
May-25 14:59:41.487 [main] DEBUG nextflow.executor.ExecutorFactory - >> processorType: 'local'
May-25 14:59:41.489 [main] DEBUG nextflow.processor.TaskProcessor - Creating process 'QC_SHORT:FASTP': maxForks=0; fair=false; array=0
May-25 14:59:41.528 [main] DEBUG n.script.dsl.ProcessConfigBuilder - Config settings `withName:BOWTIE2_FILTER_PHIX` matches process QC_SHORT:BOWTIE2_FILTER_PHIX
May-25 14:59:41.536 [main] DEBUG nextflow.executor.ExecutorFactory - << taskConfig executor: null
May-25 14:59:41.537 [main] DEBUG nextflow.executor.ExecutorFactory - >> processorType: 'local'
May-25 14:59:41.538 [main] DEBUG nextflow.processor.TaskProcessor - Creating process 'QC_SHORT:BOWTIE2_FILTER_PHIX': maxForks=0; fair=false; array=0
May-25 14:59:41.570 [main] DEBUG n.script.dsl.ProcessConfigBuilder - Config settings `withLabel:process_medium` matches labels `process_medium` for process with name QC_SHORT:FASTQC_OUT
May-25 14:59:41.573 [main] DEBUG n.script.dsl.ProcessConfigBuilder - Config settings `withName:FASTQC_OUT` matches process QC_SHORT:FASTQC_OUT
May-25 14:59:41.584 [main] DEBUG nextflow.executor.ExecutorFactory - << taskConfig executor: null
May-25 14:59:41.584 [main] DEBUG nextflow.executor.ExecutorFactory - >> processorType: 'local'
May-25 14:59:41.585 [main] DEBUG nextflow.processor.TaskProcessor - Creating process 'QC_SHORT:FASTQC_OUT': maxForks=0; fair=false; array=0
May-25 14:59:41.592 [main] DEBUG n.script.dsl.ProcessConfigBuilder - Config settings `withLabel:process_single` matches labels `process_single` for process with name QC_SHORT:MULTIQC_OUT
May-25 14:59:41.595 [main] DEBUG n.script.dsl.ProcessConfigBuilder - Config settings `withName:MULTIQC_OUT` matches process QC_SHORT:MULTIQC_OUT
May-25 14:59:41.602 [main] DEBUG nextflow.executor.ExecutorFactory - << taskConfig executor: null
May-25 14:59:41.602 [main] DEBUG nextflow.executor.ExecutorFactory - >> processorType: 'local'
May-25 14:59:41.603 [main] DEBUG nextflow.processor.TaskProcessor - Creating process 'QC_SHORT:MULTIQC_OUT': maxForks=0; fair=false; array=0
May-25 14:59:41.630 [main] DEBUG n.script.dsl.ProcessConfigBuilder - Config settings `withName:KRAKEN2` matches process READ_TAXONOMY:KRAKEN2
May-25 14:59:41.637 [main] DEBUG nextflow.executor.ExecutorFactory - << taskConfig executor: null
May-25 14:59:41.637 [main] DEBUG nextflow.executor.ExecutorFactory - >> processorType: 'local'
May-25 14:59:41.638 [main] DEBUG nextflow.processor.TaskProcessor - Creating process 'READ_TAXONOMY:KRAKEN2': maxForks=0; fair=false; array=0
May-25 14:59:41.646 [main] DEBUG n.script.dsl.ProcessConfigBuilder - Config settings `withLabel:process_low` matches labels `process_low` for process with name READ_TAXONOMY:KRONA_K2_UPDATE_TAXONOMY
May-25 14:59:41.651 [main] DEBUG nextflow.executor.ExecutorFactory - << taskConfig executor: null
May-25 14:59:41.651 [main] DEBUG nextflow.executor.ExecutorFactory - >> processorType: 'local'
May-25 14:59:41.652 [main] DEBUG nextflow.processor.TaskProcessor - Creating process 'READ_TAXONOMY:KRONA_K2_UPDATE_TAXONOMY': maxForks=0; fair=false; array=0
May-25 14:59:41.657 [main] DEBUG n.script.dsl.ProcessConfigBuilder - Config settings `withLabel:process_low` matches labels `process_low` for process with name READ_TAXONOMY:KRONA_K2_IMPORT_TAXONOMY
May-25 14:59:41.659 [main] DEBUG n.script.dsl.ProcessConfigBuilder - Config settings `withName:KRONA_K2_IMPORT_TAXONOMY` matches process READ_TAXONOMY:KRONA_K2_IMPORT_TAXONOMY
May-25 14:59:41.666 [main] DEBUG nextflow.executor.ExecutorFactory - << taskConfig executor: null
May-25 14:59:41.666 [main] DEBUG nextflow.executor.ExecutorFactory - >> processorType: 'local'
May-25 14:59:41.667 [main] DEBUG nextflow.processor.TaskProcessor - Creating process 'READ_TAXONOMY:KRONA_K2_IMPORT_TAXONOMY': maxForks=0; fair=false; array=0
May-25 14:59:41.675 [main] DEBUG n.script.dsl.ProcessConfigBuilder - Config settings `withLabel:process_medium` matches labels `process_medium` for process with name READ_TAXONOMY:BRACKEN
May-25 14:59:41.679 [main] DEBUG n.script.dsl.ProcessConfigBuilder - Config settings `withName:BRACKEN` matches process READ_TAXONOMY:BRACKEN
May-25 14:59:41.684 [main] DEBUG nextflow.executor.ExecutorFactory - << taskConfig executor: null
May-25 14:59:41.684 [main] DEBUG nextflow.executor.ExecutorFactory - >> processorType: 'local'
May-25 14:59:41.685 [main] DEBUG nextflow.processor.TaskProcessor - Creating process 'READ_TAXONOMY:BRACKEN': maxForks=0; fair=false; array=0
May-25 14:59:41.697 [main] DEBUG n.script.dsl.ProcessConfigBuilder - Config settings `withLabel:process_single` matches labels `process_single` for process with name READ_TAXONOMY:BRACKEN_SUMMARY
May-25 14:59:41.701 [main] DEBUG n.script.dsl.ProcessConfigBuilder - Config settings `withName:BRACKEN_SUMMARY` matches process READ_TAXONOMY:BRACKEN_SUMMARY
May-25 14:59:41.707 [main] DEBUG nextflow.executor.ExecutorFactory - << taskConfig executor: null
May-25 14:59:41.707 [main] DEBUG nextflow.executor.ExecutorFactory - >> processorType: 'local'
May-25 14:59:41.708 [main] DEBUG nextflow.processor.TaskProcessor - Creating process 'READ_TAXONOMY:BRACKEN_SUMMARY': maxForks=0; fair=false; array=0
May-25 14:59:41.718 [main] DEBUG n.script.dsl.ProcessConfigBuilder - Config settings `withLabel:process_single` matches labels `process_single` for process with name READ_TAXONOMY:COMBINE_BRACKEN_OUTPUTS
May-25 14:59:41.721 [main] DEBUG n.script.dsl.ProcessConfigBuilder - Config settings `withName:COMBINE_BRACKEN_OUTPUTS` matches process READ_TAXONOMY:COMBINE_BRACKEN_OUTPUTS
May-25 14:59:41.727 [main] DEBUG nextflow.executor.ExecutorFactory - << taskConfig executor: null
May-25 14:59:41.727 [main] DEBUG nextflow.executor.ExecutorFactory - >> processorType: 'local'
May-25 14:59:41.728 [main] DEBUG nextflow.processor.TaskProcessor - Creating process 'READ_TAXONOMY:COMBINE_BRACKEN_OUTPUTS': maxForks=0; fair=false; array=0
May-25 14:59:41.759 [main] DEBUG n.script.dsl.ProcessConfigBuilder - Config settings `withLabel:process_low` matches labels `process_low` for process with name ASSEMBLY_PREP_SHORT:CONCATENATE_SHORT_READS_R1
May-25 14:59:41.763 [main] DEBUG n.script.dsl.ProcessConfigBuilder - Config settings `withName:CONCATENATE_SHORT_READS_R1` matches process ASSEMBLY_PREP_SHORT:CONCATENATE_SHORT_READS_R1
May-25 14:59:41.768 [main] DEBUG nextflow.executor.ExecutorFactory - << taskConfig executor: null
May-25 14:59:41.768 [main] DEBUG nextflow.executor.ExecutorFactory - >> processorType: 'local'
May-25 14:59:41.769 [main] DEBUG nextflow.processor.TaskProcessor - Creating process 'ASSEMBLY_PREP_SHORT:CONCATENATE_SHORT_READS_R1': maxForks=0; fair=false; array=0
May-25 14:59:41.775 [main] WARN  nextflow.script.ScriptBinding - Access to undefined parameter `skip_fastp` -- Initialise it to a default value eg. `params.skip_fastp = some_value`
May-25 14:59:41.780 [main] DEBUG n.script.dsl.ProcessConfigBuilder - Config settings `withLabel:process_low` matches labels `process_low` for process with name ASSEMBLY_PREP_SHORT:RENAME_SHORT_READS_R1
May-25 14:59:41.790 [main] DEBUG nextflow.executor.ExecutorFactory - << taskConfig executor: null
May-25 14:59:41.790 [main] DEBUG nextflow.executor.ExecutorFactory - >> processorType: 'local'
May-25 14:59:41.791 [main] DEBUG nextflow.processor.TaskProcessor - Creating process 'ASSEMBLY_PREP_SHORT:RENAME_SHORT_READS_R1': maxForks=0; fair=false; array=0
May-25 14:59:41.821 [main] DEBUG n.script.dsl.ProcessConfigBuilder - Config settings `withLabel:process_low` matches labels `process_low` for process with name ASSEMBLY_PREP_SHORT:CONCATENATE_SHORT_READS_R2
May-25 14:59:41.825 [main] DEBUG n.script.dsl.ProcessConfigBuilder - Config settings `withName:CONCATENATE_SHORT_READS_R2` matches process ASSEMBLY_PREP_SHORT:CONCATENATE_SHORT_READS_R2
May-25 14:59:41.831 [main] DEBUG nextflow.executor.ExecutorFactory - << taskConfig executor: null
May-25 14:59:41.831 [main] DEBUG nextflow.executor.ExecutorFactory - >> processorType: 'local'
May-25 14:59:41.833 [main] DEBUG nextflow.processor.TaskProcessor - Creating process 'ASSEMBLY_PREP_SHORT:CONCATENATE_SHORT_READS_R2': maxForks=0; fair=false; array=0
May-25 14:59:41.843 [main] DEBUG n.script.dsl.ProcessConfigBuilder - Config settings `withLabel:process_low` matches labels `process_low` for process with name ASSEMBLY_PREP_SHORT:RENAME_SHORT_READS_R2
May-25 14:59:41.851 [main] DEBUG nextflow.executor.ExecutorFactory - << taskConfig executor: null
May-25 14:59:41.852 [main] DEBUG nextflow.executor.ExecutorFactory - >> processorType: 'local'
May-25 14:59:41.854 [main] DEBUG nextflow.processor.TaskProcessor - Creating process 'ASSEMBLY_PREP_SHORT:RENAME_SHORT_READS_R2': maxForks=0; fair=false; array=0
May-25 14:59:41.912 [main] DEBUG n.script.dsl.ProcessConfigBuilder - Config settings `withLabel:process_high` matches labels `process_high,process_gpu` for process with name ASSEMBLY_SHORT:MEGAHIT
May-25 14:59:41.914 [main] DEBUG n.script.dsl.ProcessConfigBuilder - Config settings `withLabel:process_gpu` matches labels `process_high,process_gpu` for process with name ASSEMBLY_SHORT:MEGAHIT
May-25 14:59:41.915 [main] DEBUG n.script.dsl.ProcessConfigBuilder - Config settings `withName:MEGAHIT` matches process ASSEMBLY_SHORT:MEGAHIT
May-25 14:59:41.921 [main] DEBUG nextflow.executor.ExecutorFactory - << taskConfig executor: null
May-25 14:59:41.922 [main] DEBUG nextflow.executor.ExecutorFactory - >> processorType: 'local'
May-25 14:59:41.923 [main] DEBUG nextflow.processor.TaskProcessor - Creating process 'ASSEMBLY_SHORT:MEGAHIT': maxForks=0; fair=false; array=0
May-25 14:59:41.941 [main] DEBUG n.script.dsl.ProcessConfigBuilder - Config settings `withName:QUAST_CONTIGS` matches process ASSEMBLY_SHORT:QUAST_CONTIGS
May-25 14:59:41.949 [main] DEBUG nextflow.executor.ExecutorFactory - << taskConfig executor: null
May-25 14:59:41.951 [main] DEBUG nextflow.executor.ExecutorFactory - >> processorType: 'local'
May-25 14:59:41.952 [main] DEBUG nextflow.processor.TaskProcessor - Creating process 'ASSEMBLY_SHORT:QUAST_CONTIGS': maxForks=0; fair=false; array=0
May-25 14:59:41.980 [main] DEBUG n.script.dsl.ProcessConfigBuilder - Config settings `withLabel:process_medium` matches labels `process_medium` for process with name ASSEMBLY_SHORT:CONTIG_COVERAGE:COVERM_CONTIG
May-25 14:59:41.982 [main] DEBUG n.script.dsl.ProcessConfigBuilder - Config settings `withName:COVERM_CONTIG` matches process ASSEMBLY_SHORT:CONTIG_COVERAGE:COVERM_CONTIG
May-25 14:59:41.988 [main] DEBUG nextflow.executor.ExecutorFactory - << taskConfig executor: null
May-25 14:59:41.988 [main] DEBUG nextflow.executor.ExecutorFactory - >> processorType: 'local'
May-25 14:59:41.990 [main] DEBUG nextflow.processor.TaskProcessor - Creating process 'ASSEMBLY_SHORT:CONTIG_COVERAGE:COVERM_CONTIG': maxForks=0; fair=false; array=0
May-25 14:59:42.014 [main] DEBUG n.script.dsl.ProcessConfigBuilder - Config settings `withName:KRAKEN2` matches process CONTIG_TAXONOMY:KRAKEN2
May-25 14:59:42.022 [main] DEBUG nextflow.executor.ExecutorFactory - << taskConfig executor: null
May-25 14:59:42.022 [main] DEBUG nextflow.executor.ExecutorFactory - >> processorType: 'local'
May-25 14:59:42.023 [main] DEBUG nextflow.processor.TaskProcessor - Creating process 'CONTIG_TAXONOMY:KRAKEN2': maxForks=0; fair=false; array=0
May-25 14:59:42.037 [main] DEBUG n.script.dsl.ProcessConfigBuilder - Config settings `withLabel:process_low` matches labels `process_low` for process with name CONTIG_TAXONOMY:KRONA_K2_UPDATE_TAXONOMY
May-25 14:59:42.044 [main] DEBUG nextflow.executor.ExecutorFactory - << taskConfig executor: null
May-25 14:59:42.044 [main] DEBUG nextflow.executor.ExecutorFactory - >> processorType: 'local'
May-25 14:59:42.045 [main] DEBUG nextflow.processor.TaskProcessor - Creating process 'CONTIG_TAXONOMY:KRONA_K2_UPDATE_TAXONOMY': maxForks=0; fair=false; array=0
May-25 14:59:42.050 [main] DEBUG n.script.dsl.ProcessConfigBuilder - Config settings `withLabel:process_low` matches labels `process_low` for process with name CONTIG_TAXONOMY:KRONA_K2_IMPORT_TAXONOMY
May-25 14:59:42.051 [main] DEBUG n.script.dsl.ProcessConfigBuilder - Config settings `withName:KRONA_K2_IMPORT_TAXONOMY` matches process CONTIG_TAXONOMY:KRONA_K2_IMPORT_TAXONOMY
May-25 14:59:42.059 [main] DEBUG nextflow.executor.ExecutorFactory - << taskConfig executor: null
May-25 14:59:42.059 [main] DEBUG nextflow.executor.ExecutorFactory - >> processorType: 'local'
May-25 14:59:42.060 [main] DEBUG nextflow.processor.TaskProcessor - Creating process 'CONTIG_TAXONOMY:KRONA_K2_IMPORT_TAXONOMY': maxForks=0; fair=false; array=0
May-25 14:59:42.067 [main] DEBUG n.script.dsl.ProcessConfigBuilder - Config settings `withLabel:process_medium` matches labels `process_medium` for process with name CONTIG_TAXONOMY:BRACKEN
May-25 14:59:42.071 [main] DEBUG n.script.dsl.ProcessConfigBuilder - Config settings `withName:BRACKEN` matches process CONTIG_TAXONOMY:BRACKEN
May-25 14:59:42.077 [main] DEBUG nextflow.executor.ExecutorFactory - << taskConfig executor: null
May-25 14:59:42.077 [main] DEBUG nextflow.executor.ExecutorFactory - >> processorType: 'local'
May-25 14:59:42.078 [main] DEBUG nextflow.processor.TaskProcessor - Creating process 'CONTIG_TAXONOMY:BRACKEN': maxForks=0; fair=false; array=0
May-25 14:59:42.091 [main] DEBUG n.script.dsl.ProcessConfigBuilder - Config settings `withLabel:process_single` matches labels `process_single` for process with name CONTIG_TAXONOMY:BRACKEN_SUMMARY
May-25 14:59:42.095 [main] DEBUG n.script.dsl.ProcessConfigBuilder - Config settings `withName:BRACKEN_SUMMARY` matches process CONTIG_TAXONOMY:BRACKEN_SUMMARY
May-25 14:59:42.100 [main] DEBUG nextflow.executor.ExecutorFactory - << taskConfig executor: null
May-25 14:59:42.100 [main] DEBUG nextflow.executor.ExecutorFactory - >> processorType: 'local'
May-25 14:59:42.101 [main] DEBUG nextflow.processor.TaskProcessor - Creating process 'CONTIG_TAXONOMY:BRACKEN_SUMMARY': maxForks=0; fair=false; array=0
May-25 14:59:42.109 [main] DEBUG n.script.dsl.ProcessConfigBuilder - Config settings `withLabel:process_single` matches labels `process_single` for process with name CONTIG_TAXONOMY:COMBINE_BRACKEN_OUTPUTS
May-25 14:59:42.111 [main] DEBUG n.script.dsl.ProcessConfigBuilder - Config settings `withName:COMBINE_BRACKEN_OUTPUTS` matches process CONTIG_TAXONOMY:COMBINE_BRACKEN_OUTPUTS
May-25 14:59:42.117 [main] DEBUG nextflow.executor.ExecutorFactory - << taskConfig executor: null
May-25 14:59:42.117 [main] DEBUG nextflow.executor.ExecutorFactory - >> processorType: 'local'
May-25 14:59:42.118 [main] DEBUG nextflow.processor.TaskProcessor - Creating process 'CONTIG_TAXONOMY:COMBINE_BRACKEN_OUTPUTS': maxForks=0; fair=false; array=0
May-25 14:59:42.123 [main] DEBUG n.script.dsl.ProcessConfigBuilder - Config settings `withLabel:process_low` matches labels `process_low` for process with name CONTIG_TAXONOMY:TAXCONVERTER
May-25 14:59:42.126 [main] DEBUG n.script.dsl.ProcessConfigBuilder - Config settings `withName:TAXCONVERTER` matches process CONTIG_TAXONOMY:TAXCONVERTER
May-25 14:59:42.132 [main] DEBUG nextflow.executor.ExecutorFactory - << taskConfig executor: null
May-25 14:59:42.132 [main] DEBUG nextflow.executor.ExecutorFactory - >> processorType: 'local'
May-25 14:59:42.133 [main] DEBUG nextflow.processor.TaskProcessor - Creating process 'CONTIG_TAXONOMY:TAXCONVERTER': maxForks=0; fair=false; array=0
May-25 14:59:42.204 [main] DEBUG n.script.dsl.ProcessConfigBuilder - Config settings `withLabel:process_low` matches labels `process_low` for process with name BINNING_PREPARATION:SEMIBIN_CONCATENATE_FASTA
May-25 14:59:42.207 [main] DEBUG n.script.dsl.ProcessConfigBuilder - Config settings `withName:SEMIBIN_CONCATENATE_FASTA` matches process BINNING_PREPARATION:SEMIBIN_CONCATENATE_FASTA
May-25 14:59:42.212 [main] DEBUG nextflow.executor.ExecutorFactory - << taskConfig executor: null
May-25 14:59:42.212 [main] DEBUG nextflow.executor.ExecutorFactory - >> processorType: 'local'
May-25 14:59:42.213 [main] DEBUG nextflow.processor.TaskProcessor - Creating process 'BINNING_PREPARATION:SEMIBIN_CONCATENATE_FASTA': maxForks=0; fair=false; array=0
May-25 14:59:42.217 [main] DEBUG n.script.dsl.ProcessConfigBuilder - Config settings `withLabel:process_single` matches labels `process_single` for process with name BINNING_PREPARATION:RENAME_SOLO_CONTIGS
May-25 14:59:42.223 [main] DEBUG nextflow.executor.ExecutorFactory - << taskConfig executor: null
May-25 14:59:42.223 [main] DEBUG nextflow.executor.ExecutorFactory - >> processorType: 'local'
May-25 14:59:42.224 [main] DEBUG nextflow.processor.TaskProcessor - Creating process 'BINNING_PREPARATION:RENAME_SOLO_CONTIGS': maxForks=0; fair=false; array=0
May-25 14:59:42.233 [main] DEBUG n.script.dsl.ProcessConfigBuilder - Config settings `withLabel:process_low` matches labels `process_low` for process with name BINNING_PREPARATION:MINIMAP2_ASSEMBLY_INDEX
May-25 14:59:42.234 [main] DEBUG n.script.dsl.ProcessConfigBuilder - Config settings `withName:MINIMAP2_INDEX` matches process BINNING_PREPARATION:MINIMAP2_ASSEMBLY_INDEX
May-25 14:59:42.236 [main] DEBUG n.script.dsl.ProcessConfigBuilder - Config settings `withName:MINIMAP2_ASSEMBLY_INDEX` matches process BINNING_PREPARATION:MINIMAP2_ASSEMBLY_INDEX
May-25 14:59:42.240 [main] DEBUG nextflow.executor.ExecutorFactory - << taskConfig executor: null
May-25 14:59:42.240 [main] DEBUG nextflow.executor.ExecutorFactory - >> processorType: 'local'
May-25 14:59:42.245 [main] DEBUG nextflow.processor.TaskProcessor - Creating process 'BINNING_PREPARATION:MINIMAP2_ASSEMBLY_INDEX': maxForks=0; fair=false; array=0
May-25 14:59:42.271 [main] DEBUG n.script.dsl.ProcessConfigBuilder - Config settings `withLabel:process_high` matches labels `process_high` for process with name BINNING_PREPARATION:MINIMAP2_ASSEMBLY_ALIGNMENT
May-25 14:59:42.273 [main] DEBUG n.script.dsl.ProcessConfigBuilder - Config settings `withName:MINIMAP2_ASSEMBLY_ALIGNMENT` matches process BINNING_PREPARATION:MINIMAP2_ASSEMBLY_ALIGNMENT
May-25 14:59:42.278 [main] DEBUG nextflow.executor.ExecutorFactory - << taskConfig executor: null
May-25 14:59:42.278 [main] DEBUG nextflow.executor.ExecutorFactory - >> processorType: 'local'
May-25 14:59:42.279 [main] DEBUG nextflow.processor.TaskProcessor - Creating process 'BINNING_PREPARATION:MINIMAP2_ASSEMBLY_ALIGNMENT': maxForks=0; fair=false; array=0
May-25 14:59:42.293 [main] DEBUG n.script.dsl.ProcessConfigBuilder - Config settings `withLabel:process_single` matches labels `process_single` for process with name BINNING_PREPARATION:TAXVAMB_CONCATENATE_TAXONOMY
May-25 14:59:42.300 [main] DEBUG nextflow.executor.ExecutorFactory - << taskConfig executor: null
May-25 14:59:42.300 [main] DEBUG nextflow.executor.ExecutorFactory - >> processorType: 'local'
May-25 14:59:42.300 [main] DEBUG nextflow.processor.TaskProcessor - Creating process 'BINNING_PREPARATION:TAXVAMB_CONCATENATE_TAXONOMY': maxForks=0; fair=false; array=0
May-25 14:59:42.305 [main] DEBUG n.script.dsl.ProcessConfigBuilder - Config settings `withLabel:process_single` matches labels `process_single` for process with name BINNING_PREPARATION:RENAME_SOLO_TAXONOMY
May-25 14:59:42.311 [main] DEBUG nextflow.executor.ExecutorFactory - << taskConfig executor: null
May-25 14:59:42.311 [main] DEBUG nextflow.executor.ExecutorFactory - >> processorType: 'local'
May-25 14:59:42.312 [main] DEBUG nextflow.processor.TaskProcessor - Creating process 'BINNING_PREPARATION:RENAME_SOLO_TAXONOMY': maxForks=0; fair=false; array=0
May-25 14:59:42.337 [main] DEBUG n.script.dsl.ProcessConfigBuilder - Config settings `withLabel:process_medium` matches labels `process_medium` for process with name BINNING:JGISUMMARIZEBAMCONTIGDEPTHS
May-25 14:59:42.339 [main] DEBUG n.script.dsl.ProcessConfigBuilder - Config settings `withName:JGISUMMARIZEBAMCONTIGDEPTHS` matches process BINNING:JGISUMMARIZEBAMCONTIGDEPTHS
May-25 14:59:42.341 [main] DEBUG nextflow.executor.ExecutorFactory - << taskConfig executor: null
May-25 14:59:42.341 [main] DEBUG nextflow.executor.ExecutorFactory - >> processorType: 'local'
May-25 14:59:42.341 [main] DEBUG nextflow.processor.TaskProcessor - Creating process 'BINNING:JGISUMMARIZEBAMCONTIGDEPTHS': maxForks=0; fair=false; array=0
May-25 14:59:42.366 [main] DEBUG n.script.dsl.ProcessConfigBuilder - Config settings `withLabel:process_single` matches labels `process_single` for process with name BINNING:VAMB_CONVERT_ABUNDANCE
May-25 14:59:42.368 [main] DEBUG n.script.dsl.ProcessConfigBuilder - Config settings `withName:VAMB_CONVERT_ABUNDANCE` matches process BINNING:VAMB_CONVERT_ABUNDANCE
May-25 14:59:42.373 [main] DEBUG nextflow.executor.ExecutorFactory - << taskConfig executor: null
May-25 14:59:42.373 [main] DEBUG nextflow.executor.ExecutorFactory - >> processorType: 'local'
May-25 14:59:42.374 [main] DEBUG nextflow.processor.TaskProcessor - Creating process 'BINNING:VAMB_CONVERT_ABUNDANCE': maxForks=0; fair=false; array=0
May-25 14:59:42.380 [main] DEBUG n.script.dsl.ProcessConfigBuilder - Config settings `withLabel:process_single` matches labels `process_single` for process with name BINNING:VAMB_FILTER_TAXONOMY
May-25 14:59:42.382 [main] DEBUG n.script.dsl.ProcessConfigBuilder - Config settings `withName:VAMB_FILTER_TAXONOMY` matches process BINNING:VAMB_FILTER_TAXONOMY
May-25 14:59:42.389 [main] DEBUG nextflow.executor.ExecutorFactory - << taskConfig executor: null
May-25 14:59:42.390 [main] DEBUG nextflow.executor.ExecutorFactory - >> processorType: 'local'
May-25 14:59:42.391 [main] DEBUG nextflow.processor.TaskProcessor - Creating process 'BINNING:VAMB_FILTER_TAXONOMY': maxForks=0; fair=false; array=0
May-25 14:59:42.409 [main] DEBUG n.script.dsl.ProcessConfigBuilder - Config settings `withLabel:process_high` matches labels `process_high` for process with name BINNING:VAMB_BIN
May-25 14:59:42.410 [main] DEBUG n.script.dsl.ProcessConfigBuilder - Config settings `withName:VAMB_BIN` matches process BINNING:VAMB_BIN
May-25 14:59:42.420 [main] DEBUG nextflow.executor.ExecutorFactory - << taskConfig executor: null
May-25 14:59:42.420 [main] DEBUG nextflow.executor.ExecutorFactory - >> processorType: 'local'
May-25 14:59:42.421 [main] DEBUG nextflow.processor.TaskProcessor - Creating process 'BINNING:VAMB_BIN': maxForks=0; fair=false; array=0
May-25 14:59:42.444 [main] DEBUG n.script.dsl.ProcessConfigBuilder - Config settings `withLabel:process_medium` matches labels `process_medium` for process with name BINNING:METABAT2
May-25 14:59:42.445 [main] DEBUG n.script.dsl.ProcessConfigBuilder - Config settings `withName:METABAT2` matches process BINNING:METABAT2
May-25 14:59:42.450 [main] DEBUG nextflow.executor.ExecutorFactory - << taskConfig executor: null
May-25 14:59:42.450 [main] DEBUG nextflow.executor.ExecutorFactory - >> processorType: 'local'
May-25 14:59:42.450 [main] DEBUG nextflow.processor.TaskProcessor - Creating process 'BINNING:METABAT2': maxForks=0; fair=false; array=0
May-25 14:59:42.466 [main] DEBUG n.script.dsl.ProcessConfigBuilder - Config settings `withLabel:process_medium` matches labels `process_medium` for process with name BINNING:METABINNER
May-25 14:59:42.468 [main] DEBUG n.script.dsl.ProcessConfigBuilder - Config settings `withName:METABINNER` matches process BINNING:METABINNER
May-25 14:59:42.472 [main] DEBUG nextflow.executor.ExecutorFactory - << taskConfig executor: null
May-25 14:59:42.472 [main] DEBUG nextflow.executor.ExecutorFactory - >> processorType: 'local'
May-25 14:59:42.472 [main] DEBUG nextflow.processor.TaskProcessor - Creating process 'BINNING:METABINNER': maxForks=0; fair=false; array=0
May-25 14:59:42.494 [main] DEBUG n.script.dsl.ProcessConfigBuilder - Config settings `withLabel:process_single` matches labels `process_single` for process with name BIN_REFINEMENT:DASTOOL_FASTATOCONTIG2BIN
May-25 14:59:42.496 [main] DEBUG n.script.dsl.ProcessConfigBuilder - Config settings `withName:DASTOOL_FASTATOCONTIG2BIN` matches process BIN_REFINEMENT:DASTOOL_FASTATOCONTIG2BIN
May-25 14:59:42.499 [main] DEBUG nextflow.executor.ExecutorFactory - << taskConfig executor: null
May-25 14:59:42.500 [main] DEBUG nextflow.executor.ExecutorFactory - >> processorType: 'local'
May-25 14:59:42.500 [main] DEBUG nextflow.processor.TaskProcessor - Creating process 'BIN_REFINEMENT:DASTOOL_FASTATOCONTIG2BIN': maxForks=0; fair=false; array=0
May-25 14:59:42.535 [main] DEBUG n.script.dsl.ProcessConfigBuilder - Config settings `withLabel:process_medium` matches labels `process_medium` for process with name BIN_REFINEMENT:DASTOOL_DASTOOL
May-25 14:59:42.537 [main] DEBUG n.script.dsl.ProcessConfigBuilder - Config settings `withName:DASTOOL_DASTOOL` matches process BIN_REFINEMENT:DASTOOL_DASTOOL
May-25 14:59:42.541 [main] DEBUG nextflow.executor.ExecutorFactory - << taskConfig executor: null
May-25 14:59:42.541 [main] DEBUG nextflow.executor.ExecutorFactory - >> processorType: 'local'
May-25 14:59:42.542 [main] DEBUG nextflow.processor.TaskProcessor - Creating process 'BIN_REFINEMENT:DASTOOL_DASTOOL': maxForks=0; fair=false; array=0
May-25 14:59:42.584 [main] DEBUG n.script.dsl.ProcessConfigBuilder - Config settings `withLabel:process_medium` matches labels `process_medium` for process with name BIN_EVALUATION:CHECKM2_PREDICT
May-25 14:59:42.586 [main] DEBUG n.script.dsl.ProcessConfigBuilder - Config settings `withName:CHECKM2_PREDICT` matches process BIN_EVALUATION:CHECKM2_PREDICT
May-25 14:59:42.590 [main] DEBUG nextflow.executor.ExecutorFactory - << taskConfig executor: null
May-25 14:59:42.590 [main] DEBUG nextflow.executor.ExecutorFactory - >> processorType: 'local'
May-25 14:59:42.590 [main] DEBUG nextflow.processor.TaskProcessor - Creating process 'BIN_EVALUATION:CHECKM2_PREDICT': maxForks=0; fair=false; array=0
May-25 14:59:42.622 [main] DEBUG n.script.dsl.ProcessConfigBuilder - Config settings `withLabel:process_medium` matches labels `process_medium` for process with name BIN_DEREPLICATION:DREP_COMPARE
May-25 14:59:42.624 [main] DEBUG n.script.dsl.ProcessConfigBuilder - Config settings `withName:DREP_COMPARE` matches process BIN_DEREPLICATION:DREP_COMPARE
May-25 14:59:42.628 [main] DEBUG nextflow.executor.ExecutorFactory - << taskConfig executor: null
May-25 14:59:42.628 [main] DEBUG nextflow.executor.ExecutorFactory - >> processorType: 'local'
May-25 14:59:42.629 [main] DEBUG nextflow.processor.TaskProcessor - Creating process 'BIN_DEREPLICATION:DREP_COMPARE': maxForks=0; fair=false; array=0
May-25 14:59:42.635 [main] DEBUG n.script.dsl.ProcessConfigBuilder - Config settings `withLabel:process_single` matches labels `process_single` for process with name BIN_DEREPLICATION:MODIFY_CHECKM_FOR_DREP
May-25 14:59:42.645 [main] DEBUG nextflow.executor.ExecutorFactory - << taskConfig executor: null
May-25 14:59:42.645 [main] DEBUG nextflow.executor.ExecutorFactory - >> processorType: 'local'
May-25 14:59:42.645 [main] DEBUG nextflow.processor.TaskProcessor - Creating process 'BIN_DEREPLICATION:MODIFY_CHECKM_FOR_DREP': maxForks=0; fair=false; array=0
May-25 14:59:42.656 [main] DEBUG n.script.dsl.ProcessConfigBuilder - Config settings `withLabel:process_medium` matches labels `process_medium` for process with name BIN_DEREPLICATION:DREP_DEREPLICATE
May-25 14:59:42.658 [main] DEBUG n.script.dsl.ProcessConfigBuilder - Config settings `withName:DREP_DEREPLICATE` matches process BIN_DEREPLICATION:DREP_DEREPLICATE
May-25 14:59:42.661 [main] DEBUG nextflow.executor.ExecutorFactory - << taskConfig executor: null
May-25 14:59:42.662 [main] DEBUG nextflow.executor.ExecutorFactory - >> processorType: 'local'
May-25 14:59:42.662 [main] DEBUG nextflow.processor.TaskProcessor - Creating process 'BIN_DEREPLICATION:DREP_DEREPLICATE': maxForks=0; fair=false; array=0
May-25 14:59:42.673 [main] DEBUG n.script.dsl.ProcessConfigBuilder - Config settings `withLabel:process_single` matches labels `process_single` for process with name BIN_DEREPLICATION:RENAME_DEREPLICATED_BINS
May-25 14:59:42.674 [main] DEBUG n.script.dsl.ProcessConfigBuilder - Config settings `withName:RENAME_DEREPLICATED_BINS` matches process BIN_DEREPLICATION:RENAME_DEREPLICATED_BINS
May-25 14:59:42.678 [main] DEBUG nextflow.executor.ExecutorFactory - << taskConfig executor: null
May-25 14:59:42.678 [main] DEBUG nextflow.executor.ExecutorFactory - >> processorType: 'local'
May-25 14:59:42.679 [main] DEBUG nextflow.processor.TaskProcessor - Creating process 'BIN_DEREPLICATION:RENAME_DEREPLICATED_BINS': maxForks=0; fair=false; array=0
May-25 14:59:42.693 [main] DEBUG n.script.dsl.ProcessConfigBuilder - Config settings `withLabel:process_high_memory` matches labels `process_high_memory` for process with name BIN_CLASSIFICATION:GTDBTK_CLASSIFYWF
May-25 14:59:42.694 [main] DEBUG n.script.dsl.ProcessConfigBuilder - Config settings `withName:GTDBTK_CLASSIFYWF` matches process BIN_CLASSIFICATION:GTDBTK_CLASSIFYWF
May-25 14:59:42.699 [main] DEBUG nextflow.executor.ExecutorFactory - << taskConfig executor: null
May-25 14:59:42.699 [main] DEBUG nextflow.executor.ExecutorFactory - >> processorType: 'local'
May-25 14:59:42.699 [main] DEBUG nextflow.processor.TaskProcessor - Creating process 'BIN_CLASSIFICATION:GTDBTK_CLASSIFYWF': maxForks=0; fair=false; array=0
May-25 14:59:42.727 [main] DEBUG n.script.dsl.ProcessConfigBuilder - Config settings `withLabel:process_medium` matches labels `process_medium` for process with name BIN_ANNOTATION:BAKTA_BAKTA
May-25 14:59:42.729 [main] DEBUG n.script.dsl.ProcessConfigBuilder - Config settings `withName:BAKTA_BAKTA` matches process BIN_ANNOTATION:BAKTA_BAKTA
May-25 14:59:42.732 [main] DEBUG nextflow.executor.ExecutorFactory - << taskConfig executor: null
May-25 14:59:42.732 [main] DEBUG nextflow.executor.ExecutorFactory - >> processorType: 'local'
May-25 14:59:42.733 [main] DEBUG nextflow.processor.TaskProcessor - Creating process 'BIN_ANNOTATION:BAKTA_BAKTA': maxForks=0; fair=false; array=0
May-25 14:59:42.773 [main] DEBUG n.script.dsl.ProcessConfigBuilder - Config settings `withLabel:process_single` matches labels `process_single` for process with name BIN_ANNOTATION:BAKTA_COLLECT_ANNOTATION_STATS
May-25 14:59:42.775 [main] DEBUG n.script.dsl.ProcessConfigBuilder - Config settings `withName:BAKTA_COLLECT_ANNOTATION_STATS` matches process BIN_ANNOTATION:BAKTA_COLLECT_ANNOTATION_STATS
May-25 14:59:42.779 [main] DEBUG nextflow.executor.ExecutorFactory - << taskConfig executor: null
May-25 14:59:42.779 [main] DEBUG nextflow.executor.ExecutorFactory - >> processorType: 'local'
May-25 14:59:42.780 [main] DEBUG nextflow.processor.TaskProcessor - Creating process 'BIN_ANNOTATION:BAKTA_COLLECT_ANNOTATION_STATS': maxForks=0; fair=false; array=0
May-25 14:59:42.821 [main] DEBUG n.script.dsl.ProcessConfigBuilder - Config settings `withLabel:process_medium` matches labels `process_medium` for process with name BIN_COVERAGE:COVERM_GENOME_ORIGINAL
May-25 14:59:42.823 [main] DEBUG n.script.dsl.ProcessConfigBuilder - Config settings `withName:COVERM_GENOME_ORIGINAL` matches process BIN_COVERAGE:COVERM_GENOME_ORIGINAL
May-25 14:59:42.827 [main] DEBUG nextflow.executor.ExecutorFactory - << taskConfig executor: null
May-25 14:59:42.827 [main] DEBUG nextflow.executor.ExecutorFactory - >> processorType: 'local'
May-25 14:59:42.828 [main] DEBUG nextflow.processor.TaskProcessor - Creating process 'BIN_COVERAGE:COVERM_GENOME_ORIGINAL': maxForks=0; fair=false; array=0
May-25 14:59:42.845 [main] DEBUG n.script.dsl.ProcessConfigBuilder - Config settings `withLabel:process_medium` matches labels `process_medium` for process with name BIN_COVERAGE:COVERM_GENOME_GROUPED
May-25 14:59:42.848 [main] DEBUG n.script.dsl.ProcessConfigBuilder - Config settings `withName:COVERM_GENOME_GROUPED` matches process BIN_COVERAGE:COVERM_GENOME_GROUPED
May-25 14:59:42.851 [main] DEBUG nextflow.executor.ExecutorFactory - << taskConfig executor: null
May-25 14:59:42.852 [main] DEBUG nextflow.executor.ExecutorFactory - >> processorType: 'local'
May-25 14:59:42.852 [main] DEBUG nextflow.processor.TaskProcessor - Creating process 'BIN_COVERAGE:COVERM_GENOME_GROUPED': maxForks=0; fair=false; array=0
May-25 14:59:42.866 [main] DEBUG nextflow.Session - Workflow process names [dsl2]: VAMB_CONVERT_ABUNDANCE, JGISUMMARIZEBAMCONTIGDEPTHS, SEMIBIN2, READ_TAXONOMY:KRAKEN2, METAFLYE, ASSEMBLY_SHORT:QUAST_CONTIGS, BINNING:VAMB_BIN, CHECKM_LINEAGEWF, DRAM_PREPARE_DB, COMEBIN, CONCOCT_CONCOCTCOVERAGETABLE, CONTIG_TAXONOMY:BRACKEN_SUMMARY, VAMB_FILTER_TAXONOMY, READ_TAXONOMY:KRONA_K2_IMPORT_TAXONOMY, RENAME_PACBIO_READS, BAKTA_BAKTADBDOWNLOAD, JGI_DEPTHS4MAXBIN, BRACKEN_SUMMARIZE_ABUNDANCE, BIN_COVERAGE:COVERM_GENOME_ORIGINAL, SEMIBIN_CONCATENATE_FASTA, READ_TAXONOMY:COMBINE_BRACKEN_OUTPUTS, BIN_EVALUATION:CHECKM2_PREDICT, COVERM_GENOME, BAKTA_COLLECT_ANNOTATION_STATS, CONTIG_TAXONOMY:COMBINE_BRACKEN_OUTPUTS, BAKTA_BAKTA, KRAKEN2, EGGNOGMAPPER_METAGENOME, GATB_MINIA_PIPELINE, ASSEMBLY_SHORT:CONTIG_COVERAGE:COVERM_CONTIG, CONTIG_TAXONOMY:BRACKEN, BIN_ANNOTATION:BAKTA_COLLECT_ANNOTATION_STATS, HMBIN_VERIFY_F2C2B, METASPADES, MINIMAP2_INDEX, COVERM_CONTIG, FASTQC, FILTER_CONTAMINANTS, BINNING:JGISUMMARIZEBAMCONTIGDEPTHS, MULTIQC, CONCATENATE_CLEAN_READS, CONTIG_TAXONOMY:TAXCONVERTER, MAXBIN2, CONCATENATE_SHORT_READS_R2, ASSEMBLY_PREP_SHORT:RENAME_SHORT_READS_R1, MINIMAP2_ASSEMBLY_INDEX, CONCATENATE_SHORT_READS_R1, EGGNOG_UPDATE_CONFIG, ASSEMBLY_PREP_SHORT:RENAME_SHORT_READS_R2, DASTOOL_FASTATOCONTIG2BIN, TOULLIGQC_IN, BOWTIE2_FILTER_PHIX, BINNING:METABAT2, CONCOCT_CUTUPFASTA, BINNING:VAMB_CONVERT_ABUNDANCE, CHECKM_UNTAR, TOULLIGQC_OUT, LRBINNER, RENAME_ONT_READS, BINNING_PREPARATION:TAXVAMB_CONCATENATE_TAXONOMY, BIN_REFINEMENT:DASTOOL_DASTOOL, BOWTIE2_HOST_INDEX, DRAM_UPDATE_CONFIG, CHECKM2_UPDATE_CONFIG, CONTIG_TAXONOMY:KRAKEN2, QC_SHORT:MULTIQC_IN, CHECKM2_DATABASEDOWNLOAD, KRAKEN2_UPDATE_CONFIG, BIN_DEREPLICATION:MODIFY_CHECKM_FOR_DREP, BRACKEN_SUMMARY, QC_SHORT:FASTQC_IN, FLYE, METAMDBG, BINNING_PREPARATION:SEMIBIN_CONCATENATE_FASTA, MEDAKA, BINNING:METABINNER, BAKTA_UPDATE_CONFIG, RENAME_SHORT_READS_R1, BRACKEN, TAXVAMB_CONCATENATE_TAXONOMY, RENAME_SHORT_READS_R2, K2_BUILD, ASSEMBLY_SHORT:MEGAHIT, ASSEMBLY_PREP_SHORT:CONCATENATE_SHORT_READS_R1, MINIMAP2_FILTER_HOST, BIN_ANNOTATION:BAKTA_BAKTA, CHECKM2_PREDICT, ASSEMBLY_PREP_SHORT:CONCATENATE_SHORT_READS_R2, FASTP, TOULLIGQC, TAXCONVERTER, BRACKEN_BUILD, RENAME_SOLO_TAXONOMY, COVERM_GENOME_GROUPED, FASTPLONG, DASTOOL_DASTOOL, COMEBIN_RUNCOMEBIN, READ_TAXONOMY:BRACKEN, DREP_COMPARE, DRAM_ANNOTATE, UNTAR, BIN_DEREPLICATION:DREP_DEREPLICATE, CONCOCT_MERGECUTUPCLUSTERING, MULTIQC_IN, BINNING_PREPARATION:MINIMAP2_ASSEMBLY_ALIGNMENT, BOWTIE2_BUILD_INDEX, KRONA_K2_IMPORT_TAXONOMY, HIFIASM_CREATE_BIN_FILES, GTDBTK_CLASSIFYWF, DRAM_IMPORT_CONFIG, RENAME_CLEAN_READS, CONCOCT_CONCOCT, BIN_DEREPLICATION:RENAME_DEREPLICATED_BINS, TRIMMOMATIC, DRAM_SETUP, METABAT2, DRAM_DISTILL, KRONA_K2_UPDATE_TAXONOMY, BINNING_PREPARATION:RENAME_SOLO_TAXONOMY, RENAME_LONG_READS, HIFIASM_META, MODIFY_CHECKM_FOR_DREP, QC_SHORT:BOWTIE2_FILTER_PHIX, DREP_DEREPLICATE, BIN_REFINEMENT:DASTOOL_FASTATOCONTIG2BIN, BRACKEN_UPDATE_CONFIG, BRACKEN_ABUNDANCE_ESTIMATION, BIN_DEREPLICATION:DREP_COMPARE, MULTIQC_OUT, RENAME_SOLO_CONTIGS, MEGAHIT, SPADES, GTDB_UPDATE_CONFIG, LRBINNER_CREATE_BIN_FILES, QC_SHORT:FASTP, COMBINE_BRACKEN_OUTPUTS, FASTQC_OUT, RENAME_DEREPLICATED_BINS, EGGNOG_DB_DOWNLOAD, METABINNER, BINNING:VAMB_FILTER_TAXONOMY, BIN_COVERAGE:COVERM_GENOME_GROUPED, HIFIASM_CONTIG_GFA2FA, COVERM_GENOME_ORIGINAL, BOWTIE2_FILTER_HOST, CONCATENATE_LONG_READS, QUAST_CONTIGS, MINIMAP2_ASSEMBLY_ALIGNMENT, BIN_CLASSIFICATION:GTDBTK_CLASSIFYWF, READ_TAXONOMY:BRACKEN_SUMMARY, BINNING_PREPARATION:RENAME_SOLO_CONTIGS, FASTQC_IN, READ_TAXONOMY:KRONA_K2_UPDATE_TAXONOMY, VAMB_BIN, CONTIG_TAXONOMY:KRONA_K2_UPDATE_TAXONOMY, QC_SHORT:MULTIQC_OUT, CONTIG_TAXONOMY:KRONA_K2_IMPORT_TAXONOMY, BINNING_PREPARATION:MINIMAP2_ASSEMBLY_INDEX, GTDB_DB_DOWNLOAD, QC_SHORT:FASTQC_OUT, CHECKM_UPDATE_CONFIG, CONCOCT_EXTRACTFASTABINS, K2_DOWNLOAD_TAXONOMY
May-25 14:59:43.020 [main] WARN  nextflow.Session - There's no process matching config selector: PBTK_BAM2FASTQ
May-25 14:59:43.034 [main] DEBUG nextflow.Session - Igniting dataflow network (97)
May-25 14:59:43.044 [main] DEBUG nextflow.processor.TaskProcessor - Starting process > QC_SHORT:FASTQC_IN
May-25 14:59:43.046 [PathVisitor-2] DEBUG nextflow.file.PathVisitor - files for syntax: glob; folder: /data/users/danross/MAG_Pipeline/reference_genomes/phiX/; pattern: *.bt2; options: [:]
May-25 14:59:43.049 [main] DEBUG nextflow.processor.TaskProcessor - Starting process > QC_SHORT:MULTIQC_IN
May-25 14:59:43.049 [main] DEBUG nextflow.processor.TaskProcessor - Starting process > QC_SHORT:FASTP
May-25 14:59:43.049 [main] DEBUG nextflow.processor.TaskProcessor - Starting process > QC_SHORT:BOWTIE2_FILTER_PHIX
May-25 14:59:43.050 [main] DEBUG nextflow.processor.TaskProcessor - Starting process > QC_SHORT:FASTQC_OUT
May-25 14:59:43.050 [main] DEBUG nextflow.processor.TaskProcessor - Starting process > QC_SHORT:MULTIQC_OUT
May-25 14:59:43.050 [main] DEBUG nextflow.processor.TaskProcessor - Starting process > READ_TAXONOMY:KRAKEN2
May-25 14:59:43.053 [main] DEBUG nextflow.processor.TaskProcessor - Starting process > READ_TAXONOMY:KRONA_K2_UPDATE_TAXONOMY
May-25 14:59:43.053 [main] DEBUG nextflow.processor.TaskProcessor - Starting process > READ_TAXONOMY:KRONA_K2_IMPORT_TAXONOMY
May-25 14:59:43.053 [main] DEBUG nextflow.processor.TaskProcessor - Starting process > READ_TAXONOMY:BRACKEN
May-25 14:59:43.053 [main] DEBUG nextflow.processor.TaskProcessor - Starting process > READ_TAXONOMY:BRACKEN_SUMMARY
May-25 14:59:43.053 [main] DEBUG nextflow.processor.TaskProcessor - Starting process > READ_TAXONOMY:COMBINE_BRACKEN_OUTPUTS
May-25 14:59:43.054 [main] DEBUG nextflow.processor.TaskProcessor - Starting process > ASSEMBLY_PREP_SHORT:CONCATENATE_SHORT_READS_R1
May-25 14:59:43.054 [main] DEBUG nextflow.processor.TaskProcessor - Starting process > ASSEMBLY_PREP_SHORT:RENAME_SHORT_READS_R1
May-25 14:59:43.055 [main] DEBUG nextflow.processor.TaskProcessor - Starting process > ASSEMBLY_PREP_SHORT:CONCATENATE_SHORT_READS_R2
May-25 14:59:43.059 [main] DEBUG nextflow.processor.TaskProcessor - Starting process > ASSEMBLY_PREP_SHORT:RENAME_SHORT_READS_R2
May-25 14:59:43.060 [main] DEBUG nextflow.processor.TaskProcessor - Starting process > ASSEMBLY_SHORT:MEGAHIT
May-25 14:59:43.060 [main] DEBUG nextflow.processor.TaskProcessor - Starting process > ASSEMBLY_SHORT:QUAST_CONTIGS
May-25 14:59:43.060 [main] DEBUG nextflow.processor.TaskProcessor - Starting process > ASSEMBLY_SHORT:CONTIG_COVERAGE:COVERM_CONTIG
May-25 14:59:43.060 [main] DEBUG nextflow.processor.TaskProcessor - Starting process > CONTIG_TAXONOMY:KRAKEN2
May-25 14:59:43.064 [main] DEBUG nextflow.processor.TaskProcessor - Starting process > CONTIG_TAXONOMY:KRONA_K2_UPDATE_TAXONOMY
May-25 14:59:43.064 [main] DEBUG nextflow.processor.TaskProcessor - Starting process > CONTIG_TAXONOMY:KRONA_K2_IMPORT_TAXONOMY
May-25 14:59:43.064 [main] DEBUG nextflow.processor.TaskProcessor - Starting process > CONTIG_TAXONOMY:BRACKEN
May-25 14:59:43.064 [main] DEBUG nextflow.processor.TaskProcessor - Starting process > CONTIG_TAXONOMY:BRACKEN_SUMMARY
May-25 14:59:43.066 [main] DEBUG nextflow.processor.TaskProcessor - Starting process > CONTIG_TAXONOMY:COMBINE_BRACKEN_OUTPUTS
May-25 14:59:43.066 [main] DEBUG nextflow.processor.TaskProcessor - Starting process > CONTIG_TAXONOMY:TAXCONVERTER
May-25 14:59:43.070 [main] DEBUG nextflow.processor.TaskProcessor - Starting process > BINNING_PREPARATION:SEMIBIN_CONCATENATE_FASTA
May-25 14:59:43.070 [main] DEBUG nextflow.processor.TaskProcessor - Starting process > BINNING_PREPARATION:RENAME_SOLO_CONTIGS
May-25 14:59:43.083 [main] DEBUG nextflow.processor.TaskProcessor - Starting process > BINNING_PREPARATION:MINIMAP2_ASSEMBLY_INDEX
May-25 14:59:43.083 [main] DEBUG nextflow.processor.TaskProcessor - Starting process > BINNING_PREPARATION:MINIMAP2_ASSEMBLY_ALIGNMENT
May-25 14:59:43.083 [main] DEBUG nextflow.processor.TaskProcessor - Starting process > BINNING_PREPARATION:TAXVAMB_CONCATENATE_TAXONOMY
May-25 14:59:43.083 [main] DEBUG nextflow.processor.TaskProcessor - Starting process > BINNING_PREPARATION:RENAME_SOLO_TAXONOMY
May-25 14:59:43.083 [main] DEBUG nextflow.processor.TaskProcessor - Starting process > BINNING:JGISUMMARIZEBAMCONTIGDEPTHS
May-25 14:59:43.083 [main] DEBUG nextflow.processor.TaskProcessor - Starting process > BINNING:VAMB_CONVERT_ABUNDANCE
May-25 14:59:43.083 [main] DEBUG nextflow.processor.TaskProcessor - Starting process > BINNING:VAMB_FILTER_TAXONOMY
May-25 14:59:43.083 [main] DEBUG nextflow.processor.TaskProcessor - Starting process > BINNING:VAMB_BIN
May-25 14:59:43.083 [main] DEBUG nextflow.processor.TaskProcessor - Starting process > BINNING:METABAT2
May-25 14:59:43.083 [main] DEBUG nextflow.processor.TaskProcessor - Starting process > BINNING:METABINNER
May-25 14:59:43.083 [main] DEBUG nextflow.processor.TaskProcessor - Starting process > BIN_REFINEMENT:DASTOOL_FASTATOCONTIG2BIN
May-25 14:59:43.083 [main] DEBUG nextflow.processor.TaskProcessor - Starting process > BIN_REFINEMENT:DASTOOL_DASTOOL
May-25 14:59:43.085 [main] DEBUG nextflow.processor.TaskProcessor - Starting process > BIN_EVALUATION:CHECKM2_PREDICT
May-25 14:59:43.085 [main] DEBUG nextflow.processor.TaskProcessor - Starting process > BIN_DEREPLICATION:DREP_COMPARE
May-25 14:59:43.086 [main] DEBUG nextflow.processor.TaskProcessor - Starting process > BIN_DEREPLICATION:MODIFY_CHECKM_FOR_DREP
May-25 14:59:43.086 [main] DEBUG nextflow.processor.TaskProcessor - Starting process > BIN_DEREPLICATION:DREP_DEREPLICATE
May-25 14:59:43.086 [main] DEBUG nextflow.processor.TaskProcessor - Starting process > BIN_DEREPLICATION:RENAME_DEREPLICATED_BINS
May-25 14:59:43.086 [main] DEBUG nextflow.processor.TaskProcessor - Starting process > BIN_CLASSIFICATION:GTDBTK_CLASSIFYWF
May-25 14:59:43.088 [main] DEBUG nextflow.processor.TaskProcessor - Starting process > BIN_ANNOTATION:BAKTA_BAKTA
May-25 14:59:43.091 [main] DEBUG nextflow.processor.TaskProcessor - Starting process > BIN_ANNOTATION:BAKTA_COLLECT_ANNOTATION_STATS
May-25 14:59:43.091 [main] DEBUG nextflow.processor.TaskProcessor - Starting process > BIN_COVERAGE:COVERM_GENOME_ORIGINAL
May-25 14:59:43.091 [main] DEBUG nextflow.processor.TaskProcessor - Starting process > BIN_COVERAGE:COVERM_GENOME_GROUPED
May-25 14:59:43.110 [main] DEBUG nextflow.script.ScriptRunner - Parsed script files:
  Script_43cbb065d9c13450: /data/users/danross/MAG_Pipeline/subworkflows/local/qc_short/main.nf
  Script_58b87df230f9d296: /data/users/danross/MAG_Pipeline/modules/local/quast/quast_contigs/main.nf
  Script_874998457a7d4519: /data/users/danross/MAG_Pipeline/subworkflows/local/assembly_long/main.nf
  Script_5c2eab05fe400510: /data/users/danross/MAG_Pipeline/modules/local/gtdbtk/db_download/main.nf
  Script_973efd2f8f4b6130: /data/users/danross/MAG_Pipeline/subworkflows/local/binning/main.nf
  Script_ca33b167be580b2a: /data/users/danross/MAG_Pipeline/modules/nf-core/toulligqc/main.nf
  Script_840b66db27f294e9: /data/users/danross/MAG_Pipeline/modules/local/minimap2/index/main.nf
  Script_dd14a001be6f45d1: /data/users/danross/MAG_Pipeline/modules/nf-core/vamb/bin/main.nf
  Script_be1ef764cabc9f02: /data/users/danross/MAG_Pipeline/modules/nf-core/checkm2/predict/main.nf
  Script_8e2e6bbe3ae9a0ba: /data/users/danross/MAG_Pipeline/modules/nf-core/bakta/bakta/main.nf
  Script_5627377537d32e4c: /data/users/danross/MAG_Pipeline/modules/nf-core/dastool/fastatocontig2bin/main.nf
  Script_5114765aa40f9cfb: /data/users/danross/MAG_Pipeline/modules/nf-core/concoct/cutupfasta/main.nf
  Script_2fb507c16d964b8d: /data/users/danross/MAG_Pipeline/modules/nf-core/bakta/baktadbdownload/main.nf
  Script_ee984e298f89a05a: /data/users/danross/MAG_Pipeline/modules/local/minimap2/assembly_alignment/main.nf
  Script_ec9f5b80234c3ed3: /data/users/danross/MAG_Pipeline/modules/local/flye/main.nf
  Script_e4ec83f9dccdde96: /data/users/danross/MAG_Pipeline/modules/local/multiqc/main.nf
  Script_792dd30385f6f22c: /data/users/danross/MAG_Pipeline/modules/nf-core/coverm/genome/main.nf
  Script_01c6c2e835c1c178: /data/users/danross/MAG_Pipeline/modules/local/gtdbtk/update_config/main.nf
  Script_ef9770aed8f8ca43: /data/users/danross/MAG_Pipeline/modules/local/bracken/build/main.nf
  Script_7ed4c6ed74db6fa0: /data/users/danross/MAG_Pipeline/modules/local/dram/update_config/main.nf
  Script_8ad88c6432e7e274: /data/users/danross/MAG_Pipeline/modules/nf-core/comebin/runcomebin/main.nf
  Script_63bbb8bc03471b39: /data/users/danross/MAG_Pipeline/modules/local/bracken/combine_bracken_outputs/main.nf
  Script_db445e0c57c25848: /data/users/danross/MAG_Pipeline/modules/nf-core/concoct/concoct/main.nf
  Script_4567015f7ccab5c7: /data/users/danross/MAG_Pipeline/modules/local/scripts/lrbinner_create_bin_files/main.nf
  Script_18357e85aa927bb1: /data/users/danross/MAG_Pipeline/modules/local/kraken2/k2_build/main.nf
  Script_b71c4ef5cae3e227: /data/users/danross/MAG_Pipeline/main.nf
  Script_4f063eca442385c1: /data/users/danross/MAG_Pipeline/modules/local/hifiasm_meta/main.nf
  Script_b3788abf802e49de: /data/users/danross/MAG_Pipeline/modules/local/trimmomatic/main.nf
  Script_5bce2dbd6912ab7c: /data/users/danross/MAG_Pipeline/modules/local/scripts/taxvamb_concatenate_tax/main.nf
  Script_047d7daa85585662: /data/users/danross/MAG_Pipeline/subworkflows/local/bin_dereplication/main.nf
  Script_3d87ead22ceb71b2: /data/users/danross/MAG_Pipeline/modules/nf-core/concoct/concoctcoveragetable/main.nf
  Script_004bfb498650c1e2: /data/users/danross/MAG_Pipeline/subworkflows/local/read_contig_taxonomy/main.nf
  Script_115bb42050d1aa1e: /data/users/danross/MAG_Pipeline/subworkflows/local/bin_evaluation/main.nf
  Script_84f5f4f215f0c4aa: /data/users/danross/MAG_Pipeline/modules/nf-core/drep/compare/main.nf
  Script_20961d2ef75c3662: /data/users/danross/MAG_Pipeline/modules/local/semibin/semibin2/main.nf
  Script_1b69d0281b2d76dc: /data/users/danross/MAG_Pipeline/modules/local/kraken2/k2_download_taxonomy/main.nf
  Script_8d7a8ddccb1e8d55: /data/users/danross/MAG_Pipeline/modules/local/fastqc/fromPairs/main.nf
  Script_6a29d33d52e03867: /data/users/danross/MAG_Pipeline/modules/local/taxconverter/main.nf
  Script_6318f225d1277255: /data/users/danross/MAG_Pipeline/modules/nf-core/coverm/contig/main.nf
  Script_d342bc70474429f8: /data/users/danross/MAG_Pipeline/subworkflows/local/bin_refinement/main.nf
  Script_ae0dce991e57339c: /data/users/danross/MAG_Pipeline/modules/nf-core/maxbin2/main.nf
  Script_a1a86545ba140d6e: /data/users/danross/MAG_Pipeline/modules/local/scripts/taxvamb_filter_taxonomy/main.nf
  Script_bfc7e00c136ac4db: /data/users/danross/MAG_Pipeline/modules/nf-core/concoct/mergecutupclustering/main.nf
  Script_8736c9666baaeafa: /data/users/danross/MAG_Pipeline/modules/local/dram/distill/main.nf
  Script_80f636811a3587de: /data/users/danross/MAG_Pipeline/subworkflows/local/contig_coverage/main.nf
  Script_989a4194df7f1ade: /data/users/danross/MAG_Pipeline/modules/local/scripts/hifiasm/hmbin_verify_f2c2b.nf
  Script_01dc277f4ce9a89d: /data/users/danross/MAG_Pipeline/modules/local/semibin/concatenate_fasta/main.nf
  Script_5047432971ce476a: /data/users/danross/MAG_Pipeline/modules/local/bowtie2/build_index/main.nf
  Script_0435616ada981647: /data/users/danross/MAG_Pipeline/modules/nf-core/gtdbtk/classifywf/main.nf
  Script_7809ed49b4e26766: /data/users/danross/MAG_Pipeline/modules/local/vamb/convert_abundance/main.nf
  Script_e7fea27f208123d7: /data/users/danross/MAG_Pipeline/modules/local/metabat2/metabat2/main.nf
  Script_815827c18327554f: /data/users/danross/MAG_Pipeline/modules/local/fastplong/main.nf
  Script_ba4029ba8a09f14b: /data/users/danross/MAG_Pipeline/modules/local/scripts/hifiasm/hifiasm_contig_gfa2fa.nf
  Script_a3ee77caa160dd03: /data/users/danross/MAG_Pipeline/subworkflows/local/assembly_prep_short/main.nf
  Script_54d53cb6e3c43cc8: /data/users/danross/MAG_Pipeline/modules/local/metabinner/main.nf
  Script_c4891381a7009205: /data/users/danross/MAG_Pipeline/modules/local/scripts/modify_checkm_for_drep/main.nf
  Script_7bb879da7473bcce: /data/users/danross/MAG_Pipeline/subworkflows/local/bin_coverage/main.nf
  Script_5e8af76884e64d0d: /data/users/danross/MAG_Pipeline/subworkflows/local/assembly_short/main.nf
  Script_02c606fcee755380: /data/users/danross/MAG_Pipeline/subworkflows/nf-core/fasta_binning_concoct/main.nf
  Script_824145168c979111: /data/users/danross/MAG_Pipeline/modules/local/scripts/rename_clean_reads/main.nf
  Script_96e3081d2a2b51ff: /data/users/danross/MAG_Pipeline/subworkflows/local/binning_preparation/main.nf
  Script_8bd82c74441bb9ea: /data/users/danross/MAG_Pipeline/modules/local/dram/setup/main.nf
  Script_f9228bd02f9f6fcf: /data/users/danross/MAG_Pipeline/modules/local/bracken/summarize_abundance/main.nf
  Script_00ddccf63779eb8b: /data/users/danross/MAG_Pipeline/modules/local/bracken/abundance_estimation/main.nf
  Script_cf286cb81aaba840: /data/users/danross/MAG_Pipeline/subworkflows/local/bin_classification/main.nf
  Script_1dc05ba52518b525: /data/users/danross/MAG_Pipeline/modules/local/bakta/collect_annotation_stats/main.nf
  Script_1d42f91193bd526b: /data/users/danross/MAG_Pipeline/modules/local/metamdbg/main.nf
  Script_92505e2620dbae4b: /data/users/danross/MAG_Pipeline/modules/local/minimap2/filter_host/main.nf
  Script_e3204cf16adf2415: /data/users/danross/MAG_Pipeline/modules/nf-core/drep/dereplicate/main.nf
  Script_d74c1935763bca49: /data/users/danross/MAG_Pipeline/modules/local/scripts/rename_dereplicated_bins/main.nf
  Script_4fb7cfe35485d5f3: /data/users/danross/MAG_Pipeline/modules/nf-core/untar/main.nf
  Script_aa5ab70f5fee64b2: /data/users/danross/MAG_Pipeline/subworkflows/local/assembly_hybrid/main.nf
  Script_75a749701f271c09: /data/users/danross/MAG_Pipeline/modules/local/bowtie2/filter_contaminants/main.nf
  Script_01d7fb4cf9f34a1e: /data/users/danross/MAG_Pipeline/modules/nf-core/concoct/extractfastabins/main.nf
  Script_4a9d356f83bc036e: /data/users/danross/MAG_Pipeline/modules/local/scripts/concatenate_clean_reads/main.nf
  Script_23922ae694f6c53a: /data/users/danross/MAG_Pipeline/modules/local/dram/annotate/main.nf
  Script_e0cb663eedf84ddb: /data/users/danross/MAG_Pipeline/subworkflows/local/qc_pacbio/main.nf
  Script_b838ad02b5dff916: /data/users/danross/MAG_Pipeline/modules/local/eggnogmapper/db_download/main.nf
  Script_4c7236988b539d2f: /data/users/danross/MAG_Pipeline/subworkflows/local/qc_nanopore/main.nf
  Script_9e6788fc0493f348: /data/users/danross/MAG_Pipeline/modules/local/krona/import_taxonomy/main.nf
  Script_7458cdd69f8a8364: /data/users/danross/MAG_Pipeline/modules/local/eggnogmapper/metagenome/main.nf
  Script_04f39f350dbffdfe: /data/users/danross/MAG_Pipeline/modules/local/fastp/main.nf
  Script_035b58c468fd3791: /data/users/danross/MAG_Pipeline/modules/local/lrbinner/main.nf
  Script_ec47feb39a3e75dd: /data/users/danross/MAG_Pipeline/modules/nf-core/checkm2/databasedownload/main.nf
  Script_0cab9a6657ee9cbf: /data/users/danross/MAG_Pipeline/modules/local/scripts/hifiasm/hifiasm_create_bin_files.nf
  Script_6290088c816c21c4: /data/users/danross/MAG_Pipeline/modules/local/kraken2/classify/main.nf
  Script_d123f44ab02fe059: /data/users/danross/MAG_Pipeline/modules/local/checkm/update_config/main.nf
  Script_0540bd8494ee1b3d: /data/users/danross/MAG_Pipeline/modules/local/bracken/update_config/main.nf
  Script_d1aa21ae8f928325: /data/users/danross/MAG_Pipeline/modules/nf-core/checkm/lineagewf/main.nf
  Script_8294326db899c1a3: /data/users/danross/MAG_Pipeline/modules/local/kraken2/update_config/main.nf
  Script_66e76d92e1bc934b: /data/users/danross/MAG_Pipeline/modules/nf-core/dastool/dastool/main.nf
  Script_1edbc99addf8ab14: /data/users/danross/MAG_Pipeline/modules/local/bakta/update_config/main.nf
  Script_ad9a5991a6f4c15d: /data/users/danross/MAG_Pipeline/modules/local/scripts/rename_solo_taxvamb_taxonomy/main.nf
  Script_b906dbba4dd75957: /data/users/danross/MAG_Pipeline/modules/local/gatb/minia_pipeline/main.nf
  Script_2595518c4629d1a2: /data/users/danross/MAG_Pipeline/modules/local/jgi_depths4maxbin/main.nf
  Script_d129873bbecf1901: /data/users/danross/MAG_Pipeline/modules/local/metabat2/jgiSummarizeBamContigDepths/main.nf
  Script_efe94b9619dc15fe: /data/users/danross/MAG_Pipeline/modules/local/spades/main.nf
  Script_db43dc19b63f85fa: /data/users/danross/MAG_Pipeline/subworkflows/local/assembly_prep_long/main.nf
  Script_4c9fec9ba2f92fb6: /data/users/danross/MAG_Pipeline/modules/local/scripts/rename_solo_contigs/main.nf
  Script_e7c4946c87278332: /data/users/danross/MAG_Pipeline/modules/local/megahit/main.nf
  Script_47a02cc82bce2241: /data/users/danross/MAG_Pipeline/subworkflows/local/contig_polishing/main.nf
  Script_eafb8af995d11458: /data/users/danross/MAG_Pipeline/subworkflows/local/bin_annotation/main.nf
  Script_5525a721b069d24a: /data/users/danross/MAG_Pipeline/modules/local/checkm2/update_config/main.nf
  Script_bdcbbf46b56e02e3: /data/users/danross/MAG_Pipeline/modules/nf-core/medaka/main.nf
  Script_76cb4ead183800ba: /data/users/danross/MAG_Pipeline/modules/local/krona/update_taxonomy/main.nf
  Script_e1e2e654496a0c66: /data/users/danross/MAG_Pipeline/modules/local/eggnogmapper/update_config/main.nf
May-25 14:59:43.111 [main] DEBUG nextflow.script.ScriptRunner - > Awaiting termination 
May-25 14:59:43.111 [main] DEBUG nextflow.Session - Session await
May-25 14:59:43.170 [Actor Thread 4] INFO  nextflow.conda.CondaCache - Creating env using conda: bioconda::fastqc=0.12.1 [cache /data/users/danross/MAG_Pipeline/pipeline_test/tutorial/work/conda/env-49dea791c31ead673ed2e341e1c6d206]
May-25 14:59:43.170 [Actor Thread 14] INFO  nextflow.conda.CondaCache - Creating env using conda: bioconda::fastp=0.24.3 [cache /data/users/danross/MAG_Pipeline/pipeline_test/tutorial/work/conda/env-7cae6c2103e4987f435ef0b8a6937405]
May-25 14:59:43.187 [Actor Thread 18] INFO  nextflow.conda.CondaCache - Creating env using conda: /data/users/danross/MAG_Pipeline/modules/local/krona/update_taxonomy/../import_taxonomy/environment.yml [cache /data/users/danross/MAG_Pipeline/pipeline_test/tutorial/work/conda/env-1440df7c1e854c9c49e5d6726642e84d]
May-25 15:00:23.243 [Actor Thread 4] DEBUG nextflow.conda.CondaCache - 'conda' create complete env=bioconda::fastqc=0.12.1 path=/data/users/danross/MAG_Pipeline/pipeline_test/tutorial/work/conda/env-49dea791c31ead673ed2e341e1c6d206
May-25 15:00:23.358 [Task submitter] DEBUG n.executor.local.LocalTaskHandler - Launch cmd line: /bin/bash -ue .command.run
May-25 15:00:23.362 [Task submitter] INFO  nextflow.Session - [86/e645bf] Submitted process > QC_SHORT:FASTQC_IN (ERR011348)
May-25 15:00:23.392 [Task submitter] DEBUG n.executor.local.LocalTaskHandler - Launch cmd line: /bin/bash -ue .command.run
May-25 15:00:23.393 [Task submitter] INFO  nextflow.Session - [7c/f3987e] Submitted process > QC_SHORT:FASTQC_IN (ERR011349)
May-25 15:00:40.774 [Actor Thread 18] DEBUG nextflow.conda.CondaCache - 'conda' create complete env=/data/users/danross/MAG_Pipeline/modules/local/krona/update_taxonomy/../import_taxonomy/environment.yml path=/data/users/danross/MAG_Pipeline/pipeline_test/tutorial/work/conda/env-1440df7c1e854c9c49e5d6726642e84d
May-25 15:00:41.425 [Task submitter] DEBUG n.executor.local.LocalTaskHandler - Launch cmd line: /bin/bash -ue .command.run
May-25 15:00:41.426 [Task submitter] INFO  nextflow.Session - [77/6a377a] Submitted process > CONTIG_TAXONOMY:KRONA_K2_UPDATE_TAXONOMY
May-25 15:00:54.993 [Actor Thread 14] DEBUG nextflow.conda.CondaCache - 'conda' create complete env=bioconda::fastp=0.24.3 path=/data/users/danross/MAG_Pipeline/pipeline_test/tutorial/work/conda/env-7cae6c2103e4987f435ef0b8a6937405
May-25 15:02:21.247 [Task monitor] DEBUG n.processor.TaskPollingMonitor - Task completed > TaskHandler[id: 6; name: CONTIG_TAXONOMY:KRONA_K2_UPDATE_TAXONOMY; status: COMPLETED; exit: 0; error: -; workDir: /data/users/danross/MAG_Pipeline/pipeline_test/tutorial/work/77/6a377a6a16ddb2466d61f8f6b5a45e]
May-25 15:02:21.248 [Task monitor] DEBUG nextflow.util.ThreadPoolBuilder - Creating thread pool 'TaskFinalizer' minSize=10; maxSize=48; workQueue=LinkedBlockingQueue[-1]; allowCoreThreadTimeout=false
May-25 15:02:21.256 [Task submitter] DEBUG n.executor.local.LocalTaskHandler - Launch cmd line: /bin/bash -ue .command.run
May-25 15:02:21.257 [Task submitter] INFO  nextflow.Session - [55/394e35] Submitted process > READ_TAXONOMY:KRONA_K2_UPDATE_TAXONOMY
May-25 15:02:22.788 [Task monitor] DEBUG n.processor.TaskPollingMonitor - Task completed > TaskHandler[id: 1; name: READ_TAXONOMY:KRONA_K2_UPDATE_TAXONOMY; status: COMPLETED; exit: 0; error: -; workDir: /data/users/danross/MAG_Pipeline/pipeline_test/tutorial/work/55/394e3549b8d55a397bb42c65b04592]
May-25 15:02:23.419 [Task monitor] DEBUG n.processor.TaskPollingMonitor - Task completed > TaskHandler[id: 3; name: QC_SHORT:FASTQC_IN (ERR011348); status: COMPLETED; exit: 0; error: -; workDir: /data/users/danross/MAG_Pipeline/pipeline_test/tutorial/work/86/e645bf163082679ba61488caba851f]
May-25 15:02:23.426 [Task submitter] DEBUG n.executor.local.LocalTaskHandler - Launch cmd line: /bin/bash -ue .command.run
May-25 15:02:23.429 [Task submitter] INFO  nextflow.Session - [25/65314a] Submitted process > QC_SHORT:FASTQC_IN (ERR011347)
May-25 15:02:49.388 [Task monitor] DEBUG n.processor.TaskPollingMonitor - Task completed > TaskHandler[id: 8; name: QC_SHORT:FASTQC_IN (ERR011349); status: COMPLETED; exit: 0; error: -; workDir: /data/users/danross/MAG_Pipeline/pipeline_test/tutorial/work/7c/f3987e6b984e45ce4998005cbeb359]
May-25 15:02:49.418 [Task submitter] DEBUG n.executor.local.LocalTaskHandler - Launch cmd line: /bin/bash -ue .command.run
May-25 15:02:49.422 [Task submitter] INFO  nextflow.Session - [44/0d01b2] Submitted process > QC_SHORT:FASTP (ERR011348)
May-25 15:03:23.303 [Task monitor] DEBUG n.processor.TaskPollingMonitor - Task completed > TaskHandler[id: 5; name: QC_SHORT:FASTP (ERR011348); status: COMPLETED; exit: 0; error: -; workDir: /data/users/danross/MAG_Pipeline/pipeline_test/tutorial/work/44/0d01b28430490dcc07245e971736c2]
May-25 15:03:23.310 [Task submitter] DEBUG n.executor.local.LocalTaskHandler - Launch cmd line: /bin/bash -ue .command.run
May-25 15:03:23.311 [Task submitter] INFO  nextflow.Session - [77/39c090] Submitted process > QC_SHORT:FASTP (ERR011347)
May-25 15:03:23.333 [Actor Thread 8] INFO  nextflow.conda.CondaCache - Creating env using conda: bioconda::bowtie2=2.5.4 [cache /data/users/danross/MAG_Pipeline/pipeline_test/tutorial/work/conda/env-0cb56a1d4ec38748313caff826628134]
May-25 15:03:46.802 [Actor Thread 8] DEBUG nextflow.conda.CondaCache - 'conda' create complete env=bioconda::bowtie2=2.5.4 path=/data/users/danross/MAG_Pipeline/pipeline_test/tutorial/work/conda/env-0cb56a1d4ec38748313caff826628134
May-25 15:04:01.029 [Task monitor] DEBUG n.processor.TaskPollingMonitor - Task completed > TaskHandler[id: 4; name: QC_SHORT:FASTP (ERR011347); status: COMPLETED; exit: 0; error: -; workDir: /data/users/danross/MAG_Pipeline/pipeline_test/tutorial/work/77/39c0901ffa6cbe7e43538328980f8e]
May-25 15:04:01.041 [Task submitter] DEBUG n.executor.local.LocalTaskHandler - Launch cmd line: /bin/bash -ue .command.run
May-25 15:04:01.048 [Task submitter] INFO  nextflow.Session - [e1/f46a04] Submitted process > QC_SHORT:FASTP (ERR011349)
May-25 15:04:36.947 [Task monitor] DEBUG n.processor.TaskPollingMonitor - Task completed > TaskHandler[id: 7; name: QC_SHORT:FASTP (ERR011349); status: COMPLETED; exit: 0; error: -; workDir: /data/users/danross/MAG_Pipeline/pipeline_test/tutorial/work/e1/f46a048eec6571f5e813145fc8b072]
May-25 15:04:36.958 [Task submitter] DEBUG n.executor.local.LocalTaskHandler - Launch cmd line: /bin/bash -ue .command.run
May-25 15:04:36.961 [Task submitter] INFO  nextflow.Session - [4b/160a3d] Submitted process > QC_SHORT:BOWTIE2_FILTER_PHIX (ERR011348_phiX174)
May-25 15:04:36.973 [Task submitter] DEBUG n.executor.local.LocalTaskHandler - Launch cmd line: /bin/bash -ue .command.run
May-25 15:04:36.974 [Task submitter] INFO  nextflow.Session - [55/21c990] Submitted process > QC_SHORT:BOWTIE2_FILTER_PHIX (ERR011347_phiX174)
May-25 15:04:41.538 [Task monitor] DEBUG n.processor.TaskPollingMonitor - !! executor local > tasks to be completed: 3 -- submitted tasks are shown below
~> TaskHandler[id: 2; name: QC_SHORT:FASTQC_IN (ERR011347); status: RUNNING; exit: -; error: -; workDir: /data/users/danross/MAG_Pipeline/pipeline_test/tutorial/work/25/65314a7c915745584e10cf8adaa0d5]
~> TaskHandler[id: 9; name: QC_SHORT:BOWTIE2_FILTER_PHIX (ERR011348_phiX174); status: RUNNING; exit: -; error: -; workDir: /data/users/danross/MAG_Pipeline/pipeline_test/tutorial/work/4b/160a3df2b0018de57964773729da94]
~> TaskHandler[id: 10; name: QC_SHORT:BOWTIE2_FILTER_PHIX (ERR011347_phiX174); status: RUNNING; exit: -; error: -; workDir: /data/users/danross/MAG_Pipeline/pipeline_test/tutorial/work/55/21c990924b3a685cd2f6b1e4c6ddca]
May-25 15:05:04.427 [Task monitor] DEBUG n.processor.TaskPollingMonitor - Task completed > TaskHandler[id: 2; name: QC_SHORT:FASTQC_IN (ERR011347); status: COMPLETED; exit: 0; error: -; workDir: /data/users/danross/MAG_Pipeline/pipeline_test/tutorial/work/25/65314a7c915745584e10cf8adaa0d5]
May-25 15:05:04.436 [Task submitter] DEBUG n.executor.local.LocalTaskHandler - Launch cmd line: /bin/bash -ue .command.run
May-25 15:05:04.438 [Task submitter] INFO  nextflow.Session - [18/e959e6] Submitted process > QC_SHORT:BOWTIE2_FILTER_PHIX (ERR011349_phiX174)
May-25 15:05:04.467 [Actor Thread 8] INFO  nextflow.conda.CondaCache - Creating env using conda: bioconda::multiqc=1.33 [cache /data/users/danross/MAG_Pipeline/pipeline_test/tutorial/work/conda/env-a1f0cec89e942272fdc2d3e7a090ed2c]
May-25 15:09:03.285 [Actor Thread 8] DEBUG nextflow.conda.CondaCache - 'conda' create complete env=bioconda::multiqc=1.33 path=/data/users/danross/MAG_Pipeline/pipeline_test/tutorial/work/conda/env-a1f0cec89e942272fdc2d3e7a090ed2c
May-25 15:09:03.326 [Task submitter] DEBUG n.executor.local.LocalTaskHandler - Launch cmd line: /bin/bash -ue .command.run
May-25 15:09:03.340 [Task submitter] INFO  nextflow.Session - [9f/5f3c14] Submitted process > QC_SHORT:MULTIQC_IN
May-25 15:09:19.513 [Task monitor] DEBUG n.processor.TaskPollingMonitor - Task completed > TaskHandler[id: 12; name: QC_SHORT:MULTIQC_IN; status: COMPLETED; exit: 0; error: -; workDir: /data/users/danross/MAG_Pipeline/pipeline_test/tutorial/work/9f/5f3c14f80fc8f0ca4b89f04c6a388f]
May-25 15:09:41.606 [Task monitor] DEBUG n.processor.TaskPollingMonitor - !! executor local > tasks to be completed: 3 -- submitted tasks are shown below
~> TaskHandler[id: 9; name: QC_SHORT:BOWTIE2_FILTER_PHIX (ERR011348_phiX174); status: RUNNING; exit: -; error: -; workDir: /data/users/danross/MAG_Pipeline/pipeline_test/tutorial/work/4b/160a3df2b0018de57964773729da94]
~> TaskHandler[id: 10; name: QC_SHORT:BOWTIE2_FILTER_PHIX (ERR011347_phiX174); status: RUNNING; exit: -; error: -; workDir: /data/users/danross/MAG_Pipeline/pipeline_test/tutorial/work/55/21c990924b3a685cd2f6b1e4c6ddca]
~> TaskHandler[id: 11; name: QC_SHORT:BOWTIE2_FILTER_PHIX (ERR011349_phiX174); status: RUNNING; exit: -; error: -; workDir: /data/users/danross/MAG_Pipeline/pipeline_test/tutorial/work/18/e959e68eb12d68509376ff56800d2f]
May-25 15:09:58.069 [Task monitor] DEBUG n.processor.TaskPollingMonitor - Task completed > TaskHandler[id: 11; name: QC_SHORT:BOWTIE2_FILTER_PHIX (ERR011349_phiX174); status: COMPLETED; exit: 0; error: -; workDir: /data/users/danross/MAG_Pipeline/pipeline_test/tutorial/work/18/e959e68eb12d68509376ff56800d2f]
May-25 15:09:58.120 [Task submitter] DEBUG n.executor.local.LocalTaskHandler - Launch cmd line: /bin/bash -ue .command.run
May-25 15:09:58.124 [Task submitter] INFO  nextflow.Session - [b4/998646] Submitted process > QC_SHORT:FASTQC_OUT (ERR011349)
May-25 15:09:58.132 [Actor Thread 5] INFO  nextflow.conda.CondaCache - Creating env using conda: /data/users/danross/MAG_Pipeline/modules/local/kraken2/classify/environment.yml [cache /data/users/danross/MAG_Pipeline/pipeline_test/tutorial/work/conda/env-f7836ada52aaa40572af426483dd4a4b]
May-25 15:10:48.269 [Actor Thread 5] DEBUG nextflow.conda.CondaCache - 'conda' create complete env=/data/users/danross/MAG_Pipeline/modules/local/kraken2/classify/environment.yml path=/data/users/danross/MAG_Pipeline/pipeline_test/tutorial/work/conda/env-f7836ada52aaa40572af426483dd4a4b
May-25 15:10:48.287 [Task submitter] DEBUG n.processor.TaskPollingMonitor - %% executor local > tasks in the submission queue: 1 -- tasks to be submitted are shown below
~> TaskHandler[id: 14; name: READ_TAXONOMY:KRAKEN2 (ERR011349-null); status: NEW; exit: -; error: -; workDir: /data/users/danross/MAG_Pipeline/pipeline_test/tutorial/work/f8/8796cc60605e60b80b543cb76e661b]
May-25 15:11:18.607 [Task monitor] DEBUG n.processor.TaskPollingMonitor - Task completed > TaskHandler[id: 13; name: QC_SHORT:FASTQC_OUT (ERR011349); status: COMPLETED; exit: 0; error: -; workDir: /data/users/danross/MAG_Pipeline/pipeline_test/tutorial/work/b4/998646ac396d4d7b7213775207ab8b]
May-25 15:11:59.675 [Task monitor] DEBUG n.processor.TaskPollingMonitor - Task completed > TaskHandler[id: 10; name: QC_SHORT:BOWTIE2_FILTER_PHIX (ERR011347_phiX174); status: COMPLETED; exit: 0; error: -; workDir: /data/users/danross/MAG_Pipeline/pipeline_test/tutorial/work/55/21c990924b3a685cd2f6b1e4c6ddca]
May-25 15:11:59.682 [Task submitter] DEBUG n.executor.local.LocalTaskHandler - Launch cmd line: /bin/bash -ue .command.run
May-25 15:11:59.689 [Task submitter] INFO  nextflow.Session - [f8/8796cc] Submitted process > READ_TAXONOMY:KRAKEN2 (ERR011349-null)
May-25 15:13:41.580 [Task monitor] DEBUG n.processor.TaskPollingMonitor - Task completed > TaskHandler[id: 9; name: QC_SHORT:BOWTIE2_FILTER_PHIX (ERR011348_phiX174); status: COMPLETED; exit: 0; error: -; workDir: /data/users/danross/MAG_Pipeline/pipeline_test/tutorial/work/4b/160a3df2b0018de57964773729da94]
May-25 15:13:41.602 [Task submitter] DEBUG n.executor.local.LocalTaskHandler - Launch cmd line: /bin/bash -ue .command.run
May-25 15:13:41.605 [Task submitter] INFO  nextflow.Session - [33/be12d4] Submitted process > QC_SHORT:FASTQC_OUT (ERR011347)
May-25 15:14:41.678 [Task monitor] DEBUG n.processor.TaskPollingMonitor - !! executor local > tasks to be completed: 2 -- submitted tasks are shown below
~> TaskHandler[id: 14; name: READ_TAXONOMY:KRAKEN2 (ERR011349-null); status: RUNNING; exit: -; error: -; workDir: /data/users/danross/MAG_Pipeline/pipeline_test/tutorial/work/f8/8796cc60605e60b80b543cb76e661b]
~> TaskHandler[id: 15; name: QC_SHORT:FASTQC_OUT (ERR011347); status: RUNNING; exit: -; error: -; workDir: /data/users/danross/MAG_Pipeline/pipeline_test/tutorial/work/33/be12d411a91e1e8d655487fc676ca4]
May-25 15:14:42.447 [Task monitor] DEBUG n.processor.TaskPollingMonitor - Task completed > TaskHandler[id: 15; name: QC_SHORT:FASTQC_OUT (ERR011347); status: COMPLETED; exit: 0; error: -; workDir: /data/users/danross/MAG_Pipeline/pipeline_test/tutorial/work/33/be12d411a91e1e8d655487fc676ca4]
May-25 15:14:42.456 [Task submitter] DEBUG n.executor.local.LocalTaskHandler - Launch cmd line: /bin/bash -ue .command.run
May-25 15:14:42.457 [Task submitter] INFO  nextflow.Session - [a4/25b1c5] Submitted process > QC_SHORT:FASTQC_OUT (ERR011348)
May-25 15:15:48.493 [Task submitter] DEBUG n.processor.TaskPollingMonitor - %% executor local > tasks in the submission queue: 8 -- tasks to be submitted are shown below
~> TaskHandler[id: 16; name: READ_TAXONOMY:KRAKEN2 (ERR011347-null); status: NEW; exit: -; error: -; workDir: /data/users/danross/MAG_Pipeline/pipeline_test/tutorial/work/98/e743a287e6ebaa28ccdd41212ae616]
~> TaskHandler[id: 17; name: READ_TAXONOMY:KRAKEN2 (ERR011348-null); status: NEW; exit: -; error: -; workDir: /data/users/danross/MAG_Pipeline/pipeline_test/tutorial/work/1d/517e6d54964c1d48a1008aa9e12835]
~> TaskHandler[id: 21; name: ASSEMBLY_PREP_SHORT:RENAME_SHORT_READS_R1 (ERR011347); status: NEW; exit: -; error: -; workDir: /data/users/danross/MAG_Pipeline/pipeline_test/tutorial/work/17/19b21907849de0dd423997b45735df]
~> TaskHandler[id: 20; name: ASSEMBLY_PREP_SHORT:RENAME_SHORT_READS_R2 (ERR011349); status: NEW; exit: -; error: -; workDir: /data/users/danross/MAG_Pipeline/pipeline_test/tutorial/work/62/83e06034283c5b27e16484d2a3fe45]
~> TaskHandler[id: 22; name: ASSEMBLY_PREP_SHORT:RENAME_SHORT_READS_R1 (ERR011348); status: NEW; exit: -; error: -; workDir: /data/users/danross/MAG_Pipeline/pipeline_test/tutorial/work/1c/705f1786d6be6e8aa0025580f84923]
~> TaskHandler[id: 19; name: ASSEMBLY_PREP_SHORT:RENAME_SHORT_READS_R1 (ERR011349); status: NEW; exit: -; error: -; workDir: /data/users/danross/MAG_Pipeline/pipeline_test/tutorial/work/f0/d7cb10ebcee5fef22ed67cb57e0364]
~> TaskHandler[id: 24; name: ASSEMBLY_PREP_SHORT:RENAME_SHORT_READS_R2 (ERR011348); status: NEW; exit: -; error: -; workDir: /data/users/danross/MAG_Pipeline/pipeline_test/tutorial/work/5a/8c91699f535810422fc8ffcd15c327]
~> TaskHandler[id: 23; name: ASSEMBLY_PREP_SHORT:RENAME_SHORT_READS_R2 (ERR011347); status: NEW; exit: -; error: -; workDir: /data/users/danross/MAG_Pipeline/pipeline_test/tutorial/work/08/86200fba89d19a2a8cd273c57cf4bc]
May-25 15:16:05.439 [Task monitor] DEBUG n.processor.TaskPollingMonitor - Task completed > TaskHandler[id: 18; name: QC_SHORT:FASTQC_OUT (ERR011348); status: COMPLETED; exit: 0; error: -; workDir: /data/users/danross/MAG_Pipeline/pipeline_test/tutorial/work/a4/25b1c56b7b970fc120c7f9e1777ec5]
May-25 15:16:05.448 [Task submitter] DEBUG n.executor.local.LocalTaskHandler - Launch cmd line: /bin/bash -ue .command.run
May-25 15:16:05.449 [Task submitter] INFO  nextflow.Session - [17/19b219] Submitted process > ASSEMBLY_PREP_SHORT:RENAME_SHORT_READS_R1 (ERR011347)
May-25 15:16:05.459 [Task submitter] DEBUG n.executor.local.LocalTaskHandler - Launch cmd line: /bin/bash -ue .command.run
May-25 15:16:05.460 [Task submitter] INFO  nextflow.Session - [62/83e060] Submitted process > ASSEMBLY_PREP_SHORT:RENAME_SHORT_READS_R2 (ERR011349)
May-25 15:16:05.466 [Task submitter] DEBUG n.executor.local.LocalTaskHandler - Launch cmd line: /bin/bash -ue .command.run
May-25 15:16:05.467 [Task submitter] INFO  nextflow.Session - [1c/705f17] Submitted process > ASSEMBLY_PREP_SHORT:RENAME_SHORT_READS_R1 (ERR011348)
May-25 15:16:05.603 [Task monitor] DEBUG n.processor.TaskPollingMonitor - Task completed > TaskHandler[id: 21; name: ASSEMBLY_PREP_SHORT:RENAME_SHORT_READS_R1 (ERR011347); status: COMPLETED; exit: 0; error: -; workDir: /data/users/danross/MAG_Pipeline/pipeline_test/tutorial/work/17/19b21907849de0dd423997b45735df]
May-25 15:16:05.608 [Task submitter] DEBUG n.executor.local.LocalTaskHandler - Launch cmd line: /bin/bash -ue .command.run
May-25 15:16:05.609 [Task submitter] INFO  nextflow.Session - [f0/d7cb10] Submitted process > ASSEMBLY_PREP_SHORT:RENAME_SHORT_READS_R1 (ERR011349)
May-25 15:16:05.610 [Task monitor] DEBUG n.processor.TaskPollingMonitor - Task completed > TaskHandler[id: 22; name: ASSEMBLY_PREP_SHORT:RENAME_SHORT_READS_R1 (ERR011348); status: COMPLETED; exit: 0; error: -; workDir: /data/users/danross/MAG_Pipeline/pipeline_test/tutorial/work/1c/705f1786d6be6e8aa0025580f84923]
May-25 15:16:05.621 [Task submitter] DEBUG n.executor.local.LocalTaskHandler - Launch cmd line: /bin/bash -ue .command.run
May-25 15:16:05.621 [Task submitter] INFO  nextflow.Session - [5a/8c9169] Submitted process > ASSEMBLY_PREP_SHORT:RENAME_SHORT_READS_R2 (ERR011348)
May-25 15:16:05.629 [Task monitor] DEBUG n.processor.TaskPollingMonitor - Task completed > TaskHandler[id: 20; name: ASSEMBLY_PREP_SHORT:RENAME_SHORT_READS_R2 (ERR011349); status: COMPLETED; exit: 0; error: -; workDir: /data/users/danross/MAG_Pipeline/pipeline_test/tutorial/work/62/83e06034283c5b27e16484d2a3fe45]
May-25 15:16:05.640 [Task submitter] DEBUG n.executor.local.LocalTaskHandler - Launch cmd line: /bin/bash -ue .command.run
May-25 15:16:05.640 [Task submitter] INFO  nextflow.Session - [08/86200f] Submitted process > ASSEMBLY_PREP_SHORT:RENAME_SHORT_READS_R2 (ERR011347)
May-25 15:16:05.753 [Task monitor] DEBUG n.processor.TaskPollingMonitor - Task completed > TaskHandler[id: 19; name: ASSEMBLY_PREP_SHORT:RENAME_SHORT_READS_R1 (ERR011349); status: COMPLETED; exit: 0; error: -; workDir: /data/users/danross/MAG_Pipeline/pipeline_test/tutorial/work/f0/d7cb10ebcee5fef22ed67cb57e0364]
May-25 15:16:05.758 [Task monitor] DEBUG n.processor.TaskPollingMonitor - Task completed > TaskHandler[id: 24; name: ASSEMBLY_PREP_SHORT:RENAME_SHORT_READS_R2 (ERR011348); status: COMPLETED; exit: 0; error: -; workDir: /data/users/danross/MAG_Pipeline/pipeline_test/tutorial/work/5a/8c91699f535810422fc8ffcd15c327]
May-25 15:16:05.761 [Task submitter] DEBUG n.executor.local.LocalTaskHandler - Launch cmd line: /bin/bash -ue .command.run
May-25 15:16:05.761 [Task submitter] INFO  nextflow.Session - [92/743101] Submitted process > QC_SHORT:MULTIQC_OUT
May-25 15:16:05.790 [Actor Thread 26] INFO  nextflow.conda.CondaCache - Creating env using conda: bioconda::megahit=1.2.9 [cache /data/users/danross/MAG_Pipeline/pipeline_test/tutorial/work/conda/env-e83b120d777dbd02f82879c2117fcd71]
May-25 15:16:05.805 [Task monitor] DEBUG n.processor.TaskPollingMonitor - Task completed > TaskHandler[id: 23; name: ASSEMBLY_PREP_SHORT:RENAME_SHORT_READS_R2 (ERR011347); status: COMPLETED; exit: 0; error: -; workDir: /data/users/danross/MAG_Pipeline/pipeline_test/tutorial/work/08/86200fba89d19a2a8cd273c57cf4bc]
May-25 15:16:11.314 [Task monitor] DEBUG n.processor.TaskPollingMonitor - Task completed > TaskHandler[id: 25; name: QC_SHORT:MULTIQC_OUT; status: COMPLETED; exit: 0; error: -; workDir: /data/users/danross/MAG_Pipeline/pipeline_test/tutorial/work/92/7431012687de9f47c0536094d39757]
May-25 15:16:25.927 [Actor Thread 26] DEBUG nextflow.conda.CondaCache - 'conda' create complete env=bioconda::megahit=1.2.9 path=/data/users/danross/MAG_Pipeline/pipeline_test/tutorial/work/conda/env-e83b120d777dbd02f82879c2117fcd71
May-25 15:18:49.722 [Task monitor] DEBUG n.processor.TaskPollingMonitor - Task completed > TaskHandler[id: 14; name: READ_TAXONOMY:KRAKEN2 (ERR011349-null); status: COMPLETED; exit: 0; error: -; workDir: /data/users/danross/MAG_Pipeline/pipeline_test/tutorial/work/f8/8796cc60605e60b80b543cb76e661b]
May-25 15:18:49.731 [Task submitter] DEBUG n.executor.local.LocalTaskHandler - Launch cmd line: /bin/bash -ue .command.run
May-25 15:18:49.732 [Task submitter] INFO  nextflow.Session - [98/e743a2] Submitted process > READ_TAXONOMY:KRAKEN2 (ERR011347-null)
May-25 15:18:49.763 [Actor Thread 2] INFO  nextflow.conda.CondaCache - Creating env using conda: /data/users/danross/MAG_Pipeline/modules/local/bracken/abundance_estimation/environment.yml [cache /data/users/danross/MAG_Pipeline/pipeline_test/tutorial/work/conda/env-d08272d50af7fa264f7e7a546ea8ea41]
May-25 15:19:12.653 [Actor Thread 2] DEBUG nextflow.conda.CondaCache - 'conda' create complete env=/data/users/danross/MAG_Pipeline/modules/local/bracken/abundance_estimation/environment.yml path=/data/users/danross/MAG_Pipeline/pipeline_test/tutorial/work/conda/env-d08272d50af7fa264f7e7a546ea8ea41
May-25 15:19:12.761 [Task submitter] DEBUG n.executor.local.LocalTaskHandler - Launch cmd line: /bin/bash -ue .command.run
May-25 15:19:12.765 [Task submitter] INFO  nextflow.Session - [ba/7254f4] Submitted process > READ_TAXONOMY:BRACKEN (ERR011349-null)
May-25 15:19:14.617 [Task monitor] DEBUG n.processor.TaskPollingMonitor - Task completed > TaskHandler[id: 30; name: READ_TAXONOMY:BRACKEN (ERR011349-null); status: COMPLETED; exit: 0; error: -; workDir: /data/users/danross/MAG_Pipeline/pipeline_test/tutorial/work/ba/7254f4caa6219ee85b3ee331c7bed3]
May-25 15:19:41.683 [Task monitor] DEBUG n.processor.TaskPollingMonitor - !! executor local > tasks to be completed: 1 -- submitted tasks are shown below
~> TaskHandler[id: 16; name: READ_TAXONOMY:KRAKEN2 (ERR011347-null); status: RUNNING; exit: -; error: -; workDir: /data/users/danross/MAG_Pipeline/pipeline_test/tutorial/work/98/e743a287e6ebaa28ccdd41212ae616]
May-25 15:20:04.179 [Task monitor] DEBUG n.processor.TaskPollingMonitor - Task completed > TaskHandler[id: 16; name: READ_TAXONOMY:KRAKEN2 (ERR011347-null); status: COMPLETED; exit: 0; error: -; workDir: /data/users/danross/MAG_Pipeline/pipeline_test/tutorial/work/98/e743a287e6ebaa28ccdd41212ae616]
May-25 15:20:04.193 [Task submitter] DEBUG n.executor.local.LocalTaskHandler - Launch cmd line: /bin/bash -ue .command.run
May-25 15:20:04.193 [Task submitter] INFO  nextflow.Session - [1d/517e6d] Submitted process > READ_TAXONOMY:KRAKEN2 (ERR011348-null)
May-25 15:20:05.200 [Task submitter] DEBUG n.executor.local.LocalTaskHandler - Launch cmd line: /bin/bash -ue .command.run
May-25 15:20:05.201 [Task submitter] INFO  nextflow.Session - [12/1a776d] Submitted process > READ_TAXONOMY:BRACKEN (ERR011347-null)
May-25 15:20:07.180 [Task monitor] DEBUG n.processor.TaskPollingMonitor - Task completed > TaskHandler[id: 32; name: READ_TAXONOMY:BRACKEN (ERR011347-null); status: COMPLETED; exit: 0; error: -; workDir: /data/users/danross/MAG_Pipeline/pipeline_test/tutorial/work/12/1a776dc8030d4c587817b02044ef1a]
May-25 15:20:49.218 [Task submitter] DEBUG n.processor.TaskPollingMonitor - %% executor local > tasks in the submission queue: 5 -- tasks to be submitted are shown below
~> TaskHandler[id: 28; name: ASSEMBLY_SHORT:MEGAHIT (ERR011347); status: NEW; exit: -; error: -; workDir: /data/users/danross/MAG_Pipeline/pipeline_test/tutorial/work/94/84e92790f9aeeb0b55bf70381bba88]
~> TaskHandler[id: 26; name: ASSEMBLY_SHORT:MEGAHIT (ERR011349); status: NEW; exit: -; error: -; workDir: /data/users/danross/MAG_Pipeline/pipeline_test/tutorial/work/5c/e02bb3d245c9267fedbd2847f69ad0]
~> TaskHandler[id: 27; name: ASSEMBLY_SHORT:MEGAHIT (ERR011348); status: NEW; exit: -; error: -; workDir: /data/users/danross/MAG_Pipeline/pipeline_test/tutorial/work/e5/88af67c01c46290acf9b744729c49a]
~> TaskHandler[id: 29; name: READ_TAXONOMY:KRONA_K2_IMPORT_TAXONOMY (ERR011349); status: NEW; exit: -; error: -; workDir: /data/users/danross/MAG_Pipeline/pipeline_test/tutorial/work/26/cc735969dc236b50c53407099b03c2]
~> TaskHandler[id: 31; name: READ_TAXONOMY:KRONA_K2_IMPORT_TAXONOMY (ERR011347); status: NEW; exit: -; error: -; workDir: /data/users/danross/MAG_Pipeline/pipeline_test/tutorial/work/6e/5c50a7acc615c9ca022b36ed122a33]
May-25 15:21:41.970 [Task monitor] DEBUG n.processor.TaskPollingMonitor - Task completed > TaskHandler[id: 17; name: READ_TAXONOMY:KRAKEN2 (ERR011348-null); status: COMPLETED; exit: 0; error: -; workDir: /data/users/danross/MAG_Pipeline/pipeline_test/tutorial/work/1d/517e6d54964c1d48a1008aa9e12835]
May-25 15:21:41.976 [Task submitter] DEBUG n.executor.local.LocalTaskHandler - Launch cmd line: /bin/bash -ue .command.run
May-25 15:21:41.977 [Task submitter] INFO  nextflow.Session - [94/84e927] Submitted process > ASSEMBLY_SHORT:MEGAHIT (ERR011347)
May-25 15:21:42.986 [Task submitter] DEBUG n.executor.local.LocalTaskHandler - Launch cmd line: /bin/bash -ue .command.run
May-25 15:21:42.986 [Task submitter] INFO  nextflow.Session - [51/48483c] Submitted process > READ_TAXONOMY:BRACKEN (ERR011348-null)
May-25 15:21:44.953 [Task monitor] DEBUG n.processor.TaskPollingMonitor - Task completed > TaskHandler[id: 33; name: READ_TAXONOMY:BRACKEN (ERR011348-null); status: COMPLETED; exit: 0; error: -; workDir: /data/users/danross/MAG_Pipeline/pipeline_test/tutorial/work/51/48483c6fc9a6b4257839683dc3fa86]
May-25 15:21:44.967 [Actor Thread 1] INFO  nextflow.conda.CondaCache - Creating env using conda: conda-forge::python=3.13 conda-forge::pandas=2.3.0 conda-forge::seaborn=0.13 conda-forge::matplotlib=3.10 [cache /data/users/danross/MAG_Pipeline/pipeline_test/tutorial/work/conda/env-ca41d4c63e0955fa246a3e1b2be85099]
May-25 15:21:45.961 [Task submitter] DEBUG n.executor.local.LocalTaskHandler - Launch cmd line: /bin/bash -ue .command.run
May-25 15:21:45.962 [Task submitter] INFO  nextflow.Session - [45/d38714] Submitted process > READ_TAXONOMY:COMBINE_BRACKEN_OUTPUTS (reads)
May-25 15:21:47.666 [Task monitor] DEBUG n.processor.TaskPollingMonitor - Task completed > TaskHandler[id: 35; name: READ_TAXONOMY:COMBINE_BRACKEN_OUTPUTS (reads); status: COMPLETED; exit: 0; error: -; workDir: /data/users/danross/MAG_Pipeline/pipeline_test/tutorial/work/45/d38714b3ecd93d078aa20a68ece9fb]
May-25 15:22:46.905 [Actor Thread 1] DEBUG nextflow.conda.CondaCache - 'conda' create complete env=conda-forge::python=3.13 conda-forge::pandas=2.3.0 conda-forge::seaborn=0.13 conda-forge::matplotlib=3.10 path=/data/users/danross/MAG_Pipeline/pipeline_test/tutorial/work/conda/env-ca41d4c63e0955fa246a3e1b2be85099
May-25 15:22:47.728 [Task submitter] DEBUG n.executor.local.LocalTaskHandler - Launch cmd line: /bin/bash -ue .command.run
May-25 15:22:47.728 [Task submitter] INFO  nextflow.Session - [6a/a83f3e] Submitted process > READ_TAXONOMY:BRACKEN_SUMMARY (reads)
May-25 15:23:02.300 [Task monitor] DEBUG n.processor.TaskPollingMonitor - Task completed > TaskHandler[id: 36; name: READ_TAXONOMY:BRACKEN_SUMMARY (reads); status: COMPLETED; exit: 0; error: -; workDir: /data/users/danross/MAG_Pipeline/pipeline_test/tutorial/work/6a/a83f3e9c06ae6f0b511db5db562450]
May-25 15:24:41.760 [Task monitor] DEBUG n.processor.TaskPollingMonitor - !! executor local > tasks to be completed: 1 -- submitted tasks are shown below
~> TaskHandler[id: 28; name: ASSEMBLY_SHORT:MEGAHIT (ERR011347); status: RUNNING; exit: -; error: -; workDir: /data/users/danross/MAG_Pipeline/pipeline_test/tutorial/work/94/84e92790f9aeeb0b55bf70381bba88]
May-25 15:25:49.433 [Task submitter] DEBUG n.processor.TaskPollingMonitor - %% executor local > tasks in the submission queue: 5 -- tasks to be submitted are shown below
~> TaskHandler[id: 26; name: ASSEMBLY_SHORT:MEGAHIT (ERR011349); status: NEW; exit: -; error: -; workDir: /data/users/danross/MAG_Pipeline/pipeline_test/tutorial/work/5c/e02bb3d245c9267fedbd2847f69ad0]
~> TaskHandler[id: 27; name: ASSEMBLY_SHORT:MEGAHIT (ERR011348); status: NEW; exit: -; error: -; workDir: /data/users/danross/MAG_Pipeline/pipeline_test/tutorial/work/e5/88af67c01c46290acf9b744729c49a]
~> TaskHandler[id: 29; name: READ_TAXONOMY:KRONA_K2_IMPORT_TAXONOMY (ERR011349); status: NEW; exit: -; error: -; workDir: /data/users/danross/MAG_Pipeline/pipeline_test/tutorial/work/26/cc735969dc236b50c53407099b03c2]
~> TaskHandler[id: 31; name: READ_TAXONOMY:KRONA_K2_IMPORT_TAXONOMY (ERR011347); status: NEW; exit: -; error: -; workDir: /data/users/danross/MAG_Pipeline/pipeline_test/tutorial/work/6e/5c50a7acc615c9ca022b36ed122a33]
~> TaskHandler[id: 34; name: READ_TAXONOMY:KRONA_K2_IMPORT_TAXONOMY (ERR011348); status: NEW; exit: -; error: -; workDir: /data/users/danross/MAG_Pipeline/pipeline_test/tutorial/work/fb/ac447fd9ab58dffc9ed051819b861f]
May-25 15:29:41.821 [Task monitor] DEBUG n.processor.TaskPollingMonitor - !! executor local > tasks to be completed: 1 -- submitted tasks are shown below
~> TaskHandler[id: 28; name: ASSEMBLY_SHORT:MEGAHIT (ERR011347); status: RUNNING; exit: -; error: -; workDir: /data/users/danross/MAG_Pipeline/pipeline_test/tutorial/work/94/84e92790f9aeeb0b55bf70381bba88]
May-25 15:30:49.649 [Task submitter] DEBUG n.processor.TaskPollingMonitor - %% executor local > tasks in the submission queue: 5 -- tasks to be submitted are shown below
~> TaskHandler[id: 26; name: ASSEMBLY_SHORT:MEGAHIT (ERR011349); status: NEW; exit: -; error: -; workDir: /data/users/danross/MAG_Pipeline/pipeline_test/tutorial/work/5c/e02bb3d245c9267fedbd2847f69ad0]
~> TaskHandler[id: 27; name: ASSEMBLY_SHORT:MEGAHIT (ERR011348); status: NEW; exit: -; error: -; workDir: /data/users/danross/MAG_Pipeline/pipeline_test/tutorial/work/e5/88af67c01c46290acf9b744729c49a]
~> TaskHandler[id: 29; name: READ_TAXONOMY:KRONA_K2_IMPORT_TAXONOMY (ERR011349); status: NEW; exit: -; error: -; workDir: /data/users/danross/MAG_Pipeline/pipeline_test/tutorial/work/26/cc735969dc236b50c53407099b03c2]
~> TaskHandler[id: 31; name: READ_TAXONOMY:KRONA_K2_IMPORT_TAXONOMY (ERR011347); status: NEW; exit: -; error: -; workDir: /data/users/danross/MAG_Pipeline/pipeline_test/tutorial/work/6e/5c50a7acc615c9ca022b36ed122a33]
~> TaskHandler[id: 34; name: READ_TAXONOMY:KRONA_K2_IMPORT_TAXONOMY (ERR011348); status: NEW; exit: -; error: -; workDir: /data/users/danross/MAG_Pipeline/pipeline_test/tutorial/work/fb/ac447fd9ab58dffc9ed051819b861f]
May-25 15:34:41.904 [Task monitor] DEBUG n.processor.TaskPollingMonitor - !! executor local > tasks to be completed: 1 -- submitted tasks are shown below
~> TaskHandler[id: 28; name: ASSEMBLY_SHORT:MEGAHIT (ERR011347); status: RUNNING; exit: -; error: -; workDir: /data/users/danross/MAG_Pipeline/pipeline_test/tutorial/work/94/84e92790f9aeeb0b55bf70381bba88]
May-25 15:35:18.757 [Task monitor] DEBUG n.processor.TaskPollingMonitor - Task completed > TaskHandler[id: 28; name: ASSEMBLY_SHORT:MEGAHIT (ERR011347); status: COMPLETED; exit: 0; error: -; workDir: /data/users/danross/MAG_Pipeline/pipeline_test/tutorial/work/94/84e92790f9aeeb0b55bf70381bba88]
May-25 15:35:18.766 [Task submitter] DEBUG n.executor.local.LocalTaskHandler - Launch cmd line: /bin/bash -ue .command.run
May-25 15:35:18.767 [Task submitter] INFO  nextflow.Session - [5c/e02bb3] Submitted process > ASSEMBLY_SHORT:MEGAHIT (ERR011349)
May-25 15:35:18.798 [Actor Thread 2] INFO  nextflow.conda.CondaCache - Creating env using conda: bioconda::quast=5.3.0 [cache /data/users/danross/MAG_Pipeline/pipeline_test/tutorial/work/conda/env-09fa064dad237af13d4e01487014dd7a]
May-25 15:35:18.840 [Actor Thread 29] INFO  nextflow.conda.CondaCache - Creating env using conda: /data/users/danross/MAG_Pipeline/modules/nf-core/coverm/contig/environment.yml [cache /data/users/danross/MAG_Pipeline/pipeline_test/tutorial/work/conda/env-eed9a6f3bfebc7cd9703f0b937bdd5a0]
May-25 15:35:49.785 [Task submitter] DEBUG n.processor.TaskPollingMonitor - %% executor local > tasks in the submission queue: 5 -- tasks to be submitted are shown below
~> TaskHandler[id: 27; name: ASSEMBLY_SHORT:MEGAHIT (ERR011348); status: NEW; exit: -; error: -; workDir: /data/users/danross/MAG_Pipeline/pipeline_test/tutorial/work/e5/88af67c01c46290acf9b744729c49a]
~> TaskHandler[id: 29; name: READ_TAXONOMY:KRONA_K2_IMPORT_TAXONOMY (ERR011349); status: NEW; exit: -; error: -; workDir: /data/users/danross/MAG_Pipeline/pipeline_test/tutorial/work/26/cc735969dc236b50c53407099b03c2]
~> TaskHandler[id: 31; name: READ_TAXONOMY:KRONA_K2_IMPORT_TAXONOMY (ERR011347); status: NEW; exit: -; error: -; workDir: /data/users/danross/MAG_Pipeline/pipeline_test/tutorial/work/6e/5c50a7acc615c9ca022b36ed122a33]
~> TaskHandler[id: 34; name: READ_TAXONOMY:KRONA_K2_IMPORT_TAXONOMY (ERR011348); status: NEW; exit: -; error: -; workDir: /data/users/danross/MAG_Pipeline/pipeline_test/tutorial/work/fb/ac447fd9ab58dffc9ed051819b861f]
~> TaskHandler[id: 38; name: CONTIG_TAXONOMY:KRAKEN2 (ERR011347-MEGAHIT); status: NEW; exit: -; error: -; workDir: /data/users/danross/MAG_Pipeline/pipeline_test/tutorial/work/7c/410ce0ea80d74921a4bfd5bfee121d]
May-25 15:35:54.886 [Actor Thread 2] DEBUG nextflow.conda.CondaCache - 'conda' create complete env=bioconda::quast=5.3.0 path=/data/users/danross/MAG_Pipeline/pipeline_test/tutorial/work/conda/env-09fa064dad237af13d4e01487014dd7a
May-25 15:35:55.803 [Task submitter] DEBUG n.executor.local.LocalTaskHandler - Launch cmd line: /bin/bash -ue .command.run
May-25 15:35:55.803 [Task submitter] INFO  nextflow.Session - [37/ff62ca] Submitted process > ASSEMBLY_SHORT:QUAST_CONTIGS (ERR011347-MEGAHIT)
May-25 15:36:19.318 [Actor Thread 29] DEBUG nextflow.conda.CondaCache - 'conda' create complete env=/data/users/danross/MAG_Pipeline/modules/nf-core/coverm/contig/environment.yml path=/data/users/danross/MAG_Pipeline/pipeline_test/tutorial/work/conda/env-eed9a6f3bfebc7cd9703f0b937bdd5a0
May-25 15:36:41.405 [Task monitor] DEBUG n.processor.TaskPollingMonitor - Task completed > TaskHandler[id: 37; name: ASSEMBLY_SHORT:QUAST_CONTIGS (ERR011347-MEGAHIT); status: COMPLETED; exit: 0; error: -; workDir: /data/users/danross/MAG_Pipeline/pipeline_test/tutorial/work/37/ff62cae038dfebee710f962dc29015]
May-25 15:36:41.409 [Task submitter] DEBUG n.executor.local.LocalTaskHandler - Launch cmd line: /bin/bash -ue .command.run
May-25 15:36:41.409 [Task submitter] INFO  nextflow.Session - [b9/2c0266] Submitted process > ASSEMBLY_SHORT:CONTIG_COVERAGE:COVERM_CONTIG (ERR011347-MEGAHIT)
May-25 15:37:46.020 [Task monitor] DEBUG n.processor.TaskPollingMonitor - Task completed > TaskHandler[id: 39; name: ASSEMBLY_SHORT:CONTIG_COVERAGE:COVERM_CONTIG (ERR011347-MEGAHIT); status: COMPLETED; exit: 0; error: -; workDir: /data/users/danross/MAG_Pipeline/pipeline_test/tutorial/work/b9/2c0266a5640a7b4df2fa53915fe185]
May-25 15:39:41.945 [Task monitor] DEBUG n.processor.TaskPollingMonitor - !! executor local > tasks to be completed: 1 -- submitted tasks are shown below
~> TaskHandler[id: 26; name: ASSEMBLY_SHORT:MEGAHIT (ERR011349); status: RUNNING; exit: -; error: -; workDir: /data/users/danross/MAG_Pipeline/pipeline_test/tutorial/work/5c/e02bb3d245c9267fedbd2847f69ad0]
May-25 15:40:50.155 [Task submitter] DEBUG n.processor.TaskPollingMonitor - %% executor local > tasks in the submission queue: 5 -- tasks to be submitted are shown below
~> TaskHandler[id: 27; name: ASSEMBLY_SHORT:MEGAHIT (ERR011348); status: NEW; exit: -; error: -; workDir: /data/users/danross/MAG_Pipeline/pipeline_test/tutorial/work/e5/88af67c01c46290acf9b744729c49a]
~> TaskHandler[id: 29; name: READ_TAXONOMY:KRONA_K2_IMPORT_TAXONOMY (ERR011349); status: NEW; exit: -; error: -; workDir: /data/users/danross/MAG_Pipeline/pipeline_test/tutorial/work/26/cc735969dc236b50c53407099b03c2]
~> TaskHandler[id: 31; name: READ_TAXONOMY:KRONA_K2_IMPORT_TAXONOMY (ERR011347); status: NEW; exit: -; error: -; workDir: /data/users/danross/MAG_Pipeline/pipeline_test/tutorial/work/6e/5c50a7acc615c9ca022b36ed122a33]
~> TaskHandler[id: 34; name: READ_TAXONOMY:KRONA_K2_IMPORT_TAXONOMY (ERR011348); status: NEW; exit: -; error: -; workDir: /data/users/danross/MAG_Pipeline/pipeline_test/tutorial/work/fb/ac447fd9ab58dffc9ed051819b861f]
~> TaskHandler[id: 38; name: CONTIG_TAXONOMY:KRAKEN2 (ERR011347-MEGAHIT); status: NEW; exit: -; error: -; workDir: /data/users/danross/MAG_Pipeline/pipeline_test/tutorial/work/7c/410ce0ea80d74921a4bfd5bfee121d]
May-25 15:41:53.756 [Task monitor] DEBUG n.processor.TaskPollingMonitor - Task completed > TaskHandler[id: 26; name: ASSEMBLY_SHORT:MEGAHIT (ERR011349); status: COMPLETED; exit: 0; error: -; workDir: /data/users/danross/MAG_Pipeline/pipeline_test/tutorial/work/5c/e02bb3d245c9267fedbd2847f69ad0]
May-25 15:41:53.768 [Task submitter] DEBUG n.executor.local.LocalTaskHandler - Launch cmd line: /bin/bash -ue .command.run
May-25 15:41:53.769 [Task submitter] INFO  nextflow.Session - [e5/88af67] Submitted process > ASSEMBLY_SHORT:MEGAHIT (ERR011348)
May-25 15:41:54.784 [Task submitter] DEBUG n.executor.local.LocalTaskHandler - Launch cmd line: /bin/bash -ue .command.run
May-25 15:41:54.784 [Task submitter] INFO  nextflow.Session - [b3/50d19f] Submitted process > ASSEMBLY_SHORT:CONTIG_COVERAGE:COVERM_CONTIG (ERR011349-MEGAHIT)
May-25 15:42:33.218 [Task monitor] DEBUG n.processor.TaskPollingMonitor - Task completed > TaskHandler[id: 42; name: ASSEMBLY_SHORT:CONTIG_COVERAGE:COVERM_CONTIG (ERR011349-MEGAHIT); status: COMPLETED; exit: 0; error: -; workDir: /data/users/danross/MAG_Pipeline/pipeline_test/tutorial/work/b3/50d19fdec3efd093aaf212769bcaa0]
May-25 15:42:33.230 [Task submitter] DEBUG n.executor.local.LocalTaskHandler - Launch cmd line: /bin/bash -ue .command.run
May-25 15:42:33.230 [Task submitter] INFO  nextflow.Session - [56/5ee5a2] Submitted process > ASSEMBLY_SHORT:QUAST_CONTIGS (ERR011349-MEGAHIT)
May-25 15:42:50.676 [Task monitor] DEBUG n.processor.TaskPollingMonitor - Task completed > TaskHandler[id: 40; name: ASSEMBLY_SHORT:QUAST_CONTIGS (ERR011349-MEGAHIT); status: COMPLETED; exit: 0; error: -; workDir: /data/users/danross/MAG_Pipeline/pipeline_test/tutorial/work/56/5ee5a2e9cbcb4f7d1dfa9b3424e420]
May-25 15:44:41.955 [Task monitor] DEBUG n.processor.TaskPollingMonitor - !! executor local > tasks to be completed: 1 -- submitted tasks are shown below
~> TaskHandler[id: 27; name: ASSEMBLY_SHORT:MEGAHIT (ERR011348); status: RUNNING; exit: -; error: -; workDir: /data/users/danross/MAG_Pipeline/pipeline_test/tutorial/work/e5/88af67c01c46290acf9b744729c49a]
May-25 15:45:50.735 [Task submitter] DEBUG n.processor.TaskPollingMonitor - %% executor local > tasks in the submission queue: 5 -- tasks to be submitted are shown below
~> TaskHandler[id: 29; name: READ_TAXONOMY:KRONA_K2_IMPORT_TAXONOMY (ERR011349); status: NEW; exit: -; error: -; workDir: /data/users/danross/MAG_Pipeline/pipeline_test/tutorial/work/26/cc735969dc236b50c53407099b03c2]
~> TaskHandler[id: 31; name: READ_TAXONOMY:KRONA_K2_IMPORT_TAXONOMY (ERR011347); status: NEW; exit: -; error: -; workDir: /data/users/danross/MAG_Pipeline/pipeline_test/tutorial/work/6e/5c50a7acc615c9ca022b36ed122a33]
~> TaskHandler[id: 34; name: READ_TAXONOMY:KRONA_K2_IMPORT_TAXONOMY (ERR011348); status: NEW; exit: -; error: -; workDir: /data/users/danross/MAG_Pipeline/pipeline_test/tutorial/work/fb/ac447fd9ab58dffc9ed051819b861f]
~> TaskHandler[id: 38; name: CONTIG_TAXONOMY:KRAKEN2 (ERR011347-MEGAHIT); status: NEW; exit: -; error: -; workDir: /data/users/danross/MAG_Pipeline/pipeline_test/tutorial/work/7c/410ce0ea80d74921a4bfd5bfee121d]
~> TaskHandler[id: 41; name: CONTIG_TAXONOMY:KRAKEN2 (ERR011349-MEGAHIT); status: NEW; exit: -; error: -; workDir: /data/users/danross/MAG_Pipeline/pipeline_test/tutorial/work/a8/87c1e44036ce50675d7a810ce9a6fa]
May-25 15:49:41.997 [Task monitor] DEBUG n.processor.TaskPollingMonitor - !! executor local > tasks to be completed: 1 -- submitted tasks are shown below
~> TaskHandler[id: 27; name: ASSEMBLY_SHORT:MEGAHIT (ERR011348); status: RUNNING; exit: -; error: -; workDir: /data/users/danross/MAG_Pipeline/pipeline_test/tutorial/work/e5/88af67c01c46290acf9b744729c49a]
May-25 15:50:50.847 [Task submitter] DEBUG n.processor.TaskPollingMonitor - %% executor local > tasks in the submission queue: 5 -- tasks to be submitted are shown below
~> TaskHandler[id: 29; name: READ_TAXONOMY:KRONA_K2_IMPORT_TAXONOMY (ERR011349); status: NEW; exit: -; error: -; workDir: /data/users/danross/MAG_Pipeline/pipeline_test/tutorial/work/26/cc735969dc236b50c53407099b03c2]
~> TaskHandler[id: 31; name: READ_TAXONOMY:KRONA_K2_IMPORT_TAXONOMY (ERR011347); status: NEW; exit: -; error: -; workDir: /data/users/danross/MAG_Pipeline/pipeline_test/tutorial/work/6e/5c50a7acc615c9ca022b36ed122a33]
~> TaskHandler[id: 34; name: READ_TAXONOMY:KRONA_K2_IMPORT_TAXONOMY (ERR011348); status: NEW; exit: -; error: -; workDir: /data/users/danross/MAG_Pipeline/pipeline_test/tutorial/work/fb/ac447fd9ab58dffc9ed051819b861f]
~> TaskHandler[id: 38; name: CONTIG_TAXONOMY:KRAKEN2 (ERR011347-MEGAHIT); status: NEW; exit: -; error: -; workDir: /data/users/danross/MAG_Pipeline/pipeline_test/tutorial/work/7c/410ce0ea80d74921a4bfd5bfee121d]
~> TaskHandler[id: 41; name: CONTIG_TAXONOMY:KRAKEN2 (ERR011349-MEGAHIT); status: NEW; exit: -; error: -; workDir: /data/users/danross/MAG_Pipeline/pipeline_test/tutorial/work/a8/87c1e44036ce50675d7a810ce9a6fa]
May-25 15:54:42.054 [Task monitor] DEBUG n.processor.TaskPollingMonitor - !! executor local > tasks to be completed: 1 -- submitted tasks are shown below
~> TaskHandler[id: 27; name: ASSEMBLY_SHORT:MEGAHIT (ERR011348); status: RUNNING; exit: -; error: -; workDir: /data/users/danross/MAG_Pipeline/pipeline_test/tutorial/work/e5/88af67c01c46290acf9b744729c49a]
May-25 15:55:50.967 [Task submitter] DEBUG n.processor.TaskPollingMonitor - %% executor local > tasks in the submission queue: 5 -- tasks to be submitted are shown below
~> TaskHandler[id: 29; name: READ_TAXONOMY:KRONA_K2_IMPORT_TAXONOMY (ERR011349); status: NEW; exit: -; error: -; workDir: /data/users/danross/MAG_Pipeline/pipeline_test/tutorial/work/26/cc735969dc236b50c53407099b03c2]
~> TaskHandler[id: 31; name: READ_TAXONOMY:KRONA_K2_IMPORT_TAXONOMY (ERR011347); status: NEW; exit: -; error: -; workDir: /data/users/danross/MAG_Pipeline/pipeline_test/tutorial/work/6e/5c50a7acc615c9ca022b36ed122a33]
~> TaskHandler[id: 34; name: READ_TAXONOMY:KRONA_K2_IMPORT_TAXONOMY (ERR011348); status: NEW; exit: -; error: -; workDir: /data/users/danross/MAG_Pipeline/pipeline_test/tutorial/work/fb/ac447fd9ab58dffc9ed051819b861f]
~> TaskHandler[id: 38; name: CONTIG_TAXONOMY:KRAKEN2 (ERR011347-MEGAHIT); status: NEW; exit: -; error: -; workDir: /data/users/danross/MAG_Pipeline/pipeline_test/tutorial/work/7c/410ce0ea80d74921a4bfd5bfee121d]
~> TaskHandler[id: 41; name: CONTIG_TAXONOMY:KRAKEN2 (ERR011349-MEGAHIT); status: NEW; exit: -; error: -; workDir: /data/users/danross/MAG_Pipeline/pipeline_test/tutorial/work/a8/87c1e44036ce50675d7a810ce9a6fa]
May-25 15:59:42.149 [Task monitor] DEBUG n.processor.TaskPollingMonitor - !! executor local > tasks to be completed: 1 -- submitted tasks are shown below
~> TaskHandler[id: 27; name: ASSEMBLY_SHORT:MEGAHIT (ERR011348); status: RUNNING; exit: -; error: -; workDir: /data/users/danross/MAG_Pipeline/pipeline_test/tutorial/work/e5/88af67c01c46290acf9b744729c49a]
May-25 16:00:51.108 [Task submitter] DEBUG n.processor.TaskPollingMonitor - %% executor local > tasks in the submission queue: 5 -- tasks to be submitted are shown below
~> TaskHandler[id: 29; name: READ_TAXONOMY:KRONA_K2_IMPORT_TAXONOMY (ERR011349); status: NEW; exit: -; error: -; workDir: /data/users/danross/MAG_Pipeline/pipeline_test/tutorial/work/26/cc735969dc236b50c53407099b03c2]
~> TaskHandler[id: 31; name: READ_TAXONOMY:KRONA_K2_IMPORT_TAXONOMY (ERR011347); status: NEW; exit: -; error: -; workDir: /data/users/danross/MAG_Pipeline/pipeline_test/tutorial/work/6e/5c50a7acc615c9ca022b36ed122a33]
~> TaskHandler[id: 34; name: READ_TAXONOMY:KRONA_K2_IMPORT_TAXONOMY (ERR011348); status: NEW; exit: -; error: -; workDir: /data/users/danross/MAG_Pipeline/pipeline_test/tutorial/work/fb/ac447fd9ab58dffc9ed051819b861f]
~> TaskHandler[id: 38; name: CONTIG_TAXONOMY:KRAKEN2 (ERR011347-MEGAHIT); status: NEW; exit: -; error: -; workDir: /data/users/danross/MAG_Pipeline/pipeline_test/tutorial/work/7c/410ce0ea80d74921a4bfd5bfee121d]
~> TaskHandler[id: 41; name: CONTIG_TAXONOMY:KRAKEN2 (ERR011349-MEGAHIT); status: NEW; exit: -; error: -; workDir: /data/users/danross/MAG_Pipeline/pipeline_test/tutorial/work/a8/87c1e44036ce50675d7a810ce9a6fa]
May-25 16:04:42.179 [Task monitor] DEBUG n.processor.TaskPollingMonitor - !! executor local > tasks to be completed: 1 -- submitted tasks are shown below
~> TaskHandler[id: 27; name: ASSEMBLY_SHORT:MEGAHIT (ERR011348); status: RUNNING; exit: -; error: -; workDir: /data/users/danross/MAG_Pipeline/pipeline_test/tutorial/work/e5/88af67c01c46290acf9b744729c49a]
May-25 16:05:48.943 [Task monitor] DEBUG n.processor.TaskPollingMonitor - Task completed > TaskHandler[id: 27; name: ASSEMBLY_SHORT:MEGAHIT (ERR011348); status: COMPLETED; exit: 0; error: -; workDir: /data/users/danross/MAG_Pipeline/pipeline_test/tutorial/work/e5/88af67c01c46290acf9b744729c49a]
May-25 16:05:48.949 [Task submitter] DEBUG n.executor.local.LocalTaskHandler - Launch cmd line: /bin/bash -ue .command.run
May-25 16:05:48.950 [Task submitter] INFO  nextflow.Session - [26/cc7359] Submitted process > READ_TAXONOMY:KRONA_K2_IMPORT_TAXONOMY (ERR011349)
May-25 16:05:49.958 [Task submitter] DEBUG n.executor.local.LocalTaskHandler - Launch cmd line: /bin/bash -ue .command.run
May-25 16:05:49.959 [Task submitter] INFO  nextflow.Session - [77/80b27e] Submitted process > ASSEMBLY_SHORT:QUAST_CONTIGS (ERR011348-MEGAHIT)
May-25 16:05:51.961 [Task submitter] DEBUG n.processor.TaskPollingMonitor - %% executor local > tasks in the submission queue: 6 -- tasks to be submitted are shown below
~> TaskHandler[id: 31; name: READ_TAXONOMY:KRONA_K2_IMPORT_TAXONOMY (ERR011347); status: NEW; exit: -; error: -; workDir: /data/users/danross/MAG_Pipeline/pipeline_test/tutorial/work/6e/5c50a7acc615c9ca022b36ed122a33]
~> TaskHandler[id: 34; name: READ_TAXONOMY:KRONA_K2_IMPORT_TAXONOMY (ERR011348); status: NEW; exit: -; error: -; workDir: /data/users/danross/MAG_Pipeline/pipeline_test/tutorial/work/fb/ac447fd9ab58dffc9ed051819b861f]
~> TaskHandler[id: 38; name: CONTIG_TAXONOMY:KRAKEN2 (ERR011347-MEGAHIT); status: NEW; exit: -; error: -; workDir: /data/users/danross/MAG_Pipeline/pipeline_test/tutorial/work/7c/410ce0ea80d74921a4bfd5bfee121d]
~> TaskHandler[id: 41; name: CONTIG_TAXONOMY:KRAKEN2 (ERR011349-MEGAHIT); status: NEW; exit: -; error: -; workDir: /data/users/danross/MAG_Pipeline/pipeline_test/tutorial/work/a8/87c1e44036ce50675d7a810ce9a6fa]
~> TaskHandler[id: 43; name: CONTIG_TAXONOMY:KRAKEN2 (ERR011348-MEGAHIT); status: NEW; exit: -; error: -; workDir: /data/users/danross/MAG_Pipeline/pipeline_test/tutorial/work/88/6d2dc0e10286847d06968a26848b93]
~> TaskHandler[id: 45; name: ASSEMBLY_SHORT:CONTIG_COVERAGE:COVERM_CONTIG (ERR011348-MEGAHIT); status: NEW; exit: -; error: -; workDir: /data/users/danross/MAG_Pipeline/pipeline_test/tutorial/work/c4/50a0dc71187b1ffc414386035e468e]
May-25 16:05:53.630 [Task monitor] DEBUG n.processor.TaskPollingMonitor - Task completed > TaskHandler[id: 29; name: READ_TAXONOMY:KRONA_K2_IMPORT_TAXONOMY (ERR011349); status: COMPLETED; exit: 0; error: -; workDir: /data/users/danross/MAG_Pipeline/pipeline_test/tutorial/work/26/cc735969dc236b50c53407099b03c2]
May-25 16:05:53.634 [Task submitter] DEBUG n.executor.local.LocalTaskHandler - Launch cmd line: /bin/bash -ue .command.run
May-25 16:05:53.634 [Task submitter] INFO  nextflow.Session - [6e/5c50a7] Submitted process > READ_TAXONOMY:KRONA_K2_IMPORT_TAXONOMY (ERR011347)
May-25 16:05:58.515 [Task monitor] DEBUG n.processor.TaskPollingMonitor - Task completed > TaskHandler[id: 31; name: READ_TAXONOMY:KRONA_K2_IMPORT_TAXONOMY (ERR011347); status: COMPLETED; exit: 0; error: -; workDir: /data/users/danross/MAG_Pipeline/pipeline_test/tutorial/work/6e/5c50a7acc615c9ca022b36ed122a33]
May-25 16:05:58.517 [Task submitter] DEBUG n.executor.local.LocalTaskHandler - Launch cmd line: /bin/bash -ue .command.run
May-25 16:05:58.517 [Task submitter] INFO  nextflow.Session - [fb/ac447f] Submitted process > READ_TAXONOMY:KRONA_K2_IMPORT_TAXONOMY (ERR011348)
May-25 16:06:03.523 [Task monitor] DEBUG n.processor.TaskPollingMonitor - Task completed > TaskHandler[id: 34; name: READ_TAXONOMY:KRONA_K2_IMPORT_TAXONOMY (ERR011348); status: COMPLETED; exit: 0; error: -; workDir: /data/users/danross/MAG_Pipeline/pipeline_test/tutorial/work/fb/ac447fd9ab58dffc9ed051819b861f]
May-25 16:06:03.527 [Task submitter] DEBUG n.executor.local.LocalTaskHandler - Launch cmd line: /bin/bash -ue .command.run
May-25 16:06:03.527 [Task submitter] INFO  nextflow.Session - [7c/410ce0] Submitted process > CONTIG_TAXONOMY:KRAKEN2 (ERR011347-MEGAHIT)
May-25 16:06:09.065 [Task monitor] DEBUG n.processor.TaskPollingMonitor - Task completed > TaskHandler[id: 38; name: CONTIG_TAXONOMY:KRAKEN2 (ERR011347-MEGAHIT); status: COMPLETED; exit: 0; error: -; workDir: /data/users/danross/MAG_Pipeline/pipeline_test/tutorial/work/7c/410ce0ea80d74921a4bfd5bfee121d]
May-25 16:06:09.068 [Task submitter] DEBUG n.executor.local.LocalTaskHandler - Launch cmd line: /bin/bash -ue .command.run
May-25 16:06:09.068 [Task submitter] INFO  nextflow.Session - [a8/87c1e4] Submitted process > CONTIG_TAXONOMY:KRAKEN2 (ERR011349-MEGAHIT)
May-25 16:06:09.146 [Actor Thread 5] INFO  nextflow.conda.CondaCache - Creating env using conda: /data/users/danross/MAG_Pipeline/modules/local/taxconverter/environment.yml [cache /data/users/danross/MAG_Pipeline/pipeline_test/tutorial/work/conda/env-df2cfb95c2710910203f6b3027994695]
May-25 16:06:13.894 [Task monitor] DEBUG n.processor.TaskPollingMonitor - Task completed > TaskHandler[id: 41; name: CONTIG_TAXONOMY:KRAKEN2 (ERR011349-MEGAHIT); status: COMPLETED; exit: 0; error: -; workDir: /data/users/danross/MAG_Pipeline/pipeline_test/tutorial/work/a8/87c1e44036ce50675d7a810ce9a6fa]
May-25 16:06:13.898 [Task submitter] DEBUG n.executor.local.LocalTaskHandler - Launch cmd line: /bin/bash -ue .command.run
May-25 16:06:13.898 [Task submitter] INFO  nextflow.Session - [88/6d2dc0] Submitted process > CONTIG_TAXONOMY:KRAKEN2 (ERR011348-MEGAHIT)
May-25 16:06:20.220 [Task monitor] DEBUG n.processor.TaskPollingMonitor - Task completed > TaskHandler[id: 43; name: CONTIG_TAXONOMY:KRAKEN2 (ERR011348-MEGAHIT); status: COMPLETED; exit: 0; error: -; workDir: /data/users/danross/MAG_Pipeline/pipeline_test/tutorial/work/88/6d2dc0e10286847d06968a26848b93]
May-25 16:06:20.224 [Task submitter] DEBUG n.executor.local.LocalTaskHandler - Launch cmd line: /bin/bash -ue .command.run
May-25 16:06:20.224 [Task submitter] INFO  nextflow.Session - [c4/50a0dc] Submitted process > ASSEMBLY_SHORT:CONTIG_COVERAGE:COVERM_CONTIG (ERR011348-MEGAHIT)
May-25 16:06:20.228 [Task submitter] DEBUG n.executor.local.LocalTaskHandler - Launch cmd line: /bin/bash -ue .command.run
May-25 16:06:20.228 [Task submitter] INFO  nextflow.Session - [74/565b7a] Submitted process > CONTIG_TAXONOMY:BRACKEN (ERR011347-MEGAHIT)
May-25 16:06:21.414 [Task monitor] DEBUG n.processor.TaskPollingMonitor - Task completed > TaskHandler[id: 48; name: CONTIG_TAXONOMY:BRACKEN (ERR011347-MEGAHIT); status: COMPLETED; exit: 0; error: -; workDir: /data/users/danross/MAG_Pipeline/pipeline_test/tutorial/work/74/565b7a2cc62ddbea7de5702084b27a]
May-25 16:06:21.420 [Task submitter] DEBUG n.executor.local.LocalTaskHandler - Launch cmd line: /bin/bash -ue .command.run
May-25 16:06:21.420 [Task submitter] INFO  nextflow.Session - [10/4fedc1] Submitted process > CONTIG_TAXONOMY:BRACKEN (ERR011349-MEGAHIT)
May-25 16:06:22.471 [Task monitor] DEBUG n.processor.TaskPollingMonitor - Task completed > TaskHandler[id: 51; name: CONTIG_TAXONOMY:BRACKEN (ERR011349-MEGAHIT); status: COMPLETED; exit: 0; error: -; workDir: /data/users/danross/MAG_Pipeline/pipeline_test/tutorial/work/10/4fedc1f1b6e1080056cfb281dded20]
May-25 16:06:22.474 [Task submitter] DEBUG n.executor.local.LocalTaskHandler - Launch cmd line: /bin/bash -ue .command.run
May-25 16:06:22.474 [Task submitter] INFO  nextflow.Session - [72/3c5216] Submitted process > CONTIG_TAXONOMY:BRACKEN (ERR011348-MEGAHIT)
May-25 16:06:23.541 [Task monitor] DEBUG n.processor.TaskPollingMonitor - Task completed > TaskHandler[id: 52; name: CONTIG_TAXONOMY:BRACKEN (ERR011348-MEGAHIT); status: COMPLETED; exit: 0; error: -; workDir: /data/users/danross/MAG_Pipeline/pipeline_test/tutorial/work/72/3c52161d1b984c6d0625c4b20a4f56]
May-25 16:06:24.545 [Task submitter] DEBUG n.executor.local.LocalTaskHandler - Launch cmd line: /bin/bash -ue .command.run
May-25 16:06:24.545 [Task submitter] INFO  nextflow.Session - [12/28b84e] Submitted process > CONTIG_TAXONOMY:COMBINE_BRACKEN_OUTPUTS (contigs)
May-25 16:06:25.245 [Task submitter] DEBUG n.executor.local.LocalTaskHandler - Launch cmd line: /bin/bash -ue .command.run
May-25 16:06:25.245 [Task submitter] INFO  nextflow.Session - [23/33d3f7] Submitted process > CONTIG_TAXONOMY:BRACKEN_SUMMARY (contigs)
May-25 16:06:25.945 [Task monitor] DEBUG n.processor.TaskPollingMonitor - Task completed > TaskHandler[id: 56; name: CONTIG_TAXONOMY:COMBINE_BRACKEN_OUTPUTS (contigs); status: COMPLETED; exit: 0; error: -; workDir: /data/users/danross/MAG_Pipeline/pipeline_test/tutorial/work/12/28b84e522f572fd2bf1a58f29de45a]
May-25 16:06:27.700 [Task monitor] DEBUG n.processor.TaskPollingMonitor - Task completed > TaskHandler[id: 55; name: CONTIG_TAXONOMY:BRACKEN_SUMMARY (contigs); status: COMPLETED; exit: 0; error: -; workDir: /data/users/danross/MAG_Pipeline/pipeline_test/tutorial/work/23/33d3f76cf666ee57e35a90ed860207]
May-25 16:06:36.464 [Task monitor] DEBUG n.processor.TaskPollingMonitor - Task completed > TaskHandler[id: 44; name: ASSEMBLY_SHORT:QUAST_CONTIGS (ERR011348-MEGAHIT); status: COMPLETED; exit: 0; error: -; workDir: /data/users/danross/MAG_Pipeline/pipeline_test/tutorial/work/77/80b27ef8be2373021c610c8e3df445]
May-25 16:06:36.468 [Task submitter] DEBUG n.executor.local.LocalTaskHandler - Launch cmd line: /bin/bash -ue .command.run
May-25 16:06:36.468 [Task submitter] INFO  nextflow.Session - [21/edd9f3] Submitted process > CONTIG_TAXONOMY:KRONA_K2_IMPORT_TAXONOMY (ERR011347)
May-25 16:06:41.188 [Task monitor] DEBUG n.processor.TaskPollingMonitor - Task completed > TaskHandler[id: 46; name: CONTIG_TAXONOMY:KRONA_K2_IMPORT_TAXONOMY (ERR011347); status: COMPLETED; exit: 0; error: -; workDir: /data/users/danross/MAG_Pipeline/pipeline_test/tutorial/work/21/edd9f3c3b3d912501790c661dfc05c]
May-25 16:06:41.191 [Task submitter] DEBUG n.executor.local.LocalTaskHandler - Launch cmd line: /bin/bash -ue .command.run
May-25 16:06:41.192 [Task submitter] INFO  nextflow.Session - [4a/19e924] Submitted process > CONTIG_TAXONOMY:KRONA_K2_IMPORT_TAXONOMY (ERR011349)
May-25 16:06:45.669 [Task monitor] DEBUG n.processor.TaskPollingMonitor - Task completed > TaskHandler[id: 50; name: CONTIG_TAXONOMY:KRONA_K2_IMPORT_TAXONOMY (ERR011349); status: COMPLETED; exit: 0; error: -; workDir: /data/users/danross/MAG_Pipeline/pipeline_test/tutorial/work/4a/19e924a8fa1d545c2153d4fe978fc7]
May-25 16:06:45.672 [Task submitter] DEBUG n.executor.local.LocalTaskHandler - Launch cmd line: /bin/bash -ue .command.run
May-25 16:06:45.672 [Task submitter] INFO  nextflow.Session - [3b/652bc5] Submitted process > CONTIG_TAXONOMY:KRONA_K2_IMPORT_TAXONOMY (ERR011348)
May-25 16:06:50.070 [Task monitor] DEBUG n.processor.TaskPollingMonitor - Task completed > TaskHandler[id: 53; name: CONTIG_TAXONOMY:KRONA_K2_IMPORT_TAXONOMY (ERR011348); status: COMPLETED; exit: 0; error: -; workDir: /data/users/danross/MAG_Pipeline/pipeline_test/tutorial/work/3b/652bc58105989de6f162622fe3f4cc]
May-25 16:06:53.979 [Actor Thread 5] DEBUG nextflow.conda.CondaCache - 'conda' create complete env=/data/users/danross/MAG_Pipeline/modules/local/taxconverter/environment.yml path=/data/users/danross/MAG_Pipeline/pipeline_test/tutorial/work/conda/env-df2cfb95c2710910203f6b3027994695
May-25 16:06:53.986 [Task submitter] DEBUG n.executor.local.LocalTaskHandler - Launch cmd line: /bin/bash -ue .command.run
May-25 16:06:53.986 [Task submitter] INFO  nextflow.Session - [37/a7a0bc] Submitted process > CONTIG_TAXONOMY:TAXCONVERTER (ERR011347-MEGAHIT)
May-25 16:06:53.989 [Task submitter] DEBUG n.executor.local.LocalTaskHandler - Launch cmd line: /bin/bash -ue .command.run
May-25 16:06:53.989 [Task submitter] INFO  nextflow.Session - [fc/2b6a28] Submitted process > CONTIG_TAXONOMY:TAXCONVERTER (ERR011348-MEGAHIT)
May-25 16:06:53.992 [Task submitter] DEBUG n.executor.local.LocalTaskHandler - Launch cmd line: /bin/bash -ue .command.run
May-25 16:06:53.992 [Task submitter] INFO  nextflow.Session - [ee/2190fc] Submitted process > CONTIG_TAXONOMY:TAXCONVERTER (ERR011349-MEGAHIT)
May-25 16:07:00.220 [Task monitor] DEBUG n.processor.TaskPollingMonitor - Task completed > TaskHandler[id: 49; name: CONTIG_TAXONOMY:TAXCONVERTER (ERR011349-MEGAHIT); status: COMPLETED; exit: 0; error: -; workDir: /data/users/danross/MAG_Pipeline/pipeline_test/tutorial/work/ee/2190fc63f7e83e6e9f4dcc87da8231]
May-25 16:07:01.072 [Task monitor] DEBUG n.processor.TaskPollingMonitor - Task completed > TaskHandler[id: 54; name: CONTIG_TAXONOMY:TAXCONVERTER (ERR011348-MEGAHIT); status: COMPLETED; exit: 0; error: -; workDir: /data/users/danross/MAG_Pipeline/pipeline_test/tutorial/work/fc/2b6a28a2917d25dae636f7361d9b4e]
May-25 16:07:01.171 [Task monitor] DEBUG n.processor.TaskPollingMonitor - Task completed > TaskHandler[id: 47; name: CONTIG_TAXONOMY:TAXCONVERTER (ERR011347-MEGAHIT); status: COMPLETED; exit: 0; error: -; workDir: /data/users/danross/MAG_Pipeline/pipeline_test/tutorial/work/37/a7a0bcf502f01f6f6c331dd37ed23b]
May-25 16:07:01.191 [Task submitter] DEBUG n.executor.local.LocalTaskHandler - Launch cmd line: /bin/bash -ue .command.run
May-25 16:07:01.192 [Task submitter] INFO  nextflow.Session - [1d/dab2ad] Submitted process > BINNING_PREPARATION:RENAME_SOLO_TAXONOMY (ERR011348-MEGAHIT)
May-25 16:07:01.195 [Task submitter] DEBUG n.executor.local.LocalTaskHandler - Launch cmd line: /bin/bash -ue .command.run
May-25 16:07:01.195 [Task submitter] INFO  nextflow.Session - [ae/c95e98] Submitted process > BINNING_PREPARATION:RENAME_SOLO_CONTIGS (ERR011349)
May-25 16:07:01.198 [Task submitter] DEBUG n.executor.local.LocalTaskHandler - Launch cmd line: /bin/bash -ue .command.run
May-25 16:07:01.198 [Task submitter] INFO  nextflow.Session - [a5/a7beb1] Submitted process > BINNING_PREPARATION:RENAME_SOLO_CONTIGS (ERR011347)
May-25 16:07:01.201 [Task submitter] DEBUG n.executor.local.LocalTaskHandler - Launch cmd line: /bin/bash -ue .command.run
May-25 16:07:01.201 [Task submitter] INFO  nextflow.Session - [35/f2096f] Submitted process > BINNING_PREPARATION:RENAME_SOLO_TAXONOMY (ERR011347-MEGAHIT)
May-25 16:07:01.204 [Task submitter] DEBUG n.executor.local.LocalTaskHandler - Launch cmd line: /bin/bash -ue .command.run
May-25 16:07:01.204 [Task submitter] INFO  nextflow.Session - [95/43956d] Submitted process > BINNING_PREPARATION:RENAME_SOLO_TAXONOMY (ERR011349-MEGAHIT)
May-25 16:07:01.209 [Task submitter] DEBUG n.executor.local.LocalTaskHandler - Launch cmd line: /bin/bash -ue .command.run
May-25 16:07:01.209 [Task submitter] INFO  nextflow.Session - [d6/0cfbe7] Submitted process > BINNING_PREPARATION:RENAME_SOLO_CONTIGS (ERR011348)
May-25 16:07:01.268 [Task monitor] DEBUG n.processor.TaskPollingMonitor - Task completed > TaskHandler[id: 61; name: BINNING_PREPARATION:RENAME_SOLO_TAXONOMY (ERR011348-MEGAHIT); status: COMPLETED; exit: 0; error: -; workDir: /data/users/danross/MAG_Pipeline/pipeline_test/tutorial/work/1d/dab2ad06e399eb35d47a07e93b44d2]
May-25 16:07:01.273 [Task monitor] DEBUG n.processor.TaskPollingMonitor - Task completed > TaskHandler[id: 57; name: BINNING_PREPARATION:RENAME_SOLO_CONTIGS (ERR011349); status: COMPLETED; exit: 0; error: -; workDir: /data/users/danross/MAG_Pipeline/pipeline_test/tutorial/work/ae/c95e98120265f0bb6a867de7508eae]
May-25 16:07:01.273 [Task monitor] DEBUG n.processor.TaskPollingMonitor - Task completed > TaskHandler[id: 59; name: BINNING_PREPARATION:RENAME_SOLO_CONTIGS (ERR011347); status: COMPLETED; exit: 0; error: -; workDir: /data/users/danross/MAG_Pipeline/pipeline_test/tutorial/work/a5/a7beb16f15ad5bc330c378f64f586f]
May-25 16:07:01.275 [Task monitor] DEBUG n.processor.TaskPollingMonitor - Task completed > TaskHandler[id: 62; name: BINNING_PREPARATION:RENAME_SOLO_TAXONOMY (ERR011347-MEGAHIT); status: COMPLETED; exit: 0; error: -; workDir: /data/users/danross/MAG_Pipeline/pipeline_test/tutorial/work/35/f2096f0b58ce7014669c16b073b4ce]
May-25 16:07:01.280 [Task monitor] DEBUG n.processor.TaskPollingMonitor - Task completed > TaskHandler[id: 60; name: BINNING_PREPARATION:RENAME_SOLO_TAXONOMY (ERR011349-MEGAHIT); status: COMPLETED; exit: 0; error: -; workDir: /data/users/danross/MAG_Pipeline/pipeline_test/tutorial/work/95/43956dc5f2516d4529457a0b437f77]
May-25 16:07:01.281 [Actor Thread 21] INFO  nextflow.conda.CondaCache - Creating env using conda: bioconda::minimap2=2.28 [cache /data/users/danross/MAG_Pipeline/pipeline_test/tutorial/work/conda/env-45bb8d3b1111ea4adf3c96577925a268]
May-25 16:07:01.288 [Task monitor] DEBUG n.processor.TaskPollingMonitor - Task completed > TaskHandler[id: 58; name: BINNING_PREPARATION:RENAME_SOLO_CONTIGS (ERR011348); status: COMPLETED; exit: 0; error: -; workDir: /data/users/danross/MAG_Pipeline/pipeline_test/tutorial/work/d6/0cfbe79b4468744c8c540f0c5fc172]
May-25 16:07:07.890 [Task monitor] DEBUG n.processor.TaskPollingMonitor - Task completed > TaskHandler[id: 45; name: ASSEMBLY_SHORT:CONTIG_COVERAGE:COVERM_CONTIG (ERR011348-MEGAHIT); status: COMPLETED; exit: 0; error: -; workDir: /data/users/danross/MAG_Pipeline/pipeline_test/tutorial/work/c4/50a0dc71187b1ffc414386035e468e]
May-25 16:07:09.321 [Actor Thread 21] DEBUG nextflow.conda.CondaCache - 'conda' create complete env=bioconda::minimap2=2.28 path=/data/users/danross/MAG_Pipeline/pipeline_test/tutorial/work/conda/env-45bb8d3b1111ea4adf3c96577925a268
May-25 16:07:09.331 [Task submitter] DEBUG n.executor.local.LocalTaskHandler - Launch cmd line: /bin/bash -ue .command.run
May-25 16:07:09.331 [Task submitter] INFO  nextflow.Session - [a8/d969e8] Submitted process > BINNING_PREPARATION:MINIMAP2_ASSEMBLY_INDEX (ERR011348)
May-25 16:07:09.334 [Task submitter] DEBUG n.executor.local.LocalTaskHandler - Launch cmd line: /bin/bash -ue .command.run
May-25 16:07:09.334 [Task submitter] INFO  nextflow.Session - [a8/0e2090] Submitted process > BINNING_PREPARATION:MINIMAP2_ASSEMBLY_INDEX (ERR011347)
May-25 16:07:09.336 [Task submitter] DEBUG n.executor.local.LocalTaskHandler - Launch cmd line: /bin/bash -ue .command.run
May-25 16:07:09.336 [Task submitter] INFO  nextflow.Session - [62/0494db] Submitted process > BINNING_PREPARATION:MINIMAP2_ASSEMBLY_INDEX (ERR011349)
May-25 16:07:12.139 [Task monitor] DEBUG n.processor.TaskPollingMonitor - Task completed > TaskHandler[id: 64; name: BINNING_PREPARATION:MINIMAP2_ASSEMBLY_INDEX (ERR011349); status: COMPLETED; exit: 0; error: -; workDir: /data/users/danross/MAG_Pipeline/pipeline_test/tutorial/work/62/0494db4d699fa35fa79cbaa5c03c9b]
May-25 16:07:12.147 [Actor Thread 26] INFO  nextflow.conda.CondaCache - Creating env using conda: bioconda::minimap2=2.28 bioconda::samtools=1.21 [cache /data/users/danross/MAG_Pipeline/pipeline_test/tutorial/work/conda/env-215747879db12eb051d02ba57205cafa]
May-25 16:07:12.431 [Task monitor] DEBUG n.processor.TaskPollingMonitor - Task completed > TaskHandler[id: 63; name: BINNING_PREPARATION:MINIMAP2_ASSEMBLY_INDEX (ERR011347); status: COMPLETED; exit: 0; error: -; workDir: /data/users/danross/MAG_Pipeline/pipeline_test/tutorial/work/a8/0e2090b333e776f8aeb2582649832a]
May-25 16:07:13.169 [Task monitor] DEBUG n.processor.TaskPollingMonitor - Task completed > TaskHandler[id: 65; name: BINNING_PREPARATION:MINIMAP2_ASSEMBLY_INDEX (ERR011348); status: COMPLETED; exit: 0; error: -; workDir: /data/users/danross/MAG_Pipeline/pipeline_test/tutorial/work/a8/d969e8d59b61aa2fdf826289a59235]
May-25 16:07:20.453 [Actor Thread 26] DEBUG nextflow.conda.CondaCache - 'conda' create complete env=bioconda::minimap2=2.28 bioconda::samtools=1.21 path=/data/users/danross/MAG_Pipeline/pipeline_test/tutorial/work/conda/env-215747879db12eb051d02ba57205cafa
May-25 16:07:20.467 [Task submitter] DEBUG n.executor.local.LocalTaskHandler - Launch cmd line: /bin/bash -ue .command.run
May-25 16:07:20.467 [Task submitter] INFO  nextflow.Session - [81/21802c] Submitted process > BINNING_PREPARATION:MINIMAP2_ASSEMBLY_ALIGNMENT (ERR011347-ERR011347)
May-25 16:08:10.351 [Task monitor] DEBUG n.processor.TaskPollingMonitor - Task completed > TaskHandler[id: 67; name: BINNING_PREPARATION:MINIMAP2_ASSEMBLY_ALIGNMENT (ERR011347-ERR011347); status: COMPLETED; exit: 0; error: -; workDir: /data/users/danross/MAG_Pipeline/pipeline_test/tutorial/work/81/21802cd080b4f7503c420686cf0fcc]
May-25 16:08:10.356 [Task submitter] DEBUG n.executor.local.LocalTaskHandler - Launch cmd line: /bin/bash -ue .command.run
May-25 16:08:10.356 [Task submitter] INFO  nextflow.Session - [4b/f87ab3] Submitted process > BINNING_PREPARATION:MINIMAP2_ASSEMBLY_ALIGNMENT (ERR011348-ERR011348)
May-25 16:09:16.390 [Task monitor] DEBUG n.processor.TaskPollingMonitor - Task completed > TaskHandler[id: 68; name: BINNING_PREPARATION:MINIMAP2_ASSEMBLY_ALIGNMENT (ERR011348-ERR011348); status: COMPLETED; exit: 0; error: -; workDir: /data/users/danross/MAG_Pipeline/pipeline_test/tutorial/work/4b/f87ab30c1fa4abae4858308878ec10]
May-25 16:09:16.394 [Task submitter] DEBUG n.executor.local.LocalTaskHandler - Launch cmd line: /bin/bash -ue .command.run
May-25 16:09:16.395 [Task submitter] INFO  nextflow.Session - [43/eb95cf] Submitted process > BINNING_PREPARATION:MINIMAP2_ASSEMBLY_ALIGNMENT (ERR011349-ERR011349)
May-25 16:09:42.218 [Task monitor] DEBUG n.processor.TaskPollingMonitor - !! executor local > tasks to be completed: 1 -- submitted tasks are shown below
~> TaskHandler[id: 66; name: BINNING_PREPARATION:MINIMAP2_ASSEMBLY_ALIGNMENT (ERR011349-ERR011349); status: RUNNING; exit: -; error: -; workDir: /data/users/danross/MAG_Pipeline/pipeline_test/tutorial/work/43/eb95cf0b65b8feb1f084c7d2e3aeae]
May-25 16:09:44.641 [Task monitor] DEBUG n.processor.TaskPollingMonitor - Task completed > TaskHandler[id: 66; name: BINNING_PREPARATION:MINIMAP2_ASSEMBLY_ALIGNMENT (ERR011349-ERR011349); status: COMPLETED; exit: 0; error: -; workDir: /data/users/danross/MAG_Pipeline/pipeline_test/tutorial/work/43/eb95cf0b65b8feb1f084c7d2e3aeae]
May-25 16:09:44.651 [Actor Thread 6] INFO  nextflow.conda.CondaCache - Creating env using conda: bioconda::metabat2=2.15 [cache /data/users/danross/MAG_Pipeline/pipeline_test/tutorial/work/conda/env-10c58557f8fdf14824d21fc32df360b8]
May-25 16:09:55.600 [Actor Thread 6] DEBUG nextflow.conda.CondaCache - 'conda' create complete env=bioconda::metabat2=2.15 path=/data/users/danross/MAG_Pipeline/pipeline_test/tutorial/work/conda/env-10c58557f8fdf14824d21fc32df360b8
May-25 16:09:55.606 [Task submitter] DEBUG n.executor.local.LocalTaskHandler - Launch cmd line: /bin/bash -ue .command.run
May-25 16:09:55.606 [Task submitter] INFO  nextflow.Session - [6d/b6f755] Submitted process > BINNING:JGISUMMARIZEBAMCONTIGDEPTHS (ERR011347-MEGAHIT)
May-25 16:09:55.609 [Task submitter] DEBUG n.executor.local.LocalTaskHandler - Launch cmd line: /bin/bash -ue .command.run
May-25 16:09:55.609 [Task submitter] INFO  nextflow.Session - [89/31e08f] Submitted process > BINNING:JGISUMMARIZEBAMCONTIGDEPTHS (ERR011349-MEGAHIT)
May-25 16:10:10.991 [Task monitor] DEBUG n.processor.TaskPollingMonitor - Task completed > TaskHandler[id: 71; name: BINNING:JGISUMMARIZEBAMCONTIGDEPTHS (ERR011349-MEGAHIT); status: COMPLETED; exit: 0; error: -; workDir: /data/users/danross/MAG_Pipeline/pipeline_test/tutorial/work/89/31e08fd66ff176038f135bc70de854]
May-25 16:10:10.995 [Task submitter] DEBUG n.executor.local.LocalTaskHandler - Launch cmd line: /bin/bash -ue .command.run
May-25 16:10:10.996 [Task submitter] INFO  nextflow.Session - [49/cff68b] Submitted process > BINNING:JGISUMMARIZEBAMCONTIGDEPTHS (ERR011348-MEGAHIT)
May-25 16:10:10.999 [Actor Thread 21] INFO  nextflow.conda.CondaCache - Creating env using conda: conda-forge::pandas [cache /data/users/danross/MAG_Pipeline/pipeline_test/tutorial/work/conda/env-0b9b5b0759dc895ee16ba849da010990]
May-25 16:10:11.014 [Actor Thread 26] INFO  nextflow.conda.CondaCache - Creating env using conda: /data/users/danross/MAG_Pipeline/modules/local/metabinner/environment.yml [cache /data/users/danross/MAG_Pipeline/pipeline_test/tutorial/work/conda/env-757bdaed83dbe5bef3c746c78580a98e]
May-25 16:10:29.480 [Actor Thread 21] DEBUG nextflow.conda.CondaCache - 'conda' create complete env=conda-forge::pandas path=/data/users/danross/MAG_Pipeline/pipeline_test/tutorial/work/conda/env-0b9b5b0759dc895ee16ba849da010990
May-25 16:10:30.012 [Task submitter] DEBUG n.executor.local.LocalTaskHandler - Launch cmd line: /bin/bash -ue .command.run
May-25 16:10:30.013 [Task submitter] INFO  nextflow.Session - [20/0c014b] Submitted process > BINNING:VAMB_CONVERT_ABUNDANCE (ERR011349-MEGAHIT)
May-25 16:10:31.256 [Task monitor] DEBUG n.processor.TaskPollingMonitor - Task completed > TaskHandler[id: 69; name: BINNING:JGISUMMARIZEBAMCONTIGDEPTHS (ERR011347-MEGAHIT); status: COMPLETED; exit: 0; error: -; workDir: /data/users/danross/MAG_Pipeline/pipeline_test/tutorial/work/6d/b6f755645ac1c999f55f4be6a6f57b]
May-25 16:10:31.775 [Task monitor] DEBUG n.processor.TaskPollingMonitor - Task completed > TaskHandler[id: 73; name: BINNING:VAMB_CONVERT_ABUNDANCE (ERR011349-MEGAHIT); status: COMPLETED; exit: 0; error: -; workDir: /data/users/danross/MAG_Pipeline/pipeline_test/tutorial/work/20/0c014bbe9dd0d739a6c940cba5edc4]
May-25 16:10:31.780 [Task submitter] DEBUG n.executor.local.LocalTaskHandler - Launch cmd line: /bin/bash -ue .command.run
May-25 16:10:31.780 [Task submitter] INFO  nextflow.Session - [27/5fcd34] Submitted process > BINNING:METABAT2 (ERR011349-MEGAHIT)
May-25 16:10:33.087 [Task monitor] DEBUG n.processor.TaskPollingMonitor - Task completed > TaskHandler[id: 72; name: BINNING:METABAT2 (ERR011349-MEGAHIT); status: COMPLETED; exit: 0; error: -; workDir: /data/users/danross/MAG_Pipeline/pipeline_test/tutorial/work/27/5fcd34d3a2146d3a6dc4dbfd78afe3]
May-25 16:10:33.090 [Task submitter] DEBUG n.executor.local.LocalTaskHandler - Launch cmd line: /bin/bash -ue .command.run
May-25 16:10:33.090 [Task submitter] INFO  nextflow.Session - [cb/b00a4b] Submitted process > BINNING:VAMB_CONVERT_ABUNDANCE (ERR011347-MEGAHIT)
May-25 16:10:33.095 [Task submitter] DEBUG n.executor.local.LocalTaskHandler - Launch cmd line: /bin/bash -ue .command.run
May-25 16:10:33.095 [Task submitter] INFO  nextflow.Session - [d1/a79ad4] Submitted process > BINNING:VAMB_FILTER_TAXONOMY (ERR011349-MEGAHIT)
May-25 16:10:33.099 [Actor Thread 25] INFO  nextflow.conda.CondaCache - Creating env using conda: bioconda::das_tool=1.1.6 [cache /data/users/danross/MAG_Pipeline/pipeline_test/tutorial/work/conda/env-45dea2aeda2640fc42a59bcaebb5cb99]
May-25 16:10:33.302 [Task monitor] DEBUG n.processor.TaskPollingMonitor - Task completed > TaskHandler[id: 78; name: BINNING:VAMB_FILTER_TAXONOMY (ERR011349-MEGAHIT); status: COMPLETED; exit: 0; error: -; workDir: /data/users/danross/MAG_Pipeline/pipeline_test/tutorial/work/d1/a79ad46f88103afb27625c8881343e]
May-25 16:10:33.329 [Actor Thread 6] INFO  nextflow.conda.CondaCache - Creating env using conda: /data/users/danross/MAG_Pipeline/modules/nf-core/vamb/bin/environment.yml [cache /data/users/danross/MAG_Pipeline/pipeline_test/tutorial/work/conda/env-fddee4f510fc411c1e62e6f48e039d1b]
May-25 16:10:34.963 [Task monitor] DEBUG n.processor.TaskPollingMonitor - Task completed > TaskHandler[id: 77; name: BINNING:VAMB_CONVERT_ABUNDANCE (ERR011347-MEGAHIT); status: COMPLETED; exit: 0; error: -; workDir: /data/users/danross/MAG_Pipeline/pipeline_test/tutorial/work/cb/b00a4bbde8ec640d080e4548a76ba9]
May-25 16:10:34.969 [Task submitter] DEBUG n.executor.local.LocalTaskHandler - Launch cmd line: /bin/bash -ue .command.run
May-25 16:10:34.970 [Task submitter] INFO  nextflow.Session - [0f/a9d0bc] Submitted process > BINNING:METABAT2 (ERR011347-MEGAHIT)
May-25 16:10:36.709 [Task monitor] DEBUG n.processor.TaskPollingMonitor - Task completed > TaskHandler[id: 75; name: BINNING:METABAT2 (ERR011347-MEGAHIT); status: COMPLETED; exit: 0; error: -; workDir: /data/users/danross/MAG_Pipeline/pipeline_test/tutorial/work/0f/a9d0bcd3aba1287dd035aa025a2816]
May-25 16:10:36.712 [Task submitter] DEBUG n.executor.local.LocalTaskHandler - Launch cmd line: /bin/bash -ue .command.run
May-25 16:10:36.712 [Task submitter] INFO  nextflow.Session - [77/53354f] Submitted process > BINNING:VAMB_FILTER_TAXONOMY (ERR011347-MEGAHIT)
May-25 16:10:37.072 [Task monitor] DEBUG n.processor.TaskPollingMonitor - Task completed > TaskHandler[id: 81; name: BINNING:VAMB_FILTER_TAXONOMY (ERR011347-MEGAHIT); status: COMPLETED; exit: 0; error: -; workDir: /data/users/danross/MAG_Pipeline/pipeline_test/tutorial/work/77/53354f3b7e0f1f9cdf41ab2c04b697]
May-25 16:10:47.353 [Task monitor] DEBUG n.processor.TaskPollingMonitor - Task completed > TaskHandler[id: 70; name: BINNING:JGISUMMARIZEBAMCONTIGDEPTHS (ERR011348-MEGAHIT); status: COMPLETED; exit: 0; error: -; workDir: /data/users/danross/MAG_Pipeline/pipeline_test/tutorial/work/49/cff68b2bd471363bf2a21a197d64b2]
May-25 16:10:47.364 [Task submitter] DEBUG n.executor.local.LocalTaskHandler - Launch cmd line: /bin/bash -ue .command.run
May-25 16:10:47.365 [Task submitter] INFO  nextflow.Session - [d9/be86dc] Submitted process > BINNING:METABAT2 (ERR011348-MEGAHIT)
May-25 16:10:47.418 [Task submitter] DEBUG n.executor.local.LocalTaskHandler - Launch cmd line: /bin/bash -ue .command.run
May-25 16:10:47.418 [Task submitter] INFO  nextflow.Session - [e4/421dd2] Submitted process > BINNING:VAMB_CONVERT_ABUNDANCE (ERR011348-MEGAHIT)
May-25 16:10:49.111 [Task monitor] DEBUG n.processor.TaskPollingMonitor - Task completed > TaskHandler[id: 85; name: BINNING:VAMB_CONVERT_ABUNDANCE (ERR011348-MEGAHIT); status: COMPLETED; exit: 0; error: -; workDir: /data/users/danross/MAG_Pipeline/pipeline_test/tutorial/work/e4/421dd2f462f956fbd965fbd43ad17f]
May-25 16:10:49.144 [Task submitter] DEBUG n.executor.local.LocalTaskHandler - Launch cmd line: /bin/bash -ue .command.run
May-25 16:10:49.144 [Task submitter] INFO  nextflow.Session - [66/c51f10] Submitted process > BINNING:VAMB_FILTER_TAXONOMY (ERR011348-MEGAHIT)
May-25 16:10:49.540 [Task monitor] DEBUG n.processor.TaskPollingMonitor - Task completed > TaskHandler[id: 87; name: BINNING:VAMB_FILTER_TAXONOMY (ERR011348-MEGAHIT); status: COMPLETED; exit: 0; error: -; workDir: /data/users/danross/MAG_Pipeline/pipeline_test/tutorial/work/66/c51f10c9ea68aebfcb5119ef66c223]
May-25 16:10:50.754 [Task monitor] DEBUG n.processor.TaskPollingMonitor - Task completed > TaskHandler[id: 84; name: BINNING:METABAT2 (ERR011348-MEGAHIT); status: COMPLETED; exit: 0; error: -; workDir: /data/users/danross/MAG_Pipeline/pipeline_test/tutorial/work/d9/be86dc070ddd1fa0bc3c34a3033ee9]
May-25 16:13:31.779 [Actor Thread 26] DEBUG nextflow.conda.CondaCache - 'conda' create complete env=/data/users/danross/MAG_Pipeline/modules/local/metabinner/environment.yml path=/data/users/danross/MAG_Pipeline/pipeline_test/tutorial/work/conda/env-757bdaed83dbe5bef3c746c78580a98e
May-25 16:13:31.808 [Task submitter] DEBUG n.executor.local.LocalTaskHandler - Launch cmd line: /bin/bash -ue .command.run
May-25 16:13:31.808 [Task submitter] INFO  nextflow.Session - [79/3282c7] Submitted process > BINNING:METABINNER (ERR011348-MEGAHIT)
May-25 16:13:31.811 [Task submitter] DEBUG n.executor.local.LocalTaskHandler - Launch cmd line: /bin/bash -ue .command.run
May-25 16:13:31.811 [Task submitter] INFO  nextflow.Session - [89/f5490d] Submitted process > BINNING:METABINNER (ERR011347-MEGAHIT)
May-25 16:13:31.811 [Task submitter] DEBUG n.processor.TaskPollingMonitor - %% executor local > tasks in the submission queue: 1 -- tasks to be submitted are shown below
~> TaskHandler[id: 74; name: BINNING:METABINNER (ERR011349-MEGAHIT); status: NEW; exit: -; error: -; workDir: /data/users/danross/MAG_Pipeline/pipeline_test/tutorial/work/f5/af01712ad57c3846e594b1833cdd74]
May-25 16:14:42.289 [Task monitor] DEBUG n.processor.TaskPollingMonitor - !! executor local > tasks to be completed: 2 -- submitted tasks are shown below
~> TaskHandler[id: 86; name: BINNING:METABINNER (ERR011348-MEGAHIT); status: RUNNING; exit: -; error: -; workDir: /data/users/danross/MAG_Pipeline/pipeline_test/tutorial/work/79/3282c7ab813fe0ff5e21f96fcf6afd]
~> TaskHandler[id: 76; name: BINNING:METABINNER (ERR011347-MEGAHIT); status: RUNNING; exit: -; error: -; workDir: /data/users/danross/MAG_Pipeline/pipeline_test/tutorial/work/89/f5490d575aaee3d0dcf0eb39104a2c]
May-25 16:15:34.470 [Actor Thread 6] DEBUG nextflow.conda.CondaCache - 'conda' create complete env=/data/users/danross/MAG_Pipeline/modules/nf-core/vamb/bin/environment.yml path=/data/users/danross/MAG_Pipeline/pipeline_test/tutorial/work/conda/env-fddee4f510fc411c1e62e6f48e039d1b
May-25 16:16:02.644 [Actor Thread 25] DEBUG nextflow.conda.CondaCache - 'conda' create complete env=bioconda::das_tool=1.1.6 path=/data/users/danross/MAG_Pipeline/pipeline_test/tutorial/work/conda/env-45dea2aeda2640fc42a59bcaebb5cb99
May-25 16:16:02.886 [Task submitter] DEBUG n.executor.local.LocalTaskHandler - Launch cmd line: /bin/bash -ue .command.run
May-25 16:16:02.887 [Task submitter] INFO  nextflow.Session - [3a/3046dd] Submitted process > BIN_REFINEMENT:DASTOOL_FASTATOCONTIG2BIN (ERR011348-MEGAHIT-MetaBAT2)
May-25 16:16:02.891 [Task submitter] DEBUG n.executor.local.LocalTaskHandler - Launch cmd line: /bin/bash -ue .command.run
May-25 16:16:02.891 [Task submitter] INFO  nextflow.Session - [45/d60199] Submitted process > BIN_REFINEMENT:DASTOOL_FASTATOCONTIG2BIN (ERR011349-MEGAHIT-MetaBAT2)
May-25 16:16:06.497 [Task monitor] DEBUG n.processor.TaskPollingMonitor - Task completed > TaskHandler[id: 89; name: BIN_REFINEMENT:DASTOOL_FASTATOCONTIG2BIN (ERR011348-MEGAHIT-MetaBAT2); status: COMPLETED; exit: 0; error: -; workDir: /data/users/danross/MAG_Pipeline/pipeline_test/tutorial/work/3a/3046ddc3f04aae7d33be37bf868069]
May-25 16:16:06.498 [Task monitor] DEBUG n.processor.TaskPollingMonitor - Task completed > TaskHandler[id: 79; name: BIN_REFINEMENT:DASTOOL_FASTATOCONTIG2BIN (ERR011349-MEGAHIT-MetaBAT2); status: COMPLETED; exit: 0; error: -; workDir: /data/users/danross/MAG_Pipeline/pipeline_test/tutorial/work/45/d60199a2b34aa56533927d2097ca96]
May-25 16:16:06.501 [Task submitter] DEBUG n.executor.local.LocalTaskHandler - Launch cmd line: /bin/bash -ue .command.run
May-25 16:16:06.502 [Task submitter] INFO  nextflow.Session - [6a/aba042] Submitted process > BIN_REFINEMENT:DASTOOL_FASTATOCONTIG2BIN (ERR011347-MEGAHIT-MetaBAT2)
May-25 16:16:09.086 [Task monitor] DEBUG n.processor.TaskPollingMonitor - Task completed > TaskHandler[id: 82; name: BIN_REFINEMENT:DASTOOL_FASTATOCONTIG2BIN (ERR011347-MEGAHIT-MetaBAT2); status: COMPLETED; exit: 0; error: -; workDir: /data/users/danross/MAG_Pipeline/pipeline_test/tutorial/work/6a/aba0428018775cf814fed5b2df878d]
May-25 16:16:51.860 [Task monitor] DEBUG n.processor.TaskPollingMonitor - Task completed > TaskHandler[id: 76; name: BINNING:METABINNER (ERR011347-MEGAHIT); status: COMPLETED; exit: 0; error: -; workDir: /data/users/danross/MAG_Pipeline/pipeline_test/tutorial/work/89/f5490d575aaee3d0dcf0eb39104a2c]
May-25 16:16:51.864 [Task submitter] DEBUG n.executor.local.LocalTaskHandler - Launch cmd line: /bin/bash -ue .command.run
May-25 16:16:51.864 [Task submitter] INFO  nextflow.Session - [f5/af0171] Submitted process > BINNING:METABINNER (ERR011349-MEGAHIT)
May-25 16:16:52.874 [Task submitter] DEBUG n.executor.local.LocalTaskHandler - Launch cmd line: /bin/bash -ue .command.run
May-25 16:16:52.874 [Task submitter] INFO  nextflow.Session - [00/514d03] Submitted process > BIN_REFINEMENT:DASTOOL_FASTATOCONTIG2BIN (ERR011347-MEGAHIT-MetaBinner)
May-25 16:16:55.070 [Task monitor] DEBUG n.processor.TaskPollingMonitor - Task completed > TaskHandler[id: 90; name: BIN_REFINEMENT:DASTOOL_FASTATOCONTIG2BIN (ERR011347-MEGAHIT-MetaBinner); status: COMPLETED; exit: 0; error: -; workDir: /data/users/danross/MAG_Pipeline/pipeline_test/tutorial/work/00/514d03f2f62fad65375c0b9defb552]
May-25 16:18:32.096 [Task submitter] DEBUG n.processor.TaskPollingMonitor - %% executor local > tasks in the submission queue: 3 -- tasks to be submitted are shown below
~> TaskHandler[id: 83; name: BINNING:VAMB_BIN (ERR011347-MEGAHIT); status: NEW; exit: -; error: -; workDir: /data/users/danross/MAG_Pipeline/pipeline_test/tutorial/work/5b/e949aedbafafdea645a7f04b237871]
~> TaskHandler[id: 88; name: BINNING:VAMB_BIN (ERR011348-MEGAHIT); status: NEW; exit: -; error: -; workDir: /data/users/danross/MAG_Pipeline/pipeline_test/tutorial/work/75/7329a5e21e180e31ad9b1553553824]
~> TaskHandler[id: 80; name: BINNING:VAMB_BIN (ERR011349-MEGAHIT); status: NEW; exit: -; error: -; workDir: /data/users/danross/MAG_Pipeline/pipeline_test/tutorial/work/c9/0e02ca76e38067ad34b1b9283ac349]
May-25 16:18:32.647 [Task monitor] DEBUG n.processor.TaskPollingMonitor - Task completed > TaskHandler[id: 74; name: BINNING:METABINNER (ERR011349-MEGAHIT); status: COMPLETED; exit: 0; error: -; workDir: /data/users/danross/MAG_Pipeline/pipeline_test/tutorial/work/f5/af01712ad57c3846e594b1833cdd74]
May-25 16:18:33.651 [Task submitter] DEBUG n.executor.local.LocalTaskHandler - Launch cmd line: /bin/bash -ue .command.run
May-25 16:18:33.651 [Task submitter] INFO  nextflow.Session - [5c/cf6c77] Submitted process > BIN_REFINEMENT:DASTOOL_FASTATOCONTIG2BIN (ERR011349-MEGAHIT-MetaBinner)
May-25 16:18:36.427 [Task monitor] DEBUG n.processor.TaskPollingMonitor - Task completed > TaskHandler[id: 91; name: BIN_REFINEMENT:DASTOOL_FASTATOCONTIG2BIN (ERR011349-MEGAHIT-MetaBinner); status: COMPLETED; exit: 0; error: -; workDir: /data/users/danross/MAG_Pipeline/pipeline_test/tutorial/work/5c/cf6c77347baedea205dc3251b37bbd]
May-25 16:19:42.317 [Task monitor] DEBUG n.processor.TaskPollingMonitor - !! executor local > tasks to be completed: 1 -- submitted tasks are shown below
~> TaskHandler[id: 86; name: BINNING:METABINNER (ERR011348-MEGAHIT); status: RUNNING; exit: -; error: -; workDir: /data/users/danross/MAG_Pipeline/pipeline_test/tutorial/work/79/3282c7ab813fe0ff5e21f96fcf6afd]
May-25 16:22:03.098 [Task monitor] DEBUG n.processor.TaskPollingMonitor - Task completed > TaskHandler[id: 86; name: BINNING:METABINNER (ERR011348-MEGAHIT); status: COMPLETED; exit: 0; error: -; workDir: /data/users/danross/MAG_Pipeline/pipeline_test/tutorial/work/79/3282c7ab813fe0ff5e21f96fcf6afd]
May-25 16:22:03.106 [Task submitter] DEBUG n.executor.local.LocalTaskHandler - Launch cmd line: /bin/bash -ue .command.run
May-25 16:22:03.106 [Task submitter] INFO  nextflow.Session - [5b/e949ae] Submitted process > BINNING:VAMB_BIN (ERR011347-MEGAHIT)
May-25 16:22:04.111 [Task submitter] DEBUG n.executor.local.LocalTaskHandler - Launch cmd line: /bin/bash -ue .command.run
May-25 16:22:04.111 [Task submitter] INFO  nextflow.Session - [d0/31661e] Submitted process > BIN_REFINEMENT:DASTOOL_FASTATOCONTIG2BIN (ERR011348-MEGAHIT-MetaBinner)
May-25 16:22:06.304 [Task monitor] DEBUG n.processor.TaskPollingMonitor - Task completed > TaskHandler[id: 92; name: BIN_REFINEMENT:DASTOOL_FASTATOCONTIG2BIN (ERR011348-MEGAHIT-MetaBinner); status: COMPLETED; exit: 0; error: -; workDir: /data/users/danross/MAG_Pipeline/pipeline_test/tutorial/work/d0/31661eab4f92fe92855e96d939cb1b]
May-25 16:23:32.329 [Task submitter] DEBUG n.processor.TaskPollingMonitor - %% executor local > tasks in the submission queue: 2 -- tasks to be submitted are shown below
~> TaskHandler[id: 88; name: BINNING:VAMB_BIN (ERR011348-MEGAHIT); status: NEW; exit: -; error: -; workDir: /data/users/danross/MAG_Pipeline/pipeline_test/tutorial/work/75/7329a5e21e180e31ad9b1553553824]
~> TaskHandler[id: 80; name: BINNING:VAMB_BIN (ERR011349-MEGAHIT); status: NEW; exit: -; error: -; workDir: /data/users/danross/MAG_Pipeline/pipeline_test/tutorial/work/c9/0e02ca76e38067ad34b1b9283ac349]
May-25 16:24:02.414 [Task monitor] DEBUG n.processor.TaskPollingMonitor - Task completed > TaskHandler[id: 83; name: BINNING:VAMB_BIN (ERR011347-MEGAHIT); status: COMPLETED; exit: 0; error: -; workDir: /data/users/danross/MAG_Pipeline/pipeline_test/tutorial/work/5b/e949aedbafafdea645a7f04b237871]
May-25 16:24:02.439 [Task submitter] DEBUG n.executor.local.LocalTaskHandler - Launch cmd line: /bin/bash -ue .command.run
May-25 16:24:02.439 [Task submitter] INFO  nextflow.Session - [75/7329a5] Submitted process > BINNING:VAMB_BIN (ERR011348-MEGAHIT)
May-25 16:24:02.471 [TaskFinalizer-10] DEBUG n.processor.TaskFileCollector - Process `BINNING:VAMB_BIN (ERR011347-MEGAHIT)` is unable to find [UnixPath]: `/data/users/danross/MAG_Pipeline/pipeline_test/tutorial/work/5b/e949aedbafafdea645a7f04b237871/ERR011347/latent.npz` (pattern: `ERR011347/latent.npz`)
May-25 16:24:02.551 [TaskFinalizer-10] DEBUG nextflow.processor.TaskProcessor - Process BINNING:VAMB_BIN > Skipping output binding because one or more optional files are missing: fileoutparam<2:1>
May-25 16:24:02.552 [TaskFinalizer-10] DEBUG nextflow.processor.TaskProcessor - Process BINNING:VAMB_BIN > Skipping output binding because one or more optional files are missing: fileoutparam<5:1>
May-25 16:24:03.487 [Task submitter] DEBUG n.executor.local.LocalTaskHandler - Launch cmd line: /bin/bash -ue .command.run
May-25 16:24:03.487 [Task submitter] INFO  nextflow.Session - [91/2150e4] Submitted process > BIN_REFINEMENT:DASTOOL_FASTATOCONTIG2BIN (ERR011347-MEGAHIT-TaxVamb)
May-25 16:24:17.195 [Task monitor] DEBUG n.processor.TaskPollingMonitor - Task completed > TaskHandler[id: 93; name: BIN_REFINEMENT:DASTOOL_FASTATOCONTIG2BIN (ERR011347-MEGAHIT-TaxVamb); status: COMPLETED; exit: 0; error: -; workDir: /data/users/danross/MAG_Pipeline/pipeline_test/tutorial/work/91/2150e428631c1e2a298f8ea8d62eec]
May-25 16:24:42.393 [Task monitor] DEBUG n.processor.TaskPollingMonitor - !! executor local > tasks to be completed: 1 -- submitted tasks are shown below
~> TaskHandler[id: 88; name: BINNING:VAMB_BIN (ERR011348-MEGAHIT); status: RUNNING; exit: -; error: -; workDir: /data/users/danross/MAG_Pipeline/pipeline_test/tutorial/work/75/7329a5e21e180e31ad9b1553553824]
May-25 16:27:31.269 [Task monitor] DEBUG n.processor.TaskPollingMonitor - Task completed > TaskHandler[id: 88; name: BINNING:VAMB_BIN (ERR011348-MEGAHIT); status: COMPLETED; exit: 0; error: -; workDir: /data/users/danross/MAG_Pipeline/pipeline_test/tutorial/work/75/7329a5e21e180e31ad9b1553553824]
May-25 16:27:31.276 [Task submitter] DEBUG n.executor.local.LocalTaskHandler - Launch cmd line: /bin/bash -ue .command.run
May-25 16:27:31.277 [Task submitter] INFO  nextflow.Session - [c9/0e02ca] Submitted process > BINNING:VAMB_BIN (ERR011349-MEGAHIT)
May-25 16:27:31.306 [TaskFinalizer-1] DEBUG n.processor.TaskFileCollector - Process `BINNING:VAMB_BIN (ERR011348-MEGAHIT)` is unable to find [UnixPath]: `/data/users/danross/MAG_Pipeline/pipeline_test/tutorial/work/75/7329a5e21e180e31ad9b1553553824/ERR011348/latent.npz` (pattern: `ERR011348/latent.npz`)
May-25 16:27:31.308 [TaskFinalizer-1] DEBUG nextflow.processor.TaskProcessor - Process BINNING:VAMB_BIN > Skipping output binding because one or more optional files are missing: fileoutparam<2:1>
May-25 16:27:31.308 [TaskFinalizer-1] DEBUG nextflow.processor.TaskProcessor - Process BINNING:VAMB_BIN > Skipping output binding because one or more optional files are missing: fileoutparam<5:1>
May-25 16:27:31.423 [Task submitter] DEBUG n.executor.local.LocalTaskHandler - Launch cmd line: /bin/bash -ue .command.run
May-25 16:27:31.424 [Task submitter] INFO  nextflow.Session - [e4/b1de47] Submitted process > BIN_REFINEMENT:DASTOOL_FASTATOCONTIG2BIN (ERR011348-MEGAHIT-TaxVamb)
May-25 16:27:47.656 [Task monitor] DEBUG n.processor.TaskPollingMonitor - Task completed > TaskHandler[id: 94; name: BIN_REFINEMENT:DASTOOL_FASTATOCONTIG2BIN (ERR011348-MEGAHIT-TaxVamb); status: COMPLETED; exit: 0; error: -; workDir: /data/users/danross/MAG_Pipeline/pipeline_test/tutorial/work/e4/b1de47603a435564dbc4b321e48571]
May-25 16:28:16.053 [Task monitor] DEBUG n.processor.TaskPollingMonitor - Task completed > TaskHandler[id: 80; name: BINNING:VAMB_BIN (ERR011349-MEGAHIT); status: COMPLETED; exit: 0; error: -; workDir: /data/users/danross/MAG_Pipeline/pipeline_test/tutorial/work/c9/0e02ca76e38067ad34b1b9283ac349]
May-25 16:28:16.059 [TaskFinalizer-4] DEBUG n.processor.TaskFileCollector - Process `BINNING:VAMB_BIN (ERR011349-MEGAHIT)` is unable to find [UnixPath]: `/data/users/danross/MAG_Pipeline/pipeline_test/tutorial/work/c9/0e02ca76e38067ad34b1b9283ac349/ERR011349/latent.npz` (pattern: `ERR011349/latent.npz`)
May-25 16:28:16.061 [TaskFinalizer-4] DEBUG nextflow.processor.TaskProcessor - Process BINNING:VAMB_BIN > Skipping output binding because one or more optional files are missing: fileoutparam<2:1>
May-25 16:28:16.061 [TaskFinalizer-4] DEBUG nextflow.processor.TaskProcessor - Process BINNING:VAMB_BIN > Skipping output binding because one or more optional files are missing: fileoutparam<5:1>
May-25 16:28:16.080 [Task submitter] DEBUG n.executor.local.LocalTaskHandler - Launch cmd line: /bin/bash -ue .command.run
May-25 16:28:16.081 [Task submitter] INFO  nextflow.Session - [43/9ce240] Submitted process > BIN_REFINEMENT:DASTOOL_FASTATOCONTIG2BIN (ERR011349-MEGAHIT-TaxVamb)
May-25 16:28:18.977 [Task monitor] DEBUG n.processor.TaskPollingMonitor - Task completed > TaskHandler[id: 95; name: BIN_REFINEMENT:DASTOOL_FASTATOCONTIG2BIN (ERR011349-MEGAHIT-TaxVamb); status: COMPLETED; exit: 0; error: -; workDir: /data/users/danross/MAG_Pipeline/pipeline_test/tutorial/work/43/9ce240476a7e3289c29d64c1b2df0e]
May-25 16:28:19.008 [Task submitter] DEBUG n.executor.local.LocalTaskHandler - Launch cmd line: /bin/bash -ue .command.run
May-25 16:28:19.008 [Task submitter] INFO  nextflow.Session - [d8/31b0de] Submitted process > BIN_REFINEMENT:DASTOOL_DASTOOL (ERR011349-MEGAHIT)
May-25 16:28:19.014 [Task submitter] DEBUG n.executor.local.LocalTaskHandler - Launch cmd line: /bin/bash -ue .command.run
May-25 16:28:19.015 [Task submitter] INFO  nextflow.Session - [d2/b21d04] Submitted process > BIN_REFINEMENT:DASTOOL_DASTOOL (ERR011348-MEGAHIT)
May-25 16:28:33.022 [Task submitter] DEBUG n.processor.TaskPollingMonitor - %% executor local > tasks in the submission queue: 1 -- tasks to be submitted are shown below
~> TaskHandler[id: 98; name: BIN_REFINEMENT:DASTOOL_DASTOOL (ERR011347-MEGAHIT); status: NEW; exit: -; error: -; workDir: /data/users/danross/MAG_Pipeline/pipeline_test/tutorial/work/9b/8ea8931d5d6481e7c53333ccd6450d]
May-25 16:28:44.637 [Task monitor] DEBUG n.processor.TaskPollingMonitor - Task completed > TaskHandler[id: 96; name: BIN_REFINEMENT:DASTOOL_DASTOOL (ERR011349-MEGAHIT); status: COMPLETED; exit: 0; error: -; workDir: /data/users/danross/MAG_Pipeline/pipeline_test/tutorial/work/d8/31b0deab02853c0bcb52e856132fc6]
May-25 16:28:44.644 [Task submitter] DEBUG n.executor.local.LocalTaskHandler - Launch cmd line: /bin/bash -ue .command.run
May-25 16:28:44.644 [Task submitter] INFO  nextflow.Session - [9b/8ea893] Submitted process > BIN_REFINEMENT:DASTOOL_DASTOOL (ERR011347-MEGAHIT)
May-25 16:28:44.646 [TaskFinalizer-6] DEBUG nextflow.processor.TaskProcessor - Process BIN_REFINEMENT:DASTOOL_DASTOOL > Skipping output binding because one or more optional files are missing: fileoutparam<3:1>
May-25 16:28:44.646 [TaskFinalizer-6] DEBUG nextflow.processor.TaskProcessor - Process BIN_REFINEMENT:DASTOOL_DASTOOL > Skipping output binding because one or more optional files are missing: fileoutparam<6:1>
May-25 16:29:42.410 [Task monitor] DEBUG n.processor.TaskPollingMonitor - !! executor local > tasks to be completed: 2 -- submitted tasks are shown below
~> TaskHandler[id: 97; name: BIN_REFINEMENT:DASTOOL_DASTOOL (ERR011348-MEGAHIT); status: RUNNING; exit: -; error: -; workDir: /data/users/danross/MAG_Pipeline/pipeline_test/tutorial/work/d2/b21d04e7c3fbc85a8db1f6620988e4]
~> TaskHandler[id: 98; name: BIN_REFINEMENT:DASTOOL_DASTOOL (ERR011347-MEGAHIT); status: RUNNING; exit: -; error: -; workDir: /data/users/danross/MAG_Pipeline/pipeline_test/tutorial/work/9b/8ea8931d5d6481e7c53333ccd6450d]
May-25 16:30:36.657 [Task monitor] DEBUG n.processor.TaskPollingMonitor - Task completed > TaskHandler[id: 98; name: BIN_REFINEMENT:DASTOOL_DASTOOL (ERR011347-MEGAHIT); status: COMPLETED; exit: 0; error: -; workDir: /data/users/danross/MAG_Pipeline/pipeline_test/tutorial/work/9b/8ea8931d5d6481e7c53333ccd6450d]
May-25 16:30:36.666 [TaskFinalizer-8] DEBUG nextflow.processor.TaskProcessor - Process BIN_REFINEMENT:DASTOOL_DASTOOL > Skipping output binding because one or more optional files are missing: fileoutparam<3:1>
May-25 16:30:36.666 [TaskFinalizer-8] DEBUG nextflow.processor.TaskProcessor - Process BIN_REFINEMENT:DASTOOL_DASTOOL > Skipping output binding because one or more optional files are missing: fileoutparam<6:1>
May-25 16:31:43.108 [Task monitor] DEBUG n.processor.TaskPollingMonitor - Task completed > TaskHandler[id: 97; name: BIN_REFINEMENT:DASTOOL_DASTOOL (ERR011348-MEGAHIT); status: COMPLETED; exit: 0; error: -; workDir: /data/users/danross/MAG_Pipeline/pipeline_test/tutorial/work/d2/b21d04e7c3fbc85a8db1f6620988e4]
May-25 16:31:43.123 [TaskFinalizer-7] DEBUG nextflow.processor.TaskProcessor - Process BIN_REFINEMENT:DASTOOL_DASTOOL > Skipping output binding because one or more optional files are missing: fileoutparam<3:1>
May-25 16:31:43.124 [TaskFinalizer-7] DEBUG nextflow.processor.TaskProcessor - Process BIN_REFINEMENT:DASTOOL_DASTOOL > Skipping output binding because one or more optional files are missing: fileoutparam<6:1>
May-25 16:31:43.142 [Actor Thread 2] INFO  nextflow.conda.CondaCache - Creating env using conda: /data/users/danross/MAG_Pipeline/modules/nf-core/drep/compare/environment.yml [cache /data/users/danross/MAG_Pipeline/pipeline_test/tutorial/work/conda/env-0db358b5a046f881a4a8882b97529d96]
May-25 16:31:43.148 [Actor Thread 30] INFO  nextflow.conda.CondaCache - Creating env using conda: /data/users/danross/MAG_Pipeline/modules/nf-core/checkm2/predict/environment.yml [cache /data/users/danross/MAG_Pipeline/pipeline_test/tutorial/work/conda/env-e5f59942ba52e10e55e7212c6bfe66e3]
May-25 16:34:03.577 [Actor Thread 2] DEBUG nextflow.conda.CondaCache - 'conda' create complete env=/data/users/danross/MAG_Pipeline/modules/nf-core/drep/compare/environment.yml path=/data/users/danross/MAG_Pipeline/pipeline_test/tutorial/work/conda/env-0db358b5a046f881a4a8882b97529d96
May-25 16:34:03.595 [Task submitter] DEBUG n.executor.local.LocalTaskHandler - Launch cmd line: /bin/bash -ue .command.run
May-25 16:34:03.595 [Task submitter] INFO  nextflow.Session - [67/7d0ac5] Submitted process > BIN_DEREPLICATION:DREP_COMPARE (dereplicated_bins)
May-25 16:34:36.048 [Task monitor] DEBUG n.processor.TaskPollingMonitor - Task completed > TaskHandler[id: 100; name: BIN_DEREPLICATION:DREP_COMPARE (dereplicated_bins); status: COMPLETED; exit: 0; error: -; workDir: /data/users/danross/MAG_Pipeline/pipeline_test/tutorial/work/67/7d0ac54b3178baa9ee12d3aba411da]
May-25 16:34:42.486 [Task monitor] DEBUG n.processor.TaskPollingMonitor - !! executor local > No more task to compute -- The following nodes are still active:
[process] BIN_EVALUATION:CHECKM2_PREDICT
  status=ACTIVE
  port 0: (queue) closed; channel: -
  port 1: (value) bound ; channel: -
  port 2: (cntrl) -     ; channel: $

[process] BIN_DEREPLICATION:MODIFY_CHECKM_FOR_DREP
  status=ACTIVE
  port 0: (queue) OPEN  ; channel: -
  port 1: (cntrl) -     ; channel: $

[process] BIN_DEREPLICATION:DREP_DEREPLICATE
  status=ACTIVE
  port 0: (queue) OPEN  ; channel: -
  port 1: (queue) OPEN  ; channel: -
  port 2: (queue) OPEN  ; channel: -
  port 3: (cntrl) -     ; channel: $

[process] BIN_DEREPLICATION:RENAME_DEREPLICATED_BINS
  status=ACTIVE
  port 0: (queue) OPEN  ; channel: -
  port 1: (cntrl) -     ; channel: $

[process] BIN_CLASSIFICATION:GTDBTK_CLASSIFYWF
  status=ACTIVE
  port 0: (queue) OPEN  ; channel: -
  port 1: (value) bound ; channel: -
  port 2: (value) bound ; channel: use_pplacer_scratch_dir
  port 3: (cntrl) -     ; channel: $

[process] BIN_ANNOTATION:BAKTA_BAKTA
  status=ACTIVE
  port 0: (queue) OPEN  ; channel: -
  port 1: (value) bound ; channel: db
  port 2: (value) bound ; channel: proteins
  port 3: (value) bound ; channel: prodigal_tf
  port 4: (value) bound ; channel: regions
  port 5: (value) bound ; channel: hmms
  port 6: (cntrl) -     ; channel: $

[process] BIN_ANNOTATION:BAKTA_COLLECT_ANNOTATION_STATS
  status=ACTIVE
  port 0: (queue) OPEN  ; channel: -
  port 1: (cntrl) -     ; channel: $

[process] BIN_COVERAGE:COVERM_GENOME_ORIGINAL
  status=ACTIVE
  port 0: (queue) OPEN  ; channel: -
  port 1: (queue) OPEN  ; channel: -
  port 2: (value) bound ; channel: bam_input
  port 3: (value) bound ; channel: interleaved
  port 4: (value) bound ; channel: ref_mode
  port 5: (cntrl) -     ; channel: $

May-25 16:34:59.033 [Actor Thread 30] DEBUG nextflow.conda.CondaCache - 'conda' create complete env=/data/users/danross/MAG_Pipeline/modules/nf-core/checkm2/predict/environment.yml path=/data/users/danross/MAG_Pipeline/pipeline_test/tutorial/work/conda/env-e5f59942ba52e10e55e7212c6bfe66e3
May-25 16:34:59.050 [Task submitter] DEBUG n.executor.local.LocalTaskHandler - Launch cmd line: /bin/bash -ue .command.run
May-25 16:34:59.051 [Task submitter] INFO  nextflow.Session - [aa/7386ec] Submitted process > BIN_EVALUATION:CHECKM2_PREDICT (post_refinement_bins)
May-25 16:38:00.811 [Task monitor] DEBUG n.processor.TaskPollingMonitor - Task completed > TaskHandler[id: 99; name: BIN_EVALUATION:CHECKM2_PREDICT (post_refinement_bins); status: COMPLETED; exit: 0; error: -; workDir: /data/users/danross/MAG_Pipeline/pipeline_test/tutorial/work/aa/7386ece85f087628604d1968788382]
May-25 16:38:00.829 [Task submitter] DEBUG n.executor.local.LocalTaskHandler - Launch cmd line: /bin/bash -ue .command.run
May-25 16:38:00.829 [Task submitter] INFO  nextflow.Session - [ea/82f1cd] Submitted process > BIN_DEREPLICATION:MODIFY_CHECKM_FOR_DREP (post_refinement_bins)
May-25 16:38:02.202 [Task monitor] DEBUG n.processor.TaskPollingMonitor - Task completed > TaskHandler[id: 101; name: BIN_DEREPLICATION:MODIFY_CHECKM_FOR_DREP (post_refinement_bins); status: COMPLETED; exit: 0; error: -; workDir: /data/users/danross/MAG_Pipeline/pipeline_test/tutorial/work/ea/82f1cdf506c97b86689d525190e1f4]
May-25 16:38:02.232 [Task submitter] DEBUG n.executor.local.LocalTaskHandler - Launch cmd line: /bin/bash -ue .command.run
May-25 16:38:02.232 [Task submitter] INFO  nextflow.Session - [17/0d7de7] Submitted process > BIN_DEREPLICATION:DREP_DEREPLICATE (dereplicated_bins)
May-25 16:38:15.124 [Task monitor] DEBUG n.processor.TaskPollingMonitor - Task completed > TaskHandler[id: 102; name: BIN_DEREPLICATION:DREP_DEREPLICATE (dereplicated_bins); status: COMPLETED; exit: 0; error: -; workDir: /data/users/danross/MAG_Pipeline/pipeline_test/tutorial/work/17/0d7de762f27b8aa93a1ff484466857]
May-25 16:38:15.135 [Actor Thread 7] INFO  nextflow.conda.CondaCache - Creating env using conda: conda-forge::sed=4.7 [cache /data/users/danross/MAG_Pipeline/pipeline_test/tutorial/work/conda/env-e9df3e1229ffdcc8b4b9e48f04ba2d94]
May-25 16:38:21.766 [Actor Thread 7] DEBUG nextflow.conda.CondaCache - 'conda' create complete env=conda-forge::sed=4.7 path=/data/users/danross/MAG_Pipeline/pipeline_test/tutorial/work/conda/env-e9df3e1229ffdcc8b4b9e48f04ba2d94
May-25 16:38:21.779 [Task submitter] DEBUG n.executor.local.LocalTaskHandler - Launch cmd line: /bin/bash -ue .command.run
May-25 16:38:21.779 [Task submitter] INFO  nextflow.Session - [6a/164dec] Submitted process > BIN_DEREPLICATION:RENAME_DEREPLICATED_BINS (dereplicated_bins)
May-25 16:38:22.736 [Task monitor] DEBUG n.processor.TaskPollingMonitor - Task completed > TaskHandler[id: 103; name: BIN_DEREPLICATION:RENAME_DEREPLICATED_BINS (dereplicated_bins); status: COMPLETED; exit: 0; error: -; workDir: /data/users/danross/MAG_Pipeline/pipeline_test/tutorial/work/6a/164decd9b505277f1501488888ec89]
May-25 16:38:22.755 [Actor Thread 33] INFO  nextflow.conda.CondaCache - Creating env using conda: /data/users/danross/MAG_Pipeline/modules/nf-core/coverm/genome/environment.yml [cache /data/users/danross/MAG_Pipeline/pipeline_test/tutorial/work/conda/env-667489c9c970eb58b62e4eeb76fe8507]
May-25 16:38:22.766 [Actor Thread 36] INFO  nextflow.conda.CondaCache - Creating env using conda: /data/users/danross/MAG_Pipeline/modules/nf-core/bakta/bakta/environment.yml [cache /data/users/danross/MAG_Pipeline/pipeline_test/tutorial/work/conda/env-7295d93d9f02ba4a998eb32664cc7bad]
May-25 16:38:22.778 [Actor Thread 35] INFO  nextflow.conda.CondaCache - Creating env using conda: /data/users/danross/MAG_Pipeline/modules/nf-core/gtdbtk/classifywf/environment_2.3.2.yml [cache /data/users/danross/MAG_Pipeline/pipeline_test/tutorial/work/conda/env-497f48a492d27937d7f83477462632f8]
May-25 16:38:34.399 [Actor Thread 33] DEBUG nextflow.conda.CondaCache - 'conda' create complete env=/data/users/danross/MAG_Pipeline/modules/nf-core/coverm/genome/environment.yml path=/data/users/danross/MAG_Pipeline/pipeline_test/tutorial/work/conda/env-667489c9c970eb58b62e4eeb76fe8507
May-25 16:38:34.412 [Task submitter] DEBUG n.executor.local.LocalTaskHandler - Launch cmd line: /bin/bash -ue .command.run
May-25 16:38:34.412 [Task submitter] INFO  nextflow.Session - [60/77d92f] Submitted process > BIN_COVERAGE:COVERM_GENOME_ORIGINAL (original_reads)
May-25 16:38:53.458 [Actor Thread 35] DEBUG nextflow.conda.CondaCache - 'conda' create complete env=/data/users/danross/MAG_Pipeline/modules/nf-core/gtdbtk/classifywf/environment_2.3.2.yml path=/data/users/danross/MAG_Pipeline/pipeline_test/tutorial/work/conda/env-497f48a492d27937d7f83477462632f8
May-25 16:38:53.474 [Task submitter] DEBUG n.executor.local.LocalTaskHandler - Launch cmd line: /bin/bash -ue .command.run
May-25 16:38:53.474 [Task submitter] INFO  nextflow.Session - [b9/bea724] Submitted process > BIN_CLASSIFICATION:GTDBTK_CLASSIFYWF (dereplicated_bins)
May-25 16:39:14.270 [Actor Thread 36] DEBUG nextflow.conda.CondaCache - 'conda' create complete env=/data/users/danross/MAG_Pipeline/modules/nf-core/bakta/bakta/environment.yml path=/data/users/danross/MAG_Pipeline/pipeline_test/tutorial/work/conda/env-7295d93d9f02ba4a998eb32664cc7bad
May-25 16:39:14.274 [Task submitter] DEBUG n.processor.TaskPollingMonitor - %% executor local > tasks in the submission queue: 2 -- tasks to be submitted are shown below
~> TaskHandler[id: 114; name: BIN_ANNOTATION:BAKTA_BAKTA (ERR011348_MEGAHIT_TaxVamb_dRep.21); status: NEW; exit: -; error: -; workDir: /data/users/danross/MAG_Pipeline/pipeline_test/tutorial/work/0a/b3c76a466bfe96131e6f87771c9e88]
~> TaskHandler[id: 112; name: BIN_ANNOTATION:BAKTA_BAKTA (ERR011348_MEGAHIT_TaxVamb_dRep.16); status: NEW; exit: -; error: -; workDir: /data/users/danross/MAG_Pipeline/pipeline_test/tutorial/work/21/3f6ac9cdf1af181fe0a567c6a9decf]
May-25 16:39:42.543 [Task monitor] DEBUG n.processor.TaskPollingMonitor - !! executor local > tasks to be completed: 2 -- submitted tasks are shown below
~> TaskHandler[id: 104; name: BIN_COVERAGE:COVERM_GENOME_ORIGINAL (original_reads); status: RUNNING; exit: -; error: -; workDir: /data/users/danross/MAG_Pipeline/pipeline_test/tutorial/work/60/77d92f2ace57f2bc35ffcfc77411d3]
~> TaskHandler[id: 105; name: BIN_CLASSIFICATION:GTDBTK_CLASSIFYWF (dereplicated_bins); status: RUNNING; exit: -; error: -; workDir: /data/users/danross/MAG_Pipeline/pipeline_test/tutorial/work/b9/bea7240f427c7980a67581e293aa1f]
May-25 16:40:05.111 [Task monitor] DEBUG n.processor.TaskPollingMonitor - Task completed > TaskHandler[id: 104; name: BIN_COVERAGE:COVERM_GENOME_ORIGINAL (original_reads); status: COMPLETED; exit: 0; error: -; workDir: /data/users/danross/MAG_Pipeline/pipeline_test/tutorial/work/60/77d92f2ace57f2bc35ffcfc77411d3]
May-25 16:40:05.119 [Task submitter] DEBUG n.executor.local.LocalTaskHandler - Launch cmd line: /bin/bash -ue .command.run
May-25 16:40:05.119 [Task submitter] INFO  nextflow.Session - [0a/b3c76a] Submitted process > BIN_ANNOTATION:BAKTA_BAKTA (ERR011348_MEGAHIT_TaxVamb_dRep.21)
May-25 16:44:14.496 [Task submitter] DEBUG n.processor.TaskPollingMonitor - %% executor local > tasks in the submission queue: 13 -- tasks to be submitted are shown below
~> TaskHandler[id: 112; name: BIN_ANNOTATION:BAKTA_BAKTA (ERR011348_MEGAHIT_TaxVamb_dRep.16); status: NEW; exit: -; error: -; workDir: /data/users/danross/MAG_Pipeline/pipeline_test/tutorial/work/21/3f6ac9cdf1af181fe0a567c6a9decf]
~> TaskHandler[id: 110; name: BIN_ANNOTATION:BAKTA_BAKTA (ERR011348_MEGAHIT_TaxVamb_dRep.10); status: NEW; exit: -; error: -; workDir: /data/users/danross/MAG_Pipeline/pipeline_test/tutorial/work/fb/240963344a19177d84654319467fde]
~> TaskHandler[id: 109; name: BIN_ANNOTATION:BAKTA_BAKTA (ERR011348_MEGAHIT_MetaBinner_dRep.6_sub); status: NEW; exit: -; error: -; workDir: /data/users/danross/MAG_Pipeline/pipeline_test/tutorial/work/f9/d3c3750d4644ec918124b3bcb4b92e]
~> TaskHandler[id: 118; name: BIN_ANNOTATION:BAKTA_BAKTA (ERR011349_MEGAHIT_TaxVamb_dRep.1); status: NEW; exit: -; error: -; workDir: /data/users/danross/MAG_Pipeline/pipeline_test/tutorial/work/3c/840f397c8909633362f13705b770ba]
~> TaskHandler[id: 117; name: BIN_ANNOTATION:BAKTA_BAKTA (ERR011348_MEGAHIT_TaxVamb_dRep.6_sub); status: NEW; exit: -; error: -; workDir: /data/users/danross/MAG_Pipeline/pipeline_test/tutorial/work/c9/d1ad682d3c2bf6aefaeeee398c7c3b]
~> TaskHandler[id: 115; name: BIN_ANNOTATION:BAKTA_BAKTA (ERR011348_MEGAHIT_TaxVamb_dRep.44); status: NEW; exit: -; error: -; workDir: /data/users/danross/MAG_Pipeline/pipeline_test/tutorial/work/0f/a05161f68d43c5986d9e346ac836fc]
~> TaskHandler[id: 106; name: BIN_ANNOTATION:BAKTA_BAKTA (ERR011347_MEGAHIT_TaxVamb_dRep.2); status: NEW; exit: -; error: -; workDir: /data/users/danross/MAG_Pipeline/pipeline_test/tutorial/work/45/506a97dc31db3240cd4e5cf2c0c4b2]
~> TaskHandler[id: 107; name: BIN_ANNOTATION:BAKTA_BAKTA (ERR011347_MEGAHIT_TaxVamb_dRep.43); status: NEW; exit: -; error: -; workDir: /data/users/danross/MAG_Pipeline/pipeline_test/tutorial/work/40/ec6f5dae5dd20dfff14f5fd383e0ed]
~> TaskHandler[id: 113; name: BIN_ANNOTATION:BAKTA_BAKTA (ERR011348_MEGAHIT_TaxVamb_dRep.20); status: NEW; exit: -; error: -; workDir: /data/users/danross/MAG_Pipeline/pipeline_test/tutorial/work/dc/7ae16d24173ffb77369056115fd0f6]
~> TaskHandler[id: 111; name: BIN_ANNOTATION:BAKTA_BAKTA (ERR011348_MEGAHIT_TaxVamb_dRep.15_sub); status: NEW; exit: -; error: -; workDir: /data/users/danross/MAG_Pipeline/pipeline_test/tutorial/work/8b/cc1fa6ec00f22f18cea0938db17e62]
.. remaining tasks omitted.
May-25 16:44:42.633 [Task monitor] DEBUG n.processor.TaskPollingMonitor - !! executor local > tasks to be completed: 2 -- submitted tasks are shown below
~> TaskHandler[id: 105; name: BIN_CLASSIFICATION:GTDBTK_CLASSIFYWF (dereplicated_bins); status: RUNNING; exit: -; error: -; workDir: /data/users/danross/MAG_Pipeline/pipeline_test/tutorial/work/b9/bea7240f427c7980a67581e293aa1f]
~> TaskHandler[id: 114; name: BIN_ANNOTATION:BAKTA_BAKTA (ERR011348_MEGAHIT_TaxVamb_dRep.21); status: RUNNING; exit: -; error: -; workDir: /data/users/danross/MAG_Pipeline/pipeline_test/tutorial/work/0a/b3c76a466bfe96131e6f87771c9e88]
May-25 16:49:14.911 [Task submitter] DEBUG n.processor.TaskPollingMonitor - %% executor local > tasks in the submission queue: 13 -- tasks to be submitted are shown below
~> TaskHandler[id: 112; name: BIN_ANNOTATION:BAKTA_BAKTA (ERR011348_MEGAHIT_TaxVamb_dRep.16); status: NEW; exit: -; error: -; workDir: /data/users/danross/MAG_Pipeline/pipeline_test/tutorial/work/21/3f6ac9cdf1af181fe0a567c6a9decf]
~> TaskHandler[id: 110; name: BIN_ANNOTATION:BAKTA_BAKTA (ERR011348_MEGAHIT_TaxVamb_dRep.10); status: NEW; exit: -; error: -; workDir: /data/users/danross/MAG_Pipeline/pipeline_test/tutorial/work/fb/240963344a19177d84654319467fde]
~> TaskHandler[id: 109; name: BIN_ANNOTATION:BAKTA_BAKTA (ERR011348_MEGAHIT_MetaBinner_dRep.6_sub); status: NEW; exit: -; error: -; workDir: /data/users/danross/MAG_Pipeline/pipeline_test/tutorial/work/f9/d3c3750d4644ec918124b3bcb4b92e]
~> TaskHandler[id: 118; name: BIN_ANNOTATION:BAKTA_BAKTA (ERR011349_MEGAHIT_TaxVamb_dRep.1); status: NEW; exit: -; error: -; workDir: /data/users/danross/MAG_Pipeline/pipeline_test/tutorial/work/3c/840f397c8909633362f13705b770ba]
~> TaskHandler[id: 117; name: BIN_ANNOTATION:BAKTA_BAKTA (ERR011348_MEGAHIT_TaxVamb_dRep.6_sub); status: NEW; exit: -; error: -; workDir: /data/users/danross/MAG_Pipeline/pipeline_test/tutorial/work/c9/d1ad682d3c2bf6aefaeeee398c7c3b]
~> TaskHandler[id: 115; name: BIN_ANNOTATION:BAKTA_BAKTA (ERR011348_MEGAHIT_TaxVamb_dRep.44); status: NEW; exit: -; error: -; workDir: /data/users/danross/MAG_Pipeline/pipeline_test/tutorial/work/0f/a05161f68d43c5986d9e346ac836fc]
~> TaskHandler[id: 106; name: BIN_ANNOTATION:BAKTA_BAKTA (ERR011347_MEGAHIT_TaxVamb_dRep.2); status: NEW; exit: -; error: -; workDir: /data/users/danross/MAG_Pipeline/pipeline_test/tutorial/work/45/506a97dc31db3240cd4e5cf2c0c4b2]
~> TaskHandler[id: 107; name: BIN_ANNOTATION:BAKTA_BAKTA (ERR011347_MEGAHIT_TaxVamb_dRep.43); status: NEW; exit: -; error: -; workDir: /data/users/danross/MAG_Pipeline/pipeline_test/tutorial/work/40/ec6f5dae5dd20dfff14f5fd383e0ed]
~> TaskHandler[id: 113; name: BIN_ANNOTATION:BAKTA_BAKTA (ERR011348_MEGAHIT_TaxVamb_dRep.20); status: NEW; exit: -; error: -; workDir: /data/users/danross/MAG_Pipeline/pipeline_test/tutorial/work/dc/7ae16d24173ffb77369056115fd0f6]
~> TaskHandler[id: 111; name: BIN_ANNOTATION:BAKTA_BAKTA (ERR011348_MEGAHIT_TaxVamb_dRep.15_sub); status: NEW; exit: -; error: -; workDir: /data/users/danross/MAG_Pipeline/pipeline_test/tutorial/work/8b/cc1fa6ec00f22f18cea0938db17e62]
.. remaining tasks omitted.
May-25 16:49:42.692 [Task monitor] DEBUG n.processor.TaskPollingMonitor - !! executor local > tasks to be completed: 2 -- submitted tasks are shown below
~> TaskHandler[id: 105; name: BIN_CLASSIFICATION:GTDBTK_CLASSIFYWF (dereplicated_bins); status: RUNNING; exit: -; error: -; workDir: /data/users/danross/MAG_Pipeline/pipeline_test/tutorial/work/b9/bea7240f427c7980a67581e293aa1f]
~> TaskHandler[id: 114; name: BIN_ANNOTATION:BAKTA_BAKTA (ERR011348_MEGAHIT_TaxVamb_dRep.21); status: RUNNING; exit: -; error: -; workDir: /data/users/danross/MAG_Pipeline/pipeline_test/tutorial/work/0a/b3c76a466bfe96131e6f87771c9e88]
May-25 16:54:15.185 [Task submitter] DEBUG n.processor.TaskPollingMonitor - %% executor local > tasks in the submission queue: 13 -- tasks to be submitted are shown below
~> TaskHandler[id: 112; name: BIN_ANNOTATION:BAKTA_BAKTA (ERR011348_MEGAHIT_TaxVamb_dRep.16); status: NEW; exit: -; error: -; workDir: /data/users/danross/MAG_Pipeline/pipeline_test/tutorial/work/21/3f6ac9cdf1af181fe0a567c6a9decf]
~> TaskHandler[id: 110; name: BIN_ANNOTATION:BAKTA_BAKTA (ERR011348_MEGAHIT_TaxVamb_dRep.10); status: NEW; exit: -; error: -; workDir: /data/users/danross/MAG_Pipeline/pipeline_test/tutorial/work/fb/240963344a19177d84654319467fde]
~> TaskHandler[id: 109; name: BIN_ANNOTATION:BAKTA_BAKTA (ERR011348_MEGAHIT_MetaBinner_dRep.6_sub); status: NEW; exit: -; error: -; workDir: /data/users/danross/MAG_Pipeline/pipeline_test/tutorial/work/f9/d3c3750d4644ec918124b3bcb4b92e]
~> TaskHandler[id: 118; name: BIN_ANNOTATION:BAKTA_BAKTA (ERR011349_MEGAHIT_TaxVamb_dRep.1); status: NEW; exit: -; error: -; workDir: /data/users/danross/MAG_Pipeline/pipeline_test/tutorial/work/3c/840f397c8909633362f13705b770ba]
~> TaskHandler[id: 117; name: BIN_ANNOTATION:BAKTA_BAKTA (ERR011348_MEGAHIT_TaxVamb_dRep.6_sub); status: NEW; exit: -; error: -; workDir: /data/users/danross/MAG_Pipeline/pipeline_test/tutorial/work/c9/d1ad682d3c2bf6aefaeeee398c7c3b]
~> TaskHandler[id: 115; name: BIN_ANNOTATION:BAKTA_BAKTA (ERR011348_MEGAHIT_TaxVamb_dRep.44); status: NEW; exit: -; error: -; workDir: /data/users/danross/MAG_Pipeline/pipeline_test/tutorial/work/0f/a05161f68d43c5986d9e346ac836fc]
~> TaskHandler[id: 106; name: BIN_ANNOTATION:BAKTA_BAKTA (ERR011347_MEGAHIT_TaxVamb_dRep.2); status: NEW; exit: -; error: -; workDir: /data/users/danross/MAG_Pipeline/pipeline_test/tutorial/work/45/506a97dc31db3240cd4e5cf2c0c4b2]
~> TaskHandler[id: 107; name: BIN_ANNOTATION:BAKTA_BAKTA (ERR011347_MEGAHIT_TaxVamb_dRep.43); status: NEW; exit: -; error: -; workDir: /data/users/danross/MAG_Pipeline/pipeline_test/tutorial/work/40/ec6f5dae5dd20dfff14f5fd383e0ed]
~> TaskHandler[id: 113; name: BIN_ANNOTATION:BAKTA_BAKTA (ERR011348_MEGAHIT_TaxVamb_dRep.20); status: NEW; exit: -; error: -; workDir: /data/users/danross/MAG_Pipeline/pipeline_test/tutorial/work/dc/7ae16d24173ffb77369056115fd0f6]
~> TaskHandler[id: 111; name: BIN_ANNOTATION:BAKTA_BAKTA (ERR011348_MEGAHIT_TaxVamb_dRep.15_sub); status: NEW; exit: -; error: -; workDir: /data/users/danross/MAG_Pipeline/pipeline_test/tutorial/work/8b/cc1fa6ec00f22f18cea0938db17e62]
.. remaining tasks omitted.
May-25 16:54:42.746 [Task monitor] DEBUG n.processor.TaskPollingMonitor - !! executor local > tasks to be completed: 2 -- submitted tasks are shown below
~> TaskHandler[id: 105; name: BIN_CLASSIFICATION:GTDBTK_CLASSIFYWF (dereplicated_bins); status: RUNNING; exit: -; error: -; workDir: /data/users/danross/MAG_Pipeline/pipeline_test/tutorial/work/b9/bea7240f427c7980a67581e293aa1f]
~> TaskHandler[id: 114; name: BIN_ANNOTATION:BAKTA_BAKTA (ERR011348_MEGAHIT_TaxVamb_dRep.21); status: RUNNING; exit: -; error: -; workDir: /data/users/danross/MAG_Pipeline/pipeline_test/tutorial/work/0a/b3c76a466bfe96131e6f87771c9e88]
May-25 16:59:15.369 [Task submitter] DEBUG n.processor.TaskPollingMonitor - %% executor local > tasks in the submission queue: 13 -- tasks to be submitted are shown below
~> TaskHandler[id: 112; name: BIN_ANNOTATION:BAKTA_BAKTA (ERR011348_MEGAHIT_TaxVamb_dRep.16); status: NEW; exit: -; error: -; workDir: /data/users/danross/MAG_Pipeline/pipeline_test/tutorial/work/21/3f6ac9cdf1af181fe0a567c6a9decf]
~> TaskHandler[id: 110; name: BIN_ANNOTATION:BAKTA_BAKTA (ERR011348_MEGAHIT_TaxVamb_dRep.10); status: NEW; exit: -; error: -; workDir: /data/users/danross/MAG_Pipeline/pipeline_test/tutorial/work/fb/240963344a19177d84654319467fde]
~> TaskHandler[id: 109; name: BIN_ANNOTATION:BAKTA_BAKTA (ERR011348_MEGAHIT_MetaBinner_dRep.6_sub); status: NEW; exit: -; error: -; workDir: /data/users/danross/MAG_Pipeline/pipeline_test/tutorial/work/f9/d3c3750d4644ec918124b3bcb4b92e]
~> TaskHandler[id: 118; name: BIN_ANNOTATION:BAKTA_BAKTA (ERR011349_MEGAHIT_TaxVamb_dRep.1); status: NEW; exit: -; error: -; workDir: /data/users/danross/MAG_Pipeline/pipeline_test/tutorial/work/3c/840f397c8909633362f13705b770ba]
~> TaskHandler[id: 117; name: BIN_ANNOTATION:BAKTA_BAKTA (ERR011348_MEGAHIT_TaxVamb_dRep.6_sub); status: NEW; exit: -; error: -; workDir: /data/users/danross/MAG_Pipeline/pipeline_test/tutorial/work/c9/d1ad682d3c2bf6aefaeeee398c7c3b]
~> TaskHandler[id: 115; name: BIN_ANNOTATION:BAKTA_BAKTA (ERR011348_MEGAHIT_TaxVamb_dRep.44); status: NEW; exit: -; error: -; workDir: /data/users/danross/MAG_Pipeline/pipeline_test/tutorial/work/0f/a05161f68d43c5986d9e346ac836fc]
~> TaskHandler[id: 106; name: BIN_ANNOTATION:BAKTA_BAKTA (ERR011347_MEGAHIT_TaxVamb_dRep.2); status: NEW; exit: -; error: -; workDir: /data/users/danross/MAG_Pipeline/pipeline_test/tutorial/work/45/506a97dc31db3240cd4e5cf2c0c4b2]
~> TaskHandler[id: 107; name: BIN_ANNOTATION:BAKTA_BAKTA (ERR011347_MEGAHIT_TaxVamb_dRep.43); status: NEW; exit: -; error: -; workDir: /data/users/danross/MAG_Pipeline/pipeline_test/tutorial/work/40/ec6f5dae5dd20dfff14f5fd383e0ed]
~> TaskHandler[id: 113; name: BIN_ANNOTATION:BAKTA_BAKTA (ERR011348_MEGAHIT_TaxVamb_dRep.20); status: NEW; exit: -; error: -; workDir: /data/users/danross/MAG_Pipeline/pipeline_test/tutorial/work/dc/7ae16d24173ffb77369056115fd0f6]
~> TaskHandler[id: 111; name: BIN_ANNOTATION:BAKTA_BAKTA (ERR011348_MEGAHIT_TaxVamb_dRep.15_sub); status: NEW; exit: -; error: -; workDir: /data/users/danross/MAG_Pipeline/pipeline_test/tutorial/work/8b/cc1fa6ec00f22f18cea0938db17e62]
.. remaining tasks omitted.
May-25 16:59:42.831 [Task monitor] DEBUG n.processor.TaskPollingMonitor - !! executor local > tasks to be completed: 2 -- submitted tasks are shown below
~> TaskHandler[id: 105; name: BIN_CLASSIFICATION:GTDBTK_CLASSIFYWF (dereplicated_bins); status: RUNNING; exit: -; error: -; workDir: /data/users/danross/MAG_Pipeline/pipeline_test/tutorial/work/b9/bea7240f427c7980a67581e293aa1f]
~> TaskHandler[id: 114; name: BIN_ANNOTATION:BAKTA_BAKTA (ERR011348_MEGAHIT_TaxVamb_dRep.21); status: RUNNING; exit: -; error: -; workDir: /data/users/danross/MAG_Pipeline/pipeline_test/tutorial/work/0a/b3c76a466bfe96131e6f87771c9e88]
May-25 17:04:15.456 [Task submitter] DEBUG n.processor.TaskPollingMonitor - %% executor local > tasks in the submission queue: 13 -- tasks to be submitted are shown below
~> TaskHandler[id: 112; name: BIN_ANNOTATION:BAKTA_BAKTA (ERR011348_MEGAHIT_TaxVamb_dRep.16); status: NEW; exit: -; error: -; workDir: /data/users/danross/MAG_Pipeline/pipeline_test/tutorial/work/21/3f6ac9cdf1af181fe0a567c6a9decf]
~> TaskHandler[id: 110; name: BIN_ANNOTATION:BAKTA_BAKTA (ERR011348_MEGAHIT_TaxVamb_dRep.10); status: NEW; exit: -; error: -; workDir: /data/users/danross/MAG_Pipeline/pipeline_test/tutorial/work/fb/240963344a19177d84654319467fde]
~> TaskHandler[id: 109; name: BIN_ANNOTATION:BAKTA_BAKTA (ERR011348_MEGAHIT_MetaBinner_dRep.6_sub); status: NEW; exit: -; error: -; workDir: /data/users/danross/MAG_Pipeline/pipeline_test/tutorial/work/f9/d3c3750d4644ec918124b3bcb4b92e]
~> TaskHandler[id: 118; name: BIN_ANNOTATION:BAKTA_BAKTA (ERR011349_MEGAHIT_TaxVamb_dRep.1); status: NEW; exit: -; error: -; workDir: /data/users/danross/MAG_Pipeline/pipeline_test/tutorial/work/3c/840f397c8909633362f13705b770ba]
~> TaskHandler[id: 117; name: BIN_ANNOTATION:BAKTA_BAKTA (ERR011348_MEGAHIT_TaxVamb_dRep.6_sub); status: NEW; exit: -; error: -; workDir: /data/users/danross/MAG_Pipeline/pipeline_test/tutorial/work/c9/d1ad682d3c2bf6aefaeeee398c7c3b]
~> TaskHandler[id: 115; name: BIN_ANNOTATION:BAKTA_BAKTA (ERR011348_MEGAHIT_TaxVamb_dRep.44); status: NEW; exit: -; error: -; workDir: /data/users/danross/MAG_Pipeline/pipeline_test/tutorial/work/0f/a05161f68d43c5986d9e346ac836fc]
~> TaskHandler[id: 106; name: BIN_ANNOTATION:BAKTA_BAKTA (ERR011347_MEGAHIT_TaxVamb_dRep.2); status: NEW; exit: -; error: -; workDir: /data/users/danross/MAG_Pipeline/pipeline_test/tutorial/work/45/506a97dc31db3240cd4e5cf2c0c4b2]
~> TaskHandler[id: 107; name: BIN_ANNOTATION:BAKTA_BAKTA (ERR011347_MEGAHIT_TaxVamb_dRep.43); status: NEW; exit: -; error: -; workDir: /data/users/danross/MAG_Pipeline/pipeline_test/tutorial/work/40/ec6f5dae5dd20dfff14f5fd383e0ed]
~> TaskHandler[id: 113; name: BIN_ANNOTATION:BAKTA_BAKTA (ERR011348_MEGAHIT_TaxVamb_dRep.20); status: NEW; exit: -; error: -; workDir: /data/users/danross/MAG_Pipeline/pipeline_test/tutorial/work/dc/7ae16d24173ffb77369056115fd0f6]
~> TaskHandler[id: 111; name: BIN_ANNOTATION:BAKTA_BAKTA (ERR011348_MEGAHIT_TaxVamb_dRep.15_sub); status: NEW; exit: -; error: -; workDir: /data/users/danross/MAG_Pipeline/pipeline_test/tutorial/work/8b/cc1fa6ec00f22f18cea0938db17e62]
.. remaining tasks omitted.
May-25 17:04:42.912 [Task monitor] DEBUG n.processor.TaskPollingMonitor - !! executor local > tasks to be completed: 2 -- submitted tasks are shown below
~> TaskHandler[id: 105; name: BIN_CLASSIFICATION:GTDBTK_CLASSIFYWF (dereplicated_bins); status: RUNNING; exit: -; error: -; workDir: /data/users/danross/MAG_Pipeline/pipeline_test/tutorial/work/b9/bea7240f427c7980a67581e293aa1f]
~> TaskHandler[id: 114; name: BIN_ANNOTATION:BAKTA_BAKTA (ERR011348_MEGAHIT_TaxVamb_dRep.21); status: RUNNING; exit: -; error: -; workDir: /data/users/danross/MAG_Pipeline/pipeline_test/tutorial/work/0a/b3c76a466bfe96131e6f87771c9e88]
May-25 17:07:47.147 [Task monitor] DEBUG n.processor.TaskPollingMonitor - Task completed > TaskHandler[id: 114; name: BIN_ANNOTATION:BAKTA_BAKTA (ERR011348_MEGAHIT_TaxVamb_dRep.21); status: COMPLETED; exit: 0; error: -; workDir: /data/users/danross/MAG_Pipeline/pipeline_test/tutorial/work/0a/b3c76a466bfe96131e6f87771c9e88]
May-25 17:07:47.162 [Task submitter] DEBUG n.executor.local.LocalTaskHandler - Launch cmd line: /bin/bash -ue .command.run
May-25 17:07:47.163 [Task submitter] INFO  nextflow.Session - [21/3f6ac9] Submitted process > BIN_ANNOTATION:BAKTA_BAKTA (ERR011348_MEGAHIT_TaxVamb_dRep.16)
May-25 17:09:16.218 [Task submitter] DEBUG n.processor.TaskPollingMonitor - %% executor local > tasks in the submission queue: 12 -- tasks to be submitted are shown below
~> TaskHandler[id: 110; name: BIN_ANNOTATION:BAKTA_BAKTA (ERR011348_MEGAHIT_TaxVamb_dRep.10); status: NEW; exit: -; error: -; workDir: /data/users/danross/MAG_Pipeline/pipeline_test/tutorial/work/fb/240963344a19177d84654319467fde]
~> TaskHandler[id: 109; name: BIN_ANNOTATION:BAKTA_BAKTA (ERR011348_MEGAHIT_MetaBinner_dRep.6_sub); status: NEW; exit: -; error: -; workDir: /data/users/danross/MAG_Pipeline/pipeline_test/tutorial/work/f9/d3c3750d4644ec918124b3bcb4b92e]
~> TaskHandler[id: 118; name: BIN_ANNOTATION:BAKTA_BAKTA (ERR011349_MEGAHIT_TaxVamb_dRep.1); status: NEW; exit: -; error: -; workDir: /data/users/danross/MAG_Pipeline/pipeline_test/tutorial/work/3c/840f397c8909633362f13705b770ba]
~> TaskHandler[id: 117; name: BIN_ANNOTATION:BAKTA_BAKTA (ERR011348_MEGAHIT_TaxVamb_dRep.6_sub); status: NEW; exit: -; error: -; workDir: /data/users/danross/MAG_Pipeline/pipeline_test/tutorial/work/c9/d1ad682d3c2bf6aefaeeee398c7c3b]
~> TaskHandler[id: 115; name: BIN_ANNOTATION:BAKTA_BAKTA (ERR011348_MEGAHIT_TaxVamb_dRep.44); status: NEW; exit: -; error: -; workDir: /data/users/danross/MAG_Pipeline/pipeline_test/tutorial/work/0f/a05161f68d43c5986d9e346ac836fc]
~> TaskHandler[id: 106; name: BIN_ANNOTATION:BAKTA_BAKTA (ERR011347_MEGAHIT_TaxVamb_dRep.2); status: NEW; exit: -; error: -; workDir: /data/users/danross/MAG_Pipeline/pipeline_test/tutorial/work/45/506a97dc31db3240cd4e5cf2c0c4b2]
~> TaskHandler[id: 107; name: BIN_ANNOTATION:BAKTA_BAKTA (ERR011347_MEGAHIT_TaxVamb_dRep.43); status: NEW; exit: -; error: -; workDir: /data/users/danross/MAG_Pipeline/pipeline_test/tutorial/work/40/ec6f5dae5dd20dfff14f5fd383e0ed]
~> TaskHandler[id: 113; name: BIN_ANNOTATION:BAKTA_BAKTA (ERR011348_MEGAHIT_TaxVamb_dRep.20); status: NEW; exit: -; error: -; workDir: /data/users/danross/MAG_Pipeline/pipeline_test/tutorial/work/dc/7ae16d24173ffb77369056115fd0f6]
~> TaskHandler[id: 111; name: BIN_ANNOTATION:BAKTA_BAKTA (ERR011348_MEGAHIT_TaxVamb_dRep.15_sub); status: NEW; exit: -; error: -; workDir: /data/users/danross/MAG_Pipeline/pipeline_test/tutorial/work/8b/cc1fa6ec00f22f18cea0938db17e62]
~> TaskHandler[id: 119; name: BIN_ANNOTATION:BAKTA_BAKTA (ERR011349_MEGAHIT_TaxVamb_dRep.2); status: NEW; exit: -; error: -; workDir: /data/users/danross/MAG_Pipeline/pipeline_test/tutorial/work/31/ee3d09325942d854be8bded2c432e6]
.. remaining tasks omitted.
May-25 17:09:43.005 [Task monitor] DEBUG n.processor.TaskPollingMonitor - !! executor local > tasks to be completed: 2 -- submitted tasks are shown below
~> TaskHandler[id: 105; name: BIN_CLASSIFICATION:GTDBTK_CLASSIFYWF (dereplicated_bins); status: RUNNING; exit: -; error: -; workDir: /data/users/danross/MAG_Pipeline/pipeline_test/tutorial/work/b9/bea7240f427c7980a67581e293aa1f]
~> TaskHandler[id: 112; name: BIN_ANNOTATION:BAKTA_BAKTA (ERR011348_MEGAHIT_TaxVamb_dRep.16); status: RUNNING; exit: -; error: -; workDir: /data/users/danross/MAG_Pipeline/pipeline_test/tutorial/work/21/3f6ac9cdf1af181fe0a567c6a9decf]
May-25 17:14:16.287 [Task submitter] DEBUG n.processor.TaskPollingMonitor - %% executor local > tasks in the submission queue: 12 -- tasks to be submitted are shown below
~> TaskHandler[id: 110; name: BIN_ANNOTATION:BAKTA_BAKTA (ERR011348_MEGAHIT_TaxVamb_dRep.10); status: NEW; exit: -; error: -; workDir: /data/users/danross/MAG_Pipeline/pipeline_test/tutorial/work/fb/240963344a19177d84654319467fde]
~> TaskHandler[id: 109; name: BIN_ANNOTATION:BAKTA_BAKTA (ERR011348_MEGAHIT_MetaBinner_dRep.6_sub); status: NEW; exit: -; error: -; workDir: /data/users/danross/MAG_Pipeline/pipeline_test/tutorial/work/f9/d3c3750d4644ec918124b3bcb4b92e]
~> TaskHandler[id: 118; name: BIN_ANNOTATION:BAKTA_BAKTA (ERR011349_MEGAHIT_TaxVamb_dRep.1); status: NEW; exit: -; error: -; workDir: /data/users/danross/MAG_Pipeline/pipeline_test/tutorial/work/3c/840f397c8909633362f13705b770ba]
~> TaskHandler[id: 117; name: BIN_ANNOTATION:BAKTA_BAKTA (ERR011348_MEGAHIT_TaxVamb_dRep.6_sub); status: NEW; exit: -; error: -; workDir: /data/users/danross/MAG_Pipeline/pipeline_test/tutorial/work/c9/d1ad682d3c2bf6aefaeeee398c7c3b]
~> TaskHandler[id: 115; name: BIN_ANNOTATION:BAKTA_BAKTA (ERR011348_MEGAHIT_TaxVamb_dRep.44); status: NEW; exit: -; error: -; workDir: /data/users/danross/MAG_Pipeline/pipeline_test/tutorial/work/0f/a05161f68d43c5986d9e346ac836fc]
~> TaskHandler[id: 106; name: BIN_ANNOTATION:BAKTA_BAKTA (ERR011347_MEGAHIT_TaxVamb_dRep.2); status: NEW; exit: -; error: -; workDir: /data/users/danross/MAG_Pipeline/pipeline_test/tutorial/work/45/506a97dc31db3240cd4e5cf2c0c4b2]
~> TaskHandler[id: 107; name: BIN_ANNOTATION:BAKTA_BAKTA (ERR011347_MEGAHIT_TaxVamb_dRep.43); status: NEW; exit: -; error: -; workDir: /data/users/danross/MAG_Pipeline/pipeline_test/tutorial/work/40/ec6f5dae5dd20dfff14f5fd383e0ed]
~> TaskHandler[id: 113; name: BIN_ANNOTATION:BAKTA_BAKTA (ERR011348_MEGAHIT_TaxVamb_dRep.20); status: NEW; exit: -; error: -; workDir: /data/users/danross/MAG_Pipeline/pipeline_test/tutorial/work/dc/7ae16d24173ffb77369056115fd0f6]
~> TaskHandler[id: 111; name: BIN_ANNOTATION:BAKTA_BAKTA (ERR011348_MEGAHIT_TaxVamb_dRep.15_sub); status: NEW; exit: -; error: -; workDir: /data/users/danross/MAG_Pipeline/pipeline_test/tutorial/work/8b/cc1fa6ec00f22f18cea0938db17e62]
~> TaskHandler[id: 119; name: BIN_ANNOTATION:BAKTA_BAKTA (ERR011349_MEGAHIT_TaxVamb_dRep.2); status: NEW; exit: -; error: -; workDir: /data/users/danross/MAG_Pipeline/pipeline_test/tutorial/work/31/ee3d09325942d854be8bded2c432e6]
.. remaining tasks omitted.
May-25 17:14:43.058 [Task monitor] DEBUG n.processor.TaskPollingMonitor - !! executor local > tasks to be completed: 2 -- submitted tasks are shown below
~> TaskHandler[id: 105; name: BIN_CLASSIFICATION:GTDBTK_CLASSIFYWF (dereplicated_bins); status: RUNNING; exit: -; error: -; workDir: /data/users/danross/MAG_Pipeline/pipeline_test/tutorial/work/b9/bea7240f427c7980a67581e293aa1f]
~> TaskHandler[id: 112; name: BIN_ANNOTATION:BAKTA_BAKTA (ERR011348_MEGAHIT_TaxVamb_dRep.16); status: RUNNING; exit: -; error: -; workDir: /data/users/danross/MAG_Pipeline/pipeline_test/tutorial/work/21/3f6ac9cdf1af181fe0a567c6a9decf]
May-25 17:19:16.346 [Task submitter] DEBUG n.processor.TaskPollingMonitor - %% executor local > tasks in the submission queue: 12 -- tasks to be submitted are shown below
~> TaskHandler[id: 110; name: BIN_ANNOTATION:BAKTA_BAKTA (ERR011348_MEGAHIT_TaxVamb_dRep.10); status: NEW; exit: -; error: -; workDir: /data/users/danross/MAG_Pipeline/pipeline_test/tutorial/work/fb/240963344a19177d84654319467fde]
~> TaskHandler[id: 109; name: BIN_ANNOTATION:BAKTA_BAKTA (ERR011348_MEGAHIT_MetaBinner_dRep.6_sub); status: NEW; exit: -; error: -; workDir: /data/users/danross/MAG_Pipeline/pipeline_test/tutorial/work/f9/d3c3750d4644ec918124b3bcb4b92e]
~> TaskHandler[id: 118; name: BIN_ANNOTATION:BAKTA_BAKTA (ERR011349_MEGAHIT_TaxVamb_dRep.1); status: NEW; exit: -; error: -; workDir: /data/users/danross/MAG_Pipeline/pipeline_test/tutorial/work/3c/840f397c8909633362f13705b770ba]
~> TaskHandler[id: 117; name: BIN_ANNOTATION:BAKTA_BAKTA (ERR011348_MEGAHIT_TaxVamb_dRep.6_sub); status: NEW; exit: -; error: -; workDir: /data/users/danross/MAG_Pipeline/pipeline_test/tutorial/work/c9/d1ad682d3c2bf6aefaeeee398c7c3b]
~> TaskHandler[id: 115; name: BIN_ANNOTATION:BAKTA_BAKTA (ERR011348_MEGAHIT_TaxVamb_dRep.44); status: NEW; exit: -; error: -; workDir: /data/users/danross/MAG_Pipeline/pipeline_test/tutorial/work/0f/a05161f68d43c5986d9e346ac836fc]
~> TaskHandler[id: 106; name: BIN_ANNOTATION:BAKTA_BAKTA (ERR011347_MEGAHIT_TaxVamb_dRep.2); status: NEW; exit: -; error: -; workDir: /data/users/danross/MAG_Pipeline/pipeline_test/tutorial/work/45/506a97dc31db3240cd4e5cf2c0c4b2]
~> TaskHandler[id: 107; name: BIN_ANNOTATION:BAKTA_BAKTA (ERR011347_MEGAHIT_TaxVamb_dRep.43); status: NEW; exit: -; error: -; workDir: /data/users/danross/MAG_Pipeline/pipeline_test/tutorial/work/40/ec6f5dae5dd20dfff14f5fd383e0ed]
~> TaskHandler[id: 113; name: BIN_ANNOTATION:BAKTA_BAKTA (ERR011348_MEGAHIT_TaxVamb_dRep.20); status: NEW; exit: -; error: -; workDir: /data/users/danross/MAG_Pipeline/pipeline_test/tutorial/work/dc/7ae16d24173ffb77369056115fd0f6]
~> TaskHandler[id: 111; name: BIN_ANNOTATION:BAKTA_BAKTA (ERR011348_MEGAHIT_TaxVamb_dRep.15_sub); status: NEW; exit: -; error: -; workDir: /data/users/danross/MAG_Pipeline/pipeline_test/tutorial/work/8b/cc1fa6ec00f22f18cea0938db17e62]
~> TaskHandler[id: 119; name: BIN_ANNOTATION:BAKTA_BAKTA (ERR011349_MEGAHIT_TaxVamb_dRep.2); status: NEW; exit: -; error: -; workDir: /data/users/danross/MAG_Pipeline/pipeline_test/tutorial/work/31/ee3d09325942d854be8bded2c432e6]
.. remaining tasks omitted.
May-25 17:19:43.099 [Task monitor] DEBUG n.processor.TaskPollingMonitor - !! executor local > tasks to be completed: 2 -- submitted tasks are shown below
~> TaskHandler[id: 105; name: BIN_CLASSIFICATION:GTDBTK_CLASSIFYWF (dereplicated_bins); status: RUNNING; exit: -; error: -; workDir: /data/users/danross/MAG_Pipeline/pipeline_test/tutorial/work/b9/bea7240f427c7980a67581e293aa1f]
~> TaskHandler[id: 112; name: BIN_ANNOTATION:BAKTA_BAKTA (ERR011348_MEGAHIT_TaxVamb_dRep.16); status: RUNNING; exit: -; error: -; workDir: /data/users/danross/MAG_Pipeline/pipeline_test/tutorial/work/21/3f6ac9cdf1af181fe0a567c6a9decf]
May-25 17:20:23.511 [Task monitor] DEBUG n.processor.TaskPollingMonitor - Task completed > TaskHandler[id: 105; name: BIN_CLASSIFICATION:GTDBTK_CLASSIFYWF (dereplicated_bins); status: COMPLETED; exit: 0; error: -; workDir: /data/users/danross/MAG_Pipeline/pipeline_test/tutorial/work/b9/bea7240f427c7980a67581e293aa1f]
May-25 17:20:23.519 [Task submitter] DEBUG n.executor.local.LocalTaskHandler - Launch cmd line: /bin/bash -ue .command.run
May-25 17:20:23.519 [Task submitter] INFO  nextflow.Session - [fb/240963] Submitted process > BIN_ANNOTATION:BAKTA_BAKTA (ERR011348_MEGAHIT_TaxVamb_dRep.10)
May-25 17:22:18.655 [Task monitor] DEBUG n.processor.TaskPollingMonitor - Task completed > TaskHandler[id: 112; name: BIN_ANNOTATION:BAKTA_BAKTA (ERR011348_MEGAHIT_TaxVamb_dRep.16); status: COMPLETED; exit: 0; error: -; workDir: /data/users/danross/MAG_Pipeline/pipeline_test/tutorial/work/21/3f6ac9cdf1af181fe0a567c6a9decf]
May-25 17:22:18.661 [Task submitter] DEBUG n.executor.local.LocalTaskHandler - Launch cmd line: /bin/bash -ue .command.run
May-25 17:22:18.662 [Task submitter] INFO  nextflow.Session - [f9/d3c375] Submitted process > BIN_ANNOTATION:BAKTA_BAKTA (ERR011348_MEGAHIT_MetaBinner_dRep.6_sub)
May-25 17:24:16.686 [Task submitter] DEBUG n.processor.TaskPollingMonitor - %% executor local > tasks in the submission queue: 10 -- tasks to be submitted are shown below
~> TaskHandler[id: 118; name: BIN_ANNOTATION:BAKTA_BAKTA (ERR011349_MEGAHIT_TaxVamb_dRep.1); status: NEW; exit: -; error: -; workDir: /data/users/danross/MAG_Pipeline/pipeline_test/tutorial/work/3c/840f397c8909633362f13705b770ba]
~> TaskHandler[id: 117; name: BIN_ANNOTATION:BAKTA_BAKTA (ERR011348_MEGAHIT_TaxVamb_dRep.6_sub); status: NEW; exit: -; error: -; workDir: /data/users/danross/MAG_Pipeline/pipeline_test/tutorial/work/c9/d1ad682d3c2bf6aefaeeee398c7c3b]
~> TaskHandler[id: 115; name: BIN_ANNOTATION:BAKTA_BAKTA (ERR011348_MEGAHIT_TaxVamb_dRep.44); status: NEW; exit: -; error: -; workDir: /data/users/danross/MAG_Pipeline/pipeline_test/tutorial/work/0f/a05161f68d43c5986d9e346ac836fc]
~> TaskHandler[id: 106; name: BIN_ANNOTATION:BAKTA_BAKTA (ERR011347_MEGAHIT_TaxVamb_dRep.2); status: NEW; exit: -; error: -; workDir: /data/users/danross/MAG_Pipeline/pipeline_test/tutorial/work/45/506a97dc31db3240cd4e5cf2c0c4b2]
~> TaskHandler[id: 107; name: BIN_ANNOTATION:BAKTA_BAKTA (ERR011347_MEGAHIT_TaxVamb_dRep.43); status: NEW; exit: -; error: -; workDir: /data/users/danross/MAG_Pipeline/pipeline_test/tutorial/work/40/ec6f5dae5dd20dfff14f5fd383e0ed]
~> TaskHandler[id: 113; name: BIN_ANNOTATION:BAKTA_BAKTA (ERR011348_MEGAHIT_TaxVamb_dRep.20); status: NEW; exit: -; error: -; workDir: /data/users/danross/MAG_Pipeline/pipeline_test/tutorial/work/dc/7ae16d24173ffb77369056115fd0f6]
~> TaskHandler[id: 111; name: BIN_ANNOTATION:BAKTA_BAKTA (ERR011348_MEGAHIT_TaxVamb_dRep.15_sub); status: NEW; exit: -; error: -; workDir: /data/users/danross/MAG_Pipeline/pipeline_test/tutorial/work/8b/cc1fa6ec00f22f18cea0938db17e62]
~> TaskHandler[id: 119; name: BIN_ANNOTATION:BAKTA_BAKTA (ERR011349_MEGAHIT_TaxVamb_dRep.2); status: NEW; exit: -; error: -; workDir: /data/users/danross/MAG_Pipeline/pipeline_test/tutorial/work/31/ee3d09325942d854be8bded2c432e6]
~> TaskHandler[id: 108; name: BIN_ANNOTATION:BAKTA_BAKTA (ERR011348_MEGAHIT_MetaBinner_dRep.1); status: NEW; exit: -; error: -; workDir: /data/users/danross/MAG_Pipeline/pipeline_test/tutorial/work/e3/16cf985e26a91c4e46237d86911f14]
~> TaskHandler[id: 116; name: BIN_ANNOTATION:BAKTA_BAKTA (ERR011348_MEGAHIT_TaxVamb_dRep.5); status: NEW; exit: -; error: -; workDir: /data/users/danross/MAG_Pipeline/pipeline_test/tutorial/work/df/9a9a19e4eb2bf8692a5bb1e581edcf]
May-25 17:24:43.104 [Task monitor] DEBUG n.processor.TaskPollingMonitor - !! executor local > tasks to be completed: 2 -- submitted tasks are shown below
~> TaskHandler[id: 110; name: BIN_ANNOTATION:BAKTA_BAKTA (ERR011348_MEGAHIT_TaxVamb_dRep.10); status: RUNNING; exit: -; error: -; workDir: /data/users/danross/MAG_Pipeline/pipeline_test/tutorial/work/fb/240963344a19177d84654319467fde]
~> TaskHandler[id: 109; name: BIN_ANNOTATION:BAKTA_BAKTA (ERR011348_MEGAHIT_MetaBinner_dRep.6_sub); status: RUNNING; exit: -; error: -; workDir: /data/users/danross/MAG_Pipeline/pipeline_test/tutorial/work/f9/d3c3750d4644ec918124b3bcb4b92e]
May-25 17:29:16.738 [Task submitter] DEBUG n.processor.TaskPollingMonitor - %% executor local > tasks in the submission queue: 10 -- tasks to be submitted are shown below
~> TaskHandler[id: 118; name: BIN_ANNOTATION:BAKTA_BAKTA (ERR011349_MEGAHIT_TaxVamb_dRep.1); status: NEW; exit: -; error: -; workDir: /data/users/danross/MAG_Pipeline/pipeline_test/tutorial/work/3c/840f397c8909633362f13705b770ba]
~> TaskHandler[id: 117; name: BIN_ANNOTATION:BAKTA_BAKTA (ERR011348_MEGAHIT_TaxVamb_dRep.6_sub); status: NEW; exit: -; error: -; workDir: /data/users/danross/MAG_Pipeline/pipeline_test/tutorial/work/c9/d1ad682d3c2bf6aefaeeee398c7c3b]
~> TaskHandler[id: 115; name: BIN_ANNOTATION:BAKTA_BAKTA (ERR011348_MEGAHIT_TaxVamb_dRep.44); status: NEW; exit: -; error: -; workDir: /data/users/danross/MAG_Pipeline/pipeline_test/tutorial/work/0f/a05161f68d43c5986d9e346ac836fc]
~> TaskHandler[id: 106; name: BIN_ANNOTATION:BAKTA_BAKTA (ERR011347_MEGAHIT_TaxVamb_dRep.2); status: NEW; exit: -; error: -; workDir: /data/users/danross/MAG_Pipeline/pipeline_test/tutorial/work/45/506a97dc31db3240cd4e5cf2c0c4b2]
~> TaskHandler[id: 107; name: BIN_ANNOTATION:BAKTA_BAKTA (ERR011347_MEGAHIT_TaxVamb_dRep.43); status: NEW; exit: -; error: -; workDir: /data/users/danross/MAG_Pipeline/pipeline_test/tutorial/work/40/ec6f5dae5dd20dfff14f5fd383e0ed]
~> TaskHandler[id: 113; name: BIN_ANNOTATION:BAKTA_BAKTA (ERR011348_MEGAHIT_TaxVamb_dRep.20); status: NEW; exit: -; error: -; workDir: /data/users/danross/MAG_Pipeline/pipeline_test/tutorial/work/dc/7ae16d24173ffb77369056115fd0f6]
~> TaskHandler[id: 111; name: BIN_ANNOTATION:BAKTA_BAKTA (ERR011348_MEGAHIT_TaxVamb_dRep.15_sub); status: NEW; exit: -; error: -; workDir: /data/users/danross/MAG_Pipeline/pipeline_test/tutorial/work/8b/cc1fa6ec00f22f18cea0938db17e62]
~> TaskHandler[id: 119; name: BIN_ANNOTATION:BAKTA_BAKTA (ERR011349_MEGAHIT_TaxVamb_dRep.2); status: NEW; exit: -; error: -; workDir: /data/users/danross/MAG_Pipeline/pipeline_test/tutorial/work/31/ee3d09325942d854be8bded2c432e6]
~> TaskHandler[id: 108; name: BIN_ANNOTATION:BAKTA_BAKTA (ERR011348_MEGAHIT_MetaBinner_dRep.1); status: NEW; exit: -; error: -; workDir: /data/users/danross/MAG_Pipeline/pipeline_test/tutorial/work/e3/16cf985e26a91c4e46237d86911f14]
~> TaskHandler[id: 116; name: BIN_ANNOTATION:BAKTA_BAKTA (ERR011348_MEGAHIT_TaxVamb_dRep.5); status: NEW; exit: -; error: -; workDir: /data/users/danross/MAG_Pipeline/pipeline_test/tutorial/work/df/9a9a19e4eb2bf8692a5bb1e581edcf]
May-25 17:29:42.636 [Task monitor] DEBUG n.processor.TaskPollingMonitor - Task completed > TaskHandler[id: 110; name: BIN_ANNOTATION:BAKTA_BAKTA (ERR011348_MEGAHIT_TaxVamb_dRep.10); status: COMPLETED; exit: 0; error: -; workDir: /data/users/danross/MAG_Pipeline/pipeline_test/tutorial/work/fb/240963344a19177d84654319467fde]
May-25 17:29:42.643 [Task submitter] DEBUG n.executor.local.LocalTaskHandler - Launch cmd line: /bin/bash -ue .command.run
May-25 17:29:42.643 [Task submitter] INFO  nextflow.Session - [3c/840f39] Submitted process > BIN_ANNOTATION:BAKTA_BAKTA (ERR011349_MEGAHIT_TaxVamb_dRep.1)
May-25 17:29:43.136 [Task monitor] DEBUG n.processor.TaskPollingMonitor - !! executor local > tasks to be completed: 2 -- submitted tasks are shown below
~> TaskHandler[id: 109; name: BIN_ANNOTATION:BAKTA_BAKTA (ERR011348_MEGAHIT_MetaBinner_dRep.6_sub); status: RUNNING; exit: -; error: -; workDir: /data/users/danross/MAG_Pipeline/pipeline_test/tutorial/work/f9/d3c3750d4644ec918124b3bcb4b92e]
~> TaskHandler[id: 118; name: BIN_ANNOTATION:BAKTA_BAKTA (ERR011349_MEGAHIT_TaxVamb_dRep.1); status: RUNNING; exit: -; error: -; workDir: /data/users/danross/MAG_Pipeline/pipeline_test/tutorial/work/3c/840f397c8909633362f13705b770ba]
May-25 17:34:17.692 [Task submitter] DEBUG n.processor.TaskPollingMonitor - %% executor local > tasks in the submission queue: 9 -- tasks to be submitted are shown below
~> TaskHandler[id: 117; name: BIN_ANNOTATION:BAKTA_BAKTA (ERR011348_MEGAHIT_TaxVamb_dRep.6_sub); status: NEW; exit: -; error: -; workDir: /data/users/danross/MAG_Pipeline/pipeline_test/tutorial/work/c9/d1ad682d3c2bf6aefaeeee398c7c3b]
~> TaskHandler[id: 115; name: BIN_ANNOTATION:BAKTA_BAKTA (ERR011348_MEGAHIT_TaxVamb_dRep.44); status: NEW; exit: -; error: -; workDir: /data/users/danross/MAG_Pipeline/pipeline_test/tutorial/work/0f/a05161f68d43c5986d9e346ac836fc]
~> TaskHandler[id: 106; name: BIN_ANNOTATION:BAKTA_BAKTA (ERR011347_MEGAHIT_TaxVamb_dRep.2); status: NEW; exit: -; error: -; workDir: /data/users/danross/MAG_Pipeline/pipeline_test/tutorial/work/45/506a97dc31db3240cd4e5cf2c0c4b2]
~> TaskHandler[id: 107; name: BIN_ANNOTATION:BAKTA_BAKTA (ERR011347_MEGAHIT_TaxVamb_dRep.43); status: NEW; exit: -; error: -; workDir: /data/users/danross/MAG_Pipeline/pipeline_test/tutorial/work/40/ec6f5dae5dd20dfff14f5fd383e0ed]
~> TaskHandler[id: 113; name: BIN_ANNOTATION:BAKTA_BAKTA (ERR011348_MEGAHIT_TaxVamb_dRep.20); status: NEW; exit: -; error: -; workDir: /data/users/danross/MAG_Pipeline/pipeline_test/tutorial/work/dc/7ae16d24173ffb77369056115fd0f6]
~> TaskHandler[id: 111; name: BIN_ANNOTATION:BAKTA_BAKTA (ERR011348_MEGAHIT_TaxVamb_dRep.15_sub); status: NEW; exit: -; error: -; workDir: /data/users/danross/MAG_Pipeline/pipeline_test/tutorial/work/8b/cc1fa6ec00f22f18cea0938db17e62]
~> TaskHandler[id: 119; name: BIN_ANNOTATION:BAKTA_BAKTA (ERR011349_MEGAHIT_TaxVamb_dRep.2); status: NEW; exit: -; error: -; workDir: /data/users/danross/MAG_Pipeline/pipeline_test/tutorial/work/31/ee3d09325942d854be8bded2c432e6]
~> TaskHandler[id: 108; name: BIN_ANNOTATION:BAKTA_BAKTA (ERR011348_MEGAHIT_MetaBinner_dRep.1); status: NEW; exit: -; error: -; workDir: /data/users/danross/MAG_Pipeline/pipeline_test/tutorial/work/e3/16cf985e26a91c4e46237d86911f14]
~> TaskHandler[id: 116; name: BIN_ANNOTATION:BAKTA_BAKTA (ERR011348_MEGAHIT_TaxVamb_dRep.5); status: NEW; exit: -; error: -; workDir: /data/users/danross/MAG_Pipeline/pipeline_test/tutorial/work/df/9a9a19e4eb2bf8692a5bb1e581edcf]
May-25 17:34:32.190 [Task monitor] DEBUG n.processor.TaskPollingMonitor - Task completed > TaskHandler[id: 109; name: BIN_ANNOTATION:BAKTA_BAKTA (ERR011348_MEGAHIT_MetaBinner_dRep.6_sub); status: COMPLETED; exit: 0; error: -; workDir: /data/users/danross/MAG_Pipeline/pipeline_test/tutorial/work/f9/d3c3750d4644ec918124b3bcb4b92e]
May-25 17:34:32.209 [Task submitter] DEBUG n.executor.local.LocalTaskHandler - Launch cmd line: /bin/bash -ue .command.run
May-25 17:34:32.209 [Task submitter] INFO  nextflow.Session - [c9/d1ad68] Submitted process > BIN_ANNOTATION:BAKTA_BAKTA (ERR011348_MEGAHIT_TaxVamb_dRep.6_sub)
May-25 17:34:43.201 [Task monitor] DEBUG n.processor.TaskPollingMonitor - !! executor local > tasks to be completed: 2 -- submitted tasks are shown below
~> TaskHandler[id: 118; name: BIN_ANNOTATION:BAKTA_BAKTA (ERR011349_MEGAHIT_TaxVamb_dRep.1); status: RUNNING; exit: -; error: -; workDir: /data/users/danross/MAG_Pipeline/pipeline_test/tutorial/work/3c/840f397c8909633362f13705b770ba]
~> TaskHandler[id: 117; name: BIN_ANNOTATION:BAKTA_BAKTA (ERR011348_MEGAHIT_TaxVamb_dRep.6_sub); status: RUNNING; exit: -; error: -; workDir: /data/users/danross/MAG_Pipeline/pipeline_test/tutorial/work/c9/d1ad682d3c2bf6aefaeeee398c7c3b]
May-25 17:38:39.368 [Task monitor] DEBUG n.processor.TaskPollingMonitor - Task completed > TaskHandler[id: 118; name: BIN_ANNOTATION:BAKTA_BAKTA (ERR011349_MEGAHIT_TaxVamb_dRep.1); status: COMPLETED; exit: 0; error: -; workDir: /data/users/danross/MAG_Pipeline/pipeline_test/tutorial/work/3c/840f397c8909633362f13705b770ba]
May-25 17:38:39.373 [Task submitter] DEBUG n.executor.local.LocalTaskHandler - Launch cmd line: /bin/bash -ue .command.run
May-25 17:38:39.373 [Task submitter] INFO  nextflow.Session - [0f/a05161] Submitted process > BIN_ANNOTATION:BAKTA_BAKTA (ERR011348_MEGAHIT_TaxVamb_dRep.44)
May-25 17:39:18.382 [Task submitter] DEBUG n.processor.TaskPollingMonitor - %% executor local > tasks in the submission queue: 7 -- tasks to be submitted are shown below
~> TaskHandler[id: 106; name: BIN_ANNOTATION:BAKTA_BAKTA (ERR011347_MEGAHIT_TaxVamb_dRep.2); status: NEW; exit: -; error: -; workDir: /data/users/danross/MAG_Pipeline/pipeline_test/tutorial/work/45/506a97dc31db3240cd4e5cf2c0c4b2]
~> TaskHandler[id: 107; name: BIN_ANNOTATION:BAKTA_BAKTA (ERR011347_MEGAHIT_TaxVamb_dRep.43); status: NEW; exit: -; error: -; workDir: /data/users/danross/MAG_Pipeline/pipeline_test/tutorial/work/40/ec6f5dae5dd20dfff14f5fd383e0ed]
~> TaskHandler[id: 113; name: BIN_ANNOTATION:BAKTA_BAKTA (ERR011348_MEGAHIT_TaxVamb_dRep.20); status: NEW; exit: -; error: -; workDir: /data/users/danross/MAG_Pipeline/pipeline_test/tutorial/work/dc/7ae16d24173ffb77369056115fd0f6]
~> TaskHandler[id: 111; name: BIN_ANNOTATION:BAKTA_BAKTA (ERR011348_MEGAHIT_TaxVamb_dRep.15_sub); status: NEW; exit: -; error: -; workDir: /data/users/danross/MAG_Pipeline/pipeline_test/tutorial/work/8b/cc1fa6ec00f22f18cea0938db17e62]
~> TaskHandler[id: 119; name: BIN_ANNOTATION:BAKTA_BAKTA (ERR011349_MEGAHIT_TaxVamb_dRep.2); status: NEW; exit: -; error: -; workDir: /data/users/danross/MAG_Pipeline/pipeline_test/tutorial/work/31/ee3d09325942d854be8bded2c432e6]
~> TaskHandler[id: 108; name: BIN_ANNOTATION:BAKTA_BAKTA (ERR011348_MEGAHIT_MetaBinner_dRep.1); status: NEW; exit: -; error: -; workDir: /data/users/danross/MAG_Pipeline/pipeline_test/tutorial/work/e3/16cf985e26a91c4e46237d86911f14]
~> TaskHandler[id: 116; name: BIN_ANNOTATION:BAKTA_BAKTA (ERR011348_MEGAHIT_TaxVamb_dRep.5); status: NEW; exit: -; error: -; workDir: /data/users/danross/MAG_Pipeline/pipeline_test/tutorial/work/df/9a9a19e4eb2bf8692a5bb1e581edcf]
May-25 17:39:43.236 [Task monitor] DEBUG n.processor.TaskPollingMonitor - !! executor local > tasks to be completed: 2 -- submitted tasks are shown below
~> TaskHandler[id: 117; name: BIN_ANNOTATION:BAKTA_BAKTA (ERR011348_MEGAHIT_TaxVamb_dRep.6_sub); status: RUNNING; exit: -; error: -; workDir: /data/users/danross/MAG_Pipeline/pipeline_test/tutorial/work/c9/d1ad682d3c2bf6aefaeeee398c7c3b]
~> TaskHandler[id: 115; name: BIN_ANNOTATION:BAKTA_BAKTA (ERR011348_MEGAHIT_TaxVamb_dRep.44); status: RUNNING; exit: -; error: -; workDir: /data/users/danross/MAG_Pipeline/pipeline_test/tutorial/work/0f/a05161f68d43c5986d9e346ac836fc]
May-25 17:44:18.430 [Task submitter] DEBUG n.processor.TaskPollingMonitor - %% executor local > tasks in the submission queue: 7 -- tasks to be submitted are shown below
~> TaskHandler[id: 106; name: BIN_ANNOTATION:BAKTA_BAKTA (ERR011347_MEGAHIT_TaxVamb_dRep.2); status: NEW; exit: -; error: -; workDir: /data/users/danross/MAG_Pipeline/pipeline_test/tutorial/work/45/506a97dc31db3240cd4e5cf2c0c4b2]
~> TaskHandler[id: 107; name: BIN_ANNOTATION:BAKTA_BAKTA (ERR011347_MEGAHIT_TaxVamb_dRep.43); status: NEW; exit: -; error: -; workDir: /data/users/danross/MAG_Pipeline/pipeline_test/tutorial/work/40/ec6f5dae5dd20dfff14f5fd383e0ed]
~> TaskHandler[id: 113; name: BIN_ANNOTATION:BAKTA_BAKTA (ERR011348_MEGAHIT_TaxVamb_dRep.20); status: NEW; exit: -; error: -; workDir: /data/users/danross/MAG_Pipeline/pipeline_test/tutorial/work/dc/7ae16d24173ffb77369056115fd0f6]
~> TaskHandler[id: 111; name: BIN_ANNOTATION:BAKTA_BAKTA (ERR011348_MEGAHIT_TaxVamb_dRep.15_sub); status: NEW; exit: -; error: -; workDir: /data/users/danross/MAG_Pipeline/pipeline_test/tutorial/work/8b/cc1fa6ec00f22f18cea0938db17e62]
~> TaskHandler[id: 119; name: BIN_ANNOTATION:BAKTA_BAKTA (ERR011349_MEGAHIT_TaxVamb_dRep.2); status: NEW; exit: -; error: -; workDir: /data/users/danross/MAG_Pipeline/pipeline_test/tutorial/work/31/ee3d09325942d854be8bded2c432e6]
~> TaskHandler[id: 108; name: BIN_ANNOTATION:BAKTA_BAKTA (ERR011348_MEGAHIT_MetaBinner_dRep.1); status: NEW; exit: -; error: -; workDir: /data/users/danross/MAG_Pipeline/pipeline_test/tutorial/work/e3/16cf985e26a91c4e46237d86911f14]
~> TaskHandler[id: 116; name: BIN_ANNOTATION:BAKTA_BAKTA (ERR011348_MEGAHIT_TaxVamb_dRep.5); status: NEW; exit: -; error: -; workDir: /data/users/danross/MAG_Pipeline/pipeline_test/tutorial/work/df/9a9a19e4eb2bf8692a5bb1e581edcf]
May-25 17:44:43.266 [Task monitor] DEBUG n.processor.TaskPollingMonitor - !! executor local > tasks to be completed: 2 -- submitted tasks are shown below
~> TaskHandler[id: 117; name: BIN_ANNOTATION:BAKTA_BAKTA (ERR011348_MEGAHIT_TaxVamb_dRep.6_sub); status: RUNNING; exit: -; error: -; workDir: /data/users/danross/MAG_Pipeline/pipeline_test/tutorial/work/c9/d1ad682d3c2bf6aefaeeee398c7c3b]
~> TaskHandler[id: 115; name: BIN_ANNOTATION:BAKTA_BAKTA (ERR011348_MEGAHIT_TaxVamb_dRep.44); status: RUNNING; exit: -; error: -; workDir: /data/users/danross/MAG_Pipeline/pipeline_test/tutorial/work/0f/a05161f68d43c5986d9e346ac836fc]
May-25 17:48:36.330 [Task monitor] DEBUG n.processor.TaskPollingMonitor - Task completed > TaskHandler[id: 117; name: BIN_ANNOTATION:BAKTA_BAKTA (ERR011348_MEGAHIT_TaxVamb_dRep.6_sub); status: COMPLETED; exit: 0; error: -; workDir: /data/users/danross/MAG_Pipeline/pipeline_test/tutorial/work/c9/d1ad682d3c2bf6aefaeeee398c7c3b]
May-25 17:48:36.337 [Task submitter] DEBUG n.executor.local.LocalTaskHandler - Launch cmd line: /bin/bash -ue .command.run
May-25 17:48:36.337 [Task submitter] INFO  nextflow.Session - [45/506a97] Submitted process > BIN_ANNOTATION:BAKTA_BAKTA (ERR011347_MEGAHIT_TaxVamb_dRep.2)
May-25 17:49:19.347 [Task submitter] DEBUG n.processor.TaskPollingMonitor - %% executor local > tasks in the submission queue: 6 -- tasks to be submitted are shown below
~> TaskHandler[id: 107; name: BIN_ANNOTATION:BAKTA_BAKTA (ERR011347_MEGAHIT_TaxVamb_dRep.43); status: NEW; exit: -; error: -; workDir: /data/users/danross/MAG_Pipeline/pipeline_test/tutorial/work/40/ec6f5dae5dd20dfff14f5fd383e0ed]
~> TaskHandler[id: 113; name: BIN_ANNOTATION:BAKTA_BAKTA (ERR011348_MEGAHIT_TaxVamb_dRep.20); status: NEW; exit: -; error: -; workDir: /data/users/danross/MAG_Pipeline/pipeline_test/tutorial/work/dc/7ae16d24173ffb77369056115fd0f6]
~> TaskHandler[id: 111; name: BIN_ANNOTATION:BAKTA_BAKTA (ERR011348_MEGAHIT_TaxVamb_dRep.15_sub); status: NEW; exit: -; error: -; workDir: /data/users/danross/MAG_Pipeline/pipeline_test/tutorial/work/8b/cc1fa6ec00f22f18cea0938db17e62]
~> TaskHandler[id: 119; name: BIN_ANNOTATION:BAKTA_BAKTA (ERR011349_MEGAHIT_TaxVamb_dRep.2); status: NEW; exit: -; error: -; workDir: /data/users/danross/MAG_Pipeline/pipeline_test/tutorial/work/31/ee3d09325942d854be8bded2c432e6]
~> TaskHandler[id: 108; name: BIN_ANNOTATION:BAKTA_BAKTA (ERR011348_MEGAHIT_MetaBinner_dRep.1); status: NEW; exit: -; error: -; workDir: /data/users/danross/MAG_Pipeline/pipeline_test/tutorial/work/e3/16cf985e26a91c4e46237d86911f14]
~> TaskHandler[id: 116; name: BIN_ANNOTATION:BAKTA_BAKTA (ERR011348_MEGAHIT_TaxVamb_dRep.5); status: NEW; exit: -; error: -; workDir: /data/users/danross/MAG_Pipeline/pipeline_test/tutorial/work/df/9a9a19e4eb2bf8692a5bb1e581edcf]
May-25 17:49:43.297 [Task monitor] DEBUG n.processor.TaskPollingMonitor - !! executor local > tasks to be completed: 2 -- submitted tasks are shown below
~> TaskHandler[id: 115; name: BIN_ANNOTATION:BAKTA_BAKTA (ERR011348_MEGAHIT_TaxVamb_dRep.44); status: RUNNING; exit: -; error: -; workDir: /data/users/danross/MAG_Pipeline/pipeline_test/tutorial/work/0f/a05161f68d43c5986d9e346ac836fc]
~> TaskHandler[id: 106; name: BIN_ANNOTATION:BAKTA_BAKTA (ERR011347_MEGAHIT_TaxVamb_dRep.2); status: RUNNING; exit: -; error: -; workDir: /data/users/danross/MAG_Pipeline/pipeline_test/tutorial/work/45/506a97dc31db3240cd4e5cf2c0c4b2]
May-25 17:53:02.100 [Task monitor] DEBUG n.processor.TaskPollingMonitor - Task completed > TaskHandler[id: 115; name: BIN_ANNOTATION:BAKTA_BAKTA (ERR011348_MEGAHIT_TaxVamb_dRep.44); status: COMPLETED; exit: 0; error: -; workDir: /data/users/danross/MAG_Pipeline/pipeline_test/tutorial/work/0f/a05161f68d43c5986d9e346ac836fc]
May-25 17:53:02.125 [Task submitter] DEBUG n.executor.local.LocalTaskHandler - Launch cmd line: /bin/bash -ue .command.run
May-25 17:53:02.125 [Task submitter] INFO  nextflow.Session - [40/ec6f5d] Submitted process > BIN_ANNOTATION:BAKTA_BAKTA (ERR011347_MEGAHIT_TaxVamb_dRep.43)
May-25 17:54:20.148 [Task submitter] DEBUG n.processor.TaskPollingMonitor - %% executor local > tasks in the submission queue: 5 -- tasks to be submitted are shown below
~> TaskHandler[id: 113; name: BIN_ANNOTATION:BAKTA_BAKTA (ERR011348_MEGAHIT_TaxVamb_dRep.20); status: NEW; exit: -; error: -; workDir: /data/users/danross/MAG_Pipeline/pipeline_test/tutorial/work/dc/7ae16d24173ffb77369056115fd0f6]
~> TaskHandler[id: 111; name: BIN_ANNOTATION:BAKTA_BAKTA (ERR011348_MEGAHIT_TaxVamb_dRep.15_sub); status: NEW; exit: -; error: -; workDir: /data/users/danross/MAG_Pipeline/pipeline_test/tutorial/work/8b/cc1fa6ec00f22f18cea0938db17e62]
~> TaskHandler[id: 119; name: BIN_ANNOTATION:BAKTA_BAKTA (ERR011349_MEGAHIT_TaxVamb_dRep.2); status: NEW; exit: -; error: -; workDir: /data/users/danross/MAG_Pipeline/pipeline_test/tutorial/work/31/ee3d09325942d854be8bded2c432e6]
~> TaskHandler[id: 108; name: BIN_ANNOTATION:BAKTA_BAKTA (ERR011348_MEGAHIT_MetaBinner_dRep.1); status: NEW; exit: -; error: -; workDir: /data/users/danross/MAG_Pipeline/pipeline_test/tutorial/work/e3/16cf985e26a91c4e46237d86911f14]
~> TaskHandler[id: 116; name: BIN_ANNOTATION:BAKTA_BAKTA (ERR011348_MEGAHIT_TaxVamb_dRep.5); status: NEW; exit: -; error: -; workDir: /data/users/danross/MAG_Pipeline/pipeline_test/tutorial/work/df/9a9a19e4eb2bf8692a5bb1e581edcf]
May-25 17:54:43.347 [Task monitor] DEBUG n.processor.TaskPollingMonitor - !! executor local > tasks to be completed: 2 -- submitted tasks are shown below
~> TaskHandler[id: 106; name: BIN_ANNOTATION:BAKTA_BAKTA (ERR011347_MEGAHIT_TaxVamb_dRep.2); status: RUNNING; exit: -; error: -; workDir: /data/users/danross/MAG_Pipeline/pipeline_test/tutorial/work/45/506a97dc31db3240cd4e5cf2c0c4b2]
~> TaskHandler[id: 107; name: BIN_ANNOTATION:BAKTA_BAKTA (ERR011347_MEGAHIT_TaxVamb_dRep.43); status: RUNNING; exit: -; error: -; workDir: /data/users/danross/MAG_Pipeline/pipeline_test/tutorial/work/40/ec6f5dae5dd20dfff14f5fd383e0ed]
May-25 17:59:20.196 [Task submitter] DEBUG n.processor.TaskPollingMonitor - %% executor local > tasks in the submission queue: 5 -- tasks to be submitted are shown below
~> TaskHandler[id: 113; name: BIN_ANNOTATION:BAKTA_BAKTA (ERR011348_MEGAHIT_TaxVamb_dRep.20); status: NEW; exit: -; error: -; workDir: /data/users/danross/MAG_Pipeline/pipeline_test/tutorial/work/dc/7ae16d24173ffb77369056115fd0f6]
~> TaskHandler[id: 111; name: BIN_ANNOTATION:BAKTA_BAKTA (ERR011348_MEGAHIT_TaxVamb_dRep.15_sub); status: NEW; exit: -; error: -; workDir: /data/users/danross/MAG_Pipeline/pipeline_test/tutorial/work/8b/cc1fa6ec00f22f18cea0938db17e62]
~> TaskHandler[id: 119; name: BIN_ANNOTATION:BAKTA_BAKTA (ERR011349_MEGAHIT_TaxVamb_dRep.2); status: NEW; exit: -; error: -; workDir: /data/users/danross/MAG_Pipeline/pipeline_test/tutorial/work/31/ee3d09325942d854be8bded2c432e6]
~> TaskHandler[id: 108; name: BIN_ANNOTATION:BAKTA_BAKTA (ERR011348_MEGAHIT_MetaBinner_dRep.1); status: NEW; exit: -; error: -; workDir: /data/users/danross/MAG_Pipeline/pipeline_test/tutorial/work/e3/16cf985e26a91c4e46237d86911f14]
~> TaskHandler[id: 116; name: BIN_ANNOTATION:BAKTA_BAKTA (ERR011348_MEGAHIT_TaxVamb_dRep.5); status: NEW; exit: -; error: -; workDir: /data/users/danross/MAG_Pipeline/pipeline_test/tutorial/work/df/9a9a19e4eb2bf8692a5bb1e581edcf]
May-25 17:59:43.393 [Task monitor] DEBUG n.processor.TaskPollingMonitor - !! executor local > tasks to be completed: 2 -- submitted tasks are shown below
~> TaskHandler[id: 106; name: BIN_ANNOTATION:BAKTA_BAKTA (ERR011347_MEGAHIT_TaxVamb_dRep.2); status: RUNNING; exit: -; error: -; workDir: /data/users/danross/MAG_Pipeline/pipeline_test/tutorial/work/45/506a97dc31db3240cd4e5cf2c0c4b2]
~> TaskHandler[id: 107; name: BIN_ANNOTATION:BAKTA_BAKTA (ERR011347_MEGAHIT_TaxVamb_dRep.43); status: RUNNING; exit: -; error: -; workDir: /data/users/danross/MAG_Pipeline/pipeline_test/tutorial/work/40/ec6f5dae5dd20dfff14f5fd383e0ed]
May-25 18:00:50.259 [Task monitor] DEBUG n.processor.TaskPollingMonitor - Task completed > TaskHandler[id: 106; name: BIN_ANNOTATION:BAKTA_BAKTA (ERR011347_MEGAHIT_TaxVamb_dRep.2); status: COMPLETED; exit: 0; error: -; workDir: /data/users/danross/MAG_Pipeline/pipeline_test/tutorial/work/45/506a97dc31db3240cd4e5cf2c0c4b2]
May-25 18:00:50.265 [Task submitter] DEBUG n.executor.local.LocalTaskHandler - Launch cmd line: /bin/bash -ue .command.run
May-25 18:00:50.266 [Task submitter] INFO  nextflow.Session - [dc/7ae16d] Submitted process > BIN_ANNOTATION:BAKTA_BAKTA (ERR011348_MEGAHIT_TaxVamb_dRep.20)
May-25 18:04:20.302 [Task submitter] DEBUG n.processor.TaskPollingMonitor - %% executor local > tasks in the submission queue: 4 -- tasks to be submitted are shown below
~> TaskHandler[id: 111; name: BIN_ANNOTATION:BAKTA_BAKTA (ERR011348_MEGAHIT_TaxVamb_dRep.15_sub); status: NEW; exit: -; error: -; workDir: /data/users/danross/MAG_Pipeline/pipeline_test/tutorial/work/8b/cc1fa6ec00f22f18cea0938db17e62]
~> TaskHandler[id: 119; name: BIN_ANNOTATION:BAKTA_BAKTA (ERR011349_MEGAHIT_TaxVamb_dRep.2); status: NEW; exit: -; error: -; workDir: /data/users/danross/MAG_Pipeline/pipeline_test/tutorial/work/31/ee3d09325942d854be8bded2c432e6]
~> TaskHandler[id: 108; name: BIN_ANNOTATION:BAKTA_BAKTA (ERR011348_MEGAHIT_MetaBinner_dRep.1); status: NEW; exit: -; error: -; workDir: /data/users/danross/MAG_Pipeline/pipeline_test/tutorial/work/e3/16cf985e26a91c4e46237d86911f14]
~> TaskHandler[id: 116; name: BIN_ANNOTATION:BAKTA_BAKTA (ERR011348_MEGAHIT_TaxVamb_dRep.5); status: NEW; exit: -; error: -; workDir: /data/users/danross/MAG_Pipeline/pipeline_test/tutorial/work/df/9a9a19e4eb2bf8692a5bb1e581edcf]
May-25 18:04:43.407 [Task monitor] DEBUG n.processor.TaskPollingMonitor - !! executor local > tasks to be completed: 2 -- submitted tasks are shown below
~> TaskHandler[id: 107; name: BIN_ANNOTATION:BAKTA_BAKTA (ERR011347_MEGAHIT_TaxVamb_dRep.43); status: RUNNING; exit: -; error: -; workDir: /data/users/danross/MAG_Pipeline/pipeline_test/tutorial/work/40/ec6f5dae5dd20dfff14f5fd383e0ed]
~> TaskHandler[id: 113; name: BIN_ANNOTATION:BAKTA_BAKTA (ERR011348_MEGAHIT_TaxVamb_dRep.20); status: RUNNING; exit: -; error: -; workDir: /data/users/danross/MAG_Pipeline/pipeline_test/tutorial/work/dc/7ae16d24173ffb77369056115fd0f6]
May-25 18:05:03.022 [Task monitor] DEBUG n.processor.TaskPollingMonitor - Task completed > TaskHandler[id: 107; name: BIN_ANNOTATION:BAKTA_BAKTA (ERR011347_MEGAHIT_TaxVamb_dRep.43); status: COMPLETED; exit: 0; error: -; workDir: /data/users/danross/MAG_Pipeline/pipeline_test/tutorial/work/40/ec6f5dae5dd20dfff14f5fd383e0ed]
May-25 18:05:03.030 [Task submitter] DEBUG n.executor.local.LocalTaskHandler - Launch cmd line: /bin/bash -ue .command.run
May-25 18:05:03.030 [Task submitter] INFO  nextflow.Session - [8b/cc1fa6] Submitted process > BIN_ANNOTATION:BAKTA_BAKTA (ERR011348_MEGAHIT_TaxVamb_dRep.15_sub)
May-25 18:09:21.073 [Task submitter] DEBUG n.processor.TaskPollingMonitor - %% executor local > tasks in the submission queue: 3 -- tasks to be submitted are shown below
~> TaskHandler[id: 119; name: BIN_ANNOTATION:BAKTA_BAKTA (ERR011349_MEGAHIT_TaxVamb_dRep.2); status: NEW; exit: -; error: -; workDir: /data/users/danross/MAG_Pipeline/pipeline_test/tutorial/work/31/ee3d09325942d854be8bded2c432e6]
~> TaskHandler[id: 108; name: BIN_ANNOTATION:BAKTA_BAKTA (ERR011348_MEGAHIT_MetaBinner_dRep.1); status: NEW; exit: -; error: -; workDir: /data/users/danross/MAG_Pipeline/pipeline_test/tutorial/work/e3/16cf985e26a91c4e46237d86911f14]
~> TaskHandler[id: 116; name: BIN_ANNOTATION:BAKTA_BAKTA (ERR011348_MEGAHIT_TaxVamb_dRep.5); status: NEW; exit: -; error: -; workDir: /data/users/danross/MAG_Pipeline/pipeline_test/tutorial/work/df/9a9a19e4eb2bf8692a5bb1e581edcf]
May-25 18:09:43.425 [Task monitor] DEBUG n.processor.TaskPollingMonitor - !! executor local > tasks to be completed: 2 -- submitted tasks are shown below
~> TaskHandler[id: 113; name: BIN_ANNOTATION:BAKTA_BAKTA (ERR011348_MEGAHIT_TaxVamb_dRep.20); status: RUNNING; exit: -; error: -; workDir: /data/users/danross/MAG_Pipeline/pipeline_test/tutorial/work/dc/7ae16d24173ffb77369056115fd0f6]
~> TaskHandler[id: 111; name: BIN_ANNOTATION:BAKTA_BAKTA (ERR011348_MEGAHIT_TaxVamb_dRep.15_sub); status: RUNNING; exit: -; error: -; workDir: /data/users/danross/MAG_Pipeline/pipeline_test/tutorial/work/8b/cc1fa6ec00f22f18cea0938db17e62]
May-25 18:13:32.486 [Task monitor] DEBUG n.processor.TaskPollingMonitor - Task completed > TaskHandler[id: 113; name: BIN_ANNOTATION:BAKTA_BAKTA (ERR011348_MEGAHIT_TaxVamb_dRep.20); status: COMPLETED; exit: 0; error: -; workDir: /data/users/danross/MAG_Pipeline/pipeline_test/tutorial/work/dc/7ae16d24173ffb77369056115fd0f6]
May-25 18:13:32.517 [Task submitter] DEBUG n.executor.local.LocalTaskHandler - Launch cmd line: /bin/bash -ue .command.run
May-25 18:13:32.517 [Task submitter] INFO  nextflow.Session - [31/ee3d09] Submitted process > BIN_ANNOTATION:BAKTA_BAKTA (ERR011349_MEGAHIT_TaxVamb_dRep.2)
May-25 18:14:21.527 [Task submitter] DEBUG n.processor.TaskPollingMonitor - %% executor local > tasks in the submission queue: 2 -- tasks to be submitted are shown below
~> TaskHandler[id: 108; name: BIN_ANNOTATION:BAKTA_BAKTA (ERR011348_MEGAHIT_MetaBinner_dRep.1); status: NEW; exit: -; error: -; workDir: /data/users/danross/MAG_Pipeline/pipeline_test/tutorial/work/e3/16cf985e26a91c4e46237d86911f14]
~> TaskHandler[id: 116; name: BIN_ANNOTATION:BAKTA_BAKTA (ERR011348_MEGAHIT_TaxVamb_dRep.5); status: NEW; exit: -; error: -; workDir: /data/users/danross/MAG_Pipeline/pipeline_test/tutorial/work/df/9a9a19e4eb2bf8692a5bb1e581edcf]
May-25 18:14:43.455 [Task monitor] DEBUG n.processor.TaskPollingMonitor - !! executor local > tasks to be completed: 2 -- submitted tasks are shown below
~> TaskHandler[id: 111; name: BIN_ANNOTATION:BAKTA_BAKTA (ERR011348_MEGAHIT_TaxVamb_dRep.15_sub); status: RUNNING; exit: -; error: -; workDir: /data/users/danross/MAG_Pipeline/pipeline_test/tutorial/work/8b/cc1fa6ec00f22f18cea0938db17e62]
~> TaskHandler[id: 119; name: BIN_ANNOTATION:BAKTA_BAKTA (ERR011349_MEGAHIT_TaxVamb_dRep.2); status: RUNNING; exit: -; error: -; workDir: /data/users/danross/MAG_Pipeline/pipeline_test/tutorial/work/31/ee3d09325942d854be8bded2c432e6]
May-25 18:19:12.250 [Task monitor] DEBUG n.processor.TaskPollingMonitor - Task completed > TaskHandler[id: 111; name: BIN_ANNOTATION:BAKTA_BAKTA (ERR011348_MEGAHIT_TaxVamb_dRep.15_sub); status: COMPLETED; exit: 0; error: -; workDir: /data/users/danross/MAG_Pipeline/pipeline_test/tutorial/work/8b/cc1fa6ec00f22f18cea0938db17e62]
May-25 18:19:12.255 [Task submitter] DEBUG n.executor.local.LocalTaskHandler - Launch cmd line: /bin/bash -ue .command.run
May-25 18:19:12.255 [Task submitter] INFO  nextflow.Session - [e3/16cf98] Submitted process > BIN_ANNOTATION:BAKTA_BAKTA (ERR011348_MEGAHIT_MetaBinner_dRep.1)
May-25 18:19:22.259 [Task submitter] DEBUG n.processor.TaskPollingMonitor - %% executor local > tasks in the submission queue: 1 -- tasks to be submitted are shown below
~> TaskHandler[id: 116; name: BIN_ANNOTATION:BAKTA_BAKTA (ERR011348_MEGAHIT_TaxVamb_dRep.5); status: NEW; exit: -; error: -; workDir: /data/users/danross/MAG_Pipeline/pipeline_test/tutorial/work/df/9a9a19e4eb2bf8692a5bb1e581edcf]
May-25 18:19:43.486 [Task monitor] DEBUG n.processor.TaskPollingMonitor - !! executor local > tasks to be completed: 2 -- submitted tasks are shown below
~> TaskHandler[id: 119; name: BIN_ANNOTATION:BAKTA_BAKTA (ERR011349_MEGAHIT_TaxVamb_dRep.2); status: RUNNING; exit: -; error: -; workDir: /data/users/danross/MAG_Pipeline/pipeline_test/tutorial/work/31/ee3d09325942d854be8bded2c432e6]
~> TaskHandler[id: 108; name: BIN_ANNOTATION:BAKTA_BAKTA (ERR011348_MEGAHIT_MetaBinner_dRep.1); status: RUNNING; exit: -; error: -; workDir: /data/users/danross/MAG_Pipeline/pipeline_test/tutorial/work/e3/16cf985e26a91c4e46237d86911f14]
May-25 18:24:22.304 [Task submitter] DEBUG n.processor.TaskPollingMonitor - %% executor local > tasks in the submission queue: 1 -- tasks to be submitted are shown below
~> TaskHandler[id: 116; name: BIN_ANNOTATION:BAKTA_BAKTA (ERR011348_MEGAHIT_TaxVamb_dRep.5); status: NEW; exit: -; error: -; workDir: /data/users/danross/MAG_Pipeline/pipeline_test/tutorial/work/df/9a9a19e4eb2bf8692a5bb1e581edcf]
May-25 18:24:43.492 [Task monitor] DEBUG n.processor.TaskPollingMonitor - !! executor local > tasks to be completed: 2 -- submitted tasks are shown below
~> TaskHandler[id: 119; name: BIN_ANNOTATION:BAKTA_BAKTA (ERR011349_MEGAHIT_TaxVamb_dRep.2); status: RUNNING; exit: -; error: -; workDir: /data/users/danross/MAG_Pipeline/pipeline_test/tutorial/work/31/ee3d09325942d854be8bded2c432e6]
~> TaskHandler[id: 108; name: BIN_ANNOTATION:BAKTA_BAKTA (ERR011348_MEGAHIT_MetaBinner_dRep.1); status: RUNNING; exit: -; error: -; workDir: /data/users/danross/MAG_Pipeline/pipeline_test/tutorial/work/e3/16cf985e26a91c4e46237d86911f14]
May-25 18:26:06.991 [Task monitor] DEBUG n.processor.TaskPollingMonitor - Task completed > TaskHandler[id: 119; name: BIN_ANNOTATION:BAKTA_BAKTA (ERR011349_MEGAHIT_TaxVamb_dRep.2); status: COMPLETED; exit: 0; error: -; workDir: /data/users/danross/MAG_Pipeline/pipeline_test/tutorial/work/31/ee3d09325942d854be8bded2c432e6]
May-25 18:26:06.999 [Task submitter] DEBUG n.executor.local.LocalTaskHandler - Launch cmd line: /bin/bash -ue .command.run
May-25 18:26:06.999 [Task submitter] INFO  nextflow.Session - [df/9a9a19] Submitted process > BIN_ANNOTATION:BAKTA_BAKTA (ERR011348_MEGAHIT_TaxVamb_dRep.5)
May-25 18:29:43.509 [Task monitor] DEBUG n.processor.TaskPollingMonitor - !! executor local > tasks to be completed: 2 -- submitted tasks are shown below
~> TaskHandler[id: 108; name: BIN_ANNOTATION:BAKTA_BAKTA (ERR011348_MEGAHIT_MetaBinner_dRep.1); status: RUNNING; exit: -; error: -; workDir: /data/users/danross/MAG_Pipeline/pipeline_test/tutorial/work/e3/16cf985e26a91c4e46237d86911f14]
~> TaskHandler[id: 116; name: BIN_ANNOTATION:BAKTA_BAKTA (ERR011348_MEGAHIT_TaxVamb_dRep.5); status: RUNNING; exit: -; error: -; workDir: /data/users/danross/MAG_Pipeline/pipeline_test/tutorial/work/df/9a9a19e4eb2bf8692a5bb1e581edcf]
May-25 18:31:03.930 [Task monitor] DEBUG n.processor.TaskPollingMonitor - Task completed > TaskHandler[id: 108; name: BIN_ANNOTATION:BAKTA_BAKTA (ERR011348_MEGAHIT_MetaBinner_dRep.1); status: COMPLETED; exit: 0; error: -; workDir: /data/users/danross/MAG_Pipeline/pipeline_test/tutorial/work/e3/16cf985e26a91c4e46237d86911f14]
May-25 18:34:43.588 [Task monitor] DEBUG n.processor.TaskPollingMonitor - !! executor local > tasks to be completed: 1 -- submitted tasks are shown below
~> TaskHandler[id: 116; name: BIN_ANNOTATION:BAKTA_BAKTA (ERR011348_MEGAHIT_TaxVamb_dRep.5); status: RUNNING; exit: -; error: -; workDir: /data/users/danross/MAG_Pipeline/pipeline_test/tutorial/work/df/9a9a19e4eb2bf8692a5bb1e581edcf]
May-25 18:38:56.005 [Task monitor] DEBUG n.processor.TaskPollingMonitor - Task completed > TaskHandler[id: 116; name: BIN_ANNOTATION:BAKTA_BAKTA (ERR011348_MEGAHIT_TaxVamb_dRep.5); status: COMPLETED; exit: 0; error: -; workDir: /data/users/danross/MAG_Pipeline/pipeline_test/tutorial/work/df/9a9a19e4eb2bf8692a5bb1e581edcf]
May-25 18:38:56.056 [Actor Thread 32] INFO  nextflow.conda.CondaCache - Creating env using conda: /data/users/danross/MAG_Pipeline/modules/local/bakta/collect_annotation_stats/environment.yml [cache /data/users/danross/MAG_Pipeline/pipeline_test/tutorial/work/conda/env-d70434fe00fcf09365846c4fff4b9cfe]
May-25 18:39:25.929 [Actor Thread 32] DEBUG nextflow.conda.CondaCache - 'conda' create complete env=/data/users/danross/MAG_Pipeline/modules/local/bakta/collect_annotation_stats/environment.yml path=/data/users/danross/MAG_Pipeline/pipeline_test/tutorial/work/conda/env-d70434fe00fcf09365846c4fff4b9cfe
May-25 18:39:25.941 [Task submitter] DEBUG n.executor.local.LocalTaskHandler - Launch cmd line: /bin/bash -ue .command.run
May-25 18:39:25.941 [Task submitter] INFO  nextflow.Session - [2a/05a532] Submitted process > BIN_ANNOTATION:BAKTA_COLLECT_ANNOTATION_STATS (dereplicated_bins)
May-25 18:39:27.307 [Task monitor] DEBUG n.processor.TaskPollingMonitor - Task completed > TaskHandler[id: 120; name: BIN_ANNOTATION:BAKTA_COLLECT_ANNOTATION_STATS (dereplicated_bins); status: COMPLETED; exit: 0; error: -; workDir: /data/users/danross/MAG_Pipeline/pipeline_test/tutorial/work/2a/05a532323ba87d4d8d57ae550da9b2]
May-25 18:39:27.312 [main] DEBUG nextflow.Session - Session await > all processes finished
May-25 18:39:27.408 [Task monitor] DEBUG n.processor.TaskPollingMonitor - <<< barrier arrives (monitor: local) - terminating tasks monitor poll loop
May-25 18:39:27.409 [main] DEBUG nextflow.Session - Session await > all barriers passed
May-25 18:39:27.415 [main] DEBUG nextflow.util.ThreadPoolManager - Thread pool 'TaskFinalizer' shutdown completed (hard=false)
May-25 18:39:27.417 [main] INFO  nextflow.script.BaseScript - <project> complete
May-25 18:39:27.418 [main] INFO  nextflow.script.BaseScript - Command line: nextflow run ../../../MAG_Pipeline/main.nf -resume
May-25 18:39:27.423 [main] DEBUG n.trace.WorkflowStatsObserver - Workflow completed > WorkflowStats[succeededCount=120; failedCount=0; ignoredCount=0; cachedCount=0; pendingCount=0; submittedCount=0; runningCount=0; retriesCount=0; abortedCount=0; succeedDuration=1d 11h 31m 57s; failedDuration=0ms; cachedDuration=0ms;loadCpus=0; loadMemory=0; peakRunning=6; peakCpus=25; peakMemory=262 GB; ]
May-25 18:39:27.572 [main] DEBUG nextflow.trace.ReportObserver - Workflow completed -- rendering execution report
May-25 18:39:28.114 [main] DEBUG nextflow.trace.TimelineObserver - Workflow completed -- rendering execution timeline
May-25 18:39:28.170 [main] DEBUG nextflow.trace.TraceFileObserver - Workflow completed -- saving trace file
May-25 18:39:28.180 [main] DEBUG nextflow.cache.CacheDB - Closing CacheDB done
May-25 18:39:28.238 [main] DEBUG nextflow.util.ThreadPoolManager - Thread pool 'FileTransfer' shutdown completed (hard=false)
May-25 18:39:28.239 [main] DEBUG nextflow.script.ScriptRunner - > Execution complete -- Goodbye
