k79_85264	873
k79_60930	0
k79_48765	704
k79_73136	704
k79_85309	873
k79_36613	704
k79_12265	509
k79_12272	704
k79_48811	704
k79_102	704
k79_73213	704
k79_48818	0
k79_85408	509
k79_141	704
k79_144	704
k79_159	0
k79_36783	704
k79_85485	704
k79_73270	873
k79_85487	873
k79_48853	704
k79_61098	578
k79_36803	708
k79_36814	704
k79_12420	0
k79_36821	704
k79_73286	708
k79_85555	704
k79_36833	704
k79_85573	704
k79_226	704
k79_85588	0
k79_36843	708
k79_73331	509
k79_12500	704
k79_36863	704
k79_24651	509
k79_61183	578
k79_36886	704
k79_85613	704
k79_24660	0
k79_85619	704
k79_85623	0
k79_288	0
k79_12581	1302
k79_73399	704
k79_48988	704
k79_73401	509
k79_85635	0
k79_85638	0
k79_36985	704
k79_85663	509
k79_61244	0
k79_61268	0
k79_350	509
k79_85705	704
k79_37057	704
k79_49050	873
k79_73525	704
k79_61313	1302
k79_49062	0
k79_357	704
k79_61340	704
k79_24820	0
k79_37126	704
k79_73557	1302
k79_73560	509
k79_85791	578
k79_85808	708
k79_61406	0
k79_85818	704
k79_37233	704
k79_85856	0
k79_73679	0
k79_24930	704
k79_49177	704
k79_24950	704
k79_511	0
k79_37281	0
k79_37286	509
k79_12880	708
k79_12896	704
k79_24998	509
k79_73760	873
k79_12912	873
k79_73764	708
k79_73766	578
k79_49265	704
k79_25025	708
k79_594	0
k79_49267	708
k79_12933	704
k79_37362	0
k79_49272	509
k79_85967	0
k79_37367	708
k79_25050	873
k79_12955	873
k79_618	704
k79_85997	704
k79_61658	509
k79_12975	0
k79_73851	704
k79_86026	708
k79_61688	873
k79_61698	704
k79_25090	704
k79_61710	708
k79_73893	0
k79_86071	704
k79_37464	578
k79_49370	873
k79_13045	873
k79_37491	708
k79_61763	1302
k79_25173	704
k79_25174	0
k79_25194	704
k79_73999	509
k79_785	0
k79_61842	704
k79_25223	0
k79_25231	0
k79_49496	578
k79_803	708
k79_74038	509
k79_86184	509
k79_840	0
k79_74064	0
k79_25275	873
k79_13170	509
k79_860	708
k79_37663	704
k79_13173	0
k79_61913	704
k79_13218	704
k79_49604	704
k79_25343	704
k79_922	704
k79_13223	873
k79_49614	704
k79_61940	0
k79_74178	1302
k79_86275	708
k79_958	704
k79_61962	0
k79_86299	704
k79_1001	704
k79_86323	708
k79_74251	0
k79_62019	704
k79_74257	704
k79_1022	509
k79_74264	873
k79_86349	708
k79_49775	509
k79_1025	1302
k79_37880	0
k79_74284	704
k79_86388	0
k79_13414	0
k79_37909	704
k79_74310	704
k79_25533	704
k79_13436	873
k79_49854	704
k79_86420	0
k79_49874	708
k79_13467	708
k79_49876	873
k79_37977	509
k79_74356	0
k79_1121	873
k79_37997	0
k79_74361	509
k79_86471	0
k79_38029	704
k79_25612	0
k79_38044	704
k79_1177	704
k79_38045	509
k79_25625	509
k79_74384	509
k79_49960	509
k79_62187	704
k79_49962	0
k79_1220	0
k79_38102	704
k79_25697	0
k79_62228	0
k79_25732	1302
k79_1295	0
k79_38147	509
k79_25747	704
k79_38150	704
k79_86596	0
k79_38155	1302
k79_38164	509
k79_74558	873
k79_38173	0
k79_74574	509
k79_86622	704
k79_38179	509
k79_13674	704
k79_62292	509
k79_86637	0
k79_62306	704
k79_25828	704
k79_13738	0
k79_25852	873
k79_38291	509
k79_62322	873
k79_74676	704
k79_74679	509
k79_25881	509
k79_13814	704
k79_86719	704
k79_1474	0
k79_1485	509
k79_50172	509
k79_86765	704
k79_74809	708
k79_38450	873
k79_25951	708
k79_1578	873
k79_38493	509
k79_25981	704
k79_62508	0
k79_74897	509
k79_50263	0
k79_74940	704
k79_13964	704
k79_86877	708
k79_13983	704
k79_62586	704
k79_74962	509
k79_38578	708
k79_1716	704
k79_62603	509
k79_14029	0
k79_26096	708
k79_74988	509
k79_62634	0
k79_26107	704
k79_26109	0
k79_62651	0
k79_75028	704
k79_26128	0
k79_50395	704
k79_75059	704
k79_1789	509
k79_26150	0
k79_26154	1302
k79_62732	0
k79_38731	704
k79_1849	0
k79_1853	704
k79_75200	704
k79_38788	704
k79_1884	0
k79_1889	704
k79_75226	708
k79_1897	704
k79_1899	708
k79_26232	708
k79_50551	0
k79_50568	0
k79_14272	0
k79_62868	1302
k79_14282	873
k79_26264	704
k79_75285	0
k79_62902	873
k79_26313	0
k79_87221	0
k79_2041	704
k79_38959	509
k79_2092	704
k79_26368	704
k79_62978	509
k79_87269	0
k79_62993	708
k79_87275	873
k79_39021	704
k79_63004	704
k79_75376	873
k79_2129	873
k79_39051	704
k79_14454	704
k79_26416	0
k79_14473	704
k79_2149	509
k79_39077	0
k79_50780	0
k79_87334	578
k79_39090	873
k79_14496	704
k79_87345	704
k79_87346	0
k79_26495	708
k79_63088	509
k79_63089	708
k79_39183	704
k79_2278	704
k79_39199	708
k79_63153	0
k79_14634	704
k79_14646	509
k79_39250	0
k79_87468	704
k79_75564	873
k79_39289	704
k79_2399	708
k79_39301	704
k79_14715	704
k79_63232	509
k79_87524	873
k79_63265	704
k79_63274	704
k79_51045	704
k79_26670	0
k79_75680	873
k79_75682	0
k79_39377	509
k79_2486	0
k79_87587	0
k79_51073	0
k79_39392	704
k79_87601	578
k79_51090	578
k79_87629	704
k79_2545	0
k79_63348	708
k79_26711	708
k79_14884	873
k79_2551	0
k79_75760	873
k79_2558	509
k79_14891	509
k79_2570	0
k79_14919	704
k79_51224	0
k79_87672	704
k79_87684	0
k79_14981	704
k79_2640	704
k79_14986	708
k79_15009	0
k79_15017	0
k79_51318	708
k79_39590	578
k79_75879	509
k79_87777	704
k79_63491	0
k79_51407	873
k79_2735	0
k79_51418	0
k79_87799	0
k79_63522	708
k79_26846	0
k79_51453	0
k79_39684	873
k79_51466	704
k79_39765	704
k79_87870	708
k79_51523	704
k79_2874	708
k79_63595	704
k79_26921	873
k79_39827	0
k79_87951	0
k79_26956	704
k79_63657	873
k79_39889	0
k79_88029	873
k79_63701	0
k79_88037	704
k79_39924	0
k79_27007	1302
k79_51667	704
k79_15385	704
k79_63758	509
k79_39943	704
k79_27015	708
k79_51684	0
k79_88099	704
k79_39963	0
k79_3025	708
k79_39971	509
k79_76171	873
k79_51736	704
k79_3048	704
k79_15416	1302
k79_15427	0
k79_88184	873
k79_27082	704
k79_51762	708
k79_40017	0
k79_15452	0
k79_27106	509
k79_40027	708
k79_40046	704
k79_3146	0
k79_40059	704
k79_3155	0
k79_3156	708
k79_15496	704
k79_27126	509
k79_63904	704
k79_15497	704
k79_27146	509
k79_51867	873
k79_3200	0
k79_88295	578
k79_51910	509
k79_3242	0
k79_76354	0
k79_3251	509
k79_76359	873
k79_3267	704
k79_64061	704
k79_88420	704
k79_76403	704
k79_40293	708
k79_15656	509
k79_3301	708
k79_40303	0
k79_3302	704
k79_88436	0
k79_76452	509
k79_3336	1302
k79_40365	509
k79_52115	0
k79_64156	0
k79_64183	873
k79_15764	0
k79_76538	0
k79_15784	0
k79_27397	704
k79_3444	873
k79_52245	704
k79_40469	509
k79_15799	704
k79_15803	704
k79_15813	704
k79_3470	873
k79_40490	704
k79_27449	708
k79_3485	704
k79_15843	873
k79_3502	0
k79_52300	704
k79_88585	509
k79_27476	708
k79_3545	708
k79_76701	708
k79_15896	0
k79_76729	873
k79_64373	873
k79_3613	0
k79_27557	873
k79_76799	509
k79_27573	873
k79_15997	704
k79_3683	704
k79_52403	704
k79_40716	509
k79_52413	509
k79_16012	0
k79_3726	704
k79_40736	509
k79_27642	704
k79_52454	0
k79_88751	509
k79_3757	873
k79_64553	704
k79_27678	704
k79_40795	0
k79_64585	0
k79_64587	708
k79_76966	0
k79_3816	708
k79_40801	0
k79_3818	0
k79_40804	509
k79_64616	704
k79_40810	0
k79_16109	708
k79_88818	708
k79_77010	704
k79_40835	704
k79_40870	704
k79_77048	873
k79_40911	509
k79_77064	0
k79_52619	509
k79_27812	708
k79_88891	704
k79_27821	0
k79_3964	0
k79_77106	873
k79_88907	708
k79_16285	0
k79_88932	0
k79_27874	704
k79_52669	704
k79_16310	509
k79_77138	0
k79_3997	509
k79_52689	0
k79_4002	0
k79_64781	704
k79_41011	704
k79_4019	704
k79_41024	0
k79_4031	1302
k79_16374	704
k79_52748	704
k79_64794	0
k79_41070	509
k79_4060	704
k79_52752	708
k79_41073	704
k79_27980	704
k79_41093	704
k79_4075	708
k79_28017	509
k79_28029	0
k79_64826	704
k79_4091	509
k79_89108	0
k79_89130	509
k79_28067	873
k79_41199	704
k79_28083	0
k79_89148	0
k79_28106	578
k79_28115	704
k79_52955	0
k79_89199	704
k79_64948	704
k79_28166	704
k79_77366	0
k79_64961	704
k79_89216	0
k79_28187	704
k79_64968	704
k79_16685	704
k79_28203	708
k79_41304	509
k79_41311	0
k79_53020	708
k79_4297	704
k79_89250	873
k79_89267	0
k79_4330	704
k79_16813	708
k79_65085	704
k79_4341	704
k79_77523	0
k79_41430	704
k79_16863	0
k79_4365	0
k79_4371	0
k79_77554	704
k79_65150	509
k79_28413	0
k79_41488	0
k79_53233	704
k79_16925	704
k79_41537	0
k79_16945	873
k79_65235	708
k79_41562	704
k79_28518	708
k79_16980	0
k79_41579	0
k79_77661	873
k79_89462	873
k79_65272	704
k79_41596	873
k79_4468	708
k79_65283	0
k79_77687	873
k79_77696	873
k79_65309	704
k79_53329	704
k79_77711	509
k79_28581	0
k79_89482	704
k79_4535	704
k79_17042	509
k79_65341	704
k79_4550	704
k79_89500	873
k79_28617	704
k79_17082	509
k79_77750	509
k79_4567	0
k79_65410	0
k79_77774	704
k79_65429	0
k79_41702	704
k79_41708	0
k79_89609	704
k79_17140	873
k79_28738	704
k79_41781	708
k79_28756	0
k79_17181	0
k79_41796	704
k79_53486	704
k79_77847	578
k79_4651	873
k79_53490	0
k79_65579	704
k79_89684	704
k79_41845	873
k79_28831	704
k79_65624	509
k79_4742	704
k79_17255	704
k79_89702	0
k79_28863	708
k79_41864	704
k79_41897	704
k79_65653	0
k79_89711	0
k79_28925	704
k79_4827	704
k79_4831	704
k79_41953	509
k79_17306	704
k79_28943	0
k79_77979	704
k79_28952	0
k79_41972	0
k79_4873	873
k79_17330	578
k79_42008	0
k79_78019	0
k79_17340	873
k79_65792	704
k79_29006	578
k79_42063	704
k79_65836	704
k79_53861	704
k79_17409	0
k79_4971	578
k79_65846	509
k79_53901	704
k79_89892	873
k79_42108	704
k79_78114	509
k79_65901	0
k79_78131	708
k79_5014	704
k79_65907	509
k79_89935	873
k79_5028	509
k79_29143	873
k79_65927	704
k79_78175	708
k79_89955	0
k79_29147	0
k79_53978	0
k79_54003	0
k79_42149	0
k79_5099	704
k79_78213	704
k79_17498	0
k79_42158	704
k79_5126	873
k79_5152	873
k79_42174	578
k79_54091	704
k79_90069	873
k79_17536	704
k79_90070	0
k79_66091	509
k79_29254	509
k79_54133	708
k79_78313	873
k79_17571	708
k79_5209	509
k79_29282	509
k79_78403	0
k79_29336	509
k79_90187	578
k79_66224	704
k79_78431	708
k79_66249	0
k79_17704	873
k79_78462	873
k79_5329	708
k79_29405	509
k79_29406	509
k79_29410	0
k79_29418	0
k79_78524	704
k79_5388	509
k79_42380	0
k79_29426	1302
k79_17788	704
k79_54355	0
k79_66370	873
k79_78553	704
k79_17806	708
k79_29479	0
k79_90281	509
k79_78569	0
k79_29486	0
k79_29489	0
k79_78583	0
k79_90293	708
k79_5473	704
k79_42466	704
k79_29525	0
k79_17882	0
k79_90354	704
k79_29533	873
k79_5522	704
k79_78633	873
k79_90377	509
k79_29557	509
k79_42494	704
k79_78634	0
k79_5557	704
k79_5571	704
k79_29600	704
k79_78654	704
k79_29601	509
k79_5580	0
k79_78655	704
k79_78657	704
k79_5593	0
k79_66603	873
k79_66608	0
k79_5597	873
k79_90490	509
k79_66625	704
k79_18027	704
k79_18029	0
k79_90504	708
k79_42601	509
k79_5619	704
k79_78713	0
k79_5622	704
k79_66688	873
k79_78736	708
k79_42651	873
k79_78746	704
k79_66698	708
k79_5678	704
k79_18093	0
k79_42700	704
k79_29796	708
k79_5721	0
k79_42734	704
k79_66781	0
k79_5735	704
k79_66783	704
k79_90659	873
k79_5739	708
k79_18184	704
k79_90680	0
k79_18211	0
k79_66818	873
k79_66858	704
k79_29854	0
k79_18314	704
k79_78940	704
k79_18324	0
k79_90775	0
k79_54888	704
k79_90783	0
k79_66994	708
k79_5953	704
k79_29906	509
k79_54914	509
k79_67005	873
k79_6008	704
k79_6021	708
k79_79029	873
k79_29947	704
k79_29953	0
k79_18445	873
k79_43011	708
k79_6030	509
k79_67050	578
k79_54976	708
k79_43029	704
k79_30022	873
k79_54995	704
k79_55014	0
k79_6121	704
k79_18555	0
k79_43063	0
k79_18593	704
k79_43076	0
k79_79146	708
k79_6211	704
k79_67198	509
k79_30102	704
k79_90983	509
k79_6215	708
k79_91028	704
k79_55145	704
k79_43123	509
k79_79205	0
k79_18706	704
k79_43139	0
k79_67261	1302
k79_79208	509
k79_18724	509
k79_43167	704
k79_79242	873
k79_91054	708
k79_55206	0
k79_43171	0
k79_6346	708
k79_79263	708
k79_55251	1302
k79_18805	704
k79_6405	708
k79_43234	708
k79_79299	704
k79_43252	708
k79_79313	873
k79_79317	704
k79_30267	704
k79_67356	704
k79_6462	704
k79_30281	0
k79_91122	704
k79_18855	708
k79_6469	873
k79_55340	704
k79_43308	704
k79_6493	0
k79_18882	704
k79_79370	873
k79_43328	0
k79_55376	704
k79_43332	0
k79_18905	704
k79_30354	578
k79_43366	0
k79_55415	704
k79_30369	0
k79_6580	704
k79_67451	704
k79_43414	0
k79_91209	0
k79_43415	704
k79_19021	704
k79_55461	708
k79_43421	873
k79_67471	708
k79_79498	704
k79_43427	704
k79_6644	704
k79_91226	578
k79_55487	509
k79_30471	708
k79_67497	704
k79_79537	873
k79_79561	704
k79_55542	708
k79_79563	704
k79_19105	704
k79_91283	873
k79_55580	873
k79_6741	704
k79_30546	873
k79_43538	509
k79_91317	708
k79_79639	509
k79_19197	704
k79_43559	0
k79_55650	0
k79_91392	708
k79_43572	509
k79_6820	0
k79_67636	0
k79_43599	0
k79_79720	873
k79_30674	0
k79_19242	0
k79_6897	704
k79_30697	708
k79_6912	0
k79_79756	509
k79_67744	509
k79_6940	0
k79_30755	873
k79_91504	704
k79_91517	704
k79_43677	509
k79_6981	704
k79_79792	873
k79_43694	704
k79_7004	704
k79_91548	873
k79_19326	704
k79_7030	704
k79_30827	0
k79_30832	704
k79_91580	704
k79_79825	704
k79_19352	0
k79_67852	873
k79_91613	704
k79_7104	509
k79_91674	0
k79_43800	708
k79_43810	0
k79_67925	509
k79_7125	704
k79_91694	704
k79_79918	0
k79_55956	509
k79_7139	509
k79_30986	704
k79_67965	708
k79_91802	708
k79_7174	509
k79_67970	0
k79_30999	704
k79_31005	0
k79_56040	509
k79_19626	0
k79_80065	0
k79_7295	708
k79_91890	509
k79_7336	708
k79_44013	704
k79_56155	873
k79_31182	509
k79_44064	704
k79_92058	873
k79_92070	0
k79_7494	708
k79_56317	873
k79_56324	708
k79_7534	509
k79_92154	704
k79_31273	704
k79_7539	704
k79_56351	708
k79_7578	0
k79_7593	704
k79_44235	704
k79_19899	509
k79_44251	704
k79_19926	0
k79_92259	873
k79_44272	873
k79_68323	0
k79_68342	873
k79_56491	509
k79_80458	704
k79_80459	704
k79_7673	509
k79_31393	704
k79_68349	873
k79_44341	873
k79_92302	704
k79_19989	509
k79_44357	873
k79_56527	0
k79_7703	704
k79_92327	509
k79_44376	509
k79_7720	708
k79_44386	0
k79_44406	0
k79_80515	708
k79_92375	704
k79_92379	578
k79_7791	704
k79_7807	704
k79_56620	704
k79_68464	509
k79_31541	704
k79_44495	873
k79_44506	704
k79_7881	0
k79_92467	509
k79_80635	704
k79_44524	704
k79_20190	0
k79_44535	873
k79_80654	0
k79_44547	873
k79_92491	873
k79_20229	0
k79_56736	873
k79_56750	704
k79_80694	0
k79_7975	0
k79_56778	509
k79_20292	708
k79_7996	509
k79_7997	704
k79_56781	509
k79_20324	704
k79_80777	873
k79_68701	509
k79_20343	708
k79_80788	0
k79_56830	0
k79_31783	509
k79_56837	0
k79_56838	509
k79_92649	873
k79_56844	873
k79_92667	509
k79_92673	0
k79_44736	704
k79_56874	704
k79_80842	873
k79_8117	708
k79_68782	578
k79_80884	708
k79_68796	509
k79_68810	708
k79_80900	704
k79_44782	0
k79_68818	509
k79_20481	0
k79_31922	704
k79_20486	0
k79_80921	873
k79_92813	0
k79_68875	0
k79_57026	704
k79_44863	0
k79_57033	0
k79_57035	509
k79_80995	704
k79_8241	509
k79_92871	704
k79_20543	0
k79_32001	0
k79_8258	0
k79_81066	704
k79_69009	704
k79_81092	704
k79_92972	0
k79_81093	708
k79_32079	708
k79_57142	704
k79_44960	0
k79_57152	509
k79_8316	704
k79_57166	704
k79_32110	0
k79_81154	0
k79_45006	0
k79_8356	704
k79_57188	0
k79_20669	0
k79_81164	708
k79_57202	0
k79_45047	509
k79_8372	0
k79_45048	0
k79_57251	708
k79_8396	704
k79_45081	708
k79_20722	704
k79_8403	0
k79_20726	578
k79_8424	704
k79_45100	704
k79_8432	0
k79_81218	578
k79_93115	704
k79_20741	578
k79_69194	873
k79_57312	704
k79_20755	708
k79_8475	0
k79_32297	0
k79_57337	873
k79_45155	873
k79_20799	704
k79_45161	0
k79_20803	873
k79_69254	704
k79_20811	0
k79_20813	873
k79_57381	708
k79_20821	704
k79_8506	578
k79_69275	0
k79_69277	509
k79_57407	704
k79_57418	708
k79_57421	704
k79_20896	509
k79_8524	704
k79_69332	704
k79_45226	0
k79_45227	0
k79_8573	704
k79_57473	873
k79_32413	708
k79_20943	509
k79_8592	704
k79_81457	708
k79_8621	0
k79_20988	704
k79_57536	509
k79_45321	509
k79_69418	0
k79_32455	704
k79_69421	873
k79_21039	873
k79_93257	0
k79_93264	509
k79_57576	708
k79_81563	704
k79_32473	1302
k79_8705	708
k79_21062	704
k79_69474	0
k79_32476	873
k79_93320	704
k79_45347	0
k79_32483	704
k79_57661	0
k79_81630	704
k79_8781	704
k79_57687	704
k79_8807	873
k79_32554	704
k79_93414	0
k79_8816	509
k79_32566	708
k79_93433	873
k79_21132	0
k79_81677	708
k79_81686	704
k79_69582	509
k79_81687	0
k79_32585	0
k79_81730	1302
k79_93532	873
k79_81767	704
k79_8925	509
k79_32650	704
k79_57787	704
k79_81801	704
k79_81812	0
k79_69681	509
k79_93627	873
k79_57839	0
k79_21280	0
k79_32741	873
k79_57854	509
k79_9026	873
k79_21286	873
k79_93687	708
k79_45666	704
k79_69752	0
k79_81943	509
k79_9073	509
k79_45686	509
k79_81958	0
k79_81963	0
k79_45713	0
k79_45730	0
k79_9103	873
k79_57959	708
k79_82003	704
k79_45752	0
k79_45760	708
k79_32881	0
k79_45798	704
k79_93704	0
k79_82069	873
k79_45848	704
k79_58055	704
k79_82079	873
k79_21462	873
k79_9216	873
k79_58096	509
k79_93758	578
k79_32970	578
k79_93759	708
k79_93767	704
k79_82155	708
k79_21561	509
k79_58178	509
k79_58183	0
k79_45948	704
k79_93818	708
k79_82189	704
k79_69971	704
k79_93822	704
k79_9331	704
k79_21677	509
k79_33106	704
k79_70018	0
k79_33160	708
k79_70053	0
k79_46048	704
k79_21731	704
k79_82343	704
k79_94020	0
k79_33209	0
k79_94029	578
k79_58420	509
k79_46127	704
k79_46136	704
k79_58434	704
k79_94058	0
k79_82408	704
k79_70150	0
k79_21854	0
k79_46167	704
k79_82427	0
k79_58467	0
k79_82434	873
k79_21862	0
k79_33304	0
k79_21866	0
k79_58501	704
k79_46236	704
k79_33394	708
k79_70227	0
k79_9652	704
k79_70237	873
k79_82537	873
k79_33395	0
k79_46277	0
k79_33400	1302
k79_21990	873
k79_58586	0
k79_46303	708
k79_33426	0
k79_70271	0
k79_9764	704
k79_33474	509
k79_9774	509
k79_46350	708
k79_46358	704
k79_9798	704
k79_70379	873
k79_82648	873
k79_46407	704
k79_9843	704
k79_58731	0
k79_94242	1302
k79_33598	509
k79_9874	708
k79_70414	704
k79_82700	704
k79_94261	708
k79_82706	873
k79_82771	0
k79_94289	509
k79_33637	873
k79_46506	509
k79_94297	704
k79_58870	0
k79_58875	0
k79_82819	704
k79_46528	0
k79_94365	509
k79_70615	509
k79_58894	704
k79_10049	509
k79_82851	0
k79_70617	509
k79_70618	0
k79_94375	509
k79_94391	704
k79_70638	704
k79_33729	509
k79_33739	0
k79_94424	509
k79_70669	704
k79_10115	704
k79_33761	509
k79_94437	704
k79_70674	704
k79_70692	704
k79_22310	509
k79_59003	578
k79_46633	0
k79_33817	704
k79_33822	704
k79_10194	704
k79_70710	704
k79_33836	708
k79_94506	509
k79_70729	873
k79_10225	873
k79_83009	1302
k79_59070	0
k79_70753	873
k79_83038	509
k79_46728	704
k79_33895	0
k79_59137	873
k79_33922	704
k79_94580	704
k79_33931	873
k79_10292	704
k79_94594	704
k79_94625	708
k79_46808	509
k79_70878	708
k79_22475	0
k79_94648	873
k79_33981	0
k79_10314	0
k79_70914	704
k79_70917	0
k79_94674	578
k79_22498	578
k79_94677	0
k79_46846	509
k79_34012	873
k79_94679	0
k79_46857	509
k79_59303	704
k79_94690	704
k79_59313	0
k79_10385	873
k79_59314	704
k79_70959	873
k79_59336	0
k79_10428	509
k79_34079	873
k79_94765	0
k79_34085	0
k79_70999	578
k79_83353	0
k79_46972	704
k79_94830	708
k79_59371	509
k79_94841	708
k79_59376	708
k79_22689	873
k79_83378	0
k79_83384	708
k79_94870	509
k79_10514	708
k79_47028	873
k79_47061	704
k79_47069	0
k79_10539	708
k79_47077	704
k79_83454	704
k79_83456	704
k79_34205	509
k79_83465	873
k79_22828	0
k79_47101	704
k79_83472	708
k79_10578	704
k79_71187	704
k79_10582	704
k79_22865	704
k79_94998	704
k79_83489	704
k79_10596	0
k79_59585	0
k79_22903	873
k79_71242	873
k79_22918	704
k79_83538	704
k79_59624	708
k79_95062	0
k79_47182	509
k79_34287	704
k79_22933	708
k79_59635	704
k79_59643	708
k79_71318	0
k79_10698	704
k79_95123	0
k79_22971	509
k79_47261	704
k79_47262	704
k79_59755	0
k79_34383	0
k79_10735	704
k79_34398	704
k79_47333	0
k79_34421	704
k79_59816	873
k79_10800	0
k79_95272	873
k79_47398	0
k79_23067	509
k79_95286	0
k79_71472	873
k79_71478	509
k79_59893	704
k79_10903	704
k79_10908	708
k79_34533	873
k79_83801	708
k79_23139	578
k79_71508	873
k79_10959	704
k79_59935	704
k79_34543	704
k79_95377	1302
k79_59936	0
k79_47509	873
k79_59951	708
k79_47518	708
k79_59966	704
k79_34595	509
k79_23237	704
k79_34615	708
k79_23245	704
k79_47602	708
k79_83869	0
k79_60066	704
k79_34629	704
k79_34635	704
k79_47640	704
k79_71636	0
k79_60108	873
k79_11075	704
k79_11099	704
k79_60161	704
k79_11117	704
k79_71686	0
k79_47697	704
k79_71689	509
k79_23346	873
k79_34711	873
k79_47705	704
k79_71693	708
k79_23351	509
k79_95522	0
k79_34730	509
k79_47711	708
k79_95551	509
k79_71720	578
k79_11200	704
k79_60244	0
k79_71734	873
k79_11228	708
k79_47724	0
k79_23412	0
k79_11236	708
k79_34793	704
k79_84058	0
k79_47753	873
k79_71799	704
k79_95676	509
k79_60331	0
k79_47794	704
k79_34876	509
k79_95739	873
k79_23527	704
k79_95784	708
k79_95792	0
k79_11360	0
k79_23551	0
k79_47895	509
k79_84199	704
k79_47905	0
k79_34929	708
k79_47977	509
k79_84271	509
k79_60498	873
k79_11440	704
k79_95871	578
k79_23649	509
k79_60515	704
k79_72021	704
k79_72023	873
k79_60534	708
k79_84328	704
k79_60555	704
k79_35109	704
k79_35111	708
k79_11514	873
k79_60592	708
k79_95945	509
k79_11519	0
k79_23718	704
k79_35150	509
k79_11544	708
k79_72113	509
k79_48106	509
k79_60664	704
k79_60669	708
k79_23758	0
k79_11576	708
k79_23760	704
k79_23774	0
k79_23789	509
k79_11600	704
k79_48159	0
k79_48179	704
k79_11630	509
k79_96107	0
k79_35294	509
k79_11665	0
k79_60800	509
k79_96130	708
k79_11683	704
k79_96137	509
k79_72251	873
k79_96154	708
k79_11724	873
k79_84529	509
k79_35373	704
k79_84534	0
k79_96184	873
k79_48301	509
k79_60894	708
k79_96212	0
k79_48340	1302
k79_23966	704
k79_72338	873
k79_35438	708
k79_72343	873
k79_23982	708
k79_11830	509
k79_35474	0
k79_24000	708
k79_35480	704
k79_11837	704
k79_96294	0
k79_96312	708
k79_72415	708
k79_48490	873
k79_35543	0
k79_84698	704
k79_72463	704
k79_24115	708
k79_35574	704
k79_24124	708
k79_72522	509
k79_48547	509
k79_72549	0
k79_72558	509
k79_48579	704
k79_96471	509
k79_12069	0
k79_84801	0
k79_48607	509
k79_96496	509
k79_12086	704
k79_12090	0
k79_48623	704
k79_12105	0
k79_12119	704
k79_24250	704
k79_84878	873
k79_96606	873
k79_12130	708
k79_24328	704
k79_96667	0
k79_24334	509
k79_72759	0
k79_24338	873
k79_35780	704
k79_24340	704
k79_84967	0
k79_96717	708
k79_72814	704
k79_35809	704
k79_85042	708
k79_35838	708
k79_85061	509
k79_35852	873
k79_85077	0
k79_85082	0
k79_85091	704
k79_72930	708
k79_85109	704
k79_72940	873
k79_72952	0
k79_85133	509
k79_85164	0
k79_96942	708
k79_85179	704
k79_73034	704
k79_97053	509
k79_36090	708
k79_97114	873
k79_97118	0
k79_97120	0
k79_97145	509
k79_36223	0
k79_97227	509
k79_97232	0
k79_36354	704
k79_97284	0
k79_36410	708
k79_97292	704
k79_36450	509
k79_97335	873
k79_97406	0
k79_12181	0
k79_73082	0
k79_36541	0
k79_36543	0
k79_36544	0
k79_48731	0
k79_12188	0
k79_36545	0
k79_24365	0
k79_13	0
k79_60907	0
k79_12194	0
k79_36559	0
k79_12197	0
k79_85267	0
k79_60924	0
k79_60929	0
k79_24376	0
k79_73117	0
k79_12219	0
k79_36581	0
k79_85283	0
k79_24388	0
k79_60935	0
k79_73125	0
k79_24396	0
k79_36591	0
k79_60941	0
k79_73133	0
k79_60942	0
k79_30	0
k79_24401	0
k79_33	0
k79_36599	0
k79_60949	0
k79_85302	0
k79_38	0
k79_60957	0
k79_36610	0
k79_12246	0
k79_85310	0
k79_58	0
k79_85313	0
k79_48781	0
k79_60968	0
k79_85314	0
k79_73148	0
k79_73150	0
k79_48784	0
k79_85319	0
k79_85321	0
k79_60980	0
k79_73155	0
k79_24436	0
k79_48792	0
k79_85328	0
k79_67	0
k79_48798	0
k79_73	0
k79_74	0
k79_24448	0
k79_12273	0
k79_24450	0
k79_60987	0
k79_85356	0
k79_60991	0
k79_73181	0
k79_85358	0
k79_48807	0
k79_73184	0
k79_73185	0
k79_85362	0
k79_61000	0
k79_73187	0
k79_85369	0
k79_24470	0
k79_24471	0
k79_73195	0
k79_36688	0
k79_95	0
k79_85374	0
k79_24475	0
k79_96	0
k79_73201	0
k79_73204	0
k79_36700	0
k79_85386	0
k79_12302	0
k79_85388	0
k79_61018	0
k79_106	0
k79_36709	0
k79_85394	0
k79_108	0
k79_36714	0
k79_24489	0
k79_116	0
k79_12313	0
k79_36720	0
k79_73224	0
k79_73225	0
k79_61027	0
k79_132	0
k79_85413	0
k79_85424	0
k79_24509	0
k79_12326	0
k79_36752	0
k79_85429	0
k79_48825	0
k79_24519	0
k79_36758	0
k79_150	0
k79_48833	0
k79_61042	0
k79_157	0
k79_36773	0
k79_61046	0
k79_36780	0
k79_48846	0
k79_167	0
k79_24533	0
k79_85479	0
k79_73266	0
k79_36785	0
k79_24547	0
k79_24550	0
k79_12385	0
k79_36797	0
k79_24557	0
k79_73276	0
k79_198	0
k79_85492	0
k79_48860	0
k79_12401	0
k79_204	0
k79_36804	0
k79_12406	0
k79_85518	0
k79_24569	0
k79_48870	0
k79_24576	0
k79_217	0
k79_24577	0
k79_61131	0
k79_24581	0
k79_36822	0
k79_48891	0
k79_73290	0
k79_12443	0
k79_48895	0
k79_36826	0
k79_24601	0
k79_73296	0
k79_36831	0
k79_73298	0
k79_61142	0
k79_12456	0
k79_73301	0
k79_73302	0
k79_73306	0
k79_24607	0
k79_12465	0
k79_24609	0
k79_12467	0
k79_36840	0
k79_233	0
k79_24622	0
k79_234	0
k79_12479	0
k79_24631	0
k79_12483	0
k79_242	0
k79_48924	0
k79_48925	0
k79_36857	0
k79_85599	0
k79_12501	0
k79_12503	0
k79_73347	0
k79_36879	0
k79_73348	0
k79_12521	0
k79_24655	0
k79_85609	0
k79_36887	0
k79_73359	0
k79_48948	0
k79_271	0
k79_12549	0
k79_48950	0
k79_275	0
k79_61209	0
k79_276	0
k79_283	0
k79_284	0
k79_73366	0
k79_36923	0
k79_12570	0
k79_24667	0
k79_36933	0
k79_24668	0
k79_36934	0
k79_286	0
k79_12578	0
k79_48970	0
k79_85631	0
k79_24674	0
k79_85633	0
k79_24680	0
k79_61227	0
k79_24681	0
k79_48985	0
k79_61230	0
k79_36959	0
k79_300	0
k79_12591	0
k79_12595	0
k79_73410	0
k79_12602	0
k79_73417	0
k79_12605	0
k79_73418	0
k79_85654	0
k79_316	0
k79_73434	0
k79_61241	0
k79_12638	0
k79_85665	0
k79_61243	0
k79_24709	0
k79_24714	0
k79_36989	0
k79_85671	0
k79_73458	0
k79_61251	0
k79_12650	0
k79_37008	0
k79_85683	0
k79_49024	0
k79_332	0
k79_85689	0
k79_37018	0
k79_49034	0
k79_12667	0
k79_37020	0
k79_49047	0
k79_73484	0
k79_24770	0
k79_61259	0
k79_73488	0
k79_73494	0
k79_73495	0
k79_85695	0
k79_37040	0
k79_73505	0
k79_24791	0
k79_73512	0
k79_73513	0
k79_61276	0
k79_73514	0
k79_12713	0
k79_37064	0
k79_61297	0
k79_85734	0
k79_37072	0
k79_24814	0
k79_73533	0
k79_73545	0
k79_85757	0
k79_85758	0
k79_61332	0
k79_12740	0
k79_364	0
k79_37115	0
k79_37116	0
k79_37117	0
k79_61338	0
k79_49067	0
k79_37118	0
k79_85784	0
k79_24823	0
k79_24828	0
k79_61362	0
k79_24835	0
k79_73565	0
k79_49095	0
k79_85796	0
k79_73577	0
k79_12765	0
k79_61394	0
k79_12766	0
k79_37166	0
k79_85802	0
k79_49105	0
k79_384	0
k79_61395	0
k79_24843	0
k79_12773	0
k79_24845	0
k79_24846	0
k79_73603	0
k79_37170	0
k79_24853	0
k79_85814	0
k79_37172	0
k79_61415	0
k79_24857	0
k79_402	0
k79_24858	0
k79_37180	0
k79_73608	0
k79_85819	0
k79_24864	0
k79_37183	0
k79_413	0
k79_37185	0
k79_49122	0
k79_73617	0
k79_49125	0
k79_421	0
k79_24876	0
k79_49126	0
k79_61422	0
k79_49131	0
k79_49132	0
k79_49137	0
k79_73618	0
k79_85851	0
k79_440	0
k79_49150	0
k79_443	0
k79_455	0
k79_61452	0
k79_24896	0
k79_37234	0
k79_467	0
k79_61460	0
k79_24904	0
k79_49174	0
k79_24909	0
k79_73672	0
k79_73681	0
k79_491	0
k79_85873	0
k79_73682	0
k79_85874	0
k79_12846	0
k79_85877	0
k79_12847	0
k79_73686	0
k79_37267	0
k79_85881	0
k79_498	0
k79_37269	0
k79_24942	0
k79_49191	0
k79_85883	0
k79_499	0
k79_61497	0
k79_37279	0
k79_504	0
k79_24951	0
k79_12871	0
k79_49207	0
k79_49209	0
k79_73720	0
k79_37282	0
k79_73722	0
k79_49221	0
k79_85899	0
k79_523	0
k79_61529	0
k79_49226	0
k79_24977	0
k79_37289	0
k79_530	0
k79_37290	0
k79_49234	0
k79_61538	0
k79_531	0
k79_37292	0
k79_536	0
k79_73737	0
k79_85919	0
k79_24985	0
k79_49240	0
k79_61545	0
k79_24987	0
k79_37303	0
k79_73747	0
k79_24988	0
k79_73749	0
k79_552	0
k79_73750	0
k79_37316	0
k79_563	0
k79_37319	0
k79_12904	0
k79_566	0
k79_61572	0
k79_568	0
k79_85940	0
k79_12911	0
k79_25006	0
k79_49264	0
k79_85943	0
k79_85948	0
k79_37343	0
k79_85955	0
k79_588	0
k79_37346	0
k79_12921	0
k79_85958	0
k79_12922	0
k79_85961	0
k79_85963	0
k79_25031	0
k79_85964	0
k79_73781	0
k79_600	0
k79_12937	0
k79_611	0
k79_12939	0
k79_61600	0
k79_85970	0
k79_73797	0
k79_85974	0
k79_61610	0
k79_85975	0
k79_37378	0
k79_85981	0
k79_37383	0
k79_37390	0
k79_37393	0
k79_627	0
k79_73833	0
k79_629	0
k79_37395	0
k79_25053	0
k79_85999	0
k79_86000	0
k79_647	0
k79_12963	0
k79_650	0
k79_86004	0
k79_654	0
k79_37425	0
k79_86009	0
k79_37426	0
k79_25059	0
k79_49316	0
k79_670	0
k79_49320	0
k79_12990	0
k79_49321	0
k79_685	0
k79_49325	0
k79_696	0
k79_12996	0
k79_25088	0
k79_12997	0
k79_705	0
k79_25089	0
k79_12999	0
k79_707	0
k79_86037	0
k79_73885	0
k79_709	0
k79_25094	0
k79_716	0
k79_25096	0
k79_725	0
k79_86060	0
k79_73899	0
k79_49368	0
k79_728	0
k79_86078	0
k79_37465	0
k79_37468	0
k79_25125	0
k79_49380	0
k79_61746	0
k79_37476	0
k79_747	0
k79_748	0
k79_25135	0
k79_86103	0
k79_73916	0
k79_49396	0
k79_750	0
k79_61760	0
k79_752	0
k79_753	0
k79_61761	0
k79_49403	0
k79_73928	0
k79_757	0
k79_49410	0
k79_37499	0
k79_13069	0
k79_73938	0
k79_61772	0
k79_86116	0
k79_777	0
k79_73952	0
k79_73953	0
k79_37528	0
k79_49433	0
k79_61795	0
k79_49437	0
k79_37537	0
k79_783	0
k79_73981	0
k79_37544	0
k79_25193	0
k79_73987	0
k79_37552	0
k79_25199	0
k79_49467	0
k79_61830	0
k79_86140	0
k79_13106	0
k79_49473	0
k79_74008	0
k79_49483	0
k79_25222	0
k79_793	0
k79_37582	0
k79_61844	0
k79_49495	0
k79_86152	0
k79_61849	0
k79_61851	0
k79_86161	0
k79_86162	0
k79_13122	0
k79_801	0
k79_37600	0
k79_25237	0
k79_86166	0
k79_37610	0
k79_74044	0
k79_37616	0
k79_809	0
k79_61884	0
k79_49512	0
k79_74053	0
k79_817	0
k79_13137	0
k79_49518	0
k79_25250	0
k79_37633	0
k79_49521	0
k79_86182	0
k79_25256	0
k79_13147	0
k79_61885	0
k79_37637	0
k79_37638	0
k79_13152	0
k79_25263	0
k79_61892	0
k79_49535	0
k79_37644	0
k79_86191	0
k79_25272	0
k79_61898	0
k79_844	0
k79_49544	0
k79_13167	0
k79_86202	0
k79_74073	0
k79_25280	0
k79_74081	0
k79_86207	0
k79_74083	0
k79_37667	0
k79_868	0
k79_74090	0
k79_49570	0
k79_13183	0
k79_61920	0
k79_25299	0
k79_49585	0
k79_74109	0
k79_37692	0
k79_13197	0
k79_893	0
k79_74121	0
k79_49599	0
k79_37697	0
k79_13210	0
k79_86231	0
k79_25328	0
k79_86232	0
k79_915	0
k79_37727	0
k79_25346	0
k79_86252	0
k79_13235	0
k79_13239	0
k79_25368	0
k79_25370	0
k79_929	0
k79_49630	0
k79_37744	0
k79_37745	0
k79_938	0
k79_49637	0
k79_13254	0
k79_13255	0
k79_13256	0
k79_25393	0
k79_86272	0
k79_61956	0
k79_37773	0
k79_959	0
k79_25403	0
k79_86285	0
k79_37778	0
k79_25406	0
k79_74212	0
k79_25411	0
k79_13277	0
k79_966	0
k79_25423	0
k79_37797	0
k79_13283	0
k79_37798	0
k79_74219	0
k79_74221	0
k79_13284	0
k79_13286	0
k79_86315	0
k79_37816	0
k79_49731	0
k79_997	0
k79_13302	0
k79_74242	0
k79_62001	0
k79_37828	0
k79_25453	0
k79_49747	0
k79_1007	0
k79_49750	0
k79_1014	0
k79_86326	0
k79_25458	0
k79_13327	0
k79_74254	0
k79_25460	0
k79_25462	0
k79_62028	0
k79_13339	0
k79_86344	0
k79_62032	0
k79_37861	0
k79_25474	0
k79_13340	0
k79_86345	0
k79_86346	0
k79_37865	0
k79_25480	0
k79_1024	0
k79_25486	0
k79_74268	0
k79_37866	0
k79_86357	0
k79_74282	0
k79_37871	0
k79_49786	0
k79_25499	0
k79_13382	0
k79_25507	0
k79_13387	0
k79_1030	0
k79_25512	0
k79_1031	0
k79_86387	0
k79_25522	0
k79_49817	0
k79_37905	0
k79_86392	0
k79_86400	0
k79_62081	0
k79_37912	0
k79_37914	0
k79_13423	0
k79_49846	0
k79_74313	0
k79_37919	0
k79_13428	0
k79_1057	0
k79_62089	0
k79_37934	0
k79_25537	0
k79_25539	0
k79_37944	0
k79_74341	0
k79_37945	0
k79_62096	0
k79_37953	0
k79_13452	0
k79_86435	0
k79_62101	0
k79_13453	0
k79_37961	0
k79_62105	0
k79_74347	0
k79_37964	0
k79_49869	0
k79_37968	0
k79_13464	0
k79_37973	0
k79_37974	0
k79_25572	0
k79_1089	0
k79_86439	0
k79_37978	0
k79_13490	0
k79_37981	0
k79_86443	0
k79_37985	0
k79_49903	0
k79_13512	0
k79_25583	0
k79_38000	0
k79_38001	0
k79_25594	0
k79_1144	0
k79_25596	0
k79_1154	0
k79_38025	0
k79_49927	0
k79_74376	0
k79_1163	0
k79_49937	0
k79_62166	0
k79_49939	0
k79_86500	0
k79_49948	0
k79_49951	0
k79_38047	0
k79_74385	0
k79_38051	0
k79_25634	0
k79_86513	0
k79_62176	0
k79_74393	0
k79_1185	0
k79_74394	0
k79_25640	0
k79_38066	0
k79_62188	0
k79_74413	0
k79_38078	0
k79_25658	0
k79_86557	0
k79_25670	0
k79_1226	0
k79_74446	0
k79_13592	0
k79_1234	0
k79_49973	0
k79_13594	0
k79_38103	0
k79_25685	0
k79_13596	0
k79_86563	0
k79_13597	0
k79_74457	0
k79_38110	0
k79_49979	0
k79_86570	0
k79_74458	0
k79_86571	0
k79_74461	0
k79_1245	0
k79_74462	0
k79_1248	0
k79_49991	0
k79_62214	0
k79_25708	0
k79_25711	0
k79_62216	0
k79_1255	0
k79_25712	0
k79_13612	0
k79_50004	0
k79_25718	0
k79_74480	0
k79_86582	0
k79_13621	0
k79_25723	0
k79_1274	0
k79_25727	0
k79_25729	0
k79_74503	0
k79_38136	0
k79_1289	0
k79_25734	0
k79_86591	0
k79_86592	0
k79_62236	0
k79_1299	0
k79_74521	0
k79_1311	0
k79_25758	0
k79_13643	0
k79_1319	0
k79_25768	0
k79_13649	0
k79_1324	0
k79_13651	0
k79_86599	0
k79_62251	0
k79_1328	0
k79_50061	0
k79_86612	0
k79_50066	0
k79_74542	0
k79_74553	0
k79_1348	0
k79_13659	0
k79_86614	0
k79_1361	0
k79_74562	0
k79_1366	0
k79_86621	0
k79_1367	0
k79_50079	0
k79_38177	0
k79_86623	0
k79_1379	0
k79_38181	0
k79_86625	0
k79_1389	0
k79_62287	0
k79_1392	0
k79_13677	0
k79_62288	0
k79_1398	0
k79_50096	0
k79_25805	0
k79_25806	0
k79_38209	0
k79_13682	0
k79_62295	0
k79_62299	0
k79_74616	0
k79_25822	0
k79_25825	0
k79_86642	0
k79_50115	0
k79_38232	0
k79_1432	0
k79_86644	0
k79_74632	0
k79_38235	0
k79_50119	0
k79_38240	0
k79_86663	0
k79_1445	0
k79_74648	0
k79_50126	0
k79_38274	0
k79_74656	0
k79_13743	0
k79_50134	0
k79_25835	0
k79_1451	0
k79_38283	0
k79_13766	0
k79_74660	0
k79_1462	0
k79_50139	0
k79_38293	0
k79_50141	0
k79_74667	0
k79_13782	0
k79_74672	0
k79_50149	0
k79_74673	0
k79_25854	0
k79_13800	0
k79_50153	0
k79_50156	0
k79_25870	0
k79_13808	0
k79_38321	0
k79_50164	0
k79_25877	0
k79_86714	0
k79_38323	0
k79_25880	0
k79_38333	0
k79_13809	0
k79_38337	0
k79_74709	0
k79_86716	0
k79_25883	0
k79_74711	0
k79_38350	0
k79_25890	0
k79_25891	0
k79_62370	0
k79_25904	0
k79_38371	0
k79_62377	0
k79_38377	0
k79_25906	0
k79_1490	0
k79_50173	0
k79_86744	0
k79_62387	0
k79_74738	0
k79_1491	0
k79_62390	0
k79_1494	0
k79_50176	0
k79_86755	0
k79_1500	0
k79_62401	0
k79_1505	0
k79_74767	0
k79_38395	0
k79_25924	0
k79_62412	0
k79_25926	0
k79_38397	0
k79_62415	0
k79_1517	0
k79_50188	0
k79_74776	0
k79_74779	0
k79_1524	0
k79_13859	0
k79_74781	0
k79_1527	0
k79_74783	0
k79_38419	0
k79_74785	0
k79_50203	0
k79_86770	0
k79_86773	0
k79_38426	0
k79_25940	0
k79_74796	0
k79_13866	0
k79_74798	0
k79_13867	0
k79_25942	0
k79_62437	0
k79_1559	0
k79_1561	0
k79_62444	0
k79_86786	0
k79_1563	0
k79_1564	0
k79_74810	0
k79_13868	0
k79_50224	0
k79_74816	0
k79_1572	0
k79_13877	0
k79_25952	0
k79_1579	0
k79_62483	0
k79_13886	0
k79_38481	0
k79_1592	0
k79_38485	0
k79_74856	0
k79_62507	0
k79_50246	0
k79_86825	0
k79_38503	0
k79_1616	0
k79_74892	0
k79_25984	0
k79_50249	0
k79_38519	0
k79_25992	0
k79_50257	0
k79_86840	0
k79_62517	0
k79_50262	0
k79_26004	0
k79_62518	0
k79_26020	0
k79_74930	0
k79_38528	0
k79_74931	0
k79_38530	0
k79_62529	0
k79_86865	0
k79_1637	0
k79_38538	0
k79_50268	0
k79_38545	0
k79_26053	0
k79_50270	0
k79_86871	0
k79_13957	0
k79_1650	0
k79_38559	0
k79_74943	0
k79_50288	0
k79_74952	0
k79_26066	0
k79_74955	0
k79_13979	0
k79_26071	0
k79_62574	0
k79_38565	0
k79_62576	0
k79_62582	0
k79_38575	0
k79_13991	0
k79_86883	0
k79_62583	0
k79_86888	0
k79_50320	0
k79_1693	0
k79_86896	0
k79_26077	0
k79_62592	0
k79_1706	0
k79_62593	0
k79_74967	0
k79_62596	0
k79_14013	0
k79_50326	0
k79_50327	0
k79_74969	0
k79_14020	0
k79_86907	0
k79_1726	0
k79_74975	0
k79_62611	0
k79_1734	0
k79_26100	0
k79_14032	0
k79_1742	0
k79_50337	0
k79_75001	0
k79_14041	0
k79_50356	0
k79_26105	0
k79_14048	0
k79_75015	0
k79_14050	0
k79_50366	0
k79_62640	0
k79_50367	0
k79_62644	0
k79_38625	0
k79_1765	0
k79_50372	0
k79_62646	0
k79_86946	0
k79_62647	0
k79_14065	0
k79_62648	0
k79_50383	0
k79_14066	0
k79_86957	0
k79_50384	0
k79_86961	0
k79_50388	0
k79_86964	0
k79_1775	0
k79_86965	0
k79_75029	0
k79_26121	0
k79_26122	0
k79_1781	0
k79_62665	0
k79_38655	0
k79_62671	0
k79_50398	0
k79_38666	0
k79_62676	0
k79_75056	0
k79_38671	0
k79_14093	0
k79_38679	0
k79_38682	0
k79_26138	0
k79_62685	0
k79_1794	0
k79_26140	0
k79_75077	0
k79_86997	0
k79_75082	0
k79_38693	0
k79_50434	0
k79_14116	0
k79_62706	0
k79_86999	0
k79_62709	0
k79_75097	0
k79_14129	0
k79_26162	0
k79_38710	0
k79_14130	0
k79_62725	0
k79_26171	0
k79_50447	0
k79_75122	0
k79_50455	0
k79_26175	0
k79_26176	0
k79_14158	0
k79_50460	0
k79_1832	0
k79_75140	0
k79_38727	0
k79_87026	0
k79_62760	0
k79_50478	0
k79_14176	0
k79_62763	0
k79_14178	0
k79_62765	0
k79_26183	0
k79_50485	0
k79_62766	0
k79_38737	0
k79_75168	0
k79_26189	0
k79_62771	0
k79_75172	0
k79_38747	0
k79_62773	0
k79_87035	0
k79_50505	0
k79_62779	0
k79_1856	0
k79_62787	0
k79_14198	0
k79_87048	0
k79_14200	0
k79_1865	0
k79_38774	0
k79_75197	0
k79_1871	0
k79_38775	0
k79_26212	0
k79_14206	0
k79_1874	0
k79_38778	0
k79_87062	0
k79_1875	0
k79_14210	0
k79_1881	0
k79_50521	0
k79_75204	0
k79_1882	0
k79_87072	0
k79_75214	0
k79_87081	0
k79_62811	0
k79_87088	0
k79_1891	0
k79_87093	0
k79_14225	0
k79_50546	0
k79_26222	0
k79_14227	0
k79_62821	0
k79_75231	0
k79_62825	0
k79_38824	0
k79_87115	0
k79_38829	0
k79_14252	0
k79_14254	0
k79_50555	0
k79_26242	0
k79_62836	0
k79_50556	0
k79_14257	0
k79_50565	0
k79_87127	0
k79_14268	0
k79_87133	0
k79_38849	0
k79_26251	0
k79_14277	0
k79_1954	0
k79_87142	0
k79_26260	0
k79_38866	0
k79_26262	0
k79_1968	0
k79_50575	0
k79_1970	0
k79_26268	0
k79_87157	0
k79_75291	0
k79_38895	0
k79_14302	0
k79_1986	0
k79_38897	0
k79_1993	0
k79_26280	0
k79_75298	0
k79_38902	0
k79_62903	0
k79_87174	0
k79_75302	0
k79_2002	0
k79_87176	0
k79_14319	0
k79_87184	0
k79_26301	0
k79_50612	0
k79_38915	0
k79_87196	0
k79_14337	0
k79_75312	0
k79_26303	0
k79_38931	0
k79_87206	0
k79_50628	0
k79_2028	0
k79_75320	0
k79_38935	0
k79_75322	0
k79_2036	0
k79_50643	0
k79_14340	0
k79_50644	0
k79_62937	0
k79_2049	0
k79_62944	0
k79_75335	0
k79_26334	0
k79_75342	0
k79_2056	0
k79_38962	0
k79_26341	0
k79_38966	0
k79_26343	0
k79_2065	0
k79_38969	0
k79_87261	0
k79_87262	0
k79_2072	0
k79_38974	0
k79_26351	0
k79_38976	0
k79_50662	0
k79_75361	0
k79_2090	0
k79_38984	0
k79_38989	0
k79_2095	0
k79_14401	0
k79_26376	0
k79_75364	0
k79_62982	0
k79_75367	0
k79_14414	0
k79_75371	0
k79_50692	0
k79_39011	0
k79_2116	0
k79_50710	0
k79_2119	0
k79_39028	0
k79_2120	0
k79_39030	0
k79_14424	0
k79_2122	0
k79_50722	0
k79_14435	0
k79_63014	0
k79_50723	0
k79_39043	0
k79_14441	0
k79_39048	0
k79_2134	0
k79_75384	0
k79_2139	0
k79_50740	0
k79_75397	0
k79_50747	0
k79_14459	0
k79_87295	0
k79_50755	0
k79_87300	0
k79_14468	0
k79_39061	0
k79_75408	0
k79_39062	0
k79_26437	0
k79_14475	0
k79_63034	0
k79_87320	0
k79_87324	0
k79_14486	0
k79_63047	0
k79_14489	0
k79_2164	0
k79_50785	0
k79_50789	0
k79_87343	0
k79_14499	0
k79_50790	0
k79_14508	0
k79_75439	0
k79_50800	0
k79_50806	0
k79_63065	0
k79_26486	0
k79_39129	0
k79_2215	0
k79_26492	0
k79_2216	0
k79_50826	0
k79_2217	0
k79_50827	0
k79_63076	0
k79_39153	0
k79_50829	0
k79_14559	0
k79_75470	0
k79_63083	0
k79_2234	0
k79_87375	0
k79_50838	0
k79_39163	0
k79_50842	0
k79_39166	0
k79_2245	0
k79_87376	0
k79_63090	0
k79_14583	0
k79_50871	0
k79_39191	0
k79_14604	0
k79_50885	0
k79_87412	0
k79_14613	0
k79_63132	0
k79_75499	0
k79_50893	0
k79_2287	0
k79_26529	0
k79_50896	0
k79_2289	0
k79_14622	0
k79_50897	0
k79_75511	0
k79_50899	0
k79_26540	0
k79_75514	0
k79_50901	0
k79_26542	0
k79_39221	0
k79_75519	0
k79_2304	0
k79_87430	0
k79_87431	0
k79_87437	0
k79_26545	0
k79_87442	0
k79_39244	0
k79_63173	0
k79_26548	0
k79_87443	0
k79_75527	0
k79_2331	0
k79_2336	0
k79_14648	0
k79_2339	0
k79_50930	0
k79_39254	0
k79_14651	0
k79_75547	0
k79_87464	0
k79_2342	0
k79_75548	0
k79_39258	0
k79_2344	0
k79_2345	0
k79_50939	0
k79_2348	0
k79_26563	0
k79_26565	0
k79_75561	0
k79_63203	0
k79_75562	0
k79_87482	0
k79_87484	0
k79_2375	0
k79_50950	0
k79_39281	0
k79_50951	0
k79_63214	0
k79_39282	0
k79_2390	0
k79_63218	0
k79_2391	0
k79_75587	0
k79_14694	0
k79_50966	0
k79_63221	0
k79_75591	0
k79_87507	0
k79_87508	0
k79_75595	0
k79_2402	0
k79_14714	0
k79_75606	0
k79_26608	0
k79_2403	0
k79_50989	0
k79_2405	0
k79_14717	0
k79_75614	0
k79_75615	0
k79_26620	0
k79_63243	0
k79_63245	0
k79_26629	0
k79_51009	0
k79_39314	0
k79_63253	0
k79_2420	0
k79_51016	0
k79_39329	0
k79_51029	0
k79_39330	0
k79_51031	0
k79_87536	0
k79_2432	0
k79_39331	0
k79_87543	0
k79_39333	0
k79_63270	0
k79_14757	0
k79_14761	0
k79_87551	0
k79_75662	0
k79_51046	0
k79_75669	0
k79_39348	0
k79_87564	0
k79_51048	0
k79_14776	0
k79_75673	0
k79_51050	0
k79_87566	0
k79_51051	0
k79_2479	0
k79_87572	0
k79_51060	0
k79_2483	0
k79_14801	0
k79_63292	0
k79_63297	0
k79_87596	0
k79_63300	0
k79_2495	0
k79_14814	0
k79_26676	0
k79_75700	0
k79_39391	0
k79_51087	0
k79_51089	0
k79_2501	0
k79_14827	0
k79_75714	0
k79_26682	0
k79_75722	0
k79_51109	0
k79_26691	0
k79_75724	0
k79_75725	0
k79_39400	0
k79_87610	0
k79_39405	0
k79_2535	0
k79_51131	0
k79_51132	0
k79_51136	0
k79_14873	0
k79_39415	0
k79_87633	0
k79_75749	0
k79_2548	0
k79_14882	0
k79_2549	0
k79_75751	0
k79_51159	0
k79_51163	0
k79_75759	0
k79_14888	0
k79_39424	0
k79_14889	0
k79_39431	0
k79_51188	0
k79_2562	0
k79_75762	0
k79_51193	0
k79_39444	0
k79_63359	0
k79_51199	0
k79_87659	0
k79_14912	0
k79_51217	0
k79_26738	0
k79_26739	0
k79_39460	0
k79_63365	0
k79_63371	0
k79_51228	0
k79_14935	0
k79_39464	0
k79_2610	0
k79_87676	0
k79_51236	0
k79_51240	0
k79_14957	0
k79_75818	0
k79_14973	0
k79_14974	0
k79_26772	0
k79_39495	0
k79_26774	0
k79_39499	0
k79_75832	0
k79_87706	0
k79_39500	0
k79_75835	0
k79_39503	0
k79_26779	0
k79_51277	0
k79_51278	0
k79_26790	0
k79_14991	0
k79_51290	0
k79_87716	0
k79_51293	0
k79_51294	0
k79_63431	0
k79_75850	0
k79_51300	0
k79_15007	0
k79_63436	0
k79_2669	0
k79_26793	0
k79_51310	0
k79_87721	0
k79_39555	0
k79_26799	0
k79_2681	0
k79_87731	0
k79_39564	0
k79_75861	0
k79_39567	0
k79_51320	0
k79_75873	0
k79_15029	0
k79_26801	0
k79_15031	0
k79_2693	0
k79_15033	0
k79_26803	0
k79_51328	0
k79_87746	0
k79_2697	0
k79_75875	0
k79_39591	0
k79_51353	0
k79_63471	0
k79_26828	0
k79_2714	0
k79_39620	0
k79_15071	0
k79_39633	0
k79_15076	0
k79_51384	0
k79_26834	0
k79_39637	0
k79_2723	0
k79_87778	0
k79_26840	0
k79_87783	0
k79_15081	0
k79_39654	0
k79_87790	0
k79_15087	0
k79_63502	0
k79_75914	0
k79_2728	0
k79_75915	0
k79_75917	0
k79_51416	0
k79_39665	0
k79_63511	0
k79_63517	0
k79_87805	0
k79_2744	0
k79_15115	0
k79_87812	0
k79_51439	0
k79_75923	0
k79_15126	0
k79_51445	0
k79_39681	0
k79_63532	0
k79_15128	0
k79_39683	0
k79_26850	0
k79_75925	0
k79_2789	0
k79_51458	0
k79_51461	0
k79_26853	0
k79_2795	0
k79_15141	0
k79_2805	0
k79_26864	0
k79_2806	0
k79_2808	0
k79_15152	0
k79_2809	0
k79_51467	0
k79_39723	0
k79_51469	0
k79_87838	0
k79_39731	0
k79_75962	0
k79_51475	0
k79_51476	0
k79_87853	0
k79_75969	0
k79_15179	0
k79_39744	0
k79_75975	0
k79_39753	0
k79_26887	0
k79_39754	0
k79_2847	0
k79_63577	0
k79_15191	0
k79_75983	0
k79_51499	0
k79_75986	0
k79_87866	0
k79_51513	0
k79_15211	0
k79_39770	0
k79_51519	0
k79_15221	0
k79_51520	0
k79_2864	0
k79_26905	0
k79_75999	0
k79_87875	0
k79_87876	0
k79_39791	0
k79_39793	0
k79_87877	0
k79_51536	0
k79_26916	0
k79_51538	0
k79_39814	0
k79_2877	0
k79_51554	0
k79_63598	0
k79_2879	0
k79_76026	0
k79_63607	0
k79_63608	0
k79_26927	0
k79_51575	0
k79_63612	0
k79_39828	0
k79_39832	0
k79_76034	0
k79_63622	0
k79_15290	0
k79_87920	0
k79_76043	0
k79_39847	0
k79_51593	0
k79_39849	0
k79_87926	0
k79_2896	0
k79_51598	0
k79_15311	0
k79_51599	0
k79_2906	0
k79_15318	0
k79_63644	0
k79_15321	0
k79_51601	0
k79_76053	0
k79_39871	0
k79_51614	0
k79_87963	0
k79_51615	0
k79_2923	0
k79_15328	0
k79_87981	0
k79_39887	0
k79_87986	0
k79_51624	0
k79_76061	0
k79_87991	0
k79_76062	0
k79_15331	0
k79_15336	0
k79_63689	0
k79_26983	0
k79_2935	0
k79_63693	0
k79_26991	0
k79_88008	0
k79_2944	0
k79_63698	0
k79_76090	0
k79_15361	0
k79_51650	0
k79_26992	0
k79_26993	0
k79_2946	0
k79_39908	0
k79_51656	0
k79_26995	0
k79_88030	0
k79_26999	0
k79_63708	0
k79_76098	0
k79_39913	0
k79_15371	0
k79_88038	0
k79_27003	0
k79_51660	0
k79_2963	0
k79_27004	0
k79_88044	0
k79_2965	0
k79_63722	0
k79_15376	0
k79_2969	0
k79_76112	0
k79_2970	0
k79_39928	0
k79_88063	0
k79_2990	0
k79_76118	0
k79_76119	0
k79_39941	0
k79_2995	0
k79_88064	0
k79_63762	0
k79_3002	0
k79_63766	0
k79_15392	0
k79_51683	0
k79_76132	0
k79_15399	0
k79_88093	0
k79_3019	0
k79_51694	0
k79_88100	0
k79_15408	0
k79_51707	0
k79_63797	0
k79_51713	0
k79_88115	0
k79_76163	0
k79_88117	0
k79_51719	0
k79_76167	0
k79_88122	0
k79_51724	0
k79_39967	0
k79_51726	0
k79_63802	0
k79_27040	0
k79_39969	0
k79_51730	0
k79_63809	0
k79_88145	0
k79_63812	0
k79_39973	0
k79_88153	0
k79_76176	0
k79_51742	0
k79_63830	0
k79_27055	0
k79_3050	0
k79_63831	0
k79_39978	0
k79_88169	0
k79_3052	0
k79_27065	0
k79_39980	0
k79_27069	0
k79_39986	0
k79_76185	0
k79_51757	0
k79_3072	0
k79_63848	0
k79_39999	0
k79_51761	0
k79_63854	0
k79_15446	0
k79_63861	0
k79_40019	0
k79_51778	0
k79_15455	0
k79_27103	0
k79_63867	0
k79_40026	0
k79_51785	0
k79_15458	0
k79_3103	0
k79_63879	0
k79_76207	0
k79_40029	0
k79_51794	0
k79_88219	0
k79_76212	0
k79_88226	0
k79_15464	0
k79_3127	0
k79_40043	0
k79_51803	0
k79_15469	0
k79_3134	0
k79_27115	0
k79_3135	0
k79_63886	0
k79_15473	0
k79_51808	0
k79_15477	0
k79_63891	0
k79_15480	0
k79_40053	0
k79_3145	0
k79_76228	0
k79_76230	0
k79_88246	0
k79_63896	0
k79_3149	0
k79_40069	0
k79_76249	0
k79_88247	0
k79_40077	0
k79_3159	0
k79_88256	0
k79_27127	0
k79_27128	0
k79_3164	0
k79_63905	0
k79_27131	0
k79_40092	0
k79_51833	0
k79_51843	0
k79_63923	0
k79_76260	0
k79_51844	0
k79_51845	0
k79_27140	0
k79_51846	0
k79_51848	0
k79_40120	0
k79_88282	0
k79_63935	0
k79_51857	0
k79_40128	0
k79_76264	0
k79_51858	0
k79_3194	0
k79_51861	0
k79_51862	0
k79_40141	0
k79_15543	0
k79_27149	0
k79_3198	0
k79_63948	0
k79_40152	0
k79_63949	0
k79_27160	0
k79_63955	0
k79_40168	0
k79_63960	0
k79_63965	0
k79_51874	0
k79_3201	0
k79_63975	0
k79_40191	0
k79_63985	0
k79_15584	0
k79_15585	0
k79_40201	0
k79_27195	0
k79_76319	0
k79_15588	0
k79_40205	0
k79_15592	0
k79_76322	0
k79_76326	0
k79_64005	0
k79_40214	0
k79_64009	0
k79_88310	0
k79_40220	0
k79_27202	0
k79_51924	0
k79_40222	0
k79_51925	0
k79_64017	0
k79_76343	0
k79_40230	0
k79_3229	0
k79_64021	0
k79_40232	0
k79_88332	0
k79_76351	0
k79_27212	0
k79_3237	0
k79_51952	0
k79_40254	0
k79_3244	0
k79_88352	0
k79_64034	0
k79_88360	0
k79_88365	0
k79_40264	0
k79_51976	0
k79_15626	0
k79_51978	0
k79_15628	0
k79_3255	0
k79_3259	0
k79_40267	0
k79_76364	0
k79_40268	0
k79_15636	0
k79_51993	0
k79_88404	0
k79_3282	0
k79_27253	0
k79_3284	0
k79_64070	0
k79_3289	0
k79_40285	0
k79_64072	0
k79_52014	0
k79_64073	0
k79_76405	0
k79_88425	0
k79_52022	0
k79_76414	0
k79_40299	0
k79_52028	0
k79_27260	0
k79_15664	0
k79_52031	0
k79_15674	0
k79_52042	0
k79_15679	0
k79_76437	0
k79_88438	0
k79_27277	0
k79_64102	0
k79_15697	0
k79_27282	0
k79_40341	0
k79_15700	0
k79_40344	0
k79_40348	0
k79_40349	0
k79_27300	0
k79_64125	0
k79_88452	0
k79_40356	0
k79_64133	0
k79_88455	0
k79_52083	0
k79_52084	0
k79_40364	0
k79_15724	0
k79_76460	0
k79_88467	0
k79_27326	0
k79_3340	0
k79_27332	0
k79_64142	0
k79_27333	0
k79_15735	0
k79_64143	0
k79_52104	0
k79_64145	0
k79_27339	0
k79_40374	0
k79_64150	0
k79_76484	0
k79_3359	0
k79_88478	0
k79_27355	0
k79_88481	0
k79_3366	0
k79_3368	0
k79_27359	0
k79_64157	0
k79_15748	0
k79_27361	0
k79_64165	0
k79_40382	0
k79_76508	0
k79_52138	0
k79_3385	0
k79_64173	0
k79_27383	0
k79_3418	0
k79_15765	0
k79_76526	0
k79_88514	0
k79_27396	0
k79_64195	0
k79_52182	0
k79_40424	0
k79_3420	0
k79_52184	0
k79_76554	0
k79_40444	0
k79_64216	0
k79_76565	0
k79_27408	0
k79_40450	0
k79_76566	0
k79_52212	0
k79_27414	0
k79_40455	0
k79_64231	0
k79_15787	0
k79_40465	0
k79_27424	0
k79_88530	0
k79_40467	0
k79_88533	0
k79_88537	0
k79_40477	0
k79_64232	0
k79_3455	0
k79_64236	0
k79_27437	0
k79_3463	0
k79_52259	0
k79_76613	0
k79_40487	0
k79_52266	0
k79_27446	0
k79_27447	0
k79_52268	0
k79_64259	0
k79_3475	0
k79_76642	0
k79_27452	0
k79_15832	0
k79_76647	0
k79_27455	0
k79_40506	0
k79_88582	0
k79_27459	0
k79_40511	0
k79_27462	0
k79_27468	0
k79_64276	0
k79_27475	0
k79_3508	0
k79_88588	0
k79_64285	0
k79_15856	0
k79_64287	0
k79_15858	0
k79_40533	0
k79_64301	0
k79_88599	0
k79_3533	0
k79_76675	0
k79_40549	0
k79_64311	0
k79_76678	0
k79_52317	0
k79_27489	0
k79_40550	0
k79_64317	0
k79_52320	0
k79_52323	0
k79_88600	0
k79_15885	0
k79_88604	0
k79_76696	0
k79_88610	0
k79_15891	0
k79_3548	0
k79_52326	0
k79_40588	0
k79_27503	0
k79_52331	0
k79_64340	0
k79_3555	0
k79_27506	0
k79_52334	0
k79_27507	0
k79_88617	0
k79_76725	0
k79_88618	0
k79_3562	0
k79_40612	0
k79_88629	0
k79_76734	0
k79_88637	0
k79_15920	0
k79_40625	0
k79_64381	0
k79_76746	0
k79_27522	0
k79_64389	0
k79_52354	0
k79_76759	0
k79_15938	0
k79_64397	0
k79_3590	0
k79_76764	0
k79_88648	0
k79_15950	0
k79_3594	0
k79_52358	0
k79_3601	0
k79_15952	0
k79_76782	0
k79_52362	0
k79_15954	0
k79_27545	0
k79_76790	0
k79_76792	0
k79_52373	0
k79_15963	0
k79_40657	0
k79_52379	0
k79_64409	0
k79_40661	0
k79_40662	0
k79_64414	0
k79_27564	0
k79_15966	0
k79_88676	0
k79_15970	0
k79_52380	0
k79_3654	0
k79_27576	0
k79_40668	0
k79_40670	0
k79_52389	0
k79_3656	0
k79_64424	0
k79_88687	0
k79_64426	0
k79_3662	0
k79_88690	0
k79_76827	0
k79_27589	0
k79_52392	0
k79_40681	0
k79_27591	0
k79_3670	0
k79_64434	0
k79_52395	0
k79_40687	0
k79_15999	0
k79_27599	0
k79_16002	0
k79_88694	0
k79_16005	0
k79_27611	0
k79_64451	0
k79_76842	0
k79_3688	0
k79_27623	0
k79_76849	0
k79_27625	0
k79_3697	0
k79_27630	0
k79_40724	0
k79_3710	0
k79_40732	0
k79_52421	0
k79_52424	0
k79_64493	0
k79_52425	0
k79_52429	0
k79_88727	0
k79_52430	0
k79_27640	0
k79_64508	0
k79_88736	0
k79_16021	0
k79_88750	0
k79_52449	0
k79_76889	0
k79_16028	0
k79_64530	0
k79_3756	0
k79_64534	0
k79_27652	0
k79_64539	0
k79_40774	0
k79_76906	0
k79_64546	0
k79_27665	0
k79_27666	0
k79_16038	0
k79_52477	0
k79_76913	0
k79_3772	0
k79_76918	0
k79_76919	0
k79_3776	0
k79_16053	0
k79_27679	0
k79_40798	0
k79_88776	0
k79_3784	0
k79_52486	0
k79_16060	0
k79_3787	0
k79_27687	0
k79_64579	0
k79_52494	0
k79_27695	0
k79_52497	0
k79_76954	0
k79_3803	0
k79_64590	0
k79_3805	0
k79_52512	0
k79_64592	0
k79_16087	0
k79_88804	0
k79_16089	0
k79_64600	0
k79_76971	0
k79_52520	0
k79_16101	0
k79_52521	0
k79_16103	0
k79_27723	0
k79_88811	0
k79_52522	0
k79_88813	0
k79_16107	0
k79_27741	0
k79_76989	0
k79_64620	0
k79_64622	0
k79_3836	0
k79_40828	0
k79_16111	0
k79_64634	0
k79_16120	0
k79_27750	0
k79_16121	0
k79_27751	0
k79_16122	0
k79_77011	0
k79_52553	0
k79_40834	0
k79_27756	0
k79_77013	0
k79_88825	0
k79_88826	0
k79_3850	0
k79_88831	0
k79_16148	0
k79_3853	0
k79_40847	0
k79_3863	0
k79_16167	0
k79_88833	0
k79_64648	0
k79_3869	0
k79_52582	0
k79_40868	0
k79_52583	0
k79_27788	0
k79_40876	0
k79_64674	0
k79_27792	0
k79_88847	0
k79_3892	0
k79_52587	0
k79_40885	0
k79_64685	0
k79_16190	0
k79_16198	0
k79_27797	0
k79_3902	0
k79_27801	0
k79_64693	0
k79_77053	0
k79_52600	0
k79_16215	0
k79_88865	0
k79_16216	0
k79_52610	0
k79_64703	0
k79_40913	0
k79_64704	0
k79_16224	0
k79_64712	0
k79_77065	0
k79_16228	0
k79_3919	0
k79_40920	0
k79_52615	0
k79_40921	0
k79_3926	0
k79_77077	0
k79_3929	0
k79_88889	0
k79_77082	0
k79_64727	0
k79_40925	0
k79_77090	0
k79_27818	0
k79_88894	0
k79_40932	0
k79_3946	0
k79_16264	0
k79_3947	0
k79_40935	0
k79_64733	0
k79_64741	0
k79_3961	0
k79_16279	0
k79_64743	0
k79_3963	0
k79_88906	0
k79_27830	0
k79_52650	0
k79_27843	0
k79_52651	0
k79_64757	0
k79_64759	0
k79_88920	0
k79_52656	0
k79_16298	0
k79_40970	0
k79_77113	0
k79_40973	0
k79_77122	0
k79_64762	0
k79_64772	0
k79_64776	0
k79_16319	0
k79_52682	0
k79_27880	0
k79_88946	0
k79_88948	0
k79_77142	0
k79_88952	0
k79_27892	0
k79_41003	0
k79_52690	0
k79_41004	0
k79_52696	0
k79_16336	0
k79_77150	0
k79_27901	0
k79_4003	0
k79_88966	0
k79_52716	0
k79_52717	0
k79_52720	0
k79_64788	0
k79_52727	0
k79_27915	0
k79_16355	0
k79_41025	0
k79_88986	0
k79_41026	0
k79_64792	0
k79_4037	0
k79_16378	0
k79_16384	0
k79_52736	0
k79_4043	0
k79_89004	0
k79_16392	0
k79_77193	0
k79_4051	0
k79_89010	0
k79_4054	0
k79_16400	0
k79_89017	0
k79_16408	0
k79_16411	0
k79_77200	0
k79_16413	0
k79_89035	0
k79_16419	0
k79_89040	0
k79_41075	0
k79_64806	0
k79_4065	0
k79_41077	0
k79_16429	0
k79_89052	0
k79_52766	0
k79_89056	0
k79_77214	0
k79_16441	0
k79_27993	0
k79_77216	0
k79_16443	0
k79_52779	0
k79_28000	0
k79_77223	0
k79_89080	0
k79_28009	0
k79_77229	0
k79_89082	0
k79_89087	0
k79_16471	0
k79_89091	0
k79_52792	0
k79_41123	0
k79_89097	0
k79_16479	0
k79_89103	0
k79_16486	0
k79_77240	0
k79_16487	0
k79_52803	0
k79_64831	0
k79_16493	0
k79_77247	0
k79_28032	0
k79_89109	0
k79_16495	0
k79_4097	0
k79_4099	0
k79_64847	0
k79_4107	0
k79_77263	0
k79_28052	0
k79_4111	0
k79_41165	0
k79_41166	0
k79_64853	0
k79_16515	0
k79_52836	0
k79_28063	0
k79_16518	0
k79_28065	0
k79_77278	0
k79_16523	0
k79_41175	0
k79_41176	0
k79_4132	0
k79_41180	0
k79_64856	0
k79_52858	0
k79_41181	0
k79_89137	0
k79_4144	0
k79_89139	0
k79_28075	0
k79_41193	0
k79_16553	0
k79_28082	0
k79_52885	0
k79_4157	0
k79_89146	0
k79_77302	0
k79_64896	0
k79_52903	0
k79_41213	0
k79_64898	0
k79_16579	0
k79_64901	0
k79_52908	0
k79_64903	0
k79_52912	0
k79_16583	0
k79_52921	0
k79_4184	0
k79_77316	0
k79_16597	0
k79_4187	0
k79_41219	0
k79_28108	0
k79_52932	0
k79_28109	0
k79_4189	0
k79_16599	0
k79_64923	0
k79_77325	0
k79_16604	0
k79_89177	0
k79_77332	0
k79_16608	0
k79_52945	0
k79_77334	0
k79_89187	0
k79_4206	0
k79_89193	0
k79_4207	0
k79_64939	0
k79_64941	0
k79_28141	0
k79_28148	0
k79_41249	0
k79_89203	0
k79_41254	0
k79_4217	0
k79_41258	0
k79_77363	0
k79_16648	0
k79_41266	0
k79_28173	0
k79_64956	0
k79_41274	0
k79_77368	0
k79_64957	0
k79_52984	0
k79_16669	0
k79_77379	0
k79_16674	0
k79_41284	0
k79_64964	0
k79_4243	0
k79_41286	0
k79_64967	0
k79_16679	0
k79_77389	0
k79_4251	0
k79_16682	0
k79_28191	0
k79_64969	0
k79_4263	0
k79_28199	0
k79_89227	0
k79_41300	0
k79_16688	0
k79_89230	0
k79_16690	0
k79_64987	0
k79_4272	0
k79_53013	0
k79_77417	0
k79_53014	0
k79_53015	0
k79_64991	0
k79_28206	0
k79_4290	0
k79_16721	0
k79_4292	0
k79_28215	0
k79_16733	0
k79_28220	0
k79_41323	0
k79_65009	0
k79_53047	0
k79_77440	0
k79_65012	0
k79_16741	0
k79_28229	0
k79_4305	0
k79_77448	0
k79_4310	0
k79_41344	0
k79_28241	0
k79_28249	0
k79_65029	0
k79_28254	0
k79_41365	0
k79_77459	0
k79_28259	0
k79_41369	0
k79_16780	0
k79_28268	0
k79_65042	0
k79_77476	0
k79_28270	0
k79_77478	0
k79_41386	0
k79_16790	0
k79_77481	0
k79_28278	0
k79_53098	0
k79_28279	0
k79_28292	0
k79_89280	0
k79_53122	0
k79_4336	0
k79_53123	0
k79_77516	0
k79_41405	0
k79_89292	0
k79_65070	0
k79_89293	0
k79_89294	0
k79_16830	0
k79_65078	0
k79_65081	0
k79_53140	0
k79_16841	0
k79_41424	0
k79_16842	0
k79_53146	0
k79_89315	0
k79_16844	0
k79_89316	0
k79_28333	0
k79_65097	0
k79_53156	0
k79_4360	0
k79_16861	0
k79_77536	0
k79_4362	0
k79_41439	0
k79_89332	0
k79_28336	0
k79_41443	0
k79_89339	0
k79_16868	0
k79_89344	0
k79_53182	0
k79_65129	0
k79_16878	0
k79_28362	0
k79_77549	0
k79_28364	0
k79_89372	0
k79_28367	0
k79_65147	0
k79_41457	0
k79_41465	0
k79_65151	0
k79_16904	0
k79_41474	0
k79_65152	0
k79_89400	0
k79_4382	0
k79_65160	0
k79_28393	0
k79_77572	0
k79_4388	0
k79_53218	0
k79_28403	0
k79_65176	0
k79_77585	0
k79_65177	0
k79_16918	0
k79_16920	0
k79_41489	0
k79_4407	0
k79_89420	0
k79_4410	0
k79_89425	0
k79_53234	0
k79_28444	0
k79_16930	0
k79_28447	0
k79_4416	0
k79_89431	0
k79_28469	0
k79_16931	0
k79_77620	0
k79_53244	0
k79_28472	0
k79_16932	0
k79_41528	0
k79_4427	0
k79_28475	0
k79_89432	0
k79_4428	0
k79_28479	0
k79_77630	0
k79_28483	0
k79_28489	0
k79_77638	0
k79_41540	0
k79_77639	0
k79_89441	0
k79_16950	0
k79_65237	0
k79_4436	0
k79_89445	0
k79_89446	0
k79_65240	0
k79_89447	0
k79_77647	0
k79_4443	0
k79_65243	0
k79_77653	0
k79_4449	0
k79_16972	0
k79_65249	0
k79_65253	0
k79_16978	0
k79_89451	0
k79_28522	0
k79_41575	0
k79_65261	0
k79_16984	0
k79_28535	0
k79_4460	0
k79_28536	0
k79_16990	0
k79_53297	0
k79_28548	0
k79_65282	0
k79_16992	0
k79_77678	0
k79_65287	0
k79_4483	0
k79_4484	0
k79_4485	0
k79_89478	0
k79_53312	0
k79_65298	0
k79_41623	0
k79_4494	0
k79_53314	0
k79_41625	0
k79_65302	0
k79_17018	0
k79_4505	0
k79_77697	0
k79_17021	0
k79_41629	0
k79_4516	0
k79_17028	0
k79_53331	0
k79_77715	0
k79_65333	0
k79_89486	0
k79_89488	0
k79_17047	0
k79_4544	0
k79_28591	0
k79_89494	0
k79_77725	0
k79_77726	0
k79_77728	0
k79_77740	0
k79_89513	0
k79_65373	0
k79_17081	0
k79_77747	0
k79_89521	0
k79_28624	0
k79_65387	0
k79_28632	0
k79_77752	0
k79_89536	0
k79_65407	0
k79_77762	0
k79_89541	0
k79_65409	0
k79_41682	0
k79_53397	0
k79_41684	0
k79_89551	0
k79_65413	0
k79_65417	0
k79_17112	0
k79_53411	0
k79_65418	0
k79_28668	0
k79_17119	0
k79_65428	0
k79_28680	0
k79_89570	0
k79_28682	0
k79_65435	0
k79_89580	0
k79_65439	0
k79_77795	0
k79_28696	0
k79_17133	0
k79_89590	0
k79_41714	0
k79_77806	0
k79_28706	0
k79_41716	0
k79_4594	0
k79_41717	0
k79_28711	0
k79_89601	0
k79_4596	0
k79_28718	0
k79_89607	0
k79_4605	0
k79_41729	0
k79_65471	0
k79_41742	0
k79_17142	0
k79_4606	0
k79_28739	0
k79_4609	0
k79_65482	0
k79_65485	0
k79_28745	0
k79_89622	0
k79_41762	0
k79_65487	0
k79_53462	0
k79_41764	0
k79_17150	0
k79_4628	0
k79_77841	0
k79_77842	0
k79_65510	0
k79_4646	0
k79_65511	0
k79_53470	0
k79_4649	0
k79_65525	0
k79_17183	0
k79_77846	0
k79_65528	0
k79_17190	0
k79_28779	0
k79_17195	0
k79_17196	0
k79_17197	0
k79_4661	0
k79_17199	0
k79_17202	0
k79_28784	0
k79_77871	0
k79_4673	0
k79_65562	0
k79_17211	0
k79_41822	0
k79_4680	0
k79_53518	0
k79_65566	0
k79_89670	0
k79_53521	0
k79_41835	0
k79_28793	0
k79_53528	0
k79_17223	0
k79_17224	0
k79_65584	0
k79_77885	0
k79_4701	0
k79_28804	0
k79_77890	0
k79_65589	0
k79_65592	0
k79_89685	0
k79_53554	0
k79_65600	0
k79_53557	0
k79_17235	0
k79_28827	0
k79_17237	0
k79_53570	0
k79_41851	0
k79_41853	0
k79_4730	0
k79_4733	0
k79_89701	0
k79_41862	0
k79_4738	0
k79_4739	0
k79_77925	0
k79_17251	0
k79_4741	0
k79_28853	0
k79_65631	0
k79_4750	0
k79_65635	0
k79_77934	0
k79_41865	0
k79_65642	0
k79_28869	0
k79_53614	0
k79_28877	0
k79_41877	0
k79_17271	0
k79_53623	0
k79_41883	0
k79_28886	0
k79_53629	0
k79_77939	0
k79_4794	0
k79_77943	0
k79_53636	0
k79_4795	0
k79_77944	0
k79_53638	0
k79_41899	0
k79_65655	0
k79_65656	0
k79_53651	0
k79_28917	0
k79_53652	0
k79_89712	0
k79_4820	0
k79_41917	0
k79_77957	0
k79_53670	0
k79_28926	0
k79_41924	0
k79_65683	0
k79_77962	0
k79_53677	0
k79_41927	0
k79_28932	0
k79_65689	0
k79_41935	0
k79_28935	0
k79_53686	0
k79_89729	0
k79_89730	0
k79_4840	0
k79_41950	0
k79_17304	0
k79_53699	0
k79_4852	0
k79_89740	0
k79_28945	0
k79_41967	0
k79_53720	0
k79_53730	0
k79_77987	0
k79_89764	0
k79_28955	0
k79_41974	0
k79_77997	0
k79_65730	0
k79_53744	0
k79_28966	0
k79_78012	0
k79_28969	0
k79_89779	0
k79_4876	0
k79_78016	0
k79_53762	0
k79_28974	0
k79_4881	0
k79_53765	0
k79_28975	0
k79_28982	0
k79_17331	0
k79_65757	0
k79_28986	0
k79_42011	0
k79_4897	0
k79_89785	0
k79_53782	0
k79_4904	0
k79_29003	0
k79_65778	0
k79_4915	0
k79_4917	0
k79_53819	0
k79_78031	0
k79_17368	0
k79_78034	0
k79_89812	0
k79_78036	0
k79_29010	0
k79_65801	0
k79_89816	0
k79_65803	0
k79_53835	0
k79_78040	0
k79_29014	0
k79_78041	0
k79_89823	0
k79_53841	0
k79_78051	0
k79_78056	0
k79_4936	0
k79_29036	0
k79_4937	0
k79_89834	0
k79_17395	0
k79_78064	0
k79_65823	0
k79_17397	0
k79_17399	0
k79_17400	0
k79_4952	0
k79_53853	0
k79_78067	0
k79_89842	0
k79_42065	0
k79_53860	0
k79_78071	0
k79_65834	0
k79_89845	0
k79_42067	0
k79_89846	0
k79_78075	0
k79_78078	0
k79_65837	0
k79_78081	0
k79_65843	0
k79_42085	0
k79_78084	0
k79_42088	0
k79_29075	0
k79_89860	0
k79_89861	0
k79_65851	0
k79_89862	0
k79_78090	0
k79_4976	0
k79_89865	0
k79_42097	0
k79_65871	0
k79_4989	0
k79_17429	0
k79_29091	0
k79_53905	0
k79_4991	0
k79_78112	0
k79_42106	0
k79_4993	0
k79_17437	0
k79_29098	0
k79_65886	0
k79_17438	0
k79_5000	0
k79_65891	0
k79_42112	0
k79_78116	0
k79_5004	0
k79_29115	0
k79_29117	0
k79_5012	0
k79_29118	0
k79_89920	0
k79_53926	0
k79_17449	0
k79_65905	0
k79_78139	0
k79_89929	0
k79_42116	0
k79_53943	0
k79_65912	0
k79_42120	0
k79_5030	0
k79_89942	0
k79_17469	0
k79_53961	0
k79_89945	0
k79_17473	0
k79_5051	0
k79_42129	0
k79_78180	0
k79_5063	0
k79_89960	0
k79_65931	0
k79_42137	0
k79_89963	0
k79_42138	0
k79_65933	0
k79_5068	0
k79_17481	0
k79_5071	0
k79_78193	0
k79_17482	0
k79_89974	0
k79_65944	0
k79_78196	0
k79_17487	0
k79_5087	0
k79_78207	0
k79_78214	0
k79_17495	0
k79_29163	0
k79_78219	0
k79_90013	0
k79_5118	0
k79_78223	0
k79_90014	0
k79_54044	0
k79_78235	0
k79_29189	0
k79_54046	0
k79_78242	0
k79_17509	0
k79_78249	0
k79_78255	0
k79_5132	0
k79_66029	0
k79_90037	0
k79_78257	0
k79_66030	0
k79_54072	0
k79_66033	0
k79_5140	0
k79_29217	0
k79_17517	0
k79_5147	0
k79_54082	0
k79_17521	0
k79_29227	0
k79_17527	0
k79_42177	0
k79_78270	0
k79_66063	0
k79_42183	0
k79_66070	0
k79_54102	0
k79_42196	0
k79_5170	0
k79_42200	0
k79_78297	0
k79_66086	0
k79_29247	0
k79_17541	0
k79_90071	0
k79_54128	0
k79_17554	0
k79_17555	0
k79_5203	0
k79_90099	0
k79_90100	0
k79_42225	0
k79_66113	0
k79_54150	0
k79_90109	0
k79_66121	0
k79_90112	0
k79_78320	0
k79_29277	0
k79_90115	0
k79_78321	0
k79_17581	0
k79_5228	0
k79_78326	0
k79_42232	0
k79_5231	0
k79_90132	0
k79_90134	0
k79_54164	0
k79_17592	0
k79_90137	0
k79_78347	0
k79_78351	0
k79_17596	0
k79_29299	0
k79_29302	0
k79_54181	0
k79_90162	0
k79_5245	0
k79_42257	0
k79_17604	0
k79_29321	0
k79_66180	0
k79_42264	0
k79_17616	0
k79_29333	0
k79_42271	0
k79_54203	0
k79_90170	0
k79_5258	0
k79_54212	0
k79_17631	0
k79_17633	0
k79_66210	0
k79_66217	0
k79_78411	0
k79_42280	0
k79_54229	0
k79_42282	0
k79_78416	0
k79_54231	0
k79_29341	0
k79_42286	0
k79_54236	0
k79_5283	0
k79_17650	0
k79_90194	0
k79_78427	0
k79_66225	0
k79_54248	0
k79_66230	0
k79_54250	0
k79_17662	0
k79_66234	0
k79_17665	0
k79_42291	0
k79_66239	0
k79_17669	0
k79_54258	0
k79_90199	0
k79_5289	0
k79_17677	0
k79_54264	0
k79_29372	0
k79_42305	0
k79_5292	0
k79_17682	0
k79_90204	0
k79_17684	0
k79_78439	0
k79_90208	0
k79_66256	0
k79_42317	0
k79_17689	0
k79_54265	0
k79_5305	0
k79_66264	0
k79_78456	0
k79_29388	0
k79_66270	0
k79_29389	0
k79_29390	0
k79_90221	0
k79_5312	0
k79_78471	0
k79_42331	0
k79_66290	0
k79_17716	0
k79_42335	0
k79_54303	0
k79_42349	0
k79_90233	0
k79_54307	0
k79_5342	0
k79_90235	0
k79_54309	0
k79_5345	0
k79_17740	0
k79_66308	0
k79_17744	0
k79_5353	0
k79_17747	0
k79_54325	0
k79_5360	0
k79_54328	0
k79_90241	0
k79_17760	0
k79_66311	0
k79_66312	0
k79_78521	0
k79_17770	0
k79_66320	0
k79_66324	0
k79_90243	0
k79_17782	0
k79_5389	0
k79_90249	0
k79_90254	0
k79_54353	0
k79_66349	0
k79_90260	0
k79_42396	0
k79_66363	0
k79_29461	0
k79_29463	0
k79_54376	0
k79_5427	0
k79_29472	0
k79_54381	0
k79_42402	0
k79_29475	0
k79_78560	0
k79_90278	0
k79_78562	0
k79_5444	0
k79_66395	0
k79_42416	0
k79_5446	0
k79_78568	0
k79_54397	0
k79_17824	0
k79_42420	0
k79_90283	0
k79_5460	0
k79_54415	0
k79_90291	0
k79_5463	0
k79_66421	0
k79_5466	0
k79_42442	0
k79_5469	0
k79_54428	0
k79_29504	0
k79_29506	0
k79_17850	0
k79_29510	0
k79_66431	0
k79_90321	0
k79_42457	0
k79_66433	0
k79_54440	0
k79_17858	0
k79_78591	0
k79_42463	0
k79_78594	0
k79_17861	0
k79_5487	0
k79_54450	0
k79_66444	0
k79_78599	0
k79_90332	0
k79_54455	0
k79_78602	0
k79_17877	0
k79_78608	0
k79_66459	0
k79_5506	0
k79_54462	0
k79_90347	0
k79_29529	0
k79_78612	0
k79_5511	0
k79_54475	0
k79_78619	0
k79_17893	0
k79_42467	0
k79_29539	0
k79_5524	0
k79_42471	0
k79_5526	0
k79_78631	0
k79_66488	0
k79_17900	0
k79_29549	0
k79_66490	0
k79_17903	0
k79_90372	0
k79_54486	0
k79_66494	0
k79_29554	0
k79_17911	0
k79_66496	0
k79_17917	0
k79_66502	0
k79_17919	0
k79_5551	0
k79_90388	0
k79_66507	0
k79_54508	0
k79_5556	0
k79_66510	0
k79_17928	0
k79_90393	0
k79_78642	0
k79_66518	0
k79_29580	0
k79_90396	0
k79_90399	0
k79_29584	0
k79_42505	0
k79_66526	0
k79_5568	0
k79_66531	0
k79_42510	0
k79_17950	0
k79_66537	0
k79_42514	0
k79_78651	0
k79_29594	0
k79_42515	0
k79_17956	0
k79_54554	0
k79_66547	0
k79_90430	0
k79_42521	0
k79_17961	0
k79_66553	0
k79_54563	0
k79_42527	0
k79_66560	0
k79_90440	0
k79_90442	0
k79_54578	0
k79_17966	0
k79_29610	0
k79_17967	0
k79_90456	0
k79_5586	0
k79_66581	0
k79_17975	0
k79_42552	0
k79_66586	0
k79_90463	0
k79_42554	0
k79_42557	0
k79_54593	0
k79_29624	0
k79_42562	0
k79_90475	0
k79_29629	0
k79_5595	0
k79_42575	0
k79_29641	0
k79_17992	0
k79_66609	0
k79_54598	0
k79_17997	0
k79_54599	0
k79_90482	0
k79_42580	0
k79_54601	0
k79_66620	0
k79_90485	0
k79_29654	0
k79_29657	0
k79_42590	0
k79_90494	0
k79_90495	0
k79_66630	0
k79_54613	0
k79_42600	0
k79_66643	0
k79_66644	0
k79_29665	0
k79_18043	0
k79_42610	0
k79_66653	0
k79_29678	0
k79_54627	0
k79_78715	0
k79_29681	0
k79_90525	0
k79_42624	0
k79_90526	0
k79_5627	0
k79_42626	0
k79_90530	0
k79_42630	0
k79_5634	0
k79_42634	0
k79_90540	0
k79_42639	0
k79_66678	0
k79_18065	0
k79_66679	0
k79_42647	0
k79_18068	0
k79_90553	0
k79_5663	0
k79_18071	0
k79_54690	0
k79_90574	0
k79_42656	0
k79_29720	0
k79_66693	0
k79_90578	0
k79_5674	0
k79_29728	0
k79_42663	0
k79_29738	0
k79_78756	0
k79_78757	0
k79_78758	0
k79_29749	0
k79_78761	0
k79_42669	0
k79_90593	0
k79_54696	0
k79_78768	0
k79_42681	0
k79_54703	0
k79_90603	0
k79_5688	0
k79_42698	0
k79_78783	0
k79_5700	0
k79_78793	0
k79_42706	0
k79_42707	0
k79_29801	0
k79_42710	0
k79_18111	0
k79_5705	0
k79_42715	0
k79_5706	0
k79_66754	0
k79_42716	0
k79_5709	0
k79_29802	0
k79_66760	0
k79_78795	0
k79_42721	0
k79_5711	0
k79_29805	0
k79_29806	0
k79_18134	0
k79_42729	0
k79_78812	0
k79_78813	0
k79_18151	0
k79_78816	0
k79_18155	0
k79_54752	0
k79_42743	0
k79_78824	0
k79_18159	0
k79_78825	0
k79_42758	0
k79_78834	0
k79_18170	0
k79_42759	0
k79_54753	0
k79_78835	0
k79_66790	0
k79_42768	0
k79_42770	0
k79_5745	0
k79_54767	0
k79_29837	0
k79_78858	0
k79_5751	0
k79_18188	0
k79_29841	0
k79_66800	0
k79_18190	0
k79_42788	0
k79_5756	0
k79_42790	0
k79_54769	0
k79_42791	0
k79_18198	0
k79_54773	0
k79_42800	0
k79_42804	0
k79_5774	0
k79_66816	0
k79_5777	0
k79_78881	0
k79_90691	0
k79_78883	0
k79_54784	0
k79_54786	0
k79_54787	0
k79_66825	0
k79_5792	0
k79_54789	0
k79_18241	0
k79_66834	0
k79_42838	0
k79_5804	0
k79_90706	0
k79_54806	0
k79_18257	0
k79_78897	0
k79_66851	0
k79_42859	0
k79_18263	0
k79_66855	0
k79_42866	0
k79_18270	0
k79_78914	0
k79_18271	0
k79_5837	0
k79_42873	0
k79_42874	0
k79_90727	0
k79_42881	0
k79_42882	0
k79_54823	0
k79_78923	0
k79_66894	0
k79_42895	0
k79_42900	0
k79_5857	0
k79_90744	0
k79_66914	0
k79_54848	0
k79_66923	0
k79_18300	0
k79_5876	0
k79_54851	0
k79_66930	0
k79_54857	0
k79_42937	0
k79_5892	0
k79_29855	0
k79_42938	0
k79_66949	0
k79_29863	0
k79_90761	0
k79_5907	0
k79_29879	0
k79_42942	0
k79_5908	0
k79_78959	0
k79_66968	0
k79_66972	0
k79_66974	0
k79_5933	0
k79_78968	0
k79_18334	0
k79_5941	0
k79_18335	0
k79_18337	0
k79_42969	0
k79_5948	0
k79_42971	0
k79_42972	0
k79_18349	0
k79_42975	0
k79_42978	0
k79_5957	0
k79_90808	0
k79_18374	0
k79_78990	0
k79_18384	0
k79_5981	0
k79_42985	0
k79_90811	0
k79_5985	0
k79_18391	0
k79_29910	0
k79_5991	0
k79_18407	0
k79_79008	0
k79_42992	0
k79_90831	0
k79_29930	0
k79_54919	0
k79_90836	0
k79_29933	0
k79_29937	0
k79_18421	0
k79_18422	0
k79_18431	0
k79_90850	0
k79_90857	0
k79_18442	0
k79_54952	0
k79_29956	0
k79_90881	0
k79_18467	0
k79_79045	0
k79_43019	0
k79_18473	0
k79_6050	0
k79_43025	0
k79_18474	0
k79_30003	0
k79_30004	0
k79_30005	0
k79_30006	0
k79_30007	0
k79_54974	0
k79_18497	0
k79_6076	0
k79_67071	0
k79_43031	0
k79_54985	0
k79_79075	0
k79_6088	0
k79_54989	0
k79_67075	0
k79_18517	0
k79_6089	0
k79_6090	0
k79_18518	0
k79_67085	0
k79_43045	0
k79_6099	0
k79_79087	0
k79_90919	0
k79_90922	0
k79_67096	0
k79_55016	0
k79_30052	0
k79_67097	0
k79_55019	0
k79_55020	0
k79_43047	0
k79_90927	0
k79_67109	0
k79_90928	0
k79_90930	0
k79_18559	0
k79_67128	0
k79_6163	0
k79_90936	0
k79_79118	0
k79_67135	0
k79_6166	0
k79_6168	0
k79_67136	0
k79_55053	0
k79_90943	0
k79_6171	0
k79_18582	0
k79_67140	0
k79_18583	0
k79_55059	0
k79_30076	0
k79_43067	0
k79_55060	0
k79_18590	0
k79_79122	0
k79_67156	0
k79_43073	0
k79_6186	0
k79_79129	0
k79_55074	0
k79_18594	0
k79_6192	0
k79_18596	0
k79_6194	0
k79_55080	0
k79_67172	0
k79_18599	0
k79_67173	0
k79_67176	0
k79_55090	0
k79_90971	0
k79_67189	0
k79_67192	0
k79_18625	0
k79_79162	0
k79_18626	0
k79_43094	0
k79_43096	0
k79_79175	0
k79_43100	0
k79_67205	0
k79_43103	0
k79_18645	0
k79_43106	0
k79_30116	0
k79_18647	0
k79_43108	0
k79_43109	0
k79_67210	0
k79_55124	0
k79_30117	0
k79_43114	0
k79_67213	0
k79_90988	0
k79_6227	0
k79_67218	0
k79_30133	0
k79_90994	0
k79_79186	0
k79_6234	0
k79_67229	0
k79_91001	0
k79_55139	0
k79_6241	0
k79_18680	0
k79_18686	0
k79_6250	0
k79_30152	0
k79_91036	0
k79_18708	0
k79_91039	0
k79_30155	0
k79_18710	0
k79_30159	0
k79_67259	0
k79_43142	0
k79_55157	0
k79_6302	0
k79_55160	0
k79_43149	0
k79_91041	0
k79_79213	0
k79_43150	0
k79_91042	0
k79_55171	0
k79_18733	0
k79_30171	0
k79_55172	0
k79_55173	0
k79_43153	0
k79_79229	0
k79_55187	0
k79_30184	0
k79_67282	0
k79_55193	0
k79_79238	0
k79_79239	0
k79_6315	0
k79_18750	0
k79_43169	0
k79_6325	0
k79_55208	0
k79_55214	0
k79_6333	0
k79_67304	0
k79_79249	0
k79_30216	0
k79_91064	0
k79_79259	0
k79_30217	0
k79_91071	0
k79_55225	0
k79_18775	0
k79_43193	0
k79_91078	0
k79_6359	0
k79_18786	0
k79_18787	0
k79_30234	0
k79_91082	0
k79_55247	0
k79_55250	0
k79_43206	0
k79_67325	0
k79_43207	0
k79_67327	0
k79_18802	0
k79_55253	0
k79_6386	0
k79_67330	0
k79_43217	0
k79_91087	0
k79_43218	0
k79_91090	0
k79_6394	0
k79_30241	0
k79_18806	0
k79_91098	0
k79_18811	0
k79_79295	0
k79_91099	0
k79_18831	0
k79_79302	0
k79_6422	0
k79_91102	0
k79_55288	0
k79_79307	0
k79_55291	0
k79_91118	0
k79_43254	0
k79_55301	0
k79_6446	0
k79_30268	0
k79_43265	0
k79_67363	0
k79_6460	0
k79_79325	0
k79_91120	0
k79_79334	0
k79_30283	0
k79_55325	0
k79_79338	0
k79_43296	0
k79_91127	0
k79_43298	0
k79_55333	0
k79_18859	0
k79_18864	0
k79_67383	0
k79_6479	0
k79_43311	0
k79_18873	0
k79_91133	0
k79_18874	0
k79_30297	0
k79_79362	0
k79_67389	0
k79_43314	0
k79_30304	0
k79_55366	0
k79_67399	0
k79_6504	0
k79_6505	0
k79_18902	0
k79_30323	0
k79_79379	0
k79_30329	0
k79_55383	0
k79_79384	0
k79_79385	0
k79_30334	0
k79_43338	0
k79_91167	0
k79_55392	0
k79_55393	0
k79_6522	0
k79_67413	0
k79_43349	0
k79_79396	0
k79_6525	0
k79_43352	0
k79_6531	0
k79_18920	0
k79_43353	0
k79_91172	0
k79_55400	0
k79_91176	0
k79_6537	0
k79_79415	0
k79_43365	0
k79_30356	0
k79_6558	0
k79_43371	0
k79_91184	0
k79_18953	0
k79_6562	0
k79_91188	0
k79_79431	0
k79_67437	0
k79_55428	0
k79_67442	0
k79_30371	0
k79_43393	0
k79_91196	0
k79_18989	0
k79_43396	0
k79_18990	0
k79_55435	0
k79_30386	0
k79_18994	0
k79_19005	0
k79_55448	0
k79_67455	0
k79_91204	0
k79_30412	0
k79_6602	0
k79_30414	0
k79_6609	0
k79_43418	0
k79_30421	0
k79_43420	0
k79_6621	0
k79_19029	0
k79_79495	0
k79_19035	0
k79_19039	0
k79_19045	0
k79_6645	0
k79_55480	0
k79_19052	0
k79_79519	0
k79_79521	0
k79_19066	0
k79_43447	0
k79_55492	0
k79_19074	0
k79_79534	0
k79_91234	0
k79_55494	0
k79_43457	0
k79_55504	0
k79_6675	0
k79_19090	0
k79_43465	0
k79_91242	0
k79_6694	0
k79_19097	0
k79_30499	0
k79_19099	0
k79_67509	0
k79_67511	0
k79_30506	0
k79_30511	0
k79_6701	0
k79_30516	0
k79_43507	0
k79_79564	0
k79_91273	0
k79_79567	0
k79_67537	0
k79_91278	0
k79_19116	0
k79_67548	0
k79_19119	0
k79_67549	0
k79_43519	0
k79_67550	0
k79_19122	0
k79_79582	0
k79_43522	0
k79_19123	0
k79_79585	0
k79_43524	0
k79_6735	0
k79_67556	0
k79_30542	0
k79_67558	0
k79_79596	0
k79_55595	0
k79_79604	0
k79_19155	0
k79_30558	0
k79_6754	0
k79_91307	0
k79_30560	0
k79_6755	0
k79_55606	0
k79_30562	0
k79_19170	0
k79_43541	0
k79_30565	0
k79_6761	0
k79_19178	0
k79_30570	0
k79_67601	0
k79_79627	0
k79_67604	0
k79_67609	0
k79_30582	0
k79_91346	0
k79_91347	0
k79_30583	0
k79_43549	0
k79_91353	0
k79_30584	0
k79_43554	0
k79_30595	0
k79_55634	0
k79_55635	0
k79_19198	0
k79_91376	0
k79_91383	0
k79_30625	0
k79_67630	0
k79_91391	0
k79_67633	0
k79_6818	0
k79_55660	0
k79_30635	0
k79_79662	0
k79_19210	0
k79_55661	0
k79_79663	0
k79_30637	0
k79_43573	0
k79_30639	0
k79_43584	0
k79_43585	0
k79_55671	0
k79_67639	0
k79_43590	0
k79_79694	0
k79_55678	0
k79_19228	0
k79_30654	0
k79_91424	0
k79_19233	0
k79_6860	0
k79_67642	0
k79_43602	0
k79_91427	0
k79_6869	0
k79_55684	0
k79_43608	0
k79_67655	0
k79_91441	0
k79_91446	0
k79_55697	0
k79_67670	0
k79_6875	0
k79_19243	0
k79_91456	0
k79_30676	0
k79_67679	0
k79_55706	0
k79_19259	0
k79_43627	0
k79_43633	0
k79_79742	0
k79_67699	0
k79_6901	0
k79_67705	0
k79_55709	0
k79_67706	0
k79_91477	0
k79_55717	0
k79_19263	0
k79_30712	0
k79_19266	0
k79_19268	0
k79_6915	0
k79_30725	0
k79_67737	0
k79_55729	0
k79_67742	0
k79_19269	0
k79_43654	0
k79_19270	0
k79_91498	0
k79_30751	0
k79_6947	0
k79_19283	0
k79_30757	0
k79_55739	0
k79_6953	0
k79_19290	0
k79_91513	0
k79_19292	0
k79_91514	0
k79_6959	0
k79_43674	0
k79_79785	0
k79_91519	0
k79_91523	0
k79_19300	0
k79_91532	0
k79_30780	0
k79_55765	0
k79_19311	0
k79_55772	0
k79_43688	0
k79_6995	0
k79_55773	0
k79_43689	0
k79_91537	0
k79_79794	0
k79_91547	0
k79_67796	0
k79_30791	0
k79_30792	0
k79_55776	0
k79_67803	0
k79_79797	0
k79_43702	0
k79_55780	0
k79_7017	0
k79_91556	0
k79_67812	0
k79_30811	0
k79_67816	0
k79_7028	0
k79_55793	0
k79_19335	0
k79_67817	0
k79_91559	0
k79_55795	0
k79_19336	0
k79_91564	0
k79_55803	0
k79_67831	0
k79_7042	0
k79_91576	0
k79_43718	0
k79_7052	0
k79_43723	0
k79_30838	0
k79_67851	0
k79_79829	0
k79_91592	0
k79_30854	0
k79_7075	0
k79_55818	0
k79_67862	0
k79_43729	0
k79_67872	0
k79_43737	0
k79_79838	0
k79_30871	0
k79_19368	0
k79_55844	0
k79_67883	0
k79_43744	0
k79_43749	0
k79_43751	0
k79_55862	0
k79_19394	0
k79_19395	0
k79_7096	0
k79_55874	0
k79_67901	0
k79_19401	0
k79_43782	0
k79_30892	0
k79_43783	0
k79_30893	0
k79_43789	0
k79_91667	0
k79_43792	0
k79_67905	0
k79_67909	0
k79_19422	0
k79_7108	0
k79_30908	0
k79_55903	0
k79_79884	0
k79_7114	0
k79_91682	0
k79_7122	0
k79_7124	0
k79_30924	0
k79_19454	0
k79_43811	0
k79_19457	0
k79_91692	0
k79_79895	0
k79_43817	0
k79_43818	0
k79_7132	0
k79_67927	0
k79_79909	0
k79_91703	0
k79_67933	0
k79_91710	0
k79_43823	0
k79_79923	0
k79_30951	0
k79_91737	0
k79_19493	0
k79_79945	0
k79_67957	0
k79_7141	0
k79_30973	0
k79_43854	0
k79_7142	0
k79_79947	0
k79_55964	0
k79_79949	0
k79_7152	0
k79_19512	0
k79_79951	0
k79_91785	0
k79_7156	0
k79_55970	0
k79_91787	0
k79_19519	0
k79_79960	0
k79_7166	0
k79_55978	0
k79_55986	0
k79_43882	0
k79_79976	0
k79_67973	0
k79_7182	0
k79_43892	0
k79_67981	0
k79_56005	0
k79_19550	0
k79_31004	0
k79_7189	0
k79_56013	0
k79_67990	0
k79_56014	0
k79_43893	0
k79_67994	0
k79_80008	0
k79_7202	0
k79_19575	0
k79_56023	0
k79_19577	0
k79_80012	0
k79_31032	0
k79_91828	0
k79_31036	0
k79_19593	0
k79_80028	0
k79_31041	0
k79_68011	0
k79_7233	0
k79_19604	0
k79_7235	0
k79_80035	0
k79_91855	0
k79_7248	0
k79_19619	0
k79_91867	0
k79_31068	0
k79_80044	0
k79_19628	0
k79_91878	0
k79_80046	0
k79_7271	0
k79_80051	0
k79_19639	0
k79_56080	0
k79_31076	0
k79_68032	0
k79_56081	0
k79_19641	0
k79_19643	0
k79_91880	0
k79_7288	0
k79_19653	0
k79_7289	0
k79_80067	0
k79_19658	0
k79_80074	0
k79_56115	0
k79_80082	0
k79_43969	0
k79_80083	0
k79_31097	0
k79_43970	0
k79_43971	0
k79_56123	0
k79_68061	0
k79_31101	0
k79_80087	0
k79_91914	0
k79_56126	0
k79_68068	0
k79_80088	0
k79_91915	0
k79_68069	0
k79_7329	0
k79_80094	0
k79_91919	0
k79_43990	0
k79_68075	0
k79_91921	0
k79_7333	0
k79_19681	0
k79_31127	0
k79_19689	0
k79_56148	0
k79_68093	0
k79_31133	0
k79_19693	0
k79_80123	0
k79_68113	0
k79_56157	0
k79_80126	0
k79_56162	0
k79_44020	0
k79_31165	0
k79_80132	0
k79_44029	0
k79_91982	0
k79_56179	0
k79_80142	0
k79_7351	0
k79_56185	0
k79_80143	0
k79_91992	0
k79_68131	0
k79_7358	0
k79_80146	0
k79_80147	0
k79_68135	0
k79_92000	0
k79_56195	0
k79_68138	0
k79_92004	0
k79_44041	0
k79_19722	0
k79_56204	0
k79_80162	0
k79_68142	0
k79_31194	0
k79_44047	0
k79_31196	0
k79_31197	0
k79_19741	0
k79_92025	0
k79_44055	0
k79_80184	0
k79_56212	0
k79_44062	0
k79_68153	0
k79_80196	0
k79_56221	0
k79_92050	0
k79_56227	0
k79_80205	0
k79_19754	0
k79_19757	0
k79_44066	0
k79_19758	0
k79_68159	0
k79_80217	0
k79_56228	0
k79_44074	0
k79_80221	0
k79_56232	0
k79_68176	0
k79_56240	0
k79_31226	0
k79_19761	0
k79_31230	0
k79_44089	0
k79_92082	0
k79_31232	0
k79_19767	0
k79_80244	0
k79_92085	0
k79_31234	0
k79_7445	0
k79_44101	0
k79_19773	0
k79_92095	0
k79_68178	0
k79_56253	0
k79_56265	0
k79_7468	0
k79_92110	0
k79_31253	0
k79_92117	0
k79_44119	0
k79_92119	0
k79_44121	0
k79_92122	0
k79_68199	0
k79_19793	0
k79_68201	0
k79_19798	0
k79_19799	0
k79_92142	0
k79_68214	0
k79_7506	0
k79_19804	0
k79_44130	0
k79_31257	0
k79_80294	0
k79_44138	0
k79_7516	0
k79_56322	0
k79_31263	0
k79_80305	0
k79_92151	0
k79_7528	0
k79_31269	0
k79_44154	0
k79_31271	0
k79_80314	0
k79_19817	0
k79_44163	0
k79_56326	0
k79_56328	0
k79_44165	0
k79_19823	0
k79_68229	0
k79_44166	0
k79_19827	0
k79_80331	0
k79_56337	0
k79_92170	0
k79_56342	0
k79_19836	0
k79_56343	0
k79_31276	0
k79_19843	0
k79_19845	0
k79_92191	0
k79_7556	0
k79_68250	0
k79_7558	0
k79_19851	0
k79_68251	0
k79_92194	0
k79_68256	0
k79_19855	0
k79_56358	0
k79_31280	0
k79_44192	0
k79_7569	0
k79_56360	0
k79_7570	0
k79_56364	0
k79_31288	0
k79_56365	0
k79_92218	0
k79_80355	0
k79_44210	0
k79_80358	0
k79_92223	0
k79_19867	0
k79_68263	0
k79_44221	0
k79_31292	0
k79_31296	0
k79_56391	0
k79_31298	0
k79_19886	0
k79_19889	0
k79_92245	0
k79_19895	0
k79_80379	0
k79_68281	0
k79_92254	0
k79_56418	0
k79_44237	0
k79_7605	0
k79_80390	0
k79_44241	0
k79_80394	0
k79_56428	0
k79_56429	0
k79_31319	0
k79_56432	0
k79_31324	0
k79_7623	0
k79_80409	0
k79_56443	0
k79_68295	0
k79_80413	0
k79_7632	0
k79_68299	0
k79_19927	0
k79_56452	0
k79_68301	0
k79_31331	0
k79_44269	0
k79_7646	0
k79_31332	0
k79_92265	0
k79_31339	0
k79_80422	0
k79_7658	0
k79_19938	0
k79_44290	0
k79_7662	0
k79_31355	0
k79_80440	0
k79_44294	0
k79_19951	0
k79_44298	0
k79_92272	0
k79_80450	0
k79_68340	0
k79_92279	0
k79_44313	0
k79_7668	0
k79_68343	0
k79_31386	0
k79_68348	0
k79_44326	0
k79_80462	0
k79_44327	0
k79_68351	0
k79_80464	0
k79_7676	0
k79_68361	0
k79_56509	0
k79_7684	0
k79_31412	0
k79_56510	0
k79_7686	0
k79_56514	0
k79_68367	0
k79_7689	0
k79_44356	0
k79_31422	0
k79_68390	0
k79_80496	0
k79_7708	0
k79_20038	0
k79_31431	0
k79_44381	0
k79_68399	0
k79_20040	0
k79_92343	0
k79_7728	0
k79_31444	0
k79_7735	0
k79_20054	0
k79_56560	0
k79_92351	0
k79_7739	0
k79_7745	0
k79_31449	0
k79_44404	0
k79_68410	0
k79_7751	0
k79_68414	0
k79_92369	0
k79_20059	0
k79_80517	0
k79_7775	0
k79_20079	0
k79_31480	0
k79_44421	0
k79_68424	0
k79_7785	0
k79_80531	0
k79_20096	0
k79_68439	0
k79_44429	0
k79_56586	0
k79_56588	0
k79_80549	0
k79_92395	0
k79_56594	0
k79_80554	0
k79_92398	0
k79_31505	0
k79_20114	0
k79_68458	0
k79_92402	0
k79_31511	0
k79_68462	0
k79_92406	0
k79_92408	0
k79_31512	0
k79_44456	0
k79_56619	0
k79_20124	0
k79_31516	0
k79_80559	0
k79_31517	0
k79_7824	0
k79_80564	0
k79_44472	0
k79_7827	0
k79_56621	0
k79_92431	0
k79_56625	0
k79_92442	0
k79_44490	0
k79_20135	0
k79_80582	0
k79_20138	0
k79_80587	0
k79_31538	0
k79_92452	0
k79_80590	0
k79_31539	0
k79_68471	0
k79_7865	0
k79_92457	0
k79_68490	0
k79_20158	0
k79_68494	0
k79_56659	0
k79_80601	0
k79_68495	0
k79_7874	0
k79_20166	0
k79_80612	0
k79_56671	0
k79_92461	0
k79_56672	0
k79_7880	0
k79_68505	0
k79_31572	0
k79_44516	0
k79_44520	0
k79_44529	0
k79_7913	0
k79_92478	0
k79_7920	0
k79_31590	0
k79_56697	0
k79_68545	0
k79_7929	0
k79_56703	0
k79_92483	0
k79_56705	0
k79_31605	0
k79_56710	0
k79_44551	0
k79_31611	0
k79_44552	0
k79_7945	0
k79_80663	0
k79_56719	0
k79_7950	0
k79_44560	0
k79_20222	0
k79_7962	0
k79_92498	0
k79_68562	0
k79_92501	0
k79_44570	0
k79_31626	0
k79_20237	0
k79_31628	0
k79_92510	0
k79_68578	0
k79_31631	0
k79_56742	0
k79_92514	0
k79_68582	0
k79_44577	0
k79_20255	0
k79_68584	0
k79_31644	0
k79_92520	0
k79_92522	0
k79_20258	0
k79_20266	0
k79_92528	0
k79_68615	0
k79_31679	0
k79_80729	0
k79_68617	0
k79_31681	0
k79_44598	0
k79_56767	0
k79_68618	0
k79_80733	0
k79_7985	0
k79_44605	0
k79_7987	0
k79_80741	0
k79_44614	0
k79_31699	0
k79_80744	0
k79_44615	0
k79_68629	0
k79_44621	0
k79_92564	0
k79_68633	0
k79_20299	0
k79_80752	0
k79_8000	0
k79_20303	0
k79_92565	0
k79_80760	0
k79_92567	0
k79_56787	0
k79_31722	0
k79_8005	0
k79_80761	0
k79_92571	0
k79_44643	0
k79_92573	0
k79_44646	0
k79_92575	0
k79_56795	0
k79_68663	0
k79_31737	0
k79_92587	0
k79_68669	0
k79_44660	0
k79_68673	0
k79_31752	0
k79_44662	0
k79_68677	0
k79_56797	0
k79_31755	0
k79_44667	0
k79_8027	0
k79_44669	0
k79_31761	0
k79_44672	0
k79_8038	0
k79_92594	0
k79_56817	0
k79_68696	0
k79_44675	0
k79_8043	0
k79_31771	0
k79_56820	0
k79_80781	0
k79_44680	0
k79_92607	0
k79_31779	0
k79_80784	0
k79_44685	0
k79_20355	0
k79_92625	0
k79_20360	0
k79_68709	0
k79_68710	0
k79_8058	0
k79_68711	0
k79_31795	0
k79_31797	0
k79_44708	0
k79_8064	0
k79_80812	0
k79_80819	0
k79_20389	0
k79_31815	0
k79_44727	0
k79_8080	0
k79_68744	0
k79_20393	0
k79_56853	0
k79_31821	0
k79_44732	0
k79_56857	0
k79_56860	0
k79_31835	0
k79_20403	0
k79_80825	0
k79_20404	0
k79_31840	0
k79_92677	0
k79_44743	0
k79_92683	0
k79_80838	0
k79_20417	0
k79_68765	0
k79_44750	0
k79_20423	0
k79_44753	0
k79_92689	0
k79_20424	0
k79_44754	0
k79_44756	0
k79_20428	0
k79_56889	0
k79_31864	0
k79_92696	0
k79_44761	0
k79_8114	0
k79_44763	0
k79_68779	0
k79_31873	0
k79_92707	0
k79_80848	0
k79_20436	0
k79_44771	0
k79_80852	0
k79_80853	0
k79_68783	0
k79_8123	0
k79_56902	0
k79_68792	0
k79_92711	0
k79_31887	0
k79_68793	0
k79_31888	0
k79_92714	0
k79_56913	0
k79_20462	0
k79_56921	0
k79_68800	0
k79_8132	0
k79_56928	0
k79_80896	0
k79_80899	0
k79_31912	0
k79_56945	0
k79_92750	0
k79_80908	0
k79_80911	0
k79_20483	0
k79_68824	0
k79_68831	0
k79_92779	0
k79_56976	0
k79_56980	0
k79_31932	0
k79_80930	0
k79_20490	0
k79_80931	0
k79_8199	0
k79_92809	0
k79_20501	0
k79_68868	0
k79_8217	0
k79_80950	0
k79_31965	0
k79_80953	0
k79_8225	0
k79_92831	0
k79_31969	0
k79_44842	0
k79_80959	0
k79_20513	0
k79_92835	0
k79_92836	0
k79_20521	0
k79_68885	0
k79_44854	0
k79_92842	0
k79_8232	0
k79_44859	0
k79_57027	0
k79_92849	0
k79_68898	0
k79_20523	0
k79_68907	0
k79_92869	0
k79_68921	0
k79_31990	0
k79_68923	0
k79_8246	0
k79_68924	0
k79_80997	0
k79_81004	0
k79_92884	0
k79_32002	0
k79_20555	0
k79_92887	0
k79_32004	0
k79_81012	0
k79_92899	0
k79_32016	0
k79_57068	0
k79_57070	0
k79_81025	0
k79_57073	0
k79_20559	0
k79_32021	0
k79_44899	0
k79_32022	0
k79_32024	0
k79_8260	0
k79_57087	0
k79_68964	0
k79_68966	0
k79_32032	0
k79_8269	0
k79_32035	0
k79_92932	0
k79_68984	0
k79_81059	0
k79_8282	0
k79_20579	0
k79_81065	0
k79_20585	0
k79_68997	0
k79_8292	0
k79_44922	0
k79_68998	0
k79_32039	0
k79_69000	0
k79_32041	0
k79_92966	0
k79_20593	0
k79_81081	0
k79_44925	0
k79_81085	0
k79_20598	0
k79_57133	0
k79_81086	0
k79_8298	0
k79_32059	0
k79_8300	0
k79_8302	0
k79_69019	0
k79_69020	0
k79_8307	0
k79_20603	0
k79_32069	0
k79_20604	0
k79_57140	0
k79_81097	0
k79_8313	0
k79_8314	0
k79_81102	0
k79_32078	0
k79_69028	0
k79_20610	0
k79_93003	0
k79_69033	0
k79_32080	0
k79_81124	0
k79_20624	0
k79_81130	0
k79_69048	0
k79_32099	0
k79_44961	0
k79_32101	0
k79_57162	0
k79_81145	0
k79_8320	0
k79_32108	0
k79_69074	0
k79_81153	0
k79_8329	0
k79_8334	0
k79_93023	0
k79_44990	0
k79_20645	0
k79_69092	0
k79_20647	0
k79_44992	0
k79_57172	0
k79_81155	0
k79_8339	0
k79_45001	0
k79_20655	0
k79_69100	0
k79_20658	0
k79_93035	0
k79_93039	0
k79_69113	0
k79_69114	0
k79_32158	0
k79_45019	0
k79_93050	0
k79_93054	0
k79_45034	0
k79_32175	0
k79_93061	0
k79_45040	0
k79_8365	0
k79_81165	0
k79_32184	0
k79_45045	0
k79_20670	0
k79_32190	0
k79_69139	0
k79_57210	0
k79_45052	0
k79_45054	0
k79_93098	0
k79_45072	0
k79_81184	0
k79_81187	0
k79_8402	0
k79_32217	0
k79_69174	0
k79_45087	0
k79_81199	0
k79_81201	0
k79_32228	0
k79_93107	0
k79_93108	0
k79_32238	0
k79_57279	0
k79_57280	0
k79_93111	0
k79_32244	0
k79_20736	0
k79_32249	0
k79_32252	0
k79_81220	0
k79_8439	0
k79_93122	0
k79_32257	0
k79_45116	0
k79_20742	0
k79_45118	0
k79_45119	0
k79_20746	0
k79_81236	0
k79_57316	0
k79_8463	0
k79_57318	0
k79_8467	0
k79_81251	0
k79_57328	0
k79_69198	0
k79_57329	0
k79_20764	0
k79_32289	0
k79_57330	0
k79_32293	0
k79_81261	0
k79_57335	0
k79_32296	0
k79_8476	0
k79_93156	0
k79_69218	0
k79_20782	0
k79_81271	0
k79_45157	0
k79_8493	0
k79_81275	0
k79_69236	0
k79_8497	0
k79_57359	0
k79_93173	0
k79_69246	0
k79_32303	0
k79_57369	0
k79_20807	0
k79_93182	0
k79_93186	0
k79_57379	0
k79_32316	0
k79_81296	0
k79_57387	0
k79_45192	0
k79_93197	0
k79_45193	0
k79_20829	0
k79_57391	0
k79_8517	0
k79_32333	0
k79_45201	0
k79_69294	0
k79_81331	0
k79_45204	0
k79_93210	0
k79_45205	0
k79_20864	0
k79_93215	0
k79_93216	0
k79_93221	0
k79_69322	0
k79_81361	0
k79_45211	0
k79_45214	0
k79_32375	0
k79_8525	0
k79_20905	0
k79_57442	0
k79_81379	0
k79_8533	0
k79_20910	0
k79_93224	0
k79_69339	0
k79_8536	0
k79_20912	0
k79_57459	0
k79_8544	0
k79_20916	0
k79_57463	0
k79_69351	0
k79_20918	0
k79_20922	0
k79_20925	0
k79_81412	0
k79_69366	0
k79_93250	0
k79_81431	0
k79_20942	0
k79_45248	0
k79_57481	0
k79_32416	0
k79_57485	0
k79_81441	0
k79_45253	0
k79_20959	0
k79_57504	0
k79_45267	0
k79_45268	0
k79_69389	0
k79_57509	0
k79_57510	0
k79_69392	0
k79_57513	0
k79_32426	0
k79_45287	0
k79_32431	0
k79_57524	0
k79_81459	0
k79_32434	0
k79_20971	0
k79_45300	0
k79_20977	0
k79_69401	0
k79_32439	0
k79_81472	0
k79_32447	0
k79_8624	0
k79_57533	0
k79_8629	0
k79_20992	0
k79_81491	0
k79_69410	0
k79_21008	0
k79_81511	0
k79_8645	0
k79_21022	0
k79_81519	0
k79_57557	0
k79_21033	0
k79_8668	0
k79_81535	0
k79_8670	0
k79_81537	0
k79_32461	0
k79_45331	0
k79_57559	0
k79_93259	0
k79_57563	0
k79_81562	0
k79_45338	0
k79_57569	0
k79_69452	0
k79_69453	0
k79_93272	0
k79_21058	0
k79_8698	0
k79_8700	0
k79_57581	0
k79_81566	0
k79_93288	0
k79_69461	0
k79_93295	0
k79_69462	0
k79_57604	0
k79_21067	0
k79_93313	0
k79_21070	0
k79_81601	0
k79_93316	0
k79_93318	0
k79_8745	0
k79_21088	0
k79_57634	0
k79_32487	0
k79_81621	0
k79_69490	0
k79_69491	0
k79_21089	0
k79_57648	0
k79_45359	0
k79_93333	0
k79_8768	0
k79_32506	0
k79_93342	0
k79_8775	0
k79_69510	0
k79_57662	0
k79_57663	0
k79_8777	0
k79_57664	0
k79_32520	0
k79_57666	0
k79_45378	0
k79_93354	0
k79_57674	0
k79_81635	0
k79_69519	0
k79_81645	0
k79_69529	0
k79_21110	0
k79_21111	0
k79_93389	0
k79_45394	0
k79_32527	0
k79_69543	0
k79_32533	0
k79_81656	0
k79_69548	0
k79_57690	0
k79_81659	0
k79_93412	0
k79_8811	0
k79_57691	0
k79_45412	0
k79_57700	0
k79_8819	0
k79_21130	0
k79_69563	0
k79_81675	0
k79_93429	0
k79_69567	0
k79_8843	0
k79_69569	0
k79_69570	0
k79_45427	0
k79_32574	0
k79_57718	0
k79_81682	0
k79_69577	0
k79_45431	0
k79_57719	0
k79_8847	0
k79_57721	0
k79_45437	0
k79_57725	0
k79_45440	0
k79_8853	0
k79_21144	0
k79_57729	0
k79_93468	0
k79_8857	0
k79_69595	0
k79_81691	0
k79_32586	0
k79_69600	0
k79_8862	0
k79_32593	0
k79_21164	0
k79_57744	0
k79_8877	0
k79_45474	0
k79_81709	0
k79_8879	0
k79_69623	0
k79_45480	0
k79_45481	0
k79_81723	0
k79_32613	0
k79_45488	0
k79_57759	0
k79_45490	0
k79_57761	0
k79_8887	0
k79_93516	0
k79_57767	0
k79_93519	0
k79_45508	0
k79_81741	0
k79_32628	0
k79_21193	0
k79_81744	0
k79_32631	0
k79_45517	0
k79_69645	0
k79_32636	0
k79_57772	0
k79_57773	0
k79_21207	0
k79_32649	0
k79_93546	0
k79_81769	0
k79_81778	0
k79_81779	0
k79_81783	0
k79_45545	0
k79_45549	0
k79_57776	0
k79_93576	0
k79_32654	0
k79_45552	0
k79_21230	0
k79_93584	0
k79_45563	0
k79_69669	0
k79_69675	0
k79_45576	0
k79_32663	0
k79_32664	0
k79_57794	0
k79_32667	0
k79_93600	0
k79_32671	0
k79_93605	0
k79_8959	0
k79_45595	0
k79_69679	0
k79_45600	0
k79_32682	0
k79_8964	0
k79_45603	0
k79_57800	0
k79_93609	0
k79_21260	0
k79_81822	0
k79_57810	0
k79_93613	0
k79_57813	0
k79_32705	0
k79_8985	0
k79_8995	0
k79_21266	0
k79_8996	0
k79_45637	0
k79_93628	0
k79_9002	0
k79_81839	0
k79_32716	0
k79_69685	0
k79_21270	0
k79_69689	0
k79_69694	0
k79_81856	0
k79_69695	0
k79_45641	0
k79_93655	0
k79_81859	0
k79_32738	0
k79_93657	0
k79_81876	0
k79_57850	0
k79_69712	0
k79_93675	0
k79_21283	0
k79_69716	0
k79_81886	0
k79_9033	0
k79_21288	0
k79_93688	0
k79_69725	0
k79_9047	0
k79_69726	0
k79_57876	0
k79_21293	0
k79_69731	0
k79_32767	0
k79_21297	0
k79_32772	0
k79_69736	0
k79_57887	0
k79_21303	0
k79_69738	0
k79_93699	0
k79_45672	0
k79_81928	0
k79_57897	0
k79_32780	0
k79_81932	0
k79_45679	0
k79_9069	0
k79_45680	0
k79_57912	0
k79_32793	0
k79_81946	0
k79_21333	0
k79_81957	0
k79_45696	0
k79_21341	0
k79_21342	0
k79_69787	0
k79_45708	0
k79_32807	0
k79_21357	0
k79_9089	0
k79_69806	0
k79_32817	0
k79_81977	0
k79_32827	0
k79_57949	0
k79_45732	0
k79_81991	0
k79_32836	0
k79_69814	0
k79_21373	0
k79_21386	0
k79_57960	0
k79_32857	0
k79_32858	0
k79_45754	0
k79_32866	0
k79_82019	0
k79_32879	0
k79_9120	0
k79_9122	0
k79_21429	0
k79_82032	0
k79_21431	0
k79_57981	0
k79_45790	0
k79_57988	0
k79_45796	0
k79_82038	0
k79_57993	0
k79_9152	0
k79_9158	0
k79_58005	0
k79_69857	0
k79_82056	0
k79_45813	0
k79_58011	0
k79_69859	0
k79_21448	0
k79_9172	0
k79_32907	0
k79_45817	0
k79_21450	0
k79_58016	0
k79_9175	0
k79_9176	0
k79_58018	0
k79_45826	0
k79_45830	0
k79_82066	0
k79_9191	0
k79_45831	0
k79_58030	0
k79_32920	0
k79_32921	0
k79_58041	0
k79_82070	0
k79_82072	0
k79_69885	0
k79_9200	0
k79_45856	0
k79_93729	0
k79_9204	0
k79_93732	0
k79_45866	0
k79_93739	0
k79_45871	0
k79_69895	0
k79_45874	0
k79_82095	0
k79_93745	0
k79_45881	0
k79_21486	0
k79_45884	0
k79_9223	0
k79_45887	0
k79_45896	0
k79_45897	0
k79_21504	0
k79_21506	0
k79_69923	0
k79_58115	0
k79_82098	0
k79_82101	0
k79_21510	0
k79_21513	0
k79_69928	0
k79_58130	0
k79_93763	0
k79_82114	0
k79_9250	0
k79_82115	0
k79_58140	0
k79_45915	0
k79_58141	0
k79_82119	0
k79_21539	0
k79_32976	0
k79_58142	0
k79_82123	0
k79_58144	0
k79_9259	0
k79_9260	0
k79_69945	0
k79_45929	0
k79_93779	0
k79_32998	0
k79_9264	0
k79_58153	0
k79_93789	0
k79_45943	0
k79_82156	0
k79_21554	0
k79_82167	0
k79_69957	0
k79_82171	0
k79_93798	0
k79_21562	0
k79_82175	0
k79_21570	0
k79_45950	0
k79_21571	0
k79_9284	0
k79_69962	0
k79_58196	0
k79_33037	0
k79_9295	0
k79_69970	0
k79_93819	0
k79_21588	0
k79_45962	0
k79_21591	0
k79_58210	0
k79_33045	0
k79_33046	0
k79_93828	0
k79_33056	0
k79_69989	0
k79_58223	0
k79_21620	0
k79_82198	0
k79_58226	0
k79_45972	0
k79_21623	0
k79_58230	0
k79_21627	0
k79_82215	0
k79_93867	0
k79_21633	0
k79_33066	0
k79_70004	0
k79_33067	0
k79_82226	0
k79_33072	0
k79_45997	0
k79_82233	0
k79_46000	0
k79_46004	0
k79_33091	0
k79_82246	0
k79_82248	0
k79_58255	0
k79_82251	0
k79_82254	0
k79_9355	0
k79_82258	0
k79_46006	0
k79_82265	0
k79_46009	0
k79_82268	0
k79_82270	0
k79_93915	0
k79_33121	0
k79_70023	0
k79_9379	0
k79_58285	0
k79_21686	0
k79_9386	0
k79_9388	0
k79_70034	0
k79_33144	0
k79_82292	0
k79_9391	0
k79_46016	0
k79_82297	0
k79_46021	0
k79_9405	0
k79_21701	0
k79_9409	0
k79_58323	0
k79_21709	0
k79_58334	0
k79_9423	0
k79_21711	0
k79_70054	0
k79_58336	0
k79_93973	0
k79_33170	0
k79_9433	0
k79_82327	0
k79_33172	0
k79_93979	0
k79_58344	0
k79_33175	0
k79_70061	0
k79_46056	0
k79_33183	0
k79_93996	0
k79_9449	0
k79_33188	0
k79_70078	0
k79_33189	0
k79_94005	0
k79_70079	0
k79_9455	0
k79_33192	0
k79_94011	0
k79_70086	0
k79_21739	0
k79_58381	0
k79_9463	0
k79_33202	0
k79_70087	0
k79_21744	0
k79_70093	0
k79_21750	0
k79_70094	0
k79_94026	0
k79_33218	0
k79_9480	0
k79_94028	0
k79_46095	0
k79_21764	0
k79_58397	0
k79_82355	0
k79_9488	0
k79_82358	0
k79_9493	0
k79_70108	0
k79_58411	0
k79_82363	0
k79_33229	0
k79_82367	0
k79_9499	0
k79_33232	0
k79_21792	0
k79_9506	0
k79_9511	0
k79_33242	0
k79_94052	0
k79_82399	0
k79_9530	0
k79_33263	0
k79_58435	0
k79_9532	0
k79_94054	0
k79_70135	0
k79_21831	0
k79_82406	0
k79_70138	0
k79_58444	0
k79_9537	0
k79_9542	0
k79_58453	0
k79_58454	0
k79_58456	0
k79_82423	0
k79_70151	0
k79_70152	0
k79_94083	0
k79_9548	0
k79_70153	0
k79_21856	0
k79_21858	0
k79_33299	0
k79_70157	0
k79_9558	0
k79_33300	0
k79_70158	0
k79_94098	0
k79_58470	0
k79_46184	0
k79_58471	0
k79_21864	0
k79_9572	0
k79_9575	0
k79_46193	0
k79_82451	0
k79_9581	0
k79_21881	0
k79_82461	0
k79_70189	0
k79_46212	0
k79_82466	0
k79_33348	0
k79_70197	0
k79_46223	0
k79_21893	0
k79_9608	0
k79_70201	0
k79_21897	0
k79_70202	0
k79_58508	0
k79_70204	0
k79_21907	0
k79_70205	0
k79_33372	0
k79_58516	0
k79_9629	0
k79_94138	0
k79_70216	0
k79_82506	0
k79_21925	0
k79_70222	0
k79_46249	0
k79_21929	0
k79_46251	0
k79_70223	0
k79_9644	0
k79_70225	0
k79_21936	0
k79_58529	0
k79_21942	0
k79_82531	0
k79_58537	0
k79_70232	0
k79_21945	0
k79_82535	0
k79_46260	0
k79_58540	0
k79_21947	0
k79_94169	0
k79_58545	0
k79_94171	0
k79_21952	0
k79_9657	0
k79_58558	0
k79_58560	0
k79_21969	0
k79_94174	0
k79_58567	0
k79_82545	0
k79_21978	0
k79_94177	0
k79_82552	0
k79_9691	0
k79_94186	0
k79_9698	0
k79_33411	0
k79_21992	0
k79_33417	0
k79_58593	0
k79_58595	0
k79_82572	0
k79_33425	0
k79_9718	0
k79_22013	0
k79_58606	0
k79_58608	0
k79_33431	0
k79_9730	0
k79_46320	0
k79_9731	0
k79_70283	0
k79_22019	0
k79_70284	0
k79_82590	0
k79_33446	0
k79_9744	0
k79_82593	0
k79_9745	0
k79_70298	0
k79_33456	0
k79_70301	0
k79_58644	0
k79_22031	0
k79_33464	0
k79_70312	0
k79_33465	0
k79_70318	0
k79_82608	0
k79_9771	0
k79_70328	0
k79_9779	0
k79_70339	0
k79_33487	0
k79_9783	0
k79_58687	0
k79_22060	0
k79_70344	0
k79_33490	0
k79_82612	0
k79_9793	0
k79_82613	0
k79_33505	0
k79_70364	0
k79_33514	0
k79_58701	0
k79_33516	0
k79_9803	0
k79_82624	0
k79_58704	0
k79_82629	0
k79_9816	0
k79_58711	0
k79_82639	0
k79_33540	0
k79_33542	0
k79_9828	0
k79_46402	0
k79_9833	0
k79_82653	0
k79_33558	0
k79_82658	0
k79_82663	0
k79_46420	0
k79_33567	0
k79_33569	0
k79_82668	0
k79_9860	0
k79_33572	0
k79_22119	0
k79_82678	0
k79_46424	0
k79_58748	0
k79_33584	0
k79_82682	0
k79_46437	0
k79_33592	0
k79_94250	0
k79_22123	0
k79_94251	0
k79_58777	0
k79_33600	0
k79_9878	0
k79_58778	0
k79_22131	0
k79_58781	0
k79_9886	0
k79_94263	0
k79_22144	0
k79_70435	0
k79_82713	0
k79_9905	0
k79_58803	0
k79_58804	0
k79_9911	0
k79_58812	0
k79_82736	0
k79_46459	0
k79_9920	0
k79_70464	0
k79_58817	0
k79_46465	0
k79_33625	0
k79_94281	0
k79_33631	0
k79_9930	0
k79_94283	0
k79_70478	0
k79_22169	0
k79_58827	0
k79_82754	0
k79_70487	0
k79_9950	0
k79_9953	0
k79_22172	0
k79_22174	0
k79_9966	0
k79_46485	0
k79_82781	0
k79_9973	0
k79_70518	0
k79_82782	0
k79_94296	0
k79_82784	0
k79_9979	0
k79_82786	0
k79_46504	0
k79_70528	0
k79_58849	0
k79_9989	0
k79_33643	0
k79_82801	0
k79_94298	0
k79_82805	0
k79_70558	0
k79_58873	0
k79_10011	0
k79_46525	0
k79_10013	0
k79_94334	0
k79_22206	0
k79_58877	0
k79_58878	0
k79_70586	0
k79_33677	0
k79_58879	0
k79_46527	0
k79_10040	0
k79_82834	0
k79_70603	0
k79_94363	0
k79_82843	0
k79_33695	0
k79_22221	0
k79_10050	0
k79_94374	0
k79_22234	0
k79_22239	0
k79_82861	0
k79_10068	0
k79_46539	0
k79_58903	0
k79_33704	0
k79_46545	0
k79_82879	0
k79_70631	0
k79_33719	0
k79_33720	0
k79_33724	0
k79_33728	0
k79_82911	0
k79_10098	0
k79_82916	0
k79_46577	0
k79_82919	0
k79_70645	0
k79_33730	0
k79_94409	0
k79_70648	0
k79_10106	0
k79_94416	0
k79_46589	0
k79_58939	0
k79_94421	0
k79_70659	0
k79_94422	0
k79_33749	0
k79_22274	0
k79_22275	0
k79_58955	0
k79_33754	0
k79_22279	0
k79_70670	0
k79_82945	0
k79_46600	0
k79_33758	0
k79_70673	0
k79_10124	0
k79_46607	0
k79_82953	0
k79_70675	0
k79_10135	0
k79_70676	0
k79_58975	0
k79_10139	0
k79_82965	0
k79_46611	0
k79_33779	0
k79_94445	0
k79_82977	0
k79_94450	0
k79_46621	0
k79_58985	0
k79_33794	0
k79_82987	0
k79_82991	0
k79_70694	0
k79_94469	0
k79_94478	0
k79_22314	0
k79_33816	0
k79_70696	0
k79_94488	0
k79_94493	0
k79_46646	0
k79_59016	0
k79_22322	0
k79_59021	0
k79_10195	0
k79_59024	0
k79_22332	0
k79_33834	0
k79_70716	0
k79_46669	0
k79_10204	0
k79_59038	0
k79_46674	0
k79_10211	0
k79_59043	0
k79_33837	0
k79_94509	0
k79_46680	0
k79_46682	0
k79_70730	0
k79_46688	0
k79_70736	0
k79_10226	0
k79_59064	0
k79_46696	0
k79_83012	0
k79_46700	0
k79_94515	0
k79_22364	0
k79_70750	0
k79_33857	0
k79_46706	0
k79_10246	0
k79_59083	0
k79_10253	0
k79_46719	0
k79_70760	0
k79_59085	0
k79_46723	0
k79_10262	0
k79_22378	0
k79_33886	0
k79_70769	0
k79_59095	0
k79_33887	0
k79_22382	0
k79_83048	0
k79_70773	0
k79_22384	0
k79_22392	0
k79_70783	0
k79_46740	0
k79_22393	0
k79_10269	0
k79_70795	0
k79_22399	0
k79_10272	0
k79_83076	0
k79_59132	0
k79_83077	0
k79_46756	0
k79_59134	0
k79_94555	0
k79_10281	0
k79_46758	0
k79_46759	0
k79_70813	0
k79_46760	0
k79_33910	0
k79_83091	0
k79_94570	0
k79_22430	0
k79_33914	0
k79_94571	0
k79_59153	0
k79_46775	0
k79_94576	0
k79_22440	0
k79_83106	0
k79_22443	0
k79_46782	0
k79_83118	0
k79_46790	0
k79_70835	0
k79_46794	0
k79_10295	0
k79_59180	0
k79_33938	0
k79_22454	0
k79_83123	0
k79_10303	0
k79_70844	0
k79_10305	0
k79_33948	0
k79_94610	0
k79_70848	0
k79_10310	0
k79_46806	0
k79_59187	0
k79_70853	0
k79_22467	0
k79_94620	0
k79_33962	0
k79_83147	0
k79_33964	0
k79_83148	0
k79_59204	0
k79_46807	0
k79_33972	0
k79_59221	0
k79_70884	0
k79_70887	0
k79_46815	0
k79_33985	0
k79_59254	0
k79_22481	0
k79_83179	0
k79_94661	0
k79_59272	0
k79_83181	0
k79_33996	0
k79_94668	0
k79_83186	0
k79_59276	0
k79_10328	0
k79_10332	0
k79_70918	0
k79_83197	0
k79_94676	0
k79_10340	0
k79_70927	0
k79_83205	0
k79_59292	0
k79_22502	0
k79_46848	0
k79_83210	0
k79_59302	0
k79_46854	0
k79_10357	0
k79_83215	0
k79_83216	0
k79_34031	0
k79_10368	0
k79_83224	0
k79_70949	0
k79_22521	0
k79_34039	0
k79_10381	0
k79_10384	0
k79_46880	0
k79_22542	0
k79_83244	0
k79_94712	0
k79_83246	0
k79_46888	0
k79_10389	0
k79_94719	0
k79_46895	0
k79_70973	0
k79_83260	0
k79_46900	0
k79_70976	0
k79_94737	0
k79_10412	0
k79_22565	0
k79_94750	0
k79_10422	0
k79_46920	0
k79_83272	0
k79_46929	0
k79_46930	0
k79_59352	0
k79_59353	0
k79_94768	0
k79_22583	0
k79_59355	0
k79_59356	0
k79_10442	0
k79_83297	0
k79_46947	0
k79_59359	0
k79_22594	0
k79_10447	0
k79_94783	0
k79_94785	0
k79_83311	0
k79_10461	0
k79_94787	0
k79_10462	0
k79_71006	0
k79_10469	0
k79_83324	0
k79_94799	0
k79_71020	0
k79_59369	0
k79_94805	0
k79_46969	0
k79_94809	0
k79_46970	0
k79_83351	0
k79_34100	0
k79_10484	0
k79_34104	0
k79_22653	0
k79_10486	0
k79_10493	0
k79_34113	0
k79_83366	0
k79_22668	0
k79_46975	0
k79_46976	0
k79_22673	0
k79_10503	0
k79_34118	0
k79_46984	0
k79_22682	0
k79_59373	0
k79_22685	0
k79_46990	0
k79_71057	0
k79_10509	0
k79_59377	0
k79_22693	0
k79_83380	0
k79_34128	0
k79_59400	0
k79_22709	0
k79_71069	0
k79_83393	0
k79_83394	0
k79_22726	0
k79_22729	0
k79_83401	0
k79_83406	0
k79_22740	0
k79_94893	0
k79_47039	0
k79_22745	0
k79_59436	0
k79_10518	0
k79_34162	0
k79_47052	0
k79_34165	0
k79_59446	0
k79_10527	0
k79_94901	0
k79_71094	0
k79_47059	0
k79_59454	0
k79_22780	0
k79_94915	0
k79_22786	0
k79_59474	0
k79_71112	0
k79_94917	0
k79_59475	0
k79_71114	0
k79_10542	0
k79_94935	0
k79_10551	0
k79_22808	0
k79_71139	0
k79_59497	0
k79_47079	0
k79_10559	0
k79_94938	0
k79_34203	0
k79_10560	0
k79_47084	0
k79_71150	0
k79_83460	0
k79_47088	0
k79_47090	0
k79_94940	0
k79_71156	0
k79_47093	0
k79_71168	0
k79_94956	0
k79_71173	0
k79_59525	0
k79_47107	0
k79_71177	0
k79_22847	0
k79_71183	0
k79_10580	0
k79_22856	0
k79_59540	0
k79_83476	0
k79_94984	0
k79_22860	0
k79_59542	0
k79_47110	0
k79_94992	0
k79_59548	0
k79_71194	0
k79_34226	0
k79_34230	0
k79_94997	0
k79_22875	0
k79_34234	0
k79_47121	0
k79_95004	0
k79_83490	0
k79_95015	0
k79_95017	0
k79_71213	0
k79_10610	0
k79_10614	0
k79_95028	0
k79_71216	0
k79_47142	0
k79_34244	0
k79_71217	0
k79_59603	0
k79_34245	0
k79_95030	0
k79_59604	0
k79_47150	0
k79_22904	0
k79_95038	0
k79_59610	0
k79_22906	0
k79_95043	0
k79_83534	0
k79_10649	0
k79_95050	0
k79_95057	0
k79_34261	0
k79_95058	0
k79_71256	0
k79_59625	0
k79_34262	0
k79_83543	0
k79_34263	0
k79_10653	0
k79_71265	0
k79_59629	0
k79_83547	0
k79_59630	0
k79_95066	0
k79_71272	0
k79_95067	0
k79_34281	0
k79_83559	0
k79_47183	0
k79_83560	0
k79_47186	0
k79_71288	0
k79_83566	0
k79_34292	0
k79_47188	0
k79_83571	0
k79_95084	0
k79_47204	0
k79_34306	0
k79_34308	0
k79_47205	0
k79_47209	0
k79_34316	0
k79_59658	0
k79_34319	0
k79_95107	0
k79_47217	0
k79_59664	0
k79_83605	0
k79_22950	0
k79_71336	0
k79_95121	0
k79_47228	0
k79_71340	0
k79_59681	0
k79_10704	0
k79_22961	0
k79_47243	0
k79_83614	0
k79_34344	0
k79_59703	0
k79_34347	0
k79_71363	0
k79_22972	0
k79_83621	0
k79_10723	0
k79_59725	0
k79_83630	0
k79_10728	0
k79_34370	0
k79_34375	0
k79_59747	0
k79_34376	0
k79_95157	0
k79_59750	0
k79_34377	0
k79_71380	0
k79_95163	0
k79_34378	0
k79_22989	0
k79_22992	0
k79_47302	0
k79_71391	0
k79_47305	0
k79_83664	0
k79_83669	0
k79_59767	0
k79_83678	0
k79_59770	0
k79_71403	0
k79_47330	0
k79_83681	0
k79_34414	0
k79_71404	0
k79_95187	0
k79_71406	0
k79_59779	0
k79_71408	0
k79_83689	0
k79_95192	0
k79_71409	0
k79_59788	0
k79_10759	0
k79_23027	0
k79_71419	0
k79_10767	0
k79_59793	0
k79_95217	0
k79_83697	0
k79_23030	0
k79_95222	0
k79_47361	0
k79_59800	0
k79_10776	0
k79_10777	0
k79_95230	0
k79_59813	0
k79_71440	0
k79_23055	0
k79_83704	0
k79_47374	0
k79_34437	0
k79_10799	0
k79_95252	0
k79_71444	0
k79_95257	0
k79_71450	0
k79_10805	0
k79_83712	0
k79_47394	0
k79_10823	0
k79_34460	0
k79_71457	0
k79_10824	0
k79_34475	0
k79_71471	0
k79_47399	0
k79_95280	0
k79_95281	0
k79_47402	0
k79_10844	0
k79_23071	0
k79_83739	0
k79_10846	0
k79_10849	0
k79_83741	0
k79_95295	0
k79_59880	0
k79_34484	0
k79_59889	0
k79_10865	0
k79_71474	0
k79_95319	0
k79_23094	0
k79_83756	0
k79_83757	0
k79_47435	0
k79_10893	0
k79_34494	0
k79_34495	0
k79_95337	0
k79_23107	0
k79_95343	0
k79_95345	0
k79_71490	0
k79_83775	0
k79_47449	0
k79_23121	0
k79_59910	0
k79_83779	0
k79_10916	0
k79_83780	0
k79_71498	0
k79_10921	0
k79_95359	0
k79_47460	0
k79_23136	0
k79_47464	0
k79_59924	0
k79_10943	0
k79_83819	0
k79_83822	0
k79_10951	0
k79_47487	0
k79_71512	0
k79_10970	0
k79_83840	0
k79_23168	0
k79_10972	0
k79_71516	0
k79_47497	0
k79_10977	0
k79_47505	0
k79_71528	0
k79_10987	0
k79_23178	0
k79_10995	0
k79_34561	0
k79_71538	0
k79_71540	0
k79_23194	0
k79_71544	0
k79_10997	0
k79_47521	0
k79_95396	0
k79_95397	0
k79_59976	0
k79_83861	0
k79_59988	0
k79_34603	0
k79_83868	0
k79_71571	0
k79_11013	0
k79_47569	0
k79_71572	0
k79_11014	0
k79_60012	0
k79_60014	0
k79_34606	0
k79_34610	0
k79_95420	0
k79_11018	0
k79_47584	0
k79_71574	0
k79_47585	0
k79_11021	0
k79_47587	0
k79_60029	0
k79_71575	0
k79_11026	0
k79_95433	0
k79_11027	0
k79_71578	0
k79_11031	0
k79_34619	0
k79_47597	0
k79_71587	0
k79_11040	0
k79_23250	0
k79_95442	0
k79_60058	0
k79_71592	0
k79_60061	0
k79_95445	0
k79_23264	0
k79_71601	0
k79_83872	0
k79_23270	0
k79_95462	0
k79_95464	0
k79_60083	0
k79_83886	0
k79_11049	0
k79_95465	0
k79_71623	0
k79_11053	0
k79_34642	0
k79_95470	0
k79_71632	0
k79_60099	0
k79_71633	0
k79_23289	0
k79_60107	0
k79_11065	0
k79_47656	0
k79_95476	0
k79_47658	0
k79_95479	0
k79_11071	0
k79_23301	0
k79_34665	0
k79_83904	0
k79_60126	0
k79_83907	0
k79_60128	0
k79_11077	0
k79_60132	0
k79_11079	0
k79_60136	0
k79_71663	0
k79_60139	0
k79_95494	0
k79_11089	0
k79_60142	0
k79_83916	0
k79_34685	0
k79_23324	0
k79_71682	0
k79_95506	0
k79_47694	0
k79_34696	0
k79_23334	0
k79_23344	0
k79_34701	0
k79_34703	0
k79_11140	0
k79_83961	0
k79_11160	0
k79_60190	0
k79_47706	0
k79_71694	0
k79_47710	0
k79_11168	0
k79_34725	0
k79_11172	0
k79_11176	0
k79_83969	0
k79_11177	0
k79_23365	0
k79_60219	0
k79_11197	0
k79_23370	0
k79_95542	0
k79_60223	0
k79_23371	0
k79_34741	0
k79_83984	0
k79_60234	0
k79_23372	0
k79_95554	0
k79_71722	0
k79_84007	0
k79_23382	0
k79_95571	0
k79_34753	0
k79_47720	0
k79_95583	0
k79_84009	0
k79_11220	0
k79_95587	0
k79_11222	0
k79_34761	0
k79_95594	0
k79_34766	0
k79_84021	0
k79_34768	0
k79_11230	0
k79_60255	0
k79_34771	0
k79_11233	0
k79_11235	0
k79_95608	0
k79_34787	0
k79_60263	0
k79_71762	0
k79_95629	0
k79_47743	0
k79_11252	0
k79_84050	0
k79_95632	0
k79_34798	0
k79_84054	0
k79_11254	0
k79_23429	0
k79_47752	0
k79_34803	0
k79_11265	0
k79_60268	0
k79_71775	0
k79_84065	0
k79_60275	0
k79_23436	0
k79_60281	0
k79_60284	0
k79_23442	0
k79_11276	0
k79_60288	0
k79_34826	0
k79_60292	0
k79_34828	0
k79_34832	0
k79_47765	0
k79_23448	0
k79_23453	0
k79_11292	0
k79_34836	0
k79_47773	0
k79_95677	0
k79_34840	0
k79_84080	0
k79_23463	0
k79_34841	0
k79_47778	0
k79_60323	0
k79_11296	0
k79_84091	0
k79_11312	0
k79_23472	0
k79_60346	0
k79_84096	0
k79_47784	0
k79_23477	0
k79_60350	0
k79_34867	0
k79_11327	0
k79_71838	0
k79_71839	0
k79_34870	0
k79_84110	0
k79_71849	0
k79_23505	0
k79_23506	0
k79_47805	0
k79_11330	0
k79_11331	0
k79_84122	0
k79_11334	0
k79_47813	0
k79_47826	0
k79_95753	0
k79_34886	0
k79_47828	0
k79_34887	0
k79_71858	0
k79_47830	0
k79_95767	0
k79_11351	0
k79_47838	0
k79_47841	0
k79_47845	0
k79_60405	0
k79_84144	0
k79_95789	0
k79_23542	0
k79_60409	0
k79_47861	0
k79_11361	0
k79_95796	0
k79_11365	0
k79_34912	0
k79_11366	0
k79_95803	0
k79_34915	0
k79_11372	0
k79_11373	0
k79_95807	0
k79_71900	0
k79_95813	0
k79_34924	0
k79_60438	0
k79_23560	0
k79_71907	0
k79_60448	0
k79_84212	0
k79_84213	0
k79_47915	0
k79_95821	0
k79_11385	0
k79_84226	0
k79_95837	0
k79_11399	0
k79_84236	0
k79_60458	0
k79_34952	0
k79_84242	0
k79_71939	0
k79_34959	0
k79_60466	0
k79_47959	0
k79_95847	0
k79_34978	0
k79_23597	0
k79_95852	0
k79_71950	0
k79_11418	0
k79_34991	0
k79_23606	0
k79_60480	0
k79_11428	0
k79_35002	0
k79_95858	0
k79_11439	0
k79_23617	0
k79_47980	0
k79_47981	0
k79_60496	0
k79_35022	0
k79_84274	0
k79_35031	0
k79_84281	0
k79_23628	0
k79_35040	0
k79_23634	0
k79_47993	0
k79_72001	0
k79_95876	0
k79_84286	0
k79_48007	0
k79_95880	0
k79_84288	0
k79_11454	0
k79_84290	0
k79_35050	0
k79_48013	0
k79_72019	0
k79_60526	0
k79_11475	0
k79_95900	0
k79_84314	0
k79_95903	0
k79_60541	0
k79_95907	0
k79_23666	0
k79_60543	0
k79_35080	0
k79_60546	0
k79_35083	0
k79_72042	0
k79_60548	0
k79_72049	0
k79_35095	0
k79_48045	0
k79_35102	0
k79_35103	0
k79_84335	0
k79_72062	0
k79_95934	0
k79_60575	0
k79_11510	0
k79_95938	0
k79_72075	0
k79_60589	0
k79_48067	0
k79_23710	0
k79_60593	0
k79_48070	0
k79_23715	0
k79_60599	0
k79_72090	0
k79_35124	0
k79_95951	0
k79_35133	0
k79_11531	0
k79_72094	0
k79_23722	0
k79_60626	0
k79_95977	0
k79_60634	0
k79_95978	0
k79_23727	0
k79_72110	0
k79_95980	0
k79_23733	0
k79_23734	0
k79_48105	0
k79_35166	0
k79_95994	0
k79_84410	0
k79_11561	0
k79_72124	0
k79_72126	0
k79_48112	0
k79_23743	0
k79_48118	0
k79_96007	0
k79_23749	0
k79_96011	0
k79_23754	0
k79_96021	0
k79_84430	0
k79_60693	0
k79_84435	0
k79_35203	0
k79_48137	0
k79_35209	0
k79_60698	0
k79_11592	0
k79_48157	0
k79_60713	0
k79_60715	0
k79_72180	0
k79_23793	0
k79_11604	0
k79_60728	0
k79_48162	0
k79_96063	0
k79_23817	0
k79_72195	0
k79_11610	0
k79_72199	0
k79_35249	0
k79_11618	0
k79_96084	0
k79_35256	0
k79_48175	0
k79_60739	0
k79_84491	0
k79_23826	0
k79_48176	0
k79_23828	0
k79_60750	0
k79_35273	0
k79_72219	0
k79_23831	0
k79_72225	0
k79_96101	0
k79_35283	0
k79_84495	0
k79_23835	0
k79_23836	0
k79_84499	0
k79_11636	0
k79_23837	0
k79_84503	0
k79_23841	0
k79_96112	0
k79_48195	0
k79_11653	0
k79_23846	0
k79_11656	0
k79_48201	0
k79_48204	0
k79_48205	0
k79_35307	0
k79_48207	0
k79_11678	0
k79_48216	0
k79_96133	0
k79_72240	0
k79_72241	0
k79_72244	0
k79_48231	0
k79_60806	0
k79_11694	0
k79_72250	0
k79_60817	0
k79_96144	0
k79_11701	0
k79_11703	0
k79_23874	0
k79_35341	0
k79_60822	0
k79_11716	0
k79_35344	0
k79_48243	0
k79_48252	0
k79_48254	0
k79_60838	0
k79_96162	0
k79_60840	0
k79_48263	0
k79_48264	0
k79_72272	0
k79_11728	0
k79_48273	0
k79_96171	0
k79_72281	0
k79_23917	0
k79_48283	0
k79_11738	0
k79_72284	0
k79_35374	0
k79_48292	0
k79_96179	0
k79_96182	0
k79_48294	0
k79_72302	0
k79_35392	0
k79_84542	0
k79_48300	0
k79_72312	0
k79_72314	0
k79_72317	0
k79_48314	0
k79_72321	0
k79_84551	0
k79_48321	0
k79_11768	0
k79_48323	0
k79_48324	0
k79_11772	0
k79_72332	0
k79_48327	0
k79_48338	0
k79_84565	0
k79_35424	0
k79_96216	0
k79_11794	0
k79_96217	0
k79_48343	0
k79_72335	0
k79_96219	0
k79_11809	0
k79_11811	0
k79_48361	0
k79_96240	0
k79_84587	0
k79_11823	0
k79_48369	0
k79_84588	0
k79_35439	0
k79_72350	0
k79_96251	0
k79_84605	0
k79_35452	0
k79_84608	0
k79_84611	0
k79_23983	0
k79_48381	0
k79_72359	0
k79_48399	0
k79_84631	0
k79_96276	0
k79_72370	0
k79_96277	0
k79_11835	0
k79_48425	0
k79_96287	0
k79_24006	0
k79_84638	0
k79_96292	0
k79_35487	0
k79_48431	0
k79_11847	0
k79_96301	0
k79_24014	0
k79_11857	0
k79_35502	0
k79_11862	0
k79_35508	0
k79_24024	0
k79_72395	0
k79_11865	0
k79_84657	0
k79_48442	0
k79_84665	0
k79_35518	0
k79_35520	0
k79_72403	0
k79_24032	0
k79_96329	0
k79_96331	0
k79_11909	0
k79_48477	0
k79_35530	0
k79_24046	0
k79_11910	0
k79_24055	0
k79_48488	0
k79_96335	0
k79_72418	0
k79_72419	0
k79_84686	0
k79_24066	0
k79_24078	0
k79_11932	0
k79_35555	0
k79_11940	0
k79_24080	0
k79_72438	0
k79_11942	0
k79_72441	0
k79_48498	0
k79_96362	0
k79_48499	0
k79_24093	0
k79_96371	0
k79_84702	0
k79_84712	0
k79_11950	0
k79_11951	0
k79_35564	0
k79_24107	0
k79_24109	0
k79_96385	0
k79_96388	0
k79_11954	0
k79_72485	0
k79_11956	0
k79_84720	0
k79_72494	0
k79_72507	0
k79_11960	0
k79_48525	0
k79_11963	0
k79_72513	0
k79_96425	0
k79_72531	0
k79_11985	0
k79_35589	0
k79_84745	0
k79_96434	0
k79_11998	0
k79_96449	0
k79_12002	0
k79_12010	0
k79_72564	0
k79_12013	0
k79_84769	0
k79_12015	0
k79_35624	0
k79_12027	0
k79_12030	0
k79_24167	0
k79_35626	0
k79_24175	0
k79_35631	0
k79_12042	0
k79_84783	0
k79_12052	0
k79_12053	0
k79_48586	0
k79_72583	0
k79_12066	0
k79_96481	0
k79_84799	0
k79_24198	0
k79_12076	0
k79_84804	0
k79_35666	0
k79_24201	0
k79_12083	0
k79_84809	0
k79_35675	0
k79_24215	0
k79_48613	0
k79_96510	0
k79_35680	0
k79_24221	0
k79_24224	0
k79_48626	0
k79_48627	0
k79_72639	0
k79_84838	0
k79_12114	0
k79_96545	0
k79_12116	0
k79_84849	0
k79_12118	0
k79_96557	0
k79_84855	0
k79_35709	0
k79_24235	0
k79_96560	0
k79_24237	0
k79_96563	0
k79_24242	0
k79_12120	0
k79_48661	0
k79_48664	0
k79_96578	0
k79_35713	0
k79_48665	0
k79_35715	0
k79_96584	0
k79_72657	0
k79_84882	0
k79_72661	0
k79_84885	0
k79_96591	0
k79_84887	0
k79_96595	0
k79_48666	0
k79_72671	0
k79_48668	0
k79_35723	0
k79_35724	0
k79_84896	0
k79_24269	0
k79_96616	0
k79_72676	0
k79_96619	0
k79_35726	0
k79_35730	0
k79_48692	0
k79_24272	0
k79_48694	0
k79_35734	0
k79_96620	0
k79_48699	0
k79_12154	0
k79_96638	0
k79_48711	0
k79_12163	0
k79_72700	0
k79_35744	0
k79_72701	0
k79_24302	0
k79_72709	0
k79_84926	0
k79_24308	0
k79_96651	0
k79_24309	0
k79_84936	0
k79_24311	0
k79_24315	0
k79_72732	0
k79_24324	0
k79_96654	0
k79_84943	0
k79_84946	0
k79_35776	0
k79_96671	0
k79_96682	0
k79_72772	0
k79_72773	0
k79_96694	0
k79_35782	0
k79_96702	0
k79_24342	0
k79_84966	0
k79_24345	0
k79_35790	0
k79_35791	0
k79_35794	0
k79_84968	0
k79_24355	0
k79_72794	0
k79_96718	0
k79_24356	0
k79_84973	0
k79_96726	0
k79_35803	0
k79_72806	0
k79_96744	0
k79_84996	0
k79_72815	0
k79_35808	0
k79_72816	0
k79_96770	0
k79_72820	0
k79_72826	0
k79_72829	0
k79_85012	0
k79_96787	0
k79_72834	0
k79_96790	0
k79_35827	0
k79_85028	0
k79_72844	0
k79_96803	0
k79_85035	0
k79_96812	0
k79_96816	0
k79_72872	0
k79_96820	0
k79_72883	0
k79_85057	0
k79_35840	0
k79_96838	0
k79_35850	0
k79_85072	0
k79_72901	0
k79_96846	0
k79_72913	0
k79_72923	0
k79_72927	0
k79_96860	0
k79_35863	0
k79_85094	0
k79_85096	0
k79_96877	0
k79_35869	0
k79_85114	0
k79_96898	0
k79_35888	0
k79_35889	0
k79_85132	0
k79_72953	0
k79_96910	0
k79_72964	0
k79_72965	0
k79_96913	0
k79_72969	0
k79_72984	0
k79_35906	0
k79_96940	0
k79_72987	0
k79_35911	0
k79_35912	0
k79_72995	0
k79_73002	0
k79_73018	0
k79_35927	0
k79_85181	0
k79_73025	0
k79_85188	0
k79_96963	0
k79_35941	0
k79_85191	0
k79_96969	0
k79_85196	0
k79_96970	0
k79_96971	0
k79_85209	0
k79_96975	0
k79_73058	0
k79_35975	0
k79_96987	0
k79_73068	0
k79_96989	0
k79_85229	0
k79_96992	0
k79_35997	0
k79_96997	0
k79_85238	0
k79_36002	0
k79_85239	0
k79_96999	0
k79_85245	0
k79_97007	0
k79_36015	0
k79_85247	0
k79_36017	0
k79_85251	0
k79_36018	0
k79_85256	0
k79_97019	0
k79_36022	0
k79_36026	0
k79_97027	0
k79_97028	0
k79_36039	0
k79_36042	0
k79_97041	0
k79_36044	0
k79_97043	0
k79_36055	0
k79_97052	0
k79_36069	0
k79_36070	0
k79_97061	0
k79_36081	0
k79_36082	0
k79_36088	0
k79_97082	0
k79_97083	0
k79_97090	0
k79_36102	0
k79_36116	0
k79_36121	0
k79_36124	0
k79_36134	0
k79_36139	0
k79_36162	0
k79_36173	0
k79_97139	0
k79_97140	0
k79_36204	0
k79_97143	0
k79_36214	0
k79_36227	0
k79_36229	0
k79_97181	0
k79_97186	0
k79_97187	0
k79_36251	0
k79_97191	0
k79_97195	0
k79_36260	0
k79_97197	0
k79_97199	0
k79_36283	0
k79_97212	0
k79_97220	0
k79_36293	0
k79_97228	0
k79_97231	0
k79_36315	0
k79_36322	0
k79_36324	0
k79_36337	0
k79_36349	0
k79_97255	0
k79_97260	0
k79_36372	0
k79_97283	0
k79_36393	0
k79_97285	0
k79_36421	0
k79_97307	0
k79_97309	0
k79_36440	0
k79_97312	0
k79_97318	0
k79_97321	0
k79_36458	0
k79_36464	0
k79_36468	0
k79_97339	0
k79_36483	0
k79_97354	0
k79_97363	0
k79_36499	0
k79_36500	0
k79_97375	0
k79_36508	0
k79_97389	0
k79_97391	0
k79_36526	0
k79_97399	0
k79_97407	0
