clustername	contigname
1	k79_16030
1	k79_86061
1	k79_23896
1	k79_15087
1	k79_85345
1	k79_92334
1	k79_35997
1	k79_81856
1	k79_37173
1	k79_13181
1	k79_15889
1	k79_81113
1	k79_18584
1	k79_53810
1	k79_16372
1	k79_23507
1	k79_71314
1	k79_87630
1	k79_36036
1	k79_9110
1	k79_73195
1	k79_41773
1	k79_12813
1	k79_58385
1	k79_15084
1	k79_81476
1	k79_83
1	k79_14996
1	k79_79045
1	k79_13472
1	k79_78151
1	k79_11659
1	k79_50674
1	k79_92635
1	k79_24304
1	k79_87300
1	k79_79976
1	k79_52410
1	k79_72597
1	k79_57074
1	k79_73792
1	k79_81048
1	k79_15497
1	k79_94517
1	k79_15554
1	k79_11899
1	k79_20458
1	k79_72465
1	k79_87735
1	k79_29185
1	k79_31333
1	k79_91604
1	k79_13813
1	k79_90090
1	k79_26204
1	k79_5702
1	k79_21226
1	k79_30868
1	k79_77793
1	k79_24501
1	k79_14446
1	k79_53851
1	k79_62867
1	k79_30417
1	k79_22421
1	k79_61966
1	k79_28896
1	k79_9644
1	k79_52025
1	k79_30205
1	k79_46757
1	k79_4182
1	k79_8432
1	k79_15283
1	k79_12561
1	k79_18718
1	k79_92736
1	k79_31536
1	k79_93240
1	k79_9857
1	k79_4075
1	k79_78087
1	k79_8719
1	k79_73378
1	k79_1195
1	k79_22509
1	k79_4263
1	k79_18690
1	k79_89599
1	k79_77821
1	k79_8404
1	k79_57671
1	k79_95111
1	k79_43393
1	k79_79452
1	k79_1420
1	k79_3825
1	k79_24329
1	k79_83751
1	k79_25437
1	k79_76501
1	k79_34941
1	k79_25646
1	k79_27765
1	k79_41282
2	k79_48034
3	k79_48449
3	k79_16891
3	k79_14210
3	k79_55777
4	k79_37742
5	k79_77248
5	k79_60848
5	k79_29666
5	k79_49920
5	k79_21966
5	k79_96051
5	k79_5764
5	k79_71545
5	k79_19103
5	k79_66755
5	k79_77317
5	k79_93487
5	k79_9437
5	k79_30682
5	k79_35527
5	k79_63582
5	k79_72493
5	k79_52380
5	k79_60972
5	k79_33563
5	k79_9791
5	k79_27228
5	k79_70184
5	k79_64865
5	k79_55525
5	k79_18735
5	k79_4201
5	k79_11586
5	k79_4902
5	k79_51168
5	k79_66701
5	k79_9843
5	k79_16383
5	k79_65410
5	k79_2795
5	k79_1543
5	k79_93447
5	k79_40848
5	k79_3000
5	k79_66076
5	k79_76354
5	k79_92449
5	k79_29748
5	k79_79406
5	k79_33454
5	k79_58674
5	k79_77973
5	k79_86574
5	k79_88636
5	k79_14189
5	k79_3329
5	k79_74057
5	k79_162
5	k79_25208
5	k79_60290
5	k79_48848
5	k79_50672
5	k79_91081
5	k79_17354
5	k79_86912
5	k79_93788
5	k79_88687
5	k79_36335
5	k79_13157
5	k79_78831
5	k79_81287
5	k79_11218
5	k79_41700
5	k79_68736
5	k79_72262
5	k79_80807
5	k79_18052
5	k79_21850
5	k79_46603
5	k79_56654
5	k79_8529
5	k79_95468
5	k79_8223
5	k79_82155
5	k79_37934
5	k79_68525
5	k79_30040
5	k79_73080
5	k79_35414
5	k79_44098
5	k79_4802
5	k79_19373
5	k79_23490
5	k79_24579
5	k79_30752
5	k79_56714
5	k79_10339
5	k79_72343
5	k79_61369
5	k79_74553
5	k79_81332
5	k79_15389
5	k79_61968
5	k79_20073
5	k79_79417
5	k79_72900
5	k79_63175
5	k79_12686
5	k79_10565
5	k79_24556
5	k79_55644
5	k79_43944
5	k79_86886
5	k79_86953
5	k79_63985
5	k79_1559
5	k79_25385
5	k79_18817
5	k79_52766
5	k79_19293
5	k79_37135
5	k79_6247
5	k79_9828
5	k79_87113
5	k79_79504
5	k79_18854
5	k79_24173
5	k79_80347
5	k79_33085
5	k79_80211
5	k79_4551
5	k79_36538
5	k79_14120
5	k79_37313
5	k79_1885
5	k79_23321
5	k79_32683
5	k79_14327
5	k79_5014
5	k79_9291
5	k79_90372
5	k79_25990
5	k79_8951
5	k79_8462
5	k79_82105
5	k79_23584
5	k79_75704
5	k79_72151
5	k79_14127
5	k79_14947
5	k79_9399
5	k79_48484
5	k79_73940
5	k79_81166
5	k79_41738
5	k79_86470
5	k79_22366
5	k79_59181
5	k79_74140
5	k79_23014
5	k79_214
5	k79_27420
5	k79_28399
5	k79_61790
5	k79_53067
5	k79_34051
5	k79_27875
5	k79_92039
5	k79_76467
5	k79_43838
5	k79_57564
5	k79_87701
5	k79_87499
5	k79_74321
5	k79_64555
5	k79_14709
5	k79_11758
5	k79_10619
5	k79_24470
5	k79_72422
5	k79_22681
5	k79_28321
5	k79_72330
5	k79_50210
5	k79_8520
5	k79_40199
5	k79_499
5	k79_24898
5	k79_32325
5	k79_20830
5	k79_23831
5	k79_56783
5	k79_6971
5	k79_10222
5	k79_39427
5	k79_87840
5	k79_52986
5	k79_75512
5	k79_19431
5	k79_80587
5	k79_31776
5	k79_39584
5	k79_82585
5	k79_24487
5	k79_92193
5	k79_76915
5	k79_73118
5	k79_76490
5	k79_36777
5	k79_94030
5	k79_12216
5	k79_73015
5	k79_32973
5	k79_46458
5	k79_31281
5	k79_61195
5	k79_59450
5	k79_59060
5	k79_51456
5	k79_20385
5	k79_85240
5	k79_30240
5	k79_45379
5	k79_83637
5	k79_27964
5	k79_17232
5	k79_84909
5	k79_59722
5	k79_57933
5	k79_50285
5	k79_17471
5	k79_10427
5	k79_60232
5	k79_74963
5	k79_32000
5	k79_73325
5	k79_48455
5	k79_37430
5	k79_22031
5	k79_92792
5	k79_42518
5	k79_44720
5	k79_63500
5	k79_76918
5	k79_58358
5	k79_22573
5	k79_66231
5	k79_39089
5	k79_30949
5	k79_21678
5	k79_18009
5	k79_49357
5	k79_20442
5	k79_61842
5	k79_15892
5	k79_822
5	k79_8780
5	k79_33369
5	k79_15748
5	k79_63994
5	k79_46547
5	k79_46211
5	k79_14919
5	k79_77420
5	k79_80066
5	k79_31199
5	k79_68262
5	k79_30834
5	k79_85295
5	k79_32157
5	k79_19388
5	k79_92409
5	k79_5524
5	k79_91690
5	k79_78889
5	k79_53976
5	k79_6549
5	k79_92855
5	k79_90759
5	k79_53452
5	k79_31298
5	k79_66614
5	k79_52238
5	k79_44420
5	k79_9359
5	k79_64847
5	k79_18209
5	k79_50021
5	k79_55981
5	k79_64071
5	k79_56001
5	k79_40316
5	k79_663
5	k79_21079
5	k79_34857
5	k79_3455
5	k79_39561
5	k79_27578
5	k79_79412
5	k79_86426
5	k79_49349
5	k79_10982
5	k79_62322
5	k79_79166
5	k79_79219
5	k79_41079
5	k79_20590
5	k79_77085
5	k79_87941
5	k79_71912
5	k79_5781
5	k79_42027
5	k79_61912
5	k79_51251
5	k79_4525
5	k79_54799
5	k79_6381
5	k79_88901
5	k79_8187
5	k79_55001
5	k79_62979
5	k79_47053
5	k79_21659
5	k79_78312
5	k79_28544
5	k79_31061
5	k79_57930
5	k79_41942
5	k79_67157
5	k79_55315
5	k79_7858
5	k79_94205
5	k79_61855
5	k79_17717
5	k79_82048
5	k79_27808
5	k79_60506
5	k79_5153
5	k79_14363
5	k79_70118
5	k79_64520
5	k79_84996
5	k79_73680
5	k79_41808
5	k79_46426
5	k79_22889
5	k79_33312
5	k79_81830
5	k79_10589
5	k79_25099
5	k79_12670
5	k79_29935
5	k79_20229
5	k79_21099
5	k79_94316
5	k79_80505
5	k79_86709
5	k79_28797
5	k79_14412
5	k79_66236
5	k79_75681
5	k79_4535
5	k79_88798
5	k79_84015
5	k79_36704
5	k79_58490
5	k79_24136
5	k79_51700
5	k79_75712
5	k79_53204
5	k79_78222
5	k79_54762
5	k79_83363
5	k79_49248
5	k79_31669
5	k79_39627
5	k79_7539
5	k79_48945
5	k79_77084
5	k79_7748
5	k79_36796
5	k79_23956
5	k79_27196
5	k79_36824
5	k79_74301
5	k79_64713
5	k79_28517
5	k79_45962
5	k79_27070
5	k79_845
5	k79_50057
5	k79_42690
5	k79_79547
5	k79_61287
5	k79_10931
5	k79_45472
5	k79_2026
5	k79_32330
5	k79_55009
5	k79_14125
5	k79_70124
5	k79_83799
5	k79_80671
5	k79_42678
5	k79_94899
5	k79_85522
5	k79_54840
5	k79_89851
5	k79_22614
5	k79_79286
5	k79_37569
5	k79_77336
5	k79_23927
5	k79_81145
5	k79_15678
5	k79_80765
5	k79_55695
5	k79_26208
5	k79_58318
5	k79_12533
5	k79_45392
5	k79_84827
5	k79_93545
5	k79_44375
5	k79_43777
5	k79_21427
5	k79_33099
5	k79_83819
5	k79_89858
5	k79_51896
5	k79_82679
5	k79_4424
5	k79_8351
5	k79_15922
5	k79_89539
5	k79_72176
5	k79_39393
5	k79_76534
5	k79_46030
5	k79_28145
5	k79_88317
5	k79_60152
5	k79_11668
5	k79_85416
5	k79_25211
5	k79_26920
5	k79_52697
5	k79_79853
5	k79_16862
5	k79_35928
5	k79_50504
5	k79_86147
5	k79_11126
5	k79_62241
5	k79_57793
5	k79_38791
5	k79_62047
5	k79_27117
5	k79_81285
5	k79_62371
5	k79_64774
5	k79_25262
5	k79_52959
5	k79_7538
5	k79_77098
5	k79_20127
5	k79_4351
5	k79_2191
5	k79_9176
5	k79_8244
5	k79_18225
5	k79_38924
5	k79_9424
5	k79_24655
5	k79_14039
5	k79_91743
5	k79_26746
5	k79_50615
5	k79_28684
5	k79_88906
5	k79_19877
5	k79_1588
5	k79_61059
5	k79_16546
5	k79_40867
5	k79_26170
5	k79_459
5	k79_29870
5	k79_52082
5	k79_71824
5	k79_73867
5	k79_55985
5	k79_23190
5	k79_65070
5	k79_3832
5	k79_21150
5	k79_9929
5	k79_4109
5	k79_16168
5	k79_75975
5	k79_64105
5	k79_75165
5	k79_63280
5	k79_51223
5	k79_17420
5	k79_20078
5	k79_95442
5	k79_95846
6	k79_76844
6	k79_1208
6	k79_40540
6	k79_33718
6	k79_2936
6	k79_32976
6	k79_3111
6	k79_50482
6	k79_65201
6	k79_39020
6	k79_19502
6	k79_78862
6	k79_31111
6	k79_43855
6	k79_45213
6	k79_64532
6	k79_49791
6	k79_63958
6	k79_35033
6	k79_19066
6	k79_67239
6	k79_16682
6	k79_82520
6	k79_11056
6	k79_49164
6	k79_3394
6	k79_36685
6	k79_39949
6	k79_42827
6	k79_40730
6	k79_94443
6	k79_52549
6	k79_5598
6	k79_28680
6	k79_74688
6	k79_20720
6	k79_48345
6	k79_66185
6	k79_31444
6	k79_59241
6	k79_81097
6	k79_84604
6	k79_80768
6	k79_47173
6	k79_59406
6	k79_68333
6	k79_68595
6	k79_88145
6	k79_22136
6	k79_88988
6	k79_18946
6	k79_40744
6	k79_29699
6	k79_67777
6	k79_44274
6	k79_39937
6	k79_84523
6	k79_85547
6	k79_67056
6	k79_47858
6	k79_76520
6	k79_17857
6	k79_12545
6	k79_63941
6	k79_8305
6	k79_50682
6	k79_2673
6	k79_19318
6	k79_25619
6	k79_77531
6	k79_86825
6	k79_47839
6	k79_26585
6	k79_87743
6	k79_96289
6	k79_280
6	k79_63953
6	k79_3417
6	k79_77253
6	k79_85218
6	k79_33748
6	k79_83866
6	k79_49447
6	k79_12327
6	k79_25859
6	k79_58283
6	k79_22228
6	k79_14520
6	k79_1168
6	k79_62579
6	k79_44353
6	k79_70669
6	k79_14592
6	k79_1472
6	k79_70243
6	k79_50364
6	k79_25519
6	k79_76517
6	k79_83128
6	k79_91304
6	k79_32719
6	k79_27084
6	k79_61075
6	k79_66989
6	k79_90849
6	k79_79030
6	k79_90458
6	k79_82817
6	k79_1783
6	k79_36756
6	k79_51005
6	k79_79343
6	k79_12709
6	k79_46862
6	k79_47792
6	k79_76282
6	k79_43541
6	k79_81411
6	k79_54843
6	k79_63850
6	k79_66289
6	k79_4364
6	k79_62649
6	k79_90807
6	k79_68116
6	k79_52914
6	k79_82446
6	k79_6924
6	k79_11309
6	k79_21597
6	k79_71703
6	k79_73986
6	k79_41073
6	k79_14791
6	k79_11046
6	k79_92950
6	k79_87564
6	k79_71169
6	k79_92383
6	k79_88182
6	k79_17374
6	k79_32408
6	k79_68977
6	k79_22469
6	k79_90826
6	k79_46921
6	k79_24621
6	k79_51593
6	k79_72306
6	k79_60436
6	k79_21433
6	k79_49837
6	k79_1712
6	k79_77722
6	k79_84121
6	k79_72918
6	k79_41813
6	k79_41986
6	k79_44184
6	k79_64580
6	k79_54585
6	k79_14974
6	k79_28299
6	k79_12599
6	k79_44504
6	k79_77593
6	k79_25175
6	k79_67758
6	k79_80287
6	k79_44967
6	k79_39892
6	k79_15755
6	k79_39302
6	k79_48947
6	k79_833
6	k79_60613
6	k79_28140
6	k79_40874
6	k79_66272
6	k79_44008
6	k79_33923
6	k79_60106
6	k79_61219
6	k79_9374
6	k79_68106
6	k79_33927
6	k79_73596
6	k79_26074
6	k79_26498
6	k79_60707
6	k79_48631
6	k79_10053
6	k79_10930
6	k79_73535
6	k79_3685
6	k79_50940
6	k79_73010
6	k79_80414
6	k79_90191
6	k79_18985
6	k79_68065
6	k79_60760
6	k79_55978
6	k79_88935
6	k79_25651
6	k79_87169
6	k79_40515
6	k79_27113
6	k79_60946
6	k79_53771
6	k79_82041
6	k79_83370
6	k79_60210
6	k79_40424
6	k79_67211
6	k79_24697
6	k79_79310
6	k79_34079
6	k79_4493
6	k79_11317
6	k79_78402
6	k79_21752
6	k79_63221
6	k79_24891
6	k79_84519
6	k79_80524
6	k79_42059
6	k79_73763
6	k79_42490
6	k79_17414
6	k79_6429
6	k79_48712
6	k79_38772
6	k79_67755
6	k79_10496
6	k79_77684
6	k79_4006
6	k79_56686
6	k79_53004
6	k79_27107
6	k79_47333
6	k79_69215
6	k79_49082
6	k79_34389
6	k79_16518
6	k79_93001
6	k79_95908
6	k79_88083
6	k79_36964
6	k79_87776
6	k79_41563
6	k79_68535
6	k79_13895
6	k79_45048
6	k79_81286
6	k79_22385
6	k79_841
6	k79_29534
6	k79_92085
6	k79_68770
6	k79_17001
6	k79_68610
6	k79_89963
6	k79_13747
6	k79_61009
6	k79_45908
6	k79_24799
6	k79_84768
6	k79_24674
6	k79_42994
6	k79_67287
6	k79_42390
6	k79_48754
6	k79_17254
6	k79_68318
6	k79_90034
6	k79_71707
6	k79_89673
6	k79_45499
6	k79_52608
6	k79_2644
6	k79_64854
6	k79_16336
6	k79_6007
6	k79_36797
6	k79_28551
6	k79_76943
6	k79_67393
6	k79_69697
6	k79_45369
6	k79_73497
6	k79_64358
6	k79_6762
6	k79_16860
6	k79_1258
6	k79_16646
6	k79_72969
6	k79_81039
6	k79_45793
6	k79_20402
6	k79_26829
6	k79_77454
6	k79_14452
6	k79_37997
6	k79_37573
6	k79_73265
6	k79_51103
6	k79_39034
6	k79_92063
6	k79_20195
6	k79_16446
6	k79_51504
6	k79_16576
6	k79_29308
6	k79_4547
6	k79_83943
6	k79_76716
6	k79_16004
6	k79_82919
6	k79_86135
6	k79_38940
6	k79_51777
6	k79_85734
6	k79_48551
6	k79_75970
6	k79_5124
6	k79_72797
6	k79_14106
6	k79_7709
6	k79_45702
6	k79_16178
6	k79_28779
6	k79_54392
6	k79_36134
6	k79_91420
6	k79_28653
6	k79_51822
6	k79_983
6	k79_66501
6	k79_75444
6	k79_92544
6	k79_4860
6	k79_43620
6	k79_70303
6	k79_35925
6	k79_23722
6	k79_84585
6	k79_84786
6	k79_25601
6	k79_10066
6	k79_73143
6	k79_13180
6	k79_57636
6	k79_1729
6	k79_59415
6	k79_5665
6	k79_58372
6	k79_64501
6	k79_71410
6	k79_44459
6	k79_14377
6	k79_76869
6	k79_55528
6	k79_90841
6	k79_51334
6	k79_13944
6	k79_42479
6	k79_80909
6	k79_36193
6	k79_21485
6	k79_95865
6	k79_65950
6	k79_89157
6	k79_37347
6	k79_51212
6	k79_5096
6	k79_88698
6	k79_52872
6	k79_61850
6	k79_68193
6	k79_32375
6	k79_14329
6	k79_59193
6	k79_28249
6	k79_51990
6	k79_24474
6	k79_76966
6	k79_27728
6	k79_40421
6	k79_54869
6	k79_79038
6	k79_26163
6	k79_70747
6	k79_16129
6	k79_39653
6	k79_46205
6	k79_65057
6	k79_79474
6	k79_35345
6	k79_27978
6	k79_7131
6	k79_19351
6	k79_36561
6	k79_40067
6	k79_91211
6	k79_22106
6	k79_92588
6	k79_51678
6	k79_75752
6	k79_64081
6	k79_73408
6	k79_21381
6	k79_74918
6	k79_55274
6	k79_2825
6	k79_39789
6	k79_4426
6	k79_91442
6	k79_9022
6	k79_21508
6	k79_94456
6	k79_95432
6	k79_51537
6	k79_85146
6	k79_75565
6	k79_29253
6	k79_6831
6	k79_19026
6	k79_12082
6	k79_86597
6	k79_79108
6	k79_18102
6	k79_92340
6	k79_92486
6	k79_86747
6	k79_41879
6	k79_78997
6	k79_32697
6	k79_90060
6	k79_87857
6	k79_3870
6	k79_92467
6	k79_212
6	k79_71839
6	k79_60489
6	k79_57414
6	k79_36351
6	k79_35522
6	k79_17630
6	k79_95603
6	k79_40631
6	k79_25402
6	k79_58921
6	k79_45688
6	k79_61178
6	k79_78884
6	k79_39276
6	k79_64480
6	k79_73067
6	k79_50856
6	k79_91210
6	k79_86358
6	k79_18873
6	k79_7134
6	k79_74026
6	k79_76877
6	k79_45975
6	k79_19358
6	k79_44711
6	k79_28855
6	k79_74775
6	k79_19172
6	k79_110
6	k79_88928
6	k79_43292
6	k79_49178
6	k79_68875
6	k79_23669
6	k79_37439
6	k79_19663
6	k79_32793
6	k79_34346
6	k79_43605
6	k79_50383
6	k79_91329
6	k79_70508
6	k79_16833
6	k79_57577
6	k79_57194
6	k79_79499
6	k79_71519
6	k79_73975
6	k79_72741
6	k79_64513
6	k79_4997
6	k79_60971
6	k79_66731
6	k79_68869
6	k79_71947
6	k79_69160
6	k79_74715
6	k79_81765
6	k79_82584
6	k79_91839
6	k79_94736
6	k79_84281
6	k79_48747
6	k79_19397
6	k79_27268
6	k79_35994
6	k79_20585
6	k79_8716
6	k79_53703
6	k79_8863
6	k79_59843
6	k79_11589
6	k79_75404
6	k79_54936
6	k79_77623
6	k79_55493
6	k79_68593
6	k79_27936
6	k79_9450
6	k79_14088
6	k79_21288
6	k79_46087
6	k79_16562
6	k79_73774
6	k79_81134
6	k79_19512
6	k79_37278
6	k79_72137
6	k79_54097
6	k79_7665
6	k79_81837
6	k79_42345
6	k79_18493
6	k79_43814
6	k79_39642
6	k79_57604
6	k79_70938
6	k79_43796
6	k79_30566
6	k79_20799
6	k79_77049
6	k79_58910
6	k79_34710
6	k79_69724
6	k79_50341
6	k79_96164
6	k79_89652
6	k79_10206
6	k79_50864
6	k79_9041
6	k79_6254
6	k79_19701
6	k79_87468
6	k79_77687
6	k79_16665
6	k79_81344
6	k79_33093
6	k79_96313
6	k79_50595
6	k79_95648
6	k79_17152
6	k79_84958
6	k79_49162
6	k79_28695
6	k79_92321
6	k79_4387
6	k79_44898
6	k79_88171
6	k79_15455
6	k79_57159
6	k79_69680
6	k79_1228
6	k79_217
6	k79_17951
6	k79_48303
6	k79_32746
6	k79_15402
6	k79_24298
6	k79_55568
6	k79_61743
6	k79_3970
6	k79_13122
6	k79_7810
6	k79_74420
6	k79_26185
6	k79_62661
6	k79_41328
6	k79_10801
6	k79_43501
6	k79_74856
6	k79_26706
6	k79_14322
6	k79_28959
6	k79_29001
6	k79_61425
6	k79_21238
6	k79_95274
6	k79_35242
6	k79_25101
6	k79_80708
6	k79_27312
6	k79_61063
6	k79_76814
6	k79_18787
6	k79_73266
6	k79_49467
6	k79_60652
6	k79_47976
6	k79_11595
6	k79_6492
6	k79_51340
6	k79_25309
6	k79_37101
6	k79_60674
6	k79_16649
6	k79_4137
6	k79_84327
6	k79_33988
6	k79_59705
6	k79_23510
6	k79_14721
6	k79_38723
6	k79_27238
6	k79_56652
6	k79_32938
6	k79_38289
6	k79_24976
6	k79_90679
6	k79_66740
6	k79_19748
6	k79_36296
6	k79_23194
6	k79_17034
6	k79_24115
6	k79_37989
6	k79_48871
6	k79_57426
6	k79_7593
6	k79_46518
6	k79_89254
6	k79_24276
6	k79_37943
6	k79_60797
6	k79_24259
6	k79_68420
6	k79_87321
6	k79_49984
6	k79_69406
6	k79_67841
6	k79_92425
6	k79_73592
6	k79_49740
6	k79_70605
6	k79_35690
6	k79_40504
6	k79_58450
6	k79_26338
6	k79_74361
6	k79_9943
6	k79_25976
6	k79_50901
6	k79_10554
6	k79_48097
6	k79_89207
6	k79_82748
6	k79_80874
6	k79_57016
6	k79_93396
6	k79_55935
6	k79_49365
6	k79_60461
6	k79_63145
6	k79_65701
6	k79_21617
6	k79_49464
6	k79_76284
6	k79_52303
6	k79_3594
6	k79_40148
6	k79_42160
6	k79_11557
6	k79_72158
6	k79_35257
6	k79_89306
6	k79_1756
6	k79_73776
6	k79_77126
6	k79_7664
6	k79_91132
6	k79_66968
6	k79_73181
6	k79_86063
6	k79_16075
6	k79_77800
6	k79_7733
6	k79_9949
6	k79_95589
6	k79_36482
6	k79_83656
6	k79_6422
6	k79_20957
6	k79_83119
6	k79_29408
6	k79_83711
6	k79_41156
6	k79_43315
6	k79_55936
6	k79_62490
6	k79_73941
6	k79_43923
6	k79_68306
6	k79_89240
6	k79_40149
6	k79_64612
6	k79_22878
6	k79_64053
6	k79_59515
6	k79_68407
6	k79_76336
6	k79_87636
6	k79_94139
6	k79_40977
6	k79_15841
6	k79_51727
6	k79_37144
6	k79_60818
6	k79_87921
6	k79_93821
6	k79_70254
6	k79_43733
6	k79_42234
6	k79_27246
6	k79_89565
6	k79_62372
6	k79_6224
6	k79_46314
6	k79_8968
6	k79_19955
6	k79_43653
6	k79_20999
6	k79_43294
6	k79_95742
6	k79_83274
6	k79_69832
6	k79_88650
6	k79_9086
6	k79_87346
6	k79_83854
6	k79_6213
6	k79_69213
6	k79_45912
6	k79_25570
6	k79_28396
6	k79_73222
6	k79_61896
6	k79_94079
6	k79_10489
6	k79_55745
6	k79_5991
6	k79_61328
6	k79_86152
6	k79_64654
6	k79_28583
6	k79_74116
6	k79_75306
6	k79_35110
6	k79_26757
6	k79_91146
6	k79_10892
6	k79_72010
6	k79_4171
6	k79_30882
6	k79_73595
6	k79_62085
6	k79_74359
6	k79_29595
6	k79_38224
6	k79_78310
6	k79_61343
6	k79_78160
6	k79_23708
6	k79_56720
6	k79_58110
6	k79_38691
6	k79_62859
6	k79_79865
6	k79_12253
6	k79_90162
6	k79_62991
6	k79_48591
6	k79_3019
6	k79_56462
6	k79_32258
6	k79_78898
6	k79_53012
6	k79_23204
6	k79_90086
6	k79_66419
6	k79_8186
6	k79_8449
6	k79_40411
6	k79_39430
6	k79_29662
6	k79_48239
6	k79_35601
6	k79_1077
6	k79_77399
6	k79_93978
6	k79_67375
6	k79_64012
6	k79_13918
6	k79_39544
6	k79_15583
6	k79_26532
6	k79_93382
6	k79_17616
6	k79_41803
6	k79_25880
6	k79_30389
6	k79_14388
6	k79_27168
6	k79_61541
6	k79_20896
6	k79_63481
6	k79_67618
6	k79_990
6	k79_91761
6	k79_15250
6	k79_72777
6	k79_79998
6	k79_36427
6	k79_38233
6	k79_61667
7	k79_37550
7	k79_17166
7	k79_30139
7	k79_20717
7	k79_45533
7	k79_89203
7	k79_64576
7	k79_86103
7	k79_79282
7	k79_83114
7	k79_73877
7	k79_63956
7	k79_83210
7	k79_67333
7	k79_36851
7	k79_45668
7	k79_37620
7	k79_61993
7	k79_46558
7	k79_52820
7	k79_80062
7	k79_23322
7	k79_95209
7	k79_89448
7	k79_78052
7	k79_83674
7	k79_84614
7	k79_44523
7	k79_51898
7	k79_169
7	k79_61873
7	k79_83761
7	k79_13652
7	k79_91621
7	k79_52120
7	k79_89169
7	k79_57452
7	k79_58628
7	k79_37929
7	k79_54751
7	k79_80785
7	k79_58741
7	k79_2050
7	k79_9166
7	k79_46388
7	k79_71744
7	k79_9327
7	k79_26565
7	k79_1020
7	k79_70151
7	k79_43351
7	k79_70824
7	k79_57798
7	k79_11957
7	k79_52670
7	k79_56859
8	k79_33962
8	k79_80346
8	k79_14605
8	k79_87625
8	k79_65473
8	k79_83673
8	k79_26949
8	k79_78645
8	k79_68638
8	k79_12524
9	k79_33079
9	k79_88208
9	k79_87288
9	k79_4469
9	k79_88411
9	k79_23245
9	k79_62448
9	k79_75485
9	k79_90612
9	k79_43774
9	k79_348
9	k79_15893
9	k79_6272
9	k79_26161
9	k79_82745
9	k79_29828
9	k79_68518
9	k79_60893
9	k79_59797
9	k79_23074
9	k79_79860
9	k79_2221
9	k79_66512
9	k79_95462
9	k79_22054
9	k79_90336
9	k79_57621
9	k79_1760
9	k79_87691
9	k79_90987
9	k79_8162
9	k79_29717
9	k79_82019
9	k79_62913
9	k79_81638
9	k79_37910
9	k79_23096
9	k79_29688
9	k79_24124
9	k79_69067
9	k79_46321
9	k79_14837
9	k79_98
9	k79_63795
9	k79_46326
9	k79_70181
9	k79_83680
9	k79_21958
9	k79_56355
9	k79_61574
9	k79_74078
9	k79_24322
9	k79_25284
9	k79_6801
9	k79_33049
9	k79_24446
9	k79_16712
9	k79_8630
9	k79_88918
10	k79_24453
10	k79_61152
10	k79_55702
10	k79_24433
10	k79_16016
10	k79_63967
10	k79_22885
10	k79_60292
10	k79_73721
10	k79_77174
10	k79_74841
10	k79_65184
10	k79_33678
10	k79_95740
10	k79_64624
10	k79_6202
10	k79_10203
10	k79_11943
10	k79_22335
10	k79_61104
10	k79_24414
10	k79_52987
10	k79_31834
10	k79_47319
10	k79_35428
10	k79_38099
10	k79_78593
10	k79_46820
10	k79_9115
10	k79_24369
10	k79_44539
10	k79_3484
10	k79_30858
10	k79_86335
10	k79_48803
10	k79_3302
10	k79_71850
10	k79_12362
10	k79_25846
10	k79_32550
10	k79_47289
10	k79_87098
10	k79_87616
10	k79_44224
10	k79_64908
10	k79_10043
10	k79_10842
10	k79_2195
10	k79_86440
10	k79_15910
10	k79_60252
10	k79_5026
10	k79_18402
10	k79_6879
10	k79_58660
10	k79_63282
10	k79_91124
10	k79_33981
10	k79_5842
10	k79_65079
10	k79_31244
10	k79_41896
10	k79_67624
10	k79_92727
10	k79_24278
10	k79_26298
10	k79_55781
10	k79_79747
10	k79_44123
10	k79_69929
10	k79_22471
10	k79_49240
10	k79_26514
10	k79_2250
10	k79_86653
10	k79_77915
10	k79_2091
10	k79_81881
10	k79_49425
10	k79_48893
10	k79_62923
10	k79_58492
10	k79_71141
10	k79_56159
10	k79_447
10	k79_56861
10	k79_60062
10	k79_48576
10	k79_77899
10	k79_44733
10	k79_77352
10	k79_23125
10	k79_22818
10	k79_36559
10	k79_63553
10	k79_16291
10	k79_25242
10	k79_24440
10	k79_65229
10	k79_77985
10	k79_39128
10	k79_21322
10	k79_3273
10	k79_7875
10	k79_8427
10	k79_6719
10	k79_68284
10	k79_9998
10	k79_61826
10	k79_3936
10	k79_356
10	k79_58932
10	k79_44580
10	k79_49903
10	k79_60850
10	k79_20421
10	k79_9521
10	k79_57144
10	k79_54209
10	k79_66237
10	k79_33692
10	k79_4177
10	k79_75332
10	k79_47852
10	k79_5258
10	k79_38202
10	k79_94770
10	k79_86800
10	k79_17489
10	k79_90973
10	k79_43880
10	k79_90018
10	k79_12997
10	k79_93907
10	k79_49167
10	k79_65072
10	k79_75841
10	k79_79321
10	k79_29051
10	k79_15459
10	k79_46141
10	k79_48819
10	k79_12752
10	k79_39332
10	k79_95161
10	k79_61797
10	k79_388
10	k79_27642
10	k79_61008
10	k79_11210
10	k79_39839
10	k79_92831
10	k79_26048
10	k79_48168
10	k79_29319
10	k79_27649
10	k79_78508
10	k79_65011
10	k79_85598
10	k79_60697
10	k79_55341
10	k79_49276
10	k79_43118
10	k79_66517
10	k79_54671
10	k79_64841
10	k79_58351
10	k79_52642
10	k79_16394
10	k79_79952
10	k79_45650
10	k79_71976
10	k79_52651
10	k79_5476
10	k79_22743
10	k79_35611
10	k79_23354
10	k79_36274
10	k79_60034
10	k79_26778
10	k79_60588
10	k79_36102
10	k79_53697
10	k79_88194
10	k79_11400
10	k79_68648
10	k79_95167
10	k79_59228
10	k79_30513
10	k79_57540
11	k79_43830
11	k79_41617
11	k79_22392
11	k79_42013
11	k79_55581
11	k79_42210
11	k79_4000
11	k79_50891
11	k79_66906
11	k79_67692
11	k79_63957
11	k79_50291
11	k79_16729
11	k79_64810
11	k79_52727
11	k79_8401
11	k79_34931
11	k79_21269
11	k79_238
11	k79_56406
11	k79_64700
11	k79_33727
11	k79_7690
11	k79_83591
11	k79_67734
11	k79_51476
12	k79_85170
12	k79_59771
12	k79_47549
12	k79_56322
12	k79_4432
12	k79_94973
12	k79_60422
12	k79_52049
12	k79_44269
12	k79_36740
12	k79_88152
12	k79_19602
12	k79_68799
12	k79_40479
12	k79_57184
12	k79_27885
12	k79_7374
12	k79_67599
12	k79_27258
12	k79_91721
12	k79_19950
12	k79_72419
12	k79_86057
12	k79_40487
12	k79_53746
12	k79_44131
12	k79_14658
12	k79_43610
12	k79_55180
12	k79_63443
12	k79_69168
12	k79_41049
12	k79_56691
12	k79_83706
12	k79_5190
12	k79_49235
12	k79_3768
12	k79_84898
12	k79_30599
12	k79_67100
12	k79_11796
12	k79_60832
12	k79_87210
12	k79_6705
12	k79_48394
12	k79_31021
12	k79_87345
12	k79_85127
12	k79_86385
12	k79_44158
12	k79_80415
12	k79_28823
12	k79_71989
12	k79_12437
12	k79_65882
12	k79_49059
12	k79_888
12	k79_88013
12	k79_43090
12	k79_42754
12	k79_62801
12	k79_685
12	k79_3749
12	k79_64260
12	k79_72633
12	k79_45095
12	k79_23648
12	k79_49557
12	k79_74365
12	k79_71838
12	k79_48995
12	k79_82118
12	k79_41981
12	k79_56944
12	k79_42543
12	k79_31906
12	k79_5306
12	k79_74679
12	k79_89691
12	k79_83620
12	k79_41191
12	k79_63594
12	k79_7102
12	k79_56394
12	k79_28324
12	k79_43367
12	k79_14474
12	k79_36101
12	k79_50749
12	k79_64333
12	k79_60959
12	k79_898
12	k79_30982
12	k79_62948
12	k79_58627
12	k79_11010
12	k79_3561
12	k79_42842
12	k79_50213
12	k79_55779
12	k79_71632
12	k79_250
12	k79_19106
12	k79_83372
12	k79_77658
12	k79_15220
12	k79_90466
12	k79_36953
12	k79_30514
12	k79_88872
12	k79_33905
12	k79_96372
12	k79_25289
12	k79_61603
12	k79_3276
12	k79_80190
12	k79_67894
12	k79_8884
12	k79_59712
12	k79_13024
12	k79_74680
12	k79_19656
12	k79_59984
12	k79_24668
12	k79_12392
12	k79_60792
12	k79_57694
12	k79_82221
12	k79_86786
12	k79_89977
12	k79_62442
12	k79_93777
12	k79_87628
12	k79_17635
12	k79_78393
12	k79_43098
12	k79_29281
12	k79_18506
12	k79_19357
12	k79_47347
12	k79_46523
12	k79_33818
12	k79_5695
12	k79_20101
12	k79_72294
12	k79_62353
12	k79_16019
12	k79_86355
12	k79_64320
12	k79_90309
12	k79_46576
12	k79_85821
12	k79_8127
12	k79_21691
12	k79_31139
12	k79_79185
12	k79_53625
12	k79_66765
12	k79_9522
12	k79_29698
12	k79_15610
12	k79_5950
12	k79_89011
12	k79_57705
12	k79_81597
12	k79_58517
12	k79_1654
12	k79_31993
12	k79_84333
12	k79_93558
12	k79_92892
12	k79_56905
12	k79_25479
12	k79_36550
12	k79_94253
12	k79_29753
12	k79_61770
12	k79_91172
12	k79_52124
12	k79_83566
12	k79_11110
12	k79_77402
12	k79_17285
12	k79_66864
12	k79_44382
12	k79_62010
12	k79_92632
12	k79_38712
12	k79_26559
12	k79_89733
12	k79_3679
12	k79_77512
12	k79_71258
12	k79_31844
12	k79_85850
12	k79_14004
12	k79_81333
12	k79_72859
12	k79_42573
12	k79_9523
12	k79_27434
12	k79_55890
12	k79_25981
13	k79_39989
13	k79_39580
13	k79_62919
13	k79_3567
13	k79_82370
13	k79_54194
13	k79_79341
13	k79_49025
13	k79_2691
13	k79_48080
13	k79_34446
13	k79_60157
13	k79_45373
13	k79_94286
13	k79_56013
13	k79_88837
13	k79_12735
13	k79_48948
13	k79_13115
13	k79_77627
13	k79_89726
13	k79_18033
13	k79_70693
13	k79_7463
13	k79_71224
13	k79_32654
13	k79_64825
13	k79_56890
13	k79_82424
13	k79_5168
13	k79_82862
13	k79_65565
13	k79_80728
13	k79_96183
13	k79_32439
13	k79_30017
13	k79_6099
13	k79_73996
13	k79_65315
13	k79_54185
13	k79_26954
13	k79_30211
13	k79_22553
13	k79_96056
13	k79_26770
13	k79_12526
13	k79_36152
13	k79_3542
13	k79_13060
13	k79_4513
13	k79_92171
13	k79_40372
13	k79_2769
13	k79_13283
13	k79_69542
13	k79_64062
13	k79_90326
13	k79_59538
13	k79_65744
13	k79_58810
13	k79_35117
13	k79_64076
13	k79_35920
13	k79_80916
13	k79_77677
13	k79_68864
13	k79_29567
13	k79_68879
13	k79_93314
13	k79_33165
13	k79_24426
13	k79_39552
13	k79_95654
13	k79_84068
13	k79_47118
13	k79_9514
13	k79_1225
13	k79_42208
13	k79_31129
13	k79_60401
13	k79_2555
13	k79_41074
13	k79_46306
13	k79_51115
13	k79_24230
13	k79_4539
13	k79_24066
13	k79_60886
13	k79_37905
13	k79_4601
13	k79_96316
13	k79_18587
13	k79_6650
13	k79_44561
13	k79_32576
13	k79_95081
13	k79_66931
13	k79_94280
13	k79_77369
13	k79_23054
13	k79_42667
13	k79_66017
13	k79_19439
13	k79_86637
13	k79_9441
13	k79_12423
13	k79_51976
13	k79_49223
13	k79_39199
13	k79_18405
13	k79_48165
13	k79_84064
13	k79_45651
13	k79_25019
13	k79_38407
13	k79_14304
13	k79_48310
13	k79_12898
13	k79_44220
13	k79_5221
13	k79_43049
13	k79_44162
13	k79_60486
13	k79_88349
13	k79_12139
13	k79_50611
13	k79_82359
13	k79_53899
13	k79_41388
13	k79_58989
13	k79_29216
13	k79_33618
13	k79_29562
13	k79_44080
13	k79_46160
13	k79_62311
13	k79_90383
13	k79_58220
13	k79_65849
13	k79_45593
13	k79_39493
13	k79_84623
13	k79_38495
13	k79_48433
13	k79_40336
13	k79_92466
13	k79_76183
13	k79_41027
13	k79_15145
13	k79_66058
13	k79_28868
13	k79_79061
13	k79_18984
13	k79_33311
13	k79_41891
13	k79_90866
13	k79_15053
13	k79_74414
13	k79_27229
13	k79_12495
13	k79_17241
13	k79_29705
13	k79_51149
13	k79_63473
13	k79_18662
13	k79_40056
13	k79_85184
13	k79_389
13	k79_33010
13	k79_8645
13	k79_61051
13	k79_53305
13	k79_35852
13	k79_36112
13	k79_26028
13	k79_88777
13	k79_59298
13	k79_15462
13	k79_23436
13	k79_34269
13	k79_37763
13	k79_24837
13	k79_36957
13	k79_82434
13	k79_33800
13	k79_24637
13	k79_69274
13	k79_53446
13	k79_8350
13	k79_16716
13	k79_30252
13	k79_19954
13	k79_40892
13	k79_10574
13	k79_27903
13	k79_87119
13	k79_32756
13	k79_57695
13	k79_66921
13	k79_34838
13	k79_56356
13	k79_90895
13	k79_90682
13	k79_52302
13	k79_58029
13	k79_43544
13	k79_10823
13	k79_43167
13	k79_40214
13	k79_89274
13	k79_14201
13	k79_1308
13	k79_32603
13	k79_15096
13	k79_45554
13	k79_35724
13	k79_38185
13	k79_57734
13	k79_5224
13	k79_87656
13	k79_42456
13	k79_57654
13	k79_39265
13	k79_34438
13	k79_35814
13	k79_39007
13	k79_28691
13	k79_61637
13	k79_88618
13	k79_47626
13	k79_70105
13	k79_55010
13	k79_44233
13	k79_44356
13	k79_89766
13	k79_51113
13	k79_90725
13	k79_46952
13	k79_24465
13	k79_28609
13	k79_19854
13	k79_27698
13	k79_75048
13	k79_29631
13	k79_68401
13	k79_87841
13	k79_83304
13	k79_31466
13	k79_30048
13	k79_20123
13	k79_82329
13	k79_36912
13	k79_8155
13	k79_6670
13	k79_42596
13	k79_11658
13	k79_8165
13	k79_37813
13	k79_84723
13	k79_85965
13	k79_64226
13	k79_81550
13	k79_26636
13	k79_22925
13	k79_59063
13	k79_24153
13	k79_182
13	k79_61727
13	k79_66421
13	k79_62380
13	k79_42610
13	k79_67072
13	k79_63143
13	k79_82336
13	k79_48288
13	k79_36600
13	k79_1089
13	k79_50058
13	k79_78179
13	k79_50119
13	k79_3330
13	k79_22610
13	k79_20781
13	k79_91849
13	k79_65308
13	k79_3231
13	k79_43574
13	k79_1655
13	k79_83189
13	k79_47273
13	k79_55307
13	k79_49338
13	k79_5978
13	k79_24377
13	k79_2774
13	k79_985
13	k79_32925
13	k79_30955
13	k79_30728
13	k79_93619
13	k79_62003
13	k79_5667
13	k79_64616
13	k79_42652
13	k79_64278
13	k79_74861
13	k79_66408
13	k79_83388
13	k79_8497
13	k79_4565
13	k79_69031
13	k79_21948
13	k79_13580
13	k79_71421
13	k79_34022
13	k79_17391
13	k79_3573
13	k79_23151
13	k79_79774
13	k79_59934
13	k79_18556
13	k79_12433
13	k79_86429
13	k79_21272
13	k79_74796
13	k79_44153
13	k79_51424
13	k79_42130
13	k79_78640
13	k79_83698
13	k79_76727
13	k79_40022
13	k79_39001
13	k79_63665
13	k79_55181
13	k79_82661
13	k79_59447
13	k79_18583
13	k79_95754
13	k79_67770
13	k79_31162
13	k79_3991
13	k79_91340
13	k79_72373
13	k79_68909
13	k79_6901
13	k79_74494
13	k79_8554
13	k79_50578
13	k79_22403
13	k79_49300
13	k79_457
13	k79_69369
13	k79_11887
13	k79_79297
13	k79_16628
13	k79_79814
13	k79_43885
13	k79_8390
13	k79_87344
13	k79_41582
13	k79_63887
13	k79_40338
13	k79_81552
13	k79_18036
13	k79_47728
13	k79_91546
13	k79_12408
13	k79_29420
13	k79_26600
13	k79_20026
13	k79_23949
13	k79_37737
13	k79_74556
13	k79_8752
13	k79_77440
13	k79_63482
13	k79_55660
13	k79_30821
13	k79_89406
13	k79_13941
13	k79_47294
13	k79_10372
13	k79_71149
13	k79_36518
13	k79_84777
13	k79_32362
13	k79_10299
13	k79_6666
13	k79_34498
13	k79_89062
13	k79_80649
13	k79_22700
13	k79_45139
13	k79_57462
13	k79_58324
13	k79_77236
13	k79_10636
13	k79_32426
13	k79_86036
13	k79_21699
13	k79_12970
13	k79_66037
13	k79_68855
13	k79_84086
13	k79_72730
13	k79_35560
13	k79_69162
13	k79_30059
13	k79_63014
13	k79_89572
13	k79_63815
13	k79_85623
13	k79_7347
13	k79_33517
13	k79_72275
13	k79_84782
13	k79_40152
13	k79_17181
13	k79_58334
13	k79_36947
13	k79_85334
13	k79_29770
13	k79_18958
13	k79_8564
13	k79_73022
13	k79_32610
13	k79_48104
13	k79_27256
13	k79_30409
13	k79_70438
13	k79_35823
13	k79_73134
13	k79_64664
13	k79_94662
13	k79_72677
13	k79_53478
13	k79_9721
13	k79_78762
13	k79_32790
13	k79_32440
13	k79_4723
13	k79_8636
13	k79_27781
13	k79_20096
13	k79_70171
13	k79_83867
13	k79_41578
13	k79_88945
13	k79_66826
13	k79_10088
13	k79_16863
13	k79_39538
13	k79_3880
13	k79_66328
13	k79_93881
13	k79_85761
13	k79_10901
13	k79_53706
13	k79_33976
13	k79_86414
13	k79_15696
13	k79_67448
13	k79_90395
13	k79_47688
13	k79_46886
13	k79_82473
13	k79_10033
13	k79_37065
13	k79_384
13	k79_16974
13	k79_53346
13	k79_35877
13	k79_42835
13	k79_7147
13	k79_61764
13	k79_480
13	k79_91889
13	k79_87111
13	k79_19630
13	k79_41584
13	k79_17214
13	k79_76920
13	k79_66628
13	k79_39081
13	k79_24473
13	k79_28535
13	k79_79950
13	k79_37400
13	k79_35634
13	k79_28072
13	k79_79962
13	k79_41000
13	k79_34352
13	k79_32293
13	k79_11351
13	k79_58328
13	k79_63707
13	k79_84894
13	k79_20329
13	k79_19479
13	k79_62146
13	k79_39178
13	k79_3607
13	k79_66374
13	k79_43223
13	k79_58768
13	k79_53616
13	k79_48133
13	k79_31930
13	k79_93269
13	k79_31679
13	k79_76231
13	k79_20407
13	k79_50719
13	k79_87959
13	k79_54861
13	k79_44000
13	k79_45382
13	k79_33155
13	k79_76882
13	k79_55790
13	k79_51455
13	k79_35986
13	k79_52855
13	k79_66574
13	k79_13844
13	k79_38188
13	k79_3623
13	k79_90135
13	k79_23522
13	k79_31989
13	k79_28639
13	k79_27498
13	k79_69645
13	k79_40916
13	k79_36933
13	k79_50179
13	k79_5833
13	k79_57614
13	k79_94066
13	k79_45343
13	k79_7587
13	k79_42600
13	k79_13309
13	k79_67695
13	k79_9149
13	k79_94650
13	k79_59399
13	k79_53858
13	k79_1345
13	k79_26144
13	k79_28500
13	k79_39084
13	k79_54509
13	k79_43216
13	k79_66195
13	k79_18324
13	k79_33929
13	k79_21564
13	k79_26070
13	k79_50445
13	k79_56940
13	k79_11373
13	k79_3232
13	k79_1747
13	k79_10699
13	k79_76768
13	k79_52821
13	k79_29495
13	k79_16595
13	k79_772
13	k79_89183
13	k79_24308
13	k79_93223
13	k79_22646
13	k79_86139
13	k79_64037
13	k79_29552
13	k79_64222
13	k79_16964
13	k79_36156
13	k79_30739
13	k79_81382
13	k79_62136
13	k79_76172
13	k79_13252
13	k79_24928
13	k79_23401
13	k79_85835
13	k79_76423
13	k79_1057
13	k79_76532
13	k79_34679
13	k79_16200
13	k79_15718
13	k79_60606
13	k79_50835
13	k79_75690
13	k79_64065
13	k79_49222
13	k79_27237
13	k79_29127
14	k79_87952
15	k79_85579
15	k79_93322
15	k79_75192
15	k79_19547
15	k79_90418
15	k79_40643
15	k79_18130
15	k79_88153
15	k79_23797
15	k79_86406
15	k79_28831
15	k79_19509
15	k79_37793
15	k79_52644
15	k79_36586
15	k79_50491
15	k79_57785
15	k79_88461
15	k79_93306
15	k79_91577
15	k79_19150
15	k79_47200
15	k79_32472
15	k79_35373
15	k79_76049
15	k79_14116
15	k79_40880
15	k79_42544
15	k79_81529
15	k79_4452
15	k79_65257
15	k79_2794
15	k79_51512
15	k79_29288
15	k79_93038
15	k79_58851
15	k79_5640
15	k79_12266
15	k79_66107
15	k79_30590
15	k79_53454
15	k79_92109
15	k79_96141
15	k79_46088
15	k79_18909
15	k79_10046
15	k79_63537
15	k79_89223
15	k79_42705
15	k79_63701
15	k79_46869
15	k79_54105
15	k79_89739
15	k79_20706
15	k79_24128
15	k79_24785
15	k79_59266
15	k79_4765
15	k79_64167
15	k79_58106
15	k79_57285
15	k79_72562
15	k79_48654
15	k79_85319
15	k79_14823
15	k79_65095
15	k79_47838
15	k79_7599
15	k79_60522
15	k79_30325
15	k79_72394
15	k79_66267
15	k79_69529
15	k79_22791
15	k79_90472
15	k79_6321
15	k79_24914
15	k79_95763
15	k79_42154
15	k79_4162
15	k79_77588
15	k79_71584
15	k79_72649
15	k79_44897
15	k79_46056
15	k79_39029
15	k79_59672
15	k79_13659
15	k79_31858
15	k79_56606
15	k79_73969
15	k79_60855
15	k79_54687
15	k79_12799
15	k79_65483
15	k79_50721
15	k79_32188
15	k79_77667
15	k79_45130
15	k79_53956
15	k79_9762
15	k79_89383
15	k79_45400
15	k79_48599
15	k79_50130
15	k79_5955
15	k79_67528
15	k79_39960
15	k79_58604
15	k79_27788
15	k79_31175
15	k79_6342
15	k79_81624
15	k79_10604
15	k79_76832
15	k79_12819
15	k79_20201
15	k79_44036
15	k79_65693
15	k79_19944
15	k79_59152
15	k79_31116
15	k79_51642
15	k79_40694
15	k79_85169
15	k79_63693
15	k79_82943
15	k79_87246
15	k79_26113
15	k79_38797
15	k79_89496
15	k79_27397
15	k79_80452
15	k79_17814
15	k79_67472
15	k79_67590
15	k79_18095
15	k79_54925
15	k79_92915
15	k79_9177
15	k79_13597
15	k79_82888
15	k79_85601
15	k79_93848
15	k79_69681
15	k79_59416
15	k79_62864
15	k79_68821
15	k79_23810
15	k79_46887
15	k79_40080
15	k79_92992
15	k79_61509
15	k79_27190
15	k79_51205
15	k79_34133
15	k79_59106
15	k79_40384
15	k79_37491
15	k79_76144
15	k79_19067
15	k79_72338
15	k79_26181
15	k79_50571
15	k79_64117
15	k79_5365
15	k79_58607
15	k79_68046
15	k79_46096
15	k79_13727
15	k79_7890
15	k79_78445
15	k79_13189
15	k79_79925
15	k79_75167
15	k79_16938
15	k79_79905
15	k79_39612
15	k79_90698
15	k79_32890
15	k79_19114
15	k79_50358
15	k79_55466
15	k79_12406
15	k79_78447
15	k79_7425
15	k79_81049
15	k79_37580
15	k79_36249
15	k79_68703
15	k79_92781
15	k79_68138
15	k79_9669
15	k79_27366
15	k79_9995
15	k79_50346
15	k79_41238
15	k79_27364
15	k79_25664
15	k79_93436
15	k79_69506
15	k79_81362
15	k79_37041
15	k79_48272
15	k79_70506
15	k79_31628
15	k79_85368
15	k79_20913
15	k79_20646
15	k79_67990
15	k79_47350
15	k79_3148
15	k79_68164
15	k79_15758
15	k79_72980
15	k79_59332
15	k79_69533
15	k79_51483
15	k79_10162
15	k79_82430
15	k79_64892
15	k79_19003
15	k79_8706
15	k79_46678
15	k79_83101
15	k79_67385
15	k79_38135
15	k79_5276
15	k79_77381
15	k79_13149
15	k79_2374
15	k79_81309
15	k79_58643
15	k79_69065
15	k79_51391
15	k79_54858
15	k79_50484
15	k79_74487
15	k79_34242
15	k79_42523
15	k79_28518
15	k79_15844
15	k79_73746
15	k79_82023
15	k79_22291
15	k79_7080
15	k79_88822
15	k79_46616
15	k79_44712
15	k79_75257
15	k79_3831
15	k79_29834
15	k79_29938
15	k79_29881
15	k79_67442
15	k79_15806
15	k79_62732
15	k79_22637
15	k79_13274
15	k79_8739
15	k79_60369
15	k79_18488
15	k79_45953
15	k79_94643
15	k79_47991
15	k79_11370
15	k79_74235
15	k79_54454
15	k79_61089
15	k79_7195
15	k79_266
15	k79_82517
15	k79_9196
15	k79_14217
15	k79_22159
15	k79_84977
15	k79_74376
15	k79_53127
15	k79_46996
15	k79_64675
15	k79_41911
15	k79_21970
15	k79_5455
15	k79_58438
15	k79_82864
15	k79_33762
15	k79_86392
15	k79_16666
15	k79_81161
15	k79_37138
15	k79_41291
15	k79_90518
15	k79_78606
15	k79_21944
15	k79_43746
15	k79_50014
15	k79_68742
15	k79_2911
15	k79_36376
15	k79_88161
15	k79_57336
15	k79_94350
15	k79_82932
15	k79_68017
15	k79_61493
15	k79_8102
15	k79_39993
15	k79_31577
15	k79_48951
15	k79_95115
15	k79_74705
15	k79_73411
15	k79_91892
15	k79_73026
15	k79_33026
15	k79_84597
15	k79_88530
15	k79_13395
15	k79_37316
15	k79_42656
15	k79_73414
15	k79_43507
15	k79_72428
15	k79_79996
15	k79_3504
15	k79_35480
15	k79_66881
15	k79_33842
15	k79_28877
15	k79_77459
15	k79_11139
15	k79_60580
15	k79_76418
15	k79_90638
15	k79_2468
15	k79_20227
15	k79_6857
15	k79_49885
15	k79_54833
15	k79_73756
15	k79_95537
15	k79_93667
15	k79_35911
15	k79_23016
15	k79_90461
15	k79_8397
15	k79_74213
15	k79_8997
15	k79_28032
15	k79_32225
15	k79_54339
15	k79_52949
15	k79_39895
15	k79_29067
15	k79_76704
15	k79_53736
15	k79_63534
15	k79_51028
15	k79_18449
15	k79_4279
15	k79_80353
15	k79_47179
15	k79_39885
15	k79_61876
15	k79_24190
15	k79_95985
15	k79_18444
15	k79_57017
15	k79_12296
15	k79_17010
15	k79_5575
15	k79_78621
15	k79_56566
15	k79_74343
15	k79_39622
15	k79_81867
15	k79_23935
15	k79_22108
15	k79_61228
15	k79_42613
15	k79_92164
15	k79_24285
15	k79_90656
15	k79_19749
15	k79_24088
15	k79_77736
15	k79_821
15	k79_74023
15	k79_52998
15	k79_32796
15	k79_94501
15	k79_62723
15	k79_79391
15	k79_1069
15	k79_73696
15	k79_26638
15	k79_96127
15	k79_23383
15	k79_34603
15	k79_27905
15	k79_94041
15	k79_76159
15	k79_39168
15	k79_89467
15	k79_80556
15	k79_52714
15	k79_94654
15	k79_3296
15	k79_47951
15	k79_45241
15	k79_67498
15	k79_19379
15	k79_11985
15	k79_69339
15	k79_86236
15	k79_4444
15	k79_80702
15	k79_52635
15	k79_50042
15	k79_61602
15	k79_80907
15	k79_41459
15	k79_47677
15	k79_28694
15	k79_48374
15	k79_17992
15	k79_12070
15	k79_62393
15	k79_51414
15	k79_25363
15	k79_59518
15	k79_61145
15	k79_75718
15	k79_23208
15	k79_50107
15	k79_34476
15	k79_66788
15	k79_21340
15	k79_72909
15	k79_25541
15	k79_92575
15	k79_74367
15	k79_38700
15	k79_15046
15	k79_76597
15	k79_54893
15	k79_50498
15	k79_80654
15	k79_34492
15	k79_30073
15	k79_53865
15	k79_33978
15	k79_78112
15	k79_48255
15	k79_90192
15	k79_45958
15	k79_67751
15	k79_32411
15	k79_21032
15	k79_38596
15	k79_74607
15	k79_32486
15	k79_19624
15	k79_36399
15	k79_96358
15	k79_67566
15	k79_88140
15	k79_92170
15	k79_34159
15	k79_15558
15	k79_16564
15	k79_21897
15	k79_54190
15	k79_20187
15	k79_7039
15	k79_28492
15	k79_83177
15	k79_28327
15	k79_11348
15	k79_42025
15	k79_22247
15	k79_54349
15	k79_47971
15	k79_5048
15	k79_19350
15	k79_25578
15	k79_3942
15	k79_61768
15	k79_15418
15	k79_73711
15	k79_45194
15	k79_18427
15	k79_65194
15	k79_5523
15	k79_27097
15	k79_44409
15	k79_22921
15	k79_613
15	k79_32206
15	k79_747
15	k79_59319
15	k79_49243
15	k79_16134
15	k79_41631
15	k79_10638
15	k79_93136
15	k79_31792
15	k79_68751
15	k79_95153
15	k79_40
15	k79_26963
15	k79_80103
15	k79_19911
15	k79_44618
15	k79_88912
15	k79_31417
15	k79_92720
15	k79_46137
15	k79_50216
15	k79_163
15	k79_30543
15	k79_21228
15	k79_15004
15	k79_46540
15	k79_45007
15	k79_64527
15	k79_11034
15	k79_73865
15	k79_68738
15	k79_24075
15	k79_37560
15	k79_64995
15	k79_49776
15	k79_51583
15	k79_15207
15	k79_76917
15	k79_6569
15	k79_44526
15	k79_15559
15	k79_3541
15	k79_5093
15	k79_56562
15	k79_4787
15	k79_32818
15	k79_41201
15	k79_62035
15	k79_94932
15	k79_71195
15	k79_78668
15	k79_379
15	k79_15829
15	k79_50053
15	k79_66587
15	k79_42629
15	k79_92867
15	k79_1903
15	k79_52478
15	k79_63183
15	k79_87142
15	k79_9955
15	k79_10532
15	k79_16370
15	k79_11644
15	k79_63846
15	k79_41665
15	k79_52588
15	k79_57657
15	k79_86468
15	k79_92239
15	k79_36599
15	k79_30430
15	k79_66719
15	k79_18980
15	k79_7279
15	k79_50548
15	k79_43211
15	k79_8533
15	k79_10310
15	k79_34759
15	k79_72114
15	k79_35936
15	k79_52007
15	k79_68927
15	k79_77075
15	k79_67828
15	k79_89764
15	k79_51094
15	k79_63924
15	k79_80446
15	k79_56687
15	k79_83355
15	k79_23175
15	k79_13311
15	k79_41234
15	k79_641
15	k79_18298
15	k79_79116
15	k79_80688
15	k79_69580
15	k79_48405
15	k79_60235
15	k79_19893
15	k79_94279
15	k79_11784
15	k79_41460
15	k79_34852
15	k79_57936
15	k79_25051
15	k79_51540
15	k79_67788
15	k79_21298
15	k79_6689
15	k79_21372
15	k79_21895
15	k79_13363
15	k79_15159
15	k79_85091
15	k79_55767
15	k79_74825
15	k79_75090
15	k79_91075
15	k79_90077
15	k79_27305
15	k79_29155
15	k79_69342
15	k79_36558
15	k79_19036
15	k79_91789
15	k79_89413
15	k79_64994
15	k79_76424
15	k79_38443
15	k79_29588
15	k79_75135
15	k79_58959
15	k79_67714
15	k79_43593
15	k79_34746
15	k79_14537
15	k79_89220
15	k79_171
15	k79_54061
15	k79_81302
15	k79_8944
15	k79_67102
15	k79_45929
15	k79_9470
15	k79_83009
15	k79_52932
15	k79_10622
15	k79_66065
15	k79_30725
15	k79_83057
15	k79_7503
15	k79_28881
15	k79_29866
15	k79_92037
15	k79_37200
15	k79_5784
15	k79_26118
15	k79_19744
15	k79_27974
15	k79_44790
15	k79_81949
15	k79_32784
15	k79_37659
15	k79_73492
15	k79_32416
15	k79_46101
15	k79_88965
15	k79_5743
15	k79_4586
15	k79_84292
15	k79_78520
15	k79_83233
15	k79_49061
15	k79_72897
15	k79_5780
15	k79_75234
15	k79_45675
15	k79_91191
15	k79_69582
15	k79_61292
15	k79_56533
15	k79_42541
15	k79_7296
15	k79_82518
15	k79_95461
15	k79_72685
15	k79_57111
15	k79_58692
15	k79_28434
15	k79_9204
15	k79_6118
15	k79_6500
15	k79_71967
15	k79_73451
15	k79_44594
15	k79_70943
15	k79_75004
15	k79_42135
15	k79_73372
15	k79_86864
15	k79_73475
15	k79_74723
15	k79_88409
15	k79_93070
15	k79_45264
15	k79_17749
15	k79_85637
15	k79_32080
15	k79_49002
15	k79_95200
15	k79_79451
15	k79_70887
15	k79_67639
15	k79_91860
15	k79_58542
15	k79_27523
15	k79_73542
15	k79_77526
15	k79_89235
15	k79_7047
15	k79_38927
15	k79_94672
15	k79_84989
15	k79_87987
15	k79_45008
15	k79_47045
15	k79_34245
15	k79_29585
15	k79_91209
15	k79_37114
15	k79_1262
15	k79_10639
15	k79_89890
15	k79_86891
15	k79_87901
15	k79_3009
15	k79_2536
15	k79_41437
15	k79_53615
15	k79_69123
15	k79_92677
15	k79_63318
15	k79_72785
15	k79_31204
15	k79_27715
15	k79_85241
15	k79_44432
15	k79_92482
15	k79_5981
15	k79_39209
15	k79_77721
15	k79_88383
15	k79_52943
15	k79_32356
15	k79_77999
15	k79_74484
15	k79_12254
15	k79_92994
15	k79_22343
15	k79_5569
15	k79_6496
15	k79_55999
15	k79_17421
15	k79_46133
15	k79_59617
15	k79_12519
15	k79_51649
15	k79_85846
15	k79_74395
15	k79_52889
15	k79_67028
15	k79_72159
15	k79_62081
15	k79_90147
15	k79_46765
15	k79_95577
15	k79_123
15	k79_83089
15	k79_91620
15	k79_41549
15	k79_19336
15	k79_67429
15	k79_20464
15	k79_77759
15	k79_60882
15	k79_84899
15	k79_86700
15	k79_74562
15	k79_7088
15	k79_8322
15	k79_68112
15	k79_78417
15	k79_54778
15	k79_86478
15	k79_50926
15	k79_14991
15	k79_184
15	k79_42118
15	k79_21434
15	k79_48634
15	k79_41077
15	k79_42045
15	k79_48512
15	k79_71939
15	k79_72449
15	k79_73654
15	k79_86012
15	k79_5803
15	k79_61181
15	k79_77052
15	k79_19592
15	k79_83640
15	k79_8882
15	k79_45032
15	k79_48415
15	k79_18415
15	k79_83405
15	k79_636
15	k79_57870
15	k79_5510
15	k79_64338
15	k79_84091
15	k79_88641
15	k79_42306
15	k79_42404
15	k79_22350
15	k79_679
15	k79_8044
15	k79_93834
15	k79_94075
15	k79_15114
15	k79_18686
15	k79_64166
15	k79_91272
15	k79_79509
15	k79_2730
15	k79_23068
15	k79_66243
15	k79_81340
15	k79_74083
15	k79_58986
15	k79_812
15	k79_60015
15	k79_28783
15	k79_85375
15	k79_14913
15	k79_80251
15	k79_96167
15	k79_508
15	k79_70688
15	k79_78793
15	k79_59198
15	k79_24063
15	k79_70155
15	k79_18970
15	k79_60937
15	k79_22081
15	k79_93822
15	k79_57806
15	k79_76306
15	k79_60504
15	k79_69474
15	k79_11495
15	k79_91943
15	k79_49608
15	k79_72429
15	k79_96112
16	k79_59529
16	k79_79505
16	k79_18776
16	k79_4050
16	k79_82813
16	k79_48500
16	k79_30635
16	k79_54386
16	k79_58342
16	k79_44573
16	k79_8239
16	k79_47529
16	k79_30592
16	k79_91236
16	k79_83884
16	k79_15362
16	k79_45731
16	k79_975
16	k79_15640
16	k79_5783
16	k79_68009
16	k79_29497
16	k79_28471
16	k79_77660
16	k79_80310
16	k79_32371
16	k79_75629
16	k79_37269
16	k79_89104
16	k79_57559
16	k79_87740
16	k79_23814
16	k79_73445
16	k79_3591
16	k79_66505
16	k79_32341
16	k79_45996
16	k79_92406
16	k79_61134
16	k79_24794
16	k79_75312
16	k79_5687
16	k79_12025
16	k79_56661
16	k79_37745
16	k79_42398
16	k79_49064
16	k79_2532
16	k79_48761
16	k79_57058
16	k79_89122
16	k79_29691
16	k79_58486
16	k79_36914
16	k79_61831
16	k79_19271
16	k79_84314
16	k79_87070
16	k79_27102
16	k79_5705
16	k79_57791
16	k79_27794
16	k79_85377
16	k79_51269
16	k79_25896
16	k79_70486
16	k79_59567
16	k79_50039
16	k79_56429
16	k79_1989
16	k79_31639
16	k79_66230
16	k79_33447
16	k79_7408
16	k79_55270
16	k79_88523
16	k79_30352
16	k79_26808
16	k79_29200
16	k79_80204
16	k79_27069
16	k79_46485
16	k79_56904
16	k79_26283
16	k79_71716
16	k79_78938
16	k79_9500
16	k79_69974
16	k79_38463
16	k79_69593
16	k79_96247
16	k79_52935
16	k79_2738
16	k79_4074
16	k79_46241
16	k79_94664
16	k79_68916
16	k79_66617
16	k79_45567
16	k79_70287
16	k79_30488
16	k79_65118
16	k79_73689
16	k79_14460
16	k79_6521
16	k79_34382
16	k79_85621
16	k79_91068
16	k79_34268
16	k79_15211
16	k79_50236
16	k79_38958
16	k79_6463
16	k79_9947
16	k79_86851
16	k79_29501
16	k79_31816
16	k79_87622
16	k79_49260
16	k79_26022
16	k79_26840
16	k79_28448
16	k79_79942
16	k79_21671
16	k79_28358
16	k79_78942
16	k79_53644
16	k79_66544
16	k79_43781
16	k79_60378
16	k79_31865
16	k79_16672
16	k79_81400
16	k79_34439
16	k79_59938
16	k79_66103
16	k79_26481
16	k79_30709
16	k79_90878
16	k79_94310
16	k79_41926
16	k79_4673
16	k79_10097
16	k79_78409
16	k79_31062
16	k79_52546
16	k79_30818
16	k79_87868
16	k79_74955
16	k79_91791
16	k79_12913
16	k79_59426
16	k79_56223
16	k79_4371
16	k79_52908
16	k79_87955
16	k79_54664
16	k79_17018
16	k79_38628
16	k79_52168
16	k79_42886
16	k79_80219
16	k79_45865
16	k79_19316
16	k79_72861
16	k79_51899
16	k79_84773
16	k79_13200
16	k79_85593
16	k79_13341
16	k79_62612
16	k79_30717
16	k79_13081
16	k79_74645
16	k79_2707
16	k79_6232
16	k79_49323
16	k79_66682
16	k79_70558
16	k79_67547
16	k79_30631
16	k79_22893
16	k79_68817
16	k79_28169
16	k79_7967
16	k79_39521
16	k79_85481
16	k79_3789
16	k79_11577
16	k79_94639
16	k79_19398
16	k79_28106
16	k79_72960
16	k79_23238
16	k79_36356
16	k79_51148
16	k79_25884
16	k79_26881
16	k79_51188
16	k79_74529
16	k79_8339
16	k79_3763
16	k79_50303
16	k79_64027
16	k79_90601
16	k79_44113
16	k79_95484
16	k79_48988
16	k79_90786
16	k79_73802
16	k79_35305
16	k79_52881
16	k79_70439
16	k79_21734
16	k79_13876
16	k79_21930
16	k79_38859
16	k79_77116
16	k79_36159
16	k79_22459
16	k79_31206
16	k79_68511
16	k79_63751
16	k79_17263
16	k79_4851
16	k79_5010
16	k79_29951
16	k79_92443
16	k79_91432
16	k79_74148
16	k79_14804
16	k79_20130
16	k79_27401
16	k79_91962
16	k79_71369
16	k79_10128
16	k79_9044
16	k79_54230
16	k79_7213
16	k79_31045
16	k79_93691
16	k79_46689
16	k79_37999
16	k79_8296
16	k79_87453
16	k79_43557
16	k79_11727
16	k79_41834
16	k79_33316
16	k79_22875
16	k79_19200
16	k79_51656
16	k79_54693
16	k79_21531
16	k79_91049
16	k79_31739
16	k79_49683
16	k79_96039
16	k79_50030
16	k79_19270
16	k79_57578
16	k79_75908
16	k79_1713
16	k79_83913
16	k79_7510
16	k79_79859
16	k79_46361
16	k79_29520
16	k79_30492
16	k79_78582
16	k79_36115
16	k79_86386
16	k79_69088
16	k79_59851
16	k79_33474
16	k79_31375
16	k79_44997
16	k79_69815
16	k79_6262
16	k79_81771
16	k79_26799
16	k79_62724
16	k79_12655
16	k79_24492
16	k79_10744
16	k79_94272
16	k79_26351
16	k79_81617
16	k79_35346
16	k79_54780
16	k79_79273
16	k79_50148
16	k79_7629
16	k79_74626
16	k79_27524
16	k79_4731
16	k79_80177
16	k79_95747
16	k79_25087
16	k79_91674
16	k79_4734
16	k79_39518
16	k79_47032
16	k79_81935
16	k79_43817
16	k79_45084
16	k79_90066
16	k79_40697
16	k79_49532
16	k79_54152
16	k79_77727
16	k79_24085
16	k79_77299
16	k79_61049
16	k79_25198
16	k79_96287
16	k79_9488
16	k79_25970
16	k79_30815
16	k79_56339
16	k79_63002
16	k79_2280
16	k79_278
16	k79_49370
16	k79_3326
16	k79_22754
16	k79_50467
16	k79_37684
16	k79_3400
16	k79_4203
16	k79_71156
16	k79_24784
16	k79_11269
16	k79_16165
16	k79_47835
16	k79_8591
16	k79_21570
16	k79_7963
16	k79_72454
16	k79_74807
16	k79_60394
16	k79_41210
16	k79_20602
16	k79_46742
16	k79_53750
16	k79_16475
16	k79_70805
16	k79_33935
16	k79_83855
16	k79_31228
16	k79_81604
16	k79_3950
16	k79_68452
16	k79_14071
16	k79_68274
16	k79_25806
16	k79_62126
16	k79_20659
16	k79_84911
16	k79_71549
16	k79_87304
16	k79_15868
16	k79_19862
16	k79_96098
16	k79_6131
16	k79_8330
16	k79_29349
16	k79_93827
16	k79_94473
16	k79_49777
16	k79_55357
16	k79_37013
16	k79_5734
16	k79_67790
16	k79_78109
16	k79_21565
16	k79_79460
16	k79_27518
16	k79_6892
16	k79_53583
16	k79_18018
16	k79_71221
16	k79_51832
16	k79_67731
16	k79_28219
16	k79_62778
16	k79_32096
16	k79_9792
16	k79_48240
16	k79_30801
16	k79_85727
16	k79_21962
16	k79_7701
16	k79_63764
16	k79_64732
16	k79_27139
16	k79_27663
16	k79_90667
16	k79_12029
16	k79_79169
16	k79_36015
16	k79_14442
16	k79_74605
16	k79_15400
16	k79_86517
16	k79_992
16	k79_3939
16	k79_2567
16	k79_64439
16	k79_6295
16	k79_43360
16	k79_64876
16	k79_28369
16	k79_36868
16	k79_66366
16	k79_29933
16	k79_61492
16	k79_35618
16	k79_40072
16	k79_10642
16	k79_84316
16	k79_35531
16	k79_90726
16	k79_60962
16	k79_5759
16	k79_35209
16	k79_20449
16	k79_4064
16	k79_8451
16	k79_9074
16	k79_58608
16	k79_91916
16	k79_38175
16	k79_67607
16	k79_81198
16	k79_89897
16	k79_41127
16	k79_19618
16	k79_92813
16	k79_29653
16	k79_45856
16	k79_26594
16	k79_69148
16	k79_2349
16	k79_19445
16	k79_69245
16	k79_22565
16	k79_23060
16	k79_52989
16	k79_71274
16	k79_67844
16	k79_85701
16	k79_83786
16	k79_26384
16	k79_40624
16	k79_61834
16	k79_1744
16	k79_37342
16	k79_95491
16	k79_32144
16	k79_41697
16	k79_91288
16	k79_54228
16	k79_85814
16	k79_28215
16	k79_70270
16	k79_60331
16	k79_10226
16	k79_20836
16	k79_70877
16	k79_95840
16	k79_45894
16	k79_94577
16	k79_39061
16	k79_86710
16	k79_10625
16	k79_75578
16	k79_81359
16	k79_23244
16	k79_82080
16	k79_92445
16	k79_19496
16	k79_51740
16	k79_90454
16	k79_81953
16	k79_39088
16	k79_42614
16	k79_2711
16	k79_27531
16	k79_4632
16	k79_68718
16	k79_69877
16	k79_41347
16	k79_55439
16	k79_8246
16	k79_10075
16	k79_36149
16	k79_61623
16	k79_49324
16	k79_74263
16	k79_21615
16	k79_31718
16	k79_69004
16	k79_54952
16	k79_7873
16	k79_73212
16	k79_35350
16	k79_11761
16	k79_17802
16	k79_27661
16	k79_54343
16	k79_92985
16	k79_72641
16	k79_29409
16	k79_18813
16	k79_79997
16	k79_42648
16	k79_2286
16	k79_15887
16	k79_84759
16	k79_10925
16	k79_7094
16	k79_11961
16	k79_36534
16	k79_53516
16	k79_56130
16	k79_34125
16	k79_3994
16	k79_83006
16	k79_4554
16	k79_71609
16	k79_32553
16	k79_33875
16	k79_82870
16	k79_61204
16	k79_26334
16	k79_38238
16	k79_42373
16	k79_47871
16	k79_44125
16	k79_37092
16	k79_45565
16	k79_21666
16	k79_5892
16	k79_48214
16	k79_28233
16	k79_84867
16	k79_47672
16	k79_94595
16	k79_50975
16	k79_14877
16	k79_83221
16	k79_35189
16	k79_52039
16	k79_58568
16	k79_17873
16	k79_3094
16	k79_71804
16	k79_75660
16	k79_2424
16	k79_47723
16	k79_40719
16	k79_70655
16	k79_81461
16	k79_27792
16	k79_7737
16	k79_33706
16	k79_71208
16	k79_86281
16	k79_60180
16	k79_11457
16	k79_82356
16	k79_70528
16	k79_5361
16	k79_4283
16	k79_22090
16	k79_95318
16	k79_44713
16	k79_39596
16	k79_54696
16	k79_45813
16	k79_43895
16	k79_7448
16	k79_79907
16	k79_56791
16	k79_53694
16	k79_69694
16	k79_77109
16	k79_84771
16	k79_5043
16	k79_7567
16	k79_5795
16	k79_66712
16	k79_89796
16	k79_31812
16	k79_35807
16	k79_6225
16	k79_8219
16	k79_62066
16	k79_25307
16	k79_20150
16	k79_2664
16	k79_61927
16	k79_63137
16	k79_65977
16	k79_46991
16	k79_5920
16	k79_91898
16	k79_44858
16	k79_48921
16	k79_65853
16	k79_17764
16	k79_37588
16	k79_5943
16	k79_32584
16	k79_44134
16	k79_83277
16	k79_72837
16	k79_27352
16	k79_67067
16	k79_5585
16	k79_32343
16	k79_57801
16	k79_10915
16	k79_2114
16	k79_78190
16	k79_87144
16	k79_31885
16	k79_273
16	k79_95275
16	k79_35769
16	k79_68086
16	k79_47609
16	k79_37698
16	k79_30523
16	k79_88560
16	k79_88624
16	k79_10969
16	k79_76493
16	k79_1837
16	k79_4165
16	k79_88561
16	k79_22171
16	k79_7768
16	k79_60471
16	k79_22244
16	k79_14900
16	k79_91662
16	k79_11020
16	k79_930
16	k79_27254
16	k79_77697
16	k79_33057
16	k79_24897
16	k79_26460
16	k79_77458
16	k79_42354
16	k79_34118
16	k79_34281
16	k79_58534
16	k79_68873
16	k79_63070
16	k79_21555
16	k79_35224
16	k79_50859
16	k79_23832
16	k79_83417
16	k79_60051
16	k79_75694
16	k79_77412
16	k79_25119
16	k79_28160
16	k79_31825
16	k79_35835
16	k79_52993
16	k79_30855
16	k79_15356
16	k79_43340
16	k79_7165
16	k79_81561
16	k79_5852
16	k79_47652
16	k79_57973
16	k79_38168
16	k79_15572
16	k79_30498
16	k79_80128
16	k79_48195
16	k79_16276
16	k79_19857
16	k79_62514
16	k79_45295
16	k79_26578
16	k79_28133
16	k79_76138
16	k79_89506
16	k79_8722
16	k79_57921
16	k79_60817
16	k79_51543
16	k79_20413
16	k79_22274
16	k79_49591
16	k79_89510
16	k79_64932
16	k79_21622
16	k79_38200
16	k79_80494
16	k79_23610
16	k79_53539
16	k79_94170
16	k79_83757
16	k79_87079
16	k79_1611
16	k79_37869
16	k79_15223
16	k79_40229
16	k79_61890
16	k79_62762
16	k79_28456
16	k79_37529
16	k79_31138
16	k79_35707
16	k79_29393
16	k79_14390
16	k79_5947
16	k79_95889
16	k79_33626
16	k79_87241
16	k79_85115
16	k79_92814
16	k79_83272
16	k79_6201
16	k79_32174
17	k79_42741
17	k79_61527
17	k79_96249
17	k79_10430
17	k79_60521
17	k79_82892
17	k79_26145
17	k79_41208
17	k79_41546
17	k79_41588
17	k79_42471
17	k79_72126
17	k79_57809
17	k79_35793
17	k79_62296
17	k79_54169
17	k79_44278
17	k79_81607
17	k79_19363
17	k79_2220
17	k79_77240
17	k79_16046
17	k79_12510
17	k79_94026
17	k79_58958
17	k79_88842
17	k79_41662
17	k79_38477
17	k79_71974
17	k79_80645
17	k79_88015
17	k79_35983
17	k79_39837
17	k79_63343
17	k79_90520
17	k79_79117
17	k79_88705
17	k79_15090
17	k79_12015
17	k79_61500
17	k79_58873
17	k79_7063
17	k79_3983
17	k79_95797
17	k79_24511
17	k79_73768
17	k79_47217
17	k79_26140
17	k79_39802
17	k79_93139
17	k79_46798
17	k79_74765
17	k79_3669
17	k79_49710
17	k79_15912
17	k79_17389
17	k79_66360
17	k79_30798
17	k79_58399
17	k79_46037
17	k79_630
17	k79_44160
17	k79_38806
17	k79_35026
17	k79_35568
17	k79_93676
17	k79_19008
17	k79_46449
17	k79_43196
17	k79_30692
17	k79_7528
17	k79_92739
17	k79_74371
17	k79_31066
17	k79_5848
17	k79_47309
17	k79_7640
17	k79_11089
17	k79_41841
17	k79_51044
17	k79_24135
17	k79_2695
17	k79_50575
17	k79_75783
17	k79_18311
17	k79_22367
17	k79_60638
17	k79_3129
17	k79_52806
17	k79_2684
17	k79_41853
17	k79_29421
17	k79_96174
17	k79_92830
17	k79_37841
17	k79_52110
17	k79_36070
17	k79_86947
17	k79_39413
17	k79_73559
17	k79_5937
17	k79_72865
17	k79_23342
17	k79_37642
17	k79_50035
17	k79_46939
17	k79_95632
17	k79_49078
17	k79_78727
17	k79_2092
17	k79_59288
17	k79_52278
17	k79_46463
17	k79_41479
17	k79_78533
17	k79_64291
17	k79_91475
17	k79_56063
17	k79_84879
17	k79_13218
17	k79_33177
17	k79_505
17	k79_81467
17	k79_35526
17	k79_41732
17	k79_59134
17	k79_94544
17	k79_30153
17	k79_51042
17	k79_10360
17	k79_59816
17	k79_81770
17	k79_23627
17	k79_47320
17	k79_78565
17	k79_14061
17	k79_13102
17	k79_89762
17	k79_70466
17	k79_26841
17	k79_13310
17	k79_43004
17	k79_70193
17	k79_2580
17	k79_12759
17	k79_2174
17	k79_90133
17	k79_40216
17	k79_44447
17	k79_70800
17	k79_86497
17	k79_24931
17	k79_69850
17	k79_72880
17	k79_1899
17	k79_91931
17	k79_15333
17	k79_34753
17	k79_35721
17	k79_65452
17	k79_79873
17	k79_54538
17	k79_76161
17	k79_12316
17	k79_78364
17	k79_57919
17	k79_23124
17	k79_79176
17	k79_59829
17	k79_90947
17	k79_776
17	k79_62968
17	k79_40934
17	k79_85329
17	k79_71659
17	k79_2933
17	k79_86064
17	k79_29755
17	k79_70882
17	k79_47980
17	k79_23304
17	k79_47029
17	k79_89244
17	k79_18660
17	k79_76738
17	k79_34264
17	k79_18751
17	k79_80280
17	k79_7710
17	k79_74369
17	k79_36213
17	k79_11255
17	k79_42450
17	k79_45421
17	k79_6766
17	k79_61783
17	k79_62995
17	k79_32814
17	k79_71385
17	k79_20412
17	k79_49353
17	k79_64232
17	k79_82110
17	k79_34374
17	k79_43930
17	k79_84888
17	k79_39689
17	k79_50393
17	k79_32977
17	k79_35155
17	k79_60035
17	k79_43725
17	k79_87003
17	k79_87479
17	k79_49329
17	k79_47073
17	k79_67847
17	k79_50066
17	k79_47185
17	k79_86001
17	k79_47397
17	k79_63141
17	k79_753
17	k79_67
17	k79_8328
17	k79_9188
17	k79_64672
17	k79_78236
17	k79_94905
17	k79_70834
17	k79_26593
17	k79_36726
17	k79_90990
17	k79_79958
17	k79_36773
17	k79_31225
17	k79_84770
17	k79_7363
17	k79_54122
18	k79_12665
18	k79_33752
18	k79_41251
18	k79_26889
18	k79_2851
18	k79_77903
18	k79_21704
18	k79_33947
18	k79_47768
18	k79_63103
18	k79_54484
18	k79_44585
18	k79_78464
18	k79_89319
18	k79_36397
18	k79_88113
18	k79_20439
18	k79_94889
18	k79_5619
18	k79_1011
18	k79_64332
18	k79_49075
18	k79_56994
19	k79_65970
19	k79_57153
19	k79_17405
19	k79_51666
19	k79_79277
20	k79_9023
20	k79_10520
20	k79_38314
20	k79_71215
20	k79_44012
20	k79_45176
20	k79_19805
20	k79_49364
20	k79_38766
20	k79_82728
20	k79_80457
20	k79_95874
20	k79_69788
20	k79_10607
20	k79_27424
20	k79_17892
20	k79_17012
20	k79_91350
20	k79_82497
20	k79_1941
20	k79_28940
20	k79_24362
20	k79_65572
20	k79_93174
20	k79_91744
20	k79_60189
20	k79_14123
20	k79_7692
20	k79_92440
20	k79_54779
20	k79_70446
20	k79_78604
20	k79_8603
20	k79_16629
20	k79_81516
20	k79_70522
20	k79_73798
20	k79_56154
20	k79_83899
20	k79_13861
20	k79_36982
20	k79_77957
20	k79_31217
20	k79_22431
20	k79_55666
20	k79_59800
20	k79_70335
20	k79_73358
20	k79_73189
20	k79_53997
20	k79_26666
20	k79_38226
20	k79_67390
20	k79_7972
20	k79_80070
20	k79_25191
20	k79_29579
20	k79_73431
20	k79_37097
20	k79_9109
20	k79_67830
20	k79_89226
20	k79_40560
20	k79_58307
20	k79_69995
20	k79_22642
20	k79_25899
20	k79_40553
20	k79_69037
20	k79_29423
20	k79_36683
20	k79_66521
20	k79_33959
20	k79_75569
20	k79_11512
20	k79_3730
20	k79_40583
20	k79_7218
20	k79_69821
20	k79_25153
20	k79_23004
20	k79_84542
20	k79_62714
20	k79_22902
20	k79_11757
20	k79_26796
20	k79_37520
20	k79_68514
20	k79_47258
20	k79_80834
20	k79_96277
20	k79_40586
20	k79_90837
20	k79_28909
20	k79_44986
20	k79_973
20	k79_35733
20	k79_25009
20	k79_24247
20	k79_14544
20	k79_81511
20	k79_56758
20	k79_14643
20	k79_55649
20	k79_21456
20	k79_23325
20	k79_30614
20	k79_70449
20	k79_21855
20	k79_75347
20	k79_65022
20	k79_4699
20	k79_17929
20	k79_48850
20	k79_66508
20	k79_28374
20	k79_12133
20	k79_93116
20	k79_45055
20	k79_50648
20	k79_68188
20	k79_93793
20	k79_58023
20	k79_43526
20	k79_67926
20	k79_67243
20	k79_77042
20	k79_42487
20	k79_19997
20	k79_5398
20	k79_83091
20	k79_1856
20	k79_55348
20	k79_79469
20	k79_56419
20	k79_30245
20	k79_65177
20	k79_10768
20	k79_32289
20	k79_75388
20	k79_51918
20	k79_28138
20	k79_29054
20	k79_10328
20	k79_95502
20	k79_10312
20	k79_94887
20	k79_72945
20	k79_18644
20	k79_46266
20	k79_75186
20	k79_66619
20	k79_82228
20	k79_61379
20	k79_93388
20	k79_84323
20	k79_67013
20	k79_86235
20	k79_4729
20	k79_15230
20	k79_51034
20	k79_3074
20	k79_34691
20	k79_60841
20	k79_15470
20	k79_36857
20	k79_47910
20	k79_54330
20	k79_82254
20	k79_37879
20	k79_37906
20	k79_89783
20	k79_40245
20	k79_79671
20	k79_64289
20	k79_74121
20	k79_22097
20	k79_19286
20	k79_71106
20	k79_28128
20	k79_15556
20	k79_32642
20	k79_22095
20	k79_65145
20	k79_88789
20	k79_7341
20	k79_82068
20	k79_16485
20	k79_75421
20	k79_76229
20	k79_25271
20	k79_43865
20	k79_44844
20	k79_26437
20	k79_29893
20	k79_27219
20	k79_7207
20	k79_73447
20	k79_90105
20	k79_37294
20	k79_60165
20	k79_11909
20	k79_81412
20	k79_62532
20	k79_48026
20	k79_82711
20	k79_15871
20	k79_51763
20	k79_75194
20	k79_35779
20	k79_19863
20	k79_59496
20	k79_67204
20	k79_30075
20	k79_40681
20	k79_69064
20	k79_63311
20	k79_8363
20	k79_23690
20	k79_46925
20	k79_41784
20	k79_3960
20	k79_76311
20	k79_91720
20	k79_93706
20	k79_84204
20	k79_32528
20	k79_79018
20	k79_8870
20	k79_78892
20	k79_31757
20	k79_36502
20	k79_81583
20	k79_55047
20	k79_73890
20	k79_87788
20	k79_92630
20	k79_53098
20	k79_58390
20	k79_63716
20	k79_40677
20	k79_32155
20	k79_84952
20	k79_69958
20	k79_69080
20	k79_37180
20	k79_76082
20	k79_42176
20	k79_45635
20	k79_46074
20	k79_13437
20	k79_47228
20	k79_47250
20	k79_2812
20	k79_50867
20	k79_17797
20	k79_19323
20	k79_15236
20	k79_23103
20	k79_33097
20	k79_39414
20	k79_80682
20	k79_73304
20	k79_38396
20	k79_80387
20	k79_74516
20	k79_1212
20	k79_86173
20	k79_55984
20	k79_3474
20	k79_37668
20	k79_83088
20	k79_94632
20	k79_327
20	k79_90441
20	k79_4345
20	k79_71801
20	k79_15538
20	k79_6187
20	k79_93346
20	k79_29830
20	k79_50526
20	k79_49102
20	k79_24019
20	k79_86104
20	k79_15119
20	k79_3715
20	k79_72898
20	k79_43604
20	k79_9680
20	k79_93826
20	k79_30011
20	k79_73981
20	k79_16085
20	k79_56458
20	k79_41712
20	k79_61449
20	k79_48481
20	k79_74381
20	k79_959
20	k79_24619
20	k79_77229
20	k79_24202
20	k79_10897
20	k79_69622
20	k79_27225
20	k79_79399
20	k79_31002
20	k79_74031
20	k79_24889
20	k79_86423
20	k79_35628
20	k79_40151
20	k79_81843
20	k79_85153
20	k79_28661
20	k79_10374
20	k79_69485
20	k79_72271
20	k79_54870
20	k79_51299
20	k79_52578
20	k79_78283
20	k79_72603
20	k79_80638
20	k79_65624
20	k79_37903
20	k79_15152
20	k79_14092
20	k79_13911
20	k79_50572
20	k79_87737
20	k79_18027
20	k79_58939
20	k79_24436
20	k79_53356
20	k79_55515
20	k79_74149
20	k79_21266
20	k79_35431
20	k79_73973
20	k79_8292
20	k79_82278
20	k79_27193
20	k79_5255
20	k79_4926
20	k79_26538
20	k79_2244
20	k79_6825
20	k79_24535
20	k79_82076
20	k79_60347
20	k79_44234
20	k79_31099
20	k79_89432
20	k79_82057
20	k79_79591
20	k79_47122
20	k79_36661
20	k79_91469
20	k79_80674
20	k79_25145
20	k79_20416
20	k79_80173
20	k79_61965
20	k79_30667
20	k79_85536
20	k79_75345
20	k79_23931
20	k79_50836
20	k79_24983
20	k79_53246
20	k79_43247
20	k79_79130
20	k79_41306
20	k79_80083
20	k79_77533
20	k79_55399
20	k79_27041
20	k79_56867
20	k79_68755
20	k79_67784
20	k79_35884
20	k79_19709
20	k79_67128
20	k79_55251
20	k79_52057
20	k79_82617
20	k79_11781
20	k79_19685
20	k79_74183
20	k79_61294
20	k79_85458
20	k79_38761
20	k79_72486
20	k79_95311
20	k79_70257
20	k79_55532
20	k79_10911
20	k79_84620
20	k79_12159
20	k79_55227
20	k79_33460
20	k79_88137
20	k79_18135
20	k79_67949
20	k79_25842
20	k79_26915
20	k79_95880
20	k79_21007
20	k79_82702
20	k79_77222
20	k79_74030
20	k79_89292
20	k79_29316
20	k79_94348
20	k79_91071
20	k79_68278
20	k79_12917
20	k79_22834
20	k79_7730
20	k79_24015
20	k79_1907
20	k79_80941
20	k79_29163
20	k79_32215
20	k79_96153
20	k79_57326
20	k79_52135
20	k79_89568
20	k79_19263
20	k79_69689
20	k79_35622
20	k79_77460
20	k79_40399
20	k79_16137
20	k79_30163
20	k79_69436
20	k79_31562
20	k79_27972
20	k79_44365
20	k79_31600
20	k79_87519
20	k79_93727
20	k79_61194
20	k79_24156
20	k79_7862
20	k79_5217
20	k79_8480
20	k79_73385
20	k79_8905
20	k79_9726
20	k79_92865
20	k79_35463
20	k79_77386
20	k79_37438
20	k79_52778
20	k79_59330
20	k79_85953
20	k79_13380
20	k79_34253
20	k79_38874
20	k79_32296
20	k79_91470
20	k79_95012
20	k79_72608
20	k79_27127
20	k79_38568
20	k79_86287
20	k79_21981
20	k79_95403
20	k79_26925
20	k79_30489
20	k79_62113
20	k79_23470
20	k79_68794
20	k79_21509
20	k79_77292
20	k79_16274
20	k79_67071
20	k79_14066
20	k79_95099
20	k79_35359
20	k79_24337
21	k79_22475
21	k79_47260
21	k79_12245
21	k79_84066
21	k79_22679
21	k79_5130
21	k79_54755
21	k79_49122
21	k79_2294
21	k79_95303
21	k79_40770
21	k79_59
21	k79_79208
21	k79_6663
21	k79_82906
21	k79_94979
21	k79_49696
21	k79_50641
21	k79_29209
21	k79_10245
21	k79_3131
21	k79_67122
21	k79_4505
21	k79_66324
21	k79_32728
21	k79_76074
21	k79_93635
21	k79_59295
21	k79_95050
21	k79_48445
21	k79_79621
21	k79_19090
21	k79_31405
21	k79_52265
21	k79_96104
21	k79_29972
21	k79_65632
21	k79_43220
21	k79_59186
21	k79_39762
21	k79_35708
21	k79_59547
21	k79_46367
21	k79_18620
21	k79_26347
21	k79_44632
21	k79_88412
21	k79_28039
21	k79_76393
21	k79_37546
21	k79_63833
21	k79_8204
21	k79_70855
21	k79_83265
21	k79_65858
21	k79_96049
21	k79_59787
21	k79_38523
21	k79_44418
21	k79_45808
21	k79_24158
21	k79_61506
21	k79_19891
21	k79_29168
21	k79_46528
21	k79_23914
21	k79_12948
21	k79_58375
21	k79_3180
21	k79_76852
21	k79_52709
21	k79_10062
21	k79_52597
21	k79_75816
21	k79_13358
21	k79_26126
21	k79_39959
21	k79_65788
21	k79_29350
21	k79_22279
21	k79_51871
21	k79_81474
21	k79_63222
21	k79_40397
21	k79_18163
21	k79_51801
21	k79_19767
21	k79_92756
21	k79_59783
21	k79_72852
21	k79_36849
21	k79_7648
21	k79_58516
21	k79_47686
21	k79_44150
21	k79_91412
21	k79_30872
21	k79_39052
21	k79_9700
21	k79_56337
21	k79_14985
21	k79_82440
21	k79_44305
21	k79_55374
21	k79_20182
21	k79_33559
21	k79_34273
21	k79_14338
21	k79_628
21	k79_80383
21	k79_46583
21	k79_39014
21	k79_29478
21	k79_41514
21	k79_17343
21	k79_70190
21	k79_69367
21	k79_61091
21	k79_83755
21	k79_29782
21	k79_28702
21	k79_59197
21	k79_83958
21	k79_17385
21	k79_74961
21	k79_36470
21	k79_62780
21	k79_64757
21	k79_53273
21	k79_92069
21	k79_65261
21	k79_64736
21	k79_17519
21	k79_95910
21	k79_17893
21	k79_77572
21	k79_28650
21	k79_39100
21	k79_909
21	k79_46772
21	k79_42076
21	k79_46745
21	k79_43491
21	k79_93896
21	k79_46608
21	k79_30317
21	k79_58114
21	k79_38801
21	k79_48732
21	k79_73926
21	k79_63094
21	k79_19885
21	k79_90935
21	k79_1095
21	k79_22687
21	k79_41539
21	k79_26894
21	k79_26107
21	k79_25501
21	k79_2039
21	k79_2144
21	k79_58822
21	k79_51734
21	k79_55449
21	k79_43780
21	k79_60657
21	k79_751
21	k79_15001
21	k79_40043
21	k79_78989
21	k79_89557
21	k79_18748
21	k79_7581
21	k79_34311
21	k79_48088
21	k79_5210
21	k79_29218
21	k79_61738
21	k79_10986
21	k79_79010
21	k79_4230
21	k79_3658
21	k79_48837
21	k79_57430
21	k79_77829
21	k79_71234
21	k79_5157
21	k79_11991
21	k79_46333
21	k79_53306
21	k79_84131
21	k79_37687
21	k79_91338
21	k79_62681
21	k79_3022
21	k79_95316
21	k79_656
21	k79_55445
21	k79_71554
21	k79_80579
21	k79_62414
21	k79_29366
21	k79_64413
21	k79_87872
21	k79_24611
21	k79_12211
21	k79_29468
21	k79_33073
21	k79_19471
21	k79_69454
21	k79_33196
21	k79_27986
21	k79_8109
21	k79_4326
21	k79_10438
21	k79_23261
21	k79_58937
21	k79_22534
21	k79_77669
21	k79_66301
21	k79_17156
21	k79_91055
21	k79_41540
21	k79_1135
21	k79_51443
21	k79_14512
21	k79_11200
21	k79_45080
21	k79_65560
21	k79_65330
21	k79_50451
21	k79_2365
21	k79_17240
21	k79_11591
21	k79_86740
21	k79_76779
21	k79_67992
21	k79_10669
21	k79_82903
21	k79_89893
21	k79_62084
21	k79_61090
21	k79_31291
21	k79_20903
21	k79_34499
21	k79_73052
21	k79_61787
21	k79_50911
21	k79_16820
21	k79_37912
21	k79_47799
21	k79_74948
21	k79_42093
21	k79_88992
21	k79_61606
21	k79_48482
21	k79_8985
21	k79_49761
21	k79_56937
21	k79_90966
21	k79_95312
21	k79_24292
21	k79_43535
21	k79_59569
21	k79_84708
21	k79_94365
21	k79_17811
21	k79_23495
21	k79_38420
21	k79_42464
21	k79_86933
21	k79_70195
21	k79_26198
21	k79_16284
21	k79_86499
21	k79_70463
21	k79_42785
21	k79_80180
21	k79_82501
21	k79_31578
21	k79_63190
21	k79_31447
21	k79_2941
21	k79_89349
21	k79_15562
21	k79_71562
21	k79_1186
21	k79_11248
21	k79_81860
21	k79_39787
21	k79_21135
21	k79_70530
21	k79_34550
21	k79_86154
21	k79_44979
21	k79_61849
21	k79_46471
21	k79_56942
21	k79_27182
21	k79_76484
21	k79_70020
21	k79_53949
21	k79_42427
21	k79_94189
21	k79_55679
21	k79_93313
21	k79_14021
21	k79_10942
21	k79_30580
21	k79_52750
21	k79_38465
21	k79_85859
21	k79_35746
21	k79_47116
21	k79_43692
21	k79_95079
21	k79_26053
21	k79_52248
21	k79_77191
21	k79_84981
21	k79_56670
21	k79_8051
21	k79_72706
21	k79_73646
21	k79_58945
21	k79_57949
21	k79_27118
21	k79_69308
21	k79_36839
21	k79_64130
21	k79_64695
21	k79_16397
21	k79_76239
21	k79_13421
21	k79_73951
21	k79_45878
21	k79_91099
21	k79_28892
21	k79_2757
21	k79_61383
21	k79_38511
21	k79_61420
21	k79_497
21	k79_3754
21	k79_21953
21	k79_92942
21	k79_49916
21	k79_18907
21	k79_28264
21	k79_35362
21	k79_29085
21	k79_74254
21	k79_61820
21	k79_62232
21	k79_81849
21	k79_88566
21	k79_84211
21	k79_64322
21	k79_96333
21	k79_15622
21	k79_20076
21	k79_47167
21	k79_41435
21	k79_57506
21	k79_13604
21	k79_29416
21	k79_23348
21	k79_65917
21	k79_96188
21	k79_48450
21	k79_93918
21	k79_89446
21	k79_58034
21	k79_94499
21	k79_39842
21	k79_52230
21	k79_65878
21	k79_52147
21	k79_17380
21	k79_28942
21	k79_14386
21	k79_93194
21	k79_77130
21	k79_54746
21	k79_21038
21	k79_34788
21	k79_72766
21	k79_26320
21	k79_25042
21	k79_16873
21	k79_45884
21	k79_33313
21	k79_60903
21	k79_59889
21	k79_52538
21	k79_67557
21	k79_56170
21	k79_16194
21	k79_87310
21	k79_30660
21	k79_68485
21	k79_26962
21	k79_64074
21	k79_63980
21	k79_43567
21	k79_65883
21	k79_85201
21	k79_27291
21	k79_12579
21	k79_41377
21	k79_25639
21	k79_92026
21	k79_83990
21	k79_24121
21	k79_39065
21	k79_7774
21	k79_79663
21	k79_52140
21	k79_68101
21	k79_73766
21	k79_22250
21	k79_66414
21	k79_75278
21	k79_62926
21	k79_60306
21	k79_25282
21	k79_53203
21	k79_63455
21	k79_76709
21	k79_54975
21	k79_36650
21	k79_55294
21	k79_60009
21	k79_73268
21	k79_2743
21	k79_94722
21	k79_88601
21	k79_81876
21	k79_64548
21	k79_40786
21	k79_54944
21	k79_12485
21	k79_26753
21	k79_81195
21	k79_30442
21	k79_70987
21	k79_96077
21	k79_14514
21	k79_44156
21	k79_70675
21	k79_10696
21	k79_61153
21	k79_38183
21	k79_36316
21	k79_5984
21	k79_38976
21	k79_4477
21	k79_51162
21	k79_83708
21	k79_45050
21	k79_78918
21	k79_72866
21	k79_7428
21	k79_36686
21	k79_81267
21	k79_44728
21	k79_61396
21	k79_71228
21	k79_32840
21	k79_14929
21	k79_36821
21	k79_4242
21	k79_39867
21	k79_71122
21	k79_6818
21	k79_25168
21	k79_95881
21	k79_33614
21	k79_68438
21	k79_34826
21	k79_68141
21	k79_46116
21	k79_16141
21	k79_17748
21	k79_37853
21	k79_54612
21	k79_31236
21	k79_72014
21	k79_40501
21	k79_82671
21	k79_13284
21	k79_95542
21	k79_12612
21	k79_36186
21	k79_5273
21	k79_16425
21	k79_73193
21	k79_77639
21	k79_87907
21	k79_35349
21	k79_54325
21	k79_53962
21	k79_84005
21	k79_89908
21	k79_67462
21	k79_74447
21	k79_13511
21	k79_51614
21	k79_67352
21	k79_33001
21	k79_76611
21	k79_32339
21	k79_50286
21	k79_669
21	k79_40634
21	k79_13645
21	k79_64041
21	k79_73878
21	k79_41674
21	k79_57163
21	k79_86091
21	k79_11996
21	k79_13594
21	k79_41846
21	k79_26866
21	k79_76772
21	k79_65901
21	k79_20976
21	k79_96113
21	k79_43736
21	k79_72831
21	k79_70428
21	k79_77315
21	k79_54366
21	k79_72326
21	k79_87240
21	k79_21211
21	k79_86088
21	k79_11297
21	k79_50247
21	k79_5858
21	k79_67633
21	k79_82265
21	k79_40518
21	k79_62627
21	k79_21404
21	k79_82876
21	k79_76712
21	k79_51131
21	k79_71594
21	k79_49052
21	k79_34078
21	k79_52208
21	k79_41001
21	k79_64188
21	k79_62648
21	k79_38752
21	k79_87260
21	k79_42074
21	k79_12955
21	k79_33366
21	k79_17849
21	k79_19535
21	k79_16497
21	k79_35604
21	k79_40929
21	k79_92101
21	k79_63905
21	k79_22401
21	k79_37124
21	k79_25366
21	k79_83825
21	k79_62575
21	k79_27933
21	k79_44041
21	k79_82158
21	k79_20678
21	k79_21486
21	k79_51076
21	k79_52860
21	k79_66973
21	k79_32854
21	k79_91228
21	k79_76459
21	k79_67331
21	k79_69297
21	k79_33098
21	k79_63385
21	k79_15637
21	k79_92398
21	k79_75651
21	k79_94357
21	k79_19282
21	k79_83966
21	k79_94238
21	k79_47283
21	k79_73454
21	k79_35867
21	k79_5164
21	k79_90513
21	k79_1145
21	k79_74838
21	k79_80553
21	k79_40724
21	k79_11136
21	k79_44602
21	k79_42035
21	k79_54074
21	k79_20185
21	k79_56510
21	k79_19521
21	k79_47514
21	k79_77422
21	k79_37027
21	k79_17795
21	k79_10672
21	k79_65396
21	k79_79828
21	k79_52868
21	k79_34553
21	k79_41526
21	k79_54434
21	k79_91798
21	k79_52996
21	k79_817
21	k79_45101
21	k79_93228
21	k79_6333
21	k79_19751
21	k79_9408
21	k79_96139
21	k79_18031
21	k79_90102
21	k79_34458
21	k79_90830
21	k79_19575
21	k79_20855
21	k79_44874
21	k79_58675
21	k79_26463
21	k79_29399
21	k79_78901
21	k79_51420
21	k79_10452
21	k79_88699
21	k79_49079
22	k79_31597
22	k79_62166
22	k79_29531
22	k79_60642
22	k79_84557
22	k79_70679
22	k79_18007
22	k79_27474
22	k79_96258
22	k79_73699
23	k79_68264
23	k79_48914
23	k79_53903
23	k79_64404
23	k79_78420
23	k79_54680
23	k79_84513
23	k79_42356
23	k79_59607
23	k79_25526
23	k79_9391
23	k79_2021
23	k79_28809
23	k79_42727
23	k79_8893
23	k79_54594
23	k79_3071
23	k79_83650
23	k79_50250
23	k79_21462
23	k79_4214
23	k79_82409
23	k79_15730
23	k79_55141
23	k79_13372
23	k79_90137
23	k79_62058
23	k79_44196
23	k79_30845
23	k79_35881
23	k79_5594
23	k79_86682
23	k79_84824
23	k79_73593
23	k79_58564
23	k79_62247
23	k79_24824
23	k79_78053
23	k79_77701
23	k79_60967
23	k79_30772
23	k79_25964
23	k79_74273
23	k79_55808
23	k79_23632
23	k79_41417
23	k79_48683
23	k79_25980
23	k79_49241
23	k79_42584
23	k79_30203
23	k79_94313
23	k79_18522
23	k79_54741
23	k79_65498
23	k79_76389
23	k79_350
23	k79_27600
23	k79_3452
23	k79_37757
23	k79_24749
24	k79_63862
25	k79_63463
25	k79_18911
25	k79_91158
25	k79_54748
25	k79_54413
25	k79_34219
25	k79_54781
26	k79_47108
26	k79_4596
26	k79_50700
26	k79_71364
26	k79_77579
26	k79_93850
26	k79_55110
26	k79_22246
26	k79_1482
26	k79_52534
26	k79_59096
27	k79_61035
27	k79_39452
27	k79_14047
27	k79_10713
27	k79_43597
27	k79_14111
27	k79_17678
27	k79_49932
27	k79_51166
27	k79_90114
27	k79_41456
27	k79_20593
27	k79_78188
27	k79_58223
27	k79_400
27	k79_21579
27	k79_38263
27	k79_68230
27	k79_40451
27	k79_73938
27	k79_90567
27	k79_93099
27	k79_49476
27	k79_84801
27	k79_5066
27	k79_53319
27	k79_89649
27	k79_78751
27	k79_21718
27	k79_31096
27	k79_61977
27	k79_51691
27	k79_30346
27	k79_55893
27	k79_28633
27	k79_53812
27	k79_35047
27	k79_63507
27	k79_13693
27	k79_38358
27	k79_87804
27	k79_61569
27	k79_69961
27	k79_60033
27	k79_73547
27	k79_77017
27	k79_51263
28	k79_29613
28	k79_61880
28	k79_92372
28	k79_88700
28	k79_927
28	k79_75168
28	k79_46298
28	k79_42975
28	k79_92520
28	k79_4642
28	k79_20871
28	k79_86911
28	k79_9833
28	k79_74877
28	k79_74460
28	k79_32615
28	k79_27741
28	k79_41513
28	k79_47136
28	k79_35459
28	k79_95010
28	k79_45727
28	k79_27446
28	k79_79058
28	k79_89598
28	k79_13913
28	k79_38631
28	k79_63227
28	k79_21281
28	k79_69702
28	k79_79816
28	k79_77272
28	k79_78579
28	k79_30275
28	k79_77521
28	k79_73294
28	k79_61671
28	k79_70502
28	k79_63076
28	k79_21071
28	k79_50225
28	k79_34112
28	k79_52480
28	k79_47575
28	k79_91258
28	k79_86892
29	k79_87964
30	k79_75217
30	k79_65964
30	k79_69479
30	k79_7498
30	k79_45574
30	k79_50132
30	k79_21109
30	k79_74938
30	k79_15618
30	k79_67012
30	k79_912
30	k79_37281
30	k79_49381
30	k79_49390
30	k79_54854
30	k79_67338
30	k79_42209
30	k79_4459
30	k79_69940
30	k79_78688
30	k79_95296
30	k79_25978
30	k79_8853
30	k79_94182
30	k79_15606
30	k79_28944
30	k79_9724
30	k79_80898
30	k79_63025
30	k79_66162
30	k79_71683
30	k79_60577
30	k79_28157
30	k79_43435
30	k79_84134
30	k79_67322
30	k79_2525
30	k79_26162
30	k79_50756
30	k79_89472
30	k79_41707
30	k79_16768
30	k79_45976
30	k79_13021
30	k79_30975
30	k79_48287
30	k79_46959
30	k79_46153
30	k79_33888
30	k79_8410
30	k79_81556
30	k79_5841
30	k79_28208
30	k79_76007
30	k79_72217
30	k79_5480
30	k79_37482
30	k79_62594
30	k79_33266
30	k79_13678
30	k79_20639
30	k79_38885
30	k79_44079
30	k79_72418
30	k79_37188
30	k79_27654
30	k79_69150
30	k79_37521
30	k79_20120
30	k79_64619
30	k79_58965
30	k79_83745
30	k79_20892
30	k79_72475
30	k79_42619
30	k79_43617
30	k79_35698
30	k79_11829
30	k79_27417
30	k79_27224
30	k79_81080
30	k79_42141
30	k79_55441
30	k79_88756
30	k79_4318
30	k79_56386
30	k79_51565
30	k79_13029
30	k79_82925
30	k79_71571
30	k79_72873
30	k79_18654
30	k79_6852
30	k79_46428
30	k79_51944
30	k79_17571
30	k79_40831
30	k79_5472
30	k79_54750
30	k79_45972
30	k79_53519
30	k79_17435
30	k79_68270
30	k79_51823
30	k79_92845
30	k79_9261
30	k79_7566
30	k79_26609
30	k79_21773
30	k79_10758
30	k79_91848
30	k79_36198
30	k79_65898
30	k79_7951
30	k79_1863
30	k79_33080
30	k79_29463
30	k79_69053
30	k79_48001
30	k79_1173
30	k79_80388
30	k79_240
30	k79_9064
30	k79_17982
30	k79_31962
30	k79_89801
30	k79_32573
30	k79_82117
30	k79_52795
30	k79_42145
30	k79_60288
30	k79_79352
30	k79_92601
30	k79_33900
30	k79_3959
30	k79_75133
30	k79_20284
30	k79_12187
30	k79_33481
30	k79_80351
30	k79_19230
30	k79_75857
30	k79_33250
30	k79_80421
30	k79_29956
30	k79_9787
30	k79_38116
30	k79_13833
30	k79_64275
30	k79_81482
30	k79_78242
30	k79_87458
30	k79_3776
30	k79_73087
30	k79_83214
30	k79_55624
30	k79_70707
30	k79_42775
30	k79_7785
30	k79_71361
30	k79_38372
30	k79_80900
30	k79_16099
30	k79_55630
30	k79_42022
30	k79_29949
30	k79_51032
30	k79_16641
30	k79_43175
30	k79_40820
30	k79_89983
30	k79_68256
30	k79_9277
30	k79_27061
30	k79_51408
30	k79_94466
30	k79_70596
30	k79_35583
30	k79_65696
30	k79_77626
30	k79_36950
30	k79_49197
30	k79_35785
30	k79_8251
30	k79_11873
30	k79_69521
30	k79_62333
30	k79_55994
30	k79_66812
30	k79_73894
30	k79_46459
30	k79_3793
30	k79_48539
30	k79_41274
30	k79_89497
30	k79_23427
30	k79_74563
30	k79_81187
30	k79_4187
30	k79_12149
30	k79_17228
30	k79_44390
30	k79_47272
30	k79_73937
30	k79_14938
30	k79_3734
30	k79_761
31	k79_62992
31	k79_48607
31	k79_12122
31	k79_74064
31	k79_44176
31	k79_20350
31	k79_93841
31	k79_60691
31	k79_36729
31	k79_34279
31	k79_6771
31	k79_20254
31	k79_74888
31	k79_35709
31	k79_66876
31	k79_44981
31	k79_9371
31	k79_68448
31	k79_15458
31	k79_7205
31	k79_13676
31	k79_88873
32	k79_12098
32	k79_54161
32	k79_56082
32	k79_55657
32	k79_62412
32	k79_25182
32	k79_73816
32	k79_62479
32	k79_329
32	k79_32160
32	k79_92833
32	k79_81343
32	k79_10404
32	k79_91666
32	k79_20475
32	k79_53025
32	k79_20525
32	k79_4231
32	k79_73463
32	k79_66139
32	k79_54017
32	k79_9229
32	k79_58413
32	k79_71904
32	k79_90815
32	k79_63078
32	k79_79436
32	k79_33476
32	k79_82193
32	k79_34599
32	k79_35203
32	k79_79154
32	k79_44030
32	k79_40328
32	k79_23408
33	k79_89050
34	k79_54056
34	k79_66470
35	k79_46618
35	k79_26506
35	k79_25338
35	k79_65715
35	k79_3767
35	k79_76369
35	k79_22891
35	k79_91509
35	k79_48048
35	k79_72427
35	k79_37995
35	k79_6278
35	k79_67125
35	k79_15742
35	k79_73882
35	k79_21127
35	k79_36567
35	k79_6880
35	k79_39297
35	k79_61737
35	k79_55082
35	k79_72140
35	k79_33729
35	k79_35270
35	k79_88676
35	k79_19645
35	k79_4442
35	k79_21568
35	k79_83004
35	k79_48927
35	k79_26142
35	k79_2979
35	k79_36273
35	k79_20309
35	k79_93794
35	k79_33513
35	k79_29815
36	k79_18554
36	k79_18246
36	k79_30418
36	k79_6784
36	k79_45778
36	k79_30313
36	k79_36147
36	k79_83626
36	k79_42148
36	k79_92053
36	k79_92738
36	k79_63338
36	k79_16983
36	k79_50870
36	k79_56660
36	k79_22856
36	k79_3633
36	k79_87886
37	k79_82316
37	k79_7373
37	k79_68695
37	k79_21769
37	k79_44039
37	k79_49008
37	k79_63843
37	k79_48704
37	k79_10177
37	k79_87416
37	k79_70562
37	k79_63703
37	k79_42511
38	k79_91170
38	k79_68900
38	k79_61693
38	k79_19069
38	k79_79558
38	k79_34162
38	k79_23635
38	k79_70750
38	k79_65647
38	k79_15550
38	k79_45660
38	k79_22953
38	k79_45680
38	k79_51752
38	k79_14575
38	k79_94022
38	k79_6647
38	k79_555
38	k79_7345
38	k79_37535
38	k79_55484
38	k79_9369
38	k79_47739
38	k79_9594
38	k79_21870
38	k79_69643
38	k79_5679
38	k79_69157
38	k79_43843
38	k79_73164
38	k79_537
38	k79_94801
38	k79_16396
38	k79_42784
38	k79_612
38	k79_24240
38	k79_4833
38	k79_14895
38	k79_9236
38	k79_86775
38	k79_17352
38	k79_8031
38	k79_73954
38	k79_63550
38	k79_67423
38	k79_88330
38	k79_75241
38	k79_93114
38	k79_73072
38	k79_40255
38	k79_18707
38	k79_81785
38	k79_82274
38	k79_64592
38	k79_165
38	k79_40720
38	k79_52970
38	k79_57931
38	k79_11422
38	k79_32901
38	k79_64442
38	k79_66354
38	k79_67040
38	k79_3885
38	k79_89630
38	k79_55412
38	k79_48207
38	k79_93746
38	k79_48736
38	k79_30077
38	k79_39693
38	k79_80398
38	k79_75886
38	k79_1002
38	k79_35857
38	k79_85204
38	k79_53957
38	k79_39487
38	k79_78805
38	k79_63823
38	k79_17080
38	k79_46988
38	k79_9332
38	k79_11554
38	k79_84659
39	k79_86539
39	k79_84339
39	k79_59713
39	k79_10590
39	k79_52528
39	k79_78973
39	k79_54470
39	k79_17268
39	k79_87602
39	k79_19806
39	k79_50244
39	k79_17207
39	k79_61413
39	k79_61382
39	k79_51286
39	k79_16838
39	k79_77333
39	k79_14248
39	k79_38067
39	k79_85465
39	k79_74450
39	k79_78265
39	k79_68668
39	k79_57166
39	k79_8545
39	k79_8071
39	k79_54149
39	k79_90550
39	k79_4105
39	k79_24821
39	k79_13540
39	k79_59384
39	k79_50227
39	k79_50659
39	k79_21002
39	k79_43288
39	k79_22895
39	k79_74016
39	k79_26537
39	k79_65514
39	k79_61138
39	k79_27255
39	k79_41651
39	k79_77902
39	k79_57967
39	k79_19904
39	k79_4196
39	k79_30708
39	k79_23472
39	k79_3615
39	k79_27211
39	k79_13986
39	k79_76470
39	k79_91048
39	k79_9475
39	k79_37949
39	k79_37167
39	k79_24826
39	k79_66248
39	k79_95286
39	k79_13074
39	k79_62286
39	k79_19687
39	k79_32870
39	k79_28556
39	k79_19340
39	k79_83657
39	k79_27628
39	k79_87445
39	k79_94470
39	k79_45643
39	k79_29060
39	k79_49271
39	k79_42666
39	k79_21384
39	k79_2992
39	k79_49159
39	k79_1070
39	k79_32093
39	k79_45634
39	k79_12885
39	k79_19123
39	k79_80181
39	k79_24838
39	k79_5522
39	k79_26665
39	k79_85208
39	k79_75418
39	k79_1838
39	k79_30789
39	k79_42066
39	k79_81631
39	k79_55888
39	k79_66336
39	k79_85496
39	k79_77889
39	k79_61893
39	k79_29064
39	k79_86465
39	k79_62466
39	k79_26443
39	k79_95394
39	k79_88818
39	k79_90055
39	k79_93245
39	k79_20621
39	k79_4500
39	k79_71087
39	k79_49005
39	k79_36021
39	k79_14013
39	k79_75898
39	k79_86441
39	k79_39157
39	k79_2498
39	k79_33136
39	k79_61676
39	k79_4285
39	k79_92660
39	k79_15581
39	k79_67744
39	k79_13518
39	k79_74231
39	k79_42669
39	k79_51766
39	k79_81124
39	k79_5226
39	k79_93602
39	k79_72654
39	k79_10929
39	k79_28976
39	k79_15679
39	k79_76105
39	k79_33328
39	k79_42218
39	k79_57134
39	k79_31741
40	k79_70521
40	k79_67207
41	k79_59234
41	k79_66477
41	k79_86989
41	k79_94317
41	k79_34795
41	k79_30012
41	k79_18106
41	k79_57882
41	k79_77291
41	k79_88536
41	k79_41968
41	k79_12317
41	k79_62591
41	k79_75346
41	k79_47584
41	k79_78799
41	k79_65446
41	k79_12602
41	k79_8949
41	k79_67109
41	k79_20335
41	k79_35838
41	k79_48254
41	k79_87218
41	k79_42697
41	k79_92889
41	k79_21492
41	k79_53110
41	k79_92769
41	k79_47618
41	k79_24207
41	k79_42393
41	k79_90134
41	k79_92218
41	k79_64089
41	k79_69258
41	k79_824
42	k79_43461
43	k79_60945
44	k79_24993
44	k79_86436
44	k79_9307
44	k79_48062
44	k79_55619
44	k79_14567
44	k79_7201
44	k79_80234
44	k79_28765
44	k79_17293
44	k79_88555
44	k79_43966
44	k79_71009
44	k79_82313
44	k79_56821
44	k79_10557
44	k79_37843
44	k79_14032
44	k79_10108
44	k79_326
44	k79_87366
44	k79_8582
44	k79_16109
44	k79_65642
44	k79_84763
44	k79_93389
44	k79_10541
44	k79_4919
44	k79_785
44	k79_64763
44	k79_14383
44	k79_37448
44	k79_54520
44	k79_79428
44	k79_49907
44	k79_47684
44	k79_77208
44	k79_86798
44	k79_57215
44	k79_54760
44	k79_3124
44	k79_50821
44	k79_48963
44	k79_53111
44	k79_25378
44	k79_2460
44	k79_59860
44	k79_50987
44	k79_45943
44	k79_61962
44	k79_33176
44	k79_16813
44	k79_85544
44	k79_83238
44	k79_42465
44	k79_22880
44	k79_89793
44	k79_77913
44	k79_31533
44	k79_70488
44	k79_91514
44	k79_45666
44	k79_72901
44	k79_2317
44	k79_10316
44	k79_79047
44	k79_8100
44	k79_5074
44	k79_39673
44	k79_75608
44	k79_49475
44	k79_89667
44	k79_47772
44	k79_34090
44	k79_67192
44	k79_48656
44	k79_82472
44	k79_33033
44	k79_47920
44	k79_13304
44	k79_70252
44	k79_36097
44	k79_66281
44	k79_65756
44	k79_6065
44	k79_70753
44	k79_15182
44	k79_81137
44	k79_79011
44	k79_36231
44	k79_45885
44	k79_51182
44	k79_4096
44	k79_64744
44	k79_34002
44	k79_95229
44	k79_11699
44	k79_4567
44	k79_55944
44	k79_91854
44	k79_71805
44	k79_18032
44	k79_24753
44	k79_49771
44	k79_67488
44	k79_35273
44	k79_69077
44	k79_2800
44	k79_41606
44	k79_33122
44	k79_91159
44	k79_12204
44	k79_15441
44	k79_73308
44	k79_72483
44	k79_70841
44	k79_25388
44	k79_4960
44	k79_5149
44	k79_37964
44	k79_32175
44	k79_26493
44	k79_1717
44	k79_77541
44	k79_95375
44	k79_6534
44	k79_8415
44	k79_35648
44	k79_55721
44	k79_42681
44	k79_70561
44	k79_31604
44	k79_4071
44	k79_17993
44	k79_34878
44	k79_66299
44	k79_55550
44	k79_85692
44	k79_49655
44	k79_77539
44	k79_56849
44	k79_93454
44	k79_45882
44	k79_69863
44	k79_65283
44	k79_32342
44	k79_1921
44	k79_30002
44	k79_57259
44	k79_13412
44	k79_60245
44	k79_24857
44	k79_13840
44	k79_63972
44	k79_30568
44	k79_37375
44	k79_78590
44	k79_23335
44	k79_39519
44	k79_17150
44	k79_65525
44	k79_77794
44	k79_66626
44	k79_80039
44	k79_79195
44	k79_63852
44	k79_73670
44	k79_35032
44	k79_36276
44	k79_67519
44	k79_2534
44	k79_32301
44	k79_8933
44	k79_19160
44	k79_77141
44	k79_81739
44	k79_10141
44	k79_32177
44	k79_10212
44	k79_11105
44	k79_47579
44	k79_36476
44	k79_68022
44	k79_85281
44	k79_249
44	k79_49543
44	k79_14504
44	k79_88980
44	k79_8440
44	k79_53360
44	k79_91110
44	k79_33704
44	k79_37151
44	k79_66735
44	k79_48807
44	k79_37098
44	k79_94113
44	k79_19849
44	k79_58137
44	k79_21344
44	k79_47831
44	k79_17879
44	k79_47483
44	k79_19395
44	k79_5285
44	k79_75622
44	k79_91772
44	k79_67477
44	k79_3683
44	k79_62697
44	k79_10220
44	k79_23010
44	k79_62319
44	k79_52759
44	k79_84465
44	k79_74044
44	k79_48608
44	k79_12659
44	k79_70228
44	k79_93085
44	k79_57272
44	k79_78931
44	k79_30991
44	k79_2704
44	k79_30103
44	k79_86843
44	k79_77559
44	k79_45152
44	k79_22849
44	k79_5433
44	k79_86611
44	k79_31616
44	k79_62668
44	k79_95876
44	k79_44848
44	k79_61003
44	k79_79388
44	k79_33872
44	k79_85975
44	k79_10882
44	k79_2095
44	k79_79161
44	k79_1305
44	k79_49245
44	k79_10826
44	k79_39796
44	k79_1248
44	k79_41280
44	k79_81115
44	k79_69752
44	k79_88325
44	k79_91123
44	k79_30034
44	k79_87148
44	k79_89981
44	k79_88055
44	k79_15662
44	k79_56050
44	k79_14892
44	k79_95727
44	k79_65108
44	k79_83072
44	k79_74834
44	k79_72791
44	k79_86196
44	k79_11702
44	k79_19758
44	k79_46320
44	k79_34014
44	k79_31170
44	k79_67259
44	k79_47651
44	k79_88613
44	k79_34737
44	k79_35378
44	k79_75041
44	k79_91484
44	k79_54039
44	k79_48632
44	k79_24396
44	k79_62873
44	k79_3424
44	k79_22723
44	k79_43925
44	k79_22716
44	k79_44868
44	k79_14276
44	k79_9888
44	k79_7200
44	k79_7610
44	k79_12265
44	k79_59654
44	k79_767
44	k79_36277
44	k79_94265
44	k79_78
44	k79_1538
44	k79_39769
44	k79_75056
44	k79_86873
44	k79_92873
44	k79_11054
44	k79_56774
44	k79_70609
44	k79_95503
44	k79_54198
44	k79_67627
44	k79_73541
44	k79_51199
44	k79_64276
44	k79_1984
44	k79_33779
44	k79_42920
44	k79_78280
44	k79_45406
44	k79_33000
44	k79_67548
44	k79_41069
44	k79_36491
44	k79_14904
44	k79_32817
44	k79_20657
44	k79_10702
44	k79_29195
44	k79_15221
44	k79_14144
44	k79_40073
44	k79_74425
44	k79_69142
44	k79_1325
44	k79_8210
44	k79_15463
44	k79_47469
44	k79_50212
44	k79_32843
44	k79_6334
44	k79_79910
44	k79_16097
44	k79_65704
44	k79_13470
44	k79_94734
44	k79_59631
44	k79_13999
44	k79_20754
44	k79_83731
44	k79_8303
44	k79_40516
44	k79_89719
44	k79_8702
44	k79_42409
44	k79_52060
44	k79_2765
44	k79_90551
44	k79_78928
44	k79_51830
44	k79_72778
44	k79_53947
44	k79_30940
44	k79_16821
44	k79_2186
44	k79_76203
44	k79_64980
44	k79_35845
44	k79_93391
44	k79_61259
44	k79_27612
44	k79_44895
44	k79_84502
44	k79_70705
44	k79_77952
44	k79_22655
44	k79_7615
44	k79_88159
44	k79_81540
44	k79_77817
44	k79_40317
44	k79_39313
44	k79_90765
44	k79_71860
44	k79_45552
44	k79_10824
44	k79_39728
44	k79_34436
44	k79_19264
44	k79_65713
44	k79_16487
44	k79_28671
44	k79_27450
44	k79_34840
44	k79_7283
44	k79_70976
44	k79_25861
44	k79_16687
44	k79_53313
44	k79_67743
44	k79_65731
44	k79_38479
44	k79_93541
44	k79_31382
44	k79_8581
44	k79_57752
44	k79_56018
44	k79_95833
44	k79_71634
44	k79_1746
44	k79_53206
44	k79_53303
44	k79_67009
44	k79_82296
44	k79_53222
44	k79_36818
44	k79_21761
44	k79_12622
44	k79_66915
44	k79_51135
44	k79_43831
44	k79_35021
44	k79_10023
44	k79_74192
44	k79_56489
44	k79_87693
44	k79_40046
44	k79_63478
44	k79_57862
44	k79_67244
44	k79_20340
44	k79_50729
44	k79_30773
44	k79_50027
44	k79_42275
44	k79_10239
44	k79_2204
44	k79_32238
44	k79_28801
44	k79_34211
44	k79_73291
44	k79_24817
44	k79_18329
44	k79_23361
44	k79_29087
44	k79_91945
44	k79_74641
44	k79_22877
44	k79_54595
44	k79_54
44	k79_71612
44	k79_14723
44	k79_39646
44	k79_66104
44	k79_21663
44	k79_4655
44	k79_5530
44	k79_14948
44	k79_10979
44	k79_93953
44	k79_961
44	k79_49065
44	k79_6904
44	k79_73723
44	k79_8380
44	k79_56569
44	k79_60054
44	k79_27697
44	k79_51339
44	k79_48596
44	k79_80236
44	k79_79787
44	k79_61437
44	k79_58006
44	k79_59762
44	k79_49351
44	k79_79373
44	k79_2556
44	k79_68308
44	k79_23412
44	k79_85156
44	k79_60611
44	k79_81547
44	k79_6676
44	k79_45613
44	k79_74294
44	k79_46231
44	k79_61132
44	k79_28161
44	k79_41138
44	k79_92540
44	k79_90842
44	k79_81217
44	k79_26694
44	k79_153
44	k79_1104
44	k79_54791
44	k79_58612
44	k79_94520
44	k79_86070
44	k79_86279
44	k79_22205
44	k79_12062
44	k79_39478
44	k79_68837
44	k79_82008
44	k79_38283
44	k79_27651
44	k79_46204
44	k79_73429
44	k79_9563
44	k79_34807
44	k79_10214
44	k79_62111
44	k79_48094
44	k79_32850
44	k79_16375
44	k79_55098
44	k79_36176
44	k79_44202
44	k79_2281
44	k79_9966
44	k79_7651
44	k79_20557
44	k79_13962
44	k79_64352
44	k79_653
44	k79_27616
44	k79_35087
44	k79_17187
44	k79_53423
44	k79_64264
44	k79_6143
44	k79_59475
44	k79_89476
44	k79_64407
44	k79_28142
44	k79_68250
44	k79_19156
44	k79_33524
44	k79_45911
44	k79_91589
44	k79_27632
44	k79_12088
44	k79_15268
44	k79_16373
44	k79_36742
44	k79_77777
44	k79_70398
44	k79_53147
44	k79_56142
44	k79_81643
44	k79_71177
44	k79_14149
44	k79_1961
44	k79_87415
44	k79_92846
44	k79_81714
44	k79_16205
44	k79_87035
44	k79_3245
44	k79_80892
44	k79_93687
44	k79_55871
44	k79_50530
44	k79_82514
44	k79_63270
44	k79_77601
44	k79_52109
44	k79_54860
44	k79_8027
44	k79_44783
44	k79_28360
44	k79_84163
44	k79_73401
44	k79_49535
44	k79_31426
44	k79_3459
44	k79_68425
44	k79_52594
44	k79_82006
44	k79_29873
44	k79_96095
44	k79_37798
44	k79_32626
44	k79_96254
44	k79_38284
44	k79_2852
44	k79_8259
44	k79_19740
44	k79_84874
44	k79_13443
44	k79_32940
44	k79_71291
44	k79_46029
44	k79_70949
44	k79_44208
44	k79_81963
44	k79_50015
44	k79_89433
44	k79_79490
44	k79_12218
44	k79_87532
44	k79_51778
44	k79_9584
44	k79_4771
44	k79_71641
44	k79_25082
44	k79_51675
44	k79_27880
44	k79_80392
44	k79_87230
44	k79_49599
44	k79_65833
44	k79_18392
44	k79_76302
44	k79_30770
44	k79_69537
44	k79_7133
44	k79_10238
44	k79_85663
44	k79_76450
44	k79_86222
44	k79_3731
44	k79_95596
44	k79_15343
44	k79_5992
44	k79_76830
44	k79_13571
44	k79_15126
44	k79_19539
44	k79_94001
44	k79_17106
44	k79_10506
44	k79_71374
44	k79_13634
44	k79_28449
44	k79_41098
44	k79_5527
44	k79_28810
44	k79_96325
44	k79_5637
44	k79_13438
44	k79_82863
44	k79_90335
44	k79_28993
44	k79_52481
44	k79_20058
44	k79_10957
44	k79_420
44	k79_74824
44	k79_30119
44	k79_7260
44	k79_55878
44	k79_61632
44	k79_30253
44	k79_3436
44	k79_81777
44	k79_82398
44	k79_45212
44	k79_47670
44	k79_30553
44	k79_34075
44	k79_14789
44	k79_61835
44	k79_45164
44	k79_2725
44	k79_52213
44	k79_20733
44	k79_61986
44	k79_68403
44	k79_95451
44	k79_74678
44	k79_25356
44	k79_30015
44	k79_21969
44	k79_66322
44	k79_48666
44	k79_69074
44	k79_43757
44	k79_1010
44	k79_8567
44	k79_68379
44	k79_50547
44	k79_36155
44	k79_12712
44	k79_88352
44	k79_43681
44	k79_19374
44	k79_79135
44	k79_77525
44	k79_39198
44	k79_67867
44	k79_63945
44	k79_10673
44	k79_81408
44	k79_88184
44	k79_28519
44	k79_40843
44	k79_69364
44	k79_45710
44	k79_9030
44	k79_32257
44	k79_47929
44	k79_12256
44	k79_48514
44	k79_4453
44	k79_21289
44	k79_46821
44	k79_61528
44	k79_83383
44	k79_23783
44	k79_89945
44	k79_12635
44	k79_64551
44	k79_50730
44	k79_53517
44	k79_84836
44	k79_41212
44	k79_36208
44	k79_12276
44	k79_7069
44	k79_77574
44	k79_10618
44	k79_47500
44	k79_56432
44	k79_86192
44	k79_93146
44	k79_58201
44	k79_20099
44	k79_85607
44	k79_49891
44	k79_86835
44	k79_46660
44	k79_23071
44	k79_19772
44	k79_19555
44	k79_45126
44	k79_77967
44	k79_77108
44	k79_31431
44	k79_7470
44	k79_30753
45	k79_85889
46	k79_37540
46	k79_2754
46	k79_17053
46	k79_60989
46	k79_66015
46	k79_54807
46	k79_56922
46	k79_14225
46	k79_71846
46	k79_13179
46	k79_2648
46	k79_47808
46	k79_13769
46	k79_79953
46	k79_27309
46	k79_88511
46	k79_67679
46	k79_74799
46	k79_8175
46	k79_86983
46	k79_26696
46	k79_26120
46	k79_5424
46	k79_79911
46	k79_31250
46	k79_256
46	k79_73071
46	k79_71758
46	k79_42793
46	k79_31517
46	k79_59052
46	k79_91927
46	k79_83682
46	k79_75848
46	k79_71105
46	k79_43935
46	k79_14935
46	k79_67505
46	k79_59996
46	k79_88090
46	k79_49322
46	k79_61919
46	k79_76043
46	k79_86531
46	k79_12828
47	k79_12853
47	k79_5870
47	k79_237
47	k79_3498
47	k79_39045
47	k79_13037
47	k79_73909
47	k79_81809
47	k79_24262
47	k79_71620
47	k79_2355
47	k79_24263
47	k79_65667
47	k79_16184
47	k79_45751
47	k79_86290
47	k79_31241
47	k79_27638
47	k79_57594
47	k79_68338
47	k79_87569
47	k79_24869
47	k79_80059
47	k79_24833
47	k79_77073
47	k79_61915
48	k79_48171
49	k79_68801
49	k79_7162
49	k79_21474
49	k79_45444
49	k79_7145
49	k79_61573
49	k79_91681
49	k79_25392
49	k79_40813
49	k79_72610
49	k79_58732
49	k79_24324
49	k79_22863
49	k79_34203
49	k79_86500
49	k79_78723
49	k79_6836
49	k79_252
49	k79_31621
49	k79_71324
49	k79_22611
49	k79_83398
49	k79_16879
49	k79_92602
50	k79_54396
50	k79_7148
50	k79_20943
50	k79_20928
50	k79_58033
50	k79_18763
50	k79_25123
50	k79_19882
50	k79_48787
50	k79_75371
50	k79_67934
50	k79_92978
50	k79_21435
50	k79_45365
50	k79_48560
50	k79_6269
50	k79_66339
50	k79_21865
50	k79_11195
50	k79_66802
50	k79_33786
50	k79_64937
50	k79_14277
50	k79_17025
50	k79_92343
50	k79_86256
50	k79_55849
50	k79_38073
50	k79_3167
50	k79_52095
50	k79_77490
50	k79_56401
50	k79_25549
50	k79_56602
50	k79_51522
50	k79_12679
50	k79_50073
50	k79_59901
50	k79_94415
50	k79_85389
50	k79_44778
50	k79_33845
50	k79_25372
50	k79_5682
50	k79_42507
50	k79_85515
50	k79_28025
50	k79_62654
50	k79_66541
50	k79_31525
50	k79_48091
50	k79_49558
50	k79_92267
50	k79_26626
50	k79_41100
50	k79_4339
50	k79_86862
50	k79_25339
50	k79_78897
50	k79_50555
50	k79_9639
50	k79_60014
50	k79_13901
50	k79_80544
50	k79_7576
50	k79_41746
50	k79_28105
50	k79_45467
50	k79_12995
50	k79_27520
50	k79_64949
50	k79_52097
50	k79_42340
50	k79_31256
50	k79_59805
50	k79_44766
50	k79_25817
50	k79_83801
50	k79_81464
50	k79_88755
50	k79_38427
50	k79_40888
50	k79_33879
50	k79_49661
50	k79_42821
50	k79_88889
50	k79_78070
50	k79_36500
50	k79_500
50	k79_64423
50	k79_76850
50	k79_78032
50	k79_93399
50	k79_52979
50	k79_37387
50	k79_12820
50	k79_93519
50	k79_84119
50	k79_69390
50	k79_33979
50	k79_13054
50	k79_41235
50	k79_37355
50	k79_8294
50	k79_50143
50	k79_64064
50	k79_5055
50	k79_38637
50	k79_87989
50	k79_78233
50	k79_90391
50	k79_34580
50	k79_15258
50	k79_89302
50	k79_18794
50	k79_81243
50	k79_54605
50	k79_36329
50	k79_62647
50	k79_95991
50	k79_25843
50	k79_38919
50	k79_64939
50	k79_30976
50	k79_62702
50	k79_59966
50	k79_40815
50	k79_13039
50	k79_57327
50	k79_14005
50	k79_681
50	k79_2982
50	k79_39964
50	k79_31935
50	k79_1240
50	k79_82095
50	k79_82833
50	k79_10944
50	k79_86842
50	k79_62560
50	k79_4272
50	k79_57333
50	k79_12857
50	k79_6658
50	k79_68848
50	k79_90517
50	k79_1285
50	k79_14197
50	k79_95208
50	k79_56871
50	k79_53832
50	k79_43230
50	k79_82843
50	k79_30749
50	k79_11963
50	k79_22897
50	k79_22494
50	k79_29231
50	k79_86738
50	k79_58653
50	k79_84296
50	k79_55126
50	k79_44016
50	k79_84515
50	k79_17194
50	k79_84030
50	k79_79338
50	k79_61087
50	k79_27790
50	k79_8674
50	k79_80582
50	k79_11821
50	k79_70717
50	k79_92717
50	k79_18756
50	k79_21922
50	k79_50325
50	k79_12740
50	k79_85773
50	k79_2343
50	k79_51949
50	k79_53031
50	k79_64309
50	k79_66485
50	k79_91361
50	k79_45013
50	k79_15840
50	k79_92638
50	k79_484
50	k79_13595
50	k79_28203
50	k79_62330
50	k79_32446
50	k79_11560
50	k79_72102
50	k79_48396
50	k79_14050
50	k79_17935
50	k79_36694
50	k79_3572
50	k79_80328
50	k79_11192
50	k79_74794
50	k79_54921
50	k79_52905
50	k79_85800
50	k79_15980
50	k79_5875
50	k79_34351
50	k79_66323
50	k79_34915
50	k79_62054
50	k79_19564
50	k79_35409
50	k79_46586
50	k79_59162
50	k79_12340
50	k79_84983
50	k79_25357
50	k79_66072
50	k79_47824
50	k79_57493
50	k79_25396
50	k79_40914
50	k79_27772
50	k79_59736
50	k79_45054
50	k79_48008
50	k79_14163
50	k79_32247
50	k79_30518
50	k79_32872
50	k79_79569
50	k79_22824
50	k79_93327
50	k79_76220
50	k79_20480
50	k79_69473
50	k79_91642
50	k79_15712
50	k79_90161
50	k79_25157
50	k79_69346
51	k79_84092
51	k79_49786
51	k79_25556
51	k79_89828
51	k79_20899
51	k79_71617
51	k79_49976
51	k79_15595
51	k79_4117
51	k79_3802
51	k79_7820
51	k79_37489
51	k79_43252
51	k79_66599
51	k79_91313
51	k79_22141
51	k79_86667
51	k79_25080
51	k79_13042
51	k79_13835
51	k79_4249
51	k79_4685
51	k79_82436
51	k79_29229
51	k79_70704
51	k79_75200
51	k79_32932
51	k79_2060
51	k79_10365
51	k79_18285
51	k79_57438
51	k79_15862
51	k79_83645
51	k79_25985
51	k79_42226
51	k79_87371
51	k79_45642
51	k79_38060
51	k79_61055
51	k79_6210
51	k79_54348
51	k79_6231
51	k79_18321
51	k79_64143
51	k79_34283
51	k79_14868
51	k79_55516
51	k79_9990
51	k79_69834
51	k79_60174
51	k79_56317
51	k79_15963
51	k79_73242
51	k79_5005
51	k79_23642
51	k79_1766
51	k79_39223
51	k79_72982
51	k79_12697
51	k79_49099
51	k79_67539
51	k79_39595
51	k79_72541
51	k79_84976
51	k79_37664
51	k79_31671
51	k79_17249
51	k79_14586
51	k79_50536
51	k79_32084
51	k79_89532
51	k79_69998
51	k79_80317
51	k79_4179
51	k79_76266
51	k79_23874
51	k79_36659
51	k79_33094
51	k79_16932
51	k79_63038
51	k79_90009
51	k79_10778
51	k79_94231
51	k79_46895
51	k79_10813
51	k79_45844
51	k79_79067
51	k79_54128
51	k79_52787
51	k79_38933
51	k79_86126
51	k79_76230
51	k79_43046
51	k79_34935
51	k79_58062
51	k79_21064
51	k79_91824
51	k79_66410
51	k79_54320
51	k79_26115
51	k79_95793
51	k79_51180
51	k79_15257
51	k79_38994
51	k79_45257
51	k79_27027
51	k79_21589
51	k79_92289
51	k79_68120
51	k79_44201
51	k79_12272
51	k79_27413
51	k79_87579
51	k79_8116
51	k79_65670
51	k79_60509
51	k79_86590
51	k79_12031
51	k79_25954
51	k79_47198
51	k79_49742
51	k79_84767
51	k79_84901
51	k79_16561
51	k79_92047
51	k79_24772
51	k79_56616
51	k79_89426
51	k79_81811
51	k79_88757
51	k79_61685
51	k79_73729
51	k79_75179
51	k79_79376
51	k79_37309
51	k79_10040
51	k79_54273
51	k79_68007
51	k79_229
51	k79_76187
51	k79_94408
51	k79_70041
51	k79_1047
51	k79_66348
51	k79_76507
51	k79_87224
51	k79_15649
51	k79_60099
51	k79_41177
51	k79_46418
51	k79_92945
51	k79_83253
52	k79_65029
52	k79_7472
52	k79_5007
52	k79_43045
52	k79_25524
52	k79_70341
52	k79_13351
52	k79_49859
52	k79_95562
52	k79_29254
52	k79_79670
52	k79_80634
52	k79_11196
52	k79_79224
52	k79_22242
52	k79_13484
52	k79_35192
52	k79_6388
52	k79_81473
52	k79_48116
52	k79_48138
52	k79_78646
52	k79_33363
52	k79_87648
52	k79_27323
52	k79_13672
52	k79_1703
52	k79_15339
52	k79_78804
52	k79_78706
52	k79_32255
52	k79_57268
52	k79_74488
52	k79_25096
52	k79_65675
52	k79_87223
52	k79_31655
52	k79_86311
52	k79_68131
52	k79_5704
52	k79_25462
52	k79_49876
52	k79_75523
52	k79_77499
52	k79_46562
52	k79_41205
52	k79_50288
52	k79_46747
52	k79_4284
52	k79_41857
52	k79_22882
52	k79_14181
52	k79_60166
52	k79_91542
52	k79_49328
52	k79_45081
52	k79_75710
52	k79_39255
52	k79_28290
52	k79_94864
52	k79_88504
52	k79_33849
52	k79_46691
52	k79_5239
52	k79_85654
52	k79_79260
52	k79_35470
52	k79_24302
52	k79_84207
52	k79_41845
52	k79_950
52	k79_74821
52	k79_43995
52	k79_67966
52	k79_36890
52	k79_16871
52	k79_60907
52	k79_57680
52	k79_47055
52	k79_35147
52	k79_68061
52	k79_65380
52	k79_47360
52	k79_94804
52	k79_56992
52	k79_88136
52	k79_68083
52	k79_49477
52	k79_7703
52	k79_15383
52	k79_40494
52	k79_35332
52	k79_16441
52	k79_72710
52	k79_32370
52	k79_1395
52	k79_17737
52	k79_21673
52	k79_25758
52	k79_76212
52	k79_34445
52	k79_82656
52	k79_21029
52	k79_28084
52	k79_88619
52	k79_76278
52	k79_57836
52	k79_43326
52	k79_35536
52	k79_91538
52	k79_67401
52	k79_65958
52	k79_68602
52	k79_31528
52	k79_58642
52	k79_11874
52	k79_41663
52	k79_83593
52	k79_38987
52	k79_23382
52	k79_8792
52	k79_1030
52	k79_38022
52	k79_62727
52	k79_88361
52	k79_55087
52	k79_3904
52	k79_34910
52	k79_52939
52	k79_61878
52	k79_61785
52	k79_53390
52	k79_8475
52	k79_55255
52	k79_31560
52	k79_12354
52	k79_2752
52	k79_64482
52	k79_41897
52	k79_44428
52	k79_60992
52	k79_21635
52	k79_53372
52	k79_12355
52	k79_54618
52	k79_16483
52	k79_46223
52	k79_87186
52	k79_65544
52	k79_28989
52	k79_43212
52	k79_16012
52	k79_31672
52	k79_81321
52	k79_75114
52	k79_32722
52	k79_33466
52	k79_21863
52	k79_71842
52	k79_45610
52	k79_67685
52	k79_71988
52	k79_36184
52	k79_59578
52	k79_96290
52	k79_56311
52	k79_31789
52	k79_47325
52	k79_26608
52	k79_85723
52	k79_8349
52	k79_72439
52	k79_34345
52	k79_42553
52	k79_52740
52	k79_92838
52	k79_21654
52	k79_3012
52	k79_64569
52	k79_22165
52	k79_85078
52	k79_59997
52	k79_5456
52	k79_96053
52	k79_25672
52	k79_30779
52	k79_78373
52	k79_37751
52	k79_2157
52	k79_18420
52	k79_79820
52	k79_62993
52	k79_9421
52	k79_94555
52	k79_31713
52	k79_43378
52	k79_82346
52	k79_42468
52	k79_91326
52	k79_84346
52	k79_46114
52	k79_66577
52	k79_77725
52	k79_72423
52	k79_62460
52	k79_39781
52	k79_72740
52	k79_21176
52	k79_90005
52	k79_67826
52	k79_32500
52	k79_28494
52	k79_94826
52	k79_62833
52	k79_19517
52	k79_79285
52	k79_80401
52	k79_78909
52	k79_68887
52	k79_18378
52	k79_90165
52	k79_23816
52	k79_42299
52	k79_32530
52	k79_86743
52	k79_4288
52	k79_56309
52	k79_72565
52	k79_19359
52	k79_29526
52	k79_57543
52	k79_73495
52	k79_48324
52	k79_76280
52	k79_83919
52	k79_4807
52	k79_93232
52	k79_83193
52	k79_24030
52	k79_23525
52	k79_25461
52	k79_63498
52	k79_27019
52	k79_46557
52	k79_29986
52	k79_6089
52	k79_87235
52	k79_77180
52	k79_77163
52	k79_11485
52	k79_8769
52	k79_89269
52	k79_69592
52	k79_811
52	k79_44834
52	k79_4516
52	k79_70343
52	k79_700
52	k79_68604
52	k79_70740
52	k79_3090
52	k79_27702
52	k79_55054
52	k79_72555
52	k79_63376
52	k79_91905
52	k79_81851
52	k79_34344
52	k79_59412
52	k79_38059
52	k79_58567
52	k79_9767
52	k79_95534
52	k79_35754
52	k79_70580
52	k79_55328
52	k79_39620
52	k79_45414
52	k79_19411
52	k79_3259
52	k79_29002
52	k79_62055
52	k79_28426
52	k79_55303
52	k79_47410
52	k79_66242
52	k79_11353
52	k79_13954
52	k79_57252
52	k79_51459
52	k79_894
52	k79_3757
52	k79_14202
52	k79_90070
52	k79_18426
52	k79_7361
52	k79_11082
52	k79_11166
52	k79_77852
52	k79_87419
52	k79_59040
52	k79_51316
52	k79_72231
52	k79_14506
52	k79_51751
52	k79_1896
52	k79_41703
52	k79_37268
52	k79_25180
52	k79_92648
52	k79_81726
52	k79_33106
52	k79_51730
52	k79_80202
52	k79_2141
52	k79_78841
52	k79_28568
52	k79_76686
52	k79_86954
52	k79_83702
52	k79_14242
52	k79_24052
52	k79_64158
52	k79_69181
52	k79_45460
52	k79_69286
52	k79_16717
52	k79_37436
52	k79_81314
52	k79_61347
52	k79_37037
52	k79_61888
52	k79_19434
52	k79_78101
52	k79_44246
52	k79_17090
52	k79_4343
52	k79_60195
52	k79_33558
52	k79_25644
52	k79_59204
52	k79_14234
52	k79_80814
52	k79_1110
52	k79_63682
52	k79_90186
52	k79_34706
52	k79_18656
52	k79_66089
52	k79_42542
52	k79_19742
52	k79_5962
52	k79_6360
52	k79_8561
52	k79_28623
52	k79_37806
52	k79_12993
52	k79_22009
52	k79_25790
52	k79_48577
52	k79_87252
52	k79_78707
52	k79_79529
52	k79_85696
52	k79_19931
52	k79_69307
52	k79_21285
52	k79_23612
52	k79_76089
52	k79_73282
52	k79_17866
52	k79_4363
52	k79_84681
52	k79_45877
52	k79_13605
52	k79_37741
52	k79_31047
52	k79_20589
52	k79_78150
52	k79_40727
52	k79_74360
52	k79_69006
52	k79_14081
52	k79_39270
52	k79_73369
52	k79_6155
52	k79_69285
52	k79_19136
52	k79_9254
52	k79_58901
52	k79_72236
52	k79_77157
52	k79_17362
52	k79_58513
52	k79_17743
52	k79_2394
52	k79_43240
52	k79_69508
52	k79_19121
52	k79_31607
52	k79_44852
52	k79_24382
52	k79_6069
52	k79_75728
52	k79_72539
52	k79_57437
52	k79_52456
52	k79_20700
52	k79_20647
52	k79_73486
52	k79_976
52	k79_32531
52	k79_3964
52	k79_69487
52	k79_92680
52	k79_63535
52	k79_32150
52	k79_84146
52	k79_35561
52	k79_73363
52	k79_89912
52	k79_68237
52	k79_80161
52	k79_22871
52	k79_19826
52	k79_86691
52	k79_63752
52	k79_19604
52	k79_8543
52	k79_50720
52	k79_9043
52	k79_54051
52	k79_18063
52	k79_34776
52	k79_62068
52	k79_74746
52	k79_7861
52	k79_18685
52	k79_62278
52	k79_70158
52	k79_64808
52	k79_79398
52	k79_95698
52	k79_64258
52	k79_86902
52	k79_16111
52	k79_39814
52	k79_4450
52	k79_81533
52	k79_11493
52	k79_20707
52	k79_27493
52	k79_31406
52	k79_59184
52	k79_8605
52	k79_43377
52	k79_35829
52	k79_62115
52	k79_28341
52	k79_19155
52	k79_12695
52	k79_42304
52	k79_6045
52	k79_24376
52	k79_11845
52	k79_55106
52	k79_33852
52	k79_85191
52	k79_14559
52	k79_39755
52	k79_5253
52	k79_10364
52	k79_83225
52	k79_38805
52	k79_83296
52	k79_73351
52	k79_56384
52	k79_52547
52	k79_64781
52	k79_74012
52	k79_33488
52	k79_4495
52	k79_3001
52	k79_90358
52	k79_47641
52	k79_28049
52	k79_31606
52	k79_43107
52	k79_96355
52	k79_69620
52	k79_37280
52	k79_7072
52	k79_86559
52	k79_52543
52	k79_86975
52	k79_64927
52	k79_2017
52	k79_66963
52	k79_56097
52	k79_58876
52	k79_67710
52	k79_16918
52	k79_58457
52	k79_17347
52	k79_90166
52	k79_48643
52	k79_6867
52	k79_23985
52	k79_30446
52	k79_4585
52	k79_44436
52	k79_24234
52	k79_61687
52	k79_16664
52	k79_79015
52	k79_49912
52	k79_16970
52	k79_40796
52	k79_91723
52	k79_66038
52	k79_8049
52	k79_82772
52	k79_46852
52	k79_41667
52	k79_18323
52	k79_31262
52	k79_45890
52	k79_43480
52	k79_63160
52	k79_54469
52	k79_56425
52	k79_15686
52	k79_27896
52	k79_91936
52	k79_20105
52	k79_25670
52	k79_79752
52	k79_3211
52	k79_53428
52	k79_32274
52	k79_58462
52	k79_60862
52	k79_40985
52	k79_60648
52	k79_78359
52	k79_57011
52	k79_39435
52	k79_86072
52	k79_17233
52	k79_39524
52	k79_78262
52	k79_91428
52	k79_56775
52	k79_49625
52	k79_33941
52	k79_10528
52	k79_66273
52	k79_4706
52	k79_81051
52	k79_17452
52	k79_25068
52	k79_26685
52	k79_21818
52	k79_91435
52	k79_93339
52	k79_87126
52	k79_26155
52	k79_24759
52	k79_49650
52	k79_65139
52	k79_51810
52	k79_5603
52	k79_85706
52	k79_31862
52	k79_21771
52	k79_27313
52	k79_47941
52	k79_29745
52	k79_64063
52	k79_68386
52	k79_94510
52	k79_71778
52	k79_18955
52	k79_8493
52	k79_29022
52	k79_27125
52	k79_10808
52	k79_67182
52	k79_78591
52	k79_37141
52	k79_3796
52	k79_3869
52	k79_90933
52	k79_91492
52	k79_32032
52	k79_32087
52	k79_72937
52	k79_32830
52	k79_82764
52	k79_40222
52	k79_53429
52	k79_91989
52	k79_22196
52	k79_80434
52	k79_71245
52	k79_11444
52	k79_91301
52	k79_62159
52	k79_56820
52	k79_32658
52	k79_58363
52	k79_35467
52	k79_35557
52	k79_6827
52	k79_60209
52	k79_74051
52	k79_21305
52	k79_95788
52	k79_82439
52	k79_18981
52	k79_33545
52	k79_33382
52	k79_5582
52	k79_74530
52	k79_58837
52	k79_12556
52	k79_31220
52	k79_26309
52	k79_59074
52	k79_13926
52	k79_34662
52	k79_53683
52	k79_7618
52	k79_28318
52	k79_12851
52	k79_1861
52	k79_82868
52	k79_50295
52	k79_19573
52	k79_34496
52	k79_81822
52	k79_80711
52	k79_41477
52	k79_70822
52	k79_756
52	k79_43314
52	k79_13290
52	k79_18049
52	k79_25598
52	k79_30465
52	k79_38054
52	k79_26752
52	k79_1881
52	k79_66321
52	k79_70683
52	k79_34645
52	k79_81294
52	k79_45266
52	k79_15485
52	k79_14328
52	k79_89052
52	k79_63378
52	k79_77520
52	k79_39777
52	k79_6096
52	k79_7412
52	k79_13187
52	k79_10709
52	k79_20568
52	k79_20164
52	k79_68676
52	k79_44591
52	k79_24568
52	k79_17105
52	k79_84309
52	k79_95106
52	k79_65281
52	k79_61392
52	k79_37479
52	k79_18168
52	k79_51959
52	k79_37367
52	k79_30529
52	k79_21219
52	k79_21493
52	k79_70638
52	k79_50908
52	k79_17784
52	k79_22500
52	k79_57984
52	k79_71494
52	k79_24013
52	k79_76994
52	k79_7071
52	k79_96336
52	k79_74336
52	k79_35054
52	k79_28348
52	k79_296
52	k79_12024
52	k79_55071
52	k79_87560
52	k79_89124
52	k79_39156
52	k79_44213
52	k79_94101
52	k79_84349
52	k79_60977
52	k79_52134
52	k79_64398
52	k79_18694
52	k79_68271
52	k79_4070
52	k79_89454
52	k79_2957
52	k79_80913
52	k79_8937
52	k79_33657
52	k79_62401
52	k79_2431
52	k79_75047
52	k79_1279
52	k79_19113
52	k79_87421
52	k79_26545
52	k79_74275
52	k79_62087
52	k79_7263
52	k79_19565
52	k79_29265
52	k79_73187
52	k79_27430
52	k79_9894
52	k79_10549
52	k79_9045
52	k79_76468
52	k79_26299
52	k79_1725
52	k79_15808
52	k79_47717
52	k79_5883
52	k79_65318
52	k79_34926
52	k79_45927
52	k79_92072
52	k79_25333
52	k79_50006
52	k79_17221
52	k79_28314
52	k79_20783
52	k79_3086
52	k79_28512
52	k79_81639
52	k79_4056
52	k79_62602
52	k79_59016
52	k79_22711
52	k79_72613
52	k79_14424
52	k79_654
52	k79_8908
52	k79_25845
52	k79_81334
52	k79_7727
52	k79_20697
52	k79_68860
52	k79_2104
52	k79_35197
52	k79_3355
52	k79_14697
52	k79_30519
52	k79_81761
52	k79_74809
52	k79_59874
52	k79_90805
52	k79_59542
52	k79_13707
52	k79_92120
52	k79_37631
52	k79_29302
52	k79_55843
52	k79_92353
52	k79_28510
52	k79_61861
52	k79_38037
52	k79_49115
52	k79_6000
52	k79_52842
52	k79_41695
52	k79_60301
52	k79_27075
52	k79_90117
52	k79_74186
52	k79_74952
52	k79_82912
52	k79_55803
52	k79_4881
52	k79_80137
52	k79_85577
52	k79_13396
52	k79_25739
52	k79_57244
52	k79_84722
52	k79_93377
52	k79_58239
52	k79_46794
52	k79_83788
52	k79_59140
52	k79_60060
52	k79_31721
52	k79_12832
52	k79_91805
52	k79_95505
52	k79_68456
52	k79_34064
52	k79_49884
52	k79_36440
52	k79_37403
52	k79_83356
52	k79_66909
52	k79_20766
52	k79_95058
52	k79_55125
52	k79_73795
52	k79_15664
52	k79_66863
52	k79_79429
52	k79_7817
52	k79_838
52	k79_53609
52	k79_44692
52	k79_48089
52	k79_53014
52	k79_73933
52	k79_54206
52	k79_80248
52	k79_93932
52	k79_2635
52	k79_7127
52	k79_20689
52	k79_52315
52	k79_79792
52	k79_40476
52	k79_72274
52	k79_52509
52	k79_79425
52	k79_89985
52	k79_45261
52	k79_59061
52	k79_72049
52	k79_77277
52	k79_11732
52	k79_37040
52	k79_37334
52	k79_36067
52	k79_56447
52	k79_90397
52	k79_35918
52	k79_48098
52	k79_46329
52	k79_17407
52	k79_96256
52	k79_6744
52	k79_68352
52	k79_78963
52	k79_65648
52	k79_92333
52	k79_63400
52	k79_17503
52	k79_4788
52	k79_35976
52	k79_13526
52	k79_57839
52	k79_64661
52	k79_38359
52	k79_65620
52	k79_33024
52	k79_43102
52	k79_72169
52	k79_699
52	k79_76574
52	k79_91831
52	k79_84001
52	k79_86909
52	k79_56482
52	k79_36233
52	k79_85207
52	k79_38552
52	k79_14307
52	k79_81831
52	k79_93326
52	k79_67720
52	k79_34534
52	k79_69892
52	k79_4564
52	k79_90316
52	k79_86745
52	k79_63135
52	k79_4710
52	k79_43641
52	k79_69568
52	k79_87034
52	k79_81129
52	k79_61914
52	k79_48565
52	k79_22313
52	k79_5816
52	k79_64070
52	k79_73500
52	k79_27881
52	k79_77347
52	k79_60646
52	k79_88332
52	k79_89253
52	k79_94594
52	k79_35222
52	k79_67766
52	k79_73178
52	k79_16949
52	k79_28288
52	k79_26900
52	k79_9230
52	k79_35530
52	k79_54479
52	k79_38069
52	k79_80940
52	k79_71353
52	k79_3382
52	k79_12008
52	k79_7319
52	k79_95217
52	k79_61598
52	k79_15870
52	k79_39459
52	k79_70503
52	k79_32524
52	k79_9694
52	k79_58773
52	k79_24584
52	k79_76787
52	k79_17327
52	k79_90957
52	k79_43584
52	k79_12585
52	k79_95495
52	k79_69315
52	k79_58170
52	k79_26667
52	k79_67513
52	k79_458
52	k79_5215
52	k79_4270
52	k79_81632
52	k79_87797
52	k79_50751
52	k79_63650
52	k79_90203
52	k79_78218
52	k79_21253
52	k79_24706
52	k79_75111
52	k79_48990
52	k79_13090
52	k79_11294
52	k79_4210
52	k79_50248
52	k79_28076
52	k79_77212
52	k79_91583
52	k79_22169
52	k79_16868
52	k79_67432
52	k79_95697
52	k79_24685
52	k79_35985
52	k79_48691
52	k79_58500
52	k79_729
52	k79_73622
52	k79_5304
52	k79_66452
52	k79_66919
52	k79_84193
52	k79_51031
52	k79_45104
52	k79_82512
52	k79_84396
52	k79_96081
52	k79_65420
52	k79_54398
52	k79_63927
52	k79_4957
52	k79_75869
52	k79_11717
52	k79_1509
52	k79_1464
52	k79_85500
52	k79_53164
52	k79_77718
52	k79_18504
52	k79_70062
52	k79_47256
52	k79_79722
52	k79_66458
52	k79_33824
52	k79_50696
52	k79_4089
52	k79_61581
52	k79_91554
52	k79_66644
52	k79_80404
52	k79_68915
52	k79_1327
52	k79_62248
52	k79_80473
52	k79_66589
52	k79_42396
52	k79_66569
52	k79_43735
52	k79_90556
52	k79_46263
52	k79_606
52	k79_66379
52	k79_82150
52	k79_70751
52	k79_62019
52	k79_2942
52	k79_14310
52	k79_47604
52	k79_58242
52	k79_84514
52	k79_54315
52	k79_925
52	k79_29101
52	k79_68235
52	k79_83219
52	k79_84795
52	k79_83330
52	k79_73289
52	k79_43265
52	k79_69135
52	k79_14337
52	k79_55656
52	k79_30112
52	k79_79268
52	k79_3947
52	k79_28659
52	k79_70956
52	k79_88594
52	k79_74663
52	k79_39567
52	k79_82438
52	k79_16554
52	k79_69401
52	k79_95583
52	k79_79494
52	k79_74126
52	k79_68156
52	k79_61652
52	k79_28115
52	k79_91319
52	k79_13027
52	k79_91549
52	k79_37168
52	k79_79586
52	k79_70178
52	k79_38917
52	k79_41095
52	k79_13423
52	k79_5011
52	k79_17707
52	k79_83815
52	k79_13336
52	k79_75661
52	k79_65559
52	k79_11743
52	k79_52662
52	k79_16880
52	k79_73995
52	k79_81456
52	k79_54089
52	k79_1604
52	k79_5656
52	k79_43104
52	k79_22648
52	k79_77132
52	k79_33351
52	k79_21746
52	k79_71943
52	k79_90752
52	k79_37119
52	k79_26080
52	k79_5405
52	k79_46417
52	k79_14642
52	k79_53555
52	k79_28696
52	k79_14679
52	k79_53881
53	k79_36918
53	k79_74182
53	k79_55874
53	k79_12213
53	k79_9184
53	k79_67159
53	k79_62001
53	k79_49866
53	k79_26386
54	k79_77307
54	k79_14275
54	k79_4750
54	k79_33575
54	k79_95350
54	k79_90462
54	k79_37809
54	k79_6767
54	k79_37786
54	k79_45587
54	k79_32510
54	k79_31688
54	k79_41461
54	k79_75385
54	k79_79967
54	k79_73868
54	k79_40979
54	k79_92077
54	k79_56899
54	k79_46216
54	k79_14012
55	k79_56941
55	k79_90534
55	k79_37756
55	k79_10933
55	k79_56911
55	k79_19632
55	k79_50898
55	k79_37621
55	k79_93207
55	k79_60338
55	k79_60973
55	k79_35755
55	k79_17952
55	k79_3670
55	k79_19025
55	k79_12476
55	k79_19278
55	k79_19275
55	k79_74058
55	k79_32620
55	k79_36946
55	k79_80925
55	k79_49474
55	k79_59854
55	k79_71390
55	k79_15299
55	k79_89660
55	k79_33699
55	k79_74675
55	k79_5620
55	k79_87903
55	k79_82294
55	k79_39193
55	k79_30761
55	k79_60742
55	k79_44019
55	k79_92281
55	k79_38046
55	k79_13542
55	k79_14959
55	k79_11823
55	k79_10309
55	k79_16927
55	k79_68350
55	k79_78157
55	k79_56540
55	k79_56798
55	k79_8286
55	k79_72712
55	k79_30866
55	k79_13362
55	k79_91624
55	k79_18486
55	k79_82199
55	k79_80557
55	k79_32139
55	k79_20509
55	k79_9814
55	k79_80010
55	k79_6022
55	k79_56513
55	k79_81972
55	k79_28241
55	k79_11050
55	k79_62999
55	k79_19228
55	k79_57963
55	k79_52264
55	k79_42504
55	k79_31738
55	k79_74106
55	k79_31572
55	k79_64956
55	k79_19201
55	k79_53622
55	k79_50763
55	k79_27851
55	k79_8900
55	k79_56561
55	k79_57730
55	k79_16283
55	k79_2024
55	k79_87150
55	k79_33068
55	k79_27425
55	k79_58225
55	k79_86473
55	k79_45039
55	k79_48859
55	k79_92564
55	k79_38411
55	k79_57206
55	k79_11690
55	k79_65359
55	k79_78820
55	k79_21551
55	k79_35905
55	k79_92940
55	k79_32691
55	k79_48854
55	k79_91389
55	k79_5170
55	k79_66752
55	k79_75488
55	k79_12773
55	k79_20538
55	k79_17970
56	k79_93063
56	k79_21973
56	k79_83843
56	k79_34771
56	k79_81939
56	k79_7307
56	k79_91760
56	k79_76898
56	k79_54653
56	k79_80002
56	k79_82613
56	k79_31807
56	k79_95825
56	k79_24177
56	k79_95178
56	k79_13751
56	k79_85219
56	k79_64120
56	k79_54955
56	k79_94961
56	k79_66563
56	k79_15773
56	k79_50938
56	k79_19542
56	k79_36480
56	k79_29138
56	k79_77598
56	k79_13743
56	k79_72077
56	k79_11217
56	k79_51023
56	k79_57869
56	k79_5601
56	k79_23255
56	k79_6584
56	k79_59423
56	k79_31633
56	k79_5923
56	k79_86501
56	k79_42073
56	k79_61695
56	k79_77703
56	k79_24152
56	k79_32421
56	k79_51811
56	k79_25473
56	k79_88576
56	k79_38668
56	k79_26834
56	k79_16647
56	k79_89133
56	k79_77774
56	k79_16568
56	k79_56262
56	k79_46225
56	k79_59559
56	k79_75577
56	k79_82592
56	k79_75599
56	k79_76722
56	k79_5335
56	k79_63442
56	k79_3367
56	k79_73903
56	k79_51137
56	k79_43614
56	k79_93805
56	k79_70399
56	k79_70964
56	k79_88937
56	k79_43153
56	k79_35023
56	k79_29278
56	k79_15296
56	k79_32964
56	k79_34299
56	k79_95201
56	k79_62436
56	k79_46524
56	k79_21410
56	k79_79811
56	k79_12377
56	k79_16034
56	k79_47121
56	k79_88881
56	k79_4304
56	k79_5383
56	k79_56362
56	k79_84746
56	k79_67754
56	k79_69170
56	k79_39924
56	k79_45087
56	k79_14917
56	k79_34567
56	k79_19753
56	k79_36311
56	k79_24079
56	k79_34459
56	k79_60476
56	k79_23687
56	k79_30210
56	k79_24863
56	k79_4340
56	k79_45594
56	k79_88038
56	k79_84959
56	k79_81087
56	k79_45664
56	k79_93126
56	k79_90921
56	k79_78367
56	k79_62402
56	k79_46859
56	k79_41345
56	k79_85879
56	k79_82243
56	k79_1915
56	k79_1166
56	k79_44606
56	k79_62874
56	k79_19843
56	k79_17295
56	k79_70674
56	k79_16905
56	k79_26571
56	k79_56603
56	k79_18286
56	k79_13608
56	k79_41018
56	k79_90847
56	k79_53289
56	k79_9053
57	k79_21680
58	k79_76322
58	k79_82119
58	k79_33681
59	k79_25067
59	k79_6625
59	k79_34240
59	k79_3139
59	k79_59573
59	k79_48706
59	k79_23811
59	k79_90016
59	k79_32871
59	k79_8921
59	k79_20006
59	k79_93817
59	k79_46484
59	k79_87979
59	k79_62305
59	k79_5053
59	k79_31354
59	k79_14290
59	k79_60334
59	k79_23356
59	k79_12004
59	k79_53578
59	k79_27029
59	k79_12057
59	k79_49279
59	k79_77830
59	k79_66438
59	k79_50740
59	k79_63161
59	k79_27456
59	k79_52826
59	k79_4749
59	k79_62441
59	k79_7740
59	k79_59968
59	k79_12032
59	k79_19873
59	k79_82675
59	k79_40044
59	k79_21809
59	k79_60997
59	k79_20575
59	k79_50635
59	k79_81570
59	k79_11567
59	k79_40113
59	k79_59986
59	k79_6182
59	k79_26640
59	k79_40655
59	k79_44204
59	k79_15681
59	k79_4027
59	k79_21008
59	k79_30069
59	k79_82973
59	k79_7877
59	k79_51836
59	k79_50804
59	k79_8086
59	k79_37794
59	k79_77373
59	k79_4465
59	k79_85328
59	k79_86380
59	k79_43173
59	k79_52065
59	k79_19816
59	k79_93477
59	k79_70200
59	k79_19247
59	k79_62513
59	k79_8428
59	k79_93832
59	k79_59190
59	k79_13166
59	k79_92042
59	k79_28887
59	k79_27817
59	k79_2078
59	k79_88190
59	k79_46467
59	k79_50477
59	k79_90580
59	k79_62367
59	k79_82177
59	k79_92231
59	k79_7555
59	k79_80249
59	k79_92102
59	k79_69263
59	k79_2974
59	k79_88793
59	k79_76591
59	k79_89357
59	k79_84315
59	k79_3379
59	k79_54654
59	k79_24164
59	k79_86992
59	k79_51591
59	k79_28111
59	k79_27389
59	k79_54405
59	k79_87327
59	k79_75508
59	k79_59164
59	k79_86166
59	k79_65176
59	k79_32558
59	k79_94984
59	k79_55334
59	k79_10592
59	k79_51418
59	k79_92215
59	k79_40571
59	k79_58007
59	k79_24513
59	k79_71297
59	k79_48148
59	k79_1997
59	k79_88501
59	k79_46805
59	k79_60755
59	k79_74417
59	k79_68092
59	k79_17698
59	k79_87722
59	k79_3195
59	k79_80369
59	k79_96366
59	k79_34421
59	k79_1657
59	k79_62508
59	k79_21628
59	k79_31501
59	k79_82841
59	k79_47006
59	k79_47234
59	k79_16406
59	k79_32534
59	k79_54862
59	k79_78771
59	k79_19566
59	k79_10884
59	k79_5025
59	k79_28283
59	k79_35684
59	k79_16225
59	k79_93282
59	k79_86249
59	k79_37650
59	k79_44706
59	k79_89661
59	k79_80502
59	k79_22626
59	k79_92868
59	k79_64382
59	k79_38107
59	k79_83303
59	k79_29848
59	k79_54077
59	k79_65164
59	k79_20074
59	k79_29341
59	k79_8753
59	k79_10394
59	k79_62182
59	k79_56705
59	k79_82569
59	k79_55094
59	k79_92403
59	k79_33550
59	k79_59495
59	k79_10502
59	k79_7064
59	k79_25400
59	k79_39912
59	k79_5903
59	k79_87441
59	k79_42750
59	k79_87449
59	k79_40581
59	k79_68997
59	k79_95790
59	k79_85357
59	k79_29246
59	k79_63098
59	k79_61813
59	k79_75013
59	k79_47724
59	k79_63286
59	k79_75070
59	k79_6947
59	k79_69950
59	k79_34252
59	k79_45235
59	k79_46393
59	k79_72336
59	k79_61232
59	k79_731
59	k79_36652
59	k79_49242
59	k79_48529
59	k79_86625
59	k79_50754
59	k79_51695
59	k79_56056
59	k79_83800
59	k79_51477
59	k79_75929
59	k79_4827
59	k79_62787
59	k79_69970
59	k79_24417
59	k79_2282
59	k79_42668
59	k79_39555
59	k79_79572
59	k79_53163
59	k79_67227
59	k79_27704
59	k79_12583
59	k79_49308
59	k79_52310
59	k79_88968
59	k79_84179
59	k79_59219
59	k79_21860
59	k79_63621
59	k79_30528
59	k79_82369
59	k79_71733
59	k79_22955
59	k79_87753
59	k79_66838
59	k79_70928
59	k79_87758
59	k79_63
59	k79_20268
59	k79_43248
59	k79_55113
59	k79_82607
59	k79_31014
59	k79_19737
59	k79_94933
59	k79_10209
59	k79_36961
59	k79_54091
59	k79_85033
59	k79_75616
59	k79_66972
59	k79_27679
59	k79_41729
59	k79_23288
59	k79_2610
59	k79_18653
59	k79_63445
59	k79_18465
59	k79_36573
59	k79_57431
59	k79_94745
59	k79_64300
59	k79_80520
59	k79_5721
59	k79_92772
59	k79_8266
59	k79_27646
59	k79_274
59	k79_51271
59	k79_74386
59	k79_33279
59	k79_85423
59	k79_12209
59	k79_18376
59	k79_84482
59	k79_67389
59	k79_20273
59	k79_9080
59	k79_14776
59	k79_50906
59	k79_66331
59	k79_83809
59	k79_64362
59	k79_48353
59	k79_85925
59	k79_56612
59	k79_56689
59	k79_70568
59	k79_15828
59	k79_7529
59	k79_59630
59	k79_757
59	k79_39861
59	k79_60644
59	k79_18861
59	k79_69236
59	k79_93117
59	k79_51292
59	k79_93
59	k79_65918
59	k79_82108
59	k79_56286
59	k79_22224
59	k79_14657
60	k79_76341
61	k79_12162
61	k79_55629
61	k79_41856
61	k79_52927
61	k79_47013
61	k79_47628
61	k79_34843
61	k79_32079
61	k79_76232
61	k79_23541
61	k79_16996
61	k79_18046
61	k79_84658
61	k79_35464
61	k79_89070
61	k79_83676
61	k79_86789
62	k79_34569
62	k79_56201
62	k79_261
62	k79_35311
62	k79_15499
62	k79_71463
62	k79_53931
62	k79_86823
62	k79_71719
62	k79_59275
62	k79_39320
62	k79_72895
62	k79_26225
62	k79_63262
62	k79_22674
62	k79_96393
62	k79_75360
62	k79_6833
62	k79_96315
62	k79_307
62	k79_26253
62	k79_56166
62	k79_22869
62	k79_49924
62	k79_28099
62	k79_25037
62	k79_26293
62	k79_88696
62	k79_52031
62	k79_77897
62	k79_13361
62	k79_6525
62	k79_3381
62	k79_24605
62	k79_21964
62	k79_55146
62	k79_67052
62	k79_33300
62	k79_13135
62	k79_95345
62	k79_24795
62	k79_10215
62	k79_86702
62	k79_30360
62	k79_30324
62	k79_22712
62	k79_27821
62	k79_51654
62	k79_93217
62	k79_30328
62	k79_39668
62	k79_50678
62	k79_86820
62	k79_39894
62	k79_35692
62	k79_25643
62	k79_40160
62	k79_19329
62	k79_15535
62	k79_86331
62	k79_62213
62	k79_78068
62	k79_38861
62	k79_43336
62	k79_52101
62	k79_31300
62	k79_76263
62	k79_64693
62	k79_87172
62	k79_33186
62	k79_33938
62	k79_637
62	k79_31411
62	k79_84756
62	k79_9409
62	k79_15934
62	k79_78057
62	k79_76485
62	k79_67536
62	k79_6499
62	k79_3403
62	k79_65093
62	k79_80334
62	k79_86390
62	k79_36945
62	k79_91515
62	k79_82866
62	k79_62482
62	k79_49637
62	k79_91935
63	k79_66333
63	k79_78117
63	k79_72377
63	k79_75008
63	k79_64234
63	k79_44236
63	k79_94962
63	k79_23977
63	k79_72319
63	k79_33837
63	k79_57586
63	k79_34068
63	k79_13009
63	k79_65660
63	k79_10449
63	k79_76618
63	k79_64492
63	k79_1797
63	k79_62077
63	k79_85763
63	k79_60376
63	k79_34295
63	k79_71538
63	k79_51817
63	k79_88899
63	k79_67999
63	k79_28904
63	k79_73251
63	k79_54632
63	k79_71037
63	k79_12336
63	k79_82505
63	k79_33578
63	k79_24184
63	k79_86513
63	k79_45791
63	k79_59323
63	k79_54872
63	k79_75302
63	k79_31235
63	k79_83293
63	k79_64804
63	k79_73049
63	k79_39370
63	k79_23548
63	k79_13240
63	k79_86162
63	k79_79336
63	k79_53491
63	k79_1963
63	k79_80189
63	k79_14651
63	k79_51739
63	k79_17585
63	k79_94199
63	k79_10089
63	k79_81960
63	k79_8280
63	k79_3375
63	k79_32467
63	k79_22464
63	k79_76045
63	k79_64811
63	k79_43518
63	k79_22183
63	k79_47248
63	k79_79272
63	k79_28986
63	k79_94168
63	k79_54347
63	k79_585
63	k79_37941
63	k79_87919
63	k79_35282
63	k79_46210
63	k79_12097
63	k79_90482
63	k79_24169
63	k79_41080
63	k79_55585
63	k79_38421
63	k79_48118
63	k79_15991
63	k79_77361
63	k79_43881
63	k79_56542
63	k79_31243
63	k79_19424
63	k79_44609
63	k79_89693
63	k79_62509
63	k79_33617
63	k79_31384
63	k79_81514
63	k79_66190
63	k79_79626
63	k79_82201
63	k79_50881
63	k79_77168
63	k79_23848
63	k79_57467
63	k79_49145
63	k79_48693
63	k79_71548
63	k79_88585
63	k79_23230
63	k79_10683
63	k79_88019
63	k79_8837
63	k79_33870
63	k79_24205
63	k79_36509
63	k79_88131
63	k79_31619
63	k79_54214
63	k79_9531
63	k79_27740
63	k79_26591
63	k79_42779
63	k79_46186
63	k79_60251
63	k79_48559
63	k79_67977
63	k79_94885
63	k79_70698
63	k79_57859
63	k79_9750
63	k79_37940
63	k79_90549
63	k79_39196
63	k79_42056
63	k79_94169
63	k79_40512
63	k79_60311
63	k79_87276
63	k79_77184
63	k79_10111
63	k79_89215
63	k79_67103
63	k79_22992
63	k79_79659
63	k79_69910
63	k79_62651
63	k79_13530
63	k79_65534
63	k79_19377
63	k79_11945
63	k79_56881
63	k79_68739
63	k79_11311
63	k79_7854
63	k79_71310
63	k79_33116
63	k79_54826
63	k79_91810
63	k79_67854
63	k79_25792
63	k79_92040
63	k79_77711
63	k79_2833
63	k79_10403
63	k79_58020
63	k79_46131
63	k79_62280
63	k79_46218
63	k79_79009
63	k79_80865
63	k79_66837
63	k79_75317
63	k79_41109
63	k79_7202
63	k79_53627
63	k79_73526
63	k79_93877
63	k79_13866
63	k79_86730
63	k79_43656
63	k79_9730
63	k79_52650
63	k79_65130
63	k79_5677
63	k79_95677
63	k79_83580
63	k79_59392
63	k79_36989
63	k79_41037
63	k79_55650
63	k79_79422
63	k79_91557
63	k79_6513
63	k79_86338
63	k79_74073
63	k79_15424
63	k79_12335
63	k79_25545
63	k79_54735
63	k79_24095
63	k79_29213
63	k79_84764
63	k79_24763
63	k79_39604
63	k79_43601
63	k79_82714
63	k79_56586
63	k79_83852
63	k79_96024
63	k79_82557
63	k79_46049
63	k79_44925
63	k79_66584
63	k79_60330
63	k79_60417
63	k79_20573
63	k79_81997
63	k79_59784
63	k79_10057
63	k79_36309
63	k79_66689
63	k79_37539
63	k79_70322
63	k79_81701
63	k79_48969
63	k79_506
63	k79_75344
63	k79_71021
63	k79_44170
63	k79_48663
63	k79_10411
63	k79_76191
63	k79_12936
63	k79_21881
63	k79_21331
63	k79_94198
63	k79_39666
63	k79_49566
63	k79_42144
63	k79_6845
63	k79_57445
63	k79_88481
63	k79_43483
63	k79_2612
63	k79_77193
63	k79_59370
63	k79_23769
63	k79_11273
63	k79_75091
63	k79_7236
63	k79_55601
63	k79_27169
63	k79_51926
63	k79_82665
63	k79_51450
63	k79_47559
63	k79_54689
63	k79_78908
63	k79_55633
63	k79_81630
63	k79_56196
63	k79_8073
63	k79_49908
63	k79_61301
63	k79_89807
63	k79_69965
63	k79_79867
63	k79_89914
63	k79_47141
63	k79_7198
63	k79_23957
63	k79_8213
63	k79_78498
63	k79_27414
63	k79_24632
63	k79_88381
63	k79_52435
63	k79_84367
63	k79_77728
63	k79_48678
63	k79_2495
63	k79_2654
63	k79_9850
63	k79_44452
63	k79_65138
63	k79_77203
63	k79_30339
63	k79_43174
63	k79_70103
63	k79_84647
63	k79_68422
63	k79_79833
63	k79_27458
63	k79_37858
63	k79_36438
63	k79_7712
63	k79_2301
63	k79_30589
63	k79_93683
63	k79_746
63	k79_57203
63	k79_2205
63	k79_61458
63	k79_42006
63	k79_73038
63	k79_30349
63	k79_56470
63	k79_63658
63	k79_57316
63	k79_44649
63	k79_28529
63	k79_16535
63	k79_1113
63	k79_38822
63	k79_68771
63	k79_12130
63	k79_24791
63	k79_61386
63	k79_75232
63	k79_44040
63	k79_7316
63	k79_75958
63	k79_39710
63	k79_23532
63	k79_42718
63	k79_54363
63	k79_7795
63	k79_51077
63	k79_57012
63	k79_88972
63	k79_11584
63	k79_95629
63	k79_14381
63	k79_25810
63	k79_76940
63	k79_80929
63	k79_11473
63	k79_96168
63	k79_74035
63	k79_14759
63	k79_85046
63	k79_16992
63	k79_22116
63	k79_24553
63	k79_96379
63	k79_37329
63	k79_10686
63	k79_16659
63	k79_31924
63	k79_16413
63	k79_39419
63	k79_9952
63	k79_21954
63	k79_51586
63	k79_51886
63	k79_72111
63	k79_92473
63	k79_55349
63	k79_56061
63	k79_42276
63	k79_88508
63	k79_95044
63	k79_95087
63	k79_12261
63	k79_7596
63	k79_15913
63	k79_64075
63	k79_84565
63	k79_81215
63	k79_63753
63	k79_79681
63	k79_47487
63	k79_70411
63	k79_24238
63	k79_12157
63	k79_39582
63	k79_25593
63	k79_14454
63	k79_6622
63	k79_59339
63	k79_81175
63	k79_51053
63	k79_42280
63	k79_51690
63	k79_41556
63	k79_80389
63	k79_2333
63	k79_11319
63	k79_85949
63	k79_6758
63	k79_81146
63	k79_95834
63	k79_18566
63	k79_63148
63	k79_75925
63	k79_55214
63	k79_7834
63	k79_47241
63	k79_47282
63	k79_20596
63	k79_39248
63	k79_67551
63	k79_3988
63	k79_37954
63	k79_40012
63	k79_24126
63	k79_63001
63	k79_22308
63	k79_17620
63	k79_36279
63	k79_29687
63	k79_33439
63	k79_29775
63	k79_79442
63	k79_49581
63	k79_57987
63	k79_29756
63	k79_52219
63	k79_62191
63	k79_50493
63	k79_543
63	k79_25158
63	k79_68586
63	k79_33308
63	k79_63714
63	k79_57235
63	k79_68494
63	k79_1497
63	k79_43720
63	k79_89192
63	k79_25745
63	k79_34114
63	k79_74712
63	k79_79043
63	k79_46885
63	k79_93929
63	k79_68135
63	k79_8281
63	k79_18191
63	k79_8976
63	k79_26679
63	k79_62531
63	k79_74683
63	k79_65686
63	k79_83023
63	k79_48961
63	k79_94576
63	k79_51952
63	k79_41272
63	k79_92949
63	k79_9202
63	k79_60812
63	k79_61201
63	k79_49244
63	k79_15443
63	k79_15275
63	k79_43596
63	k79_63364
63	k79_54269
63	k79_71382
63	k79_50392
63	k79_5666
63	k79_54669
63	k79_68451
63	k79_16323
63	k79_30484
63	k79_11871
63	k79_19578
63	k79_78802
63	k79_76130
63	k79_25093
63	k79_8297
63	k79_90553
63	k79_9940
63	k79_12862
63	k79_77931
63	k79_83295
63	k79_81158
63	k79_23754
63	k79_48351
63	k79_48381
63	k79_41335
63	k79_39160
63	k79_66608
63	k79_67164
63	k79_93723
63	k79_94950
63	k79_52933
63	k79_95233
63	k79_24671
63	k79_42190
63	k79_8777
63	k79_81710
63	k79_90750
64	k79_4181
64	k79_94379
64	k79_61963
64	k79_70165
64	k79_65576
64	k79_49905
64	k79_12675
64	k79_71184
64	k79_32251
64	k79_16449
64	k79_115
64	k79_65455
64	k79_16606
64	k79_88043
64	k79_36584
65	k79_86676
65	k79_61840
65	k79_49413
65	k79_63670
65	k79_50544
65	k79_64047
65	k79_32670
65	k79_61450
65	k79_45092
65	k79_88458
65	k79_9796
65	k79_67045
65	k79_47798
65	k79_47165
65	k79_65640
65	k79_71544
65	k79_4402
65	k79_26352
65	k79_44327
65	k79_45738
65	k79_28201
65	k79_2367
66	k79_58634
67	k79_69321
67	k79_92952
68	k79_34699
69	k79_90930
69	k79_12755
69	k79_33395
69	k79_80926
69	k79_15964
69	k79_47845
69	k79_54000
69	k79_89370
69	k79_86206
69	k79_65016
69	k79_44297
69	k79_62541
69	k79_34106
69	k79_57027
69	k79_43632
69	k79_71492
69	k79_85749
69	k79_32291
69	k79_44786
69	k79_47348
69	k79_25500
69	k79_72617
69	k79_75376
69	k79_2277
69	k79_96352
69	k79_90168
69	k79_77414
69	k79_48869
69	k79_79862
69	k79_48383
69	k79_56730
69	k79_2068
69	k79_22146
69	k79_78568
69	k79_79366
69	k79_95366
69	k79_75836
69	k79_12341
70	k79_73883
71	k79_88765
72	k79_82317
72	k79_48594
72	k79_86059
72	k79_41906
72	k79_18806
72	k79_10867
72	k79_82242
72	k79_52824
72	k79_61304
72	k79_47497
72	k79_80199
72	k79_70610
72	k79_13259
72	k79_63493
72	k79_72534
72	k79_6797
72	k79_82026
72	k79_2647
72	k79_2070
72	k79_42967
72	k79_91596
72	k79_51364
72	k79_79824
72	k79_70198
72	k79_94827
72	k79_42436
72	k79_39439
72	k79_17863
72	k79_71600
72	k79_96376
72	k79_11600
72	k79_53814
72	k79_87680
72	k79_84950
72	k79_53398
72	k79_23599
72	k79_41974
72	k79_81348
72	k79_53173
72	k79_27703
72	k79_8677
72	k79_74676
72	k79_74501
72	k79_30511
72	k79_81171
72	k79_4417
72	k79_47014
72	k79_37099
72	k79_67997
72	k79_6396
72	k79_83972
72	k79_71230
72	k79_60056
72	k79_48090
72	k79_28349
72	k79_22701
72	k79_63432
72	k79_93241
72	k79_21686
72	k79_45010
72	k79_50826
72	k79_36327
72	k79_4682
72	k79_55220
72	k79_25939
72	k79_80699
72	k79_30032
72	k79_43447
72	k79_93177
72	k79_75419
72	k79_95510
72	k79_3491
72	k79_45005
72	k79_27318
72	k79_69738
72	k79_74027
72	k79_63012
72	k79_33142
72	k79_76678
72	k79_16741
72	k79_8918
72	k79_71905
72	k79_5216
72	k79_28189
72	k79_18701
72	k79_62189
72	k79_50135
72	k79_85272
72	k79_44227
72	k79_33985
72	k79_40497
72	k79_74059
72	k79_29012
72	k79_44702
72	k79_28716
72	k79_52322
72	k79_86202
72	k79_55246
72	k79_86704
72	k79_81380
72	k79_80184
72	k79_67976
72	k79_88963
72	k79_30199
72	k79_73461
72	k79_77453
72	k79_90272
72	k79_22996
72	k79_53487
72	k79_10833
72	k79_21480
72	k79_50576
72	k79_57797
72	k79_49247
72	k79_8560
72	k79_66208
72	k79_86169
72	k79_39691
72	k79_2034
72	k79_78210
72	k79_9675
72	k79_18301
72	k79_20295
72	k79_90398
72	k79_18667
72	k79_13550
72	k79_51599
72	k79_44132
72	k79_52385
72	k79_22481
72	k79_34669
72	k79_39148
72	k79_43226
72	k79_2242
72	k79_85316
72	k79_63448
72	k79_91512
72	k79_94621
72	k79_24307
72	k79_44698
72	k79_32975
72	k79_45481
72	k79_91976
72	k79_94808
72	k79_6746
72	k79_61522
72	k79_86946
72	k79_82181
72	k79_88588
72	k79_64741
72	k79_57688
72	k79_1081
72	k79_54977
72	k79_58898
72	k79_85152
72	k79_65457
72	k79_60794
72	k79_21027
72	k79_94098
72	k79_76945
72	k79_87392
72	k79_53908
72	k79_32806
72	k79_44643
72	k79_34291
72	k79_61110
72	k79_9128
72	k79_1780
72	k79_46396
72	k79_24961
72	k79_64468
72	k79_74102
72	k79_63298
72	k79_30795
72	k79_66874
72	k79_69871
72	k79_90128
72	k79_82640
72	k79_91246
72	k79_30305
72	k79_90864
72	k79_73340
72	k79_31448
72	k79_19104
72	k79_58657
72	k79_51826
72	k79_52639
72	k79_673
72	k79_15323
72	k79_89867
72	k79_75723
72	k79_59626
72	k79_70299
72	k79_60148
72	k79_23030
72	k79_67425
72	k79_3702
72	k79_39770
72	k79_80125
72	k79_87889
72	k79_78750
72	k79_44218
72	k79_94609
72	k79_64354
72	k79_7315
72	k79_38736
72	k79_56177
72	k79_71071
72	k79_72844
72	k79_37411
72	k79_75888
72	k79_16790
72	k79_33501
72	k79_14035
72	k79_1247
72	k79_38430
72	k79_25775
72	k79_39035
72	k79_65541
72	k79_94851
72	k79_36804
72	k79_50861
72	k79_75991
72	k79_52994
72	k79_47876
72	k79_11378
72	k79_83538
72	k79_54333
72	k79_58418
72	k79_70285
72	k79_42237
72	k79_80011
72	k79_27652
72	k79_15736
72	k79_24206
72	k79_30334
72	k79_52214
72	k79_30981
72	k79_85886
72	k79_61360
72	k79_2126
72	k79_35964
72	k79_89267
72	k79_90814
72	k79_49426
72	k79_13088
72	k79_61872
72	k79_83397
72	k79_46815
72	k79_52843
72	k79_1034
72	k79_67184
72	k79_24048
72	k79_29018
72	k79_82103
72	k79_75026
72	k79_37505
72	k79_21946
72	k79_73600
72	k79_48651
72	k79_95604
72	k79_11946
72	k79_5466
72	k79_25443
72	k79_13165
72	k79_5356
72	k79_61365
72	k79_74988
72	k79_38159
72	k79_28223
72	k79_6318
72	k79_78949
72	k79_70355
72	k79_75995
72	k79_50367
72	k79_23589
72	k79_18962
72	k79_66900
72	k79_64655
72	k79_22661
72	k79_73074
72	k79_21003
72	k79_83750
72	k79_71070
72	k79_60067
72	k79_50363
72	k79_92961
72	k79_56853
72	k79_12577
72	k79_72701
72	k79_62543
72	k79_83932
72	k79_15660
72	k79_17252
72	k79_85050
72	k79_52720
72	k79_78300
72	k79_69062
72	k79_12347
72	k79_73879
72	k79_33590
72	k79_83263
72	k79_90497
72	k79_19202
72	k79_88599
72	k79_33688
72	k79_62109
72	k79_51082
72	k79_27116
72	k79_16343
72	k79_73574
72	k79_57169
72	k79_92722
72	k79_81327
72	k79_46203
72	k79_10045
72	k79_5970
72	k79_61918
72	k79_59848
72	k79_87717
72	k79_41820
72	k79_55197
72	k79_85988
72	k79_39271
72	k79_76865
72	k79_44092
72	k79_60406
72	k79_36407
72	k79_27483
72	k79_36375
72	k79_72592
72	k79_81922
72	k79_56872
72	k79_95870
72	k79_26542
72	k79_4593
72	k79_52156
72	k79_81239
72	k79_3863
72	k79_58816
72	k79_96284
72	k79_67088
72	k79_5104
72	k79_13972
72	k79_51713
72	k79_75272
72	k79_5326
72	k79_83186
72	k79_9983
72	k79_89789
72	k79_29805
72	k79_83188
72	k79_73521
72	k79_56876
72	k79_17477
72	k79_16783
72	k79_51189
72	k79_11127
72	k79_11545
72	k79_51525
72	k79_42748
72	k79_30862
72	k79_57706
72	k79_67246
72	k79_41948
72	k79_23950
72	k79_33012
72	k79_67282
72	k79_8969
72	k79_85745
72	k79_38124
72	k79_45198
72	k79_41096
72	k79_62617
72	k79_25432
72	k79_60698
72	k79_27825
72	k79_3511
72	k79_1058
72	k79_69127
72	k79_28836
72	k79_3529
72	k79_60767
72	k79_44435
72	k79_9761
72	k79_50849
72	k79_31126
72	k79_69765
72	k79_61579
72	k79_6043
72	k79_78981
72	k79_39742
72	k79_93901
72	k79_91993
72	k79_52484
72	k79_30223
72	k79_61538
72	k79_12069
72	k79_52461
72	k79_14633
72	k79_71469
72	k79_1044
72	k79_75592
72	k79_49953
72	k79_66461
72	k79_61956
72	k79_28003
72	k79_91601
72	k79_18335
72	k79_53140
72	k79_70302
72	k79_39448
72	k79_53279
72	k79_88370
72	k79_49170
72	k79_51880
72	k79_63801
72	k79_42577
72	k79_84012
72	k79_46236
72	k79_47468
72	k79_65008
72	k79_85590
72	k79_58397
72	k79_69363
72	k79_82266
72	k79_40962
72	k79_89354
72	k79_876
72	k79_17004
72	k79_57912
72	k79_82240
72	k79_33636
72	k79_12436
72	k79_61613
72	k79_21430
72	k79_49672
72	k79_67729
72	k79_59546
72	k79_73428
72	k79_1917
72	k79_42036
72	k79_57938
72	k79_96133
72	k79_69758
72	k79_52527
72	k79_78514
72	k79_79634
72	k79_21854
72	k79_31702
72	k79_25786
72	k79_57665
72	k79_23476
72	k79_3896
72	k79_57423
72	k79_5056
72	k79_35128
72	k79_32598
72	k79_70279
72	k79_20803
72	k79_53101
72	k79_29929
72	k79_5568
72	k79_2590
72	k79_67890
72	k79_49626
72	k79_80864
72	k79_70845
72	k79_95466
72	k79_15519
72	k79_55129
72	k79_40425
72	k79_8720
72	k79_69931
72	k79_50211
72	k79_75124
72	k79_75766
72	k79_88743
72	k79_8289
72	k79_49071
72	k79_14846
72	k79_18061
72	k79_80075
72	k79_91431
72	k79_69043
72	k79_29492
72	k79_81311
72	k79_20166
72	k79_40735
72	k79_88854
72	k79_42770
72	k79_71735
72	k79_91399
72	k79_32519
72	k79_11515
72	k79_27925
72	k79_12931
72	k79_21687
72	k79_81245
72	k79_61160
72	k79_7830
72	k79_88670
72	k79_51156
72	k79_68726
72	k79_38126
72	k79_96320
72	k79_55429
72	k79_48410
72	k79_31799
72	k79_2331
72	k79_63362
72	k79_53687
72	k79_73198
72	k79_5819
72	k79_43763
72	k79_86314
72	k79_8767
72	k79_62030
72	k79_30102
72	k79_28018
72	k79_4238
72	k79_63045
72	k79_5961
72	k79_25213
72	k79_89722
72	k79_30515
72	k79_89776
72	k79_83638
72	k79_13002
72	k79_50428
72	k79_23534
72	k79_14246
72	k79_5461
72	k79_77398
72	k79_62845
72	k79_90603
72	k79_11751
72	k79_1383
72	k79_4380
72	k79_20558
72	k79_75235
72	k79_86586
72	k79_76291
72	k79_77919
72	k79_75767
72	k79_77039
72	k79_4846
72	k79_76619
72	k79_87428
72	k79_66642
72	k79_68645
72	k79_8454
72	k79_81707
72	k79_70723
72	k79_29153
72	k79_83834
72	k79_9365
72	k79_35453
72	k79_3482
72	k79_6456
72	k79_86780
72	k79_85155
72	k79_69915
72	k79_10322
72	k79_24078
72	k79_37016
72	k79_9290
72	k79_48962
72	k79_85576
72	k79_75011
72	k79_63605
72	k79_72362
72	k79_35290
72	k79_2748
72	k79_19450
72	k79_15301
72	k79_27989
72	k79_1237
72	k79_78432
72	k79_55959
72	k79_65292
72	k79_32210
72	k79_74820
72	k79_36061
72	k79_86164
72	k79_81183
72	k79_21939
72	k79_85684
72	k79_72987
72	k79_43904
72	k79_96036
72	k79_31731
72	k79_18016
72	k79_41591
72	k79_3191
72	k79_88283
72	k79_75352
72	k79_4576
72	k79_2710
72	k79_27585
72	k79_21394
72	k79_21302
72	k79_10772
72	k79_59861
72	k79_93234
72	k79_68758
72	k79_35258
72	k79_45153
72	k79_61378
72	k79_42069
72	k79_61946
72	k79_51969
72	k79_56971
72	k79_68810
72	k79_4611
72	k79_932
72	k79_56260
72	k79_92731
72	k79_88400
72	k79_69962
72	k79_83131
72	k79_79620
72	k79_78294
72	k79_1683
72	k79_19803
72	k79_44744
72	k79_37087
72	k79_58636
72	k79_52108
72	k79_29303
72	k79_55088
72	k79_67046
72	k79_87278
72	k79_66051
72	k79_39599
72	k79_41941
72	k79_46437
72	k79_70586
72	k79_42347
72	k79_42692
72	k79_25131
72	k79_20540
72	k79_85413
72	k79_60891
72	k79_61629
72	k79_35163
72	k79_60465
72	k79_85967
72	k79_82784
72	k79_78623
72	k79_64946
72	k79_64597
72	k79_32355
72	k79_38108
72	k79_15304
72	k79_89231
72	k79_17017
72	k79_82725
72	k79_10918
72	k79_56799
72	k79_71798
72	k79_68332
72	k79_37414
72	k79_4519
72	k79_7086
72	k79_57349
72	k79_27829
72	k79_57133
72	k79_21644
72	k79_12725
72	k79_93186
72	k79_93309
72	k79_44821
72	k79_43973
72	k79_48457
72	k79_93806
72	k79_22905
72	k79_15506
72	k79_69889
72	k79_93243
72	k79_3053
72	k79_94255
72	k79_28923
72	k79_33276
72	k79_9237
72	k79_27791
72	k79_87982
72	k79_5357
72	k79_10840
72	k79_87352
72	k79_38734
72	k79_78539
72	k79_26945
72	k79_85775
72	k79_75821
72	k79_75846
72	k79_59351
72	k79_50550
72	k79_61471
72	k79_4791
72	k79_26745
72	k79_62960
72	k79_18262
72	k79_66404
72	k79_20441
72	k79_33613
72	k79_93645
72	k79_94311
72	k79_83207
72	k79_78348
72	k79_43012
72	k79_64415
72	k79_41490
72	k79_41207
72	k79_1008
72	k79_74627
72	k79_88547
72	k79_2611
72	k79_87756
72	k79_39950
72	k79_50709
72	k79_89435
72	k79_20089
72	k79_42734
72	k79_69903
72	k79_1628
72	k79_42205
72	k79_93636
72	k79_74352
72	k79_82529
72	k79_90465
72	k79_85559
72	k79_42481
72	k79_48877
72	k79_19458
72	k79_6227
72	k79_62711
72	k79_29272
72	k79_87595
72	k79_26906
72	k79_70795
72	k79_43023
72	k79_67937
72	k79_46228
72	k79_15629
72	k79_53448
72	k79_134
72	k79_28773
72	k79_87530
72	k79_68774
72	k79_13161
72	k79_48939
72	k79_88869
72	k79_43481
72	k79_10240
72	k79_1632
72	k79_28103
72	k79_16601
72	k79_36940
72	k79_89594
72	k79_56578
72	k79_71625
72	k79_64215
72	k79_86831
72	k79_50981
72	k79_70237
72	k79_2545
72	k79_33167
72	k79_8173
72	k79_32877
72	k79_61092
72	k79_39761
72	k79_19865
72	k79_92663
72	k79_30937
72	k79_69879
72	k79_10754
72	k79_72064
72	k79_9342
72	k79_68042
72	k79_53169
72	k79_53732
72	k79_85535
72	k79_80977
72	k79_63733
72	k79_34901
72	k79_77476
72	k79_50673
72	k79_17365
72	k79_59743
72	k79_11413
72	k79_78736
72	k79_64090
72	k79_54255
72	k79_43569
72	k79_64557
72	k79_24933
72	k79_70767
72	k79_67964
72	k79_70434
72	k79_6538
72	k79_45493
72	k79_76067
72	k79_32310
72	k79_86354
72	k79_25916
72	k79_35742
72	k79_18101
72	k79_38800
72	k79_59655
72	k79_61353
72	k79_89898
72	k79_93774
72	k79_24310
72	k79_9286
72	k79_13126
72	k79_73435
72	k79_93741
72	k79_45268
72	k79_83555
72	k79_17341
72	k79_48828
72	k79_1995
72	k79_5212
72	k79_44550
72	k79_655
72	k79_53115
72	k79_68898
72	k79_81469
72	k79_45471
72	k79_22051
72	k79_43948
72	k79_22985
72	k79_56060
72	k79_27724
72	k79_21600
72	k79_37365
72	k79_54167
72	k79_90204
72	k79_43302
72	k79_23294
72	k79_87466
72	k79_86391
72	k79_57309
72	k79_7973
72	k79_20138
72	k79_53330
72	k79_85841
72	k79_36167
72	k79_25818
72	k79_1943
72	k79_84849
72	k79_56554
72	k79_92734
72	k79_22248
72	k79_50189
72	k79_15388
72	k79_64681
72	k79_34181
72	k79_60838
72	k79_9245
72	k79_66974
72	k79_20282
72	k79_58501
72	k79_79763
72	k79_15891
72	k79_75484
72	k79_66008
72	k79_68503
72	k79_11936
72	k79_3363
72	k79_38686
72	k79_75930
72	k79_21194
72	k79_89679
72	k79_82844
72	k79_7941
72	k79_24780
72	k79_11536
72	k79_33764
72	k79_94783
72	k79_56534
72	k79_58355
72	k79_33338
72	k79_25052
72	k79_85624
72	k79_44754
72	k79_45569
72	k79_33552
72	k79_71793
72	k79_43983
72	k79_49707
72	k79_64979
72	k79_1364
72	k79_2110
72	k79_32618
72	k79_36125
72	k79_45683
72	k79_90657
72	k79_1013
72	k79_75963
72	k79_56254
72	k79_57961
72	k79_94843
72	k79_3686
72	k79_71783
72	k79_53791
72	k79_20900
72	k79_81350
72	k79_94148
72	k79_78433
72	k79_91496
72	k79_46247
72	k79_89389
72	k79_84469
72	k79_92733
72	k79_28965
72	k79_74883
72	k79_48592
72	k79_49083
72	k79_47665
72	k79_2531
72	k79_42324
72	k79_31452
72	k79_73197
72	k79_22555
72	k79_689
72	k79_56583
72	k79_23226
72	k79_60791
72	k79_73679
72	k79_84579
72	k79_982
72	k79_32787
72	k79_61451
72	k79_54537
72	k79_34055
72	k79_19793
72	k79_68773
72	k79_74919
72	k79_73610
72	k79_94315
72	k79_71376
72	k79_85024
72	k79_85529
72	k79_63996
72	k79_93753
72	k79_26297
72	k79_76410
72	k79_50398
72	k79_41655
72	k79_52323
72	k79_41450
72	k79_19622
72	k79_12983
72	k79_9274
72	k79_80261
72	k79_5377
72	k79_22028
72	k79_62044
72	k79_23657
72	k79_15729
72	k79_83338
72	k79_87101
72	k79_18843
72	k79_54971
72	k79_10369
72	k79_46244
72	k79_50605
72	k79_22584
72	k79_73031
72	k79_73337
72	k79_88393
72	k79_4558
72	k79_95091
72	k79_66314
72	k79_59668
72	k79_85548
72	k79_65363
72	k79_9643
72	k79_47639
72	k79_12399
72	k79_41042
72	k79_63182
72	k79_72458
72	k79_21904
72	k79_80129
72	k79_578
72	k79_31576
72	k79_59458
72	k79_34063
72	k79_622
72	k79_28971
72	k79_48609
72	k79_1975
72	k79_50712
72	k79_75237
72	k79_88017
72	k79_4656
72	k79_31219
72	k79_92451
72	k79_40200
72	k79_34532
72	k79_11514
72	k79_2430
72	k79_40973
72	k79_6474
72	k79_37640
72	k79_3630
72	k79_24104
72	k79_50838
72	k79_69536
72	k79_38947
72	k79_76796
72	k79_42831
72	k79_93400
72	k79_49863
72	k79_20157
72	k79_85196
72	k79_6514
72	k79_11775
72	k79_34136
72	k79_53782
72	k79_19049
72	k79_94981
72	k79_73565
72	k79_37880
72	k79_41492
72	k79_76677
72	k79_19741
72	k79_20978
72	k79_35958
72	k79_71633
72	k79_90100
72	k79_9682
72	k79_91569
72	k79_76316
72	k79_39699
72	k79_59335
72	k79_3454
72	k79_33182
72	k79_39195
72	k79_51505
72	k79_66993
72	k79_54974
72	k79_16130
72	k79_34828
72	k79_68772
72	k79_89189
72	k79_50237
72	k79_46494
72	k79_30482
72	k79_13696
72	k79_58749
72	k79_12152
72	k79_2062
72	k79_81293
72	k79_82935
72	k79_10265
72	k79_49172
72	k79_22605
72	k79_31200
72	k79_58086
72	k79_87071
72	k79_73320
72	k79_68067
72	k79_45301
72	k79_40395
72	k79_83634
72	k79_26203
72	k79_96213
72	k79_71597
72	k79_11264
72	k79_64947
72	k79_65616
72	k79_87236
72	k79_24081
72	k79_42178
72	k79_48083
72	k79_90001
73	k79_80131
74	k79_15403
74	k79_90526
74	k79_35978
74	k79_52326
74	k79_53797
74	k79_81067
74	k79_65750
74	k79_67764
74	k79_6609
74	k79_11365
74	k79_25050
74	k79_30894
74	k79_43398
74	k79_73739
74	k79_66971
74	k79_46710
74	k79_16467
74	k79_43317
74	k79_60122
74	k79_72163
74	k79_8584
74	k79_44368
74	k79_48477
74	k79_65077
74	k79_50197
74	k79_65337
74	k79_30080
74	k79_48339
74	k79_84250
74	k79_18137
74	k79_44885
74	k79_73705
74	k79_60147
74	k79_7413
74	k79_37213
74	k79_42405
74	k79_7241
74	k79_15317
74	k79_21900
74	k79_85639
74	k79_59282
74	k79_63369
74	k79_27242
74	k79_5661
74	k79_77797
74	k79_64879
74	k79_90751
74	k79_94935
74	k79_27721
74	k79_48600
74	k79_35353
74	k79_24606
74	k79_74053
74	k79_90771
74	k79_29457
74	k79_14934
74	k79_50913
74	k79_62226
74	k79_32050
74	k79_17196
74	k79_84931
74	k79_5068
74	k79_14911
74	k79_56998
74	k79_57944
74	k79_52852
74	k79_42715
74	k79_46508
74	k79_70667
74	k79_94531
74	k79_14274
74	k79_44212
74	k79_68814
74	k79_36589
74	k79_27285
74	k79_93471
74	k79_12810
74	k79_45784
74	k79_78681
74	k79_18265
74	k79_16250
74	k79_72864
74	k79_27780
74	k79_14949
74	k79_34003
74	k79_27662
74	k79_31292
74	k79_30629
74	k79_84083
74	k79_12422
74	k79_42334
74	k79_90080
74	k79_18447
74	k79_9407
74	k79_24669
74	k79_37327
74	k79_64378
74	k79_91815
74	k79_87461
74	k79_28829
74	k79_16112
74	k79_12915
74	k79_1304
74	k79_30302
74	k79_43201
74	k79_8211
74	k79_23277
74	k79_28879
74	k79_27408
74	k79_8890
74	k79_13117
74	k79_44836
74	k79_65505
74	k79_19560
74	k79_36623
74	k79_42590
74	k79_14410
74	k79_41914
74	k79_80272
74	k79_53339
74	k79_42400
74	k79_44819
74	k79_41111
74	k79_28839
74	k79_7006
74	k79_44764
74	k79_71424
74	k79_3091
74	k79_59821
74	k79_73417
74	k79_74916
74	k79_8725
74	k79_37976
74	k79_62471
74	k79_12469
74	k79_43363
74	k79_6377
74	k79_55408
74	k79_57374
74	k79_83105
74	k79_53039
74	k79_60425
74	k79_96012
74	k79_63645
74	k79_8796
74	k79_75284
74	k79_77753
74	k79_34367
74	k79_17848
74	k79_48507
74	k79_81432
74	k79_95412
74	k79_48733
74	k79_92511
74	k79_48429
74	k79_6989
74	k79_54910
74	k79_55145
74	k79_91852
74	k79_45313
74	k79_82107
74	k79_12935
74	k79_64570
74	k79_70482
74	k79_81690
74	k79_4223
74	k79_55562
74	k79_41103
74	k79_39326
74	k79_9362
74	k79_78744
74	k79_21961
74	k79_90285
74	k79_21642
74	k79_5810
74	k79_39809
74	k79_1679
74	k79_62373
74	k79_34383
74	k79_96011
74	k79_54271
74	k79_88428
74	k79_11711
74	k79_82165
74	k79_40768
74	k79_7044
74	k79_8202
74	k79_70433
74	k79_10458
74	k79_62421
74	k79_38967
74	k79_94813
74	k79_84337
74	k79_61501
74	k79_13609
74	k79_17820
74	k79_68301
74	k79_2127
74	k79_89447
74	k79_9101
74	k79_46190
74	k79_65716
74	k79_79892
74	k79_34095
74	k79_40440
74	k79_94258
74	k79_41363
74	k79_91255
74	k79_78105
74	k79_66469
74	k79_59076
74	k79_50261
74	k79_44841
74	k79_24339
74	k79_37149
74	k79_29406
74	k79_90799
74	k79_26998
74	k79_40376
74	k79_27143
74	k79_54850
74	k79_43969
74	k79_45056
74	k79_93298
74	k79_78169
74	k79_47422
74	k79_1829
74	k79_63510
74	k79_10409
74	k79_33075
74	k79_82576
74	k79_85412
74	k79_23009
74	k79_93293
74	k79_90922
74	k79_90641
74	k79_59109
74	k79_40185
74	k79_34111
74	k79_90746
74	k79_64505
74	k79_50742
74	k79_8569
74	k79_62049
74	k79_88766
74	k79_94882
74	k79_46828
74	k79_1759
74	k79_71302
74	k79_44817
74	k79_60464
74	k79_28744
74	k79_31758
74	k79_34262
74	k79_47647
74	k79_15104
74	k79_27444
74	k79_7572
74	k79_38297
74	k79_5868
74	k79_36937
74	k79_26408
74	k79_45161
74	k79_21846
74	k79_14629
74	k79_69980
74	k79_82680
74	k79_37001
74	k79_75912
74	k79_44525
74	k79_53282
74	k79_32979
74	k79_72926
74	k79_91019
74	k79_60477
74	k79_72085
74	k79_92921
74	k79_85732
74	k79_27676
74	k79_94467
74	k79_7636
74	k79_49459
74	k79_90913
74	k79_15788
74	k79_82846
74	k79_67813
74	k79_9769
74	k79_77548
74	k79_94927
74	k79_445
74	k79_45381
74	k79_26035
74	k79_54240
74	k79_40917
74	k79_25329
74	k79_92968
74	k79_37276
74	k79_63401
74	k79_29324
74	k79_40769
74	k79_65365
74	k79_44608
74	k79_85588
74	k79_91626
74	k79_70368
74	k79_95089
74	k79_18691
74	k79_43859
74	k79_9652
74	k79_22129
74	k79_10304
74	k79_16715
74	k79_20134
74	k79_5550
74	k79_81933
74	k79_67174
74	k79_29439
74	k79_61176
74	k79_93033
74	k79_89696
74	k79_57539
74	k79_59925
74	k79_72453
74	k79_17624
74	k79_30060
74	k79_6144
74	k79_68412
74	k79_94123
74	k79_34914
74	k79_52741
74	k79_41021
74	k79_96029
74	k79_35410
74	k79_87302
74	k79_22178
74	k79_84817
74	k79_9490
74	k79_30202
74	k79_49981
74	k79_6158
74	k79_84439
74	k79_21874
74	k79_1218
74	k79_59553
74	k79_73099
74	k79_54162
74	k79_48575
74	k79_40329
74	k79_91352
74	k79_19238
74	k79_67819
74	k79_92597
74	k79_22055
74	k79_16800
74	k79_34156
74	k79_35653
74	k79_38937
74	k79_29179
74	k79_16500
74	k79_92556
74	k79_16858
74	k79_19804
74	k79_58184
74	k79_67722
74	k79_59268
74	k79_14117
74	k79_47296
74	k79_94216
74	k79_27627
74	k79_88969
74	k79_49613
74	k79_73319
74	k79_37932
74	k79_31704
74	k79_73335
74	k79_58520
74	k79_33
74	k79_27454
74	k79_16379
74	k79_84571
74	k79_77158
74	k79_29816
74	k79_73805
74	k79_29503
74	k79_45279
74	k79_66295
74	k79_85852
74	k79_5787
74	k79_65776
74	k79_90142
74	k79_79424
74	k79_72729
74	k79_82779
74	k79_29186
74	k79_1831
74	k79_6826
74	k79_63468
74	k79_29152
74	k79_65340
74	k79_31037
74	k79_80529
74	k79_65346
74	k79_30738
74	k79_40531
74	k79_75289
74	k79_69583
74	k79_22105
74	k79_83806
74	k79_6402
74	k79_84522
74	k79_49772
74	k79_32549
74	k79_42387
74	k79_14703
74	k79_9269
74	k79_22261
74	k79_33770
74	k79_90152
74	k79_90282
74	k79_17621
74	k79_2512
74	k79_17674
74	k79_75189
74	k79_23082
74	k79_27605
74	k79_23282
74	k79_71026
74	k79_75023
74	k79_60811
74	k79_51747
74	k79_50539
74	k79_88517
74	k79_94638
74	k79_41523
74	k79_88938
74	k79_15817
74	k79_27232
74	k79_19808
74	k79_43509
74	k79_27351
74	k79_30483
74	k79_95117
74	k79_54225
74	k79_78671
74	k79_84183
74	k79_35018
74	k79_6594
74	k79_47930
74	k79_76654
74	k79_76462
74	k79_57561
74	k79_15607
74	k79_24287
74	k79_68631
74	k79_36479
74	k79_46360
74	k79_28710
74	k79_39355
74	k79_6811
74	k79_22473
74	k79_14901
74	k79_46741
74	k79_20280
74	k79_81012
74	k79_77979
74	k79_16853
74	k79_62038
74	k79_25848
74	k79_38087
74	k79_40935
74	k79_29797
74	k79_59237
74	k79_17264
74	k79_19190
74	k79_14265
74	k79_53843
74	k79_95953
74	k79_23221
74	k79_36358
74	k79_1101
74	k79_11535
74	k79_16203
74	k79_33732
74	k79_62223
74	k79_75947
74	k79_4627
74	k79_51866
74	k79_66777
74	k79_58448
74	k79_24072
74	k79_9790
74	k79_80955
74	k79_76167
74	k79_62846
74	k79_53196
74	k79_82318
74	k79_2880
74	k79_79121
74	k79_70624
74	k79_83438
74	k79_12876
74	k79_34942
74	k79_4709
74	k79_58217
74	k79_81743
74	k79_63761
74	k79_3489
74	k79_67814
74	k79_31827
74	k79_4293
74	k79_72047
74	k79_57928
74	k79_12603
74	k79_57535
74	k79_14690
74	k79_12264
74	k79_84270
74	k79_61533
74	k79_9570
74	k79_85446
74	k79_33887
74	k79_56015
74	k79_45012
74	k79_88627
74	k79_17557
74	k79_80551
74	k79_93366
74	k79_23249
74	k79_48360
74	k79_69340
74	k79_67486
74	k79_41963
74	k79_70126
74	k79_92323
74	k79_65187
74	k79_64625
74	k79_54123
74	k79_93682
74	k79_63319
74	k79_22867
74	k79_58472
74	k79_55396
74	k79_94304
74	k79_52661
74	k79_15983
74	k79_73513
74	k79_57757
74	k79_23191
74	k79_29586
74	k79_74673
74	k79_18571
74	k79_2529
74	k79_72687
74	k79_12405
74	k79_10796
74	k79_59799
74	k79_76294
74	k79_28406
74	k79_2239
74	k79_64141
74	k79_92015
74	k79_39438
74	k79_21370
74	k79_29477
74	k79_17283
74	k79_18840
74	k79_32432
74	k79_86541
74	k79_9150
74	k79_49072
74	k79_63875
74	k79_73828
74	k79_30005
74	k79_73514
74	k79_19988
74	k79_70209
74	k79_25860
74	k79_94527
74	k79_71705
74	k79_86669
74	k79_29932
74	k79_24047
74	k79_36637
74	k79_49436
74	k79_34315
74	k79_42079
74	k79_63169
74	k79_45556
74	k79_95396
74	k79_47659
74	k79_26063
74	k79_33402
74	k79_40086
74	k79_49724
74	k79_87068
74	k79_46635
74	k79_92004
74	k79_71961
74	k79_81178
74	k79_91803
74	k79_82788
74	k79_80120
74	k79_42051
74	k79_74865
74	k79_48851
74	k79_26670
74	k79_35710
74	k79_72120
74	k79_62849
74	k79_63636
74	k79_70376
74	k79_10935
74	k79_82099
74	k79_31181
74	k79_58422
74	k79_86576
74	k79_56314
74	k79_1079
74	k79_30126
74	k79_13867
74	k79_63750
74	k79_45869
74	k79_20370
74	k79_94900
74	k79_78624
74	k79_44855
74	k79_62283
74	k79_6164
74	k79_895
74	k79_47634
74	k79_5887
74	k79_39126
74	k79_12323
74	k79_76586
74	k79_27683
74	k79_22253
74	k79_25498
74	k79_27507
74	k79_29453
74	k79_51160
74	k79_68167
74	k79_76825
74	k79_55279
74	k79_96346
74	k79_2898
74	k79_86795
74	k79_15437
74	k79_23535
74	k79_55302
74	k79_54822
74	k79_34366
74	k79_34784
74	k79_44006
74	k79_20739
74	k79_40079
74	k79_14204
74	k79_86801
74	k79_84808
74	k79_92725
74	k79_725
74	k79_20897
74	k79_47457
74	k79_17713
74	k79_42581
74	k79_23631
74	k79_87504
74	k79_29624
74	k79_73398
74	k79_76524
74	k79_13170
74	k79_90715
74	k79_59120
74	k79_34087
74	k79_16116
74	k79_55387
74	k79_62464
74	k79_30145
74	k79_23862
74	k79_78741
74	k79_38742
74	k79_73657
74	k79_75218
74	k79_15049
74	k79_17253
74	k79_94726
74	k79_64022
74	k79_29636
74	k79_12521
74	k79_56917
74	k79_45175
74	k79_77028
74	k79_54113
74	k79_20658
74	k79_82721
74	k79_52414
74	k79_94994
74	k79_92370
74	k79_92987
74	k79_6506
74	k79_35663
74	k79_22238
74	k79_79302
74	k79_36217
74	k79_35667
74	k79_31455
74	k79_35996
74	k79_69344
74	k79_64313
74	k79_26503
74	k79_86317
74	k79_58148
74	k79_37451
74	k79_45551
74	k79_87067
74	k79_87678
74	k79_55418
74	k79_63019
74	k79_67269
74	k79_23270
74	k79_78953
74	k79_74901
74	k79_46498
74	k79_7622
74	k79_20948
74	k79_69721
74	k79_53799
74	k79_3217
74	k79_18715
74	k79_8839
74	k79_46330
74	k79_22943
74	k79_32405
74	k79_15872
74	k79_71040
74	k79_9807
74	k79_58999
74	k79_8955
74	k79_10195
74	k79_86808
74	k79_41867
74	k79_95592
74	k79_22531
74	k79_15882
74	k79_50111
74	k79_40408
74	k79_39366
74	k79_51579
74	k79_67115
74	k79_68361
74	k79_33016
74	k79_74635
74	k79_59283
74	k79_28725
74	k79_88518
74	k79_18366
74	k79_6820
74	k79_20519
74	k79_38090
74	k79_20734
74	k79_34672
74	k79_72132
74	k79_6171
74	k79_47486
74	k79_79760
74	k79_86334
74	k79_14409
74	k79_11036
74	k79_45302
74	k79_74629
74	k79_62718
74	k79_46415
74	k79_20299
74	k79_24439
74	k79_55397
74	k79_37136
74	k79_55907
74	k79_70542
74	k79_88610
74	k79_48977
74	k79_92257
74	k79_21044
74	k79_6704
74	k79_57935
74	k79_13582
74	k79_66293
74	k79_10485
74	k79_37915
74	k79_90236
74	k79_46057
74	k79_40793
74	k79_87490
74	k79_75740
74	k79_376
74	k79_30723
74	k79_12512
74	k79_38408
74	k79_29377
74	k79_32529
74	k79_93984
74	k79_30647
74	k79_20553
74	k79_1232
74	k79_50323
74	k79_79109
74	k79_90911
74	k79_50654
74	k79_78170
74	k79_8910
74	k79_16033
74	k79_21216
74	k79_33385
74	k79_82781
74	k79_91530
74	k79_35168
74	k79_34337
74	k79_37709
74	k79_82467
74	k79_37644
74	k79_96109
74	k79_1521
74	k79_11759
74	k79_77497
74	k79_9460
74	k79_23645
74	k79_30050
74	k79_17500
74	k79_40124
74	k79_27908
74	k79_61590
74	k79_67276
74	k79_17390
74	k79_44492
74	k79_12243
74	k79_31136
74	k79_29878
74	k79_18189
74	k79_43794
74	k79_32220
74	k79_35515
74	k79_3425
74	k79_1415
74	k79_65199
74	k79_36743
74	k79_43673
74	k79_3872
74	k79_53596
74	k79_65654
74	k79_51070
74	k79_81844
74	k79_87898
74	k79_16120
74	k79_88449
74	k79_35830
74	k79_40924
74	k79_4946
74	k79_13575
74	k79_55992
74	k79_662
74	k79_50274
74	k79_59017
74	k79_69789
74	k79_6527
74	k79_26735
74	k79_64420
74	k79_69589
74	k79_330
74	k79_16435
74	k79_67822
74	k79_46795
74	k79_83870
74	k79_18216
74	k79_59187
74	k79_39033
74	k79_68646
74	k79_41995
74	k79_46112
75	k79_53219
75	k79_91713
75	k79_89023
75	k79_29461
75	k79_17612
75	k79_7300
75	k79_69917
75	k79_92826
75	k79_18885
75	k79_59264
75	k79_21467
75	k79_26508
76	k79_16062
76	k79_91393
77	k79_68988
77	k79_51950
77	k79_74857
78	k79_21259
79	k79_2980
80	k79_68142
81	k79_13507
81	k79_53802
81	k79_68432
81	k79_56698
81	k79_1935
81	k79_73709
81	k79_73089
81	k79_86716
82	k79_41527
82	k79_87444
82	k79_90121
82	k79_52805
82	k79_61461
82	k79_66816
82	k79_69201
82	k79_17903
82	k79_94986
82	k79_6819
82	k79_26777
82	k79_63408
82	k79_49334
82	k79_55920
82	k79_31185
82	k79_43840
82	k79_78125
82	k79_16429
82	k79_19572
82	k79_37850
82	k79_26019
82	k79_46493
82	k79_44993
82	k79_13587
82	k79_53664
82	k79_78483
82	k79_1868
82	k79_87275
82	k79_13113
82	k79_62173
82	k79_3927
82	k79_94397
82	k79_22042
82	k79_66036
82	k79_45488
82	k79_41570
83	k79_33205
83	k79_31240
83	k79_57005
83	k79_62989
83	k79_32591
83	k79_14950
83	k79_28371
83	k79_68917
83	k79_60356
83	k79_89110
83	k79_90255
83	k79_92791
83	k79_32114
83	k79_35276
83	k79_79710
83	k79_27579
84	k79_4491
84	k79_8513
84	k79_44900
84	k79_13213
84	k79_87549
84	k79_35740
84	k79_33582
84	k79_32688
84	k79_35154
84	k79_61636
84	k79_61117
84	k79_41056
84	k79_92788
84	k79_58274
84	k79_27754
84	k79_85714
84	k79_75174
84	k79_38974
84	k79_84687
84	k79_60985
84	k79_52169
84	k79_65027
84	k79_77346
84	k79_63832
84	k79_88135
84	k79_25475
84	k79_63762
84	k79_27606
84	k79_84853
84	k79_93782
84	k79_13932
84	k79_77993
85	k79_40005
85	k79_54528
85	k79_71013
85	k79_26023
85	k79_89251
85	k79_18855
85	k79_3160
85	k79_5965
85	k79_66502
85	k79_87894
85	k79_38565
85	k79_52705
85	k79_46373
85	k79_23712
85	k79_35108
85	k79_76128
85	k79_36865
85	k79_3675
85	k79_21662
85	k79_28501
85	k79_67175
85	k79_40573
85	k79_69241
85	k79_18593
85	k79_1356
85	k79_6946
85	k79_18779
85	k79_52029
85	k79_34561
85	k79_67489
85	k79_43791
85	k79_41656
85	k79_91020
85	k79_27373
85	k79_43410
85	k79_45982
85	k79_89700
85	k79_64479
85	k79_49026
85	k79_90579
85	k79_65492
85	k79_90731
85	k79_76941
85	k79_43274
85	k79_66883
85	k79_49488
85	k79_28122
85	k79_67373
85	k79_91018
85	k79_78330
85	k79_75396
85	k79_94386
85	k79_10727
85	k79_80810
85	k79_15271
85	k79_84450
85	k79_62901
85	k79_3458
85	k79_81719
85	k79_84391
85	k79_51921
85	k79_54897
85	k79_91261
85	k79_70955
85	k79_39044
85	k79_25894
85	k79_89288
85	k79_53728
85	k79_30784
85	k79_84302
85	k79_78384
85	k79_3346
85	k79_6081
85	k79_3448
85	k79_68152
85	k79_20795
85	k79_84231
85	k79_51626
85	k79_90619
85	k79_90800
85	k79_45068
85	k79_79549
85	k79_82431
85	k79_4989
85	k79_60531
85	k79_36431
85	k79_86732
85	k79_53682
85	k79_15698
85	k79_22
85	k79_19422
85	k79_65512
85	k79_44089
85	k79_48312
85	k79_25663
85	k79_61025
85	k79_72531
85	k79_62715
85	k79_45341
85	k79_75083
85	k79_88751
85	k79_34101
85	k79_61265
85	k79_61225
85	k79_62967
85	k79_55494
85	k79_17922
85	k79_87407
85	k79_49421
85	k79_88656
85	k79_45687
85	k79_65356
85	k79_93192
85	k79_85705
85	k79_6025
85	k79_15612
85	k79_24351
85	k79_66776
85	k79_81475
85	k79_87774
85	k79_80693
85	k79_58802
85	k79_30173
85	k79_57914
85	k79_95528
85	k79_37002
85	k79_10457
85	k79_83692
85	k79_35575
85	k79_26432
85	k79_7991
85	k79_94028
85	k79_52237
85	k79_33373
85	k79_3815
85	k79_83399
85	k79_57549
85	k79_87375
85	k79_21417
85	k79_52965
85	k79_4809
85	k79_79263
85	k79_85341
85	k79_16361
85	k79_72665
85	k79_72670
85	k79_70659
85	k79_51582
85	k79_41209
85	k79_51556
85	k79_59961
85	k79_65976
85	k79_57104
85	k79_69774
85	k79_59940
85	k79_83126
85	k79_94269
85	k79_67151
85	k79_80521
85	k79_784
85	k79_85929
85	k79_36563
85	k79_541
85	k79_81534
85	k79_9214
85	k79_89364
85	k79_17337
85	k79_69658
85	k79_39217
85	k79_95077
85	k79_71017
85	k79_41181
85	k79_83714
85	k79_42068
85	k79_44175
85	k79_70518
85	k79_46481
85	k79_19117
85	k79_81871
85	k79_9211
85	k79_52811
85	k79_38053
85	k79_8508
85	k79_80778
85	k79_68641
85	k79_45403
85	k79_70401
85	k79_87551
85	k79_44144
85	k79_92933
85	k79_69122
85	k79_7706
85	k79_68139
85	k79_27150
85	k79_45163
85	k79_93960
85	k79_67776
85	k79_93111
85	k79_57497
85	k79_34829
85	k79_21996
85	k79_79709
85	k79_94538
85	k79_2616
85	k79_79943
85	k79_571
85	k79_90097
85	k79_46187
85	k79_70520
85	k79_66257
85	k79_79576
85	k79_60196
85	k79_3753
85	k79_81352
85	k79_85197
85	k79_49036
85	k79_40701
85	k79_18836
85	k79_38189
85	k79_86652
85	k79_54060
85	k79_75948
85	k79_15850
85	k79_16176
85	k79_42882
85	k79_17153
85	k79_7169
85	k79_5040
85	k79_33420
85	k79_27848
85	k79_48528
85	k79_64210
85	k79_94724
85	k79_56157
85	k79_34199
85	k79_37790
85	k79_14434
85	k79_33154
85	k79_36041
85	k79_91229
85	k79_61815
85	k79_88485
85	k79_83977
85	k79_29957
85	k79_76834
85	k79_21820
85	k79_47362
85	k79_37655
85	k79_43329
85	k79_95150
85	k79_53189
85	k79_21214
85	k79_84379
85	k79_76181
85	k79_6083
85	k79_82608
85	k79_38131
85	k79_93179
85	k79_72524
85	k79_75612
85	k79_91914
85	k79_84832
85	k79_74094
85	k79_51783
85	k79_75786
85	k79_82858
85	k79_20270
85	k79_21528
85	k79_42451
85	k79_38035
85	k79_80841
85	k79_51548
85	k79_84431
85	k79_12944
85	k79_71290
85	k79_13928
85	k79_12868
85	k79_30472
85	k79_68696
85	k79_56251
85	k79_1398
85	k79_39919
85	k79_44675
85	k79_30545
85	k79_83172
85	k79_37132
85	k79_868
85	k79_1152
85	k79_37897
85	k79_80041
85	k79_59995
85	k79_59312
85	k79_67148
85	k79_77228
85	k79_41683
85	k79_72609
85	k79_61701
85	k79_59664
85	k79_66462
85	k79_62887
85	k79_81140
85	k79_62020
85	k79_21791
85	k79_72708
85	k79_32417
85	k79_26885
85	k79_83284
85	k79_16758
85	k79_91738
85	k79_1914
85	k79_5494
85	k79_73409
85	k79_29754
85	k79_25657
85	k79_51049
85	k79_41187
85	k79_8784
85	k79_9719
85	k79_65114
85	k79_48420
85	k79_51196
85	k79_7780
85	k79_37417
85	k79_91370
85	k79_87085
85	k79_66817
85	k79_32487
85	k79_70497
85	k79_62793
85	k79_58678
85	k79_14095
85	k79_7045
85	k79_60866
85	k79_36154
85	k79_71809
85	k79_87823
85	k79_60941
85	k79_78566
85	k79_28606
85	k79_83360
85	k79_13101
85	k79_15857
85	k79_37614
85	k79_62516
85	k79_37852
85	k79_77724
85	k79_19730
85	k79_84702
85	k79_71942
85	k79_11970
85	k79_34835
85	k79_85047
85	k79_58135
85	k79_22062
85	k79_80105
85	k79_87256
85	k79_31589
85	k79_64699
85	k79_61769
85	k79_32350
85	k79_23873
85	k79_15656
85	k79_31624
85	k79_18490
85	k79_62596
85	k79_48755
85	k79_68268
85	k79_27656
85	k79_21684
85	k79_85520
85	k79_1680
85	k79_86580
85	k79_55809
85	k79_81230
85	k79_89116
85	k79_95776
85	k79_91691
85	k79_55448
85	k79_56472
85	k79_83268
85	k79_37557
85	k79_93007
85	k79_89144
85	k79_62542
85	k79_22002
85	k79_9119
85	k79_78731
85	k79_49291
85	k79_47368
85	k79_81460
85	k79_93026
85	k79_60366
85	k79_13224
85	k79_18600
85	k79_83999
85	k79_68408
85	k79_83838
85	k79_31317
85	k79_5006
85	k79_24965
85	k79_60039
85	k79_85134
85	k79_67394
85	k79_46409
85	k79_35645
85	k79_4446
85	k79_55131
85	k79_18744
85	k79_78314
85	k79_1090
85	k79_20178
85	k79_82361
85	k79_59806
85	k79_70453
85	k79_81064
85	k79_58987
85	k79_84935
85	k79_45394
85	k79_95523
85	k79_3816
85	k79_76780
85	k79_13831
85	k79_51128
85	k79_19427
85	k79_8477
85	k79_27553
85	k79_35388
85	k79_74968
85	k79_55089
85	k79_49481
85	k79_1763
85	k79_95499
85	k79_74943
85	k79_53221
85	k79_14505
85	k79_49171
85	k79_864
85	k79_1671
85	k79_4255
85	k79_29292
85	k79_86155
85	k79_66227
85	k79_63291
85	k79_20204
85	k79_32409
85	k79_81138
85	k79_55622
85	k79_58796
85	k79_45107
85	k79_41881
85	k79_25425
85	k79_88848
85	k79_94762
85	k79_37295
85	k79_70601
85	k79_25138
85	k79_34214
85	k79_74624
85	k79_58161
85	k79_88453
85	k79_31640
85	k79_93853
85	k79_31381
85	k79_72482
85	k79_92189
85	k79_63629
85	k79_66046
85	k79_7839
85	k79_41593
85	k79_82848
85	k79_18322
85	k79_61179
85	k79_56750
85	k79_67054
85	k79_17495
85	k79_31048
85	k79_81928
85	k79_76725
85	k79_35545
85	k79_29809
85	k79_28799
85	k79_53880
85	k79_36420
85	k79_88228
85	k79_36447
85	k79_69063
85	k79_9941
85	k79_8077
85	k79_48879
85	k79_10597
85	k79_54620
85	k79_34882
85	k79_27862
85	k79_50640
85	k79_30168
85	k79_45925
85	k79_51808
85	k79_74875
85	k79_18558
85	k79_82078
85	k79_93504
85	k79_90594
85	k79_63397
85	k79_93587
85	k79_82402
85	k79_94362
85	k79_69914
85	k79_24836
85	k79_68527
85	k79_60307
85	k79_82194
85	k79_14983
85	k79_40040
85	k79_32112
85	k79_42797
85	k79_70060
85	k79_92670
85	k79_22652
85	k79_30850
85	k79_91083
85	k79_66446
85	k79_53643
85	k79_54757
85	k79_69300
85	k79_1734
85	k79_72833
85	k79_48579
85	k79_44133
85	k79_86833
85	k79_67940
85	k79_14015
85	k79_2614
85	k79_32314
85	k79_77016
85	k79_40563
85	k79_80675
85	k79_47447
85	k79_32946
85	k79_72062
85	k79_17581
85	k79_17925
85	k79_18334
85	k79_81081
85	k79_20620
85	k79_33640
85	k79_66375
85	k79_15110
85	k79_64400
85	k79_89929
85	k79_70722
85	k79_38206
85	k79_63969
85	k79_20487
85	k79_52340
85	k79_15199
85	k79_24316
85	k79_62674
85	k79_41024
85	k79_5701
85	k79_61083
85	k79_68971
85	k79_71436
85	k79_36169
85	k79_68669
85	k79_37253
85	k79_88603
85	k79_90399
85	k79_43934
85	k79_61767
85	k79_61093
85	k79_7012
85	k79_87934
85	k79_79568
85	k79_1855
85	k79_96218
85	k79_20861
85	k79_77318
85	k79_17344
85	k79_85160
85	k79_29992
85	k79_2046
85	k79_47970
85	k79_53326
85	k79_11565
85	k79_3037
85	k79_26615
85	k79_64731
85	k79_52917
85	k79_66188
85	k79_11969
85	k79_85768
85	k79_1582
85	k79_29769
85	k79_11777
85	k79_55530
85	k79_81180
85	k79_58976
85	k79_50750
85	k79_67241
85	k79_32919
85	k79_34808
85	k79_14369
85	k79_26040
85	k79_43974
85	k79_21536
85	k79_14497
85	k79_90653
85	k79_80969
85	k79_65690
85	k79_33282
85	k79_6582
85	k79_81513
85	k79_15708
85	k79_10737
85	k79_96326
85	k79_31511
85	k79_14284
85	k79_60135
85	k79_94375
85	k79_56430
85	k79_2101
85	k79_44928
85	k79_69475
85	k79_66154
85	k79_91221
85	k79_75395
85	k79_73767
85	k79_43350
85	k79_53913
85	k79_19638
85	k79_20116
85	k79_10815
85	k79_13244
85	k79_15129
85	k79_82944
85	k79_14019
85	k79_77297
85	k79_70541
85	k79_46482
85	k79_7458
85	k79_43000
85	k79_43592
85	k79_13280
85	k79_1518
85	k79_28589
85	k79_16506
85	k79_23052
85	k79_15711
85	k79_75003
85	k79_34408
85	k79_7476
85	k79_20277
85	k79_46888
85	k79_3957
85	k79_32250
85	k79_93069
85	k79_62686
85	k79_65496
85	k79_78775
85	k79_81712
85	k79_35705
85	k79_88425
85	k79_59662
85	k79_1959
85	k79_66099
85	k79_81139
85	k79_89329
85	k79_7382
85	k79_39903
85	k79_18536
85	k79_57569
85	k79_52595
85	k79_3176
85	k79_93729
85	k79_77209
85	k79_87492
86	k79_54229
87	k79_69141
88	k79_49873
88	k79_57432
88	k79_1418
89	k79_42326
89	k79_13468
89	k79_95053
89	k79_4090
89	k79_58676
89	k79_41754
89	k79_12637
89	k79_86845
89	k79_51221
89	k79_78946
89	k79_23830
89	k79_92293
90	k79_88749
90	k79_81153
90	k79_42956
90	k79_93928
90	k79_13701
90	k79_12976
90	k79_63489
90	k79_92452
90	k79_4195
90	k79_57202
90	k79_38555
90	k79_29507
90	k79_91193
90	k79_67031
90	k79_95292
90	k79_51638
90	k79_73491
90	k79_11552
90	k79_12089
90	k79_67427
90	k79_85159
90	k79_55688
90	k79_10710
90	k79_3952
90	k79_66484
90	k79_57139
90	k79_7115
90	k79_1811
90	k79_16065
90	k79_13058
90	k79_35666
90	k79_29472
90	k79_36299
90	k79_4732
90	k79_11328
90	k79_73652
90	k79_3934
90	k79_82851
90	k79_69872
90	k79_15365
90	k79_50814
90	k79_94214
90	k79_25763
90	k79_54761
90	k79_4159
90	k79_42336
90	k79_18852
90	k79_62200
90	k79_69303
90	k79_5694
90	k79_10396
90	k79_23676
90	k79_23771
90	k79_51
90	k79_87946
90	k79_80536
90	k79_43003
90	k79_78261
90	k79_57010
90	k79_63556
90	k79_83575
90	k79_72647
90	k79_85698
90	k79_21543
90	k79_76297
90	k79_83662
90	k79_64842
90	k79_70681
90	k79_56137
90	k79_60178
90	k79_36876
90	k79_24677
90	k79_80598
90	k79_77523
90	k79_60544
91	k79_20702
91	k79_66165
91	k79_52054
91	k79_57646
91	k79_71477
91	k79_14682
91	k79_19419
91	k79_22023
91	k79_92209
91	k79_11617
91	k79_35449
91	k79_21282
91	k79_83297
91	k79_32865
91	k79_34612
91	k79_77763
92	k79_85214
92	k79_51264
92	k79_5298
92	k79_84000
92	k79_21751
92	k79_21084
92	k79_14674
92	k79_30829
92	k79_45424
92	k79_86735
92	k79_63341
92	k79_71030
92	k79_73400
92	k79_91957
92	k79_4365
93	k79_61830
93	k79_76426
93	k79_66815
93	k79_50815
93	k79_34701
93	k79_76542
93	k79_92296
93	k79_85058
93	k79_34719
93	k79_93611
93	k79_74657
93	k79_82413
93	k79_62634
93	k79_9845
93	k79_34157
93	k79_84652
93	k79_39890
93	k79_78230
93	k79_33347
93	k79_56070
93	k79_15293
93	k79_51699
93	k79_92479
93	k79_95802
93	k79_62067
93	k79_51257
93	k79_9716
93	k79_52141
93	k79_60001
93	k79_7159
93	k79_84476
93	k79_36472
93	k79_1149
93	k79_78693
93	k79_55467
93	k79_86805
93	k79_16765
93	k79_82093
93	k79_60098
93	k79_17041
93	k79_58546
93	k79_51542
93	k79_7367
93	k79_31841
93	k79_83996
93	k79_15512
93	k79_650
93	k79_76580
93	k79_43058
93	k79_12540
93	k79_52753
93	k79_9742
93	k79_2915
93	k79_81937
93	k79_31432
93	k79_18304
93	k79_23164
93	k79_62237
93	k79_81906
93	k79_3503
93	k79_78684
93	k79_20240
93	k79_65678
93	k79_94229
93	k79_81821
93	k79_91652
93	k79_9353
93	k79_20544
93	k79_90654
93	k79_78837
93	k79_50500
93	k79_54624
93	k79_78875
93	k79_84629
93	k79_2315
93	k79_76689
93	k79_74625
93	k79_6902
93	k79_67081
93	k79_259
93	k79_29883
93	k79_92426
93	k79_42545
93	k79_73753
93	k79_45011
93	k79_66678
93	k79_75899
93	k79_70913
93	k79_77434
93	k79_46997
93	k79_81491
93	k79_17730
93	k79_42538
93	k79_16208
93	k79_8826
93	k79_91893
93	k79_86110
93	k79_95647
93	k79_93510
93	k79_35298
93	k79_21983
93	k79_61906
93	k79_37487
93	k79_63783
93	k79_54289
93	k79_4999
93	k79_15014
93	k79_29944
93	k79_83479
93	k79_68685
93	k79_27159
93	k79_57164
93	k79_452
93	k79_49272
93	k79_27210
93	k79_87251
93	k79_795
93	k79_88950
93	k79_27341
93	k79_31443
93	k79_74303
93	k79_29937
93	k79_94835
93	k79_31085
93	k79_56412
93	k79_15295
93	k79_29444
93	k79_67293
93	k79_11492
93	k79_14546
93	k79_44530
93	k79_67022
93	k79_38338
93	k79_6385
93	k79_36690
93	k79_93677
93	k79_33046
93	k79_23267
93	k79_93863
93	k79_15254
93	k79_95202
93	k79_38158
93	k79_55891
93	k79_53526
93	k79_79194
93	k79_91572
93	k79_23171
93	k79_32152
93	k79_93574
93	k79_51181
93	k79_63032
93	k79_65513
93	k79_16040
93	k79_59007
93	k79_311
93	k79_15970
93	k79_65684
93	k79_76811
93	k79_89642
93	k79_64025
93	k79_3853
93	k79_51986
93	k79_53819
93	k79_92928
93	k79_24407
93	k79_73822
93	k79_16080
93	k79_44734
93	k79_65786
93	k79_56069
93	k79_45550
93	k79_1682
93	k79_73693
93	k79_74571
93	k79_75796
93	k79_92283
93	k79_30008
93	k79_114
93	k79_50397
93	k79_32468
93	k79_47477
93	k79_14630
93	k79_15511
93	k79_80746
93	k79_81759
93	k79_91277
93	k79_43700
93	k79_59311
93	k79_48340
93	k79_13586
93	k79_78229
93	k79_36278
93	k79_18902
93	k79_16809
93	k79_43894
93	k79_62854
93	k79_60346
93	k79_86856
93	k79_46882
93	k79_14945
93	k79_54420
93	k79_59978
93	k79_23486
93	k79_16304
93	k79_2402
93	k79_55260
93	k79_61666
93	k79_35963
93	k79_53969
93	k79_38354
93	k79_8588
93	k79_22451
93	k79_47849
93	k79_45043
93	k79_53444
93	k79_56422
93	k79_55117
93	k79_89859
93	k79_7821
93	k79_10064
93	k79_4899
93	k79_95006
93	k79_73674
93	k79_75327
93	k79_40522
93	k79_16737
93	k79_64926
93	k79_78852
93	k79_12534
93	k79_20451
93	k79_86188
93	k79_50718
93	k79_12780
93	k79_17945
93	k79_38215
93	k79_8347
93	k79_46433
93	k79_26316
93	k79_19556
93	k79_14563
93	k79_6854
93	k79_89873
93	k79_35326
93	k79_10885
93	k79_30948
93	k79_86308
93	k79_86512
93	k79_65609
93	k79_32567
93	k79_75591
93	k79_44511
93	k79_26268
93	k79_89961
93	k79_15291
93	k79_42620
93	k79_84624
93	k79_28017
93	k79_87846
93	k79_34946
93	k79_86998
93	k79_37921
93	k79_41756
93	k79_27260
93	k79_56514
93	k79_23618
93	k79_36655
93	k79_76370
93	k79_84846
93	k79_25094
93	k79_69243
93	k79_58403
93	k79_80993
93	k79_71628
93	k79_2563
93	k79_90095
93	k79_40678
93	k79_61657
93	k79_14457
93	k79_22071
93	k79_73287
93	k79_414
93	k79_68999
93	k79_48864
93	k79_9114
93	k79_35272
93	k79_33337
93	k79_2709
93	k79_82407
93	k79_64575
93	k79_4347
93	k79_48496
93	k79_94494
93	k79_15641
93	k79_80975
93	k79_51639
93	k79_4570
93	k79_6175
93	k79_61556
93	k79_54373
93	k79_84149
93	k79_85653
93	k79_74135
93	k79_25020
93	k79_3223
93	k79_43434
93	k79_90986
93	k79_23105
93	k79_68111
93	k79_89547
93	k79_88225
93	k79_79146
93	k79_95591
93	k79_79337
93	k79_63351
93	k79_18565
93	k79_51254
93	k79_39216
93	k79_11643
93	k79_84992
93	k79_75509
93	k79_8592
93	k79_68066
93	k79_87906
93	k79_25945
93	k79_6887
93	k79_46717
93	k79_5628
93	k79_344
93	k79_74620
93	k79_1270
93	k79_42327
93	k79_1846
93	k79_52554
93	k79_28748
93	k79_49781
93	k79_60926
93	k79_12843
93	k79_32153
93	k79_26116
93	k79_24314
93	k79_58271
93	k79_24373
93	k79_201
93	k79_59696
93	k79_13558
93	k79_93663
93	k79_70706
93	k79_30344
93	k79_64972
93	k79_50667
93	k79_6003
93	k79_22148
93	k79_23113
93	k79_15260
93	k79_26009
93	k79_27089
93	k79_1973
93	k79_94259
93	k79_60205
93	k79_88167
93	k79_13176
93	k79_8327
93	k79_64014
93	k79_66833
93	k79_87664
93	k79_19254
93	k79_735
93	k79_17445
93	k79_32597
93	k79_42230
93	k79_33083
93	k79_59026
93	k79_69748
93	k79_50459
93	k79_4556
93	k79_93656
93	k79_79605
93	k79_94574
93	k79_9162
93	k79_87721
93	k79_78227
93	k79_80960
93	k79_10356
93	k79_81920
93	k79_90416
93	k79_88791
93	k79_7844
93	k79_95471
93	k79_76839
93	k79_35238
93	k79_53166
93	k79_24496
93	k79_81845
93	k79_8218
93	k79_51511
93	k79_89712
94	k79_28188
95	k79_74153
96	k79_36196
97	k79_38134
98	k79_69020
98	k79_44558
98	k79_19938
98	k79_83586
99	k79_6782
99	k79_22056
100	k79_64667
100	k79_59157
100	k79_33062
100	k79_41004
100	k79_91292
100	k79_22128
100	k79_1577
100	k79_20616
100	k79_20661
100	k79_67240
100	k79_33522
100	k79_79540
100	k79_72941
100	k79_48416
100	k79_79162
100	k79_6279
100	k79_47653
100	k79_35921
101	k79_51598
102	k79_88544
102	k79_52125
102	k79_23130
102	k79_77268
102	k79_33583
102	k79_8374
102	k79_3864
102	k79_25346
102	k79_688
102	k79_38077
102	k79_91963
102	k79_39558
102	k79_28164
102	k79_436
102	k79_33847
102	k79_40845
102	k79_80400
102	k79_4191
102	k79_2193
102	k79_50664
102	k79_52974
102	k79_46164
102	k79_5618
102	k79_48236
102	k79_15228
102	k79_75514
102	k79_88483
102	k79_25018
102	k79_49158
102	k79_79643
102	k79_19015
102	k79_37293
102	k79_92960
102	k79_91664
102	k79_34766
102	k79_73279
102	k79_10725
102	k79_62578
102	k79_67923
102	k79_22198
102	k79_45234
102	k79_80284
102	k79_60547
102	k79_88002
102	k79_55365
102	k79_68195
102	k79_29361
102	k79_17417
102	k79_3722
102	k79_72693
102	k79_25274
102	k79_34422
102	k79_40620
102	k79_1564
102	k79_20408
102	k79_26843
102	k79_93412
102	k79_10934
102	k79_20456
102	k79_28335
102	k79_80269
102	k79_3461
102	k79_10313
103	k79_83496
104	k79_75129
105	k79_48613
105	k79_4208
105	k79_30562
105	k79_26948
105	k79_27573
105	k79_25381
105	k79_47075
105	k79_47789
105	k79_12426
105	k79_37549
105	k79_24924
105	k79_75058
105	k79_85107
105	k79_90457
106	k79_31202
107	k79_79582
108	k79_48540
109	k79_49189
109	k79_56535
109	k79_37694
110	k79_29065
111	k79_53244
111	k79_6603
112	k79_74399
113	k79_43888
114	k79_3710
115	k79_65304
116	k79_39197
116	k79_53071
116	k79_46119
116	k79_92752
116	k79_6250
116	k79_32165
116	k79_53753
116	k79_11555
116	k79_52913
116	k79_56365
116	k79_33349
116	k79_74325
116	k79_46877
116	k79_95364
116	k79_16828
116	k79_22221
116	k79_81120
116	k79_50463
116	k79_85274
116	k79_29295
116	k79_18553
116	k79_91013
116	k79_70380
116	k79_4189
116	k79_53176
116	k79_94134
116	k79_51480
116	k79_48764
116	k79_92548
116	k79_20688
116	k79_71736
116	k79_65770
116	k79_8424
116	k79_54787
116	k79_54617
116	k79_85270
116	k79_41443
116	k79_20604
116	k79_42900
116	k79_66849
116	k79_84096
116	k79_33889
116	k79_36722
116	k79_69667
116	k79_50435
116	k79_83560
116	k79_60383
116	k79_47115
116	k79_875
116	k79_50101
116	k79_10028
116	k79_61144
116	k79_3224
116	k79_4010
116	k79_85099
116	k79_41637
116	k79_61502
116	k79_38167
116	k79_85324
116	k79_94550
116	k79_69495
116	k79_43551
116	k79_23303
116	k79_12106
116	k79_91266
116	k79_79306
116	k79_69739
116	k79_35819
116	k79_45928
116	k79_57714
116	k79_25809
116	k79_10296
116	k79_39381
116	k79_80475
116	k79_63370
116	k79_33855
116	k79_23791
116	k79_75716
116	k79_56169
116	k79_36832
116	k79_73601
116	k79_80112
116	k79_84546
116	k79_75121
116	k79_9753
116	k79_43689
116	k79_78616
116	k79_35718
116	k79_6238
116	k79_8434
117	k79_53460
118	k79_53192
119	k79_70606
120	k79_82447
121	k79_2768
122	k79_14168
123	k79_78869
124	k79_44660
125	k79_45088
126	k79_90039
126	k79_31813
126	k79_3634
126	k79_31563
126	k79_13295
126	k79_87607
126	k79_1771
126	k79_37155
126	k79_43559
126	k79_9253
126	k79_4322
126	k79_21708
126	k79_85791
126	k79_12076
126	k79_62815
126	k79_47987
126	k79_44296
126	k79_18785
126	k79_13265
126	k79_16706
126	k79_91232
126	k79_31363
126	k79_14581
126	k79_31438
126	k79_13862
126	k79_62880
126	k79_75079
126	k79_60804
126	k79_94792
126	k79_7666
126	k79_23762
126	k79_45361
126	k79_35868
126	k79_12537
126	k79_22389
126	k79_47916
126	k79_45121
126	k79_33603
126	k79_67348
126	k79_9341
126	k79_52093
126	k79_36413
126	k79_94735
126	k79_95455
126	k79_49463
126	k79_39498
126	k79_74713
126	k79_2850
126	k79_87867
126	k79_27707
126	k79_21692
126	k79_23753
126	k79_42528
126	k79_86129
126	k79_59027
126	k79_16971
126	k79_62233
126	k79_9315
126	k79_3192
126	k79_55063
126	k79_7759
126	k79_90647
126	k79_6438
126	k79_76906
126	k79_37300
126	k79_1701
126	k79_63995
126	k79_16382
126	k79_41398
126	k79_14128
126	k79_13368
126	k79_50344
126	k79_63611
126	k79_70280
126	k79_28462
126	k79_89854
126	k79_59348
126	k79_52128
126	k79_34631
126	k79_93942
126	k79_66711
126	k79_23970
126	k79_74071
126	k79_69594
126	k79_61705
126	k79_88404
126	k79_90003
126	k79_71348
126	k79_92364
126	k79_63418
126	k79_49871
126	k79_25486
126	k79_5470
126	k79_89930
126	k79_21544
126	k79_18963
126	k79_68003
126	k79_58190
126	k79_36717
126	k79_66325
126	k79_33298
127	k79_71168
128	k79_41078
129	k79_79000
129	k79_75911
129	k79_54712
129	k79_32736
129	k79_80444
129	k79_15810
129	k79_34415
129	k79_36390
129	k79_17301
129	k79_5634
129	k79_49048
129	k79_42531
130	k79_77819
131	k79_67234
132	k79_52560
133	k79_22329
134	k79_1410
135	k79_13007
136	k79_11158
137	k79_5539
138	k79_9898
139	k79_7772
139	k79_13774
139	k79_31609
139	k79_32240
139	k79_6486
139	k79_46240
139	k79_56227
139	k79_35342
140	k79_9882
141	k79_81162
141	k79_63232
141	k79_17774
141	k79_51429
141	k79_35776
141	k79_66639
141	k79_55244
141	k79_20536
141	k79_12923
141	k79_34803
141	k79_93652
141	k79_8782
141	k79_8422
141	k79_43251
141	k79_45938
141	k79_75413
141	k79_8521
141	k79_26847
141	k79_73501
141	k79_12580
141	k79_74203
141	k79_10771
141	k79_33310
141	k79_48111
141	k79_89409
141	k79_50079
141	k79_79704
141	k79_55696
142	k79_63144
143	k79_88274
143	k79_76913
144	k79_7393
145	k79_43144
146	k79_19721
147	k79_51489
148	k79_69660
149	k79_1396
150	k79_76965
151	k79_32404
152	k79_93637
153	k79_77276
154	k79_75057
154	k79_2263
155	k79_91615
156	k79_68218
157	k79_3264
157	k79_29024
157	k79_24493
157	k79_94893
157	k79_41296
157	k79_3736
157	k79_57279
157	k79_70340
157	k79_30463
157	k79_79800
157	k79_58125
157	k79_10007
157	k79_53300
157	k79_32747
157	k79_67606
157	k79_60581
157	k79_19151
157	k79_22086
157	k79_36010
157	k79_23039
157	k79_78334
157	k79_10445
157	k79_59123
157	k79_93187
157	k79_53153
157	k79_1449
157	k79_12788
158	k79_540
159	k79_32855
160	k79_39866
161	k79_89103
162	k79_64931
163	k79_64933
164	k79_45901
165	k79_22007
166	k79_81422
167	k79_30698
168	k79_55646
168	k79_89036
168	k79_55327
168	k79_44916
169	k79_78455
169	k79_8491
170	k79_79046
171	k79_80188
172	k79_69323
173	k79_42253
174	k79_65133
175	k79_89694
176	k79_79994
176	k79_2067
176	k79_21848
176	k79_35880
176	k79_36130
176	k79_71831
176	k79_43400
176	k79_26873
176	k79_30544
176	k79_61427
176	k79_44393
176	k79_77321
176	k79_95346
176	k79_64628
176	k79_74434
176	k79_82895
176	k79_66925
176	k79_44405
176	k79_95093
176	k79_17222
176	k79_2995
176	k79_65769
176	k79_18399
176	k79_72978
176	k79_20550
176	k79_68830
176	k79_27541
176	k79_2705
176	k79_79880
176	k79_69509
176	k79_7280
176	k79_73217
176	k79_45401
176	k79_678
176	k79_5069
176	k79_48776
176	k79_14848
176	k79_4399
176	k79_58789
176	k79_61124
176	k79_23184
176	k79_75078
176	k79_44571
176	k79_68299
176	k79_83783
176	k79_26362
176	k79_4310
176	k79_3539
176	k79_90051
176	k79_20306
176	k79_35214
176	k79_18326
176	k79_23984
176	k79_62810
176	k79_52854
176	k79_31060
176	k79_76746
176	k79_24623
176	k79_29617
176	k79_93137
176	k79_26108
176	k79_40485
176	k79_65697
176	k79_71555
176	k79_68388
176	k79_95464
176	k79_65477
176	k79_45033
176	k79_65879
176	k79_60150
176	k79_25555
176	k79_95187
176	k79_41468
176	k79_52602
176	k79_82596
176	k79_83159
176	k79_13669
176	k79_21858
176	k79_25029
176	k79_26557
176	k79_95631
176	k79_83426
176	k79_86042
176	k79_72591
176	k79_91711
176	k79_6975
176	k79_2125
176	k79_53876
176	k79_10475
176	k79_78260
176	k79_67438
176	k79_18139
176	k79_58231
176	k79_37968
176	k79_46973
176	k79_66053
176	k79_7878
176	k79_64495
176	k79_78809
176	k79_18972
176	k79_36943
176	k79_83001
176	k79_93469
176	k79_22935
176	k79_61269
176	k79_79706
176	k79_24464
176	k79_90887
176	k79_360
176	k79_6828
176	k79_96369
176	k79_36237
176	k79_46341
176	k79_64622
176	k79_986
176	k79_32684
176	k79_91085
176	k79_37018
176	k79_88029
176	k79_15565
176	k79_46067
176	k79_83217
176	k79_9458
176	k79_57059
176	k79_1311
176	k79_93333
176	k79_33916
176	k79_92696
176	k79_90964
176	k79_80323
176	k79_6212
176	k79_10379
176	k79_20811
176	k79_75776
176	k79_19267
176	k79_46336
177	k79_30303
178	k79_63564
179	k79_50705
180	k79_13562
181	k79_72812
181	k79_14545
181	k79_10628
182	k79_30171
182	k79_72855
182	k79_40125
182	k79_12644
182	k79_91111
182	k79_46946
182	k79_65817
182	k79_38232
182	k79_39593
182	k79_2271
182	k79_15533
182	k79_53795
182	k79_90901
182	k79_22209
182	k79_575
182	k79_95027
182	k79_26729
183	k79_16674
184	k79_5625
184	k79_61127
184	k79_82056
184	k79_92046
184	k79_55431
184	k79_38619
184	k79_65808
184	k79_91450
184	k79_2188
184	k79_14733
184	k79_37338
184	k79_91281
184	k79_2459
184	k79_87537
184	k79_68172
184	k79_62658
184	k79_47649
184	k79_81409
184	k79_33082
184	k79_93456
184	k79_74764
184	k79_76368
184	k79_61045
184	k79_48978
184	k79_1306
184	k79_94742
184	k79_41723
184	k79_37543
184	k79_88315
184	k79_52201
184	k79_37051
184	k79_60655
184	k79_56781
184	k79_79466
185	k79_49774
185	k79_20664
185	k79_23193
185	k79_28328
185	k79_12548
185	k79_71114
185	k79_5353
185	k79_44114
185	k79_91348
185	k79_13545
185	k79_2959
185	k79_46837
185	k79_14961
185	k79_60952
185	k79_3097
185	k79_2801
185	k79_66664
185	k79_643
185	k79_75300
185	k79_31948
185	k79_2083
185	k79_66224
185	k79_79131
185	k79_54276
185	k79_89068
185	k79_31730
185	k79_8040
185	k79_56982
185	k79_7456
185	k79_840
185	k79_31187
185	k79_66930
185	k79_46036
185	k79_10248
185	k79_6178
185	k79_56548
185	k79_81936
185	k79_93006
185	k79_44377
185	k79_12301
185	k79_82967
185	k79_87806
185	k79_29744
186	k79_38737
186	k79_72117
186	k79_28101
186	k79_83826
186	k79_75790
186	k79_9803
186	k79_18161
186	k79_69434
186	k79_5469
186	k79_19717
186	k79_6706
186	k79_53991
186	k79_6957
186	k79_24176
186	k79_2799
186	k79_51500
186	k79_39951
186	k79_54578
186	k79_40206
186	k79_2231
186	k79_78572
186	k79_25925
186	k79_93742
186	k79_12239
186	k79_88786
187	k79_67414
187	k79_68010
188	k79_90865
188	k79_61897
188	k79_64422
188	k79_1293
188	k79_30745
188	k79_60998
189	k79_23329
189	k79_9280
189	k79_84825
189	k79_49088
190	k79_62074
190	k79_65532
190	k79_198
190	k79_3480
190	k79_51676
190	k79_12557
190	k79_26224
190	k79_2713
190	k79_69985
190	k79_50950
190	k79_47247
190	k79_8828
190	k79_57291
190	k79_4107
190	k79_10185
190	k79_11266
190	k79_32574
190	k79_49112
190	k79_16763
190	k79_9347
190	k79_62287
190	k79_92241
190	k79_86013
190	k79_30356
190	k79_9708
190	k79_28800
190	k79_46324
190	k79_85143
190	k79_35726
190	k79_1119
190	k79_59931
190	k79_41927
190	k79_84480
190	k79_4300
190	k79_2493
190	k79_73691
190	k79_31571
190	k79_61917
190	k79_14212
190	k79_19423
190	k79_66406
190	k79_49611
190	k79_15210
190	k79_78954
190	k79_65596
190	k79_49808
190	k79_60505
190	k79_76166
190	k79_59482
190	k79_35300
190	k79_20611
190	k79_66409
190	k79_88688
190	k79_58058
190	k79_69868
190	k79_39060
190	k79_59226
190	k79_35639
190	k79_52947
190	k79_23561
190	k79_74580
190	k79_13731
190	k79_2308
190	k79_93145
190	k79_82591
190	k79_84664
190	k79_93661
190	k79_70791
190	k79_40776
190	k79_18057
190	k79_68974
190	k79_47905
190	k79_8707
190	k79_34588
190	k79_6472
190	k79_53707
190	k79_14569
190	k79_81431
190	k79_31711
190	k79_42431
190	k79_76812
190	k79_55786
190	k79_63638
190	k79_27725
190	k79_32503
190	k79_42703
190	k79_16169
190	k79_76826
190	k79_41543
190	k79_78917
190	k79_38676
190	k79_20771
190	k79_83964
190	k79_36575
190	k79_56888
190	k79_11660
190	k79_61397
190	k79_89225
190	k79_28920
190	k79_54422
190	k79_38280
190	k79_27860
190	k79_40170
190	k79_85227
190	k79_76439
190	k79_3038
190	k79_92182
190	k79_88119
190	k79_37724
190	k79_51689
190	k79_94309
190	k79_95685
190	k79_28373
190	k79_5196
190	k79_77364
190	k79_94920
190	k79_6789
190	k79_6009
190	k79_71082
190	k79_13474
190	k79_5731
190	k79_39911
190	k79_30637
190	k79_52173
190	k79_64762
190	k79_49962
190	k79_92553
190	k79_32623
190	k79_90046
190	k79_34057
190	k79_74665
190	k79_60653
190	k79_12544
190	k79_12330
190	k79_63909
190	k79_90436
190	k79_4536
190	k79_44989
191	k79_58554
191	k79_22251
191	k79_40122
191	k79_55879
191	k79_94376
191	k79_13376
191	k79_65968
191	k79_49251
191	k79_3818
192	k79_28028
192	k79_84748
192	k79_82942
192	k79_35444
192	k79_37898
192	k79_15860
192	k79_70408
192	k79_91199
192	k79_31247
192	k79_17468
192	k79_13402
192	k79_3236
192	k79_2491
192	k79_55053
192	k79_29188
192	k79_26556
192	k79_17991
192	k79_73548
192	k79_87965
192	k79_6259
192	k79_36770
192	k79_15286
192	k79_13898
192	k79_63651
192	k79_14086
192	k79_45348
192	k79_66221
192	k79_62359
192	k79_95816
192	k79_51114
192	k79_61234
192	k79_21749
192	k79_54353
192	k79_76495
192	k79_80098
192	k79_57824
192	k79_81986
192	k79_1263
192	k79_87000
192	k79_57416
192	k79_2857
192	k79_81751
192	k79_51653
192	k79_83509
192	k79_79377
192	k79_35280
192	k79_881
192	k79_35694
192	k79_83707
192	k79_81028
192	k79_79292
192	k79_39343
192	k79_15156
192	k79_88625
192	k79_9560
192	k79_95614
192	k79_10446
192	k79_42455
192	k79_41268
192	k79_78685
192	k79_88078
192	k79_78244
192	k79_8263
192	k79_7114
192	k79_32922
192	k79_89270
192	k79_76153
192	k79_8820
192	k79_22219
192	k79_2919
192	k79_75730
192	k79_86254
192	k79_36418
192	k79_71565
192	k79_72175
192	k79_93528
192	k79_29190
192	k79_51941
192	k79_4409
192	k79_72122
192	k79_72714
192	k79_1630
192	k79_20256
192	k79_40577
192	k79_81104
192	k79_14208
192	k79_85198
192	k79_50016
192	k79_18143
192	k79_32666
192	k79_37590
192	k79_43696
192	k79_35145
192	k79_35993
192	k79_69331
192	k79_35860
192	k79_44760
192	k79_12086
192	k79_22240
192	k79_24006
192	k79_55154
192	k79_9931
192	k79_31798
192	k79_8016
192	k79_28811
192	k79_35181
192	k79_11022
192	k79_17
192	k79_40665
192	k79_54966
192	k79_85730
192	k79_43798
192	k79_56597
192	k79_23597
192	k79_16708
192	k79_30764
192	k79_12080
192	k79_80264
192	k79_91308
192	k79_954
192	k79_42170
192	k79_80571
192	k79_35484
192	k79_31308
192	k79_32171
192	k79_70418
192	k79_60927
192	k79_28532
192	k79_23888
192	k79_32748
192	k79_90158
192	k79_13681
192	k79_65797
192	k79_80281
192	k79_12294
192	k79_61326
192	k79_75533
192	k79_15493
192	k79_89471
192	k79_81434
192	k79_41315
192	k79_5280
192	k79_72891
192	k79_5452
192	k79_61992
192	k79_90208
192	k79_77617
192	k79_15763
192	k79_62700
192	k79_68872
192	k79_21623
192	k79_55635
192	k79_2596
192	k79_72264
192	k79_69779
192	k79_36578
192	k79_14245
192	k79_7181
192	k79_80779
192	k79_81384
192	k79_65368
192	k79_24565
192	k79_41064
192	k79_18740
192	k79_64999
192	k79_41195
192	k79_52136
192	k79_13791
192	k79_7253
192	k79_333
192	k79_76756
192	k79_93109
192	k79_62092
192	k79_83345
192	k79_39021
192	k79_59756
192	k79_67538
192	k79_78763
192	k79_94270
192	k79_7409
192	k79_59274
192	k79_44615
192	k79_9875
192	k79_42492
192	k79_44495
192	k79_95664
192	k79_49093
192	k79_4568
192	k79_56755
192	k79_893
192	k79_90393
192	k79_61172
192	k79_27511
192	k79_85581
192	k79_86788
192	k79_79137
192	k79_96245
192	k79_25597
192	k79_26033
192	k79_13592
192	k79_48967
192	k79_51395
192	k79_72511
192	k79_87058
192	k79_40503
192	k79_63554
192	k79_95824
192	k79_77331
192	k79_44367
192	k79_35777
192	k79_26332
192	k79_20004
192	k79_49380
192	k79_8048
192	k79_32023
192	k79_86802
192	k79_74744
192	k79_52598
192	k79_4324
192	k79_64891
192	k79_32883
192	k79_27249
192	k79_48188
192	k79_71417
192	k79_66918
192	k79_88948
192	k79_49411
192	k79_57527
192	k79_29751
192	k79_15801
192	k79_41518
192	k79_55707
192	k79_14572
192	k79_90223
192	k79_47291
192	k79_71438
192	k79_13624
192	k79_81119
192	k79_59855
192	k79_60004
192	k79_13625
192	k79_81696
192	k79_19580
192	k79_50868
192	k79_22093
192	k79_41779
192	k79_94831
192	k79_90959
192	k79_22751
192	k79_29287
192	k79_69677
192	k79_20218
192	k79_61421
192	k79_55389
192	k79_74517
192	k79_62053
192	k79_55309
192	k79_90429
192	k79_3551
192	k79_56351
192	k79_46926
192	k79_48501
192	k79_65528
192	k79_65504
192	k79_30583
192	k79_32196
192	k79_85668
192	k79_23336
192	k79_50347
192	k79_28054
192	k79_42002
192	k79_37195
192	k79_66496
192	k79_13675
192	k79_81452
192	k79_45366
192	k79_92107
192	k79_17818
192	k79_455
192	k79_51290
192	k79_81413
192	k79_28788
192	k79_23587
192	k79_336
192	k79_46212
192	k79_57217
192	k79_89259
192	k79_71929
192	k79_23820
192	k79_68064
192	k79_74069
192	k79_85192
192	k79_23456
192	k79_74590
192	k79_15120
192	k79_36183
192	k79_83323
192	k79_44439
192	k79_84856
192	k79_47720
192	k79_43511
192	k79_16402
192	k79_74241
192	k79_7980
192	k79_44700
192	k79_84507
192	k79_12156
192	k79_80946
192	k79_7956
192	k79_43328
192	k79_5485
192	k79_38977
192	k79_57891
192	k79_63625
192	k79_19867
192	k79_55572
192	k79_74826
192	k79_64410
192	k79_11809
192	k79_14534
192	k79_80268
192	k79_21552
192	k79_2509
192	k79_43422
192	k79_45903
192	k79_18597
192	k79_12124
192	k79_63111
192	k79_14993
192	k79_51373
192	k79_73536
192	k79_49829
192	k79_72388
192	k79_4530
192	k79_86056
192	k79_95606
192	k79_78072
192	k79_3004
192	k79_68161
192	k79_15438
192	k79_11066
192	k79_74959
192	k79_31038
192	k79_12413
192	k79_52678
192	k79_8161
192	k79_36681
192	k79_51796
192	k79_95886
192	k79_31541
192	k79_70993
192	k79_80273
192	k79_3653
192	k79_84928
192	k79_84256
192	k79_1608
192	k79_62562
192	k79_17193
192	k79_95794
192	k79_54328
192	k79_14052
192	k79_65946
192	k79_20950
192	k79_58908
192	k79_12144
192	k79_35673
192	k79_63149
192	k79_15376
192	k79_5709
192	k79_10650
192	k79_28673
192	k79_32121
192	k79_14942
192	k79_38706
192	k79_29671
192	k79_45529
192	k79_37143
192	k79_66315
192	k79_24264
192	k79_52188
192	k79_23399
192	k79_37283
192	k79_90027
192	k79_56224
192	k79_30744
192	k79_91032
192	k79_39180
192	k79_40591
192	k79_35457
192	k79_1928
192	k79_84615
192	k79_30898
192	k79_10954
192	k79_27752
192	k79_59367
192	k79_36525
192	k79_40955
192	k79_18562
192	k79_70971
192	k79_23894
192	k79_5057
192	k79_18260
192	k79_79871
192	k79_62242
192	k79_92744
192	k79_50001
192	k79_85460
192	k79_60955
192	k79_44601
192	k79_66853
192	k79_10720
192	k79_41081
192	k79_20683
192	k79_6130
192	k79_54092
192	k79_14431
192	k79_72792
192	k79_53030
192	k79_52700
192	k79_70920
192	k79_40653
192	k79_87314
192	k79_24986
192	k79_72885
192	k79_90224
192	k79_71874
192	k79_75172
192	k79_38127
192	k79_21458
192	k79_374
192	k79_47517
192	k79_67059
192	k79_6518
192	k79_32593
192	k79_13925
192	k79_72750
192	k79_57072
192	k79_24027
192	k79_12961
192	k79_72558
192	k79_38999
192	k79_87924
192	k79_71428
192	k79_11666
192	k79_65896
192	k79_79858
192	k79_11359
192	k79_25688
192	k79_31459
192	k79_31319
192	k79_63794
192	k79_1524
192	k79_67158
192	k79_8329
192	k79_50923
192	k79_55773
192	k79_47612
192	k79_45224
192	k79_6363
192	k79_51437
192	k79_67258
192	k79_23603
192	k79_11240
192	k79_34040
192	k79_62584
192	k79_31428
192	k79_14237
192	k79_55556
192	k79_4992
192	k79_44082
192	k79_69368
192	k79_65382
192	k79_62079
192	k79_74402
192	k79_59316
193	k79_5394
193	k79_26056
193	k79_61285
193	k79_29189
193	k79_43490
193	k79_17322
194	k79_14191
194	k79_50156
194	k79_37561
194	k79_12189
194	k79_27448
194	k79_51200
194	k79_25755
194	k79_37530
194	k79_12542
194	k79_52247
194	k79_77792
194	k79_3808
194	k79_70650
195	k79_1545
195	k79_34938
195	k79_42828
195	k79_76186
195	k79_51650
195	k79_86987
195	k79_78335
195	k79_29076
195	k79_67077
195	k79_45328
195	k79_18395
195	k79_23617
195	k79_33061
195	k79_11610
195	k79_70569
195	k79_40922
195	k79_24261
195	k79_68243
195	k79_92560
195	k79_8205
195	k79_36153
195	k79_84493
195	k79_2133
195	k79_23443
195	k79_14888
195	k79_30062
195	k79_20410
195	k79_62774
195	k79_13266
195	k79_8171
195	k79_33660
195	k79_93987
195	k79_45812
195	k79_66002
195	k79_7309
195	k79_14973
196	k79_66174
196	k79_86259
196	k79_6308
196	k79_96394
196	k79_3918
197	k79_83938
197	k79_9491
197	k79_58028
197	k79_14623
197	k79_53193
197	k79_82542
197	k79_10201
197	k79_12019
197	k79_28139
197	k79_64438
198	k79_16412
198	k79_25173
198	k79_73227
198	k79_85433
198	k79_96152
198	k79_67478
199	k79_26727
199	k79_12818
199	k79_47030
199	k79_61331
199	k79_76635
199	k79_85212
199	k79_59270
199	k79_14362
199	k79_51104
199	k79_58395
199	k79_38521
199	k79_13226
200	k79_84334
200	k79_60380
200	k79_72994
200	k79_25821
200	k79_56236
200	k79_15445
201	k79_91771
201	k79_86918
201	k79_50899
201	k79_34885
201	k79_27250
201	k79_44159
201	k79_38887
201	k79_75860
201	k79_58288
201	k79_77296
201	k79_10644
201	k79_63173
201	k79_31100
201	k79_30450
201	k79_26653
201	k79_23391
201	k79_61555
201	k79_65178
201	k79_45297
201	k79_65279
201	k79_36630
201	k79_34639
201	k79_87757
201	k79_40092
201	k79_74985
201	k79_56858
201	k79_63797
201	k79_34484
201	k79_66113
201	k79_76319
201	k79_70014
201	k79_83740
201	k79_563
201	k79_35841
201	k79_25456
201	k79_85123
201	k79_54075
201	k79_20380
201	k79_52199
201	k79_21984
201	k79_93603
201	k79_88537
201	k79_35711
201	k79_76381
201	k79_94559
201	k79_46264
202	k79_40017
203	k79_74518
203	k79_52535
203	k79_64959
203	k79_12604
203	k79_85530
203	k79_18140
203	k79_56835
203	k79_47358
203	k79_46408
203	k79_49035
203	k79_3614
203	k79_56753
203	k79_69208
203	k79_72995
203	k79_86189
203	k79_54360
203	k79_48544
203	k79_83604
203	k79_34140
203	k79_77662
203	k79_29484
203	k79_93491
203	k79_43674
203	k79_22717
203	k79_10461
203	k79_10383
203	k79_33453
203	k79_36583
203	k79_88814
203	k79_12975
203	k79_11233
203	k79_48571
203	k79_4323
203	k79_32924
203	k79_18592
203	k79_8626
203	k79_74362
204	k79_60494
204	k79_45237
204	k79_92896
204	k79_9384
205	k79_53845
205	k79_43035
205	k79_96144
205	k79_202
205	k79_95522
205	k79_90755
205	k79_62934
205	k79_53022
205	k79_29795
205	k79_31076
205	k79_84676
205	k79_19047
205	k79_51035
205	k79_26137
205	k79_76146
205	k79_38068
206	k79_75830
207	k79_1269
207	k79_43366
208	k79_58252
208	k79_66573
208	k79_20970
208	k79_31087
208	k79_78904
208	k79_55057
208	k79_58202
208	k79_46302
208	k79_94178
208	k79_72947
208	k79_79698
208	k79_58533
208	k79_26923
208	k79_39819
208	k79_3342
208	k79_50019
208	k79_69802
208	k79_57916
208	k79_40209
208	k79_82189
208	k79_44460
208	k79_67974
208	k79_27441
208	k79_88479
208	k79_42007
208	k79_64254
208	k79_15267
208	k79_41425
209	k79_86919
209	k79_10189
209	k79_23316
209	k79_84444
209	k79_53066
210	k79_40456
210	k79_54570
210	k79_25003
210	k79_23953
210	k79_92750
210	k79_52782
210	k79_95386
210	k79_63504
210	k79_13335
210	k79_79929
210	k79_42546
210	k79_25765
210	k79_40562
210	k79_88522
210	k79_50011
210	k79_38298
210	k79_67705
210	k79_38399
210	k79_64830
210	k79_3917
210	k79_65018
210	k79_22125
210	k79_37894
210	k79_93927
210	k79_90971
210	k79_5409
210	k79_68969
210	k79_92082
210	k79_8157
210	k79_31289
210	k79_43246
210	k79_49868
210	k79_38863
210	k79_45498
210	k79_61250
210	k79_5918
210	k79_85669
210	k79_78983
210	k79_72726
210	k79_51809
210	k79_15707
210	k79_89729
210	k79_90302
210	k79_42726
210	k79_16831
210	k79_45995
210	k79_38111
211	k79_93989
211	k79_49327
212	k79_34873
213	k79_28343
213	k79_91004
213	k79_28515
214	k79_54744
214	k79_914
215	k79_83704
215	k79_1991
215	k79_78860
215	k79_51736
215	k79_7732
215	k79_44247
215	k79_28772
215	k79_1246
215	k79_60459
216	k79_31984
216	k79_85028
216	k79_25659
217	k79_13258
217	k79_25233
217	k79_62850
217	k79_33497
217	k79_56887
217	k79_7473
217	k79_10738
217	k79_52545
217	k79_37185
217	k79_75520
217	k79_66558
217	k79_43839
217	k79_46255
217	k79_18604
217	k79_76765
217	k79_46073
217	k79_40173
217	k79_60537
217	k79_2048
217	k79_88713
217	k79_73609
217	k79_87380
217	k79_76123
217	k79_3150
217	k79_89078
217	k79_18186
217	k79_43195
217	k79_78079
217	k79_69817
217	k79_47336
217	k79_94541
217	k79_23327
217	k79_49565
217	k79_21498
217	k79_35216
217	k79_27370
217	k79_18532
217	k79_74390
217	k79_29632
217	k79_92394
217	k79_57598
217	k79_28636
217	k79_92966
217	k79_56863
217	k79_61610
217	k79_80459
217	k79_69078
217	k79_27026
217	k79_29690
217	k79_56803
217	k79_50984
217	k79_18990
217	k79_51984
217	k79_12257
217	k79_26634
217	k79_50922
217	k79_28910
217	k79_93423
217	k79_43860
217	k79_45742
217	k79_18242
217	k79_71843
217	k79_89458
217	k79_83490
217	k79_35871
217	k79_8528
217	k79_31677
217	k79_44870
217	k79_33803
217	k79_50275
217	k79_87930
217	k79_19004
217	k79_20648
217	k79_45563
218	k79_87474
219	k79_63181
219	k79_7328
220	k79_85296
221	k79_19869
221	k79_68618
222	k79_18926
222	k79_55912
223	k79_9846
223	k79_25398
223	k79_62227
223	k79_39099
223	k79_44668
223	k79_59965
223	k79_60566
223	k79_26095
223	k79_15973
223	k79_22312
223	k79_14152
223	k79_46192
223	k79_6577
223	k79_74098
223	k79_71210
223	k79_34735
223	k79_89680
223	k79_62381
223	k79_61173
223	k79_96363
223	k79_45407
223	k79_61925
223	k79_32143
223	k79_59296
223	k79_63618
224	k79_83161
224	k79_28278
224	k79_85708
224	k79_43221
224	k79_21482
224	k79_73040
224	k79_34477
224	k79_89313
224	k79_87004
224	k79_63342
224	k79_72405
224	k79_48562
224	k79_61332
224	k79_50308
224	k79_3371
224	k79_55634
224	k79_94856
224	k79_86270
224	k79_75426
224	k79_14655
224	k79_21845
224	k79_65460
224	k79_28330
224	k79_24093
224	k79_94112
224	k79_95841
224	k79_68966
224	k79_68562
224	k79_96131
224	k79_43411
224	k79_54481
224	k79_70334
224	k79_61065
224	k79_86840
224	k79_51396
224	k79_3858
224	k79_68178
224	k79_16608
224	k79_61114
224	k79_46015
224	k79_88639
225	k79_21011
225	k79_74558
225	k79_28228
225	k79_14953
225	k79_14946
225	k79_8426
225	k79_74593
226	k79_84138
227	k79_4202
227	k79_19311
227	k79_92483
227	k79_86686
227	k79_54081
227	k79_37784
227	k79_94669
227	k79_64899
227	k79_37247
227	k79_4647
227	k79_26502
227	k79_14205
227	k79_75923
227	k79_25487
227	k79_53816
227	k79_19208
227	k79_35712
227	k79_80460
227	k79_23686
227	k79_65336
227	k79_86830
228	k79_1931
228	k79_29609
228	k79_52533
228	k79_59273
228	k79_15896
228	k79_24540
228	k79_73259
228	k79_22191
228	k79_85851
228	k79_53937
228	k79_55243
228	k79_70019
228	k79_27
228	k79_17779
228	k79_91388
228	k79_58919
228	k79_57294
228	k79_6949
228	k79_26151
228	k79_66887
228	k79_25433
228	k79_54600
228	k79_72997
228	k79_12677
228	k79_9665
228	k79_30526
228	k79_71322
228	k79_6940
228	k79_828
228	k79_26519
228	k79_6040
229	k79_81613
229	k79_21712
229	k79_56585
229	k79_2124
230	k79_75387
230	k79_68093
230	k79_51906
230	k79_72554
230	k79_93976
230	k79_72095
231	k79_13679
231	k79_62946
231	k79_82258
231	k79_37398
231	k79_86968
232	k79_48431
232	k79_100
232	k79_47761
232	k79_51623
232	k79_41447
232	k79_52963
232	k79_57441
232	k79_11071
232	k79_32953
232	k79_44679
232	k79_61155
232	k79_92297
232	k79_25321
232	k79_78098
232	k79_3820
232	k79_23050
232	k79_69862
232	k79_49573
232	k79_94671
232	k79_5707
232	k79_16882
232	k79_76584
232	k79_37778
233	k79_35975
233	k79_43402
233	k79_66890
233	k79_11387
233	k79_62259
233	k79_21652
233	k79_37665
233	k79_80928
234	k79_18024
234	k79_94400
235	k79_13646
235	k79_3372
235	k79_75277
235	k79_54490
235	k79_57393
235	k79_70349
235	k79_13982
236	k79_70394
237	k79_18221
237	k79_73292
238	k79_88478
239	k79_43602
239	k79_32392
239	k79_31973
239	k79_74101
239	k79_86048
239	k79_16538
239	k79_94141
239	k79_87667
239	k79_75713
239	k79_61596
239	k79_59745
239	k79_91850
239	k79_92138
239	k79_49298
239	k79_41458
239	k79_50118
239	k79_60639
239	k79_85359
239	k79_85711
239	k79_62266
239	k79_54244
239	k79_6979
239	k79_75373
239	k79_50485
239	k79_24410
239	k79_30096
239	k79_67829
239	k79_50201
239	k79_77810
239	k79_66212
239	k79_89030
239	k79_81958
239	k79_87925
239	k79_28985
239	k79_77527
239	k79_82719
239	k79_72011
239	k79_33214
239	k79_1331
239	k79_66636
239	k79_41183
239	k79_74621
239	k79_46268
239	k79_22317
239	k79_59572
239	k79_5358
239	k79_37488
239	k79_35016
239	k79_86662
239	k79_59378
240	k79_7294
241	k79_70232
241	k79_68200
241	k79_24257
241	k79_15320
241	k79_73473
242	k79_94004
243	k79_39821
244	k79_42082
244	k79_27209
244	k79_55991
245	k79_51229
245	k79_82392
246	k79_34236
247	k79_18011
247	k79_67520
247	k79_31857
247	k79_57518
247	k79_57575
247	k79_47758
247	k79_18893
247	k79_32685
247	k79_28645
247	k79_24252
247	k79_79407
247	k79_78986
247	k79_69987
247	k79_52420
247	k79_54716
247	k79_59826
247	k79_12212
247	k79_53118
247	k79_65262
247	k79_84962
248	k79_30251
248	k79_81657
248	k79_42980
248	k79_84612
248	k79_82978
248	k79_42777
248	k79_78404
248	k79_56291
248	k79_36620
248	k79_30220
248	k79_69514
248	k79_38854
249	k79_46279
250	k79_31259
251	k79_22413
252	k79_95416
253	k79_58661
254	k79_52754
255	k79_50327
255	k79_425
255	k79_86829
255	k79_50360
255	k79_91268
255	k79_69662
255	k79_69754
255	k79_67667
255	k79_89600
255	k79_77729
255	k79_25276
255	k79_28066
255	k79_31001
255	k79_36235
255	k79_46722
255	k79_33854
255	k79_48205
255	k79_3924
255	k79_41840
255	k79_56957
255	k79_10094
255	k79_72624
255	k79_61742
255	k79_41960
255	k79_33403
255	k79_18790
255	k79_15770
255	k79_3806
255	k79_51036
255	k79_14744
255	k79_82339
255	k79_82205
255	k79_37967
256	k79_50623
257	k79_76334
258	k79_94263
259	k79_82235
260	k79_20148
261	k79_6123
262	k79_33449
263	k79_31121
264	k79_12956
265	k79_48307
266	k79_31182
267	k79_1433
268	k79_88410
269	k79_35820
270	k79_43061
271	k79_78919
271	k79_51538
272	k79_28516
272	k79_21988
273	k79_22026
274	k79_47400
275	k79_27958
275	k79_63375
275	k79_9632
275	k79_79912
275	k79_85162
275	k79_29454
276	k79_10052
277	k79_5464
278	k79_7787
279	k79_5749
280	k79_24425
281	k79_70830
282	k79_88882
282	k79_1213
282	k79_56164
282	k79_54464
282	k79_87046
282	k79_50589
282	k79_6754
282	k79_79607
282	k79_846
283	k79_16551
284	k79_90312
284	k79_77137
284	k79_44172
284	k79_53629
285	k79_30190
286	k79_39064
287	k79_64852
288	k79_48797
289	k79_85625
290	k79_29621
291	k79_90960
292	k79_92395
292	k79_10844
292	k79_58275
292	k79_83149
292	k79_14235
292	k79_87226
292	k79_88064
292	k79_1462
292	k79_10242
292	k79_24089
292	k79_55337
292	k79_20787
292	k79_83747
292	k79_73653
292	k79_45249
292	k79_90144
292	k79_35603
292	k79_92664
292	k79_81437
292	k79_26018
292	k79_3289
292	k79_40031
292	k79_76808
292	k79_17502
292	k79_68000
292	k79_77547
292	k79_60980
292	k79_36442
292	k79_68938
292	k79_2687
292	k79_33632
292	k79_31716
292	k79_94562
292	k79_31462
292	k79_31177
292	k79_14700
292	k79_10117
292	k79_4244
292	k79_56186
292	k79_9081
292	k79_96364
292	k79_84669
292	k79_8247
292	k79_21489
292	k79_51490
292	k79_79087
292	k79_33761
292	k79_34909
292	k79_37211
292	k79_32017
292	k79_55395
292	k79_84168
292	k79_65037
292	k79_71984
292	k79_71460
292	k79_79957
292	k79_83991
292	k79_44407
292	k79_10418
292	k79_69559
292	k79_94690
292	k79_31992
292	k79_69394
292	k79_48953
292	k79_79790
292	k79_59170
292	k79_69575
292	k79_82703
292	k79_24500
292	k79_46840
292	k79_60163
292	k79_1451
292	k79_23578
292	k79_58535
292	k79_13428
292	k79_17180
292	k79_35900
292	k79_12704
292	k79_95126
292	k79_92371
292	k79_31249
292	k79_81900
292	k79_82293
292	k79_6154
292	k79_34745
292	k79_56488
292	k79_75829
292	k79_68809
292	k79_20554
292	k79_787
292	k79_63242
292	k79_39436
292	k79_16196
292	k79_20906
292	k79_49249
292	k79_49207
292	k79_19504
292	k79_12771
292	k79_48418
292	k79_67420
292	k79_74996
292	k79_50209
292	k79_19830
292	k79_34605
292	k79_80056
292	k79_58956
292	k79_64680
292	k79_27046
292	k79_26835
292	k79_31410
292	k79_57937
292	k79_3225
292	k79_76384
292	k79_2120
292	k79_22179
292	k79_53341
292	k79_45263
292	k79_51571
292	k79_43334
292	k79_76477
292	k79_87050
292	k79_52411
292	k79_19501
292	k79_95042
292	k79_83373
292	k79_22827
292	k79_35236
292	k79_11942
292	k79_19042
292	k79_73399
292	k79_12393
292	k79_94274
292	k79_70191
292	k79_82634
292	k79_48561
292	k79_59195
292	k79_63804
292	k79_94844
292	k79_64773
292	k79_6954
292	k79_70570
292	k79_95165
292	k79_82453
292	k79_77119
292	k79_83292
292	k79_80775
292	k79_83431
292	k79_16869
292	k79_38261
292	k79_29525
292	k79_22341
292	k79_2059
292	k79_83092
292	k79_70551
292	k79_16730
292	k79_20584
292	k79_71266
292	k79_71484
292	k79_45714
292	k79_43079
292	k79_49493
292	k79_37919
292	k79_6662
292	k79_52467
292	k79_66667
292	k79_45920
292	k79_1672
292	k79_24344
292	k79_61237
292	k79_57112
292	k79_9612
292	k79_43165
292	k79_69750
292	k79_17971
292	k79_43019
292	k79_32997
292	k79_22568
292	k79_71059
292	k79_96068
292	k79_61342
292	k79_32617
292	k79_3807
292	k79_23205
292	k79_74890
292	k79_3202
292	k79_16295
292	k79_29029
292	k79_2033
292	k79_60970
292	k79_78189
292	k79_22521
292	k79_79731
292	k79_92930
292	k79_33445
292	k79_42297
292	k79_84259
292	k79_59203
292	k79_57822
292	k79_21575
292	k79_45288
292	k79_42707
292	k79_10012
292	k79_34967
292	k79_66659
292	k79_13051
292	k79_78982
292	k79_94489
292	k79_69886
292	k79_52176
292	k79_85939
292	k79_63739
292	k79_95511
292	k79_10920
292	k79_41806
292	k79_47367
292	k79_43792
292	k79_15780
292	k79_29424
292	k79_20338
292	k79_65518
292	k79_54598
292	k79_33950
292	k79_10400
292	k79_34529
292	k79_91447
292	k79_83539
292	k79_71631
292	k79_34177
292	k79_57073
292	k79_72884
292	k79_90193
292	k79_88473
292	k79_95539
292	k79_64970
292	k79_19541
292	k79_2524
292	k79_64730
292	k79_93760
292	k79_55290
292	k79_524
292	k79_48299
292	k79_38278
292	k79_64697
292	k79_71770
292	k79_67681
292	k79_31543
292	k79_22532
293	k79_84682
293	k79_24988
293	k79_72382
293	k79_34943
293	k79_86141
293	k79_14689
293	k79_64881
293	k79_38348
293	k79_13487
293	k79_63075
293	k79_30507
293	k79_29660
294	k79_90626
295	k79_15184
295	k79_64301
295	k79_2809
295	k79_362
295	k79_16331
295	k79_94861
295	k79_5612
295	k79_832
295	k79_90286
295	k79_22368
295	k79_51993
295	k79_48513
295	k79_73009
296	k79_19747
296	k79_78217
296	k79_96272
296	k79_27284
297	k79_62641
297	k79_11030
297	k79_71913
297	k79_18765
297	k79_47625
297	k79_62834
298	k79_20597
298	k79_20872
298	k79_33774
298	k79_34041
298	k79_71101
298	k79_12478
298	k79_21831
298	k79_51709
298	k79_25571
298	k79_56954
299	k79_90940
300	k79_26781
301	k79_71205
302	k79_35614
303	k79_23359
304	k79_93662
305	k79_48325
306	k79_37084
307	k79_60762
308	k79_88554
308	k79_95243
308	k79_30800
309	k79_77808
310	k79_43053
311	k79_82723
312	k79_73823
312	k79_74025
312	k79_80341
312	k79_60643
312	k79_48317
312	k79_4878
312	k79_47856
312	k79_46961
312	k79_62128
312	k79_2773
313	k79_47267
314	k79_19896
315	k79_86409
316	k79_50778
317	k79_46686
318	k79_60692
319	k79_58808
320	k79_88946
320	k79_370
320	k79_27147
320	k79_69742
320	k79_933
320	k79_11907
320	k79_85404
320	k79_90705
321	k79_10488
322	k79_49744
323	k79_63700
323	k79_51106
323	k79_84173
323	k79_72331
323	k79_25074
323	k79_61112
323	k79_39512
323	k79_29728
323	k79_20782
323	k79_12039
323	k79_80856
323	k79_45663
323	k79_76491
323	k79_48875
323	k79_18666
323	k79_32521
323	k79_9226
323	k79_3197
323	k79_90854
323	k79_83094
323	k79_17339
323	k79_78477
323	k79_1618
323	k79_85580
323	k79_15134
323	k79_15131
323	k79_13129
323	k79_50334
323	k79_77046
323	k79_59808
323	k79_18466
323	k79_24923
323	k79_288
323	k79_61327
323	k79_36954
324	k79_76650
325	k79_33919
326	k79_22546
327	k79_62884
328	k79_22134
329	k79_66108
330	k79_86529
331	k79_1222
332	k79_94838
333	k79_27176
334	k79_68441
335	k79_84229
336	k79_24129
337	k79_53400
338	k79_73235
338	k79_71551
339	k79_11881
340	k79_9141
341	k79_15777
342	k79_51177
343	k79_10349
343	k79_77281
343	k79_49438
343	k79_54527
343	k79_93092
343	k79_8265
343	k79_9392
343	k79_13775
343	k79_68994
343	k79_88932
343	k79_33184
343	k79_94016
343	k79_22387
343	k79_80653
343	k79_87829
343	k79_2189
343	k79_92115
343	k79_32073
343	k79_4156
343	k79_44276
343	k79_74077
343	k79_74828
343	k79_21355
343	k79_46127
343	k79_31596
343	k79_93130
343	k79_32700
343	k79_87121
343	k79_7804
343	k79_42355
343	k79_81443
343	k79_92803
343	k79_83033
343	k79_17490
343	k79_7845
343	k79_11683
343	k79_20203
343	k79_33589
343	k79_64544
343	k79_7453
343	k79_4038
343	k79_75597
343	k79_32609
343	k79_13832
343	k79_51882
343	k79_78474
343	k79_52347
343	k79_65312
343	k79_69753
343	k79_47130
343	k79_96103
343	k79_64651
343	k79_23275
343	k79_11280
343	k79_28035
343	k79_94353
343	k79_45711
343	k79_7183
343	k79_71585
343	k79_31397
343	k79_25040
343	k79_32835
343	k79_33043
343	k79_36624
343	k79_7760
343	k79_43129
343	k79_17920
343	k79_74132
343	k79_59894
343	k79_95667
343	k79_10996
343	k79_13346
343	k79_66797
343	k79_89210
343	k79_74905
343	k79_39546
344	k79_52000
345	k79_32714
346	k79_31548
347	k79_87709
348	k79_16774
349	k79_43112
350	k79_12338
351	k79_33137
352	k79_5584
353	k79_29891
353	k79_16468
353	k79_89537
353	k79_13734
353	k79_26219
353	k79_69196
353	k79_63475
353	k79_29918
353	k79_7895
353	k79_86393
354	k79_79534
355	k79_65120
356	k79_66222
356	k79_93664
356	k79_46103
356	k79_64451
356	k79_4713
356	k79_89543
356	k79_68931
356	k79_1557
356	k79_47425
356	k79_24665
356	k79_49601
356	k79_66616
356	k79_20107
356	k79_85755
356	k79_33656
356	k79_83885
356	k79_45740
356	k79_60758
356	k79_74754
356	k79_75286
356	k79_52114
356	k79_63051
356	k79_88876
356	k79_1112
356	k79_46713
356	k79_4083
356	k79_85516
356	k79_93354
356	k79_24938
356	k79_39680
357	k79_6348
358	k79_64530
358	k79_13865
358	k79_92401
359	k79_35570
359	k79_59247
359	k79_89332
359	k79_5762
359	k79_58669
359	k79_25427
359	k79_65334
359	k79_10972
359	k79_35796
359	k79_72123
359	k79_79148
359	k79_70965
359	k79_21264
360	k79_14637
360	k79_73712
361	k79_66343
362	k79_83780
363	k79_42312
363	k79_48574
363	k79_38988
364	k79_66962
364	k79_96275
364	k79_8185
364	k79_37769
364	k79_11219
364	k79_92555
365	k79_62029
365	k79_15659
365	k79_60947
365	k79_34762
365	k79_11355
365	k79_56477
365	k79_16975
365	k79_28681
365	k79_3058
365	k79_32673
366	k79_39421
367	k79_44303
367	k79_64632
368	k79_12823
369	k79_97
370	k79_26964
371	k79_41839
371	k79_94543
372	k79_1294
373	k79_4624
374	k79_29722
375	k79_74816
376	k79_67908
377	k79_64255
378	k79_27137
379	k79_12623
380	k79_28558
381	k79_38205
382	k79_3155
383	k79_79080
383	k79_13445
384	k79_15476
384	k79_44226
384	k79_10474
384	k79_56659
384	k79_74933
384	k79_3745
384	k79_49879
384	k79_62764
384	k79_21739
384	k79_83636
384	k79_22382
384	k79_72467
384	k79_92674
384	k79_40846
384	k79_21470
384	k79_15865
384	k79_69780
384	k79_50443
384	k79_87363
384	k79_46814
384	k79_44688
384	k79_93350
384	k79_15564
384	k79_58727
384	k79_1220
384	k79_90170
384	k79_83051
384	k79_36833
384	k79_30134
384	k79_29638
384	k79_83808
384	k79_71607
384	k79_86078
384	k79_11322
384	k79_69251
384	k79_44293
384	k79_45891
384	k79_64417
384	k79_59683
384	k79_2210
384	k79_50345
384	k79_68160
384	k79_32602
384	k79_16552
384	k79_35176
384	k79_74350
384	k79_11201
384	k79_63760
384	k79_54175
384	k79_59585
384	k79_51927
384	k79_3092
384	k79_20285
384	k79_15601
384	k79_15413
384	k79_7109
384	k79_24832
384	k79_61937
384	k79_24056
385	k79_30644
386	k79_85269
387	k79_61714
388	k79_33306
389	k79_73801
390	k79_51606
391	k79_26535
392	k79_69538
393	k79_89935
394	k79_17919
394	k79_16673
394	k79_72466
394	k79_16292
394	k79_73631
394	k79_69383
395	k79_59401
396	k79_22397
397	k79_75356
398	k79_70172
399	k79_1922
400	k79_93870
401	k79_80091
402	k79_56633
403	k79_84930
404	k79_1650
405	k79_88795
406	k79_19586
406	k79_35130
407	k79_26342
407	k79_74600
407	k79_49915
408	k79_84347
409	k79_87435
410	k79_31305
411	k79_44048
412	k79_34038
413	k79_12431
414	k79_27156
415	k79_39756
415	k79_68871
415	k79_72328
415	k79_42308
415	k79_77723
415	k79_89883
415	k79_43075
415	k79_28553
415	k79_3153
415	k79_28536
415	k79_55544
415	k79_2885
415	k79_83241
415	k79_48668
416	k79_91610
417	k79_47607
418	k79_19167
419	k79_57151
420	k79_18453
421	k79_58044
422	k79_65924
423	k79_29134
424	k79_95729
425	k79_49832
426	k79_145
427	k79_85876
428	k79_14083
429	k79_89880
430	k79_60000
431	k79_48868
432	k79_25532
433	k79_36524
434	k79_76986
435	k79_14398
436	k79_25774
437	k79_25531
438	k79_42180
439	k79_63706
440	k79_74541
441	k79_86658
442	k79_73577
442	k79_86750
442	k79_50173
442	k79_92149
442	k79_88416
442	k79_14122
442	k79_93965
442	k79_10943
442	k79_55776
443	k79_48451
444	k79_5912
445	k79_54218
446	k79_77744
446	k79_13447
446	k79_17773
446	k79_34304
446	k79_6962
446	k79_65025
446	k79_88048
447	k79_29539
448	k79_50122
449	k79_83413
450	k79_13110
451	k79_1982
452	k79_95344
453	k79_58561
454	k79_95047
455	k79_89906
456	k79_27590
457	k79_20479
458	k79_48751
459	k79_41989
460	k79_1442
461	k79_72389
462	k79_49360
463	k79_49918
464	k79_26081
465	k79_16013
466	k79_34380
467	k79_48057
468	k79_27995
469	k79_78602
470	k79_48716
471	k79_16883
471	k79_76126
471	k79_3123
471	k79_25310
471	k79_19934
471	k79_52607
471	k79_58892
471	k79_17462
472	k79_35024
473	k79_47062
474	k79_56919
475	k79_17507
476	k79_10343
477	k79_62108
477	k79_5084
477	k79_31652
477	k79_93971
477	k79_29240
477	k79_45306
477	k79_92125
477	k79_51804
477	k79_69397
477	k79_71007
477	k79_84644
477	k79_62285
478	k79_25277
479	k79_16823
480	k79_9735
481	k79_30791
481	k79_8037
481	k79_11984
481	k79_21667
481	k79_33961
481	k79_44415
481	k79_95564
481	k79_30458
481	k79_28647
481	k79_65111
481	k79_83015
481	k79_91555
481	k79_11561
481	k79_4295
481	k79_77698
481	k79_42291
481	k79_95450
481	k79_33143
481	k79_72223
481	k79_86491
481	k79_60382
481	k79_51138
481	k79_32311
482	k79_40323
483	k79_29032
484	k79_76905
485	k79_24792
486	k79_2681
487	k79_67281
488	k79_16346
489	k79_48804
489	k79_62841
489	k79_57101
489	k79_46391
489	k79_51643
489	k79_87020
489	k79_59926
489	k79_25933
489	k79_27682
489	k79_93575
490	k79_19631
491	k79_86822
492	k79_28010
493	k79_49997
494	k79_64743
495	k79_91556
496	k79_63206
496	k79_71636
496	k79_31461
496	k79_20722
496	k79_20915
496	k79_10856
496	k79_70214
496	k79_35193
496	k79_31890
496	k79_73804
497	k79_69843
498	k79_36733
499	k79_73604
499	k79_39813
499	k79_87135
500	k79_72928
501	k79_9066
501	k79_44299
501	k79_43064
502	k79_62462
503	k79_42961
504	k79_40197
505	k79_67278
506	k79_37131
507	k79_31270
508	k79_72974
509	k79_4979
510	k79_86232
511	k79_41113
512	k79_27624
513	k79_54350
514	k79_87188
515	k79_39751
515	k79_19636
516	k79_74383
516	k79_25033
516	k79_60092
517	k79_39636
518	k79_84087
519	k79_45206
520	k79_14943
521	k79_38424
522	k79_75798
523	k79_48024
524	k79_53751
525	k79_11749
526	k79_32649
527	k79_41299
528	k79_31435
529	k79_90036
530	k79_65591
531	k79_90886
532	k79_49955
533	k79_58739
534	k79_39314
535	k79_14817
536	k79_90572
537	k79_13849
538	k79_73700
539	k79_70217
540	k79_16108
541	k79_24998
542	k79_95291
543	k79_40274
544	k79_17200
545	k79_1203
546	k79_76809
547	k79_23018
547	k79_84737
547	k79_47678
547	k79_5089
547	k79_40992
548	k79_1886
548	k79_76313
548	k79_81339
548	k79_63225
548	k79_67392
548	k79_33297
548	k79_13657
548	k79_5577
548	k79_44911
548	k79_25454
548	k79_53999
548	k79_26590
548	k79_3604
548	k79_43455
548	k79_86117
548	k79_38010
548	k79_53847
548	k79_27192
548	k79_30551
548	k79_42358
548	k79_96055
548	k79_53918
548	k79_86950
548	k79_43127
549	k79_48766
550	k79_34025
551	k79_11173
552	k79_80743
553	k79_55625
554	k79_90589
555	k79_4274
556	k79_61551
556	k79_36285
557	k79_52901
557	k79_13780
558	k79_7075
558	k79_25858
558	k79_88134
558	k79_63350
558	k79_88732
558	k79_518
559	k79_36210
560	k79_82883
561	k79_70056
561	k79_9798
561	k79_23403
561	k79_9989
561	k79_36300
561	k79_38634
561	k79_66049
561	k79_15899
561	k79_26928
561	k79_57818
561	k79_86524
561	k79_1432
561	k79_91423
561	k79_92730
561	k79_26551
561	k79_32361
561	k79_18936
561	k79_55794
561	k79_40722
561	k79_91077
561	k79_64266
562	k79_58054
563	k79_33705
563	k79_68972
564	k79_57282
564	k79_2571
564	k79_86719
564	k79_70726
564	k79_9832
564	k79_75754
564	k79_56340
565	k79_79738
566	k79_94006
567	k79_61197
567	k79_90292
567	k79_37768
567	k79_60408
567	k79_76009
567	k79_44334
567	k79_32014
567	k79_22781
567	k79_78977
567	k79_19400
567	k79_92793
567	k79_91137
567	k79_63656
567	k79_10797
567	k79_80476
568	k79_40822
569	k79_94383
570	k79_41510
571	k79_8878
572	k79_27332
573	k79_59307
574	k79_75260
575	k79_8651
576	k79_66087
577	k79_69287
578	k79_467
579	k79_60901
580	k79_38462
581	k79_22622
582	k79_3345
583	k79_73738
584	k79_7504
585	k79_39614
586	k79_39980
587	k79_25568
588	k79_3613
589	k79_91501
590	k79_16164
591	k79_53231
592	k79_32015
593	k79_28363
593	k79_68113
593	k79_65
594	k79_4748
595	k79_72702
596	k79_65191
597	k79_77904
598	k79_4725
599	k79_68910
600	k79_14972
600	k79_27650
600	k79_42746
600	k79_14683
600	k79_9120
601	k79_37475
602	k79_84487
602	k79_6236
602	k79_61597
602	k79_54472
603	k79_45528
604	k79_22501
605	k79_19268
606	k79_68363
607	k79_21979
608	k79_54259
609	k79_88299
610	k79_73710
610	k79_42807
610	k79_58257
611	k79_52269
612	k79_90069
613	k79_91307
614	k79_42085
615	k79_16623
616	k79_91748
617	k79_94108
618	k79_2575
619	k79_47280
620	k79_59365
621	k79_430
622	k79_37368
623	k79_49951
624	k79_40626
625	k79_26246
625	k79_73281
625	k79_64257
625	k79_67689
625	k79_93917
625	k79_59777
625	k79_13585
625	k79_39342
625	k79_5555
626	k79_69218
627	k79_20860
628	k79_68663
629	k79_18319
630	k79_18275
630	k79_55983
630	k79_33341
630	k79_28824
630	k79_20513
630	k79_16453
630	k79_62738
630	k79_62675
630	k79_26172
631	k79_14811
632	k79_31334
633	k79_48006
634	k79_52831
635	k79_79001
636	k79_66980
637	k79_50492
638	k79_948
639	k79_26913
640	k79_83762
641	k79_25647
642	k79_10859
643	k79_21610
644	k79_8680
645	k79_45722
646	k79_26875
647	k79_93698
648	k79_48580
649	k79_25959
650	k79_51775
651	k79_28097
652	k79_55990
653	k79_42216
653	k79_2376
653	k79_81990
653	k79_38327
653	k79_12842
653	k79_538
653	k79_67380
653	k79_8958
653	k79_31328
653	k79_65301
653	k79_53573
654	k79_56527
655	k79_67601
656	k79_61380
657	k79_6805
658	k79_1566
659	k79_31416
660	k79_83728
661	k79_1551
662	k79_47582
663	k79_63040
664	k79_88564
665	k79_83036
666	k79_78106
667	k79_77758
668	k79_32659
669	k79_80773
670	k79_12049
671	k79_10970
672	k79_95255
673	k79_88587
674	k79_42469
675	k79_81515
676	k79_21832
677	k79_79019
678	k79_93290
679	k79_90508
680	k79_32556
681	k79_80979
682	k79_52305
682	k79_22259
682	k79_68620
683	k79_74725
684	k79_85237
685	k79_24109
686	k79_6173
687	k79_75968
688	k79_32176
689	k79_37946
690	k79_8563
691	k79_61514
692	k79_8252
693	k79_25956
694	k79_5549
695	k79_43217
696	k79_33173
697	k79_32399
698	k79_9970
699	k79_522
700	k79_25201
701	k79_39840
702	k79_35230
703	k79_33960
704	k79_18928
704	k79_73623
705	k79_43011
705	k79_525
706	k79_95033
707	k79_48881
708	k79_65742
709	k79_66686
710	k79_95154
711	k79_24661
712	k79_76024
713	k79_5493
714	k79_43227
715	k79_13467
716	k79_66491
717	k79_35363
718	k79_1202
719	k79_50702
720	k79_66451
721	k79_27608
722	k79_50944
723	k79_49536
724	k79_14981
725	k79_55754
726	k79_55970
727	k79_52500
728	k79_45820
729	k79_85569
730	k79_53459
731	k79_66524
732	k79_87036
733	k79_26085
734	k79_45867
735	k79_20079
736	k79_12141
737	k79_3554
738	k79_18870
739	k79_2176
740	k79_62511
741	k79_55731
742	k79_28243
743	k79_46619
744	k79_77966
745	k79_54383
745	k79_57147
746	k79_21209
747	k79_66585
748	k79_64745
749	k79_15598
750	k79_19821
751	k79_47864
752	k79_82046
753	k79_8850
754	k79_96239
755	k79_4883
755	k79_57037
755	k79_30620
755	k79_92842
755	k79_84814
755	k79_56539
755	k79_84307
755	k79_91788
755	k79_10205
755	k79_56683
755	k79_24626
755	k79_22354
755	k79_29715
755	k79_8678
755	k79_71261
755	k79_41422
755	k79_90941
755	k79_82491
755	k79_91955
755	k79_40689
755	k79_48372
755	k79_79079
755	k79_3716
755	k79_21727
755	k79_38606
756	k79_16739
756	k79_62352
756	k79_91330
756	k79_83052
756	k79_55085
756	k79_73122
756	k79_96008
756	k79_10926
756	k79_49544
757	k79_48112
757	k79_23280
757	k79_48183
757	k79_42607
757	k79_28067
758	k79_36429
758	k79_66580
758	k79_24526
758	k79_90843
758	k79_45603
758	k79_32456
759	k79_78870
759	k79_6419
759	k79_413
759	k79_94679
759	k79_24442
759	k79_38247
759	k79_24904
759	k79_76463
759	k79_28534
759	k79_28539
759	k79_10668
759	k79_75982
759	k79_8814
759	k79_63512
759	k79_58751
759	k79_86869
759	k79_48929
759	k79_27426
759	k79_52561
759	k79_28561
759	k79_9907
759	k79_27763
759	k79_29540
759	k79_22332
759	k79_10697
759	k79_12396
759	k79_32834
759	k79_40524
759	k79_74973
759	k79_17284
759	k79_10581
759	k79_76521
760	k79_93769
760	k79_9304
760	k79_93262
760	k79_82676
760	k79_35837
760	k79_19161
760	k79_89979
760	k79_50085
760	k79_31469
760	k79_4269
760	k79_12937
760	k79_6219
760	k79_87053
760	k79_50223
760	k79_24098
760	k79_62253
760	k79_24787
760	k79_21611
760	k79_74337
760	k79_80988
760	k79_59933
760	k79_92861
760	k79_7533
760	k79_86346
760	k79_35834
760	k79_8104
761	k79_94780
761	k79_15450
761	k79_68220
761	k79_17067
761	k79_8553
761	k79_84544
761	k79_68576
761	k79_21759
761	k79_86668
761	k79_66175
761	k79_12953
761	k79_96128
761	k79_1736
761	k79_5872
761	k79_14467
761	k79_56022
761	k79_82222
761	k79_4663
761	k79_377
762	k79_13581
763	k79_38051
764	k79_70515
764	k79_33755
764	k79_30156
764	k79_61759
764	k79_6612
764	k79_17995
764	k79_86492
764	k79_32074
764	k79_18096
764	k79_27800
764	k79_84359
764	k79_79334
764	k79_44300
764	k79_44670
764	k79_9138
764	k79_38181
764	k79_78576
764	k79_88955
764	k79_66744
764	k79_32517
764	k79_80533
764	k79_1126
764	k79_35509
764	k79_52085
764	k79_24012
764	k79_81538
764	k79_173
764	k79_87683
764	k79_33828
764	k79_51066
764	k79_2045
764	k79_14794
764	k79_12312
764	k79_7505
764	k79_17373
764	k79_12462
764	k79_70532
764	k79_20371
764	k79_85693
764	k79_52158
764	k79_28812
764	k79_77764
764	k79_19766
764	k79_65956
764	k79_45629
764	k79_45949
765	k79_74886
765	k79_477
765	k79_68636
765	k79_74216
765	k79_87617
765	k79_41607
765	k79_8018
766	k79_52941
766	k79_80749
766	k79_92266
766	k79_44518
766	k79_21859
766	k79_34888
766	k79_4025
766	k79_37511
766	k79_88892
766	k79_8168
766	k79_77994
767	k79_84010
768	k79_88782
768	k79_72772
768	k79_88680
768	k79_91028
768	k79_74532
768	k79_94997
768	k79_72631
769	k79_24427
769	k79_77415
769	k79_74757
769	k79_15661
769	k79_38365
769	k79_59704
769	k79_75251
769	k79_54674
769	k79_86404
769	k79_55059
769	k79_41565
769	k79_11432
769	k79_92460
769	k79_22836
769	k79_50010
769	k79_43872
769	k79_13153
769	k79_37254
769	k79_18828
769	k79_55684
769	k79_44788
769	k79_45036
769	k79_77482
769	k79_71373
769	k79_27282
769	k79_29221
769	k79_37904
769	k79_20214
769	k79_59461
769	k79_63768
769	k79_85306
769	k79_3201
769	k79_65313
769	k79_25764
769	k79_23836
769	k79_54642
769	k79_17265
769	k79_64969
769	k79_41642
769	k79_69117
769	k79_72503
770	k79_10535
771	k79_44106
772	k79_38001
773	k79_658
774	k79_37205
775	k79_17874
776	k79_32390
776	k79_78223
776	k79_87027
777	k79_43644
777	k79_2005
777	k79_67594
777	k79_5589
777	k79_79597
777	k79_36034
777	k79_3928
777	k79_74457
777	k79_17348
777	k79_37242
777	k79_78465
777	k79_91974
778	k79_95748
778	k79_30823
778	k79_7871
778	k79_17158
778	k79_22155
778	k79_68240
778	k79_41242
778	k79_62692
778	k79_84621
778	k79_39109
778	k79_3910
779	k79_69190
779	k79_88395
779	k79_76486
779	k79_53729
779	k79_20546
779	k79_4440
779	k79_81916
779	k79_87025
779	k79_68447
779	k79_2338
779	k79_22924
780	k79_89037
781	k79_26229
782	k79_24718
782	k79_78651
782	k79_50613
782	k79_85717
782	k79_34343
782	k79_34642
782	k79_10570
782	k79_85168
782	k79_93444
782	k79_45852
782	k79_34521
782	k79_93058
782	k79_81336
783	k79_82620
783	k79_42344
783	k79_96339
783	k79_39102
783	k79_1097
784	k79_51370
785	k79_82403
786	k79_14812
786	k79_47208
786	k79_25011
786	k79_32308
787	k79_42751
787	k79_76841
787	k79_86681
788	k79_74791
789	k79_8847
789	k79_5856
790	k79_60515
790	k79_27716
790	k79_89249
790	k79_40431
790	k79_68608
790	k79_65555
790	k79_59911
790	k79_85645
790	k79_89520
790	k79_35393
790	k79_34816
790	k79_21657
790	k79_12274
790	k79_4291
790	k79_65005
790	k79_78333
790	k79_71269
790	k79_71109
790	k79_285
790	k79_95770
791	k79_60291
792	k79_19606
793	k79_93544
793	k79_17771
793	k79_94352
794	k79_70144
794	k79_12215
795	k79_73306
796	k79_58362
797	k79_72054
797	k79_56946
797	k79_15172
798	k79_61105
798	k79_59615
799	k79_93453
800	k79_31918
800	k79_33254
801	k79_60488
802	k79_71427
803	k79_22303
804	k79_54828
804	k79_46129
805	k79_32694
805	k79_23019
805	k79_23943
805	k79_44427
805	k79_16411
805	k79_18863
805	k79_3055
805	k79_53277
805	k79_13416
805	k79_32208
806	k79_10760
806	k79_56377
807	k79_790
807	k79_11409
808	k79_21438
808	k79_95306
808	k79_60445
808	k79_62377
808	k79_73900
809	k79_20637
810	k79_54765
810	k79_13803
811	k79_52902
812	k79_96400
813	k79_94090
814	k79_53998
815	k79_3881
816	k79_54782
817	k79_60535
818	k79_37047
819	k79_63949
820	k79_87486
821	k79_86068
822	k79_9398
823	k79_62678
823	k79_38242
823	k79_38027
823	k79_95421
823	k79_8135
823	k79_23186
823	k79_14084
824	k79_65319
824	k79_10135
825	k79_53650
826	k79_87313
827	k79_5188
827	k79_90576
828	k79_74430
828	k79_46764
829	k79_69444
829	k79_34195
829	k79_20846
829	k79_87503
829	k79_68440
829	k79_28950
829	k79_87467
829	k79_54932
829	k79_49254
830	k79_65102
831	k79_79188
832	k79_90254
833	k79_70748
833	k79_91430
833	k79_29206
833	k79_75985
833	k79_84733
833	k79_88396
833	k79_55419
834	k79_66441
835	k79_31158
836	k79_24973
837	k79_74134
838	k79_42532
838	k79_9987
839	k79_64519
840	k79_16812
841	k79_21750
842	k79_47285
843	k79_61256
844	k79_40941
844	k79_59728
844	k79_48028
844	k79_47454
845	k79_70784
846	k79_92278
846	k79_16473
847	k79_10910
847	k79_90631
847	k79_3605
847	k79_61699
848	k79_2817
848	k79_76919
848	k79_34091
848	k79_90248
848	k79_96092
848	k79_58433
848	k79_59641
849	k79_31995
850	k79_56202
850	k79_81942
850	k79_91321
850	k79_26445
850	k79_73161
850	k79_40009
850	k79_72441
851	k79_1052
852	k79_96137
852	k79_27031
852	k79_27915
852	k79_63565
852	k79_42579
852	k79_7331
852	k79_81507
852	k79_46702
852	k79_57701
852	k79_62860
852	k79_64855
852	k79_20839
852	k79_80594
852	k79_6477
853	k79_66478
854	k79_43787
855	k79_72355
856	k79_45046
857	k79_27876
858	k79_26415
859	k79_15946
860	k79_33125
861	k79_7913
862	k79_86258
862	k79_60115
862	k79_14450
863	k79_20685
863	k79_18545
863	k79_63663
863	k79_39485
863	k79_37178
863	k79_13931
863	k79_81364
863	k79_87817
863	k79_4784
863	k79_92461
863	k79_7081
863	k79_94954
863	k79_18359
863	k79_75245
863	k79_88924
863	k79_60538
863	k79_96016
864	k79_34495
865	k79_74748
866	k79_19612
867	k79_49644
867	k79_86554
867	k79_15984
867	k79_87077
867	k79_57617
867	k79_84511
867	k79_73886
867	k79_4924
867	k79_38392
867	k79_27369
867	k79_49527
868	k79_1727
868	k79_23157
868	k79_32386
868	k79_88630
868	k79_95872
869	k79_39125
869	k79_84383
869	k79_53002
869	k79_59908
870	k79_4303
870	k79_44975
870	k79_57747
871	k79_93120
871	k79_76581
871	k79_30304
872	k79_80374
872	k79_96237
872	k79_21985
873	k79_45100
873	k79_86172
873	k79_54508
873	k79_61998
873	k79_79759
873	k79_68121
873	k79_53523
873	k79_60181
874	k79_74045
874	k79_15334
875	k79_95411
875	k79_21856
875	k79_76492
875	k79_24062
875	k79_56935
875	k79_33112
875	k79_15811
875	k79_82510
876	k79_51603
877	k79_59900
878	k79_65830
879	k79_42021
880	k79_18706
881	k79_94335
882	k79_44512
883	k79_68239
883	k79_91523
883	k79_5723
883	k79_5685
884	k79_60720
884	k79_27398
884	k79_36141
885	k79_27270
885	k79_62415
885	k79_50813
886	k79_55444
887	k79_22676
887	k79_85108
887	k79_38993
887	k79_7734
887	k79_9664
887	k79_8697
887	k79_857
887	k79_72853
887	k79_14073
887	k79_78634
887	k79_18144
887	k79_32564
887	k79_91422
887	k79_67575
887	k79_58708
887	k79_56684
887	k79_59486
887	k79_50349
887	k79_64026
887	k79_8899
887	k79_72727
887	k79_64432
887	k79_36086
887	k79_65962
887	k79_36706
888	k79_36484
888	k79_65151
888	k79_57265
888	k79_63454
888	k79_54888
888	k79_81554
888	k79_40248
888	k79_56106
888	k79_2416
888	k79_90177
888	k79_54253
888	k79_12541
888	k79_51991
888	k79_96033
888	k79_41566
888	k79_80760
888	k79_35503
888	k79_29564
888	k79_5497
888	k79_52221
888	k79_83924
888	k79_16549
888	k79_60389
888	k79_18950
888	k79_65905
888	k79_75149
888	k79_74691
888	k79_39428
888	k79_3463
888	k79_25515
888	k79_65411
888	k79_71219
889	k79_77796
889	k79_81449
889	k79_54740
889	k79_4892
890	k79_25334
890	k79_85570
890	k79_88831
891	k79_59039
892	k79_70182
892	k79_36658
892	k79_43527
892	k79_54841
892	k79_72473
892	k79_25290
892	k79_95240
892	k79_27317
892	k79_23434
892	k79_27215
892	k79_76985
892	k79_68502
892	k79_62997
892	k79_70685
893	k79_33319
894	k79_52910
895	k79_27218
896	k79_27942
897	k79_16602
898	k79_34535
898	k79_73339
898	k79_51385
898	k79_56021
899	k79_44038
899	k79_81888
900	k79_72683
900	k79_6436
900	k79_27510
900	k79_71080
900	k79_72841
900	k79_28780
900	k79_16153
900	k79_54768
900	k79_59278
900	k79_27867
900	k79_74038
900	k79_43552
900	k79_47900
900	k79_93709
900	k79_23279
900	k79_2506
900	k79_53218
900	k79_3029
900	k79_64507
900	k79_92337
900	k79_66286
900	k79_44320
900	k79_17131
900	k79_870
900	k79_4912
900	k79_94140
900	k79_29557
900	k79_71135
900	k79_23265
900	k79_43473
900	k79_15073
900	k79_7257
900	k79_28597
900	k79_71079
900	k79_1056
900	k79_44223
900	k79_66693
900	k79_48669
900	k79_46719
900	k79_53808
900	k79_17897
900	k79_85822
900	k79_95814
900	k79_2440
900	k79_37777
900	k79_33917
900	k79_42171
900	k79_21668
900	k79_66984
900	k79_87014
900	k79_90934
900	k79_4166
900	k79_77813
900	k79_74093
900	k79_90287
900	k79_91592
900	k79_59080
900	k79_36635
900	k79_72364
900	k79_89241
900	k79_25006
900	k79_55623
900	k79_76344
900	k79_4221
900	k79_95064
900	k79_18088
900	k79_42362
900	k79_74551
900	k79_13589
900	k79_40685
900	k79_75207
901	k79_68630
901	k79_1373
901	k79_40656
901	k79_27822
901	k79_79186
901	k79_91438
902	k79_53781
902	k79_88175
903	k79_48174
903	k79_71515
903	k79_54020
903	k79_29157
903	k79_65233
903	k79_89421
904	k79_62961
904	k79_88369
905	k79_70068
905	k79_47056
905	k79_24827
905	k79_95376
905	k79_40278
905	k79_2266
906	k79_96278
907	k79_68550
907	k79_67891
908	k79_79446
909	k79_43343
909	k79_87791
910	k79_30083
910	k79_58857
910	k79_68032
910	k79_849
911	k79_28873
911	k79_31564
911	k79_51839
911	k79_88602
911	k79_17644
911	k79_13663
911	k79_62771
911	k79_79543
911	k79_84479
912	k79_56679
913	k79_56623
913	k79_60612
913	k79_44057
913	k79_93044
913	k79_68510
914	k79_11665
914	k79_62941
915	k79_2694
916	k79_72300
917	k79_51088
917	k79_35866
917	k79_28980
918	k79_1176
918	k79_80420
918	k79_82616
918	k79_51916
918	k79_82610
918	k79_86401
918	k79_29201
918	k79_73569
919	k79_22432
920	k79_66126
920	k79_19499
921	k79_68733
922	k79_91036
923	k79_42272
924	k79_50355
925	k79_176
926	k79_79070
927	k79_66934
928	k79_46568
929	k79_92476
930	k79_25678
930	k79_12958
930	k79_59605
931	k79_38997
932	k79_71069
932	k79_92963
932	k79_94880
932	k79_64829
932	k79_89160
932	k79_28953
932	k79_26513
932	k79_72746
932	k79_14894
932	k79_4194
932	k79_84617
932	k79_40241
932	k79_13764
932	k79_89643
932	k79_63295
932	k79_66944
933	k79_67133
933	k79_62017
933	k79_32995
933	k79_12464
933	k79_1082
933	k79_48957
934	k79_35262
934	k79_40622
934	k79_83283
934	k79_6814
934	k79_78998
934	k79_84974
934	k79_7993
934	k79_81981
934	k79_84343
934	k79_75152
934	k79_2776
934	k79_84143
934	k79_31373
934	k79_67193
934	k79_21488
934	k79_85948
935	k79_87755
935	k79_76339
935	k79_20929
935	k79_7782
935	k79_52966
935	k79_83660
935	k79_90040
935	k79_74969
935	k79_66024
935	k79_57596
935	k79_49139
935	k79_75893
935	k79_56402
935	k79_60128
935	k79_21213
935	k79_30256
935	k79_14062
935	k79_49321
935	k79_3043
935	k79_75747
935	k79_51306
935	k79_89585
935	k79_6033
935	k79_15627
935	k79_29021
935	k79_67589
935	k79_25704
935	k79_61466
935	k79_54459
935	k79_30188
935	k79_20337
935	k79_3797
935	k79_87711
935	k79_3278
936	k79_45260
936	k79_60960
936	k79_93720
937	k79_924
937	k79_12905
937	k79_7645
937	k79_44652
937	k79_38113
937	k79_9103
937	k79_83957
937	k79_42517
937	k79_34028
937	k79_7502
937	k79_368
937	k79_52620
937	k79_44544
937	k79_62684
938	k79_81276
939	k79_68073
940	k79_5219
941	k79_7613
941	k79_5514
941	k79_56490
941	k79_5949
941	k79_53579
942	k79_45466
942	k79_53608
942	k79_62435
942	k79_12430
942	k79_26069
942	k79_39085
942	k79_63041
942	k79_31720
942	k79_96025
942	k79_86006
942	k79_35266
942	k79_49062
942	k79_61001
942	k79_27853
942	k79_3979
942	k79_70277
942	k79_72309
942	k79_5660
942	k79_33006
942	k79_19440
942	k79_59815
942	k79_13247
942	k79_28063
942	k79_84829
942	k79_73213
942	k79_86029
942	k79_76202
942	k79_75777
942	k79_37085
942	k79_65373
942	k79_79348
942	k79_36383
942	k79_70559
942	k79_76081
942	k79_40763
942	k79_65259
942	k79_87180
942	k79_12470
942	k79_37966
942	k79_14194
942	k79_20514
942	k79_69146
942	k79_72066
942	k79_88531
942	k79_5540
942	k79_90703
942	k79_63647
942	k79_66179
942	k79_17946
942	k79_68334
942	k79_45436
942	k79_54553
942	k79_72546
942	k79_28480
942	k79_81562
942	k79_53696
942	k79_21572
942	k79_36970
942	k79_87203
942	k79_90661
942	k79_11753
942	k79_48301
942	k79_23902
942	k79_92198
942	k79_68173
942	k79_17842
942	k79_96046
942	k79_77186
942	k79_43821
942	k79_16297
942	k79_78363
942	k79_70308
942	k79_89275
942	k79_7199
942	k79_2200
942	k79_17406
942	k79_369
942	k79_84797
942	k79_2328
942	k79_14862
942	k79_49458
942	k79_37383
942	k79_37258
942	k79_19437
942	k79_6870
942	k79_89533
942	k79_84357
942	k79_91204
942	k79_73658
942	k79_1902
942	k79_87331
942	k79_21481
942	k79_55783
942	k79_51845
942	k79_52476
942	k79_7244
942	k79_50557
942	k79_29694
942	k79_26060
942	k79_37222
942	k79_87707
942	k79_27155
942	k79_15019
942	k79_73621
942	k79_31932
942	k79_9775
942	k79_96175
942	k79_26473
942	k79_58426
942	k79_12221
942	k79_78456
942	k79_25581
942	k79_72229
942	k79_32799
942	k79_38897
942	k79_38324
942	k79_76087
942	k79_92341
942	k79_76791
942	k79_73744
942	k79_435
942	k79_42200
942	k79_67656
942	k79_73843
942	k79_62921
942	k79_37290
942	k79_12048
942	k79_7542
942	k79_13805
942	k79_96397
942	k79_58882
942	k79_41741
942	k79_42063
942	k79_21534
942	k79_52211
942	k79_20093
942	k79_72255
942	k79_36579
942	k79_38304
942	k79_10648
942	k79_38050
942	k79_71462
942	k79_52964
942	k79_42203
942	k79_85911
942	k79_5602
942	k79_70307
942	k79_82827
942	k79_49665
942	k79_62534
942	k79_66201
942	k79_37007
942	k79_18768
942	k79_95444
942	k79_54722
942	k79_58744
942	k79_30742
942	k79_65887
942	k79_68793
942	k79_61490
942	k79_16069
942	k79_91602
942	k79_13052
942	k79_52394
942	k79_84390
942	k79_15453
942	k79_18709
942	k79_50476
942	k79_42102
942	k79_80337
942	k79_71335
942	k79_415
942	k79_456
942	k79_85614
942	k79_87498
942	k79_74387
942	k79_42773
942	k79_4457
942	k79_801
942	k79_86432
942	k79_38803
942	k79_16312
942	k79_26423
942	k79_17932
942	k79_5225
942	k79_80880
942	k79_55428
942	k79_65010
942	k79_41431
942	k79_79532
942	k79_19029
942	k79_34461
942	k79_73717
942	k79_39808
942	k79_30734
942	k79_57584
942	k79_73585
942	k79_11703
942	k79_39795
942	k79_93496
942	k79_42902
942	k79_54736
942	k79_16520
942	k79_87402
942	k79_36852
942	k79_37562
942	k79_84460
942	k79_60534
942	k79_30137
942	k79_12757
942	k79_49129
942	k79_25418
942	k79_61071
942	k79_88565
942	k79_58540
942	k79_49468
942	k79_88489
942	k79_39110
942	k79_25048
942	k79_38195
942	k79_3147
942	k79_11620
942	k79_29973
942	k79_52028
942	k79_84887
942	k79_4737
942	k79_67892
942	k79_52200
942	k79_14141
942	k79_36032
942	k79_63691
942	k79_53760
942	k79_84953
942	k79_55501
942	k79_51428
942	k79_50822
942	k79_18576
942	k79_85307
942	k79_74144
942	k79_87159
942	k79_81508
942	k79_39130
943	k79_40582
944	k79_31015
945	k79_49226
945	k79_2235
945	k79_54990
945	k79_27345
945	k79_77461
945	k79_12284
946	k79_50131
946	k79_22820
946	k79_91763
946	k79_81127
946	k79_23398
946	k79_88895
947	k79_260
947	k79_90811
947	k79_13287
947	k79_92780
947	k79_66362
947	k79_60736
948	k79_56318
949	k79_85256
949	k79_93551
949	k79_69260
949	k79_49345
949	k79_64324
949	k79_28005
949	k79_28124
949	k79_52579
950	k79_46829
951	k79_15536
951	k79_31958
951	k79_32611
951	k79_74706
951	k79_55979
951	k79_67768
951	k79_37884
951	k79_73371
951	k79_9759
951	k79_7055
951	k79_16454
951	k79_59000
951	k79_42441
951	k79_84596
951	k79_40781
951	k79_18767
951	k79_85023
951	k79_74692
951	k79_35617
951	k79_47211
951	k79_11039
951	k79_70215
951	k79_14314
952	k79_63294
953	k79_2796
953	k79_87852
953	k79_12824
953	k79_28819
953	k79_73793
953	k79_15821
953	k79_1487
954	k79_38438
955	k79_88925
955	k79_48715
956	k79_68725
956	k79_44619
956	k79_9811
956	k79_57476
956	k79_42337
956	k79_34364
956	k79_37169
956	k79_22696
956	k79_57669
956	k79_58102
956	k79_13897
956	k79_61058
956	k79_82397
956	k79_50832
956	k79_48408
956	k79_7124
956	k79_88110
956	k79_54836
956	k79_93480
956	k79_34192
956	k79_94228
956	k79_39310
956	k79_12814
956	k79_54522
956	k79_33633
956	k79_61771
956	k79_935
956	k79_75422
956	k79_28337
956	k79_1678
956	k79_4913
956	k79_95185
956	k79_11150
956	k79_48347
956	k79_57341
956	k79_83242
956	k79_39322
956	k79_22540
956	k79_70388
956	k79_8253
956	k79_49964
956	k79_64119
956	k79_78787
956	k79_54028
956	k79_7851
956	k79_84016
956	k79_13425
956	k79_50948
956	k79_4566
956	k79_85976
956	k79_82094
956	k79_30966
956	k79_20845
956	k79_34911
956	k79_71050
956	k79_22914
956	k79_35631
956	k79_64822
956	k79_72548
956	k79_44497
956	k79_79700
956	k79_35703
956	k79_46768
956	k79_48000
957	k79_95249
958	k79_68634
959	k79_79980
959	k79_37335
959	k79_93463
959	k79_61445
959	k79_77881
959	k79_81248
960	k79_54211
961	k79_46598
962	k79_75653
962	k79_9649
962	k79_44324
962	k79_15122
962	k79_44033
962	k79_59944
963	k79_23422
963	k79_54246
964	k79_56634
965	k79_64795
966	k79_94453
967	k79_35678
968	k79_24728
969	k79_4704
970	k79_25488
971	k79_41316
971	k79_56348
971	k79_13952
972	k79_18819
973	k79_55404
973	k79_34814
974	k79_61942
974	k79_16900
974	k79_22102
974	k79_50002
975	k79_27564
976	k79_37983
976	k79_79767
976	k79_25340
977	k79_84049
977	k79_62102
977	k79_62982
977	k79_11055
977	k79_83501
978	k79_67542
978	k79_50516
978	k79_23301
978	k79_95084
978	k79_19095
978	k79_12318
978	k79_91623
978	k79_89702
978	k79_29493
978	k79_48772
978	k79_51996
978	k79_95194
978	k79_33051
978	k79_17456
978	k79_69676
978	k79_17212
979	k79_63093
979	k79_62015
979	k79_83598
979	k79_12527
980	k79_33107
981	k79_86824
982	k79_60315
983	k79_41638
983	k79_18804
983	k79_58960
983	k79_71889
983	k79_53936
984	k79_21278
985	k79_44429
986	k79_11770
987	k79_22336
988	k79_63910
988	k79_8888
989	k79_16416
990	k79_69373
990	k79_68498
991	k79_38741
992	k79_81924
993	k79_72058
993	k79_26216
993	k79_7757
993	k79_66431
993	k79_96226
993	k79_41298
993	k79_52389
993	k79_62789
993	k79_79331
993	k79_70123
994	k79_20642
995	k79_65494
996	k79_53328
997	k79_42284
998	k79_57521
998	k79_41601
998	k79_62881
998	k79_84982
998	k79_35576
999	k79_86142
999	k79_21472
999	k79_94695
999	k79_21034
999	k79_21333
999	k79_9559
999	k79_26552
999	k79_41972
999	k79_4222
999	k79_16213
999	k79_29373
999	k79_91683
999	k79_154
999	k79_78701
999	k79_36406
999	k79_33592
999	k79_341
999	k79_76789
1000	k79_28844
1001	k79_14857
1001	k79_11978
1001	k79_78325
1001	k79_54905
1001	k79_70571
1001	k79_82923
1001	k79_39704
1001	k79_80644
1001	k79_21503
1001	k79_26702
1001	k79_13841
1002	k79_48333
1003	k79_44586
1003	k79_14187
1003	k79_188
1003	k79_84706
1003	k79_2172
1004	k79_78141
1005	k79_89695
1006	k79_29464
1006	k79_18421
1006	k79_26698
1007	k79_31245
1008	k79_8379
1008	k79_76916
1008	k79_3241
1008	k79_53906
1008	k79_21504
1008	k79_95061
1008	k79_17676
1008	k79_25935
1008	k79_74738
1008	k79_75123
1008	k79_43321
1008	k79_31272
1008	k79_78670
1008	k79_76042
1008	k79_19908
1008	k79_55756
1008	k79_78958
1008	k79_29860
1008	k79_89527
1008	k79_23371
1008	k79_62229
1008	k79_16326
1008	k79_39657
1008	k79_26269
1009	k79_87710
1010	k79_14702
1011	k79_27296
1012	k79_14628
1013	k79_10257
1014	k79_7638
1015	k79_32437
1016	k79_10855
1017	k79_26853
1018	k79_2938
1019	k79_10254
1020	k79_75224
1020	k79_31429
1021	k79_87211
1022	k79_76378
1023	k79_42318
1024	k79_66538
1025	k79_89427
1026	k79_12151
1026	k79_64401
1027	k79_46625
1028	k79_71127
1029	k79_23123
1029	k79_15324
1029	k79_69932
1029	k79_47170
1029	k79_55952
1029	k79_10431
1029	k79_86591
1030	k79_94879
1031	k79_76710
1031	k79_78603
1032	k79_14423
1033	k79_25912
1034	k79_17300
1035	k79_38654
1036	k79_26612
1037	k79_35553
1038	k79_82097
1039	k79_24543
1039	k79_20424
1039	k79_82064
1039	k79_5813
1039	k79_86982
1040	k79_12380
1040	k79_32571
1040	k79_59785
1040	k79_57804
1040	k79_51359
1040	k79_68789
1040	k79_63265
1040	k79_26977
1040	k79_47877
1041	k79_95031
1042	k79_82340
1043	k79_94819
1044	k79_3764
1044	k79_48399
1045	k79_19609
1045	k79_24372
1046	k79_55375
1047	k79_67545
1048	k79_6073
1049	k79_28794
1050	k79_56270
1051	k79_20420
1052	k79_83719
1053	k79_69875
1054	k79_55208
1055	k79_92030
1056	k79_29600
1057	k79_52442
1058	k79_90318
1059	k79_42233
1059	k79_77954
1060	k79_53136
1061	k79_44336
1062	k79_89603
1063	k79_63530
1064	k79_92054
1065	k79_91739
1066	k79_87909
1067	k79_46157
1068	k79_72517
1069	k79_16317
1070	k79_81887
1071	k79_62635
1072	k79_90602
1073	k79_82664
1074	k79_85090
1074	k79_36293
1074	k79_28495
1074	k79_63966
1074	k79_85847
1075	k79_70831
1076	k79_28719
1077	k79_84598
1077	k79_54286
1078	k79_63434
1079	k79_95387
1079	k79_81376
1079	k79_39165
1079	k79_61531
1079	k79_49669
1079	k79_28222
1079	k79_19457
1079	k79_20179
1079	k79_49437
1079	k79_52506
1079	k79_68249
1079	k79_58416
1079	k79_86161
1079	k79_6532
1079	k79_36632
1080	k79_2185
1080	k79_22450
1080	k79_43693
1080	k79_85285
1080	k79_3416
1081	k79_33003
1082	k79_90663
1083	k79_24746
1084	k79_74217
1085	k79_72796
1086	k79_92711
1086	k79_72366
1087	k79_89612
1088	k79_69366
1089	k79_7612
1090	k79_42220
1091	k79_17422
1092	k79_6546
1093	k79_61751
1094	k79_31960
1095	k79_35091
1096	k79_95524
1097	k79_44189
1098	k79_86130
1099	k79_31304
1100	k79_51977
1101	k79_29095
1102	k79_26304
1103	k79_81487
1104	k79_25826
1105	k79_77997
1106	k79_12404
1107	k79_96154
1108	k79_6080
1109	k79_80995
1110	k79_14549
1111	k79_19366
1112	k79_55785
1113	k79_35285
1114	k79_16722
1115	k79_71352
1116	k79_27678
1116	k79_38794
1117	k79_37720
1118	k79_52015
1119	k79_75093
1120	k79_77356
1121	k79_41317
1122	k79_5729
1123	k79_58057
1124	k79_37518
1125	k79_15427
1126	k79_40117
1127	k79_77582
1128	k79_27068
1129	k79_31725
1130	k79_60090
1130	k79_74424
1130	k79_5535
1130	k79_19154
1131	k79_79562
1132	k79_68005
1133	k79_36564
1134	k79_82416
1135	k79_31806
1136	k79_66937
1137	k79_3429
1138	k79_44983
1139	k79_45965
1140	k79_31409
1141	k79_38096
1141	k79_27760
1141	k79_66739
1141	k79_49830
1142	k79_52343
1143	k79_88835
1144	k79_76879
1145	k79_63790
1146	k79_86363
1147	k79_50566
1148	k79_26712
1149	k79_2471
1150	k79_70395
1151	k79_20341
1152	k79_13005
1153	k79_40652
1154	k79_73884
1154	k79_93048
1155	k79_39941
1156	k79_23331
1157	k79_96257
1158	k79_14982
1159	k79_31095
1160	k79_11950
1161	k79_48173
1162	k79_71964
1163	k79_18470
1164	k79_86651
1165	k79_21917
1166	k79_1153
1167	k79_39800
1168	k79_3057
1169	k79_10465
1170	k79_71375
1171	k79_75906
1171	k79_1726
1172	k79_77873
1173	k79_91310
1174	k79_14469
1175	k79_5726
1176	k79_65230
1177	k79_93384
1178	k79_14271
1179	k79_15539
1180	k79_62905
1181	k79_54767
1182	k79_48226
1183	k79_26444
1184	k79_5534
1185	k79_1821
1186	k79_72984
1187	k79_19506
1188	k79_82312
1189	k79_51539
1190	k79_60833
1191	k79_40757
1192	k79_89919
1193	k79_10419
1194	k79_63591
1195	k79_84966
1196	k79_94868
1197	k79_42663
1198	k79_67248
1199	k79_73915
1200	k79_51722
1201	k79_39829
1202	k79_31590
1203	k79_78910
1204	k79_93639
1205	k79_76062
1206	k79_29985
1207	k79_74926
1208	k79_20681
1209	k79_9326
1209	k79_44408
1210	k79_90167
1210	k79_37238
1210	k79_27050
1210	k79_76502
1210	k79_37320
1210	k79_93133
1210	k79_85641
1211	k79_39851
1212	k79_96241
1213	k79_32779
1214	k79_49210
1215	k79_74511
1216	k79_30557
1217	k79_70935
1218	k79_53486
1219	k79_81687
1220	k79_64848
1221	k79_80830
1222	k79_62134
1223	k79_2446
1224	k79_47002
1225	k79_12581
1226	k79_66827
1227	k79_36362
1228	k79_69174
1229	k79_34572
1230	k79_18683
1231	k79_66759
1232	k79_61012
1232	k79_45325
1233	k79_57487
1234	k79_85041
1235	k79_90242
1236	k79_33744
1237	k79_41342
1238	k79_68337
1239	k79_32193
1240	k79_56077
1241	k79_63544
1242	k79_28383
1243	k79_91745
1244	k79_8864
1245	k79_9433
1246	k79_393
1247	k79_42474
1248	k79_23469
1249	k79_10191
1250	k79_22465
1251	k79_50391
1252	k79_89119
1253	k79_8999
1254	k79_13026
1255	k79_46790
1256	k79_22338
1257	k79_28984
1258	k79_77309
1259	k79_5873
1260	k79_68835
1261	k79_42959
1262	k79_93432
1263	k79_93362
1263	k79_65432
1263	k79_85906
1264	k79_20452
1265	k79_85407
1266	k79_57302
1267	k79_19967
1268	k79_24209
1269	k79_84700
1270	k79_80538
1271	k79_87632
1272	k79_53329
1273	k79_53499
1274	k79_47027
1275	k79_60735
1276	k79_24572
1277	k79_95935
1278	k79_86387
1279	k79_6781
1280	k79_18205
1281	k79_13778
1282	k79_41749
1283	k79_50973
1284	k79_69114
1285	k79_95861
1286	k79_71351
1287	k79_26755
1288	k79_3536
1289	k79_52525
1290	k79_60396
1291	k79_79691
1292	k79_57557
1293	k79_92656
1294	k79_75589
1295	k79_61955
1296	k79_2421
1297	k79_3693
1298	k79_18346
1299	k79_1217
1300	k79_36313
1301	k79_89723
1302	k79_56331
1303	k79_66365
1304	k79_48878
1305	k79_55003
1306	k79_35990
1307	k79_11726
1308	k79_33299
1309	k79_15903
1310	k79_45698
1311	k79_92245
1312	k79_19307
1313	k79_1267
1314	k79_76707
1314	k79_50997
1314	k79_31846
1314	k79_52637
1315	k79_76119
1316	k79_81121
1316	k79_16662
1316	k79_27636
1316	k79_13648
1316	k79_73603
1317	k79_94539
1318	k79_31028
1319	k79_46588
1320	k79_77015
1321	k79_85787
1322	k79_20490
1323	k79_28549
1324	k79_35218
1325	k79_32841
1326	k79_19344
1327	k79_62616
1328	k79_25316
1329	k79_96391
1329	k79_12946
1329	k79_81517
1329	k79_85681
1329	k79_15372
1329	k79_90514
1329	k79_26259
1329	k79_52669
1329	k79_87374
1329	k79_45685
1329	k79_93344
1329	k79_71970
1329	k79_63782
1329	k79_49051
1329	k79_9349
1329	k79_35734
1329	k79_73702
1329	k79_18611
1329	k79_1406
1329	k79_30355
1329	k79_71827
1329	k79_297
1329	k79_58698
1329	k79_92252
1329	k79_35758
1329	k79_36135
1329	k79_63106
1329	k79_657
1329	k79_9463
1329	k79_85022
1329	k79_65325
1329	k79_52291
1329	k79_7700
1329	k79_51958
1329	k79_4157
1329	k79_57624
1329	k79_47530
1329	k79_76482
1329	k79_48054
1329	k79_31370
1329	k79_33826
1329	k79_26378
1329	k79_90368
1329	k79_24680
1329	k79_49682
1329	k79_54951
1329	k79_61851
1329	k79_71423
1329	k79_27324
1329	k79_34213
1329	k79_88166
1329	k79_39999
1329	k79_15594
1329	k79_47104
1329	k79_88124
1329	k79_25898
1329	k79_40162
1329	k79_88679
1329	k79_72935
1329	k79_19840
1329	k79_15348
1329	k79_76526
1329	k79_80643
1329	k79_59403
1329	k79_5378
1329	k79_62492
1329	k79_6858
1329	k79_1155
1329	k79_84028
1329	k79_11449
1329	k79_44556
1329	k79_87351
1329	k79_86397
1329	k79_61039
1329	k79_94341
1329	k79_38461
1329	k79_7948
1329	k79_58639
1329	k79_14006
1329	k79_2699
1329	k79_49925
1329	k79_48086
1329	k79_21545
1329	k79_10054
1329	k79_42693
1329	k79_30272
1329	k79_85752
1329	k79_13111
1329	k79_38583
1329	k79_46893
1329	k79_31261
1329	k79_81810
1329	k79_10090
1329	k79_66216
1329	k79_11081
1329	k79_70043
1329	k79_7975
1329	k79_24575
1329	k79_19505
1329	k79_76268
1329	k79_24054
1329	k79_75957
1329	k79_66535
1329	k79_16870
1329	k79_38675
1329	k79_3341
1329	k79_16958
1329	k79_6972
1329	k79_7462
1329	k79_30369
1329	k79_61130
1329	k79_93425
1329	k79_10332
1329	k79_61052
1329	k79_16959
1329	k79_39726
1329	k79_69904
1329	k79_83876
1329	k79_71993
1329	k79_49010
1329	k79_53038
1329	k79_63281
1329	k79_49208
1329	k79_83432
1329	k79_87267
1329	k79_38209
1329	k79_14739
1329	k79_4204
1329	k79_59037
1329	k79_73383
1329	k79_5316
1329	k79_5863
1329	k79_71894
1329	k79_90042
1329	k79_57211
1329	k79_91551
1329	k79_3637
1329	k79_49804
1329	k79_75702
1329	k79_70946
1329	k79_56591
1329	k79_84662
1329	k79_24481
1330	k79_64802
1331	k79_84568
1332	k79_35590
1333	k79_24353
1334	k79_29703
1335	k79_7758
1336	k79_60963
1337	k79_43259
1338	k79_16511
1339	k79_81725
1340	k79_55430
1341	k79_6351
1342	k79_63340
1343	k79_95571
1344	k79_30395
1345	k79_76406
1346	k79_10410
1347	k79_31030
1348	k79_64019
1349	k79_6434
1350	k79_85513
1351	k79_20711
1352	k79_29997
1352	k79_29392
1353	k79_83898
1354	k79_6344
1355	k79_15685
1356	k79_87620
1357	k79_13271
1358	k79_13855
1359	k79_20260
1360	k79_14708
1361	k79_67199
1362	k79_26917
1363	k79_46672
1364	k79_89860
1365	k79_48753
1366	k79_95734
1367	k79_14815
1368	k79_50621
1368	k79_54704
1368	k79_93157
1368	k79_406
1369	k79_6135
1370	k79_51130
1371	k79_65171
1372	k79_92441
1373	k79_48833
1374	k79_6257
1375	k79_29642
1376	k79_94746
1377	k79_11716
1378	k79_42348
1378	k79_93214
1379	k79_75230
1380	k79_95821
1381	k79_4325
1382	k79_81070
1383	k79_42412
1384	k79_15792
1385	k79_95979
1386	k79_96063
1387	k79_91757
1388	k79_51663
1389	k79_570
1390	k79_76935
1391	k79_40223
1392	k79_50508
1393	k79_28423
1393	k79_69540
1393	k79_70332
1393	k79_67470
1393	k79_67840
1393	k79_17653
1393	k79_59255
1393	k79_25199
1393	k79_46604
1393	k79_58051
1393	k79_10114
1393	k79_75276
1393	k79_85526
1393	k79_32414
1393	k79_897
1393	k79_61818
1393	k79_73160
1393	k79_75895
1393	k79_29625
1393	k79_28202
1393	k79_15604
1393	k79_70203
1394	k79_46166
1395	k79_53884
1396	k79_254
1397	k79_45342
1398	k79_80336
1399	k79_92275
1400	k79_77450
1401	k79_89004
1402	k79_1606
1403	k79_31788
1404	k79_40019
1405	k79_56486
1406	k79_50527
1407	k79_37656
1408	k79_17480
1409	k79_20643
1410	k79_78161
1411	k79_34539
1412	k79_27144
1413	k79_72129
1414	k79_50038
1415	k79_515
1416	k79_95234
1417	k79_11863
1418	k79_62317
1419	k79_6160
1420	k79_60662
1421	k79_61994
1422	k79_65210
1423	k79_66160
1424	k79_267
1425	k79_88438
1426	k79_73426
1426	k79_63505
1427	k79_18978
1428	k79_73651
1428	k79_33757
1429	k79_69607
1430	k79_89252
1431	k79_70615
1432	k79_66341
1433	k79_75061
1434	k79_33482
1435	k79_24974
1436	k79_79288
1437	k79_16759
1438	k79_17008
1439	k79_17157
1440	k79_64004
1441	k79_75874
1442	k79_22195
1443	k79_36602
1444	k79_57117
1445	k79_10806
1446	k79_28982
1447	k79_81223
1448	k79_64078
1449	k79_8641
1450	k79_74586
1451	k79_10594
1452	k79_42817
1453	k79_56436
1454	k79_69428
1455	k79_50606
1456	k79_8776
1457	k79_93892
1458	k79_34641
1459	k79_68897
1460	k79_63304
1461	k79_92397
1462	k79_55204
1463	k79_79439
1464	k79_25320
1465	k79_80987
1466	k79_6136
1467	k79_14685
1468	k79_26955
1469	k79_40931
1470	k79_85188
1471	k79_21658
1472	k79_36806
1472	k79_24860
1473	k79_87080
1474	k79_82568
1475	k79_8972
1476	k79_76931
1477	k79_40750
1478	k79_33124
1479	k79_75553
1480	k79_47935
1481	k79_60669
1482	k79_49735
1483	k79_90434
1484	k79_18503
1485	k79_34132
1486	k79_43654
1487	k79_33330
1488	k79_60238
1488	k79_1188
1488	k79_91339
1489	k79_9451
1490	k79_77206
1491	k79_3822
1492	k79_5552
1493	k79_5483
1494	k79_47222
1495	k79_20196
1496	k79_70715
1497	k79_17179
1497	k79_58842
1498	k79_81543
1499	k79_40523
1500	k79_20984
1501	k79_20437
1502	k79_87619
1503	k79_86428
1504	k79_12986
1505	k79_84793
1506	k79_8690
1506	k79_42752
1507	k79_25535
1508	k79_20060
1509	k79_77037
1510	k79_33768
1511	k79_31534
1512	k79_81182
1513	k79_22446
1514	k79_90071
1515	k79_24489
1516	k79_1003
1517	k79_31420
1518	k79_5127
1519	k79_3181
1520	k79_40343
1521	k79_31887
1522	k79_7592
1523	k79_84430
1524	k79_47385
1525	k79_83910
1526	k79_54432
1527	k79_44199
1528	k79_52634
1529	k79_74377
1530	k79_89233
1530	k79_22037
1530	k79_10928
1531	k79_33429
1532	k79_35855
1533	k79_29786
1534	k79_61068
1535	k79_11650
1536	k79_63765
1537	k79_57032
1538	k79_44822
1539	k79_55547
1540	k79_19700
1541	k79_58244
1542	k79_5038
1543	k79_4484
1544	k79_28170
1545	k79_2542
1546	k79_9266
1547	k79_16767
1548	k79_25747
1549	k79_35680
1550	k79_84560
1551	k79_85231
1552	k79_82492
1553	k79_10266
1554	k79_25252
1555	k79_74256
1556	k79_73791
1556	k79_64954
1557	k79_91227
1558	k79_13997
1559	k79_19783
1560	k79_9663
1561	k79_73154
1562	k79_76538
1563	k79_57160
1564	k79_13516
1565	k79_33572
1566	k79_69762
1567	k79_3350
1568	k79_76819
1569	k79_61061
1570	k79_27376
1571	k79_34664
1572	k79_93123
1573	k79_81829
1574	k79_6004
1575	k79_12176
1576	k79_27275
1577	k79_79329
1578	k79_73048
1579	k79_75188
1580	k79_25155
1581	k79_42524
1582	k79_95398
1583	k79_22949
1584	k79_24116
1585	k79_67907
1586	k79_85317
1587	k79_41249
1588	k79_36892
1589	k79_19232
1590	k79_30143
1591	k79_50542
1592	k79_61429
1593	k79_39496
1594	k79_47496
1595	k79_53304
1595	k79_71786
1595	k79_16817
1595	k79_86630
1595	k79_22819
1595	k79_80851
1595	k79_89135
1595	k79_93149
1595	k79_51327
1596	k79_9055
1597	k79_61708
1598	k79_3300
1599	k79_82945
1600	k79_6372
1601	k79_59200
1602	k79_34611
1602	k79_2502
1603	k79_4199
1604	k79_53412
1605	k79_28302
1606	k79_72488
1607	k79_65397
1608	k79_93646
1609	k79_56471
1609	k79_92253
1609	k79_24303
1610	k79_18732
1611	k79_78705
1612	k79_26059
1613	k79_53890
1614	k79_8714
1615	k79_69460
1616	k79_64271
1616	k79_34643
1617	k79_57102
1618	k79_5890
1619	k79_74839
1620	k79_59813
1621	k79_8470
1622	k79_85194
1623	k79_51046
1624	k79_90413
1625	k79_84033
1626	k79_64803
1627	k79_87727
1628	k79_62392
1629	k79_22639
1630	k79_91779
1631	k79_81034
1632	k79_26104
1633	k79_21640
1634	k79_11398
1635	k79_71830
1636	k79_79701
1637	k79_11279
1638	k79_40666
1639	k79_51862
1640	k79_59066
1641	k79_50650
1642	k79_30367
1643	k79_30177
1644	k79_84428
1645	k79_39491
1646	k79_65530
1647	k79_51981
1648	k79_44498
1649	k79_86890
1650	k79_18555
1651	k79_24650
1652	k79_41509
1653	k79_21891
1654	k79_72470
1655	k79_55962
1656	k79_74050
1657	k79_18657
1658	k79_51378
1659	k79_10952
1660	k79_502
1661	k79_73632
1662	k79_85300
1663	k79_56017
1664	k79_28304
1665	k79_68180
1666	k79_29812
1667	k79_42635
1668	k79_63685
1669	k79_70442
1670	k79_3434
1671	k79_25552
1672	k79_94627
1673	k79_64157
1674	k79_27328
1675	k79_89874
1676	k79_1803
1677	k79_32774
1678	k79_79041
1679	k79_31267
1680	k79_26027
1681	k79_17271
1682	k79_29040
1683	k79_5165
1684	k79_36241
1685	k79_76219
1686	k79_59928
1687	k79_54548
1687	k79_81718
1688	k79_27302
1689	k79_87436
1690	k79_51317
1691	k79_12640
1692	k79_59057
1693	k79_68568
1694	k79_86448
1695	k79_90665
1696	k79_19295
1697	k79_41452
1698	k79_59733
1699	k79_75176
1700	k79_61807
1701	k79_69169
1702	k79_55787
1703	k79_36187
1704	k79_63666
1705	k79_84677
1706	k79_57529
1707	k79_55734
1708	k79_47007
1709	k79_40327
1710	k79_44915
1711	k79_47995
1712	k79_13199
1713	k79_13607
1714	k79_56879
1715	k79_37263
1716	k79_5403
1717	k79_21168
1718	k79_68943
1719	k79_36847
1720	k79_66831
1721	k79_87500
1722	k79_24475
1723	k79_36611
1724	k79_148
1725	k79_84360
1726	k79_24798
1727	k79_94342
1728	k79_49794
1729	k79_34109
1730	k79_2686
1731	k79_2116
1732	k79_62537
1733	k79_13555
1734	k79_9314
1735	k79_25656
1736	k79_21997
1737	k79_5320
1738	k79_12501
1739	k79_7767
1740	k79_3992
1741	k79_42411
1742	k79_75082
1743	k79_5985
1744	k79_2395
1745	k79_92190
1746	k79_74468
1747	k79_81079
1748	k79_38707
1749	k79_61168
1750	k79_94575
1751	k79_77022
1752	k79_16718
1753	k79_47099
1754	k79_69384
1755	k79_85916
1756	k79_40024
1756	k79_77640
1757	k79_57719
1757	k79_26531
1757	k79_7068
1757	k79_74852
1757	k79_41151
1757	k79_3800
1757	k79_65061
1757	k79_44325
1757	k79_60120
1758	k79_45717
1759	k79_54397
1759	k79_87437
1759	k79_25715
1759	k79_46758
1759	k79_63165
1759	k79_87049
1759	k79_56250
1759	k79_34321
1759	k79_19258
1759	k79_71282
1759	k79_56532
1759	k79_67196
1759	k79_75274
1759	k79_9283
1759	k79_85887
1759	k79_90834
1759	k79_32592
1759	k79_39961
1759	k79_42642
1759	k79_65306
1759	k79_512
1759	k79_19519
1759	k79_81306
1759	k79_59701
1759	k79_71897
1759	k79_33759
1759	k79_1859
1759	k79_57404
1759	k79_16316
1759	k79_84719
1759	k79_83570
1759	k79_78758
1759	k79_53705
1759	k79_64615
1759	k79_43021
1760	k79_92080
1760	k79_75913
1761	k79_38008
1761	k79_48832
1761	k79_95120
1762	k79_14230
1762	k79_56558
1762	k79_87623
1762	k79_59503
1763	k79_50060
1763	k79_50857
1763	k79_23381
1763	k79_24546
1763	k79_14557
1763	k79_87975
1763	k79_34429
1764	k79_95186
1764	k79_6813
1764	k79_4410
1765	k79_57033
1765	k79_3574
1765	k79_19060
1765	k79_45763
1765	k79_26743
1765	k79_50564
1765	k79_83312
1765	k79_69787
1765	k79_87799
1766	k79_7482
1766	k79_33064
1766	k79_26921
1766	k79_63886
1766	k79_55298
1766	k79_24767
1766	k79_39422
1766	k79_86481
1766	k79_12482
1766	k79_20695
1766	k79_45644
1766	k79_59483
1766	k79_61843
1766	k79_51640
1766	k79_30671
1766	k79_49250
1766	k79_42834
1766	k79_51124
1766	k79_46780
1766	k79_57683
1766	k79_35809
1766	k79_73673
1766	k79_25971
1766	k79_72911
1766	k79_20374
1766	k79_42097
1766	k79_4243
1766	k79_79491
1766	k79_55265
1766	k79_79295
1766	k79_34637
1766	k79_38512
1766	k79_73770
1766	k79_76020
1766	k79_41222
1766	k79_45910
1766	k79_11482
1766	k79_11335
1766	k79_4867
1766	k79_77473
1766	k79_44359
1766	k79_37907
1766	k79_15653
1766	k79_92552
1766	k79_13878
1766	k79_31044
1766	k79_53567
1766	k79_27455
1766	k79_78241
1766	k79_32009
1766	k79_61989
1766	k79_50780
1766	k79_77671
1766	k79_25582
1766	k79_76227
1766	k79_78088
1766	k79_14229
1766	k79_44980
1766	k79_27812
1766	k79_40616
1766	k79_25831
1766	k79_46889
1766	k79_54193
1766	k79_71063
1766	k79_5169
1766	k79_54257
1766	k79_50894
1766	k79_10362
1766	k79_76247
1766	k79_50082
1766	k79_29841
1766	k79_6484
1766	k79_57743
1766	k79_23538
1766	k79_88308
1766	k79_1046
1766	k79_91906
1766	k79_34831
1766	k79_86907
1766	k79_29225
1766	k79_18145
1766	k79_55173
1766	k79_10895
1766	k79_23861
1766	k79_30162
1766	k79_37807
1766	k79_91040
1766	k79_38948
1766	k79_40513
1766	k79_4471
1766	k79_84645
1766	k79_6548
1766	k79_1144
1766	k79_89814
1766	k79_22713
1766	k79_65571
1766	k79_45848
1766	k79_87944
1766	k79_12957
1766	k79_92311
1766	k79_85408
1766	k79_80820
1766	k79_20144
1766	k79_9550
1766	k79_70370
1766	k79_23117
1766	k79_14167
1766	k79_89821
1766	k79_80060
1766	k79_21972
1766	k79_23998
1766	k79_71748
1766	k79_49293
1766	k79_66466
1766	k79_42378
1766	k79_13257
1766	k79_23497
1766	k79_87606
1766	k79_94972
1766	k79_41358
1766	k79_90076
1766	k79_61060
1766	k79_85200
1766	k79_10150
1766	k79_68577
1766	k79_46512
1766	k79_36259
1766	k79_67998
1766	k79_65019
1766	k79_2469
1766	k79_90613
1766	k79_52973
1766	k79_10300
1766	k79_66490
1766	k79_1254
1766	k79_24905
1766	k79_43562
1766	k79_19755
1766	k79_14694
1766	k79_39385
1766	k79_52864
1766	k79_81136
1766	k79_93899
1766	k79_11645
1766	k79_35339
1766	k79_48056
1766	k79_41014
1766	k79_36894
1766	k79_2522
1766	k79_8975
1766	k79_22039
1766	k79_89405
1766	k79_49938
1766	k79_93791
1766	k79_88231
1766	k79_40114
1766	k79_37873
1766	k79_95241
1766	k79_758
1766	k79_11551
1766	k79_92177
1766	k79_22160
1766	k79_21862
1766	k79_28838
1766	k79_93840
1766	k79_80650
1766	k79_60863
1766	k79_74917
1766	k79_39450
1766	k79_7779
1766	k79_38696
1766	k79_27664
1766	k79_88384
1766	k79_74885
1766	k79_587
1766	k79_43582
1766	k79_38935
1766	k79_17921
1766	k79_67408
1766	k79_40294
1766	k79_41970
1766	k79_95839
1766	k79_60539
1766	k79_12714
1766	k79_12428
1766	k79_32515
1766	k79_89142
1766	k79_42046
1766	k79_22807
1766	k79_43967
1766	k79_23318
1766	k79_53406
1766	k79_66895
1766	k79_67285
1766	k79_62528
1766	k79_32848
1766	k79_89558
1766	k79_38754
1766	k79_701
1766	k79_43714
1766	k79_79821
1766	k79_23829
1766	k79_59751
1766	k79_23986
1766	k79_86024
1766	k79_89200
1766	k79_3616
1766	k79_82251
1766	k79_3841
1766	k79_32105
1766	k79_13194
1766	k79_62370
1766	k79_33261
1766	k79_84132
1766	k79_73056
1766	k79_15364
1766	k79_80829
1766	k79_50590
1766	k79_66183
1766	k79_90710
1766	k79_64610
1766	k79_77953
1766	k79_31191
1766	k79_58088
1766	k79_7060
1766	k79_6509
1766	k79_86060
1766	k79_65044
1766	k79_15035
1766	k79_33606
1766	k79_54260
1766	k79_4047
1766	k79_41569
1766	k79_66204
1766	k79_26419
1766	k79_80224
1766	k79_26710
1766	k79_40153
1766	k79_82227
1766	k79_91264
1766	k79_38104
1766	k79_64517
1766	k79_66572
1766	k79_91154
1766	k79_30883
1766	k79_13845
1766	k79_61904
1766	k79_46824
1766	k79_83904
1766	k79_30092
1766	k79_77279
1766	k79_32199
1766	k79_47981
1766	k79_85525
1766	k79_66500
1766	k79_54727
1766	k79_78614
1766	k79_53933
1766	k79_14995
1766	k79_25724
1766	k79_82758
1766	k79_91091
1766	k79_16455
1766	k79_86050
1766	k79_62829
1766	k79_55504
1766	k79_69219
1766	k79_75195
1766	k79_58336
1766	k79_5987
1766	k79_38684
1766	k79_32967
1766	k79_96085
1766	k79_31779
1766	k79_49970
1766	k79_8226
1766	k79_40337
1766	k79_61186
1766	k79_39479
1766	k79_41040
1766	k79_85088
1766	k79_67936
1766	k79_922
1766	k79_9148
1766	k79_23911
1766	k79_80106
1766	k79_81457
1766	k79_85518
1766	k79_34896
1766	k79_26375
1766	k79_52871
1766	k79_50187
1766	k79_10435
1766	k79_56378
1766	k79_59835
1766	k79_71491
1766	k79_51613
1766	k79_33249
1766	k79_84024
1766	k79_71832
1766	k79_14305
1766	k79_43645
1766	k79_51079
1766	k79_55291
1766	k79_39227
1766	k79_54110
1766	k79_2628
1766	k79_3755
1766	k79_4947
1766	k79_69419
1766	k79_1214
1766	k79_41769
1766	k79_37646
1766	k79_68223
1766	k79_42884
1766	k79_3788
1766	k79_89615
1766	k79_52334
1766	k79_93908
1766	k79_61149
1766	k79_28992
1766	k79_86407
1766	k79_80602
1766	k79_83873
1766	k79_60129
1766	k79_28464
1766	k79_92008
1766	k79_28774
1766	k79_74028
1766	k79_78245
1766	k79_38470
1766	k79_87323
1766	k79_21356
1766	k79_6598
1766	k79_48382
1766	k79_57583
1766	k79_72759
1766	k79_76749
1766	k79_7600
1766	k79_71811
1766	k79_53266
1766	k79_93320
1766	k79_89838
1766	k79_11374
1766	k79_3287
1766	k79_20160
1766	k79_15799
1766	k79_50320
1766	k79_74403
1766	k79_56466
1766	k79_58168
1766	k79_21585
1766	k79_14060
1766	k79_82559
1766	k79_66882
1766	k79_57081
1766	k79_16944
1766	k79_79645
1766	k79_13364
1766	k79_17155
1766	k79_72372
1766	k79_34995
1766	k79_38071
1766	k79_72886
1766	k79_61576
1766	k79_45682
1766	k79_25272
1766	k79_65568
1766	k79_13036
1766	k79_4504
1766	k79_63180
1766	k79_42550
1766	k79_60103
1766	k79_9182
1766	k79_42805
1766	k79_38871
1766	k79_69350
1766	k79_43168
1766	k79_78418
1766	k79_15575
1766	k79_15146
1766	k79_53361
1766	k79_17950
1766	k79_55955
1766	k79_1471
1766	k79_34739
1766	k79_44477
1766	k79_39225
1766	k79_15306
1766	k79_21254
1766	k79_4256
1766	k79_5078
1766	k79_32010
1766	k79_43304
1766	k79_13141
1767	k79_67459
1767	k79_68775
1767	k79_10065
1767	k79_5108
1768	k79_40904
1769	k79_61518
1769	k79_17527
1769	k79_8865
1770	k79_49680
1770	k79_26077
1770	k79_80694
1771	k79_1407
1771	k79_66799
1772	k79_95227
1772	k79_67958
1772	k79_39976
1772	k79_40520
1772	k79_74007
1772	k79_89069
1772	k79_28520
1773	k79_94394
1773	k79_91351
1774	k79_7784
1775	k79_64368
1776	k79_10988
1777	k79_92153
1778	k79_23982
1779	k79_52349
1780	k79_54580
1781	k79_19011
1782	k79_21511
1783	k79_33630
1784	k79_73552
1785	k79_39220
1786	k79_2269
1787	k79_82224
1788	k79_30782
1789	k79_84344
1790	k79_65332
1790	k79_33285
1791	k79_1593
1792	k79_74631
1793	k79_49798
1794	k79_84979
