k79_93224	ERR011347_MEGAHIT_MetaBinner.1
k79_78858	ERR011347_MEGAHIT_MetaBinner.1
k79_95121	ERR011347_MEGAHIT_MetaBinner.1
k79_43694	ERR011347_MEGAHIT_MetaBinner.1
k79_37316	ERR011347_MEGAHIT_MetaBinner.1
k79_91914	ERR011347_MEGAHIT_MetaBinner.1
k79_67282	ERR011347_MEGAHIT_MetaBinner.1
k79_39051	ERR011347_MEGAHIT_MetaBinner.1
k79_38029	ERR011347_MEGAHIT_MetaBinner.1
k79_43108	ERR011347_MEGAHIT_MetaBinner.1
k79_26351	ERR011347_MEGAHIT_MetaBinner.1
k79_62982	ERR011347_MEGAHIT_MetaBinner.1
k79_42457	ERR011347_MEGAHIT_MetaBinner.1
k79_41702	ERR011347_MEGAHIT_MetaBinner.1
k79_17183	ERR011347_MEGAHIT_MetaBinner.1
k79_47705	ERR011347_MEGAHIT_MetaBinner.1
k79_50139	ERR011347_MEGAHIT_MetaBinner.1
k79_70464	ERR011347_MEGAHIT_MetaBinner.1
k79_31512	ERR011347_MEGAHIT_MetaBinner.1
k79_11079	ERR011347_MEGAHIT_MetaBinner.1
k79_13592	ERR011347_MEGAHIT_MetaBinner.1
k79_41927	ERR011347_MEGAHIT_MetaBinner.1
k79_76249	ERR011347_MEGAHIT_MetaBinner.1
k79_47706	ERR011347_MEGAHIT_MetaBinner.1
k79_64781	ERR011347_MEGAHIT_MetaBinner.1
k79_32004	ERR011347_MEGAHIT_MetaBinner.1
k79_80459	ERR011347_MEGAHIT_MetaBinner.1
k79_59966	ERR011347_MEGAHIT_MetaBinner.1
k79_59083	ERR011347_MEGAHIT_MetaBinner.1
k79_14651	ERR011347_MEGAHIT_MetaBinner.1
k79_26264	ERR011347_MEGAHIT_MetaBinner.1
k79_55325	ERR011347_MEGAHIT_MetaBinner.1
k79_18184	ERR011347_MEGAHIT_MetaBinner.1
k79_10292	ERR011347_MEGAHIT_MetaBinner.1
k79_59446	ERR011347_MEGAHIT_MetaBinner.1
k79_19575	ERR011347_MEGAHIT_MetaBinner.1
k79_52582	ERR011347_MEGAHIT_MetaBinner.1
k79_15803	ERR011347_MEGAHIT_MetaBinner.1
k79_43308	ERR011347_MEGAHIT_MetaBinner.1
k79_5557	ERR011347_MEGAHIT_MetaBinner.1
k79_39333	ERR011347_MEGAHIT_MetaBinner.1
k79_42225	ERR011347_MEGAHIT_MetaBinner.1
k79_35002	ERR011347_MEGAHIT_MetaBinner.1
k79_46048	ERR011347_MEGAHIT_MetaBinner.1
k79_11604	ERR011347_MEGAHIT_MetaBinner.1
k79_83454	ERR011347_MEGAHIT_MetaBinner.1
k79_95420	ERR011347_MEGAHIT_MetaBinner.1
k79_20393	ERR011347_MEGAHIT_MetaBinner.1
k79_94901	ERR011347_MEGAHIT_MetaBinner.1
k79_1001	ERR011347_MEGAHIT_MetaBinner.1
k79_10582	ERR011347_MEGAHIT_MetaBinner.1
k79_11230	ERR011347_MEGAHIT_MetaBinner.1
k79_89513	ERR011347_MEGAHIT_MetaBinner.1
k79_19021	ERR011347_MEGAHIT_MetaBinner.1
k79_65272	ERR011347_MEGAHIT_MetaBinner.1
k79_71799	ERR011347_MEGAHIT_MetaBinner.1
k79_39077	ERR011347_MEGAHIT_MetaBinner.1
k79_27383	ERR011347_MEGAHIT_MetaBinner.1
k79_78657	ERR011347_MEGAHIT_MetaBinner.1
k79_58529	ERR011347_MEGAHIT_MetaBinner.1
k79_50806	ERR011347_MEGAHIT_MetaBinner.1
k79_80355	ERR011347_MEGAHIT_MetaBinner.1
k79_78223	ERR011347_MEGAHIT_MetaBinner.1
k79_69462	ERR011347_MEGAHIT_MetaBinner.1
k79_37637	ERR011347_MEGAHIT_MetaBinner.1
k79_70189	ERR011347_MEGAHIT_MetaBinner.1
k79_34319	ERR011347_MEGAHIT_MetaBinner.1
k79_32520	ERR011347_MEGAHIT_MetaBinner.1
k79_89701	ERR011347_MEGAHIT_MetaBinner.1
k79_12501	ERR011347_MEGAHIT_MetaBinner.1
k79_10262	ERR011347_MEGAHIT_MetaBinner.1
k79_79498	ERR011347_MEGAHIT_MetaBinner.1
k79_96171	ERR011347_MEGAHIT_MetaBinner.1
k79_84745	ERR011347_MEGAHIT_MetaBinner.1
k79_25854	ERR011347_MEGAHIT_MetaBinner.1
k79_62517	ERR011347_MEGAHIT_MetaBinner.1
k79_55795	ERR011347_MEGAHIT_MetaBinner.1
k79_94956	ERR011347_MEGAHIT_MetaBinner.1
k79_19653	ERR011347_MEGAHIT_MetaBinner.1
k79_80838	ERR011347_MEGAHIT_MetaBinner.1
k79_36134	ERR011347_MEGAHIT_MetaBinner.1
k79_35726	ERR011347_MEGAHIT_MetaBinner.1
k79_61849	ERR011347_MEGAHIT_MetaBinner.1
k79_82399	ERR011347_MEGAHIT_MetaBinner.1
k79_38774	ERR011347_MEGAHIT_MetaBinner.1
k79_83401	ERR011347_MEGAHIT_MetaBinner.1
k79_63698	ERR011347_MEGAHIT_MetaBinner.1
k79_82292	ERR011347_MEGAHIT_MetaBinner.1
k79_73136	ERR011347_MEGAHIT_MetaBinner.1
k79_80635	ERR011347_MEGAHIT_MetaBinner.1
k79_64195	ERR011347_MEGAHIT_MetaBinner.1
k79_50628	ERR011347_MEGAHIT_MetaBinner.1
k79_94437	ERR011347_MEGAHIT_MetaBinner.1
k79_57988	ERR011347_MEGAHIT_MetaBinner.1
k79_86500	ERR011347_MEGAHIT_MetaBinner.1
k79_49614	ERR011347_MEGAHIT_MetaBinner.1
k79_38150	ERR011347_MEGAHIT_MetaBinner.1
k79_18263	ERR011347_MEGAHIT_MetaBinner.1
k79_8524	ERR011347_MEGAHIT_MetaBinner.1
k79_53047	ERR011347_MEGAHIT_MetaBinner.1
k79_66858	ERR011347_MEGAHIT_MetaBinner.1
k79_46807	ERR011347_MEGAHIT_MetaBinner.1
k79_68711	ERR011347_MEGAHIT_MetaBinner.1
k79_81065	ERR011347_MEGAHIT_MetaBinner.1
k79_25880	ERR011347_MEGAHIT_MetaBinner.1
k79_54787	ERR011347_MEGAHIT_MetaBinner.1
k79_24309	ERR011347_MEGAHIT_MetaBinner.1
k79_78553	ERR011347_MEGAHIT_MetaBinner.1
k79_81778	ERR011347_MEGAHIT_MetaBinner.1
k79_5678	ERR011347_MEGAHIT_MetaBinner.1
k79_46929	ERR011347_MEGAHIT_MetaBinner.1
k79_4189	ERR011347_MEGAHIT_MetaBinner.1
k79_33192	ERR011347_MEGAHIT_MetaBinner.1
k79_600	ERR011347_MEGAHIT_MetaBinner.1
k79_23527	ERR011347_MEGAHIT_MetaBinner.1
k79_33106	ERR011347_MEGAHIT_MetaBinner.1
k79_3302	ERR011347_MEGAHIT_MetaBinner.1
k79_22961	ERR011347_MEGAHIT_MetaBinner.1
k79_20054	ERR011347_MEGAHIT_MetaBinner.1
k79_5030	ERR011347_MEGAHIT_MetaBinner.1
k79_74310	ERR011347_MEGAHIT_MetaBinner.1
k79_75200	ERR011347_MEGAHIT_MetaBinner.1
k79_30006	ERR011347_MEGAHIT_MetaBinner.1
k79_46972	ERR011347_MEGAHIT_MetaBinner.1
k79_51761	ERR011347_MEGAHIT_MetaBinner.1
k79_33172	ERR011347_MEGAHIT_MetaBinner.1
k79_13766	ERR011347_MEGAHIT_MetaBinner.1
k79_81767	ERR011347_MEGAHIT_MetaBinner.1
k79_85247	ERR011347_MEGAHIT_MetaBinner.1
k79_88481	ERR011347_MEGAHIT_MetaBinner.1
k79_30116	ERR011347_MEGAHIT_MetaBinner.1
k79_92025	ERR011347_MEGAHIT_MetaBinner.1
k79_45480	ERR011347_MEGAHIT_MetaBinner.1
k79_18027	ERR011347_MEGAHIT_MetaBinner.1
k79_94028	ERR011347_MEGAHIT_MetaBinner.1
k79_64956	ERR011347_MEGAHIT_MetaBinner.1
k79_25094	ERR011347_MEGAHIT_MetaBinner.1
k79_96385	ERR011347_MEGAHIT_MetaBinner.1
k79_55435	ERR011347_MEGAHIT_MetaBinner.1
k79_66224	ERR011347_MEGAHIT_MetaBinner.1
k79_86663	ERR011347_MEGAHIT_MetaBinner.1
k79_30560	ERR011347_MEGAHIT_MetaBinner.1
k79_42788	ERR011347_MEGAHIT_MetaBinner.1
k79_10759	ERR011347_MEGAHIT_MetaBinner.1
k79_18314	ERR011347_MEGAHIT_MetaBinner.1
k79_20190	ERR011347_MEGAHIT_MetaBinner.1
k79_63598	ERR011347_MEGAHIT_MetaBinner.1
k79_17950	ERR011347_MEGAHIT_MetaBinner.1
k79_46136	ERR011347_MEGAHIT_MetaBinner.1
k79_84213	ERR011347_MEGAHIT_MetaBinner.1
k79_79495	ERR011347_MEGAHIT_MetaBinner.1
k79_18805	ERR011347_MEGAHIT_MetaBinner.1
k79_27082	ERR011347_MEGAHIT_MetaBinner.1
k79_29075	ERR011347_MEGAHIT_MetaBinner.1
k79_24985	ERR011347_MEGAHIT_MetaBinner.1
k79_64939	ERR011347_MEGAHIT_MetaBinner.1
k79_82700	ERR011347_MEGAHIT_MetaBinner.1
k79_77122	ERR011347_MEGAHIT_MetaBinner.1
k79_67699	ERR011347_MEGAHIT_MetaBinner.1
k79_4097	ERR011347_MEGAHIT_MetaBinner.1
k79_35040	ERR011347_MEGAHIT_MetaBinner.1
k79_4187	ERR011347_MEGAHIT_MetaBinner.1
k79_58894	ERR011347_MEGAHIT_MetaBinner.1
k79_11823	ERR011347_MEGAHIT_MetaBinner.1
k79_41474	ERR011347_MEGAHIT_MetaBinner.1
k79_93333	ERR011347_MEGAHIT_MetaBinner.1
k79_56326	ERR011347_MEGAHIT_MetaBinner.1
k79_48314	ERR011347_MEGAHIT_MetaBinner.1
k79_19105	ERR011347_MEGAHIT_MetaBinner.1
k79_5586	ERR011347_MEGAHIT_MetaBinner.1
k79_60161	ERR011347_MEGAHIT_MetaBinner.1
k79_23324	ERR011347_MEGAHIT_MetaBinner.1
k79_42494	ERR011347_MEGAHIT_MetaBinner.1
k79_22174	ERR011347_MEGAHIT_MetaBinner.1
k79_40046	ERR011347_MEGAHIT_MetaBinner.1
k79_68709	ERR011347_MEGAHIT_MetaBinner.1
k79_93822	ERR011347_MEGAHIT_MetaBinner.1
k79_17150	ERR011347_MEGAHIT_MetaBinner.1
k79_71187	ERR011347_MEGAHIT_MetaBinner.1
k79_45798	ERR011347_MEGAHIT_MetaBinner.1
k79_33170	ERR011347_MEGAHIT_MetaBinner.1
k79_45826	ERR011347_MEGAHIT_MetaBinner.1
k79_20916	ERR011347_MEGAHIT_MetaBinner.1
k79_63762	ERR011347_MEGAHIT_MetaBinner.1
k79_58558	ERR011347_MEGAHIT_MetaBinner.1
k79_87026	ERR011347_MEGAHIT_MetaBinner.1
k79_1853	ERR011347_MEGAHIT_MetaBinner.1
k79_8246	ERR011347_MEGAHIT_MetaBinner.1
k79_25059	ERR011347_MEGAHIT_MetaBinner.1
k79_41762	ERR011347_MEGAHIT_MetaBinner.1
k79_74257	ERR011347_MEGAHIT_MetaBinner.1
k79_21562	ERR011347_MEGAHIT_MetaBinner.1
k79_45248	ERR011347_MEGAHIT_MetaBinner.1
k79_17911	ERR011347_MEGAHIT_MetaBinner.1
k79_42466	ERR011347_MEGAHIT_MetaBinner.1
k79_27160	ERR011347_MEGAHIT_MetaBinner.1
k79_80044	ERR011347_MEGAHIT_MetaBinner.1
k79_81092	ERR011347_MEGAHIT_MetaBinner.1
k79_65635	ERR011347_MEGAHIT_MetaBinner.1
k79_21792	ERR011347_MEGAHIT_MetaBinner.1
k79_38235	ERR011347_MEGAHIT_MetaBinner.1
k79_57513	ERR011347_MEGAHIT_MetaBinner.1
k79_81656	ERR011347_MEGAHIT_MetaBinner.1
k79_52430	ERR011347_MEGAHIT_MetaBinner.1
k79_3159	ERR011347_MEGAHIT_MetaBinner.1
k79_43524	ERR011347_MEGAHIT_MetaBinner.1
k79_27004	ERR011347_MEGAHIT_MetaBinner.1
k79_82819	ERR011347_MEGAHIT_MetaBinner.1
k79_44062	ERR011347_MEGAHIT_MetaBinner.1
k79_37871	ERR011347_MEGAHIT_MetaBinner.1
k79_42112	ERR011347_MEGAHIT_MetaBinner.1
k79_36526	ERR011347_MEGAHIT_MetaBinner.1
k79_48579	ERR011347_MEGAHIT_MetaBinner.1
k79_83538	ERR011347_MEGAHIT_MetaBinner.1
k79_78056	ERR011347_MEGAHIT_MetaBinner.1
k79_73399	ERR011347_MEGAHIT_MetaBinner.1
k79_1832	ERR011347_MEGAHIT_MetaBinner.1
k79_81686	ERR011347_MEGAHIT_MetaBinner.1
k79_30152	ERR011347_MEGAHIT_MetaBinner.1
k79_25981	ERR011347_MEGAHIT_MetaBinner.1
k79_11694	ERR011347_MEGAHIT_MetaBinner.1
k79_10578	ERR011347_MEGAHIT_MetaBinner.1
k79_50842	ERR011347_MEGAHIT_MetaBinner.1
k79_45508	ERR011347_MEGAHIT_MetaBinner.1
k79_57027	ERR011347_MEGAHIT_MetaBinner.1
k79_26799	ERR011347_MEGAHIT_MetaBinner.1
k79_74503	ERR011347_MEGAHIT_MetaBinner.1
k79_73938	ERR011347_MEGAHIT_MetaBinner.1
k79_90204	ERR011347_MEGAHIT_MetaBinner.1
k79_86621	ERR011347_MEGAHIT_MetaBinner.1
k79_33817	ERR011347_MEGAHIT_MetaBinner.1
k79_57687	ERR011347_MEGAHIT_MetaBinner.1
k79_82246	ERR011347_MEGAHIT_MetaBinner.1
k79_63265	ERR011347_MEGAHIT_MetaBinner.1
k79_74676	ERR011347_MEGAHIT_MetaBinner.1
k79_3594	ERR011347_MEGAHIT_MetaBinner.1
k79_21992	ERR011347_MEGAHIT_MetaBinner.1
k79_48784	ERR011347_MEGAHIT_MetaBinner.1
k79_73617	ERR011347_MEGAHIT_MetaBinner.1
k79_38679	ERR011347_MEGAHIT_MetaBinner.1
k79_92932	ERR011347_MEGAHIT_MetaBinner.1
k79_13800	ERR011347_MEGAHIT_MetaBinner.1
k79_75514	ERR011347_MEGAHIT_MetaBinner.1
k79_59356	ERR011347_MEGAHIT_MetaBinner.1
k79_32039	ERR011347_MEGAHIT_MetaBinner.1
k79_14441	ERR011347_MEGAHIT_MetaBinner.1
k79_15585	ERR011347_MEGAHIT_MetaBinner.1
k79_3267	ERR011347_MEGAHIT_MetaBinner.1
k79_92689	ERR011347_MEGAHIT_MetaBinner.1
k79_42335	ERR011347_MEGAHIT_MetaBinner.1
k79_40870	ERR011347_MEGAHIT_MetaBinner.1
k79_402	ERR011347_MEGAHIT_MetaBinner.1
k79_17202	ERR011347_MEGAHIT_MetaBinner.1
k79_28115	ERR011347_MEGAHIT_MetaBinner.1
k79_31230	ERR011347_MEGAHIT_MetaBinner.1
k79_17306	ERR011347_MEGAHIT_MetaBinner.1
k79_22019	ERR011347_MEGAHIT_MetaBinner.1
k79_70318	ERR011347_MEGAHIT_MetaBinner.1
k79_49177	ERR011347_MEGAHIT_MetaBinner.1
k79_73434	ERR011347_MEGAHIT_MetaBinner.1
k79_62586	ERR011347_MEGAHIT_MetaBinner.1
k79_11440	ERR011347_MEGAHIT_MetaBinner.1
k79_6869	ERR011347_MEGAHIT_MetaBinner.1
k79_72094	ERR011347_MEGAHIT_MetaBinner.1
k79_81630	ERR011347_MEGAHIT_MetaBinner.1
k79_33922	ERR011347_MEGAHIT_MetaBinner.1
k79_43823	ERR011347_MEGAHIT_MetaBinner.1
k79_48731	ERR011347_MEGAHIT_MetaBinner.1
k79_81977	ERR011347_MEGAHIT_MetaBinner.1
k79_73672	ERR011347_MEGAHIT_MetaBinner.1
k79_42758	ERR011347_MEGAHIT_MetaBinner.1
k79_30832	ERR011347_MEGAHIT_MetaBinner.1
k79_54919	ERR011347_MEGAHIT_MetaBinner.1
k79_20523	ERR011347_MEGAHIT_MetaBinner.1
k79_69100	ERR011347_MEGAHIT_MetaBinner.1
k79_8123	ERR011347_MEGAHIT_MetaBinner.1
k79_9843	ERR011347_MEGAHIT_MetaBinner.1
k79_74673	ERR011347_MEGAHIT_MetaBinner.1
k79_73851	ERR011347_MEGAHIT_MetaBinner.1
k79_2501	ERR011347_MEGAHIT_MetaBinner.1
k79_15813	ERR011347_MEGAHIT_MetaBinner.1
k79_16721	ERR011347_MEGAHIT_MetaBinner.1
k79_54415	ERR011347_MEGAHIT_MetaBinner.1
k79_52300	ERR011347_MEGAHIT_MetaBinner.1
k79_84698	ERR011347_MEGAHIT_MetaBinner.1
k79_36315	ERR011347_MEGAHIT_MetaBinner.1
k79_55206	ERR011347_MEGAHIT_MetaBinner.1
k79_39030	ERR011347_MEGAHIT_MetaBinner.1
k79_22467	ERR011347_MEGAHIT_MetaBinner.1
k79_87115	ERR011347_MEGAHIT_MetaBinner.1
k79_82639	ERR011347_MEGAHIT_MetaBinner.1
k79_25090	ERR011347_MEGAHIT_MetaBinner.1
k79_62176	ERR011347_MEGAHIT_MetaBinner.1
k79_34629	ERR011347_MEGAHIT_MetaBinner.1
k79_31257	ERR011347_MEGAHIT_MetaBinner.1
k79_12119	ERR011347_MEGAHIT_MetaBinner.1
k79_50710	ERR011347_MEGAHIT_MetaBinner.1
k79_67816	ERR011347_MEGAHIT_MetaBinner.1
k79_52031	ERR011347_MEGAHIT_MetaBinner.1
k79_48891	ERR011347_MEGAHIT_MetaBinner.1
k79_79838	ERR011347_MEGAHIT_MetaBinner.1
k79_30241	ERR011347_MEGAHIT_MetaBinner.1
k79_4184	ERR011347_MEGAHIT_MetaBinner.1
k79_75914	ERR011347_MEGAHIT_MetaBinner.1
k79_64616	ERR011347_MEGAHIT_MetaBinner.1
k79_11099	ERR011347_MEGAHIT_MetaBinner.1
k79_53720	ERR011347_MEGAHIT_MetaBinner.1
k79_9200	ERR011347_MEGAHIT_MetaBinner.1
k79_1897	ERR011347_MEGAHIT_MetaBinner.1
k79_32716	ERR011347_MEGAHIT_MetaBinner.1
k79_22144	ERR011347_MEGAHIT_MetaBinner.1
k79_29010	ERR011347_MEGAHIT_MetaBinner.1
k79_14583	ERR011347_MEGAHIT_MetaBinner.1
k79_50156	ERR011347_MEGAHIT_MetaBinner.1
k79_64530	ERR011347_MEGAHIT_MetaBinner.1
k79_55706	ERR011347_MEGAHIT_MetaBinner.1
k79_92714	ERR011347_MEGAHIT_MetaBinner.1
k79_94935	ERR011347_MEGAHIT_MetaBinner.1
k79_45871	ERR011347_MEGAHIT_MetaBinner.1
k79_11200	ERR011347_MEGAHIT_MetaBinner.1
k79_70670	ERR011347_MEGAHIT_MetaBinner.1
k79_60190	ERR011347_MEGAHIT_MetaBinner.1
k79_81145	ERR011347_MEGAHIT_MetaBinner.1
k79_69971	ERR011347_MEGAHIT_MetaBinner.1
k79_15331	ERR011347_MEGAHIT_MetaBinner.1
k79_25828	ERR011347_MEGAHIT_MetaBinner.1
k79_19326	ERR011347_MEGAHIT_MetaBinner.1
k79_59314	ERR011347_MEGAHIT_MetaBinner.1
k79_57690	ERR011347_MEGAHIT_MetaBinner.1
k79_43457	ERR011347_MEGAHIT_MetaBinner.1
k79_67189	ERR011347_MEGAHIT_MetaBinner.1
k79_35480	ERR011347_MEGAHIT_MetaBinner.1
k79_51045	ERR011347_MEGAHIT_MetaBinner.1
k79_91613	ERR011347_MEGAHIT_MetaBinner.1
k79_15087	ERR011347_MEGAHIT_MetaBinner.1
k79_64534	ERR011347_MEGAHIT_MetaBinner.1
k79_90249	ERR011347_MEGAHIT_MetaBinner.1
k79_4060	ERR011347_MEGAHIT_MetaBinner.1
k79_50555	ERR011347_MEGAHIT_MetaBinner.1
k79_47262	ERR011347_MEGAHIT_MetaBinner.1
k79_47061	ERR011347_MEGAHIT_MetaBinner.1
k79_7668	ERR011347_MEGAHIT_MetaBinner.1
k79_70669	ERR011347_MEGAHIT_MetaBinner.1
k79_64232	ERR011347_MEGAHIT_MetaBinner.1
k79_3019	ERR011347_MEGAHIT_MetaBinner.1
k79_85179	ERR011347_MEGAHIT_MetaBinner.1
k79_87991	ERR011347_MEGAHIT_MetaBinner.1
k79_67812	ERR011347_MEGAHIT_MetaBinner.1
k79_76326	ERR011347_MEGAHIT_MetaBinner.1
k79_31263	ERR011347_MEGAHIT_MetaBinner.1
k79_22875	ERR011347_MEGAHIT_MetaBinner.1
k79_35827	ERR011347_MEGAHIT_MetaBinner.1
k79_34421	ERR011347_MEGAHIT_MetaBinner.1
k79_3340	ERR011347_MEGAHIT_MetaBinner.1
k79_34870	ERR011347_MEGAHIT_MetaBinner.1
k79_9558	ERR011347_MEGAHIT_MetaBinner.1
k79_23983	ERR011347_MEGAHIT_MetaBinner.1
k79_48818	ERR011347_MEGAHIT_MetaBinner.1
k79_43718	ERR011347_MEGAHIT_MetaBinner.1
k79_55448	ERR011347_MEGAHIT_MetaBinner.1
k79_38731	ERR011347_MEGAHIT_MetaBinner.1
k79_61898	ERR011347_MEGAHIT_MetaBinner.1
k79_33046	ERR011347_MEGAHIT_MetaBinner.1
k79_21266	ERR011347_MEGAHIT_MetaBinner.1
k79_85695	ERR011347_MEGAHIT_MetaBinner.1
k79_94421	ERR011347_MEGAHIT_MetaBinner.1
k79_32455	ERR011347_MEGAHIT_MetaBinner.1
k79_70414	ERR011347_MEGAHIT_MetaBinner.1
k79_46407	ERR011347_MEGAHIT_MetaBinner.1
k79_35840	ERR011347_MEGAHIT_MetaBinner.1
k79_41682	ERR011347_MEGAHIT_MetaBinner.1
k79_77987	ERR011347_MEGAHIT_MetaBinner.1
k79_32976	ERR011347_MEGAHIT_MetaBinner.1
k79_69074	ERR011347_MEGAHIT_MetaBinner.1
k79_28831	ERR011347_MEGAHIT_MetaBinner.1
k79_39011	ERR011347_MEGAHIT_MetaBinner.1
k79_43139	ERR011347_MEGAHIT_MetaBinner.1
k79_65836	ERR011347_MEGAHIT_MetaBinner.1
k79_43590	ERR011347_MEGAHIT_MetaBinner.1
k79_60066	ERR011347_MEGAHIT_MetaBinner.1
k79_33229	ERR011347_MEGAHIT_MetaBinner.1
k79_89684	ERR011347_MEGAHIT_MetaBinner.1
k79_36783	ERR011347_MEGAHIT_MetaBinner.1
k79_66625	ERR011347_MEGAHIT_MetaBinner.1
k79_84542	ERR011347_MEGAHIT_MetaBinner.1
k79_25460	ERR011347_MEGAHIT_MetaBinner.1
k79_65387	ERR011347_MEGAHIT_MetaBinner.1
k79_30516	ERR011347_MEGAHIT_MetaBinner.1
k79_34793	ERR011347_MEGAHIT_MetaBinner.1
k79_10735	ERR011347_MEGAHIT_MetaBinner.1
k79_26343	ERR011347_MEGAHIT_MetaBinner.1
k79_79825	ERR011347_MEGAHIT_MetaBinner.1
k79_40550	ERR011347_MEGAHIT_MetaBinner.1
k79_76675	ERR011347_MEGAHIT_MetaBinner.1
k79_77962	ERR011347_MEGAHIT_MetaBinner.1
k79_18905	ERR011347_MEGAHIT_MetaBinner.1
k79_24828	ERR011347_MEGAHIT_MetaBinner.1
k79_5004	ERR011347_MEGAHIT_MetaBinner.1
k79_81153	ERR011347_MEGAHIT_MetaBinner.1
k79_78257	ERR011347_MEGAHIT_MetaBinner.1
k79_17850	ERR011347_MEGAHIT_MetaBinner.1
k79_92302	ERR011347_MEGAHIT_MetaBinner.1
k79_70298	ERR011347_MEGAHIT_MetaBinner.1
k79_20598	ERR011347_MEGAHIT_MetaBinner.1
k79_82531	ERR011347_MEGAHIT_MetaBinner.1
k79_62187	ERR011347_MEGAHIT_MetaBinner.1
k79_86400	ERR011347_MEGAHIT_MetaBinner.1
k79_92000	ERR011347_MEGAHIT_MetaBinner.1
k79_42656	ERR011347_MEGAHIT_MetaBinner.1
k79_63923	ERR011347_MEGAHIT_MetaBinner.1
k79_29937	ERR011347_MEGAHIT_MetaBinner.1
k79_86871	ERR011347_MEGAHIT_MetaBinner.1
k79_53860	ERR011347_MEGAHIT_MetaBinner.1
k79_47088	ERR011347_MEGAHIT_MetaBinner.1
k79_90208	ERR011347_MEGAHIT_MetaBinner.1
k79_75724	ERR011347_MEGAHIT_MetaBinner.1
k79_89729	ERR011347_MEGAHIT_MetaBinner.1
k79_48626	ERR011347_MEGAHIT_MetaBinner.1
k79_89199	ERR011347_MEGAHIT_MetaBinner.1
k79_34162	ERR011347_MEGAHIT_MetaBinner.1
k79_1716	ERR011347_MEGAHIT_MetaBinner.1
k79_31273	ERR011347_MEGAHIT_MetaBinner.1
k79_15152	ERR011347_MEGAHIT_MetaBinner.1
k79_78940	ERR011347_MEGAHIT_MetaBinner.1
k79_52669	ERR011347_MEGAHIT_MetaBinner.1
k79_57407	ERR011347_MEGAHIT_MetaBinner.1
k79_70736	ERR011347_MEGAHIT_MetaBinner.1
k79_75614	ERR011347_MEGAHIT_MetaBinner.1
k79_24302	ERR011347_MEGAHIT_MetaBinner.1
k79_61913	ERR011347_MEGAHIT_MetaBinner.1
k79_82991	ERR011347_MEGAHIT_MetaBinner.1
k79_34100	ERR011347_MEGAHIT_MetaBinner.1
k79_22847	ERR011347_MEGAHIT_MetaBinner.1
k79_95028	ERR011347_MEGAHIT_MetaBinner.1
k79_36204	ERR011347_MEGAHIT_MetaBinner.1
k79_86755	ERR011347_MEGAHIT_MetaBinner.1
k79_59681	ERR011347_MEGAHIT_MetaBinner.1
k79_46236	ERR011347_MEGAHIT_MetaBinner.1
k79_90530	ERR011347_MEGAHIT_MetaBinner.1
k79_14066	ERR011347_MEGAHIT_MetaBinner.1
k79_91682	ERR011347_MEGAHIT_MetaBinner.1
k79_20593	ERR011347_MEGAHIT_MetaBinner.1
k79_47656	ERR011347_MEGAHIT_MetaBinner.1
k79_46167	ERR011347_MEGAHIT_MetaBinner.1
k79_95230	ERR011347_MEGAHIT_MetaBinner.1
k79_56452	ERR011347_MEGAHIT_MetaBinner.1
k79_4330	ERR011347_MEGAHIT_MetaBinner.1
k79_66834	ERR011347_MEGAHIT_MetaBinner.1
k79_65792	ERR011347_MEGAHIT_MetaBinner.1
k79_60968	ERR011347_MEGAHIT_MetaBinner.1
k79_54752	ERR011347_MEGAHIT_MetaBinner.1
k79_91878	ERR011347_MEGAHIT_MetaBinner.1
k79_57329	ERR011347_MEGAHIT_MetaBinner.1
k79_83456	ERR011347_MEGAHIT_MetaBinner.1
k79_22481	ERR011347_MEGAHIT_MetaBinner.1
k79_27874	ERR011347_MEGAHIT_MetaBinner.1
k79_15385	ERR011347_MEGAHIT_MetaBinner.1
k79_27678	ERR011347_MEGAHIT_MetaBinner.1
k79_59893	ERR011347_MEGAHIT_MetaBinner.1
k79_36814	ERR011347_MEGAHIT_MetaBinner.1
k79_13964	ERR011347_MEGAHIT_MetaBinner.1
k79_75059	ERR011347_MEGAHIT_MetaBinner.1
k79_58434	ERR011347_MEGAHIT_MetaBinner.1
k79_51683	ERR011347_MEGAHIT_MetaBinner.1
k79_21731	ERR011347_MEGAHIT_MetaBinner.1
k79_48853	ERR011347_MEGAHIT_MetaBinner.1
k79_14486	ERR011347_MEGAHIT_MetaBinner.1
k79_17255	ERR011347_MEGAHIT_MetaBinner.1
k79_58210	ERR011347_MEGAHIT_MetaBinner.1
k79_73514	ERR011347_MEGAHIT_MetaBinner.1
k79_86182	ERR011347_MEGAHIT_MetaBinner.1
k79_66581	ERR011347_MEGAHIT_MetaBinner.1
k79_52727	ERR011347_MEGAHIT_MetaBinner.1
k79_77957	ERR011347_MEGAHIT_MetaBinner.1
k79_43067	ERR011347_MEGAHIT_MetaBinner.1
k79_59302	ERR011347_MEGAHIT_MetaBinner.1
k79_12846	ERR011347_MEGAHIT_MetaBinner.1
k79_41562	ERR011347_MEGAHIT_MetaBinner.1
k79_5735	ERR011347_MEGAHIT_MetaBinner.1
k79_84050	ERR011347_MEGAHIT_MetaBinner.1
k79_60664	ERR011347_MEGAHIT_MetaBinner.1
k79_41864	ERR011347_MEGAHIT_MetaBinner.1
k79_10903	ERR011347_MEGAHIT_MetaBinner.1
k79_85619	ERR011347_MEGAHIT_MetaBinner.1
k79_36780	ERR011347_MEGAHIT_MetaBinner.1
k79_8533	ERR011347_MEGAHIT_MetaBinner.1
k79_11683	ERR011347_MEGAHIT_MetaBinner.1
k79_29091	ERR011347_MEGAHIT_MetaBinner.1
k79_14814	ERR011347_MEGAHIT_MetaBinner.1
k79_11117	ERR011347_MEGAHIT_MetaBinner.1
k79_18750	ERR011347_MEGAHIT_MetaBinner.1
k79_36393	ERR011347_MEGAHIT_MetaBinner.1
k79_45054	ERR011347_MEGAHIT_MetaBinner.1
k79_47640	ERR011347_MEGAHIT_MetaBinner.1
k79_5663	ERR011347_MEGAHIT_MetaBinner.1
k79_41796	ERR011347_MEGAHIT_MetaBinner.1
k79_13814	ERR011347_MEGAHIT_MetaBinner.1
k79_90526	ERR011347_MEGAHIT_MetaBinner.1
k79_31922	ERR011347_MEGAHIT_MetaBinner.1
k79_93819	ERR011347_MEGAHIT_MetaBinner.1
k79_45848	ERR011347_MEGAHIT_MetaBinner.1
k79_28680	ERR011347_MEGAHIT_MetaBinner.1
k79_55393	ERR011347_MEGAHIT_MetaBinner.1
k79_90850	ERR011347_MEGAHIT_MetaBinner.1
k79_51159	ERR011347_MEGAHIT_MetaBinner.1
k79_94690	ERR011347_MEGAHIT_MetaBinner.1
k79_26222	ERR011347_MEGAHIT_MetaBinner.1
k79_64703	ERR011347_MEGAHIT_MetaBinner.1
k79_49265	ERR011347_MEGAHIT_MetaBinner.1
k79_86252	ERR011347_MEGAHIT_MetaBinner.1
k79_24681	ERR011347_MEGAHIT_MetaBinner.1
k79_23718	ERR011347_MEGAHIT_MetaBinner.1
k79_42895	ERR011347_MEGAHIT_MetaBinner.1
k79_44429	ERR011347_MEGAHIT_MetaBinner.1
k79_15480	ERR011347_MEGAHIT_MetaBinner.1
k79_14981	ERR011347_MEGAHIT_MetaBinner.1
k79_78746	ERR011347_MEGAHIT_MetaBinner.1
k79_85518	ERR011347_MEGAHIT_MetaBinner.1
k79_357	ERR011347_MEGAHIT_MetaBinner.1
k79_14761	ERR011347_MEGAHIT_MetaBinner.1
k79_54102	ERR011347_MEGAHIT_MetaBinner.1
k79_34543	ERR011347_MEGAHIT_MetaBinner.1
k79_11040	ERR011347_MEGAHIT_MetaBinner.1
k79_17770	ERR011347_MEGAHIT_MetaBinner.1
k79_84199	ERR011347_MEGAHIT_MetaBinner.1
k79_96510	ERR011347_MEGAHIT_MetaBinner.1
k79_5857	ERR011347_MEGAHIT_MetaBinner.1
k79_85072	ERR011347_MEGAHIT_MetaBinner.1
k79_54462	ERR011347_MEGAHIT_MetaBinner.1
k79_67451	ERR011347_MEGAHIT_MetaBinner.1
k79_33720	ERR011347_MEGAHIT_MetaBinner.1
k79_85705	ERR011347_MEGAHIT_MetaBinner.1
k79_72927	ERR011347_MEGAHIT_MetaBinner.1
k79_19851	ERR011347_MEGAHIT_MetaBinner.1
k79_94594	ERR011347_MEGAHIT_MetaBinner.1
k79_1177	ERR011347_MEGAHIT_MetaBinner.1
k79_39744	ERR011347_MEGAHIT_MetaBinner.1
k79_83621	ERR011347_MEGAHIT_MetaBinner.1
k79_61395	ERR011347_MEGAHIT_MetaBinner.1
k79_22221	ERR011347_MEGAHIT_MetaBinner.1
k79_57800	ERR011347_MEGAHIT_MetaBinner.1
k79_38485	ERR011347_MEGAHIT_MetaBinner.1
k79_14715	ERR011347_MEGAHIT_MetaBinner.1
k79_66653	ERR011347_MEGAHIT_MetaBinner.1
k79_20799	ERR011347_MEGAHIT_MetaBinner.1
k79_19577	ERR011347_MEGAHIT_MetaBinner.1
k79_77554	ERR011347_MEGAHIT_MetaBinner.1
k79_8592	ERR011347_MEGAHIT_MetaBinner.1
k79_81236	ERR011347_MEGAHIT_MetaBinner.1
k79_85948	ERR011347_MEGAHIT_MetaBinner.1
k79_37346	ERR011347_MEGAHIT_MetaBinner.1
k79_3863	ERR011347_MEGAHIT_MetaBinner.1
k79_10767	ERR011347_MEGAHIT_MetaBinner.1
k79_80123	ERR011347_MEGAHIT_MetaBinner.1
k79_86232	ERR011347_MEGAHIT_MetaBinner.1
k79_93197	ERR011347_MEGAHIT_MetaBinner.1
k79_20355	ERR011347_MEGAHIT_MetaBinner.1
k79_89929	ERR011347_MEGAHIT_MetaBinner.1
k79_28518	ERR011347_MEGAHIT_MetaBinner.1
k79_57421	ERR011347_MEGAHIT_MetaBinner.1
k79_4741	ERR011347_MEGAHIT_MetaBinner.1
k79_23826	ERR011347_MEGAHIT_MetaBinner.1
k79_53762	ERR011347_MEGAHIT_MetaBinner.1
k79_43415	ERR011347_MEGAHIT_MetaBinner.1
k79_34398	ERR011347_MEGAHIT_MetaBinner.1
k79_92058	ERR011347_MEGAHIT_MetaBinner.2
k79_60626	ERR011347_MEGAHIT_MetaBinner.2
k79_57524	ERR011347_MEGAHIT_MetaBinner.2
k79_27741	ERR011347_MEGAHIT_MetaBinner.2
k79_88776	ERR011347_MEGAHIT_MetaBinner.2
k79_26850	ERR011347_MEGAHIT_MetaBinner.2
k79_68618	ERR011347_MEGAHIT_MetaBinner.2
k79_86563	ERR011347_MEGAHIT_MetaBinner.2
k79_45201	ERR011347_MEGAHIT_MetaBinner.2
k79_48490	ERR011347_MEGAHIT_MetaBinner.2
k79_24577	ERR011347_MEGAHIT_MetaBinner.2
k79_37934	ERR011347_MEGAHIT_MetaBinner.2
k79_24904	ERR011347_MEGAHIT_MetaBinner.2
k79_80559	ERR011347_MEGAHIT_MetaBinner.2
k79_31097	ERR011347_MEGAHIT_MetaBinner.2
k79_96790	ERR011347_MEGAHIT_MetaBinner.2
k79_49750	ERR011347_MEGAHIT_MetaBinner.2
k79_92119	ERR011347_MEGAHIT_MetaBinner.2
k79_89293	ERR011347_MEGAHIT_MetaBinner.2
k79_74178	ERR011347_MEGAHIT_MetaBinner.2
k79_97028	ERR011347_MEGAHIT_MetaBinner.2
k79_25275	ERR011347_MEGAHIT_MetaBinner.2
k79_88986	ERR011347_MEGAHIT_MetaBinner.2
k79_28083	ERR011347_MEGAHIT_MetaBinner.2
k79_92491	ERR011347_MEGAHIT_MetaBinner.2
k79_44547	ERR011347_MEGAHIT_MetaBinner.2
k79_67005	ERR011347_MEGAHIT_MetaBinner.2
k79_27195	ERR011347_MEGAHIT_MetaBinner.2
k79_30791	ERR011347_MEGAHIT_MetaBinner.2
k79_23055	ERR011347_MEGAHIT_MetaBinner.2
k79_41344	ERR011347_MEGAHIT_MetaBinner.2
k79_90485	ERR011347_MEGAHIT_MetaBinner.2
k79_71490	ERR011347_MEGAHIT_MetaBinner.2
k79_77661	ERR011347_MEGAHIT_MetaBinner.2
k79_43207	ERR011347_MEGAHIT_MetaBinner.2
k79_20942	ERR011347_MEGAHIT_MetaBinner.2
k79_17409	ERR011347_MEGAHIT_MetaBinner.2
k79_79379	ERR011347_MEGAHIT_MetaBinner.2
k79_41717	ERR011347_MEGAHIT_MetaBinner.2
k79_70973	ERR011347_MEGAHIT_MetaBinner.2
k79_4651	ERR011347_MEGAHIT_MetaBinner.2
k79_97090	ERR011347_MEGAHIT_MetaBinner.2
k79_58411	ERR011347_MEGAHIT_MetaBinner.2
k79_25370	ERR011347_MEGAHIT_MetaBinner.2
k79_47753	ERR011347_MEGAHIT_MetaBinner.2
k79_64788	ERR011347_MEGAHIT_MetaBinner.2
k79_82648	ERR011347_MEGAHIT_MetaBinner.2
k79_69194	ERR011347_MEGAHIT_MetaBinner.2
k79_88184	ERR011347_MEGAHIT_MetaBinner.2
k79_11514	ERR011347_MEGAHIT_MetaBinner.2
k79_37633	ERR011347_MEGAHIT_MetaBinner.2
k79_5957	ERR011347_MEGAHIT_MetaBinner.2
k79_74313	ERR011347_MEGAHIT_MetaBinner.2
k79_32593	ERR011347_MEGAHIT_MetaBinner.2
k79_8005	ERR011347_MEGAHIT_MetaBinner.2
k79_57721	ERR011347_MEGAHIT_MetaBinner.2
k79_13283	ERR011347_MEGAHIT_MetaBinner.2
k79_61098	ERR011347_MEGAHIT_MetaBinner.2
k79_27750	ERR011347_MEGAHIT_MetaBinner.2
k79_13137	ERR011347_MEGAHIT_MetaBinner.2
k79_7689	ERR011347_MEGAHIT_MetaBinner.2
k79_64389	ERR011347_MEGAHIT_MetaBinner.2
k79_5792	ERR011347_MEGAHIT_MetaBinner.2
k79_16608	ERR011347_MEGAHIT_MetaBinner.2
k79_32858	ERR011347_MEGAHIT_MetaBinner.2
k79_73682	ERR011347_MEGAHIT_MetaBinner.2
k79_78031	ERR011347_MEGAHIT_MetaBinner.2
k79_39637	ERR011347_MEGAHIT_MetaBinner.2
k79_93433	ERR011347_MEGAHIT_MetaBinner.2
k79_14986	ERR011347_MEGAHIT_MetaBinner.2
k79_26921	ERR011347_MEGAHIT_MetaBinner.2
k79_72338	ERR011347_MEGAHIT_MetaBinner.2
k79_57473	ERR011347_MEGAHIT_MetaBinner.2
k79_67852	ERR011347_MEGAHIT_MetaBinner.2
k79_19035	ERR011347_MEGAHIT_MetaBinner.2
k79_25050	ERR011347_MEGAHIT_MetaBinner.2
k79_27679	ERR011347_MEGAHIT_MetaBinner.2
k79_42971	ERR011347_MEGAHIT_MetaBinner.2
k79_82434	ERR011347_MEGAHIT_MetaBinner.2
k79_94576	ERR011347_MEGAHIT_MetaBinner.2
k79_16679	ERR011347_MEGAHIT_MetaBinner.2
k79_38727	ERR011347_MEGAHIT_MetaBinner.2
k79_42416	ERR011347_MEGAHIT_MetaBinner.2
k79_82706	ERR011347_MEGAHIT_MetaBinner.2
k79_77332	ERR011347_MEGAHIT_MetaBinner.2
k79_50268	ERR011347_MEGAHIT_MetaBinner.2
k79_56232	ERR011347_MEGAHIT_MetaBinner.2
k79_71403	ERR011347_MEGAHIT_MetaBinner.2
k79_33938	ERR011347_MEGAHIT_MetaBinner.2
k79_87790	ERR011347_MEGAHIT_MetaBinner.2
k79_93532	ERR011347_MEGAHIT_MetaBinner.2
k79_26691	ERR011347_MEGAHIT_MetaBinner.2
k79_16167	ERR011347_MEGAHIT_MetaBinner.2
k79_35852	ERR011347_MEGAHIT_MetaBinner.2
k79_58781	ERR011347_MEGAHIT_MetaBinner.2
k79_95345	ERR011347_MEGAHIT_MetaBinner.2
k79_73797	ERR011347_MEGAHIT_MetaBinner.2
k79_5597	ERR011347_MEGAHIT_MetaBinner.2
k79_10385	ERR011347_MEGAHIT_MetaBinner.2
k79_19263	ERR011347_MEGAHIT_MetaBinner.2
k79_56736	ERR011347_MEGAHIT_MetaBinner.2
k79_95907	ERR011347_MEGAHIT_MetaBinner.2
k79_55014	ERR011347_MEGAHIT_MetaBinner.2
k79_73766	ERR011347_MEGAHIT_MetaBinner.2
k79_4989	ERR011347_MEGAHIT_MetaBinner.2
k79_48498	ERR011347_MEGAHIT_MetaBinner.2
k79_24269	ERR011347_MEGAHIT_MetaBinner.2
k79_59474	ERR011347_MEGAHIT_MetaBinner.2
k79_62902	ERR011347_MEGAHIT_MetaBinner.2
k79_66421	ERR011347_MEGAHIT_MetaBinner.2
k79_4873	ERR011347_MEGAHIT_MetaBinner.2
k79_32970	ERR011347_MEGAHIT_MetaBinner.2
k79_79029	ERR011347_MEGAHIT_MetaBinner.2
k79_56509	ERR011347_MEGAHIT_MetaBinner.2
k79_3963	ERR011347_MEGAHIT_MetaBinner.2
k79_28106	ERR011347_MEGAHIT_MetaBinner.2
k79_80921	ERR011347_MEGAHIT_MetaBinner.2
k79_36720	ERR011347_MEGAHIT_MetaBinner.2
k79_31386	ERR011347_MEGAHIT_MetaBinner.2
k79_47509	ERR011347_MEGAHIT_MetaBinner.2
k79_96651	ERR011347_MEGAHIT_MetaBinner.2
k79_20655	ERR011347_MEGAHIT_MetaBinner.2
k79_63612	ERR011347_MEGAHIT_MetaBinner.2
k79_13436	ERR011347_MEGAHIT_MetaBinner.2
k79_15371	ERR011347_MEGAHIT_MetaBinner.2
k79_35474	ERR011347_MEGAHIT_MetaBinner.2
k79_6505	ERR011347_MEGAHIT_MetaBinner.2
k79_9979	ERR011347_MEGAHIT_MetaBinner.2
k79_48204	ERR011347_MEGAHIT_MetaBinner.2
k79_2610	ERR011347_MEGAHIT_MetaBinner.2
k79_5487	ERR011347_MEGAHIT_MetaBinner.2
k79_91537	ERR011347_MEGAHIT_MetaBinner.2
k79_70927	ERR011347_MEGAHIT_MetaBinner.2
k79_10225	ERR011347_MEGAHIT_MetaBinner.2
k79_15179	ERR011347_MEGAHIT_MetaBinner.2
k79_51199	ERR011347_MEGAHIT_MetaBinner.2
k79_70729	ERR011347_MEGAHIT_MetaBinner.2
k79_33411	ERR011347_MEGAHIT_MetaBinner.2
k79_16101	ERR011347_MEGAHIT_MetaBinner.2
k79_69675	ERR011347_MEGAHIT_MetaBinner.2
k79_9152	ERR011347_MEGAHIT_MetaBinner.2
k79_91283	ERR011347_MEGAHIT_MetaBinner.2
k79_30546	ERR011347_MEGAHIT_MetaBinner.2
k79_70087	ERR011347_MEGAHIT_MetaBinner.2
k79_87412	ERR011347_MEGAHIT_MetaBinner.2
k79_66818	ERR011347_MEGAHIT_MetaBinner.2
k79_62644	ERR011347_MEGAHIT_MetaBinner.2
k79_13045	ERR011347_MEGAHIT_MetaBinner.2
k79_44761	ERR011347_MEGAHIT_MetaBinner.2
k79_81723	ERR011347_MEGAHIT_MetaBinner.2
k79_76171	ERR011347_MEGAHIT_MetaBinner.2
k79_70835	ERR011347_MEGAHIT_MetaBinner.2
k79_67706	ERR011347_MEGAHIT_MetaBinner.2
k79_93613	ERR011347_MEGAHIT_MetaBinner.2
k79_67990	ERR011347_MEGAHIT_MetaBinner.2
k79_51858	ERR011347_MEGAHIT_MetaBinner.2
k79_72023	ERR011347_MEGAHIT_MetaBinner.2
k79_30159	ERR011347_MEGAHIT_MetaBinner.2
k79_49876	ERR011347_MEGAHIT_MetaBinner.2
k79_1578	ERR011347_MEGAHIT_MetaBinner.2
k79_21373	ERR011347_MEGAHIT_MetaBinner.2
k79_50505	ERR011347_MEGAHIT_MetaBinner.2
k79_89462	ERR011347_MEGAHIT_MetaBinner.2
k79_63292	ERR011347_MEGAHIT_MetaBinner.2
k79_43420	ERR011347_MEGAHIT_MetaBinner.2
k79_44495	ERR011347_MEGAHIT_MetaBinner.2
k79_39153	ERR011347_MEGAHIT_MetaBinner.2
k79_83465	ERR011347_MEGAHIT_MetaBinner.2
k79_33637	ERR011347_MEGAHIT_MetaBinner.2
k79_9216	ERR011347_MEGAHIT_MetaBinner.2
k79_60223	ERR011347_MEGAHIT_MetaBinner.2
k79_60498	ERR011347_MEGAHIT_MetaBinner.2
k79_93657	ERR011347_MEGAHIT_MetaBinner.2
k79_90659	ERR011347_MEGAHIT_MetaBinner.2
k79_87221	ERR011347_MEGAHIT_MetaBinner.2
k79_7662	ERR011347_MEGAHIT_MetaBinner.2
k79_58255	ERR011347_MEGAHIT_MetaBinner.2
k79_61688	ERR011347_MEGAHIT_MetaBinner.2
k79_90347	ERR011347_MEGAHIT_MetaBinner.2
k79_87524	ERR011347_MEGAHIT_MetaBinner.2
k79_12066	ERR011347_MEGAHIT_MetaBinner.2
k79_92110	ERR011347_MEGAHIT_MetaBinner.2
k79_56844	ERR011347_MEGAHIT_MetaBinner.2
k79_44272	ERR011347_MEGAHIT_MetaBinner.2
k79_64373	ERR011347_MEGAHIT_MetaBinner.2
k79_15679	ERR011347_MEGAHIT_MetaBinner.2
k79_72251	ERR011347_MEGAHIT_MetaBinner.2
k79_54258	ERR011347_MEGAHIT_MetaBinner.2
k79_67085	ERR011347_MEGAHIT_MetaBinner.2
k79_79537	ERR011347_MEGAHIT_MetaBinner.2
k79_91548	ERR011347_MEGAHIT_MetaBinner.2
k79_6469	ERR011347_MEGAHIT_MetaBinner.2
k79_8506	ERR011347_MEGAHIT_MetaBinner.2
k79_13223	ERR011347_MEGAHIT_MetaBinner.2
k79_78816	ERR011347_MEGAHIT_MetaBinner.2
k79_82466	ERR011347_MEGAHIT_MetaBinner.2
k79_95739	ERR011347_MEGAHIT_MetaBinner.2
k79_68782	ERR011347_MEGAHIT_MetaBinner.2
k79_33056	ERR011347_MEGAHIT_MetaBinner.2
k79_70237	ERR011347_MEGAHIT_MetaBinner.2
k79_58230	ERR011347_MEGAHIT_MetaBinner.2
k79_76565	ERR011347_MEGAHIT_MetaBinner.2
k79_51163	ERR011347_MEGAHIT_MetaBinner.2
k79_74943	ERR011347_MEGAHIT_MetaBinner.2
k79_997	ERR011347_MEGAHIT_MetaBinner.2
k79_78633	ERR011347_MEGAHIT_MetaBinner.2
k79_26803	ERR011347_MEGAHIT_MetaBinner.2
k79_71939	ERR011347_MEGAHIT_MetaBinner.2
k79_96449	ERR011347_MEGAHIT_MetaBinner.2
k79_96112	ERR011347_MEGAHIT_MetaBinner.2
k79_87507	ERR011347_MEGAHIT_MetaBinner.2
k79_46706	ERR011347_MEGAHIT_MetaBinner.2
k79_80051	ERR011347_MEGAHIT_MetaBinner.2
k79_91278	ERR011347_MEGAHIT_MetaBinner.2
k79_38530	ERR011347_MEGAHIT_MetaBinner.2
k79_21286	ERR011347_MEGAHIT_MetaBinner.2
k79_52779	ERR011347_MEGAHIT_MetaBinner.2
k79_83819	ERR011347_MEGAHIT_MetaBinner.2
k79_87551	ERR011347_MEGAHIT_MetaBinner.2
k79_93584	ERR011347_MEGAHIT_MetaBinner.2
k79_82590	ERR011347_MEGAHIT_MetaBinner.2
k79_17340	ERR011347_MEGAHIT_MetaBinner.2
k79_91078	ERR011347_MEGAHIT_MetaBinner.2
k79_44357	ERR011347_MEGAHIT_MetaBinner.2
k79_75760	ERR011347_MEGAHIT_MetaBinner.2
k79_34711	ERR011347_MEGAHIT_MetaBinner.2
k79_86513	ERR011347_MEGAHIT_MetaBinner.2
k79_72343	ERR011347_MEGAHIT_MetaBinner.2
k79_60108	ERR011347_MEGAHIT_MetaBinner.2
k79_51016	ERR011347_MEGAHIT_MetaBinner.2
k79_97083	ERR011347_MEGAHIT_MetaBinner.2
k79_96184	ERR011347_MEGAHIT_MetaBinner.2
k79_80777	ERR011347_MEGAHIT_MetaBinner.2
k79_41596	ERR011347_MEGAHIT_MetaBinner.2
k79_70158	ERR011347_MEGAHIT_MetaBinner.2
k79_1245	ERR011347_MEGAHIT_MetaBinner.2
k79_79008	ERR011347_MEGAHIT_MetaBinner.2
k79_76971	ERR011347_MEGAHIT_MetaBinner.2
k79_82613	ERR011347_MEGAHIT_MetaBinner.2
k79_81025	ERR011347_MEGAHIT_MetaBinner.2
k79_3926	ERR011347_MEGAHIT_MetaBinner.2
k79_45253	ERR011347_MEGAHIT_MetaBinner.2
k79_90321	ERR011347_MEGAHIT_MetaBinner.2
k79_88295	ERR011347_MEGAHIT_MetaBinner.2
k79_24356	ERR011347_MEGAHIT_MetaBinner.2
k79_56155	ERR011347_MEGAHIT_MetaBinner.2
k79_1637	ERR011347_MEGAHIT_MetaBinner.2
k79_59816	ERR011347_MEGAHIT_MetaBinner.2
k79_24709	ERR011347_MEGAHIT_MetaBinner.2
k79_94242	ERR011347_MEGAHIT_MetaBinner.2
k79_75975	ERR011347_MEGAHIT_MetaBinner.2
k79_15376	ERR011347_MEGAHIT_MetaBinner.2
k79_57337	ERR011347_MEGAHIT_MetaBinner.2
k79_14884	ERR011347_MEGAHIT_MetaBinner.2
k79_25906	ERR011347_MEGAHIT_MetaBinner.2
k79_12904	ERR011347_MEGAHIT_MetaBinner.2
k79_71472	ERR011347_MEGAHIT_MetaBinner.2
k79_58140	ERR011347_MEGAHIT_MetaBinner.2
k79_18645	ERR011347_MEGAHIT_MetaBinner.2
k79_61600	ERR011347_MEGAHIT_MetaBinner.2
k79_30234	ERR011347_MEGAHIT_MetaBinner.2
k79_44341	ERR011347_MEGAHIT_MetaBinner.2
k79_42011	ERR011347_MEGAHIT_MetaBinner.2
k79_90936	ERR011347_MEGAHIT_MetaBinner.2
k79_14714	ERR011347_MEGAHIT_MetaBinner.2
k79_46420	ERR011347_MEGAHIT_MetaBinner.2
k79_74558	ERR011347_MEGAHIT_MetaBinner.2
k79_10328	ERR011347_MEGAHIT_MetaBinner.2
k79_27830	ERR011347_MEGAHIT_MetaBinner.2
k79_67075	ERR011347_MEGAHIT_MetaBinner.2
k79_7114	ERR011347_MEGAHIT_MetaBinner.2
k79_72794	ERR011347_MEGAHIT_MetaBinner.2
k79_93973	ERR011347_MEGAHIT_MetaBinner.2
k79_95852	ERR011347_MEGAHIT_MetaBinner.2
k79_77150	ERR011347_MEGAHIT_MetaBinner.2
k79_11724	ERR011347_MEGAHIT_MetaBinner.2
k79_83324	ERR011347_MEGAHIT_MetaBinner.2
k79_61018	ERR011347_MEGAHIT_MetaBinner.2
k79_31755	ERR011347_MEGAHIT_MetaBinner.2
k79_69928	ERR011347_MEGAHIT_MetaBinner.2
k79_14282	ERR011347_MEGAHIT_MetaBinner.2
k79_87601	ERR011347_MEGAHIT_MetaBinner.2
k79_63701	ERR011347_MEGAHIT_MetaBinner.2
k79_20803	ERR011347_MEGAHIT_MetaBinner.2
k79_34803	ERR011347_MEGAHIT_MetaBinner.2
k79_92813	ERR011347_MEGAHIT_MetaBinner.2
k79_80953	ERR011347_MEGAHIT_MetaBinner.2
k79_83547	ERR011347_MEGAHIT_MetaBinner.2
k79_75564	ERR011347_MEGAHIT_MetaBinner.2
k79_97197	ERR011347_MEGAHIT_MetaBinner.2
k79_96606	ERR011347_MEGAHIT_MetaBinner.2
k79_64539	ERR011347_MEGAHIT_MetaBinner.2
k79_76647	ERR011347_MEGAHIT_MetaBinner.2
k79_32585	ERR011347_MEGAHIT_MetaBinner.2
k79_70696	ERR011347_MEGAHIT_MetaBinner.2
k79_76364	ERR011347_MEGAHIT_MetaBinner.2
k79_14622	ERR011347_MEGAHIT_MetaBinner.2
k79_91592	ERR011347_MEGAHIT_MetaBinner.2
k79_18159	ERR011347_MEGAHIT_MetaBinner.2
k79_49467	ERR011347_MEGAHIT_MetaBinner.2
k79_57162	ERR011347_MEGAHIT_MetaBinner.2
k79_77847	ERR011347_MEGAHIT_MetaBinner.2
k79_42698	ERR011347_MEGAHIT_MetaBinner.2
k79_79313	ERR011347_MEGAHIT_MetaBinner.2
k79_89250	ERR011347_MEGAHIT_MetaBinner.2
k79_25512	ERR011347_MEGAHIT_MetaBinner.2
k79_7913	ERR011347_MEGAHIT_MetaBinner.2
k79_85374	ERR011347_MEGAHIT_MetaBinner.2
k79_47028	ERR011347_MEGAHIT_MetaBinner.2
k79_26916	ERR011347_MEGAHIT_MetaBinner.2
k79_81519	ERR011347_MEGAHIT_MetaBinner.2
k79_70753	ERR011347_MEGAHIT_MetaBinner.2
k79_3470	ERR011347_MEGAHIT_MetaBinner.2
k79_59137	ERR011347_MEGAHIT_MetaBinner.2
k79_67050	ERR011347_MEGAHIT_MetaBinner.2
k79_69895	ERR011347_MEGAHIT_MetaBinner.2
k79_48207	ERR011347_MEGAHIT_MetaBinner.2
k79_72281	ERR011347_MEGAHIT_MetaBinner.2
k79_77048	ERR011347_MEGAHIT_MetaBinner.2
k79_33931	ERR011347_MEGAHIT_MetaBinner.2
k79_86207	ERR011347_MEGAHIT_MetaBinner.2
k79_97255	ERR011347_MEGAHIT_MetaBinner.2
k79_63657	ERR011347_MEGAHIT_MetaBinner.2
k79_65413	ERR011347_MEGAHIT_MetaBinner.2
k79_81645	ERR011347_MEGAHIT_MetaBinner.2
k79_21462	ERR011347_MEGAHIT_MetaBinner.2
k79_8807	ERR011347_MEGAHIT_MetaBinner.2
k79_81154	ERR011347_MEGAHIT_MetaBinner.2
k79_70379	ERR011347_MEGAHIT_MetaBinner.2
k79_32476	ERR011347_MEGAHIT_MetaBinner.2
k79_47597	ERR011347_MEGAHIT_MetaBinner.2
k79_12955	ERR011347_MEGAHIT_MetaBinner.2
k79_16690	ERR011347_MEGAHIT_MetaBinner.2
k79_85264	ERR011347_MEGAHIT_MetaBinner.2
k79_10970	ERR011347_MEGAHIT_MetaBinner.2
k79_95506	ERR011347_MEGAHIT_MetaBinner.2
k79_77478	ERR011347_MEGAHIT_MetaBinner.2
k79_95871	ERR011347_MEGAHIT_MetaBinner.2
k79_1121	ERR011347_MEGAHIT_MetaBinner.2
k79_88750	ERR011347_MEGAHIT_MetaBinner.2
k79_8819	ERR011347_MEGAHIT_MetaBinner.2
k79_74356	ERR011347_MEGAHIT_MetaBinner.2
k79_96999	ERR011347_MEGAHIT_MetaBinner.2
k79_21744	ERR011347_MEGAHIT_MetaBinner.2
k79_64414	ERR011347_MEGAHIT_MetaBinner.2
k79_83869	ERR011347_MEGAHIT_MetaBinner.2
k79_5118	ERR011347_MEGAHIT_MetaBinner.2
k79_64231	ERR011347_MEGAHIT_MetaBinner.2
k79_16945	ERR011347_MEGAHIT_MetaBinner.2
k79_68424	ERR011347_MEGAHIT_MetaBinner.2
k79_95847	ERR011347_MEGAHIT_MetaBinner.2
k79_84996	ERR011347_MEGAHIT_MetaBinner.2
k79_29802	ERR011347_MEGAHIT_MetaBinner.2
k79_34533	ERR011347_MEGAHIT_MetaBinner.2
k79_83904	ERR011347_MEGAHIT_MetaBinner.2
k79_18445	ERR011347_MEGAHIT_MetaBinner.2
k79_66370	ERR011347_MEGAHIT_MetaBinner.2
k79_58011	ERR011347_MEGAHIT_MetaBinner.2
k79_23346	ERR011347_MEGAHIT_MetaBinner.2
k79_9833	ERR011347_MEGAHIT_MetaBinner.2
k79_81218	ERR011347_MEGAHIT_MetaBinner.2
k79_5152	ERR011347_MEGAHIT_MetaBinner.2
k79_25729	ERR011347_MEGAHIT_MetaBinner.2
k79_76729	ERR011347_MEGAHIT_MetaBinner.2
k79_88029	ERR011347_MEGAHIT_MetaBinner.2
k79_26545	ERR011347_MEGAHIT_MetaBinner.2
k79_95792	ERR011347_MEGAHIT_MetaBinner.2
k79_22906	ERR011347_MEGAHIT_MetaBinner.2
k79_8038	ERR011347_MEGAHIT_MetaBinner.2
k79_31605	ERR011347_MEGAHIT_MetaBinner.2
k79_89861	ERR011347_MEGAHIT_MetaBinner.2
k79_58223	ERR011347_MEGAHIT_MetaBinner.2
k79_74251	ERR011347_MEGAHIT_MetaBinner.2
k79_85791	ERR011347_MEGAHIT_MetaBinner.2
k79_21990	ERR011347_MEGAHIT_MetaBinner.2
k79_89816	ERR011347_MEGAHIT_MetaBinner.2
k79_76452	ERR011347_MEGAHIT_MetaBinner.2
k79_26793	ERR011347_MEGAHIT_MetaBinner.2
k79_65147	ERR011347_MEGAHIT_MetaBinner.2
k79_70284	ERR011347_MEGAHIT_MetaBinner.2
k79_94648	ERR011347_MEGAHIT_MetaBinner.2
k79_22860	ERR011347_MEGAHIT_MetaBinner.2
k79_4971	ERR011347_MEGAHIT_MetaBinner.2
k79_91477	ERR011347_MEGAHIT_MetaBinner.2
k79_71363	ERR011347_MEGAHIT_MetaBinner.2
k79_25852	ERR011347_MEGAHIT_MetaBinner.2
k79_56317	ERR011347_MEGAHIT_MetaBinner.2
k79_39090	ERR011347_MEGAHIT_MetaBinner.2
k79_87716	ERR011347_MEGAHIT_MetaBinner.2
k79_41845	ERR011347_MEGAHIT_MetaBinner.2
k79_23139	ERR011347_MEGAHIT_MetaBinner.2
k79_29472	ERR011347_MEGAHIT_MetaBinner.2
k79_77696	ERR011347_MEGAHIT_MetaBinner.2
k79_71508	ERR011347_MEGAHIT_MetaBinner.2
k79_48369	ERR011347_MEGAHIT_MetaBinner.2
k79_29143	ERR011347_MEGAHIT_MetaBinner.2
k79_53841	ERR011347_MEGAHIT_MetaBinner.2
k79_9966	ERR011347_MEGAHIT_MetaBinner.2
k79_89935	ERR011347_MEGAHIT_MetaBinner.2
k79_32041	ERR011347_MEGAHIT_MetaBinner.2
k79_42174	ERR011347_MEGAHIT_MetaBinner.2
k79_33372	ERR011347_MEGAHIT_MetaBinner.2
k79_40973	ERR011347_MEGAHIT_MetaBinner.2
k79_18442	ERR011347_MEGAHIT_MetaBinner.2
k79_84885	ERR011347_MEGAHIT_MetaBinner.2
k79_30511	ERR011347_MEGAHIT_MetaBinner.2
k79_57581	ERR011347_MEGAHIT_MetaBinner.2
k79_9103	ERR011347_MEGAHIT_MetaBinner.2
k79_89500	ERR011347_MEGAHIT_MetaBinner.2
k79_74385	ERR011347_MEGAHIT_MetaBinner.2
k79_73270	ERR011347_MEGAHIT_MetaBinner.2
k79_33456	ERR011347_MEGAHIT_MetaBinner.2
k79_29098	ERR011347_MEGAHIT_MetaBinner.2
k79_59085	ERR011347_MEGAHIT_MetaBinner.2
k79_89294	ERR011347_MEGAHIT_MetaBinner.2
k79_83147	ERR011347_MEGAHIT_MetaBinner.2
k79_59003	ERR011347_MEGAHIT_MetaBinner.2
k79_51051	ERR011347_MEGAHIT_MetaBinner.2
k79_79792	ERR011347_MEGAHIT_MetaBinner.2
k79_85631	ERR011347_MEGAHIT_MetaBinner.2
k79_52395	ERR011347_MEGAHIT_MetaBinner.2
k79_28067	ERR011347_MEGAHIT_MetaBinner.2
k79_12912	ERR011347_MEGAHIT_MetaBinner.2
k79_74376	ERR011347_MEGAHIT_MetaBinner.2
k79_62725	ERR011347_MEGAHIT_MetaBinner.2
k79_77687	ERR011347_MEGAHIT_MetaBinner.2
k79_38775	ERR011347_MEGAHIT_MetaBinner.2
k79_5126	ERR011347_MEGAHIT_MetaBinner.2
k79_5941	ERR011347_MEGAHIT_MetaBinner.2
k79_44406	ERR011347_MEGAHIT_MetaBinner.2
k79_73148	ERR011347_MEGAHIT_MetaBinner.2
k79_4993	ERR011347_MEGAHIT_MetaBinner.2
k79_79720	ERR011347_MEGAHIT_MetaBinner.2
k79_74462	ERR011347_MEGAHIT_MetaBinner.2
k79_16120	ERR011347_MEGAHIT_MetaBinner.2
k79_91226	ERR011347_MEGAHIT_MetaBinner.2
k79_1144	ERR011347_MEGAHIT_MetaBinner.2
k79_45155	ERR011347_MEGAHIT_MetaBinner.2
k79_68629	ERR011347_MEGAHIT_MetaBinner.2
k79_16780	ERR011347_MEGAHIT_MetaBinner.2
k79_90187	ERR011347_MEGAHIT_MetaBinner.2
k79_65253	ERR011347_MEGAHIT_MetaBinner.2
k79_50327	ERR011347_MEGAHIT_MetaBinner.2
k79_43749	ERR011347_MEGAHIT_MetaBinner.2
k79_18590	ERR011347_MEGAHIT_MetaBinner.2
k79_37234	ERR011347_MEGAHIT_MetaBinner.2
k79_31332	ERR011347_MEGAHIT_MetaBinner.2
k79_33304	ERR011347_MEGAHIT_MetaBinner.2
k79_64674	ERR011347_MEGAHIT_MetaBinner.2
k79_51407	ERR011347_MEGAHIT_MetaBinner.2
k79_90456	ERR011347_MEGAHIT_MetaBinner.2
k79_504	ERR011347_MEGAHIT_MetaBinner.2
k79_79370	ERR011347_MEGAHIT_MetaBinner.2
k79_4410	ERR011347_MEGAHIT_MetaBinner.2
k79_48381	ERR011347_MEGAHIT_MetaBinner.2
k79_21039	ERR011347_MEGAHIT_MetaBinner.2
k79_70152	ERR011347_MEGAHIT_MetaBinner.2
k79_30216	ERR011347_MEGAHIT_MetaBinner.2
k79_18786	ERR011347_MEGAHIT_MetaBinner.2
k79_15843	ERR011347_MEGAHIT_MetaBinner.2
k79_72370	ERR011347_MEGAHIT_MetaBinner.2
k79_64183	ERR011347_MEGAHIT_MetaBinner.2
k79_3757	ERR011347_MEGAHIT_MetaBinner.2
k79_73760	ERR011347_MEGAHIT_MetaBinner.2
k79_70959	ERR011347_MEGAHIT_MetaBinner.2
k79_30022	ERR011347_MEGAHIT_MetaBinner.2
k79_10943	ERR011347_MEGAHIT_MetaBinner.2
k79_47398	ERR011347_MEGAHIT_MetaBinner.2
k79_20813	ERR011347_MEGAHIT_MetaBinner.2
k79_89344	ERR011347_MEGAHIT_MetaBinner.2
k79_13167	ERR011347_MEGAHIT_MetaBinner.2
k79_90463	ERR011347_MEGAHIT_MetaBinner.2
k79_42467	ERR011347_MEGAHIT_MetaBinner.2
k79_81441	ERR011347_MEGAHIT_MetaBinner.2
k79_33895	ERR011347_MEGAHIT_MetaBinner.2
k79_22172	ERR011347_MEGAHIT_MetaBinner.2
k79_57839	ERR011347_MEGAHIT_MetaBinner.2
k79_22689	ERR011347_MEGAHIT_MetaBinner.2
k79_32741	ERR011347_MEGAHIT_MetaBinner.2
k79_44294	ERR011347_MEGAHIT_MetaBinner.2
k79_11177	ERR011347_MEGAHIT_MetaBinner.2
k79_66688	ERR011347_MEGAHIT_MetaBinner.2
k79_31873	ERR011347_MEGAHIT_MetaBinner.2
k79_81537	ERR011347_MEGAHIT_MetaBinner.2
k79_83739	ERR011347_MEGAHIT_MetaBinner.2
k79_59134	ERR011347_MEGAHIT_MetaBinner.2
k79_82608	ERR011347_MEGAHIT_MetaBinner.2
k79_69048	ERR011347_MEGAHIT_MetaBinner.2
k79_2420	ERR011347_MEGAHIT_MetaBinner.2
k79_27557	ERR011347_MEGAHIT_MetaBinner.2
k79_92379	ERR011347_MEGAHIT_MetaBinner.2
k79_29533	ERR011347_MEGAHIT_MetaBinner.2
k79_19867	ERR011347_MEGAHIT_MetaBinner.2
k79_72317	ERR011347_MEGAHIT_MetaBinner.2
k79_55060	ERR011347_MEGAHIT_MetaBinner.2
k79_26983	ERR011347_MEGAHIT_MetaBinner.2
k79_83886	ERR011347_MEGAHIT_MetaBinner.2
k79_38519	ERR011347_MEGAHIT_MetaBinner.2
k79_72772	ERR011347_MEGAHIT_MetaBinner.2
k79_94992	ERR011347_MEGAHIT_MetaBinner.2
k79_34012	ERR011347_MEGAHIT_MetaBinner.2
k79_48870	ERR011347_MEGAHIT_MetaBinner.2
k79_15141	ERR011347_MEGAHIT_MetaBinner.2
k79_82537	ERR011347_MEGAHIT_MetaBinner.2
k79_84783	ERR011347_MEGAHIT_MetaBinner.2
k79_27573	ERR011347_MEGAHIT_MetaBinner.2
k79_26251	ERR011347_MEGAHIT_MetaBinner.2
k79_92259	ERR011347_MEGAHIT_MetaBinner.2
k79_86965	ERR011347_MEGAHIT_MetaBinner.2
k79_68399	ERR011347_MEGAHIT_MetaBinner.2
k79_93627	ERR011347_MEGAHIT_MetaBinner.2
k79_85209	ERR011347_MEGAHIT_MetaBinner.2
k79_82079	ERR011347_MEGAHIT_MetaBinner.2
k79_15588	ERR011347_MEGAHIT_MetaBinner.2
k79_56328	ERR011347_MEGAHIT_MetaBinner.2
k79_11636	ERR011347_MEGAHIT_MetaBinner.2
k79_41540	ERR011347_MEGAHIT_MetaBinner.2
k79_58593	ERR011347_MEGAHIT_MetaBinner.2
k79_18859	ERR011347_MEGAHIT_MetaBinner.2
k79_36752	ERR011347_MEGAHIT_MetaBinner.2
k79_74461	ERR011347_MEGAHIT_MetaBinner.2
k79_63693	ERR011347_MEGAHIT_MetaBinner.2
k79_37464	ERR011347_MEGAHIT_MetaBinner.2
k79_22903	ERR011347_MEGAHIT_MetaBinner.2
k79_24338	ERR011347_MEGAHIT_MetaBinner.2
k79_97335	ERR011347_MEGAHIT_MetaBinner.2
k79_66603	ERR011347_MEGAHIT_MetaBinner.2
k79_90069	ERR011347_MEGAHIT_MetaBinner.2
k79_17541	ERR011347_MEGAHIT_MetaBinner.2
k79_29006	ERR011347_MEGAHIT_MetaBinner.2
k79_94787	ERR011347_MEGAHIT_MetaBinner.2
k79_61760	ERR011347_MEGAHIT_MetaBinner.2
k79_95272	ERR011347_MEGAHIT_MetaBinner.2
k79_71540	ERR011347_MEGAHIT_MetaBinner.2
k79_2391	ERR011347_MEGAHIT_MetaBinner.2
k79_61183	ERR011347_MEGAHIT_MetaBinner.2
k79_49370	ERR011347_MEGAHIT_MetaBinner.2
k79_67549	ERR011347_MEGAHIT_MetaBinner.2
k79_97191	ERR011347_MEGAHIT_MetaBinner.2
k79_89945	ERR011347_MEGAHIT_MetaBinner.2
k79_89730	ERR011347_MEGAHIT_MetaBinner.2
k79_74264	ERR011347_MEGAHIT_MetaBinner.2
k79_18190	ERR011347_MEGAHIT_MetaBinner.2
k79_51867	ERR011347_MEGAHIT_MetaBinner.2
k79_9026	ERR011347_MEGAHIT_MetaBinner.2
k79_20138	ERR011347_MEGAHIT_MetaBinner.2
k79_65097	ERR011347_MEGAHIT_MetaBinner.2
k79_93023	ERR011347_MEGAHIT_MetaBinner.2
k79_17481	ERR011347_MEGAHIT_MetaBinner.2
k79_82678	ERR011347_MEGAHIT_MetaBinner.2
k79_85683	ERR011347_MEGAHIT_MetaBinner.2
k79_86103	ERR011347_MEGAHIT_MetaBinner.2
k79_25670	ERR011347_MEGAHIT_MetaBinner.2
k79_84021	ERR011347_MEGAHIT_MetaBinner.2
k79_60323	ERR011347_MEGAHIT_MetaBinner.2
k79_75680	ERR011347_MEGAHIT_MetaBinner.2
k79_73484	ERR011347_MEGAHIT_MetaBinner.2
k79_22399	ERR011347_MEGAHIT_MetaBinner.2
k79_57960	ERR011347_MEGAHIT_MetaBinner.2
k79_79045	ERR011347_MEGAHIT_MetaBinner.2
k79_3444	ERR011347_MEGAHIT_MetaBinner.2
k79_95900	ERR011347_MEGAHIT_MetaBinner.2
k79_61884	ERR011347_MEGAHIT_MetaBinner.2
k79_75298	ERR011347_MEGAHIT_MetaBinner.2
k79_90037	ERR011347_MEGAHIT_MetaBinner.2
k79_6959	ERR011347_MEGAHIT_MetaBinner.2
k79_27459	ERR011347_MEGAHIT_MetaBinner.2
k79_12265	ERR011347_MEGAHIT_MetaBinner.2
k79_77715	ERR011347_MEGAHIT_MetaBinner.2
k79_58196	ERR011347_MEGAHIT_MetaBinner.2
k79_92649	ERR011347_MEGAHIT_MetaBinner.2
k79_22384	ERR011347_MEGAHIT_MetaBinner.2
k79_39978	ERR011347_MEGAHIT_MetaBinner.2
k79_47107	ERR011347_MEGAHIT_MetaBinner.2
k79_52362	ERR011347_MEGAHIT_MetaBinner.2
k79_26774	ERR011347_MEGAHIT_MetaBinner.2
k79_41629	ERR011347_MEGAHIT_MetaBinner.2
k79_34912	ERR011347_MEGAHIT_MetaBinner.2
k79_44672	ERR011347_MEGAHIT_MetaBinner.2
k79_9911	ERR011347_MEGAHIT_MetaBinner.2
k79_22726	ERR011347_MEGAHIT_MetaBinner.2
k79_11909	ERR011347_MEGAHIT_MetaBinner.2
k79_56126	ERR011347_MEGAHIT_MetaBinner.2
k79_90278	ERR011347_MEGAHIT_MetaBinner.2
k79_94029	ERR011347_MEGAHIT_MetaBinner.2
k79_97114	ERR011347_MEGAHIT_MetaBinner.2
k79_93739	ERR011347_MEGAHIT_MetaBinner.2
k79_21130	ERR011347_MEGAHIT_MetaBinner.2
k79_49050	ERR011347_MEGAHIT_MetaBinner.2
k79_39590	ERR011347_MEGAHIT_MetaBinner.2
k79_46806	ERR011347_MEGAHIT_MetaBinner.2
k79_75056	ERR011347_MEGAHIT_MetaBinner.2
k79_75376	ERR011347_MEGAHIT_MetaBinner.2
k79_42590	ERR011347_MEGAHIT_MetaBinner.2
k79_49437	ERR011347_MEGAHIT_MetaBinner.2
k79_55580	ERR011347_MEGAHIT_MetaBinner.2
k79_31932	ERR011347_MEGAHIT_MetaBinner.2
k79_51833	ERR011347_MEGAHIT_MetaBinner.2
k79_94661	ERR011347_MEGAHIT_MetaBinner.2
k79_27103	ERR011347_MEGAHIT_MetaBinner.2
k79_23194	ERR011347_MEGAHIT_MetaBinner.2
k79_78313	ERR011347_MEGAHIT_MetaBinner.2
k79_60458	ERR011347_MEGAHIT_MetaBinner.2
k79_54769	ERR011347_MEGAHIT_MetaBinner.2
k79_73348	ERR011347_MEGAHIT_MetaBinner.2
k79_17704	ERR011347_MEGAHIT_MetaBinner.2
k79_87731	ERR011347_MEGAHIT_MetaBinner.2
k79_56697	ERR011347_MEGAHIT_MetaBinner.2
k79_79951	ERR011347_MEGAHIT_MetaBinner.2
k79_84878	ERR011347_MEGAHIT_MetaBinner.2
k79_10195	ERR011347_MEGAHIT_MetaBinner.2
k79_22454	ERR011347_MEGAHIT_MetaBinner.2
k79_7233	ERR011347_MEGAHIT_MetaBinner.2
k79_17140	ERR011347_MEGAHIT_MetaBinner.2
k79_85487	ERR011347_MEGAHIT_MetaBinner.2
k79_62322	ERR011347_MEGAHIT_MetaBinner.2
k79_54593	ERR011347_MEGAHIT_MetaBinner.2
k79_30755	ERR011347_MEGAHIT_MetaBinner.2
k79_68349	ERR011347_MEGAHIT_MetaBinner.2
k79_33567	ERR011347_MEGAHIT_MetaBinner.2
k79_50367	ERR011347_MEGAHIT_MetaBinner.2
k79_76359	ERR011347_MEGAHIT_MetaBinner.2
k79_72940	ERR011347_MEGAHIT_MetaBinner.2
k79_70205	ERR011347_MEGAHIT_MetaBinner.2
k79_80784	ERR011347_MEGAHIT_MetaBinner.2
k79_37115	ERR011347_MEGAHIT_MetaBinner.2
k79_44535	ERR011347_MEGAHIT_MetaBinner.2
k79_69421	ERR011347_MEGAHIT_MetaBinner.2
k79_72335	ERR011347_MEGAHIT_MetaBinner.2
k79_43421	ERR011347_MEGAHIT_MetaBinner.2
k79_89580	ERR011347_MEGAHIT_MetaBinner.2
k79_67330	ERR011347_MEGAHIT_MetaBinner.2
k79_87275	ERR011347_MEGAHIT_MetaBinner.2
k79_80394	ERR011347_MEGAHIT_MetaBinner.2
k79_34079	ERR011347_MEGAHIT_MetaBinner.2
k79_93758	ERR011347_MEGAHIT_MetaBinner.2
k79_77106	ERR011347_MEGAHIT_MetaBinner.2
k79_47765	ERR011347_MEGAHIT_MetaBinner.2
k79_87334	ERR011347_MEGAHIT_MetaBinner.2
k79_68439	ERR011347_MEGAHIT_MetaBinner.2
k79_80142	ERR011347_MEGAHIT_MetaBinner.2
k79_39684	ERR011347_MEGAHIT_MetaBinner.2
k79_50337	ERR011347_MEGAHIT_MetaBinner.2
k79_59703	ERR011347_MEGAHIT_MetaBinner.2
k79_78462	ERR011347_MEGAHIT_MetaBinner.2
k79_44552	ERR011347_MEGAHIT_MetaBinner.2
k79_42651	ERR011347_MEGAHIT_MetaBinner.2
k79_71242	ERR011347_MEGAHIT_MetaBinner.2
k79_45576	ERR011347_MEGAHIT_MetaBinner.2
k79_94785	ERR011347_MEGAHIT_MetaBinner.2
k79_17133	ERR011347_MEGAHIT_MetaBinner.2
k79_27652	ERR011347_MEGAHIT_MetaBinner.2
k79_89446	ERR011347_MEGAHIT_MetaBinner.2
k79_68390	ERR011347_MEGAHIT_MetaBinner.2
k79_90134	ERR011347_MEGAHIT_MetaBinner.2
k79_64592	ERR011347_MEGAHIT_MetaBinner.2
k79_80842	ERR011347_MEGAHIT_MetaBinner.2
k79_67218	ERR011347_MEGAHIT_MetaBinner.2
k79_71734	ERR011347_MEGAHIT_MetaBinner.2
k79_37828	ERR011347_MEGAHIT_MetaBinner.2
k79_38450	ERR011347_MEGAHIT_MetaBinner.2
k79_1474	ERR011347_MEGAHIT_MetaBinner.2
k79_84896	ERR011347_MEGAHIT_MetaBinner.2
k79_94674	ERR011347_MEGAHIT_MetaBinner.2
k79_67642	ERR011347_MEGAHIT_MetaBinner.2
k79_79242	ERR011347_MEGAHIT_MetaBinner.2
k79_2129	ERR011347_MEGAHIT_MetaBinner.2
k79_22392	ERR011347_MEGAHIT_MetaBinner.2
k79_68299	ERR011347_MEGAHIT_MetaBinner.2
k79_68342	ERR011347_MEGAHIT_MetaBinner.2
k79_49512	ERR011347_MEGAHIT_MetaBinner.2
k79_82069	ERR011347_MEGAHIT_MetaBinner.2
k79_85309	ERR011347_MEGAHIT_MetaBinner.2
k79_49132	ERR011347_MEGAHIT_MetaBinner.2
k79_43349	ERR011347_MEGAHIT_MetaBinner.2
k79_72225	ERR011347_MEGAHIT_MetaBinner.2
k79_66395	ERR011347_MEGAHIT_MetaBinner.2
k79_89892	ERR011347_MEGAHIT_MetaBinner.2
k79_49207	ERR011347_MEGAHIT_MetaBinner.2
k79_84611	ERR011347_MEGAHIT_MetaBinner.2
k79_12273	ERR011347_MEGAHIT_MetaBinner.2
k79_59204	ERR011347_MEGAHIT_MetaBinner.2
k79_46646	ERR011347_MEGAHIT_MetaBinner.2
k79_36337	ERR011347_MEGAHIT_MetaBinner.2
k79_96970	ERR011347_MEGAHIT_MetaBinner.2
k79_56204	ERR011347_MEGAHIT_MetaBinner.2
k79_8811	ERR011347_MEGAHIT_MetaBinner.2
k79_57691	ERR011347_MEGAHIT_MetaBinner.2
k79_85919	ERR011347_MEGAHIT_MetaBinner.3
k79_20722	ERR011347_MEGAHIT_MetaBinner.3
k79_53557	ERR011347_MEGAHIT_MetaBinner.3
k79_25572	ERR011347_MEGAHIT_MetaBinner.3
k79_36863	ERR011347_MEGAHIT_MetaBinner.3
k79_32807	ERR011347_MEGAHIT_MetaBinner.3
k79_53486	ERR011347_MEGAHIT_MetaBinner.3
k79_2028	ERR011347_MEGAHIT_MetaBinner.3
k79_59303	ERR011347_MEGAHIT_MetaBinner.3
k79_28215	ERR011347_MEGAHIT_MetaBinner.3
k79_618	ERR011347_MEGAHIT_MetaBinner.3
k79_15458	ERR011347_MEGAHIT_MetaBinner.3
k79_9499	ERR011347_MEGAHIT_MetaBinner.3
k79_47697	ERR011347_MEGAHIT_MetaBinner.3
k79_32483	ERR011347_MEGAHIT_MetaBinner.3
k79_55090	ERR011347_MEGAHIT_MetaBinner.3
k79_4550	ERR011347_MEGAHIT_MetaBinner.3
k79_49604	ERR011347_MEGAHIT_MetaBinner.3
k79_36354	ERR011347_MEGAHIT_MetaBinner.3
k79_10461	ERR011347_MEGAHIT_MetaBinner.3
k79_32487	ERR011347_MEGAHIT_MetaBinner.3
k79_85573	ERR011347_MEGAHIT_MetaBinner.3
k79_76354	ERR011347_MEGAHIT_MetaBinner.3
k79_35374	ERR011347_MEGAHIT_MetaBinner.3
k79_38001	ERR011347_MEGAHIT_MetaBinner.3
k79_39301	ERR011347_MEGAHIT_MetaBinner.3
k79_10698	ERR011347_MEGAHIT_MetaBinner.3
k79_226	ERR011347_MEGAHIT_MetaBinner.3
k79_38655	ERR011347_MEGAHIT_MetaBinner.3
k79_65240	ERR011347_MEGAHIT_MetaBinner.3
k79_38829	ERR011347_MEGAHIT_MetaBinner.3
k79_28617	ERR011347_MEGAHIT_MetaBinner.3
k79_30999	ERR011347_MEGAHIT_MetaBinner.3
k79_18882	ERR011347_MEGAHIT_MetaBinner.3
k79_82668	ERR011347_MEGAHIT_MetaBinner.3
k79_88891	ERR011347_MEGAHIT_MetaBinner.3
k79_36821	ERR011347_MEGAHIT_MetaBinner.3
k79_73953	ERR011347_MEGAHIT_MetaBinner.3
k79_6121	ERR011347_MEGAHIT_MetaBinner.3
k79_52766	ERR011347_MEGAHIT_MetaBinner.3
k79_13254	ERR011347_MEGAHIT_MetaBinner.3
k79_84410	ERR011347_MEGAHIT_MetaBinner.3
k79_17788	ERR011347_MEGAHIT_MetaBinner.3
k79_58055	ERR011347_MEGAHIT_MetaBinner.3
k79_49234	ERR011347_MEGAHIT_MetaBinner.3
k79_17251	ERR011347_MEGAHIT_MetaBinner.3
k79_52610	ERR011347_MEGAHIT_MetaBinner.3
k79_13674	ERR011347_MEGAHIT_MetaBinner.3
k79_58873	ERR011347_MEGAHIT_MetaBinner.3
k79_2278	ERR011347_MEGAHIT_MetaBinner.3
k79_82343	ERR011347_MEGAHIT_MetaBinner.3
k79_43792	ERR011347_MEGAHIT_MetaBinner.3
k79_39941	ERR011347_MEGAHIT_MetaBinner.3
k79_39887	ERR011347_MEGAHIT_MetaBinner.3
k79_7468	ERR011347_MEGAHIT_MetaBinner.3
k79_28241	ERR011347_MEGAHIT_MetaBinner.3
k79_6250	ERR011347_MEGAHIT_MetaBinner.3
k79_47830	ERR011347_MEGAHIT_MetaBinner.3
k79_47228	ERR011347_MEGAHIT_MetaBinner.3
k79_4341	ERR011347_MEGAHIT_MetaBinner.3
k79_67497	ERR011347_MEGAHIT_MetaBinner.3
k79_68582	ERR011347_MEGAHIT_MetaBinner.3
k79_26956	ERR011347_MEGAHIT_MetaBinner.3
k79_11600	ERR011347_MEGAHIT_MetaBinner.3
k79_64553	ERR011347_MEGAHIT_MetaBinner.3
k79_79317	ERR011347_MEGAHIT_MetaBinner.3
k79_50966	ERR011347_MEGAHIT_MetaBinner.3
k79_69510	ERR011347_MEGAHIT_MetaBinner.3
k79_31101	ERR011347_MEGAHIT_MetaBinner.3
k79_29600	ERR011347_MEGAHIT_MetaBinner.3
k79_32554	ERR011347_MEGAHIT_MetaBinner.3
k79_55250	ERR011347_MEGAHIT_MetaBinner.3
k79_3683	ERR011347_MEGAHIT_MetaBinner.3
k79_63221	ERR011347_MEGAHIT_MetaBinner.3
k79_6580	ERR011347_MEGAHIT_MetaBinner.3
k79_26548	ERR011347_MEGAHIT_MetaBinner.3
k79_70710	ERR011347_MEGAHIT_MetaBinner.3
k79_35574	ERR011347_MEGAHIT_MetaBinner.3
k79_23472	ERR011347_MEGAHIT_MetaBinner.3
k79_27797	ERR011347_MEGAHIT_MetaBinner.3
k79_71516	ERR011347_MEGAHIT_MetaBinner.3
k79_5953	ERR011347_MEGAHIT_MetaBinner.3
k79_2906	ERR011347_MEGAHIT_MetaBinner.3
k79_35373	ERR011347_MEGAHIT_MetaBinner.3
k79_16553	ERR011347_MEGAHIT_MetaBinner.3
k79_78655	ERR011347_MEGAHIT_MetaBinner.3
k79_74667	ERR011347_MEGAHIT_MetaBinner.3
k79_6741	ERR011347_MEGAHIT_MetaBinner.3
k79_44064	ERR011347_MEGAHIT_MetaBinner.3
k79_53329	ERR011347_MEGAHIT_MetaBinner.3
k79_10115	ERR011347_MEGAHIT_MetaBinner.3
k79_42196	ERR011347_MEGAHIT_MetaBinner.3
k79_6462	ERR011347_MEGAHIT_MetaBinner.3
k79_38044	ERR011347_MEGAHIT_MetaBinner.3
k79_72814	ERR011347_MEGAHIT_MetaBinner.3
k79_78249	ERR011347_MEGAHIT_MetaBinner.3
k79_39405	ERR011347_MEGAHIT_MetaBinner.3
k79_53638	ERR011347_MEGAHIT_MetaBinner.3
k79_14225	ERR011347_MEGAHIT_MetaBinner.3
k79_51599	ERR011347_MEGAHIT_MetaBinner.3
k79_7593	ERR011347_MEGAHIT_MetaBinner.3
k79_7791	ERR011347_MEGAHIT_MetaBinner.3
k79_72126	ERR011347_MEGAHIT_MetaBinner.3
k79_92564	ERR011347_MEGAHIT_MetaBinner.3
k79_93115	ERR011347_MEGAHIT_MetaBinner.3
k79_91517	ERR011347_MEGAHIT_MetaBinner.3
k79_5571	ERR011347_MEGAHIT_MetaBinner.3
k79_6981	ERR011347_MEGAHIT_MetaBinner.3
k79_96371	ERR011347_MEGAHIT_MetaBinner.3
k79_74413	ERR011347_MEGAHIT_MetaBinner.3
k79_85485	ERR011347_MEGAHIT_MetaBinner.3
k79_1057	ERR011347_MEGAHIT_MetaBinner.3
k79_95980	ERR011347_MEGAHIT_MetaBinner.3
k79_28029	ERR011347_MEGAHIT_MetaBinner.3
k79_13210	ERR011347_MEGAHIT_MetaBinner.3
k79_69332	ERR011347_MEGAHIT_MetaBinner.3
k79_7807	ERR011347_MEGAHIT_MetaBinner.3
k79_7141	ERR011347_MEGAHIT_MetaBinner.3
k79_88600	ERR011347_MEGAHIT_MetaBinner.3
k79_7735	ERR011347_MEGAHIT_MetaBinner.3
k79_92375	ERR011347_MEGAHIT_MetaBinner.3
k79_24340	ERR011347_MEGAHIT_MetaBinner.3
k79_78524	ERR011347_MEGAHIT_MetaBinner.3
k79_43167	ERR011347_MEGAHIT_MetaBinner.3
k79_9691	ERR011347_MEGAHIT_MetaBinner.3
k79_73034	ERR011347_MEGAHIT_MetaBinner.3
k79_91828	ERR011347_MEGAHIT_MetaBinner.3
k79_87777	ERR011347_MEGAHIT_MetaBinner.3
k79_54888	ERR011347_MEGAHIT_MetaBinner.3
k79_44524	ERR011347_MEGAHIT_MetaBinner.3
k79_16471	ERR011347_MEGAHIT_MetaBinner.3
k79_52748	ERR011347_MEGAHIT_MetaBinner.3
k79_37909	ERR011347_MEGAHIT_MetaBinner.3
k79_63595	ERR011347_MEGAHIT_MetaBinner.3
k79_94998	ERR011347_MEGAHIT_MetaBinner.3
k79_81066	ERR011347_MEGAHIT_MetaBinner.3
k79_86299	ERR011347_MEGAHIT_MetaBinner.3
k79_84328	ERR011347_MEGAHIT_MetaBinner.3
k79_12933	ERR011347_MEGAHIT_MetaBinner.3
k79_29654	ERR011347_MEGAHIT_MetaBinner.3
k79_27115	ERR011347_MEGAHIT_MetaBinner.3
k79_63300	ERR011347_MEGAHIT_MetaBinner.3
k79_25904	ERR011347_MEGAHIT_MetaBinner.3
k79_15007	ERR011347_MEGAHIT_MetaBinner.3
k79_27397	ERR011347_MEGAHIT_MetaBinner.3
k79_63904	ERR011347_MEGAHIT_MetaBinner.3
k79_65579	ERR011347_MEGAHIT_MetaBinner.3
k79_922	ERR011347_MEGAHIT_MetaBinner.3
k79_13218	ERR011347_MEGAHIT_MetaBinner.3
k79_85229	ERR011347_MEGAHIT_MetaBinner.3
k79_15626	ERR011347_MEGAHIT_MetaBinner.3
k79_68868	ERR011347_MEGAHIT_MetaBinner.3
k79_4460	ERR011347_MEGAHIT_MetaBinner.3
k79_9530	ERR011347_MEGAHIT_MetaBinner.3
k79_102	ERR011347_MEGAHIT_MetaBinner.3
k79_24930	ERR011347_MEGAHIT_MetaBinner.3
k79_28166	ERR011347_MEGAHIT_MetaBinner.3
k79_48988	ERR011347_MEGAHIT_MetaBinner.3
k79_65566	ERR011347_MEGAHIT_MetaBinner.3
k79_33704	ERR011347_MEGAHIT_MetaBinner.3
k79_71150	ERR011347_MEGAHIT_MetaBinner.3
k79_37233	ERR011347_MEGAHIT_MetaBinner.3
k79_40835	ERR011347_MEGAHIT_MetaBinner.3
k79_51857	ERR011347_MEGAHIT_MetaBinner.3
k79_30	ERR011347_MEGAHIT_MetaBinner.3
k79_51660	ERR011347_MEGAHIT_MetaBinner.3
k79_16925	ERR011347_MEGAHIT_MetaBinner.3
k79_22918	ERR011347_MEGAHIT_MetaBinner.3
k79_40490	ERR011347_MEGAHIT_MetaBinner.3
k79_88831	ERR011347_MEGAHIT_MetaBinner.3
k79_4297	ERR011347_MEGAHIT_MetaBinner.3
k79_13983	ERR011347_MEGAHIT_MetaBinner.3
k79_39963	ERR011347_MEGAHIT_MetaBinner.3
k79_3485	ERR011347_MEGAHIT_MetaBinner.3
k79_39943	ERR011347_MEGAHIT_MetaBinner.3
k79_49174	ERR011347_MEGAHIT_MetaBinner.3
k79_59935	ERR011347_MEGAHIT_MetaBinner.3
k79_11075	ERR011347_MEGAHIT_MetaBinner.3
k79_91504	ERR011347_MEGAHIT_MetaBinner.3
k79_69009	ERR011347_MEGAHIT_MetaBinner.3
k79_42158	ERR011347_MEGAHIT_MetaBinner.3
k79_4567	ERR011347_MEGAHIT_MetaBinner.3
k79_81801	ERR011347_MEGAHIT_MetaBinner.3
k79_46127	ERR011347_MEGAHIT_MetaBinner.3
k79_77979	ERR011347_MEGAHIT_MetaBinner.3
k79_58501	ERR011347_MEGAHIT_MetaBinner.3
k79_79561	ERR011347_MEGAHIT_MetaBinner.3
k79_69694	ERR011347_MEGAHIT_MetaBinner.3
k79_54236	ERR011347_MEGAHIT_MetaBinner.3
k79_55340	ERR011347_MEGAHIT_MetaBinner.3
k79_89482	ERR011347_MEGAHIT_MetaBinner.3
k79_15997	ERR011347_MEGAHIT_MetaBinner.3
k79_70225	ERR011347_MEGAHIT_MetaBinner.3
k79_29947	ERR011347_MEGAHIT_MetaBinner.3
k79_78599	ERR011347_MEGAHIT_MetaBinner.3
k79_72463	ERR011347_MEGAHIT_MetaBinner.3
k79_3654	ERR011347_MEGAHIT_MetaBinner.3
k79_38136	ERR011347_MEGAHIT_MetaBinner.3
k79_14473	ERR011347_MEGAHIT_MetaBinner.3
k79_91694	ERR011347_MEGAHIT_MetaBinner.3
k79_4831	ERR011347_MEGAHIT_MetaBinner.3
k79_4535	ERR011347_MEGAHIT_MetaBinner.3
k79_63975	ERR011347_MEGAHIT_MetaBinner.3
k79_36139	ERR011347_MEGAHIT_MetaBinner.3
k79_64948	ERR011347_MEGAHIT_MetaBinner.3
k79_44013	ERR011347_MEGAHIT_MetaBinner.3
k79_57142	ERR011347_MEGAHIT_MetaBinner.3
k79_17437	ERR011347_MEGAHIT_MetaBinner.3
k79_88008	ERR011347_MEGAHIT_MetaBinner.3
k79_47261	ERR011347_MEGAHIT_MetaBinner.3
k79_141	ERR011347_MEGAHIT_MetaBinner.3
k79_11837	ERR011347_MEGAHIT_MetaBinner.3
k79_73298	ERR011347_MEGAHIT_MetaBinner.3
k79_3688	ERR011347_MEGAHIT_MetaBinner.3
k79_50893	ERR011347_MEGAHIT_MetaBinner.3
k79_14454	ERR011347_MEGAHIT_MetaBinner.3
k79_42610	ERR011347_MEGAHIT_MetaBinner.3
k79_15081	ERR011347_MEGAHIT_MetaBinner.3
k79_77113	ERR011347_MEGAHIT_MetaBinner.3
k79_8768	ERR011347_MEGAHIT_MetaBinner.3
k79_80931	ERR011347_MEGAHIT_MetaBinner.3
k79_45100	ERR011347_MEGAHIT_MetaBinner.3
k79_93704	ERR011347_MEGAHIT_MetaBinner.3
k79_5622	ERR011347_MEGAHIT_MetaBinner.3
k79_34832	ERR011347_MEGAHIT_MetaBinner.3
k79_1030	ERR011347_MEGAHIT_MetaBinner.3
k79_41199	ERR011347_MEGAHIT_MetaBinner.3
k79_20324	ERR011347_MEGAHIT_MetaBinner.3
k79_5099	ERR011347_MEGAHIT_MetaBinner.3
k79_46728	ERR011347_MEGAHIT_MetaBinner.3
k79_53861	ERR011347_MEGAHIT_MetaBinner.3
k79_92004	ERR011347_MEGAHIT_MetaBinner.3
k79_41093	ERR011347_MEGAHIT_MetaBinner.3
k79_63004	ERR011347_MEGAHIT_MetaBinner.3
k79_37663	ERR011347_MEGAHIT_MetaBinner.3
k79_5147	ERR011347_MEGAHIT_MetaBinner.3
k79_24328	ERR011347_MEGAHIT_MetaBinner.3
k79_66502	ERR011347_MEGAHIT_MetaBinner.3
k79_65085	ERR011347_MEGAHIT_MetaBinner.3
k79_15799	ERR011347_MEGAHIT_MetaBinner.3
k79_22234	ERR011347_MEGAHIT_MetaBinner.3
k79_25173	ERR011347_MEGAHIT_MetaBinner.3
k79_36440	ERR011347_MEGAHIT_MetaBinner.3
k79_17740	ERR011347_MEGAHIT_MetaBinner.3
k79_51466	ERR011347_MEGAHIT_MetaBinner.3
k79_38788	ERR011347_MEGAHIT_MetaBinner.3
k79_1561	ERR011347_MEGAHIT_MetaBinner.3
k79_82189	ERR011347_MEGAHIT_MetaBinner.3
k79_93320	ERR011347_MEGAHIT_MetaBinner.3
k79_7827	ERR011347_MEGAHIT_MetaBinner.3
k79_60268	ERR011347_MEGAHIT_MetaBinner.3
k79_54455	ERR011347_MEGAHIT_MetaBinner.3
k79_90680	ERR011347_MEGAHIT_MetaBinner.3
k79_77774	ERR011347_MEGAHIT_MetaBinner.3
k79_12896	ERR011347_MEGAHIT_MetaBinner.3
k79_87196	ERR011347_MEGAHIT_MetaBinner.3
k79_45948	ERR011347_MEGAHIT_MetaBinner.3
k79_72302	ERR011347_MEGAHIT_MetaBinner.3
k79_70674	ERR011347_MEGAHIT_MetaBinner.3
k79_47794	ERR011347_MEGAHIT_MetaBinner.3
k79_64741	ERR011347_MEGAHIT_MetaBinner.3
k79_45211	ERR011347_MEGAHIT_MetaBinner.3
k79_77440	ERR011347_MEGAHIT_MetaBinner.3
k79_81563	ERR011347_MEGAHIT_MetaBinner.3
k79_8356	ERR011347_MEGAHIT_MetaBinner.3
k79_20821	ERR011347_MEGAHIT_MetaBinner.3
k79_43427	ERR011347_MEGAHIT_MetaBinner.3
k79_18706	ERR011347_MEGAHIT_MetaBinner.3
k79_50263	ERR011347_MEGAHIT_MetaBinner.3
k79_5389	ERR011347_MEGAHIT_MetaBinner.3
k79_85239	ERR011347_MEGAHIT_MetaBinner.3
k79_41011	ERR011347_MEGAHIT_MetaBinner.3
k79_31541	ERR011347_MEGAHIT_MetaBinner.3
k79_74940	ERR011347_MEGAHIT_MetaBinner.3
k79_66698	ERR011347_MEGAHIT_MetaBinner.3
k79_27642	ERR011347_MEGAHIT_MetaBinner.3
k79_32650	ERR011347_MEGAHIT_MetaBinner.3
k79_25747	ERR011347_MEGAHIT_MetaBinner.3
k79_13302	ERR011347_MEGAHIT_MetaBinner.3
k79_1490	ERR011347_MEGAHIT_MetaBinner.3
k79_53943	ERR011347_MEGAHIT_MetaBinner.3
k79_88099	ERR011347_MEGAHIT_MetaBinner.3
k79_8316	ERR011347_MEGAHIT_MetaBinner.3
k79_45666	ERR011347_MEGAHIT_MetaBinner.3
k79_77010	ERR011347_MEGAHIT_MetaBinner.3
k79_40059	ERR011347_MEGAHIT_MetaBinner.3
k79_71587	ERR011347_MEGAHIT_MetaBinner.3
k79_91346	ERR011347_MEGAHIT_MetaBinner.3
k79_4795	ERR011347_MEGAHIT_MetaBinner.3
k79_36833	ERR011347_MEGAHIT_MetaBinner.3
k79_2092	ERR011347_MEGAHIT_MetaBinner.3
k79_44736	ERR011347_MEGAHIT_MetaBinner.3
k79_88037	ERR011347_MEGAHIT_MetaBinner.3
k79_52380	ERR011347_MEGAHIT_MetaBinner.3
k79_12500	ERR011347_MEGAHIT_MetaBinner.3
k79_66783	ERR011347_MEGAHIT_MetaBinner.3
k79_89400	ERR011347_MEGAHIT_MetaBinner.3
k79_7570	ERR011347_MEGAHIT_MetaBinner.3
k79_57166	ERR011347_MEGAHIT_MetaBinner.3
k79_52403	ERR011347_MEGAHIT_MetaBinner.3
k79_82408	ERR011347_MEGAHIT_MetaBinner.3
k79_12163	ERR011347_MEGAHIT_MetaBinner.3
k79_4742	ERR011347_MEGAHIT_MetaBinner.3
k79_76913	ERR011347_MEGAHIT_MetaBinner.3
k79_62306	ERR011347_MEGAHIT_MetaBinner.3
k79_5473	ERR011347_MEGAHIT_MetaBinner.3
k79_55145	ERR011347_MEGAHIT_MetaBinner.3
k79_32413	ERR011347_MEGAHIT_MetaBinner.3
k79_71340	ERR011347_MEGAHIT_MetaBinner.3
k79_73893	ERR011347_MEGAHIT_MetaBinner.3
k79_87345	ERR011347_MEGAHIT_MetaBinner.3
k79_87468	ERR011347_MEGAHIT_MetaBinner.3
k79_33822	ERR011347_MEGAHIT_MetaBinner.3
k79_28925	ERR011347_MEGAHIT_MetaBinner.3
k79_23606	ERR011347_MEGAHIT_MetaBinner.3
k79_85818	ERR011347_MEGAHIT_MetaBinner.3
k79_41897	ERR011347_MEGAHIT_MetaBinner.3
k79_24533	ERR011347_MEGAHIT_MetaBinner.3
k79_15071	ERR011347_MEGAHIT_MetaBinner.3
k79_62903	ERR011347_MEGAHIT_MetaBinner.3
k79_55376	ERR011347_MEGAHIT_MetaBinner.3
k79_20423	ERR011347_MEGAHIT_MetaBinner.3
k79_62709	ERR011347_MEGAHIT_MetaBinner.3
k79_84110	ERR011347_MEGAHIT_MetaBinner.3
k79_31393	ERR011347_MEGAHIT_MetaBinner.3
k79_86765	ERR011347_MEGAHIT_MetaBinner.3
k79_7125	ERR011347_MEGAHIT_MetaBinner.3
k79_52245	ERR011347_MEGAHIT_MetaBinner.3
k79_39620	ERR011347_MEGAHIT_MetaBinner.3
k79_24950	ERR011347_MEGAHIT_MetaBinner.3
k79_89860	ERR011347_MEGAHIT_MetaBinner.3
k79_56620	ERR011347_MEGAHIT_MetaBinner.3
k79_65689	ERR011347_MEGAHIT_MetaBinner.3
k79_16336	ERR011347_MEGAHIT_MetaBinner.3
k79_2640	ERR011347_MEGAHIT_MetaBinner.3
k79_14496	ERR011347_MEGAHIT_MetaBinner.3
k79_10194	ERR011347_MEGAHIT_MetaBinner.3
k79_32506	ERR011347_MEGAHIT_MetaBinner.3
k79_35424	ERR011347_MEGAHIT_MetaBinner.3
k79_64826	ERR011347_MEGAHIT_MetaBinner.3
k79_76508	ERR011347_MEGAHIT_MetaBinner.3
k79_81886	ERR011347_MEGAHIT_MetaBinner.3
k79_16005	ERR011347_MEGAHIT_MetaBinner.3
k79_51615	ERR011347_MEGAHIT_MetaBinner.3
k79_17536	ERR011347_MEGAHIT_MetaBinner.3
k79_34685	ERR011347_MEGAHIT_MetaBinner.3
k79_88420	ERR011347_MEGAHIT_MetaBinner.3
k79_47464	ERR011347_MEGAHIT_MetaBinner.3
k79_5312	ERR011347_MEGAHIT_MetaBinner.3
k79_89478	ERR011347_MEGAHIT_MetaBinner.3
k79_48811	ERR011347_MEGAHIT_MetaBinner.3
k79_50395	ERR011347_MEGAHIT_MetaBinner.3
k79_72676	ERR011347_MEGAHIT_MetaBinner.3
k79_83489	ERR011347_MEGAHIT_MetaBinner.3
k79_38102	ERR011347_MEGAHIT_MetaBinner.3
k79_56750	ERR011347_MEGAHIT_MetaBinner.3
k79_42396	ERR011347_MEGAHIT_MetaBinner.3
k79_53233	ERR011347_MEGAHIT_MetaBinner.3
k79_51667	ERR011347_MEGAHIT_MetaBinner.3
k79_48765	ERR011347_MEGAHIT_MetaBinner.3
k79_34635	ERR011347_MEGAHIT_MetaBinner.3
k79_11940	ERR011347_MEGAHIT_MetaBinner.3
k79_30102	ERR011347_MEGAHIT_MetaBinner.3
k79_9629	ERR011347_MEGAHIT_MetaBinner.3
k79_42700	ERR011347_MEGAHIT_MetaBinner.3
k79_80995	ERR011347_MEGAHIT_MetaBinner.3
k79_23245	ERR011347_MEGAHIT_MetaBinner.3
k79_36541	ERR011347_MEGAHIT_MetaBinner.3
k79_32664	ERR011347_MEGAHIT_MetaBinner.3
k79_9331	ERR011347_MEGAHIT_MetaBinner.3
k79_42669	ERR011347_MEGAHIT_MetaBinner.3
k79_36283	ERR011347_MEGAHIT_MetaBinner.3
k79_9764	ERR011347_MEGAHIT_MetaBinner.3
k79_41073	ERR011347_MEGAHIT_MetaBinner.3
k79_32426	ERR011347_MEGAHIT_MetaBinner.3
k79_85802	ERR011347_MEGAHIT_MetaBinner.3
k79_28367	ERR011347_MEGAHIT_MetaBinner.3
k79_45001	ERR011347_MEGAHIT_MetaBinner.3
k79_45563	ERR011347_MEGAHIT_MetaBinner.3
k79_95017	ERR011347_MEGAHIT_MetaBinner.3
k79_7358	ERR011347_MEGAHIT_MetaBinner.3
k79_83681	ERR011347_MEGAHIT_MetaBinner.3
k79_28187	ERR011347_MEGAHIT_MetaBinner.3
k79_65912	ERR011347_MEGAHIT_MetaBinner.3
k79_84966	ERR011347_MEGAHIT_MetaBinner.3
k79_77944	ERR011347_MEGAHIT_MetaBinner.3
k79_65927	ERR011347_MEGAHIT_MetaBinner.3
k79_30267	ERR011347_MEGAHIT_MetaBinner.3
k79_9652	ERR011347_MEGAHIT_MetaBinner.3
k79_85975	ERR011347_MEGAHIT_MetaBinner.3
k79_42647	ERR011347_MEGAHIT_MetaBinner.3
k79_67670	ERR011347_MEGAHIT_MetaBinner.3
k79_89609	ERR011347_MEGAHIT_MetaBinner.3
k79_40801	ERR011347_MEGAHIT_MetaBinner.3
k79_24250	ERR011347_MEGAHIT_MetaBinner.3
k79_93342	ERR011347_MEGAHIT_MetaBinner.3
k79_80458	ERR011347_MEGAHIT_MetaBinner.3
k79_23760	ERR011347_MEGAHIT_MetaBinner.3
k79_85091	ERR011347_MEGAHIT_MetaBinner.3
k79_54091	ERR011347_MEGAHIT_MetaBinner.3
k79_56360	ERR011347_MEGAHIT_MetaBinner.3
k79_89216	ERR011347_MEGAHIT_MetaBinner.3
k79_27980	ERR011347_MEGAHIT_MetaBinner.3
k79_52553	ERR011347_MEGAHIT_MetaBinner.3
k79_42108	ERR011347_MEGAHIT_MetaBinner.3
k79_44235	ERR011347_MEGAHIT_MetaBinner.3
k79_74284	ERR011347_MEGAHIT_MetaBinner.3
k79_92154	ERR011347_MEGAHIT_MetaBinner.3
k79_89227	ERR011347_MEGAHIT_MetaBinner.3
k79_91122	ERR011347_MEGAHIT_MetaBinner.3
k79_20403	ERR011347_MEGAHIT_MetaBinner.3
k79_26790	ERR011347_MEGAHIT_MetaBinner.3
k79_53901	ERR011347_MEGAHIT_MetaBinner.3
k79_97231	ERR011347_MEGAHIT_MetaBinner.3
k79_5466	ERR011347_MEGAHIT_MetaBinner.3
k79_81459	ERR011347_MEGAHIT_MetaBinner.3
k79_43971	ERR011347_MEGAHIT_MetaBinner.3
k79_93412	ERR011347_MEGAHIT_MetaBinner.3
k79_91028	ERR011347_MEGAHIT_MetaBinner.3
k79_33886	ERR011347_MEGAHIT_MetaBinner.3
k79_57787	ERR011347_MEGAHIT_MetaBinner.3
k79_24987	ERR011347_MEGAHIT_MetaBinner.3
k79_78213	ERR011347_MEGAHIT_MetaBinner.3
k79_7004	ERR011347_MEGAHIT_MetaBinner.3
k79_958	ERR011347_MEGAHIT_MetaBinner.3
k79_39392	ERR011347_MEGAHIT_MetaBinner.3
k79_69254	ERR011347_MEGAHIT_MetaBinner.3
k79_26368	ERR011347_MEGAHIT_MetaBinner.3
k79_43029	ERR011347_MEGAHIT_MetaBinner.3
k79_3048	ERR011347_MEGAHIT_MetaBinner.3
k79_80900	ERR011347_MEGAHIT_MetaBinner.3
k79_30986	ERR011347_MEGAHIT_MetaBinner.3
k79_21062	ERR011347_MEGAHIT_MetaBinner.3
k79_204	ERR011347_MEGAHIT_MetaBinner.3
k79_10384	ERR011347_MEGAHIT_MetaBinner.3
k79_15920	ERR011347_MEGAHIT_MetaBinner.3
k79_62583	ERR011347_MEGAHIT_MetaBinner.3
k79_55173	ERR011347_MEGAHIT_MetaBinner.3
k79_40876	ERR011347_MEGAHIT_MetaBinner.3
k79_31965	ERR011347_MEGAHIT_MetaBinner.3
k79_25533	ERR011347_MEGAHIT_MetaBinner.3
k79_77925	ERR011347_MEGAHIT_MetaBinner.4
k79_38682	ERR011347_MEGAHIT_MetaBinner.4
k79_72806	ERR011347_MEGAHIT_MetaBinner.4
k79_51131	ERR011347_MEGAHIT_MetaBinner.4
k79_15392	ERR011347_MEGAHIT_MetaBinner.4
k79_57026	ERR011347_MEGAHIT_MetaBinner.4
k79_85109	ERR011347_MEGAHIT_MetaBinner.4
k79_54046	ERR011347_MEGAHIT_MetaBinner.4
k79_14020	ERR011347_MEGAHIT_MetaBinner.4
k79_24198	ERR011347_MEGAHIT_MetaBinner.4
k79_92567	ERR011347_MEGAHIT_MetaBinner.4
k79_71693	ERR011347_MEGAHIT_MetaBinner.4
k79_34867	ERR011347_MEGAHIT_MetaBinner.4
k79_566	ERR011347_MEGAHIT_MetaBinner.4
k79_33464	ERR011347_MEGAHIT_MetaBinner.4
k79_55970	ERR011347_MEGAHIT_MetaBinner.4
k79_22443	ERR011347_MEGAHIT_MetaBinner.4
k79_34610	ERR011347_MEGAHIT_MetaBinner.4
k79_25458	ERR011347_MEGAHIT_MetaBinner.4
k79_43103	ERR011347_MEGAHIT_MetaBinner.4
k79_74521	ERR011347_MEGAHIT_MetaBinner.4
k79_17677	ERR011347_MEGAHIT_MetaBinner.4
k79_47584	ERR011347_MEGAHIT_MetaBinner.4
k79_33985	ERR011347_MEGAHIT_MetaBinner.4
k79_94005	ERR011347_MEGAHIT_MetaBinner.4
k79_1024	ERR011347_MEGAHIT_MetaBinner.4
k79_44269	ERR011347_MEGAHIT_MetaBinner.4
k79_29461	ERR011347_MEGAHIT_MetaBinner.4
k79_67363	ERR011347_MEGAHIT_MetaBinner.4
k79_72021	ERR011347_MEGAHIT_MetaBinner.4
k79_28932	ERR011347_MEGAHIT_MetaBinner.4
k79_51808	ERR011347_MEGAHIT_MetaBinner.4
k79_93107	ERR011347_MEGAHIT_MetaBinner.4
k79_6609	ERR011347_MEGAHIT_MetaBinner.4
k79_73410	ERR011347_MEGAHIT_MetaBinner.4
k79_50901	ERR011347_MEGAHIT_MetaBinner.4
k79_18708	ERR011347_MEGAHIT_MetaBinner.4
k79_11592	ERR011347_MEGAHIT_MetaBinner.4
k79_62508	ERR011347_MEGAHIT_MetaBinner.4
k79_67630	ERR011347_MEGAHIT_MetaBinner.4
k79_83012	ERR011347_MEGAHIT_MetaBinner.4
k79_21623	ERR011347_MEGAHIT_MetaBinner.4
k79_8396	ERR011347_MEGAHIT_MetaBinner.4
k79_65298	ERR011347_MEGAHIT_MetaBinner.4
k79_42881	ERR011347_MEGAHIT_MetaBinner.4
k79_25096	ERR011347_MEGAHIT_MetaBinner.4
k79_64620	ERR011347_MEGAHIT_MetaBinner.4
k79_37057	ERR011347_MEGAHIT_MetaBinner.4
k79_58955	ERR011347_MEGAHIT_MetaBinner.4
k79_16087	ERR011347_MEGAHIT_MetaBinner.4
k79_54248	ERR011347_MEGAHIT_MetaBinner.4
k79_37644	ERR011347_MEGAHIT_MetaBinner.4
k79_1592	ERR011347_MEGAHIT_MetaBinner.4
k79_94580	ERR011347_MEGAHIT_MetaBinner.4
k79_45119	ERR011347_MEGAHIT_MetaBinner.4
k79_81876	ERR011347_MEGAHIT_MetaBinner.4
k79_7122	ERR011347_MEGAHIT_MetaBinner.4
k79_47204	ERR011347_MEGAHIT_MetaBinner.4
k79_93767	ERR011347_MEGAHIT_MetaBinner.4
k79_38778	ERR011347_MEGAHIT_MetaBinner.4
k79_20124	ERR011347_MEGAHIT_MetaBinner.4
k79_73	ERR011347_MEGAHIT_MetaBinner.4
k79_56820	ERR011347_MEGAHIT_MetaBinner.4
k79_78651	ERR011347_MEGAHIT_MetaBinner.4
k79_37072	ERR011347_MEGAHIT_MetaBinner.4
k79_10799	ERR011347_MEGAHIT_MetaBinner.4
k79_73565	ERR011347_MEGAHIT_MetaBinner.4
k79_41528	ERR011347_MEGAHIT_MetaBinner.4
k79_65886	ERR011347_MEGAHIT_MetaBinner.4
k79_16228	ERR011347_MEGAHIT_MetaBinner.4
k79_21942	ERR011347_MEGAHIT_MetaBinner.4
k79_70760	ERR011347_MEGAHIT_MetaBinner.4
k79_70586	ERR011347_MEGAHIT_MetaBinner.4
k79_62634	ERR011347_MEGAHIT_MetaBinner.4
k79_19757	ERR011347_MEGAHIT_MetaBinner.4
k79_28945	ERR011347_MEGAHIT_MetaBinner.4
k79_76696	ERR011347_MEGAHIT_MetaBinner.4
k79_51416	ERR011347_MEGAHIT_MetaBinner.4
k79_40141	ERR011347_MEGAHIT_MetaBinner.4
k79_4436	ERR011347_MEGAHIT_MetaBinner.4
k79_8132	ERR011347_MEGAHIT_MetaBinner.4
k79_26738	ERR011347_MEGAHIT_MetaBinner.4
k79_18374	ERR011347_MEGAHIT_MetaBinner.4
k79_60924	ERR011347_MEGAHIT_MetaBinner.4
k79_31041	ERR011347_MEGAHIT_MetaBinner.4
k79_85635	ERR011347_MEGAHIT_MetaBinner.4
k79_70018	ERR011347_MEGAHIT_MetaBinner.4
k79_24093	ERR011347_MEGAHIT_MetaBinner.4
k79_85997	ERR011347_MEGAHIT_MetaBinner.4
k79_27625	ERR011347_MEGAHIT_MetaBinner.4
k79_15452	ERR011347_MEGAHIT_MetaBinner.4
k79_39331	ERR011347_MEGAHIT_MetaBinner.4
k79_12154	ERR011347_MEGAHIT_MetaBinner.4
k79_753	ERR011347_MEGAHIT_MetaBinner.4
k79_18029	ERR011347_MEGAHIT_MetaBinner.4
k79_21008	ERR011347_MEGAHIT_MetaBinner.4
k79_51593	ERR011347_MEGAHIT_MetaBinner.4
k79_73458	ERR011347_MEGAHIT_MetaBinner.4
k79_79563	ERR011347_MEGAHIT_MetaBinner.4
k79_85238	ERR011347_MEGAHIT_MetaBinner.4
k79_4827	ERR011347_MEGAHIT_MetaBinner.4
k79_84968	ERR011347_MEGAHIT_MetaBinner.4
k79_9745	ERR011347_MEGAHIT_MetaBinner.4
k79_44750	ERR011347_MEGAHIT_MetaBinner.4
k79_26992	ERR011347_MEGAHIT_MetaBinner.4
k79_1968	ERR011347_MEGAHIT_MetaBinner.4
k79_40017	ERR011347_MEGAHIT_MetaBinner.4
k79_1882	ERR011347_MEGAHIT_MetaBinner.4
k79_66586	ERR011347_MEGAHIT_MetaBinner.4
k79_28917	ERR011347_MEGAHIT_MetaBinner.4
k79_42972	ERR011347_MEGAHIT_MetaBinner.4
k79_66063	ERR011347_MEGAHIT_MetaBinner.4
k79_28668	ERR011347_MEGAHIT_MetaBinner.4
k79_39654	ERR011347_MEGAHIT_MetaBinner.4
k79_64794	ERR011347_MEGAHIT_MetaBinner.4
k79_6405	ERR011347_MEGAHIT_MetaBinner.4
k79_31626	ERR011347_MEGAHIT_MetaBinner.4
k79_25951	ERR011347_MEGAHIT_MetaBinner.4
k79_40913	ERR011347_MEGAHIT_MetaBinner.4
k79_82916	ERR011347_MEGAHIT_MetaBinner.4
k79_92343	ERR011347_MEGAHIT_MetaBinner.4
k79_24896	ERR011347_MEGAHIT_MetaBinner.4
k79_4019	ERR011347_MEGAHIT_MetaBinner.4
k79_3776	ERR011347_MEGAHIT_MetaBinner.4
k79_22745	ERR011347_MEGAHIT_MetaBinner.4
k79_70675	ERR011347_MEGAHIT_MetaBinner.4
k79_6644	ERR011347_MEGAHIT_MetaBinner.4
k79_5619	ERR011347_MEGAHIT_MetaBinner.4
k79_28682	ERR011347_MEGAHIT_MetaBinner.4
k79_60987	ERR011347_MEGAHIT_MetaBinner.4
k79_70344	ERR011347_MEGAHIT_MetaBinner.4
k79_8439	ERR011347_MEGAHIT_MetaBinner.4
k79_11519	ERR011347_MEGAHIT_MetaBinner.4
k79_73418	ERR011347_MEGAHIT_MetaBinner.4
k79_86622	ERR011347_MEGAHIT_MetaBinner.4
k79_868	ERR011347_MEGAHIT_MetaBinner.4
k79_73764	ERR011347_MEGAHIT_MetaBinner.4
k79_3726	ERR011347_MEGAHIT_MetaBinner.4
k79_66894	ERR011347_MEGAHIT_MetaBinner.4
k79_16733	ERR011347_MEGAHIT_MetaBinner.4
k79_17616	ERR011347_MEGAHIT_MetaBinner.4
k79_10849	ERR011347_MEGAHIT_MetaBinner.4
k79_72564	ERR011347_MEGAHIT_MetaBinner.4
k79_56913	ERR011347_MEGAHIT_MetaBinner.4
k79_54428	ERR011347_MEGAHIT_MetaBinner.4
k79_66217	ERR011347_MEGAHIT_MetaBinner.4
k79_84491	ERR011347_MEGAHIT_MetaBinner.4
k79_16931	ERR011347_MEGAHIT_MetaBinner.4
k79_2990	ERR011347_MEGAHIT_MetaBinner.4
k79_32059	ERR011347_MEGAHIT_MetaBinner.4
k79_41180	ERR011347_MEGAHIT_MetaBinner.4
k79_69577	ERR011347_MEGAHIT_MetaBinner.4
k79_38047	ERR011347_MEGAHIT_MetaBinner.4
k79_83630	ERR011347_MEGAHIT_MetaBinner.4
k79_14613	ERR011347_MEGAHIT_MetaBinner.4
k79_19773	ERR011347_MEGAHIT_MetaBinner.4
k79_81635	ERR011347_MEGAHIT_MetaBinner.4
k79_87812	ERR011347_MEGAHIT_MetaBinner.4
k79_74955	ERR011347_MEGAHIT_MetaBinner.4
k79_31431	ERR011347_MEGAHIT_MetaBinner.4
k79_44863	ERR011347_MEGAHIT_MetaBinner.4
k79_19761	ERR011347_MEGAHIT_MetaBinner.4
k79_48112	ERR011347_MEGAHIT_MetaBinner.4
k79_47101	ERR011347_MEGAHIT_MetaBinner.4
k79_16685	ERR011347_MEGAHIT_MetaBinner.4
k79_63532	ERR011347_MEGAHIT_MetaBinner.4
k79_28032	ERR011347_MEGAHIT_MetaBinner.4
k79_80812	ERR011347_MEGAHIT_MetaBinner.4
k79_85851	ERR011347_MEGAHIT_MetaBinner.4
k79_43298	ERR011347_MEGAHIT_MetaBinner.4
k79_69957	ERR011347_MEGAHIT_MetaBinner.4
k79_11794	ERR011347_MEGAHIT_MetaBinner.4
k79_24014	ERR011347_MEGAHIT_MetaBinner.4
k79_72816	ERR011347_MEGAHIT_MetaBinner.4
k79_67192	ERR011347_MEGAHIT_MetaBinner.4
k79_15999	ERR011347_MEGAHIT_MetaBinner.4
k79_4484	ERR011347_MEGAHIT_MetaBinner.4
k79_37745	ERR011347_MEGAHIT_MetaBinner.4
k79_35508	ERR011347_MEGAHIT_MetaBinner.4
k79_32434	ERR011347_MEGAHIT_MetaBinner.4
k79_67511	ERR011347_MEGAHIT_MetaBinner.4
k79_31505	ERR011347_MEGAHIT_MetaBinner.4
k79_75722	ERR011347_MEGAHIT_MetaBinner.4
k79_36613	ERR011347_MEGAHIT_MetaBinner.4
k79_14206	ERR011347_MEGAHIT_MetaBinner.4
k79_52512	ERR011347_MEGAHIT_MetaBinner.4
k79_91383	ERR011347_MEGAHIT_MetaBinner.4
k79_78196	ERR011347_MEGAHIT_MetaBinner.4
k79_4680	ERR011347_MEGAHIT_MetaBinner.4
k79_9120	ERR011347_MEGAHIT_MetaBinner.4
k79_46782	ERR011347_MEGAHIT_MetaBinner.4
k79_7824	ERR011347_MEGAHIT_MetaBinner.4
k79_91532	ERR011347_MEGAHIT_MetaBinner.4
k79_53244	ERR011347_MEGAHIT_MetaBinner.4
k79_19855	ERR011347_MEGAHIT_MetaBinner.4
k79_74480	ERR011347_MEGAHIT_MetaBinner.4
k79_4606	ERR011347_MEGAHIT_MetaBinner.4
k79_14757	ERR011347_MEGAHIT_MetaBinner.4
k79_9771	ERR011347_MEGAHIT_MetaBinner.4
k79_61698	ERR011347_MEGAHIT_MetaBinner.4
k79_59793	ERR011347_MEGAHIT_MetaBinner.4
k79_19268	ERR011347_MEGAHIT_MetaBinner.4
k79_2041	ERR011347_MEGAHIT_MetaBinner.4
k79_25924	ERR011347_MEGAHIT_MetaBinner.4
k79_108	ERR011347_MEGAHIT_MetaBinner.4
k79_8887	ERR011347_MEGAHIT_MetaBinner.4
k79_84809	ERR011347_MEGAHIT_MetaBinner.4
k79_59353	ERR011347_MEGAHIT_MetaBinner.4
k79_12443	ERR011347_MEGAHIT_MetaBinner.4
k79_14919	ERR011347_MEGAHIT_MetaBinner.4
k79_48668	ERR011347_MEGAHIT_MetaBinner.4
k79_79627	ERR011347_MEGAHIT_MetaBinner.4
k79_73525	ERR011347_MEGAHIT_MetaBinner.4
k79_60409	ERR011347_MEGAHIT_MetaBinner.4
k79_36324	ERR011347_MEGAHIT_MetaBinner.4
k79_92565	ERR011347_MEGAHIT_MetaBinner.4
k79_7539	ERR011347_MEGAHIT_MetaBinner.4
k79_4427	ERR011347_MEGAHIT_MetaBinner.4
k79_20501	ERR011347_MEGAHIT_MetaBinner.4
k79_17975	ERR011347_MEGAHIT_MetaBinner.4
k79_29118	ERR011347_MEGAHIT_MetaBinner.4
k79_54355	ERR011347_MEGAHIT_MetaBinner.4
k79_36022	ERR011347_MEGAHIT_MetaBinner.4
k79_95632	ERR011347_MEGAHIT_MetaBinner.4
k79_17631	ERR011347_MEGAHIT_MetaBinner.4
k79_47110	ERR011347_MEGAHIT_MetaBinner.4
k79_21386	ERR011347_MEGAHIT_MetaBinner.4
k79_24215	ERR011347_MEGAHIT_MetaBinner.4
k79_73213	ERR011347_MEGAHIT_MetaBinner.4
k79_51293	ERR011347_MEGAHIT_MetaBinner.4
k79_83244	ERR011347_MEGAHIT_MetaBinner.4
k79_27408	ERR011347_MEGAHIT_MetaBinner.4
k79_36886	ERR011347_MEGAHIT_MetaBinner.4
k79_29580	ERR011347_MEGAHIT_MetaBinner.4
k79_51742	ERR011347_MEGAHIT_MetaBinner.4
k79_11857	ERR011347_MEGAHIT_MetaBinner.4
k79_69418	ERR011347_MEGAHIT_MetaBinner.4
k79_74064	ERR011347_MEGAHIT_MetaBinner.4
k79_44119	ERR011347_MEGAHIT_MetaBinner.4
k79_78619	ERR011347_MEGAHIT_MetaBinner.4
k79_1875	ERR011347_MEGAHIT_MetaBinner.4
k79_42734	ERR011347_MEGAHIT_MetaBinner.4
k79_8573	ERR011347_MEGAHIT_MetaBinner.4
k79_39289	ERR011347_MEGAHIT_MetaBinner.4
k79_14178	ERR011347_MEGAHIT_MetaBinner.4
k79_23617	ERR011347_MEGAHIT_MetaBinner.4
k79_47183	ERR011347_MEGAHIT_MetaBinner.4
k79_69669	ERR011347_MEGAHIT_MetaBinner.4
k79_87062	ERR011347_MEGAHIT_MetaBinner.4
k79_33037	ERR011347_MEGAHIT_MetaBinner.4
k79_86997	ERR011347_MEGAHIT_MetaBinner.4
k79_14130	ERR011347_MEGAHIT_MetaBinner.4
k79_29147	ERR011347_MEGAHIT_MetaBinner.4
k79_21260	ERR011347_MEGAHIT_MetaBinner.4
k79_77795	ERR011347_MEGAHIT_MetaBinner.4
k79_54995	ERR011347_MEGAHIT_MetaBinner.4
k79_8314	ERR011347_MEGAHIT_MetaBinner.4
k79_90988	ERR011347_MEGAHIT_MetaBinner.4
k79_78768	ERR011347_MEGAHIT_MetaBinner.4
k79_801	ERR011347_MEGAHIT_MetaBinner.4
k79_94679	ERR011347_MEGAHIT_MetaBinner.4
k79_42138	ERR011347_MEGAHIT_MetaBinner.4
k79_14973	ERR011347_MEGAHIT_MetaBinner.4
k79_37390	ERR011347_MEGAHIT_MetaBinner.4
k79_57719	ERR011347_MEGAHIT_MetaBinner.4
k79_25006	ERR011347_MEGAHIT_MetaBinner.4
k79_16515	ERR011347_MEGAHIT_MetaBinner.4
k79_26563	ERR011347_MEGAHIT_MetaBinner.4
k79_80314	ERR011347_MEGAHIT_MetaBinner.4
k79_1451	ERR011347_MEGAHIT_MetaBinner.4
k79_51736	ERR011347_MEGAHIT_MetaBinner.4
k79_54806	ERR011347_MEGAHIT_MetaBinner.4
k79_74930	ERR011347_MEGAHIT_MetaBinner.4
k79_34619	ERR011347_MEGAHIT_MetaBinner.4
k79_11330	ERR011347_MEGAHIT_MetaBinner.4
k79_18334	ERR011347_MEGAHIT_MetaBinner.4
k79_49979	ERR011347_MEGAHIT_MetaBinner.4
k79_36857	ERR011347_MEGAHIT_MetaBinner.4
k79_38103	ERR011347_MEGAHIT_MetaBinner.4
k79_93609	ERR011347_MEGAHIT_MetaBinner.4
k79_21588	ERR011347_MEGAHIT_MetaBinner.4
k79_70283	ERR011347_MEGAHIT_MetaBinner.4
k79_5446	ERR011347_MEGAHIT_MetaBinner.4
k79_37914	ERR011347_MEGAHIT_MetaBinner.4
k79_17482	ERR011347_MEGAHIT_MetaBinner.4
k79_12385	ERR011347_MEGAHIT_MetaBinner.4
k79_33175	ERR011347_MEGAHIT_MetaBinner.4
k79_55415	ERR011347_MEGAHIT_MetaBinner.4
k79_54229	ERR011347_MEGAHIT_MetaBinner.4
k79_19643	ERR011347_MEGAHIT_MetaBinner.4
k79_26840	ERR011347_MEGAHIT_MetaBinner.4
k79_67304	ERR011347_MEGAHIT_MetaBinner.4
k79_34703	ERR011347_MEGAHIT_MetaBinner.4
k79_61940	ERR011347_MEGAHIT_MetaBinner.4
k79_24843	ERR011347_MEGAHIT_MetaBinner.4
k79_33794	ERR011347_MEGAHIT_MetaBinner.4
k79_4876	ERR011347_MEGAHIT_MetaBinner.4
k79_17487	ERR011347_MEGAHIT_MetaBinner.4
k79_22808	ERR011347_MEGAHIT_MetaBinner.4
k79_2331	ERR011347_MEGAHIT_MetaBinner.4
k79_30283	ERR011347_MEGAHIT_MetaBinner.4
k79_92575	ERR011347_MEGAHIT_MetaBinner.4
k79_38000	ERR011347_MEGAHIT_MetaBinner.4
k79_50460	ERR011347_MEGAHIT_MetaBinner.4
k79_94509	ERR011347_MEGAHIT_MetaBinner.4
k79_38209	ERR011347_MEGAHIT_MetaBinner.4
k79_29389	ERR011347_MEGAHIT_MetaBinner.4
k79_46358	ERR011347_MEGAHIT_MetaBinner.4
k79_23634	ERR011347_MEGAHIT_MetaBinner.4
k79_53677	ERR011347_MEGAHIT_MetaBinner.4
k79_74219	ERR011347_MEGAHIT_MetaBinner.4
k79_28535	ERR011347_MEGAHIT_MetaBinner.4
k79_588	ERR011347_MEGAHIT_MetaBinner.4
k79_74975	ERR011347_MEGAHIT_MetaBinner.4
k79_62765	ERR011347_MEGAHIT_MetaBinner.4
k79_16374	ERR011347_MEGAHIT_MetaBinner.4
k79_21893	ERR011347_MEGAHIT_MetaBinner.4
k79_7945	ERR011347_MEGAHIT_MetaBinner.4
k79_56710	ERR011347_MEGAHIT_MetaBinner.4
k79_66180	ERR011347_MEGAHIT_MetaBinner.4
k79_66553	ERR011347_MEGAHIT_MetaBinner.4
k79_92170	ERR011347_MEGAHIT_MetaBinner.4
k79_52334	ERR011347_MEGAHIT_MetaBinner.4
k79_31422	ERR011347_MEGAHIT_MetaBinner.4
k79_41684	ERR011347_MEGAHIT_MetaBinner.4
k79_75606	ERR011347_MEGAHIT_MetaBinner.4
k79_47084	ERR011347_MEGAHIT_MetaBinner.4
k79_87951	ERR011347_MEGAHIT_MetaBinner.4
k79_53098	ERR011347_MEGAHIT_MetaBinner.4
k79_5245	ERR011347_MEGAHIT_MetaBinner.4
k79_23506	ERR011347_MEGAHIT_MetaBinner.4
k79_71907	ERR011347_MEGAHIT_MetaBinner.4
k79_18151	ERR011347_MEGAHIT_MetaBinner.4
k79_33592	ERR011347_MEGAHIT_MetaBinner.4
k79_56945	ERR011347_MEGAHIT_MetaBinner.4
k79_57725	ERR011347_MEGAHIT_MetaBinner.4
k79_87508	ERR011347_MEGAHIT_MetaBinner.4
k79_91737	ERR011347_MEGAHIT_MetaBinner.4
k79_7703	ERR011347_MEGAHIT_MetaBinner.4
k79_92871	ERR011347_MEGAHIT_MetaBinner.4
k79_91556	ERR011347_MEGAHIT_MetaBinner.4
k79_17592	ERR011347_MEGAHIT_MetaBinner.4
k79_62105	ERR011347_MEGAHIT_MetaBinner.4
k79_75673	ERR011347_MEGAHIT_MetaBinner.4
k79_5289	ERR011347_MEGAHIT_MetaBinner.4
k79_40724	ERR011347_MEGAHIT_MetaBinner.4
k79_17047	ERR011347_MEGAHIT_MetaBinner.4
k79_39969	ERR011347_MEGAHIT_MetaBinner.4
k79_25612	ERR011347_MEGAHIT_MetaBinner.4
k79_14302	ERR011347_MEGAHIT_MetaBinner.4
k79_51236	ERR011347_MEGAHIT_MetaBinner.4
k79_34263	ERR011347_MEGAHIT_MetaBinner.4
k79_54328	ERR011347_MEGAHIT_MetaBinner.4
k79_50939	ERR011347_MEGAHIT_MetaBinner.4
k79_23264	ERR011347_MEGAHIT_MetaBinner.4
k79_73133	ERR011347_MEGAHIT_MetaBinner.4
k79_87464	ERR011347_MEGAHIT_MetaBinner.4
k79_32190	ERR011347_MEGAHIT_MetaBinner.4
k79_22314	ERR011347_MEGAHIT_MetaBinner.4
k79_63431	ERR011347_MEGAHIT_MetaBinner.4
k79_28475	ERR011347_MEGAHIT_MetaBinner.4
k79_6901	ERR011347_MEGAHIT_MetaBinner.4
k79_30323	ERR011347_MEGAHIT_MetaBinner.4
k79_51575	ERR011347_MEGAHIT_MetaBinner.4
k79_69452	ERR011347_MEGAHIT_MetaBinner.4
k79_8645	ERR011347_MEGAHIT_MetaBinner.4
k79_8629	ERR011347_MEGAHIT_MetaBinner.4
k79_45481	ERR011347_MEGAHIT_MetaBinner.4
k79_52522	ERR011347_MEGAHIT_MetaBinner.4
k79_63812	ERR011347_MEGAHIT_MetaBinner.4
k79_95594	ERR011347_MEGAHIT_MetaBinner.4
k79_94620	ERR011347_MEGAHIT_MetaBinner.4
k79_19005	ERR011347_MEGAHIT_MetaBinner.4
k79_52656	ERR011347_MEGAHIT_MetaBinner.4
k79_52326	ERR011347_MEGAHIT_MetaBinner.4
k79_73155	ERR011347_MEGAHIT_MetaBinner.4
k79_54264	ERR011347_MEGAHIT_MetaBinner.4
k79_82070	ERR011347_MEGAHIT_MetaBinner.4
k79_61844	ERR011347_MEGAHIT_MetaBinner.4
k79_49368	ERR011347_MEGAHIT_MetaBinner.4
k79_78012	ERR011347_MEGAHIT_MetaBinner.4
k79_60555	ERR011347_MEGAHIT_MetaBinner.4
k79_51476	ERR011347_MEGAHIT_MetaBinner.4
k79_36042	ERR011347_MEGAHIT_MetaBinner.4
k79_57485	ERR011347_MEGAHIT_MetaBinner.4
k79_92573	ERR011347_MEGAHIT_MetaBinner.4
k79_35744	ERR011347_MEGAHIT_MetaBinner.4
k79_40506	ERR011347_MEGAHIT_MetaBinner.4
k79_34118	ERR011347_MEGAHIT_MetaBinner.4
k79_42515	ERR011347_MEGAHIT_MetaBinner.4
k79_85077	ERR011347_MEGAHIT_MetaBinner.4
k79_18497	ERR011347_MEGAHIT_MetaBinner.4
k79_70204	ERR011347_MEGAHIT_MetaBinner.4
k79_58016	ERR011347_MEGAHIT_MetaBinner.4
k79_35624	ERR011347_MEGAHIT_MetaBinner.4
k79_18384	ERR011347_MEGAHIT_MetaBinner.4
k79_80082	ERR011347_MEGAHIT_MetaBinner.4
k79_87672	ERR011347_MEGAHIT_MetaBinner.4
k79_35341	ERR011347_MEGAHIT_MetaBinner.4
k79_67872	ERR011347_MEGAHIT_MetaBinner.4
k79_51976	ERR011347_MEGAHIT_MetaBinner.4
k79_68256	ERR011347_MEGAHIT_MetaBinner.4
k79_9002	ERR011347_MEGAHIT_MetaBinner.4
k79_60263	ERR011347_MEGAHIT_MetaBinner.4
k79_84631	ERR011347_MEGAHIT_MetaBinner.4
k79_78019	ERR011347_MEGAHIT_MetaBinner.4
k79_1505	ERR011347_MEGAHIT_MetaBinner.4
k79_42442	ERR011347_MEGAHIT_MetaBinner.4
k79_2056	ERR011347_MEGAHIT_MetaBinner.4
k79_1500	ERR011347_MEGAHIT_MetaBinner.4
k79_59180	ERR011347_MEGAHIT_MetaBinner.4
k79_40662	ERR011347_MEGAHIT_MetaBinner.4
k79_28403	ERR011347_MEGAHIT_MetaBinner.4
k79_78560	ERR011347_MEGAHIT_MetaBinner.4
k79_30639	ERR011347_MEGAHIT_MetaBinner.4
k79_79960	ERR011347_MEGAHIT_MetaBinner.4
k79_37476	ERR011347_MEGAHIT_MetaBinner.4
k79_8536	ERR011347_MEGAHIT_MetaBinner.4
k79_17495	ERR011347_MEGAHIT_MetaBinner.4
k79_21627	ERR011347_MEGAHIT_MetaBinner.4
k79_6897	ERR011347_MEGAHIT_MetaBinner.4
k79_56874	ERR011347_MEGAHIT_MetaBinner.4
k79_50723	ERR011347_MEGAHIT_MetaBinner.4
k79_96620	ERR011347_MEGAHIT_MetaBinner.4
k79_34828	ERR011347_MEGAHIT_MetaBinner.4
k79_16038	ERR011347_MEGAHIT_MetaBinner.4
k79_33263	ERR011347_MEGAHIT_MetaBinner.4
k79_24631	ERR011347_MEGAHIT_MetaBinner.4
k79_29641	ERR011347_MEGAHIT_MetaBinner.4
k79_25596	ERR011347_MEGAHIT_MetaBinner.4
k79_39061	ERR011347_MEGAHIT_MetaBinner.4
k79_94469	ERR011347_MEGAHIT_MetaBinner.4
k79_6735	ERR011347_MEGAHIT_MetaBinner.4
k79_83272	ERR011347_MEGAHIT_MetaBinner.4
k79_54128	ERR011347_MEGAHIT_MetaBinner.4
k79_15221	ERR011347_MEGAHIT_MetaBinner.4
k79_89486	ERR011347_MEGAHIT_MetaBinner.4
k79_6522	ERR011347_MEGAHIT_MetaBinner.4
k79_95222	ERR011347_MEGAHIT_MetaBinner.4
k79_42600	ERR011347_MEGAHIT_MetaBinner.4
k79_37040	ERR011347_MEGAHIT_MetaBinner.4
k79_15029	ERR011347_MEGAHIT_MetaBinner.4
k79_64157	ERR011347_MEGAHIT_MetaBinner.4
k79_62019	ERR011347_MEGAHIT_MetaBinner.4
k79_28000	ERR011347_MEGAHIT_MetaBinner.4
k79_78594	ERR011347_MEGAHIT_MetaBinner.4
k79_73737	ERR011347_MEGAHIT_MetaBinner.4
k79_96812	ERR011347_MEGAHIT_MetaBinner.4
k79_27506	ERR011347_MEGAHIT_MetaBinner.4
k79_67136	ERR011347_MEGAHIT_MetaBinner.4
k79_31319	ERR011347_MEGAHIT_MetaBinner.4
k79_65592	ERR011347_MEGAHIT_MetaBinner.4
k79_38051	ERR011347_MEGAHIT_MetaBinner.4
k79_78112	ERR011347_MEGAHIT_MetaBinner.4
k79_17782	ERR011347_MEGAHIT_MetaBinner.4
k79_30595	ERR011347_MEGAHIT_MetaBinner.4
k79_66029	ERR011347_MEGAHIT_MetaBinner.4
k79_37126	ERR011347_MEGAHIT_MetaBinner.4
k79_52682	ERR011347_MEGAHIT_MetaBinner.4
k79_53670	ERR011347_MEGAHIT_MetaBinner.4
k79_10723	ERR011347_MEGAHIT_MetaBinner.4
k79_74073	ERR011347_MEGAHIT_MetaBinner.4
k79_27140	ERR011347_MEGAHIT_MetaBinner.4
k79_26492	ERR011347_MEGAHIT_MetaBinner.4
k79_35780	ERR011347_MEGAHIT_MetaBinner.4
k79_70783	ERR011347_MEGAHIT_MetaBinner.4
k79_67556	ERR011347_MEGAHIT_MetaBinner.4
k79_26834	ERR011347_MEGAHIT_MetaBinner.4
k79_27623	ERR011347_MEGAHIT_MetaBinner.4
k79_19927	ERR011347_MEGAHIT_MetaBinner.4
k79_54690	ERR011347_MEGAHIT_MetaBinner.4
k79_14935	ERR011347_MEGAHIT_MetaBinner.4
k79_73722	ERR011347_MEGAHIT_MetaBinner.4
k79_19029	ERR011347_MEGAHIT_MetaBinner.4
k79_73885	ERR011347_MEGAHIT_MetaBinner.4
k79_19178	ERR011347_MEGAHIT_MetaBinner.4
k79_82003	ERR011347_MEGAHIT_MetaBinner.4
k79_88537	ERR011347_MEGAHIT_MetaBinner.4
k79_49518	ERR011347_MEGAHIT_MetaBinner.4
k79_59770	ERR011347_MEGAHIT_MetaBinner.4
k79_7030	ERR011347_MEGAHIT_MetaBinner.4
k79_13122	ERR011347_MEGAHIT_MetaBinner.4
k79_23237	ERR011347_MEGAHIT_MetaBinner.4
k79_23722	ERR011347_MEGAHIT_MetaBinner.4
k79_70328	ERR011347_MEGAHIT_MetaBinner.4
k79_68964	ERR011347_MEGAHIT_MetaBinner.4
k79_94984	ERR011347_MEGAHIT_MetaBinner.4
k79_88436	ERR011347_MEGAHIT_MetaBinner.4
k79_37064	ERR011347_MEGAHIT_MetaBinner.4
k79_24272	ERR011347_MEGAHIT_MetaBinner.4
k79_13	ERR011347_MEGAHIT_MetaBinner.4
k79_15592	ERR011347_MEGAHIT_MetaBinner.4
k79_4917	ERR011347_MEGAHIT_MetaBinner.4
k79_14257	ERR011347_MEGAHIT_MetaBinner.4
k79_65851	ERR011347_MEGAHIT_MetaBinner.4
k79_85251	ERR011347_MEGAHIT_MetaBinner.4
k79_5526	ERR011347_MEGAHIT_MetaBinner.4
k79_1234	ERR011347_MEGAHIT_MetaBinner.4
k79_44506	ERR011347_MEGAHIT_MetaBinner.4
k79_92520	ERR011347_MEGAHIT_MetaBinner.4
k79_30751	ERR011347_MEGAHIT_MetaBinner.4
k79_20483	ERR011347_MEGAHIT_MetaBinner.4
k79_53470	ERR011347_MEGAHIT_MetaBinner.4
k79_89842	ERR011347_MEGAHIT_MetaBinner.4
k79_47394	ERR011347_MEGAHIT_MetaBinner.4
k79_5014	ERR011347_MEGAHIT_MetaBinner.4
k79_81271	ERR011347_MEGAHIT_MetaBinner.4
k79_41899	ERR011347_MEGAHIT_MetaBinner.4
k79_16518	ERR011347_MEGAHIT_MetaBinner.4
k79_28926	ERR011347_MEGAHIT_MetaBinner.4
k79_22440	ERR011347_MEGAHIT_MetaBinner.4
k79_31797	ERR011347_MEGAHIT_MetaBinner.4
k79_13512	ERR011347_MEGAHIT_MetaBinner.4
k79_42992	ERR011347_MEGAHIT_MetaBinner.4
k79_64733	ERR011347_MEGAHIT_MetaBinner.4
k79_94052	ERR011347_MEGAHIT_MetaBinner.4
k79_86060	ERR011347_MEGAHIT_MetaBinner.4
k79_28483	ERR011347_MEGAHIT_MetaBinner.4
k79_28075	ERR011347_MEGAHIT_MetaBinner.4
k79_67970	ERR011347_MEGAHIT_MetaBinner.4
k79_94250	ERR011347_MEGAHIT_MetaBinner.4
k79_48159	ERR011347_MEGAHIT_MetaBinner.4
k79_49599	ERR011347_MEGAHIT_MetaBinner.4
k79_28052	ERR011347_MEGAHIT_MetaBinner.4
k79_91576	ERR011347_MEGAHIT_MetaBinner.4
k79_64776	ERR011347_MEGAHIT_MetaBinner.4
k79_57335	ERR011347_MEGAHIT_MetaBinner.4
k79_750	ERR011347_MEGAHIT_MetaBinner.4
k79_45887	ERR011347_MEGAHIT_MetaBinner.4
k79_25343	ERR011347_MEGAHIT_MetaBinner.4
k79_78321	ERR011347_MEGAHIT_MetaBinner.4
k79_51719	ERR011347_MEGAHIT_MetaBinner.4
k79_31990	ERR011347_MEGAHIT_MetaBinner.4
k79_71409	ERR011347_MEGAHIT_MetaBinner.4
k79_12937	ERR011347_MEGAHIT_MetaBinner.4
k79_77200	ERR011347_MEGAHIT_MetaBinner.4
k79_86571	ERR011347_MEGAHIT_MetaBinner.4
k79_9798	ERR011347_MEGAHIT_MetaBinner.4
k79_51188	ERR011347_MEGAHIT_MetaBinner.4
k79_27339	ERR011347_MEGAHIT_MetaBinner.4
k79_76230	ERR011347_MEGAHIT_MetaBinner.4
k79_73224	ERR011347_MEGAHIT_MetaBinner.4
k79_48105	ERR011347_MEGAHIT_MetaBinner.4
k79_60284	ERR011347_MEGAHIT_MetaBinner.4
k79_64150	ERR011347_MEGAHIT_MetaBinner.4
k79_57664	ERR011347_MEGAHIT_MetaBinner.4
k79_27127	ERR011347_MEGAHIT_MetaBinner.4
k79_41579	ERR011347_MEGAHIT_MetaBinner.4
k79_91982	ERR011347_MEGAHIT_MetaBinner.4
k79_91992	ERR011347_MEGAHIT_MetaBinner.4
k79_77459	ERR011347_MEGAHIT_MetaBinner.4
k79_26107	ERR011347_MEGAHIT_MetaBinner.4
k79_71450	ERR011347_MEGAHIT_MetaBinner.4
k79_56837	ERR011347_MEGAHIT_MetaBinner.4
k79_21280	ERR011347_MEGAHIT_MetaBinner.4
k79_95465	ERR011347_MEGAHIT_MetaBinner.4
k79_23270	ERR011347_MEGAHIT_MetaBinner.4
k79_89425	ERR011347_MEGAHIT_MetaBinner.4
k79_50871	ERR011347_MEGAHIT_MetaBinner.4
k79_91915	ERR011347_MEGAHIT_MetaBinner.4
k79_24876	ERR011347_MEGAHIT_MetaBinner.4
k79_17018	ERR011347_MEGAHIT_MetaBinner.4
k79_43990	ERR011347_MEGAHIT_MetaBinner.4
k79_91098	ERR011347_MEGAHIT_MetaBinner.4
k79_70914	ERR011347_MEGAHIT_MetaBinner.4
k79_50930	ERR011347_MEGAHIT_MetaBinner.4
k79_38693	ERR011347_MEGAHIT_MetaBinner.4
k79_59664	ERR011347_MEGAHIT_MetaBinner.4
k79_23836	ERR011347_MEGAHIT_MetaBinner.4
k79_74738	ERR011347_MEGAHIT_MetaBinner.4
k79_45641	ERR011347_MEGAHIT_MetaBinner.4
k79_85796	ERR011347_MEGAHIT_MetaBinner.4
k79_25194	ERR011347_MEGAHIT_MetaBinner.4
k79_32663	ERR011347_MEGAHIT_MetaBinner.4
k79_57318	ERR011347_MEGAHIT_MetaBinner.4
k79_76053	ERR011347_MEGAHIT_MetaBinner.4
k79_67737	ERR011347_MEGAHIT_MetaBinner.4
k79_23030	ERR011347_MEGAHIT_MetaBinner.4
k79_43396	ERR011347_MEGAHIT_MetaBinner.4
k79_78968	ERR011347_MEGAHIT_MetaBinner.4
k79_42063	ERR011347_MEGAHIT_MetaBinner.4
k79_17716	ERR011347_MEGAHIT_MetaBinner.4
k79_6754	ERR011347_MEGAHIT_MetaBinner.4
k79_58975	ERR011347_MEGAHIT_MetaBinner.4
k79_33948	ERR011347_MEGAHIT_MetaBinner.4
k79_29933	ERR011347_MEGAHIT_MetaBinner.4
k79_75511	ERR011347_MEGAHIT_MetaBinner.4
k79_14093	ERR011347_MEGAHIT_MetaBinner.4
k79_68494	ERR011347_MEGAHIT_MetaBinner.4
k79_50662	ERR011347_MEGAHIT_MetaBinner.4
k79_85613	ERR011347_MEGAHIT_MetaBinner.4
k79_73577	ERR011347_MEGAHIT_MetaBinner.4
k79_41386	ERR011347_MEGAHIT_MetaBinner.4
k79_76112	ERR011347_MEGAHIT_MetaBinner.4
k79_41193	ERR011347_MEGAHIT_MetaBinner.4
k79_77053	ERR011347_MEGAHIT_MetaBinner.4
k79_6211	ERR011347_MEGAHIT_MetaBinner.4
k79_12595	ERR011347_MEGAHIT_MetaBinner.4
k79_38625	ERR011347_MEGAHIT_MetaBinner.4
k79_26682	ERR011347_MEGAHIT_MetaBinner.4
k79_32857	ERR011347_MEGAHIT_MetaBinner.4
k79_75408	ERR011347_MEGAHIT_MetaBinner.4
k79_13069	ERR011347_MEGAHIT_MetaBinner.4
k79_24376	ERR011347_MEGAHIT_MetaBinner.4
k79_95066	ERR011347_MEGAHIT_MetaBinner.4
k79_34347	ERR011347_MEGAHIT_MetaBinner.4
k79_14424	ERR011347_MEGAHIT_MetaBinner.4
k79_10389	ERR011347_MEGAHIT_MetaBinner.4
k79_70034	ERR011347_MEGAHIT_MetaBinner.4
k79_14032	ERR011347_MEGAHIT_MetaBinner.4
k79_17956	ERR011347_MEGAHIT_MetaBinner.4
k79_48623	ERR011347_MEGAHIT_MetaBinner.4
k79_39564	ERR011347_MEGAHIT_MetaBinner.4
k79_31888	ERR011347_MEGAHIT_MetaBinner.4
k79_10447	ERR011347_MEGAHIT_MetaBinner.4
k79_87093	ERR011347_MEGAHIT_MetaBinner.4
k79_40774	ERR011347_MEGAHIT_MetaBinner.4
k79_62576	ERR011347_MEGAHIT_MetaBinner.4
k79_23733	ERR011347_MEGAHIT_MetaBinner.4
k79_16002	ERR011347_MEGAHIT_MetaBinner.4
k79_59976	ERR011347_MEGAHIT_MetaBinner.4
k79_52389	ERR011347_MEGAHIT_MetaBinner.4
k79_80950	ERR011347_MEGAHIT_MetaBinner.4
k79_86346	ERR011347_MEGAHIT_MetaBinner.4
k79_10211	ERR011347_MEGAHIT_MetaBinner.4
k79_23505	ERR011347_MEGAHIT_MetaBinner.4
k79_30725	ERR011347_MEGAHIT_MetaBinner.4
k79_52014	ERR011347_MEGAHIT_MetaBinner.4
k79_62640	ERR011347_MEGAHIT_MetaBinner.4
k79_79299	ERR011347_MEGAHIT_MetaBinner.4
k79_84702	ERR011347_MEGAHIT_MetaBinner.4
k79_2944	ERR011347_MEGAHIT_MetaBinner.4
k79_31539	ERR011347_MEGAHIT_MetaBinner.4
k79_53765	ERR011347_MEGAHIT_MetaBinner.4
k79_30871	ERR011347_MEGAHIT_MetaBinner.4
k79_78795	ERR011347_MEGAHIT_MetaBinner.4
k79_59016	ERR011347_MEGAHIT_MetaBinner.4
k79_18518	ERR011347_MEGAHIT_MetaBinner.4
k79_20255	ERR011347_MEGAHIT_MetaBinner.4
k79_92431	ERR011347_MEGAHIT_MetaBinner.4
k79_86719	ERR011347_MEGAHIT_MetaBinner.4
k79_90243	ERR011347_MEGAHIT_MetaBinner.4
k79_72923	ERR011347_MEGAHIT_MetaBinner.4
k79_64142	ERR011347_MEGAHIT_MetaBinner.4
k79_23917	ERR011347_MEGAHIT_MetaBinner.4
k79_85758	ERR011347_MEGAHIT_MetaBinner.4
k79_83106	ERR011347_MEGAHIT_MetaBinner.4
k79_62596	ERR011347_MEGAHIT_MetaBinner.4
k79_84943	ERR011347_MEGAHIT_MetaBinner.4
k79_86896	ERR011347_MEGAHIT_MetaBinner.4
k79_20579	ERR011347_MEGAHIT_MetaBinner.4
k79_53462	ERR011347_MEGAHIT_MetaBinner.4
k79_42349	ERR011347_MEGAHIT_MetaBinner.4
k79_21293	ERR011347_MEGAHIT_MetaBinner.4
k79_7632	ERR011347_MEGAHIT_MetaBinner.4
k79_78568	ERR011347_MEGAHIT_MetaBinner.4
k79_26053	ERR011347_MEGAHIT_MetaBinner.4
k79_78131	ERR011347_MEGAHIT_MetaBinner.4
k79_90603	ERR011347_MEGAHIT_MetaBinner.4
k79_5068	ERR011347_MEGAHIT_MetaBinner.4
k79_1564	ERR011347_MEGAHIT_MetaBinner.4
k79_41369	ERR011347_MEGAHIT_MetaBinner.4
k79_79118	ERR011347_MEGAHIT_MetaBinner.4
k79_64034	ERR011347_MEGAHIT_MetaBinner.4
k79_18593	ERR011347_MEGAHIT_MetaBinner.4
k79_5700	ERR011347_MEGAHIT_MetaBinner.4
k79_20755	ERR011347_MEGAHIT_MetaBinner.4
k79_13452	ERR011347_MEGAHIT_MetaBinner.4
k79_16992	ERR011347_MEGAHIT_MetaBinner.4
k79_7017	ERR011347_MEGAHIT_MetaBinner.4
k79_64961	ERR011347_MEGAHIT_MetaBinner.4
k79_116	ERR011347_MEGAHIT_MetaBinner.4
k79_35809	ERR011347_MEGAHIT_MetaBinner.4
k79_6479	ERR011347_MEGAHIT_MetaBinner.4
k79_73296	ERR011347_MEGAHIT_MetaBinner.4
k79_60142	ERR011347_MEGAHIT_MetaBinner.4
k79_36822	ERR011347_MEGAHIT_MetaBinner.4
k79_12272	ERR011347_MEGAHIT_MetaBinner.4
k79_12456	ERR011347_MEGAHIT_MetaBinner.4
k79_64585	ERR011347_MEGAHIT_MetaBinner.4
k79_51228	ERR011347_MEGAHIT_MetaBinner.4
k79_19197	ERR011347_MEGAHIT_MetaBinner.4
k79_51453	ERR011347_MEGAHIT_MetaBinner.4
k79_84495	ERR011347_MEGAHIT_MetaBinner.4
k79_24167	ERR011347_MEGAHIT_MetaBinner.4
k79_32767	ERR011347_MEGAHIT_MetaBinner.4
k79_73347	ERR011347_MEGAHIT_MetaBinner.4
k79_91273	ERR011347_MEGAHIT_MetaBinner.4
k79_81687	ERR011347_MEGAHIT_MetaBinner.4
k79_85555	ERR011347_MEGAHIT_MetaBinner.4
k79_68824	ERR011347_MEGAHIT_MetaBinner.4
k79_13612	ERR011347_MEGAHIT_MetaBinner.4
k79_35307	ERR011347_MEGAHIT_MetaBinner.4
k79_79325	ERR011347_MEGAHIT_MetaBinner.4
k79_12086	ERR011347_MEGAHIT_MetaBinner.4
k79_85881	ERR011347_MEGAHIT_MetaBinner.4
k79_9731	ERR011347_MEGAHIT_MetaBinner.4
k79_12591	ERR011347_MEGAHIT_MetaBinner.4
k79_88404	ERR011347_MEGAHIT_MetaBinner.4
k79_56212	ERR011347_MEGAHIT_MetaBinner.4
k79_41430	ERR011347_MEGAHIT_MetaBinner.4
k79_96331	ERR011347_MEGAHIT_MetaBinner.4
k79_74967	ERR011347_MEGAHIT_MetaBinner.4
k79_59788	ERR011347_MEGAHIT_MetaBinner.4
k79_83756	ERR011347_MEGAHIT_MetaBinner.4
k79_48175	ERR011347_MEGAHIT_MetaBinner.4
k79_37973	ERR011347_MEGAHIT_MetaBinner.4
k79_36162	ERR011347_MEGAHIT_MetaBinner.4
k79_82123	ERR011347_MEGAHIT_MetaBinner.4
k79_7132	ERR011347_MEGAHIT_MetaBinner.4
k79_3244	ERR011347_MEGAHIT_MetaBinner.4
k79_9718	ERR011347_MEGAHIT_MetaBinner.4
k79_32836	ERR011347_MEGAHIT_MetaBinner.4
k79_46920	ERR011347_MEGAHIT_MetaBinner.4
k79_67957	ERR011347_MEGAHIT_MetaBinner.4
k79_85369	ERR011347_MEGAHIT_MetaBinner.4
k79_73512	ERR011347_MEGAHIT_MetaBinner.4
k79_61251	ERR011347_MEGAHIT_MetaBinner.4
k79_21207	ERR011347_MEGAHIT_MetaBinner.4
k79_95084	ERR011347_MEGAHIT_MetaBinner.4
k79_16378	ERR011347_MEGAHIT_MetaBinner.4
k79_70949	ERR011347_MEGAHIT_MetaBinner.4
k79_28447	ERR011347_MEGAHIT_MetaBinner.4
k79_57087	ERR011347_MEGAHIT_MetaBinner.4
k79_6504	ERR011347_MEGAHIT_MetaBinner.4
k79_50372	ERR011347_MEGAHIT_MetaBinner.4
k79_1328	ERR011347_MEGAHIT_MetaBinner.4
k79_90922	ERR011347_MEGAHIT_MetaBinner.4
k79_45517	ERR011347_MEGAHIT_MetaBinner.4
k79_3420	ERR011347_MEGAHIT_MetaBinner.4
k79_67803	ERR011347_MEGAHIT_MetaBinner.4
k79_61340	ERR011347_MEGAHIT_MetaBinner.4
k79_300	ERR011347_MEGAHIT_MetaBinner.4
k79_29388	ERR011347_MEGAHIT_MetaBinner.4
k79_16878	ERR011347_MEGAHIT_MetaBinner.4
k79_28249	ERR011347_MEGAHIT_MetaBinner.4
k79_3902	ERR011347_MEGAHIT_MetaBinner.4
k79_57312	ERR011347_MEGAHIT_MetaBinner.4
k79_84605	ERR011347_MEGAHIT_MetaBinner.4
k79_49316	ERR011347_MEGAHIT_MetaBinner.4
k79_66930	ERR011347_MEGAHIT_MetaBinner.4
k79_20555	ERR011347_MEGAHIT_MetaBinner.4
k79_3803	ERR011347_MEGAHIT_MetaBinner.4
k79_33910	ERR011347_MEGAHIT_MetaBinner.4
k79_9391	ERR011347_MEGAHIT_MetaBinner.4
k79_66693	ERR011347_MEGAHIT_MetaBinner.4
k79_3418	ERR011347_MEGAHIT_MetaBinner.4
k79_88530	ERR011347_MEGAHIT_MetaBinner.4
k79_25231	ERR011347_MEGAHIT_MetaBinner.4
k79_66070	ERR011347_MEGAHIT_MetaBinner.4
k79_10800	ERR011347_MEGAHIT_MetaBinner.4
k79_29805	ERR011347_MEGAHIT_MetaBinner.4
k79_65341	ERR011347_MEGAHIT_MetaBinner.4
k79_32738	ERR011347_MEGAHIT_MetaBinner.4
k79_77842	ERR011347_MEGAHIT_MetaBinner.4
k79_6089	ERR011347_MEGAHIT_MetaBinner.4
k79_10776	ERR011347_MEGAHIT_MetaBinner.4
k79_49034	ERR011347_MEGAHIT_MetaBinner.4
k79_80741	ERR011347_MEGAHIT_MetaBinner.4
k79_95015	ERR011347_MEGAHIT_MetaBinner.4
k79_12638	ERR011347_MEGAHIT_MetaBinner.4
k79_38333	ERR011347_MEGAHIT_MetaBinner.4
k79_44922	ERR011347_MEGAHIT_MetaBinner.4
k79_37981	ERR011347_MEGAHIT_MetaBinner.4
k79_94283	ERR011347_MEGAHIT_MetaBinner.4
k79_85196	ERR011347_MEGAHIT_MetaBinner.4
k79_27818	ERR011347_MEGAHIT_MetaBinner.4
k79_12578	ERR011347_MEGAHIT_MetaBinner.4
k79_59369	ERR011347_MEGAHIT_MetaBinner.4
k79_24345	ERR011347_MEGAHIT_MetaBinner.4
k79_8781	ERR011347_MEGAHIT_MetaBinner.4
k79_17399	ERR011347_MEGAHIT_MetaBinner.4
k79_75527	ERR011347_MEGAHIT_MetaBinner.4
k79_70638	ERR011347_MEGAHIT_MetaBinner.4
k79_45205	ERR011347_MEGAHIT_MetaBinner.4
k79_84274	ERR011347_MEGAHIT_MetaBinner.4
k79_28254	ERR011347_MEGAHIT_MetaBinner.4
k79_63047	ERR011347_MEGAHIT_MetaBinner.4
k79_70151	ERR011347_MEGAHIT_MetaBinner.4
k79_42624	ERR011347_MEGAHIT_MetaBinner.4
k79_78990	ERR011347_MEGAHIT_MetaBinner.4
k79_66210	ERR011347_MEGAHIT_MetaBinner.4
k79_63831	ERR011347_MEGAHIT_MetaBinner.4
k79_44020	ERR011347_MEGAHIT_MetaBinner.4
k79_59540	ERR011347_MEGAHIT_MetaBinner.4
k79_86592	ERR011347_MEGAHIT_MetaBinner.4
k79_87721	ERR011347_MEGAHIT_MetaBinner.4
k79_40254	ERR011347_MEGAHIT_MetaBinner.4
k79_56659	ERR011347_MEGAHIT_MetaBinner.4
k79_48665	ERR011347_MEGAHIT_MetaBinner.4
k79_1765	ERR011347_MEGAHIT_MetaBinner.4
k79_87088	ERR011347_MEGAHIT_MetaBinner.4
k79_18188	ERR011347_MEGAHIT_MetaBinner.4
k79_57172	ERR011347_MEGAHIT_MetaBinner.4
k79_37279	ERR011347_MEGAHIT_MetaBinner.4
k79_9047	ERR011347_MEGAHIT_MetaBinner.4
k79_66113	ERR011347_MEGAHIT_MetaBinner.4
k79_75028	ERR011347_MEGAHIT_MetaBinner.4
k79_27489	ERR011347_MEGAHIT_MetaBinner.4
k79_88894	ERR011347_MEGAHIT_MetaBinner.4
k79_36831	ERR011347_MEGAHIT_MetaBinner.4
k79_37537	ERR011347_MEGAHIT_MetaBinner.4
k79_16844	ERR011347_MEGAHIT_MetaBinner.4
k79_64968	ERR011347_MEGAHIT_MetaBinner.4
k79_13597	ERR011347_MEGAHIT_MetaBinner.4
k79_16190	ERR011347_MEGAHIT_MetaBinner.4
k79_8745	ERR011347_MEGAHIT_MetaBinner.4
k79_82215	ERR011347_MEGAHIT_MetaBinner.4
k79_63948	ERR011347_MEGAHIT_MetaBinner.4
k79_61842	ERR011347_MEGAHIT_MetaBinner.4
k79_95445	ERR011347_MEGAHIT_MetaBinner.4
k79_44138	ERR011347_MEGAHIT_MetaBinner.4
k79_57070	ERR011347_MEGAHIT_MetaBinner.4
k79_35109	ERR011347_MEGAHIT_MetaBinner.4
k79_9264	ERR011347_MEGAHIT_MetaBinner.4
k79_83246	ERR011347_MEGAHIT_MetaBinner.4
k79_52689	ERR011347_MEGAHIT_MetaBinner.4
k79_65642	ERR011347_MEGAHIT_MetaBinner.4
k79_23793	ERR011347_MEGAHIT_MetaBinner.4
k79_43153	ERR011347_MEGAHIT_MetaBinner.4
k79_25822	ERR011347_MEGAHIT_MetaBinner.4
k79_45752	ERR011347_MEGAHIT_MetaBinner.4
k79_37499	ERR011347_MEGAHIT_MetaBinner.4
k79_11296	ERR011347_MEGAHIT_MetaBinner.4
k79_22332	ERR011347_MEGAHIT_MetaBinner.4
k79_87659	ERR011347_MEGAHIT_MetaBinner.4
k79_47205	ERR011347_MEGAHIT_MetaBinner.4
k79_67558	ERR011347_MEGAHIT_MetaBinner.4
k79_13886	ERR011347_MEGAHIT_MetaBinner.4
k79_48525	ERR011347_MEGAHIT_MetaBinner.4
k79_48007	ERR011347_MEGAHIT_MetaBinner.4
k79_89432	ERR011347_MEGAHIT_MetaBinner.4
k79_3548	ERR011347_MEGAHIT_MetaBinner.4
k79_40533	ERR011347_MEGAHIT_MetaBinner.4
k79_37544	ERR011347_MEGAHIT_MetaBinner.4
k79_6755	ERR011347_MEGAHIT_MetaBinner.4
k79_25522	ERR011347_MEGAHIT_MetaBinner.4
k79_71775	ERR011347_MEGAHIT_MetaBinner.4
k79_58560	ERR011347_MEGAHIT_MetaBinner.4
k79_46880	ERR011347_MEGAHIT_MetaBinner.4
k79_35487	ERR011347_MEGAHIT_MetaBinner.4
k79_34475	ERR011347_MEGAHIT_MetaBinner.4
k79_83741	ERR011347_MEGAHIT_MetaBinner.4
k79_11013	ERR011347_MEGAHIT_MetaBinner.4
k79_803	ERR011347_MEGAHIT_MetaBinner.4
k79_59747	ERR011347_MEGAHIT_MetaBinner.4
k79_32416	ERR011347_MEGAHIT_MetaBinner.4
k79_54784	ERR011347_MEGAHIT_MetaBinner.4
k79_23966	ERR011347_MEGAHIT_MetaBinner.4
k79_2877	ERR011347_MEGAHIT_MetaBinner.4
k79_85314	ERR011347_MEGAHIT_MetaBinner.4
k79_44029	ERR011347_MEGAHIT_MetaBinner.4
k79_45474	ERR011347_MEGAHIT_MetaBinner.4
k79_92869	ERR011347_MEGAHIT_MetaBinner.4
k79_242	ERR011347_MEGAHIT_MetaBinner.4
k79_66030	ERR011347_MEGAHIT_MetaBinner.4
k79_69726	ERR011347_MEGAHIT_MetaBinner.4
k79_74394	ERR011347_MEGAHIT_MetaBinner.4
k79_24550	ERR011347_MEGAHIT_MetaBinner.4
k79_28206	ERR011347_MEGAHIT_MetaBinner.4
k79_32244	ERR011347_MEGAHIT_MetaBinner.4
k79_80997	ERR011347_MEGAHIT_MetaBinner.4
k79_32671	ERR011347_MEGAHIT_MetaBinner.4
k79_90199	ERR011347_MEGAHIT_MetaBinner.4
k79_92501	ERR011347_MEGAHIT_MetaBinner.4
k79_66444	ERR011347_MEGAHIT_MetaBinner.4
k79_75204	ERR011347_MEGAHIT_MetaBinner.4
k79_26853	ERR011347_MEGAHIT_MetaBinner.4
k79_33144	ERR011347_MEGAHIT_MetaBinner.4
k79_42065	ERR011347_MEGAHIT_MetaBinner.4
k79_79945	ERR011347_MEGAHIT_MetaBinner.4
k79_50740	ERR011347_MEGAHIT_MetaBinner.4
k79_71440	ERR011347_MEGAHIT_MetaBinner.4
k79_43296	ERR011347_MEGAHIT_MetaBinner.4
k79_52497	ERR011347_MEGAHIT_MetaBinner.4
k79_10865	ERR011347_MEGAHIT_MetaBinner.4
k79_35734	ERR011347_MEGAHIT_MetaBinner.4
k79_97292	ERR011347_MEGAHIT_MetaBinner.4
k79_44621	ERR011347_MEGAHIT_MetaBinner.4
k79_55172	ERR011347_MEGAHIT_MetaBinner.4
k79_36069	ERR011347_MEGAHIT_MetaBinner.4
k79_83197	ERR011347_MEGAHIT_MetaBinner.4
k79_20742	ERR011347_MEGAHIT_MetaBinner.4
k79_9950	ERR011347_MEGAHIT_MetaBinner.4
k79_39043	ERR011347_MEGAHIT_MetaBinner.4
k79_36102	ERR011347_MEGAHIT_MetaBinner.4
k79_1706	ERR011347_MEGAHIT_MetaBinner.4
k79_53518	ERR011347_MEGAHIT_MetaBinner.4
k79_94297	ERR011347_MEGAHIT_MetaBinner.4
k79_73952	ERR011347_MEGAHIT_MetaBinner.4
k79_23817	ERR011347_MEGAHIT_MetaBinner.4
k79_1289	ERR011347_MEGAHIT_MetaBinner.4
k79_23628	ERR011347_MEGAHIT_MetaBinner.4
k79_11334	ERR011347_MEGAHIT_MetaBinner.4
k79_19394	ERR011347_MEGAHIT_MetaBinner.4
k79_89056	ERR011347_MEGAHIT_MetaBinner.4
k79_50066	ERR011347_MEGAHIT_MetaBinner.4
k79_34826	ERR011347_MEGAHIT_MetaBinner.4
k79_13594	ERR011347_MEGAHIT_MetaBinner.4
k79_73916	ERR011347_MEGAHIT_MetaBinner.4
k79_39021	ERR011347_MEGAHIT_MetaBinner.4
k79_14277	ERR011347_MEGAHIT_MetaBinner.4
k79_15496	ERR011347_MEGAHIT_MetaBinner.4
k79_12053	ERR011347_MEGAHIT_MetaBinner.4
k79_5777	ERR011347_MEGAHIT_MetaBinner.4
k79_59635	ERR011347_MEGAHIT_MetaBinner.4
k79_9259	ERR011347_MEGAHIT_MetaBinner.4
k79_24221	ERR011347_MEGAHIT_MetaBinner.4
k79_53411	ERR011347_MEGAHIT_MetaBinner.4
k79_41284	ERR011347_MEGAHIT_MetaBinner.4
k79_21709	ERR011347_MEGAHIT_MetaBinner.4
k79_16121	ERR011347_MEGAHIT_MetaBinner.4
k79_32375	ERR011347_MEGAHIT_MetaBinner.4
k79_36826	ERR011347_MEGAHIT_MetaBinner.4
k79_91127	ERR011347_MEGAHIT_MetaBinner.4
k79_37773	ERR011347_MEGAHIT_MetaBinner.4
k79_8199	ERR011347_MEGAHIT_MetaBinner.4
k79_5933	ERR011347_MEGAHIT_MetaBinner.4
k79_19845	ERR011347_MEGAHIT_MetaBinner.4
k79_95629	ERR011347_MEGAHIT_MetaBinner.4
k79_92594	ERR011347_MEGAHIT_MetaBinner.4
k79_24066	ERR011347_MEGAHIT_MetaBinner.4
k79_18647	ERR011347_MEGAHIT_MetaBinner.4
k79_77516	ERR011347_MEGAHIT_MetaBinner.4
k79_71544	ERR011347_MEGAHIT_MetaBinner.4
k79_91880	ERR011347_MEGAHIT_MetaBinner.4
k79_58336	ERR011347_MEGAHIT_MetaBinner.4
k79_39183	ERR011347_MEGAHIT_MetaBinner.4
k79_72661	ERR011347_MEGAHIT_MetaBinner.4
k79_72953	ERR011347_MEGAHIT_MetaBinner.4
k79_71849	ERR011347_MEGAHIT_MetaBinner.4
k79_40077	ERR011347_MEGAHIT_MetaBinner.4
k79_14634	ERR011347_MEGAHIT_MetaBinner.4
k79_54627	ERR011347_MEGAHIT_MetaBinner.4
k79_59359	ERR011347_MEGAHIT_MetaBinner.4
k79_41967	ERR011347_MEGAHIT_MetaBinner.4
k79_39681	ERR011347_MEGAHIT_MetaBinner.4
k79_69814	ERR011347_MEGAHIT_MetaBinner.4
k79_13183	ERR011347_MEGAHIT_MetaBinner.4
k79_157	ERR011347_MEGAHIT_MetaBinner.4
k79_71512	ERR011347_MEGAHIT_MetaBinner.4
k79_10959	ERR011347_MEGAHIT_MetaBinner.4
k79_45796	ERR011347_MEGAHIT_MetaBinner.4
k79_16419	ERR011347_MEGAHIT_MetaBinner.4
k79_35631	ERR011347_MEGAHIT_MetaBinner.4
k79_25708	ERR011347_MEGAHIT_MetaBinner.4
k79_40344	ERR011347_MEGAHIT_MetaBinner.4
k79_22169	ERR011347_MEGAHIT_MetaBinner.4
k79_50644	ERR011347_MEGAHIT_MetaBinner.4
k79_40477	ERR011347_MEGAHIT_MetaBinner.4
k79_55461	ERR011347_MEGAHIT_MetaBinner.4
k79_57463	ERR011347_MEGAHIT_MetaBinner.4
k79_79431	ERR011347_MEGAHIT_MetaBinner.4
k79_80008	ERR011347_MEGAHIT_MetaBinner.4
k79_79519	ERR011347_MEGAHIT_MetaBinner.4
k79_82786	ERR011347_MEGAHIT_MetaBinner.4
k79_24814	ERR011347_MEGAHIT_MetaBinner.4
k79_49067	ERR011347_MEGAHIT_MetaBinner.4
k79_6234	ERR011347_MEGAHIT_MetaBinner.4
k79_49951	ERR011347_MEGAHIT_MetaBinner.4
k79_8985	ERR011347_MEGAHIT_MetaBinner.4
k79_42177	ERR011347_MEGAHIT_MetaBinner.4
k79_78034	ERR011347_MEGAHIT_MetaBinner.4
k79_68199	ERR011347_MEGAHIT_MetaBinner.4
k79_33465	ERR011347_MEGAHIT_MetaBinner.4
k79_18559	ERR011347_MEGAHIT_MetaBinner.4
k79_63274	ERR011347_MEGAHIT_MetaBinner.4
k79_36985	ERR011347_MEGAHIT_MetaBinner.4
k79_20988	ERR011347_MEGAHIT_MetaBinner.4
k79_1889	ERR011347_MEGAHIT_MetaBinner.4
k79_10381	ERR011347_MEGAHIT_MetaBinner.4
k79_18349	ERR011347_MEGAHIT_MetaBinner.4
k79_24489	ERR011347_MEGAHIT_MetaBinner.4
k79_8843	ERR011347_MEGAHIT_MetaBinner.4
k79_9783	ERR011347_MEGAHIT_MetaBinner.4
k79_26280	ERR011347_MEGAHIT_MetaBinner.4
k79_38293	ERR011347_MEGAHIT_MetaBinner.4
k79_69490	ERR011347_MEGAHIT_MetaBinner.4
k79_76827	ERR011347_MEGAHIT_MetaBinner.4
k79_92607	ERR011347_MEGAHIT_MetaBinner.4
k79_62299	ERR011347_MEGAHIT_MetaBinner.4
k79_90354	ERR011347_MEGAHIT_MetaBinner.4
k79_43744	ERR011347_MEGAHIT_MetaBinner.4
k79_63848	ERR011347_MEGAHIT_MetaBinner.4
k79_16400	ERR011347_MEGAHIT_MetaBinner.4
k79_2946	ERR011347_MEGAHIT_MetaBinner.4
k79_58731	ERR011347_MEGAHIT_MetaBinner.4
k79_80146	ERR011347_MEGAHIT_MetaBinner.4
k79_39980	ERR011347_MEGAHIT_MetaBinner.4
k79_65081	ERR011347_MEGAHIT_MetaBinner.4
k79_32101	ERR011347_MEGAHIT_MetaBinner.4
k79_34768	ERR011347_MEGAHIT_MetaBinner.4
k79_1734	ERR011347_MEGAHIT_MetaBinner.4
k79_86162	ERR011347_MEGAHIT_MetaBinner.4
k79_37866	ERR011347_MEGAHIT_MetaBinner.4
k79_3259	ERR011347_MEGAHIT_MetaBinner.4
k79_59376	ERR011347_MEGAHIT_MetaBinner.4
k79_25940	ERR011347_MEGAHIT_MetaBinner.4
k79_63471	ERR011347_MEGAHIT_MetaBinner.4
k79_32772	ERR011347_MEGAHIT_MetaBinner.4
k79_94391	ERR011347_MEGAHIT_MetaBinner.4
k79_17919	ERR011347_MEGAHIT_MetaBinner.4
k79_24470	ERR011347_MEGAHIT_MetaBinner.4
k79_35166	ERR011347_MEGAHIT_MetaBinner.4
k79_26162	ERR011347_MEGAHIT_MetaBinner.4
k79_64276	ERR011347_MEGAHIT_MetaBinner.4
k79_90071	ERR011347_MEGAHIT_MetaBinner.4
k79_23071	ERR011347_MEGAHIT_MetaBinner.4
k79_56081	ERR011347_MEGAHIT_MetaBinner.4
k79_61046	ERR011347_MEGAHIT_MetaBinner.4
k79_63348	ERR011347_MEGAHIT_MetaBinner.4
k79_35022	ERR011347_MEGAHIT_MetaBinner.4
k79_12076	ERR011347_MEGAHIT_MetaBinner.4
k79_27326	ERR011347_MEGAHIT_MetaBinner.4
k79_93272	ERR011347_MEGAHIT_MetaBinner.4
k79_43817	ERR011347_MEGAHIT_MetaBinner.4
k79_46600	ERR011347_MEGAHIT_MetaBinner.4
k79_78180	ERR011347_MEGAHIT_MetaBinner.4
k79_57648	ERR011347_MEGAHIT_MetaBinner.4
k79_42106	ERR011347_MEGAHIT_MetaBinner.4
k79_22693	ERR011347_MEGAHIT_MetaBinner.4
k79_71571	ERR011347_MEGAHIT_MetaBinner.4
k79_89004	ERR011347_MEGAHIT_MetaBinner.4
k79_16978	ERR011347_MEGAHIT_MetaBinner.4
k79_56322	ERR011347_MEGAHIT_MetaBinner.4
k79_50885	ERR011347_MEGAHIT_MetaBinner.4
k79_73184	ERR011347_MEGAHIT_MetaBinner.4
k79_69401	ERR011347_MEGAHIT_MetaBinner.4
k79_37367	ERR011347_MEGAHIT_MetaBinner.4
k79_90396	ERR011347_MEGAHIT_MetaBinner.4
k79_55291	ERR011347_MEGAHIT_MetaBinner.4
k79_19550	ERR011347_MEGAHIT_MetaBinner.4
k79_14065	ERR011347_MEGAHIT_MetaBinner.4
k79_82167	ERR011347_MEGAHIT_MetaBinner.4
k79_51523	ERR011347_MEGAHIT_MetaBinner.4
k79_51624	ERR011347_MEGAHIT_MetaBinner.4
k79_13868	ERR011347_MEGAHIT_MetaBinner.4
k79_48442	ERR011347_MEGAHIT_MetaBinner.4
k79_7745	ERR011347_MEGAHIT_MetaBinner.4
k79_12570	ERR011347_MEGAHIT_MetaBinner.4
k79_66290	ERR011347_MEGAHIT_MetaBinner.4
k79_78320	ERR011347_MEGAHIT_MetaBinner.4
k79_74212	ERR011347_MEGAHIT_MetaBinner.4
k79_54164	ERR011347_MEGAHIT_MetaBinner.4
k79_10509	ERR011347_MEGAHIT_MetaBinner.4
k79_56527	ERR011347_MEGAHIT_MetaBinner.4
k79_37172	ERR011347_MEGAHIT_MetaBinner.4
k79_46459	ERR011347_MEGAHIT_MetaBinner.4
k79_81741	ERR011347_MEGAHIT_MetaBinner.4
k79_76403	ERR011347_MEGAHIT_MetaBinner.4
k79_30356	ERR011347_MEGAHIT_MetaBinner.4
k79_65871	ERR011347_MEGAHIT_MetaBinner.4
k79_93288	ERR011347_MEGAHIT_MetaBinner.4
k79_56510	ERR011347_MEGAHIT_MetaBinner.4
k79_83712	ERR011347_MEGAHIT_MetaBinner.4
k79_58595	ERR011347_MEGAHIT_MetaBinner.4
k79_16830	ERR011347_MEGAHIT_MetaBinner.4
k79_94571	ERR011347_MEGAHIT_MetaBinner.4
k79_60275	ERR011347_MEGAHIT_MetaBinner.4
k79_78654	ERR011347_MEGAHIT_MetaBinner.4
k79_48243	ERR011347_MEGAHIT_MetaBinner.4
k79_83780	ERR011347_MEGAHIT_MetaBinner.4
k79_70692	ERR011347_MEGAHIT_MetaBinner.4
k79_5745	ERR011347_MEGAHIT_MetaBinner.4
k79_32228	ERR011347_MEGAHIT_MetaBinner.4
k79_36989	ERR011347_MEGAHIT_MetaBinner.4
k79_11439	ERR011347_MEGAHIT_MetaBinner.4
k79_15497	ERR011347_MEGAHIT_MetaBinner.4
k79_22865	ERR011347_MEGAHIT_MetaBinner.4
k79_57280	ERR011347_MEGAHIT_MetaBinner.4
k79_6875	ERR011347_MEGAHIT_MetaBinner.4
k79_24365	ERR011347_MEGAHIT_MetaBinner.4
k79_49854	ERR011347_MEGAHIT_MetaBinner.4
k79_75367	ERR011347_MEGAHIT_MetaBinner.4
k79_54072	ERR011347_MEGAHIT_MetaBinner.4
k79_12010	ERR011347_MEGAHIT_MetaBinner.4
k79_14319	ERR011347_MEGAHIT_MetaBinner.4
k79_20486	ERR011347_MEGAHIT_MetaBinner.4
k79_5469	ERR011347_MEGAHIT_MetaBinner.4
k79_29418	ERR011347_MEGAHIT_MetaBinner.4
k79_31679	ERR011347_MEGAHIT_MetaBinner.4
k79_144	ERR011347_MEGAHIT_MetaBinner.4
k79_57759	ERR011347_MEGAHIT_MetaBinner.4
k79_29879	ERR011347_MEGAHIT_MetaBinner.4
k79_76026	ERR011347_MEGAHIT_MetaBinner.4
k79_41266	ERR011347_MEGAHIT_MetaBinner.4
k79_48324	ERR011347_MEGAHIT_MetaBinner.4
k79_78736	ERR011347_MEGAHIT_MetaBinner.4
k79_62611	ERR011347_MEGAHIT_MetaBinner.4
k79_68361	ERR011347_MEGAHIT_MetaBinner.4
k79_89292	ERR011347_MEGAHIT_MetaBinner.4
k79_54598	ERR011347_MEGAHIT_MetaBinner.4
k79_91559	ERR011347_MEGAHIT_MetaBinner.4
k79_33837	ERR011347_MEGAHIT_MetaBinner.4
k79_43654	ERR011347_MEGAHIT_MetaBinner.4
k79_60448	ERR011347_MEGAHIT_MetaBinner.4
k79_13991	ERR011347_MEGAHIT_MetaBinner.4
k79_43522	ERR011347_MEGAHIT_MetaBinner.4
k79_8777	ERR011347_MEGAHIT_MetaBinner.4
k79_7676	ERR011347_MEGAHIT_MetaBinner.4
k79_81812	ERR011347_MEGAHIT_MetaBinner.4
k79_40214	ERR011347_MEGAHIT_MetaBinner.4
k79_28738	ERR011347_MEGAHIT_MetaBinner.4
k79_36002	ERR011347_MEGAHIT_MetaBinner.4
k79_18802	ERR011347_MEGAHIT_MetaBinner.4
k79_28479	ERR011347_MEGAHIT_MetaBinner.4
k79_66994	ERR011347_MEGAHIT_MetaBinner.4
k79_45813	ERR011347_MEGAHIT_MetaBinner.4
k79_16523	ERR011347_MEGAHIT_MetaBinner.4
k79_44529	ERR011347_MEGAHIT_MetaBinner.4
k79_35095	ERR011347_MEGAHIT_MetaBinner.4
k79_49095	ERR011347_MEGAHIT_MetaBinner.4
k79_46970	ERR011347_MEGAHIT_MetaBinner.4
k79_25835	ERR011347_MEGAHIT_MetaBinner.4
k79_37797	ERR011347_MEGAHIT_MetaBinner.4
k79_62287	ERR011347_MEGAHIT_MetaBinner.4
k79_20360	ERR011347_MEGAHIT_MetaBinner.4
k79_58144	ERR011347_MEGAHIT_MetaBinner.4
k79_83872	ERR011347_MEGAHIT_MetaBinner.4
k79_39986	ERR011347_MEGAHIT_MetaBinner.4
k79_65525	ERR011347_MEGAHIT_MetaBinner.4
k79_19155	ERR011347_MEGAHIT_MetaBinner.4
k79_15891	ERR011347_MEGAHIT_MetaBinner.4
k79_8298	ERR011347_MEGAHIT_MetaBinner.4
k79_9774	ERR011347_MEGAHIT_MetaBinner.4
k79_3282	ERR011347_MEGAHIT_MetaBinner.4
k79_87629	ERR011347_MEGAHIT_MetaBinner.4
k79_77572	ERR011347_MEGAHIT_MetaBinner.4
k79_67356	ERR011347_MEGAHIT_MetaBinner.4
