k79_65171	ERR011348_MEGAHIT_MetaBinner.10
k79_1433	ERR011348_MEGAHIT_MetaBinner.10
k79_59096	ERR011348_MEGAHIT_MetaBinner.10
k79_41856	ERR011348_MEGAHIT_MetaBinner.10
k79_25385	ERR011348_MEGAHIT_MetaBinner.10
k79_40160	ERR011348_MEGAHIT_MetaBinner.10
k79_66755	ERR011348_MEGAHIT_MetaBinner.10
k79_82596	ERR011348_MEGAHIT_MetaBinner.10
k79_57144	ERR011348_MEGAHIT_MetaBinner.10
k79_60506	ERR011348_MEGAHIT_MetaBinner.10
k79_26778	ERR011348_MEGAHIT_MetaBinner.10
k79_52959	ERR011348_MEGAHIT_MetaBinner.10
k79_33312	ERR011348_MEGAHIT_MetaBinner.10
k79_74841	ERR011348_MEGAHIT_MetaBinner.10
k79_22573	ERR011348_MEGAHIT_MetaBinner.10
k79_77276	ERR011348_MEGAHIT_MetaBinner.10
k79_32325	ERR011348_MEGAHIT_MetaBinner.10
k79_24414	ERR011348_MEGAHIT_MetaBinner.10
k79_49866	ERR011348_MEGAHIT_MetaBinner.10
k79_49008	ERR011348_MEGAHIT_MetaBinner.10
k79_67891	ERR011348_MEGAHIT_MetaBinner.10
k79_43763	ERR011348_MEGAHIT_MetaBinner.10
k79_20558	ERR011348_MEGAHIT_MetaBinner.10
k79_95734	ERR011348_MEGAHIT_MetaBinner.10
k79_37850	ERR011348_MEGAHIT_MetaBinner.10
k79_89722	ERR011348_MEGAHIT_MetaBinner.10
k79_62913	ERR011348_MEGAHIT_MetaBinner.10
k79_17232	ERR011348_MEGAHIT_MetaBinner.10
k79_57793	ERR011348_MEGAHIT_MetaBinner.10
k79_62537	ERR011348_MEGAHIT_MetaBinner.10
k79_78348	ERR011348_MEGAHIT_MetaBinner.10
k79_13135	ERR011348_MEGAHIT_MetaBinner.10
k79_86702	ERR011348_MEGAHIT_MetaBinner.10
k79_64632	ERR011348_MEGAHIT_MetaBinner.10
k79_70124	ERR011348_MEGAHIT_MetaBinner.10
k79_18402	ERR011348_MEGAHIT_MetaBinner.10
k79_74988	ERR011348_MEGAHIT_MetaBinner.10
k79_87444	ERR011348_MEGAHIT_MetaBinner.10
k79_61998	ERR011348_MEGAHIT_MetaBinner.10
k79_58732	ERR011348_MEGAHIT_MetaBinner.10
k79_22681	ERR011348_MEGAHIT_MetaBinner.10
k79_47852	ERR011348_MEGAHIT_MetaBinner.10
k79_43787	ERR011348_MEGAHIT_MetaBinner.10
k79_24898	ERR011348_MEGAHIT_MetaBinner.10
k79_28003	ERR011348_MEGAHIT_MetaBinner.10
k79_92727	ERR011348_MEGAHIT_MetaBinner.10
k79_10952	ERR011348_MEGAHIT_MetaBinner.10
k79_41655	ERR011348_MEGAHIT_MetaBinner.10
k79_39332	ERR011348_MEGAHIT_MetaBinner.10
k79_30324	ERR011348_MEGAHIT_MetaBinner.10
k79_9342	ERR011348_MEGAHIT_MetaBinner.10
k79_80505	ERR011348_MEGAHIT_MetaBinner.10
k79_48877	ERR011348_MEGAHIT_MetaBinner.10
k79_35342	ERR011348_MEGAHIT_MetaBinner.10
k79_15893	ERR011348_MEGAHIT_MetaBinner.10
k79_11210	ERR011348_MEGAHIT_MetaBinner.10
k79_74182	ERR011348_MEGAHIT_MetaBinner.10
k79_91957	ERR011348_MEGAHIT_MetaBinner.10
k79_62482	ERR011348_MEGAHIT_MetaBinner.10
k79_56783	ERR011348_MEGAHIT_MetaBinner.10
k79_32510	ERR011348_MEGAHIT_MetaBinner.10
k79_63994	ERR011348_MEGAHIT_MetaBinner.10
k79_68695	ERR011348_MEGAHIT_MetaBinner.10
k79_81508	ERR011348_MEGAHIT_MetaBinner.10
k79_40200	ERR011348_MEGAHIT_MetaBinner.10
k79_87852	ERR011348_MEGAHIT_MetaBinner.10
k79_7875	ERR011348_MEGAHIT_MetaBinner.10
k79_13447	ERR011348_MEGAHIT_MetaBinner.10
k79_986	ERR011348_MEGAHIT_MetaBinner.10
k79_73721	ERR011348_MEGAHIT_MetaBinner.10
k79_74078	ERR011348_MEGAHIT_MetaBinner.10
k79_238	ERR011348_MEGAHIT_MetaBinner.10
k79_66512	ERR011348_MEGAHIT_MetaBinner.10
k79_30949	ERR011348_MEGAHIT_MetaBinner.10
k79_93469	ERR011348_MEGAHIT_MetaBinner.10
k79_1588	ERR011348_MEGAHIT_MetaBinner.10
k79_41527	ERR011348_MEGAHIT_MetaBinner.10
k79_22856	ERR011348_MEGAHIT_MetaBinner.10
k79_2221	ERR011348_MEGAHIT_MetaBinner.10
k79_307	ERR011348_MEGAHIT_MetaBinner.10
k79_72610	ERR011348_MEGAHIT_MetaBinner.10
k79_34857	ERR011348_MEGAHIT_MetaBinner.10
k79_18052	ERR011348_MEGAHIT_MetaBinner.10
k79_2195	ERR011348_MEGAHIT_MetaBinner.10
k79_50576	ERR011348_MEGAHIT_MetaBinner.10
k79_27483	ERR011348_MEGAHIT_MetaBinner.10
k79_68801	ERR011348_MEGAHIT_MetaBinner.10
k79_4750	ERR011348_MEGAHIT_MetaBinner.10
k79_67207	ERR011348_MEGAHIT_MetaBinner.10
k79_22471	ERR011348_MEGAHIT_MetaBinner.10
k79_82745	ERR011348_MEGAHIT_MetaBinner.10
k79_77098	ERR011348_MEGAHIT_MetaBinner.10
k79_79994	ERR011348_MEGAHIT_MetaBinner.10
k79_22329	ERR011348_MEGAHIT_MetaBinner.10
k79_12162	ERR011348_MEGAHIT_MetaBinner.10
k79_15413	ERR011348_MEGAHIT_MetaBinner.10
k79_49349	ERR011348_MEGAHIT_MetaBinner.10
k79_59668	ERR011348_MEGAHIT_MetaBinner.10
k79_458	ERR011348_MEGAHIT_MetaBinner.10
k79_95740	ERR011348_MEGAHIT_MetaBinner.10
k79_48819	ERR011348_MEGAHIT_MetaBinner.10
k79_60588	ERR011348_MEGAHIT_MetaBinner.10
k79_62979	ERR011348_MEGAHIT_MetaBinner.10
k79_49832	ERR011348_MEGAHIT_MetaBinner.10
k79_44688	ERR011348_MEGAHIT_MetaBinner.10
k79_36892	ERR011348_MEGAHIT_MetaBinner.10
k79_21322	ERR011348_MEGAHIT_MetaBinner.10
k79_55981	ERR011348_MEGAHIT_MetaBinner.10
k79_79967	ERR011348_MEGAHIT_MetaBinner.10
k79_5056	ERR011348_MEGAHIT_MetaBinner.10
k79_10369	ERR011348_MEGAHIT_MetaBinner.10
k79_62448	ERR011348_MEGAHIT_MetaBinner.10
k79_39839	ERR011348_MEGAHIT_MetaBinner.10
k79_86912	ERR011348_MEGAHIT_MetaBinner.10
k79_3403	ERR011348_MEGAHIT_MetaBinner.10
k79_31597	ERR011348_MEGAHIT_MetaBinner.10
k79_79747	ERR011348_MEGAHIT_MetaBinner.10
k79_64743	ERR011348_MEGAHIT_MetaBinner.10
k79_94030	ERR011348_MEGAHIT_MetaBinner.10
k79_85522	ERR011348_MEGAHIT_MetaBinner.10
k79_673	ERR011348_MEGAHIT_MetaBinner.10
k79_24369	ERR011348_MEGAHIT_MetaBinner.10
k79_459	ERR011348_MEGAHIT_MetaBinner.10
k79_29688	ERR011348_MEGAHIT_MetaBinner.10
k79_2851	ERR011348_MEGAHIT_MetaBinner.10
k79_18209	ERR011348_MEGAHIT_MetaBinner.10
k79_54229	ERR011348_MEGAHIT_MetaBinner.10
k79_55146	ERR011348_MEGAHIT_MetaBinner.10
k79_82048	ERR011348_MEGAHIT_MetaBinner.10
k79_93234	ERR011348_MEGAHIT_MetaBinner.10
k79_77420	ERR011348_MEGAHIT_MetaBinner.10
k79_63282	ERR011348_MEGAHIT_MetaBinner.10
k79_63175	ERR011348_MEGAHIT_MetaBinner.10
k79_82316	ERR011348_MEGAHIT_MetaBinner.10
k79_27763	ERR011348_MEGAHIT_MetaBinner.10
k79_55110	ERR011348_MEGAHIT_MetaBinner.10
k79_87691	ERR011348_MEGAHIT_MetaBinner.10
k79_80587	ERR011348_MEGAHIT_MetaBinner.10
k79_73031	ERR011348_MEGAHIT_MetaBinner.10
k79_2611	ERR011348_MEGAHIT_MetaBinner.10
k79_48832	ERR011348_MEGAHIT_MetaBinner.10
k79_22614	ERR011348_MEGAHIT_MetaBinner.10
k79_79824	ERR011348_MEGAHIT_MetaBinner.10
k79_16879	ERR011348_MEGAHIT_MetaBinner.10
k79_48945	ERR011348_MEGAHIT_MetaBinner.10
k79_44539	ERR011348_MEGAHIT_MetaBinner.10
k79_2430	ERR011348_MEGAHIT_MetaBinner.10
k79_20229	ERR011348_MEGAHIT_MetaBinner.10
k79_16130	ERR011348_MEGAHIT_MetaBinner.10
k79_41617	ERR011348_MEGAHIT_MetaBinner.10
k79_34843	ERR011348_MEGAHIT_MetaBinner.10
k79_9682	ERR011348_MEGAHIT_MetaBinner.10
k79_23927	ERR011348_MEGAHIT_MetaBinner.10
k79_32550	ERR011348_MEGAHIT_MetaBinner.10
k79_88687	ERR011348_MEGAHIT_MetaBinner.10
k79_4802	ERR011348_MEGAHIT_MetaBinner.10
k79_70181	ERR011348_MEGAHIT_MetaBinner.10
k79_12599	ERR011348_MEGAHIT_MetaBinner.10
k79_28321	ERR011348_MEGAHIT_MetaBinner.10
k79_74963	ERR011348_MEGAHIT_MetaBinner.10
k79_658	ERR011348_MEGAHIT_MetaBinner.10
k79_53169	ERR011348_MEGAHIT_MetaBinner.10
k79_91681	ERR011348_MEGAHIT_MetaBinner.10
k79_62616	ERR011348_MEGAHIT_MetaBinner.10
k79_48704	ERR011348_MEGAHIT_MetaBinner.10
k79_65072	ERR011348_MEGAHIT_MetaBinner.10
k79_26386	ERR011348_MEGAHIT_MetaBinner.10
k79_12533	ERR011348_MEGAHIT_MetaBinner.10
k79_48668	ERR011348_MEGAHIT_MetaBinner.10
k79_54762	ERR011348_MEGAHIT_MetaBinner.10
k79_77174	ERR011348_MEGAHIT_MetaBinner.10
k79_3053	ERR011348_MEGAHIT_MetaBinner.10
k79_47628	ERR011348_MEGAHIT_MetaBinner.10
k79_53903	ERR011348_MEGAHIT_MetaBinner.10
k79_39761	ERR011348_MEGAHIT_MetaBinner.10
k79_83591	ERR011348_MEGAHIT_MetaBinner.10
k79_87098	ERR011348_MEGAHIT_MetaBinner.10
k79_46321	ERR011348_MEGAHIT_MetaBinner.10
k79_44550	ERR011348_MEGAHIT_MetaBinner.10
k79_43830	ERR011348_MEGAHIT_MetaBinner.10
k79_63225	ERR011348_MEGAHIT_MetaBinner.10
k79_49357	ERR011348_MEGAHIT_MetaBinner.10
k79_77985	ERR011348_MEGAHIT_MetaBinner.10
k79_9761	ERR011348_MEGAHIT_MetaBinner.10
k79_64004	ERR011348_MEGAHIT_MetaBinner.10
k79_27474	ERR011348_MEGAHIT_MetaBinner.10
k79_68988	ERR011348_MEGAHIT_MetaBinner.10
k79_35428	ERR011348_MEGAHIT_MetaBinner.10
k79_87278	ERR011348_MEGAHIT_MetaBinner.10
k79_57540	ERR011348_MEGAHIT_MetaBinner.10
k79_44030	ERR011348_MEGAHIT_MetaBinner.10
k79_81166	ERR011348_MEGAHIT_MetaBinner.10
k79_37880	ERR011348_MEGAHIT_MetaBinner.10
k79_22028	ERR011348_MEGAHIT_MetaBinner.10
k79_4417	ERR011348_MEGAHIT_MetaBinner.10
k79_24322	ERR011348_MEGAHIT_MetaBinner.10
k79_66160	ERR011348_MEGAHIT_MetaBinner.10
k79_90018	ERR011348_MEGAHIT_MetaBinner.10
k79_24453	ERR011348_MEGAHIT_MetaBinner.10
k79_82222	ERR011348_MEGAHIT_MetaBinner.10
k79_35276	ERR011348_MEGAHIT_MetaBinner.10
k79_24446	ERR011348_MEGAHIT_MetaBinner.10
k79_9371	ERR011348_MEGAHIT_MetaBinner.10
k79_75485	ERR011348_MEGAHIT_MetaBinner.10
k79_23354	ERR011348_MEGAHIT_MetaBinner.10
k79_11158	ERR011348_MEGAHIT_MetaBinner.10
k79_41251	ERR011348_MEGAHIT_MetaBinner.10
k79_87701	ERR011348_MEGAHIT_MetaBinner.10
k79_33454	ERR011348_MEGAHIT_MetaBinner.10
k79_93907	ERR011348_MEGAHIT_MetaBinner.10
k79_33636	ERR011348_MEGAHIT_MetaBinner.10
k79_3832	ERR011348_MEGAHIT_MetaBinner.10
k79_52534	ERR011348_MEGAHIT_MetaBinner.10
k79_60945	ERR011348_MEGAHIT_MetaBinner.10
k79_61035	ERR011348_MEGAHIT_MetaBinner.10
k79_76369	ERR011348_MEGAHIT_MetaBinner.10
k79_73709	ERR011348_MEGAHIT_MetaBinner.10
k79_1868	ERR011348_MEGAHIT_MetaBinner.10
k79_94981	ERR011348_MEGAHIT_MetaBinner.10
k79_9237	ERR011348_MEGAHIT_MetaBinner.10
k79_85598	ERR011348_MEGAHIT_MetaBinner.10
k79_12997	ERR011348_MEGAHIT_MetaBinner.10
k79_61304	ERR011348_MEGAHIT_MetaBinner.10
k79_17341	ERR011348_MEGAHIT_MetaBinner.10
k79_13259	ERR011348_MEGAHIT_MetaBinner.10
k79_62923	ERR011348_MEGAHIT_MetaBinner.10
k79_66441	ERR011348_MEGAHIT_MetaBinner.10
k79_86946	ERR011348_MEGAHIT_MetaBinner.10
k79_84996	ERR011348_MEGAHIT_MetaBinner.10
k79_82103	ERR011348_MEGAHIT_MetaBinner.10
k79_90815	ERR011348_MEGAHIT_MetaBinner.10
k79_80091	ERR011348_MEGAHIT_MetaBinner.10
k79_39668	ERR011348_MEGAHIT_MetaBinner.10
k79_28797	ERR011348_MEGAHIT_MetaBinner.10
k79_1383	ERR011348_MEGAHIT_MetaBinner.10
k79_9643	ERR011348_MEGAHIT_MetaBinner.10
k79_92731	ERR011348_MEGAHIT_MetaBinner.10
k79_92833	ERR011348_MEGAHIT_MetaBinner.10
k79_60850	ERR011348_MEGAHIT_MetaBinner.10
k79_75841	ERR011348_MEGAHIT_MetaBinner.10
k79_23541	ERR011348_MEGAHIT_MetaBinner.10
k79_44512	ERR011348_MEGAHIT_MetaBinner.10
k79_10570	ERR011348_MEGAHIT_MetaBinner.10
k79_66642	ERR011348_MEGAHIT_MetaBinner.10
k79_21417	ERR011348_MEGAHIT_MetaBinner.10
k79_49566	ERR011348_MEGAHIT_MetaBinner.10
k79_56406	ERR011348_MEGAHIT_MetaBinner.10
k79_25858	ERR011348_MEGAHIT_MetaBinner.10
k79_27192	ERR011348_MEGAHIT_MetaBinner.10
k79_92791	ERR011348_MEGAHIT_MetaBinner.10
k79_6819	ERR011348_MEGAHIT_MetaBinner.10
k79_53664	ERR011348_MEGAHIT_MetaBinner.10
k79_70521	ERR011348_MEGAHIT_MetaBinner.10
k79_89858	ERR011348_MEGAHIT_MetaBinner.10
k79_46216	ERR011348_MEGAHIT_MetaBinner.10
k79_20385	ERR011348_MEGAHIT_MetaBinner.10
k79_1410	ERR011348_MEGAHIT_MetaBinner.10
k79_93850	ERR011348_MEGAHIT_MetaBinner.10
k79_19103	ERR011348_MEGAHIT_MetaBinner.10
k79_62543	ERR011348_MEGAHIT_MetaBinner.10
k79_36940	ERR011348_MEGAHIT_MetaBinner.10
k79_54056	ERR011348_MEGAHIT_MetaBinner.10
k79_6474	ERR011348_MEGAHIT_MetaBinner.10
k79_10840	ERR011348_MEGAHIT_MetaBinner.10
k79_5153	ERR011348_MEGAHIT_MetaBinner.10
k79_75011	ERR011348_MEGAHIT_MetaBinner.10
k79_90973	ERR011348_MEGAHIT_MetaBinner.10
k79_59797	ERR011348_MEGAHIT_MetaBinner.10
k79_62322	ERR011348_MEGAHIT_MetaBinner.10
k79_61797	ERR011348_MEGAHIT_MetaBinner.10
k79_95846	ERR011348_MEGAHIT_MetaBinner.10
k79_36559	ERR011348_MEGAHIT_MetaBinner.10
k79_91124	ERR011348_MEGAHIT_MetaBinner.10
k79_10619	ERR011348_MEGAHIT_MetaBinner.10
k79_50291	ERR011348_MEGAHIT_MetaBinner.10
k79_14047	ERR011348_MEGAHIT_MetaBinner.10
k79_93217	ERR011348_MEGAHIT_MetaBinner.10
k79_78998	ERR011348_MEGAHIT_MetaBinner.10
k79_61555	ERR011348_MEGAHIT_MetaBinner.10
k79_26514	ERR011348_MEGAHIT_MetaBinner.10
k79_9304	ERR011348_MEGAHIT_MetaBinner.10
k79_31076	ERR011348_MEGAHIT_MetaBinner.10
k79_53330	ERR011348_MEGAHIT_MetaBinner.10
k79_29531	ERR011348_MEGAHIT_MetaBinner.10
k79_12216	ERR011348_MEGAHIT_MetaBinner.10
k79_40848	ERR011348_MEGAHIT_MetaBinner.10
k79_2979	ERR011348_MEGAHIT_MetaBinner.10
k79_27070	ERR011348_MEGAHIT_MetaBinner.10
k79_48803	ERR011348_MEGAHIT_MetaBinner.10
k79_86780	ERR011348_MEGAHIT_MetaBinner.10
k79_90603	ERR011348_MEGAHIT_MetaBinner.10
k79_72844	ERR011348_MEGAHIT_MetaBinner.10
k79_63408	ERR011348_MEGAHIT_MetaBinner.10
k79_88208	ERR011348_MEGAHIT_MetaBinner.10
k79_75975	ERR011348_MEGAHIT_MetaBinner.10
k79_8427	ERR011348_MEGAHIT_MetaBinner.10
k79_51713	ERR011348_MEGAHIT_MetaBinner.10
k79_63582	ERR011348_MEGAHIT_MetaBinner.10
k79_45528	ERR011348_MEGAHIT_MetaBinner.10
k79_6767	ERR011348_MEGAHIT_MetaBinner.10
k79_68773	ERR011348_MEGAHIT_MetaBinner.10
k79_84849	ERR011348_MEGAHIT_MetaBinner.10
k79_92696	ERR011348_MEGAHIT_MetaBinner.10
k79_35692	ERR011348_MEGAHIT_MetaBinner.10
k79_89354	ERR011348_MEGAHIT_MetaBinner.10
k79_2748	ERR011348_MEGAHIT_MetaBinner.10
k79_4177	ERR011348_MEGAHIT_MetaBinner.10
k79_5258	ERR011348_MEGAHIT_MetaBinner.10
k79_44911	ERR011348_MEGAHIT_MetaBinner.10
k79_30240	ERR011348_MEGAHIT_MetaBinner.10
k79_79321	ERR011348_MEGAHIT_MetaBinner.10
k79_82585	ERR011348_MEGAHIT_MetaBinner.10
k79_14837	ERR011348_MEGAHIT_MetaBinner.10
k79_21858	ERR011348_MEGAHIT_MetaBinner.10
k79_44218	ERR011348_MEGAHIT_MetaBinner.10
k79_25747	ERR011348_MEGAHIT_MetaBinner.10
k79_67624	ERR011348_MEGAHIT_MetaBinner.10
k79_1760	ERR011348_MEGAHIT_MetaBinner.10
k79_64681	ERR011348_MEGAHIT_MetaBinner.10
k79_85240	ERR011348_MEGAHIT_MetaBinner.10
k79_55874	ERR011348_MEGAHIT_MetaBinner.10
k79_16623	ERR011348_MEGAHIT_MetaBinner.10
k79_62989	ERR011348_MEGAHIT_MetaBinner.10
k79_43880	ERR011348_MEGAHIT_MetaBinner.10
k79_78464	ERR011348_MEGAHIT_MetaBinner.10
k79_76467	ERR011348_MEGAHIT_MetaBinner.10
k79_94621	ERR011348_MEGAHIT_MetaBinner.10
k79_5619	ERR011348_MEGAHIT_MetaBinner.10
k79_35527	ERR011348_MEGAHIT_MetaBinner.10
k79_95167	ERR011348_MEGAHIT_MetaBinner.10
k79_49334	ERR011348_MEGAHIT_MetaBinner.10
k79_25242	ERR011348_MEGAHIT_MetaBinner.10
k79_1008	ERR011348_MEGAHIT_MetaBinner.10
k79_56554	ERR011348_MEGAHIT_MetaBinner.10
k79_23186	ERR011348_MEGAHIT_MetaBinner.10
k79_14275	ERR011348_MEGAHIT_MetaBinner.10
k79_9929	ERR011348_MEGAHIT_MetaBinner.10
k79_18683	ERR011348_MEGAHIT_MetaBinner.10
k79_88918	ERR011348_MEGAHIT_MetaBinner.10
k79_25208	ERR011348_MEGAHIT_MetaBinner.10
k79_75129	ERR011348_MEGAHIT_MetaBinner.10
k79_85906	ERR011348_MEGAHIT_MetaBinner.10
k79_350	ERR011348_MEGAHIT_MetaBinner.10
k79_74926	ERR011348_MEGAHIT_MetaBinner.10
k79_91268	ERR011348_MEGAHIT_MetaBinner.10
k79_91935	ERR011348_MEGAHIT_MetaBinner.10
k79_69146	ERR011348_MEGAHIT_MetaBinner.10
k79_9970	ERR011348_MEGAHIT_MetaBinner.10
k79_66231	ERR011348_MEGAHIT_MetaBinner.10
k79_1482	ERR011348_MEGAHIT_MetaBinner.10
k79_86042	ERR011348_MEGAHIT_MetaBinner.10
k79_60642	ERR011348_MEGAHIT_MetaBinner.10
k79_66816	ERR011348_MEGAHIT_MetaBinner.10
k79_76678	ERR011348_MEGAHIT_MetaBinner.10
k79_87288	ERR011348_MEGAHIT_MetaBinner.10
k79_499	ERR011348_MEGAHIT_MetaBinner.10
k79_46030	ERR011348_MEGAHIT_MetaBinner.10
k79_29805	ERR011348_MEGAHIT_MetaBinner.10
k79_47665	ERR011348_MEGAHIT_MetaBinner.10
k79_74301	ERR011348_MEGAHIT_MetaBinner.10
k79_94394	ERR011348_MEGAHIT_MetaBinner.10
k79_64847	ERR011348_MEGAHIT_MetaBinner.10
k79_54484	ERR011348_MEGAHIT_MetaBinner.10
k79_6272	ERR011348_MEGAHIT_MetaBinner.10
k79_31834	ERR011348_MEGAHIT_MetaBinner.10
k79_78870	ERR011348_MEGAHIT_MetaBinner.10
k79_34279	ERR011348_MEGAHIT_MetaBinner.10
k79_33563	ERR011348_MEGAHIT_MetaBinner.10
k79_44405	ERR011348_MEGAHIT_MetaBinner.10
k79_23687	ERR011348_MEGAHIT_MetaBinner.10
k79_6801	ERR011348_MEGAHIT_MetaBinner.10
k79_35203	ERR011348_MEGAHIT_MetaBinner.10
k79_41738	ERR011348_MEGAHIT_MetaBinner.10
k79_43983	ERR011348_MEGAHIT_MetaBinner.10
k79_9391	ERR011348_MEGAHIT_MetaBinner.10
k79_70679	ERR011348_MEGAHIT_MetaBinner.10
k79_4231	ERR011348_MEGAHIT_MetaBinner.10
k79_7315	ERR011348_MEGAHIT_MetaBinner.10
k79_29717	ERR011348_MEGAHIT_MetaBinner.10
k79_43817	ERR011348_MEGAHIT_MetaBinner.10
k79_43118	ERR011348_MEGAHIT_MetaBinner.10
k79_39128	ERR011348_MEGAHIT_MetaBinner.10
k79_80347	ERR011348_MEGAHIT_MetaBinner.10
k79_25042	ERR011348_MEGAHIT_MetaBinner.10
k79_50557	ERR011348_MEGAHIT_MetaBinner.10
k79_28684	ERR011348_MEGAHIT_MetaBinner.10
k79_49075	ERR011348_MEGAHIT_MetaBinner.10
k79_18554	ERR011348_MEGAHIT_MetaBinner.10
k79_49276	ERR011348_MEGAHIT_MetaBinner.10
k79_40962	ERR011348_MEGAHIT_MetaBinner.10
k79_64105	ERR011348_MEGAHIT_MetaBinner.10
k79_94770	ERR011348_MEGAHIT_MetaBinner.10
k79_89319	ERR011348_MEGAHIT_MetaBinner.10
k79_57005	ERR011348_MEGAHIT_MetaBinner.10
k79_43904	ERR011348_MEGAHIT_MetaBinner.10
k79_12670	ERR011348_MEGAHIT_MetaBinner.10
k79_21686	ERR011348_MEGAHIT_MetaBinner.10
k79_3927	ERR011348_MEGAHIT_MetaBinner.10
k79_87416	ERR011348_MEGAHIT_MetaBinner.10
k79_56660	ERR011348_MEGAHIT_MetaBinner.10
k79_90272	ERR011348_MEGAHIT_MetaBinner.10
k79_8951	ERR011348_MEGAHIT_MetaBinner.10
k79_52805	ERR011348_MEGAHIT_MetaBinner.10
k79_46326	ERR011348_MEGAHIT_MetaBinner.10
k79_53452	ERR011348_MEGAHIT_MetaBinner.10
k79_37786	ERR011348_MEGAHIT_MetaBinner.10
k79_55357	ERR011348_MEGAHIT_MetaBinner.10
k79_31609	ERR011348_MEGAHIT_MetaBinner.10
k79_27942	ERR011348_MEGAHIT_MetaBinner.10
k79_36274	ERR011348_MEGAHIT_MetaBinner.10
k79_77915	ERR011348_MEGAHIT_MetaBinner.10
k79_14327	ERR011348_MEGAHIT_MetaBinner.10
k79_61574	ERR011348_MEGAHIT_MetaBinner.10
k79_46820	ERR011348_MEGAHIT_MetaBinner.10
k79_80066	ERR011348_MEGAHIT_MetaBinner.10
k79_86789	ERR011348_MEGAHIT_MetaBinner.10
k79_8520	ERR011348_MEGAHIT_MetaBinner.10
k79_61152	ERR011348_MEGAHIT_MetaBinner.10
k79_47108	ERR011348_MEGAHIT_MetaBinner.10
k79_46815	ERR011348_MEGAHIT_MetaBinner.10
k79_88113	ERR011348_MEGAHIT_MetaBinner.10
k79_57349	ERR011348_MEGAHIT_MetaBinner.10
k79_2126	ERR011348_MEGAHIT_MetaBinner.10
k79_85625	ERR011348_MEGAHIT_MetaBinner.10
k79_1081	ERR011348_MEGAHIT_MetaBinner.10
k79_61977	ERR011348_MEGAHIT_MetaBinner.10
k79_7748	ERR011348_MEGAHIT_MetaBinner.10
k79_26253	ERR011348_MEGAHIT_MetaBinner.10
k79_79219	ERR011348_MEGAHIT_MetaBinner.10
k79_68917	ERR011348_MEGAHIT_MetaBinner.10
k79_42027	ERR011348_MEGAHIT_MetaBinner.10
k79_86529	ERR011348_MEGAHIT_MetaBinner.10
k79_61855	ERR011348_MEGAHIT_MetaBinner.10
k79_53067	ERR011348_MEGAHIT_MetaBinner.10
k79_78125	ERR011348_MEGAHIT_MetaBinner.10
k79_3273	ERR011348_MEGAHIT_MetaBinner.10
k79_53523	ERR011348_MEGAHIT_MetaBinner.10
k79_71364	ERR011348_MEGAHIT_MetaBinner.10
k79_95058	ERR011348_MEGAHIT_MetaBinner.10
k79_9184	ERR011348_MEGAHIT_MetaBinner.10
k79_60292	ERR011348_MEGAHIT_MetaBinner.10
k79_11751	ERR011348_MEGAHIT_MetaBinner.10
k79_88901	ERR011348_MEGAHIT_MetaBinner.10
k79_40979	ERR011348_MEGAHIT_MetaBinner.10
k79_58657	ERR011348_MEGAHIT_MetaBinner.10
k79_53976	ERR011348_MEGAHIT_MetaBinner.10
k79_5026	ERR011348_MEGAHIT_MetaBinner.10
k79_48168	ERR011348_MEGAHIT_MetaBinner.10
k79_64655	ERR011348_MEGAHIT_MetaBinner.10
k79_15910	ERR011348_MEGAHIT_MetaBinner.10
k79_56201	ERR011348_MEGAHIT_MetaBinner.10
k79_75385	ERR011348_MEGAHIT_MetaBinner.10
k79_98	ERR011348_MEGAHIT_MetaBinner.10
k79_35464	ERR011348_MEGAHIT_MetaBinner.10
k79_27853	ERR011348_MEGAHIT_MetaBinner.10
k79_52727	ERR011348_MEGAHIT_MetaBinner.10
k79_45683	ERR011348_MEGAHIT_MetaBinner.10
k79_80671	ERR011348_MEGAHIT_MetaBinner.10
k79_36804	ERR011348_MEGAHIT_MetaBinner.10
k79_66036	ERR011348_MEGAHIT_MetaBinner.10
k79_1982	ERR011348_MEGAHIT_MetaBinner.10
k79_39851	ERR011348_MEGAHIT_MetaBinner.10
k79_58892	ERR011348_MEGAHIT_MetaBinner.10
k79_56899	ERR011348_MEGAHIT_MetaBinner.10
k79_29828	ERR011348_MEGAHIT_MetaBinner.10
k79_86586	ERR011348_MEGAHIT_MetaBinner.10
k79_88283	ERR011348_MEGAHIT_MetaBinner.10
k79_23831	ERR011348_MEGAHIT_MetaBinner.10
k79_31669	ERR011348_MEGAHIT_MetaBinner.10
k79_64810	ERR011348_MEGAHIT_MetaBinner.10
k79_40122	ERR011348_MEGAHIT_MetaBinner.10
k79_63338	ERR011348_MEGAHIT_MetaBinner.10
k79_43336	ERR011348_MEGAHIT_MetaBinner.10
k79_1683	ERR011348_MEGAHIT_MetaBinner.10
k79_96226	ERR011348_MEGAHIT_MetaBinner.10
k79_32157	ERR011348_MEGAHIT_MetaBinner.10
k79_69067	ERR011348_MEGAHIT_MetaBinner.10
k79_70184	ERR011348_MEGAHIT_MetaBinner.10
k79_24556	ERR011348_MEGAHIT_MetaBinner.10
k79_68648	ERR011348_MEGAHIT_MetaBinner.10
k79_24136	ERR011348_MEGAHIT_MetaBinner.10
k79_36970	ERR011348_MEGAHIT_MetaBinner.10
k79_31621	ERR011348_MEGAHIT_MetaBinner.10
k79_84012	ERR011348_MEGAHIT_MetaBinner.10
k79_663	ERR011348_MEGAHIT_MetaBinner.10
k79_94986	ERR011348_MEGAHIT_MetaBinner.10
k79_42210	ERR011348_MEGAHIT_MetaBinner.10
k79_58054	ERR011348_MEGAHIT_MetaBinner.10
k79_36824	ERR011348_MEGAHIT_MetaBinner.10
k79_55071	ERR011348_MEGAHIT_MetaBinner.10
k79_9424	ERR011348_MEGAHIT_MetaBinner.10
k79_71830	ERR011348_MEGAHIT_MetaBinner.10
k79_87941	ERR011348_MEGAHIT_MetaBinner.10
k79_16741	ERR011348_MEGAHIT_MetaBinner.10
k79_37809	ERR011348_MEGAHIT_MetaBinner.10
k79_55001	ERR011348_MEGAHIT_MetaBinner.10
k79_96290	ERR011348_MEGAHIT_MetaBinner.10
k79_81638	ERR011348_MEGAHIT_MetaBinner.10
k79_22413	ERR011348_MEGAHIT_MetaBinner.10
k79_22392	ERR011348_MEGAHIT_MetaBinner.10
k79_46618	ERR011348_MEGAHIT_MetaBinner.10
k79_96258	ERR011348_MEGAHIT_MetaBinner.10
k79_82679	ERR011348_MEGAHIT_MetaBinner.10
k79_48848	ERR011348_MEGAHIT_MetaBinner.10
k79_52527	ERR011348_MEGAHIT_MetaBinner.10
k79_20157	ERR011348_MEGAHIT_MetaBinner.10
k79_70144	ERR011348_MEGAHIT_MetaBinner.10
k79_58660	ERR011348_MEGAHIT_MetaBinner.10
k79_60181	ERR011348_MEGAHIT_MetaBinner.10
k79_49953	ERR011348_MEGAHIT_MetaBinner.10
k79_86354	ERR011348_MEGAHIT_MetaBinner.10
k79_90071	ERR011348_MEGAHIT_MetaBinner.10
k79_66076	ERR011348_MEGAHIT_MetaBinner.10
k79_44585	ERR011348_MEGAHIT_MetaBinner.10
k79_90137	ERR011348_MEGAHIT_MetaBinner.10
k79_64520	ERR011348_MEGAHIT_MetaBinner.10
k79_78831	ERR011348_MEGAHIT_MetaBinner.10
k79_84801	ERR011348_MEGAHIT_MetaBinner.10
k79_982	ERR011348_MEGAHIT_MetaBinner.10
k79_90255	ERR011348_MEGAHIT_MetaBinner.10
k79_36210	ERR011348_MEGAHIT_MetaBinner.10
k79_6603	ERR011348_MEGAHIT_MetaBinner.10
k79_74321	ERR011348_MEGAHIT_MetaBinner.10
k79_51456	ERR011348_MEGAHIT_MetaBinner.10
k79_55088	ERR011348_MEGAHIT_MetaBinner.10
k79_17354	ERR011348_MEGAHIT_MetaBinner.10
k79_72701	ERR011348_MEGAHIT_MetaBinner.10
k79_61365	ERR011348_MEGAHIT_MetaBinner.11
k79_55395	ERR011348_MEGAHIT_MetaBinner.11
k79_57936	ERR011348_MEGAHIT_MetaBinner.11
k79_60311	ERR011348_MEGAHIT_MetaBinner.11
k79_64570	ERR011348_MEGAHIT_MetaBinner.11
k79_44602	ERR011348_MEGAHIT_MetaBinner.11
k79_18744	ERR011348_MEGAHIT_MetaBinner.11
k79_60376	ERR011348_MEGAHIT_MetaBinner.11
k79_62019	ERR011348_MEGAHIT_MetaBinner.11
k79_59197	ERR011348_MEGAHIT_MetaBinner.11
k79_81087	ERR011348_MEGAHIT_MetaBinner.11
k79_64143	ERR011348_MEGAHIT_MetaBinner.11
k79_56251	ERR011348_MEGAHIT_MetaBinner.11
k79_1997	ERR011348_MEGAHIT_MetaBinner.11
k79_43000	ERR011348_MEGAHIT_MetaBinner.11
k79_38407	ERR011348_MEGAHIT_MetaBinner.11
k79_14217	ERR011348_MEGAHIT_MetaBinner.11
k79_84431	ERR011348_MEGAHIT_MetaBinner.11
k79_49115	ERR011348_MEGAHIT_MetaBinner.11
k79_83598	ERR011348_MEGAHIT_MetaBinner.11
k79_32597	ERR011348_MEGAHIT_MetaBinner.11
k79_2571	ERR011348_MEGAHIT_MetaBinner.11
k79_14817	ERR011348_MEGAHIT_MetaBinner.11
k79_44925	ERR011348_MEGAHIT_MetaBinner.11
k79_7740	ERR011348_MEGAHIT_MetaBinner.11
k79_39248	ERR011348_MEGAHIT_MetaBinner.11
k79_95910	ERR011348_MEGAHIT_MetaBinner.11
k79_86387	ERR011348_MEGAHIT_MetaBinner.11
k79_95202	ERR011348_MEGAHIT_MetaBinner.11
k79_79010	ERR011348_MEGAHIT_MetaBinner.11
k79_10867	ERR011348_MEGAHIT_MetaBinner.11
k79_22475	ERR011348_MEGAHIT_MetaBinner.11
k79_51810	ERR011348_MEGAHIT_MetaBinner.11
k79_10815	ERR011348_MEGAHIT_MetaBinner.11
k79_21791	ERR011348_MEGAHIT_MetaBinner.11
k79_61830	ERR011348_MEGAHIT_MetaBinner.11
k79_1011	ERR011348_MEGAHIT_MetaBinner.11
k79_27682	ERR011348_MEGAHIT_MetaBinner.11
k79_51189	ERR011348_MEGAHIT_MetaBinner.11
k79_14265	ERR011348_MEGAHIT_MetaBinner.11
k79_92733	ERR011348_MEGAHIT_MetaBinner.11
k79_48001	ERR011348_MEGAHIT_MetaBinner.11
k79_51817	ERR011348_MEGAHIT_MetaBinner.11
k79_63093	ERR011348_MEGAHIT_MetaBinner.11
k79_38461	ERR011348_MEGAHIT_MetaBinner.11
k79_81129	ERR011348_MEGAHIT_MetaBinner.11
k79_80634	ERR011348_MEGAHIT_MetaBinner.11
k79_4452	ERR011348_MEGAHIT_MetaBinner.11
k79_32416	ERR011348_MEGAHIT_MetaBinner.11
k79_21687	ERR011348_MEGAHIT_MetaBinner.11
k79_56799	ERR011348_MEGAHIT_MetaBinner.11
k79_56262	ERR011348_MEGAHIT_MetaBinner.11
k79_12405	ERR011348_MEGAHIT_MetaBinner.11
k79_18427	ERR011348_MEGAHIT_MetaBinner.11
k79_31628	ERR011348_MEGAHIT_MetaBinner.11
k79_94199	ERR011348_MEGAHIT_MetaBinner.11
k79_68361	ERR011348_MEGAHIT_MetaBinner.11
k79_78533	ERR011348_MEGAHIT_MetaBinner.11
k79_54826	ERR011348_MEGAHIT_MetaBinner.11
k79_72866	ERR011348_MEGAHIT_MetaBinner.11
k79_3058	ERR011348_MEGAHIT_MetaBinner.11
k79_24677	ERR011348_MEGAHIT_MetaBinner.11
k79_77810	ERR011348_MEGAHIT_MetaBinner.11
k79_80070	ERR011348_MEGAHIT_MetaBinner.11
k79_63611	ERR011348_MEGAHIT_MetaBinner.11
k79_66900	ERR011348_MEGAHIT_MetaBinner.11
k79_55181	ERR011348_MEGAHIT_MetaBinner.11
k79_54854	ERR011348_MEGAHIT_MetaBinner.11
k79_34776	ERR011348_MEGAHIT_MetaBinner.11
k79_746	ERR011348_MEGAHIT_MetaBinner.11
k79_71266	ERR011348_MEGAHIT_MetaBinner.11
k79_93960	ERR011348_MEGAHIT_MetaBinner.11
k79_35026	ERR011348_MEGAHIT_MetaBinner.11
k79_10349	ERR011348_MEGAHIT_MetaBinner.11
k79_10996	ERR011348_MEGAHIT_MetaBinner.11
k79_43377	ERR011348_MEGAHIT_MetaBinner.11
k79_91831	ERR011348_MEGAHIT_MetaBinner.11
k79_31461	ERR011348_MEGAHIT_MetaBinner.11
k79_41459	ERR011348_MEGAHIT_MetaBinner.11
k79_93682	ERR011348_MEGAHIT_MetaBinner.11
k79_41443	ERR011348_MEGAHIT_MetaBinner.11
k79_37915	ERR011348_MEGAHIT_MetaBinner.11
k79_75121	ERR011348_MEGAHIT_MetaBinner.11
k79_46493	ERR011348_MEGAHIT_MetaBinner.11
k79_71974	ERR011348_MEGAHIT_MetaBinner.11
k79_23123	ERR011348_MEGAHIT_MetaBinner.11
k79_53957	ERR011348_MEGAHIT_MetaBinner.11
k79_92275	ERR011348_MEGAHIT_MetaBinner.11
k79_36070	ERR011348_MEGAHIT_MetaBinner.11
k79_83253	ERR011348_MEGAHIT_MetaBinner.11
k79_7975	ERR011348_MEGAHIT_MetaBinner.11
k79_77016	ERR011348_MEGAHIT_MetaBinner.11
k79_21667	ERR011348_MEGAHIT_MetaBinner.11
k79_19803	ERR011348_MEGAHIT_MetaBinner.11
k79_51958	ERR011348_MEGAHIT_MetaBinner.11
k79_18600	ERR011348_MEGAHIT_MetaBinner.11
k79_28942	ERR011348_MEGAHIT_MetaBinner.11
k79_63445	ERR011348_MEGAHIT_MetaBinner.11
k79_64300	ERR011348_MEGAHIT_MetaBinner.11
k79_43507	ERR011348_MEGAHIT_MetaBinner.11
k79_15131	ERR011348_MEGAHIT_MetaBinner.11
k79_2974	ERR011348_MEGAHIT_MetaBinner.11
k79_82453	ERR011348_MEGAHIT_MetaBinner.11
k79_641	ERR011348_MEGAHIT_MetaBinner.11
k79_85389	ERR011348_MEGAHIT_MetaBinner.11
k79_51882	ERR011348_MEGAHIT_MetaBinner.11
k79_91496	ERR011348_MEGAHIT_MetaBinner.11
k79_76611	ERR011348_MEGAHIT_MetaBinner.11
k79_26835	ERR011348_MEGAHIT_MetaBinner.11
k79_17527	ERR011348_MEGAHIT_MetaBinner.11
k79_42006	ERR011348_MEGAHIT_MetaBinner.11
k79_1432	ERR011348_MEGAHIT_MetaBinner.11
k79_31655	ERR011348_MEGAHIT_MetaBinner.11
k79_92861	ERR011348_MEGAHIT_MetaBinner.11
k79_8714	ERR011348_MEGAHIT_MetaBinner.11
k79_4809	ERR011348_MEGAHIT_MetaBinner.11
k79_85404	ERR011348_MEGAHIT_MetaBinner.11
k79_87619	ERR011348_MEGAHIT_MetaBinner.11
k79_20811	ERR011348_MEGAHIT_MetaBinner.11
k79_29272	ERR011348_MEGAHIT_MetaBinner.11
k79_55656	ERR011348_MEGAHIT_MetaBinner.11
k79_25916	ERR011348_MEGAHIT_MetaBinner.11
k79_50485	ERR011348_MEGAHIT_MetaBinner.11
k79_31220	ERR011348_MEGAHIT_MetaBinner.11
k79_45920	ERR011348_MEGAHIT_MetaBinner.11
k79_69428	ERR011348_MEGAHIT_MetaBinner.11
k79_50911	ERR011348_MEGAHIT_MetaBinner.11
k79_22224	ERR011348_MEGAHIT_MetaBinner.11
k79_95165	ERR011348_MEGAHIT_MetaBinner.11
k79_36186	ERR011348_MEGAHIT_MetaBinner.11
k79_95061	ERR011348_MEGAHIT_MetaBinner.11
k79_37954	ERR011348_MEGAHIT_MetaBinner.11
k79_63094	ERR011348_MEGAHIT_MetaBinner.11
k79_42051	ERR011348_MEGAHIT_MetaBinner.11
k79_93354	ERR011348_MEGAHIT_MetaBinner.11
k79_68156	ERR011348_MEGAHIT_MetaBinner.11
k79_34529	ERR011348_MEGAHIT_MetaBinner.11
k79_53843	ERR011348_MEGAHIT_MetaBinner.11
k79_47799	ERR011348_MEGAHIT_MetaBinner.11
k79_13484	ERR011348_MEGAHIT_MetaBinner.11
k79_70518	ERR011348_MEGAHIT_MetaBinner.11
k79_33	ERR011348_MEGAHIT_MetaBinner.11
k79_39033	ERR011348_MEGAHIT_MetaBinner.11
k79_16304	ERR011348_MEGAHIT_MetaBinner.11
k79_8218	ERR011348_MEGAHIT_MetaBinner.11
k79_17490	ERR011348_MEGAHIT_MetaBinner.11
k79_46459	ERR011348_MEGAHIT_MetaBinner.11
k79_12868	ERR011348_MEGAHIT_MetaBinner.11
k79_32017	ERR011348_MEGAHIT_MetaBinner.11
k79_69508	ERR011348_MEGAHIT_MetaBinner.11
k79_74828	ERR011348_MEGAHIT_MetaBinner.11
k79_26955	ERR011348_MEGAHIT_MetaBinner.11
k79_66971	ERR011348_MEGAHIT_MetaBinner.11
k79_92601	ERR011348_MEGAHIT_MetaBinner.11
k79_5569	ERR011348_MEGAHIT_MetaBinner.11
k79_90152	ERR011348_MEGAHIT_MetaBinner.11
k79_18701	ERR011348_MEGAHIT_MetaBinner.11
k79_35918	ERR011348_MEGAHIT_MetaBinner.11
k79_67420	ERR011348_MEGAHIT_MetaBinner.11
k79_58355	ERR011348_MEGAHIT_MetaBinner.11
k79_7648	ERR011348_MEGAHIT_MetaBinner.11
k79_91435	ERR011348_MEGAHIT_MetaBinner.11
k79_1279	ERR011348_MEGAHIT_MetaBinner.11
k79_15424	ERR011348_MEGAHIT_MetaBinner.11
k79_32437	ERR011348_MEGAHIT_MetaBinner.11
k79_30012	ERR011348_MEGAHIT_MetaBinner.11
k79_9721	ERR011348_MEGAHIT_MetaBinner.11
k79_45808	ERR011348_MEGAHIT_MetaBinner.11
k79_46463	ERR011348_MEGAHIT_MetaBinner.11
k79_33043	ERR011348_MEGAHIT_MetaBinner.11
k79_73632	ERR011348_MEGAHIT_MetaBinner.11
k79_4270	ERR011348_MEGAHIT_MetaBinner.11
k79_16208	ERR011348_MEGAHIT_MetaBinner.11
k79_25894	ERR011348_MEGAHIT_MetaBinner.11
k79_66323	ERR011348_MEGAHIT_MetaBinner.11
k79_11359	ERR011348_MEGAHIT_MetaBinner.11
k79_62718	ERR011348_MEGAHIT_MetaBinner.11
k79_77315	ERR011348_MEGAHIT_MetaBinner.11
k79_87419	ERR011348_MEGAHIT_MetaBinner.11
k79_43326	ERR011348_MEGAHIT_MetaBinner.11
k79_79643	ERR011348_MEGAHIT_MetaBinner.11
k79_90556	ERR011348_MEGAHIT_MetaBinner.11
k79_27702	ERR011348_MEGAHIT_MetaBinner.11
k79_54162	ERR011348_MEGAHIT_MetaBinner.11
k79_82613	ERR011348_MEGAHIT_MetaBinner.11
k79_15637	ERR011348_MEGAHIT_MetaBinner.11
k79_21900	ERR011348_MEGAHIT_MetaBinner.11
k79_4038	ERR011348_MEGAHIT_MetaBinner.11
k79_84146	ERR011348_MEGAHIT_MetaBinner.11
k79_79597	ERR011348_MEGAHIT_MetaBinner.11
k79_15891	ERR011348_MEGAHIT_MetaBinner.11
k79_11711	ERR011348_MEGAHIT_MetaBinner.11
k79_84337	ERR011348_MEGAHIT_MetaBinner.11
k79_81139	ERR011348_MEGAHIT_MetaBinner.11
k79_19154	ERR011348_MEGAHIT_MetaBinner.11
k79_78260	ERR011348_MEGAHIT_MetaBinner.11
k79_2067	ERR011348_MEGAHIT_MetaBinner.11
k79_83682	ERR011348_MEGAHIT_MetaBinner.11
k79_6658	ERR011348_MEGAHIT_MetaBinner.11
k79_2556	ERR011348_MEGAHIT_MetaBinner.11
k79_29503	ERR011348_MEGAHIT_MetaBinner.11
k79_13595	ERR011348_MEGAHIT_MetaBinner.11
k79_29302	ERR011348_MEGAHIT_MetaBinner.11
k79_14338	ERR011348_MEGAHIT_MetaBinner.11
k79_57010	ERR011348_MEGAHIT_MetaBinner.11
k79_42035	ERR011348_MEGAHIT_MetaBinner.11
k79_55622	ERR011348_MEGAHIT_MetaBinner.11
k79_39912	ERR011348_MEGAHIT_MetaBinner.11
k79_88383	ERR011348_MEGAHIT_MetaBinner.11
k79_89985	ERR011348_MEGAHIT_MetaBinner.11
k79_25168	ERR011348_MEGAHIT_MetaBinner.11
k79_94900	ERR011348_MEGAHIT_MetaBinner.11
k79_29153	ERR011348_MEGAHIT_MetaBinner.11
k79_41514	ERR011348_MEGAHIT_MetaBinner.11
k79_72482	ERR011348_MEGAHIT_MetaBinner.11
k79_78105	ERR011348_MEGAHIT_MetaBinner.11
k79_6456	ERR011348_MEGAHIT_MetaBinner.11
k79_41042	ERR011348_MEGAHIT_MetaBinner.11
k79_39555	ERR011348_MEGAHIT_MetaBinner.11
k79_84624	ERR011348_MEGAHIT_MetaBinner.11
k79_32150	ERR011348_MEGAHIT_MetaBinner.11
k79_95087	ERR011348_MEGAHIT_MetaBinner.11
k79_41435	ERR011348_MEGAHIT_MetaBinner.11
k79_19400	ERR011348_MEGAHIT_MetaBinner.11
k79_57944	ERR011348_MEGAHIT_MetaBinner.11
k79_58433	ERR011348_MEGAHIT_MetaBinner.11
k79_11946	ERR011348_MEGAHIT_MetaBinner.11
k79_44439	ERR011348_MEGAHIT_MetaBinner.11
k79_5955	ERR011348_MEGAHIT_MetaBinner.11
k79_58937	ERR011348_MEGAHIT_MetaBinner.11
k79_33173	ERR011348_MEGAHIT_MetaBinner.11
k79_71423	ERR011348_MEGAHIT_MetaBinner.11
k79_16932	ERR011348_MEGAHIT_MetaBinner.11
k79_11991	ERR011348_MEGAHIT_MetaBinner.11
k79_90964	ERR011348_MEGAHIT_MetaBinner.11
k79_87226	ERR011348_MEGAHIT_MetaBinner.11
k79_45263	ERR011348_MEGAHIT_MetaBinner.11
k79_92164	ERR011348_MEGAHIT_MetaBinner.11
k79_1237	ERR011348_MEGAHIT_MetaBinner.11
k79_43410	ERR011348_MEGAHIT_MetaBinner.11
k79_92961	ERR011348_MEGAHIT_MetaBinner.11
k79_88166	ERR011348_MEGAHIT_MetaBinner.11
k79_65609	ERR011348_MEGAHIT_MetaBinner.11
k79_6000	ERR011348_MEGAHIT_MetaBinner.11
k79_21253	ERR011348_MEGAHIT_MetaBinner.11
k79_48226	ERR011348_MEGAHIT_MetaBinner.11
k79_25051	ERR011348_MEGAHIT_MetaBinner.11
k79_94927	ERR011348_MEGAHIT_MetaBinner.11
k79_85446	ERR011348_MEGAHIT_MetaBinner.11
k79_44790	ERR011348_MEGAHIT_MetaBinner.11
k79_2590	ERR011348_MEGAHIT_MetaBinner.11
k79_50491	ERR011348_MEGAHIT_MetaBinner.11
k79_20976	ERR011348_MEGAHIT_MetaBinner.11
k79_41024	ERR011348_MEGAHIT_MetaBinner.11
k79_60014	ERR011348_MEGAHIT_MetaBinner.11
k79_81482	ERR011348_MEGAHIT_MetaBinner.11
k79_13280	ERR011348_MEGAHIT_MetaBinner.11
k79_37976	ERR011348_MEGAHIT_MetaBinner.11
k79_5216	ERR011348_MEGAHIT_MetaBinner.11
k79_77321	ERR011348_MEGAHIT_MetaBinner.11
k79_17445	ERR011348_MEGAHIT_MetaBinner.11
k79_88504	ERR011348_MEGAHIT_MetaBinner.11
k79_38354	ERR011348_MEGAHIT_MetaBinner.11
k79_43794	ERR011348_MEGAHIT_MetaBinner.11
k79_16662	ERR011348_MEGAHIT_MetaBinner.11
k79_7774	ERR011348_MEGAHIT_MetaBinner.11
k79_4881	ERR011348_MEGAHIT_MetaBinner.11
k79_88518	ERR011348_MEGAHIT_MetaBinner.11
k79_43736	ERR011348_MEGAHIT_MetaBinner.11
k79_22125	ERR011348_MEGAHIT_MetaBinner.11
k79_94168	ERR011348_MEGAHIT_MetaBinner.11
k79_5555	ERR011348_MEGAHIT_MetaBinner.11
k79_26945	ERR011348_MEGAHIT_MetaBinner.11
k79_3988	ERR011348_MEGAHIT_MetaBinner.11
k79_63621	ERR011348_MEGAHIT_MetaBinner.11
k79_42831	ERR011348_MEGAHIT_MetaBinner.11
k79_19753	ERR011348_MEGAHIT_MetaBinner.11
k79_67122	ERR011348_MEGAHIT_MetaBinner.11
k79_29690	ERR011348_MEGAHIT_MetaBinner.11
k79_58397	ERR011348_MEGAHIT_MetaBinner.11
k79_25843	ERR011348_MEGAHIT_MetaBinner.11
k79_50539	ERR011348_MEGAHIT_MetaBinner.11
k79_38069	ERR011348_MEGAHIT_MetaBinner.11
k79_6527	ERR011348_MEGAHIT_MetaBinner.11
k79_49436	ERR011348_MEGAHIT_MetaBinner.11
k79_18620	ERR011348_MEGAHIT_MetaBinner.11
k79_38261	ERR011348_MEGAHIT_MetaBinner.11
k79_92739	ERR011348_MEGAHIT_MetaBinner.11
k79_13775	ERR011348_MEGAHIT_MetaBinner.11
k79_39604	ERR011348_MEGAHIT_MetaBinner.11
k79_12823	ERR011348_MEGAHIT_MetaBinner.11
k79_66477	ERR011348_MEGAHIT_MetaBinner.11
k79_15388	ERR011348_MEGAHIT_MetaBinner.11
k79_46528	ERR011348_MEGAHIT_MetaBinner.11
k79_2078	ERR011348_MEGAHIT_MetaBinner.11
k79_23618	ERR011348_MEGAHIT_MetaBinner.11
k79_42707	ERR011348_MEGAHIT_MetaBinner.11
k79_15870	ERR011348_MEGAHIT_MetaBinner.11
k79_57445	ERR011348_MEGAHIT_MetaBinner.11
k79_17922	ERR011348_MEGAHIT_MetaBinner.11
k79_65016	ERR011348_MEGAHIT_MetaBinner.11
k79_94383	ERR011348_MEGAHIT_MetaBinner.11
k79_19821	ERR011348_MEGAHIT_MetaBinner.11
k79_86559	ERR011348_MEGAHIT_MetaBinner.11
k79_38523	ERR011348_MEGAHIT_MetaBinner.11
k79_20178	ERR011348_MEGAHIT_MetaBinner.11
k79_2141	ERR011348_MEGAHIT_MetaBinner.11
k79_70433	ERR011348_MEGAHIT_MetaBinner.11
k79_80284	ERR011348_MEGAHIT_MetaBinner.11
k79_50500	ERR011348_MEGAHIT_MetaBinner.11
k79_3375	ERR011348_MEGAHIT_MetaBinner.11
k79_79792	ERR011348_MEGAHIT_MetaBinner.11
k79_47198	ERR011348_MEGAHIT_MetaBinner.11
k79_89859	ERR011348_MEGAHIT_MetaBinner.11
k79_10918	ERR011348_MEGAHIT_MetaBinner.11
k79_30430	ERR011348_MEGAHIT_MetaBinner.11
k79_34199	ERR011348_MEGAHIT_MetaBinner.11
k79_92772	ERR011348_MEGAHIT_MetaBinner.11
k79_2687	ERR011348_MEGAHIT_MetaBinner.11
k79_5069	ERR011348_MEGAHIT_MetaBinner.11
k79_43881	ERR011348_MEGAHIT_MetaBinner.11
k79_72831	ERR011348_MEGAHIT_MetaBinner.11
k79_30145	ERR011348_MEGAHIT_MetaBinner.11
k79_29642	ERR011348_MEGAHIT_MetaBinner.11
k79_24998	ERR011348_MEGAHIT_MetaBinner.11
k79_8563	ERR011348_MEGAHIT_MetaBinner.11
k79_60425	ERR011348_MEGAHIT_MetaBinner.11
k79_86869	ERR011348_MEGAHIT_MetaBinner.11
k79_56069	ERR011348_MEGAHIT_MetaBinner.11
k79_7572	ERR011348_MEGAHIT_MetaBinner.11
k79_51586	ERR011348_MEGAHIT_MetaBinner.11
k79_70463	ERR011348_MEGAHIT_MetaBinner.11
k79_5357	ERR011348_MEGAHIT_MetaBinner.11
k79_44526	ERR011348_MEGAHIT_MetaBinner.11
k79_3686	ERR011348_MEGAHIT_MetaBinner.11
k79_29319	ERR011348_MEGAHIT_MetaBinner.11
k79_79873	ERR011348_MEGAHIT_MetaBinner.11
k79_1915	ERR011348_MEGAHIT_MetaBinner.11
k79_47121	ERR011348_MEGAHIT_MetaBinner.11
k79_70411	ERR011348_MEGAHIT_MetaBinner.11
k79_82640	ERR011348_MEGAHIT_MetaBinner.11
k79_3753	ERR011348_MEGAHIT_MetaBinner.11
k79_95233	ERR011348_MEGAHIT_MetaBinner.11
k79_77520	ERR011348_MEGAHIT_MetaBinner.11
k79_82505	ERR011348_MEGAHIT_MetaBinner.11
k79_51811	ERR011348_MEGAHIT_MetaBinner.11
k79_25670	ERR011348_MEGAHIT_MetaBinner.11
k79_48512	ERR011348_MEGAHIT_MetaBinner.11
k79_45890	ERR011348_MEGAHIT_MetaBinner.11
k79_22626	ERR011348_MEGAHIT_MetaBinner.11
k79_36329	ERR011348_MEGAHIT_MetaBinner.11
k79_16361	ERR011348_MEGAHIT_MetaBinner.11
k79_23525	ERR011348_MEGAHIT_MetaBinner.11
k79_80529	ERR011348_MEGAHIT_MetaBinner.11
k79_21545	ERR011348_MEGAHIT_MetaBinner.11
k79_10445	ERR011348_MEGAHIT_MetaBinner.11
k79_11881	ERR011348_MEGAHIT_MetaBinner.11
k79_73160	ERR011348_MEGAHIT_MetaBinner.11
k79_68860	ERR011348_MEGAHIT_MetaBinner.11
k79_56583	ERR011348_MEGAHIT_MetaBinner.11
k79_1331	ERR011348_MEGAHIT_MetaBinner.11
k79_22882	ERR011348_MEGAHIT_MetaBinner.11
k79_12089	ERR011348_MEGAHIT_MetaBinner.11
k79_82318	ERR011348_MEGAHIT_MetaBinner.11
k79_52994	ERR011348_MEGAHIT_MetaBinner.11
k79_8837	ERR011348_MEGAHIT_MetaBinner.11
k79_74488	ERR011348_MEGAHIT_MetaBinner.11
k79_8937	ERR011348_MEGAHIT_MetaBinner.11
k79_50826	ERR011348_MEGAHIT_MetaBinner.11
k79_11127	ERR011348_MEGAHIT_MetaBinner.11
k79_28829	ERR011348_MEGAHIT_MetaBinner.11
k79_32722	ERR011348_MEGAHIT_MetaBinner.11
k79_5304	ERR011348_MEGAHIT_MetaBinner.11
k79_21904	ERR011348_MEGAHIT_MetaBinner.11
k79_36509	ERR011348_MEGAHIT_MetaBinner.11
k79_62833	ERR011348_MEGAHIT_MetaBinner.11
k79_58242	ERR011348_MEGAHIT_MetaBinner.11
k79_10772	ERR011348_MEGAHIT_MetaBinner.11
k79_57839	ERR011348_MEGAHIT_MetaBinner.11
k79_47283	ERR011348_MEGAHIT_MetaBinner.11
k79_27232	ERR011348_MEGAHIT_MetaBinner.11
k79_79494	ERR011348_MEGAHIT_MetaBinner.11
k79_49026	ERR011348_MEGAHIT_MetaBinner.11
k79_69169	ERR011348_MEGAHIT_MetaBinner.11
k79_48736	ERR011348_MEGAHIT_MetaBinner.11
k79_63304	ERR011348_MEGAHIT_MetaBinner.11
k79_79529	ERR011348_MEGAHIT_MetaBinner.11
k79_44668	ERR011348_MEGAHIT_MetaBinner.11
k79_31992	ERR011348_MEGAHIT_MetaBinner.11
k79_33761	ERR011348_MEGAHIT_MetaBinner.11
k79_37784	ERR011348_MEGAHIT_MetaBinner.11
k79_70401	ERR011348_MEGAHIT_MetaBinner.11
k79_10696	ERR011348_MEGAHIT_MetaBinner.11
k79_11978	ERR011348_MEGAHIT_MetaBinner.11
k79_256	ERR011348_MEGAHIT_MetaBinner.11
k79_93177	ERR011348_MEGAHIT_MetaBinner.11
k79_46494	ERR011348_MEGAHIT_MetaBinner.11
k79_38071	ERR011348_MEGAHIT_MetaBinner.11
k79_15946	ERR011348_MEGAHIT_MetaBinner.11
k79_45325	ERR011348_MEGAHIT_MetaBinner.11
k79_51871	ERR011348_MEGAHIT_MetaBinner.11
k79_65261	ERR011348_MEGAHIT_MetaBinner.11
k79_83356	ERR011348_MEGAHIT_MetaBinner.11
k79_2885	ERR011348_MEGAHIT_MetaBinner.11
k79_96336	ERR011348_MEGAHIT_MetaBinner.11
k79_406	ERR011348_MEGAHIT_MetaBinner.11
k79_39777	ERR011348_MEGAHIT_MetaBinner.11
k79_18990	ERR011348_MEGAHIT_MetaBinner.11
k79_47185	ERR011348_MEGAHIT_MetaBinner.11
k79_413	ERR011348_MEGAHIT_MetaBinner.11
k79_41450	ERR011348_MEGAHIT_MetaBinner.11
k79_47294	ERR011348_MEGAHIT_MetaBinner.11
k79_29179	ERR011348_MEGAHIT_MetaBinner.11
k79_13607	ERR011348_MEGAHIT_MetaBinner.11
k79_93293	ERR011348_MEGAHIT_MetaBinner.11
k79_46467	ERR011348_MEGAHIT_MetaBinner.11
k79_19457	ERR011348_MEGAHIT_MetaBinner.11
k79_73198	ERR011348_MEGAHIT_MetaBinner.11
k79_49005	ERR011348_MEGAHIT_MetaBinner.11
k79_85513	ERR011348_MEGAHIT_MetaBinner.11
k79_47686	ERR011348_MEGAHIT_MetaBinner.11
k79_60937	ERR011348_MEGAHIT_MetaBinner.11
k79_9326	ERR011348_MEGAHIT_MetaBinner.11
k79_6858	ERR011348_MEGAHIT_MetaBinner.11
k79_52114	ERR011348_MEGAHIT_MetaBinner.11
k79_80401	ERR011348_MEGAHIT_MetaBinner.11
k79_53203	ERR011348_MEGAHIT_MetaBinner.11
k79_91596	ERR011348_MEGAHIT_MetaBinner.11
k79_64368	ERR011348_MEGAHIT_MetaBinner.11
k79_19049	ERR011348_MEGAHIT_MetaBinner.11
k79_31048	ERR011348_MEGAHIT_MetaBinner.11
k79_95006	ERR011348_MEGAHIT_MetaBinner.11
k79_40328	ERR011348_MEGAHIT_MetaBinner.11
k79_34140	ERR011348_MEGAHIT_MetaBinner.11
k79_94804	ERR011348_MEGAHIT_MetaBinner.11
k79_42220	ERR011348_MEGAHIT_MetaBinner.11
k79_44293	ERR011348_MEGAHIT_MetaBinner.11
k79_72853	ERR011348_MEGAHIT_MetaBinner.11
k79_22555	ERR011348_MEGAHIT_MetaBinner.11
k79_38993	ERR011348_MEGAHIT_MetaBinner.11
k79_4156	ERR011348_MEGAHIT_MetaBinner.11
k79_57431	ERR011348_MEGAHIT_MetaBinner.11
k79_40563	ERR011348_MEGAHIT_MetaBinner.11
k79_20285	ERR011348_MEGAHIT_MetaBinner.11
k79_5816	ERR011348_MEGAHIT_MetaBinner.11
k79_34063	ERR011348_MEGAHIT_MetaBinner.11
k79_12953	ERR011348_MEGAHIT_MetaBinner.11
k79_74725	ERR011348_MEGAHIT_MetaBinner.11
k79_35868	ERR011348_MEGAHIT_MetaBinner.11
k79_65184	ERR011348_MEGAHIT_MetaBinner.11
k79_11874	ERR011348_MEGAHIT_MetaBinner.11
k79_95629	ERR011348_MEGAHIT_MetaBinner.11
k79_32529	ERR011348_MEGAHIT_MetaBinner.11
k79_2395	ERR011348_MEGAHIT_MetaBinner.11
k79_70434	ERR011348_MEGAHIT_MetaBinner.11
k79_72987	ERR011348_MEGAHIT_MetaBinner.11
k79_29439	ERR011348_MEGAHIT_MetaBinner.11
k79_42205	ERR011348_MEGAHIT_MetaBinner.11
k79_33617	ERR011348_MEGAHIT_MetaBinner.11
k79_22622	ERR011348_MEGAHIT_MetaBinner.11
k79_88972	ERR011348_MEGAHIT_MetaBinner.11
k79_87722	ERR011348_MEGAHIT_MetaBinner.11
k79_85939	ERR011348_MEGAHIT_MetaBinner.11
k79_76686	ERR011348_MEGAHIT_MetaBinner.11
k79_51739	ERR011348_MEGAHIT_MetaBinner.11
k79_29625	ERR011348_MEGAHIT_MetaBinner.11
k79_67997	ERR011348_MEGAHIT_MetaBinner.11
k79_36431	ERR011348_MEGAHIT_MetaBinner.11
k79_63493	ERR011348_MEGAHIT_MetaBinner.11
k79_89251	ERR011348_MEGAHIT_MetaBinner.11
k79_7941	ERR011348_MEGAHIT_MetaBinner.11
k79_39216	ERR011348_MEGAHIT_MetaBinner.11
k79_15912	ERR011348_MEGAHIT_MetaBinner.11
k79_64879	ERR011348_MEGAHIT_MetaBinner.11
k79_56177	ERR011348_MEGAHIT_MetaBinner.11
k79_52108	ERR011348_MEGAHIT_MetaBinner.11
k79_12426	ERR011348_MEGAHIT_MetaBinner.11
k79_84193	ERR011348_MEGAHIT_MetaBinner.11
k79_46710	ERR011348_MEGAHIT_MetaBinner.11
k79_22985	ERR011348_MEGAHIT_MetaBinner.11
k79_75026	ERR011348_MEGAHIT_MetaBinner.11
k79_91501	ERR011348_MEGAHIT_MetaBinner.11
k79_83800	ERR011348_MEGAHIT_MetaBinner.11
k79_18593	ERR011348_MEGAHIT_MetaBinner.11
k79_48868	ERR011348_MEGAHIT_MetaBinner.11
k79_83263	ERR011348_MEGAHIT_MetaBinner.11
k79_70182	ERR011348_MEGAHIT_MetaBinner.11
k79_28341	ERR011348_MEGAHIT_MetaBinner.11
k79_13594	ERR011348_MEGAHIT_MetaBinner.11
k79_38917	ERR011348_MEGAHIT_MetaBinner.11
k79_81309	ERR011348_MEGAHIT_MetaBinner.11
k79_69339	ERR011348_MEGAHIT_MetaBinner.11
k79_83297	ERR011348_MEGAHIT_MetaBinner.11
k79_55197	ERR011348_MEGAHIT_MetaBinner.11
k79_71548	ERR011348_MEGAHIT_MetaBinner.11
k79_85516	ERR011348_MEGAHIT_MetaBinner.11
k79_60060	ERR011348_MEGAHIT_MetaBinner.11
k79_94826	ERR011348_MEGAHIT_MetaBinner.11
k79_8493	ERR011348_MEGAHIT_MetaBinner.11
k79_51804	ERR011348_MEGAHIT_MetaBinner.11
k79_56917	ERR011348_MEGAHIT_MetaBinner.11
k79_86012	ERR011348_MEGAHIT_MetaBinner.11
k79_15736	ERR011348_MEGAHIT_MetaBinner.11
k79_65380	ERR011348_MEGAHIT_MetaBinner.11
k79_41565	ERR011348_MEGAHIT_MetaBinner.11
k79_83852	ERR011348_MEGAHIT_MetaBinner.11
k79_20138	ERR011348_MEGAHIT_MetaBinner.11
k79_29209	ERR011348_MEGAHIT_MetaBinner.11
k79_37040	ERR011348_MEGAHIT_MetaBinner.11
k79_7871	ERR011348_MEGAHIT_MetaBinner.11
k79_49249	ERR011348_MEGAHIT_MetaBinner.11
k79_25541	ERR011348_MEGAHIT_MetaBinner.11
k79_72049	ERR011348_MEGAHIT_MetaBinner.11
k79_34304	ERR011348_MEGAHIT_MetaBinner.11
k79_67164	ERR011348_MEGAHIT_MetaBinner.11
k79_94745	ERR011348_MEGAHIT_MetaBinner.11
k79_17653	ERR011348_MEGAHIT_MetaBinner.11
k79_47368	ERR011348_MEGAHIT_MetaBinner.11
k79_2374	ERR011348_MEGAHIT_MetaBinner.11
k79_62460	ERR011348_MEGAHIT_MetaBinner.11
k79_65432	ERR011348_MEGAHIT_MetaBinner.11
k79_52635	ERR011348_MEGAHIT_MetaBinner.11
k79_90864	ERR011348_MEGAHIT_MetaBinner.11
k79_69475	ERR011348_MEGAHIT_MetaBinner.11
k79_46794	ERR011348_MEGAHIT_MetaBinner.11
k79_14917	ERR011348_MEGAHIT_MetaBinner.11
k79_41492	ERR011348_MEGAHIT_MetaBinner.11
k79_41897	ERR011348_MEGAHIT_MetaBinner.11
k79_33870	ERR011348_MEGAHIT_MetaBinner.11
k79_20273	ERR011348_MEGAHIT_MetaBinner.11
k79_16958	ERR011348_MEGAHIT_MetaBinner.11
k79_41963	ERR011348_MEGAHIT_MetaBinner.11
k79_83438	ERR011348_MEGAHIT_MetaBinner.11
k79_85590	ERR011348_MEGAHIT_MetaBinner.11
k79_82772	ERR011348_MEGAHIT_MetaBinner.11
k79_31576	ERR011348_MEGAHIT_MetaBinner.11
k79_21372	ERR011348_MEGAHIT_MetaBinner.11
k79_90580	ERR011348_MEGAHIT_MetaBinner.11
k79_628	ERR011348_MEGAHIT_MetaBinner.11
k79_17407	ERR011348_MEGAHIT_MetaBinner.11
k79_35708	ERR011348_MEGAHIT_MetaBinner.11
k79_73495	ERR011348_MEGAHIT_MetaBinner.11
k79_64675	ERR011348_MEGAHIT_MetaBinner.11
k79_41460	ERR011348_MEGAHIT_MetaBinner.11
k79_17090	ERR011348_MEGAHIT_MetaBinner.11
k79_95697	ERR011348_MEGAHIT_MetaBinner.11
k79_33366	ERR011348_MEGAHIT_MetaBinner.11
k79_42748	ERR011348_MEGAHIT_MetaBinner.11
k79_67432	ERR011348_MEGAHIT_MetaBinner.11
k79_14328	ERR011348_MEGAHIT_MetaBinner.11
k79_71988	ERR011348_MEGAHIT_MetaBinner.11
k79_63019	ERR011348_MEGAHIT_MetaBinner.11
k79_91515	ERR011348_MEGAHIT_MetaBinner.11
k79_87709	ERR011348_MEGAHIT_MetaBinner.11
k79_65496	ERR011348_MEGAHIT_MetaBinner.11
k79_31827	ERR011348_MEGAHIT_MetaBinner.11
k79_54977	ERR011348_MEGAHIT_MetaBinner.11
k79_12771	ERR011348_MEGAHIT_MetaBinner.11
k79_28887	ERR011348_MEGAHIT_MetaBinner.11
k79_67427	ERR011348_MEGAHIT_MetaBinner.11
k79_66689	ERR011348_MEGAHIT_MetaBinner.11
k79_26299	ERR011348_MEGAHIT_MetaBinner.11
k79_19873	ERR011348_MEGAHIT_MetaBinner.11
k79_43447	ERR011348_MEGAHIT_MetaBinner.11
k79_34808	ERR011348_MEGAHIT_MetaBinner.11
k79_23130	ERR011348_MEGAHIT_MetaBinner.11
k79_74484	ERR011348_MEGAHIT_MetaBinner.11
k79_54255	ERR011348_MEGAHIT_MetaBinner.11
k79_52741	ERR011348_MEGAHIT_MetaBinner.11
k79_85191	ERR011348_MEGAHIT_MetaBinner.11
k79_15220	ERR011348_MEGAHIT_MetaBinner.11
k79_14434	ERR011348_MEGAHIT_MetaBinner.11
k79_123	ERR011348_MEGAHIT_MetaBinner.11
k79_61493	ERR011348_MEGAHIT_MetaBinner.11
k79_95291	ERR011348_MEGAHIT_MetaBinner.11
k79_76994	ERR011348_MEGAHIT_MetaBinner.11
k79_22312	ERR011348_MEGAHIT_MetaBinner.11
k79_2942	ERR011348_MEGAHIT_MetaBinner.11
k79_32774	ERR011348_MEGAHIT_MetaBinner.11
k79_15844	ERR011348_MEGAHIT_MetaBinner.11
k79_11591	ERR011348_MEGAHIT_MetaBinner.11
k79_69752	ERR011348_MEGAHIT_MetaBinner.11
k79_12008	ERR011348_MEGAHIT_MetaBinner.11
k79_85526	ERR011348_MEGAHIT_MetaBinner.11
k79_67590	ERR011348_MEGAHIT_MetaBinner.11
k79_85412	ERR011348_MEGAHIT_MetaBinner.11
k79_76410	ERR011348_MEGAHIT_MetaBinner.11
k79_61610	ERR011348_MEGAHIT_MetaBinner.11
k79_5356	ERR011348_MEGAHIT_MetaBinner.11
k79_96036	ERR011348_MEGAHIT_MetaBinner.11
k79_10855	ERR011348_MEGAHIT_MetaBinner.11
k79_83640	ERR011348_MEGAHIT_MetaBinner.11
k79_62793	ERR011348_MEGAHIT_MetaBinner.11
k79_30472	ERR011348_MEGAHIT_MetaBinner.11
k79_23631	ERR011348_MEGAHIT_MetaBinner.11
k79_94494	ERR011348_MEGAHIT_MetaBinner.11
k79_91549	ERR011348_MEGAHIT_MetaBinner.11
k79_81302	ERR011348_MEGAHIT_MetaBinner.11
k79_63605	ERR011348_MEGAHIT_MetaBinner.11
k79_63397	ERR011348_MEGAHIT_MetaBinner.11
k79_56470	ERR011348_MEGAHIT_MetaBinner.11
k79_48482	ERR011348_MEGAHIT_MetaBinner.11
k79_1582	ERR011348_MEGAHIT_MetaBinner.11
k79_91319	ERR011348_MEGAHIT_MetaBinner.11
k79_35222	ERR011348_MEGAHIT_MetaBinner.11
k79_85328	ERR011348_MEGAHIT_MetaBinner.11
k79_63432	ERR011348_MEGAHIT_MetaBinner.11
k79_61052	ERR011348_MEGAHIT_MetaBinner.11
k79_84644	ERR011348_MEGAHIT_MetaBinner.11
k79_56471	ERR011348_MEGAHIT_MetaBinner.11
k79_74627	ERR011348_MEGAHIT_MetaBinner.11
k79_49079	ERR011348_MEGAHIT_MetaBinner.11
k79_1166	ERR011348_MEGAHIT_MetaBinner.11
k79_17025	ERR011348_MEGAHIT_MetaBinner.11
k79_60238	ERR011348_MEGAHIT_MetaBinner.11
k79_4293	ERR011348_MEGAHIT_MetaBinner.11
k79_85787	ERR011348_MEGAHIT_MetaBinner.11
k79_84659	ERR011348_MEGAHIT_MetaBinner.11
k79_62686	ERR011348_MEGAHIT_MetaBinner.11
k79_63148	ERR011348_MEGAHIT_MetaBinner.11
k79_80977	ERR011348_MEGAHIT_MetaBinner.11
k79_39636	ERR011348_MEGAHIT_MetaBinner.11
k79_13897	ERR011348_MEGAHIT_MetaBinner.11
k79_45594	ERR011348_MEGAHIT_MetaBinner.11
k79_74369	ERR011348_MEGAHIT_MetaBinner.11
k79_85976	ERR011348_MEGAHIT_MetaBinner.11
k79_10304	ERR011348_MEGAHIT_MetaBinner.11
k79_33632	ERR011348_MEGAHIT_MetaBinner.11
k79_36438	ERR011348_MEGAHIT_MetaBinner.11
k79_83825	ERR011348_MEGAHIT_MetaBinner.11
k79_16918	ERR011348_MEGAHIT_MetaBinner.11
k79_80778	ERR011348_MEGAHIT_MetaBinner.11
k79_6096	ERR011348_MEGAHIT_MetaBinner.11
k79_81811	ERR011348_MEGAHIT_MetaBinner.11
k79_92394	ERR011348_MEGAHIT_MetaBinner.11
k79_46625	ERR011348_MEGAHIT_MetaBinner.11
k79_88393	ERR011348_MEGAHIT_MetaBinner.11
k79_58808	ERR011348_MEGAHIT_MetaBinner.11
k79_51391	ERR011348_MEGAHIT_MetaBinner.11
k79_88332	ERR011348_MEGAHIT_MetaBinner.11
k79_5858	ERR011348_MEGAHIT_MetaBinner.11
k79_60001	ERR011348_MEGAHIT_MetaBinner.11
k79_64651	ERR011348_MEGAHIT_MetaBinner.11
k79_12209	ERR011348_MEGAHIT_MetaBinner.11
k79_57688	ERR011348_MEGAHIT_MetaBinner.11
k79_22332	ERR011348_MEGAHIT_MetaBinner.11
k79_51130	ERR011348_MEGAHIT_MetaBinner.11
k79_5215	ERR011348_MEGAHIT_MetaBinner.11
k79_9470	ERR011348_MEGAHIT_MetaBinner.11
k79_54175	ERR011348_MEGAHIT_MetaBinner.11
k79_6236	ERR011348_MEGAHIT_MetaBinner.11
k79_46691	ERR011348_MEGAHIT_MetaBinner.11
k79_2365	ERR011348_MEGAHIT_MetaBinner.11
k79_76526	ERR011348_MEGAHIT_MetaBinner.11
k79_34766	ERR011348_MEGAHIT_MetaBinner.11
k79_84092	ERR011348_MEGAHIT_MetaBinner.11
k79_70685	ERR011348_MEGAHIT_MetaBinner.11
k79_59928	ERR011348_MEGAHIT_MetaBinner.11
k79_1831	ERR011348_MEGAHIT_MetaBinner.11
k79_48514	ERR011348_MEGAHIT_MetaBinner.11
k79_18685	ERR011348_MEGAHIT_MetaBinner.11
k79_34605	ERR011348_MEGAHIT_MetaBinner.11
k79_44048	ERR011348_MEGAHIT_MetaBinner.11
k79_29929	ERR011348_MEGAHIT_MetaBinner.11
k79_28349	ERR011348_MEGAHIT_MetaBinner.11
k79_84270	ERR011348_MEGAHIT_MetaBinner.11
k79_79663	ERR011348_MEGAHIT_MetaBinner.11
k79_77222	ERR011348_MEGAHIT_MetaBinner.11
k79_64625	ERR011348_MEGAHIT_MetaBinner.11
k79_63530	ERR011348_MEGAHIT_MetaBinner.11
k79_93664	ERR011348_MEGAHIT_MetaBinner.11
k79_27698	ERR011348_MEGAHIT_MetaBinner.11
k79_56820	ERR011348_MEGAHIT_MetaBinner.11
k79_72362	ERR011348_MEGAHIT_MetaBinner.11
k79_86091	ERR011348_MEGAHIT_MetaBinner.11
k79_43104	ERR011348_MEGAHIT_MetaBinner.11
k79_76153	ERR011348_MEGAHIT_MetaBinner.11
k79_27029	ERR011348_MEGAHIT_MetaBinner.11
k79_15228	ERR011348_MEGAHIT_MetaBinner.11
k79_90594	ERR011348_MEGAHIT_MetaBinner.11
k79_51734	ERR011348_MEGAHIT_MetaBinner.11
k79_79329	ERR011348_MEGAHIT_MetaBinner.11
k79_77209	ERR011348_MEGAHIT_MetaBinner.11
k79_12862	ERR011348_MEGAHIT_MetaBinner.11
k79_78910	ERR011348_MEGAHIT_MetaBinner.11
k79_93179	ERR011348_MEGAHIT_MetaBinner.11
k79_57757	ERR011348_MEGAHIT_MetaBinner.11
k79_45107	ERR011348_MEGAHIT_MetaBinner.11
k79_78837	ERR011348_MEGAHIT_MetaBinner.11
k79_71141	ERR011348_MEGAHIT_MetaBinner.11
k79_53962	ERR011348_MEGAHIT_MetaBinner.11
k79_76538	ERR011348_MEGAHIT_MetaBinner.11
k79_29997	ERR011348_MEGAHIT_MetaBinner.11
k79_5461	ERR011348_MEGAHIT_MetaBinner.11
k79_4288	ERR011348_MEGAHIT_MetaBinner.11
k79_78977	ERR011348_MEGAHIT_MetaBinner.11
k79_90465	ERR011348_MEGAHIT_MetaBinner.11
k79_86164	ERR011348_MEGAHIT_MetaBinner.11
k79_52714	ERR011348_MEGAHIT_MetaBinner.11
k79_66925	ERR011348_MEGAHIT_MetaBinner.11
k79_18972	ERR011348_MEGAHIT_MetaBinner.11
k79_73193	ERR011348_MEGAHIT_MetaBinner.11
k79_26113	ERR011348_MEGAHIT_MetaBinner.11
k79_19539	ERR011348_MEGAHIT_MetaBinner.11
k79_88381	ERR011348_MEGAHIT_MetaBinner.11
k79_83843	ERR011348_MEGAHIT_MetaBinner.11
k79_78681	ERR011348_MEGAHIT_MetaBinner.11
k79_69834	ERR011348_MEGAHIT_MetaBinner.11
k79_47559	ERR011348_MEGAHIT_MetaBinner.11
k79_79620	ERR011348_MEGAHIT_MetaBinner.11
k79_585	ERR011348_MEGAHIT_MetaBinner.11
k79_21486	ERR011348_MEGAHIT_MetaBinner.11
k79_42144	ERR011348_MEGAHIT_MetaBinner.11
k79_46805	ERR011348_MEGAHIT_MetaBinner.11
k79_31713	ERR011348_MEGAHIT_MetaBinner.11
k79_65620	ERR011348_MEGAHIT_MetaBinner.11
k79_67601	ERR011348_MEGAHIT_MetaBinner.11
k79_26853	ERR011348_MEGAHIT_MetaBinner.11
k79_89144	ERR011348_MEGAHIT_MetaBinner.11
k79_39689	ERR011348_MEGAHIT_MetaBinner.11
k79_3722	ERR011348_MEGAHIT_MetaBinner.11
k79_2898	ERR011348_MEGAHIT_MetaBinner.11
k79_19254	ERR011348_MEGAHIT_MetaBinner.11
k79_51730	ERR011348_MEGAHIT_MetaBinner.11
k79_75376	ERR011348_MEGAHIT_MetaBinner.11
k79_4957	ERR011348_MEGAHIT_MetaBinner.11
k79_68046	ERR011348_MEGAHIT_MetaBinner.11
k79_86833	ERR011348_MEGAHIT_MetaBinner.11
k79_65946	ERR011348_MEGAHIT_MetaBinner.11
k79_43174	ERR011348_MEGAHIT_MetaBinner.11
k79_88171	ERR011348_MEGAHIT_MetaBinner.11
k79_29155	ERR011348_MEGAHIT_MetaBinner.11
k79_50881	ERR011348_MEGAHIT_MetaBinner.11
k79_522	ERR011348_MEGAHIT_MetaBinner.11
k79_32666	ERR011348_MEGAHIT_MetaBinner.11
k79_62531	ERR011348_MEGAHIT_MetaBinner.11
k79_32618	ERR011348_MEGAHIT_MetaBinner.11
k79_73164	ERR011348_MEGAHIT_MetaBinner.11
k79_43046	ERR011348_MEGAHIT_MetaBinner.11
k79_80830	ERR011348_MEGAHIT_MetaBinner.11
k79_63161	ERR011348_MEGAHIT_MetaBinner.11
k79_55334	ERR011348_MEGAHIT_MetaBinner.11
k79_29464	ERR011348_MEGAHIT_MetaBinner.11
k79_28049	ERR011348_MEGAHIT_MetaBinner.11
k79_33837	ERR011348_MEGAHIT_MetaBinner.11
k79_37276	ERR011348_MEGAHIT_MetaBinner.11
k79_64401	ERR011348_MEGAHIT_MetaBinner.11
k79_83303	ERR011348_MEGAHIT_MetaBinner.11
k79_47486	ERR011348_MEGAHIT_MetaBinner.11
k79_64166	ERR011348_MEGAHIT_MetaBinner.11
k79_59931	ERR011348_MEGAHIT_MetaBinner.11
k79_75114	ERR011348_MEGAHIT_MetaBinner.11
k79_46247	ERR011348_MEGAHIT_MetaBinner.11
k79_64667	ERR011348_MEGAHIT_MetaBinner.11
k79_43196	ERR011348_MEGAHIT_MetaBinner.11
k79_70126	ERR011348_MEGAHIT_MetaBinner.11
k79_37664	ERR011348_MEGAHIT_MetaBinner.11
k79_57809	ERR011348_MEGAHIT_MetaBinner.11
k79_4199	ERR011348_MEGAHIT_MetaBinner.11
k79_36770	ERR011348_MEGAHIT_MetaBinner.11
k79_89801	ERR011348_MEGAHIT_MetaBinner.11
k79_9081	ERR011348_MEGAHIT_MetaBinner.11
k79_68814	ERR011348_MEGAHIT_MetaBinner.11
k79_12076	ERR011348_MEGAHIT_MetaBinner.11
k79_78852	ERR011348_MEGAHIT_MetaBinner.11
k79_67977	ERR011348_MEGAHIT_MetaBinner.11
k79_47604	ERR011348_MEGAHIT_MetaBinner.11
k79_51959	ERR011348_MEGAHIT_MetaBinner.11
k79_39924	ERR011348_MEGAHIT_MetaBinner.11
k79_72833	ERR011348_MEGAHIT_MetaBinner.11
k79_19363	ERR011348_MEGAHIT_MetaBinner.11
k79_88585	ERR011348_MEGAHIT_MetaBinner.11
k79_54944	ERR011348_MEGAHIT_MetaBinner.11
k79_55849	ERR011348_MEGAHIT_MetaBinner.11
k79_71351	ERR011348_MEGAHIT_MetaBinner.11
k79_81352	ERR011348_MEGAHIT_MetaBinner.11
k79_79376	ERR011348_MEGAHIT_MetaBinner.11
k79_24376	ERR011348_MEGAHIT_MetaBinner.11
k79_31924	ERR011348_MEGAHIT_MetaBinner.11
k79_24006	ERR011348_MEGAHIT_MetaBinner.11
k79_48455	ERR011348_MEGAHIT_MetaBinner.11
k79_20568	ERR011348_MEGAHIT_MetaBinner.11
k79_45005	ERR011348_MEGAHIT_MetaBinner.11
k79_96137	ERR011348_MEGAHIT_MetaBinner.11
k79_12851	ERR011348_MEGAHIT_MetaBinner.11
k79_82224	ERR011348_MEGAHIT_MetaBinner.11
k79_10709	ERR011348_MEGAHIT_MetaBinner.11
k79_76709	ERR011348_MEGAHIT_MetaBinner.11
k79_59204	ERR011348_MEGAHIT_MetaBinner.11
k79_34214	ERR011348_MEGAHIT_MetaBinner.11
k79_30692	ERR011348_MEGAHIT_MetaBinner.11
k79_54620	ERR011348_MEGAHIT_MetaBinner.11
k79_95117	ERR011348_MEGAHIT_MetaBinner.11
k79_66216	ERR011348_MEGAHIT_MetaBinner.11
k79_18819	ERR011348_MEGAHIT_MetaBinner.11
k79_50621	ERR011348_MEGAHIT_MetaBinner.11
k79_84793	ERR011348_MEGAHIT_MetaBinner.11
k79_10727	ERR011348_MEGAHIT_MetaBinner.11
k79_79911	ERR011348_MEGAHIT_MetaBinner.11
k79_55375	ERR011348_MEGAHIT_MetaBinner.11
k79_50640	ERR011348_MEGAHIT_MetaBinner.11
k79_17519	ERR011348_MEGAHIT_MetaBinner.11
k79_11264	ERR011348_MEGAHIT_MetaBinner.11
k79_45685	ERR011348_MEGAHIT_MetaBinner.11
k79_17380	ERR011348_MEGAHIT_MetaBinner.11
k79_56422	ERR011348_MEGAHIT_MetaBinner.11
k79_64569	ERR011348_MEGAHIT_MetaBinner.11
k79_95077	ERR011348_MEGAHIT_MetaBinner.11
k79_78909	ERR011348_MEGAHIT_MetaBinner.11
k79_62993	ERR011348_MEGAHIT_MetaBinner.11
k79_75508	ERR011348_MEGAHIT_MetaBinner.11
k79_5403	ERR011348_MEGAHIT_MetaBinner.11
k79_5677	ERR011348_MEGAHIT_MetaBinner.11
k79_19565	ERR011348_MEGAHIT_MetaBinner.11
k79_69753	ERR011348_MEGAHIT_MetaBinner.11
k79_71943	ERR011348_MEGAHIT_MetaBinner.11
k79_6351	ERR011348_MEGAHIT_MetaBinner.11
k79_23534	ERR011348_MEGAHIT_MetaBinner.11
k79_65654	ERR011348_MEGAHIT_MetaBinner.11
k79_757	ERR011348_MEGAHIT_MetaBinner.11
k79_29424	ERR011348_MEGAHIT_MetaBinner.11
k79_62067	ERR011348_MEGAHIT_MetaBinner.11
k79_26545	ERR011348_MEGAHIT_MetaBinner.11
k79_50392	ERR011348_MEGAHIT_MetaBinner.11
k79_68422	ERR011348_MEGAHIT_MetaBinner.11
k79_6818	ERR011348_MEGAHIT_MetaBinner.11
k79_5405	ERR011348_MEGAHIT_MetaBinner.11
k79_76580	ERR011348_MEGAHIT_MetaBinner.11
k79_90128	ERR011348_MEGAHIT_MetaBinner.11
k79_41208	ERR011348_MEGAHIT_MetaBinner.11
k79_48429	ERR011348_MEGAHIT_MetaBinner.11
k79_33950	ERR011348_MEGAHIT_MetaBinner.11
k79_49477	ERR011348_MEGAHIT_MetaBinner.11
k79_5316	ERR011348_MEGAHIT_MetaBinner.11
k79_89961	ERR011348_MEGAHIT_MetaBinner.11
k79_41296	ERR011348_MEGAHIT_MetaBinner.11
k79_72926	ERR011348_MEGAHIT_MetaBinner.11
k79_27656	ERR011348_MEGAHIT_MetaBinner.11
k79_19622	ERR011348_MEGAHIT_MetaBinner.11
k79_78218	ERR011348_MEGAHIT_MetaBinner.11
k79_16817	ERR011348_MEGAHIT_MetaBinner.11
k79_59109	ERR011348_MEGAHIT_MetaBinner.11
k79_18806	ERR011348_MEGAHIT_MetaBinner.11
k79_22521	ERR011348_MEGAHIT_MetaBinner.11
k79_17713	ERR011348_MEGAHIT_MetaBinner.11
k79_68407	ERR011348_MEGAHIT_MetaBinner.11
k79_40425	ERR011348_MEGAHIT_MetaBinner.11
k79_84992	ERR011348_MEGAHIT_MetaBinner.11
k79_42835	ERR011348_MEGAHIT_MetaBinner.11
k79_79041	ERR011348_MEGAHIT_MetaBinner.11
k79_18191	ERR011348_MEGAHIT_MetaBinner.11
k79_67539	ERR011348_MEGAHIT_MetaBinner.11
k79_8397	ERR011348_MEGAHIT_MetaBinner.11
k79_34133	ERR011348_MEGAHIT_MetaBinner.11
k79_14381	ERR011348_MEGAHIT_MetaBinner.11
k79_20855	ERR011348_MEGAHIT_MetaBinner.11
k79_56758	ERR011348_MEGAHIT_MetaBinner.11
k79_74738	ERR011348_MEGAHIT_MetaBinner.11
k79_29809	ERR011348_MEGAHIT_MetaBinner.11
k79_27829	ERR011348_MEGAHIT_MetaBinner.11
k79_36327	ERR011348_MEGAHIT_MetaBinner.11
k79_48088	ERR011348_MEGAHIT_MetaBinner.11
k79_76459	ERR011348_MEGAHIT_MetaBinner.11
k79_50709	ERR011348_MEGAHIT_MetaBinner.11
k79_68725	ERR011348_MEGAHIT_MetaBinner.1
k79_65970	ERR011348_MEGAHIT_MetaBinner.1
k79_24474	ERR011348_MEGAHIT_MetaBinner.1
k79_52914	ERR011348_MEGAHIT_MetaBinner.1
k79_87964	ERR011348_MEGAHIT_MetaBinner.1
k79_15889	ERR011348_MEGAHIT_MetaBinner.1
k79_9110	ERR011348_MEGAHIT_MetaBinner.1
k79_18690	ERR011348_MEGAHIT_MetaBinner.1
k79_87300	ERR011348_MEGAHIT_MetaBinner.1
k79_87952	ERR011348_MEGAHIT_MetaBinner.1
k79_34941	ERR011348_MEGAHIT_MetaBinner.1
k79_53192	ERR011348_MEGAHIT_MetaBinner.1
k79_43393	ERR011348_MEGAHIT_MetaBinner.1
k79_81856	ERR011348_MEGAHIT_MetaBinner.1
k79_76501	ERR011348_MEGAHIT_MetaBinner.1
k79_2773	ERR011348_MEGAHIT_MetaBinner.1
k79_36584	ERR011348_MEGAHIT_MetaBinner.1
k79_18584	ERR011348_MEGAHIT_MetaBinner.1
k79_87735	ERR011348_MEGAHIT_MetaBinner.1
k79_30417	ERR011348_MEGAHIT_MetaBinner.1
k79_68576	ERR011348_MEGAHIT_MetaBinner.1
k79_35997	ERR011348_MEGAHIT_MetaBinner.1
k79_81048	ERR011348_MEGAHIT_MetaBinner.1
k79_27765	ERR011348_MEGAHIT_MetaBinner.1
k79_53810	ERR011348_MEGAHIT_MetaBinner.1
k79_8719	ERR011348_MEGAHIT_MetaBinner.1
k79_49905	ERR011348_MEGAHIT_MetaBinner.1
k79_15283	ERR011348_MEGAHIT_MetaBinner.1
k79_86142	ERR011348_MEGAHIT_MetaBinner.1
k79_4182	ERR011348_MEGAHIT_MetaBinner.1
k79_4263	ERR011348_MEGAHIT_MetaBinner.1
k79_93976	ERR011348_MEGAHIT_MetaBinner.1
k79_79452	ERR011348_MEGAHIT_MetaBinner.1
k79_52025	ERR011348_MEGAHIT_MetaBinner.1
k79_24304	ERR011348_MEGAHIT_MetaBinner.1
k79_24501	ERR011348_MEGAHIT_MetaBinner.1
k79_15497	ERR011348_MEGAHIT_MetaBinner.1
k79_89599	ERR011348_MEGAHIT_MetaBinner.1
k79_16372	ERR011348_MEGAHIT_MetaBinner.1
k79_13813	ERR011348_MEGAHIT_MetaBinner.1
k79_76202	ERR011348_MEGAHIT_MetaBinner.1
k79_79976	ERR011348_MEGAHIT_MetaBinner.1
k79_87630	ERR011348_MEGAHIT_MetaBinner.1
k79_57671	ERR011348_MEGAHIT_MetaBinner.1
k79_26060	ERR011348_MEGAHIT_MetaBinner.1
k79_16030	ERR011348_MEGAHIT_MetaBinner.1
k79_37173	ERR011348_MEGAHIT_MetaBinner.1
k79_80341	ERR011348_MEGAHIT_MetaBinner.1
k79_115	ERR011348_MEGAHIT_MetaBinner.1
k79_41773	ERR011348_MEGAHIT_MetaBinner.1
k79_23896	ERR011348_MEGAHIT_MetaBinner.1
k79_11659	ERR011348_MEGAHIT_MetaBinner.1
k79_1195	ERR011348_MEGAHIT_MetaBinner.1
k79_62128	ERR011348_MEGAHIT_MetaBinner.1
k79_24329	ERR011348_MEGAHIT_MetaBinner.1
k79_61966	ERR011348_MEGAHIT_MetaBinner.1
k79_73378	ERR011348_MEGAHIT_MetaBinner.1
k79_7199	ERR011348_MEGAHIT_MetaBinner.1
k79_94517	ERR011348_MEGAHIT_MetaBinner.1
k79_50674	ERR011348_MEGAHIT_MetaBinner.1
k79_90090	ERR011348_MEGAHIT_MetaBinner.1
k79_20458	ERR011348_MEGAHIT_MetaBinner.1
k79_74706	ERR011348_MEGAHIT_MetaBinner.1
k79_73792	ERR011348_MEGAHIT_MetaBinner.1
k79_31333	ERR011348_MEGAHIT_MetaBinner.1
k79_4181	ERR011348_MEGAHIT_MetaBinner.1
k79_46757	ERR011348_MEGAHIT_MetaBinner.1
k79_92334	ERR011348_MEGAHIT_MetaBinner.1
k79_77793	ERR011348_MEGAHIT_MetaBinner.1
k79_11899	ERR011348_MEGAHIT_MetaBinner.1
k79_65576	ERR011348_MEGAHIT_MetaBinner.1
k79_18718	ERR011348_MEGAHIT_MetaBinner.1
k79_92736	ERR011348_MEGAHIT_MetaBinner.1
k79_8404	ERR011348_MEGAHIT_MetaBinner.1
k79_84953	ERR011348_MEGAHIT_MetaBinner.1
k79_54722	ERR011348_MEGAHIT_MetaBinner.1
k79_1420	ERR011348_MEGAHIT_MetaBinner.1
k79_41282	ERR011348_MEGAHIT_MetaBinner.1
k79_9857	ERR011348_MEGAHIT_MetaBinner.1
k79_14446	ERR011348_MEGAHIT_MetaBinner.1
k79_16674	ERR011348_MEGAHIT_MetaBinner.1
k79_71314	ERR011348_MEGAHIT_MetaBinner.1
k79_12561	ERR011348_MEGAHIT_MetaBinner.1
k79_26204	ERR011348_MEGAHIT_MetaBinner.1
k79_56634	ERR011348_MEGAHIT_MetaBinner.1
k79_73604	ERR011348_MEGAHIT_MetaBinner.1
k79_60000	ERR011348_MEGAHIT_MetaBinner.1
k79_3825	ERR011348_MEGAHIT_MetaBinner.1
k79_5702	ERR011348_MEGAHIT_MetaBinner.1
k79_93240	ERR011348_MEGAHIT_MetaBinner.1
k79_78151	ERR011348_MEGAHIT_MetaBinner.1
k79_62867	ERR011348_MEGAHIT_MetaBinner.1
k79_25646	ERR011348_MEGAHIT_MetaBinner.1
k79_57074	ERR011348_MEGAHIT_MetaBinner.1
k79_17405	ERR011348_MEGAHIT_MetaBinner.1
k79_48034	ERR011348_MEGAHIT_MetaBinner.1
k79_55776	ERR011348_MEGAHIT_MetaBinner.1
k79_62961	ERR011348_MEGAHIT_MetaBinner.1
k79_73195	ERR011348_MEGAHIT_MetaBinner.1
k79_7787	ERR011348_MEGAHIT_MetaBinner.1
k79_30205	ERR011348_MEGAHIT_MetaBinner.1
k79_95111	ERR011348_MEGAHIT_MetaBinner.1
k79_86061	ERR011348_MEGAHIT_MetaBinner.1
k79_83	ERR011348_MEGAHIT_MetaBinner.1
k79_21226	ERR011348_MEGAHIT_MetaBinner.1
k79_88369	ERR011348_MEGAHIT_MetaBinner.1
k79_15084	ERR011348_MEGAHIT_MetaBinner.1
k79_71184	ERR011348_MEGAHIT_MetaBinner.1
k79_49251	ERR011348_MEGAHIT_MetaBinner.1
k79_8432	ERR011348_MEGAHIT_MetaBinner.1
k79_9644	ERR011348_MEGAHIT_MetaBinner.1
k79_94973	ERR011348_MEGAHIT_MetaBinner.1
k79_71069	ERR011348_MEGAHIT_MetaBinner.1
k79_4075	ERR011348_MEGAHIT_MetaBinner.1
k79_22509	ERR011348_MEGAHIT_MetaBinner.1
k79_23507	ERR011348_MEGAHIT_MetaBinner.1
k79_37742	ERR011348_MEGAHIT_MetaBinner.1
k79_72597	ERR011348_MEGAHIT_MetaBinner.1
k79_15554	ERR011348_MEGAHIT_MetaBinner.1
k79_28953	ERR011348_MEGAHIT_MetaBinner.1
k79_51666	ERR011348_MEGAHIT_MetaBinner.1
k79_53851	ERR011348_MEGAHIT_MetaBinner.1
k79_46988	ERR011348_MEGAHIT_MetaBinner.1
k79_57153	ERR011348_MEGAHIT_MetaBinner.1
k79_91604	ERR011348_MEGAHIT_MetaBinner.1
k79_81476	ERR011348_MEGAHIT_MetaBinner.1
k79_78087	ERR011348_MEGAHIT_MetaBinner.1
k79_12813	ERR011348_MEGAHIT_MetaBinner.1
k79_8581	ERR011348_MEGAHIT_MetaBinner.2
k79_86835	ERR011348_MEGAHIT_MetaBinner.2
k79_8415	ERR011348_MEGAHIT_MetaBinner.2
k79_32843	ERR011348_MEGAHIT_MetaBinner.2
k79_79787	ERR011348_MEGAHIT_MetaBinner.2
k79_74834	ERR011348_MEGAHIT_MetaBinner.2
k79_13571	ERR011348_MEGAHIT_MetaBinner.2
k79_70609	ERR011348_MEGAHIT_MetaBinner.2
k79_68425	ERR011348_MEGAHIT_MetaBinner.2
k79_23412	ERR011348_MEGAHIT_MetaBinner.2
k79_45882	ERR011348_MEGAHIT_MetaBinner.2
k79_39796	ERR011348_MEGAHIT_MetaBinner.2
k79_49065	ERR011348_MEGAHIT_MetaBinner.2
k79_42275	ERR011348_MEGAHIT_MetaBinner.2
k79_74678	ERR011348_MEGAHIT_MetaBinner.2
k79_249	ERR011348_MEGAHIT_MetaBinner.2
k79_84763	ERR011348_MEGAHIT_MetaBinner.2
k79_2186	ERR011348_MEGAHIT_MetaBinner.2
k79_37151	ERR011348_MEGAHIT_MetaBinner.2
k79_86196	ERR011348_MEGAHIT_MetaBinner.2
k79_77208	ERR011348_MEGAHIT_MetaBinner.2
k79_82863	ERR011348_MEGAHIT_MetaBinner.2
k79_6143	ERR011348_MEGAHIT_MetaBinner.2
k79_90335	ERR011348_MEGAHIT_MetaBinner.2
k79_42465	ERR011348_MEGAHIT_MetaBinner.2
k79_8899	ERR011348_MEGAHIT_MetaBinner.2
k79_4771	ERR011348_MEGAHIT_MetaBinner.2
k79_68112	ERR011348_MEGAHIT_MetaBinner.2
k79_95876	ERR011348_MEGAHIT_MetaBinner.2
k79_91110	ERR011348_MEGAHIT_MetaBinner.2
k79_10826	ERR011348_MEGAHIT_MetaBinner.2
k79_2852	ERR011348_MEGAHIT_MetaBinner.2
k79_82313	ERR011348_MEGAHIT_MetaBinner.2
k79_56142	ERR011348_MEGAHIT_MetaBinner.2
k79_1248	ERR011348_MEGAHIT_MetaBinner.2
k79_12204	ERR011348_MEGAHIT_MetaBinner.2
k79_52109	ERR011348_MEGAHIT_MetaBinner.2
k79_40317	ERR011348_MEGAHIT_MetaBinner.2
k79_79910	ERR011348_MEGAHIT_MetaBinner.2
k79_50605	ERR011348_MEGAHIT_MetaBinner.2
k79_23071	ERR011348_MEGAHIT_MetaBinner.2
k79_16109	ERR011348_MEGAHIT_MetaBinner.2
k79_56050	ERR011348_MEGAHIT_MetaBinner.2
k79_54	ERR011348_MEGAHIT_MetaBinner.2
k79_71009	ERR011348_MEGAHIT_MetaBinner.2
k79_53423	ERR011348_MEGAHIT_MetaBinner.2
k79_22716	ERR011348_MEGAHIT_MetaBinner.2
k79_31616	ERR011348_MEGAHIT_MetaBinner.2
k79_87415	ERR011348_MEGAHIT_MetaBinner.2
k79_57272	ERR011348_MEGAHIT_MetaBinner.2
k79_15343	ERR011348_MEGAHIT_MetaBinner.2
k79_7470	ERR011348_MEGAHIT_MetaBinner.2
k79_73670	ERR011348_MEGAHIT_MetaBinner.2
k79_62668	ERR011348_MEGAHIT_MetaBinner.2
k79_68379	ERR011348_MEGAHIT_MetaBinner.2
k79_7201	ERR011348_MEGAHIT_MetaBinner.2
k79_30773	ERR011348_MEGAHIT_MetaBinner.2
k79_63972	ERR011348_MEGAHIT_MetaBinner.2
k79_81540	ERR011348_MEGAHIT_MetaBinner.2
k79_22655	ERR011348_MEGAHIT_MetaBinner.2
k79_77108	ERR011348_MEGAHIT_MetaBinner.2
k79_55214	ERR011348_MEGAHIT_MetaBinner.2
k79_93662	ERR011348_MEGAHIT_MetaBinner.2
k79_93687	ERR011348_MEGAHIT_MetaBinner.2
k79_16097	ERR011348_MEGAHIT_MetaBinner.2
k79_420	ERR011348_MEGAHIT_MetaBinner.2
k79_21969	ERR011348_MEGAHIT_MetaBinner.2
k79_58137	ERR011348_MEGAHIT_MetaBinner.2
k79_48596	ERR011348_MEGAHIT_MetaBinner.2
k79_70252	ERR011348_MEGAHIT_MetaBinner.2
k79_5637	ERR011348_MEGAHIT_MetaBinner.2
k79_63270	ERR011348_MEGAHIT_MetaBinner.2
k79_30991	ERR011348_MEGAHIT_MetaBinner.2
k79_9307	ERR011348_MEGAHIT_MetaBinner.2
k79_71634	ERR011348_MEGAHIT_MetaBinner.2
k79_81217	ERR011348_MEGAHIT_MetaBinner.2
k79_10618	ERR011348_MEGAHIT_MetaBinner.2
k79_73429	ERR011348_MEGAHIT_MetaBinner.2
k79_2204	ERR011348_MEGAHIT_MetaBinner.2
k79_76830	ERR011348_MEGAHIT_MetaBinner.2
k79_2095	ERR011348_MEGAHIT_MetaBinner.2
k79_23335	ERR011348_MEGAHIT_MetaBinner.2
k79_10054	ERR011348_MEGAHIT_MetaBinner.2
k79_70488	ERR011348_MEGAHIT_MetaBinner.2
k79_49535	ERR011348_MEGAHIT_MetaBinner.2
k79_41069	ERR011348_MEGAHIT_MetaBinner.2
k79_89603	ERR011348_MEGAHIT_MetaBinner.2
k79_80039	ERR011348_MEGAHIT_MetaBinner.2
k79_91123	ERR011348_MEGAHIT_MetaBinner.2
k79_2704	ERR011348_MEGAHIT_MetaBinner.2
k79_92873	ERR011348_MEGAHIT_MetaBinner.2
k79_6065	ERR011348_MEGAHIT_MetaBinner.2
k79_10108	ERR011348_MEGAHIT_MetaBinner.2
k79_20557	ERR011348_MEGAHIT_MetaBinner.2
k79_47929	ERR011348_MEGAHIT_MetaBinner.2
k79_82514	ERR011348_MEGAHIT_MetaBinner.2
k79_14149	ERR011348_MEGAHIT_MetaBinner.2
k79_53111	ERR011348_MEGAHIT_MetaBinner.2
k79_8440	ERR011348_MEGAHIT_MetaBinner.2
k79_79428	ERR011348_MEGAHIT_MetaBinner.2
k79_49771	ERR011348_MEGAHIT_MetaBinner.2
k79_15182	ERR011348_MEGAHIT_MetaBinner.2
k79_49475	ERR011348_MEGAHIT_MetaBinner.2
k79_41280	ERR011348_MEGAHIT_MetaBinner.2
k79_69863	ERR011348_MEGAHIT_MetaBinner.2
k79_65632	ERR011348_MEGAHIT_MetaBinner.2
k79_88980	ERR011348_MEGAHIT_MetaBinner.2
k79_85156	ERR011348_MEGAHIT_MetaBinner.2
k79_72778	ERR011348_MEGAHIT_MetaBinner.2
k79_42681	ERR011348_MEGAHIT_MetaBinner.2
k79_326	ERR011348_MEGAHIT_MetaBinner.2
k79_67743	ERR011348_MEGAHIT_MetaBinner.2
k79_78280	ERR011348_MEGAHIT_MetaBinner.2
k79_73723	ERR011348_MEGAHIT_MetaBinner.2
k79_34436	ERR011348_MEGAHIT_MetaBinner.2
k79_41138	ERR011348_MEGAHIT_MetaBinner.2
k79_9584	ERR011348_MEGAHIT_MetaBinner.2
k79_45039	ERR011348_MEGAHIT_MetaBinner.2
k79_67192	ERR011348_MEGAHIT_MetaBinner.2
k79_13443	ERR011348_MEGAHIT_MetaBinner.2
k79_56489	ERR011348_MEGAHIT_MetaBinner.2
k79_35021	ERR011348_MEGAHIT_MetaBinner.2
k79_17993	ERR011348_MEGAHIT_MetaBinner.2
k79_34002	ERR011348_MEGAHIT_MetaBinner.2
k79_41606	ERR011348_MEGAHIT_MetaBinner.2
k79_92846	ERR011348_MEGAHIT_MetaBinner.2
k79_77559	ERR011348_MEGAHIT_MetaBinner.2
k79_42409	ERR011348_MEGAHIT_MetaBinner.2
k79_39673	ERR011348_MEGAHIT_MetaBinner.2
k79_67009	ERR011348_MEGAHIT_MetaBinner.2
k79_1746	ERR011348_MEGAHIT_MetaBinner.2
k79_72901	ERR011348_MEGAHIT_MetaBinner.2
k79_2765	ERR011348_MEGAHIT_MetaBinner.2
k79_5527	ERR011348_MEGAHIT_MetaBinner.2
k79_43831	ERR011348_MEGAHIT_MetaBinner.2
k79_30940	ERR011348_MEGAHIT_MetaBinner.2
k79_91772	ERR011348_MEGAHIT_MetaBinner.2
k79_1305	ERR011348_MEGAHIT_MetaBinner.2
k79_18329	ERR011348_MEGAHIT_MetaBinner.2
k79_82296	ERR011348_MEGAHIT_MetaBinner.2
k79_24857	ERR011348_MEGAHIT_MetaBinner.2
k79_49655	ERR011348_MEGAHIT_MetaBinner.2
k79_77967	ERR011348_MEGAHIT_MetaBinner.2
k79_64980	ERR011348_MEGAHIT_MetaBinner.2
k79_4453	ERR011348_MEGAHIT_MetaBinner.2
k79_29873	ERR011348_MEGAHIT_MetaBinner.2
k79_34211	ERR011348_MEGAHIT_MetaBinner.2
k79_32940	ERR011348_MEGAHIT_MetaBinner.2
k79_79373	ERR011348_MEGAHIT_MetaBinner.2
k79_54595	ERR011348_MEGAHIT_MetaBinner.2
k79_7133	ERR011348_MEGAHIT_MetaBinner.2
k79_65108	ERR011348_MEGAHIT_MetaBinner.2
k79_5074	ERR011348_MEGAHIT_MetaBinner.2
k79_34014	ERR011348_MEGAHIT_MetaBinner.2
k79_50547	ERR011348_MEGAHIT_MetaBinner.2
k79_961	ERR011348_MEGAHIT_MetaBinner.2
k79_14144	ERR011348_MEGAHIT_MetaBinner.2
k79_95451	ERR011348_MEGAHIT_MetaBinner.2
k79_88159	ERR011348_MEGAHIT_MetaBinner.2
k79_35845	ERR011348_MEGAHIT_MetaBinner.2
k79_76302	ERR011348_MEGAHIT_MetaBinner.2
k79_12622	ERR011348_MEGAHIT_MetaBinner.2
k79_11702	ERR011348_MEGAHIT_MetaBinner.2
k79_50730	ERR011348_MEGAHIT_MetaBinner.2
k79_79161	ERR011348_MEGAHIT_MetaBinner.2
k79_78	ERR011348_MEGAHIT_MetaBinner.2
k79_80892	ERR011348_MEGAHIT_MetaBinner.2
k79_3764	ERR011348_MEGAHIT_MetaBinner.2
k79_45885	ERR011348_MEGAHIT_MetaBinner.2
k79_77952	ERR011348_MEGAHIT_MetaBinner.2
k79_72483	ERR011348_MEGAHIT_MetaBinner.2
k79_64264	ERR011348_MEGAHIT_MetaBinner.2
k79_35087	ERR011348_MEGAHIT_MetaBinner.2
k79_45212	ERR011348_MEGAHIT_MetaBinner.2
k79_8702	ERR011348_MEGAHIT_MetaBinner.2
k79_81408	ERR011348_MEGAHIT_MetaBinner.2
k79_653	ERR011348_MEGAHIT_MetaBinner.2
k79_13999	ERR011348_MEGAHIT_MetaBinner.2
k79_47920	ERR011348_MEGAHIT_MetaBinner.2
k79_2800	ERR011348_MEGAHIT_MetaBinner.2
k79_67867	ERR011348_MEGAHIT_MetaBinner.2
k79_56063	ERR011348_MEGAHIT_MetaBinner.2
k79_68022	ERR011348_MEGAHIT_MetaBinner.2
k79_8582	ERR011348_MEGAHIT_MetaBinner.2
k79_43681	ERR011348_MEGAHIT_MetaBinner.2
k79_31533	ERR011348_MEGAHIT_MetaBinner.2
k79_79011	ERR011348_MEGAHIT_MetaBinner.2
k79_94001	ERR011348_MEGAHIT_MetaBinner.2
k79_70753	ERR011348_MEGAHIT_MetaBinner.2
k79_64744	ERR011348_MEGAHIT_MetaBinner.2
k79_68308	ERR011348_MEGAHIT_MetaBinner.2
k79_5568	ERR011348_MEGAHIT_MetaBinner.2
k79_77541	ERR011348_MEGAHIT_MetaBinner.2
k79_27697	ERR011348_MEGAHIT_MetaBinner.2
k79_8027	ERR011348_MEGAHIT_MetaBinner.2
k79_12062	ERR011348_MEGAHIT_MetaBinner.2
k79_95727	ERR011348_MEGAHIT_MetaBinner.2
k79_89719	ERR011348_MEGAHIT_MetaBinner.2
k79_58006	ERR011348_MEGAHIT_MetaBinner.2
k79_24993	ERR011348_MEGAHIT_MetaBinner.2
k79_12659	ERR011348_MEGAHIT_MetaBinner.2
k79_89981	ERR011348_MEGAHIT_MetaBinner.2
k79_67244	ERR011348_MEGAHIT_MetaBinner.2
k79_51675	ERR011348_MEGAHIT_MetaBinner.2
k79_95833	ERR011348_MEGAHIT_MetaBinner.2
k79_52481	ERR011348_MEGAHIT_MetaBinner.2
k79_24396	ERR011348_MEGAHIT_MetaBinner.2
k79_33779	ERR011348_MEGAHIT_MetaBinner.2
k79_55619	ERR011348_MEGAHIT_MetaBinner.2
k79_85663	ERR011348_MEGAHIT_MetaBinner.2
k79_71374	ERR011348_MEGAHIT_MetaBinner.2
k79_91771	ERR011348_MEGAHIT_MetaBinner.2
k79_36208	ERR011348_MEGAHIT_MetaBinner.2
k79_39198	ERR011348_MEGAHIT_MetaBinner.2
k79_55721	ERR011348_MEGAHIT_MetaBinner.2
k79_85607	ERR011348_MEGAHIT_MetaBinner.2
k79_14904	ERR011348_MEGAHIT_MetaBinner.2
k79_30553	ERR011348_MEGAHIT_MetaBinner.2
k79_36176	ERR011348_MEGAHIT_MetaBinner.2
k79_28519	ERR011348_MEGAHIT_MetaBinner.2
k79_5992	ERR011348_MEGAHIT_MetaBinner.2
k79_76203	ERR011348_MEGAHIT_MetaBinner.2
k79_9966	ERR011348_MEGAHIT_MetaBinner.2
k79_51199	ERR011348_MEGAHIT_MetaBinner.2
k79_52060	ERR011348_MEGAHIT_MetaBinner.2
k79_81137	ERR011348_MEGAHIT_MetaBinner.2
k79_88055	ERR011348_MEGAHIT_MetaBinner.2
k79_81115	ERR011348_MEGAHIT_MetaBinner.2
k79_91589	ERR011348_MEGAHIT_MetaBinner.2
k79_21761	ERR011348_MEGAHIT_MetaBinner.2
k79_48632	ERR011348_MEGAHIT_MetaBinner.2
k79_12218	ERR011348_MEGAHIT_MetaBinner.2
k79_8100	ERR011348_MEGAHIT_MetaBinner.2
k79_81714	ERR011348_MEGAHIT_MetaBinner.2
k79_9030	ERR011348_MEGAHIT_MetaBinner.2
k79_66735	ERR011348_MEGAHIT_MetaBinner.2
k79_12635	ERR011348_MEGAHIT_MetaBinner.2
k79_3459	ERR011348_MEGAHIT_MetaBinner.2
k79_42079	ERR011348_MEGAHIT_MetaBinner.2
k79_1225	ERR011348_MEGAHIT_MetaBinner.2
k79_47684	ERR011348_MEGAHIT_MetaBinner.2
k79_49245	ERR011348_MEGAHIT_MetaBinner.2
k79_4723	ERR011348_MEGAHIT_MetaBinner.2
k79_12276	ERR011348_MEGAHIT_MetaBinner.2
k79_10141	ERR011348_MEGAHIT_MetaBinner.2
k79_40516	ERR011348_MEGAHIT_MetaBinner.2
k79_89433	ERR011348_MEGAHIT_MetaBinner.2
k79_31604	ERR011348_MEGAHIT_MetaBinner.2
k79_19555	ERR011348_MEGAHIT_MetaBinner.2
k79_77777	ERR011348_MEGAHIT_MetaBinner.2
k79_27632	ERR011348_MEGAHIT_MetaBinner.2
k79_70949	ERR011348_MEGAHIT_MetaBinner.2
k79_48656	ERR011348_MEGAHIT_MetaBinner.2
k79_32175	ERR011348_MEGAHIT_MetaBinner.2
k79_46231	ERR011348_MEGAHIT_MetaBinner.2
k79_48062	ERR011348_MEGAHIT_MetaBinner.2
k79_45943	ERR011348_MEGAHIT_MetaBinner.2
k79_48807	ERR011348_MEGAHIT_MetaBinner.2
k79_45126	ERR011348_MEGAHIT_MetaBinner.2
k79_3436	ERR011348_MEGAHIT_MetaBinner.2
k79_1538	ERR011348_MEGAHIT_MetaBinner.2
k79_32177	ERR011348_MEGAHIT_MetaBinner.2
k79_38479	ERR011348_MEGAHIT_MetaBinner.2
k79_15662	ERR011348_MEGAHIT_MetaBinner.2
k79_5433	ERR011348_MEGAHIT_MetaBinner.2
k79_53303	ERR011348_MEGAHIT_MetaBinner.2
k79_79490	ERR011348_MEGAHIT_MetaBinner.2
k79_58612	ERR011348_MEGAHIT_MetaBinner.2
k79_78590	ERR011348_MEGAHIT_MetaBinner.2
k79_47483	ERR011348_MEGAHIT_MetaBinner.2
k79_50729	ERR011348_MEGAHIT_MetaBinner.2
k79_36155	ERR011348_MEGAHIT_MetaBinner.2
k79_16375	ERR011348_MEGAHIT_MetaBinner.2
k79_74425	ERR011348_MEGAHIT_MetaBinner.2
k79_13840	ERR011348_MEGAHIT_MetaBinner.2
k79_62319	ERR011348_MEGAHIT_MetaBinner.2
k79_93389	ERR011348_MEGAHIT_MetaBinner.2
k79_29087	ERR011348_MEGAHIT_MetaBinner.2
k79_785	ERR011348_MEGAHIT_MetaBinner.2
k79_51778	ERR011348_MEGAHIT_MetaBinner.2
k79_61835	ERR011348_MEGAHIT_MetaBinner.2
k79_20657	ERR011348_MEGAHIT_MetaBinner.2
k79_37448	ERR011348_MEGAHIT_MetaBinner.2
k79_71805	ERR011348_MEGAHIT_MetaBinner.2
k79_90765	ERR011348_MEGAHIT_MetaBinner.2
k79_64352	ERR011348_MEGAHIT_MetaBinner.2
k79_20733	ERR011348_MEGAHIT_MetaBinner.2
k79_59475	ERR011348_MEGAHIT_MetaBinner.2
k79_29195	ERR011348_MEGAHIT_MetaBinner.2
k79_3424	ERR011348_MEGAHIT_MetaBinner.2
k79_15221	ERR011348_MEGAHIT_MetaBinner.2
k79_68250	ERR011348_MEGAHIT_MetaBinner.2
k79_7651	ERR011348_MEGAHIT_MetaBinner.2
k79_28765	ERR011348_MEGAHIT_MetaBinner.2
k79_26493	ERR011348_MEGAHIT_MetaBinner.2
k79_66322	ERR011348_MEGAHIT_MetaBinner.2
k79_82472	ERR011348_MEGAHIT_MetaBinner.2
k79_69142	ERR011348_MEGAHIT_MetaBinner.2
k79_4655	ERR011348_MEGAHIT_MetaBinner.2
k79_10979	ERR011348_MEGAHIT_MetaBinner.2
k79_39313	ERR011348_MEGAHIT_MetaBinner.2
k79_81963	ERR011348_MEGAHIT_MetaBinner.2
k79_21289	ERR011348_MEGAHIT_MetaBinner.2
k79_10557	ERR011348_MEGAHIT_MetaBinner.2
k79_46320	ERR011348_MEGAHIT_MetaBinner.2
k79_15441	ERR011348_MEGAHIT_MetaBinner.2
k79_48963	ERR011348_MEGAHIT_MetaBinner.2
k79_61132	ERR011348_MEGAHIT_MetaBinner.2
k79_8303	ERR011348_MEGAHIT_MetaBinner.2
k79_22877	ERR011348_MEGAHIT_MetaBinner.2
k79_28449	ERR011348_MEGAHIT_MetaBinner.2
k79_54520	ERR011348_MEGAHIT_MetaBinner.2
k79_13507	ERR011348_MEGAHIT_MetaBinner.2
k79_41098	ERR011348_MEGAHIT_MetaBinner.2
k79_75041	ERR011348_MEGAHIT_MetaBinner.2
k79_48608	ERR011348_MEGAHIT_MetaBinner.2
k79_65525	ERR011348_MEGAHIT_MetaBinner.2
k79_53206	ERR011348_MEGAHIT_MetaBinner.2
k79_30770	ERR011348_MEGAHIT_MetaBinner.2
k79_16205	ERR011348_MEGAHIT_MetaBinner.2
k79_94113	ERR011348_MEGAHIT_MetaBinner.2
k79_33481	ERR011348_MEGAHIT_MetaBinner.2
k79_44895	ERR011348_MEGAHIT_MetaBinner.2
k79_49891	ERR011348_MEGAHIT_MetaBinner.2
k79_14723	ERR011348_MEGAHIT_MetaBinner.2
k79_19160	ERR011348_MEGAHIT_MetaBinner.2
k79_75056	ERR011348_MEGAHIT_MetaBinner.2
k79_46660	ERR011348_MEGAHIT_MetaBinner.2
k79_37798	ERR011348_MEGAHIT_MetaBinner.2
k79_19395	ERR011348_MEGAHIT_MetaBinner.2
k79_7260	ERR011348_MEGAHIT_MetaBinner.2
k79_73291	ERR011348_MEGAHIT_MetaBinner.2
k79_88613	ERR011348_MEGAHIT_MetaBinner.2
k79_43966	ERR011348_MEGAHIT_MetaBinner.2
k79_10957	ERR011348_MEGAHIT_MetaBinner.2
k79_8259	ERR011348_MEGAHIT_MetaBinner.2
k79_51135	ERR011348_MEGAHIT_MetaBinner.2
k79_53313	ERR011348_MEGAHIT_MetaBinner.2
k79_33033	ERR011348_MEGAHIT_MetaBinner.2
k79_46029	ERR011348_MEGAHIT_MetaBinner.2
k79_33704	ERR011348_MEGAHIT_MetaBinner.2
k79_10238	ERR011348_MEGAHIT_MetaBinner.2
k79_45164	ERR011348_MEGAHIT_MetaBinner.2
k79_91484	ERR011348_MEGAHIT_MetaBinner.2
k79_59860	ERR011348_MEGAHIT_MetaBinner.2
k79_59631	ERR011348_MEGAHIT_MetaBinner.2
k79_32817	ERR011348_MEGAHIT_MetaBinner.2
k79_18392	ERR011348_MEGAHIT_MetaBinner.2
k79_64407	ERR011348_MEGAHIT_MetaBinner.2
k79_50821	ERR011348_MEGAHIT_MetaBinner.2
k79_153	ERR011348_MEGAHIT_MetaBinner.2
k79_15463	ERR011348_MEGAHIT_MetaBinner.2
k79_56569	ERR011348_MEGAHIT_MetaBinner.2
k79_50987	ERR011348_MEGAHIT_MetaBinner.2
k79_87366	ERR011348_MEGAHIT_MetaBinner.2
k79_95596	ERR011348_MEGAHIT_MetaBinner.2
k79_73401	ERR011348_MEGAHIT_MetaBinner.2
k79_40046	ERR011348_MEGAHIT_MetaBinner.2
k79_37178	ERR011348_MEGAHIT_MetaBinner.2
k79_77525	ERR011348_MEGAHIT_MetaBinner.2
k79_39646	ERR011348_MEGAHIT_MetaBinner.2
k79_85692	ERR011348_MEGAHIT_MetaBinner.2
k79_8933	ERR011348_MEGAHIT_MetaBinner.2
k79_46821	ERR011348_MEGAHIT_MetaBinner.2
k79_4919	ERR011348_MEGAHIT_MetaBinner.2
k79_43757	ERR011348_MEGAHIT_MetaBinner.2
k79_341	ERR011348_MEGAHIT_MetaBinner.2
k79_19374	ERR011348_MEGAHIT_MetaBinner.2
k79_1325	ERR011348_MEGAHIT_MetaBinner.2
k79_5149	ERR011348_MEGAHIT_MetaBinner.2
k79_39519	ERR011348_MEGAHIT_MetaBinner.2
k79_67199	ERR011348_MEGAHIT_MetaBinner.2
k79_67627	ERR011348_MEGAHIT_MetaBinner.2
k79_33122	ERR011348_MEGAHIT_MetaBinner.2
k79_70561	ERR011348_MEGAHIT_MetaBinner.2
k79_93541	ERR011348_MEGAHIT_MetaBinner.2
k79_83731	ERR011348_MEGAHIT_MetaBinner.2
k79_63478	ERR011348_MEGAHIT_MetaBinner.2
k79_88555	ERR011348_MEGAHIT_MetaBinner.2
k79_91945	ERR011348_MEGAHIT_MetaBinner.2
k79_23361	ERR011348_MEGAHIT_MetaBinner.2
k79_45152	ERR011348_MEGAHIT_MetaBinner.2
k79_14383	ERR011348_MEGAHIT_MetaBinner.2
k79_86873	ERR011348_MEGAHIT_MetaBinner.2
k79_16821	ERR011348_MEGAHIT_MetaBinner.2
k79_93085	ERR011348_MEGAHIT_MetaBinner.2
k79_40843	ERR011348_MEGAHIT_MetaBinner.2
k79_1104	ERR011348_MEGAHIT_MetaBinner.2
k79_17150	ERR011348_MEGAHIT_MetaBinner.2
k79_87148	ERR011348_MEGAHIT_MetaBinner.2
k79_83072	ERR011348_MEGAHIT_MetaBinner.2
k79_9314	ERR011348_MEGAHIT_MetaBinner.2
k79_78928	ERR011348_MEGAHIT_MetaBinner.2
k79_96254	ERR011348_MEGAHIT_MetaBinner.2
k79_51339	ERR011348_MEGAHIT_MetaBinner.2
k79_78931	ERR011348_MEGAHIT_MetaBinner.2
k79_65833	ERR011348_MEGAHIT_MetaBinner.2
k79_10023	ERR011348_MEGAHIT_MetaBinner.2
k79_66281	ERR011348_MEGAHIT_MetaBinner.2
k79_32257	ERR011348_MEGAHIT_MetaBinner.2
k79_61632	ERR011348_MEGAHIT_MetaBinner.2
k79_17187	ERR011348_MEGAHIT_MetaBinner.2
k79_66299	ERR011348_MEGAHIT_MetaBinner.2
k79_21344	ERR011348_MEGAHIT_MetaBinner.2
k79_27880	ERR011348_MEGAHIT_MetaBinner.2
k79_31426	ERR011348_MEGAHIT_MetaBinner.2
k79_86070	ERR011348_MEGAHIT_MetaBinner.2
k79_39728	ERR011348_MEGAHIT_MetaBinner.2
k79_82008	ERR011348_MEGAHIT_MetaBinner.2
k79_54860	ERR011348_MEGAHIT_MetaBinner.2
k79_66104	ERR011348_MEGAHIT_MetaBinner.2
k79_17879	ERR011348_MEGAHIT_MetaBinner.2
k79_12256	ERR011348_MEGAHIT_MetaBinner.2
k79_36476	ERR011348_MEGAHIT_MetaBinner.2
k79_16687	ERR011348_MEGAHIT_MetaBinner.2
k79_71641	ERR011348_MEGAHIT_MetaBinner.2
k79_3124	ERR011348_MEGAHIT_MetaBinner.2
k79_42920	ERR011348_MEGAHIT_MetaBinner.2
k79_51830	ERR011348_MEGAHIT_MetaBinner.2
k79_47469	ERR011348_MEGAHIT_MetaBinner.2
k79_88184	ERR011348_MEGAHIT_MetaBinner.2
k79_68837	ERR011348_MEGAHIT_MetaBinner.2
k79_91159	ERR011348_MEGAHIT_MetaBinner.2
k79_33176	ERR011348_MEGAHIT_MetaBinner.2
k79_91514	ERR011348_MEGAHIT_MetaBinner.2
k79_54624	ERR011348_MEGAHIT_MetaBinner.2
k79_37375	ERR011348_MEGAHIT_MetaBinner.2
k79_77601	ERR011348_MEGAHIT_MetaBinner.2
k79_86798	ERR011348_MEGAHIT_MetaBinner.2
k79_61528	ERR011348_MEGAHIT_MetaBinner.2
k79_4960	ERR011348_MEGAHIT_MetaBinner.2
k79_47831	ERR011348_MEGAHIT_MetaBinner.2
k79_2725	ERR011348_MEGAHIT_MetaBinner.2
k79_16487	ERR011348_MEGAHIT_MetaBinner.2
k79_79388	ERR011348_MEGAHIT_MetaBinner.2
k79_79047	ERR011348_MEGAHIT_MetaBinner.2
k79_4567	ERR011348_MEGAHIT_MetaBinner.2
k79_15268	ERR011348_MEGAHIT_MetaBinner.2
k79_28161	ERR011348_MEGAHIT_MetaBinner.2
k79_10702	ERR011348_MEGAHIT_MetaBinner.2
k79_70976	ERR011348_MEGAHIT_MetaBinner.2
k79_7283	ERR011348_MEGAHIT_MetaBinner.2
k79_15126	ERR011348_MEGAHIT_MetaBinner.2
k79_34737	ERR011348_MEGAHIT_MetaBinner.2
k79_11054	ERR011348_MEGAHIT_MetaBinner.2
k79_14032	ERR011348_MEGAHIT_MetaBinner.2
k79_28810	ERR011348_MEGAHIT_MetaBinner.2
k79_13304	ERR011348_MEGAHIT_MetaBinner.2
k79_53947	ERR011348_MEGAHIT_MetaBinner.2
k79_73541	ERR011348_MEGAHIT_MetaBinner.2
k79_67488	ERR011348_MEGAHIT_MetaBinner.2
k79_10220	ERR011348_MEGAHIT_MetaBinner.2
k79_89476	ERR011348_MEGAHIT_MetaBinner.2
k79_33872	ERR011348_MEGAHIT_MetaBinner.2
k79_36491	ERR011348_MEGAHIT_MetaBinner.2
k79_8380	ERR011348_MEGAHIT_MetaBinner.2
k79_32238	ERR011348_MEGAHIT_MetaBinner.2
k79_89667	ERR011348_MEGAHIT_MetaBinner.2
k79_13412	ERR011348_MEGAHIT_MetaBinner.2
k79_55098	ERR011348_MEGAHIT_MetaBinner.2
k79_85975	ERR011348_MEGAHIT_MetaBinner.2
k79_65283	ERR011348_MEGAHIT_MetaBinner.2
k79_86611	ERR011348_MEGAHIT_MetaBinner.2
k79_37964	ERR011348_MEGAHIT_MetaBinner.2
k79_33524	ERR011348_MEGAHIT_MetaBinner.2
k79_74824	ERR011348_MEGAHIT_MetaBinner.2
k79_74192	ERR011348_MEGAHIT_MetaBinner.2
k79_38283	ERR011348_MEGAHIT_MetaBinner.2
k79_47579	ERR011348_MEGAHIT_MetaBinner.2
k79_84163	ERR011348_MEGAHIT_MetaBinner.2
k79_87230	ERR011348_MEGAHIT_MetaBinner.2
k79_44202	ERR011348_MEGAHIT_MetaBinner.2
k79_64276	ERR011348_MEGAHIT_MetaBinner.2
k79_1961	ERR011348_MEGAHIT_MetaBinner.2
k79_14567	ERR011348_MEGAHIT_MetaBinner.2
k79_35378	ERR011348_MEGAHIT_MetaBinner.2
k79_27612	ERR011348_MEGAHIT_MetaBinner.2
k79_50015	ERR011348_MEGAHIT_MetaBinner.2
k79_96095	ERR011348_MEGAHIT_MetaBinner.2
k79_36097	ERR011348_MEGAHIT_MetaBinner.2
k79_76450	ERR011348_MEGAHIT_MetaBinner.2
k79_1921	ERR011348_MEGAHIT_MetaBinner.2
k79_38284	ERR011348_MEGAHIT_MetaBinner.2
k79_43925	ERR011348_MEGAHIT_MetaBinner.2
k79_14892	ERR011348_MEGAHIT_MetaBinner.2
k79_77913	ERR011348_MEGAHIT_MetaBinner.2
k79_39769	ERR011348_MEGAHIT_MetaBinner.2
k79_56821	ERR011348_MEGAHIT_MetaBinner.2
k79_28993	ERR011348_MEGAHIT_MetaBinner.2
k79_8567	ERR011348_MEGAHIT_MetaBinner.2
k79_34840	ERR011348_MEGAHIT_MetaBinner.2
k79_23010	ERR011348_MEGAHIT_MetaBinner.2
k79_25898	ERR011348_MEGAHIT_MetaBinner.2
k79_87551	ERR011348_MEGAHIT_MetaBinner.2
k79_32626	ERR011348_MEGAHIT_MetaBinner.2
k79_1984	ERR011348_MEGAHIT_MetaBinner.2
k79_11699	ERR011348_MEGAHIT_MetaBinner.2
k79_59654	ERR011348_MEGAHIT_MetaBinner.2
k79_86436	ERR011348_MEGAHIT_MetaBinner.2
k79_94520	ERR011348_MEGAHIT_MetaBinner.2
k79_5530	ERR011348_MEGAHIT_MetaBinner.2
k79_94734	ERR011348_MEGAHIT_MetaBinner.2
k79_23783	ERR011348_MEGAHIT_MetaBinner.2
k79_36231	ERR011348_MEGAHIT_MetaBinner.2
k79_88325	ERR011348_MEGAHIT_MetaBinner.2
k79_28360	ERR011348_MEGAHIT_MetaBinner.2
k79_57215	ERR011348_MEGAHIT_MetaBinner.2
k79_93391	ERR011348_MEGAHIT_MetaBinner.2
k79_10673	ERR011348_MEGAHIT_MetaBinner.2
k79_60054	ERR011348_MEGAHIT_MetaBinner.2
k79_9888	ERR011348_MEGAHIT_MetaBinner.2
k79_27651	ERR011348_MEGAHIT_MetaBinner.2
k79_4096	ERR011348_MEGAHIT_MetaBinner.2
k79_88352	ERR011348_MEGAHIT_MetaBinner.2
k79_25861	ERR011348_MEGAHIT_MetaBinner.2
k79_67259	ERR011348_MEGAHIT_MetaBinner.2
k79_49543	ERR011348_MEGAHIT_MetaBinner.2
k79_22849	ERR011348_MEGAHIT_MetaBinner.2
k79_19264	ERR011348_MEGAHIT_MetaBinner.2
k79_44783	ERR011348_MEGAHIT_MetaBinner.2
k79_10239	ERR011348_MEGAHIT_MetaBinner.2
k79_32850	ERR011348_MEGAHIT_MetaBinner.2
k79_59762	ERR011348_MEGAHIT_MetaBinner.2
k79_22205	ERR011348_MEGAHIT_MetaBinner.2
k79_49907	ERR011348_MEGAHIT_MetaBinner.2
k79_14276	ERR011348_MEGAHIT_MetaBinner.2
k79_30034	ERR011348_MEGAHIT_MetaBinner.2
k79_39478	ERR011348_MEGAHIT_MetaBinner.2
k79_82398	ERR011348_MEGAHIT_MetaBinner.2
k79_7610	ERR011348_MEGAHIT_MetaBinner.2
k79_74641	ERR011348_MEGAHIT_MetaBinner.2
k79_34807	ERR011348_MEGAHIT_MetaBinner.2
k79_79135	ERR011348_MEGAHIT_MetaBinner.2
k79_6334	ERR011348_MEGAHIT_MetaBinner.2
k79_62697	ERR011348_MEGAHIT_MetaBinner.2
k79_65731	ERR011348_MEGAHIT_MetaBinner.2
k79_56018	ERR011348_MEGAHIT_MetaBinner.2
k79_24817	ERR011348_MEGAHIT_MetaBinner.2
k79_63945	ERR011348_MEGAHIT_MetaBinner.2
k79_34878	ERR011348_MEGAHIT_MetaBinner.2
k79_75344	ERR011348_MEGAHIT_MetaBinner.2
k79_63852	ERR011348_MEGAHIT_MetaBinner.2
k79_75874	ERR011348_MEGAHIT_MetaBinner.2
k79_61259	ERR011348_MEGAHIT_MetaBinner.2
k79_75622	ERR011348_MEGAHIT_MetaBinner.2
k79_81777	ERR011348_MEGAHIT_MetaBinner.2
k79_3683	ERR011348_MEGAHIT_MetaBinner.2
k79_16373	ERR011348_MEGAHIT_MetaBinner.2
k79_31431	ERR011348_MEGAHIT_MetaBinner.2
k79_68403	ERR011348_MEGAHIT_MetaBinner.2
k79_77794	ERR011348_MEGAHIT_MetaBinner.2
k79_89793	ERR011348_MEGAHIT_MetaBinner.2
k79_19849	ERR011348_MEGAHIT_MetaBinner.2
k79_79195	ERR011348_MEGAHIT_MetaBinner.2
k79_62873	ERR011348_MEGAHIT_MetaBinner.2
k79_81215	ERR011348_MEGAHIT_MetaBinner.2
k79_35648	ERR011348_MEGAHIT_MetaBinner.2
k79_3245	ERR011348_MEGAHIT_MetaBinner.2
k79_93146	ERR011348_MEGAHIT_MetaBinner.2
k79_61437	ERR011348_MEGAHIT_MetaBinner.2
k79_65713	ERR011348_MEGAHIT_MetaBinner.2
k79_58201	ERR011348_MEGAHIT_MetaBinner.2
k79_50212	ERR011348_MEGAHIT_MetaBinner.2
k79_57862	ERR011348_MEGAHIT_MetaBinner.2
k79_5285	ERR011348_MEGAHIT_MetaBinner.2
k79_55878	ERR011348_MEGAHIT_MetaBinner.2
k79_93953	ERR011348_MEGAHIT_MetaBinner.2
k79_81739	ERR011348_MEGAHIT_MetaBinner.2
k79_64763	ERR011348_MEGAHIT_MetaBinner.2
k79_16813	ERR011348_MEGAHIT_MetaBinner.2
k79_45911	ERR011348_MEGAHIT_MetaBinner.2
k79_92540	ERR011348_MEGAHIT_MetaBinner.2
k79_71860	ERR011348_MEGAHIT_MetaBinner.2
k79_1717	ERR011348_MEGAHIT_MetaBinner.2
k79_85544	ERR011348_MEGAHIT_MetaBinner.2
k79_62111	ERR011348_MEGAHIT_MetaBinner.2
k79_84502	ERR011348_MEGAHIT_MetaBinner.2
k79_2281	ERR011348_MEGAHIT_MetaBinner.2
k79_77817	ERR011348_MEGAHIT_MetaBinner.2
k79_7615	ERR011348_MEGAHIT_MetaBinner.2
k79_30753	ERR011348_MEGAHIT_MetaBinner.2
k79_85281	ERR011348_MEGAHIT_MetaBinner.2
k79_31170	ERR011348_MEGAHIT_MetaBinner.2
k79_12088	ERR011348_MEGAHIT_MetaBinner.2
k79_13962	ERR011348_MEGAHIT_MetaBinner.2
k79_41212	ERR011348_MEGAHIT_MetaBinner.2
k79_27616	ERR011348_MEGAHIT_MetaBinner.2
k79_67548	ERR011348_MEGAHIT_MetaBinner.2
k79_70705	ERR011348_MEGAHIT_MetaBinner.2
k79_60611	ERR011348_MEGAHIT_MetaBinner.2
k79_50530	ERR011348_MEGAHIT_MetaBinner.2
k79_10214	ERR011348_MEGAHIT_MetaBinner.2
k79_18032	ERR011348_MEGAHIT_MetaBinner.2
k79_36276	ERR011348_MEGAHIT_MetaBinner.2
k79_45406	ERR011348_MEGAHIT_MetaBinner.2
k79_69074	ERR011348_MEGAHIT_MetaBinner.2
k79_30103	ERR011348_MEGAHIT_MetaBinner.2
k79_20754	ERR011348_MEGAHIT_MetaBinner.2
k79_80234	ERR011348_MEGAHIT_MetaBinner.2
k79_44848	ERR011348_MEGAHIT_MetaBinner.2
k79_54039	ERR011348_MEGAHIT_MetaBinner.2
k79_19772	ERR011348_MEGAHIT_MetaBinner.2
k79_81547	ERR011348_MEGAHIT_MetaBinner.2
k79_2460	ERR011348_MEGAHIT_MetaBinner.2
k79_52594	ERR011348_MEGAHIT_MetaBinner.2
k79_81643	ERR011348_MEGAHIT_MetaBinner.2
k79_12265	ERR011348_MEGAHIT_MetaBinner.2
k79_10882	ERR011348_MEGAHIT_MetaBinner.2
k79_33000	ERR011348_MEGAHIT_MetaBinner.2
k79_70841	ERR011348_MEGAHIT_MetaBinner.2
k79_55944	ERR011348_MEGAHIT_MetaBinner.2
k79_47670	ERR011348_MEGAHIT_MetaBinner.2
k79_50027	ERR011348_MEGAHIT_MetaBinner.2
k79_74294	ERR011348_MEGAHIT_MetaBinner.2
k79_7069	ERR011348_MEGAHIT_MetaBinner.2
k79_20058	ERR011348_MEGAHIT_MetaBinner.2
k79_90842	ERR011348_MEGAHIT_MetaBinner.2
k79_11105	ERR011348_MEGAHIT_MetaBinner.2
k79_13438	ERR011348_MEGAHIT_MetaBinner.2
k79_13634	ERR011348_MEGAHIT_MetaBinner.2
k79_13470	ERR011348_MEGAHIT_MetaBinner.2
k79_54760	ERR011348_MEGAHIT_MetaBinner.2
k79_30253	ERR011348_MEGAHIT_MetaBinner.2
k79_70228	ERR011348_MEGAHIT_MetaBinner.2
k79_65642	ERR011348_MEGAHIT_MetaBinner.2
k79_95503	ERR011348_MEGAHIT_MetaBinner.2
k79_22880	ERR011348_MEGAHIT_MetaBinner.2
k79_19156	ERR011348_MEGAHIT_MetaBinner.2
k79_45666	ERR011348_MEGAHIT_MetaBinner.2
k79_25356	ERR011348_MEGAHIT_MetaBinner.2
k79_56849	ERR011348_MEGAHIT_MetaBinner.2
k79_767	ERR011348_MEGAHIT_MetaBinner.2
k79_94265	ERR011348_MEGAHIT_MetaBinner.2
k79_30119	ERR011348_MEGAHIT_MetaBinner.2
k79_93454	ERR011348_MEGAHIT_MetaBinner.2
k79_86192	ERR011348_MEGAHIT_MetaBinner.2
k79_28142	ERR011348_MEGAHIT_MetaBinner.2
k79_71177	ERR011348_MEGAHIT_MetaBinner.2
k79_34090	ERR011348_MEGAHIT_MetaBinner.2
k79_47772	ERR011348_MEGAHIT_MetaBinner.2
k79_82006	ERR011348_MEGAHIT_MetaBinner.2
k79_55550	ERR011348_MEGAHIT_MetaBinner.2
k79_11071	ERR011348_MEGAHIT_MetaBinner.3
k79_71322	ERR011348_MEGAHIT_MetaBinner.3
k79_78161	ERR011348_MEGAHIT_MetaBinner.3
k79_31429	ERR011348_MEGAHIT_MetaBinner.3
k79_62946	ERR011348_MEGAHIT_MetaBinner.3
k79_68447	ERR011348_MEGAHIT_MetaBinner.3
k79_24767	ERR011348_MEGAHIT_MetaBinner.3
k79_94838	ERR011348_MEGAHIT_MetaBinner.3
k79_76306	ERR011348_MEGAHIT_MetaBinner.3
k79_39125	ERR011348_MEGAHIT_MetaBinner.3
k79_92483	ERR011348_MEGAHIT_MetaBinner.3
k79_4737	ERR011348_MEGAHIT_MetaBinner.3
k79_2628	ERR011348_MEGAHIT_MetaBinner.3
k79_17471	ERR011348_MEGAHIT_MetaBinner.3
k79_55265	ERR011348_MEGAHIT_MetaBinner.3
k79_12677	ERR011348_MEGAHIT_MetaBinner.3
k79_21831	ERR011348_MEGAHIT_MetaBinner.3
k79_27455	ERR011348_MEGAHIT_MetaBinner.3
k79_25656	ERR011348_MEGAHIT_MetaBinner.3
k79_72714	ERR011348_MEGAHIT_MetaBinner.3
k79_45738	ERR011348_MEGAHIT_MetaBinner.3
k79_56887	ERR011348_MEGAHIT_MetaBinner.3
k79_84016	ERR011348_MEGAHIT_MetaBinner.3
k79_38684	ERR011348_MEGAHIT_MetaBinner.3
k79_40582	ERR011348_MEGAHIT_MetaBinner.3
k79_80650	ERR011348_MEGAHIT_MetaBinner.3
k79_85581	ERR011348_MEGAHIT_MetaBinner.3
k79_94090	ERR011348_MEGAHIT_MetaBinner.3
k79_34429	ERR011348_MEGAHIT_MetaBinner.3
k79_10910	ERR011348_MEGAHIT_MetaBinner.3
k79_6949	ERR011348_MEGAHIT_MetaBinner.3
k79_41040	ERR011348_MEGAHIT_MetaBinner.3
k79_38438	ERR011348_MEGAHIT_MetaBinner.3
k79_49321	ERR011348_MEGAHIT_MetaBinner.3
k79_65830	ERR011348_MEGAHIT_MetaBinner.3
k79_19060	ERR011348_MEGAHIT_MetaBinner.3
k79_32009	ERR011348_MEGAHIT_MetaBinner.3
k79_92552	ERR011348_MEGAHIT_MetaBinner.3
k79_65306	ERR011348_MEGAHIT_MetaBinner.3
k79_62259	ERR011348_MEGAHIT_MetaBinner.3
k79_84049	ERR011348_MEGAHIT_MetaBinner.3
k79_89838	ERR011348_MEGAHIT_MetaBinner.3
k79_87000	ERR011348_MEGAHIT_MetaBinner.3
k79_91592	ERR011348_MEGAHIT_MetaBinner.3
k79_73609	ERR011348_MEGAHIT_MetaBinner.3
k79_100	ERR011348_MEGAHIT_MetaBinner.3
k79_1254	ERR011348_MEGAHIT_MetaBinner.3
k79_10929	ERR011348_MEGAHIT_MetaBinner.3
k79_56532	ERR011348_MEGAHIT_MetaBinner.3
k79_67158	ERR011348_MEGAHIT_MetaBinner.3
k79_83372	ERR011348_MEGAHIT_MetaBinner.3
k79_33107	ERR011348_MEGAHIT_MetaBinner.3
k79_93320	ERR011348_MEGAHIT_MetaBinner.3
k79_49573	ERR011348_MEGAHIT_MetaBinner.3
k79_14545	ERR011348_MEGAHIT_MetaBinner.3
k79_21652	ERR011348_MEGAHIT_MetaBinner.3
k79_77671	ERR011348_MEGAHIT_MetaBinner.3
k79_78241	ERR011348_MEGAHIT_MetaBinner.3
k79_57033	ERR011348_MEGAHIT_MetaBinner.3
k79_52334	ERR011348_MEGAHIT_MetaBinner.3
k79_89103	ERR011348_MEGAHIT_MetaBinner.3
k79_72609	ERR011348_MEGAHIT_MetaBinner.3
k79_51429	ERR011348_MEGAHIT_MetaBinner.3
k79_22696	ERR011348_MEGAHIT_MetaBinner.3
k79_53110	ERR011348_MEGAHIT_MetaBinner.3
k79_69660	ERR011348_MEGAHIT_MetaBinner.3
k79_76749	ERR011348_MEGAHIT_MetaBinner.3
k79_8226	ERR011348_MEGAHIT_MetaBinner.3
k79_35855	ERR011348_MEGAHIT_MetaBinner.3
k79_67133	ERR011348_MEGAHIT_MetaBinner.3
k79_84737	ERR011348_MEGAHIT_MetaBinner.3
k79_71491	ERR011348_MEGAHIT_MetaBinner.3
k79_95839	ERR011348_MEGAHIT_MetaBinner.3
k79_88602	ERR011348_MEGAHIT_MetaBinner.3
k79_67998	ERR011348_MEGAHIT_MetaBinner.3
k79_64822	ERR011348_MEGAHIT_MetaBinner.3
k79_52902	ERR011348_MEGAHIT_MetaBinner.3
k79_1726	ERR011348_MEGAHIT_MetaBinner.3
k79_88396	ERR011348_MEGAHIT_MetaBinner.3
k79_2919	ERR011348_MEGAHIT_MetaBinner.3
k79_76247	ERR011348_MEGAHIT_MetaBinner.3
k79_13581	ERR011348_MEGAHIT_MetaBinner.3
k79_10650	ERR011348_MEGAHIT_MetaBinner.3
k79_30526	ERR011348_MEGAHIT_MetaBinner.3
k79_87025	ERR011348_MEGAHIT_MetaBinner.3
k79_39961	ERR011348_MEGAHIT_MetaBinner.3
k79_56558	ERR011348_MEGAHIT_MetaBinner.3
k79_66980	ERR011348_MEGAHIT_MetaBinner.3
k79_77473	ERR011348_MEGAHIT_MetaBinner.3
k79_7645	ERR011348_MEGAHIT_MetaBinner.3
k79_42642	ERR011348_MEGAHIT_MetaBinner.3
k79_79046	ERR011348_MEGAHIT_MetaBinner.3
k79_68142	ERR011348_MEGAHIT_MetaBinner.3
k79_85269	ERR011348_MEGAHIT_MetaBinner.3
k79_83938	ERR011348_MEGAHIT_MetaBinner.3
k79_75260	ERR011348_MEGAHIT_MetaBinner.3
k79_34028	ERR011348_MEGAHIT_MetaBinner.3
k79_48382	ERR011348_MEGAHIT_MetaBinner.3
k79_22007	ERR011348_MEGAHIT_MetaBinner.3
k79_12257	ERR011348_MEGAHIT_MetaBinner.3
k79_48056	ERR011348_MEGAHIT_MetaBinner.3
k79_11551	ERR011348_MEGAHIT_MetaBinner.3
k79_92218	ERR011348_MEGAHIT_MetaBinner.3
k79_75274	ERR011348_MEGAHIT_MetaBinner.3
k79_69419	ERR011348_MEGAHIT_MetaBinner.3
k79_46758	ERR011348_MEGAHIT_MetaBinner.3
k79_23381	ERR011348_MEGAHIT_MetaBinner.3
k79_6612	ERR011348_MEGAHIT_MetaBinner.3
k79_41447	ERR011348_MEGAHIT_MetaBinner.3
k79_25688	ERR011348_MEGAHIT_MetaBinner.3
k79_80773	ERR011348_MEGAHIT_MetaBinner.3
k79_54836	ERR011348_MEGAHIT_MetaBinner.3
k79_73791	ERR011348_MEGAHIT_MetaBinner.3
k79_13258	ERR011348_MEGAHIT_MetaBinner.3
k79_66406	ERR011348_MEGAHIT_MetaBinner.3
k79_43714	ERR011348_MEGAHIT_MetaBinner.3
k79_78758	ERR011348_MEGAHIT_MetaBinner.3
k79_75906	ERR011348_MEGAHIT_MetaBinner.3
k79_22540	ERR011348_MEGAHIT_MetaBinner.3
k79_10435	ERR011348_MEGAHIT_MetaBinner.3
k79_57404	ERR011348_MEGAHIT_MetaBinner.3
k79_72997	ERR011348_MEGAHIT_MetaBinner.3
k79_23316	ERR011348_MEGAHIT_MetaBinner.3
k79_55243	ERR011348_MEGAHIT_MetaBinner.3
k79_83957	ERR011348_MEGAHIT_MetaBinner.3
k79_90834	ERR011348_MEGAHIT_MetaBinner.3
k79_23050	ERR011348_MEGAHIT_MetaBinner.3
k79_52620	ERR011348_MEGAHIT_MetaBinner.3
k79_50780	ERR011348_MEGAHIT_MetaBinner.3
k79_285	ERR011348_MEGAHIT_MetaBinner.3
k79_59559	ERR011348_MEGAHIT_MetaBinner.3
k79_68577	ERR011348_MEGAHIT_MetaBinner.3
k79_87791	ERR011348_MEGAHIT_MetaBinner.3
k79_34321	ERR011348_MEGAHIT_MetaBinner.3
k79_17950	ERR011348_MEGAHIT_MetaBinner.3
k79_66890	ERR011348_MEGAHIT_MetaBinner.3
k79_4566	ERR011348_MEGAHIT_MetaBinner.3
k79_34415	ERR011348_MEGAHIT_MetaBinner.3
k79_86259	ERR011348_MEGAHIT_MetaBinner.3
k79_12156	ERR011348_MEGAHIT_MetaBinner.3
k79_58561	ERR011348_MEGAHIT_MetaBinner.3
k79_87799	ERR011348_MEGAHIT_MetaBinner.3
k79_28324	ERR011348_MEGAHIT_MetaBinner.3
k79_48833	ERR011348_MEGAHIT_MetaBinner.3
k79_30188	ERR011348_MEGAHIT_MetaBinner.3
k79_59080	ERR011348_MEGAHIT_MetaBinner.3
k79_84132	ERR011348_MEGAHIT_MetaBinner.3
k79_68663	ERR011348_MEGAHIT_MetaBinner.3
k79_53705	ERR011348_MEGAHIT_MetaBinner.3
k79_62941	ERR011348_MEGAHIT_MetaBinner.3
k79_90901	ERR011348_MEGAHIT_MetaBinner.3
k79_76584	ERR011348_MEGAHIT_MetaBinner.3
k79_75985	ERR011348_MEGAHIT_MetaBinner.3
k79_3150	ERR011348_MEGAHIT_MetaBinner.3
k79_66744	ERR011348_MEGAHIT_MetaBinner.3
k79_23018	ERR011348_MEGAHIT_MetaBinner.3
k79_79295	ERR011348_MEGAHIT_MetaBinner.3
k79_61576	ERR011348_MEGAHIT_MetaBinner.3
k79_39821	ERR011348_MEGAHIT_MetaBinner.3
k79_83312	ERR011348_MEGAHIT_MetaBinner.3
k79_25535	ERR011348_MEGAHIT_MetaBinner.3
k79_5985	ERR011348_MEGAHIT_MetaBinner.3
k79_23280	ERR011348_MEGAHIT_MetaBinner.3
k79_54712	ERR011348_MEGAHIT_MetaBinner.3
k79_54600	ERR011348_MEGAHIT_MetaBinner.3
k79_4303	ERR011348_MEGAHIT_MetaBinner.3
k79_62102	ERR011348_MEGAHIT_MetaBinner.3
k79_55696	ERR011348_MEGAHIT_MetaBinner.3
k79_59483	ERR011348_MEGAHIT_MetaBinner.3
k79_47267	ERR011348_MEGAHIT_MetaBinner.3
k79_89050	ERR011348_MEGAHIT_MetaBinner.3
k79_26729	ERR011348_MEGAHIT_MetaBinner.3
k79_49938	ERR011348_MEGAHIT_MetaBinner.3
k79_66558	ERR011348_MEGAHIT_MetaBinner.3
k79_87437	ERR011348_MEGAHIT_MetaBinner.3
k79_33744	ERR011348_MEGAHIT_MetaBinner.3
k79_83490	ERR011348_MEGAHIT_MetaBinner.3
k79_24572	ERR011348_MEGAHIT_MetaBinner.3
k79_47905	ERR011348_MEGAHIT_MetaBinner.3
k79_72548	ERR011348_MEGAHIT_MetaBinner.3
k79_54211	ERR011348_MEGAHIT_MetaBinner.3
k79_87975	ERR011348_MEGAHIT_MetaBinner.3
k79_12274	ERR011348_MEGAHIT_MetaBinner.3
k79_42961	ERR011348_MEGAHIT_MetaBinner.3
k79_26847	ERR011348_MEGAHIT_MetaBinner.3
k79_44619	ERR011348_MEGAHIT_MetaBinner.3
k79_59908	ERR011348_MEGAHIT_MetaBinner.3
k79_44495	ERR011348_MEGAHIT_MetaBinner.3
k79_91615	ERR011348_MEGAHIT_MetaBinner.3
k79_27664	ERR011348_MEGAHIT_MetaBinner.3
k79_69985	ERR011348_MEGAHIT_MetaBinner.3
k79_62834	ERR011348_MEGAHIT_MetaBinner.3
k79_23327	ERR011348_MEGAHIT_MetaBinner.3
k79_33759	ERR011348_MEGAHIT_MetaBinner.3
k79_42959	ERR011348_MEGAHIT_MetaBinner.3
k79_37398	ERR011348_MEGAHIT_MetaBinner.3
k79_70388	ERR011348_MEGAHIT_MetaBinner.3
k79_96278	ERR011348_MEGAHIT_MetaBinner.3
k79_71913	ERR011348_MEGAHIT_MetaBinner.3
k79_77331	ERR011348_MEGAHIT_MetaBinner.3
k79_18145	ERR011348_MEGAHIT_MetaBinner.3
k79_83674	ERR011348_MEGAHIT_MetaBinner.3
k79_9632	ERR011348_MEGAHIT_MetaBinner.3
k79_30966	ERR011348_MEGAHIT_MetaBinner.3
k79_35216	ERR011348_MEGAHIT_MetaBinner.3
k79_2471	ERR011348_MEGAHIT_MetaBinner.3
k79_34896	ERR011348_MEGAHIT_MetaBinner.3
k79_39322	ERR011348_MEGAHIT_MetaBinner.3
k79_11150	ERR011348_MEGAHIT_MetaBinner.3
k79_44601	ERR011348_MEGAHIT_MetaBinner.3
k79_57081	ERR011348_MEGAHIT_MetaBinner.3
k79_84719	ERR011348_MEGAHIT_MetaBinner.3
k79_60762	ERR011348_MEGAHIT_MetaBinner.3
k79_71269	ERR011348_MEGAHIT_MetaBinner.3
k79_71101	ERR011348_MEGAHIT_MetaBinner.3
k79_24540	ERR011348_MEGAHIT_MetaBinner.3
k79_25715	ERR011348_MEGAHIT_MetaBinner.3
k79_15035	ERR011348_MEGAHIT_MetaBinner.3
k79_65319	ERR011348_MEGAHIT_MetaBinner.3
k79_56803	ERR011348_MEGAHIT_MetaBinner.3
k79_76913	ERR011348_MEGAHIT_MetaBinner.3
k79_66183	ERR011348_MEGAHIT_MetaBinner.3
k79_69321	ERR011348_MEGAHIT_MetaBinner.3
k79_83501	ERR011348_MEGAHIT_MetaBinner.3
k79_42607	ERR011348_MEGAHIT_MetaBinner.3
k79_25582	ERR011348_MEGAHIT_MetaBinner.3
k79_10150	ERR011348_MEGAHIT_MetaBinner.3
k79_18346	ERR011348_MEGAHIT_MetaBinner.3
k79_71282	ERR011348_MEGAHIT_MetaBinner.3
k79_45563	ERR011348_MEGAHIT_MetaBinner.3
k79_32995	ERR011348_MEGAHIT_MetaBinner.3
k79_87606	ERR011348_MEGAHIT_MetaBinner.3
k79_43461	ERR011348_MEGAHIT_MetaBinner.3
k79_7393	ERR011348_MEGAHIT_MetaBinner.3
k79_58634	ERR011348_MEGAHIT_MetaBinner.3
k79_93544	ERR011348_MEGAHIT_MetaBinner.3
k79_17771	ERR011348_MEGAHIT_MetaBinner.3
k79_83570	ERR011348_MEGAHIT_MetaBinner.3
k79_33803	ERR011348_MEGAHIT_MetaBinner.3
k79_87486	ERR011348_MEGAHIT_MetaBinner.3
k79_95186	ERR011348_MEGAHIT_MetaBinner.3
k79_56250	ERR011348_MEGAHIT_MetaBinner.3
k79_82258	ERR011348_MEGAHIT_MetaBinner.3
k79_18453	ERR011348_MEGAHIT_MetaBinner.3
k79_3536	ERR011348_MEGAHIT_MetaBinner.3
k79_44652	ERR011348_MEGAHIT_MetaBinner.3
k79_44975	ERR011348_MEGAHIT_MetaBinner.3
k79_54260	ERR011348_MEGAHIT_MetaBinner.3
k79_50564	ERR011348_MEGAHIT_MetaBinner.3
k79_6813	ERR011348_MEGAHIT_MetaBinner.3
k79_63794	ERR011348_MEGAHIT_MetaBinner.3
k79_22807	ERR011348_MEGAHIT_MetaBinner.3
k79_87755	ERR011348_MEGAHIT_MetaBinner.3
k79_89558	ERR011348_MEGAHIT_MetaBinner.3
k79_42362	ERR011348_MEGAHIT_MetaBinner.3
k79_60291	ERR011348_MEGAHIT_MetaBinner.3
k79_23538	ERR011348_MEGAHIT_MetaBinner.3
k79_7851	ERR011348_MEGAHIT_MetaBinner.3
k79_47336	ERR011348_MEGAHIT_MetaBinner.3
k79_14230	ERR011348_MEGAHIT_MetaBinner.3
k79_90069	ERR011348_MEGAHIT_MetaBinner.3
k79_59701	ERR011348_MEGAHIT_MetaBinner.3
k79_3820	ERR011348_MEGAHIT_MetaBinner.3
k79_72372	ERR011348_MEGAHIT_MetaBinner.3
k79_92080	ERR011348_MEGAHIT_MetaBinner.3
k79_48048	ERR011348_MEGAHIT_MetaBinner.3
k79_19519	ERR011348_MEGAHIT_MetaBinner.3
k79_2469	ERR011348_MEGAHIT_MetaBinner.3
k79_53066	ERR011348_MEGAHIT_MetaBinner.3
k79_63165	ERR011348_MEGAHIT_MetaBinner.3
k79_72812	ERR011348_MEGAHIT_MetaBinner.3
k79_57598	ERR011348_MEGAHIT_MetaBinner.3
k79_52343	ERR011348_MEGAHIT_MetaBinner.3
k79_88713	ERR011348_MEGAHIT_MetaBinner.3
k79_20642	ERR011348_MEGAHIT_MetaBinner.3
k79_92952	ERR011348_MEGAHIT_MetaBinner.3
k79_8782	ERR011348_MEGAHIT_MetaBinner.3
k79_1859	ERR011348_MEGAHIT_MetaBinner.3
k79_80995	ERR011348_MEGAHIT_MetaBinner.3
k79_51603	ERR011348_MEGAHIT_MetaBinner.3
k79_60901	ERR011348_MEGAHIT_MetaBinner.3
k79_16455	ERR011348_MEGAHIT_MetaBinner.3
k79_50832	ERR011348_MEGAHIT_MetaBinner.3
k79_49536	ERR011348_MEGAHIT_MetaBinner.3
k79_42773	ERR011348_MEGAHIT_MetaBinner.3
k79_94352	ERR011348_MEGAHIT_MetaBinner.3
k79_32953	ERR011348_MEGAHIT_MetaBinner.3
k79_4892	ERR011348_MEGAHIT_MetaBinner.3
k79_75520	ERR011348_MEGAHIT_MetaBinner.3
k79_55260	ERR011348_MEGAHIT_MetaBinner.3
k79_89919	ERR011348_MEGAHIT_MetaBinner.3
k79_67281	ERR011348_MEGAHIT_MetaBinner.3
k79_74399	ERR011348_MEGAHIT_MetaBinner.3
k79_56633	ERR011348_MEGAHIT_MetaBinner.3
k79_71063	ERR011348_MEGAHIT_MetaBinner.3
k79_42805	ERR011348_MEGAHIT_MetaBinner.3
k79_73306	ERR011348_MEGAHIT_MetaBinner.3
k79_53729	ERR011348_MEGAHIT_MetaBinner.3
k79_32176	ERR011348_MEGAHIT_MetaBinner.3
k79_39227	ERR011348_MEGAHIT_MetaBinner.3
k79_57476	ERR011348_MEGAHIT_MetaBinner.3
k79_74791	ERR011348_MEGAHIT_MetaBinner.3
k79_21254	ERR011348_MEGAHIT_MetaBinner.3
k79_34911	ERR011348_MEGAHIT_MetaBinner.3
k79_64852	ERR011348_MEGAHIT_MetaBinner.3
k79_41970	ERR011348_MEGAHIT_MetaBinner.3
k79_84444	ERR011348_MEGAHIT_MetaBinner.3
k79_69787	ERR011348_MEGAHIT_MetaBinner.3
k79_11665	ERR011348_MEGAHIT_MetaBinner.3
k79_89448	ERR011348_MEGAHIT_MetaBinner.3
k79_29454	ERR011348_MEGAHIT_MetaBinner.3
k79_28838	ERR011348_MEGAHIT_MetaBinner.3
k79_29621	ERR011348_MEGAHIT_MetaBinner.3
k79_32623	ERR011348_MEGAHIT_MetaBinner.3
k79_87049	ERR011348_MEGAHIT_MetaBinner.3
k79_29134	ERR011348_MEGAHIT_MetaBinner.3
k79_96085	ERR011348_MEGAHIT_MetaBinner.3
k79_512	ERR011348_MEGAHIT_MetaBinner.3
k79_6598	ERR011348_MEGAHIT_MetaBinner.3
k79_63651	ERR011348_MEGAHIT_MetaBinner.3
k79_40114	ERR011348_MEGAHIT_MetaBinner.3
k79_49250	ERR011348_MEGAHIT_MetaBinner.3
k79_81449	ERR011348_MEGAHIT_MetaBinner.3
k79_48431	ERR011348_MEGAHIT_MetaBinner.3
k79_37778	ERR011348_MEGAHIT_MetaBinner.3
k79_39385	ERR011348_MEGAHIT_MetaBinner.3
k79_78456	ERR011348_MEGAHIT_MetaBinner.3
k79_38606	ERR011348_MEGAHIT_MetaBinner.3
k79_38654	ERR011348_MEGAHIT_MetaBinner.3
k79_5987	ERR011348_MEGAHIT_MetaBinner.3
k79_74748	ERR011348_MEGAHIT_MetaBinner.3
k79_62982	ERR011348_MEGAHIT_MetaBinner.3
k79_69190	ERR011348_MEGAHIT_MetaBinner.3
k79_40992	ERR011348_MEGAHIT_MetaBinner.3
k79_54397	ERR011348_MEGAHIT_MetaBinner.3
k79_71427	ERR011348_MEGAHIT_MetaBinner.3
k79_62017	ERR011348_MEGAHIT_MetaBinner.3
k79_65102	ERR011348_MEGAHIT_MetaBinner.3
k79_43343	ERR011348_MEGAHIT_MetaBinner.3
k79_42635	ERR011348_MEGAHIT_MetaBinner.3
k79_60537	ERR011348_MEGAHIT_MetaBinner.3
k79_82251	ERR011348_MEGAHIT_MetaBinner.3
k79_26755	ERR011348_MEGAHIT_MetaBinner.3
k79_84229	ERR011348_MEGAHIT_MetaBinner.3
k79_48580	ERR011348_MEGAHIT_MetaBinner.3
k79_95047	ERR011348_MEGAHIT_MetaBinner.3
k79_28067	ERR011348_MEGAHIT_MetaBinner.3
k79_12464	ERR011348_MEGAHIT_MetaBinner.3
k79_14623	ERR011348_MEGAHIT_MetaBinner.3
k79_8528	ERR011348_MEGAHIT_MetaBinner.3
k79_11374	ERR011348_MEGAHIT_MetaBinner.3
k79_55623	ERR011348_MEGAHIT_MetaBinner.3
k79_948	ERR011348_MEGAHIT_MetaBinner.3
k79_81452	ERR011348_MEGAHIT_MetaBinner.3
k79_75224	ERR011348_MEGAHIT_MetaBinner.3
k79_13679	ERR011348_MEGAHIT_MetaBinner.3
k79_6509	ERR011348_MEGAHIT_MetaBinner.3
k79_44870	ERR011348_MEGAHIT_MetaBinner.3
k79_48183	ERR011348_MEGAHIT_MetaBinner.3
k79_49829	ERR011348_MEGAHIT_MetaBinner.3
k79_57747	ERR011348_MEGAHIT_MetaBinner.3
k79_19755	ERR011348_MEGAHIT_MetaBinner.3
k79_46568	ERR011348_MEGAHIT_MetaBinner.3
k79_84645	ERR011348_MEGAHIT_MetaBinner.3
k79_93480	ERR011348_MEGAHIT_MetaBinner.3
k79_17818	ERR011348_MEGAHIT_MetaBinner.3
k79_95031	ERR011348_MEGAHIT_MetaBinner.3
k79_20872	ERR011348_MEGAHIT_MetaBinner.3
k79_26743	ERR011348_MEGAHIT_MetaBinner.3
k79_3574	ERR011348_MEGAHIT_MetaBinner.3
k79_41707	ERR011348_MEGAHIT_MetaBinner.3
k79_23998	ERR011348_MEGAHIT_MetaBinner.3
k79_84733	ERR011348_MEGAHIT_MetaBinner.3
k79_39980	ERR011348_MEGAHIT_MetaBinner.3
k79_49139	ERR011348_MEGAHIT_MetaBinner.3
k79_71897	ERR011348_MEGAHIT_MetaBinner.3
k79_10189	ERR011348_MEGAHIT_MetaBinner.3
k79_86968	ERR011348_MEGAHIT_MetaBinner.3
k79_18765	ERR011348_MEGAHIT_MetaBinner.3
k79_17155	ERR011348_MEGAHIT_MetaBinner.3
k79_64438	ERR011348_MEGAHIT_MetaBinner.3
k79_58028	ERR011348_MEGAHIT_MetaBinner.3
k79_21259	ERR011348_MEGAHIT_MetaBinner.3
k79_57669	ERR011348_MEGAHIT_MetaBinner.3
k79_93899	ERR011348_MEGAHIT_MetaBinner.3
k79_51079	ERR011348_MEGAHIT_MetaBinner.3
k79_16831	ERR011348_MEGAHIT_MetaBinner.3
k79_82542	ERR011348_MEGAHIT_MetaBinner.3
k79_33075	ERR011348_MEGAHIT_MetaBinner.3
k79_78088	ERR011348_MEGAHIT_MetaBinner.3
k79_85296	ERR011348_MEGAHIT_MetaBinner.3
k79_6080	ERR011348_MEGAHIT_MetaBinner.3
k79_1608	ERR011348_MEGAHIT_MetaBinner.3
k79_62641	ERR011348_MEGAHIT_MetaBinner.3
k79_51370	ERR011348_MEGAHIT_MetaBinner.3
k79_52533	ERR011348_MEGAHIT_MetaBinner.3
k79_31428	ERR011348_MEGAHIT_MetaBinner.3
k79_43582	ERR011348_MEGAHIT_MetaBinner.3
k79_64795	ERR011348_MEGAHIT_MetaBinner.3
k79_7779	ERR011348_MEGAHIT_MetaBinner.3
k79_11055	ERR011348_MEGAHIT_MetaBinner.3
k79_28170	ERR011348_MEGAHIT_MetaBinner.3
k79_80928	ERR011348_MEGAHIT_MetaBinner.3
k79_41222	ERR011348_MEGAHIT_MetaBinner.3
k79_35975	ERR011348_MEGAHIT_MetaBinner.3
k79_51709	ERR011348_MEGAHIT_MetaBinner.3
k79_53002	ERR011348_MEGAHIT_MetaBinner.3
k79_24546	ERR011348_MEGAHIT_MetaBinner.3
k79_86919	ERR011348_MEGAHIT_MetaBinner.3
k79_85887	ERR011348_MEGAHIT_MetaBinner.3
k79_38935	ERR011348_MEGAHIT_MetaBinner.3
k79_62684	ERR011348_MEGAHIT_MetaBinner.3
k79_67196	ERR011348_MEGAHIT_MetaBinner.3
k79_44544	ERR011348_MEGAHIT_MetaBinner.3
k79_19258	ERR011348_MEGAHIT_MetaBinner.3
k79_35457	ERR011348_MEGAHIT_MetaBinner.3
k79_89037	ERR011348_MEGAHIT_MetaBinner.3
k79_23117	ERR011348_MEGAHIT_MetaBinner.3
k79_32301	ERR011348_MEGAHIT_MetaBinner.3
k79_78098	ERR011348_MEGAHIT_MetaBinner.3
k79_73056	ERR011348_MEGAHIT_MetaBinner.3
k79_6040	ERR011348_MEGAHIT_MetaBinner.3
k79_6940	ERR011348_MEGAHIT_MetaBinner.3
k79_59039	ERR011348_MEGAHIT_MetaBinner.3
k79_42002	ERR011348_MEGAHIT_MetaBinner.3
k79_25272	ERR011348_MEGAHIT_MetaBinner.3
k79_45763	ERR011348_MEGAHIT_MetaBinner.3
k79_10535	ERR011348_MEGAHIT_MetaBinner.3
k79_95824	ERR011348_MEGAHIT_MetaBinner.3
k79_40931	ERR011348_MEGAHIT_MetaBinner.3
k79_20256	ERR011348_MEGAHIT_MetaBinner.3
k79_88274	ERR011348_MEGAHIT_MetaBinner.3
k79_48112	ERR011348_MEGAHIT_MetaBinner.3
k79_42312	ERR011348_MEGAHIT_MetaBinner.3
k79_48451	ERR011348_MEGAHIT_MetaBinner.3
k79_84959	ERR011348_MEGAHIT_MetaBinner.3
k79_35393	ERR011348_MEGAHIT_MetaBinner.3
k79_5089	ERR011348_MEGAHIT_MetaBinner.3
k79_60539	ERR011348_MEGAHIT_MetaBinner.3
k79_87323	ERR011348_MEGAHIT_MetaBinner.3
k79_53193	ERR011348_MEGAHIT_MetaBinner.3
k79_922	ERR011348_MEGAHIT_MetaBinner.3
k79_34739	ERR011348_MEGAHIT_MetaBinner.3
k79_4410	ERR011348_MEGAHIT_MetaBinner.3
k79_83345	ERR011348_MEGAHIT_MetaBinner.3
k79_89225	ERR011348_MEGAHIT_MetaBinner.3
k79_20695	ERR011348_MEGAHIT_MetaBinner.3
k79_91199	ERR011348_MEGAHIT_MetaBinner.3
k79_36564	ERR011348_MEGAHIT_MetaBinner.3
k79_4867	ERR011348_MEGAHIT_MetaBinner.3
k79_84383	ERR011348_MEGAHIT_MetaBinner.3
k79_39829	ERR011348_MEGAHIT_MetaBinner.3
k79_9103	ERR011348_MEGAHIT_MetaBinner.3
k79_48408	ERR011348_MEGAHIT_MetaBinner.3
k79_10052	ERR011348_MEGAHIT_MetaBinner.3
k79_81306	ERR011348_MEGAHIT_MetaBinner.3
k79_13592	ERR011348_MEGAHIT_MetaBinner.3
k79_28774	ERR011348_MEGAHIT_MetaBinner.3
k79_68064	ERR011348_MEGAHIT_MetaBinner.3
k79_25233	ERR011348_MEGAHIT_MetaBinner.3
k79_1214	ERR011348_MEGAHIT_MetaBinner.3
k79_368	ERR011348_MEGAHIT_MetaBinner.3
k79_36578	ERR011348_MEGAHIT_MetaBinner.3
k79_27370	ERR011348_MEGAHIT_MetaBinner.3
k79_64615	ERR011348_MEGAHIT_MetaBinner.3
k79_68972	ERR011348_MEGAHIT_MetaBinner.3
k79_12144	ERR011348_MEGAHIT_MetaBinner.3
k79_165	ERR011348_MEGAHIT_MetaBinner.3
k79_94253	ERR011348_MEGAHIT_MetaBinner.3
k79_23829	ERR011348_MEGAHIT_MetaBinner.3
k79_75913	ERR011348_MEGAHIT_MetaBinner.3
k79_21585	ERR011348_MEGAHIT_MetaBinner.3
k79_43402	ERR011348_MEGAHIT_MetaBinner.3
k79_11645	ERR011348_MEGAHIT_MetaBinner.3
k79_33572	ERR011348_MEGAHIT_MetaBinner.3
k79_27302	ERR011348_MEGAHIT_MetaBinner.3
k79_3605	ERR011348_MEGAHIT_MetaBinner.3
k79_43562	ERR011348_MEGAHIT_MetaBinner.3
k79_13194	ERR011348_MEGAHIT_MetaBinner.3
k79_1606	ERR011348_MEGAHIT_MetaBinner.3
k79_55504	ERR011348_MEGAHIT_MetaBinner.3
k79_10628	ERR011348_MEGAHIT_MetaBinner.3
k79_42726	ERR011348_MEGAHIT_MetaBinner.3
k79_90076	ERR011348_MEGAHIT_MetaBinner.3
k79_1082	ERR011348_MEGAHIT_MetaBinner.3
k79_43021	ERR011348_MEGAHIT_MetaBinner.3
k79_32199	ERR011348_MEGAHIT_MetaBinner.3
k79_18285	ERR011348_MEGAHIT_MetaBinner.3
k79_72122	ERR011348_MEGAHIT_MetaBinner.3
k79_78418	ERR011348_MEGAHIT_MetaBinner.3
k79_16316	ERR011348_MEGAHIT_MetaBinner.3
k79_89695	ERR011348_MEGAHIT_MetaBinner.3
k79_21410	ERR011348_MEGAHIT_MetaBinner.3
k79_43888	ERR011348_MEGAHIT_MetaBinner.3
k79_50857	ERR011348_MEGAHIT_MetaBinner.3
k79_29753	ERR011348_MEGAHIT_MetaBinner.3
k79_40019	ERR011348_MEGAHIT_MetaBinner.3
k79_32171	ERR011348_MEGAHIT_MetaBinner.3
k79_701	ERR011348_MEGAHIT_MetaBinner.3
k79_46279	ERR011348_MEGAHIT_MetaBinner.3
k79_66466	ERR011348_MEGAHIT_MetaBinner.3
k79_88765	ERR011348_MEGAHIT_MetaBinner.3
k79_11770	ERR011348_MEGAHIT_MetaBinner.3
k79_59503	ERR011348_MEGAHIT_MetaBinner.3
k79_48347	ERR011348_MEGAHIT_MetaBinner.3
k79_34995	ERR011348_MEGAHIT_MetaBinner.3
k79_46829	ERR011348_MEGAHIT_MetaBinner.3
k79_5165	ERR011348_MEGAHIT_MetaBinner.3
k79_33449	ERR011348_MEGAHIT_MetaBinner.3
k79_31270	ERR011348_MEGAHIT_MetaBinner.3
k79_47625	ERR011348_MEGAHIT_MetaBinner.3
k79_10300	ERR011348_MEGAHIT_MetaBinner.3
k79_25320	ERR011348_MEGAHIT_MetaBinner.3
k79_9283	ERR011348_MEGAHIT_MetaBinner.3
k79_90710	ERR011348_MEGAHIT_MetaBinner.3
k79_10135	ERR011348_MEGAHIT_MetaBinner.3
k79_37665	ERR011348_MEGAHIT_MetaBinner.3
k79_38741	ERR011348_MEGAHIT_MetaBinner.3
k79_27876	ERR011348_MEGAHIT_MetaBinner.3
k79_11030	ERR011348_MEGAHIT_MetaBinner.3
k79_7600	ERR011348_MEGAHIT_MetaBinner.3
k79_78787	ERR011348_MEGAHIT_MetaBinner.3
k79_86103	ERR011348_MEGAHIT_MetaBinner.3
k79_71135	ERR011348_MEGAHIT_MetaBinner.3
k79_9398	ERR011348_MEGAHIT_MetaBinner.3
k79_74203	ERR011348_MEGAHIT_MetaBinner.3
k79_41769	ERR011348_MEGAHIT_MetaBinner.3
k79_14557	ERR011348_MEGAHIT_MetaBinner.3
k79_50060	ERR011348_MEGAHIT_MetaBinner.3
k79_6548	ERR011348_MEGAHIT_MetaBinner.3
k79_50894	ERR011348_MEGAHIT_MetaBinner.3
k79_79645	ERR011348_MEGAHIT_MetaBinner.3
k79_11387	ERR011348_MEGAHIT_MetaBinner.3
k79_40431	ERR011348_MEGAHIT_MetaBinner.3
k79_85408	ERR011348_MEGAHIT_MetaBinner.3
k79_24973	ERR011348_MEGAHIT_MetaBinner.3
k79_64954	ERR011348_MEGAHIT_MetaBinner.3
k79_66451	ERR011348_MEGAHIT_MetaBinner.3
k79_53644	ERR011348_MEGAHIT_MetaBinner.4
k79_21531	ERR011348_MEGAHIT_MetaBinner.4
k79_37269	ERR011348_MEGAHIT_MetaBinner.4
k79_32174	ERR011348_MEGAHIT_MetaBinner.4
k79_18532	ERR011348_MEGAHIT_MetaBinner.4
k79_58486	ERR011348_MEGAHIT_MetaBinner.4
k79_22565	ERR011348_MEGAHIT_MetaBinner.4
k79_5759	ERR011348_MEGAHIT_MetaBinner.4
k79_85621	ERR011348_MEGAHIT_MetaBinner.4
k79_19857	ERR011348_MEGAHIT_MetaBinner.4
k79_47723	ERR011348_MEGAHIT_MetaBinner.4
k79_45865	ERR011348_MEGAHIT_MetaBinner.4
k79_36159	ERR011348_MEGAHIT_MetaBinner.4
k79_48195	ERR011348_MEGAHIT_MetaBinner.4
k79_27069	ERR011348_MEGAHIT_MetaBinner.4
k79_48214	ERR011348_MEGAHIT_MetaBinner.4
k79_46991	ERR011348_MEGAHIT_MetaBinner.4
k79_81953	ERR011348_MEGAHIT_MetaBinner.4
k79_40229	ERR011348_MEGAHIT_MetaBinner.4
k79_27352	ERR011348_MEGAHIT_MetaBinner.4
k79_39518	ERR011348_MEGAHIT_MetaBinner.4
k79_70287	ERR011348_MEGAHIT_MetaBinner.4
k79_69593	ERR011348_MEGAHIT_MetaBinner.4
k79_27792	ERR011348_MEGAHIT_MetaBinner.4
k79_74593	ERR011348_MEGAHIT_MetaBinner.4
k79_52039	ERR011348_MEGAHIT_MetaBinner.4
k79_56661	ERR011348_MEGAHIT_MetaBinner.4
k79_91432	ERR011348_MEGAHIT_MetaBinner.4
k79_62126	ERR011348_MEGAHIT_MetaBinner.4
k79_48024	ERR011348_MEGAHIT_MetaBinner.4
k79_95318	ERR011348_MEGAHIT_MetaBinner.4
k79_75660	ERR011348_MEGAHIT_MetaBinner.4
k79_34195	ERR011348_MEGAHIT_MetaBinner.4
k79_7453	ERR011348_MEGAHIT_MetaBinner.4
k79_49370	ERR011348_MEGAHIT_MetaBinner.4
k79_9327	ERR011348_MEGAHIT_MetaBinner.4
k79_73212	ERR011348_MEGAHIT_MetaBinner.4
k79_31375	ERR011348_MEGAHIT_MetaBinner.4
k79_32343	ERR011348_MEGAHIT_MetaBinner.4
k79_63764	ERR011348_MEGAHIT_MetaBinner.4
k79_77412	ERR011348_MEGAHIT_MetaBinner.4
k79_47672	ERR011348_MEGAHIT_MetaBinner.4
k79_14431	ERR011348_MEGAHIT_MetaBinner.4
k79_62778	ERR011348_MEGAHIT_MetaBinner.4
k79_5010	ERR011348_MEGAHIT_MetaBinner.4
k79_36851	ERR011348_MEGAHIT_MetaBinner.4
k79_15868	ERR011348_MEGAHIT_MetaBinner.4
k79_32700	ERR011348_MEGAHIT_MetaBinner.4
k79_87955	ERR011348_MEGAHIT_MetaBinner.4
k79_10097	ERR011348_MEGAHIT_MetaBinner.4
k79_82356	ERR011348_MEGAHIT_MetaBinner.4
k79_91288	ERR011348_MEGAHIT_MetaBinner.4
k79_26283	ERR011348_MEGAHIT_MetaBinner.4
k79_44997	ERR011348_MEGAHIT_MetaBinner.4
k79_61134	ERR011348_MEGAHIT_MetaBinner.4
k79_6131	ERR011348_MEGAHIT_MetaBinner.4
k79_8219	ERR011348_MEGAHIT_MetaBinner.4
k79_42886	ERR011348_MEGAHIT_MetaBinner.4
k79_60817	ERR011348_MEGAHIT_MetaBinner.4
k79_10744	ERR011348_MEGAHIT_MetaBinner.4
k79_6463	ERR011348_MEGAHIT_MetaBinner.4
k79_68718	ERR011348_MEGAHIT_MetaBinner.4
k79_8296	ERR011348_MEGAHIT_MetaBinner.4
k79_68817	ERR011348_MEGAHIT_MetaBinner.4
k79_75908	ERR011348_MEGAHIT_MetaBinner.4
k79_21930	ERR011348_MEGAHIT_MetaBinner.4
k79_35707	ERR011348_MEGAHIT_MetaBinner.4
k79_7963	ERR011348_MEGAHIT_MetaBinner.4
k79_72837	ERR011348_MEGAHIT_MetaBinner.4
k79_59529	ERR011348_MEGAHIT_MetaBinner.4
k79_25970	ERR011348_MEGAHIT_MetaBinner.4
k79_27524	ERR011348_MEGAHIT_MetaBinner.4
k79_91236	ERR011348_MEGAHIT_MetaBinner.4
k79_8722	ERR011348_MEGAHIT_MetaBinner.4
k79_32341	ERR011348_MEGAHIT_MetaBinner.4
k79_18813	ERR011348_MEGAHIT_MetaBinner.4
k79_70486	ERR011348_MEGAHIT_MetaBinner.4
k79_61890	ERR011348_MEGAHIT_MetaBinner.4
k79_41926	ERR011348_MEGAHIT_MetaBinner.4
k79_74645	ERR011348_MEGAHIT_MetaBinner.4
k79_71549	ERR011348_MEGAHIT_MetaBinner.4
k79_5892	ERR011348_MEGAHIT_MetaBinner.4
k79_78190	ERR011348_MEGAHIT_MetaBinner.4
k79_84316	ERR011348_MEGAHIT_MetaBinner.4
k79_34268	ERR011348_MEGAHIT_MetaBinner.4
k79_2664	ERR011348_MEGAHIT_MetaBinner.4
k79_24897	ERR011348_MEGAHIT_MetaBinner.4
k79_17802	ERR011348_MEGAHIT_MetaBinner.4
k79_85814	ERR011348_MEGAHIT_MetaBinner.4
k79_27139	ERR011348_MEGAHIT_MetaBinner.4
k79_84911	ERR011348_MEGAHIT_MetaBinner.4
k79_86710	ERR011348_MEGAHIT_MetaBinner.4
k79_20602	ERR011348_MEGAHIT_MetaBinner.4
k79_30717	ERR011348_MEGAHIT_MetaBinner.4
k79_88048	ERR011348_MEGAHIT_MetaBinner.4
k79_39596	ERR011348_MEGAHIT_MetaBinner.4
k79_71804	ERR011348_MEGAHIT_MetaBinner.4
k79_69004	ERR011348_MEGAHIT_MetaBinner.4
k79_61623	ERR011348_MEGAHIT_MetaBinner.4
k79_4673	ERR011348_MEGAHIT_MetaBinner.4
k79_74263	ERR011348_MEGAHIT_MetaBinner.4
k79_86281	ERR011348_MEGAHIT_MetaBinner.4
k79_2349	ERR011348_MEGAHIT_MetaBinner.4
k79_50039	ERR011348_MEGAHIT_MetaBinner.4
k79_45084	ERR011348_MEGAHIT_MetaBinner.4
k79_43340	ERR011348_MEGAHIT_MetaBinner.4
k79_15211	ERR011348_MEGAHIT_MetaBinner.4
k79_29520	ERR011348_MEGAHIT_MetaBinner.4
k79_11577	ERR011348_MEGAHIT_MetaBinner.4
k79_91049	ERR011348_MEGAHIT_MetaBinner.4
k79_18018	ERR011348_MEGAHIT_MetaBinner.4
k79_51740	ERR011348_MEGAHIT_MetaBinner.4
k79_79169	ERR011348_MEGAHIT_MetaBinner.4
k79_57282	ERR011348_MEGAHIT_MetaBinner.4
k79_56223	ERR011348_MEGAHIT_MetaBinner.4
k79_95484	ERR011348_MEGAHIT_MetaBinner.4
k79_9451	ERR011348_MEGAHIT_MetaBinner.4
k79_34125	ERR011348_MEGAHIT_MetaBinner.4
k79_2567	ERR011348_MEGAHIT_MetaBinner.4
k79_37869	ERR011348_MEGAHIT_MetaBinner.4
k79_5361	ERR011348_MEGAHIT_MetaBinner.4
k79_86851	ERR011348_MEGAHIT_MetaBinner.4
k79_79997	ERR011348_MEGAHIT_MetaBinner.4
k79_34382	ERR011348_MEGAHIT_MetaBinner.4
k79_11269	ERR011348_MEGAHIT_MetaBinner.4
k79_26481	ERR011348_MEGAHIT_MetaBinner.4
k79_3763	ERR011348_MEGAHIT_MetaBinner.4
k79_9947	ERR011348_MEGAHIT_MetaBinner.4
k79_46742	ERR011348_MEGAHIT_MetaBinner.4
k79_10642	ERR011348_MEGAHIT_MetaBinner.4
k79_61492	ERR011348_MEGAHIT_MetaBinner.4
k79_61204	ERR011348_MEGAHIT_MetaBinner.4
k79_27531	ERR011348_MEGAHIT_MetaBinner.4
k79_65853	ERR011348_MEGAHIT_MetaBinner.4
k79_2114	ERR011348_MEGAHIT_MetaBinner.4
k79_87070	ERR011348_MEGAHIT_MetaBinner.4
k79_48500	ERR011348_MEGAHIT_MetaBinner.4
k79_68086	ERR011348_MEGAHIT_MetaBinner.4
k79_22754	ERR011348_MEGAHIT_MetaBinner.4
k79_2280	ERR011348_MEGAHIT_MetaBinner.4
k79_44113	ERR011348_MEGAHIT_MetaBinner.4
k79_2532	ERR011348_MEGAHIT_MetaBinner.4
k79_45856	ERR011348_MEGAHIT_MetaBinner.4
k79_66230	ERR011348_MEGAHIT_MetaBinner.4
k79_92814	ERR011348_MEGAHIT_MetaBinner.4
k79_30801	ERR011348_MEGAHIT_MetaBinner.4
k79_31865	ERR011348_MEGAHIT_MetaBinner.4
k79_68873	ERR011348_MEGAHIT_MetaBinner.4
k79_61049	ERR011348_MEGAHIT_MetaBinner.4
k79_69088	ERR011348_MEGAHIT_MetaBinner.4
k79_86517	ERR011348_MEGAHIT_MetaBinner.4
k79_57973	ERR011348_MEGAHIT_MetaBinner.4
k79_10969	ERR011348_MEGAHIT_MetaBinner.4
k79_7701	ERR011348_MEGAHIT_MetaBinner.4
k79_17764	ERR011348_MEGAHIT_MetaBinner.4
k79_31228	ERR011348_MEGAHIT_MetaBinner.4
k79_94473	ERR011348_MEGAHIT_MetaBinner.4
k79_38175	ERR011348_MEGAHIT_MetaBinner.4
k79_90601	ERR011348_MEGAHIT_MetaBinner.4
k79_81400	ERR011348_MEGAHIT_MetaBinner.4
k79_87144	ERR011348_MEGAHIT_MetaBinner.4
k79_35346	ERR011348_MEGAHIT_MetaBinner.4
k79_28448	ERR011348_MEGAHIT_MetaBinner.4
k79_19316	ERR011348_MEGAHIT_MetaBinner.4
k79_36868	ERR011348_MEGAHIT_MetaBinner.4
k79_80204	ERR011348_MEGAHIT_MetaBinner.4
k79_33447	ERR011348_MEGAHIT_MetaBinner.4
k79_278	ERR011348_MEGAHIT_MetaBinner.4
k79_63002	ERR011348_MEGAHIT_MetaBinner.4
k79_20449	ERR011348_MEGAHIT_MetaBinner.4
k79_40697	ERR011348_MEGAHIT_MetaBinner.4
k79_78942	ERR011348_MEGAHIT_MetaBinner.4
k79_29349	ERR011348_MEGAHIT_MetaBinner.4
k79_19200	ERR011348_MEGAHIT_MetaBinner.4
k79_80177	ERR011348_MEGAHIT_MetaBinner.4
k79_92985	ERR011348_MEGAHIT_MetaBinner.4
k79_47529	ERR011348_MEGAHIT_MetaBinner.4
k79_5795	ERR011348_MEGAHIT_MetaBinner.4
k79_54343	ERR011348_MEGAHIT_MetaBinner.4
k79_88560	ERR011348_MEGAHIT_MetaBinner.4
k79_14900	ERR011348_MEGAHIT_MetaBinner.4
k79_60394	ERR011348_MEGAHIT_MetaBinner.4
k79_64439	ERR011348_MEGAHIT_MetaBinner.4
k79_35618	ERR011348_MEGAHIT_MetaBinner.4
k79_6262	ERR011348_MEGAHIT_MetaBinner.4
k79_84614	ERR011348_MEGAHIT_MetaBinner.4
k79_91068	ERR011348_MEGAHIT_MetaBinner.4
k79_84759	ERR011348_MEGAHIT_MetaBinner.4
k79_62612	ERR011348_MEGAHIT_MetaBinner.4
k79_28369	ERR011348_MEGAHIT_MetaBinner.4
k79_21671	ERR011348_MEGAHIT_MetaBinner.4
k79_94595	ERR011348_MEGAHIT_MetaBinner.4
k79_84867	ERR011348_MEGAHIT_MetaBinner.4
k79_33474	ERR011348_MEGAHIT_MetaBinner.4
k79_80219	ERR011348_MEGAHIT_MetaBinner.4
k79_71221	ERR011348_MEGAHIT_MetaBinner.4
k79_9792	ERR011348_MEGAHIT_MetaBinner.4
k79_28358	ERR011348_MEGAHIT_MetaBinner.4
k79_37698	ERR011348_MEGAHIT_MetaBinner.4
k79_2738	ERR011348_MEGAHIT_MetaBinner.4
k79_83221	ERR011348_MEGAHIT_MetaBinner.4
k79_31812	ERR011348_MEGAHIT_MetaBinner.4
k79_63070	ERR011348_MEGAHIT_MetaBinner.4
k79_57578	ERR011348_MEGAHIT_MetaBinner.4
k79_68009	ERR011348_MEGAHIT_MetaBinner.4
k79_54780	ERR011348_MEGAHIT_MetaBinner.4
k79_26334	ERR011348_MEGAHIT_MetaBinner.4
k79_20846	ERR011348_MEGAHIT_MetaBinner.4
k79_31045	ERR011348_MEGAHIT_MetaBinner.4
k79_71274	ERR011348_MEGAHIT_MetaBinner.4
k79_38463	ERR011348_MEGAHIT_MetaBinner.4
k79_88523	ERR011348_MEGAHIT_MetaBinner.4
k79_25307	ERR011348_MEGAHIT_MetaBinner.4
k79_22274	ERR011348_MEGAHIT_MetaBinner.4
k79_65977	ERR011348_MEGAHIT_MetaBinner.4
k79_7448	ERR011348_MEGAHIT_MetaBinner.4
k79_81604	ERR011348_MEGAHIT_MetaBinner.4
k79_45567	ERR011348_MEGAHIT_MetaBinner.4
k79_57559	ERR011348_MEGAHIT_MetaBinner.4
k79_27102	ERR011348_MEGAHIT_MetaBinner.4
k79_54152	ERR011348_MEGAHIT_MetaBinner.4
k79_74529	ERR011348_MEGAHIT_MetaBinner.4
k79_83272	ERR011348_MEGAHIT_MetaBinner.4
k79_31596	ERR011348_MEGAHIT_MetaBinner.4
k79_69444	ERR011348_MEGAHIT_MetaBinner.4
k79_56130	ERR011348_MEGAHIT_MetaBinner.4
k79_28215	ERR011348_MEGAHIT_MetaBinner.4
k79_54230	ERR011348_MEGAHIT_MetaBinner.4
k79_60331	ERR011348_MEGAHIT_MetaBinner.4
k79_42648	ERR011348_MEGAHIT_MetaBinner.4
k79_28133	ERR011348_MEGAHIT_MetaBinner.4
k79_85115	ERR011348_MEGAHIT_MetaBinner.4
k79_42703	ERR011348_MEGAHIT_MetaBinner.4
k79_4064	ERR011348_MEGAHIT_MetaBinner.4
k79_21962	ERR011348_MEGAHIT_MetaBinner.4
k79_975	ERR011348_MEGAHIT_MetaBinner.4
k79_72641	ERR011348_MEGAHIT_MetaBinner.4
k79_87453	ERR011348_MEGAHIT_MetaBinner.4
k79_46361	ERR011348_MEGAHIT_MetaBinner.4
k79_11716	ERR011348_MEGAHIT_MetaBinner.4
k79_67731	ERR011348_MEGAHIT_MetaBinner.4
k79_8591	ERR011348_MEGAHIT_MetaBinner.4
k79_77109	ERR011348_MEGAHIT_MetaBinner.4
k79_8330	ERR011348_MEGAHIT_MetaBinner.4
k79_54228	ERR011348_MEGAHIT_MetaBinner.4
k79_14460	ERR011348_MEGAHIT_MetaBinner.4
k79_18776	ERR011348_MEGAHIT_MetaBinner.4
k79_26351	ERR011348_MEGAHIT_MetaBinner.4
k79_4203	ERR011348_MEGAHIT_MetaBinner.4
k79_8246	ERR011348_MEGAHIT_MetaBinner.4
k79_36356	ERR011348_MEGAHIT_MetaBinner.4
k79_52881	ERR011348_MEGAHIT_MetaBinner.4
k79_34118	ERR011348_MEGAHIT_MetaBinner.4
k79_91791	ERR011348_MEGAHIT_MetaBinner.4
k79_77458	ERR011348_MEGAHIT_MetaBinner.4
k79_85701	ERR011348_MEGAHIT_MetaBinner.4
k79_14071	ERR011348_MEGAHIT_MetaBinner.4
k79_59426	ERR011348_MEGAHIT_MetaBinner.4
k79_16276	ERR011348_MEGAHIT_MetaBinner.4
k79_1611	ERR011348_MEGAHIT_MetaBinner.4
k79_21565	ERR011348_MEGAHIT_MetaBinner.4
k79_92445	ERR011348_MEGAHIT_MetaBinner.4
k79_42614	ERR011348_MEGAHIT_MetaBinner.4
k79_65259	ERR011348_MEGAHIT_MetaBinner.4
k79_79505	ERR011348_MEGAHIT_MetaBinner.4
k79_88587	ERR011348_MEGAHIT_MetaBinner.4
k79_50030	ERR011348_MEGAHIT_MetaBinner.4
k79_82080	ERR011348_MEGAHIT_MetaBinner.4
k79_5687	ERR011348_MEGAHIT_MetaBinner.4
k79_79273	ERR011348_MEGAHIT_MetaBinner.4
k79_49254	ERR011348_MEGAHIT_MetaBinner.4
k79_91916	ERR011348_MEGAHIT_MetaBinner.4
k79_19270	ERR011348_MEGAHIT_MetaBinner.4
k79_32553	ERR011348_MEGAHIT_MetaBinner.4
k79_49532	ERR011348_MEGAHIT_MetaBinner.4
k79_20150	ERR011348_MEGAHIT_MetaBinner.4
k79_70877	ERR011348_MEGAHIT_MetaBinner.4
k79_28160	ERR011348_MEGAHIT_MetaBinner.4
k79_13876	ERR011348_MEGAHIT_MetaBinner.4
k79_29653	ERR011348_MEGAHIT_MetaBinner.4
k79_5066	ERR011348_MEGAHIT_MetaBinner.4
k79_90786	ERR011348_MEGAHIT_MetaBinner.4
k79_5943	ERR011348_MEGAHIT_MetaBinner.4
k79_71585	ERR011348_MEGAHIT_MetaBinner.4
k79_68452	ERR011348_MEGAHIT_MetaBinner.4
k79_75694	ERR011348_MEGAHIT_MetaBinner.4
k79_86386	ERR011348_MEGAHIT_MetaBinner.4
k79_23060	ERR011348_MEGAHIT_MetaBinner.4
k79_14390	ERR011348_MEGAHIT_MetaBinner.4
k79_57921	ERR011348_MEGAHIT_MetaBinner.4
k79_74605	ERR011348_MEGAHIT_MetaBinner.4
k79_91962	ERR011348_MEGAHIT_MetaBinner.4
k79_49323	ERR011348_MEGAHIT_MetaBinner.4
k79_7213	ERR011348_MEGAHIT_MetaBinner.4
k79_56429	ERR011348_MEGAHIT_MetaBinner.4
k79_22244	ERR011348_MEGAHIT_MetaBinner.4
k79_10128	ERR011348_MEGAHIT_MetaBinner.4
k79_8451	ERR011348_MEGAHIT_MetaBinner.4
k79_87622	ERR011348_MEGAHIT_MetaBinner.4
k79_85727	ERR011348_MEGAHIT_MetaBinner.4
k79_1989	ERR011348_MEGAHIT_MetaBinner.4
k79_41834	ERR011348_MEGAHIT_MetaBinner.4
k79_76138	ERR011348_MEGAHIT_MetaBinner.4
k79_94170	ERR011348_MEGAHIT_MetaBinner.4
k79_30492	ERR011348_MEGAHIT_MetaBinner.4
k79_93691	ERR011348_MEGAHIT_MetaBinner.4
k79_41347	ERR011348_MEGAHIT_MetaBinner.4
k79_83417	ERR011348_MEGAHIT_MetaBinner.4
k79_67067	ERR011348_MEGAHIT_MetaBinner.4
k79_31718	ERR011348_MEGAHIT_MetaBinner.4
k79_21622	ERR011348_MEGAHIT_MetaBinner.4
k79_49324	ERR011348_MEGAHIT_MetaBinner.4
k79_95275	ERR011348_MEGAHIT_MetaBinner.4
k79_74148	ERR011348_MEGAHIT_MetaBinner.4
k79_3939	ERR011348_MEGAHIT_MetaBinner.4
k79_25806	ERR011348_MEGAHIT_MetaBinner.4
k79_25087	ERR011348_MEGAHIT_MetaBinner.4
k79_43781	ERR011348_MEGAHIT_MetaBinner.4
k79_84771	ERR011348_MEGAHIT_MetaBinner.4
k79_11761	ERR011348_MEGAHIT_MetaBinner.4
k79_24794	ERR011348_MEGAHIT_MetaBinner.4
k79_32584	ERR011348_MEGAHIT_MetaBinner.4
k79_36015	ERR011348_MEGAHIT_MetaBinner.4
k79_67607	ERR011348_MEGAHIT_MetaBinner.4
k79_60471	ERR011348_MEGAHIT_MetaBinner.4
k79_7768	ERR011348_MEGAHIT_MetaBinner.4
k79_95491	ERR011348_MEGAHIT_MetaBinner.4
k79_4851	ERR011348_MEGAHIT_MetaBinner.4
k79_7873	ERR011348_MEGAHIT_MetaBinner.4
k79_74955	ERR011348_MEGAHIT_MetaBinner.4
k79_28950	ERR011348_MEGAHIT_MetaBinner.4
k79_29501	ERR011348_MEGAHIT_MetaBinner.4
k79_85377	ERR011348_MEGAHIT_MetaBinner.4
k79_26594	ERR011348_MEGAHIT_MetaBinner.4
k79_5585	ERR011348_MEGAHIT_MetaBinner.4
k79_79859	ERR011348_MEGAHIT_MetaBinner.4
k79_4050	ERR011348_MEGAHIT_MetaBinner.4
k79_92813	ERR011348_MEGAHIT_MetaBinner.4
k79_35807	ERR011348_MEGAHIT_MetaBinner.4
k79_90726	ERR011348_MEGAHIT_MetaBinner.4
k79_7737	ERR011348_MEGAHIT_MetaBinner.4
k79_31138	ERR011348_MEGAHIT_MetaBinner.4
k79_4371	ERR011348_MEGAHIT_MetaBinner.4
k79_92406	ERR011348_MEGAHIT_MetaBinner.4
k79_35224	ERR011348_MEGAHIT_MetaBinner.4
k79_38200	ERR011348_MEGAHIT_MetaBinner.4
k79_65118	ERR011348_MEGAHIT_MetaBinner.4
k79_20836	ERR011348_MEGAHIT_MetaBinner.4
k79_49064	ERR011348_MEGAHIT_MetaBinner.4
k79_91662	ERR011348_MEGAHIT_MetaBinner.4
k79_45565	ERR011348_MEGAHIT_MetaBinner.4
k79_23238	ERR011348_MEGAHIT_MetaBinner.4
k79_35835	ERR011348_MEGAHIT_MetaBinner.4
k79_90895	ERR011348_MEGAHIT_MetaBinner.4
k79_52993	ERR011348_MEGAHIT_MetaBinner.4
k79_30352	ERR011348_MEGAHIT_MetaBinner.4
k79_90066	ERR011348_MEGAHIT_MetaBinner.4
k79_7967	ERR011348_MEGAHIT_MetaBinner.4
k79_273	ERR011348_MEGAHIT_MetaBinner.4
k79_31825	ERR011348_MEGAHIT_MetaBinner.4
k79_48988	ERR011348_MEGAHIT_MetaBinner.4
k79_58534	ERR011348_MEGAHIT_MetaBinner.4
k79_88624	ERR011348_MEGAHIT_MetaBinner.4
k79_11961	ERR011348_MEGAHIT_MetaBinner.4
k79_83757	ERR011348_MEGAHIT_MetaBinner.4
k79_30592	ERR011348_MEGAHIT_MetaBinner.4
k79_62724	ERR011348_MEGAHIT_MetaBinner.4
k79_37745	ERR011348_MEGAHIT_MetaBinner.4
k79_3591	ERR011348_MEGAHIT_MetaBinner.4
k79_56339	ERR011348_MEGAHIT_MetaBinner.4
k79_36914	ERR011348_MEGAHIT_MetaBinner.4
k79_12655	ERR011348_MEGAHIT_MetaBinner.4
k79_54696	ERR011348_MEGAHIT_MetaBinner.4
k79_31816	ERR011348_MEGAHIT_MetaBinner.4
k79_47871	ERR011348_MEGAHIT_MetaBinner.4
k79_6295	ERR011348_MEGAHIT_MetaBinner.4
k79_32144	ERR011348_MEGAHIT_MetaBinner.4
k79_40072	ERR011348_MEGAHIT_MetaBinner.4
k79_22090	ERR011348_MEGAHIT_MetaBinner.4
k79_37529	ERR011348_MEGAHIT_MetaBinner.4
k79_2286	ERR011348_MEGAHIT_MetaBinner.4
k79_59567	ERR011348_MEGAHIT_MetaBinner.4
k79_20659	ERR011348_MEGAHIT_MetaBinner.4
k79_70528	ERR011348_MEGAHIT_MetaBinner.4
k79_52546	ERR011348_MEGAHIT_MetaBinner.4
k79_77116	ERR011348_MEGAHIT_MetaBinner.4
k79_67790	ERR011348_MEGAHIT_MetaBinner.4
k79_62066	ERR011348_MEGAHIT_MetaBinner.4
k79_52908	ERR011348_MEGAHIT_MetaBinner.4
k79_40520	ERR011348_MEGAHIT_MetaBinner.4
k79_94577	ERR011348_MEGAHIT_MetaBinner.4
k79_5947	ERR011348_MEGAHIT_MetaBinner.4
k79_96287	ERR011348_MEGAHIT_MetaBinner.4
k79_19445	ERR011348_MEGAHIT_MetaBinner.4
k79_50236	ERR011348_MEGAHIT_MetaBinner.4
k79_78938	ERR011348_MEGAHIT_MetaBinner.4
k79_89104	ERR011348_MEGAHIT_MetaBinner.4
k79_32096	ERR011348_MEGAHIT_MetaBinner.4
k79_8239	ERR011348_MEGAHIT_MetaBinner.4
k79_63137	ERR011348_MEGAHIT_MetaBinner.4
k79_62514	ERR011348_MEGAHIT_MetaBinner.4
k79_51543	ERR011348_MEGAHIT_MetaBinner.4
k79_69877	ERR011348_MEGAHIT_MetaBinner.4
k79_89510	ERR011348_MEGAHIT_MetaBinner.4
k79_66682	ERR011348_MEGAHIT_MetaBinner.4
k79_49777	ERR011348_MEGAHIT_MetaBinner.4
k79_45894	ERR011348_MEGAHIT_MetaBinner.4
k79_9044	ERR011348_MEGAHIT_MetaBinner.4
k79_66366	ERR011348_MEGAHIT_MetaBinner.4
k79_37342	ERR011348_MEGAHIT_MetaBinner.4
k79_30815	ERR011348_MEGAHIT_MetaBinner.4
k79_59851	ERR011348_MEGAHIT_MetaBinner.4
k79_12029	ERR011348_MEGAHIT_MetaBinner.4
k79_50467	ERR011348_MEGAHIT_MetaBinner.4
k79_88925	ERR011348_MEGAHIT_MetaBinner.4
k79_3950	ERR011348_MEGAHIT_MetaBinner.4
k79_33626	ERR011348_MEGAHIT_MetaBinner.4
k79_19398	ERR011348_MEGAHIT_MetaBinner.4
k79_85593	ERR011348_MEGAHIT_MetaBinner.4
k79_67844	ERR011348_MEGAHIT_MetaBinner.4
k79_96247	ERR011348_MEGAHIT_MetaBinner.4
k79_47652	ERR011348_MEGAHIT_MetaBinner.4
k79_25956	ERR011348_MEGAHIT_MetaBinner.4
k79_7165	ERR011348_MEGAHIT_MetaBinner.4
k79_12025	ERR011348_MEGAHIT_MetaBinner.4
k79_74807	ERR011348_MEGAHIT_MetaBinner.4
k79_4554	ERR011348_MEGAHIT_MetaBinner.4
k79_90667	ERR011348_MEGAHIT_MetaBinner.4
k79_51832	ERR011348_MEGAHIT_MetaBinner.4
k79_70270	ERR011348_MEGAHIT_MetaBinner.4
k79_43557	ERR011348_MEGAHIT_MetaBinner.4
k79_25896	ERR011348_MEGAHIT_MetaBinner.4
k79_60180	ERR011348_MEGAHIT_MetaBinner.4
k79_50859	ERR011348_MEGAHIT_MetaBinner.4
k79_55439	ERR011348_MEGAHIT_MetaBinner.4
k79_84773	ERR011348_MEGAHIT_MetaBinner.4
k79_85481	ERR011348_MEGAHIT_MetaBinner.4
k79_30855	ERR011348_MEGAHIT_MetaBinner.4
k79_83913	ERR011348_MEGAHIT_MetaBinner.4
k79_8339	ERR011348_MEGAHIT_MetaBinner.4
k79_30631	ERR011348_MEGAHIT_MetaBinner.4
k79_35350	ERR011348_MEGAHIT_MetaBinner.4
k79_77660	ERR011348_MEGAHIT_MetaBinner.4
k79_54386	ERR011348_MEGAHIT_MetaBinner.4
k79_83786	ERR011348_MEGAHIT_MetaBinner.4
k79_73802	ERR011348_MEGAHIT_MetaBinner.4
k79_89897	ERR011348_MEGAHIT_MetaBinner.4
k79_81935	ERR011348_MEGAHIT_MetaBinner.4
k79_79942	ERR011348_MEGAHIT_MetaBinner.4
k79_68274	ERR011348_MEGAHIT_MetaBinner.4
k79_24085	ERR011348_MEGAHIT_MetaBinner.4
k79_26881	ERR011348_MEGAHIT_MetaBinner.4
k79_7094	ERR011348_MEGAHIT_MetaBinner.4
k79_75312	ERR011348_MEGAHIT_MetaBinner.4
k79_11020	ERR011348_MEGAHIT_MetaBinner.4
k79_38958	ERR011348_MEGAHIT_MetaBinner.4
k79_53583	ERR011348_MEGAHIT_MetaBinner.4
k79_38628	ERR011348_MEGAHIT_MetaBinner.4
k79_81359	ERR011348_MEGAHIT_MetaBinner.4
k79_66103	ERR011348_MEGAHIT_MetaBinner.4
k79_33875	ERR011348_MEGAHIT_MetaBinner.4
k79_52168	ERR011348_MEGAHIT_MetaBinner.4
k79_41697	ERR011348_MEGAHIT_MetaBinner.4
k79_80494	ERR011348_MEGAHIT_MetaBinner.4
k79_80128	ERR011348_MEGAHIT_MetaBinner.4
k79_52989	ERR011348_MEGAHIT_MetaBinner.4
k79_17873	ERR011348_MEGAHIT_MetaBinner.4
k79_4734	ERR011348_MEGAHIT_MetaBinner.4
k79_28169	ERR011348_MEGAHIT_MetaBinner.4
k79_15400	ERR011348_MEGAHIT_MetaBinner.4
k79_29613	ERR011348_MEGAHIT_MetaBinner.4
k79_45813	ERR011348_MEGAHIT_MetaBinner.4
k79_87868	ERR011348_MEGAHIT_MetaBinner.4
k79_15356	ERR011348_MEGAHIT_MetaBinner.4
k79_81617	ERR011348_MEGAHIT_MetaBinner.4
k79_29933	ERR011348_MEGAHIT_MetaBinner.4
k79_3994	ERR011348_MEGAHIT_MetaBinner.4
k79_5920	ERR011348_MEGAHIT_MetaBinner.4
k79_95889	ERR011348_MEGAHIT_MetaBinner.4
k79_57791	ERR011348_MEGAHIT_MetaBinner.4
k79_67547	ERR011348_MEGAHIT_MetaBinner.4
k79_81561	ERR011348_MEGAHIT_MetaBinner.4
k79_87020	ERR011348_MEGAHIT_MetaBinner.4
k79_19618	ERR011348_MEGAHIT_MetaBinner.4
k79_61927	ERR011348_MEGAHIT_MetaBinner.4
k79_13200	ERR011348_MEGAHIT_MetaBinner.4
k79_33706	ERR011348_MEGAHIT_MetaBinner.4
k79_15887	ERR011348_MEGAHIT_MetaBinner.4
k79_45295	ERR011348_MEGAHIT_MetaBinner.4
k79_42400	ERR011348_MEGAHIT_MetaBinner.4
k79_89796	ERR011348_MEGAHIT_MetaBinner.4
k79_32371	ERR011348_MEGAHIT_MetaBinner.4
k79_80310	ERR011348_MEGAHIT_MetaBinner.4
k79_3326	ERR011348_MEGAHIT_MetaBinner.4
k79_77727	ERR011348_MEGAHIT_MetaBinner.4
k79_51148	ERR011348_MEGAHIT_MetaBinner.4
k79_81461	ERR011348_MEGAHIT_MetaBinner.4
k79_26799	ERR011348_MEGAHIT_MetaBinner.4
k79_30488	ERR011348_MEGAHIT_MetaBinner.4
k79_36534	ERR011348_MEGAHIT_MetaBinner.4
k79_5705	ERR011348_MEGAHIT_MetaBinner.4
k79_29951	ERR011348_MEGAHIT_MetaBinner.4
k79_14877	ERR011348_MEGAHIT_MetaBinner.4
k79_25119	ERR011348_MEGAHIT_MetaBinner.4
k79_70655	ERR011348_MEGAHIT_MetaBinner.4
k79_87740	ERR011348_MEGAHIT_MetaBinner.4
k79_7629	ERR011348_MEGAHIT_MetaBinner.4
k79_12913	ERR011348_MEGAHIT_MetaBinner.4
k79_13652	ERR011348_MEGAHIT_MetaBinner.4
k79_15640	ERR011348_MEGAHIT_MetaBinner.4
k79_71324	ERR011348_MEGAHIT_MetaBinner.4
k79_31885	ERR011348_MEGAHIT_MetaBinner.4
k79_91898	ERR011348_MEGAHIT_MetaBinner.4
k79_95840	ERR011348_MEGAHIT_MetaBinner.4
k79_992	ERR011348_MEGAHIT_MetaBinner.4
k79_6892	ERR011348_MEGAHIT_MetaBinner.4
k79_75578	ERR011348_MEGAHIT_MetaBinner.4
k79_71156	ERR011348_MEGAHIT_MetaBinner.4
k79_4283	ERR011348_MEGAHIT_MetaBinner.4
k79_94639	ERR011348_MEGAHIT_MetaBinner.4
k79_27254	ERR011348_MEGAHIT_MetaBinner.4
k79_52935	ERR011348_MEGAHIT_MetaBinner.4
k79_30523	ERR011348_MEGAHIT_MetaBinner.4
k79_28106	ERR011348_MEGAHIT_MetaBinner.4
k79_28233	ERR011348_MEGAHIT_MetaBinner.4
k79_36115	ERR011348_MEGAHIT_MetaBinner.4
k79_29393	ERR011348_MEGAHIT_MetaBinner.4
k79_21734	ERR011348_MEGAHIT_MetaBinner.4
k79_26460	ERR011348_MEGAHIT_MetaBinner.4
k79_26384	ERR011348_MEGAHIT_MetaBinner.4
k79_43895	ERR011348_MEGAHIT_MetaBinner.4
k79_29691	ERR011348_MEGAHIT_MetaBinner.4
k79_51656	ERR011348_MEGAHIT_MetaBinner.4
k79_49260	ERR011348_MEGAHIT_MetaBinner.4
k79_15362	ERR011348_MEGAHIT_MetaBinner.4
k79_74387	ERR011348_MEGAHIT_MetaBinner.4
k79_35209	ERR011348_MEGAHIT_MetaBinner.4
k79_38168	ERR011348_MEGAHIT_MetaBinner.4
k79_35189	ERR011348_MEGAHIT_MetaBinner.4
k79_28219	ERR011348_MEGAHIT_MetaBinner.4
k79_27661	ERR011348_MEGAHIT_MetaBinner.4
k79_68511	ERR011348_MEGAHIT_MetaBinner.4
k79_54693	ERR011348_MEGAHIT_MetaBinner.4
k79_27663	ERR011348_MEGAHIT_MetaBinner.4
k79_17018	ERR011348_MEGAHIT_MetaBinner.4
k79_7145	ERR011348_MEGAHIT_MetaBinner.4
k79_11457	ERR011348_MEGAHIT_MetaBinner.4
k79_66712	ERR011348_MEGAHIT_MetaBinner.4
k79_33935	ERR011348_MEGAHIT_MetaBinner.4
k79_50148	ERR011348_MEGAHIT_MetaBinner.4
k79_22875	ERR011348_MEGAHIT_MetaBinner.4
k79_26578	ERR011348_MEGAHIT_MetaBinner.4
k79_72454	ERR011348_MEGAHIT_MetaBinner.4
k79_51269	ERR011348_MEGAHIT_MetaBinner.4
k79_58568	ERR011348_MEGAHIT_MetaBinner.4
k79_2424	ERR011348_MEGAHIT_MetaBinner.4
k79_47609	ERR011348_MEGAHIT_MetaBinner.4
k79_53539	ERR011348_MEGAHIT_MetaBinner.4
k79_53694	ERR011348_MEGAHIT_MetaBinner.4
k79_58608	ERR011348_MEGAHIT_MetaBinner.4
k79_15223	ERR011348_MEGAHIT_MetaBinner.4
k79_10226	ERR011348_MEGAHIT_MetaBinner.4
k79_28456	ERR011348_MEGAHIT_MetaBinner.4
k79_35305	ERR011348_MEGAHIT_MetaBinner.4
k79_83006	ERR011348_MEGAHIT_MetaBinner.4
k79_41210	ERR011348_MEGAHIT_MetaBinner.4
k79_43360	ERR011348_MEGAHIT_MetaBinner.4
k79_11727	ERR011348_MEGAHIT_MetaBinner.4
k79_42373	ERR011348_MEGAHIT_MetaBinner.4
k79_24492	ERR011348_MEGAHIT_MetaBinner.4
k79_24784	ERR011348_MEGAHIT_MetaBinner.4
k79_75629	ERR011348_MEGAHIT_MetaBinner.4
k79_5043	ERR011348_MEGAHIT_MetaBinner.4
k79_27401	ERR011348_MEGAHIT_MetaBinner.4
k79_1713	ERR011348_MEGAHIT_MetaBinner.4
k79_94310	ERR011348_MEGAHIT_MetaBinner.4
k79_33316	ERR011348_MEGAHIT_MetaBinner.4
k79_42398	ERR011348_MEGAHIT_MetaBinner.4
k79_71716	ERR011348_MEGAHIT_MetaBinner.4
k79_27518	ERR011348_MEGAHIT_MetaBinner.4
k79_21570	ERR011348_MEGAHIT_MetaBinner.4
k79_91674	ERR011348_MEGAHIT_MetaBinner.4
k79_87241	ERR011348_MEGAHIT_MetaBinner.4
k79_57801	ERR011348_MEGAHIT_MetaBinner.4
k79_34281	ERR011348_MEGAHIT_MetaBinner.4
k79_15572	ERR011348_MEGAHIT_MetaBinner.4
k79_1837	ERR011348_MEGAHIT_MetaBinner.4
k79_10625	ERR011348_MEGAHIT_MetaBinner.4
k79_66505	ERR011348_MEGAHIT_MetaBinner.4
k79_71609	ERR011348_MEGAHIT_MetaBinner.4
k79_46485	ERR011348_MEGAHIT_MetaBinner.4
k79_81771	ERR011348_MEGAHIT_MetaBinner.4
k79_47835	ERR011348_MEGAHIT_MetaBinner.4
k79_37684	ERR011348_MEGAHIT_MetaBinner.4
k79_88561	ERR011348_MEGAHIT_MetaBinner.4
k79_79907	ERR011348_MEGAHIT_MetaBinner.4
k79_21615	ERR011348_MEGAHIT_MetaBinner.4
k79_82870	ERR011348_MEGAHIT_MetaBinner.4
k79_14442	ERR011348_MEGAHIT_MetaBinner.4
k79_53516	ERR011348_MEGAHIT_MetaBinner.4
k79_33057	ERR011348_MEGAHIT_MetaBinner.4
k79_20130	ERR011348_MEGAHIT_MetaBinner.4
k79_40624	ERR011348_MEGAHIT_MetaBinner.4
k79_5783	ERR011348_MEGAHIT_MetaBinner.4
k79_83855	ERR011348_MEGAHIT_MetaBinner.4
k79_45731	ERR011348_MEGAHIT_MetaBinner.4
k79_28471	ERR011348_MEGAHIT_MetaBinner.4
k79_4632	ERR011348_MEGAHIT_MetaBinner.4
k79_10075	ERR011348_MEGAHIT_MetaBinner.4
k79_68916	ERR011348_MEGAHIT_MetaBinner.4
k79_6232	ERR011348_MEGAHIT_MetaBinner.4
k79_22459	ERR011348_MEGAHIT_MetaBinner.4
k79_12392	ERR011348_MEGAHIT_MetaBinner.4
k79_62762	ERR011348_MEGAHIT_MetaBinner.4
k79_44858	ERR011348_MEGAHIT_MetaBinner.4
k79_42354	ERR011348_MEGAHIT_MetaBinner.4
k79_6201	ERR011348_MEGAHIT_MetaBinner.4
k79_77697	ERR011348_MEGAHIT_MetaBinner.4
k79_78109	ERR011348_MEGAHIT_MetaBinner.4
k79_64027	ERR011348_MEGAHIT_MetaBinner.4
k79_19862	ERR011348_MEGAHIT_MetaBinner.4
k79_57058	ERR011348_MEGAHIT_MetaBinner.4
k79_70558	ERR011348_MEGAHIT_MetaBinner.4
k79_9074	ERR011348_MEGAHIT_MetaBinner.4
k79_6521	ERR011348_MEGAHIT_MetaBinner.4
k79_1744	ERR011348_MEGAHIT_MetaBinner.4
k79_13341	ERR011348_MEGAHIT_MetaBinner.4
k79_35531	ERR011348_MEGAHIT_MetaBinner.4
k79_40719	ERR011348_MEGAHIT_MetaBinner.4
k79_17263	ERR011348_MEGAHIT_MetaBinner.4
k79_45996	ERR011348_MEGAHIT_MetaBinner.4
k79_16475	ERR011348_MEGAHIT_MetaBinner.4
k79_33285	ERR011348_MEGAHIT_MetaBinner.4
k79_50975	ERR011348_MEGAHIT_MetaBinner.4
k79_79460	ERR011348_MEGAHIT_MetaBinner.4
k79_5734	ERR011348_MEGAHIT_MetaBinner.4
k79_86719	ERR011348_MEGAHIT_MetaBinner.4
k79_13081	ERR011348_MEGAHIT_MetaBinner.4
k79_46689	ERR011348_MEGAHIT_MetaBinner.4
k79_59938	ERR011348_MEGAHIT_MetaBinner.4
k79_27794	ERR011348_MEGAHIT_MetaBinner.4
k79_58342	ERR011348_MEGAHIT_MetaBinner.4
k79_96098	ERR011348_MEGAHIT_MetaBinner.4
k79_4165	ERR011348_MEGAHIT_MetaBinner.4
k79_29409	ERR011348_MEGAHIT_MetaBinner.4
k79_60051	ERR011348_MEGAHIT_MetaBinner.4
k79_56791	ERR011348_MEGAHIT_MetaBinner.4
k79_70439	ERR011348_MEGAHIT_MetaBinner.4
k79_48761	ERR011348_MEGAHIT_MetaBinner.4
k79_49683	ERR011348_MEGAHIT_MetaBinner.4
k79_26808	ERR011348_MEGAHIT_MetaBinner.4
k79_2711	ERR011348_MEGAHIT_MetaBinner.4
k79_89122	ERR011348_MEGAHIT_MetaBinner.4
k79_7408	ERR011348_MEGAHIT_MetaBinner.4
k79_39035	ERR011348_MEGAHIT_MetaBinner.4
k79_76493	ERR011348_MEGAHIT_MetaBinner.4
k79_34439	ERR011348_MEGAHIT_MetaBinner.4
k79_17166	ERR011348_MEGAHIT_MetaBinner.4
k79_89506	ERR011348_MEGAHIT_MetaBinner.4
k79_31639	ERR011348_MEGAHIT_MetaBinner.4
k79_46241	ERR011348_MEGAHIT_MetaBinner.4
k79_49591	ERR011348_MEGAHIT_MetaBinner.4
k79_31206	ERR011348_MEGAHIT_MetaBinner.4
k79_56291	ERR011348_MEGAHIT_MetaBinner.4
k79_29200	ERR011348_MEGAHIT_MetaBinner.4
k79_50303	ERR011348_MEGAHIT_MetaBinner.4
k79_69245	ERR011348_MEGAHIT_MetaBinner.4
k79_84314	ERR011348_MEGAHIT_MetaBinner.4
k79_9500	ERR011348_MEGAHIT_MetaBinner.4
k79_41127	ERR011348_MEGAHIT_MetaBinner.4
k79_2707	ERR011348_MEGAHIT_MetaBinner.4
k79_6225	ERR011348_MEGAHIT_MetaBinner.4
k79_93827	ERR011348_MEGAHIT_MetaBinner.4
k79_69148	ERR011348_MEGAHIT_MetaBinner.4
k79_60962	ERR011348_MEGAHIT_MetaBinner.4
k79_5852	ERR011348_MEGAHIT_MetaBinner.4
k79_22893	ERR011348_MEGAHIT_MetaBinner.4
k79_49438	ERR011348_MEGAHIT_MetaBinner.4
k79_96039	ERR011348_MEGAHIT_MetaBinner.4
k79_19271	ERR011348_MEGAHIT_MetaBinner.4
k79_21666	ERR011348_MEGAHIT_MetaBinner.4
k79_39088	ERR011348_MEGAHIT_MetaBinner.4
k79_82813	ERR011348_MEGAHIT_MetaBinner.4
k79_37013	ERR011348_MEGAHIT_MetaBinner.4
k79_48921	ERR011348_MEGAHIT_MetaBinner.4
k79_44713	ERR011348_MEGAHIT_MetaBinner.4
k79_44125	ERR011348_MEGAHIT_MetaBinner.4
k79_51899	ERR011348_MEGAHIT_MetaBinner.4
k79_73689	ERR011348_MEGAHIT_MetaBinner.4
k79_35769	ERR011348_MEGAHIT_MetaBinner.4
k79_23832	ERR011348_MEGAHIT_MetaBinner.4
k79_56904	ERR011348_MEGAHIT_MetaBinner.4
k79_69694	ERR011348_MEGAHIT_MetaBinner.4
k79_10925	ERR011348_MEGAHIT_MetaBinner.4
k79_23244	ERR011348_MEGAHIT_MetaBinner.4
k79_10915	ERR011348_MEGAHIT_MetaBinner.4
k79_90878	ERR011348_MEGAHIT_MetaBinner.4
k79_31739	ERR011348_MEGAHIT_MetaBinner.4
k79_3789	ERR011348_MEGAHIT_MetaBinner.4
k79_20413	ERR011348_MEGAHIT_MetaBinner.4
k79_30498	ERR011348_MEGAHIT_MetaBinner.4
k79_74626	ERR011348_MEGAHIT_MetaBinner.4
k79_71369	ERR011348_MEGAHIT_MetaBinner.4
k79_3400	ERR011348_MEGAHIT_MetaBinner.4
k79_930	ERR011348_MEGAHIT_MetaBinner.4
k79_30818	ERR011348_MEGAHIT_MetaBinner.4
k79_7510	ERR011348_MEGAHIT_MetaBinner.4
k79_87079	ERR011348_MEGAHIT_MetaBinner.4
k79_19496	ERR011348_MEGAHIT_MetaBinner.4
k79_78582	ERR011348_MEGAHIT_MetaBinner.4
k79_31062	ERR011348_MEGAHIT_MetaBinner.4
k79_38859	ERR011348_MEGAHIT_MetaBinner.4
k79_95747	ERR011348_MEGAHIT_MetaBinner.4
k79_9488	ERR011348_MEGAHIT_MetaBinner.4
k79_9023	ERR011348_MEGAHIT_MetaBinner.5
k79_71106	ERR011348_MEGAHIT_MetaBinner.5
k79_36309	ERR011348_MEGAHIT_MetaBinner.5
k79_54870	ERR011348_MEGAHIT_MetaBinner.5
k79_27127	ERR011348_MEGAHIT_MetaBinner.5
k79_95311	ERR011348_MEGAHIT_MetaBinner.5
k79_67784	ERR011348_MEGAHIT_MetaBinner.5
k79_44234	ERR011348_MEGAHIT_MetaBinner.5
k79_42487	ERR011348_MEGAHIT_MetaBinner.5
k79_17892	ERR011348_MEGAHIT_MetaBinner.5
k79_66619	ERR011348_MEGAHIT_MetaBinner.5
k79_80674	ERR011348_MEGAHIT_MetaBinner.5
k79_77042	ERR011348_MEGAHIT_MetaBinner.5
k79_85458	ERR011348_MEGAHIT_MetaBinner.5
k79_58307	ERR011348_MEGAHIT_MetaBinner.5
k79_95376	ERR011348_MEGAHIT_MetaBinner.5
k79_82254	ERR011348_MEGAHIT_MetaBinner.5
k79_45635	ERR011348_MEGAHIT_MetaBinner.5
k79_43526	ERR011348_MEGAHIT_MetaBinner.5
k79_43604	ERR011348_MEGAHIT_MetaBinner.5
k79_48850	ERR011348_MEGAHIT_MetaBinner.5
k79_27219	ERR011348_MEGAHIT_MetaBinner.5
k79_26925	ERR011348_MEGAHIT_MetaBinner.5
k79_41306	ERR011348_MEGAHIT_MetaBinner.5
k79_31099	ERR011348_MEGAHIT_MetaBinner.5
k79_23004	ERR011348_MEGAHIT_MetaBinner.5
k79_96153	ERR011348_MEGAHIT_MetaBinner.5
k79_68188	ERR011348_MEGAHIT_MetaBinner.5
k79_61294	ERR011348_MEGAHIT_MetaBinner.5
k79_44365	ERR011348_MEGAHIT_MetaBinner.5
k79_72945	ERR011348_MEGAHIT_MetaBinner.5
k79_21266	ERR011348_MEGAHIT_MetaBinner.5
k79_52778	ERR011348_MEGAHIT_MetaBinner.5
k79_95880	ERR011348_MEGAHIT_MetaBinner.5
k79_59800	ERR011348_MEGAHIT_MetaBinner.5
k79_61332	ERR011348_MEGAHIT_MetaBinner.5
k79_23470	ERR011348_MEGAHIT_MetaBinner.5
k79_87788	ERR011348_MEGAHIT_MetaBinner.5
k79_25191	ERR011348_MEGAHIT_MetaBinner.5
k79_47910	ERR011348_MEGAHIT_MetaBinner.5
k79_24436	ERR011348_MEGAHIT_MetaBinner.5
k79_93727	ERR011348_MEGAHIT_MetaBinner.5
k79_43865	ERR011348_MEGAHIT_MetaBinner.5
k79_8292	ERR011348_MEGAHIT_MetaBinner.5
k79_91720	ERR011348_MEGAHIT_MetaBinner.5
k79_72608	ERR011348_MEGAHIT_MetaBinner.5
k79_70522	ERR011348_MEGAHIT_MetaBinner.5
k79_37254	ERR011348_MEGAHIT_MetaBinner.5
k79_37438	ERR011348_MEGAHIT_MetaBinner.5
k79_82068	ERR011348_MEGAHIT_MetaBinner.5
k79_93706	ERR011348_MEGAHIT_MetaBinner.5
k79_72898	ERR011348_MEGAHIT_MetaBinner.5
k79_93116	ERR011348_MEGAHIT_MetaBinner.5
k79_16790	ERR011348_MEGAHIT_MetaBinner.5
k79_89226	ERR011348_MEGAHIT_MetaBinner.5
k79_5255	ERR011348_MEGAHIT_MetaBinner.5
k79_6979	ERR011348_MEGAHIT_MetaBinner.5
k79_90837	ERR011348_MEGAHIT_MetaBinner.5
k79_53997	ERR011348_MEGAHIT_MetaBinner.5
k79_31562	ERR011348_MEGAHIT_MetaBinner.5
k79_84542	ERR011348_MEGAHIT_MetaBinner.5
k79_70446	ERR011348_MEGAHIT_MetaBinner.5
k79_31757	ERR011348_MEGAHIT_MetaBinner.5
k79_76229	ERR011348_MEGAHIT_MetaBinner.5
k79_78892	ERR011348_MEGAHIT_MetaBinner.5
k79_1856	ERR011348_MEGAHIT_MetaBinner.5
k79_28128	ERR011348_MEGAHIT_MetaBinner.5
k79_86104	ERR011348_MEGAHIT_MetaBinner.5
k79_96277	ERR011348_MEGAHIT_MetaBinner.5
k79_75347	ERR011348_MEGAHIT_MetaBinner.5
k79_87519	ERR011348_MEGAHIT_MetaBinner.5
k79_38874	ERR011348_MEGAHIT_MetaBinner.5
k79_27972	ERR011348_MEGAHIT_MetaBinner.5
k79_26666	ERR011348_MEGAHIT_MetaBinner.5
k79_33959	ERR011348_MEGAHIT_MetaBinner.5
k79_96239	ERR011348_MEGAHIT_MetaBinner.5
k79_79130	ERR011348_MEGAHIT_MetaBinner.5
k79_80682	ERR011348_MEGAHIT_MetaBinner.5
k79_12917	ERR011348_MEGAHIT_MetaBinner.5
k79_29579	ERR011348_MEGAHIT_MetaBinner.5
k79_51299	ERR011348_MEGAHIT_MetaBinner.5
k79_75777	ERR011348_MEGAHIT_MetaBinner.5
k79_18135	ERR011348_MEGAHIT_MetaBinner.5
k79_9680	ERR011348_MEGAHIT_MetaBinner.5
k79_93346	ERR011348_MEGAHIT_MetaBinner.5
k79_48026	ERR011348_MEGAHIT_MetaBinner.5
k79_60189	ERR011348_MEGAHIT_MetaBinner.5
k79_8603	ERR011348_MEGAHIT_MetaBinner.5
k79_40553	ERR011348_MEGAHIT_MetaBinner.5
k79_19863	ERR011348_MEGAHIT_MetaBinner.5
k79_31217	ERR011348_MEGAHIT_MetaBinner.5
k79_73798	ERR011348_MEGAHIT_MetaBinner.5
k79_75345	ERR011348_MEGAHIT_MetaBinner.5
k79_74149	ERR011348_MEGAHIT_MetaBinner.5
k79_76082	ERR011348_MEGAHIT_MetaBinner.5
k79_959	ERR011348_MEGAHIT_MetaBinner.5
k79_92440	ERR011348_MEGAHIT_MetaBinner.5
k79_74121	ERR011348_MEGAHIT_MetaBinner.5
k79_3074	ERR011348_MEGAHIT_MetaBinner.5
k79_4729	ERR011348_MEGAHIT_MetaBinner.5
k79_77292	ERR011348_MEGAHIT_MetaBinner.5
k79_59000	ERR011348_MEGAHIT_MetaBinner.5
k79_69037	ERR011348_MEGAHIT_MetaBinner.5
k79_93793	ERR011348_MEGAHIT_MetaBinner.5
k79_44012	ERR011348_MEGAHIT_MetaBinner.5
k79_61386	ERR011348_MEGAHIT_MetaBinner.5
k79_8905	ERR011348_MEGAHIT_MetaBinner.5
k79_64289	ERR011348_MEGAHIT_MetaBinner.5
k79_80387	ERR011348_MEGAHIT_MetaBinner.5
k79_93048	ERR011348_MEGAHIT_MetaBinner.5
k79_2244	ERR011348_MEGAHIT_MetaBinner.5
k79_39414	ERR011348_MEGAHIT_MetaBinner.5
k79_44986	ERR011348_MEGAHIT_MetaBinner.5
k79_81583	ERR011348_MEGAHIT_MetaBinner.5
k79_50648	ERR011348_MEGAHIT_MetaBinner.5
k79_19805	ERR011348_MEGAHIT_MetaBinner.5
k79_73674	ERR011348_MEGAHIT_MetaBinner.5
k79_15556	ERR011348_MEGAHIT_MetaBinner.5
k79_10374	ERR011348_MEGAHIT_MetaBinner.5
k79_71215	ERR011348_MEGAHIT_MetaBinner.5
k79_69958	ERR011348_MEGAHIT_MetaBinner.5
k79_30245	ERR011348_MEGAHIT_MetaBinner.5
k79_82076	ERR011348_MEGAHIT_MetaBinner.5
k79_20678	ERR011348_MEGAHIT_MetaBinner.5
k79_10312	ERR011348_MEGAHIT_MetaBinner.5
k79_19286	ERR011348_MEGAHIT_MetaBinner.5
k79_7218	ERR011348_MEGAHIT_MetaBinner.5
k79_15470	ERR011348_MEGAHIT_MetaBinner.5
k79_91350	ERR011348_MEGAHIT_MetaBinner.5
k79_74381	ERR011348_MEGAHIT_MetaBinner.5
k79_38396	ERR011348_MEGAHIT_MetaBinner.5
k79_69485	ERR011348_MEGAHIT_MetaBinner.5
k79_73385	ERR011348_MEGAHIT_MetaBinner.5
k79_84204	ERR011348_MEGAHIT_MetaBinner.5
k79_67013	ERR011348_MEGAHIT_MetaBinner.5
k79_19997	ERR011348_MEGAHIT_MetaBinner.5
k79_84323	ERR011348_MEGAHIT_MetaBinner.5
k79_61965	ERR011348_MEGAHIT_MetaBinner.5
k79_3715	ERR011348_MEGAHIT_MetaBinner.5
k79_69064	ERR011348_MEGAHIT_MetaBinner.5
k79_74516	ERR011348_MEGAHIT_MetaBinner.5
k79_4926	ERR011348_MEGAHIT_MetaBinner.5
k79_17797	ERR011348_MEGAHIT_MetaBinner.5
k79_68514	ERR011348_MEGAHIT_MetaBinner.5
k79_1212	ERR011348_MEGAHIT_MetaBinner.5
k79_7207	ERR011348_MEGAHIT_MetaBinner.5
k79_30011	ERR011348_MEGAHIT_MetaBinner.5
k79_21007	ERR011348_MEGAHIT_MetaBinner.5
k79_83292	ERR011348_MEGAHIT_MetaBinner.5
k79_50526	ERR011348_MEGAHIT_MetaBinner.5
k79_81843	ERR011348_MEGAHIT_MetaBinner.5
k79_32528	ERR011348_MEGAHIT_MetaBinner.5
k79_82497	ERR011348_MEGAHIT_MetaBinner.5
k79_36502	ERR011348_MEGAHIT_MetaBinner.5
k79_31002	ERR011348_MEGAHIT_MetaBinner.5
k79_64970	ERR011348_MEGAHIT_MetaBinner.5
k79_29830	ERR011348_MEGAHIT_MetaBinner.5
k79_162	ERR011348_MEGAHIT_MetaBinner.5
k79_60347	ERR011348_MEGAHIT_MetaBinner.5
k79_25899	ERR011348_MEGAHIT_MetaBinner.5
k79_46925	ERR011348_MEGAHIT_MetaBinner.5
k79_90001	ERR011348_MEGAHIT_MetaBinner.5
k79_16706	ERR011348_MEGAHIT_MetaBinner.5
k79_36652	ERR011348_MEGAHIT_MetaBinner.5
k79_35884	ERR011348_MEGAHIT_MetaBinner.5
k79_56419	ERR011348_MEGAHIT_MetaBinner.5
k79_92630	ERR011348_MEGAHIT_MetaBinner.5
k79_72271	ERR011348_MEGAHIT_MetaBinner.5
k79_89568	ERR011348_MEGAHIT_MetaBinner.5
k79_55515	ERR011348_MEGAHIT_MetaBinner.5
k79_61818	ERR011348_MEGAHIT_MetaBinner.5
k79_35463	ERR011348_MEGAHIT_MetaBinner.5
k79_25145	ERR011348_MEGAHIT_MetaBinner.5
k79_21750	ERR011348_MEGAHIT_MetaBinner.5
k79_94632	ERR011348_MEGAHIT_MetaBinner.5
k79_69607	ERR011348_MEGAHIT_MetaBinner.5
k79_24019	ERR011348_MEGAHIT_MetaBinner.5
k79_89783	ERR011348_MEGAHIT_MetaBinner.5
k79_11909	ERR011348_MEGAHIT_MetaBinner.5
k79_62714	ERR011348_MEGAHIT_MetaBinner.5
k79_16085	ERR011348_MEGAHIT_MetaBinner.5
k79_35622	ERR011348_MEGAHIT_MetaBinner.5
k79_77229	ERR011348_MEGAHIT_MetaBinner.5
k79_55047	ERR011348_MEGAHIT_MetaBinner.5
k79_66521	ERR011348_MEGAHIT_MetaBinner.5
k79_74031	ERR011348_MEGAHIT_MetaBinner.5
k79_63311	ERR011348_MEGAHIT_MetaBinner.5
k79_96241	ERR011348_MEGAHIT_MetaBinner.5
k79_23690	ERR011348_MEGAHIT_MetaBinner.5
k79_47250	ERR011348_MEGAHIT_MetaBinner.5
k79_72486	ERR011348_MEGAHIT_MetaBinner.5
k79_47258	ERR011348_MEGAHIT_MetaBinner.5
k79_73358	ERR011348_MEGAHIT_MetaBinner.5
k79_10607	ERR011348_MEGAHIT_MetaBinner.5
k79_36717	ERR011348_MEGAHIT_MetaBinner.5
k79_73526	ERR011348_MEGAHIT_MetaBinner.5
k79_37668	ERR011348_MEGAHIT_MetaBinner.5
k79_26538	ERR011348_MEGAHIT_MetaBinner.5
k79_47122	ERR011348_MEGAHIT_MetaBinner.5
k79_40681	ERR011348_MEGAHIT_MetaBinner.5
k79_67243	ERR011348_MEGAHIT_MetaBinner.5
k79_16137	ERR011348_MEGAHIT_MetaBinner.5
k79_81511	ERR011348_MEGAHIT_MetaBinner.5
k79_34253	ERR011348_MEGAHIT_MetaBinner.5
k79_31600	ERR011348_MEGAHIT_MetaBinner.5
k79_45891	ERR011348_MEGAHIT_MetaBinner.5
k79_37879	ERR011348_MEGAHIT_MetaBinner.5
k79_24889	ERR011348_MEGAHIT_MetaBinner.5
k79_56386	ERR011348_MEGAHIT_MetaBinner.5
k79_60034	ERR011348_MEGAHIT_MetaBinner.5
k79_16629	ERR011348_MEGAHIT_MetaBinner.5
k79_56154	ERR011348_MEGAHIT_MetaBinner.5
k79_30667	ERR011348_MEGAHIT_MetaBinner.5
k79_72355	ERR011348_MEGAHIT_MetaBinner.5
k79_14092	ERR011348_MEGAHIT_MetaBinner.5
k79_22902	ERR011348_MEGAHIT_MetaBinner.5
k79_86287	ERR011348_MEGAHIT_MetaBinner.5
k79_65177	ERR011348_MEGAHIT_MetaBinner.5
k79_82617	ERR011348_MEGAHIT_MetaBinner.5
k79_36683	ERR011348_MEGAHIT_MetaBinner.5
k79_94887	ERR011348_MEGAHIT_MetaBinner.5
k79_30075	ERR011348_MEGAHIT_MetaBinner.5
k79_28138	ERR011348_MEGAHIT_MetaBinner.5
k79_75426	ERR011348_MEGAHIT_MetaBinner.5
k79_35431	ERR011348_MEGAHIT_MetaBinner.5
k79_32215	ERR011348_MEGAHIT_MetaBinner.5
k79_26437	ERR011348_MEGAHIT_MetaBinner.5
k79_61449	ERR011348_MEGAHIT_MetaBinner.5
k79_95874	ERR011348_MEGAHIT_MetaBinner.5
k79_15538	ERR011348_MEGAHIT_MetaBinner.5
k79_60165	ERR011348_MEGAHIT_MetaBinner.5
k79_68966	ERR011348_MEGAHIT_MetaBinner.5
k79_75186	ERR011348_MEGAHIT_MetaBinner.5
k79_53356	ERR011348_MEGAHIT_MetaBinner.5
k79_7862	ERR011348_MEGAHIT_MetaBinner.5
k79_24202	ERR011348_MEGAHIT_MetaBinner.5
k79_15152	ERR011348_MEGAHIT_MetaBinner.5
k79_19816	ERR011348_MEGAHIT_MetaBinner.5
k79_27041	ERR011348_MEGAHIT_MetaBinner.5
k79_41712	ERR011348_MEGAHIT_MetaBinner.5
k79_23103	ERR011348_MEGAHIT_MetaBinner.5
k79_79399	ERR011348_MEGAHIT_MetaBinner.5
k79_42176	ERR011348_MEGAHIT_MetaBinner.5
k79_12159	ERR011348_MEGAHIT_MetaBinner.5
k79_24344	ERR011348_MEGAHIT_MetaBinner.5
k79_58939	ERR011348_MEGAHIT_MetaBinner.5
k79_19535	ERR011348_MEGAHIT_MetaBinner.5
k79_35779	ERR011348_MEGAHIT_MetaBinner.5
k79_33460	ERR011348_MEGAHIT_MetaBinner.5
k79_24535	ERR011348_MEGAHIT_MetaBinner.5
k79_24983	ERR011348_MEGAHIT_MetaBinner.5
k79_90441	ERR011348_MEGAHIT_MetaBinner.5
k79_69436	ERR011348_MEGAHIT_MetaBinner.5
k79_9882	ERR011348_MEGAHIT_MetaBinner.5
k79_35733	ERR011348_MEGAHIT_MetaBinner.5
k79_80638	ERR011348_MEGAHIT_MetaBinner.5
k79_73981	ERR011348_MEGAHIT_MetaBinner.5
k79_14643	ERR011348_MEGAHIT_MetaBinner.5
k79_9726	ERR011348_MEGAHIT_MetaBinner.5
k79_69622	ERR011348_MEGAHIT_MetaBinner.5
k79_22095	ERR011348_MEGAHIT_MetaBinner.5
k79_58023	ERR011348_MEGAHIT_MetaBinner.5
k79_15604	ERR011348_MEGAHIT_MetaBinner.5
k79_11512	ERR011348_MEGAHIT_MetaBinner.5
k79_40399	ERR011348_MEGAHIT_MetaBinner.5
k79_3730	ERR011348_MEGAHIT_MetaBinner.5
k79_84620	ERR011348_MEGAHIT_MetaBinner.5
k79_53098	ERR011348_MEGAHIT_MetaBinner.5
k79_16274	ERR011348_MEGAHIT_MetaBinner.5
k79_60841	ERR011348_MEGAHIT_MetaBinner.5
k79_35359	ERR011348_MEGAHIT_MetaBinner.5
k79_68794	ERR011348_MEGAHIT_MetaBinner.5
k79_63716	ERR011348_MEGAHIT_MetaBinner.5
k79_4699	ERR011348_MEGAHIT_MetaBinner.5
k79_50867	ERR011348_MEGAHIT_MetaBinner.5
k79_82728	ERR011348_MEGAHIT_MetaBinner.5
k79_16485	ERR011348_MEGAHIT_MetaBinner.5
k79_95099	ERR011348_MEGAHIT_MetaBinner.5
k79_27225	ERR011348_MEGAHIT_MetaBinner.5
k79_87500	ERR011348_MEGAHIT_MetaBinner.5
k79_93453	ERR011348_MEGAHIT_MetaBinner.5
k79_67926	ERR011348_MEGAHIT_MetaBinner.5
k79_27424	ERR011348_MEGAHIT_MetaBinner.5
k79_29891	ERR011348_MEGAHIT_MetaBinner.5
k79_86173	ERR011348_MEGAHIT_MetaBinner.5
k79_82057	ERR011348_MEGAHIT_MetaBinner.5
k79_40586	ERR011348_MEGAHIT_MetaBinner.5
k79_6825	ERR011348_MEGAHIT_MetaBinner.5
k79_76311	ERR011348_MEGAHIT_MetaBinner.5
k79_61194	ERR011348_MEGAHIT_MetaBinner.5
k79_69788	ERR011348_MEGAHIT_MetaBinner.5
k79_70332	ERR011348_MEGAHIT_MetaBinner.5
k79_22431	ERR011348_MEGAHIT_MetaBinner.5
k79_93388	ERR011348_MEGAHIT_MetaBinner.5
k79_67390	ERR011348_MEGAHIT_MetaBinner.5
k79_86235	ERR011348_MEGAHIT_MetaBinner.5
k79_7730	ERR011348_MEGAHIT_MetaBinner.5
k79_49364	ERR011348_MEGAHIT_MetaBinner.5
k79_6187	ERR011348_MEGAHIT_MetaBinner.5
k79_32296	ERR011348_MEGAHIT_MetaBinner.5
k79_28374	ERR011348_MEGAHIT_MetaBinner.5
k79_24337	ERR011348_MEGAHIT_MetaBinner.5
k79_21509	ERR011348_MEGAHIT_MetaBinner.5
k79_17012	ERR011348_MEGAHIT_MetaBinner.5
k79_90105	ERR011348_MEGAHIT_MetaBinner.5
k79_15236	ERR011348_MEGAHIT_MetaBinner.5
k79_69080	ERR011348_MEGAHIT_MetaBinner.5
k79_77533	ERR011348_MEGAHIT_MetaBinner.5
k79_75194	ERR011348_MEGAHIT_MetaBinner.5
k79_21981	ERR011348_MEGAHIT_MetaBinner.5
k79_14123	ERR011348_MEGAHIT_MetaBinner.5
k79_55348	ERR011348_MEGAHIT_MetaBinner.5
k79_51918	ERR011348_MEGAHIT_MetaBinner.5
k79_55251	ERR011348_MEGAHIT_MetaBinner.5
k79_91744	ERR011348_MEGAHIT_MetaBinner.5
k79_35628	ERR011348_MEGAHIT_MetaBinner.5
k79_86270	ERR011348_MEGAHIT_MetaBinner.5
k79_25842	ERR011348_MEGAHIT_MetaBinner.5
k79_45176	ERR011348_MEGAHIT_MetaBinner.5
k79_21456	ERR011348_MEGAHIT_MetaBinner.5
k79_81516	ERR011348_MEGAHIT_MetaBinner.5
k79_69886	ERR011348_MEGAHIT_MetaBinner.5
k79_24247	ERR011348_MEGAHIT_MetaBinner.5
k79_87737	ERR011348_MEGAHIT_MetaBinner.5
k79_78736	ERR011348_MEGAHIT_MetaBinner.5
k79_81412	ERR011348_MEGAHIT_MetaBinner.5
k79_19323	ERR011348_MEGAHIT_MetaBinner.5
k79_79591	ERR011348_MEGAHIT_MetaBinner.5
k79_86840	ERR011348_MEGAHIT_MetaBinner.5
k79_10215	ERR011348_MEGAHIT_MetaBinner.5
k79_73304	ERR011348_MEGAHIT_MetaBinner.5
k79_54330	ERR011348_MEGAHIT_MetaBinner.5
k79_76940	ERR011348_MEGAHIT_MetaBinner.5
k79_24152	ERR011348_MEGAHIT_MetaBinner.5
k79_7692	ERR011348_MEGAHIT_MetaBinner.5
k79_27193	ERR011348_MEGAHIT_MetaBinner.5
k79_23325	ERR011348_MEGAHIT_MetaBinner.5
k79_80083	ERR011348_MEGAHIT_MetaBinner.5
k79_73189	ERR011348_MEGAHIT_MetaBinner.5
k79_77386	ERR011348_MEGAHIT_MetaBinner.5
k79_43411	ERR011348_MEGAHIT_MetaBinner.5
k79_13380	ERR011348_MEGAHIT_MetaBinner.5
k79_22642	ERR011348_MEGAHIT_MetaBinner.5
k79_24015	ERR011348_MEGAHIT_MetaBinner.5
k79_36661	ERR011348_MEGAHIT_MetaBinner.5
k79_55399	ERR011348_MEGAHIT_MetaBinner.5
k79_40245	ERR011348_MEGAHIT_MetaBinner.5
k79_88789	ERR011348_MEGAHIT_MetaBinner.5
k79_8480	ERR011348_MEGAHIT_MetaBinner.5
k79_74183	ERR011348_MEGAHIT_MetaBinner.5
k79_3474	ERR011348_MEGAHIT_MetaBinner.5
k79_26796	ERR011348_MEGAHIT_MetaBinner.5
k79_77957	ERR011348_MEGAHIT_MetaBinner.5
k79_22834	ERR011348_MEGAHIT_MetaBinner.5
k79_79671	ERR011348_MEGAHIT_MetaBinner.5
k79_78283	ERR011348_MEGAHIT_MetaBinner.5
k79_10520	ERR011348_MEGAHIT_MetaBinner.5
k79_38051	ERR011348_MEGAHIT_MetaBinner.5
k79_8870	ERR011348_MEGAHIT_MetaBinner.5
k79_50836	ERR011348_MEGAHIT_MetaBinner.5
k79_82711	ERR011348_MEGAHIT_MetaBinner.5
k79_77547	ERR011348_MEGAHIT_MetaBinner.5
k79_51763	ERR011348_MEGAHIT_MetaBinner.5
k79_62532	ERR011348_MEGAHIT_MetaBinner.5
k79_7341	ERR011348_MEGAHIT_MetaBinner.5
k79_1941	ERR011348_MEGAHIT_MetaBinner.5
k79_73447	ERR011348_MEGAHIT_MetaBinner.5
k79_68755	ERR011348_MEGAHIT_MetaBinner.5
k79_10328	ERR011348_MEGAHIT_MetaBinner.5
k79_4345	ERR011348_MEGAHIT_MetaBinner.5
k79_82702	ERR011348_MEGAHIT_MetaBinner.5
k79_46717	ERR011348_MEGAHIT_MetaBinner.5
k79_67840	ERR011348_MEGAHIT_MetaBinner.5
k79_37520	ERR011348_MEGAHIT_MetaBinner.5
k79_20416	ERR011348_MEGAHIT_MetaBinner.5
k79_52135	ERR011348_MEGAHIT_MetaBinner.5
k79_56867	ERR011348_MEGAHIT_MetaBinner.5
k79_62113	ERR011348_MEGAHIT_MetaBinner.5
k79_46604	ERR011348_MEGAHIT_MetaBinner.5
k79_36982	ERR011348_MEGAHIT_MetaBinner.5
k79_65572	ERR011348_MEGAHIT_MetaBinner.5
k79_38761	ERR011348_MEGAHIT_MetaBinner.5
k79_55984	ERR011348_MEGAHIT_MetaBinner.5
k79_58390	ERR011348_MEGAHIT_MetaBinner.5
k79_80011	ERR011348_MEGAHIT_MetaBinner.5
k79_11757	ERR011348_MEGAHIT_MetaBinner.5
k79_55227	ERR011348_MEGAHIT_MetaBinner.5
k79_21855	ERR011348_MEGAHIT_MetaBinner.5
k79_76477	ERR011348_MEGAHIT_MetaBinner.5
k79_29316	ERR011348_MEGAHIT_MetaBinner.5
k79_59330	ERR011348_MEGAHIT_MetaBinner.5
k79_67071	ERR011348_MEGAHIT_MetaBinner.5
k79_73973	ERR011348_MEGAHIT_MetaBinner.5
k79_65022	ERR011348_MEGAHIT_MetaBinner.5
k79_32642	ERR011348_MEGAHIT_MetaBinner.5
k79_37097	ERR011348_MEGAHIT_MetaBinner.5
k79_12133	ERR011348_MEGAHIT_MetaBinner.5
k79_10911	ERR011348_MEGAHIT_MetaBinner.5
k79_62191	ERR011348_MEGAHIT_MetaBinner.5
k79_15119	ERR011348_MEGAHIT_MetaBinner.5
k79_38226	ERR011348_MEGAHIT_MetaBinner.5
k79_54779	ERR011348_MEGAHIT_MetaBinner.5
k79_37294	ERR011348_MEGAHIT_MetaBinner.5
k79_69821	ERR011348_MEGAHIT_MetaBinner.5
k79_94348	ERR011348_MEGAHIT_MetaBinner.5
k79_83899	ERR011348_MEGAHIT_MetaBinner.5
k79_83088	ERR011348_MEGAHIT_MetaBinner.5
k79_50572	ERR011348_MEGAHIT_MetaBinner.5
k79_79018	ERR011348_MEGAHIT_MetaBinner.5
k79_28661	ERR011348_MEGAHIT_MetaBinner.5
k79_52015	ERR011348_MEGAHIT_MetaBinner.5
k79_15230	ERR011348_MEGAHIT_MetaBinner.5
k79_28909	ERR011348_MEGAHIT_MetaBinner.5
k79_19709	ERR011348_MEGAHIT_MetaBinner.5
k79_36857	ERR011348_MEGAHIT_MetaBinner.5
k79_73431	ERR011348_MEGAHIT_MetaBinner.5
k79_92865	ERR011348_MEGAHIT_MetaBinner.5
k79_55666	ERR011348_MEGAHIT_MetaBinner.5
k79_67128	ERR011348_MEGAHIT_MetaBinner.5
k79_89432	ERR011348_MEGAHIT_MetaBinner.5
k79_70335	ERR011348_MEGAHIT_MetaBinner.5
k79_71801	ERR011348_MEGAHIT_MetaBinner.5
k79_95502	ERR011348_MEGAHIT_MetaBinner.5
k79_10768	ERR011348_MEGAHIT_MetaBinner.5
k79_83091	ERR011348_MEGAHIT_MetaBinner.5
k79_77460	ERR011348_MEGAHIT_MetaBinner.5
k79_18027	ERR011348_MEGAHIT_MetaBinner.5
k79_78604	ERR011348_MEGAHIT_MetaBinner.5
k79_34477	ERR011348_MEGAHIT_MetaBinner.5
k79_25009	ERR011348_MEGAHIT_MetaBinner.5
k79_95979	ERR011348_MEGAHIT_MetaBinner.5
k79_61379	ERR011348_MEGAHIT_MetaBinner.5
k79_38314	ERR011348_MEGAHIT_MetaBinner.5
k79_22097	ERR011348_MEGAHIT_MetaBinner.5
k79_37180	ERR011348_MEGAHIT_MetaBinner.5
k79_40677	ERR011348_MEGAHIT_MetaBinner.5
k79_53246	ERR011348_MEGAHIT_MetaBinner.5
k79_69689	ERR011348_MEGAHIT_MetaBinner.5
k79_24156	ERR011348_MEGAHIT_MetaBinner.5
k79_33097	ERR011348_MEGAHIT_MetaBinner.5
k79_80457	ERR011348_MEGAHIT_MetaBinner.5
k79_14544	ERR011348_MEGAHIT_MetaBinner.5
k79_43247	ERR011348_MEGAHIT_MetaBinner.5
k79_67949	ERR011348_MEGAHIT_MetaBinner.5
k79_30163	ERR011348_MEGAHIT_MetaBinner.5
k79_75569	ERR011348_MEGAHIT_MetaBinner.5
k79_2812	ERR011348_MEGAHIT_MetaBinner.5
k79_75388	ERR011348_MEGAHIT_MetaBinner.5
k79_18644	ERR011348_MEGAHIT_MetaBinner.5
k79_327	ERR011348_MEGAHIT_MetaBinner.5
k79_89292	ERR011348_MEGAHIT_MetaBinner.5
k79_52578	ERR011348_MEGAHIT_MetaBinner.5
k79_973	ERR011348_MEGAHIT_MetaBinner.5
k79_11781	ERR011348_MEGAHIT_MetaBinner.5
k79_52057	ERR011348_MEGAHIT_MetaBinner.5
k79_32289	ERR011348_MEGAHIT_MetaBinner.5
k79_30489	ERR011348_MEGAHIT_MetaBinner.5
k79_79469	ERR011348_MEGAHIT_MetaBinner.5
k79_38568	ERR011348_MEGAHIT_MetaBinner.5
k79_40560	ERR011348_MEGAHIT_MetaBinner.5
k79_3960	ERR011348_MEGAHIT_MetaBinner.5
k79_91071	ERR011348_MEGAHIT_MetaBinner.5
k79_45055	ERR011348_MEGAHIT_MetaBinner.5
k79_13437	ERR011348_MEGAHIT_MetaBinner.5
k79_10897	ERR011348_MEGAHIT_MetaBinner.5
k79_49102	ERR011348_MEGAHIT_MetaBinner.5
k79_95012	ERR011348_MEGAHIT_MetaBinner.5
k79_38766	ERR011348_MEGAHIT_MetaBinner.5
k79_93826	ERR011348_MEGAHIT_MetaBinner.5
k79_44844	ERR011348_MEGAHIT_MetaBinner.5
k79_65624	ERR011348_MEGAHIT_MetaBinner.5
k79_55649	ERR011348_MEGAHIT_MetaBinner.5
k79_95403	ERR011348_MEGAHIT_MetaBinner.5
k79_37906	ERR011348_MEGAHIT_MetaBinner.5
k79_55532	ERR011348_MEGAHIT_MetaBinner.5
k79_28940	ERR011348_MEGAHIT_MetaBinner.5
k79_8363	ERR011348_MEGAHIT_MetaBinner.5
k79_5398	ERR011348_MEGAHIT_MetaBinner.5
k79_86423	ERR011348_MEGAHIT_MetaBinner.5
k79_71122	ERR011348_MEGAHIT_MetaBinner.5
k79_74030	ERR011348_MEGAHIT_MetaBinner.5
k79_56458	ERR011348_MEGAHIT_MetaBinner.5
k79_14066	ERR011348_MEGAHIT_MetaBinner.5
k79_1907	ERR011348_MEGAHIT_MetaBinner.5
k79_29893	ERR011348_MEGAHIT_MetaBinner.5
k79_51034	ERR011348_MEGAHIT_MetaBinner.5
k79_73738	ERR011348_MEGAHIT_MetaBinner.5
k79_87004	ERR011348_MEGAHIT_MetaBinner.5
k79_82228	ERR011348_MEGAHIT_MetaBinner.5
k79_70257	ERR011348_MEGAHIT_MetaBinner.5
k79_88137	ERR011348_MEGAHIT_MetaBinner.5
k79_47400	ERR011348_MEGAHIT_MetaBinner.5
k79_48481	ERR011348_MEGAHIT_MetaBinner.5
k79_24362	ERR011348_MEGAHIT_MetaBinner.5
k79_40151	ERR011348_MEGAHIT_MetaBinner.5
k79_46266	ERR011348_MEGAHIT_MetaBinner.5
k79_68835	ERR011348_MEGAHIT_MetaBinner.6
k79_91430	ERR011348_MEGAHIT_MetaBinner.6
k79_86658	ERR011348_MEGAHIT_MetaBinner.6
k79_24109	ERR011348_MEGAHIT_MetaBinner.6
k79_73292	ERR011348_MEGAHIT_MetaBinner.6
k79_48706	ERR011348_MEGAHIT_MetaBinner.6
k79_76024	ERR011348_MEGAHIT_MetaBinner.6
k79_3992	ERR011348_MEGAHIT_MetaBinner.6
k79_13841	ERR011348_MEGAHIT_MetaBinner.6
k79_64047	ERR011348_MEGAHIT_MetaBinner.6
k79_3613	ERR011348_MEGAHIT_MetaBinner.6
k79_22303	ERR011348_MEGAHIT_MetaBinner.6
k79_16882	ERR011348_MEGAHIT_MetaBinner.6
k79_72441	ERR011348_MEGAHIT_MetaBinner.6
k79_69514	ERR011348_MEGAHIT_MetaBinner.6
k79_24062	ERR011348_MEGAHIT_MetaBinner.6
k79_3300	ERR011348_MEGAHIT_MetaBinner.6
k79_15659	ERR011348_MEGAHIT_MetaBinner.6
k79_82510	ERR011348_MEGAHIT_MetaBinner.6
k79_25774	ERR011348_MEGAHIT_MetaBinner.6
k79_28873	ERR011348_MEGAHIT_MetaBinner.6
k79_53218	ERR011348_MEGAHIT_MetaBinner.6
k79_70172	ERR011348_MEGAHIT_MetaBinner.6
k79_25290	ERR011348_MEGAHIT_MetaBinner.6
k79_66491	ERR011348_MEGAHIT_MetaBinner.6
k79_13663	ERR011348_MEGAHIT_MetaBinner.6
k79_87363	ERR011348_MEGAHIT_MetaBinner.6
k79_95064	ERR011348_MEGAHIT_MetaBinner.6
k79_8521	ERR011348_MEGAHIT_MetaBinner.6
k79_1373	ERR011348_MEGAHIT_MetaBinner.6
k79_44172	ERR011348_MEGAHIT_MetaBinner.6
k79_79912	ERR011348_MEGAHIT_MetaBinner.6
k79_29632	ERR011348_MEGAHIT_MetaBinner.6
k79_67589	ERR011348_MEGAHIT_MetaBinner.6
k79_3278	ERR011348_MEGAHIT_MetaBinner.6
k79_34873	ERR011348_MEGAHIT_MetaBinner.6
k79_92149	ERR011348_MEGAHIT_MetaBinner.6
k79_95416	ERR011348_MEGAHIT_MetaBinner.6
k79_11355	ERR011348_MEGAHIT_MetaBinner.6
k79_58842	ERR011348_MEGAHIT_MetaBinner.6
k79_31711	ERR011348_MEGAHIT_MetaBinner.6
k79_82119	ERR011348_MEGAHIT_MetaBinner.6
k79_25316	ERR011348_MEGAHIT_MetaBinner.6
k79_60947	ERR011348_MEGAHIT_MetaBinner.6
k79_33310	ERR011348_MEGAHIT_MetaBinner.6
k79_73072	ERR011348_MEGAHIT_MetaBinner.6
k79_28780	ERR011348_MEGAHIT_MetaBinner.6
k79_73227	ERR011348_MEGAHIT_MetaBinner.6
k79_31548	ERR011348_MEGAHIT_MetaBinner.6
k79_74069	ERR011348_MEGAHIT_MetaBinner.6
k79_43251	ERR011348_MEGAHIT_MetaBinner.6
k79_51663	ERR011348_MEGAHIT_MetaBinner.6
k79_16975	ERR011348_MEGAHIT_MetaBinner.6
k79_48317	ERR011348_MEGAHIT_MetaBinner.6
k79_30083	ERR011348_MEGAHIT_MetaBinner.6
k79_72473	ERR011348_MEGAHIT_MetaBinner.6
k79_70043	ERR011348_MEGAHIT_MetaBinner.6
k79_77813	ERR011348_MEGAHIT_MetaBinner.6
k79_87014	ERR011348_MEGAHIT_MetaBinner.6
k79_21668	ERR011348_MEGAHIT_MetaBinner.6
k79_53998	ERR011348_MEGAHIT_MetaBinner.6
k79_81810	ERR011348_MEGAHIT_MetaBinner.6
k79_43061	ERR011348_MEGAHIT_MetaBinner.6
k79_70376	ERR011348_MEGAHIT_MetaBinner.6
k79_27678	ERR011348_MEGAHIT_MetaBinner.6
k79_34762	ERR011348_MEGAHIT_MetaBinner.6
k79_71079	ERR011348_MEGAHIT_MetaBinner.6
k79_77356	ERR011348_MEGAHIT_MetaBinner.6
k79_32670	ERR011348_MEGAHIT_MetaBinner.6
k79_46719	ERR011348_MEGAHIT_MetaBinner.6
k79_54081	ERR011348_MEGAHIT_MetaBinner.6
k79_42326	ERR011348_MEGAHIT_MetaBinner.6
k79_81888	ERR011348_MEGAHIT_MetaBinner.6
k79_36147	ERR011348_MEGAHIT_MetaBinner.6
k79_58517	ERR011348_MEGAHIT_MetaBinner.6
k79_824	ERR011348_MEGAHIT_MetaBinner.6
k79_71515	ERR011348_MEGAHIT_MetaBinner.6
k79_54538	ERR011348_MEGAHIT_MetaBinner.6
k79_50079	ERR011348_MEGAHIT_MetaBinner.6
k79_54768	ERR011348_MEGAHIT_MetaBinner.6
k79_1222	ERR011348_MEGAHIT_MetaBinner.6
k79_5540	ERR011348_MEGAHIT_MetaBinner.6
k79_60643	ERR011348_MEGAHIT_MetaBinner.6
k79_20860	ERR011348_MEGAHIT_MetaBinner.6
k79_71565	ERR011348_MEGAHIT_MetaBinner.6
k79_44038	ERR011348_MEGAHIT_MetaBinner.6
k79_83660	ERR011348_MEGAHIT_MetaBinner.6
k79_18221	ERR011348_MEGAHIT_MetaBinner.6
k79_87620	ERR011348_MEGAHIT_MetaBinner.6
k79_76935	ERR011348_MEGAHIT_MetaBinner.6
k79_51306	ERR011348_MEGAHIT_MetaBinner.6
k79_45722	ERR011348_MEGAHIT_MetaBinner.6
k79_47285	ERR011348_MEGAHIT_MetaBinner.6
k79_4166	ERR011348_MEGAHIT_MetaBinner.6
k79_2263	ERR011348_MEGAHIT_MetaBinner.6
k79_7345	ERR011348_MEGAHIT_MetaBinner.6
k79_10771	ERR011348_MEGAHIT_MetaBinner.6
k79_23279	ERR011348_MEGAHIT_MetaBinner.6
k79_81162	ERR011348_MEGAHIT_MetaBinner.6
k79_2440	ERR011348_MEGAHIT_MetaBinner.6
k79_90934	ERR011348_MEGAHIT_MetaBinner.6
k79_32922	ERR011348_MEGAHIT_MetaBinner.6
k79_3881	ERR011348_MEGAHIT_MetaBinner.6
k79_67908	ERR011348_MEGAHIT_MetaBinner.6
k79_55141	ERR011348_MEGAHIT_MetaBinner.6
k79_13589	ERR011348_MEGAHIT_MetaBinner.6
k79_30220	ERR011348_MEGAHIT_MetaBinner.6
k79_50355	ERR011348_MEGAHIT_MetaBinner.6
k79_58362	ERR011348_MEGAHIT_MetaBinner.6
k79_38988	ERR011348_MEGAHIT_MetaBinner.6
k79_52966	ERR011348_MEGAHIT_MetaBinner.6
k79_1246	ERR011348_MEGAHIT_MetaBinner.6
k79_65005	ERR011348_MEGAHIT_MetaBinner.6
k79_3797	ERR011348_MEGAHIT_MetaBinner.6
k79_63375	ERR011348_MEGAHIT_MetaBinner.6
k79_12341	ERR011348_MEGAHIT_MetaBinner.6
k79_43144	ERR011348_MEGAHIT_MetaBinner.6
k79_5729	ERR011348_MEGAHIT_MetaBinner.6
k79_73801	ERR011348_MEGAHIT_MetaBinner.6
k79_76809	ERR011348_MEGAHIT_MetaBinner.6
k79_26077	ERR011348_MEGAHIT_MetaBinner.6
k79_17179	ERR011348_MEGAHIT_MetaBinner.6
k79_95185	ERR011348_MEGAHIT_MetaBinner.6
k79_51606	ERR011348_MEGAHIT_MetaBinner.6
k79_59826	ERR011348_MEGAHIT_MetaBinner.6
k79_81422	ERR011348_MEGAHIT_MetaBinner.6
k79_6782	ERR011348_MEGAHIT_MetaBinner.6
k79_49235	ERR011348_MEGAHIT_MetaBinner.6
k79_32531	ERR011348_MEGAHIT_MetaBinner.6
k79_19938	ERR011348_MEGAHIT_MetaBinner.6
k79_83704	ERR011348_MEGAHIT_MetaBinner.6
k79_10065	ERR011348_MEGAHIT_MetaBinner.6
k79_78946	ERR011348_MEGAHIT_MetaBinner.6
k79_77796	ERR011348_MEGAHIT_MetaBinner.6
k79_17644	ERR011348_MEGAHIT_MetaBinner.6
k79_66962	ERR011348_MEGAHIT_MetaBinner.6
k79_48383	ERR011348_MEGAHIT_MetaBinner.6
k79_17300	ERR011348_MEGAHIT_MetaBinner.6
k79_2421	ERR011348_MEGAHIT_MetaBinner.6
k79_14271	ERR011348_MEGAHIT_MetaBinner.6
k79_65230	ERR011348_MEGAHIT_MetaBinner.6
k79_13468	ERR011348_MEGAHIT_MetaBinner.6
k79_61061	ERR011348_MEGAHIT_MetaBinner.6
k79_81613	ERR011348_MEGAHIT_MetaBinner.6
k79_43173	ERR011348_MEGAHIT_MetaBinner.6
k79_8972	ERR011348_MEGAHIT_MetaBinner.6
k79_75207	ERR011348_MEGAHIT_MetaBinner.6
k79_6372	ERR011348_MEGAHIT_MetaBinner.6
k79_3029	ERR011348_MEGAHIT_MetaBinner.6
k79_54716	ERR011348_MEGAHIT_MetaBinner.6
k79_79407	ERR011348_MEGAHIT_MetaBinner.6
k79_95053	ERR011348_MEGAHIT_MetaBinner.6
k79_46588	ERR011348_MEGAHIT_MetaBinner.6
k79_13425	ERR011348_MEGAHIT_MetaBinner.6
k79_75277	ERR011348_MEGAHIT_MetaBinner.6
k79_43064	ERR011348_MEGAHIT_MetaBinner.6
k79_849	ERR011348_MEGAHIT_MetaBinner.6
k79_68630	ERR011348_MEGAHIT_MetaBinner.6
k79_4010	ERR011348_MEGAHIT_MetaBinner.6
k79_27716	ERR011348_MEGAHIT_MetaBinner.6
k79_35091	ERR011348_MEGAHIT_MetaBinner.6
k79_47678	ERR011348_MEGAHIT_MetaBinner.6
k79_48111	ERR011348_MEGAHIT_MetaBinner.6
k79_76492	ERR011348_MEGAHIT_MetaBinner.6
k79_12212	ERR011348_MEGAHIT_MetaBinner.6
k79_72095	ERR011348_MEGAHIT_MetaBinner.6
k79_5550	ERR011348_MEGAHIT_MetaBinner.6
k79_53629	ERR011348_MEGAHIT_MetaBinner.6
k79_58857	ERR011348_MEGAHIT_MetaBinner.6
k79_3264	ERR011348_MEGAHIT_MetaBinner.6
k79_57432	ERR011348_MEGAHIT_MetaBinner.6
k79_25704	ERR011348_MEGAHIT_MetaBinner.6
k79_20260	ERR011348_MEGAHIT_MetaBinner.6
k79_78106	ERR011348_MEGAHIT_MetaBinner.6
k79_75886	ERR011348_MEGAHIT_MetaBinner.6
k79_62415	ERR011348_MEGAHIT_MetaBinner.6
k79_88676	ERR011348_MEGAHIT_MetaBinner.6
k79_44106	ERR011348_MEGAHIT_MetaBinner.6
k79_81725	ERR011348_MEGAHIT_MetaBinner.6
k79_58102	ERR011348_MEGAHIT_MetaBinner.6
k79_95770	ERR011348_MEGAHIT_MetaBinner.6
k79_12623	ERR011348_MEGAHIT_MetaBinner.6
k79_4878	ERR011348_MEGAHIT_MetaBinner.6
k79_4202	ERR011348_MEGAHIT_MetaBinner.6
k79_29557	ERR011348_MEGAHIT_MetaBinner.6
k79_15811	ERR011348_MEGAHIT_MetaBinner.6
k79_59278	ERR011348_MEGAHIT_MetaBinner.6
k79_48669	ERR011348_MEGAHIT_MetaBinner.6
k79_55419	ERR011348_MEGAHIT_MetaBinner.6
k79_57217	ERR011348_MEGAHIT_MetaBinner.6
k79_66286	ERR011348_MEGAHIT_MetaBinner.6
k79_16412	ERR011348_MEGAHIT_MetaBinner.6
k79_13780	ERR011348_MEGAHIT_MetaBinner.6
k79_74038	ERR011348_MEGAHIT_MetaBinner.6
k79_48797	ERR011348_MEGAHIT_MetaBinner.6
k79_34816	ERR011348_MEGAHIT_MetaBinner.6
k79_57575	ERR011348_MEGAHIT_MetaBinner.6
k79_13646	ERR011348_MEGAHIT_MetaBinner.6
k79_50702	ERR011348_MEGAHIT_MetaBinner.6
k79_94671	ERR011348_MEGAHIT_MetaBinner.6
k79_44247	ERR011348_MEGAHIT_MetaBinner.6
k79_54244	ERR011348_MEGAHIT_MetaBinner.6
k79_28139	ERR011348_MEGAHIT_MetaBinner.6
k79_50173	ERR011348_MEGAHIT_MetaBinner.6
k79_69862	ERR011348_MEGAHIT_MetaBinner.6
k79_18011	ERR011348_MEGAHIT_MetaBinner.6
k79_42531	ERR011348_MEGAHIT_MetaBinner.6
k79_74551	ERR011348_MEGAHIT_MetaBinner.6
k79_15073	ERR011348_MEGAHIT_MetaBinner.6
k79_16153	ERR011348_MEGAHIT_MetaBinner.6
k79_59911	ERR011348_MEGAHIT_MetaBinner.6
k79_39310	ERR011348_MEGAHIT_MetaBinner.6
k79_54490	ERR011348_MEGAHIT_MetaBinner.6
k79_84428	ERR011348_MEGAHIT_MetaBinner.6
k79_90287	ERR011348_MEGAHIT_MetaBinner.6
k79_82403	ERR011348_MEGAHIT_MetaBinner.6
k79_87930	ERR011348_MEGAHIT_MetaBinner.6
k79_51538	ERR011348_MEGAHIT_MetaBinner.6
k79_30557	ERR011348_MEGAHIT_MetaBinner.6
k79_17897	ERR011348_MEGAHIT_MetaBinner.6
k79_42253	ERR011348_MEGAHIT_MetaBinner.6
k79_12272	ERR011348_MEGAHIT_MetaBinner.6
k79_81751	ERR011348_MEGAHIT_MetaBinner.6
k79_95729	ERR011348_MEGAHIT_MetaBinner.6
k79_20536	ERR011348_MEGAHIT_MetaBinner.6
k79_5707	ERR011348_MEGAHIT_MetaBinner.6
k79_85152	ERR011348_MEGAHIT_MetaBinner.6
k79_16774	ERR011348_MEGAHIT_MetaBinner.6
k79_34219	ERR011348_MEGAHIT_MetaBinner.6
k79_49873	ERR011348_MEGAHIT_MetaBinner.6
k79_66693	ERR011348_MEGAHIT_MetaBinner.6
k79_95821	ERR011348_MEGAHIT_MetaBinner.6
k79_44223	ERR011348_MEGAHIT_MetaBinner.6
k79_18706	ERR011348_MEGAHIT_MetaBinner.6
k79_33330	ERR011348_MEGAHIT_MetaBinner.6
k79_20984	ERR011348_MEGAHIT_MetaBinner.6
k79_38794	ERR011348_MEGAHIT_MetaBinner.6
k79_56585	ERR011348_MEGAHIT_MetaBinner.6
k79_61466	ERR011348_MEGAHIT_MetaBinner.6
k79_79188	ERR011348_MEGAHIT_MetaBinner.6
k79_12637	ERR011348_MEGAHIT_MetaBinner.6
k79_36635	ERR011348_MEGAHIT_MetaBinner.6
k79_7257	ERR011348_MEGAHIT_MetaBinner.6
k79_4090	ERR011348_MEGAHIT_MetaBinner.6
k79_9898	ERR011348_MEGAHIT_MetaBinner.6
k79_25011	ERR011348_MEGAHIT_MetaBinner.6
k79_23265	ERR011348_MEGAHIT_MetaBinner.6
k79_66639	ERR011348_MEGAHIT_MetaBinner.6
k79_85162	ERR011348_MEGAHIT_MetaBinner.6
k79_28982	ERR011348_MEGAHIT_MetaBinner.6
k79_79186	ERR011348_MEGAHIT_MetaBinner.6
k79_41754	ERR011348_MEGAHIT_MetaBinner.6
k79_56935	ERR011348_MEGAHIT_MetaBinner.6
k79_47856	ERR011348_MEGAHIT_MetaBinner.6
k79_9491	ERR011348_MEGAHIT_MetaBinner.6
k79_30644	ERR011348_MEGAHIT_MetaBinner.6
k79_46946	ERR011348_MEGAHIT_MetaBinner.6
k79_82046	ERR011348_MEGAHIT_MetaBinner.6
k79_75911	ERR011348_MEGAHIT_MetaBinner.6
k79_50813	ERR011348_MEGAHIT_MetaBinner.6
k79_91158	ERR011348_MEGAHIT_MetaBinner.6
k79_43473	ERR011348_MEGAHIT_MetaBinner.6
k79_57302	ERR011348_MEGAHIT_MetaBinner.6
k79_29539	ERR011348_MEGAHIT_MetaBinner.6
k79_80979	ERR011348_MEGAHIT_MetaBinner.6
k79_12923	ERR011348_MEGAHIT_MetaBinner.6
k79_51385	ERR011348_MEGAHIT_MetaBinner.6
k79_88410	ERR011348_MEGAHIT_MetaBinner.6
k79_90036	ERR011348_MEGAHIT_MetaBinner.6
k79_25173	ERR011348_MEGAHIT_MetaBinner.6
k79_31420	ERR011348_MEGAHIT_MetaBinner.6
k79_21657	ERR011348_MEGAHIT_MetaBinner.6
k79_65133	ERR011348_MEGAHIT_MetaBinner.6
k79_33917	ERR011348_MEGAHIT_MetaBinner.6
k79_92752	ERR011348_MEGAHIT_MetaBinner.6
k79_81829	ERR011348_MEGAHIT_MetaBinner.6
k79_75747	ERR011348_MEGAHIT_MetaBinner.6
k79_67333	ERR011348_MEGAHIT_MetaBinner.6
k79_68943	ERR011348_MEGAHIT_MetaBinner.6
k79_2124	ERR011348_MEGAHIT_MetaBinner.6
k79_56021	ERR011348_MEGAHIT_MetaBinner.6
k79_89612	ERR011348_MEGAHIT_MetaBinner.6
k79_42524	ERR011348_MEGAHIT_MetaBinner.6
k79_78602	ERR011348_MEGAHIT_MetaBinner.6
k79_92297	ERR011348_MEGAHIT_MetaBinner.6
k79_20929	ERR011348_MEGAHIT_MetaBinner.6
k79_5108	ERR011348_MEGAHIT_MetaBinner.6
k79_68441	ERR011348_MEGAHIT_MetaBinner.6
k79_94746	ERR011348_MEGAHIT_MetaBinner.6
k79_32308	ERR011348_MEGAHIT_MetaBinner.6
k79_54744	ERR011348_MEGAHIT_MetaBinner.6
k79_25532	ERR011348_MEGAHIT_MetaBinner.6
k79_47280	ERR011348_MEGAHIT_MetaBinner.6
k79_89520	ERR011348_MEGAHIT_MetaBinner.6
k79_29021	ERR011348_MEGAHIT_MetaBinner.6
k79_34803	ERR011348_MEGAHIT_MetaBinner.6
k79_78986	ERR011348_MEGAHIT_MetaBinner.6
k79_91438	ERR011348_MEGAHIT_MetaBinner.6
k79_24792	ERR011348_MEGAHIT_MetaBinner.6
k79_63232	ERR011348_MEGAHIT_MetaBinner.6
k79_18088	ERR011348_MEGAHIT_MetaBinner.6
k79_1991	ERR011348_MEGAHIT_MetaBinner.6
k79_85645	ERR011348_MEGAHIT_MetaBinner.6
k79_93965	ERR011348_MEGAHIT_MetaBinner.6
k79_76339	ERR011348_MEGAHIT_MetaBinner.6
k79_79704	ERR011348_MEGAHIT_MetaBinner.6
k79_52420	ERR011348_MEGAHIT_MetaBinner.6
k79_4221	ERR011348_MEGAHIT_MetaBinner.6
k79_72683	ERR011348_MEGAHIT_MetaBinner.6
k79_86750	ERR011348_MEGAHIT_MetaBinner.6
k79_56402	ERR011348_MEGAHIT_MetaBinner.6
k79_36235	ERR011348_MEGAHIT_MetaBinner.6
k79_89241	ERR011348_MEGAHIT_MetaBinner.6
k79_60128	ERR011348_MEGAHIT_MetaBinner.6
k79_10201	ERR011348_MEGAHIT_MetaBinner.6
k79_89249	ERR011348_MEGAHIT_MetaBinner.6
k79_30256	ERR011348_MEGAHIT_MetaBinner.6
k79_46635	ERR011348_MEGAHIT_MetaBinner.6
k79_76344	ERR011348_MEGAHIT_MetaBinner.6
k79_62029	ERR011348_MEGAHIT_MetaBinner.6
k79_92293	ERR011348_MEGAHIT_MetaBinner.6
k79_54413	ERR011348_MEGAHIT_MetaBinner.6
k79_27958	ERR011348_MEGAHIT_MetaBinner.6
k79_74969	ERR011348_MEGAHIT_MetaBinner.6
k79_49210	ERR011348_MEGAHIT_MetaBinner.6
k79_11219	ERR011348_MEGAHIT_MetaBinner.6
k79_56490	ERR011348_MEGAHIT_MetaBinner.6
k79_35680	ERR011348_MEGAHIT_MetaBinner.6
k79_74093	ERR011348_MEGAHIT_MetaBinner.6
k79_32673	ERR011348_MEGAHIT_MetaBinner.6
k79_19612	ERR011348_MEGAHIT_MetaBinner.6
k79_73823	ERR011348_MEGAHIT_MetaBinner.6
k79_37769	ERR011348_MEGAHIT_MetaBinner.6
k79_50948	ERR011348_MEGAHIT_MetaBinner.6
k79_9066	ERR011348_MEGAHIT_MetaBinner.6
k79_92555	ERR011348_MEGAHIT_MetaBinner.6
k79_79000	ERR011348_MEGAHIT_MetaBinner.6
k79_26444	ERR011348_MEGAHIT_MetaBinner.6
k79_48574	ERR011348_MEGAHIT_MetaBinner.6
k79_7732	ERR011348_MEGAHIT_MetaBinner.6
k79_89421	ERR011348_MEGAHIT_MetaBinner.6
k79_88175	ERR011348_MEGAHIT_MetaBinner.6
k79_49411	ERR011348_MEGAHIT_MetaBinner.6
k79_5358	ERR011348_MEGAHIT_MetaBinner.6
k79_89447	ERR011348_MEGAHIT_MetaBinner.6
k79_44679	ERR011348_MEGAHIT_MetaBinner.6
k79_59900	ERR011348_MEGAHIT_MetaBinner.6
k79_54349	ERR011348_MEGAHIT_MetaBinner.6
k79_73501	ERR011348_MEGAHIT_MetaBinner.6
k79_58676	ERR011348_MEGAHIT_MetaBinner.6
k79_66984	ERR011348_MEGAHIT_MetaBinner.6
k79_90312	ERR011348_MEGAHIT_MetaBinner.6
k79_82097	ERR011348_MEGAHIT_MetaBinner.6
k79_85681	ERR011348_MEGAHIT_MetaBinner.6
k79_95814	ERR011348_MEGAHIT_MetaBinner.6
k79_94140	ERR011348_MEGAHIT_MetaBinner.6
k79_53118	ERR011348_MEGAHIT_MetaBinner.6
k79_54459	ERR011348_MEGAHIT_MetaBinner.6
k79_92337	ERR011348_MEGAHIT_MetaBinner.6
k79_35285	ERR011348_MEGAHIT_MetaBinner.6
k79_57441	ERR011348_MEGAHIT_MetaBinner.6
k79_1727	ERR011348_MEGAHIT_MetaBinner.6
k79_84479	ERR011348_MEGAHIT_MetaBinner.6
k79_54020	ERR011348_MEGAHIT_MetaBinner.6
k79_65817	ERR011348_MEGAHIT_MetaBinner.6
k79_64745	ERR011348_MEGAHIT_MetaBinner.6
k79_86845	ERR011348_MEGAHIT_MetaBinner.6
k79_87080	ERR011348_MEGAHIT_MetaBinner.6
k79_95411	ERR011348_MEGAHIT_MetaBinner.6
k79_23157	ERR011348_MEGAHIT_MetaBinner.6
k79_71632	ERR011348_MEGAHIT_MetaBinner.6
k79_27867	ERR011348_MEGAHIT_MetaBinner.6
k79_38933	ERR011348_MEGAHIT_MetaBinner.6
k79_17131	ERR011348_MEGAHIT_MetaBinner.6
k79_51598	ERR011348_MEGAHIT_MetaBinner.6
k79_53329	ERR011348_MEGAHIT_MetaBinner.6
k79_5872	ERR011348_MEGAHIT_MetaBinner.6
k79_12338	ERR011348_MEGAHIT_MetaBinner.6
k79_72054	ERR011348_MEGAHIT_MetaBinner.6
k79_47900	ERR011348_MEGAHIT_MetaBinner.6
k79_6033	ERR011348_MEGAHIT_MetaBinner.6
k79_75923	ERR011348_MEGAHIT_MetaBinner.6
k79_60515	ERR011348_MEGAHIT_MetaBinner.6
k79_2506	ERR011348_MEGAHIT_MetaBinner.6
k79_10943	ERR011348_MEGAHIT_MetaBinner.6
k79_3043	ERR011348_MEGAHIT_MetaBinner.6
k79_54781	ERR011348_MEGAHIT_MetaBinner.6
k79_65410	ERR011348_MEGAHIT_MetaBinner.6
k79_56477	ERR011348_MEGAHIT_MetaBinner.6
k79_56542	ERR011348_MEGAHIT_MetaBinner.6
k79_7913	ERR011348_MEGAHIT_MetaBinner.6
k79_48716	ERR011348_MEGAHIT_MetaBinner.6
k79_47758	ERR011348_MEGAHIT_MetaBinner.6
k79_91748	ERR011348_MEGAHIT_MetaBinner.6
k79_69020	ERR011348_MEGAHIT_MetaBinner.6
k79_91739	ERR011348_MEGAHIT_MetaBinner.6
k79_83586	ERR011348_MEGAHIT_MetaBinner.6
k79_37561	ERR011348_MEGAHIT_MetaBinner.6
k79_37283	ERR011348_MEGAHIT_MetaBinner.6
k79_5584	ERR011348_MEGAHIT_MetaBinner.6
k79_75413	ERR011348_MEGAHIT_MetaBinner.6
k79_62635	ERR011348_MEGAHIT_MetaBinner.6
k79_14062	ERR011348_MEGAHIT_MetaBinner.6
k79_93709	ERR011348_MEGAHIT_MetaBinner.6
k79_15627	ERR011348_MEGAHIT_MetaBinner.6
k79_40685	ERR011348_MEGAHIT_MetaBinner.6
k79_17301	ERR011348_MEGAHIT_MetaBinner.6
k79_76322	ERR011348_MEGAHIT_MetaBinner.6
k79_62771	ERR011348_MEGAHIT_MetaBinner.6
k79_65555	ERR011348_MEGAHIT_MetaBinner.6
k79_10257	ERR011348_MEGAHIT_MetaBinner.6
k79_69141	ERR011348_MEGAHIT_MetaBinner.6
k79_78333	ERR011348_MEGAHIT_MetaBinner.6
k79_86824	ERR011348_MEGAHIT_MetaBinner.6
k79_73700	ERR011348_MEGAHIT_MetaBinner.6
k79_26081	ERR011348_MEGAHIT_MetaBinner.6
k79_94801	ERR011348_MEGAHIT_MetaBinner.6
k79_19586	ERR011348_MEGAHIT_MetaBinner.6
k79_85822	ERR011348_MEGAHIT_MetaBinner.6
k79_96275	ERR011348_MEGAHIT_MetaBinner.6
k79_935	ERR011348_MEGAHIT_MetaBinner.6
k79_21712	ERR011348_MEGAHIT_MetaBinner.6
k79_9407	ERR011348_MEGAHIT_MetaBinner.6
k79_46961	ERR011348_MEGAHIT_MetaBinner.6
k79_13952	ERR011348_MEGAHIT_MetaBinner.6
k79_45938	ERR011348_MEGAHIT_MetaBinner.6
k79_68789	ERR011348_MEGAHIT_MetaBinner.6
k79_28772	ERR011348_MEGAHIT_MetaBinner.6
k79_43552	ERR011348_MEGAHIT_MetaBinner.6
k79_57393	ERR011348_MEGAHIT_MetaBinner.6
k79_35130	ERR011348_MEGAHIT_MetaBinner.6
k79_24728	ERR011348_MEGAHIT_MetaBinner.6
k79_28597	ERR011348_MEGAHIT_MetaBinner.6
k79_47761	ERR011348_MEGAHIT_MetaBinner.6
k79_89409	ERR011348_MEGAHIT_MetaBinner.6
k79_1418	ERR011348_MEGAHIT_MetaBinner.6
k79_4912	ERR011348_MEGAHIT_MetaBinner.6
k79_85889	ERR011348_MEGAHIT_MetaBinner.6
k79_25006	ERR011348_MEGAHIT_MetaBinner.6
k79_79543	ERR011348_MEGAHIT_MetaBinner.6
k79_2367	ERR011348_MEGAHIT_MetaBinner.6
k79_70307	ERR011348_MEGAHIT_MetaBinner.6
k79_60459	ERR011348_MEGAHIT_MetaBinner.6
k79_72364	ERR011348_MEGAHIT_MetaBinner.6
k79_35703	ERR011348_MEGAHIT_MetaBinner.6
k79_15172	ERR011348_MEGAHIT_MetaBinner.6
k79_70830	ERR011348_MEGAHIT_MetaBinner.6
k79_18893	ERR011348_MEGAHIT_MetaBinner.6
k79_40656	ERR011348_MEGAHIT_MetaBinner.6
k79_47549	ERR011348_MEGAHIT_MetaBinner.6
k79_68733	ERR011348_MEGAHIT_MetaBinner.6
k79_71109	ERR011348_MEGAHIT_MetaBinner.6
k79_44558	ERR011348_MEGAHIT_MetaBinner.6
k79_8185	ERR011348_MEGAHIT_MetaBinner.6
k79_2542	ERR011348_MEGAHIT_MetaBinner.6
k79_90665	ERR011348_MEGAHIT_MetaBinner.6
k79_87461	ERR011348_MEGAHIT_MetaBinner.6
k79_42171	ERR011348_MEGAHIT_MetaBinner.6
k79_6344	ERR011348_MEGAHIT_MetaBinner.6
k79_84544	ERR011348_MEGAHIT_MetaBinner.6
k79_67478	ERR011348_MEGAHIT_MetaBinner.6
k79_36183	ERR011348_MEGAHIT_MetaBinner.6
k79_51221	ERR011348_MEGAHIT_MetaBinner.6
k79_63463	ERR011348_MEGAHIT_MetaBinner.6
k79_14812	ERR011348_MEGAHIT_MetaBinner.6
k79_22056	ERR011348_MEGAHIT_MetaBinner.6
k79_34535	ERR011348_MEGAHIT_MetaBinner.6
k79_32685	ERR011348_MEGAHIT_MetaBinner.6
k79_20337	ERR011348_MEGAHIT_MetaBinner.6
k79_12814	ERR011348_MEGAHIT_MetaBinner.6
k79_73259	ERR011348_MEGAHIT_MetaBinner.6
k79_6436	ERR011348_MEGAHIT_MetaBinner.6
k79_26115	ERR011348_MEGAHIT_MetaBinner.6
k79_28243	ERR011348_MEGAHIT_MetaBinner.6
k79_20479	ERR011348_MEGAHIT_MetaBinner.6
k79_68775	ERR011348_MEGAHIT_MetaBinner.6
k79_27510	ERR011348_MEGAHIT_MetaBinner.6
k79_67459	ERR011348_MEGAHIT_MetaBinner.6
k79_8422	ERR011348_MEGAHIT_MetaBinner.6
k79_54740	ERR011348_MEGAHIT_MetaBinner.6
k79_73339	ERR011348_MEGAHIT_MetaBinner.6
k79_42337	ERR011348_MEGAHIT_MetaBinner.6
k79_74571	ERR011348_MEGAHIT_MetaBinner.6
k79_31564	ERR011348_MEGAHIT_MetaBinner.6
k79_19025	ERR011348_MEGAHIT_MetaBinner.6
k79_870	ERR011348_MEGAHIT_MetaBinner.6
k79_88522	ERR011348_MEGAHIT_MetaBinner.6
k79_2768	ERR011348_MEGAHIT_MetaBinner.6
k79_96152	ERR011348_MEGAHIT_MetaBinner.6
k79_68032	ERR011348_MEGAHIT_MetaBinner.6
k79_51839	ERR011348_MEGAHIT_MetaBinner.6
k79_49048	ERR011348_MEGAHIT_MetaBinner.6
k79_53808	ERR011348_MEGAHIT_MetaBinner.6
k79_540	ERR011348_MEGAHIT_MetaBinner.6
k79_7124	ERR011348_MEGAHIT_MetaBinner.6
k79_54748	ERR011348_MEGAHIT_MetaBinner.6
k79_47208	ERR011348_MEGAHIT_MetaBinner.6
k79_31202	ERR011348_MEGAHIT_MetaBinner.6
k79_2980	ERR011348_MEGAHIT_MetaBinner.6
k79_10410	ERR011348_MEGAHIT_MetaBinner.6
k79_73577	ERR011348_MEGAHIT_MetaBinner.6
k79_37941	ERR011348_MEGAHIT_MetaBinner.6
k79_33513	ERR011348_MEGAHIT_MetaBinner.6
k79_87436	ERR011348_MEGAHIT_MetaBinner.6
k79_4291	ERR011348_MEGAHIT_MetaBinner.6
k79_17774	ERR011348_MEGAHIT_MetaBinner.6
k79_95872	ERR011348_MEGAHIT_MetaBinner.6
k79_27590	ERR011348_MEGAHIT_MetaBinner.6
k79_71080	ERR011348_MEGAHIT_MetaBinner.6
k79_16551	ERR011348_MEGAHIT_MetaBinner.6
k79_65233	ERR011348_MEGAHIT_MetaBinner.6
k79_14467	ERR011348_MEGAHIT_MetaBinner.6
k79_80444	ERR011348_MEGAHIT_MetaBinner.6
k79_78860	ERR011348_MEGAHIT_MetaBinner.6
k79_48174	ERR011348_MEGAHIT_MetaBinner.6
k79_18911	ERR011348_MEGAHIT_MetaBinner.6
k79_8908	ERR011348_MEGAHIT_MetaBinner.6
k79_15810	ERR011348_MEGAHIT_MetaBinner.6
k79_32736	ERR011348_MEGAHIT_MetaBinner.6
k79_44320	ERR011348_MEGAHIT_MetaBinner.6
k79_58628	ERR011348_MEGAHIT_MetaBinner.6
k79_31334	ERR011348_MEGAHIT_MetaBinner.6
k79_61058	ERR011348_MEGAHIT_MetaBinner.6
k79_1056	ERR011348_MEGAHIT_MetaBinner.6
k79_27822	ERR011348_MEGAHIT_MetaBinner.6
k79_53781	ERR011348_MEGAHIT_MetaBinner.6
k79_53795	ERR011348_MEGAHIT_MetaBinner.6
k79_5549	ERR011348_MEGAHIT_MetaBinner.6
k79_75057	ERR011348_MEGAHIT_MetaBinner.6
k79_52901	ERR011348_MEGAHIT_MetaBinner.6
k79_88416	ERR011348_MEGAHIT_MetaBinner.6
k79_51736	ERR011348_MEGAHIT_MetaBinner.6
k79_3372	ERR011348_MEGAHIT_MetaBinner.6
k79_21856	ERR011348_MEGAHIT_MetaBinner.6
k79_89694	ERR011348_MEGAHIT_MetaBinner.6
k79_55601	ERR011348_MEGAHIT_MetaBinner.6
k79_914	ERR011348_MEGAHIT_MetaBinner.6
k79_19721	ERR011348_MEGAHIT_MetaBinner.6
k79_74025	ERR011348_MEGAHIT_MetaBinner.6
k79_33112	ERR011348_MEGAHIT_MetaBinner.6
k79_2271	ERR011348_MEGAHIT_MetaBinner.6
k79_55734	ERR011348_MEGAHIT_MetaBinner.6
k79_13982	ERR011348_MEGAHIT_MetaBinner.6
k79_93652	ERR011348_MEGAHIT_MetaBinner.6
k79_66024	ERR011348_MEGAHIT_MetaBinner.6
k79_64507	ERR011348_MEGAHIT_MetaBinner.6
k79_90040	ERR011348_MEGAHIT_MetaBinner.6
k79_77137	ERR011348_MEGAHIT_MetaBinner.6
k79_21213	ERR011348_MEGAHIT_MetaBinner.6
k79_87711	ERR011348_MEGAHIT_MetaBinner.6
k79_50868	ERR011348_MEGAHIT_MetaBinner.6
k79_29157	ERR011348_MEGAHIT_MetaBinner.6
k79_91036	ERR011348_MEGAHIT_MetaBinner.6
k79_58661	ERR011348_MEGAHIT_MetaBinner.6
k79_88630	ERR011348_MEGAHIT_MetaBinner.6
k79_91111	ERR011348_MEGAHIT_MetaBinner.6
k79_89585	ERR011348_MEGAHIT_MetaBinner.6
k79_72841	ERR011348_MEGAHIT_MetaBinner.6
k79_85433	ERR011348_MEGAHIT_MetaBinner.6
k79_9141	ERR011348_MEGAHIT_MetaBinner.6
k79_12019	ERR011348_MEGAHIT_MetaBinner.6
k79_87135	ERR011348_MEGAHIT_MetaBinner.6
k79_56318	ERR011348_MEGAHIT_MetaBinner.6
k79_32386	ERR011348_MEGAHIT_MetaBinner.6
k79_5634	ERR011348_MEGAHIT_MetaBinner.6
k79_52831	ERR011348_MEGAHIT_MetaBinner.6
k79_7782	ERR011348_MEGAHIT_MetaBinner.6
k79_48171	ERR011348_MEGAHIT_MetaBinner.6
k79_33681	ERR011348_MEGAHIT_MetaBinner.6
k79_27270	ERR011348_MEGAHIT_MetaBinner.6
k79_25321	ERR011348_MEGAHIT_MetaBinner.6
k79_43860	ERR011348_MEGAHIT_MetaBinner.6
k79_23830	ERR011348_MEGAHIT_MetaBinner.6
k79_36390	ERR011348_MEGAHIT_MetaBinner.6
k79_56946	ERR011348_MEGAHIT_MetaBinner.6
k79_47099	ERR011348_MEGAHIT_MetaBinner.6
k79_34495	ERR011348_MEGAHIT_MetaBinner.6
k79_57596	ERR011348_MEGAHIT_MetaBinner.6
k79_37777	ERR011348_MEGAHIT_MetaBinner.6
k79_49158	ERR011348_MEGAHIT_MetaBinner.6
k79_90626	ERR011348_MEGAHIT_MetaBinner.6
k79_4663	ERR011348_MEGAHIT_MetaBinner.6
k79_95241	ERR011348_MEGAHIT_MetaBinner.7
k79_59316	ERR011348_MEGAHIT_MetaBinner.7
k79_33755	ERR011348_MEGAHIT_MetaBinner.7
k79_53567	ERR011348_MEGAHIT_MetaBinner.7
k79_53406	ERR011348_MEGAHIT_MetaBinner.7
k79_48501	ERR011348_MEGAHIT_MetaBinner.7
k79_77015	ERR011348_MEGAHIT_MetaBinner.7
k79_51689	ERR011348_MEGAHIT_MetaBinner.7
k79_42884	ERR011348_MEGAHIT_MetaBinner.7
k79_81127	ERR011348_MEGAHIT_MetaBinner.7
k79_33705	ERR011348_MEGAHIT_MetaBinner.7
k79_14628	ERR011348_MEGAHIT_MetaBinner.7
k79_50187	ERR011348_MEGAHIT_MetaBinner.7
k79_95444	ERR011348_MEGAHIT_MetaBinner.7
k79_57683	ERR011348_MEGAHIT_MetaBinner.7
k79_68161	ERR011348_MEGAHIT_MetaBinner.7
k79_61603	ERR011348_MEGAHIT_MetaBinner.7
k79_42082	ERR011348_MEGAHIT_MetaBinner.7
k79_14305	ERR011348_MEGAHIT_MetaBinner.7
k79_27	ERR011348_MEGAHIT_MetaBinner.7
k79_72859	ERR011348_MEGAHIT_MetaBinner.7
k79_55291	ERR011348_MEGAHIT_MetaBinner.7
k79_54193	ERR011348_MEGAHIT_MetaBinner.7
k79_38280	ERR011348_MEGAHIT_MetaBinner.7
k79_91264	ERR011348_MEGAHIT_MetaBinner.7
k79_93908	ERR011348_MEGAHIT_MetaBinner.7
k79_18732	ERR011348_MEGAHIT_MetaBinner.7
k79_14794	ERR011348_MEGAHIT_MetaBinner.7
k79_39060	ERR011348_MEGAHIT_MetaBinner.7
k79_58088	ERR011348_MEGAHIT_MetaBinner.7
k79_20943	ERR011348_MEGAHIT_MetaBinner.7
k79_58744	ERR011348_MEGAHIT_MetaBinner.7
k79_18186	ERR011348_MEGAHIT_MetaBinner.7
k79_90613	ERR011348_MEGAHIT_MetaBinner.7
k79_48416	ERR011348_MEGAHIT_MetaBinner.7
k79_8828	ERR011348_MEGAHIT_MetaBinner.7
k79_38803	ERR011348_MEGAHIT_MetaBinner.7
k79_9347	ERR011348_MEGAHIT_MetaBinner.7
k79_9182	ERR011348_MEGAHIT_MetaBinner.7
k79_18242	ERR011348_MEGAHIT_MetaBinner.7
k79_26027	ERR011348_MEGAHIT_MetaBinner.7
k79_11240	ERR011348_MEGAHIT_MetaBinner.7
k79_60863	ERR011348_MEGAHIT_MetaBinner.7
k79_42902	ERR011348_MEGAHIT_MetaBinner.7
k79_4025	ERR011348_MEGAHIT_MetaBinner.7
k79_32694	ERR011348_MEGAHIT_MetaBinner.7
k79_82094	ERR011348_MEGAHIT_MetaBinner.7
k79_86907	ERR011348_MEGAHIT_MetaBinner.7
k79_87623	ERR011348_MEGAHIT_MetaBinner.7
k79_12428	ERR011348_MEGAHIT_MetaBinner.7
k79_76756	ERR011348_MEGAHIT_MetaBinner.7
k79_48301	ERR011348_MEGAHIT_MetaBinner.7
k79_23019	ERR011348_MEGAHIT_MetaBinner.7
k79_66500	ERR011348_MEGAHIT_MetaBinner.7
k79_87498	ERR011348_MEGAHIT_MetaBinner.7
k79_31139	ERR011348_MEGAHIT_MetaBinner.7
k79_38470	ERR011348_MEGAHIT_MetaBinner.7
k79_61155	ERR011348_MEGAHIT_MetaBinner.7
k79_43168	ERR011348_MEGAHIT_MetaBinner.7
k79_91154	ERR011348_MEGAHIT_MetaBinner.7
k79_90208	ERR011348_MEGAHIT_MetaBinner.7
k79_35339	ERR011348_MEGAHIT_MetaBinner.7
k79_17946	ERR011348_MEGAHIT_MetaBinner.7
k79_64119	ERR011348_MEGAHIT_MetaBinner.7
k79_90466	ERR011348_MEGAHIT_MetaBinner.7
k79_23820	ERR011348_MEGAHIT_MetaBinner.7
k79_49970	ERR011348_MEGAHIT_MetaBinner.7
k79_13416	ERR011348_MEGAHIT_MetaBinner.7
k79_56798	ERR011348_MEGAHIT_MetaBinner.7
k79_64610	ERR011348_MEGAHIT_MetaBinner.7
k79_19437	ERR011348_MEGAHIT_MetaBinner.7
k79_26375	ERR011348_MEGAHIT_MetaBinner.7
k79_55501	ERR011348_MEGAHIT_MetaBinner.7
k79_25981	ERR011348_MEGAHIT_MetaBinner.7
k79_43304	ERR011348_MEGAHIT_MetaBinner.7
k79_58540	ERR011348_MEGAHIT_MetaBinner.7
k79_64517	ERR011348_MEGAHIT_MetaBinner.7
k79_13141	ERR011348_MEGAHIT_MetaBinner.7
k79_76009	ERR011348_MEGAHIT_MetaBinner.7
k79_65956	ERR011348_MEGAHIT_MetaBinner.7
k79_44359	ERR011348_MEGAHIT_MetaBinner.7
k79_59713	ERR011348_MEGAHIT_MetaBinner.7
k79_80820	ERR011348_MEGAHIT_MetaBinner.7
k79_65397	ERR011348_MEGAHIT_MetaBinner.7
k79_89011	ERR011348_MEGAHIT_MetaBinner.7
k79_28800	ERR011348_MEGAHIT_MetaBinner.7
k79_57743	ERR011348_MEGAHIT_MetaBinner.7
k79_84359	ERR011348_MEGAHIT_MetaBinner.7
k79_51395	ERR011348_MEGAHIT_MetaBinner.7
k79_4568	ERR011348_MEGAHIT_MetaBinner.7
k79_53696	ERR011348_MEGAHIT_MetaBinner.7
k79_41014	ERR011348_MEGAHIT_MetaBinner.7
k79_54257	ERR011348_MEGAHIT_MetaBinner.7
k79_31779	ERR011348_MEGAHIT_MetaBinner.7
k79_42550	ERR011348_MEGAHIT_MetaBinner.7
k79_80106	ERR011348_MEGAHIT_MetaBinner.7
k79_44269	ERR011348_MEGAHIT_MetaBinner.7
k79_95249	ERR011348_MEGAHIT_MetaBinner.7
k79_21972	ERR011348_MEGAHIT_MetaBinner.7
k79_91906	ERR011348_MEGAHIT_MetaBinner.7
k79_34831	ERR011348_MEGAHIT_MetaBinner.7
k79_76123	ERR011348_MEGAHIT_MetaBinner.7
k79_21438	ERR011348_MEGAHIT_MetaBinner.7
k79_36259	ERR011348_MEGAHIT_MetaBinner.7
k79_63638	ERR011348_MEGAHIT_MetaBinner.7
k79_12478	ERR011348_MEGAHIT_MetaBinner.7
k79_72633	ERR011348_MEGAHIT_MetaBinner.7
k79_51124	ERR011348_MEGAHIT_MetaBinner.7
k79_51640	ERR011348_MEGAHIT_MetaBinner.7
k79_22219	ERR011348_MEGAHIT_MetaBinner.7
k79_1471	ERR011348_MEGAHIT_MetaBinner.7
k79_66490	ERR011348_MEGAHIT_MetaBinner.7
k79_86029	ERR011348_MEGAHIT_MetaBinner.7
k79_12482	ERR011348_MEGAHIT_MetaBinner.7
k79_19029	ERR011348_MEGAHIT_MetaBinner.7
k79_8641	ERR011348_MEGAHIT_MetaBinner.7
k79_64949	ERR011348_MEGAHIT_MetaBinner.7
k79_69677	ERR011348_MEGAHIT_MetaBinner.7
k79_34588	ERR011348_MEGAHIT_MetaBinner.7
k79_32517	ERR011348_MEGAHIT_MetaBinner.7
k79_91779	ERR011348_MEGAHIT_MetaBinner.7
k79_8168	ERR011348_MEGAHIT_MetaBinner.7
k79_15493	ERR011348_MEGAHIT_MetaBinner.7
k79_9138	ERR011348_MEGAHIT_MetaBinner.7
k79_20546	ERR011348_MEGAHIT_MetaBinner.7
k79_48000	ERR011348_MEGAHIT_MetaBinner.7
k79_19656	ERR011348_MEGAHIT_MetaBinner.7
k79_69350	ERR011348_MEGAHIT_MetaBinner.7
k79_4440	ERR011348_MEGAHIT_MetaBinner.7
k79_58919	ERR011348_MEGAHIT_MetaBinner.7
k79_4471	ERR011348_MEGAHIT_MetaBinner.7
k79_87924	ERR011348_MEGAHIT_MetaBinner.7
k79_37646	ERR011348_MEGAHIT_MetaBinner.7
k79_27915	ERR011348_MEGAHIT_MetaBinner.7
k79_22191	ERR011348_MEGAHIT_MetaBinner.7
k79_18503	ERR011348_MEGAHIT_MetaBinner.7
k79_8678	ERR011348_MEGAHIT_MetaBinner.7
k79_1046	ERR011348_MEGAHIT_MetaBinner.7
k79_22354	ERR011348_MEGAHIT_MetaBinner.7
k79_86024	ERR011348_MEGAHIT_MetaBinner.7
k79_61904	ERR011348_MEGAHIT_MetaBinner.7
k79_13855	ERR011348_MEGAHIT_MetaBinner.7
k79_40024	ERR011348_MEGAHIT_MetaBinner.7
k79_36852	ERR011348_MEGAHIT_MetaBinner.7
k79_35993	ERR011348_MEGAHIT_MetaBinner.7
k79_82227	ERR011348_MEGAHIT_MetaBinner.7
k79_51066	ERR011348_MEGAHIT_MetaBinner.7
k79_53608	ERR011348_MEGAHIT_MetaBinner.7
k79_84814	ERR011348_MEGAHIT_MetaBinner.7
k79_12714	ERR011348_MEGAHIT_MetaBinner.7
k79_92198	ERR011348_MEGAHIT_MetaBinner.7
k79_89458	ERR011348_MEGAHIT_MetaBinner.7
k79_56466	ERR011348_MEGAHIT_MetaBinner.7
k79_32208	ERR011348_MEGAHIT_MetaBinner.7
k79_24027	ERR011348_MEGAHIT_MetaBinner.7
k79_20648	ERR011348_MEGAHIT_MetaBinner.7
k79_17921	ERR011348_MEGAHIT_MetaBinner.7
k79_11796	ERR011348_MEGAHIT_MetaBinner.7
k79_26921	ERR011348_MEGAHIT_MetaBinner.7
k79_74826	ERR011348_MEGAHIT_MetaBinner.7
k79_18768	ERR011348_MEGAHIT_MetaBinner.7
k79_59815	ERR011348_MEGAHIT_MetaBinner.7
k79_173	ERR011348_MEGAHIT_MetaBinner.7
k79_73673	ERR011348_MEGAHIT_MetaBinner.7
k79_49808	ERR011348_MEGAHIT_MetaBinner.7
k79_75356	ERR011348_MEGAHIT_MetaBinner.7
k79_56270	ERR011348_MEGAHIT_MetaBinner.7
k79_13849	ERR011348_MEGAHIT_MetaBinner.7
k79_76227	ERR011348_MEGAHIT_MetaBinner.7
k79_65568	ERR011348_MEGAHIT_MetaBinner.7
k79_6009	ERR011348_MEGAHIT_MetaBinner.7
k79_5625	ERR011348_MEGAHIT_MetaBinner.7
k79_91040	ERR011348_MEGAHIT_MetaBinner.7
k79_62287	ERR011348_MEGAHIT_MetaBinner.7
k79_34041	ERR011348_MEGAHIT_MetaBinner.7
k79_58908	ERR011348_MEGAHIT_MetaBinner.7
k79_92241	ERR011348_MEGAHIT_MetaBinner.7
k79_18140	ERR011348_MEGAHIT_MetaBinner.7
k79_78869	ERR011348_MEGAHIT_MetaBinner.7
k79_30734	ERR011348_MEGAHIT_MetaBinner.7
k79_37051	ERR011348_MEGAHIT_MetaBinner.7
k79_20160	ERR011348_MEGAHIT_MetaBinner.7
k79_83910	ERR011348_MEGAHIT_MetaBinner.7
k79_69219	ERR011348_MEGAHIT_MetaBinner.7
k79_91091	ERR011348_MEGAHIT_MetaBinner.7
k79_65019	ERR011348_MEGAHIT_MetaBinner.7
k79_31590	ERR011348_MEGAHIT_MetaBinner.7
k79_23336	ERR011348_MEGAHIT_MetaBinner.7
k79_38127	ERR011348_MEGAHIT_MetaBinner.7
k79_89200	ERR011348_MEGAHIT_MetaBinner.7
k79_29841	ERR011348_MEGAHIT_MetaBinner.7
k79_49458	ERR011348_MEGAHIT_MetaBinner.7
k79_38512	ERR011348_MEGAHIT_MetaBinner.7
k79_65044	ERR011348_MEGAHIT_MetaBinner.7
k79_89615	ERR011348_MEGAHIT_MetaBinner.7
k79_86892	ERR011348_MEGAHIT_MetaBinner.7
k79_55180	ERR011348_MEGAHIT_MetaBinner.7
k79_31918	ERR011348_MEGAHIT_MetaBinner.7
k79_9796	ERR011348_MEGAHIT_MetaBinner.7
k79_55783	ERR011348_MEGAHIT_MetaBinner.7
k79_77279	ERR011348_MEGAHIT_MetaBinner.7
k79_19950	ERR011348_MEGAHIT_MetaBinner.7
k79_4536	ERR011348_MEGAHIT_MetaBinner.7
k79_45629	ERR011348_MEGAHIT_MetaBinner.7
k79_55786	ERR011348_MEGAHIT_MetaBinner.7
k79_70515	ERR011348_MEGAHIT_MetaBinner.7
k79_56539	ERR011348_MEGAHIT_MetaBinner.7
k79_57493	ERR011348_MEGAHIT_MetaBinner.7
k79_88892	ERR011348_MEGAHIT_MetaBinner.7
k79_56954	ERR011348_MEGAHIT_MetaBinner.7
k79_31021	ERR011348_MEGAHIT_MetaBinner.7
k79_77994	ERR011348_MEGAHIT_MetaBinner.7
k79_2493	ERR011348_MEGAHIT_MetaBinner.7
k79_5169	ERR011348_MEGAHIT_MetaBinner.7
k79_38304	ERR011348_MEGAHIT_MetaBinner.7
k79_85200	ERR011348_MEGAHIT_MetaBinner.7
k79_67285	ERR011348_MEGAHIT_MetaBinner.7
k79_16473	ERR011348_MEGAHIT_MetaBinner.7
k79_56683	ERR011348_MEGAHIT_MetaBinner.7
k79_22039	ERR011348_MEGAHIT_MetaBinner.7
k79_85749	ERR011348_MEGAHIT_MetaBinner.7
k79_2522	ERR011348_MEGAHIT_MetaBinner.7
k79_15799	ERR011348_MEGAHIT_MetaBinner.7
k79_70532	ERR011348_MEGAHIT_MetaBinner.7
k79_91556	ERR011348_MEGAHIT_MetaBinner.7
k79_92082	ERR011348_MEGAHIT_MetaBinner.7
k79_71838	ERR011348_MEGAHIT_MetaBinner.7
k79_39422	ERR011348_MEGAHIT_MetaBinner.7
k79_22160	ERR011348_MEGAHIT_MetaBinner.7
k79_89814	ERR011348_MEGAHIT_MetaBinner.7
k79_48957	ERR011348_MEGAHIT_MetaBinner.7
k79_62108	ERR011348_MEGAHIT_MetaBinner.7
k79_92046	ERR011348_MEGAHIT_MetaBinner.7
k79_21356	ERR011348_MEGAHIT_MetaBinner.7
k79_12905	ERR011348_MEGAHIT_MetaBinner.7
k79_14167	ERR011348_MEGAHIT_MetaBinner.7
k79_25581	ERR011348_MEGAHIT_MetaBinner.7
k79_80829	ERR011348_MEGAHIT_MetaBinner.7
k79_38181	ERR011348_MEGAHIT_MetaBinner.7
k79_95886	ERR011348_MEGAHIT_MetaBinner.7
k79_85614	ERR011348_MEGAHIT_MetaBinner.7
k79_71748	ERR011348_MEGAHIT_MetaBinner.7
k79_86050	ERR011348_MEGAHIT_MetaBinner.7
k79_58336	ERR011348_MEGAHIT_MetaBinner.7
k79_71438	ERR011348_MEGAHIT_MetaBinner.7
k79_17373	ERR011348_MEGAHIT_MetaBinner.7
k79_79491	ERR011348_MEGAHIT_MetaBinner.7
k79_92553	ERR011348_MEGAHIT_MetaBinner.7
k79_11753	ERR011348_MEGAHIT_MetaBinner.7
k79_5196	ERR011348_MEGAHIT_MetaBinner.7
k79_35809	ERR011348_MEGAHIT_MetaBinner.7
k79_59751	ERR011348_MEGAHIT_MetaBinner.7
k79_39450	ERR011348_MEGAHIT_MetaBinner.7
k79_52864	ERR011348_MEGAHIT_MetaBinner.7
k79_3788	ERR011348_MEGAHIT_MetaBinner.7
k79_93791	ERR011348_MEGAHIT_MetaBinner.7
k79_68172	ERR011348_MEGAHIT_MetaBinner.7
k79_52476	ERR011348_MEGAHIT_MetaBinner.7
k79_48188	ERR011348_MEGAHIT_MetaBinner.7
k79_20371	ERR011348_MEGAHIT_MetaBinner.7
k79_64410	ERR011348_MEGAHIT_MetaBinner.7
k79_20148	ERR011348_MEGAHIT_MetaBinner.7
k79_14086	ERR011348_MEGAHIT_MetaBinner.7
k79_24012	ERR011348_MEGAHIT_MetaBinner.7
k79_55890	ERR011348_MEGAHIT_MetaBinner.7
k79_84898	ERR011348_MEGAHIT_MetaBinner.7
k79_28636	ERR011348_MEGAHIT_MetaBinner.7
k79_66765	ERR011348_MEGAHIT_MetaBinner.7
k79_66572	ERR011348_MEGAHIT_MetaBinner.7
k79_61759	ERR011348_MEGAHIT_MetaBinner.7
k79_7102	ERR011348_MEGAHIT_MetaBinner.7
k79_13036	ERR011348_MEGAHIT_MetaBinner.7
k79_46889	ERR011348_MEGAHIT_MetaBinner.7
k79_6518	ERR011348_MEGAHIT_MetaBinner.7
k79_14229	ERR011348_MEGAHIT_MetaBinner.7
k79_66221	ERR011348_MEGAHIT_MetaBinner.7
k79_9665	ERR011348_MEGAHIT_MetaBinner.7
k79_34057	ERR011348_MEGAHIT_MetaBinner.7
k79_67936	ERR011348_MEGAHIT_MetaBinner.7
k79_16944	ERR011348_MEGAHIT_MetaBinner.7
k79_36894	ERR011348_MEGAHIT_MetaBinner.7
k79_9148	ERR011348_MEGAHIT_MetaBinner.7
k79_53937	ERR011348_MEGAHIT_MetaBinner.7
k79_37873	ERR011348_MEGAHIT_MetaBinner.7
k79_74885	ERR011348_MEGAHIT_MetaBinner.7
k79_61186	ERR011348_MEGAHIT_MetaBinner.7
k79_71832	ERR011348_MEGAHIT_MetaBinner.7
k79_26033	ERR011348_MEGAHIT_MetaBinner.7
k79_76486	ERR011348_MEGAHIT_MetaBinner.7
k79_82559	ERR011348_MEGAHIT_MetaBinner.7
k79_79700	ERR011348_MEGAHIT_MetaBinner.7
k79_27812	ERR011348_MEGAHIT_MetaBinner.7
k79_40153	ERR011348_MEGAHIT_MetaBinner.7
k79_23318	ERR011348_MEGAHIT_MetaBinner.7
k79_32593	ERR011348_MEGAHIT_MetaBinner.7
k79_67408	ERR011348_MEGAHIT_MetaBinner.7
k79_65887	ERR011348_MEGAHIT_MetaBinner.7
k79_52028	ERR011348_MEGAHIT_MetaBinner.7
k79_21859	ERR011348_MEGAHIT_MetaBinner.7
k79_41342	ERR011348_MEGAHIT_MetaBinner.7
k79_15533	ERR011348_MEGAHIT_MetaBinner.7
k79_4047	ERR011348_MEGAHIT_MetaBinner.7
k79_72759	ERR011348_MEGAHIT_MetaBinner.7
k79_31844	ERR011348_MEGAHIT_MetaBinner.7
k79_92278	ERR011348_MEGAHIT_MetaBinner.7
k79_25372	ERR011348_MEGAHIT_MetaBinner.7
k79_92125	ERR011348_MEGAHIT_MetaBinner.7
k79_44158	ERR011348_MEGAHIT_MetaBinner.7
k79_61699	ERR011348_MEGAHIT_MetaBinner.7
k79_90661	ERR011348_MEGAHIT_MetaBinner.7
k79_55955	ERR011348_MEGAHIT_MetaBinner.7
k79_30671	ERR011348_MEGAHIT_MetaBinner.7
k79_62528	ERR011348_MEGAHIT_MetaBinner.7
k79_94972	ERR011348_MEGAHIT_MetaBinner.7
k79_40294	ERR011348_MEGAHIT_MetaBinner.7
k79_38871	ERR011348_MEGAHIT_MetaBinner.7
k79_3055	ERR011348_MEGAHIT_MetaBinner.7
k79_13898	ERR011348_MEGAHIT_MetaBinner.7
k79_67100	ERR011348_MEGAHIT_MetaBinner.7
k79_85851	ERR011348_MEGAHIT_MetaBinner.7
k79_44300	ERR011348_MEGAHIT_MetaBinner.7
k79_87944	ERR011348_MEGAHIT_MetaBinner.7
k79_15653	ERR011348_MEGAHIT_MetaBinner.7
k79_54727	ERR011348_MEGAHIT_MetaBinner.7
k79_71082	ERR011348_MEGAHIT_MetaBinner.7
k79_15575	ERR011348_MEGAHIT_MetaBinner.7
k79_93840	ERR011348_MEGAHIT_MetaBinner.7
k79_37511	ERR011348_MEGAHIT_MetaBinner.7
k79_30092	ERR011348_MEGAHIT_MetaBinner.7
k79_34888	ERR011348_MEGAHIT_MetaBinner.7
k79_23911	ERR011348_MEGAHIT_MetaBinner.7
k79_77953	ERR011348_MEGAHIT_MetaBinner.7
k79_56919	ERR011348_MEGAHIT_MetaBinner.7
k79_32503	ERR011348_MEGAHIT_MetaBinner.7
k79_64762	ERR011348_MEGAHIT_MetaBinner.7
k79_78245	ERR011348_MEGAHIT_MetaBinner.7
k79_52085	ERR011348_MEGAHIT_MetaBinner.7
k79_81597	ERR011348_MEGAHIT_MetaBinner.7
k79_7505	ERR011348_MEGAHIT_MetaBinner.7
k79_33606	ERR011348_MEGAHIT_MetaBinner.7
k79_59854	ERR011348_MEGAHIT_MetaBinner.7
k79_35712	ERR011348_MEGAHIT_MetaBinner.7
k79_23399	ERR011348_MEGAHIT_MetaBinner.7
k79_70370	ERR011348_MEGAHIT_MetaBinner.7
k79_4243	ERR011348_MEGAHIT_MetaBinner.7
k79_42378	ERR011348_MEGAHIT_MetaBinner.7
k79_43195	ERR011348_MEGAHIT_MetaBinner.7
k79_40337	ERR011348_MEGAHIT_MetaBinner.7
k79_11809	ERR011348_MEGAHIT_MetaBinner.7
k79_51613	ERR011348_MEGAHIT_MetaBinner.7
k79_47720	ERR011348_MEGAHIT_MetaBinner.7
k79_58058	ERR011348_MEGAHIT_MetaBinner.7
k79_88013	ERR011348_MEGAHIT_MetaBinner.7
k79_90631	ERR011348_MEGAHIT_MetaBinner.7
k79_23986	ERR011348_MEGAHIT_MetaBinner.7
k79_87683	ERR011348_MEGAHIT_MetaBinner.7
k79_53933	ERR011348_MEGAHIT_MetaBinner.7
k79_46255	ERR011348_MEGAHIT_MetaBinner.7
k79_77512	ERR011348_MEGAHIT_MetaBinner.7
k79_81916	ERR011348_MEGAHIT_MetaBinner.7
k79_23456	ERR011348_MEGAHIT_MetaBinner.7
k79_90302	ERR011348_MEGAHIT_MetaBinner.7
k79_81136	ERR011348_MEGAHIT_MetaBinner.7
k79_52913	ERR011348_MEGAHIT_MetaBinner.7
k79_828	ERR011348_MEGAHIT_MetaBinner.7
k79_11335	ERR011348_MEGAHIT_MetaBinner.7
k79_27725	ERR011348_MEGAHIT_MetaBinner.7
k79_45848	ERR011348_MEGAHIT_MetaBinner.7
k79_95027	ERR011348_MEGAHIT_MetaBinner.7
k79_18275	ERR011348_MEGAHIT_MetaBinner.7
k79_43098	ERR011348_MEGAHIT_MetaBinner.7
k79_85127	ERR011348_MEGAHIT_MetaBinner.7
k79_27885	ERR011348_MEGAHIT_MetaBinner.7
k79_26332	ERR011348_MEGAHIT_MetaBinner.7
k79_50590	ERR011348_MEGAHIT_MetaBinner.7
k79_31028	ERR011348_MEGAHIT_MetaBinner.7
k79_9875	ERR011348_MEGAHIT_MetaBinner.7
k79_15896	ERR011348_MEGAHIT_MetaBinner.7
k79_61045	ERR011348_MEGAHIT_MetaBinner.7
k79_587	ERR011348_MEGAHIT_MetaBinner.7
k79_86013	ERR011348_MEGAHIT_MetaBinner.7
k79_44518	ERR011348_MEGAHIT_MetaBinner.7
k79_41358	ERR011348_MEGAHIT_MetaBinner.7
k79_14658	ERR011348_MEGAHIT_MetaBinner.7
k79_50131	ERR011348_MEGAHIT_MetaBinner.7
k79_3287	ERR011348_MEGAHIT_MetaBinner.7
k79_198	ERR011348_MEGAHIT_MetaBinner.7
k79_17995	ERR011348_MEGAHIT_MetaBinner.7
k79_66882	ERR011348_MEGAHIT_MetaBinner.7
k79_79334	ERR011348_MEGAHIT_MetaBinner.7
k79_20144	ERR011348_MEGAHIT_MetaBinner.7
k79_54092	ERR011348_MEGAHIT_MetaBinner.7
k79_28920	ERR011348_MEGAHIT_MetaBinner.7
k79_78576	ERR011348_MEGAHIT_MetaBinner.7
k79_9775	ERR011348_MEGAHIT_MetaBinner.7
k79_80602	ERR011348_MEGAHIT_MetaBinner.7
k79_8975	ERR011348_MEGAHIT_MetaBinner.7
k79_80224	ERR011348_MEGAHIT_MetaBinner.7
k79_78820	ERR011348_MEGAHIT_MetaBinner.7
k79_38104	ERR011348_MEGAHIT_MetaBinner.7
k79_74403	ERR011348_MEGAHIT_MetaBinner.7
k79_74028	ERR011348_MEGAHIT_MetaBinner.7
k79_63594	ERR011348_MEGAHIT_MetaBinner.7
k79_22713	ERR011348_MEGAHIT_MetaBinner.7
k79_85525	ERR011348_MEGAHIT_MetaBinner.7
k79_11660	ERR011348_MEGAHIT_MetaBinner.7
k79_79816	ERR011348_MEGAHIT_MetaBinner.7
k79_369	ERR011348_MEGAHIT_MetaBinner.7
k79_33919	ERR011348_MEGAHIT_MetaBinner.7
k79_30883	ERR011348_MEGAHIT_MetaBinner.7
k79_37907	ERR011348_MEGAHIT_MetaBinner.7
k79_88231	ERR011348_MEGAHIT_MetaBinner.7
k79_76081	ERR011348_MEGAHIT_MetaBinner.7
k79_49112	ERR011348_MEGAHIT_MetaBinner.7
k79_47347	ERR011348_MEGAHIT_MetaBinner.7
k79_21503	ERR011348_MEGAHIT_MetaBinner.7
k79_51046	ERR011348_MEGAHIT_MetaBinner.7
k79_37085	ERR011348_MEGAHIT_MetaBinner.7
k79_4457	ERR011348_MEGAHIT_MetaBinner.7
k79_20514	ERR011348_MEGAHIT_MetaBinner.7
k79_63443	ERR011348_MEGAHIT_MetaBinner.7
k79_83904	ERR011348_MEGAHIT_MetaBinner.7
k79_91721	ERR011348_MEGAHIT_MetaBinner.7
k79_46672	ERR011348_MEGAHIT_MetaBinner.7
k79_11482	ERR011348_MEGAHIT_MetaBinner.7
k79_20717	ERR011348_MEGAHIT_MetaBinner.7
k79_92008	ERR011348_MEGAHIT_MetaBinner.7
k79_7482	ERR011348_MEGAHIT_MetaBinner.7
k79_23497	ERR011348_MEGAHIT_MetaBinner.7
k79_38754	ERR011348_MEGAHIT_MetaBinner.7
k79_79306	ERR011348_MEGAHIT_MetaBinner.7
k79_64320	ERR011348_MEGAHIT_MetaBinner.7
k79_25571	ERR011348_MEGAHIT_MetaBinner.7
k79_62829	ERR011348_MEGAHIT_MetaBinner.7
k79_55173	ERR011348_MEGAHIT_MetaBinner.7
k79_95606	ERR011348_MEGAHIT_MetaBinner.7
k79_13805	ERR011348_MEGAHIT_MetaBinner.7
k79_38712	ERR011348_MEGAHIT_MetaBinner.7
k79_53361	ERR011348_MEGAHIT_MetaBinner.7
k79_91763	ERR011348_MEGAHIT_MetaBinner.7
k79_34637	ERR011348_MEGAHIT_MetaBinner.7
k79_84024	ERR011348_MEGAHIT_MetaBinner.7
k79_28992	ERR011348_MEGAHIT_MetaBinner.7
k79_86057	ERR011348_MEGAHIT_MetaBinner.7
k79_6484	ERR011348_MEGAHIT_MetaBinner.7
k79_55547	ERR011348_MEGAHIT_MetaBinner.7
k79_14534	ERR011348_MEGAHIT_MetaBinner.7
k79_59835	ERR011348_MEGAHIT_MetaBinner.7
k79_12312	ERR011348_MEGAHIT_MetaBinner.7
k79_80060	ERR011348_MEGAHIT_MetaBinner.7
k79_10185	ERR011348_MEGAHIT_MetaBinner.7
k79_62377	ERR011348_MEGAHIT_MetaBinner.7
k79_33064	ERR011348_MEGAHIT_MetaBinner.7
k79_22924	ERR011348_MEGAHIT_MetaBinner.7
k79_94780	ERR011348_MEGAHIT_MetaBinner.7
k79_27800	ERR011348_MEGAHIT_MetaBinner.7
k79_60103	ERR011348_MEGAHIT_MetaBinner.7
k79_7181	ERR011348_MEGAHIT_MetaBinner.7
k79_20597	ERR011348_MEGAHIT_MetaBinner.7
k79_31044	ERR011348_MEGAHIT_MetaBinner.7
k79_23398	ERR011348_MEGAHIT_MetaBinner.7
k79_39479	ERR011348_MEGAHIT_MetaBinner.7
k79_11010	ERR011348_MEGAHIT_MetaBinner.7
k79_1020	ERR011348_MEGAHIT_MetaBinner.7
k79_43645	ERR011348_MEGAHIT_MetaBinner.7
k79_13364	ERR011348_MEGAHIT_MetaBinner.7
k79_32010	ERR011348_MEGAHIT_MetaBinner.7
k79_38696	ERR011348_MEGAHIT_MetaBinner.7
k79_20420	ERR011348_MEGAHIT_MetaBinner.7
k79_51845	ERR011348_MEGAHIT_MetaBinner.7
k79_4883	ERR011348_MEGAHIT_MetaBinner.7
k79_42097	ERR011348_MEGAHIT_MetaBinner.7
k79_10205	ERR011348_MEGAHIT_MetaBinner.7
k79_35639	ERR011348_MEGAHIT_MetaBinner.7
k79_60959	ERR011348_MEGAHIT_MetaBinner.7
k79_56394	ERR011348_MEGAHIT_MetaBinner.7
k79_76020	ERR011348_MEGAHIT_MetaBinner.7
k79_61989	ERR011348_MEGAHIT_MetaBinner.7
k79_39964	ERR011348_MEGAHIT_MetaBinner.7
k79_79821	ERR011348_MEGAHIT_MetaBinner.7
k79_27860	ERR011348_MEGAHIT_MetaBinner.7
k79_88895	ERR011348_MEGAHIT_MetaBinner.7
k79_62074	ERR011348_MEGAHIT_MetaBinner.7
k79_72911	ERR011348_MEGAHIT_MetaBinner.7
k79_61172	ERR011348_MEGAHIT_MetaBinner.7
k79_39225	ERR011348_MEGAHIT_MetaBinner.7
k79_77764	ERR011348_MEGAHIT_MetaBinner.7
k79_58168	ERR011348_MEGAHIT_MetaBinner.7
k79_36032	ERR011348_MEGAHIT_MetaBinner.7
k79_25724	ERR011348_MEGAHIT_MetaBinner.7
k79_42573	ERR011348_MEGAHIT_MetaBinner.7
k79_57891	ERR011348_MEGAHIT_MetaBinner.7
k79_16411	ERR011348_MEGAHIT_MetaBinner.7
k79_68634	ERR011348_MEGAHIT_MetaBinner.7
k79_43367	ERR011348_MEGAHIT_MetaBinner.7
k79_44980	ERR011348_MEGAHIT_MetaBinner.7
k79_44131	ERR011348_MEGAHIT_MetaBinner.7
k79_79929	ERR011348_MEGAHIT_MetaBinner.7
k79_57583	ERR011348_MEGAHIT_MetaBinner.7
k79_46391	ERR011348_MEGAHIT_MetaBinner.7
k79_25831	ERR011348_MEGAHIT_MetaBinner.7
k79_50073	ERR011348_MEGAHIT_MetaBinner.7
k79_37807	ERR011348_MEGAHIT_MetaBinner.7
k79_5078	ERR011348_MEGAHIT_MetaBinner.7
k79_47981	ERR011348_MEGAHIT_MetaBinner.7
k79_86060	ERR011348_MEGAHIT_MetaBinner.7
k79_7542	ERR011348_MEGAHIT_MetaBinner.7
k79_53030	ERR011348_MEGAHIT_MetaBinner.7
k79_92441	ERR011348_MEGAHIT_MetaBinner.7
k79_29225	ERR011348_MEGAHIT_MetaBinner.7
k79_60832	ERR011348_MEGAHIT_MetaBinner.7
k79_5731	ERR011348_MEGAHIT_MetaBinner.7
k79_28910	ERR011348_MEGAHIT_MetaBinner.7
k79_45682	ERR011348_MEGAHIT_MetaBinner.7
k79_12462	ERR011348_MEGAHIT_MetaBinner.7
k79_16453	ERR011348_MEGAHIT_MetaBinner.7
k79_25933	ERR011348_MEGAHIT_MetaBinner.7
k79_4256	ERR011348_MEGAHIT_MetaBinner.7
k79_33254	ERR011348_MEGAHIT_MetaBinner.7
k79_80346	ERR011348_MEGAHIT_MetaBinner.7
k79_16763	ERR011348_MEGAHIT_MetaBinner.7
k79_32023	ERR011348_MEGAHIT_MetaBinner.7
k79_40173	ERR011348_MEGAHIT_MetaBinner.7
k79_53707	ERR011348_MEGAHIT_MetaBinner.7
k79_40689	ERR011348_MEGAHIT_MetaBinner.7
k79_65571	ERR011348_MEGAHIT_MetaBinner.7
k79_26710	ERR011348_MEGAHIT_MetaBinner.7
k79_44427	ERR011348_MEGAHIT_MetaBinner.7
k79_61843	ERR011348_MEGAHIT_MetaBinner.7
k79_9522	ERR011348_MEGAHIT_MetaBinner.7
k79_63909	ERR011348_MEGAHIT_MetaBinner.7
k79_72750	ERR011348_MEGAHIT_MetaBinner.7
k79_24905	ERR011348_MEGAHIT_MetaBinner.7
k79_91308	ERR011348_MEGAHIT_MetaBinner.7
k79_45910	ERR011348_MEGAHIT_MetaBinner.7
k79_49611	ERR011348_MEGAHIT_MetaBinner.7
k79_39593	ERR011348_MEGAHIT_MetaBinner.7
k79_68223	ERR011348_MEGAHIT_MetaBinner.7
k79_87210	ERR011348_MEGAHIT_MetaBinner.7
k79_33633	ERR011348_MEGAHIT_MetaBinner.7
k79_85693	ERR011348_MEGAHIT_MetaBinner.7
k79_9550	ERR011348_MEGAHIT_MetaBinner.7
k79_57705	ERR011348_MEGAHIT_MetaBinner.7
k79_72886	ERR011348_MEGAHIT_MetaBinner.7
k79_14694	ERR011348_MEGAHIT_MetaBinner.7
k79_4300	ERR011348_MEGAHIT_MetaBinner.7
k79_27741	ERR011348_MEGAHIT_MetaBinner.7
k79_2446	ERR011348_MEGAHIT_MetaBinner.7
k79_21278	ERR011348_MEGAHIT_MetaBinner.7
k79_71811	ERR011348_MEGAHIT_MetaBinner.7
k79_76219	ERR011348_MEGAHIT_MetaBinner.7
k79_38948	ERR011348_MEGAHIT_MetaBinner.7
k79_6472	ERR011348_MEGAHIT_MetaBinner.7
k79_19004	ERR011348_MEGAHIT_MetaBinner.7
k79_50984	ERR011348_MEGAHIT_MetaBinner.7
k79_35726	ERR011348_MEGAHIT_MetaBinner.7
k79_15306	ERR011348_MEGAHIT_MetaBinner.7
k79_9708	ERR011348_MEGAHIT_MetaBinner.7
k79_94309	ERR011348_MEGAHIT_MetaBinner.7
k79_70920	ERR011348_MEGAHIT_MetaBinner.7
k79_14060	ERR011348_MEGAHIT_MetaBinner.7
k79_9811	ERR011348_MEGAHIT_MetaBinner.7
k79_80749	ERR011348_MEGAHIT_MetaBinner.7
k79_27434	ERR011348_MEGAHIT_MetaBinner.7
k79_13257	ERR011348_MEGAHIT_MetaBinner.7
k79_33961	ERR011348_MEGAHIT_MetaBinner.7
k79_13474	ERR011348_MEGAHIT_MetaBinner.7
k79_37898	ERR011348_MEGAHIT_MetaBinner.7
k79_71335	ERR011348_MEGAHIT_MetaBinner.7
k79_758	ERR011348_MEGAHIT_MetaBinner.7
k79_75195	ERR011348_MEGAHIT_MetaBinner.7
k79_2338	ERR011348_MEGAHIT_MetaBinner.7
k79_57694	ERR011348_MEGAHIT_MetaBinner.7
k79_33774	ERR011348_MEGAHIT_MetaBinner.7
k79_2328	ERR011348_MEGAHIT_MetaBinner.7
k79_53136	ERR011348_MEGAHIT_MetaBinner.7
k79_59984	ERR011348_MEGAHIT_MetaBinner.7
k79_42200	ERR011348_MEGAHIT_MetaBinner.7
k79_25971	ERR011348_MEGAHIT_MetaBinner.7
k79_74680	ERR011348_MEGAHIT_MetaBinner.7
k79_92966	ERR011348_MEGAHIT_MetaBinner.7
k79_42817	ERR011348_MEGAHIT_MetaBinner.7
k79_13024	ERR011348_MEGAHIT_MetaBinner.7
k79_60422	ERR011348_MEGAHIT_MetaBinner.7
k79_55298	ERR011348_MEGAHIT_MetaBinner.7
k79_40616	ERR011348_MEGAHIT_MetaBinner.7
k79_65882	ERR011348_MEGAHIT_MetaBinner.7
k79_28054	ERR011348_MEGAHIT_MetaBinner.7
k79_78614	ERR011348_MEGAHIT_MetaBinner.7
k79_61001	ERR011348_MEGAHIT_MetaBinner.7
k79_62442	ERR011348_MEGAHIT_MetaBinner.7
k79_40487	ERR011348_MEGAHIT_MetaBinner.7
k79_63180	ERR011348_MEGAHIT_MetaBinner.7
k79_7374	ERR011348_MEGAHIT_MetaBinner.7
k79_26913	ERR011348_MEGAHIT_MetaBinner.7
k79_16069	ERR011348_MEGAHIT_MetaBinner.7
k79_62435	ERR011348_MEGAHIT_MetaBinner.7
k79_34461	ERR011348_MEGAHIT_MetaBinner.7
k79_30367	ERR011348_MEGAHIT_MetaBinner.7
k79_61068	ERR011348_MEGAHIT_MetaBinner.7
k79_55991	ERR011348_MEGAHIT_MetaBinner.7
k79_14245	ERR011348_MEGAHIT_MetaBinner.7
k79_54110	ERR011348_MEGAHIT_MetaBinner.7
k79_53751	ERR011348_MEGAHIT_MetaBinner.7
k79_71843	ERR011348_MEGAHIT_MetaBinner.7
k79_43967	ERR011348_MEGAHIT_MetaBinner.7
k79_4947	ERR011348_MEGAHIT_MetaBinner.7
k79_79352	ERR011348_MEGAHIT_MetaBinner.8
k79_2133	ERR011348_MEGAHIT_MetaBinner.8
k79_44649	ERR011348_MEGAHIT_MetaBinner.8
k79_89240	ERR011348_MEGAHIT_MetaBinner.8
k79_48977	ERR011348_MEGAHIT_MetaBinner.8
k79_83698	ERR011348_MEGAHIT_MetaBinner.8
k79_32938	ERR011348_MEGAHIT_MetaBinner.8
k79_31162	ERR011348_MEGAHIT_MetaBinner.8
k79_95754	ERR011348_MEGAHIT_MetaBinner.8
k79_28515	ERR011348_MEGAHIT_MetaBinner.8
k79_33718	ERR011348_MEGAHIT_MetaBinner.8
k79_83479	ERR011348_MEGAHIT_MetaBinner.8
k79_18861	ERR011348_MEGAHIT_MetaBinner.8
k79_31111	ERR011348_MEGAHIT_MetaBinner.8
k79_77126	ERR011348_MEGAHIT_MetaBinner.8
k79_31235	ERR011348_MEGAHIT_MetaBinner.8
k79_70674	ERR011348_MEGAHIT_MetaBinner.8
k79_58422	ERR011348_MEGAHIT_MetaBinner.8
k79_67777	ERR011348_MEGAHIT_MetaBinner.8
k79_66608	ERR011348_MEGAHIT_MetaBinner.8
k79_84901	ERR011348_MEGAHIT_MetaBinner.8
k79_8186	ERR011348_MEGAHIT_MetaBinner.8
k79_89497	ERR011348_MEGAHIT_MetaBinner.8
k79_84585	ERR011348_MEGAHIT_MetaBinner.8
k79_60855	ERR011348_MEGAHIT_MetaBinner.8
k79_49082	ERR011348_MEGAHIT_MetaBinner.8
k79_74673	ERR011348_MEGAHIT_MetaBinner.8
k79_44008	ERR011348_MEGAHIT_MetaBinner.8
k79_27246	ERR011348_MEGAHIT_MetaBinner.8
k79_40916	ERR011348_MEGAHIT_MetaBinner.8
k79_41986	ERR011348_MEGAHIT_MetaBinner.8
k79_90807	ERR011348_MEGAHIT_MetaBinner.8
k79_13678	ERR011348_MEGAHIT_MetaBinner.8
k79_13252	ERR011348_MEGAHIT_MetaBinner.8
k79_67239	ERR011348_MEGAHIT_MetaBinner.8
k79_55936	ERR011348_MEGAHIT_MetaBinner.8
k79_26679	ERR011348_MEGAHIT_MetaBinner.8
k79_24259	ERR011348_MEGAHIT_MetaBinner.8
k79_93987	ERR011348_MEGAHIT_MetaBinner.8
k79_88899	ERR011348_MEGAHIT_MetaBinner.8
k79_62579	ERR011348_MEGAHIT_MetaBinner.8
k79_95985	ERR011348_MEGAHIT_MetaBinner.8
k79_46153	ERR011348_MEGAHIT_MetaBinner.8
k79_12735	ERR011348_MEGAHIT_MetaBinner.8
k79_73087	ERR011348_MEGAHIT_MetaBinner.8
k79_5096	ERR011348_MEGAHIT_MetaBinner.8
k79_19008	ERR011348_MEGAHIT_MetaBinner.8
k79_7498	ERR011348_MEGAHIT_MetaBinner.8
k79_63953	ERR011348_MEGAHIT_MetaBinner.8
k79_56686	ERR011348_MEGAHIT_MetaBinner.8
k79_43620	ERR011348_MEGAHIT_MetaBinner.8
k79_24976	ERR011348_MEGAHIT_MetaBinner.8
k79_7795	ERR011348_MEGAHIT_MetaBinner.8
k79_90009	ERR011348_MEGAHIT_MetaBinner.8
k79_51032	ERR011348_MEGAHIT_MetaBinner.8
k79_30975	ERR011348_MEGAHIT_MetaBinner.8
k79_37659	ERR011348_MEGAHIT_MetaBinner.8
k79_33660	ERR011348_MEGAHIT_MetaBinner.8
k79_73592	ERR011348_MEGAHIT_MetaBinner.8
k79_6924	ERR011348_MEGAHIT_MetaBinner.8
k79_68738	ERR011348_MEGAHIT_MetaBinner.8
k79_45369	ERR011348_MEGAHIT_MetaBinner.8
k79_75251	ERR011348_MEGAHIT_MetaBinner.8
k79_52560	ERR011348_MEGAHIT_MetaBinner.8
k79_35837	ERR011348_MEGAHIT_MetaBinner.8
k79_71707	ERR011348_MEGAHIT_MetaBinner.8
k79_29076	ERR011348_MEGAHIT_MetaBinner.8
k79_12151	ERR011348_MEGAHIT_MetaBinner.8
k79_29534	ERR011348_MEGAHIT_MetaBinner.8
k79_87321	ERR011348_MEGAHIT_MetaBinner.8
k79_42145	ERR011348_MEGAHIT_MetaBinner.8
k79_75058	ERR011348_MEGAHIT_MetaBinner.8
k79_73251	ERR011348_MEGAHIT_MetaBinner.8
k79_33923	ERR011348_MEGAHIT_MetaBinner.8
k79_93396	ERR011348_MEGAHIT_MetaBinner.8
k79_51334	ERR011348_MEGAHIT_MetaBinner.8
k79_68116	ERR011348_MEGAHIT_MetaBinner.8
k79_12828	ERR011348_MEGAHIT_MetaBinner.8
k79_13026	ERR011348_MEGAHIT_MetaBinner.8
k79_48097	ERR011348_MEGAHIT_MetaBinner.8
k79_45680	ERR011348_MEGAHIT_MetaBinner.8
k79_26531	ERR011348_MEGAHIT_MetaBinner.8
k79_16075	ERR011348_MEGAHIT_MetaBinner.8
k79_73822	ERR011348_MEGAHIT_MetaBinner.8
k79_45382	ERR011348_MEGAHIT_MetaBinner.8
k79_86662	ERR011348_MEGAHIT_MetaBinner.8
k79_57636	ERR011348_MEGAHIT_MetaBinner.8
k79_59843	ERR011348_MEGAHIT_MetaBinner.8
k79_92826	ERR011348_MEGAHIT_MetaBinner.8
k79_77800	ERR011348_MEGAHIT_MetaBinner.8
k79_88145	ERR011348_MEGAHIT_MetaBinner.8
k79_32793	ERR011348_MEGAHIT_MetaBinner.8
k79_72117	ERR011348_MEGAHIT_MetaBinner.8
k79_93929	ERR011348_MEGAHIT_MetaBinner.8
k79_35911	ERR011348_MEGAHIT_MetaBinner.8
k79_91211	ERR011348_MEGAHIT_MetaBinner.8
k79_40408	ERR011348_MEGAHIT_MetaBinner.8
k79_79998	ERR011348_MEGAHIT_MetaBinner.8
k79_24410	ERR011348_MEGAHIT_MetaBinner.8
k79_22238	ERR011348_MEGAHIT_MetaBinner.8
k79_42528	ERR011348_MEGAHIT_MetaBinner.8
k79_90168	ERR011348_MEGAHIT_MetaBinner.8
k79_37737	ERR011348_MEGAHIT_MetaBinner.8
k79_9341	ERR011348_MEGAHIT_MetaBinner.8
k79_55624	ERR011348_MEGAHIT_MetaBinner.8
k79_50058	ERR011348_MEGAHIT_MetaBinner.8
k79_19685	ERR011348_MEGAHIT_MetaBinner.8
k79_4426	ERR011348_MEGAHIT_MetaBinner.8
k79_95802	ERR011348_MEGAHIT_MetaBinner.8
k79_72475	ERR011348_MEGAHIT_MetaBinner.8
k79_91848	ERR011348_MEGAHIT_MetaBinner.8
k79_83806	ERR011348_MEGAHIT_MetaBinner.8
k79_82520	ERR011348_MEGAHIT_MetaBinner.8
k79_52855	ERR011348_MEGAHIT_MetaBinner.8
k79_75048	ERR011348_MEGAHIT_MetaBinner.8
k79_76520	ERR011348_MEGAHIT_MetaBinner.8
k79_69170	ERR011348_MEGAHIT_MetaBinner.8
k79_30211	ERR011348_MEGAHIT_MetaBinner.8
k79_91210	ERR011348_MEGAHIT_MetaBinner.8
k79_73287	ERR011348_MEGAHIT_MetaBinner.8
k79_59461	ERR011348_MEGAHIT_MetaBinner.8
k79_38691	ERR011348_MEGAHIT_MetaBinner.8
k79_480	ERR011348_MEGAHIT_MetaBinner.8
k79_10823	ERR011348_MEGAHIT_MetaBinner.8
k79_2060	ERR011348_MEGAHIT_MetaBinner.8
k79_3037	ERR011348_MEGAHIT_MetaBinner.8
k79_29221	ERR011348_MEGAHIT_MetaBinner.8
k79_21298	ERR011348_MEGAHIT_MetaBinner.8
k79_2231	ERR011348_MEGAHIT_MetaBinner.8
k79_74563	ERR011348_MEGAHIT_MetaBinner.8
k79_68065	ERR011348_MEGAHIT_MetaBinner.8
k79_6831	ERR011348_MEGAHIT_MetaBinner.8
k79_47987	ERR011348_MEGAHIT_MetaBinner.8
k79_31679	ERR011348_MEGAHIT_MetaBinner.8
k79_23914	ERR011348_MEGAHIT_MetaBinner.8
k79_47739	ERR011348_MEGAHIT_MetaBinner.8
k79_77684	ERR011348_MEGAHIT_MetaBinner.8
k79_49908	ERR011348_MEGAHIT_MetaBinner.8
k79_26585	ERR011348_MEGAHIT_MetaBinner.8
k79_76738	ERR011348_MEGAHIT_MetaBinner.8
k79_19967	ERR011348_MEGAHIT_MetaBinner.8
k79_38233	ERR011348_MEGAHIT_MetaBinner.8
k79_81134	ERR011348_MEGAHIT_MetaBinner.8
k79_47980	ERR011348_MEGAHIT_MetaBinner.8
k79_42775	ERR011348_MEGAHIT_MetaBinner.8
k79_73774	ERR011348_MEGAHIT_MetaBinner.8
k79_35154	ERR011348_MEGAHIT_MetaBinner.8
k79_7200	ERR011348_MEGAHIT_MetaBinner.8
k79_87346	ERR011348_MEGAHIT_MetaBinner.8
k79_22836	ERR011348_MEGAHIT_MetaBinner.8
k79_17951	ERR011348_MEGAHIT_MetaBinner.8
k79_81928	ERR011348_MEGAHIT_MetaBinner.8
k79_64501	ERR011348_MEGAHIT_MetaBinner.8
k79_12082	ERR011348_MEGAHIT_MetaBinner.8
k79_20734	ERR011348_MEGAHIT_MetaBinner.8
k79_182	ERR011348_MEGAHIT_MetaBinner.8
k79_46268	ERR011348_MEGAHIT_MetaBinner.8
k79_9943	ERR011348_MEGAHIT_MetaBinner.8
k79_36296	ERR011348_MEGAHIT_MetaBinner.8
k79_14452	ERR011348_MEGAHIT_MetaBinner.8
k79_990	ERR011348_MEGAHIT_MetaBinner.8
k79_47170	ERR011348_MEGAHIT_MetaBinner.8
k79_71410	ERR011348_MEGAHIT_MetaBinner.8
k79_37188	ERR011348_MEGAHIT_MetaBinner.8
k79_212	ERR011348_MEGAHIT_MetaBinner.8
k79_41479	ERR011348_MEGAHIT_MetaBinner.8
k79_51777	ERR011348_MEGAHIT_MetaBinner.8
k79_48303	ERR011348_MEGAHIT_MetaBinner.8
k79_73010	ERR011348_MEGAHIT_MetaBinner.8
k79_25519	ERR011348_MEGAHIT_MetaBinner.8
k79_77687	ERR011348_MEGAHIT_MetaBinner.8
k79_73134	ERR011348_MEGAHIT_MetaBinner.8
k79_841	ERR011348_MEGAHIT_MetaBinner.8
k79_72969	ERR011348_MEGAHIT_MetaBinner.8
k79_27107	ERR011348_MEGAHIT_MetaBinner.8
k79_90135	ERR011348_MEGAHIT_MetaBinner.8
k79_45302	ERR011348_MEGAHIT_MetaBinner.8
k79_23873	ERR011348_MEGAHIT_MetaBinner.8
k79_36685	ERR011348_MEGAHIT_MetaBinner.8
k79_87987	ERR011348_MEGAHIT_MetaBinner.8
k79_53004	ERR011348_MEGAHIT_MetaBinner.8
k79_79030	ERR011348_MEGAHIT_MetaBinner.8
k79_63995	ERR011348_MEGAHIT_MetaBinner.8
k79_43605	ERR011348_MEGAHIT_MetaBinner.8
k79_82078	ERR011348_MEGAHIT_MetaBinner.8
k79_62661	ERR011348_MEGAHIT_MetaBinner.8
k79_60147	ERR011348_MEGAHIT_MetaBinner.8
k79_37573	ERR011348_MEGAHIT_MetaBinner.8
k79_28779	ERR011348_MEGAHIT_MetaBinner.8
k79_74715	ERR011348_MEGAHIT_MetaBinner.8
k79_110	ERR011348_MEGAHIT_MetaBinner.8
k79_23722	ERR011348_MEGAHIT_MetaBinner.8
k79_6438	ERR011348_MEGAHIT_MetaBinner.8
k79_64012	ERR011348_MEGAHIT_MetaBinner.8
k79_16800	ERR011348_MEGAHIT_MetaBinner.8
k79_57462	ERR011348_MEGAHIT_MetaBinner.8
k79_43733	ERR011348_MEGAHIT_MetaBinner.8
k79_94386	ERR011348_MEGAHIT_MetaBinner.8
k79_81411	ERR011348_MEGAHIT_MetaBinner.8
k79_32573	ERR011348_MEGAHIT_MetaBinner.8
k79_21485	ERR011348_MEGAHIT_MetaBinner.8
k79_93306	ERR011348_MEGAHIT_MetaBinner.8
k79_19512	ERR011348_MEGAHIT_MetaBinner.8
k79_86597	ERR011348_MEGAHIT_MetaBinner.8
k79_49463	ERR011348_MEGAHIT_MetaBinner.8
k79_73768	ERR011348_MEGAHIT_MetaBinner.8
k79_72517	ERR011348_MEGAHIT_MetaBinner.8
k79_80351	ERR011348_MEGAHIT_MetaBinner.8
k79_74562	ERR011348_MEGAHIT_MetaBinner.8
k79_91738	ERR011348_MEGAHIT_MetaBinner.8
k79_10162	ERR011348_MEGAHIT_MetaBinner.8
k79_73595	ERR011348_MEGAHIT_MetaBinner.8
k79_73903	ERR011348_MEGAHIT_MetaBinner.8
k79_32932	ERR011348_MEGAHIT_MetaBinner.8
k79_20402	ERR011348_MEGAHIT_MetaBinner.8
k79_8410	ERR011348_MEGAHIT_MetaBinner.8
k79_78898	ERR011348_MEGAHIT_MetaBinner.8
k79_61541	ERR011348_MEGAHIT_MetaBinner.8
k79_75860	ERR011348_MEGAHIT_MetaBinner.8
k79_73408	ERR011348_MEGAHIT_MetaBinner.8
k79_13895	ERR011348_MEGAHIT_MetaBinner.8
k79_57604	ERR011348_MEGAHIT_MetaBinner.8
k79_2277	ERR011348_MEGAHIT_MetaBinner.8
k79_84879	ERR011348_MEGAHIT_MetaBinner.8
k79_11056	ERR011348_MEGAHIT_MetaBinner.8
k79_18787	ERR011348_MEGAHIT_MetaBinner.8
k79_53282	ERR011348_MEGAHIT_MetaBinner.8
k79_70747	ERR011348_MEGAHIT_MetaBinner.8
k79_91815	ERR011348_MEGAHIT_MetaBinner.8
k79_202	ERR011348_MEGAHIT_MetaBinner.8
k79_91475	ERR011348_MEGAHIT_MetaBinner.8
k79_50901	ERR011348_MEGAHIT_MetaBinner.8
k79_90472	ERR011348_MEGAHIT_MetaBinner.8
k79_16004	ERR011348_MEGAHIT_MetaBinner.8
k79_11829	ERR011348_MEGAHIT_MetaBinner.8
k79_12049	ERR011348_MEGAHIT_MetaBinner.8
k79_16336	ERR011348_MEGAHIT_MetaBinner.8
k79_25755	ERR011348_MEGAHIT_MetaBinner.8
k79_48871	ERR011348_MEGAHIT_MetaBinner.8
k79_72449	ERR011348_MEGAHIT_MetaBinner.8
k79_3394	ERR011348_MEGAHIT_MetaBinner.8
k79_80975	ERR011348_MEGAHIT_MetaBinner.8
k79_36912	ERR011348_MEGAHIT_MetaBinner.8
k79_92364	ERR011348_MEGAHIT_MetaBinner.8
k79_43292	ERR011348_MEGAHIT_MetaBinner.8
k79_63145	ERR011348_MEGAHIT_MetaBinner.8
k79_67077	ERR011348_MEGAHIT_MetaBinner.8
k79_81949	ERR011348_MEGAHIT_MetaBinner.8
k79_81067	ERR011348_MEGAHIT_MetaBinner.8
k79_20896	ERR011348_MEGAHIT_MetaBinner.8
k79_44711	ERR011348_MEGAHIT_MetaBinner.8
k79_92085	ERR011348_MEGAHIT_MetaBinner.8
k79_18587	ERR011348_MEGAHIT_MetaBinner.8
k79_85547	ERR011348_MEGAHIT_MetaBinner.8
k79_78884	ERR011348_MEGAHIT_MetaBinner.8
k79_36659	ERR011348_MEGAHIT_MetaBinner.8
k79_61657	ERR011348_MEGAHIT_MetaBinner.8
k79_35257	ERR011348_MEGAHIT_MetaBinner.8
k79_72137	ERR011348_MEGAHIT_MetaBinner.8
k79_78997	ERR011348_MEGAHIT_MetaBinner.8
k79_35242	ERR011348_MEGAHIT_MetaBinner.8
k79_43814	ERR011348_MEGAHIT_MetaBinner.8
k79_1308	ERR011348_MEGAHIT_MetaBinner.8
k79_52852	ERR011348_MEGAHIT_MetaBinner.8
k79_39034	ERR011348_MEGAHIT_MetaBinner.8
k79_49791	ERR011348_MEGAHIT_MetaBinner.8
k79_82719	ERR011348_MEGAHIT_MetaBinner.8
k79_4860	ERR011348_MEGAHIT_MetaBinner.8
k79_25601	ERR011348_MEGAHIT_MetaBinner.8
k79_3232	ERR011348_MEGAHIT_MetaBinner.8
k79_33298	ERR011348_MEGAHIT_MetaBinner.8
k79_37491	ERR011348_MEGAHIT_MetaBinner.8
k79_77593	ERR011348_MEGAHIT_MetaBinner.8
k79_10485	ERR011348_MEGAHIT_MetaBinner.8
k79_60106	ERR011348_MEGAHIT_MetaBinner.8
k79_8280	ERR011348_MEGAHIT_MetaBinner.8
k79_26162	ERR011348_MEGAHIT_MetaBinner.8
k79_68106	ERR011348_MEGAHIT_MetaBinner.8
k79_40874	ERR011348_MEGAHIT_MetaBinner.8
k79_1959	ERR011348_MEGAHIT_MetaBinner.8
k79_56890	ERR011348_MEGAHIT_MetaBinner.8
k79_30866	ERR011348_MEGAHIT_MetaBinner.8
k79_1228	ERR011348_MEGAHIT_MetaBinner.8
k79_67375	ERR011348_MEGAHIT_MetaBinner.8
k79_1168	ERR011348_MEGAHIT_MetaBinner.8
k79_59027	ERR011348_MEGAHIT_MetaBinner.8
k79_84091	ERR011348_MEGAHIT_MetaBinner.8
k79_45688	ERR011348_MEGAHIT_MetaBinner.8
k79_95274	ERR011348_MEGAHIT_MetaBinner.8
k79_35522	ERR011348_MEGAHIT_MetaBinner.8
k79_70605	ERR011348_MEGAHIT_MetaBinner.8
k79_77454	ERR011348_MEGAHIT_MetaBinner.8
k79_92467	ERR011348_MEGAHIT_MetaBinner.8
k79_64580	ERR011348_MEGAHIT_MetaBinner.8
k79_37943	ERR011348_MEGAHIT_MetaBinner.8
k79_24240	ERR011348_MEGAHIT_MetaBinner.8
k79_73654	ERR011348_MEGAHIT_MetaBinner.8
k79_28653	ERR011348_MEGAHIT_MetaBinner.8
k79_12327	ERR011348_MEGAHIT_MetaBinner.8
k79_40626	ERR011348_MEGAHIT_MetaBinner.8
k79_41209	ERR011348_MEGAHIT_MetaBinner.8
k79_69218	ERR011348_MEGAHIT_MetaBinner.8
k79_31857	ERR011348_MEGAHIT_MetaBinner.8
k79_34299	ERR011348_MEGAHIT_MetaBinner.8
k79_93382	ERR011348_MEGAHIT_MetaBinner.8
k79_70913	ERR011348_MEGAHIT_MetaBinner.8
k79_37101	ERR011348_MEGAHIT_MetaBinner.8
k79_61602	ERR011348_MEGAHIT_MetaBinner.8
k79_96313	ERR011348_MEGAHIT_MetaBinner.8
k79_53703	ERR011348_MEGAHIT_MetaBinner.8
k79_84764	ERR011348_MEGAHIT_MetaBinner.8
k79_77049	ERR011348_MEGAHIT_MetaBinner.8
k79_67056	ERR011348_MEGAHIT_MetaBinner.8
k79_90960	ERR011348_MEGAHIT_MetaBinner.8
k79_75245	ERR011348_MEGAHIT_MetaBinner.8
k79_40730	ERR011348_MEGAHIT_MetaBinner.8
k79_14973	ERR011348_MEGAHIT_MetaBinner.8
k79_71224	ERR011348_MEGAHIT_MetaBinner.8
k79_61063	ERR011348_MEGAHIT_MetaBinner.8
k79_94075	ERR011348_MEGAHIT_MetaBinner.8
k79_26696	ERR011348_MEGAHIT_MetaBinner.8
k79_81382	ERR011348_MEGAHIT_MetaBinner.8
k79_18985	ERR011348_MEGAHIT_MetaBinner.8
k79_66037	ERR011348_MEGAHIT_MetaBinner.8
k79_75257	ERR011348_MEGAHIT_MetaBinner.8
k79_94178	ERR011348_MEGAHIT_MetaBinner.8
k79_82817	ERR011348_MEGAHIT_MetaBinner.8
k79_81624	ERR011348_MEGAHIT_MetaBinner.8
k79_60613	ERR011348_MEGAHIT_MetaBinner.8
k79_27237	ERR011348_MEGAHIT_MetaBinner.8
k79_44184	ERR011348_MEGAHIT_MetaBinner.8
k79_60120	ERR011348_MEGAHIT_MetaBinner.8
k79_20646	ERR011348_MEGAHIT_MetaBinner.8
k79_4586	ERR011348_MEGAHIT_MetaBinner.8
k79_38723	ERR011348_MEGAHIT_MetaBinner.8
k79_45908	ERR011348_MEGAHIT_MetaBinner.8
k79_31444	ERR011348_MEGAHIT_MetaBinner.8
k79_25570	ERR011348_MEGAHIT_MetaBinner.8
k79_57426	ERR011348_MEGAHIT_MetaBinner.8
k79_20195	ERR011348_MEGAHIT_MetaBinner.8
k79_65130	ERR011348_MEGAHIT_MetaBinner.8
k79_72741	ERR011348_MEGAHIT_MetaBinner.8
k79_6210	ERR011348_MEGAHIT_MetaBinner.8
k79_72918	ERR011348_MEGAHIT_MetaBinner.8
k79_57577	ERR011348_MEGAHIT_MetaBinner.8
k79_72428	ERR011348_MEGAHIT_MetaBinner.8
k79_33046	ERR011348_MEGAHIT_MetaBinner.8
k79_77527	ERR011348_MEGAHIT_MetaBinner.8
k79_91329	ERR011348_MEGAHIT_MetaBinner.8
k79_37539	ERR011348_MEGAHIT_MetaBinner.8
k79_20957	ERR011348_MEGAHIT_MetaBinner.8
k79_80909	ERR011348_MEGAHIT_MetaBinner.8
k79_10758	ERR011348_MEGAHIT_MetaBinner.8
k79_35994	ERR011348_MEGAHIT_MetaBinner.8
k79_93001	ERR011348_MEGAHIT_MetaBinner.8
k79_13244	ERR011348_MEGAHIT_MetaBinner.8
k79_36193	ERR011348_MEGAHIT_MetaBinner.8
k79_53022	ERR011348_MEGAHIT_MetaBinner.8
k79_26338	ERR011348_MEGAHIT_MetaBinner.8
k79_73776	ERR011348_MEGAHIT_MetaBinner.8
k79_79958	ERR011348_MEGAHIT_MetaBinner.8
k79_27740	ERR011348_MEGAHIT_MetaBinner.8
k79_75444	ERR011348_MEGAHIT_MetaBinner.8
k79_35678	ERR011348_MEGAHIT_MetaBinner.8
k79_66360	ERR011348_MEGAHIT_MetaBinner.8
k79_82194	ERR011348_MEGAHIT_MetaBinner.8
k79_76146	ERR011348_MEGAHIT_MetaBinner.8
k79_6213	ERR011348_MEGAHIT_MetaBinner.8
k79_45361	ERR011348_MEGAHIT_MetaBinner.8
k79_636	ERR011348_MEGAHIT_MetaBinner.8
k79_27084	ERR011348_MEGAHIT_MetaBinner.8
k79_33155	ERR011348_MEGAHIT_MetaBinner.8
k79_43175	ERR011348_MEGAHIT_MetaBinner.8
k79_95742	ERR011348_MEGAHIT_MetaBinner.8
k79_91849	ERR011348_MEGAHIT_MetaBinner.8
k79_27282	ERR011348_MEGAHIT_MetaBinner.8
k79_38477	ERR011348_MEGAHIT_MetaBinner.8
k79_31438	ERR011348_MEGAHIT_MetaBinner.8
k79_68318	ERR011348_MEGAHIT_MetaBinner.8
k79_70394	ERR011348_MEGAHIT_MetaBinner.8
k79_46137	ERR011348_MEGAHIT_MetaBinner.8
k79_26706	ERR011348_MEGAHIT_MetaBinner.8
k79_41813	ERR011348_MEGAHIT_MetaBinner.8
k79_89565	ERR011348_MEGAHIT_MetaBinner.8
k79_43511	ERR011348_MEGAHIT_MetaBinner.8
k79_29001	ERR011348_MEGAHIT_MetaBinner.8
k79_53519	ERR011348_MEGAHIT_MetaBinner.8
k79_51727	ERR011348_MEGAHIT_MetaBinner.8
k79_67287	ERR011348_MEGAHIT_MetaBinner.8
k79_11985	ERR011348_MEGAHIT_MetaBinner.8
k79_78417	ERR011348_MEGAHIT_MetaBinner.8
k79_50578	ERR011348_MEGAHIT_MetaBinner.8
k79_46498	ERR011348_MEGAHIT_MetaBinner.8
k79_49740	ERR011348_MEGAHIT_MetaBinner.8
k79_77240	ERR011348_MEGAHIT_MetaBinner.8
k79_45194	ERR011348_MEGAHIT_MetaBinner.8
k79_21433	ERR011348_MEGAHIT_MetaBinner.8
k79_43501	ERR011348_MEGAHIT_MetaBinner.8
k79_76716	ERR011348_MEGAHIT_MetaBinner.8
k79_60818	ERR011348_MEGAHIT_MetaBinner.8
k79_74775	ERR011348_MEGAHIT_MetaBinner.8
k79_62991	ERR011348_MEGAHIT_MetaBinner.8
k79_29308	ERR011348_MEGAHIT_MetaBinner.8
k79_64619	ERR011348_MEGAHIT_MetaBinner.8
k79_19479	ERR011348_MEGAHIT_MetaBinner.8
k79_26185	ERR011348_MEGAHIT_MetaBinner.8
k79_63958	ERR011348_MEGAHIT_MetaBinner.8
k79_76966	ERR011348_MEGAHIT_MetaBinner.8
k79_4704	ERR011348_MEGAHIT_MetaBinner.8
k79_24176	ERR011348_MEGAHIT_MetaBinner.8
k79_51593	ERR011348_MEGAHIT_MetaBinner.8
k79_68770	ERR011348_MEGAHIT_MetaBinner.8
k79_24674	ERR011348_MEGAHIT_MetaBinner.8
k79_83274	ERR011348_MEGAHIT_MetaBinner.8
k79_51005	ERR011348_MEGAHIT_MetaBinner.8
k79_68243	ERR011348_MEGAHIT_MetaBinner.8
k79_53706	ERR011348_MEGAHIT_MetaBinner.8
k79_10885	ERR011348_MEGAHIT_MetaBinner.8
k79_65492	ERR011348_MEGAHIT_MetaBinner.8
k79_88935	ERR011348_MEGAHIT_MetaBinner.8
k79_58965	ERR011348_MEGAHIT_MetaBinner.8
k79_44153	ERR011348_MEGAHIT_MetaBinner.8
k79_34003	ERR011348_MEGAHIT_MetaBinner.8
k79_40522	ERR011348_MEGAHIT_MetaBinner.8
k79_14520	ERR011348_MEGAHIT_MetaBinner.8
k79_74796	ERR011348_MEGAHIT_MetaBinner.8
k79_79681	ERR011348_MEGAHIT_MetaBinner.8
k79_74361	ERR011348_MEGAHIT_MetaBinner.8
k79_33578	ERR011348_MEGAHIT_MetaBinner.8
k79_95150	ERR011348_MEGAHIT_MetaBinner.8
k79_12239	ERR011348_MEGAHIT_MetaBinner.8
k79_67040	ERR011348_MEGAHIT_MetaBinner.8
k79_21752	ERR011348_MEGAHIT_MetaBinner.8
k79_15708	ERR011348_MEGAHIT_MetaBinner.8
k79_19047	ERR011348_MEGAHIT_MetaBinner.8
k79_39789	ERR011348_MEGAHIT_MetaBinner.8
k79_37997	ERR011348_MEGAHIT_MetaBinner.8
k79_75752	ERR011348_MEGAHIT_MetaBinner.8
k79_28904	ERR011348_MEGAHIT_MetaBinner.8
k79_89235	ERR011348_MEGAHIT_MetaBinner.8
k79_95632	ERR011348_MEGAHIT_MetaBinner.8
k79_84768	ERR011348_MEGAHIT_MetaBinner.8
k79_50323	ERR011348_MEGAHIT_MetaBinner.8
k79_33618	ERR011348_MEGAHIT_MetaBinner.8
k79_49459	ERR011348_MEGAHIT_MetaBinner.8
k79_10489	ERR011348_MEGAHIT_MetaBinner.8
k79_52265	ERR011348_MEGAHIT_MetaBinner.8
k79_27061	ERR011348_MEGAHIT_MetaBinner.8
k79_89679	ERR011348_MEGAHIT_MetaBinner.8
k79_11422	ERR011348_MEGAHIT_MetaBinner.8
k79_89854	ERR011348_MEGAHIT_MetaBinner.8
k79_68875	ERR011348_MEGAHIT_MetaBinner.8
k79_28551	ERR011348_MEGAHIT_MetaBinner.8
k79_73181	ERR011348_MEGAHIT_MetaBinner.8
k79_2936	ERR011348_MEGAHIT_MetaBinner.8
k79_33093	ERR011348_MEGAHIT_MetaBinner.8
k79_68333	ERR011348_MEGAHIT_MetaBinner.8
k79_66185	ERR011348_MEGAHIT_MetaBinner.8
k79_61225	ERR011348_MEGAHIT_MetaBinner.8
k79_92987	ERR011348_MEGAHIT_MetaBinner.8
k79_47789	ERR011348_MEGAHIT_MetaBinner.8
k79_7241	ERR011348_MEGAHIT_MetaBinner.8
k79_34446	ERR011348_MEGAHIT_MetaBinner.8
k79_82099	ERR011348_MEGAHIT_MetaBinner.8
k79_68420	ERR011348_MEGAHIT_MetaBinner.8
k79_44274	ERR011348_MEGAHIT_MetaBinner.8
k79_4899	ERR011348_MEGAHIT_MetaBinner.8
k79_77184	ERR011348_MEGAHIT_MetaBinner.8
k79_26532	ERR011348_MEGAHIT_MetaBinner.8
k79_18395	ERR011348_MEGAHIT_MetaBinner.8
k79_90458	ERR011348_MEGAHIT_MetaBinner.8
k79_35033	ERR011348_MEGAHIT_MetaBinner.8
k79_66989	ERR011348_MEGAHIT_MetaBinner.8
k79_29350	ERR011348_MEGAHIT_MetaBinner.8
k79_17857	ERR011348_MEGAHIT_MetaBinner.8
k79_80353	ERR011348_MEGAHIT_MetaBinner.8
k79_51990	ERR011348_MEGAHIT_MetaBinner.8
k79_92720	ERR011348_MEGAHIT_MetaBinner.8
k79_62233	ERR011348_MEGAHIT_MetaBinner.8
k79_20999	ERR011348_MEGAHIT_MetaBinner.8
k79_27190	ERR011348_MEGAHIT_MetaBinner.8
k79_58190	ERR011348_MEGAHIT_MetaBinner.8
k79_81556	ERR011348_MEGAHIT_MetaBinner.8
k79_66243	ERR011348_MEGAHIT_MetaBinner.8
k79_83854	ERR011348_MEGAHIT_MetaBinner.8
k79_25402	ERR011348_MEGAHIT_MetaBinner.8
k79_42280	ERR011348_MEGAHIT_MetaBinner.8
k79_49976	ERR011348_MEGAHIT_MetaBinner.8
k79_57016	ERR011348_MEGAHIT_MetaBinner.8
k79_72797	ERR011348_MEGAHIT_MetaBinner.8
k79_61343	ERR011348_MEGAHIT_MetaBinner.8
k79_11273	ERR011348_MEGAHIT_MetaBinner.8
k79_90647	ERR011348_MEGAHIT_MetaBinner.8
k79_19358	ERR011348_MEGAHIT_MetaBinner.8
k79_90060	ERR011348_MEGAHIT_MetaBinner.8
k79_9450	ERR011348_MEGAHIT_MetaBinner.8
k79_74600	ERR011348_MEGAHIT_MetaBinner.8
k79_21032	ERR011348_MEGAHIT_MetaBinner.8
k79_27256	ERR011348_MEGAHIT_MetaBinner.8
k79_5991	ERR011348_MEGAHIT_MetaBinner.8
k79_43930	ERR011348_MEGAHIT_MetaBinner.8
k79_46886	ERR011348_MEGAHIT_MetaBinner.8
k79_28249	ERR011348_MEGAHIT_MetaBinner.8
k79_26316	ERR011348_MEGAHIT_MetaBinner.8
k79_16665	ERR011348_MEGAHIT_MetaBinner.8
k79_89274	ERR011348_MEGAHIT_MetaBinner.8
k79_75404	ERR011348_MEGAHIT_MetaBinner.8
k79_34389	ERR011348_MEGAHIT_MetaBinner.8
k79_28959	ERR011348_MEGAHIT_MetaBinner.8
k79_47075	ERR011348_MEGAHIT_MetaBinner.8
k79_40080	ERR011348_MEGAHIT_MetaBinner.8
k79_93834	ERR011348_MEGAHIT_MetaBinner.8
k79_37278	ERR011348_MEGAHIT_MetaBinner.8
k79_32375	ERR011348_MEGAHIT_MetaBinner.8
k79_4784	ERR011348_MEGAHIT_MetaBinner.8
k79_15882	ERR011348_MEGAHIT_MetaBinner.8
k79_17557	ERR011348_MEGAHIT_MetaBinner.8
k79_32188	ERR011348_MEGAHIT_MetaBinner.8
k79_25619	ERR011348_MEGAHIT_MetaBinner.8
k79_36964	ERR011348_MEGAHIT_MetaBinner.8
k79_51822	ERR011348_MEGAHIT_MetaBinner.8
k79_11595	ERR011348_MEGAHIT_MetaBinner.8
k79_61429	ERR011348_MEGAHIT_MetaBinner.8
k79_93676	ERR011348_MEGAHIT_MetaBinner.8
k79_78565	ERR011348_MEGAHIT_MetaBinner.8
k79_17001	ERR011348_MEGAHIT_MetaBinner.8
k79_17500	ERR011348_MEGAHIT_MetaBinner.8
k79_54936	ERR011348_MEGAHIT_MetaBinner.8
k79_8171	ERR011348_MEGAHIT_MetaBinner.8
k79_71348	ERR011348_MEGAHIT_MetaBinner.8
k79_94932	ERR011348_MEGAHIT_MetaBinner.8
k79_85763	ERR011348_MEGAHIT_MetaBinner.8
k79_36756	ERR011348_MEGAHIT_MetaBinner.8
k79_46616	ERR011348_MEGAHIT_MetaBinner.8
k79_46314	ERR011348_MEGAHIT_MetaBinner.8
k79_25764	ERR011348_MEGAHIT_MetaBinner.8
k79_13122	ERR011348_MEGAHIT_MetaBinner.8
k79_12323	ERR011348_MEGAHIT_MetaBinner.8
k79_93192	ERR011348_MEGAHIT_MetaBinner.8
k79_19748	ERR011348_MEGAHIT_MetaBinner.8
k79_7706	ERR011348_MEGAHIT_MetaBinner.8
k79_29292	ERR011348_MEGAHIT_MetaBinner.8
k79_43923	ERR011348_MEGAHIT_MetaBinner.8
k79_26670	ERR011348_MEGAHIT_MetaBinner.8
k79_23753	ERR011348_MEGAHIT_MetaBinner.8
k79_13918	ERR011348_MEGAHIT_MetaBinner.8
k79_7309	ERR011348_MEGAHIT_MetaBinner.8
k79_57336	ERR011348_MEGAHIT_MetaBinner.8
k79_96127	ERR011348_MEGAHIT_MetaBinner.8
k79_73805	ERR011348_MEGAHIT_MetaBinner.8
k79_64053	ERR011348_MEGAHIT_MetaBinner.8
k79_1756	ERR011348_MEGAHIT_MetaBinner.8
k79_23970	ERR011348_MEGAHIT_MetaBinner.8
k79_16628	ERR011348_MEGAHIT_MetaBinner.8
k79_84327	ERR011348_MEGAHIT_MetaBinner.8
k79_75306	ERR011348_MEGAHIT_MetaBinner.8
k79_62352	ERR011348_MEGAHIT_MetaBinner.8
k79_14088	ERR011348_MEGAHIT_MetaBinner.8
k79_61743	ERR011348_MEGAHIT_MetaBinner.8
k79_33061	ERR011348_MEGAHIT_MetaBinner.8
k79_77399	ERR011348_MEGAHIT_MetaBinner.8
k79_38940	ERR011348_MEGAHIT_MetaBinner.8
k79_16860	ERR011348_MEGAHIT_MetaBinner.8
k79_51747	ERR011348_MEGAHIT_MetaBinner.8
k79_69213	ERR011348_MEGAHIT_MetaBinner.8
k79_86358	ERR011348_MEGAHIT_MetaBinner.8
k79_66599	ERR011348_MEGAHIT_MetaBinner.8
k79_2644	ERR011348_MEGAHIT_MetaBinner.8
k79_70243	ERR011348_MEGAHIT_MetaBinner.8
k79_72865	ERR011348_MEGAHIT_MetaBinner.8
k79_36198	ERR011348_MEGAHIT_MetaBinner.8
k79_24799	ERR011348_MEGAHIT_MetaBinner.8
k79_72010	ERR011348_MEGAHIT_MetaBinner.8
k79_5833	ERR011348_MEGAHIT_MetaBinner.8
k79_27978	ERR011348_MEGAHIT_MetaBinner.8
k79_41073	ERR011348_MEGAHIT_MetaBinner.8
k79_171	ERR011348_MEGAHIT_MetaBinner.8
k79_57414	ERR011348_MEGAHIT_MetaBinner.8
k79_77999	ERR011348_MEGAHIT_MetaBinner.8
k79_10409	ERR011348_MEGAHIT_MetaBinner.8
k79_45912	ERR011348_MEGAHIT_MetaBinner.8
k79_59406	ERR011348_MEGAHIT_MetaBinner.8
k79_52872	ERR011348_MEGAHIT_MetaBinner.8
k79_19701	ERR011348_MEGAHIT_MetaBinner.8
k79_52128	ERR011348_MEGAHIT_MetaBinner.8
k79_73535	ERR011348_MEGAHIT_MetaBinner.8
k79_21238	ERR011348_MEGAHIT_MetaBinner.8
k79_63941	ERR011348_MEGAHIT_MetaBinner.8
k79_69434	ERR011348_MEGAHIT_MetaBinner.8
k79_18873	ERR011348_MEGAHIT_MetaBinner.8
k79_36482	ERR011348_MEGAHIT_MetaBinner.8
k79_73067	ERR011348_MEGAHIT_MetaBinner.8
k79_45048	ERR011348_MEGAHIT_MetaBinner.8
k79_43435	ERR011348_MEGAHIT_MetaBinner.8
k79_66501	ERR011348_MEGAHIT_MetaBinner.8
k79_12253	ERR011348_MEGAHIT_MetaBinner.8
k79_21597	ERR011348_MEGAHIT_MetaBinner.8
k79_10901	ERR011348_MEGAHIT_MetaBinner.8
k79_66354	ERR011348_MEGAHIT_MetaBinner.8
k79_75217	ERR011348_MEGAHIT_MetaBinner.8
k79_74688	ERR011348_MEGAHIT_MetaBinner.8
k79_94538	ERR011348_MEGAHIT_MetaBinner.8
k79_13932	ERR011348_MEGAHIT_MetaBinner.8
k79_17241	ERR011348_MEGAHIT_MetaBinner.8
k79_26163	ERR011348_MEGAHIT_MetaBinner.8
k79_42827	ERR011348_MEGAHIT_MetaBinner.8
k79_13944	ERR011348_MEGAHIT_MetaBinner.8
k79_24891	ERR011348_MEGAHIT_MetaBinner.8
k79_9277	ERR011348_MEGAHIT_MetaBinner.8
k79_3567	ERR011348_MEGAHIT_MetaBinner.8
k79_78402	ERR011348_MEGAHIT_MetaBinner.8
k79_38224	ERR011348_MEGAHIT_MetaBinner.8
k79_86152	ERR011348_MEGAHIT_MetaBinner.8
k79_62649	ERR011348_MEGAHIT_MetaBinner.8
k79_6224	ERR011348_MEGAHIT_MetaBinner.8
k79_28010	ERR011348_MEGAHIT_MetaBinner.8
k79_64513	ERR011348_MEGAHIT_MetaBinner.8
k79_27113	ERR011348_MEGAHIT_MetaBinner.8
k79_1472	ERR011348_MEGAHIT_MetaBinner.8
k79_63591	ERR011348_MEGAHIT_MetaBinner.8
k79_15271	ERR011348_MEGAHIT_MetaBinner.8
k79_91330	ERR011348_MEGAHIT_MetaBinner.8
k79_48754	ERR011348_MEGAHIT_MetaBinner.8
k79_91839	ERR011348_MEGAHIT_MetaBinner.8
k79_78875	ERR011348_MEGAHIT_MetaBinner.8
k79_95603	ERR011348_MEGAHIT_MetaBinner.8
k79_4208	ERR011348_MEGAHIT_MetaBinner.8
k79_64234	ERR011348_MEGAHIT_MetaBinner.8
k79_15455	ERR011348_MEGAHIT_MetaBinner.8
k79_16116	ERR011348_MEGAHIT_MetaBinner.8
k79_43315	ERR011348_MEGAHIT_MetaBinner.8
k79_66212	ERR011348_MEGAHIT_MetaBinner.8
k79_13180	ERR011348_MEGAHIT_MetaBinner.8
k79_68593	ERR011348_MEGAHIT_MetaBinner.8
k79_7810	ERR011348_MEGAHIT_MetaBinner.8
k79_79108	ERR011348_MEGAHIT_MetaBinner.8
k79_35110	ERR011348_MEGAHIT_MetaBinner.8
k79_69300	ERR011348_MEGAHIT_MetaBinner.8
k79_35601	ERR011348_MEGAHIT_MetaBinner.8
k79_45328	ERR011348_MEGAHIT_MetaBinner.8
k79_14974	ERR011348_MEGAHIT_MetaBinner.8
k79_2068	ERR011348_MEGAHIT_MetaBinner.8
k79_37281	ERR011348_MEGAHIT_MetaBinner.8
k79_10040	ERR011348_MEGAHIT_MetaBinner.8
k79_34352	ERR011348_MEGAHIT_MetaBinner.8
k79_96164	ERR011348_MEGAHIT_MetaBinner.8
k79_7664	ERR011348_MEGAHIT_MetaBinner.8
k79_62968	ERR011348_MEGAHIT_MetaBinner.8
k79_69724	ERR011348_MEGAHIT_MetaBinner.8
k79_48961	ERR011348_MEGAHIT_MetaBinner.8
k79_94672	ERR011348_MEGAHIT_MetaBinner.8
k79_28157	ERR011348_MEGAHIT_MetaBinner.8
k79_51537	ERR011348_MEGAHIT_MetaBinner.8
k79_84523	ERR011348_MEGAHIT_MetaBinner.8
k79_38053	ERR011348_MEGAHIT_MetaBinner.8
k79_6099	ERR011348_MEGAHIT_MetaBinner.8
k79_86591	ERR011348_MEGAHIT_MetaBinner.8
k79_8281	ERR011348_MEGAHIT_MetaBinner.8
k79_78762	ERR011348_MEGAHIT_MetaBinner.8
k79_40086	ERR011348_MEGAHIT_MetaBinner.8
k79_14457	ERR011348_MEGAHIT_MetaBinner.8
k79_86308	ERR011348_MEGAHIT_MetaBinner.8
k79_70303	ERR011348_MEGAHIT_MetaBinner.8
k79_76517	ERR011348_MEGAHIT_MetaBinner.8
k79_10970	ERR011348_MEGAHIT_MetaBinner.8
k79_7593	ERR011348_MEGAHIT_MetaBinner.8
k79_69323	ERR011348_MEGAHIT_MetaBinner.8
k79_50107	ERR011348_MEGAHIT_MetaBinner.8
k79_55935	ERR011348_MEGAHIT_MetaBinner.8
k79_5743	ERR011348_MEGAHIT_MetaBinner.8
k79_80874	ERR011348_MEGAHIT_MetaBinner.8
k79_69594	ERR011348_MEGAHIT_MetaBinner.8
k79_86590	ERR011348_MEGAHIT_MetaBinner.8
k79_40631	ERR011348_MEGAHIT_MetaBinner.8
k79_68535	ERR011348_MEGAHIT_MetaBinner.8
k79_60971	ERR011348_MEGAHIT_MetaBinner.8
k79_81344	ERR011348_MEGAHIT_MetaBinner.8
k79_28396	ERR011348_MEGAHIT_MetaBinner.8
k79_96249	ERR011348_MEGAHIT_MetaBinner.8
k79_37131	ERR011348_MEGAHIT_MetaBinner.8
k79_66740	ERR011348_MEGAHIT_MetaBinner.8
k79_73222	ERR011348_MEGAHIT_MetaBinner.8
k79_93821	ERR011348_MEGAHIT_MetaBinner.8
k79_14329	ERR011348_MEGAHIT_MetaBinner.8
k79_66419	ERR011348_MEGAHIT_MetaBinner.8
k79_72217	ERR011348_MEGAHIT_MetaBinner.8
k79_34710	ERR011348_MEGAHIT_MetaBinner.8
k79_1077	ERR011348_MEGAHIT_MetaBinner.8
k79_10574	ERR011348_MEGAHIT_MetaBinner.8
k79_16682	ERR011348_MEGAHIT_MetaBinner.8
k79_94736	ERR011348_MEGAHIT_MetaBinner.8
k79_13224	ERR011348_MEGAHIT_MetaBinner.8
k79_94643	ERR011348_MEGAHIT_MetaBinner.8
k79_29408	ERR011348_MEGAHIT_MetaBinner.8
k79_41995	ERR011348_MEGAHIT_MetaBinner.8
k79_57931	ERR011348_MEGAHIT_MetaBinner.8
k79_10801	ERR011348_MEGAHIT_MetaBinner.8
k79_32814	ERR011348_MEGAHIT_MetaBinner.8
k79_76814	ERR011348_MEGAHIT_MetaBinner.8
k79_94984	ERR011348_MEGAHIT_MetaBinner.8
k79_7068	ERR011348_MEGAHIT_MetaBinner.8
k79_74026	ERR011348_MEGAHIT_MetaBinner.8
k79_8651	ERR011348_MEGAHIT_MetaBinner.8
k79_31432	ERR011348_MEGAHIT_MetaBinner.8
k79_90866	ERR011348_MEGAHIT_MetaBinner.8
k79_71421	ERR011348_MEGAHIT_MetaBinner.8
k79_24276	ERR011348_MEGAHIT_MetaBinner.8
k79_29775	ERR011348_MEGAHIT_MetaBinner.8
k79_83388	ERR011348_MEGAHIT_MetaBinner.8
k79_16446	ERR011348_MEGAHIT_MetaBinner.8
k79_12915	ERR011348_MEGAHIT_MetaBinner.8
k79_94456	ERR011348_MEGAHIT_MetaBinner.8
k79_51504	ERR011348_MEGAHIT_MetaBinner.8
k79_8305	ERR011348_MEGAHIT_MetaBinner.8
k79_32417	ERR011348_MEGAHIT_MetaBinner.8
k79_64672	ERR011348_MEGAHIT_MetaBinner.8
k79_22106	ERR011348_MEGAHIT_MetaBinner.8
k79_51200	ERR011348_MEGAHIT_MetaBinner.8
k79_15333	ERR011348_MEGAHIT_MetaBinner.8
k79_1232	ERR011348_MEGAHIT_MetaBinner.8
k79_92063	ERR011348_MEGAHIT_MetaBinner.8
k79_49464	ERR011348_MEGAHIT_MetaBinner.8
k79_48239	ERR011348_MEGAHIT_MetaBinner.8
k79_94792	ERR011348_MEGAHIT_MetaBinner.8
k79_65483	ERR011348_MEGAHIT_MetaBinner.8
k79_94735	ERR011348_MEGAHIT_MetaBinner.8
k79_47858	ERR011348_MEGAHIT_MetaBinner.8
k79_78908	ERR011348_MEGAHIT_MetaBinner.8
k79_55992	ERR011348_MEGAHIT_MetaBinner.8
k79_58252	ERR011348_MEGAHIT_MetaBinner.8
k79_22389	ERR011348_MEGAHIT_MetaBinner.8
k79_17152	ERR011348_MEGAHIT_MetaBinner.8
k79_46518	ERR011348_MEGAHIT_MetaBinner.8
k79_3594	ERR011348_MEGAHIT_MetaBinner.8
k79_32976	ERR011348_MEGAHIT_MetaBinner.8
k79_64254	ERR011348_MEGAHIT_MetaBinner.8
k79_40720	ERR011348_MEGAHIT_MetaBinner.8
k79_12545	ERR011348_MEGAHIT_MetaBinner.8
k79_43509	ERR011348_MEGAHIT_MetaBinner.8
k79_23957	ERR011348_MEGAHIT_MetaBinner.8
k79_93822	ERR011348_MEGAHIT_MetaBinner.8
k79_15777	ERR011348_MEGAHIT_MetaBinner.8
k79_73986	ERR011348_MEGAHIT_MetaBinner.8
k79_13274	ERR011348_MEGAHIT_MetaBinner.8
k79_8202	ERR011348_MEGAHIT_MetaBinner.8
k79_82676	ERR011348_MEGAHIT_MetaBinner.8
k79_59416	ERR011348_MEGAHIT_MetaBinner.8
k79_44898	ERR011348_MEGAHIT_MetaBinner.8
k79_74420	ERR011348_MEGAHIT_MetaBinner.8
k79_86918	ERR011348_MEGAHIT_MetaBinner.8
k79_78862	ERR011348_MEGAHIT_MetaBinner.8
k79_24129	ERR011348_MEGAHIT_MetaBinner.8
k79_58450	ERR011348_MEGAHIT_MetaBinner.8
k79_62085	ERR011348_MEGAHIT_MetaBinner.8
k79_60489	ERR011348_MEGAHIT_MetaBinner.8
k79_63221	ERR011348_MEGAHIT_MetaBinner.8
k79_64616	ERR011348_MEGAHIT_MetaBinner.8
k79_79767	ERR011348_MEGAHIT_MetaBinner.8
k79_79366	ERR011348_MEGAHIT_MetaBinner.8
k79_54169	ERR011348_MEGAHIT_MetaBinner.8
k79_9211	ERR011348_MEGAHIT_MetaBinner.8
k79_53012	ERR011348_MEGAHIT_MetaBinner.8
k79_40934	ERR011348_MEGAHIT_MetaBinner.8
k79_10206	ERR011348_MEGAHIT_MetaBinner.8
k79_60210	ERR011348_MEGAHIT_MetaBinner.8
k79_74359	ERR011348_MEGAHIT_MetaBinner.8
k79_74487	ERR011348_MEGAHIT_MetaBinner.8
k79_55327	ERR011348_MEGAHIT_MetaBinner.8
k79_62490	ERR011348_MEGAHIT_MetaBinner.8
k79_29956	ERR011348_MEGAHIT_MetaBinner.8
k79_23708	ERR011348_MEGAHIT_MetaBinner.8
k79_74861	ERR011348_MEGAHIT_MetaBinner.8
k79_71169	ERR011348_MEGAHIT_MetaBinner.8
k79_58873	ERR011348_MEGAHIT_MetaBinner.8
k79_67566	ERR011348_MEGAHIT_MetaBinner.8
k79_92915	ERR011348_MEGAHIT_MetaBinner.8
k79_67695	ERR011348_MEGAHIT_MetaBinner.8
k79_39951	ERR011348_MEGAHIT_MetaBinner.8
k79_54833	ERR011348_MEGAHIT_MetaBinner.8
k79_4222	ERR011348_MEGAHIT_MetaBinner.8
k79_42882	ERR011348_MEGAHIT_MetaBinner.8
k79_1903	ERR011348_MEGAHIT_MetaBinner.8
k79_59704	ERR011348_MEGAHIT_MetaBinner.8
k79_36600	ERR011348_MEGAHIT_MetaBinner.8
k79_68111	ERR011348_MEGAHIT_MetaBinner.8
k79_24298	ERR011348_MEGAHIT_MetaBinner.8
k79_47073	ERR011348_MEGAHIT_MetaBinner.8
k79_34829	ERR011348_MEGAHIT_MetaBinner.8
k79_83370	ERR011348_MEGAHIT_MetaBinner.8
k79_9261	ERR011348_MEGAHIT_MetaBinner.8
k79_64854	ERR011348_MEGAHIT_MetaBinner.8
k79_68869	ERR011348_MEGAHIT_MetaBinner.8
k79_31563	ERR011348_MEGAHIT_MetaBinner.8
k79_54765	ERR011348_MEGAHIT_MetaBinner.8
k79_58987	ERR011348_MEGAHIT_MetaBinner.8
k79_46205	ERR011348_MEGAHIT_MetaBinner.8
k79_62226	ERR011348_MEGAHIT_MetaBinner.8
k79_73763	ERR011348_MEGAHIT_MetaBinner.8
k79_58768	ERR011348_MEGAHIT_MetaBinner.8
k79_73497	ERR011348_MEGAHIT_MetaBinner.8
k79_69697	ERR011348_MEGAHIT_MetaBinner.8
k79_9374	ERR011348_MEGAHIT_MetaBinner.8
k79_37155	ERR011348_MEGAHIT_MetaBinner.8
k79_20892	ERR011348_MEGAHIT_MetaBinner.8
k79_26923	ERR011348_MEGAHIT_MetaBinner.8
k79_10930	ERR011348_MEGAHIT_MetaBinner.8
k79_40421	ERR011348_MEGAHIT_MetaBinner.8
k79_8863	ERR011348_MEGAHIT_MetaBinner.8
k79_24621	ERR011348_MEGAHIT_MetaBinner.8
k79_42490	ERR011348_MEGAHIT_MetaBinner.8
k79_76618	ERR011348_MEGAHIT_MetaBinner.8
k79_45660	ERR011348_MEGAHIT_MetaBinner.8
k79_68977	ERR011348_MEGAHIT_MetaBinner.8
k79_48287	ERR011348_MEGAHIT_MetaBinner.8
k79_36630	ERR011348_MEGAHIT_MetaBinner.8
k79_83943	ERR011348_MEGAHIT_MetaBinner.8
k79_68306	ERR011348_MEGAHIT_MetaBinner.8
k79_93314	ERR011348_MEGAHIT_MetaBinner.8
k79_57012	ERR011348_MEGAHIT_MetaBinner.8
k79_43855	ERR011348_MEGAHIT_MetaBinner.8
k79_75200	ERR011348_MEGAHIT_MetaBinner.8
k79_88757	ERR011348_MEGAHIT_MetaBinner.8
k79_94139	ERR011348_MEGAHIT_MetaBinner.8
k79_81785	ERR011348_MEGAHIT_MetaBinner.8
k79_23754	ERR011348_MEGAHIT_MetaBinner.8
k79_71519	ERR011348_MEGAHIT_MetaBinner.8
k79_62859	ERR011348_MEGAHIT_MetaBinner.8
k79_27027	ERR011348_MEGAHIT_MetaBinner.8
k79_94443	ERR011348_MEGAHIT_MetaBinner.8
k79_82848	ERR011348_MEGAHIT_MetaBinner.8
k79_81286	ERR011348_MEGAHIT_MetaBinner.8
k79_20410	ERR011348_MEGAHIT_MetaBinner.8
k79_3192	ERR011348_MEGAHIT_MetaBinner.8
k79_6429	ERR011348_MEGAHIT_MetaBinner.8
k79_26074	ERR011348_MEGAHIT_MetaBinner.8
k79_76722	ERR011348_MEGAHIT_MetaBinner.8
k79_311	ERR011348_MEGAHIT_MetaBinner.8
k79_55745	ERR011348_MEGAHIT_MetaBinner.8
k79_69406	ERR011348_MEGAHIT_MetaBinner.8
k79_83119	ERR011348_MEGAHIT_MetaBinner.8
k79_55274	ERR011348_MEGAHIT_MetaBinner.8
k79_92109	ERR011348_MEGAHIT_MetaBinner.8
k79_86406	ERR011348_MEGAHIT_MetaBinner.8
k79_13149	ERR011348_MEGAHIT_MetaBinner.8
k79_89157	ERR011348_MEGAHIT_MetaBinner.8
k79_91761	ERR011348_MEGAHIT_MetaBinner.8
k79_56013	ERR011348_MEGAHIT_MetaBinner.8
k79_51212	ERR011348_MEGAHIT_MetaBinner.8
k79_21381	ERR011348_MEGAHIT_MetaBinner.8
k79_69150	ERR011348_MEGAHIT_MetaBinner.8
k79_31577	ERR011348_MEGAHIT_MetaBinner.8
k79_43700	ERR011348_MEGAHIT_MetaBinner.8
k79_54585	ERR011348_MEGAHIT_MetaBinner.8
k79_63665	ERR011348_MEGAHIT_MetaBinner.8
k79_50010	ERR011348_MEGAHIT_MetaBinner.8
k79_87458	ERR011348_MEGAHIT_MetaBinner.8
k79_9202	ERR011348_MEGAHIT_MetaBinner.8
k79_13021	ERR011348_MEGAHIT_MetaBinner.8
k79_64532	ERR011348_MEGAHIT_MetaBinner.8
k79_40678	ERR011348_MEGAHIT_MetaBinner.8
k79_28944	ERR011348_MEGAHIT_MetaBinner.8
k79_5937	ERR011348_MEGAHIT_MetaBinner.8
k79_58110	ERR011348_MEGAHIT_MetaBinner.8
k79_44036	ERR011348_MEGAHIT_MetaBinner.8
k79_64612	ERR011348_MEGAHIT_MetaBinner.8
k79_11557	ERR011348_MEGAHIT_MetaBinner.8
k79_48631	ERR011348_MEGAHIT_MetaBinner.8
k79_85169	ERR011348_MEGAHIT_MetaBinner.8
k79_61219	ERR011348_MEGAHIT_MetaBinner.8
k79_73767	ERR011348_MEGAHIT_MetaBinner.8
k79_27413	ERR011348_MEGAHIT_MetaBinner.8
k79_8826	ERR011348_MEGAHIT_MetaBinner.8
k79_82919	ERR011348_MEGAHIT_MetaBinner.8
k79_50341	ERR011348_MEGAHIT_MetaBinner.8
k79_49164	ERR011348_MEGAHIT_MetaBinner.8
k79_63418	ERR011348_MEGAHIT_MetaBinner.8
k79_1729	ERR011348_MEGAHIT_MetaBinner.8
k79_80287	ERR011348_MEGAHIT_MetaBinner.8
k79_24785	ERR011348_MEGAHIT_MetaBinner.8
k79_64931	ERR011348_MEGAHIT_MetaBinner.8
k79_12799	ERR011348_MEGAHIT_MetaBinner.8
k79_44006	ERR011348_MEGAHIT_MetaBinner.8
k79_63850	ERR011348_MEGAHIT_MetaBinner.8
k79_280	ERR011348_MEGAHIT_MetaBinner.8
k79_13310	ERR011348_MEGAHIT_MetaBinner.8
k79_61301	ERR011348_MEGAHIT_MetaBinner.8
k79_69117	ERR011348_MEGAHIT_MetaBinner.8
k79_48712	ERR011348_MEGAHIT_MetaBinner.8
k79_42994	ERR011348_MEGAHIT_MetaBinner.8
k79_33988	ERR011348_MEGAHIT_MetaBinner.8
k79_35667	ERR011348_MEGAHIT_MetaBinner.8
k79_59705	ERR011348_MEGAHIT_MetaBinner.8
k79_5721	ERR011348_MEGAHIT_MetaBinner.8
k79_57785	ERR011348_MEGAHIT_MetaBinner.8
k79_19350	ERR011348_MEGAHIT_MetaBinner.8
k79_68595	ERR011348_MEGAHIT_MetaBinner.8
k79_62774	ERR011348_MEGAHIT_MetaBinner.8
k79_31995	ERR011348_MEGAHIT_MetaBinner.8
k79_8165	ERR011348_MEGAHIT_MetaBinner.8
k79_90162	ERR011348_MEGAHIT_MetaBinner.8
k79_49300	ERR011348_MEGAHIT_MetaBinner.8
k79_34408	ERR011348_MEGAHIT_MetaBinner.8
k79_91963	ERR011348_MEGAHIT_MetaBinner.8
k79_65201	ERR011348_MEGAHIT_MetaBinner.8
k79_21617	ERR011348_MEGAHIT_MetaBinner.8
k79_62594	ERR011348_MEGAHIT_MetaBinner.8
k79_69369	ERR011348_MEGAHIT_MetaBinner.8
k79_44900	ERR011348_MEGAHIT_MetaBinner.8
k79_60797	ERR011348_MEGAHIT_MetaBinner.8
k79_19663	ERR011348_MEGAHIT_MetaBinner.8
k79_68193	ERR011348_MEGAHIT_MetaBinner.8
k79_81837	ERR011348_MEGAHIT_MetaBinner.8
k79_87468	ERR011348_MEGAHIT_MetaBinner.8
k79_70508	ERR011348_MEGAHIT_MetaBinner.8
k79_67758	ERR011348_MEGAHIT_MetaBinner.8
k79_13747	ERR011348_MEGAHIT_MetaBinner.8
k79_52933	ERR011348_MEGAHIT_MetaBinner.8
k79_44368	ERR011348_MEGAHIT_MetaBinner.8
k79_13844	ERR011348_MEGAHIT_MetaBinner.8
k79_49178	ERR011348_MEGAHIT_MetaBinner.8
k79_22136	ERR011348_MEGAHIT_MetaBinner.8
k79_58372	ERR011348_MEGAHIT_MetaBinner.8
k79_61328	ERR011348_MEGAHIT_MetaBinner.8
k79_79343	ERR011348_MEGAHIT_MetaBinner.8
k79_59515	ERR011348_MEGAHIT_MetaBinner.8
k79_17630	ERR011348_MEGAHIT_MetaBinner.8
k79_73266	ERR011348_MEGAHIT_MetaBinner.8
k79_93639	ERR011348_MEGAHIT_MetaBinner.8
k79_50750	ERR011348_MEGAHIT_MetaBinner.8
k79_79499	ERR011348_MEGAHIT_MetaBinner.8
k79_33395	ERR011348_MEGAHIT_MetaBinner.8
k79_15250	ERR011348_MEGAHIT_MetaBinner.8
k79_32719	ERR011348_MEGAHIT_MetaBinner.8
k79_39642	ERR011348_MEGAHIT_MetaBinner.8
k79_64222	ERR011348_MEGAHIT_MetaBinner.8
k79_29595	ERR011348_MEGAHIT_MetaBinner.8
k79_48133	ERR011348_MEGAHIT_MetaBinner.8
k79_78364	ERR011348_MEGAHIT_MetaBinner.8
k79_19896	ERR011348_MEGAHIT_MetaBinner.8
k79_39960	ERR011348_MEGAHIT_MetaBinner.8
k79_15402	ERR011348_MEGAHIT_MetaBinner.8
k79_87564	ERR011348_MEGAHIT_MetaBinner.8
k79_22464	ERR011348_MEGAHIT_MetaBinner.8
k79_23422	ERR011348_MEGAHIT_MetaBinner.8
k79_92460	ERR011348_MEGAHIT_MetaBinner.8
k79_30389	ERR011348_MEGAHIT_MetaBinner.8
k79_38068	ERR011348_MEGAHIT_MetaBinner.8
k79_16518	ERR011348_MEGAHIT_MetaBinner.8
k79_27936	ERR011348_MEGAHIT_MetaBinner.8
k79_94079	ERR011348_MEGAHIT_MetaBinner.8
k79_17982	ERR011348_MEGAHIT_MetaBinner.8
k79_90841	ERR011348_MEGAHIT_MetaBinner.8
k79_58643	ERR011348_MEGAHIT_MetaBinner.8
k79_26498	ERR011348_MEGAHIT_MetaBinner.8
k79_71659	ERR011348_MEGAHIT_MetaBinner.8
k79_18779	ERR011348_MEGAHIT_MetaBinner.8
k79_75091	ERR011348_MEGAHIT_MetaBinner.8
k79_25101	ERR011348_MEGAHIT_MetaBinner.8
k79_39265	ERR011348_MEGAHIT_MetaBinner.8
k79_32390	ERR011348_MEGAHIT_MetaBinner.8
k79_20720	ERR011348_MEGAHIT_MetaBinner.8
k79_86747	ERR011348_MEGAHIT_MetaBinner.8
k79_15649	ERR011348_MEGAHIT_MetaBinner.8
k79_42619	ERR011348_MEGAHIT_MetaBinner.8
k79_88083	ERR011348_MEGAHIT_MetaBinner.8
k79_50274	ERR011348_MEGAHIT_MetaBinner.8
k79_25976	ERR011348_MEGAHIT_MetaBinner.8
k79_66227	ERR011348_MEGAHIT_MetaBinner.8
k79_39885	ERR011348_MEGAHIT_MetaBinner.8
k79_33583	ERR011348_MEGAHIT_MetaBinner.8
k79_75968	ERR011348_MEGAHIT_MetaBinner.8
k79_75232	ERR011348_MEGAHIT_MetaBinner.8
k79_60652	ERR011348_MEGAHIT_MetaBinner.8
k79_65057	ERR011348_MEGAHIT_MetaBinner.8
k79_64527	ERR011348_MEGAHIT_MetaBinner.8
k79_37347	ERR011348_MEGAHIT_MetaBinner.8
k79_75079	ERR011348_MEGAHIT_MetaBinner.8
k79_88698	ERR011348_MEGAHIT_MetaBinner.8
k79_23194	ERR011348_MEGAHIT_MetaBinner.8
k79_94880	ERR011348_MEGAHIT_MetaBinner.8
k79_94638	ERR011348_MEGAHIT_MetaBinner.8
k79_40149	ERR011348_MEGAHIT_MetaBinner.8
k79_1545	ERR011348_MEGAHIT_MetaBinner.8
k79_37316	ERR011348_MEGAHIT_MetaBinner.8
k79_47173	ERR011348_MEGAHIT_MetaBinner.8
k79_88928	ERR011348_MEGAHIT_MetaBinner.8
k79_79962	ERR011348_MEGAHIT_MetaBinner.8
k79_10209	ERR011348_MEGAHIT_MetaBinner.8
k79_46428	ERR011348_MEGAHIT_MetaBinner.8
k79_79038	ERR011348_MEGAHIT_MetaBinner.8
k79_18102	ERR011348_MEGAHIT_MetaBinner.8
k79_6500	ERR011348_MEGAHIT_MetaBinner.8
k79_86801	ERR011348_MEGAHIT_MetaBinner.8
k79_6007	ERR011348_MEGAHIT_MetaBinner.8
k79_75948	ERR011348_MEGAHIT_MetaBinner.8
k79_28434	ERR011348_MEGAHIT_MetaBinner.8
k79_26885	ERR011348_MEGAHIT_MetaBinner.8
k79_21544	ERR011348_MEGAHIT_MetaBinner.8
k79_45651	ERR011348_MEGAHIT_MetaBinner.8
k79_19427	ERR011348_MEGAHIT_MetaBinner.8
k79_37557	ERR011348_MEGAHIT_MetaBinner.8
k79_48310	ERR011348_MEGAHIT_MetaBinner.8
k79_96183	ERR011348_MEGAHIT_MetaBinner.8
k79_73596	ERR011348_MEGAHIT_MetaBinner.8
k79_48878	ERR011348_MEGAHIT_MetaBinner.8
k79_39276	ERR011348_MEGAHIT_MetaBinner.8
k79_33927	ERR011348_MEGAHIT_MetaBinner.8
k79_65534	ERR011348_MEGAHIT_MetaBinner.8
k79_22343	ERR011348_MEGAHIT_MetaBinner.8
k79_61178	ERR011348_MEGAHIT_MetaBinner.8
k79_81070	ERR011348_MEGAHIT_MetaBinner.8
k79_49447	ERR011348_MEGAHIT_MetaBinner.8
k79_19502	ERR011348_MEGAHIT_MetaBinner.8
k79_86891	ERR011348_MEGAHIT_MetaBinner.8
k79_4444	ERR011348_MEGAHIT_MetaBinner.8
k79_91546	ERR011348_MEGAHIT_MetaBinner.8
k79_67211	ERR011348_MEGAHIT_MetaBinner.8
k79_1712	ERR011348_MEGAHIT_MetaBinner.8
k79_55493	ERR011348_MEGAHIT_MetaBinner.8
k79_96092	ERR011348_MEGAHIT_MetaBinner.8
k79_55204	ERR011348_MEGAHIT_MetaBinner.8
k79_48747	ERR011348_MEGAHIT_MetaBinner.8
k79_27168	ERR011348_MEGAHIT_MetaBinner.8
k79_4006	ERR011348_MEGAHIT_MetaBinner.8
k79_72777	ERR011348_MEGAHIT_MetaBinner.8
k79_70280	ERR011348_MEGAHIT_MetaBinner.8
k79_58921	ERR011348_MEGAHIT_MetaBinner.8
k79_50383	ERR011348_MEGAHIT_MetaBinner.8
k79_4279	ERR011348_MEGAHIT_MetaBinner.8
k79_19230	ERR011348_MEGAHIT_MetaBinner.8
k79_16416	ERR011348_MEGAHIT_MetaBinner.8
k79_23052	ERR011348_MEGAHIT_MetaBinner.8
k79_91019	ERR011348_MEGAHIT_MetaBinner.8
k79_32610	ERR011348_MEGAHIT_MetaBinner.8
k79_71947	ERR011348_MEGAHIT_MetaBinner.8
k79_59821	ERR011348_MEGAHIT_MetaBinner.8
k79_3959	ERR011348_MEGAHIT_MetaBinner.8
k79_60946	ERR011348_MEGAHIT_MetaBinner.8
k79_64654	ERR011348_MEGAHIT_MetaBinner.8
k79_46862	ERR011348_MEGAHIT_MetaBinner.8
k79_91146	ERR011348_MEGAHIT_MetaBinner.8
k79_3870	ERR011348_MEGAHIT_MetaBinner.8
k79_44447	ERR011348_MEGAHIT_MetaBinner.8
k79_92950	ERR011348_MEGAHIT_MetaBinner.8
k79_11373	ERR011348_MEGAHIT_MetaBinner.8
k79_89983	ERR011348_MEGAHIT_MetaBinner.8
k79_73320	ERR011348_MEGAHIT_MetaBinner.8
k79_47792	ERR011348_MEGAHIT_MetaBinner.8
k79_47333	ERR011348_MEGAHIT_MetaBinner.8
k79_1783	ERR011348_MEGAHIT_MetaBinner.8
k79_35920	ERR011348_MEGAHIT_MetaBinner.8
k79_89306	ERR011348_MEGAHIT_MetaBinner.8
k79_10594	ERR011348_MEGAHIT_MetaBinner.8
k79_63481	ERR011348_MEGAHIT_MetaBinner.8
k79_59241	ERR011348_MEGAHIT_MetaBinner.8
k79_5005	ERR011348_MEGAHIT_MetaBinner.8
k79_16739	ERR011348_MEGAHIT_MetaBinner.8
k79_94559	ERR011348_MEGAHIT_MetaBinner.8
k79_28695	ERR011348_MEGAHIT_MetaBinner.8
k79_66446	ERR011348_MEGAHIT_MetaBinner.8
k79_55731	ERR011348_MEGAHIT_MetaBinner.8
k79_13265	ERR011348_MEGAHIT_MetaBinner.8
k79_87776	ERR011348_MEGAHIT_MetaBinner.8
k79_42656	ERR011348_MEGAHIT_MetaBinner.8
k79_41156	ERR011348_MEGAHIT_MetaBinner.8
k79_41879	ERR011348_MEGAHIT_MetaBinner.8
k79_48080	ERR011348_MEGAHIT_MetaBinner.8
k79_90395	ERR011348_MEGAHIT_MetaBinner.8
k79_7712	ERR011348_MEGAHIT_MetaBinner.8
k79_19318	ERR011348_MEGAHIT_MetaBinner.8
k79_80654	ERR011348_MEGAHIT_MetaBinner.8
k79_39895	ERR011348_MEGAHIT_MetaBinner.8
k79_36351	ERR011348_MEGAHIT_MetaBinner.8
k79_78688	ERR011348_MEGAHIT_MetaBinner.8
k79_45499	ERR011348_MEGAHIT_MetaBinner.8
k79_95648	ERR011348_MEGAHIT_MetaBinner.8
k79_40941	ERR011348_MEGAHIT_MetaBinner.8
k79_85146	ERR011348_MEGAHIT_MetaBinner.8
k79_65210	ERR011348_MEGAHIT_MetaBinner.8
k79_56720	ERR011348_MEGAHIT_MetaBinner.8
k79_8449	ERR011348_MEGAHIT_MetaBinner.8
k79_75192	ERR011348_MEGAHIT_MetaBinner.8
k79_67322	ERR011348_MEGAHIT_MetaBinner.8
k79_2673	ERR011348_MEGAHIT_MetaBinner.8
k79_66002	ERR011348_MEGAHIT_MetaBinner.8
k79_77753	ERR011348_MEGAHIT_MetaBinner.8
k79_74918	ERR011348_MEGAHIT_MetaBinner.8
k79_6706	ERR011348_MEGAHIT_MetaBinner.8
k79_14061	ERR011348_MEGAHIT_MetaBinner.8
k79_11726	ERR011348_MEGAHIT_MetaBinner.8
k79_25500	ERR011348_MEGAHIT_MetaBinner.8
k79_53643	ERR011348_MEGAHIT_MetaBinner.8
k79_5124	ERR011348_MEGAHIT_MetaBinner.8
k79_94022	ERR011348_MEGAHIT_MetaBinner.8
k79_40744	ERR011348_MEGAHIT_MetaBinner.8
k79_89527	ERR011348_MEGAHIT_MetaBinner.8
k79_11317	ERR011348_MEGAHIT_MetaBinner.8
k79_40540	ERR011348_MEGAHIT_MetaBinner.8
k79_2825	ERR011348_MEGAHIT_MetaBinner.8
k79_65950	ERR011348_MEGAHIT_MetaBinner.8
k79_73265	ERR011348_MEGAHIT_MetaBinner.8
k79_51678	ERR011348_MEGAHIT_MetaBinner.8
k79_58135	ERR011348_MEGAHIT_MetaBinner.8
k79_11610	ERR011348_MEGAHIT_MetaBinner.8
k79_56462	ERR011348_MEGAHIT_MetaBinner.8
k79_88822	ERR011348_MEGAHIT_MetaBinner.8
k79_15207	ERR011348_MEGAHIT_MetaBinner.8
k79_4171	ERR011348_MEGAHIT_MetaBinner.8
k79_34631	ERR011348_MEGAHIT_MetaBinner.8
k79_217	ERR011348_MEGAHIT_MetaBinner.8
k79_24115	ERR011348_MEGAHIT_MetaBinner.8
k79_2691	ERR011348_MEGAHIT_MetaBinner.8
k79_55978	ERR011348_MEGAHIT_MetaBinner.8
k79_14388	ERR011348_MEGAHIT_MetaBinner.8
k79_505	ERR011348_MEGAHIT_MetaBinner.8
k79_50654	ERR011348_MEGAHIT_MetaBinner.8
k79_46087	ERR011348_MEGAHIT_MetaBinner.8
k79_19419	ERR011348_MEGAHIT_MetaBinner.8
k79_39937	ERR011348_MEGAHIT_MetaBinner.8
k79_63475	ERR011348_MEGAHIT_MetaBinner.8
k79_94231	ERR011348_MEGAHIT_MetaBinner.8
k79_4364	ERR011348_MEGAHIT_MetaBinner.8
k79_77440	ERR011348_MEGAHIT_MetaBinner.8
k79_17773	ERR011348_MEGAHIT_MetaBinner.8
k79_45213	ERR011348_MEGAHIT_MetaBinner.8
k79_95908	ERR011348_MEGAHIT_MetaBinner.8
k79_76507	ERR011348_MEGAHIT_MetaBinner.8
k79_8968	ERR011348_MEGAHIT_MetaBinner.8
k79_30168	ERR011348_MEGAHIT_MetaBinner.8
k79_95296	ERR011348_MEGAHIT_MetaBinner.8
k79_3970	ERR011348_MEGAHIT_MetaBinner.8
k79_21508	ERR011348_MEGAHIT_MetaBinner.8
k79_24126	ERR011348_MEGAHIT_MetaBinner.8
k79_85218	ERR011348_MEGAHIT_MetaBinner.8
k79_25175	ERR011348_MEGAHIT_MetaBinner.8
k79_29127	ERR011348_MEGAHIT_MetaBinner.8
k79_33929	ERR011348_MEGAHIT_MetaBinner.8
k79_37439	ERR011348_MEGAHIT_MetaBinner.8
k79_5665	ERR011348_MEGAHIT_MetaBinner.8
k79_26770	ERR011348_MEGAHIT_MetaBinner.8
k79_73975	ERR011348_MEGAHIT_MetaBinner.8
k79_35925	ERR011348_MEGAHIT_MetaBinner.8
k79_93619	ERR011348_MEGAHIT_MetaBinner.8
k79_88461	ERR011348_MEGAHIT_MetaBinner.8
k79_27268	ERR011348_MEGAHIT_MetaBinner.8
k79_60417	ERR011348_MEGAHIT_MetaBinner.8
k79_73492	ERR011348_MEGAHIT_MetaBinner.8
k79_44353	ERR011348_MEGAHIT_MetaBinner.8
k79_68610	ERR011348_MEGAHIT_MetaBinner.8
k79_88517	ERR011348_MEGAHIT_MetaBinner.8
k79_9022	ERR011348_MEGAHIT_MetaBinner.8
k79_26137	ERR011348_MEGAHIT_MetaBinner.8
k79_19397	ERR011348_MEGAHIT_MetaBinner.8
k79_4137	ERR011348_MEGAHIT_MetaBinner.8
k79_12759	ERR011348_MEGAHIT_MetaBinner.8
k79_42479	ERR011348_MEGAHIT_MetaBinner.8
k79_39430	ERR011348_MEGAHIT_MetaBinner.8
k79_23427	ERR011348_MEGAHIT_MetaBinner.8
k79_62815	ERR011348_MEGAHIT_MetaBinner.8
k79_86992	ERR011348_MEGAHIT_MetaBinner.8
k79_63025	ERR011348_MEGAHIT_MetaBinner.8
k79_47118	ERR011348_MEGAHIT_MetaBinner.8
k79_66325	ERR011348_MEGAHIT_MetaBinner.8
k79_47728	ERR011348_MEGAHIT_MetaBinner.8
k79_14721	ERR011348_MEGAHIT_MetaBinner.8
k79_27707	ERR011348_MEGAHIT_MetaBinner.8
k79_62934	ERR011348_MEGAHIT_MetaBinner.8
k79_31417	ERR011348_MEGAHIT_MetaBinner.8
k79_90191	ERR011348_MEGAHIT_MetaBinner.8
k79_36134	ERR011348_MEGAHIT_MetaBinner.8
k79_85835	ERR011348_MEGAHIT_MetaBinner.8
k79_10066	ERR011348_MEGAHIT_MetaBinner.8
k79_93978	ERR011348_MEGAHIT_MetaBinner.8
k79_88650	ERR011348_MEGAHIT_MetaBinner.8
k79_15317	ERR011348_MEGAHIT_MetaBinner.8
k79_95200	ERR011348_MEGAHIT_MetaBinner.8
k79_17414	ERR011348_MEGAHIT_MetaBinner.8
k79_38247	ERR011348_MEGAHIT_MetaBinner.8
k79_90549	ERR011348_MEGAHIT_MetaBinner.8
k79_9490	ERR011348_MEGAHIT_MetaBinner.8
k79_30566	ERR011348_MEGAHIT_MetaBinner.8
k79_82892	ERR011348_MEGAHIT_MetaBinner.8
k79_57987	ERR011348_MEGAHIT_MetaBinner.8
k79_22953	ERR011348_MEGAHIT_MetaBinner.8
k79_72649	ERR011348_MEGAHIT_MetaBinner.8
k79_7733	ERR011348_MEGAHIT_MetaBinner.8
k79_28702	ERR011348_MEGAHIT_MetaBinner.8
k79_23443	ERR011348_MEGAHIT_MetaBinner.8
k79_12406	ERR011348_MEGAHIT_MetaBinner.8
k79_11873	ERR011348_MEGAHIT_MetaBinner.8
k79_36152	ERR011348_MEGAHIT_MetaBinner.9
k79_12408	ERR011348_MEGAHIT_MetaBinner.9
k79_53616	ERR011348_MEGAHIT_MetaBinner.9
k79_71373	ERR011348_MEGAHIT_MetaBinner.9
k79_53736	ERR011348_MEGAHIT_MetaBinner.9
k79_6666	ERR011348_MEGAHIT_MetaBinner.9
k79_64275	ERR011348_MEGAHIT_MetaBinner.9
k79_29949	ERR011348_MEGAHIT_MetaBinner.9
k79_41563	ERR011348_MEGAHIT_MetaBinner.9
k79_76187	ERR011348_MEGAHIT_MetaBinner.9
k79_14201	ERR011348_MEGAHIT_MetaBinner.9
k79_57654	ERR011348_MEGAHIT_MetaBinner.9
k79_43593	ERR011348_MEGAHIT_MetaBinner.9
k79_75133	ERR011348_MEGAHIT_MetaBinner.9
k79_59063	ERR011348_MEGAHIT_MetaBinner.9
k79_46952	ERR011348_MEGAHIT_MetaBinner.9
k79_61727	ERR011348_MEGAHIT_MetaBinner.9
k79_8882	ERR011348_MEGAHIT_MetaBinner.9
k79_19911	ERR011348_MEGAHIT_MetaBinner.9
k79_85859	ERR011348_MEGAHIT_MetaBinner.9
k79_4539	ERR011348_MEGAHIT_MetaBinner.9
k79_7463	ERR011348_MEGAHIT_MetaBinner.9
k79_39084	ERR011348_MEGAHIT_MetaBinner.9
k79_29216	ERR011348_MEGAHIT_MetaBinner.9
k79_27903	ERR011348_MEGAHIT_MetaBinner.9
k79_1345	ERR011348_MEGAHIT_MetaBinner.9
k79_44000	ERR011348_MEGAHIT_MetaBinner.9
k79_7587	ERR011348_MEGAHIT_MetaBinner.9
k79_64037	ERR011348_MEGAHIT_MetaBinner.9
k79_8470	ERR011348_MEGAHIT_MetaBinner.9
k79_19954	ERR011348_MEGAHIT_MetaBinner.9
k79_23436	ERR011348_MEGAHIT_MetaBinner.9
k79_37642	ERR011348_MEGAHIT_MetaBinner.9
k79_79950	ERR011348_MEGAHIT_MetaBinner.9
k79_18556	ERR011348_MEGAHIT_MetaBinner.9
k79_45953	ERR011348_MEGAHIT_MetaBinner.9
k79_70105	ERR011348_MEGAHIT_MetaBinner.9
k79_90383	ERR011348_MEGAHIT_MetaBinner.9
k79_26636	ERR011348_MEGAHIT_MetaBinner.9
k79_18324	ERR011348_MEGAHIT_MetaBinner.9
k79_19311	ERR011348_MEGAHIT_MetaBinner.9
k79_37813	ERR011348_MEGAHIT_MetaBinner.9
k79_58328	ERR011348_MEGAHIT_MetaBinner.9
k79_7759	ERR011348_MEGAHIT_MetaBinner.9
k79_48879	ERR011348_MEGAHIT_MetaBinner.9
k79_52278	ERR011348_MEGAHIT_MetaBinner.9
k79_76920	ERR011348_MEGAHIT_MetaBinner.9
k79_73996	ERR011348_MEGAHIT_MetaBinner.9
k79_74713	ERR011348_MEGAHIT_MetaBinner.9
k79_88786	ERR011348_MEGAHIT_MetaBinner.9
k79_29567	ERR011348_MEGAHIT_MetaBinner.9
k79_31466	ERR011348_MEGAHIT_MetaBinner.9
k79_69542	ERR011348_MEGAHIT_MetaBinner.9
k79_30409	ERR011348_MEGAHIT_MetaBinner.9
k79_18558	ERR011348_MEGAHIT_MetaBinner.9
k79_9441	ERR011348_MEGAHIT_MetaBinner.9
k79_13803	ERR011348_MEGAHIT_MetaBinner.9
k79_45702	ERR011348_MEGAHIT_MetaBinner.9
k79_48288	ERR011348_MEGAHIT_MetaBinner.9
k79_67072	ERR011348_MEGAHIT_MetaBinner.9
k79_5841	ERR011348_MEGAHIT_MetaBinner.9
k79_20407	ERR011348_MEGAHIT_MetaBinner.9
k79_80280	ERR011348_MEGAHIT_MetaBinner.9
k79_78242	ERR011348_MEGAHIT_MetaBinner.9
k79_86637	ERR011348_MEGAHIT_MetaBinner.9
k79_44233	ERR011348_MEGAHIT_MetaBinner.9
k79_55790	ERR011348_MEGAHIT_MetaBinner.9
k79_457	ERR011348_MEGAHIT_MetaBinner.9
k79_36865	ERR011348_MEGAHIT_MetaBinner.9
k79_33214	ERR011348_MEGAHIT_MetaBinner.9
k79_45343	ERR011348_MEGAHIT_MetaBinner.9
k79_73022	ERR011348_MEGAHIT_MetaBinner.9
k79_79774	ERR011348_MEGAHIT_MetaBinner.9
k79_7363	ERR011348_MEGAHIT_MetaBinner.9
k79_32654	ERR011348_MEGAHIT_MetaBinner.9
k79_51455	ERR011348_MEGAHIT_MetaBinner.9
k79_35634	ERR011348_MEGAHIT_MetaBinner.9
k79_10372	ERR011348_MEGAHIT_MetaBinner.9
k79_59319	ERR011348_MEGAHIT_MetaBinner.9
k79_65696	ERR011348_MEGAHIT_MetaBinner.9
k79_78568	ERR011348_MEGAHIT_MetaBinner.9
k79_37400	ERR011348_MEGAHIT_MetaBinner.9
k79_39580	ERR011348_MEGAHIT_MetaBinner.9
k79_41588	ERR011348_MEGAHIT_MetaBinner.9
k79_61764	ERR011348_MEGAHIT_MetaBinner.9
k79_81552	ERR011348_MEGAHIT_MetaBinner.9
k79_84086	ERR011348_MEGAHIT_MetaBinner.9
k79_59134	ERR011348_MEGAHIT_MetaBinner.9
k79_69479	ERR011348_MEGAHIT_MetaBinner.9
k79_3573	ERR011348_MEGAHIT_MetaBinner.9
k79_79814	ERR011348_MEGAHIT_MetaBinner.9
k79_81340	ERR011348_MEGAHIT_MetaBinner.9
k79_24308	ERR011348_MEGAHIT_MetaBinner.9
k79_96316	ERR011348_MEGAHIT_MetaBinner.9
k79_85965	ERR011348_MEGAHIT_MetaBinner.9
k79_59298	ERR011348_MEGAHIT_MetaBinner.9
k79_94286	ERR011348_MEGAHIT_MetaBinner.9
k79_93139	ERR011348_MEGAHIT_MetaBinner.9
k79_87959	ERR011348_MEGAHIT_MetaBinner.9
k79_18405	ERR011348_MEGAHIT_MetaBinner.9
k79_34759	ERR011348_MEGAHIT_MetaBinner.9
k79_53865	ERR011348_MEGAHIT_MetaBinner.9
k79_42208	ERR011348_MEGAHIT_MetaBinner.9
k79_33888	ERR011348_MEGAHIT_MetaBinner.9
k79_41732	ERR011348_MEGAHIT_MetaBinner.9
k79_13042	ERR011348_MEGAHIT_MetaBinner.9
k79_70020	ERR011348_MEGAHIT_MetaBinner.9
k79_46939	ERR011348_MEGAHIT_MetaBinner.9
k79_63141	ERR011348_MEGAHIT_MetaBinner.9
k79_48405	ERR011348_MEGAHIT_MetaBinner.9
k79_54075	ERR011348_MEGAHIT_MetaBinner.9
k79_63887	ERR011348_MEGAHIT_MetaBinner.9
k79_11970	ERR011348_MEGAHIT_MetaBinner.9
k79_44296	ERR011348_MEGAHIT_MetaBinner.9
k79_33800	ERR011348_MEGAHIT_MetaBinner.9
k79_44278	ERR011348_MEGAHIT_MetaBinner.9
k79_87119	ERR011348_MEGAHIT_MetaBinner.9
k79_18978	ERR011348_MEGAHIT_MetaBinner.9
k79_30821	ERR011348_MEGAHIT_MetaBinner.9
k79_19114	ERR011348_MEGAHIT_MetaBinner.9
k79_912	ERR011348_MEGAHIT_MetaBinner.9
k79_75234	ERR011348_MEGAHIT_MetaBinner.9
k79_38185	ERR011348_MEGAHIT_MetaBinner.9
k79_50346	ERR011348_MEGAHIT_MetaBinner.9
k79_16647	ERR011348_MEGAHIT_MetaBinner.9
k79_68256	ERR011348_MEGAHIT_MetaBinner.9
k79_46264	ERR011348_MEGAHIT_MetaBinner.9
k79_13218	ERR011348_MEGAHIT_MetaBinner.9
k79_16200	ERR011348_MEGAHIT_MetaBinner.9
k79_77369	ERR011348_MEGAHIT_MetaBinner.9
k79_63707	ERR011348_MEGAHIT_MetaBinner.9
k79_14304	ERR011348_MEGAHIT_MetaBinner.9
k79_20026	ERR011348_MEGAHIT_MetaBinner.9
k79_83304	ERR011348_MEGAHIT_MetaBinner.9
k79_1203	ERR011348_MEGAHIT_MetaBinner.9
k79_14938	ERR011348_MEGAHIT_MetaBinner.9
k79_17616	ERR011348_MEGAHIT_MetaBinner.9
k79_31989	ERR011348_MEGAHIT_MetaBinner.9
k79_64278	ERR011348_MEGAHIT_MetaBinner.9
k79_39199	ERR011348_MEGAHIT_MetaBinner.9
k79_77677	ERR011348_MEGAHIT_MetaBinner.9
k79_20706	ERR011348_MEGAHIT_MetaBinner.9
k79_60606	ERR011348_MEGAHIT_MetaBinner.9
k79_54910	ERR011348_MEGAHIT_MetaBinner.9
k79_44409	ERR011348_MEGAHIT_MetaBinner.9
k79_68909	ERR011348_MEGAHIT_MetaBinner.9
k79_54861	ERR011348_MEGAHIT_MetaBinner.9
k79_17228	ERR011348_MEGAHIT_MetaBinner.9
k79_19630	ERR011348_MEGAHIT_MetaBinner.9
k79_41578	ERR011348_MEGAHIT_MetaBinner.9
k79_50119	ERR011348_MEGAHIT_MetaBinner.9
k79_20120	ERR011348_MEGAHIT_MetaBinner.9
k79_61667	ERR011348_MEGAHIT_MetaBinner.9
k79_74825	ERR011348_MEGAHIT_MetaBinner.9
k79_49222	ERR011348_MEGAHIT_MetaBinner.9
k79_33080	ERR011348_MEGAHIT_MetaBinner.9
k79_88349	ERR011348_MEGAHIT_MetaBinner.9
k79_60926	ERR011348_MEGAHIT_MetaBinner.9
k79_79061	ERR011348_MEGAHIT_MetaBinner.9
k79_29253	ERR011348_MEGAHIT_MetaBinner.9
k79_34753	ERR011348_MEGAHIT_MetaBinner.9
k79_39007	ERR011348_MEGAHIT_MetaBinner.9
k79_21948	ERR011348_MEGAHIT_MetaBinner.9
k79_22878	ERR011348_MEGAHIT_MetaBinner.9
k79_17181	ERR011348_MEGAHIT_MetaBinner.9
k79_50085	ERR011348_MEGAHIT_MetaBinner.9
k79_12316	ERR011348_MEGAHIT_MetaBinner.9
k79_69122	ERR011348_MEGAHIT_MetaBinner.9
k79_15618	ERR011348_MEGAHIT_MetaBinner.9
k79_57869	ERR011348_MEGAHIT_MetaBinner.9
k79_13115	ERR011348_MEGAHIT_MetaBinner.9
k79_19066	ERR011348_MEGAHIT_MetaBinner.9
k79_93223	ERR011348_MEGAHIT_MetaBinner.9
k79_60577	ERR011348_MEGAHIT_MetaBinner.9
k79_24427	ERR011348_MEGAHIT_MetaBinner.9
k79_32756	ERR011348_MEGAHIT_MetaBinner.9
k79_75577	ERR011348_MEGAHIT_MetaBinner.9
k79_82967	ERR011348_MEGAHIT_MetaBinner.9
k79_23359	ERR011348_MEGAHIT_MetaBinner.9
k79_508	ERR011348_MEGAHIT_MetaBinner.9
k79_58324	ERR011348_MEGAHIT_MetaBinner.9
k79_16046	ERR011348_MEGAHIT_MetaBinner.9
k79_8350	ERR011348_MEGAHIT_MetaBinner.9
k79_66374	ERR011348_MEGAHIT_MetaBinner.9
k79_42141	ERR011348_MEGAHIT_MetaBinner.9
k79_55999	ERR011348_MEGAHIT_MetaBinner.9
k79_34838	ERR011348_MEGAHIT_MetaBinner.9
k79_53956	ERR011348_MEGAHIT_MetaBinner.9
k79_90947	ERR011348_MEGAHIT_MetaBinner.9
k79_50611	ERR011348_MEGAHIT_MetaBinner.9
k79_65849	ERR011348_MEGAHIT_MetaBinner.9
k79_36947	ERR011348_MEGAHIT_MetaBinner.9
k79_52302	ERR011348_MEGAHIT_MetaBinner.9
k79_17571	ERR011348_MEGAHIT_MetaBinner.9
k79_94066	ERR011348_MEGAHIT_MetaBinner.9
k79_20639	ERR011348_MEGAHIT_MetaBinner.9
k79_10636	ERR011348_MEGAHIT_MetaBinner.9
k79_25456	ERR011348_MEGAHIT_MetaBinner.9
k79_62333	ERR011348_MEGAHIT_MetaBinner.9
k79_82661	ERR011348_MEGAHIT_MetaBinner.9
k79_27417	ERR011348_MEGAHIT_MetaBinner.9
k79_63482	ERR011348_MEGAHIT_MetaBinner.9
k79_10430	ERR011348_MEGAHIT_MetaBinner.9
k79_64969	ERR011348_MEGAHIT_MetaBinner.9
k79_55630	ERR011348_MEGAHIT_MetaBinner.9
k79_51976	ERR011348_MEGAHIT_MetaBinner.9
k79_22700	ERR011348_MEGAHIT_MetaBinner.9
k79_1655	ERR011348_MEGAHIT_MetaBinner.9
k79_82424	ERR011348_MEGAHIT_MetaBinner.9
k79_50223	ERR011348_MEGAHIT_MetaBinner.9
k79_71571	ERR011348_MEGAHIT_MetaBinner.9
k79_55307	ERR011348_MEGAHIT_MetaBinner.9
k79_17254	ERR011348_MEGAHIT_MetaBinner.9
k79_40892	ERR011348_MEGAHIT_MetaBinner.9
k79_34643	ERR011348_MEGAHIT_MetaBinner.9
k79_10299	ERR011348_MEGAHIT_MetaBinner.9
k79_24128	ERR011348_MEGAHIT_MetaBinner.9
k79_11432	ERR011348_MEGAHIT_MetaBinner.9
k79_8251	ERR011348_MEGAHIT_MetaBinner.9
k79_40056	ERR011348_MEGAHIT_MetaBinner.9
k79_41891	ERR011348_MEGAHIT_MetaBinner.9
k79_5510	ERR011348_MEGAHIT_MetaBinner.9
k79_53478	ERR011348_MEGAHIT_MetaBinner.9
k79_50216	ERR011348_MEGAHIT_MetaBinner.9
k79_53305	ERR011348_MEGAHIT_MetaBinner.9
k79_72928	ERR011348_MEGAHIT_MetaBinner.9
k79_29421	ERR011348_MEGAHIT_MetaBinner.9
k79_45421	ERR011348_MEGAHIT_MetaBinner.9
k79_59784	ERR011348_MEGAHIT_MetaBinner.9
k79_55952	ERR011348_MEGAHIT_MetaBinner.9
k79_11644	ERR011348_MEGAHIT_MetaBinner.9
k79_36358	ERR011348_MEGAHIT_MetaBinner.9
k79_80421	ERR011348_MEGAHIT_MetaBinner.9
k79_54194	ERR011348_MEGAHIT_MetaBinner.9
k79_12086	ERR011348_MEGAHIT_MetaBinner.9
k79_64400	ERR011348_MEGAHIT_MetaBinner.9
k79_56562	ERR011348_MEGAHIT_MetaBinner.9
k79_37905	ERR011348_MEGAHIT_MetaBinner.9
k79_3623	ERR011348_MEGAHIT_MetaBinner.9
k79_32439	ERR011348_MEGAHIT_MetaBinner.9
k79_25334	ERR011348_MEGAHIT_MetaBinner.9
k79_389	ERR011348_MEGAHIT_MetaBinner.9
k79_32576	ERR011348_MEGAHIT_MetaBinner.9
k79_13060	ERR011348_MEGAHIT_MetaBinner.9
k79_44162	ERR011348_MEGAHIT_MetaBinner.9
k79_47688	ERR011348_MEGAHIT_MetaBinner.9
k79_19150	ERR011348_MEGAHIT_MetaBinner.9
k79_86001	ERR011348_MEGAHIT_MetaBinner.9
k79_92171	ERR011348_MEGAHIT_MetaBinner.9
k79_68268	ERR011348_MEGAHIT_MetaBinner.9
k79_65077	ERR011348_MEGAHIT_MetaBinner.9
k79_36957	ERR011348_MEGAHIT_MetaBinner.9
k79_51042	ERR011348_MEGAHIT_MetaBinner.9
k79_57695	ERR011348_MEGAHIT_MetaBinner.9
k79_16964	ERR011348_MEGAHIT_MetaBinner.9
k79_16716	ERR011348_MEGAHIT_MetaBinner.9
k79_29420	ERR011348_MEGAHIT_MetaBinner.9
k79_62380	ERR011348_MEGAHIT_MetaBinner.9
k79_76183	ERR011348_MEGAHIT_MetaBinner.9
k79_53991	ERR011348_MEGAHIT_MetaBinner.9
k79_26028	ERR011348_MEGAHIT_MetaBinner.9
k79_41582	ERR011348_MEGAHIT_MetaBinner.9
k79_59423	ERR011348_MEGAHIT_MetaBinner.9
k79_38116	ERR011348_MEGAHIT_MetaBinner.9
k79_39081	ERR011348_MEGAHIT_MetaBinner.9
k79_74337	ERR011348_MEGAHIT_MetaBinner.9
k79_76906	ERR011348_MEGAHIT_MetaBinner.9
k79_47309	ERR011348_MEGAHIT_MetaBinner.9
k79_39001	ERR011348_MEGAHIT_MetaBinner.9
k79_33517	ERR011348_MEGAHIT_MetaBinner.9
k79_68879	ERR011348_MEGAHIT_MetaBinner.9
k79_43049	ERR011348_MEGAHIT_MetaBinner.9
k79_86139	ERR011348_MEGAHIT_MetaBinner.9
k79_66017	ERR011348_MEGAHIT_MetaBinner.9
k79_77075	ERR011348_MEGAHIT_MetaBinner.9
k79_46959	ERR011348_MEGAHIT_MetaBinner.9
k79_3983	ERR011348_MEGAHIT_MetaBinner.9
k79_71352	ERR011348_MEGAHIT_MetaBinner.9
k79_79297	ERR011348_MEGAHIT_MetaBinner.9
k79_91620	ERR011348_MEGAHIT_MetaBinner.9
k79_96056	ERR011348_MEGAHIT_MetaBinner.9
k79_43223	ERR011348_MEGAHIT_MetaBinner.9
k79_87889	ERR011348_MEGAHIT_MetaBinner.9
k79_76727	ERR011348_MEGAHIT_MetaBinner.9
k79_45297	ERR011348_MEGAHIT_MetaBinner.9
k79_25978	ERR011348_MEGAHIT_MetaBinner.9
k79_30955	ERR011348_MEGAHIT_MetaBinner.9
k79_9787	ERR011348_MEGAHIT_MetaBinner.9
k79_62253	ERR011348_MEGAHIT_MetaBinner.9
k79_66921	ERR011348_MEGAHIT_MetaBinner.9
k79_34079	ERR011348_MEGAHIT_MetaBinner.9
k79_84977	ERR011348_MEGAHIT_MetaBinner.9
k79_55441	ERR011348_MEGAHIT_MetaBinner.9
k79_69940	ERR011348_MEGAHIT_MetaBinner.9
k79_42600	ERR011348_MEGAHIT_MetaBinner.9
k79_22791	ERR011348_MEGAHIT_MetaBinner.9
k79_66272	ERR011348_MEGAHIT_MetaBinner.9
k79_7147	ERR011348_MEGAHIT_MetaBinner.9
k79_384	ERR011348_MEGAHIT_MetaBinner.9
k79_30048	ERR011348_MEGAHIT_MetaBinner.9
k79_93262	ERR011348_MEGAHIT_MetaBinner.9
k79_14592	ERR011348_MEGAHIT_MetaBinner.9
k79_37841	ERR011348_MEGAHIT_MetaBinner.9
k79_39552	ERR011348_MEGAHIT_MetaBinner.9
k79_24230	ERR011348_MEGAHIT_MetaBinner.9
k79_8497	ERR011348_MEGAHIT_MetaBinner.9
k79_76532	ERR011348_MEGAHIT_MetaBinner.9
k79_6219	ERR011348_MEGAHIT_MetaBinner.9
k79_76832	ERR011348_MEGAHIT_MetaBinner.9
k79_35724	ERR011348_MEGAHIT_MetaBinner.9
k79_229	ERR011348_MEGAHIT_MetaBinner.9
k79_12187	ERR011348_MEGAHIT_MetaBinner.9
k79_40820	ERR011348_MEGAHIT_MetaBinner.9
k79_13659	ERR011348_MEGAHIT_MetaBinner.9
k79_7951	ERR011348_MEGAHIT_MetaBinner.9
k79_11351	ERR011348_MEGAHIT_MetaBinner.9
k79_31469	ERR011348_MEGAHIT_MetaBinner.9
k79_20329	ERR011348_MEGAHIT_MetaBinner.9
k79_240	ERR011348_MEGAHIT_MetaBinner.9
k79_25486	ERR011348_MEGAHIT_MetaBinner.9
k79_3734	ERR011348_MEGAHIT_MetaBinner.9
k79_44356	ERR011348_MEGAHIT_MetaBinner.9
k79_55660	ERR011348_MEGAHIT_MetaBinner.9
k79_53858	ERR011348_MEGAHIT_MetaBinner.9
k79_93269	ERR011348_MEGAHIT_MetaBinner.9
k79_47626	ERR011348_MEGAHIT_MetaBinner.9
k79_35823	ERR011348_MEGAHIT_MetaBinner.9
k79_12937	ERR011348_MEGAHIT_MetaBinner.9
k79_4513	ERR011348_MEGAHIT_MetaBinner.9
k79_51077	ERR011348_MEGAHIT_MetaBinner.9
k79_22553	ERR011348_MEGAHIT_MetaBinner.9
k79_13283	ERR011348_MEGAHIT_MetaBinner.9
k79_85334	ERR011348_MEGAHIT_MetaBinner.9
k79_26085	ERR011348_MEGAHIT_MetaBinner.9
k79_11658	ERR011348_MEGAHIT_MetaBinner.9
k79_58810	ERR011348_MEGAHIT_MetaBinner.9
k79_80649	ERR011348_MEGAHIT_MetaBinner.9
k79_64232	ERR011348_MEGAHIT_MetaBinner.9
k79_49338	ERR011348_MEGAHIT_MetaBinner.9
k79_80916	ERR011348_MEGAHIT_MetaBinner.9
k79_47217	ERR011348_MEGAHIT_MetaBinner.9
k79_82329	ERR011348_MEGAHIT_MetaBinner.9
k79_26070	ERR011348_MEGAHIT_MetaBinner.9
k79_40523	ERR011348_MEGAHIT_MetaBinner.9
k79_69162	ERR011348_MEGAHIT_MetaBinner.9
k79_86429	ERR011348_MEGAHIT_MetaBinner.9
k79_18654	ERR011348_MEGAHIT_MetaBinner.9
k79_83740	ERR011348_MEGAHIT_MetaBinner.9
k79_2695	ERR011348_MEGAHIT_MetaBinner.9
k79_29770	ERR011348_MEGAHIT_MetaBinner.9
k79_1398	ERR011348_MEGAHIT_MetaBinner.9
k79_55994	ERR011348_MEGAHIT_MetaBinner.9
k79_1863	ERR011348_MEGAHIT_MetaBinner.9
k79_95081	ERR011348_MEGAHIT_MetaBinner.9
k79_75783	ERR011348_MEGAHIT_MetaBinner.9
k79_92209	ERR011348_MEGAHIT_MetaBinner.9
k79_69582	ERR011348_MEGAHIT_MetaBinner.9
k79_25848	ERR011348_MEGAHIT_MetaBinner.9
k79_3776	ERR011348_MEGAHIT_MetaBinner.9
k79_20123	ERR011348_MEGAHIT_MetaBinner.9
k79_70707	ERR011348_MEGAHIT_MetaBinner.9
k79_37482	ERR011348_MEGAHIT_MetaBinner.9
k79_20284	ERR011348_MEGAHIT_MetaBinner.9
k79_16768	ERR011348_MEGAHIT_MetaBinner.9
k79_2555	ERR011348_MEGAHIT_MetaBinner.9
k79_74556	ERR011348_MEGAHIT_MetaBinner.9
k79_88641	ERR011348_MEGAHIT_MetaBinner.9
k79_19161	ERR011348_MEGAHIT_MetaBinner.9
k79_9149	ERR011348_MEGAHIT_MetaBinner.9
k79_12898	ERR011348_MEGAHIT_MetaBinner.9
k79_34885	ERR011348_MEGAHIT_MetaBinner.9
k79_56858	ERR011348_MEGAHIT_MetaBinner.9
k79_69274	ERR011348_MEGAHIT_MetaBinner.9
k79_4459	ERR011348_MEGAHIT_MetaBinner.9
k79_87656	ERR011348_MEGAHIT_MetaBinner.9
k79_48433	ERR011348_MEGAHIT_MetaBinner.9
k79_5224	ERR011348_MEGAHIT_MetaBinner.9
k79_9762	ERR011348_MEGAHIT_MetaBinner.9
k79_63706	ERR011348_MEGAHIT_MetaBinner.9
k79_77627	ERR011348_MEGAHIT_MetaBinner.9
k79_66469	ERR011348_MEGAHIT_MetaBinner.9
k79_2850	ERR011348_MEGAHIT_MetaBinner.9
k79_13029	ERR011348_MEGAHIT_MetaBinner.9
k79_51149	ERR011348_MEGAHIT_MetaBinner.9
k79_1270	ERR011348_MEGAHIT_MetaBinner.9
k79_15696	ERR011348_MEGAHIT_MetaBinner.9
k79_54843	ERR011348_MEGAHIT_MetaBinner.9
k79_80988	ERR011348_MEGAHIT_MetaBinner.9
k79_79116	ERR011348_MEGAHIT_MetaBinner.9
k79_5667	ERR011348_MEGAHIT_MetaBinner.9
k79_91232	ERR011348_MEGAHIT_MetaBinner.9
k79_772	ERR011348_MEGAHIT_MetaBinner.9
k79_90682	ERR011348_MEGAHIT_MetaBinner.9
k79_35560	ERR011348_MEGAHIT_MetaBinner.9
k79_49025	ERR011348_MEGAHIT_MetaBinner.9
k79_8564	ERR011348_MEGAHIT_MetaBinner.9
k79_39989	ERR011348_MEGAHIT_MetaBinner.9
k79_24066	ERR011348_MEGAHIT_MetaBinner.9
k79_41662	ERR011348_MEGAHIT_MetaBinner.9
k79_24098	ERR011348_MEGAHIT_MetaBinner.9
k79_30728	ERR011348_MEGAHIT_MetaBinner.9
k79_77623	ERR011348_MEGAHIT_MetaBinner.9
k79_26593	ERR011348_MEGAHIT_MetaBinner.9
k79_31129	ERR011348_MEGAHIT_MetaBinner.9
k79_28609	ERR011348_MEGAHIT_MetaBinner.9
k79_60157	ERR011348_MEGAHIT_MetaBinner.9
k79_32790	ERR011348_MEGAHIT_MetaBinner.9
k79_15145	ERR011348_MEGAHIT_MetaBinner.9
k79_27523	ERR011348_MEGAHIT_MetaBinner.9
k79_66502	ERR011348_MEGAHIT_MetaBinner.9
k79_28208	ERR011348_MEGAHIT_MetaBinner.9
k79_51115	ERR011348_MEGAHIT_MetaBinner.9
k79_22403	ERR011348_MEGAHIT_MetaBinner.9
k79_23113	ERR011348_MEGAHIT_MetaBinner.9
k79_76768	ERR011348_MEGAHIT_MetaBinner.9
k79_59399	ERR011348_MEGAHIT_MetaBinner.9
k79_78179	ERR011348_MEGAHIT_MetaBinner.9
k79_68864	ERR011348_MEGAHIT_MetaBinner.9
k79_67338	ERR011348_MEGAHIT_MetaBinner.9
k79_42667	ERR011348_MEGAHIT_MetaBinner.9
k79_29552	ERR011348_MEGAHIT_MetaBinner.9
k79_1089	ERR011348_MEGAHIT_MetaBinner.9
k79_33900	ERR011348_MEGAHIT_MetaBinner.9
k79_10088	ERR011348_MEGAHIT_MetaBinner.9
k79_18036	ERR011348_MEGAHIT_MetaBinner.9
k79_72275	ERR011348_MEGAHIT_MetaBinner.9
k79_85791	ERR011348_MEGAHIT_MetaBinner.9
k79_34498	ERR011348_MEGAHIT_MetaBinner.9
k79_89963	ERR011348_MEGAHIT_MetaBinner.9
k79_27498	ERR011348_MEGAHIT_MetaBinner.9
k79_6901	ERR011348_MEGAHIT_MetaBinner.9
k79_77482	ERR011348_MEGAHIT_MetaBinner.9
k79_23401	ERR011348_MEGAHIT_MetaBinner.9
k79_51565	ERR011348_MEGAHIT_MetaBinner.9
k79_40338	ERR011348_MEGAHIT_MetaBinner.9
k79_86036	ERR011348_MEGAHIT_MetaBinner.9
k79_77667	ERR011348_MEGAHIT_MetaBinner.9
k79_8104	ERR011348_MEGAHIT_MetaBinner.9
k79_67841	ERR011348_MEGAHIT_MetaBinner.9
k79_87344	ERR011348_MEGAHIT_MetaBinner.9
k79_47029	ERR011348_MEGAHIT_MetaBinner.9
k79_26954	ERR011348_MEGAHIT_MetaBinner.9
k79_47397	ERR011348_MEGAHIT_MetaBinner.9
k79_18583	ERR011348_MEGAHIT_MetaBinner.9
k79_73026	ERR011348_MEGAHIT_MetaBinner.9
k79_83745	ERR011348_MEGAHIT_MetaBinner.9
k79_83692	ERR011348_MEGAHIT_MetaBinner.9
k79_40831	ERR011348_MEGAHIT_MetaBinner.9
k79_89133	ERR011348_MEGAHIT_MetaBinner.9
k79_9514	ERR011348_MEGAHIT_MetaBinner.9
k79_69521	ERR011348_MEGAHIT_MetaBinner.9
k79_34438	ERR011348_MEGAHIT_MetaBinner.9
k79_13580	ERR011348_MEGAHIT_MetaBinner.9
k79_76231	ERR011348_MEGAHIT_MetaBinner.9
k79_46306	ERR011348_MEGAHIT_MetaBinner.9
k79_66686	ERR011348_MEGAHIT_MetaBinner.9
k79_8390	ERR011348_MEGAHIT_MetaBinner.9
k79_16595	ERR011348_MEGAHIT_MetaBinner.9
k79_88777	ERR011348_MEGAHIT_MetaBinner.9
k79_9949	ERR011348_MEGAHIT_MetaBinner.9
k79_48165	ERR011348_MEGAHIT_MetaBinner.9
k79_17374	ERR011348_MEGAHIT_MetaBinner.9
k79_24465	ERR011348_MEGAHIT_MetaBinner.9
k79_85184	ERR011348_MEGAHIT_MetaBinner.9
k79_22646	ERR011348_MEGAHIT_MetaBinner.9
k79_95432	ERR011348_MEGAHIT_MetaBinner.9
k79_25094	ERR011348_MEGAHIT_MetaBinner.9
k79_80728	ERR011348_MEGAHIT_MetaBinner.9
k79_62880	ERR011348_MEGAHIT_MetaBinner.9
k79_36933	ERR011348_MEGAHIT_MetaBinner.9
k79_80105	ERR011348_MEGAHIT_MetaBinner.9
k79_31225	ERR011348_MEGAHIT_MetaBinner.9
k79_76007	ERR011348_MEGAHIT_MetaBinner.9
k79_18686	ERR011348_MEGAHIT_MetaBinner.9
k79_49390	ERR011348_MEGAHIT_MetaBinner.9
k79_66574	ERR011348_MEGAHIT_MetaBinner.9
k79_49724	ERR011348_MEGAHIT_MetaBinner.9
k79_54185	ERR011348_MEGAHIT_MetaBinner.9
k79_89406	ERR011348_MEGAHIT_MetaBinner.9
k79_31962	ERR011348_MEGAHIT_MetaBinner.9
k79_82336	ERR011348_MEGAHIT_MetaBinner.9
k79_26140	ERR011348_MEGAHIT_MetaBinner.9
k79_87841	ERR011348_MEGAHIT_MetaBinner.9
k79_21109	ERR011348_MEGAHIT_MetaBinner.9
k79_95654	ERR011348_MEGAHIT_MetaBinner.9
k79_54642	ERR011348_MEGAHIT_MetaBinner.9
k79_6762	ERR011348_MEGAHIT_MetaBinner.9
k79_27229	ERR011348_MEGAHIT_MetaBinner.9
k79_53906	ERR011348_MEGAHIT_MetaBinner.9
k79_78112	ERR011348_MEGAHIT_MetaBinner.9
k79_49984	ERR011348_MEGAHIT_MetaBinner.9
k79_50899	ERR011348_MEGAHIT_MetaBinner.9
k79_89890	ERR011348_MEGAHIT_MetaBinner.9
k79_85601	ERR011348_MEGAHIT_MetaBinner.9
k79_41274	ERR011348_MEGAHIT_MetaBinner.9
k79_76042	ERR011348_MEGAHIT_MetaBinner.9
k79_83214	ERR011348_MEGAHIT_MetaBinner.9
k79_54392	ERR011348_MEGAHIT_MetaBinner.9
k79_47179	ERR011348_MEGAHIT_MetaBinner.9
k79_10699	ERR011348_MEGAHIT_MetaBinner.9
k79_67348	ERR011348_MEGAHIT_MetaBinner.9
k79_88618	ERR011348_MEGAHIT_MetaBinner.9
k79_64226	ERR011348_MEGAHIT_MetaBinner.9
k79_41000	ERR011348_MEGAHIT_MetaBinner.9
k79_3991	ERR011348_MEGAHIT_MetaBinner.9
k79_25935	ERR011348_MEGAHIT_MetaBinner.9
k79_88837	ERR011348_MEGAHIT_MetaBinner.9
k79_84976	ERR011348_MEGAHIT_MetaBinner.9
k79_48948	ERR011348_MEGAHIT_MetaBinner.9
k79_45976	ERR011348_MEGAHIT_MetaBinner.9
k79_45574	ERR011348_MEGAHIT_MetaBinner.9
k79_77236	ERR011348_MEGAHIT_MetaBinner.9
k79_54757	ERR011348_MEGAHIT_MetaBinner.9
k79_89370	ERR011348_MEGAHIT_MetaBinner.9
k79_39493	ERR011348_MEGAHIT_MetaBinner.9
k79_60039	ERR011348_MEGAHIT_MetaBinner.9
k79_86064	ERR011348_MEGAHIT_MetaBinner.9
k79_56340	ERR011348_MEGAHIT_MetaBinner.9
k79_50132	ERR011348_MEGAHIT_MetaBinner.9
k79_57919	ERR011348_MEGAHIT_MetaBinner.9
k79_61637	ERR011348_MEGAHIT_MetaBinner.9
k79_94280	ERR011348_MEGAHIT_MetaBinner.9
k79_39178	ERR011348_MEGAHIT_MetaBinner.9
k79_40924	ERR011348_MEGAHIT_MetaBinner.9
k79_59806	ERR011348_MEGAHIT_MetaBinner.9
k79_42610	ERR011348_MEGAHIT_MetaBinner.9
k79_32925	ERR011348_MEGAHIT_MetaBinner.9
k79_50835	ERR011348_MEGAHIT_MetaBinner.9
k79_16641	ERR011348_MEGAHIT_MetaBinner.9
k79_49981	ERR011348_MEGAHIT_MetaBinner.9
k79_32293	ERR011348_MEGAHIT_MetaBinner.9
k79_62919	ERR011348_MEGAHIT_MetaBinner.9
k79_50179	ERR011348_MEGAHIT_MetaBinner.9
k79_52821	ERR011348_MEGAHIT_MetaBinner.9
k79_74938	ERR011348_MEGAHIT_MetaBinner.9
k79_59933	ERR011348_MEGAHIT_MetaBinner.9
k79_40067	ERR011348_MEGAHIT_MetaBinner.9
k79_3330	ERR011348_MEGAHIT_MetaBinner.9
k79_1747	ERR011348_MEGAHIT_MetaBinner.9
k79_36773	ERR011348_MEGAHIT_MetaBinner.9
k79_44079	ERR011348_MEGAHIT_MetaBinner.9
k79_87053	ERR011348_MEGAHIT_MetaBinner.9
k79_51424	ERR011348_MEGAHIT_MetaBinner.9
k79_21272	ERR011348_MEGAHIT_MetaBinner.9
k79_6650	ERR011348_MEGAHIT_MetaBinner.9
k79_5472	ERR011348_MEGAHIT_MetaBinner.9
k79_44080	ERR011348_MEGAHIT_MetaBinner.9
k79_26144	ERR011348_MEGAHIT_MetaBinner.9
k79_59934	ERR011348_MEGAHIT_MetaBinner.9
k79_55131	ERR011348_MEGAHIT_MetaBinner.9
k79_2684	ERR011348_MEGAHIT_MetaBinner.9
k79_29562	ERR011348_MEGAHIT_MetaBinner.9
k79_33010	ERR011348_MEGAHIT_MetaBinner.9
k79_88404	ERR011348_MEGAHIT_MetaBinner.9
k79_90679	ERR011348_MEGAHIT_MetaBinner.9
k79_37200	ERR011348_MEGAHIT_MetaBinner.9
k79_82925	ERR011348_MEGAHIT_MetaBinner.9
k79_92677	ERR011348_MEGAHIT_MetaBinner.9
k79_28691	ERR011348_MEGAHIT_MetaBinner.9
k79_24377	ERR011348_MEGAHIT_MetaBinner.9
k79_83867	ERR011348_MEGAHIT_MetaBinner.9
k79_16576	ERR011348_MEGAHIT_MetaBinner.9
k79_88015	ERR011348_MEGAHIT_MetaBinner.9
k79_62003	ERR011348_MEGAHIT_MetaBinner.9
k79_36156	ERR011348_MEGAHIT_MetaBinner.9
k79_1650	ERR011348_MEGAHIT_MetaBinner.9
k79_64076	ERR011348_MEGAHIT_MetaBinner.9
k79_66628	ERR011348_MEGAHIT_MetaBinner.9
k79_16099	ERR011348_MEGAHIT_MetaBinner.9
k79_22925	ERR011348_MEGAHIT_MetaBinner.9
k79_36950	ERR011348_MEGAHIT_MetaBinner.9
k79_35986	ERR011348_MEGAHIT_MetaBinner.9
k79_26609	ERR011348_MEGAHIT_MetaBinner.9
k79_38242	ERR011348_MEGAHIT_MetaBinner.9
k79_3231	ERR011348_MEGAHIT_MetaBinner.9
k79_12526	ERR011348_MEGAHIT_MetaBinner.9
k79_91889	ERR011348_MEGAHIT_MetaBinner.9
k79_30153	ERR011348_MEGAHIT_MetaBinner.9
k79_5978	ERR011348_MEGAHIT_MetaBinner.9
k79_80388	ERR011348_MEGAHIT_MetaBinner.9
k79_24088	ERR011348_MEGAHIT_MetaBinner.9
k79_41027	ERR011348_MEGAHIT_MetaBinner.9
k79_89254	ERR011348_MEGAHIT_MetaBinner.9
k79_78447	ERR011348_MEGAHIT_MetaBinner.9
k79_21564	ERR011348_MEGAHIT_MetaBinner.9
k79_3793	ERR011348_MEGAHIT_MetaBinner.9
k79_15046	ERR011348_MEGAHIT_MetaBinner.9
k79_54509	ERR011348_MEGAHIT_MetaBinner.9
k79_62136	ERR011348_MEGAHIT_MetaBinner.9
k79_35983	ERR011348_MEGAHIT_MetaBinner.9
k79_79925	ERR011348_MEGAHIT_MetaBinner.9
k79_48539	ERR011348_MEGAHIT_MetaBinner.9
k79_74414	ERR011348_MEGAHIT_MetaBinner.9
k79_48104	ERR011348_MEGAHIT_MetaBinner.9
k79_35814	ERR011348_MEGAHIT_MetaBinner.9
k79_12139	ERR011348_MEGAHIT_MetaBinner.9
k79_16506	ERR011348_MEGAHIT_MetaBinner.9
k79_35698	ERR011348_MEGAHIT_MetaBinner.9
k79_6852	ERR011348_MEGAHIT_MetaBinner.9
k79_37763	ERR011348_MEGAHIT_MetaBinner.9
k79_15096	ERR011348_MEGAHIT_MetaBinner.9
k79_59538	ERR011348_MEGAHIT_MetaBinner.9
k79_31100	ERR011348_MEGAHIT_MetaBinner.9
k79_25651	ERR011348_MEGAHIT_MetaBinner.9
k79_66267	ERR011348_MEGAHIT_MetaBinner.9
k79_91272	ERR011348_MEGAHIT_MetaBinner.9
k79_61228	ERR011348_MEGAHIT_MetaBinner.9
k79_43885	ERR011348_MEGAHIT_MetaBinner.9
k79_87111	ERR011348_MEGAHIT_MetaBinner.9
k79_40666	ERR011348_MEGAHIT_MetaBinner.9
k79_4117	ERR011348_MEGAHIT_MetaBinner.9
k79_66195	ERR011348_MEGAHIT_MetaBinner.9
k79_57734	ERR011348_MEGAHIT_MetaBinner.9
k79_18984	ERR011348_MEGAHIT_MetaBinner.9
k79_69645	ERR011348_MEGAHIT_MetaBinner.9
k79_76919	ERR011348_MEGAHIT_MetaBinner.9
k79_35834	ERR011348_MEGAHIT_MetaBinner.9
k79_10686	ERR011348_MEGAHIT_MetaBinner.9
k79_18033	ERR011348_MEGAHIT_MetaBinner.9
k79_8554	ERR011348_MEGAHIT_MetaBinner.9
k79_90725	ERR011348_MEGAHIT_MetaBinner.9
k79_7845	ERR011348_MEGAHIT_MetaBinner.9
k79_30739	ERR011348_MEGAHIT_MetaBinner.9
k79_27781	ERR011348_MEGAHIT_MetaBinner.9
k79_3542	ERR011348_MEGAHIT_MetaBinner.9
k79_88945	ERR011348_MEGAHIT_MetaBinner.9
k79_23304	ERR011348_MEGAHIT_MetaBinner.9
k79_80900	ERR011348_MEGAHIT_MetaBinner.9
k79_88795	ERR011348_MEGAHIT_MetaBinner.9
k79_58989	ERR011348_MEGAHIT_MetaBinner.9
k79_15661	ERR011348_MEGAHIT_MetaBinner.9
k79_8636	ERR011348_MEGAHIT_MetaBinner.9
k79_66162	ERR011348_MEGAHIT_MetaBinner.9
k79_27224	ERR011348_MEGAHIT_MetaBinner.9
k79_65178	ERR011348_MEGAHIT_MetaBinner.9
k79_42334	ERR011348_MEGAHIT_MetaBinner.9
k79_71964	ERR011348_MEGAHIT_MetaBinner.9
k79_21504	ERR011348_MEGAHIT_MetaBinner.9
k79_6670	ERR011348_MEGAHIT_MetaBinner.9
k79_13309	ERR011348_MEGAHIT_MetaBinner.9
k79_21071	ERR011348_MEGAHIT_MetaBinner.9
k79_68821	ERR011348_MEGAHIT_MetaBinner.9
k79_3607	ERR011348_MEGAHIT_MetaBinner.9
k79_24287	ERR011348_MEGAHIT_MetaBinner.9
k79_88161	ERR011348_MEGAHIT_MetaBinner.9
k79_55059	ERR011348_MEGAHIT_MetaBinner.9
k79_67847	ERR011348_MEGAHIT_MetaBinner.9
k79_91132	ERR011348_MEGAHIT_MetaBinner.9
k79_50719	ERR011348_MEGAHIT_MetaBinner.9
k79_62402	ERR011348_MEGAHIT_MetaBinner.9
k79_29631	ERR011348_MEGAHIT_MetaBinner.9
k79_51327	ERR011348_MEGAHIT_MetaBinner.9
k79_28583	ERR011348_MEGAHIT_MetaBinner.9
k79_24316	ERR011348_MEGAHIT_MetaBinner.9
k79_16649	ERR011348_MEGAHIT_MetaBinner.9
k79_22385	ERR011348_MEGAHIT_MetaBinner.9
k79_72418	ERR011348_MEGAHIT_MetaBinner.9
k79_28500	ERR011348_MEGAHIT_MetaBinner.9
k79_53899	ERR011348_MEGAHIT_MetaBinner.9
k79_8645	ERR011348_MEGAHIT_MetaBinner.9
k79_67990	ERR011348_MEGAHIT_MetaBinner.9
k79_41388	ERR011348_MEGAHIT_MetaBinner.9
k79_33603	ERR011348_MEGAHIT_MetaBinner.9
k79_62311	ERR011348_MEGAHIT_MetaBinner.9
k79_45972	ERR011348_MEGAHIT_MetaBinner.9
k79_33250	ERR011348_MEGAHIT_MetaBinner.9
k79_4601	ERR011348_MEGAHIT_MetaBinner.9
k79_59447	ERR011348_MEGAHIT_MetaBinner.9
k79_29705	ERR011348_MEGAHIT_MetaBinner.9
k79_24426	ERR011348_MEGAHIT_MetaBinner.9
k79_79424	ERR011348_MEGAHIT_MetaBinner.9
k79_43216	ERR011348_MEGAHIT_MetaBinner.9
k79_33165	ERR011348_MEGAHIT_MetaBinner.9
k79_51823	ERR011348_MEGAHIT_MetaBinner.9
k79_28639	ERR011348_MEGAHIT_MetaBinner.9
k79_82434	ERR011348_MEGAHIT_MetaBinner.9
k79_92670	ERR011348_MEGAHIT_MetaBinner.9
k79_94662	ERR011348_MEGAHIT_MetaBinner.9
k79_9724	ERR011348_MEGAHIT_MetaBinner.9
k79_91340	ERR011348_MEGAHIT_MetaBinner.9
k79_73559	ERR011348_MEGAHIT_MetaBinner.9
k79_67448	ERR011348_MEGAHIT_MetaBinner.9
k79_31930	ERR011348_MEGAHIT_MetaBinner.9
k79_12970	ERR011348_MEGAHIT_MetaBinner.9
k79_25859	ERR011348_MEGAHIT_MetaBinner.9
k79_8155	ERR011348_MEGAHIT_MetaBinner.9
k79_89062	ERR011348_MEGAHIT_MetaBinner.9
k79_91442	ERR011348_MEGAHIT_MetaBinner.9
k79_84623	ERR011348_MEGAHIT_MetaBinner.9
k79_57497	ERR011348_MEGAHIT_MetaBinner.9
k79_63815	ERR011348_MEGAHIT_MetaBinner.9
k79_5523	ERR011348_MEGAHIT_MetaBinner.9
k79_83036	ERR011348_MEGAHIT_MetaBinner.9
k79_61051	ERR011348_MEGAHIT_MetaBinner.9
k79_62020	ERR011348_MEGAHIT_MetaBinner.9
k79_40022	ERR011348_MEGAHIT_MetaBinner.9
k79_43617	ERR011348_MEGAHIT_MetaBinner.9
k79_30450	ERR011348_MEGAHIT_MetaBinner.9
k79_22610	ERR011348_MEGAHIT_MetaBinner.9
k79_70171	ERR011348_MEGAHIT_MetaBinner.9
k79_26600	ERR011348_MEGAHIT_MetaBinner.9
k79_66328	ERR011348_MEGAHIT_MetaBinner.9
k79_65315	ERR011348_MEGAHIT_MetaBinner.9
k79_40336	ERR011348_MEGAHIT_MetaBinner.9
k79_62146	ERR011348_MEGAHIT_MetaBinner.9
k79_85306	ERR011348_MEGAHIT_MetaBinner.9
k79_4387	ERR011348_MEGAHIT_MetaBinner.9
k79_28868	ERR011348_MEGAHIT_MetaBinner.9
k79_19854	ERR011348_MEGAHIT_MetaBinner.9
k79_77626	ERR011348_MEGAHIT_MetaBinner.9
k79_81080	ERR011348_MEGAHIT_MetaBinner.9
k79_58029	ERR011348_MEGAHIT_MetaBinner.9
k79_44220	ERR011348_MEGAHIT_MetaBinner.9
k79_66931	ERR011348_MEGAHIT_MetaBinner.9
k79_44561	ERR011348_MEGAHIT_MetaBinner.9
k79_24837	ERR011348_MEGAHIT_MetaBinner.9
k79_44390	ERR011348_MEGAHIT_MetaBinner.9
k79_93769	ERR011348_MEGAHIT_MetaBinner.9
k79_35117	ERR011348_MEGAHIT_MetaBinner.9
k79_25019	ERR011348_MEGAHIT_MetaBinner.9
k79_92845	ERR011348_MEGAHIT_MetaBinner.9
k79_20781	ERR011348_MEGAHIT_MetaBinner.9
k79_37989	ERR011348_MEGAHIT_MetaBinner.9
k79_6582	ERR011348_MEGAHIT_MetaBinner.9
k79_28072	ERR011348_MEGAHIT_MetaBinner.9
k79_29786	ERR011348_MEGAHIT_MetaBinner.9
k79_66421	ERR011348_MEGAHIT_MetaBinner.9
k79_92466	ERR011348_MEGAHIT_MetaBinner.9
k79_66058	ERR011348_MEGAHIT_MetaBinner.9
k79_94182	ERR011348_MEGAHIT_MetaBinner.9
k79_94650	ERR011348_MEGAHIT_MetaBinner.9
k79_42596	ERR011348_MEGAHIT_MetaBinner.9
k79_60886	ERR011348_MEGAHIT_MetaBinner.9
k79_57614	ERR011348_MEGAHIT_MetaBinner.9
k79_37640	ERR011348_MEGAHIT_MetaBinner.9
k79_34106	ERR011348_MEGAHIT_MetaBinner.9
k79_85876	ERR011348_MEGAHIT_MetaBinner.9
k79_36169	ERR011348_MEGAHIT_MetaBinner.9
k79_32362	ERR011348_MEGAHIT_MetaBinner.9
k79_61117	ERR011348_MEGAHIT_MetaBinner.9
k79_73009	ERR011348_MEGAHIT_MetaBinner.9
k79_21708	ERR011348_MEGAHIT_MetaBinner.9
k79_85761	ERR011348_MEGAHIT_MetaBinner.9
k79_20487	ERR011348_MEGAHIT_MetaBinner.9
k79_72677	ERR011348_MEGAHIT_MetaBinner.9
k79_45554	ERR011348_MEGAHIT_MetaBinner.9
k79_33016	ERR011348_MEGAHIT_MetaBinner.9
k79_1701	ERR011348_MEGAHIT_MetaBinner.9
k79_64065	ERR011348_MEGAHIT_MetaBinner.9
k79_26963	ERR011348_MEGAHIT_MetaBinner.9
k79_50682	ERR011348_MEGAHIT_MetaBinner.9
k79_50035	ERR011348_MEGAHIT_MetaBinner.9
k79_84782	ERR011348_MEGAHIT_MetaBinner.9
k79_29495	ERR011348_MEGAHIT_MetaBinner.9
k79_5598	ERR011348_MEGAHIT_MetaBinner.9
k79_89766	ERR011348_MEGAHIT_MetaBinner.9
k79_39949	ERR011348_MEGAHIT_MetaBinner.9
k79_89572	ERR011348_MEGAHIT_MetaBinner.9
k79_41187	ERR011348_MEGAHIT_MetaBinner.9
k79_82862	ERR011348_MEGAHIT_MetaBinner.9
k79_60288	ERR011348_MEGAHIT_MetaBinner.9
k79_69053	ERR011348_MEGAHIT_MetaBinner.9
k79_16863	ERR011348_MEGAHIT_MetaBinner.9
k79_68855	ERR011348_MEGAHIT_MetaBinner.9
k79_82359	ERR011348_MEGAHIT_MetaBinner.9
k79_15053	ERR011348_MEGAHIT_MetaBinner.9
k79_44817	ERR011348_MEGAHIT_MetaBinner.9
k79_76423	ERR011348_MEGAHIT_MetaBinner.9
k79_18958	ERR011348_MEGAHIT_MetaBinner.9
k79_6254	ERR011348_MEGAHIT_MetaBinner.9
k79_85623	ERR011348_MEGAHIT_MetaBinner.9
k79_18662	ERR011348_MEGAHIT_MetaBinner.9
k79_70193	ERR011348_MEGAHIT_MetaBinner.9
k79_70438	ERR011348_MEGAHIT_MetaBinner.9
k79_24637	ERR011348_MEGAHIT_MetaBinner.9
k79_92321	ERR011348_MEGAHIT_MetaBinner.9
k79_35721	ERR011348_MEGAHIT_MetaBinner.9
k79_38188	ERR011348_MEGAHIT_MetaBinner.9
k79_24473	ERR011348_MEGAHIT_MetaBinner.9
k79_5803	ERR011348_MEGAHIT_MetaBinner.9
k79_2769	ERR011348_MEGAHIT_MetaBinner.9
k79_84723	ERR011348_MEGAHIT_MetaBinner.9
k79_80898	ERR011348_MEGAHIT_MetaBinner.9
k79_12433	ERR011348_MEGAHIT_MetaBinner.9
k79_53446	ERR011348_MEGAHIT_MetaBinner.9
k79_65565	ERR011348_MEGAHIT_MetaBinner.9
k79_75857	ERR011348_MEGAHIT_MetaBinner.9
k79_41584	ERR011348_MEGAHIT_MetaBinner.9
k79_71683	ERR011348_MEGAHIT_MetaBinner.9
k79_10033	ERR011348_MEGAHIT_MetaBinner.9
k79_30017	ERR011348_MEGAHIT_MetaBinner.9
k79_70693	ERR011348_MEGAHIT_MetaBinner.9
k79_53346	ERR011348_MEGAHIT_MetaBinner.9
