k79_15973 flag=1 multi=6.0000 len=1009	ERR011349_MEGAHIT_TaxVamb.100
k79_17225 flag=1 multi=4.0000 len=1008	ERR011349_MEGAHIT_TaxVamb.101
k79_20922 flag=1 multi=6.0000 len=1601	ERR011349_MEGAHIT_TaxVamb.102
k79_21512 flag=1 multi=3.0000 len=1552	ERR011349_MEGAHIT_TaxVamb.103
k79_16492 flag=1 multi=10.0000 len=2806	ERR011349_MEGAHIT_TaxVamb.104
k79_14025 flag=1 multi=10.0000 len=6218	ERR011349_MEGAHIT_TaxVamb.104
k79_14038 flag=1 multi=12.0000 len=5556	ERR011349_MEGAHIT_TaxVamb.104
k79_20891 flag=1 multi=12.0000 len=2513	ERR011349_MEGAHIT_TaxVamb.104
k79_22289 flag=1 multi=7.0000 len=1733	ERR011349_MEGAHIT_TaxVamb.104
k79_7862 flag=1 multi=12.0000 len=3025	ERR011349_MEGAHIT_TaxVamb.104
k79_2872 flag=1 multi=10.0000 len=4441	ERR011349_MEGAHIT_TaxVamb.104
k79_32591 flag=1 multi=10.0000 len=2147	ERR011349_MEGAHIT_TaxVamb.104
k79_18036 flag=1 multi=14.0000 len=2042	ERR011349_MEGAHIT_TaxVamb.104
k79_18954 flag=1 multi=6.0000 len=1208	ERR011349_MEGAHIT_TaxVamb.104
k79_30762 flag=1 multi=9.0000 len=6606	ERR011349_MEGAHIT_TaxVamb.104
k79_30369 flag=1 multi=10.0000 len=2746	ERR011349_MEGAHIT_TaxVamb.104
k79_30233 flag=1 multi=11.0000 len=8173	ERR011349_MEGAHIT_TaxVamb.104
k79_12792 flag=1 multi=12.0000 len=2339	ERR011349_MEGAHIT_TaxVamb.104
k79_8614 flag=1 multi=20.0000 len=5310	ERR011349_MEGAHIT_TaxVamb.105
k79_14928 flag=1 multi=20.0000 len=4757	ERR011349_MEGAHIT_TaxVamb.106
k79_9647 flag=1 multi=25.0000 len=2817	ERR011349_MEGAHIT_TaxVamb.107
k79_6257 flag=1 multi=6.0000 len=2191	ERR011349_MEGAHIT_TaxVamb.108
k79_21490 flag=1 multi=11.0000 len=1521	ERR011349_MEGAHIT_TaxVamb.109
k79_27733 flag=1 multi=17.0000 len=5083	ERR011349_MEGAHIT_TaxVamb.10
k79_19985 flag=1 multi=6.0000 len=1369	ERR011349_MEGAHIT_TaxVamb.110
k79_2973 flag=1 multi=5.0000 len=1274	ERR011349_MEGAHIT_TaxVamb.111
k79_3494 flag=1 multi=6.0000 len=1085	ERR011349_MEGAHIT_TaxVamb.112
k79_35891 flag=1 multi=8.0000 len=1721	ERR011349_MEGAHIT_TaxVamb.113
k79_3818 flag=1 multi=16.0000 len=1484	ERR011349_MEGAHIT_TaxVamb.114
k79_5919 flag=1 multi=17.0000 len=1229	ERR011349_MEGAHIT_TaxVamb.115
k79_20851 flag=1 multi=6.0000 len=1003	ERR011349_MEGAHIT_TaxVamb.116
k79_22706 flag=1 multi=4.0000 len=1000	ERR011349_MEGAHIT_TaxVamb.117
k79_28312 flag=1 multi=4.0000 len=1005	ERR011349_MEGAHIT_TaxVamb.117
k79_4246 flag=1 multi=4.0000 len=1189	ERR011349_MEGAHIT_TaxVamb.117
k79_4118 flag=1 multi=9.0000 len=1994	ERR011349_MEGAHIT_TaxVamb.117
k79_19177 flag=1 multi=5.0000 len=1312	ERR011349_MEGAHIT_TaxVamb.117
k79_23608 flag=1 multi=5.0000 len=1111	ERR011349_MEGAHIT_TaxVamb.117
k79_5536 flag=1 multi=4.0000 len=1012	ERR011349_MEGAHIT_TaxVamb.117
k79_3836 flag=1 multi=3.0000 len=1133	ERR011349_MEGAHIT_TaxVamb.117
k79_27209 flag=1 multi=10.0000 len=1086	ERR011349_MEGAHIT_TaxVamb.117
k79_4395 flag=1 multi=10.0000 len=2212	ERR011349_MEGAHIT_TaxVamb.117
k79_14035 flag=1 multi=6.0000 len=1483	ERR011349_MEGAHIT_TaxVamb.117
k79_23090 flag=1 multi=4.0000 len=1063	ERR011349_MEGAHIT_TaxVamb.117
k79_12388 flag=1 multi=4.0000 len=1302	ERR011349_MEGAHIT_TaxVamb.117
k79_36298 flag=1 multi=6.0000 len=1237	ERR011349_MEGAHIT_TaxVamb.117
k79_21984 flag=1 multi=4.8371 len=1601	ERR011349_MEGAHIT_TaxVamb.117
k79_14905 flag=1 multi=5.0000 len=1542	ERR011349_MEGAHIT_TaxVamb.117
k79_17865 flag=1 multi=5.0000 len=1104	ERR011349_MEGAHIT_TaxVamb.117
k79_23884 flag=1 multi=5.0000 len=1402	ERR011349_MEGAHIT_TaxVamb.117
k79_21997 flag=1 multi=5.0000 len=1290	ERR011349_MEGAHIT_TaxVamb.117
k79_30376 flag=1 multi=6.0000 len=1056	ERR011349_MEGAHIT_TaxVamb.117
k79_14892 flag=1 multi=4.0000 len=1089	ERR011349_MEGAHIT_TaxVamb.117
k79_703 flag=1 multi=6.0000 len=1713	ERR011349_MEGAHIT_TaxVamb.117
k79_4584 flag=1 multi=3.0000 len=1007	ERR011349_MEGAHIT_TaxVamb.117
k79_23398 flag=1 multi=4.0000 len=1221	ERR011349_MEGAHIT_TaxVamb.117
k79_28050 flag=1 multi=5.0000 len=1092	ERR011349_MEGAHIT_TaxVamb.117
k79_8402 flag=1 multi=4.0000 len=1037	ERR011349_MEGAHIT_TaxVamb.117
k79_29022 flag=1 multi=6.0000 len=1212	ERR011349_MEGAHIT_TaxVamb.117
k79_34795 flag=1 multi=4.0000 len=1013	ERR011349_MEGAHIT_TaxVamb.117
k79_12167 flag=1 multi=11.0000 len=1098	ERR011349_MEGAHIT_TaxVamb.117
k79_15585 flag=1 multi=5.0000 len=1147	ERR011349_MEGAHIT_TaxVamb.117
k79_29776 flag=1 multi=5.0000 len=1229	ERR011349_MEGAHIT_TaxVamb.117
k79_18363 flag=1 multi=5.0000 len=1607	ERR011349_MEGAHIT_TaxVamb.117
k79_2650 flag=1 multi=6.0000 len=1299	ERR011349_MEGAHIT_TaxVamb.117
k79_36305 flag=1 multi=6.0000 len=1125	ERR011349_MEGAHIT_TaxVamb.117
k79_1557 flag=1 multi=7.0000 len=1200	ERR011349_MEGAHIT_TaxVamb.117
k79_11889 flag=1 multi=6.4279 len=1348	ERR011349_MEGAHIT_TaxVamb.117
k79_2063 flag=1 multi=4.0000 len=1357	ERR011349_MEGAHIT_TaxVamb.117
k79_19980 flag=1 multi=4.0000 len=1947	ERR011349_MEGAHIT_TaxVamb.117
k79_7985 flag=1 multi=5.0000 len=1088	ERR011349_MEGAHIT_TaxVamb.117
k79_5611 flag=1 multi=5.0000 len=1519	ERR011349_MEGAHIT_TaxVamb.117
k79_4726 flag=1 multi=5.0000 len=2222	ERR011349_MEGAHIT_TaxVamb.117
k79_7828 flag=1 multi=4.0000 len=1320	ERR011349_MEGAHIT_TaxVamb.117
k79_8108 flag=1 multi=6.0000 len=1067	ERR011349_MEGAHIT_TaxVamb.117
k79_26688 flag=1 multi=7.0000 len=1829	ERR011349_MEGAHIT_TaxVamb.117
k79_6631 flag=1 multi=12.0711 len=1035	ERR011349_MEGAHIT_TaxVamb.117
k79_27992 flag=1 multi=6.0000 len=1090	ERR011349_MEGAHIT_TaxVamb.117
k79_6383 flag=1 multi=4.0000 len=1088	ERR011349_MEGAHIT_TaxVamb.117
k79_16400 flag=1 multi=5.0000 len=1730	ERR011349_MEGAHIT_TaxVamb.117
k79_31439 flag=1 multi=6.0000 len=1299	ERR011349_MEGAHIT_TaxVamb.117
k79_13919 flag=1 multi=6.0000 len=1103	ERR011349_MEGAHIT_TaxVamb.117
k79_1217 flag=1 multi=5.0000 len=1209	ERR011349_MEGAHIT_TaxVamb.117
k79_27212 flag=1 multi=4.0000 len=1267	ERR011349_MEGAHIT_TaxVamb.117
k79_22765 flag=1 multi=7.0000 len=2094	ERR011349_MEGAHIT_TaxVamb.117
k79_34798 flag=1 multi=5.0000 len=1013	ERR011349_MEGAHIT_TaxVamb.117
k79_10008 flag=1 multi=5.0000 len=1424	ERR011349_MEGAHIT_TaxVamb.117
k79_11537 flag=1 multi=4.0000 len=1035	ERR011349_MEGAHIT_TaxVamb.117
k79_3184 flag=1 multi=3.0000 len=1012	ERR011349_MEGAHIT_TaxVamb.117
k79_34093 flag=1 multi=5.0000 len=1519	ERR011349_MEGAHIT_TaxVamb.117
k79_7442 flag=1 multi=5.0000 len=2038	ERR011349_MEGAHIT_TaxVamb.117
k79_25506 flag=1 multi=3.0000 len=1235	ERR011349_MEGAHIT_TaxVamb.117
k79_36241 flag=1 multi=5.0000 len=1136	ERR011349_MEGAHIT_TaxVamb.117
k79_3770 flag=1 multi=6.0000 len=1306	ERR011349_MEGAHIT_TaxVamb.117
k79_15924 flag=1 multi=4.0000 len=1542	ERR011349_MEGAHIT_TaxVamb.117
k79_36346 flag=1 multi=4.0000 len=1064	ERR011349_MEGAHIT_TaxVamb.117
k79_32002 flag=1 multi=4.0000 len=1292	ERR011349_MEGAHIT_TaxVamb.118
k79_11552 flag=1 multi=4.0000 len=3083	ERR011349_MEGAHIT_TaxVamb.118
k79_10363 flag=1 multi=3.0000 len=1039	ERR011349_MEGAHIT_TaxVamb.118
k79_35346 flag=1 multi=5.0000 len=1956	ERR011349_MEGAHIT_TaxVamb.118
k79_33601 flag=1 multi=9.0000 len=1515	ERR011349_MEGAHIT_TaxVamb.118
k79_18605 flag=1 multi=6.0000 len=1812	ERR011349_MEGAHIT_TaxVamb.118
k79_13311 flag=1 multi=6.0000 len=1080	ERR011349_MEGAHIT_TaxVamb.118
k79_2191 flag=1 multi=4.0000 len=2524	ERR011349_MEGAHIT_TaxVamb.118
k79_35301 flag=1 multi=5.0000 len=1133	ERR011349_MEGAHIT_TaxVamb.118
k79_30633 flag=1 multi=4.0000 len=1187	ERR011349_MEGAHIT_TaxVamb.118
k79_27317 flag=1 multi=7.0000 len=3084	ERR011349_MEGAHIT_TaxVamb.118
k79_11929 flag=1 multi=4.0000 len=1166	ERR011349_MEGAHIT_TaxVamb.118
k79_25090 flag=0 multi=6.9334 len=1882	ERR011349_MEGAHIT_TaxVamb.118
k79_30116 flag=1 multi=3.0000 len=1712	ERR011349_MEGAHIT_TaxVamb.119
k79_6060 flag=1 multi=5.0000 len=1126	ERR011349_MEGAHIT_TaxVamb.11
k79_8832 flag=1 multi=4.0000 len=1023	ERR011349_MEGAHIT_TaxVamb.11
k79_1932 flag=1 multi=4.0000 len=1077	ERR011349_MEGAHIT_TaxVamb.11
k79_10780 flag=1 multi=4.0000 len=1103	ERR011349_MEGAHIT_TaxVamb.11
k79_33118 flag=1 multi=5.0000 len=1403	ERR011349_MEGAHIT_TaxVamb.11
k79_4087 flag=1 multi=5.0000 len=1181	ERR011349_MEGAHIT_TaxVamb.11
k79_19245 flag=1 multi=4.0000 len=1032	ERR011349_MEGAHIT_TaxVamb.11
k79_6499 flag=1 multi=4.0000 len=1014	ERR011349_MEGAHIT_TaxVamb.11
k79_20028 flag=1 multi=5.0000 len=2287	ERR011349_MEGAHIT_TaxVamb.11
k79_3888 flag=1 multi=4.0000 len=4091	ERR011349_MEGAHIT_TaxVamb.11
k79_2608 flag=1 multi=5.0000 len=1558	ERR011349_MEGAHIT_TaxVamb.11
k79_8105 flag=1 multi=5.0000 len=1249	ERR011349_MEGAHIT_TaxVamb.11
k79_13440 flag=1 multi=4.0000 len=1214	ERR011349_MEGAHIT_TaxVamb.11
k79_19541 flag=1 multi=5.0000 len=1141	ERR011349_MEGAHIT_TaxVamb.11
k79_15811 flag=1 multi=4.0000 len=2102	ERR011349_MEGAHIT_TaxVamb.11
k79_24912 flag=1 multi=5.0000 len=1163	ERR011349_MEGAHIT_TaxVamb.11
k79_6849 flag=1 multi=4.0000 len=1298	ERR011349_MEGAHIT_TaxVamb.11
k79_29039 flag=1 multi=4.0000 len=1234	ERR011349_MEGAHIT_TaxVamb.11
k79_3835 flag=1 multi=3.0000 len=1159	ERR011349_MEGAHIT_TaxVamb.11
k79_19182 flag=1 multi=3.0000 len=1234	ERR011349_MEGAHIT_TaxVamb.11
k79_11127 flag=1 multi=4.0000 len=1573	ERR011349_MEGAHIT_TaxVamb.11
k79_31702 flag=1 multi=4.0000 len=1499	ERR011349_MEGAHIT_TaxVamb.11
k79_759 flag=1 multi=5.0000 len=1610	ERR011349_MEGAHIT_TaxVamb.11
k79_24314 flag=1 multi=4.0000 len=1221	ERR011349_MEGAHIT_TaxVamb.11
k79_23618 flag=1 multi=4.0000 len=1318	ERR011349_MEGAHIT_TaxVamb.11
k79_6387 flag=1 multi=4.0000 len=1319	ERR011349_MEGAHIT_TaxVamb.11
k79_30101 flag=1 multi=3.0000 len=1076	ERR011349_MEGAHIT_TaxVamb.11
k79_36678 flag=1 multi=3.0000 len=1417	ERR011349_MEGAHIT_TaxVamb.11
k79_989 flag=1 multi=4.0000 len=1939	ERR011349_MEGAHIT_TaxVamb.11
k79_2392 flag=1 multi=5.0000 len=1742	ERR011349_MEGAHIT_TaxVamb.11
k79_4034 flag=1 multi=4.0000 len=1070	ERR011349_MEGAHIT_TaxVamb.11
k79_27994 flag=1 multi=5.0000 len=1082	ERR011349_MEGAHIT_TaxVamb.11
k79_16379 flag=1 multi=5.0000 len=2239	ERR011349_MEGAHIT_TaxVamb.11
k79_26096 flag=1 multi=4.0000 len=1197	ERR011349_MEGAHIT_TaxVamb.11
k79_5566 flag=1 multi=5.0000 len=1206	ERR011349_MEGAHIT_TaxVamb.11
k79_21586 flag=1 multi=4.0000 len=1371	ERR011349_MEGAHIT_TaxVamb.11
k79_26395 flag=1 multi=4.0000 len=2243	ERR011349_MEGAHIT_TaxVamb.11
k79_16159 flag=1 multi=3.0000 len=1255	ERR011349_MEGAHIT_TaxVamb.11
k79_33654 flag=1 multi=2.0000 len=1074	ERR011349_MEGAHIT_TaxVamb.11
k79_21763 flag=1 multi=5.0000 len=1611	ERR011349_MEGAHIT_TaxVamb.11
k79_23085 flag=1 multi=4.0000 len=1178	ERR011349_MEGAHIT_TaxVamb.11
k79_3964 flag=1 multi=4.0000 len=1390	ERR011349_MEGAHIT_TaxVamb.11
k79_29184 flag=1 multi=4.0000 len=1119	ERR011349_MEGAHIT_TaxVamb.11
k79_35261 flag=1 multi=5.0000 len=1314	ERR011349_MEGAHIT_TaxVamb.11
k79_9466 flag=1 multi=4.0000 len=1911	ERR011349_MEGAHIT_TaxVamb.11
k79_2133 flag=1 multi=7.0000 len=3587	ERR011349_MEGAHIT_TaxVamb.11
k79_8050 flag=1 multi=4.0000 len=1312	ERR011349_MEGAHIT_TaxVamb.11
k79_30784 flag=1 multi=4.0000 len=1574	ERR011349_MEGAHIT_TaxVamb.11
k79_13805 flag=1 multi=5.0000 len=1208	ERR011349_MEGAHIT_TaxVamb.11
k79_24040 flag=1 multi=4.0000 len=1320	ERR011349_MEGAHIT_TaxVamb.11
k79_33855 flag=1 multi=3.0000 len=1007	ERR011349_MEGAHIT_TaxVamb.11
k79_34614 flag=1 multi=9.0000 len=1300	ERR011349_MEGAHIT_TaxVamb.11
k79_11890 flag=1 multi=5.0000 len=1010	ERR011349_MEGAHIT_TaxVamb.11
k79_25312 flag=1 multi=6.0000 len=1260	ERR011349_MEGAHIT_TaxVamb.11
k79_30573 flag=1 multi=3.0000 len=1112	ERR011349_MEGAHIT_TaxVamb.11
k79_36315 flag=1 multi=4.0000 len=1102	ERR011349_MEGAHIT_TaxVamb.11
k79_15095 flag=1 multi=6.0000 len=1380	ERR011349_MEGAHIT_TaxVamb.11
k79_25640 flag=1 multi=4.0000 len=1957	ERR011349_MEGAHIT_TaxVamb.11
k79_4661 flag=1 multi=5.0000 len=1086	ERR011349_MEGAHIT_TaxVamb.11
k79_7804 flag=1 multi=6.0000 len=1890	ERR011349_MEGAHIT_TaxVamb.11
k79_17972 flag=1 multi=5.0000 len=2435	ERR011349_MEGAHIT_TaxVamb.11
k79_16131 flag=1 multi=4.0000 len=1029	ERR011349_MEGAHIT_TaxVamb.11
k79_12018 flag=1 multi=8.0000 len=1958	ERR011349_MEGAHIT_TaxVamb.11
k79_18289 flag=1 multi=5.0000 len=2887	ERR011349_MEGAHIT_TaxVamb.11
k79_30558 flag=1 multi=4.0000 len=1206	ERR011349_MEGAHIT_TaxVamb.11
k79_25263 flag=1 multi=5.0000 len=1981	ERR011349_MEGAHIT_TaxVamb.11
k79_3913 flag=1 multi=5.0000 len=1055	ERR011349_MEGAHIT_TaxVamb.11
k79_12279 flag=1 multi=4.0000 len=1076	ERR011349_MEGAHIT_TaxVamb.11
k79_12623 flag=1 multi=6.0000 len=1788	ERR011349_MEGAHIT_TaxVamb.11
k79_31862 flag=1 multi=4.0000 len=1207	ERR011349_MEGAHIT_TaxVamb.11
k79_14098 flag=1 multi=4.0000 len=1217	ERR011349_MEGAHIT_TaxVamb.11
k79_18905 flag=1 multi=4.0000 len=1046	ERR011349_MEGAHIT_TaxVamb.11
k79_9046 flag=1 multi=4.0000 len=1099	ERR011349_MEGAHIT_TaxVamb.11
k79_30628 flag=1 multi=5.0000 len=1306	ERR011349_MEGAHIT_TaxVamb.11
k79_32170 flag=1 multi=4.0000 len=2118	ERR011349_MEGAHIT_TaxVamb.11
k79_12047 flag=1 multi=3.0000 len=1212	ERR011349_MEGAHIT_TaxVamb.11
k79_11084 flag=1 multi=5.0000 len=1181	ERR011349_MEGAHIT_TaxVamb.11
k79_12835 flag=1 multi=3.0000 len=1243	ERR011349_MEGAHIT_TaxVamb.11
k79_4242 flag=1 multi=9.0000 len=1176	ERR011349_MEGAHIT_TaxVamb.11
k79_13765 flag=1 multi=4.0000 len=1253	ERR011349_MEGAHIT_TaxVamb.11
k79_2152 flag=1 multi=6.0000 len=1271	ERR011349_MEGAHIT_TaxVamb.11
k79_8262 flag=1 multi=4.0000 len=1526	ERR011349_MEGAHIT_TaxVamb.11
k79_2382 flag=1 multi=4.0000 len=2061	ERR011349_MEGAHIT_TaxVamb.11
k79_13641 flag=1 multi=5.0000 len=1276	ERR011349_MEGAHIT_TaxVamb.11
k79_7719 flag=1 multi=5.0000 len=2380	ERR011349_MEGAHIT_TaxVamb.11
k79_11861 flag=1 multi=4.0000 len=1232	ERR011349_MEGAHIT_TaxVamb.11
k79_21633 flag=1 multi=4.0000 len=1147	ERR011349_MEGAHIT_TaxVamb.11
k79_5274 flag=1 multi=5.0000 len=1132	ERR011349_MEGAHIT_TaxVamb.11
k79_3420 flag=1 multi=4.0000 len=1609	ERR011349_MEGAHIT_TaxVamb.11
k79_32465 flag=1 multi=5.0000 len=1098	ERR011349_MEGAHIT_TaxVamb.11
k79_9066 flag=1 multi=6.8807 len=1538	ERR011349_MEGAHIT_TaxVamb.11
k79_3214 flag=1 multi=3.0000 len=1080	ERR011349_MEGAHIT_TaxVamb.11
k79_21229 flag=1 multi=4.0000 len=1352	ERR011349_MEGAHIT_TaxVamb.11
k79_17573 flag=1 multi=6.0000 len=1653	ERR011349_MEGAHIT_TaxVamb.11
k79_9503 flag=1 multi=3.0000 len=1027	ERR011349_MEGAHIT_TaxVamb.11
k79_6669 flag=1 multi=4.0000 len=1396	ERR011349_MEGAHIT_TaxVamb.11
k79_11882 flag=1 multi=4.0000 len=1039	ERR011349_MEGAHIT_TaxVamb.11
k79_14814 flag=1 multi=4.0000 len=1171	ERR011349_MEGAHIT_TaxVamb.11
k79_35890 flag=1 multi=4.0000 len=1787	ERR011349_MEGAHIT_TaxVamb.11
k79_2703 flag=1 multi=5.0000 len=1113	ERR011349_MEGAHIT_TaxVamb.11
k79_32244 flag=1 multi=4.0000 len=1297	ERR011349_MEGAHIT_TaxVamb.11
k79_9628 flag=1 multi=4.0000 len=1849	ERR011349_MEGAHIT_TaxVamb.11
k79_16101 flag=1 multi=4.0000 len=1411	ERR011349_MEGAHIT_TaxVamb.11
k79_6915 flag=1 multi=5.0000 len=1386	ERR011349_MEGAHIT_TaxVamb.11
k79_2830 flag=1 multi=7.0000 len=2605	ERR011349_MEGAHIT_TaxVamb.11
k79_14910 flag=1 multi=7.0000 len=1093	ERR011349_MEGAHIT_TaxVamb.11
k79_23438 flag=1 multi=3.0000 len=1422	ERR011349_MEGAHIT_TaxVamb.11
k79_35888 flag=1 multi=6.0000 len=1096	ERR011349_MEGAHIT_TaxVamb.11
k79_3777 flag=1 multi=3.0000 len=1381	ERR011349_MEGAHIT_TaxVamb.11
k79_10916 flag=1 multi=5.0000 len=1259	ERR011349_MEGAHIT_TaxVamb.11
k79_31583 flag=1 multi=5.0000 len=1428	ERR011349_MEGAHIT_TaxVamb.11
k79_29116 flag=1 multi=5.0000 len=1125	ERR011349_MEGAHIT_TaxVamb.11
k79_22707 flag=1 multi=5.0000 len=1240	ERR011349_MEGAHIT_TaxVamb.11
k79_5560 flag=1 multi=4.0000 len=1323	ERR011349_MEGAHIT_TaxVamb.11
k79_22685 flag=1 multi=3.0000 len=1241	ERR011349_MEGAHIT_TaxVamb.11
k79_6151 flag=1 multi=6.0000 len=1554	ERR011349_MEGAHIT_TaxVamb.11
k79_33170 flag=1 multi=4.0000 len=1615	ERR011349_MEGAHIT_TaxVamb.11
k79_18594 flag=1 multi=5.0000 len=1042	ERR011349_MEGAHIT_TaxVamb.11
k79_26702 flag=1 multi=6.0000 len=1003	ERR011349_MEGAHIT_TaxVamb.11
k79_20052 flag=1 multi=4.0000 len=1019	ERR011349_MEGAHIT_TaxVamb.11
k79_4984 flag=1 multi=5.0000 len=1063	ERR011349_MEGAHIT_TaxVamb.11
k79_9974 flag=1 multi=4.0000 len=2253	ERR011349_MEGAHIT_TaxVamb.11
k79_15416 flag=1 multi=4.0000 len=1314	ERR011349_MEGAHIT_TaxVamb.11
k79_15627 flag=1 multi=9.0000 len=2491	ERR011349_MEGAHIT_TaxVamb.11
k79_20466 flag=1 multi=5.0000 len=1074	ERR011349_MEGAHIT_TaxVamb.11
k79_36454 flag=1 multi=3.0000 len=2054	ERR011349_MEGAHIT_TaxVamb.11
k79_19874 flag=1 multi=5.0000 len=1590	ERR011349_MEGAHIT_TaxVamb.11
k79_20437 flag=1 multi=5.0000 len=1001	ERR011349_MEGAHIT_TaxVamb.11
k79_21078 flag=1 multi=4.0000 len=1717	ERR011349_MEGAHIT_TaxVamb.11
k79_22580 flag=1 multi=5.0000 len=1743	ERR011349_MEGAHIT_TaxVamb.11
k79_32307 flag=1 multi=6.0000 len=1575	ERR011349_MEGAHIT_TaxVamb.11
k79_21548 flag=1 multi=4.0000 len=1128	ERR011349_MEGAHIT_TaxVamb.11
k79_15861 flag=1 multi=4.0000 len=1138	ERR011349_MEGAHIT_TaxVamb.11
k79_29749 flag=1 multi=3.0000 len=1085	ERR011349_MEGAHIT_TaxVamb.11
k79_36466 flag=1 multi=5.0000 len=1236	ERR011349_MEGAHIT_TaxVamb.11
k79_21219 flag=1 multi=3.0000 len=1920	ERR011349_MEGAHIT_TaxVamb.11
k79_4010 flag=1 multi=4.0000 len=1500	ERR011349_MEGAHIT_TaxVamb.11
k79_8846 flag=1 multi=4.0000 len=1671	ERR011349_MEGAHIT_TaxVamb.11
k79_12903 flag=1 multi=4.0000 len=1850	ERR011349_MEGAHIT_TaxVamb.11
k79_24841 flag=1 multi=4.0000 len=1050	ERR011349_MEGAHIT_TaxVamb.11
k79_21418 flag=1 multi=4.0000 len=1073	ERR011349_MEGAHIT_TaxVamb.11
k79_8393 flag=1 multi=7.0000 len=1324	ERR011349_MEGAHIT_TaxVamb.11
k79_3295 flag=1 multi=4.0000 len=1252	ERR011349_MEGAHIT_TaxVamb.11
k79_17280 flag=1 multi=4.0000 len=1268	ERR011349_MEGAHIT_TaxVamb.11
k79_12446 flag=1 multi=5.0000 len=1706	ERR011349_MEGAHIT_TaxVamb.11
k79_32775 flag=1 multi=4.0000 len=1059	ERR011349_MEGAHIT_TaxVamb.11
k79_1384 flag=1 multi=5.0000 len=2279	ERR011349_MEGAHIT_TaxVamb.11
k79_22217 flag=1 multi=5.0000 len=2430	ERR011349_MEGAHIT_TaxVamb.11
k79_22339 flag=1 multi=4.0000 len=1644	ERR011349_MEGAHIT_TaxVamb.11
k79_12244 flag=1 multi=4.0000 len=1082	ERR011349_MEGAHIT_TaxVamb.11
k79_4870 flag=1 multi=3.0000 len=1105	ERR011349_MEGAHIT_TaxVamb.11
k79_11200 flag=1 multi=3.0000 len=1446	ERR011349_MEGAHIT_TaxVamb.11
k79_23336 flag=1 multi=4.0000 len=1070	ERR011349_MEGAHIT_TaxVamb.11
k79_18475 flag=1 multi=4.0000 len=1197	ERR011349_MEGAHIT_TaxVamb.11
k79_10230 flag=1 multi=5.0000 len=1002	ERR011349_MEGAHIT_TaxVamb.11
k79_33477 flag=1 multi=5.0000 len=1783	ERR011349_MEGAHIT_TaxVamb.11
k79_14084 flag=1 multi=4.0000 len=1015	ERR011349_MEGAHIT_TaxVamb.11
k79_10382 flag=1 multi=4.0000 len=1039	ERR011349_MEGAHIT_TaxVamb.11
k79_14924 flag=1 multi=4.0000 len=1183	ERR011349_MEGAHIT_TaxVamb.11
k79_11102 flag=1 multi=4.0000 len=1145	ERR011349_MEGAHIT_TaxVamb.11
k79_29885 flag=1 multi=5.0000 len=1171	ERR011349_MEGAHIT_TaxVamb.11
k79_32968 flag=1 multi=4.0000 len=1408	ERR011349_MEGAHIT_TaxVamb.11
k79_12715 flag=1 multi=5.0000 len=1021	ERR011349_MEGAHIT_TaxVamb.11
k79_35919 flag=1 multi=5.0000 len=1196	ERR011349_MEGAHIT_TaxVamb.11
k79_17600 flag=1 multi=5.0000 len=1428	ERR011349_MEGAHIT_TaxVamb.11
k79_4193 flag=1 multi=5.0000 len=1413	ERR011349_MEGAHIT_TaxVamb.11
k79_18021 flag=1 multi=5.0000 len=1737	ERR011349_MEGAHIT_TaxVamb.11
k79_27193 flag=1 multi=5.0000 len=1727	ERR011349_MEGAHIT_TaxVamb.11
k79_11071 flag=1 multi=4.0000 len=1739	ERR011349_MEGAHIT_TaxVamb.11
k79_36000 flag=1 multi=4.0000 len=1028	ERR011349_MEGAHIT_TaxVamb.11
k79_26783 flag=1 multi=3.0000 len=1135	ERR011349_MEGAHIT_TaxVamb.11
k79_29404 flag=1 multi=5.0000 len=1690	ERR011349_MEGAHIT_TaxVamb.11
k79_6468 flag=1 multi=4.0000 len=1288	ERR011349_MEGAHIT_TaxVamb.11
k79_33473 flag=1 multi=4.0000 len=2669	ERR011349_MEGAHIT_TaxVamb.11
k79_8199 flag=1 multi=3.0000 len=1152	ERR011349_MEGAHIT_TaxVamb.11
k79_11557 flag=1 multi=3.0000 len=1176	ERR011349_MEGAHIT_TaxVamb.11
k79_17168 flag=1 multi=5.0000 len=1185	ERR011349_MEGAHIT_TaxVamb.11
k79_23872 flag=1 multi=4.0000 len=1301	ERR011349_MEGAHIT_TaxVamb.11
k79_11613 flag=1 multi=3.0000 len=1730	ERR011349_MEGAHIT_TaxVamb.11
k79_36046 flag=1 multi=4.0000 len=1176	ERR011349_MEGAHIT_TaxVamb.11
k79_9873 flag=1 multi=4.0000 len=1160	ERR011349_MEGAHIT_TaxVamb.11
k79_3341 flag=1 multi=4.0000 len=1014	ERR011349_MEGAHIT_TaxVamb.11
k79_33175 flag=1 multi=4.0000 len=2456	ERR011349_MEGAHIT_TaxVamb.11
k79_2313 flag=1 multi=6.0000 len=1293	ERR011349_MEGAHIT_TaxVamb.11
k79_3545 flag=1 multi=5.0000 len=1191	ERR011349_MEGAHIT_TaxVamb.11
k79_4673 flag=1 multi=6.0000 len=1033	ERR011349_MEGAHIT_TaxVamb.11
k79_26285 flag=1 multi=4.0000 len=1215	ERR011349_MEGAHIT_TaxVamb.11
k79_32341 flag=1 multi=4.0000 len=1717	ERR011349_MEGAHIT_TaxVamb.11
k79_18842 flag=1 multi=4.0000 len=2249	ERR011349_MEGAHIT_TaxVamb.11
k79_18276 flag=1 multi=3.0000 len=1027	ERR011349_MEGAHIT_TaxVamb.11
k79_10136 flag=1 multi=5.0000 len=1502	ERR011349_MEGAHIT_TaxVamb.11
k79_35082 flag=1 multi=4.0000 len=1109	ERR011349_MEGAHIT_TaxVamb.11
k79_6606 flag=1 multi=4.0000 len=1381	ERR011349_MEGAHIT_TaxVamb.11
k79_32644 flag=1 multi=3.0000 len=1172	ERR011349_MEGAHIT_TaxVamb.11
k79_20686 flag=1 multi=11.0000 len=1903	ERR011349_MEGAHIT_TaxVamb.11
k79_23909 flag=1 multi=5.0000 len=1047	ERR011349_MEGAHIT_TaxVamb.11
k79_13757 flag=1 multi=5.0000 len=1702	ERR011349_MEGAHIT_TaxVamb.11
k79_5658 flag=1 multi=5.0000 len=2182	ERR011349_MEGAHIT_TaxVamb.11
k79_35912 flag=1 multi=4.0000 len=1610	ERR011349_MEGAHIT_TaxVamb.11
k79_6062 flag=1 multi=5.0000 len=1060	ERR011349_MEGAHIT_TaxVamb.11
k79_3857 flag=1 multi=4.0000 len=1720	ERR011349_MEGAHIT_TaxVamb.11
k79_18430 flag=1 multi=5.0000 len=1629	ERR011349_MEGAHIT_TaxVamb.11
k79_31461 flag=1 multi=4.0000 len=1802	ERR011349_MEGAHIT_TaxVamb.11
k79_18140 flag=1 multi=3.0000 len=1065	ERR011349_MEGAHIT_TaxVamb.11
k79_11779 flag=1 multi=4.0000 len=1102	ERR011349_MEGAHIT_TaxVamb.11
k79_5370 flag=1 multi=4.0000 len=1161	ERR011349_MEGAHIT_TaxVamb.11
k79_5294 flag=1 multi=4.0000 len=1065	ERR011349_MEGAHIT_TaxVamb.11
k79_13989 flag=1 multi=4.0000 len=1055	ERR011349_MEGAHIT_TaxVamb.11
k79_23934 flag=1 multi=4.0000 len=1129	ERR011349_MEGAHIT_TaxVamb.11
k79_24743 flag=1 multi=5.0000 len=1843	ERR011349_MEGAHIT_TaxVamb.11
k79_29130 flag=1 multi=5.0000 len=2038	ERR011349_MEGAHIT_TaxVamb.11
k79_11327 flag=1 multi=4.0000 len=1846	ERR011349_MEGAHIT_TaxVamb.11
k79_34729 flag=1 multi=3.0000 len=1898	ERR011349_MEGAHIT_TaxVamb.11
k79_12330 flag=1 multi=3.0000 len=1682	ERR011349_MEGAHIT_TaxVamb.11
k79_7414 flag=1 multi=6.0000 len=1102	ERR011349_MEGAHIT_TaxVamb.11
k79_26811 flag=1 multi=5.0000 len=1936	ERR011349_MEGAHIT_TaxVamb.11
k79_25810 flag=1 multi=4.0000 len=1771	ERR011349_MEGAHIT_TaxVamb.11
k79_23971 flag=1 multi=4.0000 len=1170	ERR011349_MEGAHIT_TaxVamb.11
k79_21287 flag=1 multi=4.0000 len=1065	ERR011349_MEGAHIT_TaxVamb.11
k79_3600 flag=1 multi=4.0000 len=1523	ERR011349_MEGAHIT_TaxVamb.11
k79_3921 flag=1 multi=6.0000 len=2169	ERR011349_MEGAHIT_TaxVamb.11
k79_33683 flag=1 multi=5.0000 len=1022	ERR011349_MEGAHIT_TaxVamb.11
k79_22122 flag=1 multi=4.0000 len=1068	ERR011349_MEGAHIT_TaxVamb.11
k79_21483 flag=1 multi=3.0000 len=1278	ERR011349_MEGAHIT_TaxVamb.11
k79_2888 flag=1 multi=4.0000 len=1059	ERR011349_MEGAHIT_TaxVamb.11
k79_32750 flag=1 multi=4.0000 len=1269	ERR011349_MEGAHIT_TaxVamb.11
k79_22512 flag=1 multi=4.0000 len=1612	ERR011349_MEGAHIT_TaxVamb.11
k79_27377 flag=1 multi=6.0000 len=1027	ERR011349_MEGAHIT_TaxVamb.11
k79_25379 flag=1 multi=6.0000 len=1439	ERR011349_MEGAHIT_TaxVamb.11
k79_24244 flag=1 multi=5.0000 len=1228	ERR011349_MEGAHIT_TaxVamb.11
k79_20964 flag=1 multi=6.0000 len=2411	ERR011349_MEGAHIT_TaxVamb.11
k79_30064 flag=1 multi=4.0000 len=2010	ERR011349_MEGAHIT_TaxVamb.11
k79_35999 flag=1 multi=5.0000 len=1173	ERR011349_MEGAHIT_TaxVamb.11
k79_14714 flag=1 multi=4.0000 len=1224	ERR011349_MEGAHIT_TaxVamb.11
k79_23058 flag=1 multi=5.0000 len=1336	ERR011349_MEGAHIT_TaxVamb.11
k79_20105 flag=1 multi=4.5376 len=1022	ERR011349_MEGAHIT_TaxVamb.11
k79_28733 flag=1 multi=4.0000 len=2106	ERR011349_MEGAHIT_TaxVamb.11
k79_26358 flag=1 multi=5.0000 len=1595	ERR011349_MEGAHIT_TaxVamb.11
k79_35962 flag=1 multi=4.0000 len=1747	ERR011349_MEGAHIT_TaxVamb.11
k79_15893 flag=1 multi=7.0000 len=1526	ERR011349_MEGAHIT_TaxVamb.11
k79_33786 flag=1 multi=4.0000 len=1403	ERR011349_MEGAHIT_TaxVamb.11
k79_3709 flag=1 multi=4.0000 len=1249	ERR011349_MEGAHIT_TaxVamb.11
k79_18772 flag=1 multi=4.0000 len=1026	ERR011349_MEGAHIT_TaxVamb.11
k79_30846 flag=1 multi=4.0000 len=1491	ERR011349_MEGAHIT_TaxVamb.11
k79_8234 flag=1 multi=5.0000 len=1706	ERR011349_MEGAHIT_TaxVamb.11
k79_25097 flag=1 multi=5.0000 len=1676	ERR011349_MEGAHIT_TaxVamb.11
k79_6853 flag=1 multi=5.0000 len=1150	ERR011349_MEGAHIT_TaxVamb.11
k79_12557 flag=1 multi=4.0000 len=1136	ERR011349_MEGAHIT_TaxVamb.11
k79_31198 flag=1 multi=5.0000 len=1131	ERR011349_MEGAHIT_TaxVamb.11
k79_29992 flag=1 multi=4.0000 len=1104	ERR011349_MEGAHIT_TaxVamb.11
k79_8726 flag=1 multi=3.0000 len=1171	ERR011349_MEGAHIT_TaxVamb.11
k79_28750 flag=1 multi=5.0000 len=1071	ERR011349_MEGAHIT_TaxVamb.11
k79_17861 flag=1 multi=5.0000 len=2415	ERR011349_MEGAHIT_TaxVamb.11
k79_15142 flag=1 multi=4.0000 len=1306	ERR011349_MEGAHIT_TaxVamb.11
k79_17896 flag=1 multi=4.0000 len=1498	ERR011349_MEGAHIT_TaxVamb.11
k79_2768 flag=1 multi=5.0000 len=1307	ERR011349_MEGAHIT_TaxVamb.11
k79_27530 flag=1 multi=8.0000 len=1713	ERR011349_MEGAHIT_TaxVamb.11
k79_21847 flag=1 multi=5.0000 len=1504	ERR011349_MEGAHIT_TaxVamb.11
k79_4816 flag=1 multi=7.0000 len=1200	ERR011349_MEGAHIT_TaxVamb.11
k79_28934 flag=1 multi=4.0000 len=1542	ERR011349_MEGAHIT_TaxVamb.11
k79_36171 flag=1 multi=6.0000 len=1455	ERR011349_MEGAHIT_TaxVamb.11
k79_8632 flag=1 multi=5.0000 len=1229	ERR011349_MEGAHIT_TaxVamb.11
k79_14833 flag=1 multi=4.0000 len=1424	ERR011349_MEGAHIT_TaxVamb.11
k79_14097 flag=1 multi=5.0000 len=3125	ERR011349_MEGAHIT_TaxVamb.11
k79_29059 flag=1 multi=4.0000 len=1084	ERR011349_MEGAHIT_TaxVamb.11
k79_6077 flag=1 multi=3.0000 len=1113	ERR011349_MEGAHIT_TaxVamb.11
k79_7430 flag=1 multi=5.0000 len=1045	ERR011349_MEGAHIT_TaxVamb.11
k79_12187 flag=1 multi=7.0000 len=1145	ERR011349_MEGAHIT_TaxVamb.11
k79_26155 flag=1 multi=5.0000 len=1385	ERR011349_MEGAHIT_TaxVamb.11
k79_18727 flag=1 multi=4.0000 len=1344	ERR011349_MEGAHIT_TaxVamb.11
k79_1431 flag=1 multi=5.0000 len=1865	ERR011349_MEGAHIT_TaxVamb.11
k79_34789 flag=1 multi=3.0000 len=1175	ERR011349_MEGAHIT_TaxVamb.11
k79_3310 flag=1 multi=5.0000 len=1644	ERR011349_MEGAHIT_TaxVamb.11
k79_17457 flag=1 multi=4.0000 len=1958	ERR011349_MEGAHIT_TaxVamb.11
k79_13083 flag=1 multi=4.0000 len=1015	ERR011349_MEGAHIT_TaxVamb.11
k79_36570 flag=1 multi=4.0000 len=1290	ERR011349_MEGAHIT_TaxVamb.11
k79_14526 flag=1 multi=4.0000 len=1974	ERR011349_MEGAHIT_TaxVamb.11
k79_33950 flag=1 multi=5.0000 len=1871	ERR011349_MEGAHIT_TaxVamb.11
k79_2062 flag=1 multi=4.0000 len=1841	ERR011349_MEGAHIT_TaxVamb.11
k79_29569 flag=1 multi=4.0000 len=1005	ERR011349_MEGAHIT_TaxVamb.11
k79_6973 flag=1 multi=5.0000 len=1061	ERR011349_MEGAHIT_TaxVamb.11
k79_8547 flag=1 multi=4.0000 len=1077	ERR011349_MEGAHIT_TaxVamb.11
k79_17691 flag=1 multi=7.0000 len=1803	ERR011349_MEGAHIT_TaxVamb.11
k79_25936 flag=1 multi=4.0000 len=1192	ERR011349_MEGAHIT_TaxVamb.11
k79_31838 flag=1 multi=4.0000 len=1071	ERR011349_MEGAHIT_TaxVamb.11
k79_32846 flag=1 multi=4.0000 len=1078	ERR011349_MEGAHIT_TaxVamb.11
k79_847 flag=1 multi=5.0000 len=2269	ERR011349_MEGAHIT_TaxVamb.11
k79_30161 flag=1 multi=5.0000 len=1152	ERR011349_MEGAHIT_TaxVamb.11
k79_24188 flag=1 multi=5.0000 len=1184	ERR011349_MEGAHIT_TaxVamb.11
k79_7086 flag=1 multi=5.0000 len=1364	ERR011349_MEGAHIT_TaxVamb.120
k79_36186 flag=1 multi=5.0000 len=1285	ERR011349_MEGAHIT_TaxVamb.121
k79_8114 flag=1 multi=4.0000 len=1184	ERR011349_MEGAHIT_TaxVamb.122
k79_2159 flag=1 multi=4.9162 len=1129	ERR011349_MEGAHIT_TaxVamb.123
k79_25491 flag=1 multi=4.0000 len=1127	ERR011349_MEGAHIT_TaxVamb.124
k79_12348 flag=1 multi=6.0000 len=1048	ERR011349_MEGAHIT_TaxVamb.125
k79_3167 flag=1 multi=4.0000 len=1038	ERR011349_MEGAHIT_TaxVamb.126
k79_4596 flag=1 multi=5.0000 len=1289	ERR011349_MEGAHIT_TaxVamb.127
k79_27655 flag=1 multi=3.0000 len=1149	ERR011349_MEGAHIT_TaxVamb.127
k79_7272 flag=1 multi=4.0000 len=1047	ERR011349_MEGAHIT_TaxVamb.127
k79_12323 flag=1 multi=123.2792 len=4971	ERR011349_MEGAHIT_TaxVamb.12
k79_29293 flag=1 multi=17.0000 len=2204	ERR011349_MEGAHIT_TaxVamb.12
k79_24662 flag=1 multi=13.0000 len=2152	ERR011349_MEGAHIT_TaxVamb.12
k79_18349 flag=1 multi=10.0000 len=2124	ERR011349_MEGAHIT_TaxVamb.12
k79_18696 flag=1 multi=4.0000 len=1007	ERR011349_MEGAHIT_TaxVamb.12
k79_23362 flag=1 multi=10.0295 len=1097	ERR011349_MEGAHIT_TaxVamb.12
k79_31915 flag=1 multi=6.0000 len=1580	ERR011349_MEGAHIT_TaxVamb.12
k79_15423 flag=1 multi=14.0000 len=1105	ERR011349_MEGAHIT_TaxVamb.12
k79_12235 flag=1 multi=4.0000 len=2121	ERR011349_MEGAHIT_TaxVamb.12
k79_28804 flag=1 multi=11.0000 len=3526	ERR011349_MEGAHIT_TaxVamb.12
k79_17981 flag=1 multi=6.0000 len=1414	ERR011349_MEGAHIT_TaxVamb.12
k79_8853 flag=1 multi=12.0000 len=1656	ERR011349_MEGAHIT_TaxVamb.12
k79_36742 flag=1 multi=9.5892 len=4617	ERR011349_MEGAHIT_TaxVamb.12
k79_9004 flag=1 multi=4.0000 len=1116	ERR011349_MEGAHIT_TaxVamb.12
k79_8228 flag=1 multi=8.0000 len=1244	ERR011349_MEGAHIT_TaxVamb.12
k79_5449 flag=1 multi=10.0000 len=1206	ERR011349_MEGAHIT_TaxVamb.12
k79_15655 flag=1 multi=5.0000 len=1518	ERR011349_MEGAHIT_TaxVamb.12
k79_18125 flag=1 multi=5.0000 len=1696	ERR011349_MEGAHIT_TaxVamb.12
k79_30655 flag=1 multi=6.0000 len=1876	ERR011349_MEGAHIT_TaxVamb.12
k79_5824 flag=1 multi=15.0000 len=1453	ERR011349_MEGAHIT_TaxVamb.12
k79_23559 flag=1 multi=3.0000 len=1103	ERR011349_MEGAHIT_TaxVamb.12
k79_35767 flag=1 multi=12.0000 len=1524	ERR011349_MEGAHIT_TaxVamb.12
k79_28706 flag=1 multi=4.0000 len=1019	ERR011349_MEGAHIT_TaxVamb.12
k79_17049 flag=1 multi=7.0000 len=1756	ERR011349_MEGAHIT_TaxVamb.12
k79_22258 flag=1 multi=5.0000 len=1017	ERR011349_MEGAHIT_TaxVamb.12
k79_35117 flag=1 multi=6.6833 len=1121	ERR011349_MEGAHIT_TaxVamb.12
k79_24152 flag=1 multi=7.0000 len=1349	ERR011349_MEGAHIT_TaxVamb.12
k79_29008 flag=1 multi=13.0000 len=1893	ERR011349_MEGAHIT_TaxVamb.12
k79_12022 flag=1 multi=18.0000 len=1969	ERR011349_MEGAHIT_TaxVamb.12
k79_6216 flag=1 multi=5.0000 len=1658	ERR011349_MEGAHIT_TaxVamb.12
k79_23373 flag=1 multi=7.0000 len=1960	ERR011349_MEGAHIT_TaxVamb.12
k79_33210 flag=1 multi=20.0000 len=1461	ERR011349_MEGAHIT_TaxVamb.12
k79_12307 flag=1 multi=7.0000 len=1865	ERR011349_MEGAHIT_TaxVamb.12
k79_8860 flag=1 multi=4.0000 len=1176	ERR011349_MEGAHIT_TaxVamb.12
k79_14979 flag=1 multi=14.0676 len=3243	ERR011349_MEGAHIT_TaxVamb.12
k79_13951 flag=1 multi=5.0000 len=1124	ERR011349_MEGAHIT_TaxVamb.12
k79_8238 flag=1 multi=11.0000 len=1160	ERR011349_MEGAHIT_TaxVamb.12
k79_7403 flag=1 multi=11.7662 len=1020	ERR011349_MEGAHIT_TaxVamb.12
k79_35806 flag=1 multi=16.0000 len=1204	ERR011349_MEGAHIT_TaxVamb.12
k79_15118 flag=1 multi=22.2694 len=2187	ERR011349_MEGAHIT_TaxVamb.12
k79_27702 flag=1 multi=5.0000 len=1701	ERR011349_MEGAHIT_TaxVamb.12
k79_19240 flag=1 multi=3.0000 len=1302	ERR011349_MEGAHIT_TaxVamb.12
k79_1019 flag=1 multi=13.0000 len=1339	ERR011349_MEGAHIT_TaxVamb.12
k79_34018 flag=1 multi=7.0000 len=1461	ERR011349_MEGAHIT_TaxVamb.12
k79_13916 flag=1 multi=9.0000 len=2049	ERR011349_MEGAHIT_TaxVamb.12
k79_858 flag=1 multi=7.0000 len=1005	ERR011349_MEGAHIT_TaxVamb.12
k79_28423 flag=1 multi=7.0000 len=1317	ERR011349_MEGAHIT_TaxVamb.12
k79_34207 flag=1 multi=13.0000 len=1895	ERR011349_MEGAHIT_TaxVamb.12
k79_21394 flag=1 multi=5.0000 len=1882	ERR011349_MEGAHIT_TaxVamb.12
k79_30618 flag=1 multi=11.6204 len=1354	ERR011349_MEGAHIT_TaxVamb.12
k79_36423 flag=1 multi=4.0000 len=1351	ERR011349_MEGAHIT_TaxVamb.12
k79_12514 flag=1 multi=10.0000 len=1736	ERR011349_MEGAHIT_TaxVamb.12
k79_9269 flag=1 multi=4.0000 len=1363	ERR011349_MEGAHIT_TaxVamb.12
k79_15226 flag=1 multi=23.0000 len=2151	ERR011349_MEGAHIT_TaxVamb.12
k79_5577 flag=1 multi=8.0000 len=1125	ERR011349_MEGAHIT_TaxVamb.12
k79_30189 flag=1 multi=6.8734 len=1027	ERR011349_MEGAHIT_TaxVamb.12
k79_17599 flag=1 multi=11.0000 len=2064	ERR011349_MEGAHIT_TaxVamb.12
k79_22813 flag=1 multi=8.0000 len=1004	ERR011349_MEGAHIT_TaxVamb.12
k79_24997 flag=1 multi=5.0000 len=1017	ERR011349_MEGAHIT_TaxVamb.12
k79_21851 flag=1 multi=10.0000 len=1085	ERR011349_MEGAHIT_TaxVamb.12
k79_33705 flag=1 multi=6.0000 len=2053	ERR011349_MEGAHIT_TaxVamb.12
k79_34194 flag=1 multi=14.0000 len=1663	ERR011349_MEGAHIT_TaxVamb.12
k79_36071 flag=1 multi=4.0000 len=1138	ERR011349_MEGAHIT_TaxVamb.12
k79_15512 flag=1 multi=7.7651 len=1718	ERR011349_MEGAHIT_TaxVamb.12
k79_12600 flag=1 multi=12.0000 len=2932	ERR011349_MEGAHIT_TaxVamb.12
k79_29234 flag=1 multi=5.0000 len=1190	ERR011349_MEGAHIT_TaxVamb.12
k79_24113 flag=1 multi=8.0000 len=1206	ERR011349_MEGAHIT_TaxVamb.12
k79_31323 flag=1 multi=5.0000 len=1242	ERR011349_MEGAHIT_TaxVamb.12
k79_33239 flag=1 multi=8.0000 len=1736	ERR011349_MEGAHIT_TaxVamb.12
k79_10428 flag=1 multi=16.9001 len=2212	ERR011349_MEGAHIT_TaxVamb.12
k79_33037 flag=1 multi=6.0000 len=2411	ERR011349_MEGAHIT_TaxVamb.12
k79_28119 flag=1 multi=17.0000 len=2328	ERR011349_MEGAHIT_TaxVamb.12
k79_16391 flag=1 multi=7.0000 len=2105	ERR011349_MEGAHIT_TaxVamb.12
k79_15285 flag=1 multi=4.0000 len=1234	ERR011349_MEGAHIT_TaxVamb.12
k79_30879 flag=1 multi=10.0000 len=1280	ERR011349_MEGAHIT_TaxVamb.12
k79_2001 flag=1 multi=5.0000 len=1227	ERR011349_MEGAHIT_TaxVamb.12
k79_8005 flag=1 multi=14.0000 len=1008	ERR011349_MEGAHIT_TaxVamb.12
k79_18137 flag=1 multi=17.0000 len=2115	ERR011349_MEGAHIT_TaxVamb.12
k79_20554 flag=1 multi=9.0000 len=1301	ERR011349_MEGAHIT_TaxVamb.12
k79_8255 flag=1 multi=10.0000 len=2354	ERR011349_MEGAHIT_TaxVamb.12
k79_32467 flag=1 multi=9.0000 len=1002	ERR011349_MEGAHIT_TaxVamb.12
k79_9791 flag=1 multi=6.0000 len=1394	ERR011349_MEGAHIT_TaxVamb.12
k79_19331 flag=1 multi=8.0000 len=2949	ERR011349_MEGAHIT_TaxVamb.12
k79_28725 flag=1 multi=18.0000 len=2080	ERR011349_MEGAHIT_TaxVamb.12
k79_19702 flag=1 multi=6.0000 len=2289	ERR011349_MEGAHIT_TaxVamb.12
k79_31380 flag=1 multi=5.0000 len=1789	ERR011349_MEGAHIT_TaxVamb.12
k79_29112 flag=1 multi=15.0000 len=1724	ERR011349_MEGAHIT_TaxVamb.12
k79_29534 flag=1 multi=14.0000 len=3919	ERR011349_MEGAHIT_TaxVamb.12
k79_45 flag=1 multi=14.0000 len=1512	ERR011349_MEGAHIT_TaxVamb.12
k79_6396 flag=1 multi=5.0000 len=1329	ERR011349_MEGAHIT_TaxVamb.12
k79_26828 flag=1 multi=10.0000 len=1082	ERR011349_MEGAHIT_TaxVamb.12
k79_5615 flag=1 multi=6.0000 len=1425	ERR011349_MEGAHIT_TaxVamb.12
k79_6412 flag=1 multi=15.0000 len=2605	ERR011349_MEGAHIT_TaxVamb.12
k79_10287 flag=1 multi=12.0000 len=1233	ERR011349_MEGAHIT_TaxVamb.12
k79_26675 flag=1 multi=9.0000 len=3557	ERR011349_MEGAHIT_TaxVamb.12
k79_4130 flag=1 multi=9.0000 len=1753	ERR011349_MEGAHIT_TaxVamb.12
k79_14274 flag=1 multi=6.0000 len=1807	ERR011349_MEGAHIT_TaxVamb.12
k79_29259 flag=0 multi=15.7085 len=1108	ERR011349_MEGAHIT_TaxVamb.12
k79_20124 flag=1 multi=4.0000 len=1274	ERR011349_MEGAHIT_TaxVamb.12
k79_32091 flag=1 multi=7.0000 len=1528	ERR011349_MEGAHIT_TaxVamb.12
k79_8596 flag=1 multi=6.0000 len=1498	ERR011349_MEGAHIT_TaxVamb.12
k79_521 flag=1 multi=5.0000 len=1281	ERR011349_MEGAHIT_TaxVamb.12
k79_992 flag=1 multi=5.0000 len=1195	ERR011349_MEGAHIT_TaxVamb.12
k79_7829 flag=1 multi=11.0000 len=2445	ERR011349_MEGAHIT_TaxVamb.12
k79_22360 flag=1 multi=11.0000 len=1309	ERR011349_MEGAHIT_TaxVamb.12
k79_36710 flag=1 multi=6.0000 len=1333	ERR011349_MEGAHIT_TaxVamb.12
k79_24341 flag=1 multi=10.0000 len=1823	ERR011349_MEGAHIT_TaxVamb.12
k79_32003 flag=1 multi=4.0000 len=1055	ERR011349_MEGAHIT_TaxVamb.12
k79_24532 flag=1 multi=4.0000 len=1122	ERR011349_MEGAHIT_TaxVamb.12
k79_1097 flag=1 multi=4.0000 len=1647	ERR011349_MEGAHIT_TaxVamb.12
k79_8633 flag=1 multi=4.0000 len=1845	ERR011349_MEGAHIT_TaxVamb.12
k79_31245 flag=1 multi=4.0000 len=1274	ERR011349_MEGAHIT_TaxVamb.12
k79_12891 flag=1 multi=6.0000 len=2285	ERR011349_MEGAHIT_TaxVamb.12
k79_34884 flag=1 multi=4.0000 len=1009	ERR011349_MEGAHIT_TaxVamb.12
k79_27727 flag=1 multi=6.0000 len=1642	ERR011349_MEGAHIT_TaxVamb.12
k79_7417 flag=1 multi=13.0000 len=1680	ERR011349_MEGAHIT_TaxVamb.12
k79_6259 flag=1 multi=4.0000 len=1124	ERR011349_MEGAHIT_TaxVamb.12
k79_24859 flag=1 multi=5.0000 len=1200	ERR011349_MEGAHIT_TaxVamb.12
k79_25170 flag=1 multi=4.0000 len=1004	ERR011349_MEGAHIT_TaxVamb.12
k79_19173 flag=1 multi=11.0000 len=1639	ERR011349_MEGAHIT_TaxVamb.12
k79_23173 flag=1 multi=10.0000 len=2396	ERR011349_MEGAHIT_TaxVamb.12
k79_15071 flag=1 multi=6.0000 len=1267	ERR011349_MEGAHIT_TaxVamb.12
k79_34168 flag=1 multi=5.0000 len=1317	ERR011349_MEGAHIT_TaxVamb.12
k79_30039 flag=1 multi=10.0000 len=8487	ERR011349_MEGAHIT_TaxVamb.12
k79_30070 flag=1 multi=3.0000 len=1196	ERR011349_MEGAHIT_TaxVamb.12
k79_19011 flag=1 multi=17.0000 len=1669	ERR011349_MEGAHIT_TaxVamb.12
k79_14968 flag=1 multi=18.0000 len=1301	ERR011349_MEGAHIT_TaxVamb.12
k79_28317 flag=1 multi=8.0000 len=1563	ERR011349_MEGAHIT_TaxVamb.12
k79_15018 flag=1 multi=7.0000 len=1395	ERR011349_MEGAHIT_TaxVamb.12
k79_23995 flag=1 multi=9.0000 len=1834	ERR011349_MEGAHIT_TaxVamb.12
k79_29790 flag=1 multi=4.0000 len=1021	ERR011349_MEGAHIT_TaxVamb.12
k79_14558 flag=1 multi=14.0000 len=1484	ERR011349_MEGAHIT_TaxVamb.12
k79_21442 flag=1 multi=10.0000 len=1205	ERR011349_MEGAHIT_TaxVamb.12
k79_34854 flag=1 multi=4.0000 len=2130	ERR011349_MEGAHIT_TaxVamb.12
k79_14020 flag=1 multi=14.0000 len=10850	ERR011349_MEGAHIT_TaxVamb.12
k79_6191 flag=1 multi=3.0000 len=1406	ERR011349_MEGAHIT_TaxVamb.12
k79_15487 flag=1 multi=6.0000 len=1120	ERR011349_MEGAHIT_TaxVamb.12
k79_24972 flag=1 multi=6.0000 len=1083	ERR011349_MEGAHIT_TaxVamb.12
k79_28812 flag=1 multi=7.0000 len=1268	ERR011349_MEGAHIT_TaxVamb.12
k79_23920 flag=1 multi=6.0000 len=1347	ERR011349_MEGAHIT_TaxVamb.12
k79_34483 flag=1 multi=8.0000 len=1552	ERR011349_MEGAHIT_TaxVamb.12
k79_8064 flag=1 multi=5.0000 len=1062	ERR011349_MEGAHIT_TaxVamb.12
k79_902 flag=1 multi=4.0000 len=1166	ERR011349_MEGAHIT_TaxVamb.12
k79_28776 flag=1 multi=18.8436 len=1575	ERR011349_MEGAHIT_TaxVamb.12
k79_7755 flag=1 multi=6.0000 len=1060	ERR011349_MEGAHIT_TaxVamb.12
k79_16224 flag=1 multi=7.4680 len=1517	ERR011349_MEGAHIT_TaxVamb.12
k79_27944 flag=1 multi=5.0000 len=1220	ERR011349_MEGAHIT_TaxVamb.12
k79_5231 flag=1 multi=10.0000 len=1029	ERR011349_MEGAHIT_TaxVamb.12
k79_11946 flag=1 multi=24.0000 len=1042	ERR011349_MEGAHIT_TaxVamb.12
k79_3745 flag=1 multi=3.0000 len=1244	ERR011349_MEGAHIT_TaxVamb.12
k79_4641 flag=1 multi=5.0000 len=1845	ERR011349_MEGAHIT_TaxVamb.12
k79_17190 flag=1 multi=3.0000 len=1613	ERR011349_MEGAHIT_TaxVamb.12
k79_8630 flag=1 multi=12.0000 len=2153	ERR011349_MEGAHIT_TaxVamb.12
k79_27333 flag=1 multi=7.0000 len=1036	ERR011349_MEGAHIT_TaxVamb.12
k79_11657 flag=1 multi=4.0000 len=1019	ERR011349_MEGAHIT_TaxVamb.12
k79_23436 flag=1 multi=10.0000 len=2241	ERR011349_MEGAHIT_TaxVamb.12
k79_26401 flag=1 multi=34.0000 len=2453	ERR011349_MEGAHIT_TaxVamb.12
k79_4035 flag=1 multi=7.0000 len=1570	ERR011349_MEGAHIT_TaxVamb.12
k79_34902 flag=1 multi=5.0000 len=1284	ERR011349_MEGAHIT_TaxVamb.12
k79_11517 flag=1 multi=33.0000 len=2204	ERR011349_MEGAHIT_TaxVamb.12
k79_20500 flag=1 multi=5.0000 len=1032	ERR011349_MEGAHIT_TaxVamb.12
k79_6084 flag=1 multi=4.0000 len=1241	ERR011349_MEGAHIT_TaxVamb.12
k79_27240 flag=1 multi=9.0000 len=2023	ERR011349_MEGAHIT_TaxVamb.12
k79_35370 flag=1 multi=2.0000 len=1119	ERR011349_MEGAHIT_TaxVamb.12
k79_33892 flag=1 multi=5.0000 len=1766	ERR011349_MEGAHIT_TaxVamb.12
k79_3982 flag=1 multi=6.0000 len=1065	ERR011349_MEGAHIT_TaxVamb.12
k79_21908 flag=1 multi=4.0000 len=1737	ERR011349_MEGAHIT_TaxVamb.12
k79_17613 flag=1 multi=4.0000 len=1132	ERR011349_MEGAHIT_TaxVamb.12
k79_3763 flag=1 multi=6.3647 len=1971	ERR011349_MEGAHIT_TaxVamb.12
k79_26483 flag=1 multi=8.0000 len=1655	ERR011349_MEGAHIT_TaxVamb.12
k79_34623 flag=1 multi=16.0000 len=1692	ERR011349_MEGAHIT_TaxVamb.12
k79_13032 flag=1 multi=5.0000 len=1158	ERR011349_MEGAHIT_TaxVamb.12
k79_34453 flag=1 multi=18.0000 len=1129	ERR011349_MEGAHIT_TaxVamb.12
k79_27072 flag=1 multi=20.0000 len=2413	ERR011349_MEGAHIT_TaxVamb.12
k79_20333 flag=1 multi=6.0000 len=1708	ERR011349_MEGAHIT_TaxVamb.12
k79_29754 flag=1 multi=5.0000 len=1121	ERR011349_MEGAHIT_TaxVamb.12
k79_4487 flag=1 multi=10.0000 len=1366	ERR011349_MEGAHIT_TaxVamb.12
k79_11690 flag=1 multi=3.0000 len=1004	ERR011349_MEGAHIT_TaxVamb.12
k79_33962 flag=1 multi=4.0000 len=1141	ERR011349_MEGAHIT_TaxVamb.12
k79_27478 flag=1 multi=16.0000 len=2358	ERR011349_MEGAHIT_TaxVamb.12
k79_17285 flag=1 multi=3.0000 len=1066	ERR011349_MEGAHIT_TaxVamb.12
k79_6242 flag=1 multi=11.0000 len=1032	ERR011349_MEGAHIT_TaxVamb.12
k79_18297 flag=1 multi=6.0000 len=1319	ERR011349_MEGAHIT_TaxVamb.12
k79_24259 flag=1 multi=10.0000 len=1523	ERR011349_MEGAHIT_TaxVamb.12
k79_19426 flag=1 multi=5.0000 len=1300	ERR011349_MEGAHIT_TaxVamb.12
k79_18201 flag=1 multi=5.0000 len=2162	ERR011349_MEGAHIT_TaxVamb.12
k79_24963 flag=1 multi=12.0000 len=5619	ERR011349_MEGAHIT_TaxVamb.12
k79_14549 flag=1 multi=8.0000 len=1065	ERR011349_MEGAHIT_TaxVamb.12
k79_34347 flag=1 multi=22.0000 len=1526	ERR011349_MEGAHIT_TaxVamb.12
k79_20615 flag=1 multi=9.0000 len=1049	ERR011349_MEGAHIT_TaxVamb.12
k79_34120 flag=1 multi=13.0000 len=4164	ERR011349_MEGAHIT_TaxVamb.12
k79_20924 flag=1 multi=3.0000 len=1171	ERR011349_MEGAHIT_TaxVamb.12
k79_18875 flag=1 multi=7.0000 len=1180	ERR011349_MEGAHIT_TaxVamb.12
k79_35109 flag=1 multi=4.0000 len=1078	ERR011349_MEGAHIT_TaxVamb.12
k79_36719 flag=1 multi=4.0000 len=1529	ERR011349_MEGAHIT_TaxVamb.12
k79_32918 flag=1 multi=3.0000 len=1090	ERR011349_MEGAHIT_TaxVamb.12
k79_34974 flag=1 multi=8.0000 len=6099	ERR011349_MEGAHIT_TaxVamb.12
k79_13512 flag=1 multi=10.0000 len=3344	ERR011349_MEGAHIT_TaxVamb.12
k79_34949 flag=1 multi=7.0000 len=1278	ERR011349_MEGAHIT_TaxVamb.12
k79_17183 flag=1 multi=7.0000 len=1151	ERR011349_MEGAHIT_TaxVamb.12
k79_27420 flag=1 multi=10.0141 len=2854	ERR011349_MEGAHIT_TaxVamb.12
k79_2353 flag=1 multi=3.0000 len=1654	ERR011349_MEGAHIT_TaxVamb.12
k79_11801 flag=1 multi=20.0000 len=2169	ERR011349_MEGAHIT_TaxVamb.12
k79_24651 flag=1 multi=6.0000 len=1026	ERR011349_MEGAHIT_TaxVamb.12
k79_31225 flag=1 multi=4.0000 len=1135	ERR011349_MEGAHIT_TaxVamb.12
k79_22062 flag=1 multi=16.0000 len=1594	ERR011349_MEGAHIT_TaxVamb.12
k79_32857 flag=1 multi=7.0000 len=1915	ERR011349_MEGAHIT_TaxVamb.12
k79_25033 flag=1 multi=3.0000 len=1283	ERR011349_MEGAHIT_TaxVamb.12
k79_36330 flag=1 multi=7.0000 len=1091	ERR011349_MEGAHIT_TaxVamb.12
k79_32138 flag=1 multi=8.0000 len=1465	ERR011349_MEGAHIT_TaxVamb.12
k79_32496 flag=1 multi=12.0000 len=1517	ERR011349_MEGAHIT_TaxVamb.12
k79_11668 flag=1 multi=11.5347 len=1996	ERR011349_MEGAHIT_TaxVamb.12
k79_35207 flag=1 multi=13.0000 len=1221	ERR011349_MEGAHIT_TaxVamb.12
k79_5425 flag=1 multi=15.0649 len=2637	ERR011349_MEGAHIT_TaxVamb.12
k79_15202 flag=1 multi=12.0000 len=1113	ERR011349_MEGAHIT_TaxVamb.12
k79_17405 flag=1 multi=4.0000 len=1069	ERR011349_MEGAHIT_TaxVamb.12
k79_21086 flag=1 multi=6.0000 len=1132	ERR011349_MEGAHIT_TaxVamb.12
k79_30407 flag=1 multi=68.0000 len=2669	ERR011349_MEGAHIT_TaxVamb.12
k79_22338 flag=1 multi=6.0000 len=1423	ERR011349_MEGAHIT_TaxVamb.12
k79_6087 flag=1 multi=5.0000 len=1004	ERR011349_MEGAHIT_TaxVamb.12
k79_36281 flag=1 multi=8.0000 len=1022	ERR011349_MEGAHIT_TaxVamb.12
k79_33522 flag=1 multi=8.0000 len=1196	ERR011349_MEGAHIT_TaxVamb.12
k79_12765 flag=1 multi=11.0000 len=1988	ERR011349_MEGAHIT_TaxVamb.12
k79_12484 flag=1 multi=5.0000 len=1155	ERR011349_MEGAHIT_TaxVamb.12
k79_20843 flag=1 multi=4.0000 len=1602	ERR011349_MEGAHIT_TaxVamb.12
k79_16113 flag=1 multi=7.0000 len=1314	ERR011349_MEGAHIT_TaxVamb.12
k79_9684 flag=1 multi=9.0000 len=1327	ERR011349_MEGAHIT_TaxVamb.12
k79_20360 flag=1 multi=4.0000 len=1092	ERR011349_MEGAHIT_TaxVamb.12
k79_8500 flag=1 multi=4.0000 len=1212	ERR011349_MEGAHIT_TaxVamb.12
k79_23505 flag=1 multi=9.0000 len=5915	ERR011349_MEGAHIT_TaxVamb.12
k79_35359 flag=1 multi=11.0000 len=1167	ERR011349_MEGAHIT_TaxVamb.12
k79_34439 flag=1 multi=25.0000 len=1658	ERR011349_MEGAHIT_TaxVamb.12
k79_20926 flag=1 multi=4.0000 len=1630	ERR011349_MEGAHIT_TaxVamb.12
k79_36675 flag=1 multi=13.4270 len=1381	ERR011349_MEGAHIT_TaxVamb.12
k79_32133 flag=1 multi=5.0000 len=1100	ERR011349_MEGAHIT_TaxVamb.12
k79_32552 flag=1 multi=4.0000 len=1326	ERR011349_MEGAHIT_TaxVamb.12
k79_33916 flag=1 multi=5.0000 len=1041	ERR011349_MEGAHIT_TaxVamb.12
k79_7007 flag=1 multi=4.0000 len=1376	ERR011349_MEGAHIT_TaxVamb.12
k79_21329 flag=1 multi=7.1121 len=1230	ERR011349_MEGAHIT_TaxVamb.12
k79_9384 flag=1 multi=4.0000 len=1705	ERR011349_MEGAHIT_TaxVamb.12
k79_21724 flag=1 multi=14.0000 len=1534	ERR011349_MEGAHIT_TaxVamb.12
k79_1966 flag=1 multi=5.0000 len=1010	ERR011349_MEGAHIT_TaxVamb.12
k79_23788 flag=1 multi=7.0000 len=1720	ERR011349_MEGAHIT_TaxVamb.12
k79_2928 flag=1 multi=7.0000 len=1188	ERR011349_MEGAHIT_TaxVamb.12
k79_11252 flag=1 multi=6.0000 len=1156	ERR011349_MEGAHIT_TaxVamb.12
k79_30347 flag=1 multi=8.0000 len=1197	ERR011349_MEGAHIT_TaxVamb.12
k79_21978 flag=1 multi=7.0000 len=1178	ERR011349_MEGAHIT_TaxVamb.12
k79_26765 flag=1 multi=17.0000 len=3465	ERR011349_MEGAHIT_TaxVamb.12
k79_23441 flag=1 multi=11.0000 len=2565	ERR011349_MEGAHIT_TaxVamb.12
k79_29371 flag=1 multi=13.0000 len=1219	ERR011349_MEGAHIT_TaxVamb.12
k79_19008 flag=1 multi=8.0000 len=1555	ERR011349_MEGAHIT_TaxVamb.12
k79_33368 flag=1 multi=7.0000 len=1316	ERR011349_MEGAHIT_TaxVamb.12
k79_28373 flag=1 multi=7.0000 len=1093	ERR011349_MEGAHIT_TaxVamb.12
k79_22090 flag=1 multi=22.0442 len=2385	ERR011349_MEGAHIT_TaxVamb.12
k79_279 flag=1 multi=12.0000 len=3103	ERR011349_MEGAHIT_TaxVamb.12
k79_9621 flag=1 multi=4.0000 len=1194	ERR011349_MEGAHIT_TaxVamb.12
k79_10784 flag=1 multi=3.0000 len=1125	ERR011349_MEGAHIT_TaxVamb.12
k79_13372 flag=1 multi=8.0000 len=2173	ERR011349_MEGAHIT_TaxVamb.12
k79_34876 flag=1 multi=5.3907 len=1049	ERR011349_MEGAHIT_TaxVamb.12
k79_26875 flag=1 multi=3.0000 len=1183	ERR011349_MEGAHIT_TaxVamb.12
k79_5880 flag=1 multi=6.0000 len=1934	ERR011349_MEGAHIT_TaxVamb.12
k79_3038 flag=1 multi=10.0000 len=1521	ERR011349_MEGAHIT_TaxVamb.12
k79_18028 flag=1 multi=13.0000 len=1597	ERR011349_MEGAHIT_TaxVamb.12
k79_5676 flag=1 multi=14.0000 len=1356	ERR011349_MEGAHIT_TaxVamb.12
k79_27876 flag=1 multi=11.0000 len=8932	ERR011349_MEGAHIT_TaxVamb.12
k79_29430 flag=1 multi=3.0000 len=1009	ERR011349_MEGAHIT_TaxVamb.12
k79_4688 flag=1 multi=5.0000 len=1272	ERR011349_MEGAHIT_TaxVamb.12
k79_27410 flag=1 multi=5.0000 len=1419	ERR011349_MEGAHIT_TaxVamb.12
k79_21760 flag=1 multi=12.0000 len=1204	ERR011349_MEGAHIT_TaxVamb.12
k79_13640 flag=1 multi=26.0000 len=1159	ERR011349_MEGAHIT_TaxVamb.12
k79_5123 flag=1 multi=4.0000 len=1165	ERR011349_MEGAHIT_TaxVamb.12
k79_10045 flag=1 multi=3.0000 len=1050	ERR011349_MEGAHIT_TaxVamb.12
k79_11411 flag=1 multi=11.0000 len=1495	ERR011349_MEGAHIT_TaxVamb.12
k79_9092 flag=1 multi=8.0000 len=1453	ERR011349_MEGAHIT_TaxVamb.12
k79_6161 flag=1 multi=5.0000 len=1179	ERR011349_MEGAHIT_TaxVamb.12
k79_28345 flag=1 multi=6.0000 len=1157	ERR011349_MEGAHIT_TaxVamb.12
k79_12494 flag=1 multi=8.0000 len=1428	ERR011349_MEGAHIT_TaxVamb.12
k79_12553 flag=1 multi=9.0000 len=2211	ERR011349_MEGAHIT_TaxVamb.12
k79_35779 flag=1 multi=6.0000 len=1264	ERR011349_MEGAHIT_TaxVamb.12
k79_6688 flag=1 multi=5.0000 len=1024	ERR011349_MEGAHIT_TaxVamb.12
k79_2483 flag=1 multi=10.0000 len=1305	ERR011349_MEGAHIT_TaxVamb.12
k79_13388 flag=1 multi=4.0000 len=1552	ERR011349_MEGAHIT_TaxVamb.12
k79_7630 flag=1 multi=15.0000 len=1100	ERR011349_MEGAHIT_TaxVamb.12
k79_21406 flag=1 multi=7.0000 len=1464	ERR011349_MEGAHIT_TaxVamb.12
k79_36711 flag=1 multi=11.0000 len=1121	ERR011349_MEGAHIT_TaxVamb.12
k79_33897 flag=1 multi=6.0000 len=1092	ERR011349_MEGAHIT_TaxVamb.12
k79_6352 flag=1 multi=5.0000 len=1168	ERR011349_MEGAHIT_TaxVamb.12
k79_22919 flag=1 multi=5.0000 len=1752	ERR011349_MEGAHIT_TaxVamb.12
k79_5272 flag=1 multi=5.0000 len=1570	ERR011349_MEGAHIT_TaxVamb.12
k79_35367 flag=1 multi=6.0000 len=1038	ERR011349_MEGAHIT_TaxVamb.12
k79_834 flag=1 multi=7.0000 len=1162	ERR011349_MEGAHIT_TaxVamb.12
k79_10501 flag=1 multi=5.0000 len=1396	ERR011349_MEGAHIT_TaxVamb.12
k79_13907 flag=1 multi=4.0000 len=1377	ERR011349_MEGAHIT_TaxVamb.12
k79_24179 flag=1 multi=7.0000 len=1300	ERR011349_MEGAHIT_TaxVamb.12
k79_16613 flag=1 multi=6.0000 len=1480	ERR011349_MEGAHIT_TaxVamb.12
k79_32090 flag=1 multi=9.0000 len=1731	ERR011349_MEGAHIT_TaxVamb.12
k79_10929 flag=1 multi=4.0000 len=1004	ERR011349_MEGAHIT_TaxVamb.12
k79_26597 flag=1 multi=12.0000 len=3363	ERR011349_MEGAHIT_TaxVamb.12
k79_16924 flag=1 multi=7.0000 len=1081	ERR011349_MEGAHIT_TaxVamb.12
k79_538 flag=1 multi=8.0000 len=1025	ERR011349_MEGAHIT_TaxVamb.12
k79_10336 flag=1 multi=5.0000 len=1243	ERR011349_MEGAHIT_TaxVamb.12
k79_938 flag=1 multi=20.0000 len=2680	ERR011349_MEGAHIT_TaxVamb.12
k79_13061 flag=1 multi=5.0000 len=1071	ERR011349_MEGAHIT_TaxVamb.12
k79_28530 flag=1 multi=4.0000 len=1429	ERR011349_MEGAHIT_TaxVamb.12
k79_29417 flag=1 multi=8.0000 len=1036	ERR011349_MEGAHIT_TaxVamb.12
k79_23913 flag=1 multi=5.0000 len=1636	ERR011349_MEGAHIT_TaxVamb.12
k79_1322 flag=1 multi=6.0000 len=1162	ERR011349_MEGAHIT_TaxVamb.12
k79_33496 flag=1 multi=4.0000 len=1031	ERR011349_MEGAHIT_TaxVamb.12
k79_34540 flag=1 multi=16.0000 len=1000	ERR011349_MEGAHIT_TaxVamb.12
k79_10186 flag=1 multi=9.0000 len=2022	ERR011349_MEGAHIT_TaxVamb.12
k79_31216 flag=1 multi=5.0000 len=1096	ERR011349_MEGAHIT_TaxVamb.12
k79_19286 flag=1 multi=5.0000 len=1159	ERR011349_MEGAHIT_TaxVamb.12
k79_34019 flag=1 multi=7.0000 len=1633	ERR011349_MEGAHIT_TaxVamb.12
k79_31048 flag=1 multi=9.0000 len=1044	ERR011349_MEGAHIT_TaxVamb.12
k79_34056 flag=1 multi=10.0000 len=1227	ERR011349_MEGAHIT_TaxVamb.12
k79_23270 flag=1 multi=5.0000 len=1143	ERR011349_MEGAHIT_TaxVamb.12
k79_9172 flag=1 multi=15.0000 len=1095	ERR011349_MEGAHIT_TaxVamb.12
k79_20918 flag=1 multi=9.0000 len=2373	ERR011349_MEGAHIT_TaxVamb.12
k79_28456 flag=1 multi=10.0000 len=1106	ERR011349_MEGAHIT_TaxVamb.12
k79_32386 flag=1 multi=10.0000 len=1292	ERR011349_MEGAHIT_TaxVamb.12
k79_3664 flag=1 multi=5.0000 len=1307	ERR011349_MEGAHIT_TaxVamb.12
k79_16254 flag=1 multi=8.0000 len=1312	ERR011349_MEGAHIT_TaxVamb.12
k79_17155 flag=1 multi=4.0000 len=1116	ERR011349_MEGAHIT_TaxVamb.12
k79_6995 flag=1 multi=37.0000 len=2889	ERR011349_MEGAHIT_TaxVamb.12
k79_29209 flag=1 multi=7.0000 len=1791	ERR011349_MEGAHIT_TaxVamb.12
k79_20979 flag=1 multi=5.0000 len=1282	ERR011349_MEGAHIT_TaxVamb.12
k79_2369 flag=1 multi=3.0000 len=1412	ERR011349_MEGAHIT_TaxVamb.12
k79_22708 flag=1 multi=4.0000 len=1368	ERR011349_MEGAHIT_TaxVamb.12
k79_7353 flag=1 multi=4.0000 len=1151	ERR011349_MEGAHIT_TaxVamb.12
k79_21018 flag=1 multi=7.0000 len=1426	ERR011349_MEGAHIT_TaxVamb.12
k79_28325 flag=1 multi=23.3002 len=1778	ERR011349_MEGAHIT_TaxVamb.12
k79_3243 flag=1 multi=4.0000 len=1217	ERR011349_MEGAHIT_TaxVamb.12
k79_3629 flag=1 multi=7.0000 len=1469	ERR011349_MEGAHIT_TaxVamb.12
k79_29725 flag=1 multi=7.0000 len=1385	ERR011349_MEGAHIT_TaxVamb.12
k79_364 flag=1 multi=6.0000 len=1426	ERR011349_MEGAHIT_TaxVamb.12
k79_371 flag=1 multi=5.0000 len=1120	ERR011349_MEGAHIT_TaxVamb.12
k79_28390 flag=1 multi=4.0000 len=1115	ERR011349_MEGAHIT_TaxVamb.12
k79_15439 flag=1 multi=9.0000 len=1482	ERR011349_MEGAHIT_TaxVamb.12
k79_23269 flag=1 multi=7.0000 len=2329	ERR011349_MEGAHIT_TaxVamb.12
k79_27851 flag=1 multi=47.9513 len=2442	ERR011349_MEGAHIT_TaxVamb.12
k79_14085 flag=1 multi=5.0000 len=1340	ERR011349_MEGAHIT_TaxVamb.12
k79_20303 flag=1 multi=11.0000 len=2030	ERR011349_MEGAHIT_TaxVamb.12
k79_25513 flag=1 multi=18.0000 len=1763	ERR011349_MEGAHIT_TaxVamb.12
k79_36625 flag=1 multi=12.0000 len=1384	ERR011349_MEGAHIT_TaxVamb.12
k79_27650 flag=1 multi=8.0000 len=1060	ERR011349_MEGAHIT_TaxVamb.12
k79_28181 flag=1 multi=9.0000 len=1508	ERR011349_MEGAHIT_TaxVamb.12
k79_25698 flag=1 multi=4.0000 len=1092	ERR011349_MEGAHIT_TaxVamb.12
k79_14698 flag=1 multi=4.0000 len=1325	ERR011349_MEGAHIT_TaxVamb.12
k79_34571 flag=1 multi=9.0000 len=1191	ERR011349_MEGAHIT_TaxVamb.12
k79_14174 flag=1 multi=4.0000 len=1159	ERR011349_MEGAHIT_TaxVamb.12
k79_33771 flag=1 multi=10.0000 len=1505	ERR011349_MEGAHIT_TaxVamb.12
k79_21905 flag=1 multi=10.0000 len=1766	ERR011349_MEGAHIT_TaxVamb.12
k79_24247 flag=1 multi=14.0000 len=2480	ERR011349_MEGAHIT_TaxVamb.12
k79_17424 flag=1 multi=6.0000 len=1020	ERR011349_MEGAHIT_TaxVamb.12
k79_36452 flag=1 multi=8.0000 len=1036	ERR011349_MEGAHIT_TaxVamb.12
k79_22171 flag=1 multi=6.0000 len=1018	ERR011349_MEGAHIT_TaxVamb.12
k79_30475 flag=1 multi=5.0000 len=1313	ERR011349_MEGAHIT_TaxVamb.12
k79_8466 flag=1 multi=8.0000 len=1395	ERR011349_MEGAHIT_TaxVamb.12
k79_36376 flag=1 multi=14.0000 len=1109	ERR011349_MEGAHIT_TaxVamb.12
k79_31916 flag=1 multi=5.0000 len=1303	ERR011349_MEGAHIT_TaxVamb.12
k79_27170 flag=1 multi=14.0000 len=2204	ERR011349_MEGAHIT_TaxVamb.12
k79_26862 flag=1 multi=4.0000 len=1500	ERR011349_MEGAHIT_TaxVamb.12
k79_6862 flag=1 multi=12.0000 len=2016	ERR011349_MEGAHIT_TaxVamb.12
k79_18621 flag=1 multi=40.0000 len=1214	ERR011349_MEGAHIT_TaxVamb.12
k79_16395 flag=1 multi=6.0000 len=1943	ERR011349_MEGAHIT_TaxVamb.12
k79_25647 flag=1 multi=5.0000 len=1030	ERR011349_MEGAHIT_TaxVamb.12
k79_30840 flag=1 multi=4.0000 len=1368	ERR011349_MEGAHIT_TaxVamb.12
k79_25486 flag=1 multi=10.0000 len=1412	ERR011349_MEGAHIT_TaxVamb.12
k79_18632 flag=1 multi=7.0000 len=2327	ERR011349_MEGAHIT_TaxVamb.12
k79_16547 flag=1 multi=4.0000 len=1094	ERR011349_MEGAHIT_TaxVamb.12
k79_11689 flag=1 multi=19.0000 len=1416	ERR011349_MEGAHIT_TaxVamb.12
k79_13814 flag=1 multi=18.0000 len=1905	ERR011349_MEGAHIT_TaxVamb.12
k79_34421 flag=1 multi=13.0000 len=9782	ERR011349_MEGAHIT_TaxVamb.12
k79_26785 flag=1 multi=8.0000 len=1347	ERR011349_MEGAHIT_TaxVamb.12
k79_4978 flag=1 multi=47.0000 len=2048	ERR011349_MEGAHIT_TaxVamb.12
k79_16462 flag=1 multi=8.0000 len=3352	ERR011349_MEGAHIT_TaxVamb.12
k79_1169 flag=1 multi=13.0000 len=2968	ERR011349_MEGAHIT_TaxVamb.12
k79_31546 flag=1 multi=9.0000 len=1759	ERR011349_MEGAHIT_TaxVamb.12
k79_19986 flag=1 multi=6.0000 len=1086	ERR011349_MEGAHIT_TaxVamb.12
k79_32210 flag=1 multi=8.0000 len=1038	ERR011349_MEGAHIT_TaxVamb.12
k79_12486 flag=1 multi=4.0000 len=1293	ERR011349_MEGAHIT_TaxVamb.12
k79_8883 flag=1 multi=9.0000 len=4052	ERR011349_MEGAHIT_TaxVamb.12
k79_35285 flag=1 multi=5.0000 len=1678	ERR011349_MEGAHIT_TaxVamb.12
k79_7407 flag=1 multi=8.0000 len=2204	ERR011349_MEGAHIT_TaxVamb.12
k79_23508 flag=1 multi=4.0000 len=1085	ERR011349_MEGAHIT_TaxVamb.12
k79_30907 flag=1 multi=4.0000 len=1016	ERR011349_MEGAHIT_TaxVamb.12
k79_23158 flag=1 multi=45.4064 len=1388	ERR011349_MEGAHIT_TaxVamb.12
k79_10296 flag=1 multi=3.0000 len=1560	ERR011349_MEGAHIT_TaxVamb.12
k79_7563 flag=1 multi=9.0000 len=1617	ERR011349_MEGAHIT_TaxVamb.12
k79_24780 flag=1 multi=4.0000 len=1078	ERR011349_MEGAHIT_TaxVamb.12
k79_26954 flag=1 multi=4.0000 len=2336	ERR011349_MEGAHIT_TaxVamb.12
k79_20176 flag=1 multi=18.0000 len=1535	ERR011349_MEGAHIT_TaxVamb.12
k79_14613 flag=1 multi=14.0000 len=4030	ERR011349_MEGAHIT_TaxVamb.12
k79_4839 flag=1 multi=7.0000 len=1258	ERR011349_MEGAHIT_TaxVamb.12
k79_17128 flag=1 multi=4.0000 len=1139	ERR011349_MEGAHIT_TaxVamb.12
k79_21211 flag=1 multi=13.0000 len=2289	ERR011349_MEGAHIT_TaxVamb.12
k79_852 flag=1 multi=15.0794 len=3204	ERR011349_MEGAHIT_TaxVamb.12
k79_1265 flag=1 multi=12.0000 len=3186	ERR011349_MEGAHIT_TaxVamb.12
k79_6579 flag=1 multi=7.0000 len=1046	ERR011349_MEGAHIT_TaxVamb.12
k79_35128 flag=1 multi=13.0000 len=1412	ERR011349_MEGAHIT_TaxVamb.12
k79_31305 flag=1 multi=7.0000 len=2075	ERR011349_MEGAHIT_TaxVamb.12
k79_35065 flag=1 multi=7.0000 len=1120	ERR011349_MEGAHIT_TaxVamb.12
k79_11894 flag=1 multi=16.0000 len=1744	ERR011349_MEGAHIT_TaxVamb.12
k79_34212 flag=1 multi=7.0000 len=1086	ERR011349_MEGAHIT_TaxVamb.12
k79_16115 flag=0 multi=47.0000 len=4481	ERR011349_MEGAHIT_TaxVamb.12
k79_35848 flag=1 multi=19.0000 len=3632	ERR011349_MEGAHIT_TaxVamb.12
k79_10352 flag=1 multi=10.0000 len=1098	ERR011349_MEGAHIT_TaxVamb.12
k79_16384 flag=1 multi=4.0000 len=1036	ERR011349_MEGAHIT_TaxVamb.12
k79_26723 flag=1 multi=4.0000 len=1003	ERR011349_MEGAHIT_TaxVamb.12
k79_28089 flag=1 multi=6.0000 len=1191	ERR011349_MEGAHIT_TaxVamb.12
k79_4552 flag=1 multi=5.0000 len=1042	ERR011349_MEGAHIT_TaxVamb.12
k79_23352 flag=1 multi=5.0000 len=1690	ERR011349_MEGAHIT_TaxVamb.12
k79_29269 flag=1 multi=8.0000 len=1023	ERR011349_MEGAHIT_TaxVamb.12
k79_5350 flag=1 multi=6.1217 len=1460	ERR011349_MEGAHIT_TaxVamb.12
k79_5049 flag=1 multi=5.0000 len=1045	ERR011349_MEGAHIT_TaxVamb.12
k79_12036 flag=1 multi=7.0000 len=1349	ERR011349_MEGAHIT_TaxVamb.12
k79_2992 flag=1 multi=22.0000 len=1717	ERR011349_MEGAHIT_TaxVamb.12
k79_891 flag=1 multi=12.0000 len=1899	ERR011349_MEGAHIT_TaxVamb.12
k79_13368 flag=1 multi=63.0000 len=1194	ERR011349_MEGAHIT_TaxVamb.12
k79_19487 flag=1 multi=7.0000 len=1288	ERR011349_MEGAHIT_TaxVamb.12
k79_7054 flag=1 multi=20.5139 len=1085	ERR011349_MEGAHIT_TaxVamb.12
k79_32123 flag=1 multi=12.5842 len=1695	ERR011349_MEGAHIT_TaxVamb.12
k79_10691 flag=1 multi=5.0000 len=1126	ERR011349_MEGAHIT_TaxVamb.12
k79_31350 flag=1 multi=17.0000 len=2989	ERR011349_MEGAHIT_TaxVamb.12
k79_17370 flag=1 multi=65.0000 len=1106	ERR011349_MEGAHIT_TaxVamb.12
k79_16834 flag=1 multi=10.0000 len=1494	ERR011349_MEGAHIT_TaxVamb.12
k79_31806 flag=1 multi=6.0000 len=1823	ERR011349_MEGAHIT_TaxVamb.12
k79_21437 flag=1 multi=11.5473 len=1369	ERR011349_MEGAHIT_TaxVamb.12
k79_32685 flag=1 multi=15.0000 len=1135	ERR011349_MEGAHIT_TaxVamb.12
k79_28562 flag=1 multi=7.0000 len=1655	ERR011349_MEGAHIT_TaxVamb.12
k79_15473 flag=1 multi=5.0000 len=1259	ERR011349_MEGAHIT_TaxVamb.12
k79_11885 flag=1 multi=9.0000 len=2494	ERR011349_MEGAHIT_TaxVamb.12
k79_21562 flag=1 multi=8.0000 len=1842	ERR011349_MEGAHIT_TaxVamb.12
k79_24506 flag=1 multi=10.0000 len=1824	ERR011349_MEGAHIT_TaxVamb.12
k79_3610 flag=1 multi=15.0000 len=1722	ERR011349_MEGAHIT_TaxVamb.12
k79_15969 flag=1 multi=4.0000 len=1242	ERR011349_MEGAHIT_TaxVamb.12
k79_23364 flag=1 multi=5.0000 len=2394	ERR011349_MEGAHIT_TaxVamb.12
k79_22293 flag=1 multi=95.0000 len=2235	ERR011349_MEGAHIT_TaxVamb.12
k79_27969 flag=1 multi=40.0000 len=7005	ERR011349_MEGAHIT_TaxVamb.12
k79_29644 flag=1 multi=28.0000 len=1132	ERR011349_MEGAHIT_TaxVamb.12
k79_34455 flag=1 multi=4.0000 len=1474	ERR011349_MEGAHIT_TaxVamb.12
k79_36643 flag=1 multi=12.0000 len=1197	ERR011349_MEGAHIT_TaxVamb.12
k79_19747 flag=1 multi=9.0000 len=1701	ERR011349_MEGAHIT_TaxVamb.12
k79_31195 flag=1 multi=9.0000 len=1095	ERR011349_MEGAHIT_TaxVamb.12
k79_11950 flag=1 multi=8.0000 len=1466	ERR011349_MEGAHIT_TaxVamb.12
k79_34694 flag=1 multi=8.0000 len=1133	ERR011349_MEGAHIT_TaxVamb.12
k79_3755 flag=1 multi=7.0000 len=1056	ERR011349_MEGAHIT_TaxVamb.12
k79_31881 flag=1 multi=6.0000 len=1149	ERR011349_MEGAHIT_TaxVamb.12
k79_27834 flag=1 multi=5.0000 len=1360	ERR011349_MEGAHIT_TaxVamb.12
k79_21786 flag=1 multi=16.0000 len=2775	ERR011349_MEGAHIT_TaxVamb.12
k79_17518 flag=1 multi=6.0000 len=1098	ERR011349_MEGAHIT_TaxVamb.12
k79_841 flag=1 multi=3.0000 len=1424	ERR011349_MEGAHIT_TaxVamb.12
k79_21201 flag=1 multi=4.0000 len=1880	ERR011349_MEGAHIT_TaxVamb.12
k79_25724 flag=1 multi=5.0000 len=1137	ERR011349_MEGAHIT_TaxVamb.12
k79_12795 flag=1 multi=4.0000 len=1272	ERR011349_MEGAHIT_TaxVamb.12
k79_11787 flag=1 multi=3.0000 len=1298	ERR011349_MEGAHIT_TaxVamb.12
k79_15683 flag=1 multi=5.0000 len=1619	ERR011349_MEGAHIT_TaxVamb.12
k79_15170 flag=1 multi=8.0000 len=1335	ERR011349_MEGAHIT_TaxVamb.12
k79_28421 flag=1 multi=6.0000 len=1262	ERR011349_MEGAHIT_TaxVamb.12
k79_3827 flag=1 multi=6.8277 len=2168	ERR011349_MEGAHIT_TaxVamb.12
k79_27272 flag=1 multi=5.0000 len=1030	ERR011349_MEGAHIT_TaxVamb.12
k79_18520 flag=1 multi=10.0000 len=1205	ERR011349_MEGAHIT_TaxVamb.12
k79_7710 flag=1 multi=15.2436 len=1376	ERR011349_MEGAHIT_TaxVamb.12
k79_21488 flag=1 multi=6.0000 len=1757	ERR011349_MEGAHIT_TaxVamb.12
k79_17904 flag=1 multi=8.0000 len=2211	ERR011349_MEGAHIT_TaxVamb.12
k79_15646 flag=1 multi=5.0000 len=1296	ERR011349_MEGAHIT_TaxVamb.12
k79_19749 flag=1 multi=12.0000 len=1231	ERR011349_MEGAHIT_TaxVamb.12
k79_2384 flag=1 multi=7.0000 len=1407	ERR011349_MEGAHIT_TaxVamb.12
k79_35094 flag=1 multi=3.0000 len=1249	ERR011349_MEGAHIT_TaxVamb.12
k79_26243 flag=1 multi=24.0000 len=1395	ERR011349_MEGAHIT_TaxVamb.12
k79_13828 flag=1 multi=14.4093 len=1430	ERR011349_MEGAHIT_TaxVamb.12
k79_23574 flag=1 multi=11.8741 len=2279	ERR011349_MEGAHIT_TaxVamb.12
k79_14908 flag=1 multi=5.0000 len=1216	ERR011349_MEGAHIT_TaxVamb.12
k79_18579 flag=1 multi=6.0000 len=2487	ERR011349_MEGAHIT_TaxVamb.12
k79_3374 flag=1 multi=4.0000 len=1054	ERR011349_MEGAHIT_TaxVamb.12
k79_10518 flag=1 multi=5.0000 len=1283	ERR011349_MEGAHIT_TaxVamb.12
k79_28793 flag=1 multi=5.0000 len=1201	ERR011349_MEGAHIT_TaxVamb.12
k79_33773 flag=1 multi=13.0000 len=2793	ERR011349_MEGAHIT_TaxVamb.12
k79_22957 flag=1 multi=8.0000 len=1073	ERR011349_MEGAHIT_TaxVamb.12
k79_26022 flag=1 multi=7.0000 len=1956	ERR011349_MEGAHIT_TaxVamb.12
k79_22196 flag=1 multi=21.0000 len=3065	ERR011349_MEGAHIT_TaxVamb.12
k79_36202 flag=1 multi=5.0000 len=1135	ERR011349_MEGAHIT_TaxVamb.12
k79_34921 flag=0 multi=5.7889 len=1263	ERR011349_MEGAHIT_TaxVamb.12
k79_16275 flag=1 multi=6.0000 len=1502	ERR011349_MEGAHIT_TaxVamb.12
k79_10077 flag=1 multi=10.0000 len=1090	ERR011349_MEGAHIT_TaxVamb.12
k79_27719 flag=1 multi=38.0000 len=1339	ERR011349_MEGAHIT_TaxVamb.12
k79_26508 flag=1 multi=5.0000 len=1016	ERR011349_MEGAHIT_TaxVamb.12
k79_3941 flag=1 multi=8.0000 len=1209	ERR011349_MEGAHIT_TaxVamb.12
k79_23301 flag=1 multi=10.0000 len=1420	ERR011349_MEGAHIT_TaxVamb.12
k79_23717 flag=1 multi=5.0000 len=1122	ERR011349_MEGAHIT_TaxVamb.12
k79_19918 flag=1 multi=4.0000 len=1840	ERR011349_MEGAHIT_TaxVamb.12
k79_15080 flag=1 multi=20.0000 len=1911	ERR011349_MEGAHIT_TaxVamb.12
k79_10949 flag=1 multi=7.0000 len=1179	ERR011349_MEGAHIT_TaxVamb.12
k79_22621 flag=1 multi=5.8253 len=2082	ERR011349_MEGAHIT_TaxVamb.12
k79_9631 flag=1 multi=7.0000 len=2083	ERR011349_MEGAHIT_TaxVamb.12
k79_20754 flag=1 multi=8.0000 len=1616	ERR011349_MEGAHIT_TaxVamb.12
k79_19272 flag=1 multi=9.0000 len=1506	ERR011349_MEGAHIT_TaxVamb.12
k79_11340 flag=1 multi=11.0000 len=1637	ERR011349_MEGAHIT_TaxVamb.12
k79_24202 flag=1 multi=13.0000 len=1356	ERR011349_MEGAHIT_TaxVamb.12
k79_24267 flag=1 multi=60.0000 len=1725	ERR011349_MEGAHIT_TaxVamb.12
k79_28385 flag=1 multi=4.0000 len=1088	ERR011349_MEGAHIT_TaxVamb.12
k79_1651 flag=1 multi=5.0000 len=1036	ERR011349_MEGAHIT_TaxVamb.12
k79_34326 flag=1 multi=7.0000 len=1307	ERR011349_MEGAHIT_TaxVamb.12
k79_30449 flag=1 multi=5.0000 len=1106	ERR011349_MEGAHIT_TaxVamb.12
k79_23188 flag=1 multi=5.0000 len=1262	ERR011349_MEGAHIT_TaxVamb.12
k79_15203 flag=1 multi=24.0000 len=1635	ERR011349_MEGAHIT_TaxVamb.12
k79_31430 flag=1 multi=6.0000 len=1364	ERR011349_MEGAHIT_TaxVamb.12
k79_2841 flag=1 multi=6.0000 len=1202	ERR011349_MEGAHIT_TaxVamb.12
k79_24752 flag=1 multi=4.0000 len=1048	ERR011349_MEGAHIT_TaxVamb.12
k79_20157 flag=1 multi=6.0000 len=1626	ERR011349_MEGAHIT_TaxVamb.12
k79_22127 flag=1 multi=6.0000 len=1653	ERR011349_MEGAHIT_TaxVamb.12
k79_17174 flag=1 multi=8.0000 len=2049	ERR011349_MEGAHIT_TaxVamb.12
k79_17657 flag=1 multi=6.0000 len=1081	ERR011349_MEGAHIT_TaxVamb.12
k79_4174 flag=1 multi=8.0000 len=1110	ERR011349_MEGAHIT_TaxVamb.12
k79_1799 flag=1 multi=8.0000 len=1175	ERR011349_MEGAHIT_TaxVamb.12
k79_24000 flag=1 multi=9.0000 len=1048	ERR011349_MEGAHIT_TaxVamb.12
k79_4556 flag=1 multi=19.0000 len=7118	ERR011349_MEGAHIT_TaxVamb.12
k79_16428 flag=1 multi=6.0000 len=2313	ERR011349_MEGAHIT_TaxVamb.12
k79_20930 flag=1 multi=7.0000 len=1337	ERR011349_MEGAHIT_TaxVamb.12
k79_16993 flag=1 multi=13.0000 len=2842	ERR011349_MEGAHIT_TaxVamb.12
k79_34625 flag=1 multi=7.0000 len=2231	ERR011349_MEGAHIT_TaxVamb.12
k79_23341 flag=1 multi=6.0000 len=1541	ERR011349_MEGAHIT_TaxVamb.12
k79_15256 flag=1 multi=7.0000 len=1551	ERR011349_MEGAHIT_TaxVamb.12
k79_1474 flag=1 multi=9.0000 len=1383	ERR011349_MEGAHIT_TaxVamb.12
k79_10007 flag=1 multi=10.0000 len=1282	ERR011349_MEGAHIT_TaxVamb.12
k79_749 flag=1 multi=60.0000 len=1691	ERR011349_MEGAHIT_TaxVamb.12
k79_20240 flag=1 multi=6.0000 len=1108	ERR011349_MEGAHIT_TaxVamb.12
k79_22211 flag=1 multi=6.0000 len=1005	ERR011349_MEGAHIT_TaxVamb.12
k79_5984 flag=1 multi=5.0000 len=1253	ERR011349_MEGAHIT_TaxVamb.12
k79_35715 flag=1 multi=6.0000 len=1200	ERR011349_MEGAHIT_TaxVamb.12
k79_11768 flag=1 multi=6.0000 len=2228	ERR011349_MEGAHIT_TaxVamb.12
k79_29902 flag=1 multi=7.0000 len=2201	ERR011349_MEGAHIT_TaxVamb.12
k79_7038 flag=1 multi=11.0000 len=2293	ERR011349_MEGAHIT_TaxVamb.12
k79_17385 flag=1 multi=42.0000 len=1115	ERR011349_MEGAHIT_TaxVamb.12
k79_15607 flag=1 multi=4.0000 len=1091	ERR011349_MEGAHIT_TaxVamb.12
k79_8464 flag=1 multi=5.0000 len=1131	ERR011349_MEGAHIT_TaxVamb.12
k79_22156 flag=1 multi=10.0000 len=1994	ERR011349_MEGAHIT_TaxVamb.12
k79_23863 flag=1 multi=5.0000 len=1862	ERR011349_MEGAHIT_TaxVamb.12
k79_25782 flag=1 multi=8.0000 len=1261	ERR011349_MEGAHIT_TaxVamb.12
k79_9297 flag=1 multi=12.0000 len=1929	ERR011349_MEGAHIT_TaxVamb.12
k79_3419 flag=1 multi=4.0000 len=1306	ERR011349_MEGAHIT_TaxVamb.12
k79_26310 flag=1 multi=4.0000 len=1425	ERR011349_MEGAHIT_TaxVamb.12
k79_36350 flag=1 multi=4.0000 len=1128	ERR011349_MEGAHIT_TaxVamb.12
k79_2709 flag=1 multi=14.0000 len=1353	ERR011349_MEGAHIT_TaxVamb.12
k79_12355 flag=1 multi=3.0000 len=1006	ERR011349_MEGAHIT_TaxVamb.12
k79_16141 flag=1 multi=9.0000 len=1948	ERR011349_MEGAHIT_TaxVamb.12
k79_36025 flag=1 multi=5.0000 len=1262	ERR011349_MEGAHIT_TaxVamb.12
k79_1929 flag=1 multi=3.0000 len=1018	ERR011349_MEGAHIT_TaxVamb.12
k79_17056 flag=1 multi=4.0000 len=1059	ERR011349_MEGAHIT_TaxVamb.12
k79_3404 flag=1 multi=11.0000 len=2215	ERR011349_MEGAHIT_TaxVamb.12
k79_23256 flag=1 multi=16.0000 len=1271	ERR011349_MEGAHIT_TaxVamb.12
k79_12068 flag=1 multi=3.0000 len=1031	ERR011349_MEGAHIT_TaxVamb.12
k79_2969 flag=1 multi=11.0000 len=3925	ERR011349_MEGAHIT_TaxVamb.12
k79_30954 flag=1 multi=8.0000 len=1463	ERR011349_MEGAHIT_TaxVamb.12
k79_14503 flag=1 multi=25.0000 len=1970	ERR011349_MEGAHIT_TaxVamb.12
k79_12813 flag=1 multi=9.0000 len=1791	ERR011349_MEGAHIT_TaxVamb.12
k79_22363 flag=1 multi=6.0000 len=1141	ERR011349_MEGAHIT_TaxVamb.12
k79_564 flag=1 multi=8.0000 len=1627	ERR011349_MEGAHIT_TaxVamb.12
k79_17705 flag=1 multi=5.0000 len=1023	ERR011349_MEGAHIT_TaxVamb.12
k79_7166 flag=1 multi=4.0000 len=1068	ERR011349_MEGAHIT_TaxVamb.12
k79_32358 flag=1 multi=4.0000 len=1236	ERR011349_MEGAHIT_TaxVamb.12
k79_34459 flag=1 multi=3.0000 len=1475	ERR011349_MEGAHIT_TaxVamb.12
k79_18643 flag=1 multi=40.0000 len=1366	ERR011349_MEGAHIT_TaxVamb.12
k79_1950 flag=1 multi=32.0000 len=1921	ERR011349_MEGAHIT_TaxVamb.12
k79_31223 flag=1 multi=7.0000 len=1445	ERR011349_MEGAHIT_TaxVamb.12
k79_33967 flag=1 multi=8.0000 len=1159	ERR011349_MEGAHIT_TaxVamb.12
k79_11762 flag=1 multi=13.0000 len=11963	ERR011349_MEGAHIT_TaxVamb.12
k79_35825 flag=1 multi=10.0000 len=2043	ERR011349_MEGAHIT_TaxVamb.12
k79_22741 flag=1 multi=8.0000 len=1283	ERR011349_MEGAHIT_TaxVamb.12
k79_28393 flag=1 multi=11.6198 len=1018	ERR011349_MEGAHIT_TaxVamb.12
k79_35360 flag=1 multi=6.0000 len=1200	ERR011349_MEGAHIT_TaxVamb.12
k79_2966 flag=1 multi=9.0000 len=2458	ERR011349_MEGAHIT_TaxVamb.12
k79_28626 flag=1 multi=10.0000 len=2459	ERR011349_MEGAHIT_TaxVamb.12
k79_16232 flag=1 multi=5.3888 len=1167	ERR011349_MEGAHIT_TaxVamb.12
k79_11185 flag=1 multi=5.0000 len=1020	ERR011349_MEGAHIT_TaxVamb.12
k79_25329 flag=0 multi=20.0000 len=1898	ERR011349_MEGAHIT_TaxVamb.12
k79_5418 flag=1 multi=12.0000 len=1635	ERR011349_MEGAHIT_TaxVamb.12
k79_7425 flag=1 multi=14.0000 len=1121	ERR011349_MEGAHIT_TaxVamb.12
k79_12567 flag=1 multi=5.0000 len=1397	ERR011349_MEGAHIT_TaxVamb.12
k79_6629 flag=1 multi=3.0000 len=1376	ERR011349_MEGAHIT_TaxVamb.12
k79_30196 flag=1 multi=7.0000 len=4370	ERR011349_MEGAHIT_TaxVamb.12
k79_16009 flag=1 multi=8.0000 len=1700	ERR011349_MEGAHIT_TaxVamb.12
k79_14797 flag=1 multi=13.0000 len=4634	ERR011349_MEGAHIT_TaxVamb.12
k79_16134 flag=1 multi=11.0000 len=1249	ERR011349_MEGAHIT_TaxVamb.12
k79_25261 flag=1 multi=6.0000 len=1110	ERR011349_MEGAHIT_TaxVamb.12
k79_28719 flag=1 multi=6.0000 len=3068	ERR011349_MEGAHIT_TaxVamb.12
k79_2892 flag=1 multi=5.0000 len=1365	ERR011349_MEGAHIT_TaxVamb.12
k79_28563 flag=1 multi=14.0000 len=1602	ERR011349_MEGAHIT_TaxVamb.12
k79_18793 flag=1 multi=7.0000 len=2133	ERR011349_MEGAHIT_TaxVamb.12
k79_24284 flag=1 multi=7.0000 len=2134	ERR011349_MEGAHIT_TaxVamb.12
k79_11969 flag=1 multi=11.0000 len=1586	ERR011349_MEGAHIT_TaxVamb.12
k79_1898 flag=1 multi=12.0000 len=1982	ERR011349_MEGAHIT_TaxVamb.12
k79_22317 flag=1 multi=3.0000 len=1101	ERR011349_MEGAHIT_TaxVamb.12
k79_10338 flag=1 multi=6.0000 len=1158	ERR011349_MEGAHIT_TaxVamb.12
k79_14267 flag=1 multi=6.0000 len=1098	ERR011349_MEGAHIT_TaxVamb.12
k79_11931 flag=1 multi=4.0000 len=1255	ERR011349_MEGAHIT_TaxVamb.12
k79_8104 flag=1 multi=4.0000 len=1003	ERR011349_MEGAHIT_TaxVamb.12
k79_6401 flag=1 multi=17.0000 len=1604	ERR011349_MEGAHIT_TaxVamb.12
k79_29284 flag=1 multi=22.0000 len=4011	ERR011349_MEGAHIT_TaxVamb.12
k79_21701 flag=1 multi=10.0000 len=2194	ERR011349_MEGAHIT_TaxVamb.12
k79_27780 flag=1 multi=8.0000 len=1058	ERR011349_MEGAHIT_TaxVamb.12
k79_24716 flag=1 multi=6.0000 len=1231	ERR011349_MEGAHIT_TaxVamb.12
k79_2375 flag=1 multi=6.0000 len=1688	ERR011349_MEGAHIT_TaxVamb.12
k79_2659 flag=1 multi=16.0000 len=8569	ERR011349_MEGAHIT_TaxVamb.12
k79_33611 flag=1 multi=7.0000 len=1124	ERR011349_MEGAHIT_TaxVamb.12
k79_14529 flag=1 multi=29.0000 len=1950	ERR011349_MEGAHIT_TaxVamb.12
k79_29966 flag=1 multi=12.0000 len=3314	ERR011349_MEGAHIT_TaxVamb.12
k79_22320 flag=1 multi=9.0000 len=2243	ERR011349_MEGAHIT_TaxVamb.12
k79_29133 flag=1 multi=4.0000 len=1119	ERR011349_MEGAHIT_TaxVamb.12
k79_36161 flag=1 multi=5.0000 len=1409	ERR011349_MEGAHIT_TaxVamb.12
k79_32197 flag=1 multi=12.0000 len=1092	ERR011349_MEGAHIT_TaxVamb.12
k79_480 flag=1 multi=10.0000 len=1194	ERR011349_MEGAHIT_TaxVamb.12
k79_32468 flag=1 multi=12.0000 len=5622	ERR011349_MEGAHIT_TaxVamb.12
k79_6743 flag=1 multi=3.0000 len=1482	ERR011349_MEGAHIT_TaxVamb.12
k79_9559 flag=1 multi=10.0000 len=2303	ERR011349_MEGAHIT_TaxVamb.12
k79_18326 flag=1 multi=11.0000 len=1378	ERR011349_MEGAHIT_TaxVamb.12
k79_29872 flag=1 multi=7.0000 len=1301	ERR011349_MEGAHIT_TaxVamb.12
k79_17491 flag=1 multi=25.0000 len=1251	ERR011349_MEGAHIT_TaxVamb.12
k79_23001 flag=1 multi=6.0000 len=2772	ERR011349_MEGAHIT_TaxVamb.12
k79_24050 flag=1 multi=5.0000 len=1047	ERR011349_MEGAHIT_TaxVamb.12
k79_25602 flag=1 multi=4.0000 len=1400	ERR011349_MEGAHIT_TaxVamb.12
k79_11782 flag=1 multi=5.0000 len=1179	ERR011349_MEGAHIT_TaxVamb.12
k79_28586 flag=1 multi=6.0000 len=1029	ERR011349_MEGAHIT_TaxVamb.12
k79_4245 flag=1 multi=33.0000 len=3531	ERR011349_MEGAHIT_TaxVamb.12
k79_23638 flag=1 multi=4.0000 len=1220	ERR011349_MEGAHIT_TaxVamb.12
k79_29526 flag=1 multi=6.0000 len=1876	ERR011349_MEGAHIT_TaxVamb.12
k79_17400 flag=1 multi=9.0000 len=1642	ERR011349_MEGAHIT_TaxVamb.12
k79_36245 flag=1 multi=4.0000 len=1551	ERR011349_MEGAHIT_TaxVamb.12
k79_2046 flag=1 multi=10.1430 len=1715	ERR011349_MEGAHIT_TaxVamb.12
k79_36067 flag=1 multi=9.0000 len=1230	ERR011349_MEGAHIT_TaxVamb.12
k79_26592 flag=1 multi=13.0000 len=1322	ERR011349_MEGAHIT_TaxVamb.12
k79_26836 flag=1 multi=8.0000 len=3048	ERR011349_MEGAHIT_TaxVamb.12
k79_34197 flag=1 multi=81.4101 len=2498	ERR011349_MEGAHIT_TaxVamb.12
k79_15468 flag=1 multi=13.0000 len=1073	ERR011349_MEGAHIT_TaxVamb.12
k79_20020 flag=1 multi=4.0000 len=1255	ERR011349_MEGAHIT_TaxVamb.12
k79_29678 flag=1 multi=6.0000 len=1947	ERR011349_MEGAHIT_TaxVamb.12
k79_26713 flag=1 multi=17.0000 len=1315	ERR011349_MEGAHIT_TaxVamb.12
k79_6993 flag=1 multi=5.0000 len=1140	ERR011349_MEGAHIT_TaxVamb.12
k79_7504 flag=1 multi=4.0000 len=1270	ERR011349_MEGAHIT_TaxVamb.12
k79_22669 flag=1 multi=8.0000 len=1138	ERR011349_MEGAHIT_TaxVamb.12
k79_33787 flag=1 multi=12.0000 len=2296	ERR011349_MEGAHIT_TaxVamb.12
k79_10122 flag=1 multi=8.0000 len=1136	ERR011349_MEGAHIT_TaxVamb.12
k79_36282 flag=1 multi=14.0000 len=2039	ERR011349_MEGAHIT_TaxVamb.12
k79_23514 flag=1 multi=6.0000 len=1206	ERR011349_MEGAHIT_TaxVamb.12
k79_32749 flag=1 multi=10.0000 len=1031	ERR011349_MEGAHIT_TaxVamb.12
k79_27325 flag=1 multi=13.0000 len=2187	ERR011349_MEGAHIT_TaxVamb.12
k79_14507 flag=1 multi=59.0000 len=3143	ERR011349_MEGAHIT_TaxVamb.12
k79_1682 flag=1 multi=3.0000 len=1086	ERR011349_MEGAHIT_TaxVamb.12
k79_14298 flag=1 multi=5.0000 len=1056	ERR011349_MEGAHIT_TaxVamb.12
k79_10845 flag=1 multi=34.0000 len=1611	ERR011349_MEGAHIT_TaxVamb.12
k79_20848 flag=1 multi=8.0000 len=2374	ERR011349_MEGAHIT_TaxVamb.12
k79_21790 flag=1 multi=3.0000 len=1239	ERR011349_MEGAHIT_TaxVamb.12
k79_26964 flag=1 multi=10.0000 len=2747	ERR011349_MEGAHIT_TaxVamb.12
k79_35066 flag=1 multi=5.0000 len=1023	ERR011349_MEGAHIT_TaxVamb.12
k79_36608 flag=1 multi=12.0000 len=1285	ERR011349_MEGAHIT_TaxVamb.12
k79_36485 flag=1 multi=9.0000 len=2858	ERR011349_MEGAHIT_TaxVamb.12
k79_4109 flag=1 multi=5.0000 len=1418	ERR011349_MEGAHIT_TaxVamb.12
k79_4324 flag=1 multi=11.3229 len=1005	ERR011349_MEGAHIT_TaxVamb.12
k79_32064 flag=1 multi=15.0000 len=2698	ERR011349_MEGAHIT_TaxVamb.12
k79_23795 flag=1 multi=4.0000 len=1061	ERR011349_MEGAHIT_TaxVamb.12
k79_28071 flag=1 multi=6.0000 len=1096	ERR011349_MEGAHIT_TaxVamb.12
k79_31345 flag=1 multi=10.0000 len=1019	ERR011349_MEGAHIT_TaxVamb.12
k79_16457 flag=1 multi=7.0000 len=1019	ERR011349_MEGAHIT_TaxVamb.12
k79_7671 flag=1 multi=8.0000 len=1111	ERR011349_MEGAHIT_TaxVamb.12
k79_26528 flag=1 multi=7.0000 len=1236	ERR011349_MEGAHIT_TaxVamb.12
k79_24078 flag=1 multi=5.0000 len=1206	ERR011349_MEGAHIT_TaxVamb.12
k79_1324 flag=1 multi=9.0000 len=2641	ERR011349_MEGAHIT_TaxVamb.12
k79_35859 flag=1 multi=8.9188 len=1927	ERR011349_MEGAHIT_TaxVamb.12
k79_3999 flag=1 multi=4.0000 len=1631	ERR011349_MEGAHIT_TaxVamb.12
k79_14593 flag=1 multi=4.0000 len=1089	ERR011349_MEGAHIT_TaxVamb.12
k79_34818 flag=1 multi=7.0000 len=1009	ERR011349_MEGAHIT_TaxVamb.12
k79_5106 flag=1 multi=7.0000 len=1039	ERR011349_MEGAHIT_TaxVamb.12
k79_20646 flag=1 multi=13.0000 len=1323	ERR011349_MEGAHIT_TaxVamb.12
k79_8671 flag=1 multi=5.0000 len=1641	ERR011349_MEGAHIT_TaxVamb.12
k79_35819 flag=1 multi=11.0000 len=1676	ERR011349_MEGAHIT_TaxVamb.12
k79_33442 flag=1 multi=11.0000 len=1614	ERR011349_MEGAHIT_TaxVamb.12
k79_21948 flag=1 multi=13.0000 len=1652	ERR011349_MEGAHIT_TaxVamb.12
k79_1125 flag=1 multi=11.0000 len=1094	ERR011349_MEGAHIT_TaxVamb.12
k79_24751 flag=1 multi=5.0000 len=1324	ERR011349_MEGAHIT_TaxVamb.12
k79_12287 flag=1 multi=16.0000 len=4008	ERR011349_MEGAHIT_TaxVamb.13
k79_1988 flag=1 multi=21.0000 len=2515	ERR011349_MEGAHIT_TaxVamb.14
k79_23991 flag=1 multi=19.0000 len=2807	ERR011349_MEGAHIT_TaxVamb.14
k79_28594 flag=1 multi=18.0000 len=1307	ERR011349_MEGAHIT_TaxVamb.14
k79_8096 flag=1 multi=15.0000 len=1314	ERR011349_MEGAHIT_TaxVamb.14
k79_5258 flag=1 multi=49.0000 len=2262	ERR011349_MEGAHIT_TaxVamb.14
k79_13835 flag=1 multi=16.0000 len=3269	ERR011349_MEGAHIT_TaxVamb.14
k79_16899 flag=1 multi=101.0000 len=1364	ERR011349_MEGAHIT_TaxVamb.14
k79_9556 flag=1 multi=22.0000 len=4888	ERR011349_MEGAHIT_TaxVamb.14
k79_6462 flag=1 multi=23.0000 len=6059	ERR011349_MEGAHIT_TaxVamb.14
k79_13603 flag=1 multi=29.2500 len=1007	ERR011349_MEGAHIT_TaxVamb.14
k79_6762 flag=1 multi=18.0000 len=5600	ERR011349_MEGAHIT_TaxVamb.14
k79_7942 flag=1 multi=21.0000 len=2952	ERR011349_MEGAHIT_TaxVamb.14
k79_8157 flag=1 multi=27.0000 len=1573	ERR011349_MEGAHIT_TaxVamb.14
k79_7902 flag=1 multi=22.0000 len=1055	ERR011349_MEGAHIT_TaxVamb.14
k79_2883 flag=1 multi=40.0319 len=1144	ERR011349_MEGAHIT_TaxVamb.14
k79_10491 flag=1 multi=148.0000 len=1168	ERR011349_MEGAHIT_TaxVamb.14
k79_10561 flag=1 multi=30.0000 len=1537	ERR011349_MEGAHIT_TaxVamb.14
k79_10126 flag=1 multi=29.0000 len=5016	ERR011349_MEGAHIT_TaxVamb.14
k79_36080 flag=1 multi=6.0000 len=3141	ERR011349_MEGAHIT_TaxVamb.15
k79_19885 flag=1 multi=9.0000 len=2861	ERR011349_MEGAHIT_TaxVamb.16
k79_10346 flag=1 multi=8.0000 len=2564	ERR011349_MEGAHIT_TaxVamb.17
k79_19131 flag=1 multi=6.0000 len=2458	ERR011349_MEGAHIT_TaxVamb.18
k79_29583 flag=1 multi=31.0000 len=2209	ERR011349_MEGAHIT_TaxVamb.19
k79_1827 flag=1 multi=21.0000 len=1130	ERR011349_MEGAHIT_TaxVamb.19
k79_22831 flag=1 multi=30.9864 len=44269	ERR011349_MEGAHIT_TaxVamb.1
k79_22524 flag=1 multi=33.0000 len=4447	ERR011349_MEGAHIT_TaxVamb.1
k79_10604 flag=1 multi=28.0000 len=17561	ERR011349_MEGAHIT_TaxVamb.1
k79_10462 flag=1 multi=30.0000 len=4005	ERR011349_MEGAHIT_TaxVamb.1
k79_26449 flag=1 multi=32.1504 len=6477	ERR011349_MEGAHIT_TaxVamb.1
k79_7769 flag=1 multi=29.9747 len=61965	ERR011349_MEGAHIT_TaxVamb.1
k79_24272 flag=1 multi=32.0000 len=10446	ERR011349_MEGAHIT_TaxVamb.1
k79_16821 flag=0 multi=29.9106 len=6568	ERR011349_MEGAHIT_TaxVamb.1
k79_30054 flag=1 multi=31.7128 len=6016	ERR011349_MEGAHIT_TaxVamb.1
k79_8893 flag=1 multi=31.0000 len=10445	ERR011349_MEGAHIT_TaxVamb.1
k79_23856 flag=0 multi=27.8202 len=6686	ERR011349_MEGAHIT_TaxVamb.1
k79_708 flag=1 multi=29.0000 len=6253	ERR011349_MEGAHIT_TaxVamb.1
k79_21281 flag=1 multi=32.0000 len=23130	ERR011349_MEGAHIT_TaxVamb.1
k79_8815 flag=1 multi=31.0000 len=97047	ERR011349_MEGAHIT_TaxVamb.1
k79_4623 flag=1 multi=31.0000 len=7471	ERR011349_MEGAHIT_TaxVamb.1
k79_12107 flag=1 multi=24.6353 len=1269	ERR011349_MEGAHIT_TaxVamb.1
k79_26306 flag=1 multi=29.9435 len=26914	ERR011349_MEGAHIT_TaxVamb.1
k79_29554 flag=1 multi=31.0000 len=17195	ERR011349_MEGAHIT_TaxVamb.1
k79_17817 flag=1 multi=30.0000 len=26590	ERR011349_MEGAHIT_TaxVamb.1
k79_29998 flag=1 multi=31.0000 len=19967	ERR011349_MEGAHIT_TaxVamb.1
k79_26973 flag=1 multi=27.0000 len=8071	ERR011349_MEGAHIT_TaxVamb.1
k79_15523 flag=1 multi=30.6636 len=15713	ERR011349_MEGAHIT_TaxVamb.1
k79_7084 flag=1 multi=32.0000 len=4313	ERR011349_MEGAHIT_TaxVamb.1
k79_8141 flag=1 multi=30.8009 len=8669	ERR011349_MEGAHIT_TaxVamb.1
k79_25608 flag=1 multi=29.0000 len=25865	ERR011349_MEGAHIT_TaxVamb.1
k79_4342 flag=1 multi=30.0000 len=23035	ERR011349_MEGAHIT_TaxVamb.1
k79_19581 flag=1 multi=28.0000 len=6965	ERR011349_MEGAHIT_TaxVamb.1
k79_2711 flag=1 multi=30.9772 len=36984	ERR011349_MEGAHIT_TaxVamb.1
k79_12065 flag=0 multi=37.2274 len=6411	ERR011349_MEGAHIT_TaxVamb.1
k79_29296 flag=1 multi=12.0000 len=3830	ERR011349_MEGAHIT_TaxVamb.1
k79_22821 flag=1 multi=31.0000 len=16120	ERR011349_MEGAHIT_TaxVamb.1
k79_8866 flag=1 multi=28.0000 len=14014	ERR011349_MEGAHIT_TaxVamb.1
k79_20005 flag=1 multi=29.0000 len=24339	ERR011349_MEGAHIT_TaxVamb.1
k79_953 flag=1 multi=28.0000 len=4694	ERR011349_MEGAHIT_TaxVamb.1
k79_34502 flag=1 multi=30.0000 len=8772	ERR011349_MEGAHIT_TaxVamb.1
k79_22430 flag=1 multi=30.1078 len=56325	ERR011349_MEGAHIT_TaxVamb.1
k79_22856 flag=1 multi=27.0000 len=2264	ERR011349_MEGAHIT_TaxVamb.1
k79_3611 flag=1 multi=29.0000 len=19381	ERR011349_MEGAHIT_TaxVamb.1
k79_7475 flag=0 multi=23.4232 len=1674	ERR011349_MEGAHIT_TaxVamb.1
k79_7913 flag=1 multi=20.0000 len=1059	ERR011349_MEGAHIT_TaxVamb.1
k79_28355 flag=0 multi=30.0000 len=13503	ERR011349_MEGAHIT_TaxVamb.1
k79_11598 flag=1 multi=32.0000 len=30556	ERR011349_MEGAHIT_TaxVamb.1
k79_31847 flag=1 multi=30.0000 len=24882	ERR011349_MEGAHIT_TaxVamb.1
k79_23054 flag=1 multi=31.0000 len=31336	ERR011349_MEGAHIT_TaxVamb.1
k79_7533 flag=1 multi=30.0000 len=16703	ERR011349_MEGAHIT_TaxVamb.1
k79_11485 flag=1 multi=28.0000 len=14685	ERR011349_MEGAHIT_TaxVamb.1
k79_1106 flag=1 multi=30.0000 len=49655	ERR011349_MEGAHIT_TaxVamb.1
k79_26569 flag=1 multi=24.9522 len=1335	ERR011349_MEGAHIT_TaxVamb.1
k79_34666 flag=1 multi=30.0000 len=28440	ERR011349_MEGAHIT_TaxVamb.1
k79_13088 flag=1 multi=28.0090 len=6185	ERR011349_MEGAHIT_TaxVamb.1
k79_12775 flag=1 multi=32.0000 len=27663	ERR011349_MEGAHIT_TaxVamb.1
k79_7394 flag=1 multi=27.0000 len=1798	ERR011349_MEGAHIT_TaxVamb.1
k79_7464 flag=0 multi=39.4613 len=2975	ERR011349_MEGAHIT_TaxVamb.1
k79_11303 flag=1 multi=30.7174 len=19742	ERR011349_MEGAHIT_TaxVamb.1
k79_10805 flag=1 multi=29.0000 len=22109	ERR011349_MEGAHIT_TaxVamb.1
k79_28337 flag=1 multi=29.0000 len=2698	ERR011349_MEGAHIT_TaxVamb.1
k79_34309 flag=1 multi=30.0000 len=31723	ERR011349_MEGAHIT_TaxVamb.1
k79_6663 flag=1 multi=31.0000 len=23199	ERR011349_MEGAHIT_TaxVamb.1
k79_35160 flag=1 multi=29.0000 len=2210	ERR011349_MEGAHIT_TaxVamb.1
k79_9552 flag=1 multi=28.7924 len=16666	ERR011349_MEGAHIT_TaxVamb.1
k79_10641 flag=1 multi=30.0000 len=16238	ERR011349_MEGAHIT_TaxVamb.1
k79_26676 flag=1 multi=31.0000 len=24743	ERR011349_MEGAHIT_TaxVamb.1
k79_234 flag=1 multi=29.0000 len=13185	ERR011349_MEGAHIT_TaxVamb.1
k79_18541 flag=1 multi=31.0753 len=15418	ERR011349_MEGAHIT_TaxVamb.1
k79_29424 flag=1 multi=32.0000 len=38846	ERR011349_MEGAHIT_TaxVamb.1
k79_24903 flag=1 multi=28.9498 len=40827	ERR011349_MEGAHIT_TaxVamb.1
k79_29916 flag=1 multi=30.0000 len=26272	ERR011349_MEGAHIT_TaxVamb.1
k79_11985 flag=0 multi=26.0000 len=1210	ERR011349_MEGAHIT_TaxVamb.1
k79_26035 flag=1 multi=31.0000 len=1797	ERR011349_MEGAHIT_TaxVamb.1
k79_13355 flag=1 multi=26.0000 len=3033	ERR011349_MEGAHIT_TaxVamb.1
k79_15141 flag=1 multi=29.0000 len=9214	ERR011349_MEGAHIT_TaxVamb.1
k79_19395 flag=1 multi=7.0000 len=2145	ERR011349_MEGAHIT_TaxVamb.20
k79_15566 flag=1 multi=6.0000 len=2046	ERR011349_MEGAHIT_TaxVamb.21
k79_31167 flag=1 multi=7.0000 len=2011	ERR011349_MEGAHIT_TaxVamb.22
k79_14243 flag=1 multi=6.0000 len=1901	ERR011349_MEGAHIT_TaxVamb.23
k79_33753 flag=1 multi=7.0000 len=1898	ERR011349_MEGAHIT_TaxVamb.24
k79_21632 flag=1 multi=6.0000 len=1828	ERR011349_MEGAHIT_TaxVamb.25
k79_11263 flag=1 multi=37.0000 len=1803	ERR011349_MEGAHIT_TaxVamb.26
k79_10475 flag=1 multi=5.0000 len=1758	ERR011349_MEGAHIT_TaxVamb.27
k79_8298 flag=1 multi=4.0000 len=1748	ERR011349_MEGAHIT_TaxVamb.28
k79_31813 flag=1 multi=5.0000 len=1738	ERR011349_MEGAHIT_TaxVamb.29
k79_4002 flag=1 multi=28.0000 len=1557	ERR011349_MEGAHIT_TaxVamb.2
k79_20364 flag=1 multi=34.0000 len=10471	ERR011349_MEGAHIT_TaxVamb.2
k79_11202 flag=1 multi=27.0000 len=3056	ERR011349_MEGAHIT_TaxVamb.2
k79_10834 flag=1 multi=25.0000 len=6077	ERR011349_MEGAHIT_TaxVamb.2
k79_30275 flag=1 multi=27.0000 len=1987	ERR011349_MEGAHIT_TaxVamb.2
k79_18275 flag=1 multi=31.0000 len=9385	ERR011349_MEGAHIT_TaxVamb.2
k79_8041 flag=1 multi=27.0000 len=1657	ERR011349_MEGAHIT_TaxVamb.2
k79_30078 flag=1 multi=31.0000 len=3755	ERR011349_MEGAHIT_TaxVamb.2
k79_33998 flag=1 multi=28.0000 len=5681	ERR011349_MEGAHIT_TaxVamb.2
k79_29355 flag=1 multi=29.0000 len=7234	ERR011349_MEGAHIT_TaxVamb.2
k79_13351 flag=1 multi=22.0000 len=3117	ERR011349_MEGAHIT_TaxVamb.2
k79_8766 flag=0 multi=21.2768 len=3240	ERR011349_MEGAHIT_TaxVamb.2
k79_22429 flag=1 multi=45.0000 len=9743	ERR011349_MEGAHIT_TaxVamb.2
k79_9656 flag=1 multi=26.0000 len=9328	ERR011349_MEGAHIT_TaxVamb.2
k79_15870 flag=1 multi=49.0222 len=7240	ERR011349_MEGAHIT_TaxVamb.2
k79_23613 flag=1 multi=8.0000 len=2106	ERR011349_MEGAHIT_TaxVamb.2
k79_26749 flag=1 multi=45.0000 len=12741	ERR011349_MEGAHIT_TaxVamb.2
k79_272 flag=1 multi=33.0000 len=12061	ERR011349_MEGAHIT_TaxVamb.2
k79_33900 flag=1 multi=31.0000 len=10281	ERR011349_MEGAHIT_TaxVamb.2
k79_2824 flag=1 multi=27.0000 len=2635	ERR011349_MEGAHIT_TaxVamb.2
k79_2257 flag=1 multi=38.1853 len=14073	ERR011349_MEGAHIT_TaxVamb.2
k79_2897 flag=0 multi=41.9208 len=10438	ERR011349_MEGAHIT_TaxVamb.2
k79_25303 flag=0 multi=59.7914 len=5737	ERR011349_MEGAHIT_TaxVamb.2
k79_35466 flag=1 multi=30.7309 len=1398	ERR011349_MEGAHIT_TaxVamb.2
k79_10894 flag=1 multi=27.0000 len=15840	ERR011349_MEGAHIT_TaxVamb.2
k79_4224 flag=1 multi=20.0000 len=1313	ERR011349_MEGAHIT_TaxVamb.2
k79_14881 flag=1 multi=36.0000 len=5750	ERR011349_MEGAHIT_TaxVamb.2
k79_26162 flag=1 multi=27.0000 len=1780	ERR011349_MEGAHIT_TaxVamb.2
k79_28885 flag=1 multi=21.0000 len=1824	ERR011349_MEGAHIT_TaxVamb.2
k79_22531 flag=1 multi=31.0000 len=11314	ERR011349_MEGAHIT_TaxVamb.2
k79_6681 flag=1 multi=22.0000 len=4140	ERR011349_MEGAHIT_TaxVamb.2
k79_20682 flag=1 multi=27.0000 len=14366	ERR011349_MEGAHIT_TaxVamb.2
k79_29620 flag=1 multi=28.0000 len=9531	ERR011349_MEGAHIT_TaxVamb.2
k79_25370 flag=1 multi=29.0000 len=8436	ERR011349_MEGAHIT_TaxVamb.2
k79_27381 flag=1 multi=46.6091 len=4172	ERR011349_MEGAHIT_TaxVamb.2
k79_32560 flag=1 multi=35.1399 len=5141	ERR011349_MEGAHIT_TaxVamb.2
k79_5635 flag=1 multi=39.0000 len=7298	ERR011349_MEGAHIT_TaxVamb.2
k79_28074 flag=1 multi=28.0000 len=9229	ERR011349_MEGAHIT_TaxVamb.2
k79_5596 flag=1 multi=33.0000 len=10986	ERR011349_MEGAHIT_TaxVamb.2
k79_6293 flag=1 multi=33.0000 len=37217	ERR011349_MEGAHIT_TaxVamb.2
k79_26225 flag=0 multi=25.7654 len=1132	ERR011349_MEGAHIT_TaxVamb.2
k79_651 flag=1 multi=24.0000 len=8428	ERR011349_MEGAHIT_TaxVamb.2
k79_32309 flag=1 multi=24.0000 len=4361	ERR011349_MEGAHIT_TaxVamb.2
k79_12293 flag=1 multi=22.0000 len=2415	ERR011349_MEGAHIT_TaxVamb.2
k79_54 flag=1 multi=30.0000 len=3533	ERR011349_MEGAHIT_TaxVamb.2
k79_24269 flag=1 multi=23.0000 len=10770	ERR011349_MEGAHIT_TaxVamb.2
k79_2974 flag=1 multi=28.0000 len=3548	ERR011349_MEGAHIT_TaxVamb.2
k79_33917 flag=1 multi=23.0000 len=2600	ERR011349_MEGAHIT_TaxVamb.2
k79_35219 flag=1 multi=23.0000 len=1765	ERR011349_MEGAHIT_TaxVamb.2
k79_28493 flag=1 multi=28.0000 len=3291	ERR011349_MEGAHIT_TaxVamb.2
k79_12426 flag=1 multi=28.0000 len=1355	ERR011349_MEGAHIT_TaxVamb.2
k79_3152 flag=1 multi=30.0000 len=6360	ERR011349_MEGAHIT_TaxVamb.2
k79_29047 flag=1 multi=30.0000 len=2561	ERR011349_MEGAHIT_TaxVamb.2
k79_32364 flag=1 multi=33.0000 len=10517	ERR011349_MEGAHIT_TaxVamb.2
k79_31724 flag=1 multi=27.0000 len=5524	ERR011349_MEGAHIT_TaxVamb.2
k79_7388 flag=1 multi=41.0000 len=2054	ERR011349_MEGAHIT_TaxVamb.2
k79_33981 flag=1 multi=22.1472 len=2586	ERR011349_MEGAHIT_TaxVamb.2
k79_14466 flag=1 multi=26.0000 len=16430	ERR011349_MEGAHIT_TaxVamb.2
k79_28197 flag=1 multi=31.0000 len=3503	ERR011349_MEGAHIT_TaxVamb.2
k79_15563 flag=1 multi=23.0000 len=1067	ERR011349_MEGAHIT_TaxVamb.2
k79_17726 flag=1 multi=30.0000 len=3788	ERR011349_MEGAHIT_TaxVamb.2
k79_1220 flag=1 multi=19.0000 len=2049	ERR011349_MEGAHIT_TaxVamb.2
k79_33276 flag=1 multi=43.9746 len=1813	ERR011349_MEGAHIT_TaxVamb.2
k79_22057 flag=1 multi=17.0000 len=1206	ERR011349_MEGAHIT_TaxVamb.2
k79_28739 flag=1 multi=31.0000 len=8857	ERR011349_MEGAHIT_TaxVamb.2
k79_7947 flag=1 multi=30.0000 len=2840	ERR011349_MEGAHIT_TaxVamb.2
k79_32281 flag=1 multi=17.0000 len=1768	ERR011349_MEGAHIT_TaxVamb.2
k79_25003 flag=1 multi=33.0000 len=2824	ERR011349_MEGAHIT_TaxVamb.2
k79_13369 flag=1 multi=29.0000 len=7360	ERR011349_MEGAHIT_TaxVamb.2
k79_7880 flag=1 multi=33.0000 len=5836	ERR011349_MEGAHIT_TaxVamb.2
k79_25519 flag=1 multi=21.0000 len=1734	ERR011349_MEGAHIT_TaxVamb.2
k79_34829 flag=1 multi=7.0000 len=1384	ERR011349_MEGAHIT_TaxVamb.2
k79_28523 flag=1 multi=7.0000 len=1437	ERR011349_MEGAHIT_TaxVamb.2
k79_23897 flag=1 multi=9.0000 len=5208	ERR011349_MEGAHIT_TaxVamb.2
k79_35913 flag=1 multi=39.0000 len=1911	ERR011349_MEGAHIT_TaxVamb.2
k79_35417 flag=1 multi=28.0000 len=11880	ERR011349_MEGAHIT_TaxVamb.2
k79_2561 flag=1 multi=38.0000 len=6597	ERR011349_MEGAHIT_TaxVamb.2
k79_29807 flag=1 multi=7.0000 len=1024	ERR011349_MEGAHIT_TaxVamb.2
k79_24276 flag=1 multi=31.0000 len=12994	ERR011349_MEGAHIT_TaxVamb.2
k79_36408 flag=0 multi=52.0588 len=3121	ERR011349_MEGAHIT_TaxVamb.2
k79_4402 flag=1 multi=24.0000 len=2397	ERR011349_MEGAHIT_TaxVamb.2
k79_11586 flag=1 multi=19.0000 len=1095	ERR011349_MEGAHIT_TaxVamb.2
k79_34311 flag=1 multi=28.0000 len=13142	ERR011349_MEGAHIT_TaxVamb.2
k79_13930 flag=1 multi=29.0000 len=4178	ERR011349_MEGAHIT_TaxVamb.2
k79_5182 flag=1 multi=24.0000 len=4467	ERR011349_MEGAHIT_TaxVamb.2
k79_20907 flag=1 multi=21.0000 len=1030	ERR011349_MEGAHIT_TaxVamb.2
k79_20128 flag=1 multi=30.0000 len=2601	ERR011349_MEGAHIT_TaxVamb.2
k79_33685 flag=1 multi=26.0000 len=7376	ERR011349_MEGAHIT_TaxVamb.2
k79_2527 flag=1 multi=44.0000 len=2250	ERR011349_MEGAHIT_TaxVamb.2
k79_18023 flag=1 multi=31.0000 len=2267	ERR011349_MEGAHIT_TaxVamb.2
k79_22843 flag=1 multi=30.0000 len=3734	ERR011349_MEGAHIT_TaxVamb.2
k79_5504 flag=1 multi=27.0000 len=7013	ERR011349_MEGAHIT_TaxVamb.2
k79_31385 flag=1 multi=30.0000 len=5681	ERR011349_MEGAHIT_TaxVamb.2
k79_12249 flag=1 multi=16.0000 len=1162	ERR011349_MEGAHIT_TaxVamb.2
k79_14242 flag=1 multi=33.0000 len=8151	ERR011349_MEGAHIT_TaxVamb.2
k79_13884 flag=1 multi=29.0000 len=3934	ERR011349_MEGAHIT_TaxVamb.2
k79_36470 flag=1 multi=32.0000 len=5826	ERR011349_MEGAHIT_TaxVamb.2
k79_11776 flag=1 multi=43.0000 len=1696	ERR011349_MEGAHIT_TaxVamb.2
k79_16181 flag=1 multi=38.0000 len=24835	ERR011349_MEGAHIT_TaxVamb.2
k79_12597 flag=1 multi=28.0000 len=6620	ERR011349_MEGAHIT_TaxVamb.2
k79_36086 flag=1 multi=25.0000 len=5096	ERR011349_MEGAHIT_TaxVamb.2
k79_34590 flag=1 multi=31.0000 len=4038	ERR011349_MEGAHIT_TaxVamb.2
k79_34409 flag=1 multi=26.0000 len=3306	ERR011349_MEGAHIT_TaxVamb.2
k79_36557 flag=1 multi=30.0000 len=7145	ERR011349_MEGAHIT_TaxVamb.2
k79_1073 flag=1 multi=34.0000 len=7873	ERR011349_MEGAHIT_TaxVamb.2
k79_17596 flag=1 multi=29.0000 len=4232	ERR011349_MEGAHIT_TaxVamb.2
k79_28860 flag=1 multi=33.0000 len=5575	ERR011349_MEGAHIT_TaxVamb.2
k79_21536 flag=1 multi=31.0000 len=16709	ERR011349_MEGAHIT_TaxVamb.2
k79_9021 flag=1 multi=41.0000 len=12686	ERR011349_MEGAHIT_TaxVamb.2
k79_29913 flag=1 multi=28.0000 len=3421	ERR011349_MEGAHIT_TaxVamb.2
k79_17149 flag=1 multi=28.0000 len=6099	ERR011349_MEGAHIT_TaxVamb.2
k79_24005 flag=1 multi=26.0000 len=7910	ERR011349_MEGAHIT_TaxVamb.2
k79_15524 flag=1 multi=19.0000 len=1248	ERR011349_MEGAHIT_TaxVamb.2
k79_12805 flag=1 multi=46.0000 len=3907	ERR011349_MEGAHIT_TaxVamb.2
k79_10073 flag=1 multi=29.0000 len=13851	ERR011349_MEGAHIT_TaxVamb.2
k79_3636 flag=1 multi=39.0000 len=2699	ERR011349_MEGAHIT_TaxVamb.2
k79_8732 flag=1 multi=26.0000 len=10320	ERR011349_MEGAHIT_TaxVamb.2
k79_3662 flag=1 multi=76.4342 len=1355	ERR011349_MEGAHIT_TaxVamb.2
k79_4580 flag=1 multi=28.0000 len=8054	ERR011349_MEGAHIT_TaxVamb.2
k79_24826 flag=1 multi=30.0000 len=11618	ERR011349_MEGAHIT_TaxVamb.2
k79_25658 flag=1 multi=24.0000 len=3279	ERR011349_MEGAHIT_TaxVamb.2
k79_35632 flag=1 multi=33.0000 len=9818	ERR011349_MEGAHIT_TaxVamb.2
k79_21239 flag=1 multi=25.0000 len=3687	ERR011349_MEGAHIT_TaxVamb.2
k79_3601 flag=1 multi=28.0000 len=9718	ERR011349_MEGAHIT_TaxVamb.2
k79_35572 flag=1 multi=28.0000 len=6921	ERR011349_MEGAHIT_TaxVamb.2
k79_5125 flag=1 multi=44.0000 len=1069	ERR011349_MEGAHIT_TaxVamb.2
k79_7531 flag=1 multi=29.0000 len=11704	ERR011349_MEGAHIT_TaxVamb.2
k79_26637 flag=1 multi=27.0000 len=5201	ERR011349_MEGAHIT_TaxVamb.2
k79_32681 flag=1 multi=12.0000 len=2432	ERR011349_MEGAHIT_TaxVamb.2
k79_13384 flag=0 multi=34.7563 len=2869	ERR011349_MEGAHIT_TaxVamb.2
k79_1935 flag=1 multi=34.0000 len=22884	ERR011349_MEGAHIT_TaxVamb.2
k79_22309 flag=1 multi=30.0000 len=6058	ERR011349_MEGAHIT_TaxVamb.2
k79_10354 flag=1 multi=38.0000 len=2321	ERR011349_MEGAHIT_TaxVamb.2
k79_6577 flag=1 multi=38.0000 len=3525	ERR011349_MEGAHIT_TaxVamb.2
k79_18742 flag=1 multi=25.0000 len=9476	ERR011349_MEGAHIT_TaxVamb.2
k79_29967 flag=1 multi=30.0000 len=3190	ERR011349_MEGAHIT_TaxVamb.2
k79_5649 flag=1 multi=29.0000 len=3108	ERR011349_MEGAHIT_TaxVamb.2
k79_17828 flag=1 multi=26.0000 len=4021	ERR011349_MEGAHIT_TaxVamb.2
k79_2760 flag=0 multi=24.8284 len=2877	ERR011349_MEGAHIT_TaxVamb.2
k79_24313 flag=1 multi=44.0000 len=16438	ERR011349_MEGAHIT_TaxVamb.2
k79_7459 flag=1 multi=25.0000 len=3560	ERR011349_MEGAHIT_TaxVamb.2
k79_4229 flag=1 multi=30.0000 len=3373	ERR011349_MEGAHIT_TaxVamb.2
k79_13756 flag=1 multi=38.0000 len=4493	ERR011349_MEGAHIT_TaxVamb.2
k79_22321 flag=1 multi=31.0000 len=9181	ERR011349_MEGAHIT_TaxVamb.2
k79_9219 flag=1 multi=22.0000 len=4135	ERR011349_MEGAHIT_TaxVamb.2
k79_14618 flag=1 multi=33.0000 len=7221	ERR011349_MEGAHIT_TaxVamb.2
k79_16506 flag=1 multi=27.0000 len=2639	ERR011349_MEGAHIT_TaxVamb.2
k79_20142 flag=1 multi=26.0000 len=13465	ERR011349_MEGAHIT_TaxVamb.2
k79_19849 flag=1 multi=31.0000 len=1010	ERR011349_MEGAHIT_TaxVamb.2
k79_281 flag=1 multi=28.0000 len=4879	ERR011349_MEGAHIT_TaxVamb.2
k79_23378 flag=0 multi=35.0000 len=1144	ERR011349_MEGAHIT_TaxVamb.2
k79_20980 flag=1 multi=35.0000 len=2970	ERR011349_MEGAHIT_TaxVamb.2
k79_11130 flag=0 multi=43.7190 len=3933	ERR011349_MEGAHIT_TaxVamb.2
k79_26105 flag=1 multi=17.0000 len=14856	ERR011349_MEGAHIT_TaxVamb.2
k79_31384 flag=1 multi=26.0000 len=6948	ERR011349_MEGAHIT_TaxVamb.2
k79_26382 flag=1 multi=27.0000 len=1717	ERR011349_MEGAHIT_TaxVamb.2
k79_7799 flag=1 multi=27.0000 len=9476	ERR011349_MEGAHIT_TaxVamb.2
k79_33807 flag=1 multi=24.0000 len=4407	ERR011349_MEGAHIT_TaxVamb.2
k79_29873 flag=1 multi=34.0000 len=1498	ERR011349_MEGAHIT_TaxVamb.2
k79_31158 flag=1 multi=24.0000 len=3925	ERR011349_MEGAHIT_TaxVamb.2
k79_4221 flag=1 multi=31.0000 len=3593	ERR011349_MEGAHIT_TaxVamb.2
k79_5982 flag=1 multi=38.7601 len=4539	ERR011349_MEGAHIT_TaxVamb.2
k79_21380 flag=0 multi=36.4758 len=3990	ERR011349_MEGAHIT_TaxVamb.2
k79_15153 flag=1 multi=25.0000 len=10367	ERR011349_MEGAHIT_TaxVamb.2
k79_28935 flag=1 multi=23.0000 len=5127	ERR011349_MEGAHIT_TaxVamb.2
k79_13878 flag=1 multi=26.0000 len=20413	ERR011349_MEGAHIT_TaxVamb.2
k79_36680 flag=1 multi=27.0000 len=4357	ERR011349_MEGAHIT_TaxVamb.2
k79_24373 flag=1 multi=26.0000 len=4265	ERR011349_MEGAHIT_TaxVamb.2
k79_22071 flag=1 multi=18.0000 len=3270	ERR011349_MEGAHIT_TaxVamb.2
k79_143 flag=1 multi=30.0000 len=4893	ERR011349_MEGAHIT_TaxVamb.2
k79_20357 flag=1 multi=27.0000 len=2259	ERR011349_MEGAHIT_TaxVamb.2
k79_9816 flag=1 multi=35.8724 len=2179	ERR011349_MEGAHIT_TaxVamb.2
k79_21480 flag=1 multi=32.0000 len=10505	ERR011349_MEGAHIT_TaxVamb.2
k79_33671 flag=1 multi=25.0000 len=3653	ERR011349_MEGAHIT_TaxVamb.2
k79_22411 flag=1 multi=26.0000 len=12549	ERR011349_MEGAHIT_TaxVamb.2
k79_24438 flag=1 multi=28.0000 len=2301	ERR011349_MEGAHIT_TaxVamb.2
k79_18446 flag=1 multi=32.0000 len=3583	ERR011349_MEGAHIT_TaxVamb.2
k79_15078 flag=1 multi=35.0000 len=1078	ERR011349_MEGAHIT_TaxVamb.2
k79_29351 flag=1 multi=31.0000 len=9955	ERR011349_MEGAHIT_TaxVamb.2
k79_17560 flag=1 multi=27.0000 len=8705	ERR011349_MEGAHIT_TaxVamb.2
k79_15912 flag=1 multi=28.0000 len=1436	ERR011349_MEGAHIT_TaxVamb.2
k79_12460 flag=1 multi=25.0000 len=4825	ERR011349_MEGAHIT_TaxVamb.2
k79_29973 flag=1 multi=26.0000 len=1978	ERR011349_MEGAHIT_TaxVamb.2
k79_28999 flag=1 multi=32.0000 len=3386	ERR011349_MEGAHIT_TaxVamb.2
k79_17809 flag=1 multi=23.9591 len=1007	ERR011349_MEGAHIT_TaxVamb.2
k79_30450 flag=1 multi=29.0000 len=15434	ERR011349_MEGAHIT_TaxVamb.2
k79_22389 flag=1 multi=31.0000 len=6611	ERR011349_MEGAHIT_TaxVamb.2
k79_5857 flag=1 multi=7.0000 len=3980	ERR011349_MEGAHIT_TaxVamb.2
k79_32084 flag=1 multi=40.0000 len=10881	ERR011349_MEGAHIT_TaxVamb.2
k79_28898 flag=1 multi=19.0000 len=2420	ERR011349_MEGAHIT_TaxVamb.2
k79_9815 flag=1 multi=31.0000 len=5133	ERR011349_MEGAHIT_TaxVamb.2
k79_22252 flag=1 multi=18.0000 len=1433	ERR011349_MEGAHIT_TaxVamb.2
k79_29242 flag=1 multi=38.0000 len=8667	ERR011349_MEGAHIT_TaxVamb.2
k79_34242 flag=1 multi=6.0000 len=1720	ERR011349_MEGAHIT_TaxVamb.2
k79_11754 flag=1 multi=30.0000 len=2204	ERR011349_MEGAHIT_TaxVamb.2
k79_626 flag=1 multi=18.0000 len=1086	ERR011349_MEGAHIT_TaxVamb.2
k79_8122 flag=1 multi=30.0000 len=2512	ERR011349_MEGAHIT_TaxVamb.2
k79_31109 flag=1 multi=23.0000 len=5133	ERR011349_MEGAHIT_TaxVamb.2
k79_2301 flag=1 multi=33.0000 len=14729	ERR011349_MEGAHIT_TaxVamb.2
k79_6156 flag=1 multi=43.0000 len=1258	ERR011349_MEGAHIT_TaxVamb.2
k79_29438 flag=1 multi=38.0000 len=9462	ERR011349_MEGAHIT_TaxVamb.2
k79_20776 flag=1 multi=36.0000 len=2258	ERR011349_MEGAHIT_TaxVamb.2
k79_14857 flag=1 multi=24.0000 len=3513	ERR011349_MEGAHIT_TaxVamb.2
k79_17107 flag=1 multi=16.0000 len=2515	ERR011349_MEGAHIT_TaxVamb.2
k79_3091 flag=1 multi=40.0000 len=4355	ERR011349_MEGAHIT_TaxVamb.2
k79_26448 flag=1 multi=33.0000 len=7287	ERR011349_MEGAHIT_TaxVamb.2
k79_13058 flag=1 multi=24.0000 len=1920	ERR011349_MEGAHIT_TaxVamb.2
k79_26094 flag=1 multi=28.0000 len=5883	ERR011349_MEGAHIT_TaxVamb.2
k79_34983 flag=1 multi=30.0000 len=4084	ERR011349_MEGAHIT_TaxVamb.2
k79_16798 flag=1 multi=31.0000 len=36295	ERR011349_MEGAHIT_TaxVamb.2
k79_36356 flag=1 multi=41.0000 len=9347	ERR011349_MEGAHIT_TaxVamb.2
k79_28019 flag=1 multi=41.0000 len=6417	ERR011349_MEGAHIT_TaxVamb.2
k79_3665 flag=1 multi=29.0000 len=10595	ERR011349_MEGAHIT_TaxVamb.2
k79_8769 flag=1 multi=30.0000 len=2731	ERR011349_MEGAHIT_TaxVamb.2
k79_12713 flag=1 multi=33.0000 len=5434	ERR011349_MEGAHIT_TaxVamb.2
k79_27939 flag=1 multi=24.0000 len=8783	ERR011349_MEGAHIT_TaxVamb.2
k79_18678 flag=1 multi=40.0000 len=6614	ERR011349_MEGAHIT_TaxVamb.2
k79_30726 flag=1 multi=30.0000 len=2495	ERR011349_MEGAHIT_TaxVamb.2
k79_33749 flag=1 multi=32.0000 len=12656	ERR011349_MEGAHIT_TaxVamb.2
k79_13020 flag=1 multi=20.0000 len=1741	ERR011349_MEGAHIT_TaxVamb.2
k79_26361 flag=1 multi=27.0000 len=3396	ERR011349_MEGAHIT_TaxVamb.2
k79_23916 flag=1 multi=44.0000 len=3374	ERR011349_MEGAHIT_TaxVamb.2
k79_26505 flag=1 multi=27.0000 len=1161	ERR011349_MEGAHIT_TaxVamb.2
k79_19652 flag=1 multi=36.0000 len=1657	ERR011349_MEGAHIT_TaxVamb.2
k79_25376 flag=1 multi=17.1788 len=2210	ERR011349_MEGAHIT_TaxVamb.2
k79_25053 flag=1 multi=22.0000 len=1235	ERR011349_MEGAHIT_TaxVamb.2
k79_21006 flag=1 multi=37.0000 len=2958	ERR011349_MEGAHIT_TaxVamb.2
k79_10147 flag=1 multi=29.0000 len=6299	ERR011349_MEGAHIT_TaxVamb.2
k79_35642 flag=1 multi=4.0000 len=1271	ERR011349_MEGAHIT_TaxVamb.2
k79_18961 flag=1 multi=27.0000 len=6034	ERR011349_MEGAHIT_TaxVamb.2
k79_33487 flag=1 multi=35.0000 len=11815	ERR011349_MEGAHIT_TaxVamb.2
k79_2425 flag=1 multi=29.0000 len=8069	ERR011349_MEGAHIT_TaxVamb.2
k79_30158 flag=1 multi=28.0000 len=10029	ERR011349_MEGAHIT_TaxVamb.2
k79_25692 flag=1 multi=27.0000 len=1948	ERR011349_MEGAHIT_TaxVamb.2
k79_7958 flag=1 multi=36.0000 len=1459	ERR011349_MEGAHIT_TaxVamb.2
k79_34112 flag=0 multi=45.5769 len=2206	ERR011349_MEGAHIT_TaxVamb.2
k79_20318 flag=1 multi=29.0000 len=5941	ERR011349_MEGAHIT_TaxVamb.2
k79_24729 flag=1 multi=29.0000 len=12265	ERR011349_MEGAHIT_TaxVamb.2
k79_21718 flag=1 multi=21.0000 len=1002	ERR011349_MEGAHIT_TaxVamb.2
k79_15653 flag=1 multi=30.0000 len=1198	ERR011349_MEGAHIT_TaxVamb.2
k79_14017 flag=1 multi=30.0000 len=6509	ERR011349_MEGAHIT_TaxVamb.2
k79_34004 flag=1 multi=28.0000 len=4994	ERR011349_MEGAHIT_TaxVamb.2
k79_463 flag=1 multi=29.0000 len=27609	ERR011349_MEGAHIT_TaxVamb.2
k79_16311 flag=1 multi=26.0000 len=6843	ERR011349_MEGAHIT_TaxVamb.2
k79_7675 flag=1 multi=30.0000 len=1300	ERR011349_MEGAHIT_TaxVamb.2
k79_34139 flag=1 multi=30.0000 len=5423	ERR011349_MEGAHIT_TaxVamb.2
k79_30610 flag=1 multi=30.0000 len=8586	ERR011349_MEGAHIT_TaxVamb.2
k79_26199 flag=1 multi=28.0000 len=1846	ERR011349_MEGAHIT_TaxVamb.2
k79_24306 flag=1 multi=31.0000 len=17028	ERR011349_MEGAHIT_TaxVamb.2
k79_7859 flag=1 multi=44.0000 len=5910	ERR011349_MEGAHIT_TaxVamb.2
k79_5198 flag=1 multi=29.0000 len=2628	ERR011349_MEGAHIT_TaxVamb.2
k79_6572 flag=1 multi=25.0000 len=3885	ERR011349_MEGAHIT_TaxVamb.2
k79_7085 flag=1 multi=41.0000 len=3803	ERR011349_MEGAHIT_TaxVamb.2
k79_8736 flag=0 multi=28.9136 len=6562	ERR011349_MEGAHIT_TaxVamb.2
k79_18263 flag=1 multi=38.0000 len=3210	ERR011349_MEGAHIT_TaxVamb.2
k79_11105 flag=1 multi=41.3760 len=4388	ERR011349_MEGAHIT_TaxVamb.2
k79_5092 flag=1 multi=24.0000 len=2286	ERR011349_MEGAHIT_TaxVamb.2
k79_10425 flag=1 multi=19.0000 len=1792	ERR011349_MEGAHIT_TaxVamb.2
k79_29507 flag=1 multi=28.0000 len=25834	ERR011349_MEGAHIT_TaxVamb.2
k79_17233 flag=1 multi=31.0000 len=9772	ERR011349_MEGAHIT_TaxVamb.2
k79_23084 flag=1 multi=28.0000 len=8196	ERR011349_MEGAHIT_TaxVamb.2
k79_36740 flag=1 multi=32.0000 len=9138	ERR011349_MEGAHIT_TaxVamb.2
k79_5812 flag=1 multi=39.0000 len=3116	ERR011349_MEGAHIT_TaxVamb.2
k79_22218 flag=1 multi=28.0000 len=5490	ERR011349_MEGAHIT_TaxVamb.2
k79_31123 flag=1 multi=31.0000 len=2536	ERR011349_MEGAHIT_TaxVamb.2
k79_14250 flag=1 multi=30.0000 len=2478	ERR011349_MEGAHIT_TaxVamb.2
k79_36345 flag=1 multi=27.0000 len=6392	ERR011349_MEGAHIT_TaxVamb.2
k79_17025 flag=1 multi=33.0000 len=18675	ERR011349_MEGAHIT_TaxVamb.2
k79_4406 flag=1 multi=21.0000 len=1898	ERR011349_MEGAHIT_TaxVamb.2
k79_529 flag=1 multi=15.0000 len=1616	ERR011349_MEGAHIT_TaxVamb.2
k79_34065 flag=1 multi=28.0000 len=2208	ERR011349_MEGAHIT_TaxVamb.2
k79_35880 flag=1 multi=29.5538 len=8116	ERR011349_MEGAHIT_TaxVamb.2
k79_22075 flag=1 multi=38.0000 len=2114	ERR011349_MEGAHIT_TaxVamb.2
k79_19459 flag=1 multi=32.0000 len=12324	ERR011349_MEGAHIT_TaxVamb.2
k79_15508 flag=1 multi=28.0000 len=5016	ERR011349_MEGAHIT_TaxVamb.2
k79_30617 flag=1 multi=40.0000 len=24710	ERR011349_MEGAHIT_TaxVamb.2
k79_3537 flag=1 multi=29.0000 len=8427	ERR011349_MEGAHIT_TaxVamb.2
k79_22450 flag=1 multi=24.5600 len=2645	ERR011349_MEGAHIT_TaxVamb.2
k79_7681 flag=1 multi=28.0000 len=1643	ERR011349_MEGAHIT_TaxVamb.2
k79_33432 flag=1 multi=29.0000 len=24027	ERR011349_MEGAHIT_TaxVamb.2
k79_16090 flag=1 multi=24.0000 len=1934	ERR011349_MEGAHIT_TaxVamb.2
k79_35017 flag=1 multi=27.0000 len=2996	ERR011349_MEGAHIT_TaxVamb.2
k79_36472 flag=1 multi=25.0000 len=2659	ERR011349_MEGAHIT_TaxVamb.2
k79_29053 flag=1 multi=24.0000 len=2689	ERR011349_MEGAHIT_TaxVamb.2
k79_22142 flag=1 multi=30.0000 len=3956	ERR011349_MEGAHIT_TaxVamb.2
k79_32227 flag=1 multi=33.3956 len=7253	ERR011349_MEGAHIT_TaxVamb.2
k79_5476 flag=1 multi=31.0000 len=1527	ERR011349_MEGAHIT_TaxVamb.2
k79_23065 flag=1 multi=28.0000 len=14726	ERR011349_MEGAHIT_TaxVamb.2
k79_1360 flag=1 multi=23.0000 len=4496	ERR011349_MEGAHIT_TaxVamb.2
k79_28620 flag=1 multi=31.0000 len=5320	ERR011349_MEGAHIT_TaxVamb.2
k79_36635 flag=1 multi=33.0000 len=22262	ERR011349_MEGAHIT_TaxVamb.2
k79_27869 flag=1 multi=32.0000 len=5007	ERR011349_MEGAHIT_TaxVamb.2
k79_746 flag=1 multi=34.0000 len=1308	ERR011349_MEGAHIT_TaxVamb.2
k79_24080 flag=1 multi=28.0000 len=1462	ERR011349_MEGAHIT_TaxVamb.2
k79_32537 flag=1 multi=27.0000 len=2262	ERR011349_MEGAHIT_TaxVamb.2
k79_19197 flag=1 multi=25.0000 len=1243	ERR011349_MEGAHIT_TaxVamb.2
k79_15928 flag=1 multi=27.0000 len=4558	ERR011349_MEGAHIT_TaxVamb.2
k79_33821 flag=1 multi=29.0000 len=8304	ERR011349_MEGAHIT_TaxVamb.2
k79_21737 flag=1 multi=27.0000 len=2343	ERR011349_MEGAHIT_TaxVamb.2
k79_21392 flag=1 multi=27.0000 len=2479	ERR011349_MEGAHIT_TaxVamb.2
k79_35771 flag=1 multi=31.0000 len=4641	ERR011349_MEGAHIT_TaxVamb.2
k79_30034 flag=1 multi=25.0000 len=4419	ERR011349_MEGAHIT_TaxVamb.2
k79_35325 flag=1 multi=32.0000 len=2271	ERR011349_MEGAHIT_TaxVamb.2
k79_27782 flag=1 multi=34.0000 len=17389	ERR011349_MEGAHIT_TaxVamb.2
k79_18807 flag=1 multi=25.0000 len=1513	ERR011349_MEGAHIT_TaxVamb.2
k79_32824 flag=1 multi=31.0000 len=7706	ERR011349_MEGAHIT_TaxVamb.2
k79_11532 flag=1 multi=52.0000 len=1379	ERR011349_MEGAHIT_TaxVamb.2
k79_15783 flag=1 multi=23.1676 len=6225	ERR011349_MEGAHIT_TaxVamb.2
k79_13685 flag=1 multi=24.0000 len=5155	ERR011349_MEGAHIT_TaxVamb.2
k79_12469 flag=1 multi=31.0000 len=5337	ERR011349_MEGAHIT_TaxVamb.2
k79_18517 flag=1 multi=27.0000 len=4821	ERR011349_MEGAHIT_TaxVamb.2
k79_29252 flag=1 multi=34.8289 len=5268	ERR011349_MEGAHIT_TaxVamb.2
k79_22709 flag=1 multi=42.1758 len=3628	ERR011349_MEGAHIT_TaxVamb.2
k79_14477 flag=1 multi=28.0000 len=1427	ERR011349_MEGAHIT_TaxVamb.2
k79_15638 flag=1 multi=31.0000 len=4138	ERR011349_MEGAHIT_TaxVamb.2
k79_6940 flag=1 multi=28.0000 len=4574	ERR011349_MEGAHIT_TaxVamb.2
k79_8663 flag=1 multi=25.0000 len=2783	ERR011349_MEGAHIT_TaxVamb.2
k79_10862 flag=1 multi=25.0000 len=1452	ERR011349_MEGAHIT_TaxVamb.2
k79_6080 flag=1 multi=23.0000 len=3857	ERR011349_MEGAHIT_TaxVamb.2
k79_9827 flag=1 multi=26.0000 len=2689	ERR011349_MEGAHIT_TaxVamb.2
k79_14290 flag=1 multi=21.0000 len=2023	ERR011349_MEGAHIT_TaxVamb.2
k79_15630 flag=1 multi=34.0000 len=21039	ERR011349_MEGAHIT_TaxVamb.2
k79_10598 flag=1 multi=29.0000 len=4664	ERR011349_MEGAHIT_TaxVamb.2
k79_3202 flag=1 multi=41.0000 len=1769	ERR011349_MEGAHIT_TaxVamb.2
k79_1356 flag=1 multi=29.0000 len=2897	ERR011349_MEGAHIT_TaxVamb.2
k79_25841 flag=1 multi=29.0000 len=3922	ERR011349_MEGAHIT_TaxVamb.2
k79_9889 flag=1 multi=28.0000 len=18918	ERR011349_MEGAHIT_TaxVamb.2
k79_13892 flag=1 multi=24.0000 len=4048	ERR011349_MEGAHIT_TaxVamb.2
k79_17618 flag=1 multi=18.0000 len=1736	ERR011349_MEGAHIT_TaxVamb.2
k79_17951 flag=1 multi=23.0000 len=1333	ERR011349_MEGAHIT_TaxVamb.2
k79_27515 flag=1 multi=37.0000 len=25233	ERR011349_MEGAHIT_TaxVamb.2
k79_34367 flag=1 multi=43.0000 len=7405	ERR011349_MEGAHIT_TaxVamb.2
k79_4370 flag=1 multi=22.0000 len=1528	ERR011349_MEGAHIT_TaxVamb.2
k79_23119 flag=1 multi=27.0000 len=7317	ERR011349_MEGAHIT_TaxVamb.2
k79_27458 flag=1 multi=43.1633 len=7799	ERR011349_MEGAHIT_TaxVamb.2
k79_5591 flag=1 multi=32.0000 len=8174	ERR011349_MEGAHIT_TaxVamb.2
k79_11531 flag=1 multi=17.0000 len=3002	ERR011349_MEGAHIT_TaxVamb.2
k79_11535 flag=1 multi=29.0000 len=16343	ERR011349_MEGAHIT_TaxVamb.2
k79_28391 flag=1 multi=6.0000 len=1413	ERR011349_MEGAHIT_TaxVamb.2
k79_34593 flag=1 multi=26.0000 len=4473	ERR011349_MEGAHIT_TaxVamb.2
k79_7949 flag=1 multi=28.0000 len=4672	ERR011349_MEGAHIT_TaxVamb.2
k79_10749 flag=1 multi=29.0000 len=6886	ERR011349_MEGAHIT_TaxVamb.2
k79_8548 flag=1 multi=34.0000 len=5264	ERR011349_MEGAHIT_TaxVamb.2
k79_2125 flag=1 multi=30.0000 len=4457	ERR011349_MEGAHIT_TaxVamb.2
k79_20455 flag=1 multi=39.0000 len=2025	ERR011349_MEGAHIT_TaxVamb.2
k79_27093 flag=1 multi=40.0000 len=32374	ERR011349_MEGAHIT_TaxVamb.2
k79_23642 flag=1 multi=27.0000 len=6649	ERR011349_MEGAHIT_TaxVamb.2
k79_21027 flag=1 multi=26.0000 len=9089	ERR011349_MEGAHIT_TaxVamb.2
k79_24217 flag=1 multi=25.2638 len=1072	ERR011349_MEGAHIT_TaxVamb.2
k79_20259 flag=1 multi=44.8579 len=1831	ERR011349_MEGAHIT_TaxVamb.2
k79_36400 flag=1 multi=25.0000 len=1225	ERR011349_MEGAHIT_TaxVamb.2
k79_28609 flag=1 multi=27.0000 len=3970	ERR011349_MEGAHIT_TaxVamb.2
k79_18238 flag=1 multi=22.0000 len=3331	ERR011349_MEGAHIT_TaxVamb.2
k79_17343 flag=1 multi=28.0000 len=4378	ERR011349_MEGAHIT_TaxVamb.2
k79_26202 flag=1 multi=31.0000 len=8659	ERR011349_MEGAHIT_TaxVamb.2
k79_29752 flag=1 multi=29.0000 len=6183	ERR011349_MEGAHIT_TaxVamb.2
k79_25310 flag=0 multi=31.0000 len=9434	ERR011349_MEGAHIT_TaxVamb.2
k79_20837 flag=1 multi=27.0000 len=16304	ERR011349_MEGAHIT_TaxVamb.2
k79_28792 flag=1 multi=8.0000 len=1803	ERR011349_MEGAHIT_TaxVamb.2
k79_11496 flag=1 multi=27.0000 len=1160	ERR011349_MEGAHIT_TaxVamb.2
k79_17163 flag=1 multi=38.0000 len=3460	ERR011349_MEGAHIT_TaxVamb.2
k79_11103 flag=1 multi=40.8117 len=14100	ERR011349_MEGAHIT_TaxVamb.2
k79_2176 flag=1 multi=25.0000 len=2688	ERR011349_MEGAHIT_TaxVamb.2
k79_36223 flag=1 multi=39.0000 len=2087	ERR011349_MEGAHIT_TaxVamb.2
k79_21248 flag=1 multi=43.0000 len=1327	ERR011349_MEGAHIT_TaxVamb.2
k79_10099 flag=1 multi=30.0000 len=10080	ERR011349_MEGAHIT_TaxVamb.2
k79_17666 flag=1 multi=31.0000 len=1430	ERR011349_MEGAHIT_TaxVamb.2
k79_32186 flag=1 multi=36.3371 len=1871	ERR011349_MEGAHIT_TaxVamb.2
k79_25816 flag=1 multi=35.0000 len=8756	ERR011349_MEGAHIT_TaxVamb.2
k79_22585 flag=1 multi=26.0000 len=1903	ERR011349_MEGAHIT_TaxVamb.2
k79_17710 flag=1 multi=29.0000 len=5199	ERR011349_MEGAHIT_TaxVamb.2
k79_26722 flag=0 multi=40.9263 len=10931	ERR011349_MEGAHIT_TaxVamb.2
k79_23765 flag=1 multi=32.6623 len=5385	ERR011349_MEGAHIT_TaxVamb.2
k79_30462 flag=1 multi=39.0000 len=4737	ERR011349_MEGAHIT_TaxVamb.2
k79_13747 flag=1 multi=25.0000 len=3314	ERR011349_MEGAHIT_TaxVamb.2
k79_11064 flag=1 multi=22.0000 len=1227	ERR011349_MEGAHIT_TaxVamb.2
k79_36687 flag=1 multi=35.0000 len=4382	ERR011349_MEGAHIT_TaxVamb.2
k79_15275 flag=1 multi=31.0000 len=4054	ERR011349_MEGAHIT_TaxVamb.2
k79_8128 flag=1 multi=24.0000 len=5480	ERR011349_MEGAHIT_TaxVamb.2
k79_10208 flag=1 multi=26.0000 len=2481	ERR011349_MEGAHIT_TaxVamb.2
k79_19810 flag=1 multi=27.0000 len=2740	ERR011349_MEGAHIT_TaxVamb.2
k79_25986 flag=1 multi=38.0000 len=4275	ERR011349_MEGAHIT_TaxVamb.2
k79_34725 flag=1 multi=28.0000 len=2036	ERR011349_MEGAHIT_TaxVamb.2
k79_29642 flag=1 multi=32.0000 len=10987	ERR011349_MEGAHIT_TaxVamb.2
k79_26418 flag=1 multi=4.0000 len=1662	ERR011349_MEGAHIT_TaxVamb.30
k79_6166 flag=1 multi=7.0000 len=1651	ERR011349_MEGAHIT_TaxVamb.31
k79_19035 flag=1 multi=11.0000 len=1621	ERR011349_MEGAHIT_TaxVamb.32
k79_17971 flag=1 multi=5.0000 len=1620	ERR011349_MEGAHIT_TaxVamb.33
k79_27266 flag=1 multi=5.0000 len=1596	ERR011349_MEGAHIT_TaxVamb.34
k79_6765 flag=1 multi=4.0000 len=1554	ERR011349_MEGAHIT_TaxVamb.35
k79_13781 flag=1 multi=6.0000 len=1527	ERR011349_MEGAHIT_TaxVamb.36
k79_8877 flag=1 multi=6.0000 len=1493	ERR011349_MEGAHIT_TaxVamb.37
k79_35481 flag=1 multi=8.0000 len=1488	ERR011349_MEGAHIT_TaxVamb.38
k79_12389 flag=1 multi=6.0000 len=1475	ERR011349_MEGAHIT_TaxVamb.39
k79_14315 flag=1 multi=19.0000 len=28699	ERR011349_MEGAHIT_TaxVamb.3
k79_10650 flag=1 multi=7.0000 len=1470	ERR011349_MEGAHIT_TaxVamb.40
k79_18457 flag=1 multi=3.0000 len=1446	ERR011349_MEGAHIT_TaxVamb.41
k79_2324 flag=1 multi=6.0000 len=1441	ERR011349_MEGAHIT_TaxVamb.42
k79_5760 flag=1 multi=4.0000 len=1419	ERR011349_MEGAHIT_TaxVamb.43
k79_35113 flag=1 multi=5.0000 len=1403	ERR011349_MEGAHIT_TaxVamb.44
k79_6610 flag=1 multi=9.0000 len=1373	ERR011349_MEGAHIT_TaxVamb.45
k79_16786 flag=1 multi=4.0000 len=1127	ERR011349_MEGAHIT_TaxVamb.46
k79_5183 flag=1 multi=4.0000 len=1029	ERR011349_MEGAHIT_TaxVamb.46
k79_1275 flag=1 multi=5.0000 len=1097	ERR011349_MEGAHIT_TaxVamb.46
k79_24433 flag=1 multi=4.0000 len=1070	ERR011349_MEGAHIT_TaxVamb.46
k79_7208 flag=1 multi=3.0000 len=1087	ERR011349_MEGAHIT_TaxVamb.46
k79_3043 flag=1 multi=3.0000 len=1505	ERR011349_MEGAHIT_TaxVamb.46
k79_12719 flag=1 multi=3.0000 len=1115	ERR011349_MEGAHIT_TaxVamb.46
k79_13279 flag=1 multi=4.0000 len=1105	ERR011349_MEGAHIT_TaxVamb.46
k79_11867 flag=1 multi=4.0000 len=1055	ERR011349_MEGAHIT_TaxVamb.46
k79_25878 flag=1 multi=4.0700 len=2037	ERR011349_MEGAHIT_TaxVamb.46
k79_15467 flag=1 multi=3.0000 len=1372	ERR011349_MEGAHIT_TaxVamb.46
k79_753 flag=1 multi=3.0000 len=1022	ERR011349_MEGAHIT_TaxVamb.46
k79_400 flag=1 multi=4.0000 len=1111	ERR011349_MEGAHIT_TaxVamb.46
k79_35539 flag=1 multi=4.0000 len=1035	ERR011349_MEGAHIT_TaxVamb.46
k79_9318 flag=1 multi=3.0000 len=1006	ERR011349_MEGAHIT_TaxVamb.46
k79_21683 flag=1 multi=3.0000 len=1019	ERR011349_MEGAHIT_TaxVamb.46
k79_924 flag=1 multi=3.0000 len=1584	ERR011349_MEGAHIT_TaxVamb.46
k79_2409 flag=1 multi=4.0000 len=1223	ERR011349_MEGAHIT_TaxVamb.46
k79_7818 flag=1 multi=3.0000 len=1034	ERR011349_MEGAHIT_TaxVamb.46
k79_12943 flag=1 multi=5.0000 len=1134	ERR011349_MEGAHIT_TaxVamb.46
k79_16563 flag=1 multi=4.0000 len=1249	ERR011349_MEGAHIT_TaxVamb.46
k79_24674 flag=1 multi=3.0000 len=1360	ERR011349_MEGAHIT_TaxVamb.46
k79_25676 flag=1 multi=3.0000 len=1220	ERR011349_MEGAHIT_TaxVamb.46
k79_21038 flag=1 multi=4.0000 len=1115	ERR011349_MEGAHIT_TaxVamb.46
k79_13365 flag=1 multi=3.0000 len=1028	ERR011349_MEGAHIT_TaxVamb.46
k79_9982 flag=1 multi=4.0000 len=1025	ERR011349_MEGAHIT_TaxVamb.46
k79_3492 flag=1 multi=3.0000 len=1353	ERR011349_MEGAHIT_TaxVamb.46
k79_31864 flag=1 multi=4.0000 len=1218	ERR011349_MEGAHIT_TaxVamb.46
k79_23418 flag=1 multi=3.0000 len=1080	ERR011349_MEGAHIT_TaxVamb.46
k79_23727 flag=1 multi=9.0000 len=1854	ERR011349_MEGAHIT_TaxVamb.46
k79_4645 flag=1 multi=4.0000 len=1165	ERR011349_MEGAHIT_TaxVamb.46
k79_20160 flag=1 multi=4.0000 len=1619	ERR011349_MEGAHIT_TaxVamb.46
k79_7165 flag=1 multi=3.0000 len=1439	ERR011349_MEGAHIT_TaxVamb.46
k79_33023 flag=1 multi=4.8677 len=1591	ERR011349_MEGAHIT_TaxVamb.46
k79_13069 flag=1 multi=4.0000 len=1070	ERR011349_MEGAHIT_TaxVamb.46
k79_23627 flag=1 multi=4.0000 len=1418	ERR011349_MEGAHIT_TaxVamb.46
k79_32144 flag=1 multi=3.0000 len=1081	ERR011349_MEGAHIT_TaxVamb.46
k79_17466 flag=1 multi=3.0000 len=1023	ERR011349_MEGAHIT_TaxVamb.46
k79_25168 flag=1 multi=4.0000 len=1053	ERR011349_MEGAHIT_TaxVamb.46
k79_12552 flag=1 multi=3.0000 len=1040	ERR011349_MEGAHIT_TaxVamb.46
k79_28287 flag=1 multi=3.0000 len=1286	ERR011349_MEGAHIT_TaxVamb.46
k79_21009 flag=1 multi=3.0000 len=1417	ERR011349_MEGAHIT_TaxVamb.46
k79_10531 flag=1 multi=4.0000 len=1156	ERR011349_MEGAHIT_TaxVamb.46
k79_11778 flag=1 multi=3.0000 len=2027	ERR011349_MEGAHIT_TaxVamb.46
k79_29070 flag=1 multi=4.0000 len=1182	ERR011349_MEGAHIT_TaxVamb.46
k79_8333 flag=1 multi=4.0000 len=1216	ERR011349_MEGAHIT_TaxVamb.46
k79_21603 flag=1 multi=4.0000 len=1052	ERR011349_MEGAHIT_TaxVamb.46
k79_35456 flag=1 multi=4.0000 len=1258	ERR011349_MEGAHIT_TaxVamb.46
k79_33230 flag=1 multi=3.0000 len=1016	ERR011349_MEGAHIT_TaxVamb.46
k79_20622 flag=1 multi=3.0000 len=1132	ERR011349_MEGAHIT_TaxVamb.46
k79_19001 flag=1 multi=3.0000 len=1235	ERR011349_MEGAHIT_TaxVamb.46
k79_29661 flag=1 multi=4.0000 len=1214	ERR011349_MEGAHIT_TaxVamb.46
k79_15371 flag=1 multi=3.0000 len=1114	ERR011349_MEGAHIT_TaxVamb.46
k79_34923 flag=1 multi=4.0000 len=1507	ERR011349_MEGAHIT_TaxVamb.46
k79_27981 flag=1 multi=3.0000 len=1039	ERR011349_MEGAHIT_TaxVamb.46
k79_21969 flag=1 multi=3.0000 len=1107	ERR011349_MEGAHIT_TaxVamb.46
k79_18157 flag=1 multi=4.0000 len=1028	ERR011349_MEGAHIT_TaxVamb.46
k79_6600 flag=1 multi=4.0000 len=1084	ERR011349_MEGAHIT_TaxVamb.46
k79_1018 flag=1 multi=4.0000 len=1162	ERR011349_MEGAHIT_TaxVamb.46
k79_11259 flag=1 multi=3.0000 len=1374	ERR011349_MEGAHIT_TaxVamb.46
k79_35292 flag=1 multi=4.0000 len=1300	ERR011349_MEGAHIT_TaxVamb.46
k79_15407 flag=1 multi=7.0000 len=1370	ERR011349_MEGAHIT_TaxVamb.47
k79_33201 flag=1 multi=5.0000 len=1366	ERR011349_MEGAHIT_TaxVamb.48
k79_22286 flag=1 multi=4.0000 len=1364	ERR011349_MEGAHIT_TaxVamb.49
k79_34449 flag=1 multi=4.0357 len=1733	ERR011349_MEGAHIT_TaxVamb.4
k79_7798 flag=1 multi=6.0000 len=1552	ERR011349_MEGAHIT_TaxVamb.4
k79_14010 flag=1 multi=6.0000 len=1363	ERR011349_MEGAHIT_TaxVamb.4
k79_4709 flag=1 multi=6.0000 len=1183	ERR011349_MEGAHIT_TaxVamb.4
k79_30566 flag=1 multi=5.0000 len=1053	ERR011349_MEGAHIT_TaxVamb.4
k79_11529 flag=1 multi=5.0000 len=1212	ERR011349_MEGAHIT_TaxVamb.4
k79_26976 flag=1 multi=6.0000 len=2180	ERR011349_MEGAHIT_TaxVamb.4
k79_26739 flag=1 multi=7.0000 len=4456	ERR011349_MEGAHIT_TaxVamb.4
k79_31966 flag=1 multi=6.0000 len=1485	ERR011349_MEGAHIT_TaxVamb.4
k79_11083 flag=1 multi=5.0000 len=1397	ERR011349_MEGAHIT_TaxVamb.4
k79_24230 flag=1 multi=5.0000 len=1013	ERR011349_MEGAHIT_TaxVamb.4
k79_26363 flag=1 multi=6.0000 len=1870	ERR011349_MEGAHIT_TaxVamb.4
k79_25398 flag=1 multi=6.0000 len=1247	ERR011349_MEGAHIT_TaxVamb.4
k79_3217 flag=1 multi=6.0000 len=1397	ERR011349_MEGAHIT_TaxVamb.4
k79_35954 flag=1 multi=6.0000 len=1612	ERR011349_MEGAHIT_TaxVamb.4
k79_1679 flag=1 multi=8.0000 len=1638	ERR011349_MEGAHIT_TaxVamb.4
k79_2347 flag=1 multi=6.0000 len=1578	ERR011349_MEGAHIT_TaxVamb.4
k79_8289 flag=1 multi=7.0000 len=2134	ERR011349_MEGAHIT_TaxVamb.4
k79_34971 flag=1 multi=9.0000 len=2379	ERR011349_MEGAHIT_TaxVamb.4
k79_10920 flag=1 multi=7.0000 len=1050	ERR011349_MEGAHIT_TaxVamb.4
k79_6443 flag=1 multi=7.0000 len=1943	ERR011349_MEGAHIT_TaxVamb.4
k79_34154 flag=1 multi=6.0000 len=1490	ERR011349_MEGAHIT_TaxVamb.4
k79_4332 flag=1 multi=6.0000 len=6231	ERR011349_MEGAHIT_TaxVamb.4
k79_34675 flag=1 multi=5.0000 len=1889	ERR011349_MEGAHIT_TaxVamb.4
k79_2209 flag=1 multi=7.0000 len=1400	ERR011349_MEGAHIT_TaxVamb.4
k79_16151 flag=1 multi=5.0000 len=1260	ERR011349_MEGAHIT_TaxVamb.4
k79_21611 flag=1 multi=7.3166 len=6159	ERR011349_MEGAHIT_TaxVamb.4
k79_17918 flag=1 multi=6.0000 len=1259	ERR011349_MEGAHIT_TaxVamb.4
k79_8903 flag=1 multi=5.0000 len=1277	ERR011349_MEGAHIT_TaxVamb.4
k79_11108 flag=1 multi=7.0000 len=1413	ERR011349_MEGAHIT_TaxVamb.4
k79_32799 flag=1 multi=5.0000 len=1212	ERR011349_MEGAHIT_TaxVamb.4
k79_33820 flag=1 multi=6.0000 len=1354	ERR011349_MEGAHIT_TaxVamb.4
k79_24103 flag=1 multi=6.0000 len=1019	ERR011349_MEGAHIT_TaxVamb.4
k79_16529 flag=1 multi=5.0000 len=1056	ERR011349_MEGAHIT_TaxVamb.4
k79_7853 flag=1 multi=12.0000 len=2606	ERR011349_MEGAHIT_TaxVamb.4
k79_35766 flag=1 multi=8.0000 len=1240	ERR011349_MEGAHIT_TaxVamb.4
k79_22573 flag=1 multi=5.0000 len=1024	ERR011349_MEGAHIT_TaxVamb.4
k79_22988 flag=1 multi=4.0000 len=1307	ERR011349_MEGAHIT_TaxVamb.4
k79_15967 flag=1 multi=7.0000 len=1544	ERR011349_MEGAHIT_TaxVamb.4
k79_7199 flag=1 multi=7.0000 len=1230	ERR011349_MEGAHIT_TaxVamb.4
k79_10829 flag=1 multi=6.0000 len=1192	ERR011349_MEGAHIT_TaxVamb.4
k79_10218 flag=1 multi=6.0000 len=1176	ERR011349_MEGAHIT_TaxVamb.4
k79_23668 flag=1 multi=7.0000 len=1668	ERR011349_MEGAHIT_TaxVamb.4
k79_25250 flag=1 multi=5.0000 len=3458	ERR011349_MEGAHIT_TaxVamb.4
k79_33213 flag=1 multi=5.0000 len=1164	ERR011349_MEGAHIT_TaxVamb.4
k79_24004 flag=1 multi=5.0000 len=1566	ERR011349_MEGAHIT_TaxVamb.4
k79_9232 flag=1 multi=6.0000 len=1155	ERR011349_MEGAHIT_TaxVamb.4
k79_5920 flag=1 multi=5.0000 len=1466	ERR011349_MEGAHIT_TaxVamb.4
k79_18933 flag=1 multi=5.0000 len=1209	ERR011349_MEGAHIT_TaxVamb.4
k79_32275 flag=1 multi=6.0000 len=1371	ERR011349_MEGAHIT_TaxVamb.4
k79_5901 flag=1 multi=5.0000 len=1588	ERR011349_MEGAHIT_TaxVamb.4
k79_9048 flag=1 multi=5.0000 len=2190	ERR011349_MEGAHIT_TaxVamb.4
k79_5368 flag=1 multi=8.0000 len=1593	ERR011349_MEGAHIT_TaxVamb.4
k79_13302 flag=1 multi=6.0000 len=2098	ERR011349_MEGAHIT_TaxVamb.4
k79_31542 flag=1 multi=6.0000 len=2377	ERR011349_MEGAHIT_TaxVamb.4
k79_8578 flag=1 multi=6.0000 len=1544	ERR011349_MEGAHIT_TaxVamb.4
k79_23676 flag=1 multi=3.5300 len=1479	ERR011349_MEGAHIT_TaxVamb.4
k79_25518 flag=1 multi=6.0000 len=1559	ERR011349_MEGAHIT_TaxVamb.4
k79_12566 flag=1 multi=4.0000 len=1695	ERR011349_MEGAHIT_TaxVamb.4
k79_7739 flag=1 multi=5.0000 len=1639	ERR011349_MEGAHIT_TaxVamb.4
k79_9109 flag=1 multi=6.0000 len=3534	ERR011349_MEGAHIT_TaxVamb.4
k79_22703 flag=1 multi=7.0000 len=1122	ERR011349_MEGAHIT_TaxVamb.4
k79_30745 flag=1 multi=6.0000 len=1219	ERR011349_MEGAHIT_TaxVamb.4
k79_9534 flag=1 multi=6.0000 len=2587	ERR011349_MEGAHIT_TaxVamb.4
k79_27817 flag=1 multi=5.0000 len=1248	ERR011349_MEGAHIT_TaxVamb.4
k79_9511 flag=1 multi=7.0000 len=3518	ERR011349_MEGAHIT_TaxVamb.4
k79_1952 flag=1 multi=5.0000 len=2115	ERR011349_MEGAHIT_TaxVamb.4
k79_3937 flag=1 multi=6.0000 len=1942	ERR011349_MEGAHIT_TaxVamb.4
k79_2977 flag=1 multi=5.0000 len=1315	ERR011349_MEGAHIT_TaxVamb.4
k79_33888 flag=1 multi=6.0000 len=1540	ERR011349_MEGAHIT_TaxVamb.4
k79_32532 flag=1 multi=6.0000 len=1299	ERR011349_MEGAHIT_TaxVamb.4
k79_35235 flag=1 multi=6.0000 len=2114	ERR011349_MEGAHIT_TaxVamb.4
k79_11004 flag=1 multi=6.0000 len=1841	ERR011349_MEGAHIT_TaxVamb.4
k79_28268 flag=1 multi=7.0000 len=2571	ERR011349_MEGAHIT_TaxVamb.4
k79_12257 flag=1 multi=7.0000 len=1051	ERR011349_MEGAHIT_TaxVamb.4
k79_32935 flag=1 multi=5.0000 len=1008	ERR011349_MEGAHIT_TaxVamb.4
k79_32046 flag=1 multi=7.0000 len=1256	ERR011349_MEGAHIT_TaxVamb.4
k79_35634 flag=1 multi=6.0000 len=1434	ERR011349_MEGAHIT_TaxVamb.4
k79_31072 flag=1 multi=7.0000 len=1442	ERR011349_MEGAHIT_TaxVamb.4
k79_4766 flag=1 multi=6.0000 len=2150	ERR011349_MEGAHIT_TaxVamb.4
k79_342 flag=1 multi=6.0000 len=1426	ERR011349_MEGAHIT_TaxVamb.4
k79_17939 flag=1 multi=6.0000 len=1513	ERR011349_MEGAHIT_TaxVamb.4
k79_28033 flag=1 multi=5.0000 len=1690	ERR011349_MEGAHIT_TaxVamb.4
k79_8113 flag=1 multi=7.0000 len=2523	ERR011349_MEGAHIT_TaxVamb.4
k79_28018 flag=1 multi=7.0000 len=1337	ERR011349_MEGAHIT_TaxVamb.4
k79_20577 flag=1 multi=6.0000 len=1138	ERR011349_MEGAHIT_TaxVamb.4
k79_22694 flag=1 multi=5.0000 len=1101	ERR011349_MEGAHIT_TaxVamb.4
k79_13883 flag=1 multi=6.0000 len=1654	ERR011349_MEGAHIT_TaxVamb.4
k79_8204 flag=1 multi=6.0000 len=2053	ERR011349_MEGAHIT_TaxVamb.4
k79_5463 flag=1 multi=5.0000 len=1083	ERR011349_MEGAHIT_TaxVamb.4
k79_8537 flag=1 multi=5.0000 len=1111	ERR011349_MEGAHIT_TaxVamb.4
k79_10324 flag=1 multi=4.0000 len=1184	ERR011349_MEGAHIT_TaxVamb.4
k79_22872 flag=1 multi=6.0000 len=2160	ERR011349_MEGAHIT_TaxVamb.4
k79_8046 flag=1 multi=17.0000 len=1363	ERR011349_MEGAHIT_TaxVamb.4
k79_11324 flag=1 multi=6.0000 len=2041	ERR011349_MEGAHIT_TaxVamb.4
k79_28807 flag=1 multi=4.0000 len=1080	ERR011349_MEGAHIT_TaxVamb.4
k79_6473 flag=1 multi=7.0000 len=3386	ERR011349_MEGAHIT_TaxVamb.4
k79_33781 flag=1 multi=4.0000 len=1229	ERR011349_MEGAHIT_TaxVamb.4
k79_29037 flag=1 multi=6.0000 len=1390	ERR011349_MEGAHIT_TaxVamb.4
k79_6865 flag=1 multi=7.0000 len=2013	ERR011349_MEGAHIT_TaxVamb.4
k79_24488 flag=1 multi=6.0000 len=2568	ERR011349_MEGAHIT_TaxVamb.4
k79_22743 flag=1 multi=7.0000 len=1645	ERR011349_MEGAHIT_TaxVamb.4
k79_10646 flag=1 multi=6.0000 len=1223	ERR011349_MEGAHIT_TaxVamb.4
k79_15493 flag=1 multi=6.0000 len=1866	ERR011349_MEGAHIT_TaxVamb.4
k79_3268 flag=1 multi=6.0000 len=1823	ERR011349_MEGAHIT_TaxVamb.4
k79_17328 flag=1 multi=19.0000 len=1718	ERR011349_MEGAHIT_TaxVamb.4
k79_16939 flag=1 multi=5.0000 len=2525	ERR011349_MEGAHIT_TaxVamb.4
k79_2842 flag=1 multi=7.0000 len=1200	ERR011349_MEGAHIT_TaxVamb.4
k79_5072 flag=1 multi=6.0000 len=1690	ERR011349_MEGAHIT_TaxVamb.4
k79_2260 flag=1 multi=5.0000 len=1040	ERR011349_MEGAHIT_TaxVamb.4
k79_1962 flag=1 multi=4.0000 len=1439	ERR011349_MEGAHIT_TaxVamb.4
k79_23394 flag=1 multi=6.0000 len=1195	ERR011349_MEGAHIT_TaxVamb.4
k79_7122 flag=1 multi=7.0000 len=2060	ERR011349_MEGAHIT_TaxVamb.4
k79_31782 flag=1 multi=7.0000 len=2416	ERR011349_MEGAHIT_TaxVamb.4
k79_9328 flag=1 multi=7.0000 len=1432	ERR011349_MEGAHIT_TaxVamb.4
k79_19768 flag=1 multi=5.0000 len=1586	ERR011349_MEGAHIT_TaxVamb.4
k79_36236 flag=1 multi=6.0000 len=2108	ERR011349_MEGAHIT_TaxVamb.4
k79_7010 flag=1 multi=7.0000 len=1079	ERR011349_MEGAHIT_TaxVamb.4
k79_31441 flag=1 multi=6.0714 len=1087	ERR011349_MEGAHIT_TaxVamb.4
k79_12496 flag=1 multi=6.0000 len=1020	ERR011349_MEGAHIT_TaxVamb.4
k79_23633 flag=1 multi=4.0000 len=1381	ERR011349_MEGAHIT_TaxVamb.4
k79_14380 flag=1 multi=6.0000 len=1107	ERR011349_MEGAHIT_TaxVamb.4
k79_34435 flag=1 multi=7.0000 len=1266	ERR011349_MEGAHIT_TaxVamb.4
k79_13103 flag=1 multi=6.0000 len=1255	ERR011349_MEGAHIT_TaxVamb.4
k79_14706 flag=1 multi=7.0000 len=1071	ERR011349_MEGAHIT_TaxVamb.4
k79_23886 flag=1 multi=7.0000 len=3001	ERR011349_MEGAHIT_TaxVamb.4
k79_30352 flag=1 multi=7.0000 len=1200	ERR011349_MEGAHIT_TaxVamb.4
k79_34671 flag=1 multi=6.0000 len=2158	ERR011349_MEGAHIT_TaxVamb.4
k79_5831 flag=1 multi=6.0000 len=2273	ERR011349_MEGAHIT_TaxVamb.4
k79_30313 flag=1 multi=6.0000 len=1362	ERR011349_MEGAHIT_TaxVamb.4
k79_17602 flag=1 multi=6.0000 len=1390	ERR011349_MEGAHIT_TaxVamb.4
k79_21687 flag=1 multi=8.0000 len=1729	ERR011349_MEGAHIT_TaxVamb.4
k79_4659 flag=1 multi=4.0000 len=1329	ERR011349_MEGAHIT_TaxVamb.4
k79_36524 flag=1 multi=6.0000 len=1399	ERR011349_MEGAHIT_TaxVamb.4
k79_31280 flag=1 multi=6.0000 len=2151	ERR011349_MEGAHIT_TaxVamb.4
k79_15894 flag=1 multi=7.0000 len=2355	ERR011349_MEGAHIT_TaxVamb.4
k79_4349 flag=1 multi=7.0000 len=3866	ERR011349_MEGAHIT_TaxVamb.4
k79_8768 flag=1 multi=7.0000 len=1041	ERR011349_MEGAHIT_TaxVamb.4
k79_5318 flag=1 multi=6.0000 len=3889	ERR011349_MEGAHIT_TaxVamb.4
k79_36540 flag=1 multi=6.0000 len=1686	ERR011349_MEGAHIT_TaxVamb.4
k79_7248 flag=1 multi=4.0000 len=1033	ERR011349_MEGAHIT_TaxVamb.4
k79_20631 flag=1 multi=6.0000 len=2351	ERR011349_MEGAHIT_TaxVamb.4
k79_22689 flag=1 multi=6.0000 len=3260	ERR011349_MEGAHIT_TaxVamb.4
k79_8707 flag=1 multi=6.0000 len=1055	ERR011349_MEGAHIT_TaxVamb.4
k79_3520 flag=1 multi=7.0000 len=3376	ERR011349_MEGAHIT_TaxVamb.4
k79_17649 flag=1 multi=7.0000 len=2501	ERR011349_MEGAHIT_TaxVamb.4
k79_25393 flag=1 multi=5.0000 len=1087	ERR011349_MEGAHIT_TaxVamb.4
k79_16502 flag=1 multi=9.0000 len=1963	ERR011349_MEGAHIT_TaxVamb.4
k79_31907 flag=1 multi=6.0000 len=1921	ERR011349_MEGAHIT_TaxVamb.4
k79_23918 flag=1 multi=6.0000 len=1990	ERR011349_MEGAHIT_TaxVamb.4
k79_7573 flag=1 multi=4.0000 len=2678	ERR011349_MEGAHIT_TaxVamb.4
k79_17867 flag=1 multi=6.0000 len=3945	ERR011349_MEGAHIT_TaxVamb.4
k79_19076 flag=1 multi=6.0000 len=1578	ERR011349_MEGAHIT_TaxVamb.4
k79_8457 flag=1 multi=6.0000 len=1731	ERR011349_MEGAHIT_TaxVamb.4
k79_26950 flag=1 multi=6.0000 len=1596	ERR011349_MEGAHIT_TaxVamb.4
k79_23376 flag=1 multi=6.0000 len=2179	ERR011349_MEGAHIT_TaxVamb.4
k79_31741 flag=1 multi=4.0000 len=1273	ERR011349_MEGAHIT_TaxVamb.4
k79_30412 flag=1 multi=6.0000 len=2256	ERR011349_MEGAHIT_TaxVamb.4
k79_33499 flag=1 multi=5.0000 len=1430	ERR011349_MEGAHIT_TaxVamb.4
k79_7843 flag=1 multi=8.0000 len=1759	ERR011349_MEGAHIT_TaxVamb.4
k79_26582 flag=1 multi=8.0000 len=1170	ERR011349_MEGAHIT_TaxVamb.4
k79_18733 flag=1 multi=5.0000 len=1067	ERR011349_MEGAHIT_TaxVamb.4
k79_24221 flag=1 multi=6.0000 len=1374	ERR011349_MEGAHIT_TaxVamb.4
k79_14799 flag=1 multi=6.0000 len=2122	ERR011349_MEGAHIT_TaxVamb.4
k79_31117 flag=1 multi=5.0000 len=1131	ERR011349_MEGAHIT_TaxVamb.4
k79_26126 flag=1 multi=6.0000 len=1164	ERR011349_MEGAHIT_TaxVamb.4
k79_10812 flag=1 multi=6.0000 len=3825	ERR011349_MEGAHIT_TaxVamb.4
k79_15313 flag=1 multi=7.0000 len=1309	ERR011349_MEGAHIT_TaxVamb.4
k79_3174 flag=1 multi=6.0000 len=2100	ERR011349_MEGAHIT_TaxVamb.4
k79_30953 flag=1 multi=6.0000 len=1497	ERR011349_MEGAHIT_TaxVamb.4
k79_12833 flag=1 multi=6.0000 len=1068	ERR011349_MEGAHIT_TaxVamb.4
k79_6591 flag=1 multi=6.0000 len=2763	ERR011349_MEGAHIT_TaxVamb.4
k79_16785 flag=1 multi=6.0000 len=1181	ERR011349_MEGAHIT_TaxVamb.4
k79_19619 flag=1 multi=6.0000 len=1214	ERR011349_MEGAHIT_TaxVamb.4
k79_12710 flag=1 multi=5.0000 len=1813	ERR011349_MEGAHIT_TaxVamb.4
k79_239 flag=1 multi=7.0000 len=1431	ERR011349_MEGAHIT_TaxVamb.4
k79_36008 flag=1 multi=6.0000 len=1374	ERR011349_MEGAHIT_TaxVamb.4
k79_24853 flag=1 multi=5.0000 len=1510	ERR011349_MEGAHIT_TaxVamb.4
k79_22664 flag=1 multi=7.0000 len=1150	ERR011349_MEGAHIT_TaxVamb.4
k79_17456 flag=1 multi=6.0000 len=1880	ERR011349_MEGAHIT_TaxVamb.4
k79_3504 flag=1 multi=6.0000 len=2328	ERR011349_MEGAHIT_TaxVamb.4
k79_29801 flag=1 multi=7.0000 len=1891	ERR011349_MEGAHIT_TaxVamb.4
k79_7623 flag=1 multi=5.0000 len=1285	ERR011349_MEGAHIT_TaxVamb.4
k79_33768 flag=1 multi=6.0000 len=2666	ERR011349_MEGAHIT_TaxVamb.4
k79_29082 flag=1 multi=6.0000 len=1206	ERR011349_MEGAHIT_TaxVamb.4
k79_15268 flag=1 multi=6.0000 len=2527	ERR011349_MEGAHIT_TaxVamb.4
k79_9576 flag=1 multi=10.0000 len=1386	ERR011349_MEGAHIT_TaxVamb.4
k79_32843 flag=0 multi=52.6630 len=2239	ERR011349_MEGAHIT_TaxVamb.4
k79_8404 flag=1 multi=6.0000 len=1407	ERR011349_MEGAHIT_TaxVamb.4
k79_33190 flag=1 multi=5.0000 len=1225	ERR011349_MEGAHIT_TaxVamb.4
k79_5296 flag=1 multi=3.0000 len=1265	ERR011349_MEGAHIT_TaxVamb.4
k79_17036 flag=1 multi=10.0000 len=5647	ERR011349_MEGAHIT_TaxVamb.4
k79_7307 flag=1 multi=6.0000 len=3272	ERR011349_MEGAHIT_TaxVamb.4
k79_10183 flag=1 multi=39.5841 len=1113	ERR011349_MEGAHIT_TaxVamb.4
k79_13319 flag=1 multi=5.0000 len=1485	ERR011349_MEGAHIT_TaxVamb.4
k79_24487 flag=1 multi=8.0000 len=1029	ERR011349_MEGAHIT_TaxVamb.4
k79_35458 flag=1 multi=6.0000 len=1013	ERR011349_MEGAHIT_TaxVamb.4
k79_25437 flag=1 multi=7.0000 len=2561	ERR011349_MEGAHIT_TaxVamb.4
k79_31876 flag=1 multi=6.0000 len=2685	ERR011349_MEGAHIT_TaxVamb.4
k79_2458 flag=1 multi=6.0000 len=2855	ERR011349_MEGAHIT_TaxVamb.4
k79_11695 flag=1 multi=6.0000 len=1519	ERR011349_MEGAHIT_TaxVamb.4
k79_934 flag=1 multi=7.0000 len=2622	ERR011349_MEGAHIT_TaxVamb.4
k79_16611 flag=1 multi=5.0000 len=1648	ERR011349_MEGAHIT_TaxVamb.4
k79_24851 flag=1 multi=6.0000 len=1114	ERR011349_MEGAHIT_TaxVamb.4
k79_19683 flag=1 multi=7.0000 len=1308	ERR011349_MEGAHIT_TaxVamb.4
k79_1911 flag=1 multi=4.4993 len=2112	ERR011349_MEGAHIT_TaxVamb.4
k79_7143 flag=1 multi=7.0000 len=2669	ERR011349_MEGAHIT_TaxVamb.4
k79_30323 flag=1 multi=6.0000 len=1331	ERR011349_MEGAHIT_TaxVamb.4
k79_16412 flag=1 multi=5.0000 len=3112	ERR011349_MEGAHIT_TaxVamb.4
k79_33728 flag=1 multi=5.5225 len=1099	ERR011349_MEGAHIT_TaxVamb.4
k79_14831 flag=1 multi=6.0000 len=1074	ERR011349_MEGAHIT_TaxVamb.4
k79_17667 flag=1 multi=5.0000 len=1126	ERR011349_MEGAHIT_TaxVamb.4
k79_12987 flag=1 multi=7.0000 len=1641	ERR011349_MEGAHIT_TaxVamb.4
k79_23258 flag=1 multi=5.0000 len=1238	ERR011349_MEGAHIT_TaxVamb.4
k79_22925 flag=1 multi=6.0000 len=3001	ERR011349_MEGAHIT_TaxVamb.4
k79_26788 flag=1 multi=5.0000 len=1568	ERR011349_MEGAHIT_TaxVamb.4
k79_14918 flag=1 multi=5.0000 len=1558	ERR011349_MEGAHIT_TaxVamb.4
k79_5911 flag=1 multi=6.0000 len=1011	ERR011349_MEGAHIT_TaxVamb.4
k79_18936 flag=1 multi=6.0000 len=1038	ERR011349_MEGAHIT_TaxVamb.4
k79_13513 flag=1 multi=5.0000 len=2318	ERR011349_MEGAHIT_TaxVamb.4
k79_5364 flag=1 multi=6.0000 len=1934	ERR011349_MEGAHIT_TaxVamb.4
k79_16970 flag=1 multi=5.0000 len=1197	ERR011349_MEGAHIT_TaxVamb.4
k79_3334 flag=1 multi=6.0000 len=1803	ERR011349_MEGAHIT_TaxVamb.4
k79_28080 flag=1 multi=6.0000 len=2302	ERR011349_MEGAHIT_TaxVamb.4
k79_24684 flag=1 multi=7.0000 len=2642	ERR011349_MEGAHIT_TaxVamb.4
k79_2121 flag=1 multi=6.0000 len=2878	ERR011349_MEGAHIT_TaxVamb.4
k79_17029 flag=1 multi=6.0000 len=2556	ERR011349_MEGAHIT_TaxVamb.4
k79_18598 flag=1 multi=5.0000 len=1154	ERR011349_MEGAHIT_TaxVamb.4
k79_35006 flag=1 multi=7.0000 len=2482	ERR011349_MEGAHIT_TaxVamb.4
k79_485 flag=1 multi=7.0000 len=3525	ERR011349_MEGAHIT_TaxVamb.4
k79_27980 flag=1 multi=7.0000 len=1554	ERR011349_MEGAHIT_TaxVamb.4
k79_15176 flag=1 multi=6.0000 len=1673	ERR011349_MEGAHIT_TaxVamb.4
k79_3461 flag=1 multi=5.0000 len=1062	ERR011349_MEGAHIT_TaxVamb.4
k79_34642 flag=1 multi=6.0000 len=1307	ERR011349_MEGAHIT_TaxVamb.4
k79_20390 flag=1 multi=6.0000 len=2448	ERR011349_MEGAHIT_TaxVamb.4
k79_16614 flag=1 multi=4.0000 len=1921	ERR011349_MEGAHIT_TaxVamb.4
k79_8174 flag=1 multi=5.0000 len=1331	ERR011349_MEGAHIT_TaxVamb.4
k79_9467 flag=1 multi=5.0000 len=2308	ERR011349_MEGAHIT_TaxVamb.4
k79_33033 flag=1 multi=7.0000 len=1210	ERR011349_MEGAHIT_TaxVamb.4
k79_17715 flag=1 multi=4.0000 len=1545	ERR011349_MEGAHIT_TaxVamb.4
k79_26699 flag=1 multi=6.0000 len=3347	ERR011349_MEGAHIT_TaxVamb.4
k79_22922 flag=1 multi=8.0000 len=1173	ERR011349_MEGAHIT_TaxVamb.4
k79_31333 flag=1 multi=5.0000 len=1105	ERR011349_MEGAHIT_TaxVamb.4
k79_22648 flag=1 multi=7.0000 len=1280	ERR011349_MEGAHIT_TaxVamb.4
k79_16419 flag=1 multi=7.0000 len=1085	ERR011349_MEGAHIT_TaxVamb.4
k79_25583 flag=1 multi=7.0000 len=1069	ERR011349_MEGAHIT_TaxVamb.4
k79_4329 flag=1 multi=8.0000 len=1694	ERR011349_MEGAHIT_TaxVamb.4
k79_6324 flag=1 multi=5.0000 len=1460	ERR011349_MEGAHIT_TaxVamb.4
k79_33202 flag=1 multi=6.0000 len=1374	ERR011349_MEGAHIT_TaxVamb.4
k79_19785 flag=1 multi=7.0000 len=2548	ERR011349_MEGAHIT_TaxVamb.4
k79_13581 flag=1 multi=5.0000 len=1352	ERR011349_MEGAHIT_TaxVamb.4
k79_17628 flag=1 multi=26.0000 len=5284	ERR011349_MEGAHIT_TaxVamb.4
k79_5070 flag=1 multi=5.0000 len=1152	ERR011349_MEGAHIT_TaxVamb.4
k79_18358 flag=1 multi=6.0000 len=1192	ERR011349_MEGAHIT_TaxVamb.4
k79_4247 flag=1 multi=5.0000 len=1182	ERR011349_MEGAHIT_TaxVamb.4
k79_9063 flag=1 multi=5.0000 len=2409	ERR011349_MEGAHIT_TaxVamb.4
k79_18874 flag=1 multi=6.0000 len=1841	ERR011349_MEGAHIT_TaxVamb.4
k79_18898 flag=1 multi=6.0000 len=3321	ERR011349_MEGAHIT_TaxVamb.4
k79_29665 flag=1 multi=7.0000 len=3003	ERR011349_MEGAHIT_TaxVamb.4
k79_2350 flag=1 multi=6.0000 len=1454	ERR011349_MEGAHIT_TaxVamb.4
k79_26909 flag=1 multi=5.0000 len=1089	ERR011349_MEGAHIT_TaxVamb.4
k79_22246 flag=1 multi=5.0000 len=1568	ERR011349_MEGAHIT_TaxVamb.4
k79_36686 flag=1 multi=7.0000 len=2749	ERR011349_MEGAHIT_TaxVamb.4
k79_14784 flag=1 multi=7.0000 len=1881	ERR011349_MEGAHIT_TaxVamb.4
k79_34840 flag=1 multi=4.0000 len=1430	ERR011349_MEGAHIT_TaxVamb.4
k79_28646 flag=1 multi=5.0000 len=1128	ERR011349_MEGAHIT_TaxVamb.4
k79_23679 flag=1 multi=6.0000 len=1349	ERR011349_MEGAHIT_TaxVamb.4
k79_14656 flag=1 multi=7.0000 len=1578	ERR011349_MEGAHIT_TaxVamb.4
k79_5758 flag=1 multi=7.0000 len=2341	ERR011349_MEGAHIT_TaxVamb.4
k79_21339 flag=1 multi=6.0000 len=1239	ERR011349_MEGAHIT_TaxVamb.4
k79_27355 flag=1 multi=8.0000 len=1170	ERR011349_MEGAHIT_TaxVamb.4
k79_31398 flag=1 multi=5.0000 len=1167	ERR011349_MEGAHIT_TaxVamb.4
k79_8080 flag=1 multi=7.0000 len=1627	ERR011349_MEGAHIT_TaxVamb.4
k79_418 flag=1 multi=13.0000 len=1705	ERR011349_MEGAHIT_TaxVamb.4
k79_2116 flag=1 multi=6.0000 len=1425	ERR011349_MEGAHIT_TaxVamb.4
k79_5149 flag=1 multi=7.0000 len=1363	ERR011349_MEGAHIT_TaxVamb.4
k79_11222 flag=1 multi=6.0000 len=1503	ERR011349_MEGAHIT_TaxVamb.4
k79_26087 flag=1 multi=6.0000 len=1625	ERR011349_MEGAHIT_TaxVamb.4
k79_31729 flag=1 multi=6.0000 len=1650	ERR011349_MEGAHIT_TaxVamb.4
k79_8532 flag=1 multi=6.0000 len=2156	ERR011349_MEGAHIT_TaxVamb.4
k79_9091 flag=1 multi=7.0000 len=1221	ERR011349_MEGAHIT_TaxVamb.4
k79_981 flag=1 multi=6.0000 len=1137	ERR011349_MEGAHIT_TaxVamb.4
k79_17527 flag=1 multi=4.0000 len=1326	ERR011349_MEGAHIT_TaxVamb.4
k79_17977 flag=1 multi=5.0000 len=1345	ERR011349_MEGAHIT_TaxVamb.4
k79_26097 flag=1 multi=5.0000 len=1140	ERR011349_MEGAHIT_TaxVamb.4
k79_19381 flag=1 multi=7.0000 len=1834	ERR011349_MEGAHIT_TaxVamb.4
k79_6565 flag=1 multi=6.0000 len=1303	ERR011349_MEGAHIT_TaxVamb.4
k79_26647 flag=1 multi=6.0000 len=2129	ERR011349_MEGAHIT_TaxVamb.4
k79_27480 flag=1 multi=6.0000 len=1625	ERR011349_MEGAHIT_TaxVamb.4
k79_10870 flag=1 multi=7.0000 len=1504	ERR011349_MEGAHIT_TaxVamb.4
k79_2445 flag=1 multi=6.0000 len=1850	ERR011349_MEGAHIT_TaxVamb.4
k79_22559 flag=1 multi=5.0000 len=1419	ERR011349_MEGAHIT_TaxVamb.4
k79_19522 flag=1 multi=6.0000 len=1434	ERR011349_MEGAHIT_TaxVamb.4
k79_25844 flag=1 multi=7.0000 len=1054	ERR011349_MEGAHIT_TaxVamb.4
k79_5741 flag=1 multi=5.0000 len=1869	ERR011349_MEGAHIT_TaxVamb.4
k79_16154 flag=1 multi=6.0000 len=1991	ERR011349_MEGAHIT_TaxVamb.4
k79_30 flag=1 multi=12.6507 len=2163	ERR011349_MEGAHIT_TaxVamb.4
k79_20490 flag=1 multi=7.0000 len=1977	ERR011349_MEGAHIT_TaxVamb.4
k79_10155 flag=1 multi=7.0000 len=2005	ERR011349_MEGAHIT_TaxVamb.4
k79_5181 flag=1 multi=5.0000 len=1388	ERR011349_MEGAHIT_TaxVamb.4
k79_11144 flag=1 multi=3.0000 len=1005	ERR011349_MEGAHIT_TaxVamb.4
k79_26534 flag=1 multi=7.0000 len=2259	ERR011349_MEGAHIT_TaxVamb.4
k79_13153 flag=1 multi=5.0000 len=1095	ERR011349_MEGAHIT_TaxVamb.4
k79_21257 flag=1 multi=7.0000 len=1374	ERR011349_MEGAHIT_TaxVamb.4
k79_36167 flag=1 multi=6.0000 len=2010	ERR011349_MEGAHIT_TaxVamb.4
k79_26090 flag=1 multi=7.0000 len=1076	ERR011349_MEGAHIT_TaxVamb.4
k79_18333 flag=1 multi=4.0000 len=1516	ERR011349_MEGAHIT_TaxVamb.4
k79_3949 flag=1 multi=4.0000 len=1226	ERR011349_MEGAHIT_TaxVamb.4
k79_22690 flag=1 multi=6.0000 len=1491	ERR011349_MEGAHIT_TaxVamb.4
k79_10582 flag=0 multi=25.5606 len=1217	ERR011349_MEGAHIT_TaxVamb.4
k79_33976 flag=1 multi=5.0000 len=1589	ERR011349_MEGAHIT_TaxVamb.4
k79_15756 flag=1 multi=6.0000 len=1218	ERR011349_MEGAHIT_TaxVamb.4
k79_31206 flag=1 multi=7.0000 len=1689	ERR011349_MEGAHIT_TaxVamb.4
k79_12799 flag=1 multi=7.0000 len=1432	ERR011349_MEGAHIT_TaxVamb.4
k79_36439 flag=1 multi=5.0000 len=2061	ERR011349_MEGAHIT_TaxVamb.4
k79_5579 flag=1 multi=7.0000 len=1179	ERR011349_MEGAHIT_TaxVamb.4
k79_10252 flag=1 multi=7.0000 len=1822	ERR011349_MEGAHIT_TaxVamb.4
k79_6514 flag=1 multi=5.0000 len=1972	ERR011349_MEGAHIT_TaxVamb.4
k79_19225 flag=1 multi=7.0000 len=1551	ERR011349_MEGAHIT_TaxVamb.4
k79_36618 flag=1 multi=9.0000 len=6216	ERR011349_MEGAHIT_TaxVamb.4
k79_28216 flag=1 multi=6.0000 len=1717	ERR011349_MEGAHIT_TaxVamb.4
k79_28953 flag=1 multi=5.0000 len=1860	ERR011349_MEGAHIT_TaxVamb.4
k79_17548 flag=1 multi=8.0000 len=1908	ERR011349_MEGAHIT_TaxVamb.4
k79_15629 flag=1 multi=6.0000 len=1009	ERR011349_MEGAHIT_TaxVamb.4
k79_25742 flag=1 multi=6.0000 len=2205	ERR011349_MEGAHIT_TaxVamb.4
k79_4846 flag=1 multi=7.0000 len=1690	ERR011349_MEGAHIT_TaxVamb.4
k79_32620 flag=1 multi=6.0000 len=2417	ERR011349_MEGAHIT_TaxVamb.4
k79_1062 flag=1 multi=6.0000 len=1561	ERR011349_MEGAHIT_TaxVamb.4
k79_20055 flag=1 multi=5.0000 len=1077	ERR011349_MEGAHIT_TaxVamb.4
k79_27194 flag=1 multi=7.0000 len=2826	ERR011349_MEGAHIT_TaxVamb.4
k79_36414 flag=1 multi=7.0000 len=1845	ERR011349_MEGAHIT_TaxVamb.4
k79_36269 flag=1 multi=6.0000 len=1588	ERR011349_MEGAHIT_TaxVamb.4
k79_10025 flag=1 multi=7.0000 len=1878	ERR011349_MEGAHIT_TaxVamb.4
k79_15288 flag=1 multi=5.0000 len=1561	ERR011349_MEGAHIT_TaxVamb.4
k79_34832 flag=1 multi=5.0000 len=1615	ERR011349_MEGAHIT_TaxVamb.4
k79_30834 flag=1 multi=6.0000 len=2214	ERR011349_MEGAHIT_TaxVamb.4
k79_3861 flag=1 multi=7.0000 len=2443	ERR011349_MEGAHIT_TaxVamb.4
k79_32257 flag=1 multi=6.0000 len=1012	ERR011349_MEGAHIT_TaxVamb.4
k79_31218 flag=1 multi=6.0000 len=2652	ERR011349_MEGAHIT_TaxVamb.4
k79_28987 flag=1 multi=6.0000 len=1509	ERR011349_MEGAHIT_TaxVamb.4
k79_34121 flag=1 multi=5.0000 len=1040	ERR011349_MEGAHIT_TaxVamb.4
k79_22803 flag=1 multi=8.0000 len=1564	ERR011349_MEGAHIT_TaxVamb.4
k79_29361 flag=1 multi=5.0000 len=1543	ERR011349_MEGAHIT_TaxVamb.4
k79_28841 flag=1 multi=6.0000 len=2513	ERR011349_MEGAHIT_TaxVamb.4
k79_18507 flag=1 multi=6.0000 len=1277	ERR011349_MEGAHIT_TaxVamb.4
k79_34425 flag=1 multi=7.0000 len=1016	ERR011349_MEGAHIT_TaxVamb.4
k79_30703 flag=1 multi=7.0000 len=1829	ERR011349_MEGAHIT_TaxVamb.4
k79_29539 flag=1 multi=5.0000 len=1204	ERR011349_MEGAHIT_TaxVamb.4
k79_20573 flag=1 multi=8.0000 len=1847	ERR011349_MEGAHIT_TaxVamb.4
k79_3809 flag=1 multi=5.0000 len=2486	ERR011349_MEGAHIT_TaxVamb.4
k79_36673 flag=1 multi=6.0000 len=1096	ERR011349_MEGAHIT_TaxVamb.4
k79_23250 flag=1 multi=6.0000 len=1712	ERR011349_MEGAHIT_TaxVamb.4
k79_358 flag=1 multi=6.0000 len=1175	ERR011349_MEGAHIT_TaxVamb.4
k79_31319 flag=1 multi=7.0000 len=2667	ERR011349_MEGAHIT_TaxVamb.4
k79_3928 flag=1 multi=7.0000 len=1335	ERR011349_MEGAHIT_TaxVamb.4
k79_19430 flag=1 multi=5.0000 len=1927	ERR011349_MEGAHIT_TaxVamb.4
k79_19846 flag=1 multi=6.0000 len=2688	ERR011349_MEGAHIT_TaxVamb.4
k79_15397 flag=1 multi=7.0000 len=1268	ERR011349_MEGAHIT_TaxVamb.4
k79_6805 flag=1 multi=5.0000 len=1780	ERR011349_MEGAHIT_TaxVamb.4
k79_7080 flag=1 multi=5.0000 len=1694	ERR011349_MEGAHIT_TaxVamb.4
k79_12973 flag=1 multi=5.0000 len=1796	ERR011349_MEGAHIT_TaxVamb.4
k79_24428 flag=1 multi=8.0000 len=2274	ERR011349_MEGAHIT_TaxVamb.4
k79_17508 flag=1 multi=5.0000 len=1723	ERR011349_MEGAHIT_TaxVamb.4
k79_26819 flag=1 multi=6.0000 len=1216	ERR011349_MEGAHIT_TaxVamb.4
k79_25332 flag=1 multi=7.0000 len=1547	ERR011349_MEGAHIT_TaxVamb.4
k79_31962 flag=1 multi=7.0000 len=1305	ERR011349_MEGAHIT_TaxVamb.4
k79_9709 flag=1 multi=6.0000 len=1103	ERR011349_MEGAHIT_TaxVamb.4
k79_8302 flag=1 multi=7.0000 len=1242	ERR011349_MEGAHIT_TaxVamb.4
k79_19500 flag=1 multi=7.0000 len=3146	ERR011349_MEGAHIT_TaxVamb.4
k79_29530 flag=1 multi=9.0000 len=1383	ERR011349_MEGAHIT_TaxVamb.4
k79_9212 flag=1 multi=5.4313 len=1324	ERR011349_MEGAHIT_TaxVamb.4
k79_23125 flag=1 multi=6.0000 len=2050	ERR011349_MEGAHIT_TaxVamb.4
k79_18361 flag=1 multi=6.0000 len=4272	ERR011349_MEGAHIT_TaxVamb.4
k79_17455 flag=1 multi=7.0000 len=3219	ERR011349_MEGAHIT_TaxVamb.4
k79_11963 flag=1 multi=7.0000 len=1385	ERR011349_MEGAHIT_TaxVamb.4
k79_9189 flag=1 multi=5.0000 len=2000	ERR011349_MEGAHIT_TaxVamb.4
k79_3716 flag=1 multi=6.0000 len=1441	ERR011349_MEGAHIT_TaxVamb.4
k79_5564 flag=1 multi=4.0000 len=1378	ERR011349_MEGAHIT_TaxVamb.4
k79_4212 flag=1 multi=5.3996 len=1065	ERR011349_MEGAHIT_TaxVamb.4
k79_16961 flag=1 multi=6.0000 len=1116	ERR011349_MEGAHIT_TaxVamb.4
k79_19375 flag=1 multi=6.0000 len=2033	ERR011349_MEGAHIT_TaxVamb.4
k79_4770 flag=1 multi=6.0000 len=4662	ERR011349_MEGAHIT_TaxVamb.4
k79_16807 flag=1 multi=7.0000 len=2194	ERR011349_MEGAHIT_TaxVamb.4
k79_35837 flag=1 multi=6.0000 len=2200	ERR011349_MEGAHIT_TaxVamb.4
k79_11850 flag=1 multi=5.0000 len=1037	ERR011349_MEGAHIT_TaxVamb.4
k79_7398 flag=1 multi=6.0000 len=1608	ERR011349_MEGAHIT_TaxVamb.4
k79_35759 flag=1 multi=8.0000 len=1860	ERR011349_MEGAHIT_TaxVamb.4
k79_34233 flag=1 multi=8.0000 len=1567	ERR011349_MEGAHIT_TaxVamb.4
k79_21755 flag=1 multi=7.0000 len=1309	ERR011349_MEGAHIT_TaxVamb.4
k79_27247 flag=1 multi=7.0000 len=1603	ERR011349_MEGAHIT_TaxVamb.4
k79_33803 flag=1 multi=3.0000 len=1418	ERR011349_MEGAHIT_TaxVamb.4
k79_9610 flag=1 multi=6.0000 len=1405	ERR011349_MEGAHIT_TaxVamb.4
k79_14021 flag=1 multi=4.0000 len=1497	ERR011349_MEGAHIT_TaxVamb.4
k79_29088 flag=1 multi=7.0000 len=1668	ERR011349_MEGAHIT_TaxVamb.4
k79_34403 flag=1 multi=4.0000 len=1304	ERR011349_MEGAHIT_TaxVamb.4
k79_31796 flag=1 multi=7.0000 len=1875	ERR011349_MEGAHIT_TaxVamb.4
k79_33829 flag=1 multi=6.0000 len=1743	ERR011349_MEGAHIT_TaxVamb.4
k79_6187 flag=1 multi=5.0000 len=2500	ERR011349_MEGAHIT_TaxVamb.4
k79_2307 flag=1 multi=4.0000 len=1125	ERR011349_MEGAHIT_TaxVamb.4
k79_2834 flag=1 multi=2.0000 len=1675	ERR011349_MEGAHIT_TaxVamb.4
k79_24543 flag=1 multi=5.0000 len=2986	ERR011349_MEGAHIT_TaxVamb.4
k79_14759 flag=1 multi=7.0000 len=1596	ERR011349_MEGAHIT_TaxVamb.4
k79_30964 flag=1 multi=5.0000 len=2852	ERR011349_MEGAHIT_TaxVamb.4
k79_10128 flag=1 multi=5.0000 len=1003	ERR011349_MEGAHIT_TaxVamb.4
k79_22593 flag=1 multi=6.0000 len=1880	ERR011349_MEGAHIT_TaxVamb.4
k79_27433 flag=1 multi=7.0000 len=1393	ERR011349_MEGAHIT_TaxVamb.4
k79_11075 flag=1 multi=6.0000 len=3337	ERR011349_MEGAHIT_TaxVamb.4
k79_31444 flag=1 multi=6.0000 len=1464	ERR011349_MEGAHIT_TaxVamb.4
k79_31483 flag=1 multi=4.0000 len=1540	ERR011349_MEGAHIT_TaxVamb.4
k79_10768 flag=1 multi=6.0000 len=2332	ERR011349_MEGAHIT_TaxVamb.4
k79_15790 flag=1 multi=7.0000 len=1066	ERR011349_MEGAHIT_TaxVamb.4
k79_33451 flag=1 multi=6.0000 len=2211	ERR011349_MEGAHIT_TaxVamb.4
k79_20793 flag=1 multi=5.0000 len=1609	ERR011349_MEGAHIT_TaxVamb.4
k79_14424 flag=1 multi=8.0000 len=1980	ERR011349_MEGAHIT_TaxVamb.4
k79_13457 flag=1 multi=6.0000 len=1892	ERR011349_MEGAHIT_TaxVamb.4
k79_36744 flag=1 multi=4.0000 len=1736	ERR011349_MEGAHIT_TaxVamb.4
k79_4696 flag=1 multi=6.0000 len=3026	ERR011349_MEGAHIT_TaxVamb.4
k79_2192 flag=1 multi=7.0000 len=1843	ERR011349_MEGAHIT_TaxVamb.4
k79_13202 flag=1 multi=6.0000 len=1478	ERR011349_MEGAHIT_TaxVamb.4
k79_23805 flag=1 multi=5.0000 len=1512	ERR011349_MEGAHIT_TaxVamb.4
k79_13003 flag=1 multi=5.0000 len=1849	ERR011349_MEGAHIT_TaxVamb.4
k79_401 flag=1 multi=9.0000 len=3671	ERR011349_MEGAHIT_TaxVamb.4
k79_18748 flag=1 multi=10.0000 len=1017	ERR011349_MEGAHIT_TaxVamb.4
k79_23577 flag=1 multi=7.0000 len=2178	ERR011349_MEGAHIT_TaxVamb.4
k79_23460 flag=1 multi=8.0000 len=1329	ERR011349_MEGAHIT_TaxVamb.4
k79_25466 flag=1 multi=6.0000 len=1426	ERR011349_MEGAHIT_TaxVamb.4
k79_7207 flag=1 multi=23.0000 len=13447	ERR011349_MEGAHIT_TaxVamb.4
k79_20251 flag=1 multi=6.0000 len=2088	ERR011349_MEGAHIT_TaxVamb.4
k79_31038 flag=1 multi=5.0000 len=1679	ERR011349_MEGAHIT_TaxVamb.4
k79_22858 flag=1 multi=7.0000 len=1365	ERR011349_MEGAHIT_TaxVamb.4
k79_5332 flag=1 multi=6.0000 len=2239	ERR011349_MEGAHIT_TaxVamb.4
k79_19238 flag=1 multi=4.0000 len=1184	ERR011349_MEGAHIT_TaxVamb.4
k79_290 flag=1 multi=6.0000 len=1231	ERR011349_MEGAHIT_TaxVamb.4
k79_10575 flag=1 multi=6.0000 len=1429	ERR011349_MEGAHIT_TaxVamb.4
k79_17721 flag=1 multi=5.0000 len=1000	ERR011349_MEGAHIT_TaxVamb.4
k79_17346 flag=1 multi=5.0000 len=1261	ERR011349_MEGAHIT_TaxVamb.4
k79_10747 flag=1 multi=6.0000 len=1364	ERR011349_MEGAHIT_TaxVamb.4
k79_33904 flag=1 multi=7.0000 len=2273	ERR011349_MEGAHIT_TaxVamb.4
k79_108 flag=1 multi=7.0000 len=1119	ERR011349_MEGAHIT_TaxVamb.4
k79_10017 flag=1 multi=7.0000 len=1333	ERR011349_MEGAHIT_TaxVamb.4
k79_35300 flag=1 multi=7.0000 len=1231	ERR011349_MEGAHIT_TaxVamb.4
k79_20000 flag=1 multi=4.0000 len=1300	ERR011349_MEGAHIT_TaxVamb.4
k79_1997 flag=1 multi=6.0000 len=1616	ERR011349_MEGAHIT_TaxVamb.4
k79_20323 flag=1 multi=6.0000 len=1227	ERR011349_MEGAHIT_TaxVamb.4
k79_27372 flag=1 multi=5.0000 len=1309	ERR011349_MEGAHIT_TaxVamb.4
k79_176 flag=1 multi=5.0000 len=1109	ERR011349_MEGAHIT_TaxVamb.4
k79_8974 flag=1 multi=8.0000 len=1576	ERR011349_MEGAHIT_TaxVamb.4
k79_12563 flag=1 multi=5.0000 len=2040	ERR011349_MEGAHIT_TaxVamb.4
k79_13719 flag=1 multi=7.0000 len=1909	ERR011349_MEGAHIT_TaxVamb.4
k79_15120 flag=1 multi=6.0000 len=3240	ERR011349_MEGAHIT_TaxVamb.4
k79_22181 flag=1 multi=5.0000 len=2133	ERR011349_MEGAHIT_TaxVamb.4
k79_21967 flag=1 multi=6.0000 len=1249	ERR011349_MEGAHIT_TaxVamb.4
k79_28025 flag=1 multi=6.0000 len=1468	ERR011349_MEGAHIT_TaxVamb.4
k79_25148 flag=1 multi=5.0000 len=1338	ERR011349_MEGAHIT_TaxVamb.4
k79_21111 flag=1 multi=6.0000 len=1828	ERR011349_MEGAHIT_TaxVamb.4
k79_34881 flag=1 multi=6.0000 len=1157	ERR011349_MEGAHIT_TaxVamb.4
k79_8987 flag=1 multi=6.0000 len=2415	ERR011349_MEGAHIT_TaxVamb.4
k79_4449 flag=1 multi=5.0000 len=1421	ERR011349_MEGAHIT_TaxVamb.4
k79_5900 flag=1 multi=7.0000 len=1463	ERR011349_MEGAHIT_TaxVamb.4
k79_10879 flag=1 multi=7.0000 len=1137	ERR011349_MEGAHIT_TaxVamb.4
k79_11155 flag=1 multi=5.0000 len=1389	ERR011349_MEGAHIT_TaxVamb.4
k79_20312 flag=1 multi=7.0000 len=1440	ERR011349_MEGAHIT_TaxVamb.4
k79_9549 flag=1 multi=6.0000 len=2084	ERR011349_MEGAHIT_TaxVamb.4
k79_414 flag=1 multi=7.0000 len=3215	ERR011349_MEGAHIT_TaxVamb.4
k79_19299 flag=1 multi=5.0000 len=2404	ERR011349_MEGAHIT_TaxVamb.4
k79_5269 flag=1 multi=6.0000 len=1151	ERR011349_MEGAHIT_TaxVamb.4
k79_11470 flag=0 multi=9.0000 len=3351	ERR011349_MEGAHIT_TaxVamb.4
k79_5357 flag=1 multi=6.0000 len=1008	ERR011349_MEGAHIT_TaxVamb.4
k79_19908 flag=1 multi=6.0000 len=1058	ERR011349_MEGAHIT_TaxVamb.4
k79_7800 flag=1 multi=7.0000 len=1845	ERR011349_MEGAHIT_TaxVamb.4
k79_21044 flag=0 multi=26.0000 len=1232	ERR011349_MEGAHIT_TaxVamb.4
k79_30148 flag=1 multi=9.0000 len=1321	ERR011349_MEGAHIT_TaxVamb.4
k79_22898 flag=1 multi=7.0000 len=1082	ERR011349_MEGAHIT_TaxVamb.4
k79_18240 flag=1 multi=6.0000 len=1377	ERR011349_MEGAHIT_TaxVamb.4
k79_16950 flag=1 multi=5.0000 len=1064	ERR011349_MEGAHIT_TaxVamb.4
k79_4924 flag=1 multi=7.0000 len=1144	ERR011349_MEGAHIT_TaxVamb.4
k79_5347 flag=1 multi=4.0000 len=1188	ERR011349_MEGAHIT_TaxVamb.4
k79_30163 flag=1 multi=5.0000 len=2751	ERR011349_MEGAHIT_TaxVamb.4
k79_2096 flag=1 multi=6.0000 len=2086	ERR011349_MEGAHIT_TaxVamb.4
k79_673 flag=1 multi=5.0000 len=1037	ERR011349_MEGAHIT_TaxVamb.4
k79_23992 flag=1 multi=6.0000 len=1461	ERR011349_MEGAHIT_TaxVamb.4
k79_11132 flag=1 multi=6.0000 len=1212	ERR011349_MEGAHIT_TaxVamb.4
k79_11348 flag=1 multi=5.0000 len=1743	ERR011349_MEGAHIT_TaxVamb.4
k79_29250 flag=1 multi=7.0000 len=1933	ERR011349_MEGAHIT_TaxVamb.4
k79_20352 flag=1 multi=6.0000 len=2211	ERR011349_MEGAHIT_TaxVamb.4
k79_3514 flag=1 multi=7.0000 len=1490	ERR011349_MEGAHIT_TaxVamb.4
k79_123 flag=1 multi=6.0000 len=2097	ERR011349_MEGAHIT_TaxVamb.4
k79_14581 flag=1 multi=5.0000 len=1568	ERR011349_MEGAHIT_TaxVamb.4
k79_1444 flag=1 multi=6.0000 len=1689	ERR011349_MEGAHIT_TaxVamb.4
k79_29660 flag=1 multi=5.0000 len=1281	ERR011349_MEGAHIT_TaxVamb.4
k79_9145 flag=1 multi=8.0000 len=9570	ERR011349_MEGAHIT_TaxVamb.4
k79_18663 flag=1 multi=6.0000 len=2532	ERR011349_MEGAHIT_TaxVamb.4
k79_19250 flag=1 multi=4.0000 len=1134	ERR011349_MEGAHIT_TaxVamb.4
k79_2984 flag=1 multi=6.0000 len=1230	ERR011349_MEGAHIT_TaxVamb.4
k79_33598 flag=1 multi=6.0000 len=1695	ERR011349_MEGAHIT_TaxVamb.4
k79_13236 flag=1 multi=5.0000 len=1273	ERR011349_MEGAHIT_TaxVamb.4
k79_22496 flag=1 multi=7.0000 len=2222	ERR011349_MEGAHIT_TaxVamb.4
k79_32942 flag=1 multi=5.0000 len=1007	ERR011349_MEGAHIT_TaxVamb.4
k79_36766 flag=3 multi=6.0043 len=1469	ERR011349_MEGAHIT_TaxVamb.4
k79_5977 flag=1 multi=6.0000 len=1086	ERR011349_MEGAHIT_TaxVamb.4
k79_36048 flag=1 multi=4.0000 len=1087	ERR011349_MEGAHIT_TaxVamb.4
k79_347 flag=1 multi=6.0000 len=2614	ERR011349_MEGAHIT_TaxVamb.4
k79_17437 flag=1 multi=5.0000 len=1111	ERR011349_MEGAHIT_TaxVamb.4
k79_17023 flag=1 multi=8.0000 len=3300	ERR011349_MEGAHIT_TaxVamb.4
k79_29584 flag=1 multi=5.0000 len=1140	ERR011349_MEGAHIT_TaxVamb.4
k79_28342 flag=1 multi=6.0000 len=2765	ERR011349_MEGAHIT_TaxVamb.4
k79_8217 flag=1 multi=8.0000 len=2839	ERR011349_MEGAHIT_TaxVamb.4
k79_23853 flag=1 multi=8.0000 len=1365	ERR011349_MEGAHIT_TaxVamb.4
k79_26690 flag=1 multi=6.0000 len=2938	ERR011349_MEGAHIT_TaxVamb.4
k79_22422 flag=1 multi=5.0000 len=1224	ERR011349_MEGAHIT_TaxVamb.4
k79_28929 flag=1 multi=7.0000 len=1514	ERR011349_MEGAHIT_TaxVamb.4
k79_15346 flag=1 multi=6.9245 len=1669	ERR011349_MEGAHIT_TaxVamb.4
k79_1774 flag=1 multi=5.0000 len=1555	ERR011349_MEGAHIT_TaxVamb.4
k79_35358 flag=1 multi=7.0000 len=1179	ERR011349_MEGAHIT_TaxVamb.4
k79_24455 flag=1 multi=5.0000 len=1001	ERR011349_MEGAHIT_TaxVamb.4
k79_19388 flag=1 multi=6.0000 len=1076	ERR011349_MEGAHIT_TaxVamb.4
k79_27041 flag=1 multi=6.0000 len=1181	ERR011349_MEGAHIT_TaxVamb.4
k79_13834 flag=1 multi=5.0000 len=1536	ERR011349_MEGAHIT_TaxVamb.4
k79_6176 flag=1 multi=6.0000 len=1024	ERR011349_MEGAHIT_TaxVamb.4
k79_4646 flag=1 multi=6.0000 len=1173	ERR011349_MEGAHIT_TaxVamb.4
k79_5359 flag=1 multi=5.0000 len=1085	ERR011349_MEGAHIT_TaxVamb.4
k79_12284 flag=1 multi=5.0000 len=1301	ERR011349_MEGAHIT_TaxVamb.4
k79_23128 flag=1 multi=6.0000 len=1004	ERR011349_MEGAHIT_TaxVamb.4
k79_8791 flag=1 multi=6.0000 len=1498	ERR011349_MEGAHIT_TaxVamb.4
k79_4857 flag=1 multi=25.0000 len=1217	ERR011349_MEGAHIT_TaxVamb.4
k79_13566 flag=1 multi=7.0000 len=1296	ERR011349_MEGAHIT_TaxVamb.4
k79_13867 flag=1 multi=7.0000 len=3229	ERR011349_MEGAHIT_TaxVamb.4
k79_1349 flag=1 multi=4.0000 len=1231	ERR011349_MEGAHIT_TaxVamb.4
k79_32441 flag=1 multi=6.0000 len=1371	ERR011349_MEGAHIT_TaxVamb.4
k79_23335 flag=1 multi=7.0000 len=1060	ERR011349_MEGAHIT_TaxVamb.4
k79_6332 flag=1 multi=6.0000 len=1478	ERR011349_MEGAHIT_TaxVamb.4
k79_31771 flag=1 multi=6.0000 len=1229	ERR011349_MEGAHIT_TaxVamb.4
k79_26052 flag=1 multi=7.0000 len=2613	ERR011349_MEGAHIT_TaxVamb.4
k79_253 flag=1 multi=7.0000 len=1664	ERR011349_MEGAHIT_TaxVamb.4
k79_1365 flag=1 multi=5.0000 len=1095	ERR011349_MEGAHIT_TaxVamb.4
k79_26753 flag=1 multi=6.0000 len=1154	ERR011349_MEGAHIT_TaxVamb.4
k79_24884 flag=1 multi=6.0000 len=2389	ERR011349_MEGAHIT_TaxVamb.4
k79_26526 flag=1 multi=6.0000 len=2331	ERR011349_MEGAHIT_TaxVamb.4
k79_12398 flag=1 multi=8.0000 len=1485	ERR011349_MEGAHIT_TaxVamb.4
k79_23123 flag=1 multi=9.0000 len=1386	ERR011349_MEGAHIT_TaxVamb.4
k79_29092 flag=1 multi=8.0000 len=1272	ERR011349_MEGAHIT_TaxVamb.4
k79_36515 flag=1 multi=7.0000 len=1893	ERR011349_MEGAHIT_TaxVamb.4
k79_12459 flag=1 multi=4.0000 len=1455	ERR011349_MEGAHIT_TaxVamb.4
k79_17103 flag=1 multi=7.0000 len=2233	ERR011349_MEGAHIT_TaxVamb.4
k79_28459 flag=1 multi=7.0000 len=1308	ERR011349_MEGAHIT_TaxVamb.4
k79_3451 flag=1 multi=5.0000 len=1658	ERR011349_MEGAHIT_TaxVamb.4
k79_32371 flag=1 multi=5.0000 len=1074	ERR011349_MEGAHIT_TaxVamb.4
k79_33252 flag=1 multi=6.0000 len=3223	ERR011349_MEGAHIT_TaxVamb.4
k79_24683 flag=1 multi=8.0000 len=1193	ERR011349_MEGAHIT_TaxVamb.4
k79_25414 flag=1 multi=4.0000 len=1003	ERR011349_MEGAHIT_TaxVamb.4
k79_26272 flag=1 multi=8.5870 len=2120	ERR011349_MEGAHIT_TaxVamb.4
k79_17303 flag=1 multi=6.0000 len=1628	ERR011349_MEGAHIT_TaxVamb.4
k79_1057 flag=1 multi=7.0000 len=1011	ERR011349_MEGAHIT_TaxVamb.4
k79_12466 flag=1 multi=5.0000 len=1107	ERR011349_MEGAHIT_TaxVamb.4
k79_17852 flag=1 multi=5.0000 len=1534	ERR011349_MEGAHIT_TaxVamb.4
k79_32034 flag=1 multi=4.0000 len=1091	ERR011349_MEGAHIT_TaxVamb.4
k79_7981 flag=1 multi=6.0000 len=1001	ERR011349_MEGAHIT_TaxVamb.4
k79_29518 flag=1 multi=7.0000 len=2022	ERR011349_MEGAHIT_TaxVamb.4
k79_20431 flag=1 multi=7.0000 len=2982	ERR011349_MEGAHIT_TaxVamb.4
k79_35555 flag=1 multi=3.0000 len=1329	ERR011349_MEGAHIT_TaxVamb.4
k79_9795 flag=1 multi=5.0000 len=2279	ERR011349_MEGAHIT_TaxVamb.4
k79_25653 flag=1 multi=5.0000 len=1621	ERR011349_MEGAHIT_TaxVamb.4
k79_14710 flag=1 multi=6.0000 len=1451	ERR011349_MEGAHIT_TaxVamb.4
k79_6277 flag=1 multi=6.0000 len=2109	ERR011349_MEGAHIT_TaxVamb.4
k79_31442 flag=1 multi=5.0000 len=2147	ERR011349_MEGAHIT_TaxVamb.4
k79_18456 flag=1 multi=3.0000 len=1003	ERR011349_MEGAHIT_TaxVamb.4
k79_19086 flag=1 multi=5.0000 len=1092	ERR011349_MEGAHIT_TaxVamb.4
k79_7422 flag=1 multi=7.0000 len=1273	ERR011349_MEGAHIT_TaxVamb.4
k79_5121 flag=1 multi=5.0000 len=1290	ERR011349_MEGAHIT_TaxVamb.4
k79_17268 flag=1 multi=5.0000 len=2252	ERR011349_MEGAHIT_TaxVamb.4
k79_5701 flag=1 multi=7.0000 len=1029	ERR011349_MEGAHIT_TaxVamb.4
k79_1695 flag=1 multi=11.0000 len=1428	ERR011349_MEGAHIT_TaxVamb.4
k79_16903 flag=1 multi=6.0000 len=1885	ERR011349_MEGAHIT_TaxVamb.4
k79_4405 flag=1 multi=3.0000 len=1352	ERR011349_MEGAHIT_TaxVamb.4
k79_11522 flag=1 multi=5.0000 len=2237	ERR011349_MEGAHIT_TaxVamb.4
k79_1024 flag=1 multi=6.0000 len=1692	ERR011349_MEGAHIT_TaxVamb.4
k79_607 flag=1 multi=7.0000 len=1797	ERR011349_MEGAHIT_TaxVamb.4
k79_32986 flag=1 multi=6.0000 len=2554	ERR011349_MEGAHIT_TaxVamb.4
k79_32258 flag=1 multi=9.0000 len=1545	ERR011349_MEGAHIT_TaxVamb.4
k79_535 flag=1 multi=7.0000 len=1298	ERR011349_MEGAHIT_TaxVamb.4
k79_9966 flag=1 multi=5.0000 len=1266	ERR011349_MEGAHIT_TaxVamb.4
k79_9755 flag=1 multi=5.0000 len=1311	ERR011349_MEGAHIT_TaxVamb.4
k79_10263 flag=1 multi=4.0000 len=1552	ERR011349_MEGAHIT_TaxVamb.4
k79_25353 flag=1 multi=5.0000 len=1873	ERR011349_MEGAHIT_TaxVamb.4
k79_5339 flag=1 multi=5.0000 len=1297	ERR011349_MEGAHIT_TaxVamb.4
k79_27273 flag=1 multi=6.0000 len=1735	ERR011349_MEGAHIT_TaxVamb.4
k79_8988 flag=1 multi=4.0000 len=1280	ERR011349_MEGAHIT_TaxVamb.4
k79_18128 flag=1 multi=7.0000 len=2183	ERR011349_MEGAHIT_TaxVamb.4
k79_23088 flag=1 multi=4.0000 len=1589	ERR011349_MEGAHIT_TaxVamb.4
k79_4677 flag=1 multi=8.0000 len=1177	ERR011349_MEGAHIT_TaxVamb.4
k79_29125 flag=1 multi=6.0000 len=1477	ERR011349_MEGAHIT_TaxVamb.4
k79_10426 flag=1 multi=4.0000 len=1058	ERR011349_MEGAHIT_TaxVamb.4
k79_32901 flag=1 multi=5.0000 len=1499	ERR011349_MEGAHIT_TaxVamb.4
k79_10933 flag=1 multi=3.0000 len=1133	ERR011349_MEGAHIT_TaxVamb.4
k79_30564 flag=1 multi=6.0000 len=1656	ERR011349_MEGAHIT_TaxVamb.4
k79_6601 flag=1 multi=8.0000 len=1035	ERR011349_MEGAHIT_TaxVamb.4
k79_6124 flag=1 multi=5.0000 len=1150	ERR011349_MEGAHIT_TaxVamb.4
k79_7222 flag=1 multi=6.0000 len=1108	ERR011349_MEGAHIT_TaxVamb.4
k79_12343 flag=1 multi=7.0000 len=1311	ERR011349_MEGAHIT_TaxVamb.4
k79_20258 flag=1 multi=7.0000 len=1234	ERR011349_MEGAHIT_TaxVamb.4
k79_13843 flag=1 multi=8.0000 len=2225	ERR011349_MEGAHIT_TaxVamb.4
k79_30096 flag=1 multi=7.0000 len=1146	ERR011349_MEGAHIT_TaxVamb.4
k79_11667 flag=1 multi=5.0000 len=1253	ERR011349_MEGAHIT_TaxVamb.4
k79_20271 flag=1 multi=5.0000 len=1559	ERR011349_MEGAHIT_TaxVamb.4
k79_14582 flag=1 multi=6.0000 len=1033	ERR011349_MEGAHIT_TaxVamb.4
k79_117 flag=1 multi=5.0000 len=2619	ERR011349_MEGAHIT_TaxVamb.4
k79_5825 flag=1 multi=6.0000 len=1191	ERR011349_MEGAHIT_TaxVamb.4
k79_2509 flag=1 multi=6.0000 len=1154	ERR011349_MEGAHIT_TaxVamb.4
k79_849 flag=1 multi=6.0000 len=2606	ERR011349_MEGAHIT_TaxVamb.4
k79_35332 flag=1 multi=7.0000 len=1597	ERR011349_MEGAHIT_TaxVamb.4
k79_21925 flag=1 multi=7.0000 len=2695	ERR011349_MEGAHIT_TaxVamb.4
k79_13763 flag=1 multi=7.0000 len=2061	ERR011349_MEGAHIT_TaxVamb.4
k79_9095 flag=1 multi=19.7064 len=1002	ERR011349_MEGAHIT_TaxVamb.4
k79_12078 flag=1 multi=6.0000 len=1426	ERR011349_MEGAHIT_TaxVamb.4
k79_5622 flag=1 multi=7.0000 len=3073	ERR011349_MEGAHIT_TaxVamb.4
k79_33580 flag=1 multi=5.0000 len=1167	ERR011349_MEGAHIT_TaxVamb.4
k79_18688 flag=1 multi=6.0000 len=1577	ERR011349_MEGAHIT_TaxVamb.4
k79_5689 flag=1 multi=5.0000 len=1193	ERR011349_MEGAHIT_TaxVamb.4
k79_13478 flag=1 multi=6.0000 len=4640	ERR011349_MEGAHIT_TaxVamb.4
k79_19116 flag=1 multi=3.0000 len=1016	ERR011349_MEGAHIT_TaxVamb.4
k79_28313 flag=1 multi=7.0000 len=1366	ERR011349_MEGAHIT_TaxVamb.4
k79_27414 flag=1 multi=7.0000 len=1596	ERR011349_MEGAHIT_TaxVamb.4
k79_20680 flag=1 multi=6.0000 len=1017	ERR011349_MEGAHIT_TaxVamb.4
k79_28568 flag=1 multi=7.0000 len=1943	ERR011349_MEGAHIT_TaxVamb.4
k79_25549 flag=1 multi=6.0000 len=3675	ERR011349_MEGAHIT_TaxVamb.4
k79_35805 flag=1 multi=6.0000 len=2014	ERR011349_MEGAHIT_TaxVamb.4
k79_30741 flag=1 multi=6.0000 len=2269	ERR011349_MEGAHIT_TaxVamb.4
k79_779 flag=1 multi=6.0000 len=2479	ERR011349_MEGAHIT_TaxVamb.4
k79_5180 flag=1 multi=5.0000 len=1890	ERR011349_MEGAHIT_TaxVamb.4
k79_30174 flag=1 multi=7.0000 len=1128	ERR011349_MEGAHIT_TaxVamb.4
k79_36517 flag=1 multi=6.0000 len=1242	ERR011349_MEGAHIT_TaxVamb.4
k79_24727 flag=1 multi=7.0000 len=1221	ERR011349_MEGAHIT_TaxVamb.4
k79_237 flag=1 multi=6.0000 len=2011	ERR011349_MEGAHIT_TaxVamb.4
k79_11274 flag=1 multi=6.0000 len=1820	ERR011349_MEGAHIT_TaxVamb.4
k79_12412 flag=1 multi=6.0000 len=1520	ERR011349_MEGAHIT_TaxVamb.4
k79_26667 flag=1 multi=6.0000 len=1606	ERR011349_MEGAHIT_TaxVamb.4
k79_22937 flag=1 multi=5.0000 len=1829	ERR011349_MEGAHIT_TaxVamb.4
k79_12918 flag=1 multi=7.0000 len=2626	ERR011349_MEGAHIT_TaxVamb.4
k79_9410 flag=1 multi=5.0000 len=1074	ERR011349_MEGAHIT_TaxVamb.4
k79_14991 flag=1 multi=6.0000 len=1215	ERR011349_MEGAHIT_TaxVamb.4
k79_23792 flag=1 multi=6.0000 len=1164	ERR011349_MEGAHIT_TaxVamb.4
k79_16648 flag=1 multi=7.0000 len=1542	ERR011349_MEGAHIT_TaxVamb.4
k79_6275 flag=1 multi=3.0000 len=1296	ERR011349_MEGAHIT_TaxVamb.4
k79_18472 flag=1 multi=4.0000 len=1429	ERR011349_MEGAHIT_TaxVamb.4
k79_25186 flag=1 multi=5.0000 len=1941	ERR011349_MEGAHIT_TaxVamb.4
k79_25248 flag=1 multi=6.0000 len=1186	ERR011349_MEGAHIT_TaxVamb.4
k79_16472 flag=1 multi=6.0000 len=1576	ERR011349_MEGAHIT_TaxVamb.4
k79_6864 flag=1 multi=6.0000 len=1065	ERR011349_MEGAHIT_TaxVamb.4
k79_12492 flag=1 multi=5.0000 len=3239	ERR011349_MEGAHIT_TaxVamb.4
k79_28861 flag=1 multi=6.0000 len=1076	ERR011349_MEGAHIT_TaxVamb.4
k79_2593 flag=1 multi=7.0000 len=2068	ERR011349_MEGAHIT_TaxVamb.4
k79_7055 flag=1 multi=4.0000 len=1693	ERR011349_MEGAHIT_TaxVamb.4
k79_14977 flag=1 multi=6.0000 len=1108	ERR011349_MEGAHIT_TaxVamb.4
k79_4400 flag=1 multi=6.0000 len=1475	ERR011349_MEGAHIT_TaxVamb.4
k79_30053 flag=1 multi=5.0000 len=1230	ERR011349_MEGAHIT_TaxVamb.4
k79_34963 flag=1 multi=6.0000 len=1868	ERR011349_MEGAHIT_TaxVamb.4
k79_25594 flag=1 multi=6.0000 len=1548	ERR011349_MEGAHIT_TaxVamb.4
k79_20241 flag=1 multi=6.0000 len=1038	ERR011349_MEGAHIT_TaxVamb.4
k79_23127 flag=1 multi=10.0000 len=1181	ERR011349_MEGAHIT_TaxVamb.4
k79_27726 flag=1 multi=4.0000 len=1086	ERR011349_MEGAHIT_TaxVamb.4
k79_36556 flag=1 multi=6.0000 len=2301	ERR011349_MEGAHIT_TaxVamb.4
k79_28845 flag=1 multi=5.0000 len=1129	ERR011349_MEGAHIT_TaxVamb.4
k79_24581 flag=1 multi=5.0000 len=1082	ERR011349_MEGAHIT_TaxVamb.4
k79_5815 flag=1 multi=6.0000 len=2557	ERR011349_MEGAHIT_TaxVamb.4
k79_19698 flag=1 multi=6.0000 len=1387	ERR011349_MEGAHIT_TaxVamb.4
k79_18025 flag=1 multi=6.0000 len=2562	ERR011349_MEGAHIT_TaxVamb.4
k79_24132 flag=1 multi=5.0000 len=1285	ERR011349_MEGAHIT_TaxVamb.4
k79_10231 flag=1 multi=4.7967 len=1220	ERR011349_MEGAHIT_TaxVamb.4
k79_30768 flag=1 multi=4.0000 len=1847	ERR011349_MEGAHIT_TaxVamb.4
k79_18994 flag=1 multi=7.0000 len=1252	ERR011349_MEGAHIT_TaxVamb.4
k79_1775 flag=1 multi=7.0000 len=1094	ERR011349_MEGAHIT_TaxVamb.4
k79_28653 flag=1 multi=5.0000 len=1810	ERR011349_MEGAHIT_TaxVamb.4
k79_2466 flag=1 multi=5.0000 len=1250	ERR011349_MEGAHIT_TaxVamb.4
k79_25984 flag=1 multi=8.0000 len=1223	ERR011349_MEGAHIT_TaxVamb.4
k79_28590 flag=1 multi=6.0000 len=1919	ERR011349_MEGAHIT_TaxVamb.4
k79_35519 flag=1 multi=6.0000 len=2060	ERR011349_MEGAHIT_TaxVamb.4
k79_16188 flag=1 multi=7.0000 len=1873	ERR011349_MEGAHIT_TaxVamb.4
k79_19106 flag=1 multi=5.0000 len=1454	ERR011349_MEGAHIT_TaxVamb.4
k79_21055 flag=0 multi=8.8872 len=1498	ERR011349_MEGAHIT_TaxVamb.4
k79_25163 flag=1 multi=5.0000 len=1886	ERR011349_MEGAHIT_TaxVamb.4
k79_8626 flag=1 multi=4.0000 len=1264	ERR011349_MEGAHIT_TaxVamb.4
k79_32280 flag=1 multi=4.0000 len=1092	ERR011349_MEGAHIT_TaxVamb.4
k79_32769 flag=1 multi=5.0000 len=3080	ERR011349_MEGAHIT_TaxVamb.4
k79_12920 flag=1 multi=6.0000 len=1079	ERR011349_MEGAHIT_TaxVamb.4
k79_4192 flag=1 multi=5.0000 len=2612	ERR011349_MEGAHIT_TaxVamb.4
k79_11681 flag=1 multi=6.0000 len=2890	ERR011349_MEGAHIT_TaxVamb.4
k79_19465 flag=1 multi=6.0000 len=1972	ERR011349_MEGAHIT_TaxVamb.4
k79_15558 flag=1 multi=6.0000 len=2541	ERR011349_MEGAHIT_TaxVamb.4
k79_36007 flag=1 multi=6.0000 len=1065	ERR011349_MEGAHIT_TaxVamb.4
k79_16855 flag=1 multi=4.0000 len=1068	ERR011349_MEGAHIT_TaxVamb.4
k79_8624 flag=1 multi=3.0000 len=1113	ERR011349_MEGAHIT_TaxVamb.4
k79_7399 flag=1 multi=6.0000 len=1750	ERR011349_MEGAHIT_TaxVamb.4
k79_20535 flag=1 multi=5.0000 len=1930	ERR011349_MEGAHIT_TaxVamb.4
k79_27633 flag=1 multi=4.0000 len=1306	ERR011349_MEGAHIT_TaxVamb.4
k79_33952 flag=1 multi=3.0000 len=1427	ERR011349_MEGAHIT_TaxVamb.4
k79_19909 flag=1 multi=10.0000 len=2082	ERR011349_MEGAHIT_TaxVamb.4
k79_27220 flag=1 multi=6.0000 len=1119	ERR011349_MEGAHIT_TaxVamb.4
k79_31773 flag=1 multi=5.0000 len=1105	ERR011349_MEGAHIT_TaxVamb.4
k79_11375 flag=1 multi=11.0000 len=4790	ERR011349_MEGAHIT_TaxVamb.4
k79_15743 flag=1 multi=6.0000 len=3339	ERR011349_MEGAHIT_TaxVamb.4
k79_4194 flag=1 multi=8.0000 len=1488	ERR011349_MEGAHIT_TaxVamb.4
k79_7237 flag=1 multi=5.0000 len=1589	ERR011349_MEGAHIT_TaxVamb.4
k79_5384 flag=1 multi=7.0000 len=1330	ERR011349_MEGAHIT_TaxVamb.4
k79_31903 flag=1 multi=5.0000 len=1292	ERR011349_MEGAHIT_TaxVamb.4
k79_11661 flag=1 multi=4.0000 len=1104	ERR011349_MEGAHIT_TaxVamb.4
k79_24466 flag=1 multi=8.0000 len=2953	ERR011349_MEGAHIT_TaxVamb.4
k79_2030 flag=1 multi=7.0000 len=1784	ERR011349_MEGAHIT_TaxVamb.4
k79_25591 flag=1 multi=7.0000 len=3222	ERR011349_MEGAHIT_TaxVamb.4
k79_33112 flag=1 multi=5.0000 len=1269	ERR011349_MEGAHIT_TaxVamb.4
k79_22960 flag=1 multi=4.0000 len=1060	ERR011349_MEGAHIT_TaxVamb.4
k79_24810 flag=1 multi=6.0000 len=3462	ERR011349_MEGAHIT_TaxVamb.4
k79_9585 flag=1 multi=6.0000 len=1280	ERR011349_MEGAHIT_TaxVamb.4
k79_5328 flag=1 multi=6.0000 len=1361	ERR011349_MEGAHIT_TaxVamb.50
k79_16256 flag=1 multi=12.0000 len=1334	ERR011349_MEGAHIT_TaxVamb.51
k79_118 flag=1 multi=6.0000 len=1321	ERR011349_MEGAHIT_TaxVamb.52
k79_36560 flag=1 multi=6.0000 len=1313	ERR011349_MEGAHIT_TaxVamb.53
k79_8795 flag=1 multi=6.0000 len=1303	ERR011349_MEGAHIT_TaxVamb.54
k79_24561 flag=1 multi=7.0000 len=1296	ERR011349_MEGAHIT_TaxVamb.55
k79_31963 flag=1 multi=6.1696 len=1288	ERR011349_MEGAHIT_TaxVamb.56
k79_3538 flag=1 multi=6.0000 len=1282	ERR011349_MEGAHIT_TaxVamb.57
k79_35102 flag=1 multi=5.7513 len=1265	ERR011349_MEGAHIT_TaxVamb.58
k79_31855 flag=1 multi=7.0000 len=1253	ERR011349_MEGAHIT_TaxVamb.59
k79_33217 flag=1 multi=15.0000 len=7660	ERR011349_MEGAHIT_TaxVamb.5
k79_5625 flag=1 multi=4.0000 len=1251	ERR011349_MEGAHIT_TaxVamb.60
k79_26825 flag=1 multi=6.0000 len=1232	ERR011349_MEGAHIT_TaxVamb.61
k79_31580 flag=1 multi=3.0000 len=1231	ERR011349_MEGAHIT_TaxVamb.62
k79_18881 flag=1 multi=3.0000 len=1220	ERR011349_MEGAHIT_TaxVamb.63
k79_6388 flag=1 multi=5.0000 len=1218	ERR011349_MEGAHIT_TaxVamb.64
k79_539 flag=1 multi=5.0000 len=1211	ERR011349_MEGAHIT_TaxVamb.65
k79_24917 flag=1 multi=7.0000 len=1205	ERR011349_MEGAHIT_TaxVamb.66
k79_11815 flag=1 multi=6.0000 len=1204	ERR011349_MEGAHIT_TaxVamb.67
k79_21614 flag=1 multi=5.0000 len=1203	ERR011349_MEGAHIT_TaxVamb.68
k79_32633 flag=1 multi=6.0000 len=1195	ERR011349_MEGAHIT_TaxVamb.69
k79_27849 flag=1 multi=10.0000 len=6039	ERR011349_MEGAHIT_TaxVamb.6
k79_18737 flag=1 multi=5.0000 len=1190	ERR011349_MEGAHIT_TaxVamb.70
k79_24838 flag=1 multi=40.0000 len=1180	ERR011349_MEGAHIT_TaxVamb.71
k79_30252 flag=1 multi=6.0000 len=1164	ERR011349_MEGAHIT_TaxVamb.72
k79_13370 flag=1 multi=5.0000 len=1161	ERR011349_MEGAHIT_TaxVamb.73
k79_24191 flag=1 multi=4.0000 len=1131	ERR011349_MEGAHIT_TaxVamb.74
k79_21662 flag=1 multi=7.0000 len=1119	ERR011349_MEGAHIT_TaxVamb.75
k79_9872 flag=1 multi=5.0000 len=1114	ERR011349_MEGAHIT_TaxVamb.76
k79_36405 flag=1 multi=5.0000 len=1113	ERR011349_MEGAHIT_TaxVamb.77
k79_29083 flag=1 multi=4.0000 len=1105	ERR011349_MEGAHIT_TaxVamb.78
k79_20389 flag=1 multi=4.0000 len=1099	ERR011349_MEGAHIT_TaxVamb.79
k79_7649 flag=1 multi=8.0000 len=5801	ERR011349_MEGAHIT_TaxVamb.7
k79_29121 flag=1 multi=4.0000 len=1096	ERR011349_MEGAHIT_TaxVamb.80
k79_9485 flag=1 multi=7.6640 len=1094	ERR011349_MEGAHIT_TaxVamb.81
k79_16361 flag=1 multi=4.0000 len=1089	ERR011349_MEGAHIT_TaxVamb.82
k79_14510 flag=1 multi=7.0000 len=1085	ERR011349_MEGAHIT_TaxVamb.83
k79_5288 flag=1 multi=6.0000 len=1084	ERR011349_MEGAHIT_TaxVamb.84
k79_5987 flag=1 multi=4.0000 len=1075	ERR011349_MEGAHIT_TaxVamb.85
k79_13402 flag=1 multi=13.1544 len=1070	ERR011349_MEGAHIT_TaxVamb.86
k79_28768 flag=1 multi=4.0000 len=1068	ERR011349_MEGAHIT_TaxVamb.87
k79_3142 flag=1 multi=6.0000 len=1056	ERR011349_MEGAHIT_TaxVamb.88
k79_25868 flag=1 multi=3.0000 len=1055	ERR011349_MEGAHIT_TaxVamb.89
k79_12947 flag=1 multi=8.0000 len=5567	ERR011349_MEGAHIT_TaxVamb.8
k79_10629 flag=1 multi=5.0000 len=1052	ERR011349_MEGAHIT_TaxVamb.90
k79_2284 flag=1 multi=5.0000 len=1044	ERR011349_MEGAHIT_TaxVamb.91
k79_14780 flag=1 multi=4.0000 len=1043	ERR011349_MEGAHIT_TaxVamb.92
k79_27062 flag=1 multi=3.0000 len=1041	ERR011349_MEGAHIT_TaxVamb.93
k79_7379 flag=1 multi=4.0000 len=1031	ERR011349_MEGAHIT_TaxVamb.94
k79_18934 flag=1 multi=7.0000 len=1027	ERR011349_MEGAHIT_TaxVamb.95
k79_25985 flag=1 multi=5.0000 len=1022	ERR011349_MEGAHIT_TaxVamb.96
k79_7511 flag=1 multi=7.0000 len=1018	ERR011349_MEGAHIT_TaxVamb.97
k79_5342 flag=1 multi=3.0000 len=1009	ERR011349_MEGAHIT_TaxVamb.98
k79_25112 flag=1 multi=4.0000 len=1009	ERR011349_MEGAHIT_TaxVamb.99
k79_36707 flag=1 multi=31.0000 len=5373	ERR011349_MEGAHIT_TaxVamb.9
