contigs	predictions	scores
k79_12181	2;1239;186801;3085636;186803;572511;418240;1121115	1.0;1.0;1.0;1.0;1.0;1.0;0.99989;0.99989
k79_73082	2;1239;186801;3085636;186803;841;2763062	0.99876;0.99325;0.98852;0.97983;0.97983;0.69891;0.54715
k79_36541	2;1783272	0.99981;0.99947
k79_36543	2;1239;909932;1843488;909930;33024;33025	1.0;1.0;1.0;1.0;1.0;1.0;1.0
k79_36544	2;1239;186801;3085636;186803;2316020;33039;657313	1.0;1.0;1.0;1.0;1.0;0.99992;0.99992;0.99992
k79_48731	2;1239;526524;526525;2810280;2678885;1982626	0.96543;0.96541;0.96539;0.96539;0.96538;0.96538;0.96538
k79_12188	2;1239;186801;3085636;186803;572511;418240;1121115	1.0;1.0;1.0;1.0;1.0;1.0;1.0;1.0
k79_36545	2;1239;186801;3085636;186803;2316020;46228;471875	1.0;1.0;1.0;1.0;1.0;0.99999;0.99999;0.99999
k79_24365	2;1239;526524;526525;2810280;2678885;1982626	1.0;1.0;0.99998;0.99998;0.99954;0.99954;0.99954
k79_13	2;201174;1760;85004;31953;1678;216816;1682	0.99999;0.99956;0.99956;0.99956;0.99956;0.99956;0.99956;0.99956
k79_60907	2;1239;186801;3085636;186803;841;2763062	1.0;0.99976;0.99975;0.99974;0.99974;0.99838;0.99829
k79_85264	2;1239;186801;186802;216572;1263;2608920	1.0;1.0;1.0;1.0;1.0;1.0;1.0
k79_12194	2;1239;186801;3085636;186803;841;166486;718255	0.99995;0.99994;0.99994;0.99991;0.99991;0.99959;0.99953;0.99825
k79_36559	2;976;200643;171549;815;909656;376805;667015	1.0;0.99995;0.99995;0.99995;0.99977;0.92879;0.90379;0.90379
k79_12197	2;976;200643;171549;815;816;820;997890	1.0;1.0;1.0;1.0;1.0;1.0;0.99997;0.99997
k79_85267	2;1239;186801;3085636;186803;1766253;39491;657317	1.0;1.0;1.0;1.0;1.0;1.0;1.0;0.99704
k79_60924	2;1239;186801;186802;216572;1263;1160721	1.0;1.0;1.0;1.0;1.0;1.0;1.0
k79_60929	2;1239;526524;526525;2810280;2678885;1982626	1.0;1.0;1.0;1.0;1.0;1.0;1.0
k79_24376	2;1239;526524;526525;2810280;2678885;1982626	1.0;0.99923;0.99923;0.99923;0.99923;0.99923;0.99923
k79_60930	2;976;200643;171549;815;909656;357276;997877	1.0;1.0;1.0;1.0;1.0;0.99999;0.99971;0.99971
k79_73117	2;976;200643;171549;815;816;246787	1.0;1.0;1.0;1.0;0.9994;0.9994;0.99837
k79_12219	2;1239;186801;3085636;186803;1766253;39491;657318	1.0;1.0;1.0;1.0;1.0;0.9999;0.9999;0.99968
k79_36581	2;1239;186801;3085636;186803;841;166486;657315	1.0;1.0;1.0;0.99999;0.99999;0.99946;0.99944;0.98266
k79_85283	2;976;200643;171549;815;816;477666	1.0;0.99986;0.99985;0.99985;0.99985;0.99984;0.99979
k79_24388	2;1239;186801;3085636;186803;572511;418240;1121115	1.0;1.0;1.0;1.0;1.0;1.0;1.0;1.0
k79_60935	2;1239;186801;3085636;186803;1766253;39491;657318	1.0;0.99997;0.99997;0.99995;0.99995;0.99761;0.99761;0.96164
k79_73125	2;1239;186801;3085636;186803;2719231;29370;1297793	1.0;1.0;1.0;1.0;1.0;0.9999;0.9999;0.9999
k79_24396	2;976;200643;171549;815;909656;357276;997877	1.0;1.0;1.0;1.0;1.0;1.0;1.0;1.0
k79_36591	2;1239;186801;3085636;186803;1766253;39491;657318	1.0;1.0;1.0;1.0;1.0;0.99998;0.99998;0.99935
k79_60941	2;976;200643;171549;2005525;375288;2951805	1.0;0.99996;0.99993;0.99993;0.99938;0.99938;0.99877
k79_73133	2;1239;526524;526525;2810280;2678885;1982626	1.0;0.99997;0.99996;0.99996;0.99996;0.99996;0.99996
k79_60942	2;1239	0.99895;0.51748
k79_30	2;1239;186801;3085636;2603322;1348611;1185412	0.99999;0.99997;0.99984;0.9998;0.9998;0.9998;0.9998
k79_48765	2;1239;526524;526525;2810280;2678885;1982626	0.99998;0.99993;0.99959;0.99959;0.99606;0.99605;0.99605
k79_24401	2;976;200643;171549;815;816;820;997890	1.0;0.99999;0.99999;0.99999;0.99999;0.99999;0.99999;0.99999
k79_33	2;200940;3024418;213118;2931039;45654;45656	1.0;0.99983;0.99983;0.99983;0.99983;0.99983;0.99983
k79_36599	2;976;200643;171549;2005525;375288;328812	1.0;0.99995;0.99995;0.99995;0.99964;0.99964;0.99964
k79_60949	2;976;200643;171549;815;816;820;997890	1.0;0.99981;0.99981;0.99981;0.9998;0.9998;0.63722;0.63722
k79_85302	2;976;200643;171549;815;816;820;997890	1.0;1.0;1.0;1.0;1.0;1.0;1.0;1.0
k79_38	2;1239;186801;3085636;186803;841;166486;718255	1.0;1.0;1.0;0.99996;0.99996;0.99951;0.99951;0.9995
k79_73136	2157;28890;183925;2158;2159;2172;2173;420247	1.0;1.0;1.0;1.0;1.0;1.0;1.0;1.0
k79_60957	2;1239;526524;526525;2810280;2678885;1982626	1.0;0.99998;0.99997;0.99997;0.99997;0.99997;0.99997
k79_36610	2;1239;186801;3085636;186803;1766253;39491;657317	1.0;1.0;1.0;1.0;1.0;1.0;1.0;0.99057
k79_85309	2;1239;186801;186802;216572;1263;2564099	1.0;0.99997;0.99938;0.99921;0.99294;0.99262;0.90544
k79_12246	2;976;200643;171549;815;909656;821	1.0;1.0;1.0;1.0;1.0;1.0;1.0
k79_85310	2;976;200643;171549;815;816;2528203	1.0;0.99997;0.99996;0.99996;0.99995;0.99985;0.99432
k79_58	2;1239;186801;3085636;186803;572511;89014	1.0;1.0;1.0;0.99984;0.99984;0.99984;0.99972
k79_85313	2;1239;186801;3085636;186803;1766253;39491;657317	0.99995;0.9956;0.99529;0.99323;0.99323;0.82355;0.82355;0.64291
k79_48781	2;1239;186801;3085636;186803;1766253;39491;657317	1.0;1.0;1.0;1.0;1.0;1.0;1.0;1.0
k79_36613	2;1239;526524;526525;2810280;2678885;1982626	1.0;0.99999;0.99998;0.99998;0.99997;0.99997;0.99997
k79_60968	2157;28890;183925;2158;2159;2172;2173;420247	0.99999;0.99999;0.99999;0.99999;0.99999;0.99999;0.99979;0.99979
k79_85314	2;1239;186801;186802;31979;1485;46867	1.0;0.96607;0.96437;0.96398;0.96398;0.96398;0.88738
k79_73148	2;1239;186801;186802;216572;1263;2608920	0.99951;0.99825;0.99824;0.99823;0.99809;0.99808;0.95112
k79_73150	2;201174;1760;85004;31953;1678;216816;1679	1.0;1.0;1.0;1.0;1.0;1.0;1.0;1.0
k79_48784	2157;28890;183925;2158;2159;2172;2173;420247	1.0;1.0;1.0;1.0;1.0;1.0;1.0;1.0
k79_85319	2;976;200643;171549;2005525;375288;823;999416	0.99999;0.99885;0.99884;0.99884;0.9828;0.9828;0.98273;0.98273
k79_85321	2;976;200643;171549;815;816;820;997890	1.0;1.0;1.0;1.0;1.0;1.0;0.99999;0.99999
k79_60980	2;976;200643;171549;815;816;291644	1.0;1.0;1.0;1.0;1.0;1.0;1.0
k79_73155	2;1239;526524;526525;2810280;2678885;1982626	1.0;1.0;1.0;1.0;1.0;1.0;1.0
k79_24436	2;1239;186801;3085636;186803;1766253;39491;657317	1.0;1.0;1.0;1.0;1.0;1.0;1.0;0.72716
k79_12265	2;1239;186801;3082720;186804;1870884;1496	1.0;1.0;1.0;0.99991;0.99991;0.99991;0.99991
k79_48792	2;1239;186801;3085636;186803;572511;418240;1121115	1.0;1.0;1.0;1.0;1.0;1.0;1.0;1.0
k79_85328	2;1239;186801;186802;216572;216851;853;718252	0.99948;0.9872;0.98601;0.63232;0.6323;0.62971;0.62956;0.62956
k79_67	2;1239;186801;3085636;186803;33042;410072	0.99997;0.99997;0.99996;0.99996;0.99996;0.99969;0.99969
k79_48798	2;1239;186801;186802;216572;216851;2929493	1.0;0.99993;0.99992;0.99973;0.99973;0.99943;0.59723
k79_73	2;1239;526524;526525;2810280;2678885;1982626	1.0;1.0;1.0;1.0;1.0;1.0;1.0
k79_12272	2157;28890;183925;2158;2159;2172;2173;420247	0.99981;0.99981;0.99981;0.99981;0.99981;0.99981;0.99977;0.99977
k79_74	2;976;200643;171549;815;816;820;997890	1.0;1.0;1.0;1.0;1.0;1.0;1.0;1.0
k79_24448	2;976;200643;171549;815;816;2528203	1.0;0.99999;0.99987;0.99987;0.99982;0.99982;0.99837
k79_12273	2;1239;186801;186802;216572;1263;2608920	1.0;1.0;1.0;1.0;1.0;1.0;0.99999
k79_24450	2;1239;186801;186802;216572;216851;2929494	1.0;0.99997;0.99995;0.94546;0.94538;0.94475;0.94475
k79_60987	2;1239;526524;526525;2810280;2678885;1982626	1.0;0.99997;0.99993;0.99993;0.99769;0.99767;0.99767
k79_85356	2;976;200643;171549;815;816;820;997890	1.0;1.0;1.0;1.0;1.0;1.0;1.0;1.0
k79_60991	2;976;200643;171549;815;909656;387090	1.0;1.0;1.0;1.0;0.99998;0.99991;0.9999
k79_73181	2;1239;186801;3085636;186803;1766253;39491;657317	1.0;1.0;1.0;0.99978;0.99978;0.99977;0.99977;0.99955
k79_85358	2;1239;186801;3085636;186803;2944193;2763672	1.0;1.0;1.0;1.0;1.0;1.0;1.0
k79_48807	2;1239;186801;3085636;186803;2316020;33039;657313	1.0;1.0;1.0;1.0;1.0;0.99996;0.99996;0.99996
k79_73184	2;1239;526524;526525;2810280;2678885;1982626	1.0;1.0;1.0;1.0;1.0;1.0;1.0
k79_73185	2;976;200643;171549;815;816;820;997890	1.0;1.0;1.0;1.0;1.0;1.0;0.99998;0.99998
k79_85362	2;1239;186801;3085636;186803;1766253;39491;657317	1.0;0.99994;0.9999;0.99989;0.99989;0.98352;0.98352;0.9693
k79_61000	2;1239;186801;3085636;186803;2316020;33039;657313	1.0;1.0;1.0;1.0;1.0;0.99994;0.99993;0.99993
k79_73187	2;1239;186801;186802;216572;2834348;2666138	1.0;1.0;1.0;0.99999;0.99999;0.99999;0.99999
k79_85369	2;1239;526524;526525;2810280;2678885;1982626	1.0;0.99998;0.99998;0.99998;0.99998;0.99998;0.99998
k79_24470	2;1239;526524;526525;2810280;2678885;1982626	1.0;1.0;1.0;1.0;1.0;1.0;1.0
k79_48811	2;1239;526524;526525;2810280;2678885;1982626	1.0;1.0;1.0;1.0;1.0;1.0;1.0
k79_24471	2;1239;186801;3085636;186803;2316020;33039;657313	1.0;1.0;1.0;1.0;1.0;0.9999;0.9999;0.9999
k79_73195	2;976;200643;171549;815;816;820;997890	1.0;1.0;1.0;1.0;1.0;1.0;1.0;1.0
k79_36688	2;1239;186801;3085636;186803;2316020;46228;471875	1.0;1.0;1.0;1.0;1.0;0.99998;0.99998;0.99998
k79_95	2;1239;186801;3085636;186803;572511;418240;1121115	1.0;1.0;1.0;1.0;1.0;1.0;1.0;1.0
k79_85374	2;1239;186801;186802;216572;1263;2608920	1.0;1.0;1.0;1.0;1.0;1.0;0.99999
k79_24475	2;1239;186801;186802;216572;216851;853;718252	1.0;0.99308;0.99307;0.96221;0.96216;0.79686;0.75018;0.75007
k79_96	2;976;200643;171549;815;816;3117552	1.0;1.0;1.0;1.0;1.0;1.0;0.99995
k79_73201	2;1239;186801;3085636;186803;2316020;33038	1.0;1.0;1.0;1.0;1.0;1.0;1.0
k79_73204	2;1239;186801;3085636;186803;2316020;46228;471875	1.0;1.0;1.0;1.0;1.0;0.99999;0.99999;0.99999
k79_36700	2;976;200643;171549;815;816	1.0;0.99976;0.99975;0.99945;0.94277;0.501
k79_85386	2;1239;186801;3085636;186803;1766253;39491;657317	1.0;1.0;1.0;0.99995;0.99995;0.99994;0.99994;0.9999
k79_12302	2;1239;186801;3085636;186803;1766253;39491;657318	1.0;1.0;1.0;0.99994;0.99994;0.99994;0.99994;0.99991
k79_102	2;1239;186801;186802;31979;1485;1561;1415775	0.9999;0.99987;0.99947;0.99944;0.99944;0.99942;0.99917;0.99917
k79_85388	2;976;200643;171549;815;816;28111	1.0;0.99996;0.99996;0.99996;0.99996;0.99996;0.99996
k79_61018	2;1239;186801;186802;216572;1263;2608920	1.0;0.99996;0.999;0.999;0.99873;0.99873;0.99873
k79_106	2;1239;186801;3085636;186803;2719313;208479	1.0;1.0;0.99999;0.99979;0.99979;0.99979;0.99978
k79_36709	2;976;200643;171549;815;816;820;997890	1.0;1.0;1.0;1.0;1.0;1.0;0.99999;0.99999
k79_85394	2;1239;186801;3085636;186803;1766253;39491;657318	1.0;1.0;1.0;0.99999;0.99999;0.99999;0.99999;0.8591
k79_73213	2;1239;526524;526525;2810280;2678885;1982626	1.0;0.99999;0.99999;0.99999;0.99999;0.99999;0.99999
k79_108	2;1239;526524;526525;2810280;2678885;1982626	0.99992;0.99974;0.9952;0.9952;0.9952;0.99518;0.99518
k79_36714	2;1239;186801;3085636;186803;1766253;39491;657317	1.0;0.99995;0.99994;0.99994;0.99994;0.99994;0.99994;0.93446
k79_48818	2;1239;186801;3085636;186803;1766253;39491;657318	0.98584;0.97527;0.97389;0.95897;0.95896;0.95818;0.95818;0.9573
k79_24489	2;1239;526524;526525;2810280;2678885;1982626	0.99986;0.99979;0.99973;0.99973;0.99973;0.99972;0.99972
k79_116	2;1239;91061;1385;186817;1386;1839798	0.99869;0.9956;0.98496;0.98493;0.98415;0.98414;0.98408
k79_12313	2;976;200643;171549;815;816;329854	1.0;1.0;1.0;1.0;1.0;1.0;0.99985
k79_36720	2;1239;186801;3085636;186803;830;831	0.99731;0.99706;0.99532;0.90811;0.90811;0.90806;0.90806
k79_73224	2;1239	0.78857;0.63333
k79_73225	2;976;200643;171549;815;909656;821	1.0;1.0;1.0;1.0;1.0;1.0;1.0
k79_61027	2;74201;203494;48461;1647988;239934;239935	0.99889;0.90168;0.90168;0.90168;0.90168;0.90168;0.90167
k79_85408	2;976;200643;171549;815;816;28116	1.0;1.0;1.0;1.0;0.99998;0.99998;0.99986
k79_132	2;1239;909932;1843488;909930;33024;33025	1.0;1.0;1.0;1.0;1.0;1.0;1.0
k79_85413	2;1239;186801;3085636;186803;1766253;39491;657318	1.0;1.0;1.0;1.0;1.0;0.99994;0.99994;0.99992
k79_85424	2;976;200643;171549;815;909656;387090	1.0;0.99998;0.99991;0.99991;0.99981;0.99138;0.99138
k79_24509	2;1239;186801;3085636;186803;2316020;46228;471875	1.0;0.99999;0.99999;0.99999;0.99999;0.99987;0.99987;0.99987
k79_141	2759;7711;40674;9443;9604;9605;9606	0.99807;0.99807;0.99807;0.99807;0.99807;0.99807;0.99807
k79_12326	2;1239;186801;3085636;186803;2316020;46228;471875	1.0;1.0;1.0;1.0;1.0;1.0;1.0;1.0
k79_36752	2;1239;186801;186802;216572;1263;2608920	1.0;1.0;1.0;1.0;1.0;0.99999;0.99999
k79_85429	2;1239;186801;3085636;186803;572511;418240;1121115	1.0;1.0;1.0;1.0;1.0;1.0;1.0;1.0
k79_144	2;1239;526524;526525;2810280;2678885;1982626	1.0;1.0;1.0;1.0;1.0;1.0;1.0
k79_48825	2;1239;186801;3085636;186803;572511;2479767	1.0;1.0;1.0;1.0;1.0;1.0;1.0
k79_24519	2;976;200643;171549;815;909656;821	1.0;1.0;1.0;1.0;1.0;1.0;1.0
k79_36758	2;1239;186801;3085636;186803;841;166486;718255	1.0;1.0;1.0;1.0;1.0;0.9998;0.9997;0.99949
k79_150	2;1239;186801;186802;216572;216851;853;657322	1.0;1.0;1.0;0.99996;0.99996;0.99996;0.99984;0.9952
k79_48833	2;1239;186801;3085636;186803;1766253;39491;657318	1.0;1.0;1.0;1.0;1.0;1.0;1.0;0.99953
k79_61042	2;1239;186801;3085636;186803;572511;418240;1121115	1.0;1.0;1.0;1.0;1.0;1.0;0.99998;0.99998
k79_157	2;74201;203494;48461;1647988;239934;239935	0.99998;0.51615;0.51615;0.51615;0.51615;0.51615;0.51615
k79_36773	2;976;200643;171549;815;816;820;997890	1.0;1.0;1.0;1.0;1.0;1.0;0.99999;0.99999
k79_61046	2;1239;526524;526525;2810280;2678885;1982626	1.0;1.0;1.0;1.0;1.0;1.0;1.0
k79_36780	2157;28890;183925;2158;2159;2172;2173;420247	0.99996;0.99996;0.99996;0.99996;0.99996;0.99996;0.99215;0.99215
k79_159	2;976;200643;171549;815;816;820;997890	1.0;1.0;1.0;1.0;1.0;1.0;1.0;1.0
k79_48846	2;976;200643;171549;171550;239759;2585118	1.0;0.99992;0.99992;0.99992;0.9998;0.9998;0.9998
k79_167	2;976;200643;171549;815;816;818	0.99996;0.99995;0.99994;0.99994;0.99993;0.99965;0.99507
k79_24533	2157;28890;183925;2158;2159;2172;2173;420247	1.0;1.0;1.0;1.0;1.0;1.0;0.99938;0.99938
k79_36783	2157;28890;183925;2158;2159;2172;2173;420247	1.0;1.0;1.0;1.0;1.0;1.0;0.99986;0.99986
k79_85479	2;1239;186801;186802;216572;2892396;2714355	1.0;0.99999;0.99999;0.99994;0.99994;0.9999;0.9999
k79_73266	2;1239;909932;1843488;909930;33024;33025	1.0;0.99999;0.99999;0.99999;0.99999;0.99999;0.99999
k79_36785	2;1239;186801;3085636;186803;1766253;39491;657317	1.0;1.0;1.0;1.0;1.0;1.0;1.0;1.0
k79_24547	2;1239;186801;3085636;186803;207244;649756;649757	1.0;1.0;0.99997;0.99997;0.99997;0.99997;0.99997;0.99997
k79_85485	2;1224;1236;135625;712;146805;97481	1.0;1.0;1.0;1.0;1.0;1.0;1.0
k79_24550	2;1239;526524;526525;2810280;2678885;1982626	1.0;0.99985;0.9998;0.9998;0.9998;0.99978;0.99978
k79_73270	2;1239;186801;186802;216572;1263;2608920	1.0;1.0;1.0;1.0;1.0;1.0;1.0
k79_12385	2;1239;186801;186802;31979;1485;2930219	1.0;1.0;1.0;1.0;1.0;1.0;1.0
k79_36797	131567	1.0
k79_85487	2;1239;186801;186802;216572;1263;2608920	1.0;1.0;1.0;0.99999;0.99999;0.99999;0.99999
k79_24557	2;976;200643;171549;2005525;375288;823;999416	1.0;1.0;1.0;1.0;1.0;1.0;1.0;1.0
k79_48853	2157;28890;183925;2158;2159;2172;2173;420247	1.0;1.0;1.0;1.0;1.0;1.0;1.0;1.0
k79_73276	2;1239;186801;3085636;186803;572511;418240;1121115	1.0;1.0;1.0;1.0;1.0;1.0;1.0;1.0
k79_198	2;1239;186801;3085636;186803;572511;418240;1121115	1.0;1.0;1.0;1.0;1.0;1.0;1.0;1.0
k79_85492	2;1239;186801;3085636;186803;207244;649756;649757	1.0;1.0;1.0;1.0;1.0;1.0;1.0;1.0
k79_48860	2;1239;909932;1843488;909930;33024;33025	1.0;1.0;1.0;1.0;1.0;1.0;1.0
k79_12401	2;976;200643;171549;2005525;375288;823;999416	1.0;1.0;1.0;1.0;1.0;1.0;1.0;1.0
k79_204	2;976;117743;200644;49546;52959;1888915	1.0;0.98273;0.98273;0.98273;0.98273;0.98273;0.98273
k79_61098	2;1239;186801;186802;31979;1485;1216932	0.99993;0.99992;0.99992;0.99992;0.9994;0.9994;0.9994
k79_36803	2;976;200643;171549;815;816;817;862962	0.99965;0.99828;0.99828;0.99828;0.99827;0.99823;0.99822;0.99822
k79_36804	2;1239;186801;3085636;186803;207244;649756;649757	1.0;0.99999;0.99999;0.98811;0.98811;0.98803;0.98803;0.98803
k79_12406	2;1239;186801;3085636;186803;841;166486;718255	0.99998;0.99989;0.99984;0.99984;0.99984;0.995;0.99473;0.99004
k79_85518	2;1239;186801;186802;31979;1485;1216932	1.0;1.0;1.0;1.0;1.0;1.0;0.99989
k79_24569	2;976;200643;171549;815;816;820;997890	1.0;1.0;1.0;1.0;1.0;1.0;1.0;1.0
k79_48870	2;1239;186801;186802;216572;1263;2608920	1.0;0.99999;0.99997;0.99997;0.99989;0.99989;0.99988
k79_36814	2157;28890;183925;2158;2159;2172;2173;420247	1.0;1.0;1.0;1.0;1.0;1.0;1.0;1.0
k79_24576	2;976;200643;171549;815;909656;821	0.99993;0.99987;0.99987;0.99987;0.99987;0.99983;0.99983
k79_217	2;1239;186801;3085636;186803;572511;418240;1121115	1.0;0.99999;0.99999;0.99998;0.99998;0.99996;0.99987;0.99987
k79_12420	2;1239;186801;186802;216572;216851;2929489	1.0;0.99994;0.99994;0.9999;0.9999;0.99985;0.99932
k79_24577	2;1239;186801;186802;216572;1263;2608920	1.0;0.99957;0.99944;0.95152;0.95151;0.95151;0.95141
k79_36821	2;1239;526524;526525;2810280;2678885;1982626	1.0;0.99998;0.99998;0.99998;0.99974;0.99974;0.99974
k79_61131	2;976;200643;171549;815;816;820;997890	1.0;1.0;1.0;1.0;1.0;1.0;0.99996;0.99996
k79_24581	2;1239;186801;3085636;186803;1766253;39491;657317	1.0;0.86771;0.86731;0.86729;0.86729;0.86495;0.86495;0.86058
k79_36822	2;1239;186801;3085636;186803;207244;649756;649757	0.99994;0.9998;0.96257;0.96251;0.96251;0.96251;0.96251;0.96251
k79_73286	2;1239;186801;3085636;186803;572511;2877527	0.99987;0.99972;0.9997;0.9997;0.9997;0.97731;0.96507
k79_48891	2157;28890;183925;2158;2159;2172;2173;420247	1.0;1.0;1.0;1.0;1.0;1.0;1.0;1.0
k79_73290	2;1239;909932;1843489;31977;39948	1.0;1.0;1.0;0.99999;0.99999;0.99999
k79_12443	2;1239;526524;526525;2810280;2678885;1982626	1.0;1.0;0.99995;0.99995;0.99985;0.99984;0.99984
k79_48895	2;1239;91061;1385;186817;2675232;2963105	1.0;1.0;0.99999;0.99999;0.99999;0.99999;0.99999
k79_36826	2;1239;526524;526525;2810280;2678885;1982626	1.0;1.0;0.99999;0.99999;0.99998;0.99996;0.99996
k79_24601	2;1239;186801;3085636;186803;1766253;39491;657317	1.0;1.0;1.0;1.0;1.0;0.99999;0.99999;0.98536
k79_85555	2;1239;526524;526525;2810280;2678885;1982626	1.0;0.99998;0.99998;0.99998;0.99998;0.99998;0.99998
k79_73296	2;1239;1737404;1737405;1737406;41273;3035694	1.0;0.99999;0.99983;0.99983;0.99983;0.99983;0.99983
k79_36831	2;1239;526524;526525;2810280;2678885;1982626	1.0;1.0;0.99999;0.99999;0.99998;0.99998;0.99998
k79_73298	2;1239;526524;526525;2810280;2678885;1982626	1.0;1.0;1.0;1.0;1.0;1.0;1.0
k79_61142	2;976;200643;171549;815;816;2785531	1.0;0.99999;0.99999;0.99999;0.99999;0.99999;0.9997
k79_12456	2;1239;526524;526525;2810280;2678885;1982626	1.0;1.0;1.0;1.0;1.0;1.0;1.0
k79_73301	2;1239;186801;3085636;186803;572511;418240;1121115	1.0;1.0;1.0;1.0;1.0;1.0;1.0;1.0
k79_36833	2;1239;186801;186802;31979;1266;2726954	0.99989;0.99978;0.99976;0.99972;0.99972;0.99963;0.99963
k79_73302	2;1239;186801;3085636;186803;2316020;46228;471875	1.0;1.0;1.0;0.99999;0.99999;0.99999;0.99999;0.99999
k79_73306	2;976;200643;171549;2005525;375288;823;999416	1.0;1.0;1.0;1.0;0.99988;0.99988;0.99987;0.99987
k79_85573	2;1239;526524;526525;2810280;2678885;1982626	1.0;1.0;1.0;1.0;1.0;1.0;1.0
k79_24607	2;1239;186801;3085636;186803;572511;418240;1121115	1.0;1.0;1.0;1.0;1.0;0.99999;0.99999;0.99999
k79_12465	2;1239;186801;3085636;186803;2316020;46228;471875	1.0;1.0;1.0;1.0;1.0;1.0;0.99999;0.99999
k79_24609	2;1239;186801;3085636;186803;572511;418240;1121115	1.0;1.0;1.0;1.0;1.0;1.0;1.0;1.0
k79_12467	2;1239;186801;3085636;186803;572511;418240;1121115	1.0;1.0;1.0;1.0;1.0;1.0;1.0;1.0
k79_226	2;1224;1236;91347;543;544;1639133	0.99993;0.99964;0.99964;0.99964;0.99964;0.99964;0.99964
k79_36840	2;976;200643;171549;815;816;818	0.99999;0.99984;0.99984;0.99983;0.99983;0.9998;0.99872
k79_233	2;976;200643;171549;815;816;820;997890	1.0;1.0;1.0;1.0;1.0;1.0;0.99966;0.99966
k79_24622	2;1239;186801;3085636;186803;1766253;39491;657318	1.0;1.0;1.0;1.0;1.0;1.0;1.0;0.99807
k79_234	2;1239;186801;3085636;186803;33042;410072	1.0;0.99998;0.99998;0.99998;0.99998;0.99989;0.99989
k79_85588	2;976;200643;171549;815;816;820;997890	1.0;1.0;1.0;1.0;1.0;1.0;1.0;1.0
k79_12479	2;976;200643;171549;815;816;820;997890	1.0;1.0;1.0;1.0;0.99999;0.99999;0.99998;0.99998
k79_36843	2;1239;186801;3085636;186803;1766253;39491;657317	1.0;0.99999;0.99999;0.99998;0.99998;0.99996;0.99996;0.99898
k79_73331	2;976;200643;171549;815;909656;387090	1.0;1.0;1.0;1.0;1.0;0.99988;0.99987
k79_24631	2;1239;526524;526525;2810280;2678885;1982626	1.0;1.0;1.0;1.0;1.0;1.0;1.0
k79_12483	2;1239;909932;1843488;909930;33024;33025	1.0;1.0;1.0;1.0;1.0;1.0;1.0
k79_242	2;1239;909932;1843488;909930;33024;33025	0.99203;0.89763;0.62729;0.62443;0.62443;0.62443;0.62443
k79_48924	2;1239;186801;186802;216572;1263;1160721	0.99983;0.98968;0.98943;0.9736;0.97356;0.97343;0.86975
k79_48925	2;1224;1236;118969;444;445;29423;1268635	1.0;0.99995;0.99995;0.99995;0.99995;0.99995;0.99995;0.99995
k79_36857	2;1239;526524;526525;2810280;2678885;1982626	1.0;0.99999;0.99999;0.99999;0.99999;0.99999;0.99999
k79_12500	2;1239;186801;3082720;186804;1501226;1507512	1.0;1.0;1.0;0.99999;0.99999;0.99999;0.99999
k79_36863	2;1239;526524;526525;2810280;2678885;1982626	1.0;1.0;0.99905;0.99905;0.99905;0.99905;0.99905
k79_85599	2;1239;186801;3085636;186803	0.99986;0.90066;0.87046;0.87031;0.87031
k79_12501	2157;28890;183925;2158;2159;2172;2173;420247	1.0;1.0;1.0;1.0;1.0;1.0;1.0;1.0
k79_24651	2;976;200643;171549;815;816;820;997890	1.0;1.0;1.0;1.0;1.0;1.0;1.0;1.0
k79_12503	2;1239;186801;3085636;186803;207244;649756;649757	1.0;1.0;1.0;1.0;1.0;1.0;1.0;1.0
k79_73347	2;1239;526524;526525;2810280;2678885;1982626	0.99948;0.99839;0.92473;0.92473;0.92473;0.92473;0.92473
k79_61183	2;1239;186801;186802;216572;1263;2608920	0.99998;0.94904;0.94904;0.94836;0.94825;0.94824;0.91901
k79_36879	2;976;200643;171549;2005525;375288;823;999416	1.0;1.0;1.0;1.0;0.99999;0.99999;0.99999;0.99999
k79_73348	2;1239;186801;186802;216572;1263;2608920	0.99999;0.99999;0.99998;0.99628;0.99626;0.99626;0.95971
k79_12521	2;1239;186801;3085636;186803;841;166486;718255	0.99998;0.99997;0.99996;0.99996;0.99996;0.99977;0.99893;0.99828
k79_24655	2;1239;186801;3085636;186803;572511	0.99999;0.99945;0.99927;0.99892;0.99892;0.50942
k79_85609	2;1239;186801;3085636;186803;841;301301	1.0;1.0;0.99966;0.99965;0.99965;0.99965;0.99965
k79_36886	2;1239;526524;526525;2810280;2678885;1982626	1.0;1.0;1.0;1.0;1.0;1.0;1.0
k79_36887	2;1239;186801;3085636;186803;1766253;39491;657318	1.0;0.99999;0.99999;0.99997;0.99997;0.99997;0.99997;0.68532
k79_85613	2;1239;526524;526525;2810280;2678885;1982626	1.0;1.0;1.0;1.0;1.0;1.0;1.0
k79_24660	2;1239;186801;3085636;186803;572511;418240;1121115	1.0;1.0;1.0;1.0;1.0;1.0;1.0;1.0
k79_73359	2;1239;186801;3085636;186803;572511;89014	0.99998;0.99835;0.99787;0.98271;0.98271;0.79376;0.76984
k79_48948	2;1239;186801;186802;216572;2892396;2714355	1.0;0.99207;0.98961;0.98113;0.98111;0.97156;0.95174
k79_271	2;1239;909932;1843488;909930;33024;33025	1.0;1.0;1.0;1.0;1.0;1.0;1.0
k79_12549	2;1239;186801;186802;216572;216851;853;718252	1.0;1.0;1.0;1.0;1.0;0.99997;0.99994;0.99992
k79_48950	2;1783272	0.9807;0.72142
k79_275	2;1239;186801;186802;216572;2892396;2714355	0.99994;0.99557;0.99528;0.99439;0.99439;0.92692;0.92692
k79_61209	2;976;200643;171549;815;816;820;997890	1.0;1.0;1.0;1.0;1.0;1.0;1.0;1.0
k79_276	2;976;200643;171549;815;909656;821	0.99988;0.96026;0.96024;0.96024;0.95248;0.75061;0.75061
k79_283	2;1239;186801;3085636;186803;1766253;39491;657318	1.0;1.0;1.0;1.0;1.0;0.99999;0.99999;0.99018
k79_85619	2157;28890;183925;2158;2159;2172;2173;420247	1.0;1.0;1.0;1.0;1.0;1.0;1.0;1.0
k79_284	2;976;200643;171549;815;816;46506;449673	1.0;1.0;1.0;1.0;1.0;1.0;0.99988;0.99988
k79_73366	2;1239;186801;3085636;186803;1766253;39491;657317	1.0;1.0;1.0;1.0;1.0;1.0;1.0;0.99973
k79_36923	2;1239;186801;186802;216572;2892397;2714358	1.0;1.0;1.0;0.99999;0.99999;0.99999;0.99999
k79_12570	2;1239;526524;526525;2810280;2678885;1982626	1.0;1.0;1.0;1.0;1.0;1.0;1.0
k79_24667	2;976;200643;171549;815;816;820;997890	1.0;1.0;1.0;1.0;0.99999;0.99997;0.96879;0.96879
k79_36933	2;1239;186801;3085636;186803;207244;649756;649757	1.0;0.99999;0.99999;0.99999;0.99999;0.99999;0.99999;0.99999
k79_24668	2;976;200643;171549;815;816;817;295405	1.0;1.0;1.0;1.0;1.0;1.0;1.0;1.0
k79_36934	2;1239;186801;3085636;186803;1766253;39491;657318	1.0;1.0;1.0;1.0;1.0;0.99977;0.99977;0.80009
k79_286	2;976;200643;171549;815;816;820;997890	1.0;0.99988;0.99988;0.99988;0.99988;0.99988;0.99978;0.99978
k79_12578	2;1239;526524;526525;2810280;2678885;1982626	1.0;0.99999;0.99982;0.99982;0.99982;0.99982;0.99982
k79_48970	2;1239;186801;3085636;186803;1506553;29347	1.0;0.99866;0.99665;0.99664;0.99664;0.88417;0.88417
k79_85623	2;1239;186801;3085636;186803;841;301301	1.0;0.99998;0.99998;0.99998;0.99998;0.99998;0.99997
k79_288	2;1239;186801;3085636;186803;841;301301	0.99994;0.99993;0.99992;0.99534;0.99534;0.59539;0.58372
k79_85631	2;1239;186801;186802;216572;1263;2831966	1.0;1.0;1.0;1.0;1.0;1.0;0.99913
k79_24674	2;976;200643;171549;815;816;47678;997873	1.0;1.0;1.0;1.0;0.99998;0.99998;0.99995;0.99995
k79_85633	2;1239;186801;186802;216572;216851;2929494	1.0;0.99933;0.99922;0.9949;0.99133;0.98891;0.94667
k79_24680	2;1239;186801;3085636;186803;2569097;39488	1.0;1.0;1.0;0.99991;0.99991;0.99856;0.99856
k79_61227	2;976;200643;171549;171552;2974251;165179	1.0;1.0;1.0;1.0;1.0;1.0;1.0
k79_24681	2;976;200643;171549;2005525;375288;823;999416	1.0;0.99602;0.99594;0.99594;0.99593;0.99593;0.99593;0.99593
k79_48985	2;1224;1236;91347;543;568988;3077956	1.0;1.0;1.0;1.0;1.0;1.0;1.0
k79_12581	2;1239;186801;186802;216572;1263;1160721	0.97376;0.97253;0.9724;0.97239;0.97237;0.97237;0.97036
k79_61230	2;1239;186801;3085636;186803;572511;418240;1121115	1.0;1.0;1.0;1.0;1.0;1.0;1.0;1.0
k79_73399	2157;28890;183925;2158;2159;2172;2173;420247	1.0;1.0;1.0;1.0;1.0;1.0;1.0;1.0
k79_36959	2;1239;186801;3085636;186803;1766253;39491;657317	1.0;1.0;1.0;1.0;1.0;1.0;1.0;0.97197
k79_48988	2;1783272	0.99981;0.99954
k79_300	2;1239;526524;526525;2810280;2678885;1982626	1.0;1.0;1.0;1.0;1.0;1.0;1.0
k79_73401	2;976;200643;171549;815;816	0.99996;0.99983;0.99809;0.99761;0.97386;0.54204
k79_12591	2;1239;526524;526525;2810280;2678885;1982626	0.99997;0.99997;0.99991;0.99991;0.99988;0.99988;0.99988
k79_85635	2;1239;526524;526525;2810280;2678885;1982626	0.98236;0.97968;0.97869;0.97869;0.97868;0.97868;0.97868
k79_12595	2;1239;186801;3085636;186803;1766253;39491;657318	0.99073;0.98949;0.98534;0.98255;0.98254;0.97228;0.97228;0.66524
k79_73410	2;1239;526524;526525;2810280;2678885;1982626	1.0;1.0;1.0;1.0;1.0;1.0;1.0
k79_85638	2;976;200643;171549;2005525;375288;2951805	1.0;0.99989;0.99989;0.99989;0.99989;0.99989;0.99989
k79_12602	2157;28890;183925;2158;2159;2172;2173;420247	1.0;1.0;1.0;1.0;1.0;1.0;1.0;1.0
k79_73417	2;1239;186801;3085636;186803;1766253;39491;657317	1.0;0.99998;0.99998;0.99998;0.99998;0.99977;0.99977;0.73594
k79_12605	2;976;200643;171549;2005525;375288;823;999416	1.0;1.0;1.0;1.0;1.0;1.0;1.0;1.0
k79_73418	131567	0.9964
k79_85654	2;1239;186801;3085636;186803;2316020;46228;471875	1.0;1.0;1.0;1.0;1.0;0.99999;0.99999;0.99999
k79_316	2;976;200643;171549;815;909656;821	1.0;1.0;1.0;1.0;1.0;0.99999;0.99999
k79_73434	2157;28890;183925;2158;2159;2172;2173;420247	1.0;1.0;1.0;1.0;1.0;1.0;1.0;1.0
k79_36985	2;1239;526524;526525;2810280;2678885;1982626	1.0;1.0;1.0;1.0;1.0;1.0;1.0
k79_85663	2;976;200643;171549;815;909656;387090	1.0;0.99999;0.99999;0.99999;0.99933;0.99923;0.99918
k79_61241	2;976;200643;171549;815;816;817;997879	1.0;1.0;1.0;1.0;0.99957;0.99943;0.999;0.99899
k79_12638	2;1239;526524;526525;2810280;2678885;1982626	1.0;1.0;0.9997;0.9997;0.9997;0.9997;0.9997
k79_85665	2;74201;203494;48461;1647988;239934;239935	1.0;0.9999;0.9999;0.9999;0.9999;0.9999;0.9999
k79_61243	2;976;200643;171549;815;816;820;997890	1.0;1.0;1.0;1.0;1.0;1.0;1.0;1.0
k79_24709	2;1239;186801;186802;216572;1263;2608920	0.99999;0.99998;0.99998;0.99954;0.99952;0.9993;0.99925
k79_61244	2;976;200643;171549;815;816;820;997890	1.0;0.99999;0.99999;0.99999;0.99999;0.99999;0.99968;0.99968
k79_24714	2;976;1853228;1853229;563835;379899;577386	1.0;1.0;1.0;1.0;1.0;1.0;1.0
k79_36989	2;1239;526524;526525;2810280;2678885;1982626	1.0;1.0;1.0;1.0;1.0;1.0;1.0
k79_85671	2;976;200643;171549;815;816;820;997890	1.0;1.0;1.0;1.0;1.0;1.0;0.99998;0.99998
k79_73458	2;1239;186801;186802;31979;1485;182773	1.0;1.0;1.0;1.0;1.0;1.0;1.0
k79_61251	2;1239;186801;3082720;186804;214904;2925782	0.99702;0.99573;0.99181;0.95425;0.95423;0.94763;0.94763
k79_12650	2;976;200643;171549;815;816;817;997879	1.0;1.0;1.0;1.0;0.99993;0.99983;0.99964;0.99952
k79_37008	2;976;200643;171549;815;816;818	1.0;1.0;0.99998;0.99998;0.99997;0.99906;0.99432
k79_85683	2;1239;186801;186802;216572;1263;2608920	0.99995;0.99626;0.99032;0.98822;0.81641;0.81616;0.81615
k79_49024	2	0.98392
k79_332	2;1239;186801;3085636;186803;1506553;29347	1.0;1.0;1.0;1.0;1.0;1.0;1.0
k79_85689	2;74201;203494;48461;1647988;239934;239935	1.0;1.0;1.0;1.0;1.0;1.0;1.0
k79_37018	2;976;200643;171549;815;909656;821	1.0;0.97848;0.97847;0.97847;0.67507;0.65694;0.65488
k79_49034	2;976;200643;171549;2005525;375288;823;999416	1.0;1.0;1.0;1.0;0.99995;0.99995;0.99995;0.99995
k79_12667	2;976;200643;171549;815;816;820;997890	1.0;1.0;1.0;1.0;1.0;1.0;1.0;1.0
k79_37020	2;200940;3031449;213115;194924;2035811;463192	1.0;1.0;1.0;1.0;1.0;1.0;1.0
k79_49047	2;976;768503;768507;563798;246875;2641541	1.0;1.0;1.0;1.0;1.0;1.0;1.0
k79_73484	2;1239;91061;186826;1300;1301;315405	1.0;0.99954;0.95321;0.95315;0.95302;0.95302;0.95301
k79_24770	2;1239;186801;186802;186806;33951;52694	1.0;0.99999;0.99999;0.99999;0.99999;0.99999;0.99999
k79_61259	2;1239;186801;3085636;186803;841;1261635	0.99922;0.99855;0.99845;0.99839;0.99839;0.68874;0.66469
k79_73488	2;976;200643;171549;815;816;162156	1.0;1.0;1.0;1.0;0.99999;0.99995;0.99968
k79_73494	2;976;200643;171549;815;816;820;997890	1.0;0.99956;0.99956;0.99956;0.9995;0.9995;0.99934;0.99934
k79_73495	2;1239;909932;1843488;909930;33024;33025	1.0;0.99909;0.9988;0.99879;0.99879;0.99879;0.99879
k79_61268	2;976;200643;171549;815;816;162156	1.0;0.99996;0.99996;0.99996;0.99996;0.99996;0.99996
k79_85695	2157;28890;183925;2158;2159;2172;2173;420247	1.0;1.0;1.0;1.0;1.0;1.0;1.0;1.0
k79_37040	2;1239;526524;526525;2810280;2678885;1982626	1.0;1.0;1.0;1.0;1.0;1.0;1.0
k79_73505	2;1239;186801;3085636;186803;841;166486;657315	1.0;0.99984;0.99983;0.99981;0.99981;0.99903;0.99902;0.89533
k79_24791	2;976;200643;171549;815;909656;821	0.99998;0.75408;0.75407;0.75406;0.74124;0.7252;0.72519
k79_350	2;976;200643;171549;815;816;477666	0.99856;0.94329;0.94323;0.9432;0.90294;0.89792;0.84584
k79_85705	2157;28890;183925;2158;2159;2172;2173;420247	1.0;1.0;1.0;1.0;1.0;1.0;0.99399;0.99399
k79_73512	2;1239;526524;526525;2810280;2678885;1982626	0.99999;0.99793;0.83937;0.83937;0.83936;0.83936;0.83936
k79_73513	2;1239;186801;186802;216572;1263;1160721	0.99998;0.99547;0.99436;0.99024;0.99015;0.98978;0.92263
k79_61276	2;976;200643;171549;815;909656;387090	1.0;1.0;1.0;1.0;1.0;0.99998;0.99998
k79_73514	2157;28890;183925;2158;2159;2172;2173;420247	1.0;1.0;1.0;1.0;1.0;1.0;1.0;1.0
k79_37057	2;1239;526524;526525;2810280;2678885;1982626	1.0;0.9999;0.99989;0.99989;0.99985;0.99985;0.99985
k79_49050	2;1239;186801;186802;216572;1263;2608920	1.0;1.0;0.99999;0.99999;0.99998;0.99998;0.99998
k79_12713	2;1239;186801;3085636;186803;572511;418240;1121115	1.0;1.0;1.0;1.0;1.0;1.0;0.99998;0.99998
k79_37064	2;1239;526524;526525;2810280;2678885;1982626	1.0;1.0;1.0;1.0;1.0;1.0;1.0
k79_73525	2;1239;526524;526525;2810280;2678885;1982626	0.99999;0.99998;0.99996;0.99996;0.99996;0.99996;0.99996
k79_61297	2;1239;186801;186802;216572;216851;853;718252	1.0;1.0;1.0;1.0;1.0;1.0;1.0;1.0
k79_85734	2;976;200643;171549;815;909656;821	1.0;1.0;1.0;1.0;1.0;1.0;1.0
k79_37072	2;1239;186801;3085636;186803;207244;649756;649757	0.99998;0.99593;0.99134;0.99119;0.99119;0.98892;0.98892;0.98892
k79_24814	2;1239;526524;526525;2810280;2678885;1982626	1.0;1.0;0.99997;0.99997;0.99994;0.99994;0.99994
k79_73533	2;976;200643;171549;815;816;820;997890	1.0;0.99998;0.99988;0.99988;0.99986;0.99983;0.99833;0.99833
k79_61313	2;32066;203490;203491;203492;848;76857	0.99999;0.9999;0.9999;0.9999;0.9999;0.9999;0.9999
k79_73545	2;1239;186801;3085636;186803;1766253;39491;657318	1.0;1.0;1.0;1.0;1.0;1.0;1.0;0.99999
k79_49062	2;1239;186801;3085636;186803;572511;418240;1121115	1.0;1.0;1.0;1.0;1.0;1.0;0.99999;0.99999
k79_85757	2;976;200643;171549;815;816;820;997890	1.0;1.0;1.0;1.0;1.0;1.0;1.0;1.0
k79_85758	2;1239;526524;526525;2810280;2678885;1982626	1.0;0.99999;0.99989;0.99989;0.99989;0.99989;0.99989
k79_357	2157;28890;183925;2158;2159;2172;2173;420247	1.0;1.0;1.0;1.0;1.0;1.0;0.99999;0.99999
k79_61332	2;1239;186801;3085636;186803;572511;418240;1121115	1.0;1.0;1.0;1.0;1.0;1.0;0.99999;0.99999
k79_12740	2;976;200643;171549;815;816;820;997890	1.0;1.0;1.0;1.0;1.0;1.0;0.99998;0.99998
k79_364	2;976;200643;171549;815;909656;376805;667015	1.0;1.0;1.0;1.0;1.0;0.99988;0.99969;0.99969
k79_37115	2;1239;186801;3085636;186803;830;831	1.0;1.0;1.0;1.0;1.0;1.0;1.0
k79_37116	2;976;200643;171549;815;909656;821	1.0;0.89234;0.89233;0.89225;0.86425;0.86336;0.85743
k79_37117	2;1239;186801;3085636;186803;572511;418240;1121115	1.0;1.0;1.0;1.0;1.0;1.0;1.0;1.0
k79_61338	2;1239;186801;186802;216572;244127;169435	1.0;0.99999;0.99995;0.99984;0.99984;0.99825;0.99825
k79_49067	2;1239;526524;526525;2810280;2678885;1982626	1.0;1.0;1.0;1.0;1.0;1.0;1.0
k79_37118	2;1239;186801;3085636;186803;1766253;39491;657318	1.0;0.99999;0.99999;0.99999;0.99999;0.99962;0.99962;0.99962
k79_85784	2;1239;186801;3085636;186803;2316020;33039;657313	1.0;1.0;1.0;1.0;1.0;0.99981;0.99977;0.99977
k79_61340	2;1239;526524;526525;2810280;2678885;1982626	0.99999;0.99997;0.99882;0.99882;0.99824;0.99823;0.99823
k79_24820	2;1239;91061;1385;90964;1279;1282	1.0;1.0;0.99993;0.99993;0.99993;0.99993;0.99993
k79_24823	2;1239;186801;3085636;186803;1766253;39491;657317	1.0;1.0;1.0;1.0;1.0;1.0;1.0;0.99493
k79_37126	2;1239;526524;526525;2810280;2678885;1982626	1.0;1.0;0.99998;0.99998;0.99998;0.99998;0.99998
k79_73557	2;1239;186801;186802;216572;1263;1160721	1.0;0.99999;0.99999;0.99999;0.99999;0.99999;0.99902
k79_24828	2157;28890;183925;2158;2159;2172;2173;420247	1.0;1.0;1.0;1.0;1.0;1.0;0.99998;0.99998
k79_61362	2;976;200643;171549;815;816;820;997890	1.0;1.0;1.0;1.0;1.0;1.0;1.0;1.0
k79_73560	2;976;200643;171549;171551;1159323;1243007	1.0;1.0;0.99999;0.99999;0.99988;0.99988;0.99988
k79_24835	2;976;200643;171549;2005525;375288;823;999416	1.0;0.99999;0.99999;0.99999;0.99999;0.99999;0.99999;0.99999
k79_73565	2;1239;526524;526525;2810280;2678885;1982626	1.0;1.0;1.0;1.0;1.0;1.0;1.0
k79_85791	2;1224;1236;2887326;468;497;196806	1.0;0.99983;0.99983;0.99983;0.99983;0.99983;0.99983
k79_49095	2;1239;526524;526525;2810280;2678885;1982626	1.0;0.99999;0.99999;0.99999;0.99999;0.99999;0.99999
k79_85796	2;1239;526524;526525;2810280;2678885;1982626	0.99992;0.99992;0.99991;0.99991;0.99973;0.99972;0.99972
k79_73577	2;976;200643;171549;815;816;818	0.99256;0.87205;0.79353;0.79353;0.66657;0.66654;0.6331
k79_12765	2;976;200643;171549;815;816;820;997890	1.0;1.0;1.0;1.0;1.0;1.0;1.0;1.0
k79_61394	2;1239;186801;186802;216572;216851;3030639	1.0;1.0;1.0;1.0;1.0;1.0;1.0
k79_12766	2;1239;186801;3085636;186803;572511;2779518	1.0;0.99112;0.92009;0.80117;0.80117;0.74859;0.68212
k79_37166	2;1239;186801;3085636;186803;207244;649756;649757	1.0;1.0;1.0;1.0;1.0;1.0;1.0;1.0
k79_85802	2;976;117743;200644;49546;237;907046	0.99869;0.99814;0.99814;0.99814;0.99814;0.99814;0.99814
k79_49105	2;976;200643;171549;2005525;375288;823;999416	1.0;1.0;1.0;1.0;1.0;1.0;1.0;1.0
k79_384	2;1239;186801;3085636;186803;1766253;39491;657318	1.0;1.0;1.0;1.0;1.0;1.0;1.0;0.90913
k79_61395	2157;28890;183925;2158;2159;2172;2173;420247	1.0;1.0;1.0;1.0;1.0;1.0;0.99999;0.99999
k79_24843	2;1239;186801;3085636;186803;207244;649756;649757	1.0;0.99999;0.9887;0.98869;0.98869;0.98869;0.98869;0.98869
k79_12773	2;976;200643;171549;815;816;28116	1.0;0.99963;0.99963;0.99963;0.99961;0.99961;0.99545
k79_24845	2;1239;186801;3085636;186803;1766253;39491	0.99738;0.99074;0.98105;0.91384;0.91382;0.60361;0.60361
k79_24846	2;1239;186801;3085636;186803;1766253;39491;657317	1.0;1.0;1.0;1.0;1.0;1.0;1.0;0.77591
k79_85808	2;976;200643;171549;815;816;2755405	1.0;1.0;1.0;1.0;0.99999;0.99999;0.99998
k79_73603	2;976;200643;171549;815;909656;821	1.0;1.0;1.0;1.0;0.99995;0.99855;0.99715
k79_61406	2;1239;186801;186802;31979;1155385;3036945	1.0;1.0;1.0;0.99979;0.99978;0.99978;0.99978
k79_37170	2759;7711;40674;9443;9604;9605;9606	0.99984;0.99984;0.99984;0.99984;0.99984;0.99984;0.99984
k79_24853	2;1239;186801;3085636;186803;189330;88431	1.0;1.0;1.0;1.0;1.0;0.99997;0.99997
k79_85814	2;976;200643;171549;815;816;820;997890	1.0;1.0;1.0;1.0;1.0;1.0;1.0;1.0
k79_37172	2;1239;526524;526525;2810280;2678885;1982626	1.0;1.0;1.0;1.0;0.99999;0.99999;0.99999
k79_61415	2;1239;91061;1385;186818;1372;192421	1.0;0.99999;0.99997;0.99997;0.99997;0.99997;0.99997
k79_24857	2;1239;186801;3085636;186803;2316020;33039;657313	1.0;1.0;1.0;1.0;1.0;0.99992;0.99991;0.99991
k79_402	2157;28890;183925;2158;2159;2172;2173;420247	0.99997;0.99997;0.99997;0.99997;0.99997;0.99997;0.99994;0.99994
k79_24858	2;1239;186801;3085636;186803;2316020;46228;471875	1.0;1.0;1.0;1.0;1.0;0.99999;0.99999;0.99999
k79_85818	2;1239;186801;186802;31979;1485;1501;86416	1.0;1.0;1.0;0.99999;0.99999;0.99999;0.99998;0.99998
k79_37180	2;976;200643;171549;815;816;291645	1.0;1.0;1.0;1.0;1.0;1.0;0.99999
k79_73608	2;1239;186801;3085636;186803;33042;410072	1.0;1.0;1.0;1.0;1.0;0.99956;0.99956
k79_85819	2;74201;203494;48461;1647988;239934;239935	1.0;1.0;1.0;1.0;1.0;1.0;1.0
k79_24864	2;1239;186801;3085636;186803;572511;418240;1121115	1.0;1.0;1.0;1.0;1.0;1.0;0.99996;0.99996
k79_37183	2;1239;186801;3085636;186803;572511;418240;1121115	1.0;1.0;1.0;1.0;1.0;1.0;1.0;1.0
k79_413	2;1239;186801;3085636;186803;1766253;39491;657317	1.0;1.0;1.0;0.99997;0.99997;0.99997;0.99997;0.99568
k79_37185	2;976;200643;171549;815;816;820;997890	1.0;1.0;1.0;1.0;1.0;1.0;1.0;1.0
k79_49122	2;1239;186801;3085636;186803;572511;1796616	1.0;1.0;0.99996;0.99995;0.99995;0.99993;0.99993
k79_73617	2157;28890;183925;2158;2159;2172;2173;420247	0.99991;0.99991;0.99991;0.99991;0.99991;0.99991;0.99982;0.99982
k79_49125	2;1239;186801;186802;216572;1263	0.99972;0.91912;0.89323;0.61056;0.61053;0.59782
k79_421	2;1239;186801;3085636;186803;1766253;39491;657318	0.99999;0.85909;0.85902;0.85471;0.85471;0.7788;0.7788;0.50939
k79_24876	2;1239;526524;526525;2810280;2678885;1982626	0.99995;0.99995;0.99995;0.99995;0.99995;0.99995;0.99995
k79_49126	2;976;200643;171549;815;816;818	1.0;0.9999;0.9999;0.9999;0.9999;0.9999;0.99989
k79_61422	2;1239;186801;3085636;186803;207244;649756;649757	1.0;0.99973;0.99967;0.99907;0.99907;0.99885;0.99885;0.99885
k79_49131	2;1239;186801;186802;216572;216851	0.99998;0.99538;0.99453;0.96744;0.96616;0.51341
k79_49132	2;1239;186801;186802;216572;1263;1160721	0.99998;0.99954;0.99117;0.99107;0.99106;0.99104;0.99103
k79_49137	2;1239;186801;3085636;186803;1766253;39491;657317	1.0;1.0;1.0;1.0;1.0;0.99999;0.99999;0.99886
k79_73618	2;1239;909932;1843488;909930;33024;33025	1.0;1.0;1.0;1.0;1.0;1.0;1.0
k79_85851	2;1239;526524;526525;2810280;2678885;1982626	1.0;0.99994;0.99994;0.99994;0.99985;0.99985;0.99985
k79_440	2;1239;186801;3085636;186803;572511;418240;1121115	1.0;1.0;1.0;1.0;1.0;1.0;1.0;1.0
k79_49150	2;1239;186801;186802;216572;216851;411483	1.0;0.93902;0.93417;0.9317;0.9317;0.93168;0.92778
k79_443	2;1239;91061;1385;186817;400634;2936682	1.0;1.0;1.0;1.0;1.0;1.0;1.0
k79_455	2;976;200643;171549;815;816;820;997890	1.0;1.0;1.0;1.0;0.99999;0.99999;0.99986;0.99986
k79_61452	2;1239;186801;186802;216572;1263;657323	1.0;0.99998;0.99998;0.99991;0.99991;0.99991;0.99991
k79_37233	2;1239;526524;526525;2810280;2678885;1982626	1.0;1.0;1.0;1.0;1.0;1.0;1.0
k79_24896	2;1239;526524;526525;2810280;2678885;1982626	0.99997;0.99997;0.99997;0.99997;0.99997;0.99997;0.99997
k79_37234	2;1239;186801;186802;216572;1263;2564099	0.99998;0.99367;0.99348;0.9871;0.98697;0.98696;0.70611
k79_467	2;976;200643;171549;815;909656;821	1.0;1.0;1.0;1.0;0.99997;0.99997;0.99997
k79_61460	2;1239;186801;3085636;186803;1766253;39491;657318	1.0;1.0;1.0;1.0;1.0;0.9999;0.9999;0.93661
k79_24904	2;976;200643;171549;2005525;375288;46503	0.98826;0.89607;0.88903;0.88903;0.87759;0.87759;0.87741
k79_49174	2157;28890;183925;2158;2159;2172;2173;420247	0.99999;0.99999;0.99999;0.99999;0.99999;0.99999;0.99957;0.99957
k79_24909	2;1239;91061;1385;186817;1386;1396;526969	1.0;0.99999;0.99999;0.99999;0.99999;0.99999;0.99999;0.99999
k79_85856	131567	0.99999
k79_73672	2157;28890;183925;2158;2159;2172;2173;420247	1.0;1.0;1.0;1.0;1.0;1.0;1.0;1.0
k79_73679	2;976;200643;171549;815;909656;821	1.0;0.99802;0.99486;0.99486;0.96482;0.8662;0.86613
k79_73681	2;976;200643;171549;815;816;820;997890	1.0;1.0;1.0;1.0;0.99994;0.99993;0.99444;0.99444
k79_24930	2;1239;526524;526525;2810280;2678885;1982626	1.0;1.0;1.0;1.0;1.0;1.0;1.0
k79_49177	2157;28890;183925;2158;2159;2172;2173;420247	1.0;1.0;1.0;1.0;1.0;1.0;1.0;1.0
k79_491	2;976;200643;171549;815;816;820;997890	1.0;1.0;1.0;1.0;1.0;1.0;1.0;1.0
k79_85873	2;1239;186801;3085636;186803;841;166486;657315	1.0;1.0;0.99999;0.99829;0.99829;0.9779;0.9779;0.97303
k79_73682	2;1239;186801;186802;216572;1263;2608920	0.99962;0.98169;0.78787;0.71144;0.6951;0.69313;0.69284
k79_85874	2;1224;28211;356;82115;357;2735528	0.99999;0.78958;0.78958;0.78958;0.78958;0.78958;0.78958
k79_12846	2157;28890;183925;2158;2159;2172;2173;420247	1.0;1.0;1.0;1.0;1.0;1.0;1.0;1.0
k79_85877	2;1239;186801;3085636;186803;207244;649756;649757	1.0;1.0;1.0;1.0;1.0;1.0;1.0;1.0
k79_12847	2;1239;186801;3085636;186803;572511;418240;1121115	1.0;1.0;1.0;1.0;1.0;1.0;1.0;1.0
k79_73686	2;976;200643;171549;815;816;820;997890	1.0;1.0;1.0;1.0;1.0;1.0;0.99999;0.99999
k79_37267	2;976;200643;171549;815;909656;821	1.0;0.99276;0.99276;0.99276;0.99276;0.99275;0.99275
k79_85881	2;1239;186801;3085636;186803;207244;649756;649757	0.99989;0.99283;0.98694;0.91203;0.91203;0.91074;0.91074;0.91074
k79_498	2;1239;186801;3085636;186803;2316020;33039;657313	1.0;1.0;1.0;1.0;1.0;0.99833;0.99833;0.99833
k79_37269	2;1239;91061;186826;33958;2767887;1622	1.0;0.99997;0.99996;0.99996;0.99996;0.99996;0.99996
k79_24942	2;976;200643;171549;815;909656;821	1.0;0.99905;0.99904;0.99904;0.99737;0.97975;0.97971
k79_49191	131567	0.70107
k79_85883	2;1239;186801;3085636;186803;1766253;39491;657317	1.0;0.99999;0.99999;0.99999;0.99999;0.99997;0.99997;0.99818
k79_499	2;1239;186801;3085636;186803;1766253;39491;657318	1.0;1.0;1.0;1.0;1.0;1.0;1.0;0.98522
k79_61497	2;1239;186801;186802;216572;216851;411483	1.0;0.99891;0.99837;0.99835;0.99835;0.99828;0.99827
k79_37279	2;1239;526524;526525;2810280;2678885;1982626	1.0;1.0;1.0;1.0;1.0;1.0;1.0
k79_504	2;1239;186801;186802;216572;1263;2608920	0.99992;0.97239;0.97136;0.97135;0.97135;0.97135;0.97135
k79_24950	2;1239;91061;1385;186817;2800373;86664	0.99968;0.99968;0.9996;0.9996;0.9996;0.9996;0.9996
k79_24951	2;976;200643;171549;815;909656;821	1.0;1.0;1.0;1.0;1.0;1.0;1.0
k79_12871	2;1239;909932;909929;1843490;2375;307249	0.99985;0.99341;0.67804;0.67785;0.67785;0.67785;0.67785
k79_49207	2;29547;3031852;213849;2808963;2321111;28198;1032071	1.0;0.99999;0.99999;0.99999;0.99999;0.99999;0.99999;0.99999
k79_49209	2;1239;186801;3085636;186803;572511;418240;1121115	1.0;0.99998;0.99998;0.99998;0.99998;0.99996;0.99992;0.99992
k79_511	2;1239;186801;186802;216572;459786;2109687	1.0;0.98004;0.97853;0.97712;0.97711;0.86467;0.86462
k79_73720	2;1239;186801;3085636;186803;248744;168384;478749	1.0;1.0;1.0;0.99953;0.99953;0.99947;0.99947;0.99947
k79_37281	2;1239;186801;3085636;186803;189330;88431	1.0;1.0;1.0;0.99999;0.99999;0.99346;0.99345
k79_37282	2;1239;186801;3085636;186803;1766253;39491;657317	1.0;1.0;1.0;1.0;1.0;0.99994;0.99994;0.99967
k79_73722	2;1239;186801;3082720;3118655;44259;143361;546269	1.0;1.0;1.0;1.0;1.0;1.0;1.0;1.0
k79_49221	2;1239;186801;3085636;186803;33042;410072	1.0;0.99997;0.99996;0.99971;0.99971;0.99808;0.99808
k79_85899	2;1239;186801;3085636;186803;841	0.9986;0.99848;0.99847;0.99823;0.99823;0.70071
k79_523	2;976;200643;171549;815;816;820;997890	1.0;1.0;1.0;1.0;1.0;1.0;1.0;1.0
k79_61529	2;1239;186801;3085636;186803;1766253;39491;657317	1.0;1.0;1.0;1.0;1.0;1.0;1.0;0.9997
k79_49226	2;976;200643;171549;815;816;818	1.0;1.0;1.0;1.0;1.0;1.0;1.0
k79_37286	2;1239;186801;3085636;186803;2316020;33039;657313	0.99967;0.99857;0.99806;0.99542;0.99542;0.76901;0.7678;0.7678
k79_24977	2;1239;186801;186802;216572;216851;2929488	1.0;0.99998;0.99997;0.99964;0.99246;0.9918;0.56888
k79_12880	2;1239;186801;3085636;186803;1766253;39491;657317	1.0;1.0;1.0;1.0;1.0;0.99933;0.99933;0.99926
k79_37289	2;1239;186801;3085636;186803;572511;418240;1121115	1.0;1.0;1.0;1.0;1.0;1.0;1.0;1.0
k79_530	2;976;200643;171549;815;816;820;997890	1.0;0.99995;0.99994;0.99994;0.99961;0.98871;0.97423;0.97423
k79_37290	2;1239;186801;186802;216572;459786;2109687	1.0;1.0;0.99987;0.99987;0.99987;0.99987;0.99987
k79_49234	2;1239;526524;526525;2810280;2678885;1982626	0.99919;0.99544;0.9939;0.9939;0.99389;0.99389;0.99389
k79_61538	2;1239;186801;3085636;186803;1766253;39491;657317	1.0;1.0;1.0;1.0;1.0;1.0;1.0;0.99936
k79_531	2;1239;186801;3085636;186803;2316020;33039;657313	1.0;1.0;1.0;1.0;1.0;1.0;0.99999;0.99999
k79_37292	2;976;200643;171549;815;816;820;997890	1.0;1.0;1.0;1.0;1.0;1.0;1.0;1.0
k79_536	2;1239;186801;3085636;186803;841;301301	1.0;1.0;1.0;1.0;1.0;0.99968;0.99968
k79_73737	2;1239;526524;526525;2810280;2678885;1982626	1.0;0.99483;0.99443;0.99443;0.99429;0.99424;0.99424
k79_85919	2759;7711;40674;9443;9604;9605;9606	0.98941;0.98941;0.98941;0.98941;0.98941;0.98941;0.98941
k79_24985	2157;28890;183925;2158;2159;2172;2173;420247	1.0;1.0;1.0;1.0;1.0;1.0;1.0;1.0
k79_49240	2;976;200643;171549;2005519;397864;397865;880074	1.0;1.0;1.0;1.0;0.99997;0.99997;0.99997;0.99997
k79_61545	2;1239;186801;3085636;186803;572511;40520;657314	1.0;0.99999;0.99999;0.99999;0.99999;0.99905;0.99901;0.99885
k79_24987	2;1239;186801;3085636;2603322;1348611;1348613	0.99873;0.99814;0.92221;0.92061;0.92051;0.92051;0.92051
k79_37303	2;1239;186801;3085636;186803;1766253;39491;657317	1.0;1.0;1.0;1.0;1.0;1.0;1.0;0.99868
k79_73747	2;976;200643;171549;815;816;817;997879	1.0;1.0;1.0;1.0;0.99992;0.99992;0.99992;0.99992
k79_24988	2;1239;186801;3085636;186803;841;166486;718255	1.0;1.0;1.0;0.9999;0.9999;0.99965;0.99965;0.99959
k79_73749	2;976;200643;171549;815;816;3117552	0.99991;0.99977;0.99976;0.99976;0.95303;0.95006;0.92728
k79_552	2;1239;186801;186802;216572;1263	0.99055;0.8748;0.86376;0.50903;0.509;0.50896
k79_12896	2;1239;186801;3082720;186804;214904;2925782	0.99993;0.99985;0.99115;0.99086;0.99086;0.99029;0.99029
k79_73750	2;1239;186801;3085636;186803;572511;418240;1121115	1.0;1.0;1.0;1.0;1.0;1.0;1.0;1.0
k79_37316	2157;28890;183925;2158;2159;2172;2173;420247	1.0;1.0;1.0;1.0;1.0;1.0;1.0;1.0
k79_563	2;1239;186801;3085636;186803;572511;418240;1121115	1.0;1.0;1.0;1.0;1.0;0.99998;0.99998;0.99998
k79_24998	2;976;200643;171549;815;816;820;997890	1.0;1.0;1.0;1.0;1.0;1.0;0.99996;0.99996
k79_37319	2;1239;186801;3085636;186803;1766253;39491;657318	1.0;1.0;1.0;1.0;1.0;1.0;1.0;0.98859
k79_12904	2;1239;186801;186802;216572;1263;2608920	1.0;1.0;1.0;1.0;1.0;1.0;0.99999
k79_566	2;1239;526524;526525;2810280;2678885;1982626	1.0;1.0;1.0;1.0;1.0;1.0;1.0
k79_61572	2;976;200643;171549;815;909656;376805;667015	1.0;0.99995;0.99994;0.99994;0.99977;0.99936;0.99933;0.99933
k79_568	2;74201;203494;48461;1647988;239934;239935	1.0;1.0;1.0;1.0;1.0;1.0;1.0
k79_85940	2;976;200643;171549;815;816;820;997890	1.0;0.99998;0.99998;0.99998;0.99997;0.99997;0.99958;0.99958
k79_73760	2;1239;91061;1385;186818;648800;2954511	1.0;0.99999;0.99989;0.99989;0.99988;0.99988;0.99988
k79_12911	2;1239;186801;3085636;186803;207244;649756;649757	1.0;1.0;0.99999;0.99999;0.99999;0.99999;0.99999;0.99999
k79_25006	2;1239;526524;526525;2810280;2678885;1982626	1.0;1.0;1.0;1.0;1.0;1.0;1.0
k79_49264	2;1239;186801;3085636;186803;1766253;39491;657318	0.99956;0.99902;0.99899;0.99786;0.99786;0.99359;0.99359;0.83598
k79_85943	2;74201;203494;48461;1647988;239934;239935	1.0;0.68668;0.68668;0.68668;0.68668;0.68668;0.68667
k79_12912	2;1239;186801;186802;216572;1263;2608920	1.0;1.0;1.0;0.99999;0.99999;0.99999;0.99999
k79_85948	2157;28890;183925;2158;2159;2172;2173;420247	0.99999;0.99999;0.99999;0.99999;0.99999;0.99999;0.99999;0.99999
k79_73764	2;1239;526524;526525;2810280;2678885;1982626	0.99999;0.99981;0.9997;0.9997;0.99969;0.99963;0.99963
k79_37343	2;1239;186801;3085636;186803;1766253;39491;657318	1.0;1.0;1.0;1.0;1.0;1.0;1.0;0.92205
k79_85955	2;1239;186801;3085636;186803;572511;418240;1121115	1.0;1.0;1.0;1.0;1.0;1.0;1.0;1.0
k79_588	2;1239;526524;526525;2810280;2678885;1982626	1.0;1.0;1.0;1.0;1.0;1.0;1.0
k79_73766	2;1239;91061;1385;90964;1279;70258	1.0;1.0;0.99999;0.99999;0.99999;0.99999;0.99999
k79_37346	2157;28890;183925;2158;2159;2172;2173;420247	1.0;1.0;1.0;1.0;1.0;1.0;0.99992;0.99992
k79_12921	2;1239;186801;3085636;186803;207244;649756;649757	0.99998;0.99994;0.99981;0.59888;0.59888;0.54273;0.54273;0.54273
k79_85958	2;976;200643;171549;815;909656;821	1.0;1.0;1.0;1.0;0.99999;0.99982;0.99981
k79_12922	2;1239;186801;186802;216572;216851;411483	1.0;0.99999;0.99999;0.99999;0.99999;0.99976;0.99975
k79_49265	2157;28890;183925;2158;2159;2172;2173;420247	1.0;1.0;1.0;1.0;1.0;1.0;1.0;1.0
k79_25025	2;1239;186801;3085636;186803;189330;88431	1.0;0.99999;0.99998;0.99995;0.99995;0.99002;0.98999
k79_85961	2;976;200643;171549;815;816;820;997890	1.0;1.0;1.0;1.0;1.0;1.0;1.0;1.0
k79_594	2;976;200643;171549;815;816;2792859	0.99999;0.99997;0.99997;0.99997;0.99997;0.99997;0.99996
k79_85963	2;1239;186801;3085636;186803;572511;418240;1121115	1.0;1.0;1.0;1.0;1.0;1.0;1.0;1.0
k79_49267	2;1239;186801;3085636;186803;841;1261635	1.0;1.0;1.0;1.0;1.0;1.0;0.99999
k79_25031	2;1239;186801;3085636;186803;1766253;39491;657318	1.0;1.0;1.0;1.0;1.0;1.0;1.0;0.99978
k79_85964	2;976;200643;171549;815;909656;387090	0.99924;0.8292;0.80472;0.80472;0.80314;0.67751;0.54369
k79_73781	2;976;200643;171549;815;816;162156	1.0;1.0;1.0;1.0;1.0;1.0;0.99925
k79_600	2157;28890;183925;2158;2159;2172;2173;420247	0.99997;0.99997;0.99997;0.99997;0.99997;0.99997;0.99214;0.99214
k79_12933	2;1239;526524;526525;2810280;2678885;1982626	1.0;1.0;0.99998;0.99998;0.99998;0.99998;0.99998
k79_37362	2;976;200643;171549;815;816;817;295405	0.99999;0.9997;0.99961;0.99961;0.99866;0.99864;0.96185;0.96164
k79_49272	2;976;200643;171549;815;909656;821	1.0;0.99888;0.99877;0.99427;0.87681;0.86655;0.81892
k79_12937	2;1239;526524;526525;2810280;2678885;1982626	1.0;1.0;1.0;1.0;1.0;1.0;1.0
k79_611	2;1239;186801;3085636;186803;841;1261635	0.99998;0.99996;0.99996;0.99996;0.99996;0.99571;0.98791
k79_85967	2;1239;186801;186802;216572;216851;3030639	1.0;0.99994;0.99946;0.99778;0.99777;0.99755;0.99165
k79_12939	2;1239;186801;186802;216572	1.0;0.68502;0.64548;0.64533;0.63759
k79_61600	2;1239;186801;186802;216572;1263;2608920	1.0;1.0;1.0;0.99998;0.99984;0.99984;0.99984
k79_85970	2;1239;186801;3085636;186803;2316020;46228;471875	1.0;1.0;1.0;1.0;1.0;0.99996;0.99996;0.99996
k79_37367	2;1239;186801;3085636;186803;1766253;39491;657317	0.9994;0.98934;0.98931;0.98914;0.98914;0.98099;0.98099;0.62391
k79_73797	2;1239;186801;186802;216572;1263;2564099	1.0;1.0;1.0;1.0;1.0;1.0;0.99881
k79_85974	2;1239;186801;3085636;186803;572511;418240;1121115	1.0;1.0;1.0;1.0;1.0;1.0;1.0;1.0
k79_61610	2;976;200643;171549;815;816;820;997890	1.0;0.99998;0.99997;0.99997;0.99996;0.99931;0.99649;0.99649
k79_85975	2;1239;186801;186802;31979;1485;704125	0.99972;0.99907;0.99449;0.99417;0.99416;0.99416;0.73223
k79_37378	2;1239;186801;3085636;186803;572511;418240;1121115	1.0;1.0;1.0;1.0;1.0;1.0;1.0;1.0
k79_25050	2;1239;186801;186802;216572;1263;2608920	1.0;0.99999;0.99999;0.99998;0.99998;0.99998;0.99998
k79_85981	2;976;200643;171549;815;909656;821	1.0;1.0;1.0;1.0;1.0;0.99997;0.99997
k79_12955	2;1239;91061;1385;186822;44249;49283	1.0;0.99534;0.79354;0.78592;0.62423;0.62423;0.62423
k79_37383	2;1239;186801;3085636;186803;1766253;39491;657318	1.0;1.0;1.0;1.0;1.0;0.99999;0.99999;0.78994
k79_618	2;1239;186801;3082720;186804;1870884;1496	0.99991;0.99871;0.99675;0.9954;0.9954;0.99538;0.99538
k79_37390	2;1239;526524;526525;2810280;2678885;1982626	1.0;1.0;1.0;1.0;1.0;1.0;1.0
k79_37393	2;976;200643;171549;815;816;820;997890	1.0;0.99997;0.99997;0.99997;0.99997;0.99996;0.99985;0.99985
k79_627	2;976;200643;171549;815;816	0.99993;0.94846;0.94838;0.94837;0.90495;0.64629
k79_73833	2;1239;186801;3085636;186803	1.0;0.99673;0.9955;0.99537;0.99537
k79_629	2;1239;186801;3085636;186803;207244;649756;649757	1.0;1.0;1.0;1.0;1.0;1.0;1.0;1.0
k79_37395	2;1239;186801;3085636;186803;841;1261635	1.0;0.99988;0.99987;0.99986;0.99986;0.99976;0.83021
k79_25053	2;1239;186801;3085636;186803;572511;418240;1121115	1.0;1.0;1.0;1.0;1.0;1.0;1.0;1.0
k79_85997	2;1239;526524;526525;2810280;2678885;1982626	1.0;1.0;1.0;1.0;1.0;1.0;1.0
k79_85999	2;1239;186801;3085636;186803;841;166486	0.97542;0.88554;0.88391;0.88249;0.88249;0.72778;0.5408
k79_86000	2;1239;186801;3085636;186803;1766253;39491;657317	1.0;1.0;1.0;1.0;1.0;1.0;1.0;0.99745
k79_647	2;1239;186801;3085636;186803;572511;40520;657314	1.0;1.0;1.0;1.0;1.0;0.99999;0.99907;0.99907
k79_12963	2;976;200643;171549;815;816;820;997890	0.99999;0.99996;0.99996;0.99996;0.99995;0.99995;0.9997;0.9997
k79_650	2;1239;186801;3085636;186803;572511;418240;1121115	1.0;1.0;1.0;1.0;1.0;1.0;1.0;1.0
k79_86004	2;976;200643;171549;815;909656;387090	1.0;0.99993;0.99993;0.99993;0.99992;0.99793;0.99775
k79_61658	2;976;200643;171549;815;816;329854	0.99999;0.99993;0.99993;0.99993;0.99992;0.99991;0.8876
k79_654	2;1239;186801;3085636;186803;2316020;33039;657313	1.0;1.0;1.0;0.99999;0.99999;0.99998;0.99998;0.99998
k79_37425	2;1239;526524;526525;2810280;3025755;1547	1.0;1.0;0.99999;0.99999;0.99999;0.99999;0.99999
k79_86009	2;976;200643;171549;815;909656;821	1.0;0.99933;0.99931;0.99931;0.99771;0.98695;0.98692
k79_37426	2;1239;186801;186802;31979;1434026;2999116	1.0;1.0;1.0;1.0;0.99999;0.99999;0.99999
k79_25059	2157;28890;183925;2158;2159;2172;2173;420247	1.0;1.0;1.0;1.0;1.0;1.0;1.0;1.0
k79_49316	2;1239;526524;526525;2810280;2678885;1982626	1.0;1.0;1.0;1.0;1.0;1.0;1.0
k79_12975	2;1239;186801;186802;216572;2892396;2714353	1.0;0.99957;0.99957;0.99898;0.99891;0.99771;0.99771
k79_670	2;976;200643;171549;815;816;2715212	1.0;1.0;1.0;1.0;1.0;1.0;0.99997
k79_73851	2157;28890;183925;2158;2159;2172;2173;420247	1.0;1.0;1.0;1.0;1.0;1.0;1.0;1.0
k79_49320	2;976;200643;171549;815;816;820;997890	1.0;1.0;1.0;1.0;1.0;1.0;1.0;1.0
k79_12990	2;1239;186801;3085636;186803;572511;418240;1121115	1.0;1.0;1.0;1.0;1.0;1.0;1.0;1.0
k79_49321	2;1239;186801;3085636;186803;841;1261634	1.0;1.0;1.0;0.99999;0.99999;0.99983;0.99982
k79_685	2;976;200643;171549;815;816;28116	1.0;1.0;1.0;1.0;1.0;1.0;0.99998
k79_49325	2;74201;203494;48461;1647988;239934;239935	1.0;0.99998;0.99998;0.99998;0.99998;0.99998;0.99998
k79_86026	2;1239;186801;186802;216572;1263;2608920	1.0;0.99998;0.99923;0.99858;0.99668;0.99667;0.99667
k79_61688	2;1239;186801;186802;216572;1263;2608920	1.0;1.0;1.0;0.99999;0.99999;0.99999;0.99999
k79_696	2;1239;186801;3085636;186803;572511;418240;1121115	1.0;1.0;1.0;1.0;1.0;1.0;1.0;1.0
k79_12996	2;1239;186801;3085636;186803;207244;649756;649757	1.0;1.0;1.0;1.0;1.0;1.0;1.0;1.0
k79_25088	2;1239;186801;3085636;186803;189330;88431	1.0;1.0;1.0;1.0;1.0;0.99996;0.99996
k79_12997	2;1239;186801;3085636;186803;2569097;39488	0.99995;0.98256;0.9795;0.9791;0.9791;0.88821;0.88821
k79_705	2;1239;909932;1843488;909930;33024;33025	1.0;1.0;1.0;1.0;1.0;1.0;1.0
k79_25089	2;976;200643;171549;815;816;3117552	0.99984;0.99984;0.99983;0.99983;0.99981;0.99942;0.97105
k79_12999	2;976;200643;171549;815;909656;387090	1.0;0.99999;0.99998;0.99998;0.99998;0.9935;0.99332
k79_707	2;1239;186801;3085636;186803;1766253;39491;657317	1.0;1.0;1.0;1.0;1.0;1.0;1.0;0.99977
k79_86037	2;1239;186801;3085636;186803;3342669;45851	1.0;0.99991;0.9999;0.99988;0.99988;0.99985;0.99985
k79_61698	2;1239;91061;1385;90964;1279;28035	1.0;0.99983;0.99955;0.99955;0.99953;0.99953;0.99953
k79_73885	2;1239;186801;3085636;186803;207244;649756;649757	1.0;1.0;1.0;1.0;1.0;1.0;1.0;1.0
k79_709	2	0.9986
k79_25090	2157;28890;183925;2158;2159;2172;2173;420247	1.0;1.0;1.0;1.0;1.0;1.0;1.0;1.0
k79_25094	2157;28890;183925;2158;2159;2172;2173;420247	1.0;1.0;1.0;1.0;1.0;1.0;1.0;1.0
k79_716	2;1239;186801;3085636;186803;572511;89014	1.0;1.0;1.0;0.99991;0.99991;0.99991;0.99981
k79_25096	2;1239;526524;526525;2810280;2678885;1982626	1.0;1.0;1.0;1.0;1.0;1.0;1.0
k79_725	2;976;200643;171549;815;816;820;997890	1.0;1.0;1.0;1.0;1.0;1.0;0.99997;0.99997
k79_86060	2759;7711;40674;9443;9604;9605;9606	0.98328;0.98328;0.98328;0.98328;0.98328;0.98328;0.98328
k79_61710	2;976;200643;171549;815;816;2785531	1.0;1.0;1.0;1.0;0.99982;0.99981;0.9982
k79_73893	2759;7711;40674;9443;9604;9605;9606	1.0;1.0;1.0;1.0;1.0;1.0;1.0
k79_73899	2;1239;186801;3085636;186803;189330;88431	1.0;1.0;1.0;1.0;1.0;1.0;1.0
k79_86071	2;1239;909932;1843488;909930;33024;33025	1.0;1.0;0.99999;0.99999;0.99999;0.99999;0.99999
k79_49368	2;1239;186801;3085636;186803;207244;649756;649757	1.0;0.99994;0.99705;0.99705;0.99705;0.99705;0.99705;0.99705
k79_728	2;1239;186801;3085636;186803;572511;418240;1121115	1.0;1.0;1.0;1.0;1.0;1.0;1.0;1.0
k79_37464	2;1239;186801;186802;216572;1263;2608920	1.0;0.99999;0.99997;0.99941;0.99936;0.99936;0.99915
k79_86078	2;976;200643;171549;815;816;820;997890	1.0;1.0;1.0;1.0;1.0;0.99999;0.99993;0.99993
k79_37465	2;1239;186801;3085636;186803;2316020;33038	1.0;1.0;1.0;1.0;1.0;0.99999;0.99999
k79_49370	2;1239;186801;186802;216572	0.99993;0.71555;0.50369;0.50149;0.50005
k79_37468	2;976;200643;171549;815;816;820;997890	1.0;1.0;1.0;1.0;1.0;1.0;1.0;1.0
k79_25125	2;1239;186801;3085636;186803;207244;649756;649757	1.0;1.0;1.0;1.0;1.0;1.0;1.0;1.0
k79_49380	2;976;200643;171549;815;909656;821	1.0;1.0;1.0;1.0;1.0;1.0;1.0
k79_61746	2;976;200643;171549;815;816;818	1.0;1.0;0.99999;0.99999;0.99999;0.99965;0.99883
k79_37476	2;1239;526524;526525;2810280;2678885;1982626	1.0;1.0;1.0;1.0;1.0;1.0;1.0
k79_747	2;1239;186801;186802;216572;216851;853;718252	1.0;1.0;1.0;0.99997;0.99992;0.99987;0.99513;0.99253
k79_748	2;976;200643;171549;815;816;817;997879	1.0;0.9999;0.9999;0.9999;0.99964;0.99964;0.99963;0.99271
k79_25135	2;1239;186801;3085636;186803;207244;649756;649757	1.0;1.0;1.0;0.99998;0.99998;0.9997;0.9997;0.9997
k79_86103	2;1239;186801;186802;216572;1263;2608920	1.0;1.0;1.0;0.99949;0.99949;0.99949;0.99949
k79_73916	2;1239;526524;526525;2810280;2678885;1982626	1.0;1.0;1.0;1.0;1.0;1.0;1.0
k79_49396	2;1239;186801;3085636;186803;2569097;39488	0.9999;0.99919;0.99909;0.98426;0.98426;0.73055;0.73055
k79_13045	2;1239;186801;186802;216572;2834348;3030016	1.0;1.0;1.0;1.0;1.0;1.0;1.0
k79_750	2;1239;526524;526525;2810280;2678885;1982626	1.0;0.99998;0.99917;0.99917;0.99917;0.99917;0.99917
k79_61760	2;1239;186801;3085636;186803;2569097;39488	1.0;1.0;1.0;0.99995;0.99995;0.99995;0.99995
k79_752	2;1239;186801;3085636;186803;2316020;33038	1.0;1.0;1.0;0.99999;0.99999;0.99987;0.99987
k79_37491	2;1239;186801;3085636;186803;841;301301	0.99993;0.99993;0.99993;0.99993;0.99993;0.99992;0.99894
k79_753	2;1239;526524;526525;2810280;2678885;1982626	1.0;1.0;1.0;1.0;0.99999;0.99999;0.99999
k79_61761	2;976;200643;171549;815;816;820;997890	1.0;1.0;1.0;1.0;1.0;1.0;1.0;1.0
k79_49403	2;1239;186801;3085636;186803;572511;89014	1.0;1.0;1.0;0.99993;0.99993;0.99993;0.99993
k79_73928	2;1239;186801;3085636;186803;1766253;39491;657317	1.0;1.0;1.0;1.0;1.0;1.0;1.0;0.99859
k79_757	2;1239;186801;3085636;186803;2163168;3070215	1.0;0.99417;0.98031;0.97633;0.97633;0.51197;0.51197
k79_49410	2;976;200643;171549;2005525;375288;823;999416	1.0;0.99998;0.99998;0.99998;0.99998;0.99998;0.99998;0.99998
k79_37499	2;1239;526524;526525;2810280;2678885;1982626	1.0;0.99999;0.99998;0.99998;0.99997;0.99996;0.99996
k79_61763	2;976;200643;171549;815;909656;357276;997877	0.99979;0.99976;0.99976;0.99976;0.99976;0.99947;0.99947;0.99947
k79_13069	2;1239;526524;526525;2810280;2678885;1982626	1.0;1.0;1.0;1.0;0.99999;0.99999;0.99999
k79_73938	2157;28890;183925;2158;2159;2172;2173;420247	1.0;1.0;1.0;1.0;1.0;1.0;1.0;1.0
k79_61772	2;1239;186801;3085636;186803;2944193;2763672	1.0;1.0;1.0;1.0;1.0;1.0;1.0
k79_86116	2;1239;186801;3085636;186803;1766253;39491;657317	1.0;1.0;1.0;1.0;1.0;1.0;1.0;0.74646
k79_777	2;74201;203494;48461;1647988;239934;239935	1.0;0.99973;0.99973;0.99973;0.99973;0.99973;0.99973
k79_73952	2;1239;526524;526525;2810280;2678885;1982626	1.0;1.0;1.0;1.0;1.0;1.0;1.0
k79_73953	2;1117;3028117;1890424;2881426;1218;1219;93060	1.0;1.0;1.0;1.0;1.0;1.0;1.0;1.0
k79_25173	2;1239;186801;3082720;186804;1501226;1115758	0.99991;0.99859;0.99659;0.98663;0.98663;0.98661;0.98661
k79_37528	2;1239;909932;1843488;909930;33024;33025	1.0;1.0;1.0;1.0;1.0;1.0;1.0
k79_49433	2;1239;186801;3085636;186803;572511;418240;1121115	1.0;1.0;1.0;1.0;1.0;1.0;1.0;1.0
k79_25174	2;1239;186801;3085636;186803;1766253;39491;657317	1.0;1.0;0.99997;0.99997;0.99997;0.99879;0.99879;0.99794
k79_61795	2;1239;186801;3085636;186803;572511;418240;1121115	1.0;1.0;1.0;1.0;1.0;1.0;1.0;1.0
k79_49437	2;1239;186801;186802;216572;1263;2608920	1.0;1.0;0.99999;0.99999;0.99992;0.99992;0.99953
k79_37537	2;1239;526524;526525;2810280;2678885;1982626	1.0;1.0;1.0;1.0;1.0;1.0;1.0
k79_783	2;976;200643;171549;815;816;291644	1.0;1.0;1.0;1.0;1.0;1.0;1.0
k79_73981	2;1239;186801;3085636;186803;1766253;39491;657318	0.99999;0.99999;0.99988;0.99983;0.99983;0.99861;0.99861;0.99861
k79_37544	2;1239;526524;526525;2810280;2678885;1982626	1.0;1.0;0.99947;0.99947;0.99947;0.99947;0.99947
k79_25193	2;976;200643;171549;815;816;820;997890	1.0;0.99997;0.99996;0.99996;0.99993;0.99917;0.99081;0.99081
k79_73987	2;1239;186801;3085636;186803;1766253;39491;657317	1.0;1.0;1.0;1.0;1.0;0.99998;0.99998;0.98985
k79_25194	2;1239;526524;526525;2810280;2678885;1982626	1.0;0.99999;0.99999;0.99999;0.99999;0.99999;0.99999
k79_37552	2;1239;186801;3085636;186803;2316020;33038	1.0;1.0;1.0;1.0;1.0;0.99981;0.99981
k79_25199	2;1239;186801;3085636;186803;572511;418240;1121115	1.0;1.0;1.0;1.0;1.0;1.0;0.99999;0.99999
k79_49467	2;1239;186801;3085636;186803;2944193;2763672	0.9999;0.99399;0.98932;0.84906;0.84906;0.83103;0.83103
k79_61830	2;1239;186801;3085636;186803;1506553;29347	1.0;1.0;1.0;1.0;1.0;0.99999;0.99999
k79_86140	2;976;200643;171549;815;816;46506;449673	0.99999;0.99993;0.99993;0.99912;0.99912;0.95799;0.60643;0.60643
k79_73999	2;976;200643;171549;815;816;28119	1.0;1.0;0.99999;0.99999;0.99999;0.99999;0.9999
k79_13106	2;1239;186801;3085636;186803;1766253;39491;657318	1.0;1.0;1.0;1.0;1.0;0.99998;0.99998;0.99882
k79_785	2;1239;186801;3085636;186803;1766253;39491;657318	1.0;1.0;1.0;0.9997;0.9997;0.99903;0.99903;0.99732
k79_49473	2;1239;186801;3085636;186803;207244;649756;649757	1.0;1.0;1.0;1.0;1.0;1.0;1.0;1.0
k79_74008	2;1224;1236;2887326;468;497;2708350	1.0;1.0;1.0;1.0;1.0;1.0;1.0
k79_49483	2;1239;186801;3085636;186803;2944193;2763672	0.99997;0.99522;0.98948;0.71252;0.71252;0.71166;0.71166
k79_25222	2;976;200643;171549;2005525;375288;823;999416	1.0;0.99986;0.99986;0.99986;0.99965;0.99965;0.99965;0.99965
k79_793	2;976;200643;171549;815;909656;387090	1.0;1.0;1.0;1.0;0.99992;0.99989;0.99988
k79_61842	2;1239;526524;526525;2810280;2678885;1982626	1.0;1.0;1.0;1.0;1.0;1.0;1.0
k79_37582	2;976;200643;171549;815;816;820;997890	1.0;1.0;1.0;1.0;1.0;1.0;1.0;1.0
k79_25223	2;976;200643;171549;815;816;820;997890	1.0;0.9999;0.9999;0.9999;0.99937;0.99935;0.97312;0.97312
k79_61844	2;1239;526524;526525;2810280;2678885;1982626	1.0;1.0;1.0;1.0;1.0;1.0;1.0
k79_49495	2;976;200643;171549;815;909656;821	1.0;1.0;1.0;1.0;0.9999;0.99989;0.99989
k79_86152	2;976;200643;171549;815;816;47678;997873	1.0;1.0;1.0;1.0;1.0;1.0;0.99999;0.99999
k79_61849	2157;28890;183925;2158;2159;2172;2173;420247	0.99998;0.99998;0.99998;0.99998;0.99998;0.99998;0.99988;0.99988
k79_61851	2;1239;186801;3085636;186803;1506553;66219;357809	1.0;1.0;1.0;1.0;1.0;1.0;1.0;1.0
k79_86161	2;976;200643;171549;2005525;375288;823;999416	1.0;1.0;1.0;1.0;1.0;1.0;1.0;1.0
k79_86162	2;1239;526524;526525;2810280;2678885;1982626	1.0;1.0;1.0;1.0;1.0;1.0;1.0
k79_13122	2;29547;3031852;213849;2808963;28196	0.99988;0.99985;0.99985;0.99985;0.99985;0.99985
k79_25231	2;976;200643;171549;2005525;375288;823;999416	0.99966;0.82335;0.82275;0.82275;0.7815;0.7815;0.7815;0.7815
k79_801	2;203691;203692;136;2845253;157;2563664	0.99998;0.99868;0.99868;0.99868;0.99868;0.99868;0.99868
k79_37600	2;1239;186801;3085636;186803;572511;418240;1121115	1.0;1.0;1.0;1.0;1.0;1.0;1.0;1.0
k79_25237	2;1239;186801;3085636;186803;1766253;39491;657318	1.0;1.0;0.99999;0.99997;0.99997;0.99973;0.99973;0.99928
k79_49496	2;1239;186801;186802;216572;1263;2608920	0.99999;0.99999;0.99998;0.99979;0.99973;0.99973;0.9997
k79_86166	2;1239;186801;3085636;186803;1766253;39491;657318	1.0;1.0;1.0;1.0;1.0;1.0;1.0;0.99967
k79_803	2;200940;3024418;213118;2931039;45654;45655	1.0;0.99975;0.99975;0.99975;0.99975;0.99975;0.99975
k79_74038	2;976;200643;171549;1853231;574697;1472416	1.0;1.0;0.99993;0.99993;0.99992;0.99992;0.99992
k79_37610	2;976;200643;171549;815;816;820;997890	1.0;0.9999;0.9999;0.9999;0.9999;0.9999;0.9999;0.9999
k79_74044	2;201174;1760;85006;85023;881616;2905871	1.0;0.99969;0.99969;0.99969;0.99969;0.99969;0.99969
k79_37616	2;1239;186801;3085636;186803;572511;418240;1121115	1.0;1.0;1.0;1.0;1.0;0.99998;0.99998;0.99998
k79_809	2;1239;186801;3085636;186803;189330;88431	0.99617;0.99604;0.99591;0.99412;0.99412;0.82531;0.82531
k79_61884	2;1239;186801;186802;216572;1263;2608920	1.0;0.99986;0.99986;0.99985;0.99985;0.99985;0.99985
k79_49512	2;1239;186801;186802;216572;1263;2608920	0.59849;0.55566;0.55462;0.54614;0.529;0.52896;0.52716
k79_74053	2;976;200643;171549;2005473;1918540;1796646	1.0;1.0;1.0;1.0;1.0;1.0;1.0
k79_817	2;976;200643;171549;171552;2974251;165179	1.0;0.99993;0.99993;0.99993;0.99993;0.99993;0.99993
k79_13137	2;1239;186801;186802;216572;1263;1161942	1.0;1.0;1.0;1.0;1.0;1.0;1.0
k79_49518	2;1239;526524;526525;2810280;2678885;1982626	1.0;1.0;1.0;1.0;1.0;1.0;1.0
k79_25250	2;976;200643;171549;815;816;2785531	1.0;1.0;1.0;1.0;0.99999;0.99978;0.99978
k79_37633	2;1239;186801;3085636;186803;2888809;2068655	1.0;0.99788;0.99653;0.9827;0.9827;0.9827;0.9827
k79_49521	2;1239;186801;3085636;186803;572511;418240;1121115	1.0;1.0;1.0;1.0;1.0;1.0;1.0;1.0
k79_86182	2157;28890;183925;2158;2159;2172;2173;420247	1.0;1.0;1.0;1.0;1.0;1.0;0.99999;0.99999
k79_25256	2;1239;186801;3085636;186803;1766253;39491;657317	1.0;1.0;1.0;1.0;1.0;0.99995;0.99995;0.99913
k79_13147	2;976;200643;171549;815;816;820;997890	1.0;0.99999;0.99999;0.99999;0.99999;0.99999;0.99968;0.99968
k79_61885	2;976;200643;171549;815;816;820;997890	1.0;1.0;1.0;1.0;1.0;1.0;1.0;1.0
k79_37637	2157;28890;183925;2158;2159;2172;2173;420247	1.0;1.0;1.0;1.0;1.0;1.0;0.99999;0.99999
k79_37638	2;976;200643;171549;815;816;46506;449673	1.0;1.0;1.0;0.9998;0.9998;0.99953;0.99823;0.99823
k79_13152	2;1239;186801;3085636;186803;572511;418240;1121115	0.99972;0.99463;0.99352;0.99207;0.99207;0.92387;0.52055;0.52055
k79_25263	2;1239;186801;3085636;186803;572511;418240;1121115	1.0;1.0;1.0;1.0;1.0;1.0;1.0;1.0
k79_86184	2;976;200643;171549;815;816;2792859	0.99982;0.9998;0.9998;0.9998;0.9998;0.9998;0.99969
k79_61892	2;1239;186801;3085636;186803;207244;649756;649757	1.0;1.0;1.0;1.0;1.0;1.0;1.0;1.0
k79_49535	2;1239;186801;3085636;186803;572511;418240;1121115	0.99996;0.99977;0.99368;0.9817;0.9817;0.71858;0.70271;0.70271
k79_37644	2;1239;526524;526525;2810280;2678885;1982626	1.0;1.0;1.0;1.0;1.0;1.0;1.0
k79_840	2;1239;186801;186802;216572;216851;853;718252	1.0;1.0;1.0;0.99997;0.99996;0.99993;0.99987;0.99982
k79_86191	2;1239;186801;3085636;186803;33042;410072	0.99968;0.99656;0.99654;0.9962;0.9962;0.51007;0.51007
k79_74064	2;1239;526524;526525;2810280;2678885;1982626	0.99913;0.98589;0.98483;0.98483;0.98341;0.98339;0.98339
k79_25272	2;976;200643;171549;815;816;820;997890	1.0;1.0;1.0;1.0;0.99995;0.99995;0.99879;0.99879
k79_61898	2157;28890;183925;2158;2159;2172;2173;420247	1.0;1.0;1.0;1.0;1.0;1.0;1.0;1.0
k79_844	2;1783272	0.99737;0.78099
k79_49544	2;1239;186801;3085636;186803;572511;418240;1121115	1.0;1.0;1.0;1.0;1.0;1.0;1.0;1.0
k79_13167	2;1239;186801;186802;216572;1263;2608920	1.0;1.0;1.0;1.0;1.0;1.0;0.99999
k79_86202	2;976;200643;171549;815;816;820;997890	1.0;1.0;0.99987;0.99987;0.99987;0.99987;0.99915;0.99915
k79_74073	2;1239;526524;526525;2810280;2678885;1982626	1.0;1.0;1.0;1.0;1.0;1.0;1.0
k79_25275	2;1239;186801;186802;216572;1263;2608920	1.0;1.0;1.0;0.99999;0.99999;0.99999;0.99999
k79_13170	2;976;200643;171549;815;816;820;997890	1.0;0.99999;0.99999;0.99999;0.99999;0.99999;0.99996;0.99996
k79_25280	2;1239;186801;186802;216572;216851;411483	1.0;0.99991;0.99989;0.99957;0.99956;0.99866;0.96787
k79_74081	2;1239;186801;3085636;186803;207244;649756;649757	1.0;1.0;1.0;1.0;1.0;1.0;1.0;1.0
k79_86207	2;976;200643;171549;815;816;820;997890	1.0;0.87268;0.87126;0.87126;0.869;0.869;0.86645;0.86645
k79_860	2;976;200643;171549;815;816;820;997890	1.0;1.0;1.0;1.0;1.0;1.0;0.99999;0.99999
k79_37663	2;1239;186801;3082720;186804;1501226;2724150	0.99997;0.99994;0.99918;0.88096;0.88096;0.88096;0.88096
k79_74083	2;976;200643;171549;815;816;820;997890	1.0;1.0;1.0;1.0;1.0;1.0;0.99998;0.99998
k79_37667	2;1239;909932;1843488;909930;33024;33025	1.0;1.0;1.0;1.0;1.0;1.0;1.0
k79_13173	2;1239;186801;186802;216572;1263;1161942	1.0;1.0;1.0;1.0;1.0;1.0;1.0
k79_868	2;1239;526524;526525;2810280;2678885;1982626	1.0;1.0;0.99997;0.99997;0.99997;0.99997;0.99997
k79_74090	2;1239;186801;3085636;186803;2316020;46228;471875	1.0;1.0;1.0;1.0;1.0;0.99998;0.99998;0.99998
k79_49570	2;1239;909932;1843488;909930;33024;33025	0.99999;0.99999;0.99999;0.99998;0.99998;0.99998;0.99998
k79_61913	2157;28890;183925;2158;2159;2172;2173;420247	1.0;1.0;1.0;1.0;1.0;1.0;1.0;1.0
k79_13183	2;1239;526524;526525;2810280;2678885;1982626	1.0;1.0;1.0;1.0;1.0;1.0;1.0
k79_61920	2;1239;186801;3085636;186803;1766253;39491	0.9959;0.75785;0.75506;0.75324;0.75324;0.75254;0.75254
k79_25299	2;1239;186801;3085636;186803;572511;89014	1.0;1.0;1.0;1.0;1.0;1.0;0.99998
k79_49585	2;976;200643;171549;815;816;820;997890	1.0;1.0;1.0;1.0;1.0;1.0;1.0;1.0
k79_74109	2;1239;186801;3085636;186803;2316020;33039;657313	1.0;1.0;1.0;1.0;1.0;0.99956;0.99951;0.99951
k79_37692	2;1239;186801;3085636;186803;841;166486;657315	1.0;1.0;1.0;0.99994;0.99994;0.99993;0.99989;0.97813
k79_13197	2;1239;186801;3085636;186803;1506577;36835	1.0;1.0;1.0;1.0;1.0;1.0;1.0
k79_893	2;1239;186801;186802;216572;459786;2109687	1.0;0.99995;0.99993;0.99993;0.99993;0.99066;0.99066
k79_74121	2;976;200643;171549;815;816;820;997890	1.0;1.0;1.0;1.0;1.0;1.0;0.99999;0.99999
k79_49599	2;544448;31969;186328;2131;2132;216931	1.0;1.0;1.0;1.0;1.0;1.0;1.0
k79_37697	2;976;200643;171549;815;816;820;997890	1.0;1.0;1.0;1.0;1.0;1.0;1.0;1.0
k79_13210	2;1239;186801;3085636;186803;2944193;2763672	0.99992;0.99922;0.99355;0.98818;0.98818;0.78348;0.78348
k79_86231	2;1239;186801;3085636;186803;1766253;39491;657317	1.0;1.0;1.0;1.0;1.0;1.0;1.0;0.99855
k79_25328	2;1239;186801;186802;216572;216851;853;718252	1.0;1.0;1.0;0.99999;0.99999;0.99999;0.99996;0.99996
k79_86232	131567	0.99992
k79_13218	2;1239;526524;526525;2810280;2678885;1982626	0.99061;0.98578;0.96071;0.96071;0.96071;0.96071;0.96071
k79_915	2;976;200643;171549;815;816;820;997890	1.0;1.0;1.0;1.0;1.0;1.0;0.99999;0.99999
k79_49604	2;1239	0.99328;0.83381
k79_25343	2;1239;526524;526525;2810280;2678885;1982626	1.0;1.0;1.0;1.0;1.0;1.0;1.0
k79_922	2;1239;526524;526525;2810280;2678885;1982626	1.0;1.0;1.0;1.0;1.0;1.0;1.0
k79_37727	2;1239;186801;3085636;186803;1766253;39491;657317	1.0;1.0;1.0;1.0;1.0;1.0;1.0;0.95269
k79_25346	2;1239;186801;3085636;186803;1766253;39491;657318	1.0;1.0;1.0;1.0;1.0;1.0;1.0;0.9919
k79_13223	2;1239;186801;186802;216572;1263;2608920	1.0;0.99996;0.9994;0.99909;0.99904;0.99903;0.99902
k79_86252	2;1239;909932;1843488;909930;33024;33025	1.0;1.0;1.0;1.0;1.0;1.0;1.0
k79_49614	2157;28890;183925;2158;2159;2172;2173;420247	1.0;1.0;1.0;1.0;1.0;1.0;0.99999;0.99999
k79_13235	2;1239;186801;3085636;186803;2569097;39488	1.0;0.99998;0.99998;0.99998;0.99998;0.99982;0.99982
k79_61940	2;976	0.98976;0.93259
k79_13239	2;1239;186801;186802;216572;216851;2929488	1.0;1.0;1.0;1.0;1.0;1.0;1.0
k79_25368	2;976;200643;171549;815;816;3117552	1.0;1.0;1.0;1.0;1.0;1.0;1.0
k79_25370	2;1239;186801;186802;216572;1263;2608920	1.0;0.99985;0.99978;0.99963;0.99963;0.99963;0.99963
k79_929	2;976;200643;171549;815;816;820;997890	1.0;1.0;1.0;1.0;1.0;1.0;1.0;1.0
k79_49630	2;976;200643;171549;815;816;820;997890	1.0;1.0;1.0;1.0;1.0;1.0;1.0;1.0
k79_37744	2;1239;186801;3085636;186803;1766253;39491;657317	1.0;1.0;1.0;1.0;1.0;1.0;1.0;0.99957
k79_37745	2;1239;526524;526525;2810280;2678885;1982626	1.0;1.0;1.0;1.0;1.0;1.0;1.0
k79_938	2;1239;186801;3085636;186803;572511;40520;411459	0.99998;0.99998;0.99998;0.99997;0.99997;0.99992;0.99989;0.99989
k79_49637	2;976;200643;171549;815;816;820;997890	1.0;1.0;1.0;1.0;1.0;1.0;0.99991;0.99991
k79_13254	2;1239;186801;186802;31979;1485;1497	0.99978;0.99807;0.99773;0.99751;0.99739;0.99738;0.80315
k79_13255	2;1239;186801;186802;216572;216851;853;718252	1.0;1.0;1.0;0.99999;0.99999;0.99989;0.99986;0.99985
k79_74178	2;1239;186801;3085636;186803;841;166486;657315	1.0;1.0;1.0;0.99998;0.99998;0.99998;0.99998;0.99994
k79_13256	2;976;200643;171549;2005525;375288;387661	1.0;1.0;1.0;1.0;0.99998;0.99998;0.99998
k79_25393	2;1239;186801;3085636;186803;572511;418240;1121115	1.0;1.0;1.0;1.0;1.0;1.0;1.0;1.0
k79_86272	2;976;200643;171549;171550;239759;214856;679935	1.0;0.99999;0.99999;0.99999;0.99999;0.99999;0.99999;0.99999
k79_61956	2;976;117743;200644;2762318;308865;1756150	1.0;1.0;1.0;1.0;1.0;1.0;1.0
k79_86275	2;1239;186801;3085636;186803;572511;418240;1121115	1.0;1.0;1.0;1.0;1.0;0.99983;0.99978;0.99978
k79_958	2;1239;526524;526525;2810280;2678885;1982626	1.0;1.0;1.0;1.0;1.0;1.0;1.0
k79_37773	2;1239;526524;526525;2810280;2678885;1982626	1.0;1.0;1.0;1.0;1.0;1.0;1.0
k79_959	2;976;200643;171549;815;816;820;997890	1.0;1.0;1.0;1.0;1.0;1.0;1.0;1.0
k79_25403	2;976;200643;171549;815;816;47678;997873	1.0;1.0;1.0;1.0;1.0;1.0;1.0;1.0
k79_86285	2;1239;91061;1385;186822;44249;1536773	0.99989;0.9998;0.7927;0.79262;0.79257;0.79257;0.60656
k79_37778	2;1239;186801;186802;216572;1263;1160721	0.99986;0.74351;0.70723;0.70716;0.70675;0.70675;0.70673
k79_25406	2;1239;186801;3085636;186803;572511	0.99999;0.99954;0.99917;0.99738;0.99738;0.65311
k79_74212	2;1239;186801;186802;216572;1263;1160721	1.0;1.0;1.0;0.99982;0.99982;0.99982;0.99982
k79_61962	2;1239;186801;3085636;186803;841;166486;657315	1.0;1.0;1.0;1.0;1.0;0.99965;0.99961;0.83431
k79_25411	2;1239;186801;3085636;186803;1766253;39491;657317	1.0;1.0;1.0;1.0;1.0;0.99992;0.99992;0.69937
k79_13277	2;1239;909932;1843488;909930;33024;33025	1.0;1.0;1.0;1.0;1.0;1.0;1.0
k79_966	2;1239;186801;3085636;186803;207244;649756;649757	1.0;1.0;1.0;1.0;1.0;1.0;1.0;1.0
k79_25423	2;976;200643;171549;815;816;818	1.0;1.0;1.0;1.0;1.0;0.99998;0.99998
k79_37797	2;976;117747;200666;84566;28453;2996035	1.0;0.99999;0.99999;0.99999;0.99999;0.99999;0.99999
k79_13283	2;1239;186801;186802;216572;1263;2608920	1.0;1.0;0.99999;0.99927;0.99927;0.99927;0.99919
k79_37798	2;1239;909932;1843488;909930;33024;33025	1.0;1.0;1.0;1.0;1.0;1.0;1.0
k79_86299	2;1239;186801;186802;31979;1485;360422	0.9996;0.99448;0.99438;0.99437;0.99435;0.99435;0.99415
k79_74219	2;1239;526524;526525;2810280;2678885;1982626	1.0;1.0;0.99999;0.99999;0.99998;0.99998;0.99998
k79_74221	2;976;200643;171549;2005525;375288;46503	1.0;1.0;1.0;1.0;1.0;1.0;1.0
k79_13284	2;1239;186801;3085636;186803;841;2763062	0.95035;0.93302;0.9328;0.93135;0.93135;0.56585;0.52724
k79_13286	2;1239;186801;3085636;186803;189330;88431	0.99995;0.99979;0.99978;0.99966;0.99966;0.99446;0.99446
k79_86315	2;1239;186801;3085636;186803;841;1261634	1.0;0.99995;0.99995;0.99995;0.99995;0.99805;0.99799
k79_37816	2157;28890;183925;2158;2159;2172;2173;420247	1.0;1.0;1.0;1.0;1.0;1.0;1.0;1.0
k79_49731	2;1239;186801;3085636;186803;572511;418240;1121115	1.0;1.0;1.0;1.0;1.0;1.0;1.0;1.0
k79_997	2;1783272	0.99999;0.99737
k79_13302	2;29547;3031852;213849;2808963;2321111;1564138	1.0;0.99999;0.99999;0.99999;0.99999;0.99999;0.99999
k79_74242	2;976;200643;171549;815;816;820;997890	1.0;1.0;1.0;1.0;1.0;1.0;1.0;1.0
k79_62001	2;1239;186801;3085636;186803;1766253;39491;657317	1.0;1.0;1.0;1.0;1.0;1.0;1.0;0.84763
k79_37828	2;1239;186801;186802;216572;1263;2608920	1.0;1.0;1.0;1.0;1.0;1.0;0.9999
k79_1001	2157;28890;183925;2158;2159;2172;2173;420247	1.0;1.0;1.0;1.0;1.0;1.0;0.99997;0.99997
k79_25453	2;1239;186801;3085636;186803;207244;649756;649757	1.0;1.0;1.0;1.0;1.0;0.99914;0.99914;0.99914
k79_49747	2;976;200643;171549;815;909656;357276;997877	1.0;0.80201;0.802;0.802;0.7765;0.71798;0.71798;0.71798
k79_1007	2;1239;186801;3085636;186803;1766253;39491;657318	1.0;0.99765;0.99764;0.99611;0.99611;0.99611;0.99611;0.69607
k79_49750	2;1239;186801;186802;216572;1263;2608920	1.0;0.99997;0.99997;0.99986;0.99982;0.99982;0.99981
k79_86323	2;976;200643;171549;815;816;820;997890	1.0;0.99994;0.99994;0.99994;0.99994;0.99994;0.9992;0.9992
k79_74251	2;1239;186801;3085636;186803;33042;116085	1.0;1.0;1.0;0.99999;0.99999;0.99951;0.99951
k79_1014	2	1.0
k79_86326	2;1239;186801;3085636;186803;572511;418240;1121115	1.0;1.0;1.0;1.0;1.0;0.99996;0.99976;0.99976
k79_25458	2;1783272	0.9999;0.99973
k79_13327	2;976;117743;200644;2762318;59732;2547600	1.0;1.0;1.0;1.0;1.0;1.0;1.0
k79_74254	2;976;200643;171549;815;909656;821	0.99992;0.9412;0.94119;0.94117;0.93172;0.9228;0.92221
k79_62019	2;1239;526524;526525;2810280;2678885;1982626	1.0;1.0;1.0;1.0;1.0;1.0;1.0
k79_25460	2157;28890;183925;2158;2159;2172;2173;420247	1.0;1.0;1.0;1.0;1.0;1.0;0.99999;0.99999
k79_25462	2;1239;186801;3085636;186803;1766253;39491;657318	1.0;1.0;1.0;1.0;1.0;1.0;1.0;0.99894
k79_74257	2157;28890;183925;2158;2159;2172;2173;420247	1.0;1.0;1.0;1.0;1.0;1.0;1.0;1.0
k79_62028	2;1239;186801;3085636;186803;1766253;39491;657317	1.0;1.0;1.0;1.0;1.0;1.0;1.0;0.99966
k79_13339	2;1239;186801;186802;216572;1263;1160721	1.0;1.0;1.0;1.0;1.0;1.0;1.0
k79_86344	2;976;200643;171549;815;816;820;997890	1.0;0.99986;0.99985;0.99985;0.99985;0.99985;0.999;0.999
k79_62032	2;1239;186801;3085636;186803;2316020;46228;471875	1.0;1.0;1.0;1.0;1.0;1.0;1.0;1.0
k79_37861	2;1239;186801;3085636;186803;572511;418240;1121115	1.0;1.0;1.0;1.0;1.0;1.0;0.99999;0.99999
k79_25474	2157;28890;183968;2258;2259;2263;2008440	1.0;1.0;1.0;1.0;1.0;1.0;1.0
k79_13340	2;1239;186801;3085636;186803;2569097;39488	1.0;1.0;1.0;1.0;1.0;1.0;1.0
k79_86345	2;1239;186801;3085636;186803;572511;418240;1121115	1.0;1.0;1.0;1.0;1.0;1.0;1.0;1.0
k79_86346	2;1239;186801	0.97521;0.60011;0.53147
k79_37865	2;1239;91061;1385;186822;44249;2023772	1.0;1.0;0.99999;0.99999;0.99995;0.99995;0.99995
k79_1022	2;976;200643;171549;815;816;820;997890	1.0;1.0;1.0;1.0;1.0;1.0;1.0;1.0
k79_25480	2157;28890;183925;2158;2159;2172;2173;420247	1.0;1.0;1.0;1.0;1.0;1.0;1.0;1.0
k79_74264	2;1239;186801;186802;216572;1263;2608920	0.99999;0.99999;0.99999;0.99999;0.99999;0.99996;0.99988
k79_1024	2;1239;186801;186802;31979;1485;1155388	1.0;0.99998;0.99998;0.99998;0.99998;0.99998;0.99995
k79_25486	2;1239;186801;3085636;186803;572511;418240;1121115	1.0;1.0;1.0;1.0;1.0;1.0;1.0;1.0
k79_74268	2;976;200643;171549;815;816;820;997890	1.0;1.0;1.0;1.0;1.0;1.0;1.0;1.0
k79_86349	2;1239;186801;3085636;186803;2569097;39488	1.0;1.0;1.0;1.0;1.0;0.99949;0.99949
k79_49775	2;976;117743;200644;49546;1016;1316596	1.0;0.99996;0.99994;0.99994;0.99994;0.99994;0.99994
k79_37866	2;1239;526524;526525;2810280;2678885;1982626	1.0;1.0;0.99999;0.99999;0.99999;0.99999;0.99999
k79_86357	2;976;200643;171549;815;816;820;997890	1.0;1.0;1.0;1.0;1.0;1.0;1.0;1.0
k79_74282	2;976;200643;171549;815;909656;376805;667015	1.0;1.0;1.0;1.0;0.99999;0.99988;0.99984;0.99984
k79_37871	2;1239;186801;186802;31979;1485;1529	0.99985;0.99985;0.99985;0.99985;0.99985;0.99985;0.99985
k79_49786	2;976;200643;171549;815;816;28111	0.99996;0.99948;0.99947;0.99947;0.88075;0.82788;0.80542
k79_25499	2;976;200643;171549;815;909656;357276;997877	0.99996;0.99992;0.99992;0.99992;0.99988;0.99976;0.99976;0.99976
k79_1025	2;200918;188708;1643947;1643949;1255275;2984951	1.0;1.0;1.0;1.0;1.0;1.0;1.0
k79_13382	2;976;200643;171549;815;816;820;997890	1.0;1.0;1.0;1.0;0.99999;0.99999;0.99974;0.99974
k79_37880	2;976;200643;171549;815;816;820;997890	1.0;1.0;1.0;1.0;1.0;1.0;0.99998;0.99998
k79_25507	2;976;200643;171549;815;816;820;997890	1.0;1.0;1.0;1.0;1.0;1.0;1.0;1.0
k79_13387	2157;28890;183925;2158;2159;2172;2173;420247	1.0;1.0;1.0;1.0;1.0;1.0;1.0;1.0
k79_1030	2;1239;186801;3085636;186803;207244;649756;649757	1.0;0.99992;0.99989;0.99989;0.99989;0.99989;0.99989;0.99989
k79_25512	2;1239;186801;186802;216572;1263;2608920	0.99996;0.99132;0.99059;0.9901;0.98492;0.98491;0.98268
k79_1031	2;1239;186801;3085636;186803;1766253;39491;657317	1.0;1.0;1.0;1.0;1.0;1.0;1.0;0.99997
k79_86387	2;1239;186801;3085636;186803;572511;418240;1121115	1.0;1.0;1.0;1.0;1.0;1.0;1.0;1.0
k79_74284	2;1239;186801;3082720;186804;1501226;1115758	0.99982;0.97618;0.97576;0.9144;0.9144;0.91439;0.91439
k79_25522	2;1239;186801;186802;31979;1485;332101	0.99934;0.96962;0.92882;0.92825;0.92824;0.92824;0.78523
k79_86388	2;1239;186801;3085636;186803;841;2763062	1.0;1.0;1.0;0.99998;0.99998;0.99983;0.99975
k79_49817	2;74201;203494;48461;1647988;239934;239935	1.0;0.99533;0.99533;0.99533;0.99533;0.99533;0.99533
k79_37905	2;1239;186801;3085636;186803;572511;418240;1121115	1.0;1.0;1.0;1.0;1.0;1.0;1.0;1.0
k79_86392	2157;28890;183925;2158;2159;2172;2173;420247	0.99993;0.99993;0.99993;0.99993;0.99993;0.99993;0.99993;0.99993
k79_86400	2157;28890;183925;2158;2159;2172;2173;420247	0.99998;0.99998;0.99998;0.99998;0.99998;0.99998;0.99998;0.99998
k79_13414	2;976;200643;171549;815;816;162156	1.0;1.0;1.0;1.0;1.0;1.0;0.99999
k79_37909	2;1239;526524;526525;2810280;2678885;1982626	0.99946;0.99935;0.99473;0.99473;0.99053;0.99053;0.99053
k79_62081	2;976;200643;171549;171552;2974251;165179	1.0;1.0;1.0;1.0;0.99999;0.99999;0.99999
k79_37912	2;1239;909932;1843488;909930;33024;33025	1.0;1.0;1.0;1.0;1.0;1.0;1.0
k79_37914	2;1239;909932;909929;1843491;3074372;3054208	0.99999;0.99998;0.99936;0.99936;0.99936;0.99936;0.99936
k79_74310	2157;28890;183925;2158;2159;2172;2173;420247	1.0;1.0;1.0;1.0;1.0;1.0;1.0;1.0
k79_13423	2;1239;186801;3085636;186803;28050;39485;515620	1.0;1.0;1.0;1.0;1.0;0.99998;0.99998;0.99998
k79_49846	2;1239;186801;3085636;186803;1766253;39491;657317	1.0;1.0;1.0;1.0;1.0;1.0;1.0;0.99974
k79_74313	2;1239;186801;186802;216572;1263;2608920	0.99597;0.99044;0.98981;0.92262;0.9201;0.91938;0.77114
k79_37919	2;976;200643;171549;815;816;46506;449673	1.0;1.0;1.0;1.0;1.0;1.0;0.99998;0.99998
k79_13428	2;1239;186801;3085636;186803;572511;418240;1121115	0.99692;0.9969;0.99674;0.99664;0.99664;0.89052;0.89006;0.89006
k79_25533	2;1239;186801;3085636;186803;572511;40520;657314	1.0;0.99999;0.99996;0.99937;0.99937;0.99937;0.99937;0.99937
k79_1057	2759;7711;40674;9443;9604;9605;9606	0.88056;0.88056;0.88056;0.88056;0.88056;0.88056;0.88056
k79_62089	2;1224;1236;135614;1775411;70411;2898793	0.99999;0.6477;0.64645;0.64643;0.64643;0.64643;0.64643
k79_13436	2;1239;186801;186802;216572;1263;2608920	1.0;1.0;0.99999;0.99999;0.99999;0.99999;0.99999
k79_37934	2;1239;186801;186802;216572;1263;2608920	1.0;0.99999;0.99995;0.99992;0.99991;0.99991;0.99991
k79_25537	2;1239;186801;3085636;186803;2316020;46228;471875	1.0;1.0;1.0;1.0;1.0;0.99995;0.99995;0.99995
k79_49854	2;1239;526524;526525;2810280;2678885;1982626	1.0;0.99994;0.99993;0.99993;0.99741;0.99741;0.99741
k79_25539	2;1239;186801;3085636;186803;248744;168384;478749	1.0;1.0;0.99999;0.99999;0.99999;0.99877;0.99877;0.99877
k79_86420	2;976;200643;171549;815;909656;821	1.0;1.0;1.0;1.0;0.99999;0.99996;0.99995
k79_37944	2;976;200643;171549;815;909656;821	1.0;1.0;1.0;1.0;1.0;1.0;1.0
k79_74341	2;1239;186801;3085636;186803;207244;649756;649757	1.0;0.99998;0.99997;0.99997;0.99997;0.99899;0.99899;0.99899
k79_37945	2;1783272	0.9998;0.79901
k79_62096	2;1239;186801;3085636;186803	1.0;0.99998;0.99998;0.99997;0.99997
k79_37953	2;1239;186801;3085636;186803;2316020;33038	1.0;0.99999;0.99999;0.99999;0.99999;0.99996;0.99996
k79_13452	2;1239;526524;526525;2810280;2678885;1982626	1.0;1.0;1.0;1.0;1.0;1.0;1.0
k79_86435	2;1239;186801;186802;216572;2834348;3030016	1.0;0.99994;0.99994;0.99994;0.99994;0.99994;0.99994
k79_62101	2;1239;186801;186802;216572;1263;2608920	0.98376;0.96401;0.96235;0.82154;0.81735;0.81734;0.56008
k79_13453	2;976;200643;171549;815;909656;821	0.99269;0.73402;0.73308;0.73308;0.73181;0.61349;0.61347
k79_37961	2;1239;186801;186802;216572;1263;2608920	1.0;1.0;0.99999;0.9999;0.99989;0.99989;0.99962
k79_62105	2;1239;526524;526525;2810280;2678885;1982626	1.0;1.0;1.0;1.0;1.0;1.0;1.0
k79_74347	2;1239;186801;186802;216572;216851;3030639	1.0;0.99999;0.99999;0.99999;0.99999;0.99999;0.98438
k79_37964	2;1239;186801;3085636;186803;572511;418240;1121115	1.0;1.0;1.0;1.0;1.0;1.0;1.0;1.0
k79_49869	2;1239;186801;3085636;186803;572511;418240;1121115	1.0;1.0;1.0;0.99998;0.99998;0.99995;0.99995;0.99995
k79_37968	2;976;200643;171549;815;909656;376805;667015	1.0;0.99898;0.99898;0.99898;0.99891;0.99613;0.99496;0.99496
k79_13464	2;976;200643;171549;815;816;817;862962	1.0;1.0;1.0;1.0;0.99996;0.9998;0.9998;0.99979
k79_49874	2;976;200643;171549;815;816;817;862962	0.99992;0.99904;0.99904;0.99904;0.99883;0.9978;0.99766;0.99756
k79_37973	2;1239;91061;1385;186817;2675232;1740721	1.0;1.0;1.0;1.0;1.0;1.0;1.0
k79_37974	2;1239;186801;3085636;186803;1766253;39491;657317	0.99952;0.9796;0.95575;0.95575;0.95575;0.83924;0.83924;0.83924
k79_13467	2;1239;186801;3085636;186803;1766253;39491;657317	1.0;1.0;0.99988;0.99985;0.99985;0.99951;0.99951;0.99848
k79_25572	2;1239;186801;186802;31979;1485;2212991	0.94816;0.89706;0.88254;0.88033;0.84889;0.84888;0.7925
k79_1089	2;1239;186801;3085636;186803;572511;418240;1121115	1.0;1.0;0.99999;0.99998;0.99998;0.99962;0.99962;0.99962
k79_86439	2;1239;186801;186802;31979;1485;1522	1.0;1.0;1.0;1.0;1.0;1.0;1.0
k79_49876	2;1239;186801;186802;216572;1263;2608920	1.0;1.0;1.0;1.0;1.0;1.0;1.0
k79_37977	2;976;200643;171549	0.90664;0.64433;0.64422;0.64422
k79_37978	2;976;200643;171549;815;816;47678;997873	1.0;0.99999;0.99999;0.99999;0.99999;0.99998;0.99996;0.99996
k79_74356	2;1239;186801;3085636;186803;2316020;33039;657313	1.0;0.99998;0.99998;0.99998;0.99998;0.99994;0.99994;0.99994
k79_13490	2;1239;186801;3085636;186803;572511;418240;1121115	0.99998;0.98179;0.98174;0.98146;0.98146;0.73466;0.73462;0.73462
k79_37981	2;1239;526524;526525;2810280;2678885;1982626	0.99474;0.96651;0.89617;0.89617;0.89616;0.89566;0.89566
k79_86443	2;976;200643;171549;815;816;820;997890	1.0;1.0;1.0;1.0;1.0;1.0;1.0;1.0
k79_37985	2;1239;186801;3085636;186803;46205;185007	0.99998;0.77175;0.64736;0.6454;0.64539;0.64353;0.64353
k79_49903	2;976;200643;171549;815;909656	0.99953;0.98697;0.98658;0.98658;0.98578;0.78957
k79_1121	2;203691;203692;136;2791015;399320;886478	1.0;0.99992;0.99992;0.99992;0.99992;0.99992;0.99992
k79_13512	2;1239;186801;3085636;186803;841;166486;718255	1.0;1.0;1.0;0.99998;0.99998;0.99998;0.99982;0.9998
k79_37997	2;1239;91061;1385;186817;1434042;85683;439292	1.0;0.99997;0.99994;0.99994;0.99994;0.99994;0.99994;0.99994
k79_74361	2;976;200643;171549;171552;2974251;165179	1.0;1.0;1.0;1.0;0.9997;0.9997;0.9997
k79_25583	2;1239;186801;3085636;186803;572511;418240;1121115	1.0;1.0;1.0;1.0;1.0;0.99999;0.99967;0.99967
k79_38000	2;1239;186801;3085636;186803;207244;649756;649757	1.0;1.0;1.0;1.0;1.0;1.0;1.0;1.0
k79_38001	2;1239;186801;186802;31979;1485;332101	0.99999;0.99999;0.99327;0.9932;0.99319;0.99319;0.99311
k79_25594	2;976;200643;171549;815;816;2528203	1.0;1.0;1.0;1.0;1.0;0.99999;0.99999
k79_1144	2;1224;28211;356;45404;120652;199596;395965	0.99993;0.99987;0.99987;0.99987;0.99987;0.99987;0.99987;0.99987
k79_86471	2;1239;186801;186802;216572;1263;1161942	1.0;1.0;1.0;1.0;1.0;1.0;1.0
k79_25596	2;1239	0.58139;0.53267
k79_1154	2;976;200643;171549;2005525;375288;823;999416	1.0;1.0;1.0;1.0;1.0;1.0;1.0;1.0
k79_38025	2;1239;186801;3085636;186803;572511;418240;1121115	1.0;1.0;1.0;1.0;1.0;1.0;1.0;1.0
k79_49927	2;976;200643;171549;815;816;47678;997873	1.0;0.99993;0.99993;0.9994;0.9994;0.9994;0.99935;0.99935
k79_74376	131567	1.0
k79_1163	2;1239;186801;3085636;186803;189330;88431	1.0;1.0;1.0;1.0;1.0;0.9995;0.9995
k79_38029	2157;28890;183925;2158;2159;2172;2173;420247	1.0;1.0;1.0;1.0;1.0;1.0;0.99996;0.99996
k79_49937	2;74201;203494;48461;1647988;239934;239935	1.0;1.0;1.0;1.0;1.0;1.0;1.0
k79_62166	2;1239;186801;3085636;186803;1766253;39491;657317	1.0;0.99998;0.99998;0.99994;0.99994;0.99994;0.99994;0.99674
k79_25612	2;1239;526524;526525;2810280;2678885;1982626	0.99996;0.97682;0.8063;0.8063;0.80576;0.80471;0.80471
k79_49939	2;1239;186801;3085636;186803;1506553;29347	1.0;1.0;1.0;1.0;1.0;0.99995;0.99995
k79_86500	2157;28890;183925;2158;2159;2172;2173;420247	1.0;1.0;1.0;1.0;1.0;1.0;0.99991;0.99991
k79_38044	2;976;117743;200644;49546;286104;2929510	1.0;0.99575;0.99575;0.99575;0.99575;0.99573;0.99573
k79_1177	2157;28890;183925;2158;2159;2172;2173;420247	1.0;1.0;1.0;1.0;1.0;1.0;1.0;1.0
k79_49948	2;976;200643;171549;815;816;2715212	1.0;1.0;1.0;1.0;1.0;0.99997;0.9999
k79_38045	2;976;200643;171549;815;816;820;997890	1.0;1.0;1.0;1.0;1.0;1.0;0.99984;0.99984
k79_49951	2;1239;186801	0.99934;0.89034;0.88046
k79_38047	2;1239;526524;526525;2810280;2678885;1982626	1.0;1.0;1.0;1.0;0.99999;0.99999;0.99999
k79_25625	2;976;200643;171549;815;816;820;997890	1.0;1.0;1.0;1.0;1.0;1.0;0.99999;0.99999
k79_74384	2;976;200643;171549;171552;838;2691580	1.0;1.0;1.0;1.0;1.0;1.0;1.0
k79_74385	2;1239;186801;186802;216572;1263;2608920	0.99999;0.75732;0.7551;0.73668;0.64113;0.6332;0.63289
k79_38051	2;1239;526524;526525;2810280;2678885;1982626	1.0;1.0;1.0;1.0;1.0;1.0;1.0
k79_49960	2;976;200643;171549;815;909656;387090	1.0;1.0;1.0;1.0;1.0;0.99994;0.99994
k79_25634	2;1783272	1.0;0.99948
k79_86513	2;1239;186801;186802;216572;1263;2608920	0.99997;0.96697;0.73861;0.7379;0.53537;0.53527;0.53526
k79_62176	2157;28890;183925;2158;2159;2172;2173;420247	1.0;1.0;1.0;1.0;1.0;1.0;0.99987;0.99987
k79_74393	2;976;200643;171549;815;816;820;997890	1.0;1.0;1.0;1.0;1.0;1.0;1.0;1.0
k79_1185	2;1239;186801;3085636;186803;33042;410072	1.0;1.0;1.0;1.0;1.0;0.99994;0.99994
k79_74394	2;1239;526524;526525;2810280;2678885;1982626	1.0;1.0;1.0;1.0;1.0;1.0;1.0
k79_25640	2;976;200643;171549;815;816;820;997890	1.0;1.0;1.0;1.0;1.0;1.0;1.0;1.0
k79_38066	2;976;200643;171549;815;816;28116	1.0;1.0;1.0;1.0;1.0;1.0;0.99998
k79_62187	2157;28890;183925;2158;2159;2172;2173;420247	1.0;1.0;1.0;1.0;1.0;1.0;1.0;1.0
k79_62188	2;1239;186801;3085636;186803;1766253;39491;657318	1.0;1.0;0.99996;0.99992;0.99992;0.87413;0.87413;0.87398
k79_74413	2;976;117743;200644;2762318;59732;1854498	0.99998;0.99994;0.99994;0.99994;0.99994;0.99994;0.99994
k79_38078	2;1239;186801	0.55159;0.52128;0.5196
k79_25658	2;976;200643;171549;815;816;820;997890	1.0;0.95783;0.88085;0.88085;0.88076;0.88076;0.87466;0.87466
k79_49962	2;1239;186801;3082720;186804;1505652;2813371	0.97423;0.9589;0.95551;0.92372;0.92366;0.92366;0.92366
k79_1220	2;976;200643;171549;1853231;574697;2093856	1.0;0.99999;0.99999;0.99999;0.98374;0.98374;0.98374
k79_86557	2;1239;186801;3085636;186803;841;166486;657315	1.0;0.99986;0.99986;0.99986;0.99986;0.95043;0.83317;0.82521
k79_25670	2;1239;186801;186802;216572;1263;2608920	0.99998;0.99995;0.99995;0.99987;0.99982;0.99896;0.99888
k79_1226	2;976;200643;171549;2005525;375288;823;999416	1.0;1.0;1.0;1.0;1.0;1.0;1.0;1.0
k79_74446	2157;28890;183925;2158;2159;2172;2173;420247	1.0;1.0;1.0;1.0;1.0;1.0;0.99998;0.99998
k79_13592	2157;28890;183925;2158;2159;2172;2173;420247	1.0;1.0;1.0;1.0;1.0;1.0;1.0;1.0
k79_1234	2;1239;186801;3085636;186803;207244;649756;649757	1.0;0.99981;0.91468;0.91468;0.91468;0.91468;0.91468;0.91468
k79_38102	2;1239;1737404;1737405;1570339;150022;1260	1.0;0.99999;0.99994;0.99994;0.99994;0.99994;0.99994
k79_49973	2;1239;186801;3085636;186803;841;166486;718255	1.0;1.0;1.0;0.99972;0.99972;0.99943;0.99935;0.99739
k79_13594	2;1239;526524;526525;2810280;2678885;1982626	1.0;1.0;1.0;1.0;1.0;1.0;1.0
k79_38103	2;1239;526524;526525;2810280;2678885;1982626	1.0;1.0;1.0;1.0;1.0;0.99999;0.99999
k79_25685	2;976;200643;171549;815;816;820;997890	1.0;0.99999;0.99998;0.99998;0.99918;0.99849;0.98615;0.98615
k79_13596	2;1239;186801;3085636;186803;572511;418240;1121115	1.0;1.0;1.0;1.0;1.0;1.0;1.0;1.0
k79_86563	2;1239;186801;186802;216572;1263;2608920	0.99994;0.99993;0.99971;0.97474;0.97403;0.97327;0.97327
k79_13597	2;1239;526524;526525;2810280;2678885;1982626	1.0;1.0;1.0;1.0;1.0;1.0;1.0
k79_74457	2;976;200643;171549;815;816;820;997890	1.0;1.0;1.0;1.0;0.99944;0.99944;0.99937;0.99937
k79_38110	2;1239;186801;3085636;186803;572511;418240;1121115	1.0;1.0;1.0;1.0;1.0;1.0;1.0;1.0
k79_49979	2;1239;526524;526525;2810280;2678885;1982626	1.0;0.99998;0.9984;0.9984;0.99839;0.99839;0.99839
k79_86570	2;1239;186801;186802;216572;216851;411483	1.0;0.62812;0.62644;0.62137;0.62104;0.62098;0.6115
k79_74458	2;976;200643;171549;815;816;820;997890	1.0;1.0;1.0;1.0;1.0;1.0;0.99999;0.99999
k79_86571	2;1239;526524;526525;2810280;2678885;1982626	1.0;0.99996;0.99996;0.99996;0.99996;0.99996;0.99996
k79_25697	2;976;200643;171549;2005525;375288;823;999416	1.0;1.0;1.0;1.0;0.99998;0.99998;0.99998;0.99998
k79_74461	2;1239;186801;186802;216572;1263;2608920	0.99802;0.78262;0.77546;0.77247;0.77247;0.77247;0.77231
k79_1245	2;1239;186801;186802;216572;1263;2608920	0.99198;0.97743;0.97679;0.96339;0.96244;0.96213;0.96178
k79_74462	2;1239;186801;186802;216572;1263;2608920	0.99974;0.99968;0.99967;0.99749;0.99733;0.99724;0.99036
k79_1248	2;1239;186801;3085636;186803;33042;410072	0.99991;0.97877;0.97874;0.97808;0.97808;0.95221;0.95206
k79_49991	2;976;200643;171549;815;816;820;997890	1.0;1.0;1.0;1.0;1.0;1.0;1.0;1.0
k79_62214	2;1239;186801;3085636;186803;207244;649756;649757	1.0;1.0;1.0;1.0;1.0;1.0;1.0;1.0
k79_25708	2;32066;203490;203491;203492;848;1583098	1.0;0.83037;0.83037;0.83037;0.83037;0.83037;0.83037
k79_25711	2;1239;186801;3085636;186803;1649459;154046;742737	1.0;1.0;1.0;0.99999;0.99999;0.99999;0.99999;0.99999
k79_62216	2157;28890;183925;2158;2159;2172;2173;420247	1.0;1.0;1.0;1.0;1.0;1.0;1.0;1.0
k79_1255	2;1239;186801;3085636;186803;572511;418240;1121115	1.0;1.0;1.0;1.0;1.0;1.0;0.99999;0.99999
k79_25712	2;976;200643;171549;815;816;820;997890	1.0;1.0;1.0;1.0;1.0;1.0;1.0;1.0
k79_13612	2;1239;526524;526525;2810280;2678885;1982626	1.0;1.0;1.0;1.0;1.0;1.0;1.0
k79_50004	2;976;200643;171549;815;816;820;997890	1.0;1.0;1.0;1.0;1.0;1.0;1.0;1.0
k79_25718	2;1239;186801;186802;216572;216851;853;718252	1.0;0.9889;0.98837;0.98829;0.98819;0.91;0.88791;0.8873
k79_74480	2;1239;186801;3085636;186803;207244;649756;649757	1.0;1.0;1.0;1.0;1.0;1.0;1.0;1.0
k79_86582	2;1239;186801;3085636;186803;189330;39486	1.0;1.0;1.0;1.0;1.0;0.99989;0.99989
k79_13621	2;1239;186801;3085636;186803;33042;410072	1.0;1.0;0.99999;0.99983;0.99983;0.99279;0.99279
k79_25723	2;1239;186801;3085636;186803;1766253;39491;657317	1.0;1.0;1.0;1.0;1.0;1.0;1.0;1.0
k79_1274	2;976;200643;171549;815;909656;821	1.0;0.99999;0.99999;0.99999;0.99995;0.99988;0.99988
k79_62228	2	0.99999
k79_25727	2;976;200643;171549;815;816;820;997890	1.0;1.0;1.0;1.0;1.0;0.99999;0.99996;0.99996
k79_25729	2;1239;186801;186802;216572;1263;2608920	1.0;0.99928;0.99922;0.99851;0.99851;0.99851;0.99851
k79_74503	2157;28890;183925;2158;2159;2172;2173;420247	0.99999;0.99999;0.99999;0.99999;0.99999;0.99999;0.99999;0.99999
k79_38136	2157;28890;183925;2158;2159;2172;2870563	0.99747;0.99747;0.99747;0.99747;0.99747;0.99747;0.99723
k79_1289	2;1239;526524;526525;2810280;2678885;1982626	1.0;1.0;1.0;1.0;1.0;1.0;1.0
k79_25732	2;1239;186801;3085636;186803;841;301301	1.0;1.0;1.0;1.0;1.0;0.99999;0.99999
k79_25734	2;1239;186801;3085636;186803;1766253;39491;657318	1.0;1.0;1.0;1.0;1.0;1.0;1.0;0.99997
k79_86591	2;1239;186801;3085636;186803;1766253;39491;657317	0.95498;0.94951;0.94859;0.94842;0.94842;0.87818;0.87818;0.87806
k79_1295	2;976;200643;171549;815;816;820;997890	1.0;0.99999;0.99999;0.99999;0.99993;0.99993;0.99274;0.99274
k79_86592	2;1239;186801;3085636;186803;2569097;39488	0.99999;0.99999;0.99999;0.99987;0.99987;0.99892;0.99892
k79_62236	2;976;200643;171549;815;909656;821	1.0;1.0;1.0;1.0;1.0;1.0;1.0
k79_38147	2;976;200643;171549;815;816;2785531	1.0;1.0;1.0;1.0;1.0;0.99998;0.99995
k79_1299	2;1239;909932;1843488;909930;33024;33025	1.0;1.0;1.0;1.0;1.0;1.0;1.0
k79_74521	2;1239;526524;526525;2810280;2678885;1982626	1.0;1.0;1.0;1.0;1.0;1.0;1.0
k79_25747	2759;7711;40674;9443;9604;9605;9606	0.89297;0.89297;0.89297;0.89297;0.89297;0.89297;0.89297
k79_38150	2157;28890;183925;2158;2159;2172;2173;420247	1.0;1.0;1.0;1.0;1.0;1.0;0.99999;0.99999
k79_1311	2;1239;186801;3085636;186803	1.0;0.99397;0.65604;0.62732;0.62732
k79_25758	2;1239;186801;3085636;186803;572511;418240;1121115	1.0;1.0;1.0;1.0;1.0;0.99997;0.99997;0.99997
k79_13643	2;976;200643;171549;815;816;820;997890	1.0;1.0;1.0;1.0;1.0;1.0;0.99999;0.99999
k79_1319	2;1239;186801;186802;216572;2892396;2714353	1.0;0.99999;0.99999;0.99995;0.99995;0.99591;0.99591
k79_86596	2;1239;186801;186802;216572;216851;853;718252	1.0;1.0;1.0;1.0;1.0;1.0;0.99999;0.99999
k79_25768	2;74201;203494;48461;1647988;239934;3115152	1.0;0.99986;0.99986;0.99986;0.99986;0.99986;0.99786
k79_13649	2;1239;186801;3085636;186803;1766253;39491;657317	1.0;1.0;1.0;1.0;1.0;1.0;1.0;0.99992
k79_1324	2;976;200643;171549;815;909656;821	1.0;1.0;1.0;1.0;0.99997;0.99997;0.99997
k79_38155	2;1239;186801;3085636;186803;1766253;39491;657317	0.99272;0.99258;0.99255;0.99164;0.99164;0.83944;0.83944;0.65113
k79_13651	2;1239;909932;1843488;909930;33024;33025	1.0;1.0;1.0;1.0;1.0;1.0;1.0
k79_86599	2;976;200643;171549;815;816;820;997890	1.0;1.0;1.0;1.0;1.0;1.0;0.99997;0.99997
k79_62251	2;1239;186801;186802;216572;216851;853;718252	1.0;1.0;1.0;1.0;1.0;1.0;1.0;1.0
k79_1328	2;1239;526524;526525;2810280;2678885;1982626	1.0;1.0;1.0;1.0;1.0;1.0;1.0
k79_50061	2;1239;186801;3085636;186803;841;166486;718255	0.99998;0.99978;0.99978;0.99975;0.99975;0.99893;0.99893;0.97676
k79_38164	2;976;200643;171549;815;909656;821	1.0;0.9985;0.99849;0.99844;0.99839;0.97359;0.97318
k79_86612	2;976;200643;171549;815;909656;357276;997877	1.0;0.65418;0.65418;0.65418;0.58409;0.57894;0.57893;0.57893
k79_50066	2;1239;526524;526525;2810280;2678885;1982626	0.99886;0.99886;0.99885;0.99885;0.99885;0.99885;0.99885
k79_74542	2;1239;186801;3085636;186803;1766253;39491;657318	1.0;1.0;1.0;1.0;1.0;1.0;1.0;0.99852
k79_74553	2;976;200643;171549;171551;836;837	1.0;0.99997;0.99996;0.99996;0.99995;0.99995;0.99995
k79_1348	2;1239;186801;3085636;186803;572511;40520;657314	1.0;1.0;0.99999;0.99999;0.99999;0.99999;0.99999;0.99999
k79_13659	2759;7711;40674;9443;9604;9605;9606	0.99999;0.99999;0.99999;0.99999;0.99999;0.99999;0.99999
k79_86614	2;1239;186801;3085636;186803;572511;418240;1121115	0.99999;0.99998;0.99998;0.99997;0.99997;0.67887;0.67885;0.67885
k79_74558	2;1239;186801;186802;216572;1263;2608920	1.0;1.0;1.0;1.0;1.0;0.99764;0.99764
k79_1361	2;1224;1236;135619;2066474;305899;1234143	1.0;1.0;1.0;1.0;1.0;1.0;1.0
k79_74562	2;1239;186801;3085636;186803;2316020;46228;471875	1.0;1.0;1.0;1.0;1.0;0.99781;0.9978;0.9978
k79_1366	2;1239;91061;1385;186817;1055323;1868734	1.0;1.0;0.99999;0.99999;0.99999;0.99999;0.99999
k79_86621	2157;28890;183925;2158;2159;2172;2173;420247	1.0;1.0;1.0;1.0;1.0;1.0;1.0;1.0
k79_38173	2;1239;186801;186802;31979;1485;1502	1.0;1.0;1.0;1.0;0.99998;0.99998;0.99998
k79_1367	2;976;200643;171549;815;909656;821	1.0;1.0;1.0;1.0;1.0;1.0;1.0
k79_50079	2;1239;186801;3085636;186803;2163168;3070215	1.0;0.99757;0.9912;0.99118;0.99118;0.96831;0.96831
k79_38177	2;976;200643;171549;2005525;375288;2685834	1.0;1.0;1.0;1.0;1.0;1.0;1.0
k79_74574	2;1239;186801;186802;216572;216851;2929493	1.0;1.0;1.0;1.0;1.0;1.0;0.99999
k79_86622	2157;28890;183925;2158;2159;2172;2173;420247	0.99989;0.99989;0.99989;0.99989;0.99989;0.99989;0.99986;0.99986
k79_38179	2;976;200643;171549;815;909656;387090	1.0;1.0;1.0;1.0;0.99999;0.99968;0.99967
k79_86623	2157;28890;183925;2158;2159;2172;2173;420247	0.99977;0.99977;0.99977;0.99977;0.99977;0.99977;0.99972;0.99972
k79_1379	2;1239;186801;3085636;186803;1766253;39491;657317	1.0;1.0;1.0;1.0;1.0;1.0;1.0;0.99975
k79_38181	2;1239;186801;3085636;186803;572511;418240;1121115	1.0;1.0;1.0;1.0;1.0;1.0;1.0;1.0
k79_86625	2;1239;186801;3085636;186803;1766253;39491;657317	1.0;1.0;1.0;1.0;1.0;1.0;1.0;0.99767
k79_1389	2;1239;186801;186802;216572;1263;1160721	1.0;1.0;1.0;1.0;1.0;1.0;1.0
k79_13674	2;976;200643;171549;815;816;818	0.99969;0.9617;0.95303;0.95303;0.95224;0.9522;0.80291
k79_62287	2;1239	0.86967;0.84274
k79_1392	2;1239;186801;3085636;186803;841;301301	1.0;0.99997;0.99996;0.99991;0.99991;0.99964;0.99953
k79_13677	2;976;200643;171549;815;816;820;997890	1.0;1.0;1.0;1.0;1.0;1.0;1.0;1.0
k79_62288	2;1239;186801;3085636;186803;572511;418240;1121115	1.0;1.0;1.0;1.0;1.0;1.0;0.99999;0.99999
k79_1398	2;976;200643;171549;815;909656;357276;997877	1.0;1.0;1.0;1.0;1.0;0.99972;0.99955;0.99955
k79_50096	2;1239;186801;3085636;186803;1766253;39491;657318	0.99984;0.82509;0.81729;0.75354;0.75353;0.65332;0.65332;0.65258
k79_62292	2;976;200643;171549;815;816;820;997890	0.99998;0.99982;0.99982;0.99982;0.99607;0.99586;0.98828;0.98828
k79_25805	2;976;200643;171549;815;816;162156	0.99999;0.99927;0.99927;0.99926;0.9992;0.95375;0.90165
k79_25806	2;1239;186801;186802;216572;216851	1.0;0.99875;0.99873;0.91834;0.91819;0.81002
k79_38209	2;1239;526524;526525;2810280;2678885;1982626	1.0;1.0;0.99998;0.99998;0.99997;0.99995;0.99995
k79_13682	2;1239;186801;3085636;186803;33042;410072	1.0;1.0;1.0;1.0;1.0;0.99984;0.99984
k79_62295	2;1239;186801;3085636;186803;572511	0.99975;0.99929;0.77055;0.77044;0.77044;0.66971
k79_86637	2;1239;186801;3085636;186803;572511;2877527	1.0;1.0;0.99999;0.99998;0.99998;0.99955;0.98548
k79_62299	2;1239;526524;526525;2810280;2678885;1982626	1.0;0.99999;0.99999;0.99999;0.99999;0.99999;0.99999
k79_74616	2;976;200643;171549;1853231;283168;28118	1.0;1.0;0.99998;0.99998;0.99992;0.99992;0.99992
k79_25822	2;1224;1236;135622;267890;22;56812;318167	0.99996;0.99939;0.99939;0.99939;0.99939;0.99939;0.99939;0.99939
k79_25825	2;1239;186801;3085636;186803;572511;418240;1121115	1.0;1.0;1.0;1.0;1.0;1.0;1.0;1.0
k79_86642	2;976;200643;171549;815;816;291644	1.0;0.99261;0.99261;0.99261;0.96586;0.96586;0.85868
k79_50115	2;1239;186801;3085636;186803;572511;418240;1121115	1.0;1.0;1.0;1.0;1.0;0.99851;0.99812;0.99812
k79_38232	2;1239;186801;3085636;186803;572511;418240;1121115	1.0;1.0;1.0;1.0;1.0;1.0;0.99996;0.99996
k79_1432	2;1239;91061;186826;1300;1301;1501662	1.0;1.0;0.99988;0.99988;0.99988;0.99988;0.99988
k79_86644	2;976;200643;171549;815;816;820;997890	1.0;1.0;1.0;1.0;1.0;1.0;0.99999;0.99999
k79_74632	2;1239;186801;3085636;186803;572511;418240;1121115	1.0;1.0;1.0;1.0;1.0;1.0;1.0;1.0
k79_38235	2157;28890;183925;2158;2159;2172;2173;420247	0.99679;0.99679;0.99679;0.99679;0.99679;0.99679;0.99668;0.99668
k79_50119	2;1239;186801;3085636;186803;841;2763062	1.0;1.0;1.0;1.0;1.0;1.0;0.99999
k79_38240	2;1239;186801;3085636;186803	0.97836;0.97636;0.97592;0.93111;0.93111
k79_62306	2;1239;91061;1385;90964;1279;29382	1.0;0.99959;0.97098;0.97098;0.97097;0.97097;0.97097
k79_86663	2157;28890;183925;2158;2159;2172;2173;420247	1.0;1.0;1.0;1.0;1.0;1.0;0.99993;0.99993
k79_25828	2157;28890;183925;2158;2159;2172;2173;420247	1.0;1.0;1.0;1.0;1.0;1.0;1.0;1.0
k79_1445	2;1239;186801;186802;216572;1263;657323	1.0;1.0;1.0;0.99981;0.99977;0.99977;0.99977
k79_74648	2;74201;203494;48461;1647988;239934;239935	1.0;1.0;1.0;1.0;1.0;1.0;1.0
k79_50126	2;976;200643;171549;815;816;820;997890	0.99996;0.97256;0.97221;0.97221;0.96108;0.96097;0.93719;0.93719
k79_13738	2;1239;186801;3085636;186803;572511;418240;1121115	1.0;1.0;1.0;1.0;1.0;1.0;1.0;1.0
k79_38274	2;976;200643;171549;171552;838;28131	0.99999;0.99986;0.99986;0.99986;0.99906;0.99892;0.99892
k79_74656	2;1239;186801;3085636;186803;28050;39485;515620	1.0;0.99998;0.99998;0.99997;0.99997;0.99997;0.99997;0.99997
k79_13743	2;1239;186801;186802;216572;216851;2929489	1.0;1.0;1.0;1.0;1.0;1.0;1.0
k79_50134	2;1239;186801;3085636;186803;1766253;39491;657318	1.0;1.0;1.0;1.0;1.0;1.0;1.0;0.99975
k79_25835	2;1239	0.95203;0.88751
k79_1451	2;1239;526524;526525;2810280;2678885;1982626	1.0;1.0;1.0;1.0;1.0;0.99999;0.99999
k79_38283	2;976;200643;171549;815;816;820;997890	1.0;1.0;1.0;1.0;1.0;1.0;0.99996;0.99996
k79_13766	2;1239;186801;3085636;186803;2316020;46228;471875	0.99967;0.98934;0.98118;0.92372;0.92372;0.62786;0.62611;0.62611
k79_74660	2;976;200643;171549;815;909656;387090	1.0;0.99999;0.99986;0.99986;0.99986;0.99971;0.99971
k79_25852	2;1239;91061;1385;186817;1386;492670	1.0;0.99981;0.99493;0.74116;0.74116;0.74116;0.74116
k79_1462	2;1239;186801;3085636;186803;841	1.0;0.99993;0.99992;0.99442;0.99442;0.7032
k79_38291	2;976;200643;171549;815;816;2755405	1.0;1.0;0.99999;0.99999;0.99997;0.99997;0.99913
k79_62322	2;1239;186801;186802;216572;1263;2608920	1.0;1.0;1.0;0.99999;0.99998;0.99998;0.99997
k79_50139	2157;28890;183925;2158;2159;2172;2173;420247	1.0;1.0;1.0;1.0;1.0;1.0;1.0;1.0
k79_38293	2;1239;186801;3085636;186803;207244;649756;649757	0.99997;0.81405;0.79529;0.79511;0.79511;0.7951;0.7951;0.7951
k79_50141	2;976;200643;171549;1853231;574697;2093856	1.0;1.0;1.0;1.0;0.99998;0.99998;0.99998
k79_74667	2;1239;526524;526525;2810280;2678885;1982626	0.99903;0.99592;0.99573;0.99573;0.99573;0.99573;0.99573
k79_13782	2;976;200643;171549;815;816;820;997890	1.0;1.0;1.0;1.0;1.0;1.0;1.0;1.0
k79_74672	2;1239;186801;3085636;186803;1766253;39491;657317	1.0;1.0;1.0;1.0;1.0;1.0;1.0;0.99956
k79_50149	2;1239;186801;3085636;186803;572511;418240;1121115	1.0;1.0;1.0;1.0;1.0;1.0;1.0;1.0
k79_74673	2157;28890;183925;2158;2159;2172;2173;420247	1.0;1.0;1.0;1.0;1.0;1.0;1.0;1.0
k79_25854	2157;28890;183925;2158;2159;2172;2173;420247	1.0;1.0;1.0;1.0;1.0;1.0;1.0;1.0
k79_74676	2157;28890;183925;2158;2159;2172;2173;420247	1.0;1.0;1.0;1.0;1.0;1.0;1.0;1.0
k79_13800	2157;28890;183925;2158;2159;2172;2173;420247	1.0;1.0;1.0;1.0;1.0;1.0;1.0;1.0
k79_50153	2;1239;186801;186802;216572;216851;853;718252	1.0;0.99999;0.99998;0.99964;0.99958;0.99947;0.9909;0.99061
k79_50156	2157;28890;183925;2158;2159;2172;2173;420247	1.0;1.0;1.0;1.0;1.0;1.0;1.0;1.0
k79_74679	2;976;200643;171549;2005525;375288;823;999416	1.0;1.0;1.0;1.0;1.0;1.0;1.0;1.0
k79_25870	2;1239;186801;3085636;186803;2569097;39488	1.0;0.99998;0.99998;0.99998;0.99998;0.99996;0.99996
k79_13808	2;1239;186801;3085636;186803;1766253;39491;657317	1.0;1.0;1.0;1.0;1.0;1.0;1.0;0.99997
k79_38321	2;1239;186801;3085636;186803;572511;40520;657314	1.0;0.99999;0.99999;0.99999;0.99999;0.99997;0.99996;0.99996
k79_50164	2;1239;186801;3085636;186803;572511;418240;1121115	1.0;1.0;1.0;1.0;1.0;0.99999;0.99999;0.99999
k79_25877	2;1239;186801;3085636;186803;2316020;33039;657313	1.0;1.0;1.0;0.99996;0.99996;0.99658;0.99624;0.99624
k79_86714	2;1239;186801;3085636;186803;1766253;39491;657317	1.0;1.0;1.0;1.0;1.0;0.99998;0.99998;0.99988
k79_38323	2;976;200643;171549;815;909656;821	1.0;1.0;1.0;1.0;1.0;0.99996;0.99996
k79_25880	2157;28890;183925;2158;2159;2172;2173;420247	1.0;1.0;1.0;1.0;1.0;1.0;1.0;1.0
k79_38333	2;1239;526524;526525;2810280;2678885;1982626	1.0;1.0;1.0;1.0;1.0;1.0;1.0
k79_13809	2;1239;91061;1385;186822;44249;1401	1.0;1.0;1.0;0.99999;0.99999;0.99999;0.99999
k79_38337	2;1239;186801;3085636;186803;841;166486;657315	1.0;0.99996;0.99996;0.99983;0.99983;0.65132;0.64191;0.59318
k79_74709	2;976;200643;171549;815;909656;387090	1.0;0.99999;0.99919;0.99919;0.99911;0.99879;0.99879
k79_86716	2;74201;203494;48461;1647988;239934;239935	1.0;1.0;1.0;1.0;1.0;1.0;1.0
k79_25881	2;976;200643;171549;815;816;2785531	1.0;1.0;1.0;1.0;1.0;1.0;0.99988
k79_13814	2157;28890;183925;2158;2159;2172;2173;420247	1.0;1.0;1.0;1.0;1.0;1.0;1.0;1.0
k79_25883	2;1239;186801;3085636;186803;2316020;33039;657313	1.0;1.0;1.0;0.99993;0.99993;0.9997;0.9997;0.9997
k79_74711	2;1239;186801;186802;216572;2892396;2714355	1.0;0.99999;0.99999;0.99998;0.99998;0.9999;0.9999
k79_38350	2;200940;3031651;3031668;213422;2651583;2740185	1.0;0.97575;0.97573;0.97573;0.97573;0.97573;0.97573
k79_86719	2;1239;526524;526525;2810280;2678885;1982626	1.0;1.0;1.0;1.0;1.0;1.0;1.0
k79_25890	2;976;200643;171549;815;909656;821	1.0;1.0;1.0;1.0;1.0;1.0;1.0
k79_1474	2;1239;186801;3085636;186803;841;166486;657315	1.0;1.0;1.0;1.0;1.0;1.0;1.0;0.99972
k79_25891	2;1239;186801;186802;216572;216851;2929492	1.0;0.99442;0.99442;0.99442;0.9944;0.9944;0.9944
k79_62370	2;1239;186801;3085636;186803;2316020;46228;471875	1.0;1.0;1.0;1.0;1.0;1.0;1.0;1.0
k79_25904	2;1239;186801;186802;31979;1485;332101	0.90681;0.90613;0.63039;0.57187;0.5717;0.57169;0.56675
k79_38371	2;1239;186801;3085636;186803;1766253;39491;657318	1.0;0.99998;0.99998;0.99998;0.99998;0.99996;0.99996;0.99321
k79_62377	2;1239;186801;3085636;186803;572511;418240;1121115	1.0;1.0;1.0;1.0;1.0;1.0;1.0;1.0
k79_1485	2;976;200643;171549;815;816;291644	1.0;1.0;1.0;1.0;1.0;1.0;0.99999
k79_50172	2;1239;91061;1385;186817;1386;1428;527019	1.0;0.99999;0.99997;0.99997;0.99997;0.99997;0.99997;0.99997
k79_38377	2;1239;186801;3085636;186803;841;166486;657315	1.0;1.0;1.0;0.99999;0.99999;0.99996;0.99995;0.99995
k79_25906	2;1239;186801;186802;216572;1263;2608920	1.0;1.0;0.9998;0.99976;0.99976;0.99976;0.99976
k79_1490	2759;7711;40674;9443;9604;9605;9606	0.95379;0.95379;0.95379;0.95379;0.95379;0.95379;0.95379
k79_50173	2;976;200643;171549;815;816;817;997879	1.0;0.99998;0.99998;0.99998;0.99996;0.99996;0.99995;0.99995
k79_86744	2;1239;186801;3082720;186804;1870884;1496	1.0;1.0;1.0;0.99994;0.99994;0.99994;0.99994
k79_62387	2;1239;186801;3085636;186803;841;2763062	1.0;1.0;0.99998;0.99997;0.99997;0.99974;0.99973
k79_74738	2;1239	0.88682;0.78711
k79_1491	2;976;200643;171549;815;816;820;997890	1.0;1.0;1.0;1.0;1.0;1.0;0.99995;0.99995
k79_62390	2;976;200643;171549;815;909656;376805;667015	1.0;0.99989;0.99988;0.99988;0.99986;0.99981;0.99981;0.99981
k79_1494	2	0.99804
k79_50176	2;976;200643;171549;815;816;820;997890	1.0;1.0;0.99999;0.99999;0.99998;0.99998;0.99333;0.99333
k79_86755	2157;28890;183925;2158;2159;2172;2173;420247	1.0;1.0;1.0;1.0;1.0;1.0;1.0;1.0
k79_1500	2;1239;526524;526525;2810280;2678885;1982626	1.0;1.0;0.99977;0.99977;0.99977;0.99977;0.99977
k79_62401	2;976;200643;171549;815;816;820;997890	1.0;1.0;1.0;1.0;1.0;1.0;0.99996;0.99996
k79_1505	2;976;117743;200644;49546;104264;1888890	1.0;1.0;1.0;1.0;1.0;1.0;1.0
k79_74767	2;1239;186801;3085636;186803;207244;649756;649757	1.0;1.0;1.0;1.0;1.0;1.0;1.0;1.0
k79_38395	2;1239;186801;3085636;186803;572511;418240;1121115	1.0;1.0;1.0;1.0;1.0;1.0;1.0;1.0
k79_25924	2;1239;91061;186826;33958;1253;1255	1.0;1.0;0.99477;0.99476;0.99476;0.99476;0.99476
k79_62412	2;1239;186801;186802;186806;1730;39496	1.0;1.0;1.0;1.0;1.0;1.0;1.0
k79_25926	2;1239;186801;186802;216572;216851;853;718252	1.0;1.0;1.0;0.99991;0.99991;0.9999;0.97129;0.97129
k79_38397	2;1239;186801;3085636;186803;841;301301	1.0;0.99982;0.99951;0.99946;0.99946;0.97237;0.97077
k79_62415	2;976;200643;171549;2005525;375288;823;999416	1.0;1.0;1.0;1.0;0.99999;0.99999;0.99998;0.99998
k79_1517	2;976;200643;171549;815;816;820;997890	1.0;1.0;1.0;1.0;1.0;1.0;1.0;1.0
k79_50188	2;976;200643;171549;815;816;820;997890	1.0;0.99999;0.99999;0.99999;0.99998;0.99998;0.99882;0.99882
k79_86765	2;1783272	0.99728;0.99445
k79_74776	2;1239;186801;3085636;186803;572511;418240;1121115	1.0;1.0;1.0;1.0;1.0;1.0;1.0;1.0
k79_74779	2;1239;909932;1843488;909930;33024;33025	1.0;1.0;1.0;1.0;1.0;1.0;1.0
k79_1524	2;976;200643;171549;815;909656;387090	1.0;1.0;1.0;1.0;1.0;0.99994;0.99994
k79_13859	2;1239;186801;3085636;186803;1766253;39491;657318	0.99175;0.98152;0.95015;0.94853;0.94853;0.54176;0.54176;0.52098
k79_74781	2;201174;1760;85006;85023;881616;2905871	1.0;0.98169;0.98169;0.98169;0.98169;0.98169;0.98169
k79_1527	2;976;200643;171549;815;816;162156	1.0;1.0;1.0;1.0;1.0;1.0;1.0
k79_74783	2;976;200643;171549;815;816;291644	1.0;1.0;1.0;1.0;1.0;1.0;0.99998
k79_38419	2;1239;186801;186802;216572;216851;411483	1.0;0.92429;0.86112;0.81672;0.81612;0.81604;0.81557
k79_74785	2;976;200643;171549;815;909656;821	1.0;0.99998;0.99998;0.99998;0.99913;0.9968;0.9968
k79_50203	2;1239;186801;3085636;186803;841;166486;657315	1.0;1.0;1.0;1.0;1.0;0.99956;0.99956;0.99946
k79_86770	2;1239;186801;3085636;186803;841;166486;657315	1.0;1.0;1.0;1.0;1.0;0.99975;0.99973;0.98908
k79_86773	2;976;200643;171549;815;816;2528203	1.0;1.0;1.0;1.0;1.0;1.0;0.99902
k79_38426	2;1239;909932;1843488;909930;33024;33025	1.0;1.0;1.0;1.0;1.0;1.0;1.0
k79_25940	2;1239;526524;526525;2810280;2678885;1982626	1.0;1.0;0.99966;0.99966;0.99966;0.99966;0.99966
k79_74796	2;1239;186801;3085636;186803;572511;2479767	1.0;1.0;1.0;1.0;1.0;0.99997;0.99997
k79_13866	2;1239;186801;3085636;186803;572511;418240;1121115	1.0;0.99999;0.99998;0.99998;0.99998;0.72131;0.72131;0.72131
k79_74798	2;976;200643;171549;815;816;818	1.0;0.99998;0.99997;0.99997;0.9999;0.99701;0.99609
k79_13867	2;976;200643;171549;815;909656;821	1.0;1.0;1.0;1.0;1.0;1.0;1.0
k79_25942	2;1117;3028117;3079749;1890438;47251;1115757	1.0;1.0;1.0;1.0;1.0;1.0;1.0
k79_62437	2;976;200643;171549;815;816;818	1.0;0.99999;0.99999;0.99999;0.99984;0.99984;0.99938
k79_1559	2;976;200643;171549;815;816;820;997890	1.0;1.0;1.0;1.0;1.0;1.0;0.99991;0.99991
k79_1561	2;1239;186801;186802;31979;1485;1497	0.99925;0.99289;0.68494;0.68033;0.68033;0.68032;0.65838
k79_62444	2;976;200643;171549;171552;838;2913620	1.0;1.0;1.0;1.0;0.99999;0.99974;0.99974
k79_86786	2;1239;186801;3085636;186803;572511;418240;1121115	1.0;1.0;1.0;1.0;1.0;0.99995;0.99995;0.99995
k79_1563	2;976;200643;171549;815;909656;357276;997877	1.0;0.9996;0.9996;0.9996;0.99959;0.99851;0.99851;0.99851
k79_74809	2;976;200643;171549;2005519;1348911;1501392;2751153	1.0;0.99999;0.99999;0.99999;0.99999;0.99999;0.99999;0.99999
k79_1564	2;1239;91061;186826;1300;1301;149016	1.0;1.0;0.99977;0.99977;0.99977;0.99977;0.99977
k79_74810	2;1239;186801;3085636;186803;572511;418240;1121115	1.0;1.0;1.0;1.0;1.0;1.0;1.0;1.0
k79_38450	2;1239;186801;186802;216572;1263;2608920	1.0;1.0;0.99996;0.99996;0.99995;0.99995;0.99891
k79_13868	2;1239;526524;526525;2810280;2678885;1982626	0.99999;0.99969;0.99906;0.99906;0.99862;0.99862;0.99862
k79_50224	2;1224;28211;356;82115;357;2735528	0.99982;0.81027;0.80923;0.80923;0.80922;0.80922;0.80922
k79_74816	2;976;200643;171549;815;816;820;997890	1.0;0.99959;0.99958;0.99958;0.99958;0.99947;0.99709;0.99709
k79_1572	2;976;200643;171549;815;816;820;997890	1.0;1.0;1.0;1.0;1.0;1.0;1.0;1.0
k79_13877	2;976;200643;171549;815;816;162156	1.0;0.99994;0.99993;0.99993;0.99993;0.99968;0.99892
k79_25951	2;74201;203494;48461;1647988;239934;239935	1.0;0.99993;0.99993;0.99993;0.99993;0.99993;0.99993
k79_1578	2;1239;186801;186802;216572;1263;2608920	1.0;1.0;0.99999;0.99998;0.99998;0.99998;0.99993
k79_25952	2;1239;186801;3085636;186803;2316020;33038	1.0;1.0;1.0;1.0;1.0;0.99999;0.99999
k79_1579	2;1239;186801;3085636;186803;189330;88431	0.99999;0.99997;0.99995;0.99992;0.99992;0.93474;0.93474
k79_62483	2;976;200643;171549;815;816;820;997890	1.0;1.0;1.0;1.0;1.0;1.0;0.99999;0.99999
k79_13886	2;1239;526524;526525;2810280;2678885;1982626	0.99999;0.99998;0.9998;0.9998;0.99979;0.99979;0.99979
k79_38481	2;1239;186801;3085636;186803;841;301301	1.0;0.99999;0.99999;0.99999;0.99999;0.99997;0.99997
k79_1592	2;1239;526524;526525;2810280;2678885;1982626	1.0;0.99997;0.99884;0.99884;0.99884;0.99884;0.99884
k79_38485	2157;28890;183925;2158;2159;2172;2173;420247	1.0;1.0;1.0;1.0;1.0;1.0;1.0;1.0
k79_74856	2;1239;186801;3085636;186803;572511;418240;1121115	1.0;1.0;1.0;1.0;1.0;1.0;1.0;1.0
k79_62507	2;976;117743;200644;49546;237;2732161	1.0;1.0;0.99992;0.99992;0.99992;0.99992;0.99992
k79_38493	2;976;200643;171549;815;816;2528203	1.0;1.0;1.0;1.0;1.0;1.0;0.99986
k79_50246	2;1239;186801;186802;216572;216851	0.99946;0.85509;0.85434;0.83147;0.83145;0.77423
k79_86825	2;976;200643;171549;2005525;375288;823;999416	0.99999;0.57664;0.57655;0.57655;0.57624;0.57624;0.57624;0.57624
k79_38503	2;1239;186801;3085636;186803;572511;418240;1121115	0.98678;0.98674;0.98581;0.9858;0.9858;0.74767;0.74758;0.74758
k79_25981	2157;28890;183925;2158;2159;2172;2173;420247	1.0;1.0;1.0;1.0;1.0;1.0;1.0;1.0
k79_1616	2157;28890;183925;2158;2159;2172;2173;420247	0.99999;0.99999;0.99999;0.99999;0.99999;0.99999;0.99998;0.99998
k79_74892	2;1239;186801	0.99935;0.99791;0.77492
k79_25984	2;976;200643;171549;2005525;375288;46503	1.0;1.0;1.0;1.0;0.99988;0.99988;0.99988
k79_50249	2;32066;203490;203491;203492;848;76857	0.99999;0.99983;0.99983;0.99983;0.99983;0.99983;0.99983
k79_38519	2;1239;186801;186802;216572;1263;2608920	0.9998;0.99978;0.99976;0.99972;0.99971;0.99971;0.99969
k79_62508	2;1239;186801;186802;31979;1485;1509	0.99999;0.99999;0.99998;0.99998;0.99998;0.99998;0.99998
k79_25992	2;1239;186801;3085636;186803;2316020;46228;471875	1.0;1.0;1.0;1.0;1.0;1.0;1.0;1.0
k79_50257	2;976;200643;171549;815;816;820;997890	1.0;1.0;1.0;1.0;1.0;1.0;0.99999;0.99999
k79_86840	2;976;200643;171549;815;909656;376805;667015	1.0;0.99998;0.99998;0.99998;0.99998;0.99539;0.99457;0.99457
k79_74897	2;976;200643;171549;815;816;817;997879	1.0;1.0;1.0;1.0;0.99998;0.99998;0.99996;0.99993
k79_62517	2157;28890;183925;2158;2159;2172;2173;420247	1.0;1.0;1.0;1.0;1.0;1.0;1.0;1.0
k79_50262	2;976;200643;171549;815;816;820;997890	1.0;1.0;1.0;1.0;1.0;1.0;0.99996;0.99996
k79_26004	2;1239;186801;3085636;186803;572511;418240;1121115	1.0;1.0;1.0;1.0;1.0;1.0;1.0;1.0
k79_62518	2;1783272	0.9948;0.84085
k79_26020	2;976;200643;171549;815;816;820;997890	1.0;1.0;1.0;1.0;1.0;1.0;0.99981;0.99981
k79_50263	2;1239;186801;186802;31979;1485;1491	1.0;1.0;1.0;1.0;1.0;1.0;0.99995
k79_74930	2;1239;526524;526525;2810280;2678885;1982626	0.99988;0.99987;0.99963;0.99963;0.99962;0.99962;0.99962
k79_38528	2;1239;186801;3085636;186803;572511;418240;1121115	1.0;1.0;1.0;1.0;1.0;1.0;1.0;1.0
k79_74931	2;1239;186801;3085636;186803;841	1.0;0.99477;0.99464;0.99454;0.99454;0.67055
k79_38530	2;1239;186801;186802;216572;1263;2608920	1.0;1.0;1.0;0.99999;0.99999;0.99999;0.99998
k79_62529	2;1239;186801;3085636;186803;572511;1322;537007	1.0;1.0;1.0;1.0;1.0;0.99997;0.99989;0.99989
k79_86865	2;1239;186801;3085636;186803;572511;418240;1121115	1.0;0.99999;0.99999;0.99999;0.99999;0.99981;0.99981;0.99981
k79_1637	2;1239;186801;186802;216572;1263;2608920	1.0;1.0;1.0;1.0;1.0;1.0;0.99997
k79_38538	2;1239;186801;3085636;186803;189330;88431	1.0;0.99932;0.9959;0.99579;0.99579;0.75731;0.75186
k79_50268	2;1239;91061;1385;186822;44249;2921711	1.0;1.0;0.99999;0.99999;0.99999;0.99999;0.99998
k79_38545	2;1239;186801;3085636;186803;189330;88431	1.0;1.0;1.0;0.99999;0.99999;0.99991;0.99991
k79_26053	2;1239;526524;526525;2810280;2678885;1982626	1.0;1.0;1.0;1.0;1.0;1.0;1.0
k79_50270	2;976;200643;171549;815;909656;821	1.0;0.96392;0.95916;0.95916;0.95891;0.58077;0.58056
k79_86871	2157;28890;183925;2158;2159;2172;2173;420247	1.0;1.0;1.0;1.0;1.0;1.0;1.0;1.0
k79_13957	2;976;200643;171549;815;816;246787	1.0;1.0;1.0;1.0;1.0;0.99982;0.99749
k79_74940	2;1239;526524;526525;2810280;2678885;1982626	1.0;1.0;0.99998;0.99998;0.99998;0.99998;0.99998
k79_1650	2;1239;186801;3085636;186803;572511;418240;1121115	1.0;0.99999;0.99994;0.99993;0.99993;0.82652;0.82589;0.82589
k79_38559	2;976;200643;171549;815;816;2528203	1.0;0.99081;0.99077;0.99077;0.98212;0.9821;0.75078
k79_13964	2157;28890;183925;2158;2159;2172;2173;420247	1.0;1.0;1.0;1.0;1.0;1.0;1.0;1.0
k79_74943	2;1239;91061;1385;186817;2837507;3098077	0.99998;0.99971;0.9994;0.99924;0.99924;0.99924;0.99924
k79_50288	2;1239;186801;3085636;186803;572511;418240;1121115	1.0;1.0;1.0;1.0;1.0;1.0;1.0;1.0
k79_74952	2;1239;186801;3085636;186803;841;301301	1.0;0.99967;0.99948;0.99948;0.99948;0.99822;0.97348
k79_26066	2;976;200643;171549;815;816;477666	1.0;1.0;1.0;1.0;1.0;1.0;1.0
k79_86877	2;976;200643;171549;815;816;2715212	1.0;1.0;1.0;1.0;1.0;0.99999;0.99994
k79_74955	2;1239;526524;526525;2810280;2678885;1982626	0.99998;0.99998;0.99998;0.99998;0.99996;0.99996;0.99996
k79_13979	2;976;200643;171549;815;909656;387090	0.99999;0.9993;0.9992;0.9992;0.99915;0.9514;0.94968
k79_26071	2;976;200643;171549;815;816;162156	1.0;0.99994;0.99989;0.99988;0.99987;0.99825;0.91888
k79_62574	2;1224;28211;356;69277;68287;3074855	1.0;1.0;1.0;0.99997;0.99997;0.99997;0.99997
k79_38565	2;1239;186801;3085636;186803;572511;418240;1121115	1.0;1.0;1.0;1.0;1.0;0.99986;0.99986;0.99986
k79_13983	2;1239;186801;186802;31979;1485;1497	0.99995;0.99932;0.99914;0.99896;0.99709;0.99709;0.99002
k79_62576	2157;28890;183925;2158;2159;2172;2173;420247	0.99132;0.99132;0.99132;0.99132;0.99132;0.99132;0.9906;0.9906
k79_62582	2;976;200643;171549;815;816;820;997890	1.0;1.0;1.0;1.0;1.0;0.99987;0.99257;0.99257
k79_38575	2;976;200643;171549;815;909656;821	1.0;1.0;1.0;1.0;1.0;1.0;1.0
k79_13991	2;1239;91061;186826;1300;1301;150055	0.99998;0.99998;0.99998;0.99998;0.99998;0.99998;0.99998
k79_86883	2;976;200643;171549;815;909656;376805;667015	1.0;0.99999;0.99999;0.99999;0.99999;0.99357;0.99341;0.99341
k79_62583	2;1239;91061;1385;186817;1386;86663	1.0;1.0;0.9997;0.9997;0.9997;0.9997;0.9997
k79_86888	2;1239;909932;1843488;909930;33024;33025	0.99061;0.97241;0.97235;0.97235;0.97235;0.97235;0.97235
k79_50320	2;1239;186801;3085636;186803;2316020;33039;657313	1.0;1.0;1.0;0.99997;0.99997;0.99981;0.99976;0.99976
k79_1693	2;976;200643;171549;815;909656;821	1.0;0.99846;0.99846;0.99846;0.9984;0.99836;0.99836
k79_62586	2157;28890;183925;2158;2159;2172;2173;420247	1.0;1.0;1.0;1.0;1.0;1.0;1.0;1.0
k79_86896	2;1239;526524;526525;2810280;2678885;1982626	1.0;1.0;0.99999;0.99999;0.99999;0.99999;0.99999
k79_74962	2;976;200643;171549;815;816;820;997890	1.0;1.0;1.0;1.0;0.99999;0.99999;0.99995;0.99995
k79_26077	2;1239;186801;3085636;186803;572511;418240;1121115	1.0;1.0;1.0;1.0;1.0;1.0;0.99997;0.99997
k79_62592	2;1239;186801;3085636;186803;572511;418240;1121115	1.0;1.0;1.0;1.0;1.0;1.0;1.0;1.0
k79_1706	2;1239;91061;1385;186817;1386;1839798	0.9956;0.91209;0.72728;0.72717;0.72693;0.72526;0.72523
k79_62593	2;1239;91061;1385;186822;44249;414771	1.0;1.0;0.99997;0.99997;0.99997;0.99997;0.99997
k79_74967	2;1239;526524;526525;2810280;2678885;1982626	1.0;1.0;0.99997;0.99997;0.99997;0.99997;0.99997
k79_62596	2;1239;526524;526525;2810280;2678885;1982626	1.0;1.0;1.0;1.0;1.0;1.0;1.0
k79_14013	2;1239;186801;3085636;186803;572511;418240;1121115	1.0;1.0;1.0;1.0;1.0;1.0;1.0;1.0
k79_38578	2;1239;186801;186802;216572;1263;2608920	0.99938;0.99934;0.99581;0.9958;0.98951;0.98951;0.98861
k79_50326	2;1239;186801;3085636;186803;1766253;39491;657317	1.0;0.99999;0.99999;0.99999;0.99999;0.98945;0.98945;0.9857
k79_50327	2;1239;186801;186802;216572;1263;2608920	1.0;1.0;1.0;1.0;1.0;1.0;1.0
k79_1716	2157;28890;183925;2158;2159;2172;2173;420247	1.0;1.0;1.0;1.0;1.0;1.0;1.0;1.0
k79_74969	2;1239;186801;3085636;186803;841;1261634	1.0;0.99999;0.99998;0.99998;0.99998;0.99984;0.99983
k79_14020	2;1239;526524;526525;2810280;2678885;1982626	1.0;1.0;1.0;1.0;1.0;1.0;1.0
k79_86907	2;1239;186801;3085636;186803;1766253;39491;657318	0.999;0.98785;0.98781;0.98711;0.98711;0.89931;0.89931;0.54999
k79_62603	2;976;200643;171549;815;816;162156	1.0;0.99999;0.99999;0.99999;0.99856;0.99855;0.99853
k79_1726	2;976;200643;171549;815;816;820;997890	1.0;1.0;1.0;1.0;1.0;1.0;1.0;1.0
k79_74975	2;1239;526524;526525;2810280;2678885;1982626	1.0;0.99753;0.99738;0.99738;0.99738;0.99738;0.99738
k79_62611	2;1239;526524;526525;2810280;2678885;1982626	1.0;1.0;1.0;1.0;1.0;1.0;1.0
k79_1734	2;1239;186801;3082720;186804;214904;2925782	0.99287;0.97274;0.67953;0.65885;0.65885;0.65881;0.65881
k79_14029	2;976;200643;171549;815;816;820;997890	1.0;1.0;1.0;1.0;1.0;1.0;0.99907;0.99907
k79_26096	2;976;200643;171549;815;816;820;997890	1.0;0.99999;0.99999;0.99999;0.99999;0.99999;0.99971;0.99971
k79_74988	2;976;200643;171549;815;816;820;997890	1.0;0.99999;0.99999;0.99999;0.99999;0.99999;0.99927;0.99927
k79_26100	2;976;200643;171549;815;816;162156	1.0;1.0;0.99999;0.99999;0.99999;0.99959;0.99132
k79_14032	2;1239;186801;186802	0.99998;0.64791;0.61556;0.56392
k79_1742	2;976;200643;171549;815;816;338188	1.0;1.0;1.0;1.0;1.0;0.99998;0.99998
k79_50337	2;1239;91061;1385;186817;400634;2792479	1.0;1.0;1.0;1.0;1.0;1.0;1.0
k79_75001	2;976;200643;171549;815;909656;821	0.99998;0.99835;0.99834;0.99834;0.99826;0.99253;0.99253
k79_14041	2;976;200643;171549;815;816;2792859	1.0;0.99999;0.99999;0.99999;0.99999;0.99999;0.99998
k79_50356	2;1239;186801;3085636;186803;841;301301	1.0;1.0;1.0;1.0;1.0;1.0;1.0
k79_26105	2;1239;909932;1843488;909930;33024;33025	1.0;1.0;1.0;1.0;1.0;1.0;1.0
k79_62634	2759;7711;40674;9443;9604;9605;9606	0.99118;0.99118;0.99118;0.99118;0.99118;0.99118;0.99118
k79_14048	2;976;200643;171549;815;816;28111	1.0;0.99984;0.99984;0.99984;0.99964;0.99933;0.99584
k79_75015	2;1224;28211;356;82115;357;2735528	0.99439;0.71817;0.71086;0.71086;0.71085;0.71085;0.71085
k79_14050	2;1239;186801;3085636;186803	0.93748;0.60488;0.60382;0.60162;0.60162
k79_50366	2;976;200643;171549;2005525;375288;823;999416	1.0;1.0;1.0;1.0;1.0;1.0;1.0;1.0
k79_62640	2;1239;526524;526525;2810280;2678885;1982626	0.71217;0.67821;0.60195;0.60195;0.60189;0.60116;0.60116
k79_26107	2;1239;526524;526525;2810280;2678885;1982626	1.0;0.99999;0.99998;0.99998;0.99998;0.99998;0.99998
k79_50367	2;1239;186801;186802;216572;1263;2608920	1.0;0.99848;0.99793;0.95182;0.94921;0.94894;0.94893
k79_62644	2;1239;186801;186802;216572;1263;2608920	0.99992;0.92109;0.92087;0.92004;0.90808;0.90796;0.90712
k79_38625	2;1239;186801;186802;31979;1485;332101	0.99987;0.99958;0.99952;0.99951;0.99951;0.99951;0.99951
k79_1765	2;1239;186801;186802;31979;1485;94869	1.0;1.0;1.0;1.0;1.0;1.0;1.0
k79_50372	2;1239;186801;3085636;186803;207244;649756;649757	1.0;1.0;1.0;1.0;1.0;1.0;1.0;1.0
k79_62646	2;976;200643;171549;815;909656;821	0.99997;0.98236;0.98234;0.98233;0.98098;0.6627;0.63818
k79_86946	2;976;200643;171549;815;816;820;997890	1.0;1.0;1.0;1.0;1.0;1.0;1.0;1.0
k79_62647	2;976;200643;171549;815;816;28111	1.0;0.99999;0.99999;0.99999;0.99884;0.95681;0.95577
k79_14065	2;1239;526524;526525;2810280;2678885;1982626	1.0;0.99991;0.99991;0.99991;0.99991;0.99991;0.99991
k79_62648	2;1239;186801	0.62806;0.52494;0.5023
k79_50383	2;976;200643;171549;815;909656;357276;997877	0.9996;0.97728;0.97727;0.97727;0.97722;0.97545;0.97545;0.97545
k79_26109	2;976;200643;171549;815;816;820;997890	1.0;1.0;1.0;1.0;1.0;1.0;1.0;1.0
k79_14066	2157;28890;183925;2158;2159;2172;2173;420247	1.0;1.0;1.0;1.0;1.0;1.0;0.99933;0.99933
k79_86957	2;1239;186801;3085636;186803;2316020;33039;657313	1.0;1.0;1.0;0.99999;0.99999;0.99983;0.99983;0.99983
k79_50384	2;1239;186801;3085636;186803;1766253;39491;657318	1.0;1.0;1.0;1.0;1.0;1.0;1.0;0.99999
k79_86961	2;1239;186801;3085636;186803;572511;418240;1121115	0.99921;0.90268;0.9024;0.90135;0.90135;0.84489;0.61414;0.61414
k79_50388	2;976;200643;171549;815;909656;387090	1.0;1.0;1.0;1.0;1.0;0.99998;0.99998
k79_62651	2;1239;186801;186802;216572;216851;853;718252	1.0;1.0;1.0;1.0;1.0;1.0;1.0;1.0
k79_86964	2;976;200643;171549;815;816;820;997890	1.0;1.0;1.0;1.0;1.0;1.0;1.0;1.0
k79_75028	2;1239;526524;526525;2810280;2678885;1982626	1.0;1.0;1.0;1.0;1.0;1.0;1.0
k79_1775	2;976;200643;171549;815;816;818	0.99911;0.99591;0.99588;0.99588;0.9956;0.9956;0.99546
k79_86965	2;1239;186801;186802;216572;1263;2608920	0.9981;0.9981;0.9981;0.99753;0.99753;0.99751;0.99749
k79_75029	2;1239;186801;3085636;186803;189330;88431	1.0;1.0;1.0;1.0;1.0;0.99996;0.99996
k79_26121	2;976;200643;171549;815;816;820;997890	1.0;1.0;1.0;1.0;1.0;0.99996;0.99686;0.99686
k79_26122	2;1239;186801;186802;216572;2892396;2714355	0.99973;0.7438;0.74005;0.68169;0.67997;0.50194;0.50192
k79_1781	2;976;200643;171549;815;816;820;997890	1.0;0.99984;0.99984;0.99984;0.99984;0.99982;0.9996;0.9996
k79_62665	2;1239;186801;3085636;186803	0.9645;0.79298;0.78432;0.58998;0.58995
k79_38655	2;1239;91061;1385;186818;160795;51173	1.0;1.0;0.99998;0.99998;0.99906;0.99906;0.99906
k79_26128	2;1239;186801;3085636;186803;841;2763062	1.0;0.99998;0.99997;0.99906;0.99906;0.61499;0.61454
k79_50395	131567	0.99405
k79_62671	2;1239;186801;3085636;186803;33042;751585	1.0;0.99928;0.99928;0.99926;0.99926;0.99923;0.99923
k79_50398	2;1239;909932;1843488;909930;33024;33025	1.0;1.0;0.99999;0.99999;0.99999;0.99999;0.99999
k79_38666	2;1239;186801;3082720;186804;1870884;1496	1.0;1.0;1.0;0.99956;0.99956;0.99956;0.99956
k79_62676	2;1239;186801;3085636;186803;33042;410072	1.0;1.0;1.0;1.0;1.0;0.99999;0.99999
k79_75056	2;1239;186801;186802;216572;1263;2608920	1.0;1.0;1.0;1.0;1.0;1.0;0.99999
k79_38671	2;976;200643;171549;815;816;820;997890	1.0;1.0;1.0;1.0;0.99998;0.99998;0.99995;0.99995
k79_14093	2;1239;526524;526525;2810280;2678885;1982626	1.0;1.0;1.0;1.0;1.0;1.0;1.0
k79_38679	2157;28890;183925;2158;2159;2172;2173;420247	1.0;1.0;1.0;1.0;1.0;1.0;1.0;1.0
k79_75059	2157;28890;183925;2158;2159;2172;2173;420247	1.0;1.0;1.0;1.0;1.0;1.0;1.0;1.0
k79_1789	2;976;200643;171549;815;816;820;997890	0.99999;0.99994;0.99993;0.99993;0.99991;0.99991;0.99957;0.99957
k79_38682	131567	0.96392
k79_26138	2;1239;186801;3085636;186803;572511;89014	1.0;0.99999;0.99999;0.99998;0.99998;0.99998;0.99998
k79_62685	2;200940;3031651;3031668;213422;2651583;2740185	1.0;0.97002;0.97002;0.97002;0.97002;0.97002;0.97002
k79_1794	2;1239;186801;3085636;186803;207244;649756;649757	1.0;1.0;1.0;1.0;1.0;1.0;1.0;1.0
k79_26140	2;1239;186801;3085636;186803;1766253;39491;657318	1.0;1.0;1.0;1.0;1.0;1.0;1.0;0.99223
k79_75077	2;1239;186801;3085636;186803;1766253;39491;657317	1.0;0.99999;0.99999;0.99997;0.99997;0.99954;0.99954;0.89443
k79_86997	2;1239;526524;526525;2810280;2678885;1982626	1.0;0.99999;0.99992;0.99992;0.99984;0.99984;0.99984
k79_26150	2;1239;186801;3085636;186803;572511;418240;1121115	1.0;1.0;1.0;1.0;1.0;1.0;1.0;1.0
k79_75082	2;1239;186801;186802;216572;216851;853;718252	1.0;1.0;1.0;0.99999;0.99999;0.99999;0.99999;0.99999
k79_38693	2;1239;526524;526525;2810280;2678885;1982626	1.0;0.99998;0.99998;0.99998;0.99991;0.99991;0.99991
k79_50434	2;976;200643;171549;815;816;820;997890	1.0;1.0;1.0;1.0;1.0;1.0;0.99995;0.99995
k79_14116	2;1239;186801;3085636;186803;572511;418240;1121115	1.0;1.0;1.0;1.0;1.0;1.0;0.99999;0.99999
k79_62706	2;1239;186801;3085636;186803;2719231;29375	1.0;1.0;1.0;1.0;1.0;1.0;1.0
k79_26154	2;1239;186801;3085636;186803;572511;89014	1.0;0.99976;0.99976;0.99976;0.99976;0.99433;0.99415
k79_86999	2;976;200643;171549;2005525;375288;328812	0.96793;0.9199;0.91915;0.91892;0.54336;0.54336;0.51856
k79_62709	2;1239;186801;3085636;186803;207244;649756;649757	0.99879;0.98397;0.97255;0.972;0.972;0.97198;0.97198;0.97198
k79_75097	2;976;200643;171549;2005525;375288;823;999416	0.99999;0.99896;0.99895;0.99895;0.81875;0.81875;0.80987;0.80987
k79_14129	2;976;200643;171549;815;816;28111	1.0;1.0;0.99999;0.97837;0.97836;0.97464;0.96991
k79_26162	2;1239;526524;526525;2810280;2678885;1982626	1.0;0.99999;0.99999;0.99999;0.99999;0.99998;0.99998
k79_38710	2;976;200643;171549;815;816;820;997890	1.0;1.0;1.0;1.0;1.0;1.0;1.0;1.0
k79_14130	2;1239;186801;3085636;186803;207244;649756;649757	1.0;0.99995;0.99995;0.99995;0.99995;0.99995;0.99995;0.99995
k79_62725	2;1239;186801;186802;216572;1263;2608920	0.99999;0.99999;0.99999;0.99999;0.99998;0.99998;0.99996
k79_26171	2;976;200643;171549;815;909656;387090	1.0;0.99999;0.99999;0.99999;0.99999;0.99998;0.99997
k79_50447	2;976;200643;171549;815;816;820;997890	1.0;1.0;0.99999;0.99999;0.99999;0.99998;0.99995;0.99995
k79_62732	2;976;200643;171549;2005525;375288;823;999416	1.0;1.0;1.0;1.0;0.99997;0.99997;0.99997;0.99997
k79_75122	2;1239;186801;3085636;186803;207244;649756;649757	1.0;1.0;0.99998;0.99996;0.99996;0.99996;0.99996;0.99996
k79_50455	2;1239;186801;3085636;186803;841;166486;718255	1.0;1.0;1.0;1.0;1.0;0.9998;0.99978;0.9944
k79_26175	2;976;200643;171549;815;909656;376805;667015	1.0;1.0;1.0;1.0;1.0;0.99977;0.9997;0.9997
k79_26176	2759;7711;40674;9443;9604;9605;9606	0.99841;0.99841;0.99841;0.99841;0.99841;0.99841;0.99841
k79_14158	2;1239;91061;1385;186817;2837506;2962858	1.0;0.76256;0.76246;0.76246;0.76246;0.76246;0.76246
k79_50460	2;1239;526524;526525;2810280;2678885;1982626	1.0;1.0;1.0;1.0;1.0;1.0;1.0
k79_1832	2157;28890;183925;2158;2159;2172;2173;420247	1.0;1.0;1.0;1.0;1.0;1.0;0.99998;0.99998
k79_75140	2;1239;186801;3085636;186803;572511;418240;1121115	1.0;1.0;1.0;1.0;1.0;1.0;1.0;1.0
k79_38727	2;1239;186801;186802;216572;1263;2608920	1.0;1.0;1.0;1.0;1.0;1.0;0.99999
k79_87026	2157;28890;183925;2158;2159;2172;2173;420247	1.0;1.0;1.0;1.0;1.0;1.0;0.99993;0.99993
k79_62760	2;1239;186801;3085636;186803;2316020;46228;471875	1.0;0.99996;0.99996;0.99996;0.99996;0.9991;0.9989;0.9989
k79_50478	2;976;200643;171549;815;909656;821	0.99989;0.82805;0.82805;0.82805;0.82802;0.82685;0.82633
k79_14176	2;1239;186801;3085636;186803;841;166486;657315	0.99996;0.99074;0.99068;0.99066;0.99066;0.93308;0.9322;0.93207
k79_38731	2157;28890;183925;2158;2159;2172;2173;420247	1.0;1.0;1.0;1.0;1.0;1.0;1.0;1.0
k79_62763	2;1239;186801;3085636;186803;1766253;39491;657317	1.0;0.99678;0.99667;0.99655;0.99655;0.58433;0.58433;0.57976
k79_14178	2;1239;526524;526525;2810280;2678885;1982626	1.0;1.0;1.0;1.0;1.0;1.0;1.0
k79_62765	2;1239;526524;526525;2810280;2678885;1982626	1.0;1.0;0.99991;0.99991;0.99991;0.99991;0.99991
k79_1849	2;1239;186801;3085636;186803;572511;418240;1121115	1.0;1.0;1.0;1.0;1.0;1.0;1.0;1.0
k79_26183	2;976;200643;171549;815;816;820;997890	1.0;1.0;1.0;1.0;0.99999;0.99997;0.9991;0.9991
k79_50485	2;1239;186801;186802;216572;216851;853;718252	1.0;1.0;1.0;1.0;1.0;1.0;0.99998;0.99998
k79_62766	2	0.55823
k79_38737	2;976;200643;171549;171550;239759;328814;717959	1.0;1.0;1.0;1.0;0.99996;0.99996;0.99996;0.99996
k79_75168	2;1239;186801;3085636;186803;841;301301	0.99992;0.99957;0.99581;0.99364;0.99364;0.90229;0.90145
k79_26189	2;1239;186801;3085636;186803;1766253;39491;657318	0.99999;0.99999;0.99999;0.99997;0.99997;0.99988;0.99988;0.99973
k79_62771	2;1239;186801;3085636;186803;572511;418240;1121115	1.0;1.0;1.0;1.0;1.0;1.0;0.99996;0.99996
k79_75172	2;976;200643;171549;815;816	0.9999;0.85043;0.84962;0.84955;0.83443;0.71514
k79_38747	2;1239;186801;3085636;186803;33042;410072	0.99927;0.99264;0.99264;0.99196;0.99196;0.74122;0.74121
k79_62773	2;976;200643;171549;2005525;375288;823;999416	1.0;0.97309;0.95227;0.95227;0.92942;0.92942;0.92942;0.92942
k79_87035	2;976;200643;171549;815;909656;821	1.0;1.0;1.0;1.0;0.99999;0.99992;0.99983
k79_1853	2157;28890;183925;2158;2159;2172;2173;420247	1.0;1.0;1.0;1.0;1.0;1.0;1.0;1.0
k79_50505	2;1239;186801;2786987;2786988;2786989;2751313	1.0;1.0;1.0;1.0;1.0;1.0;1.0
k79_62779	2;1239;186801;186802;216572;216851;853;718252	1.0;1.0;1.0;1.0;1.0;0.99998;0.99957;0.99957
k79_1856	2;1239;186801;3085636;186803;2569097;39488	1.0;1.0;1.0;0.99999;0.99999;0.99976;0.99976
k79_62787	2157;28890;183925;2158;2159;2172;2173;420247	1.0;1.0;1.0;1.0;1.0;1.0;1.0;1.0
k79_14198	2;976;200643;171549;815;816;820;997890	1.0;0.99996;0.99996;0.99996;0.99996;0.99996;0.99995;0.99995
k79_87048	2;976;200643;171549;815;816;818	1.0;0.99999;0.99999;0.99999;0.99998;0.99994;0.99967
k79_14200	2;976;200643;171549;815;816;246787	1.0;1.0;1.0;1.0;1.0;1.0;0.99999
k79_1865	2;1239;186801;3085636;186803;572511;418240;1121115	1.0;1.0;1.0;1.0;1.0;1.0;1.0;1.0
k79_38774	2157;28890;183925;2158;2159;2172;2173;420247	1.0;1.0;1.0;1.0;1.0;1.0;1.0;1.0
k79_75197	2;1239;186801;3085636;186803;1766253;39491;657317	1.0;1.0;1.0;1.0;1.0;0.99999;0.99999;0.99926
k79_1871	2;1239;186801;3085636;186803;1766253;39491;657318	1.0;0.99999;0.99999;0.99999;0.99999;0.99992;0.99992;0.87559
k79_38775	2;1239;186801;186802;216572;1263;2608920	0.99943;0.98497;0.91062;0.90994;0.90549;0.90496;0.90181
k79_26212	2;1224;1236;72274;135621;286;287	1.0;1.0;1.0;1.0;1.0;1.0;1.0
k79_14206	2;976;200643;171549;2005525;375288;823;999416	1.0;1.0;1.0;1.0;1.0;1.0;1.0;1.0
k79_1874	2;74201;203494;48461;1647988;239934;239935	1.0;1.0;1.0;1.0;1.0;1.0;1.0
k79_38778	2;1239;186801;3082720;186804;214904;2925782	0.99998;0.99963;0.9721;0.96041;0.96041;0.95969;0.95969
k79_87062	2;1239;526524;526525;2810280;2678885;1982626	1.0;1.0;0.99999;0.99999;0.99999;0.99999;0.99999
k79_1875	2;976;117743;200644;49546;237;3003258	1.0;0.99998;0.99998;0.99998;0.99998;0.99998;0.99998
k79_75200	2157;28890;183925;2158;2159;2172;2173;420247	1.0;1.0;1.0;1.0;1.0;1.0;0.99999;0.99999
k79_14210	2;1239;186801;3085636;186803;572511;40520;411459	1.0;1.0;1.0;1.0;1.0;0.99612;0.99583;0.99583
k79_1881	2;1239;91061;186826;33958;2767879;83526	1.0;1.0;1.0;1.0;1.0;1.0;1.0
k79_50521	2;1239;186801;3085636;186803;572511;418240;1121115	1.0;1.0;1.0;1.0;1.0;1.0;1.0;1.0
k79_75204	2;1239;526524;526525;2810280;2678885;1982626	1.0;1.0;1.0;1.0;1.0;1.0;1.0
k79_1882	2;1239;526524;526525;2810280;2678885;1982626	1.0;0.99999;0.99999;0.99999;0.99999;0.99999;0.99999
k79_87072	2;1239;186801;3085636;186803;2569097;39488	1.0;0.99994;0.99991;0.99991;0.99991;0.99978;0.99978
k79_38788	2;1239;186801;186802;31979;1485;1501;86416	1.0;1.0;1.0;1.0;1.0;1.0;0.99997;0.99997
k79_75214	2;1239;186801;3085636;186803;841;166486;657315	1.0;0.99665;0.99632;0.99558;0.99558;0.94818;0.92846;0.91217
k79_87081	2;1239;186801;3085636;186803;2163168;3070215	1.0;0.99999;0.99999;0.99999;0.99999;0.99991;0.99991
k79_1884	131567	0.99999
k79_62811	2;1239;186801;3085636;186803;572511;89014	1.0;1.0;1.0;1.0;1.0;1.0;1.0
k79_87088	2;1239;526524;526525;2810280;2678885;1982626	1.0;1.0;1.0;1.0;1.0;1.0;1.0
k79_1889	2;1239;526524;526525;2810280;2678885;1982626	1.0;1.0;1.0;1.0;1.0;1.0;1.0
k79_1891	2;976;200643;171549;815;816;290053;693979	0.99998;0.99921;0.99921;0.9992;0.99908;0.89976;0.88639;0.88639
k79_87093	2157;28890;183925;2158;2159;2172;2173;420247	1.0;1.0;1.0;1.0;1.0;1.0;0.99995;0.99995
k79_14225	2;1239;186801;186802;31979;1485;1497	0.98143;0.9683;0.82317;0.81892;0.81369;0.8136;0.73907
k79_50546	2;1239;186801;3085636;186803;1766253;39491;657318	1.0;0.99983;0.99975;0.99495;0.99495;0.9936;0.9936;0.78482
k79_26222	2157;28890;183925;2158;2159;2172;2173;420247	1.0;1.0;1.0;1.0;1.0;1.0;1.0;1.0
k79_14227	2;1239;186801;3085636;186803;207244;649756;649757	1.0;1.0;0.99999;0.99999;0.99999;0.99999;0.99999;0.99999
k79_75226	2;976;200643;171549;815;816;2755405	1.0;1.0;0.99999;0.99999;0.99998;0.99997;0.99913
k79_62821	2;976;200643;171549;815;909656;821	1.0;1.0;1.0;1.0;1.0;0.99999;0.99999
k79_1897	2157;28890;183925;2158;2159;2172;2173;420247	1.0;1.0;1.0;1.0;1.0;1.0;0.99999;0.99999
k79_75231	2;1239;186801;186802;216572;2591381;2093857	1.0;0.99999;0.99998;0.99995;0.99995;0.99993;0.99993
k79_62825	2;1239;186801;3085636;186803;189330;39486	1.0;1.0;1.0;1.0;1.0;1.0;1.0
k79_38824	2;1239;91061;1385;186817;400634;2792479	1.0;1.0;1.0;1.0;1.0;1.0;1.0
k79_87115	2;1239;186801;3085636;186803;207244;649756;649757	1.0;1.0;1.0;1.0;1.0;1.0;1.0;1.0
k79_1899	2;1239;186801;3085636;186803;572511;33035	1.0;1.0;1.0;1.0;1.0;1.0;1.0
k79_38829	2;1239;526524;526525;2810280;2678885;1982626	1.0;0.99996;0.99996;0.99996;0.99996;0.99996;0.99996
k79_26232	2;1239;186801;3085636;186803;2316020;46228;471875	1.0;1.0;0.99993;0.99764;0.99764;0.99386;0.99375;0.99375
k79_14252	2;1239;186801;3085636;186803;1766253;39491;657318	1.0;1.0;1.0;1.0;1.0;0.99753;0.99753;0.99008
k79_50551	2;201174;1760;85006;85023;881616;2905871	1.0;0.9999;0.9999;0.9999;0.9999;0.9999;0.9999
k79_14254	2;976;200643;171549;815;816;820;997890	1.0;1.0;1.0;1.0;1.0;1.0;1.0;1.0
k79_50555	2157;28890;183925;2158;2159;2172;2173;420247	1.0;1.0;1.0;1.0;1.0;1.0;0.99993;0.99993
k79_26242	2;1239;186801;3085636;186803;572511;418240;1121115	1.0;1.0;1.0;1.0;1.0;1.0;1.0;1.0
k79_62836	2;976;200643;171549;815;816;28113	0.99998;0.99893;0.99892;0.99892;0.97811;0.97654;0.58743
k79_50556	2;976;200643;171549;815;816;820;997890	1.0;1.0;1.0;1.0;1.0;1.0;1.0;1.0
k79_14257	2;1239;526524;526525;2810280;2678885;1982626	1.0;1.0;1.0;1.0;1.0;1.0;1.0
k79_50565	2;1239;186801;3085636;186803;2316020;33039;657313	1.0;1.0;1.0;1.0;1.0;1.0;1.0;1.0
k79_87127	2;976;200643;171549;815;816;817;295405	1.0;1.0;1.0;1.0;0.99999;0.99999;0.99998;0.99998
k79_14268	2;1239;186801;3085636;186803;572511;418240;1121115	1.0;1.0;1.0;1.0;1.0;0.99995;0.9999;0.9999
k79_50568	2;976;200643;171549;815;816;817;997879	1.0;1.0;1.0;1.0;0.99999;0.99988;0.99984;0.99984
k79_87133	2;1239;186801;3085636;186803;572511;418240;1121115	1.0;1.0;1.0;1.0;1.0;1.0;1.0;1.0
k79_38849	2;976;200643;171549;815;816;820;997890	1.0;1.0;0.99999;0.99999;0.99994;0.99839;0.99645;0.99645
k79_26251	2;1239;91061;186826;1300;1301;315405	1.0;1.0;1.0;1.0;1.0;1.0;1.0
k79_14272	2;1239;186801;3085636;186803;572511;1912897	1.0;0.99999;0.99998;0.99983;0.99983;0.9995;0.99933
k79_14277	2;1239;526524;526525;2810280;2678885;1982626	1.0;0.99999;0.99995;0.99995;0.99994;0.99993;0.99993
k79_1954	2;1239;186801;3085636;186803;2316020;46228;471875	1.0;1.0;1.0;1.0;1.0;1.0;1.0;1.0
k79_87142	2;1239;186801;3085636;186803;572511;418240;1121115	1.0;1.0;1.0;1.0;1.0;1.0;1.0;1.0
k79_62868	2;1239;186801;3085636;186803;1766253;39491;657317	1.0;1.0;1.0;1.0;1.0;0.99998;0.99998;0.99981
k79_26260	2;1239;186801;186802;216572;2842531;2780922	1.0;0.91302;0.90956;0.90633;0.88148;0.73504;0.73504
k79_38866	2;976;200643;171549;815;816;820;997890	1.0;1.0;1.0;1.0;1.0;1.0;1.0;1.0
k79_14282	2;1239;186801;186802;216572;1263;2608920	0.99999;0.99998;0.99998;0.99998;0.99998;0.99998;0.99997
k79_26262	2;74201;203494;48461;1647988;239934;239935	1.0;0.97301;0.97301;0.97301;0.97301;0.97301;0.973
k79_1968	2157;28890;183925;2158;2159;2172;2173;420247	0.99994;0.99994;0.99994;0.99994;0.99994;0.99994;0.9997;0.9997
k79_26264	2157;28890;183925;2158;2159;2172;2173;420247	1.0;1.0;1.0;1.0;1.0;1.0;0.99999;0.99999
k79_50575	2;976;200643;171549;815;816;820;997890	1.0;1.0;1.0;1.0;1.0;1.0;0.99997;0.99997
k79_75285	2;1239;186801;186802;216572;216851;2929495	1.0;1.0;1.0;1.0;1.0;1.0;0.99981
k79_1970	2;74201;203494;48461;1647988;239934;239935	1.0;1.0;1.0;1.0;1.0;1.0;1.0
k79_26268	2;976;200643;171549;815;816;818	1.0;1.0;1.0;1.0;1.0;1.0;1.0
k79_87157	2;1239;186801;3085636;186803;1766253;39491;657318	1.0;0.99999;0.99999;0.99998;0.99998;0.9996;0.9996;0.99955
k79_75291	2;1239;186801;3085636;186803	0.99423;0.95196;0.91481;0.8625;0.86249
k79_38895	2;976;200643;171549;815;816;820;997890	1.0;1.0;1.0;1.0;1.0;1.0;1.0;1.0
k79_14302	2;1239;526524;526525;2810280;2678885;1982626	0.99996;0.99995;0.99991;0.99991;0.99695;0.99695;0.99695
k79_1986	2;976;200643;171549;815;816;820;997890	1.0;1.0;1.0;1.0;1.0;1.0;1.0;1.0
k79_38897		
k79_62902	2;1224;1236;135623;641;662;413401	0.99997;0.99507;0.99507;0.99502;0.99502;0.99502;0.99502
k79_1993	2;1239;186801;186802;216572;1263;2608920	1.0;0.99999;0.99999;0.99998;0.99998;0.99998;0.99997
k79_26280	2;1239;526524;526525;2810280;2678885;1982626	1.0;1.0;1.0;1.0;1.0;1.0;1.0
k79_75298	2;1239;186801;186802;216572;1263;2608920	1.0;1.0;1.0;1.0;1.0;1.0;1.0
k79_38902	2;1239;186801;3085636;186803	1.0;0.98042;0.96734;0.64992;0.64989
k79_62903	2;1239;526524;526525;2810280;2678885;1982626	0.99977;0.97596;0.97113;0.97113;0.97107;0.97106;0.97106
k79_87174	2;976;200643;171549;815;816;818	1.0;1.0;0.99999;0.99999;0.99999;0.99998;0.99948
k79_75302	2;976;200643;171549;815;816;818	1.0;1.0;1.0;1.0;1.0;1.0;0.99999
k79_2002	2;1239;186801;186802;216572;1263;657323	1.0;1.0;1.0;0.99994;0.99994;0.99994;0.99994
k79_87176	2;1239;186801;3085636;186803;572511;418240;1121115	1.0;1.0;1.0;1.0;1.0;1.0;1.0;1.0
k79_14319	2;1239;526524;526525;2810280;2678885;1982626	1.0;1.0;1.0;1.0;1.0;1.0;1.0
k79_87184	2;1239;186801;186802;216572;292632;214851	1.0;1.0;1.0;1.0;1.0;1.0;1.0
k79_26301	2;1239;186801;186802;216572;459786;2109687	1.0;0.99995;0.99982;0.99982;0.99982;0.99778;0.99778
k79_50612	2;1239;186801;3085636;186803;1766253;39491;657317	1.0;0.99845;0.99838;0.94921;0.94921;0.9321;0.9321;0.92862
k79_38915	2;976;200643;171549;815;909656;387090	1.0;1.0;1.0;1.0;1.0;1.0;1.0
k79_87196	2;1239;526524;526525;2810280;2678885;1982626	0.99994;0.9999;0.99977;0.99977;0.99977;0.99977;0.99977
k79_14337	2;1239;186801;3085636;186803;1766253;39491;657318	1.0;1.0;1.0;1.0;1.0;0.99972;0.99972;0.99801
k79_75312	2;1239;186801;3085636;186803;572511;418240;1121115	1.0;1.0;1.0;1.0;1.0;1.0;1.0;1.0
k79_26303	2;1239;91061;1385;186822;55079;3022697	0.99998;0.994;0.98696;0.98694;0.9869;0.98688;0.98688
k79_38931	2;1239;186801;3085636;186803;841	1.0;0.99998;0.99992;0.99596;0.99596;0.82479
k79_87206	2;1239;186801;3085636;186803;1766253;39491;657318	1.0;1.0;1.0;1.0;1.0;1.0;1.0;0.7263
k79_50628	2157;28890;183925;2158;2159;2172;2173;420247	1.0;1.0;1.0;1.0;1.0;1.0;0.99999;0.99999
k79_2028	2;1239;526524;526525;2810280;2678885;1982626	0.99973;0.99972;0.99968;0.99968;0.99966;0.99966;0.99966
k79_75320	2;1239;186801;3085636;186803;572511;418240;1121115	1.0;1.0;1.0;1.0;1.0;1.0;1.0;1.0
k79_38935	2;976;200643;171549;815;816;820;997890	1.0;1.0;1.0;1.0;1.0;1.0;1.0;1.0
k79_75322	2;1239;186801;3085636;186803;1766253;39491;657318	1.0;1.0;1.0;1.0;1.0;1.0;1.0;0.99992
k79_26313	2;1239;186801;3085636;186803;189330;88431	1.0;1.0;1.0;1.0;1.0;0.99994;0.99994
k79_2036	2;976;200643;171549;815;909656;376805;667015	0.99999;0.99978;0.99978;0.99978;0.99101;0.98493;0.9834;0.9834
k79_50643	2;1239;186801;3085636;186803;1766253;39491;657317	1.0;1.0;1.0;1.0;1.0;1.0;1.0;1.0
k79_14340	2;1239;186801;3085636;186803;1766253;39491;657318	1.0;1.0;1.0;1.0;1.0;1.0;1.0;0.99995
k79_50644	2;1239;91061;1385;186817;2675232;1740721	0.9999;0.99989;0.96381;0.96381;0.96379;0.96379;0.96379
k79_87221	2;1239;186801;3085636;186803;841;166486;657315	1.0;1.0;1.0;0.99996;0.99996;0.99996;0.99996;0.99995
k79_2041	2;1239;526524;526525;2810280;2678885;1982626	1.0;1.0;1.0;1.0;1.0;0.99999;0.99999
k79_62937	2;1239;186801;3085636;186803;572511;418240;1121115	1.0;0.99975;0.99963;0.87321;0.87321;0.86638;0.85845;0.85845
k79_2049	2;1239;186801;3085636;186803;207244;649756;649757	1.0;1.0;1.0;1.0;1.0;1.0;1.0;1.0
k79_62944	2;1239;186801;3085636;186803;207244;649756;649757	1.0;1.0;1.0;1.0;1.0;1.0;1.0;1.0
k79_75335	2;1239;526524;526525;2810280;2678885;1982626	1.0;1.0;0.99999;0.99999;0.99999;0.99999;0.99999
k79_26334	2;1239;186801;3085636;186803;572511;418240;1121115	0.99947;0.99906;0.98809;0.98614;0.98614;0.96137;0.91015;0.91015
k79_38959	2;976;200643;171549;815;909656;387090	1.0;0.99858;0.99853;0.99853;0.99773;0.99436;0.9943
k79_75342	2;1239;186801;3085636;186803;572511;418240;1121115	1.0;1.0;1.0;1.0;1.0;1.0;1.0;1.0
k79_2056	2;1239;526524;526525;2810280;2678885;1982626	1.0;1.0;1.0;1.0;1.0;1.0;1.0
k79_38962	2;976;200643;171549;815;909656;821	1.0;1.0;1.0;1.0;1.0;1.0;1.0
k79_26341	2;1239;186801;3085636;186803;189330;88431	1.0;1.0;1.0;1.0;1.0;0.99879;0.99879
k79_38966	2;1239;186801;3085636;186803;841;166486;657315	1.0;1.0;1.0;1.0;1.0;0.99999;0.99996;0.63463
k79_26343	2157;28890;183925;2158;2159;2172;2173;420247	1.0;1.0;1.0;1.0;1.0;1.0;1.0;1.0
k79_2065	2;976;200643;171549;815;909656;376805;667015	1.0;0.99999;0.99999;0.99999;0.99982;0.99903;0.99899;0.99899
k79_38969	2;1239	0.99979;0.50707
k79_87261	2;1239;186801;3085636;186803;2316020;33038	1.0;1.0;1.0;1.0;1.0;1.0;1.0
k79_87262	2;1239;186801;3085636;186803;1766253;39491;657318	1.0;0.99735;0.99733;0.99733;0.99733;0.99565;0.99565;0.63604
k79_2072	2;1239;186801;3085636;186803;1766253;39491;657318	1.0;1.0;1.0;1.0;1.0;0.99992;0.99992;0.99982
k79_38974	2;1239;186801;3085636;186803;207244;649756;649757	1.0;1.0;1.0;1.0;1.0;1.0;1.0;1.0
k79_26351	2157;28890;183925;2158;2159;2172;2173;420247	1.0;1.0;1.0;1.0;1.0;1.0;1.0;1.0
k79_38976	2;1239;909932;1843488;909930;33024;33025	1.0;1.0;1.0;1.0;1.0;1.0;1.0
k79_50662	2;1239;186801;3085636;186803;207244;649756;649757	1.0;1.0;1.0;1.0;1.0;1.0;1.0;1.0
k79_75361	2;976;200643;171549;815;816;820;997890	1.0;1.0;1.0;1.0;1.0;1.0;1.0;1.0
k79_2090	2;1239;186801;3085636;186803;1766253;39491;657317	1.0;1.0;1.0;1.0;1.0;1.0;1.0;1.0
k79_38984	2;1239;186801;3085636;186803;1766253;39491;657317	1.0;0.99996;0.99996;0.99983;0.99983;0.99979;0.99979;0.52626
k79_2092	2;1239;186801;186802;31979;1485;1491	1.0;1.0;0.99997;0.99997;0.99997;0.99997;0.99995
k79_26368	2;1239;186801;186802;31979;1485;3070996	1.0;0.99997;0.99997;0.99997;0.99997;0.99997;0.99813
k79_38989	2;976;200643;171549;2005525;375288;823;999416	1.0;1.0;1.0;1.0;1.0;1.0;1.0;1.0
k79_2095	2;976;200643;171549;815;909656;387090	1.0;1.0;1.0;1.0;1.0;0.99978;0.99978
k79_14401	2;1239;186801;3085636;186803;1766253;39491;657318	1.0;0.99999;0.99999;0.99999;0.99999;0.99998;0.99998;0.99853
k79_26376	2;976;200643;171549;2005525;375288;823;999416	1.0;0.99995;0.99995;0.99995;0.99995;0.99995;0.99995;0.99995
k79_75364	2;976;200643;171549;815;816;820;997890	1.0;1.0;1.0;1.0;1.0;1.0;1.0;1.0
k79_62978	2;976;200643;171549;815;816;820;997890	1.0;1.0;1.0;1.0;1.0;1.0;1.0;1.0
k79_62982	2157;28890;183925;2158;2159;2172;2173;420247	1.0;1.0;1.0;1.0;1.0;1.0;1.0;1.0
k79_75367	2;1239;526524;526525;2810280;2678885;1982626	1.0;1.0;1.0;1.0;1.0;1.0;1.0
k79_14414	2;1239;186801;3085636;186803;1506553;29347	1.0;0.94516;0.94515;0.84521;0.84521;0.69718;0.69718
k79_75371	2;201174;1760;85009;2726069;182639;182640;479435	0.9795;0.95941;0.95941;0.95941;0.95941;0.95941;0.95941;0.95941
k79_87269	2;1239;186801;186802;216572;1263;2608920	0.99979;0.99979;0.99979;0.99974;0.99973;0.99973;0.9986
k79_50692	2;976;200643;171549;815;816;162156	1.0;0.97426;0.97426;0.97426;0.97425;0.87079;0.84332
k79_39011	2157;28890;183925;2158;2159;2172;2173;420247	1.0;1.0;1.0;1.0;1.0;1.0;1.0;1.0
k79_62993	2;203691;203692;1643686;143786;29521;84377;1045858	1.0;0.99996;0.99996;0.99996;0.99996;0.99996;0.99996;0.99996
k79_87275	2;1239;186801;186802;216572;1263;2608920	1.0;1.0;0.99994;0.99994;0.99994;0.99994;0.99994
k79_39021	2;1239;526524;526525;2810280;2678885;1982626	1.0;1.0;1.0;1.0;1.0;1.0;1.0
k79_2116	2;1239;186801;3085636;186803;2316020;46228;471875	1.0;1.0;1.0;1.0;1.0;0.99999;0.99999;0.99999
k79_50710	2157;28890;183925;2158;2159;2172;1609968	0.99998;0.99998;0.99998;0.99998;0.99998;0.99998;0.99605
k79_2119	2;1239;186801;3085636;186803;207244;649756;649757	1.0;1.0;1.0;1.0;1.0;1.0;1.0;1.0
k79_39028	2;1239;186801;186802;186806;1730;1736	1.0;1.0;1.0;1.0;1.0;1.0;1.0
k79_63004	2;1239;186801;186802;31979;1485;1155388	1.0;1.0;1.0;1.0;1.0;1.0;0.99999
k79_2120	2;976;200643;171549;2005525;375288;823;999416	1.0;1.0;1.0;1.0;1.0;1.0;1.0;1.0
k79_39030	2;1239;186801;3085636;186803;1766253;39491;657317	1.0;1.0;1.0;1.0;1.0;1.0;1.0;1.0
k79_75376	2;1239;186801;186802;31979;1485;1216932	1.0;1.0;1.0;0.99999;0.99996;0.99996;0.99996
k79_14424	2;976;200643;171549;815;816;674529	1.0;0.99997;0.99995;0.99995;0.99995;0.9999;0.99987
k79_2122	2;1239;186801;3085636;186803;572511;418240;1121115	1.0;1.0;1.0;1.0;1.0;1.0;1.0;1.0
k79_50722	2;1239;186801;3085636;186803;841;166486;657315	1.0;1.0;1.0;1.0;1.0;0.99561;0.99559;0.97612
k79_14435	2;976;200643;171549;815;816;820;997890	1.0;1.0;1.0;1.0;1.0;1.0;1.0;1.0
k79_63014	2;1239;186801;186802;216572;216851;853	1.0;0.94312;0.94279;0.87169;0.84262;0.83983;0.59581
k79_50723	2;1239;526524;526525;2810280;2678885;1982626	1.0;1.0;1.0;1.0;0.99999;0.99999;0.99999
k79_39043	2;1239;526524;526525;2810280;2678885;1982626	1.0;1.0;1.0;1.0;1.0;1.0;1.0
k79_2129	2;1224;1236;91347;1903410;3059405;3076559	1.0;0.99997;0.99997;0.99997;0.99997;0.99997;0.99997
k79_14441	2;1239;186801;3082720;186804;1505657;261299	0.70292;0.70189;0.69825;0.69663;0.69655;0.69646;0.69646
k79_39048	2;976;200643;171549;815;816;820;997890	1.0;1.0;1.0;1.0;1.0;1.0;0.99992;0.99992
k79_2134	2;976;200643;171549;815;816;2763022	1.0;0.98184;0.98183;0.98183;0.97899;0.97597;0.77971
k79_75384	2;976;200643;171549;815;816;820;997890	1.0;1.0;1.0;1.0;1.0;0.99999;0.99987;0.99987
k79_2139	2;1239;186801;3085636;186803	0.99942;0.71333;0.71185;0.70992;0.70992
k79_50740	2;976;200643;171549;815;909656;821	1.0;0.99981;0.99981;0.99981;0.99953;0.99448;0.99448
k79_39051	2157;28890;183925;2158;2159;2172;2173;420247	1.0;1.0;1.0;1.0;1.0;1.0;1.0;1.0
k79_75397	2;976;200643;171549;815;909656;387090	1.0;0.99991;0.99985;0.99985;0.99984;0.99968;0.99968
k79_14454	2;1239;526524;526525;2810280;2678885;1982626	1.0;0.99859;0.99818;0.99818;0.99741;0.99741;0.99741
k79_26416	2;1239;91061;1385;186817;2675232;220687	1.0;1.0;0.99999;0.99999;0.99999;0.99999;0.99999
k79_50747	2;1239;186801;186802;216572;216851;2929490	1.0;0.99996;0.99995;0.99995;0.99995;0.99994;0.99994
k79_14459	2;976;200643;171549;815;816;820;997890	1.0;1.0;1.0;1.0;1.0;1.0;1.0;1.0
k79_87295	2;1239;186801;3085636;186803;572511;2479767	1.0;1.0;1.0;1.0;1.0;1.0;1.0
k79_50755	2;976;200643;171549;815;816;820;997890	1.0;0.99999;0.99998;0.99998;0.9942;0.99413;0.99293;0.99293
k79_87300	2;1239;909932;1843488;909930;33024;33025	1.0;0.99968;0.99119;0.99117;0.99117;0.99117;0.99117
k79_14468	2;1239;186801;3085636;186803;207244;649756;649757	1.0;1.0;1.0;1.0;1.0;1.0;1.0;1.0
k79_39061	2;1239;526524;526525;2810280;2678885;1982626	1.0;1.0;0.99999;0.99999;0.99999;0.99999;0.99999
k79_75408	2;1239;526524;526525;2810280;2678885;1982626	1.0;1.0;1.0;1.0;1.0;1.0;1.0
k79_39062	2;1783272	0.99998;0.54883
k79_14473	2;32066;203490;203491;203492;180162;188913	1.0;0.98332;0.98332;0.98332;0.98332;0.98331;0.98331
k79_26437	2;1239;186801;3085636;186803;572511;418240;1121115	1.0;1.0;1.0;1.0;1.0;1.0;1.0;1.0
k79_14475	2;1239;909932;1843488;909930;33024;33025	1.0;1.0;1.0;1.0;1.0;1.0;1.0
k79_63034	2;1224;28216;80840;75682;963;80842	1.0;1.0;1.0;1.0;1.0;1.0;1.0
k79_87320	2;1239;186801;3085636;186803;841;166486;657315	1.0;1.0;1.0;1.0;1.0;0.99999;0.99999;0.99993
k79_2149	2;976;200643;171549;815;816;28116	1.0;0.99971;0.99971;0.99971;0.99969;0.99969;0.9994
k79_87324	2;976;200643;171549;815;909656;387090	1.0;1.0;1.0;1.0;0.99989;0.99985;0.99985
k79_14486	2157;28890;183925;2158;2159;2172;2173;420247	1.0;1.0;1.0;1.0;1.0;1.0;1.0;1.0
k79_39077	2;976;200643;171549;815;816;817;295405	0.96732;0.96542;0.96528;0.96528;0.96521;0.8421;0.73872;0.73872
k79_63047	2;1239;526524;526525;2810280;2678885;1982626	1.0;0.99999;0.99999;0.99999;0.99999;0.99999;0.99999
k79_50780	2;976;200643;171549;815;816;818	0.98326;0.97975;0.96234;0.96234;0.96126;0.96125;0.86823
k79_14489	2;976;200643;171549;815;816;820;997890	1.0;0.99999;0.99999;0.99999;0.99999;0.99999;0.99999;0.99999
k79_87334	2;1239;526524;526525;2810280;3025755;29348;428126	1.0;1.0;0.99991;0.99991;0.99991;0.99991;0.99991;0.99991
k79_39090	2;1239;186801;186802;186806;1730;39496	1.0;0.99999;0.99999;0.99999;0.9997;0.9997;0.9997
k79_2164	2;1239;186801;3085636;186803;572511;418240;1121115	1.0;1.0;1.0;1.0;1.0;1.0;1.0;1.0
k79_50785	2;1239;91061;186826;1300;1301;315405	0.99913;0.99602;0.73207;0.73144;0.73133;0.73133;0.73133
k79_14496	2157;28890;183925;2158;2159;2172;2173;420247	1.0;1.0;1.0;1.0;1.0;1.0;1.0;1.0
k79_50789	2;976;200643;171549;815;816;820;997890	1.0;1.0;1.0;1.0;1.0;1.0;0.99999;0.99999
k79_87343	2;976;200643;171549;815;816;162156	1.0;0.99997;0.99997;0.99997;0.99997;0.99993;0.99991
k79_14499	2;1239;909932;1843488;909930;33024;33025	1.0;1.0;1.0;1.0;1.0;1.0;1.0
k79_50790	2;976;117747;200666;84566;28453;258	1.0;0.99998;0.99998;0.99998;0.99998;0.99998;0.99998
k79_87345	2;1239;186801;186802;31979;1485;332101	0.99987;0.98975;0.98895;0.97181;0.97006;0.97006;0.93817
k79_14508	2;976;200643;171549;815;816;820;997890	1.0;1.0;1.0;1.0;1.0;1.0;0.99999;0.99999
k79_75439	2;976;200643;171549;815;816;820;997890	1.0;0.99996;0.99996;0.99996;0.9994;0.99938;0.58819;0.58819
k79_50800	2;1239;186801;3085636;186803;572511;40520;411459	1.0;1.0;1.0;1.0;1.0;0.99992;0.99831;0.99831
k79_87346	2;1239;909932;909929;1843490;2375;307249	1.0;1.0;0.99981;0.99981;0.99981;0.99981;0.99981
k79_50806	2157;28890;183925;2158;2159;2172;2173;420247	1.0;1.0;1.0;1.0;1.0;1.0;0.99999;0.99999
k79_63065	2;976;200643;171549;815;909656;376805;667015	0.99999;0.97586;0.96916;0.96914;0.93462;0.83316;0.82478;0.82478
k79_26486	2;976;200643;171549;815;909656;387090	1.0;1.0;1.0;1.0;1.0;1.0;1.0
k79_39129	2;976;200643;171549;815;816;820;997890	1.0;1.0;1.0;1.0;1.0;1.0;0.99991;0.99991
k79_2215	2;201174;1760;85004;31953;1678;216816;1679	1.0;0.99999;0.99999;0.99999;0.99999;0.99999;0.99999;0.99999
k79_26492	2;976	0.98065;0.59888
k79_2216	2;976;117743;200644;2762318;59732;2864040	1.0;1.0;0.99994;0.99994;0.99994;0.99994;0.99994
k79_50826	2;1239;186801;3085636;186803;33042;410072	1.0;1.0;1.0;0.99993;0.99993;0.99794;0.99794
k79_2217	2;976;200643;171549;815;816;820;997890	1.0;1.0;1.0;1.0;1.0;1.0;0.9998;0.9998
k79_50827	2;1239;186801;186802;31979;1485;1509	0.98503;0.94725;0.94406;0.94346;0.9402;0.9402;0.92711
k79_26495	2;976;200643;171549;815;909656;376805;667015	1.0;1.0;1.0;1.0;0.99999;0.99999;0.99999;0.99999
k79_63076	2;976;200643;171549;815;816;818	1.0;0.99995;0.99995;0.99995;0.9999;0.99971;0.99874
k79_39153	2;1224;28211;356;82115;28105	1.0;0.99985;0.99985;0.99985;0.99985;0.99985
k79_50829	2;1239;186801;186802;216572;2892396;2714355	0.99999;0.94569;0.94192;0.93982;0.93975;0.67494;0.67365
k79_14559	2;1239;186801;3085636;186803;1766253;39491;657318	1.0;0.99999;0.99999;0.99993;0.99993;0.99976;0.99976;0.9994
k79_75470	2;1239;186801;186802;216572;2892396;2714355	1.0;0.99469;0.99426;0.7699;0.7699;0.76971;0.7697
k79_63083	2;1239;186801;3085636;186803;1766253;39491;657317	1.0;1.0;1.0;1.0;1.0;1.0;1.0;0.99654
k79_2234	2;1239;186801;3085636;186803;572511;33035	1.0;1.0;1.0;1.0;1.0;1.0;1.0
k79_87375	2;976;200643;171549;2005525;375288;823;999416	1.0;1.0;1.0;1.0;1.0;1.0;1.0;1.0
k79_50838	2;1239;909932;1843488;909930;33024;33025	1.0;1.0;1.0;1.0;1.0;1.0;1.0
k79_39163	2;1239;186801;3085636;186803;33042;410072	0.99985;0.99606;0.99551;0.99392;0.99372;0.90208;0.90208
k79_50842	2157;28890;183925;2158;2159;2172;2173;420247	1.0;1.0;1.0;1.0;1.0;1.0;1.0;1.0
k79_39166	2;976;200643;171549;815;816;820;997890	1.0;1.0;1.0;1.0;1.0;1.0;0.99999;0.99999
k79_63088	2;976;200643;171549;2005525;375288;328812	0.99998;0.92697;0.92376;0.92224;0.61564;0.61564;0.50075
k79_2245	2;1239;186801;3085636;186803;189330;88431	1.0;0.99989;0.99988;0.99935;0.99935;0.67336;0.67336
k79_63089	2;976;200643;171549;815;816;28116	1.0;1.0;1.0;1.0;1.0;1.0;0.99969
k79_87376	2;1239;186801;3085636;186803;841;301301	1.0;1.0;1.0;1.0;1.0;0.99996;0.99996
k79_63090	2;1239;186801;3085636;186803;1766253;39491;657318	1.0;1.0;1.0;1.0;1.0;1.0;1.0;0.99917
k79_14583	2157;28890;183925;2158;2159;2172;2173;420247	1.0;1.0;1.0;1.0;1.0;1.0;0.99995;0.99995
k79_39183	2;1239;186801;186802;31979;1485;29341	1.0;1.0;0.99986;0.99986;0.99986;0.99986;0.99984
k79_50871	2;1239;526524;526525;2810280;2678885;1982626	0.99997;0.99995;0.99954;0.99954;0.99927;0.99923;0.99923
k79_39191	2;976;200643;171549;815;816;820;997890	1.0;0.99999;0.99999;0.99999;0.99999;0.99999;0.99996;0.99996
k79_14604	2;1239;186801;186802;216572;216851;411483	1.0;0.99886;0.99884;0.99871;0.99871;0.99862;0.98404
k79_2278	2;1239;526524;526525;2810280;2678885;1982626	0.99998;0.99918;0.99887;0.99887;0.99887;0.99887;0.99887
k79_50885	2;976;200643;171549;815;816;46506;449673	0.99974;0.9992;0.99919;0.99919;0.99918;0.99918;0.99917;0.99917
k79_87412	2;1239;186801;186802;216572;1263;2608920	0.99966;0.99925;0.99919;0.99819;0.99719;0.99714;0.99712
k79_14613	2;1239;526524;526525;2810280;2678885;1982626	1.0;1.0;1.0;1.0;1.0;1.0;1.0
k79_39199	2;976;200643;171549;815;816;28111	0.99996;0.9981;0.99809;0.99809;0.99809;0.99808;0.99771
k79_63132	2;976;200643;171549;815;816;820;997890	1.0;1.0;1.0;1.0;1.0;1.0;0.99997;0.99997
k79_75499	2;976;200643;171549;815;816;820;997890	1.0;1.0;1.0;1.0;1.0;1.0;0.99924;0.99924
k79_50893	2;1239;186801;3085636;186803;841;301301	0.70927;0.66825;0.51784;0.51608;0.51608;0.51522;0.51425
k79_2287	2;976;200643;171549;815;816;820;997890	1.0;1.0;1.0;1.0;1.0;1.0;1.0;1.0
k79_26529	2;976;200643;171549;815;909656;821	1.0;1.0;1.0;1.0;1.0;0.99997;0.99997
k79_50896	2;1239;186801;3085636;186803;2316020;46228;471875	1.0;1.0;1.0;1.0;1.0;1.0;1.0;1.0
k79_2289	2;976;200643;171549;815;816;820;997890	1.0;1.0;1.0;1.0;1.0;1.0;1.0;1.0
k79_14622	2;1239;186801	0.78076;0.58779;0.57302
k79_50897	2;976;200643;171549;815;816;162156	1.0;0.99983;0.99983;0.99983;0.99983;0.99981;0.99979
k79_75511	2;976;200643;171549;2005525;375288;823;999416	1.0;0.99807;0.99802;0.99802;0.77214;0.77214;0.77214;0.77214
k79_50899	2;1239;186801;3085636;186803;841;166486;718255	1.0;1.0;1.0;0.99999;0.99999;0.99806;0.99805;0.99002
k79_26540	2;1239;526524;526525;2810280;2678885;1982626	1.0;1.0;1.0;1.0;1.0;1.0;1.0
k79_75514	2157;28890;183925;2158;2159;2172;2173;420247	1.0;1.0;1.0;1.0;1.0;1.0;0.99999;0.99999
k79_50901	2;1224;1236;135625;712;745;747	1.0;1.0;1.0;1.0;1.0;1.0;1.0
k79_26542	2;976;200643;171549;2005525;375288;46503	1.0;0.99991;0.99991;0.99991;0.9999;0.9999;0.9999
k79_39221	2;976;200643;171549;815;909656;821	1.0;0.99999;0.99999;0.99999;0.99998;0.99978;0.98983
k79_75519	2;976;200643;171549;815;816;162156	1.0;0.99998;0.99998;0.99998;0.99837;0.99837;0.99836
k79_2304	2;976;200643;171549;815;816;817;295405	1.0;1.0;1.0;1.0;1.0;1.0;1.0;1.0
k79_87430	2;1239;186801;3085636;186803;572511;418240;1121115	1.0;1.0;1.0;1.0;1.0;1.0;1.0;1.0
k79_63153	2;976;200643;171549;815;816;817;997879	0.99994;0.99992;0.99992;0.99992;0.73744;0.55651;0.55258;0.55258
k79_14634	2;976;200643;171549;2005525;375288;823;999416	1.0;0.99518;0.99472;0.99472;0.99472;0.99472;0.99472;0.99472
k79_87431	2;1239;186801;3085636;186803;1766253;39491;657318	1.0;1.0;1.0;1.0;1.0;1.0;1.0;0.99991
k79_87437	2;1239;186801;3085636;186803;1766253;39491;657317	1.0;1.0;1.0;1.0;1.0;1.0;1.0;1.0
k79_26545	2;1239;91061;1385;186822;44249;2835869	1.0;1.0;1.0;1.0;0.99999;0.99999;0.99999
k79_87442	2;976;200643;171549;815;816;820;997890	1.0;1.0;1.0;1.0;1.0;1.0;0.99907;0.99907
k79_39244	2;976;200643;171549;815;816;820;997890	1.0;1.0;1.0;1.0;1.0;1.0;1.0;1.0
k79_63173	2;1239;186801;186802;216572;216851;411483	0.99998;0.98039;0.98026;0.9801;0.9801;0.96302;0.96251
k79_26548	2;1239;186801;186802;31979;1485;1561;1415775	1.0;1.0;1.0;0.99999;0.99999;0.99999;0.99998;0.99998
k79_87443	2;1239;186801;3085636;186803;2316020;46228;471875	0.99977;0.99975;0.99975;0.99975;0.99975;0.99962;0.99962;0.99962
k79_75527	2;1239;186801;3085636;186803;189330;88431	0.9999;0.99913;0.99898;0.99792;0.99792;0.96616;0.96615
k79_2331	2;1239;526524;526525;2810280;2678885;1982626	0.99999;0.99998;0.99986;0.99986;0.99986;0.99985;0.99985
k79_2336	2;976;200643;171549;815;816	0.99999;0.71094;0.71087;0.71086;0.59381;0.59314
k79_14646	2;976;200643;171549;815;816;820;997890	1.0;1.0;1.0;1.0;1.0;1.0;0.99997;0.99997
k79_39250	2;976;200643;171549;815;816;820;997890	1.0;0.99989;0.99987;0.99987;0.99847;0.99719;0.96895;0.96895
k79_14648	2;976;200643;171549;815;816;162156	1.0;0.99999;0.99999;0.99998;0.99998;0.99952;0.58871
k79_2339	2;1239;186801;186802;216572;216851;3030639	1.0;0.97823;0.97802;0.95224;0.95223;0.9522;0.95218
k79_50930	2;1239;526524;526525;2810280;2678885;1982626	0.9979;0.99601;0.97453;0.97453;0.97453;0.97448;0.97448
k79_39254	2;1239;186801;3085636;186803;572511;418240;1121115	1.0;1.0;1.0;1.0;1.0;1.0;1.0;1.0
k79_14651	2157;28890;183925;2158;2159;2172;2173;420247	1.0;1.0;1.0;1.0;1.0;1.0;1.0;1.0
k79_75547	2;1239;186801;186802;216572;216851;411483	0.99918;0.78025;0.78003;0.77715;0.77715;0.77696;0.77576
k79_87464	2;1239;526524;526525;2810280;2678885;1982626	1.0;1.0;1.0;1.0;1.0;1.0;1.0
k79_2342	2;1239;186801;3085636;186803;1766253;39491;657318	1.0;1.0;1.0;1.0;1.0;0.99991;0.99991;0.97047
k79_75548	2;1239;186801;3085636;186803;2316020;33039;657313	1.0;1.0;1.0;1.0;1.0;1.0;1.0;1.0
k79_39258	2;1239;186801;3085636;186803;572511;418240;1121115	1.0;1.0;1.0;1.0;1.0;1.0;1.0;1.0
k79_2344	2;1239;91061;1385;186817;45667;45668	1.0;1.0;0.99999;0.99999;0.99999;0.99999;0.99999
k79_2345	2;976;200643;171549;815;816;162156	1.0;0.99999;0.99997;0.99997;0.99971;0.98976;0.98017
k79_50939	2759;7711;40674;9443;9604;9605;9606	0.99941;0.99941;0.99941;0.99941;0.99941;0.99941;0.99941
k79_87468	2;1239;186801;186802;31979;1485;1491	0.97868;0.86433;0.69303;0.69281;0.69159;0.69159;0.64321
k79_2348	2;976;200643;171549;815;816;820;997890	1.0;1.0;1.0;1.0;0.99999;0.99999;0.99997;0.99997
k79_26563	2;976;200643;171549;815;909656;821	1.0;0.99999;0.99999;0.99999;0.99998;0.99995;0.99995
k79_26565	2;1239;186801;3085636;186803;207244;649756;649757	1.0;1.0;1.0;1.0;1.0;1.0;1.0;1.0
k79_75561	2;1224;1236;135619;2066474;305899;1234143	1.0;1.0;1.0;1.0;1.0;1.0;1.0
k79_63203	2;1239;186801;3085636;186803;2569097;39488	1.0;1.0;1.0;1.0;1.0;0.99999;0.99999
k79_75562	2;976;200643;171549;815;816;820;997890	1.0;0.99957;0.99957;0.99956;0.99949;0.99927;0.92661;0.92661
k79_87482	2;976;200643;171549;815;816;820;997890	1.0;1.0;1.0;1.0;1.0;1.0;0.99997;0.99997
k79_87484	2;976;200643;171549;815;816;820;997890	1.0;1.0;1.0;1.0;1.0;1.0;0.99962;0.99962
k79_75564	2;1239;186801;186802;216572;1263;2608920	0.99998;0.99998;0.99998;0.99998;0.99998;0.99998;0.99996
k79_2375	2;976;200643;171549;171552;577309;454155;762982	0.99995;0.67754;0.67739;0.67739;0.66766;0.66761;0.66761;0.66761
k79_50950	2;976;200643;171549;2005525;375288;823;999416	0.99984;0.98715;0.98715;0.98715;0.71734;0.71734;0.71734;0.71734
k79_39281	2;1239;186801;3085636;186803;1766253;39491;657318	1.0;1.0;1.0;1.0;1.0;1.0;1.0;0.99872
k79_50951	2;1239;186801;3085636;186803;2316020;46228;471875	1.0;1.0;1.0;1.0;1.0;1.0;1.0;1.0
k79_63214	2;1239;186801;3085636;186803;2316020;33039;657313	1.0;0.99954;0.99762;0.99736;0.99736;0.75136;0.75136;0.75136
k79_39282	2;976;200643;171549;815;816;820;997890	1.0;0.99997;0.99997;0.99997;0.99996;0.99994;0.99975;0.99975
k79_2390	2;1239;186801;3085636;186803;1766253;39491;657317	1.0;1.0;1.0;1.0;1.0;1.0;1.0;1.0
k79_63218	2;976;200643;171549;815;816;820;997890	1.0;1.0;1.0;1.0;1.0;1.0;1.0;1.0
k79_2391	2;1239;186801;186802;216572;1263;2608920	1.0;1.0;0.99999;0.99998;0.99996;0.99996;0.99944
k79_75587	2;976;200643;171549;815;816;820;997890	1.0;1.0;1.0;1.0;1.0;1.0;0.99997;0.99997
k79_39289	2;1239;526524;526525;2810280;3025755;1547	1.0;0.99999;0.99579;0.99579;0.99579;0.99492;0.99492
k79_14694	2;1239;186801;3085636;186803;572511;418240;1121115	1.0;1.0;1.0;1.0;1.0;1.0;1.0;1.0
k79_50966	2;1239;526524;526525;2810280;2678885;1982626	0.99998;0.99995;0.99992;0.99992;0.99992;0.99992;0.99992
k79_63221	2;1239;526524;526525;2810280;2678885;1982626	1.0;1.0;0.9998;0.9998;0.99979;0.99979;0.99979
k79_75591	2;976;200643;171549;171550;239759;1288121	0.9999;0.96082;0.96082;0.96081;0.5558;0.5558;0.5558
k79_87507	2;1239;186801;186802;216572;1263;2608920	0.99982;0.99665;0.99446;0.99426;0.98326;0.98321;0.98321
k79_87508	2;1239;526524;526525;2810280;2678885;1982626	1.0;1.0;1.0;1.0;1.0;1.0;1.0
k79_75595	2;1239;186801;186802;216572;1263;2608920	1.0;0.99998;0.99997;0.99943;0.99943;0.99935;0.77875
k79_2399	2;1239;186801;3085636;186803;572511;2877527	1.0;1.0;1.0;1.0;1.0;0.99991;0.9999
k79_2402	2;976;200643;171549;815;816;820;997890	1.0;1.0;1.0;1.0;1.0;1.0;0.99999;0.99999
k79_39301	2;1239;91061;1385;186817;2800373;86664	0.98899;0.9884;0.98821;0.98819;0.98818;0.98785;0.98785
k79_14714	2157;28890;183925;2158;2159;2172;230361	1.0;1.0;1.0;1.0;1.0;1.0;1.0
k79_75606	2;1239;526524;526525;2810280;2678885;1982626	1.0;1.0;1.0;1.0;1.0;1.0;1.0
k79_26608	2;1239;186801;3085636;186803;1766253;39491;657318	0.99963;0.88808;0.88805;0.88792;0.88792;0.88039;0.88039;0.78104
k79_2403	2;1239;186801;3085636;186803;572511;89014	1.0;1.0;1.0;0.99997;0.99997;0.99995;0.99995
k79_50989	2;1239;186801;3085636;186803;572511;2779518	1.0;1.0;0.99999;0.99993;0.99993;0.99985;0.99985
k79_2405	2;1239;186801;3085636;186803;572511;418240;1121115	1.0;1.0;1.0;1.0;1.0;0.99998;0.99996;0.99996
k79_14715	2157;28890;183925;2158;2159;2172;2173;420247	1.0;1.0;1.0;1.0;1.0;1.0;0.99997;0.99997
k79_63232	2;1239;91061;1385;186822;55080;1393	1.0;0.99903;0.99903;0.99903;0.99903;0.99903;0.99903
k79_14717	2;1239;186801;3085636;186803;572511;418240;1121115	1.0;1.0;1.0;1.0;1.0;1.0;1.0;1.0
k79_75614	2157;28890;183925;2158;2159;2172;2173;420247	1.0;1.0;1.0;1.0;1.0;1.0;1.0;1.0
k79_75615	2;1239;186801;3085636;186803;2316020;46228;471875	1.0;1.0;0.99999;0.99999;0.99999;0.99999;0.99999;0.99999
k79_26620	2;1239;186801;186802;216572;2892396;2714353	1.0;1.0;1.0;1.0;0.99999;0.99996;0.99996
k79_63243	2;1239;186801;3085636;186803;1766253;39491;657318	0.99777;0.98591;0.98555;0.98441;0.98441;0.97496;0.97496;0.8698
k79_63245	2;1239;186801;3085636;186803;2944195;2763669	1.0;1.0;1.0;1.0;1.0;1.0;1.0
k79_26629	2;1239;186801;3082720;186804;1870884;1496	1.0;1.0;0.99988;0.9983;0.9983;0.9983;0.9983
k79_51009	2;1239;186801;3082720;186804;2743582;89152	0.99944;0.99838;0.9917;0.71736;0.71736;0.71736;0.71736
k79_39314	2;976;200643;171549;171552;838;28133	1.0;1.0;1.0;1.0;0.99999;0.99999;0.99999
k79_63253	2;1239;186801;3085636;186803;1766253;39491;657318	1.0;1.0;1.0;1.0;1.0;1.0;1.0;0.99937
k79_2420	2;201174;1760;85004;31953;1678;1680	1.0;0.99441;0.99441;0.99429;0.99429;0.99429;0.99429
k79_51016	2;1239;186801;186802;216572;1263;2608920	1.0;1.0;0.99999;0.99999;0.99995;0.99995;0.99995
k79_87524	2;1239;186801;3085636;186803;841;1261635	1.0;0.99996;0.99964;0.9995;0.9995;0.99949;0.99949
k79_39329	2;1239;186801;3085636;186803;1766253;39491;657318	1.0;1.0;1.0;1.0;1.0;1.0;1.0;0.99887
k79_51029	2;976;200643;171549;815;909656;821	1.0;1.0;1.0;1.0;1.0;0.99996;0.99996
k79_39330	2;1239;186801;3085636;186803;189330;88431	1.0;0.99999;0.99999;0.99998;0.99998;0.99992;0.99992
k79_51031	2;1239;526524;526525;2810280;2678885;1982626	0.86312;0.51499;0.5109;0.5109;0.51081;0.51051;0.51051
k79_87536	2;1239;186801;3085636;186803;33042;751585	1.0;0.99999;0.99999;0.99999;0.99999;0.99998;0.99998
k79_2432	2;1239;186801;3085636;186803;2316020;46228;471875	1.0;1.0;1.0;1.0;1.0;0.99995;0.99995;0.99995
k79_39331	2;1239;186801;3085636;186803;1766253;39491;657318	1.0;1.0;1.0;1.0;1.0;0.99966;0.99966;0.99966
k79_63265	2157;28890;183925;2158;2159;2172;2173;420247	1.0;1.0;1.0;1.0;1.0;1.0;1.0;1.0
k79_87543	2;1239;186801;3085636;186803;1766253;39491;657318	1.0;1.0;1.0;1.0;1.0;1.0;1.0;0.89554
k79_39333	2157;28890;183925;2158;2159;2172;2173;420247	1.0;1.0;1.0;1.0;1.0;1.0;1.0;1.0
k79_63270	2;1239;186801;3085636;186803;2316020;46228;471875	1.0;1.0;1.0;1.0;1.0;1.0;1.0;1.0
k79_14757	2;1239;526524;526525;2810280;2678885;1982626	1.0;1.0;1.0;1.0;1.0;1.0;1.0
k79_14761	2157;28890;183925;2158;2159;2172;2173;420247	0.99995;0.99995;0.99995;0.99995;0.99995;0.99995;0.9992;0.9992
k79_87551	2;1239;526524;526525;2810280;2678885;1982626	0.99644;0.95572;0.61703;0.61703;0.617;0.60138;0.60138
k79_75662	2;1239;186801;3085636;186803	1.0;0.99971;0.99924;0.98615;0.98615
k79_63274	2;1783272	0.99974;0.99926
k79_51045	2157;28890;183925;2158;2159;2172;2173;420247	1.0;1.0;1.0;1.0;1.0;1.0;1.0;1.0
k79_51046	2;1239;186801;3085636;186803;1766253;39491;657317	1.0;0.99987;0.99987;0.99987;0.99987;0.99986;0.99986;0.62475
k79_75669	2;1239;186801;186802;216572;1905344;1550024	1.0;0.99999;0.99999;0.99997;0.99997;0.99993;0.99993
k79_39348	2;1239;186801;3085636;186803;189330;88431	1.0;0.99999;0.99999;0.99999;0.99999;0.99978;0.99978
k79_87564	2;976;200643;171549;815;909656;357276;997877	1.0;0.99992;0.99992;0.99992;0.99992;0.99988;0.99988;0.99988
k79_51048	2;976;200643;171549;815;816;817;862962	1.0;0.99999;0.99999;0.99999;0.99999;0.9997;0.9997;0.99969
k79_14776	2;976;200643;171549;815;909656;821	1.0;1.0;1.0;1.0;1.0;1.0;1.0
k79_75673	2;1224;28211;766;942;943;391036	1.0;0.99998;0.99998;0.99998;0.99998;0.99998;0.99998
k79_51050	2;1239;186801;3085636;186803;207244;649756;649757	0.99973;0.99169;0.98565;0.97476;0.97476;0.84901;0.84901;0.84901
k79_87566	2;976;200643;171549;815;816;820;997890	1.0;1.0;1.0;1.0;1.0;0.99999;0.99987;0.99987
k79_51051	2;1239;186801;186802;216572;1263;2608920	1.0;1.0;1.0;0.99986;0.99986;0.99986;0.99689
k79_2479	2;1239;186801;3085636;186803;207244;649756;649757	1.0;1.0;1.0;1.0;1.0;1.0;1.0;1.0
k79_87572	2;976;200643;171549;815;816;46506;449673	1.0;1.0;1.0;0.99955;0.99955;0.99948;0.9714;0.9714
k79_51060	2;1239;186801;186802;216572;1263;657323	1.0;1.0;1.0;0.99995;0.99995;0.99995;0.99995
k79_26670	2;1239;186801;3085636;186803;248744;168384;478749	1.0;0.97246;0.9507;0.93813;0.93813;0.93584;0.93584;0.93584
k79_2483	2;1239;186801;3085636;186803;1766253;39491;657318	1.0;0.99998;0.99998;0.99995;0.99995;0.99994;0.99994;0.99981
k79_75680	2;1239;186801;186802;216572;1263;2608920	1.0;1.0;1.0;0.99999;0.99995;0.99995;0.99995
k79_14801	2;976;200643;171549;815;816;820;997890	1.0;1.0;1.0;1.0;1.0;1.0;1.0;1.0
k79_63292	2;1239;186801;186802;216572;1263;2608920	1.0;0.99999;0.99998;0.99998;0.99997;0.99997;0.99996
k79_75682	2;1239;186801;3085636;186803;2316020;33038	1.0;0.99999;0.99999;0.99999;0.99999;0.99913;0.99913
k79_39377	2;976;200643;171549;815;816;820;997890	1.0;1.0;1.0;1.0;1.0;1.0;1.0;1.0
k79_2486	2;1239;186801;186802;216572;216851;2929493	1.0;1.0;1.0;0.99999;0.99999;0.99999;0.99996
k79_87587	2;1239;186801;3085636;186803;572511;40520;411459	1.0;1.0;1.0;1.0;1.0;0.99998;0.99991;0.99991
k79_63297	2;1239;186801;3085636;186803;1766253;39491;657317	1.0;0.99998;0.99998;0.99998;0.99998;0.99947;0.99947;0.65815
k79_51073	2;1239;186801;3085636;186803;1766253;39491;657317	0.6916;0.6391;0.63875;0.63439;0.63439;0.51392;0.51392;0.51391
k79_87596	2;1239;909932;1843488;909930;33024;33025	1.0;0.99999;0.99997;0.99997;0.99997;0.99997;0.99997
k79_63300	2;976;117743;200644;49546;237;1784713	1.0;1.0;1.0;1.0;1.0;1.0;1.0
k79_2495	2;976;200643;171549;2005525;375288;823;999416	1.0;0.99999;0.99999;0.99999;0.99999;0.99999;0.99999;0.99999
k79_14814	2157;28890;183925;2158;2159;2172;2173;420247	1.0;1.0;1.0;1.0;1.0;1.0;1.0;1.0
k79_26676	2;1239;186801;3085636;186803;2316020;46228;471875	1.0;1.0;1.0;1.0;1.0;1.0;1.0;1.0
k79_75700	2;976;200643;171549;815;816;2528203	1.0;0.99997;0.99994;0.99994;0.99993;0.99993;0.99902
k79_39391	2;976;200643;171549;815;816;820;997890	1.0;1.0;1.0;1.0;1.0;1.0;0.99997;0.99997
k79_51087	2;1239;909932;1843488;909930;33024;33025	0.99999;0.99997;0.99982;0.99982;0.99982;0.99982;0.99982
k79_39392	2759;7711;40674;9443;9604;9605;9606	0.58021;0.58021;0.58021;0.58021;0.58021;0.58021;0.58021
k79_87601	2;1239;186801;186802;216572;1263;2608920	1.0;0.99999;0.99999;0.99998;0.99994;0.99994;0.95391
k79_51089	2;1239;186801;3085636;186803;189330;88431	1.0;1.0;1.0;1.0;1.0;0.99947;0.99947
k79_2501	2157;28890;183925;2158;2159;2172;2173;420247	1.0;1.0;1.0;1.0;1.0;1.0;0.99999;0.99999
k79_14827	2;1239;186801;3085636;186803;189330;88431	1.0;0.99988;0.99988;0.99987;0.99987;0.9979;0.9979
k79_75714	2;976;200643;171549;171550;239759;214856;679935	1.0;1.0;1.0;1.0;1.0;1.0;1.0;1.0
k79_51090	2;32066;203490;203491;203492;848;76857	0.99974;0.99897;0.99897;0.99897;0.99897;0.99897;0.99896
k79_26682	131567	0.99639
k79_75722	2;1239;526524;526525;2810280;2678885;1982626	1.0;1.0;1.0;1.0;1.0;1.0;1.0
k79_51109	2;1239;186801;3085636;186803;572511;418240;1121115	1.0;1.0;1.0;1.0;1.0;0.99999;0.99999;0.99999
k79_26691	2;1239;186801;186802;216572;1263;2608920	1.0;1.0;0.99997;0.99996;0.99996;0.99996;0.99996
k79_75724	2157;28890;183925;2158;2159;2172;2173;420247	1.0;1.0;1.0;1.0;1.0;1.0;1.0;1.0
k79_75725	2;1239;186801;3085636;186803;572511;418240;1121115	1.0;1.0;1.0;0.99999;0.99999;0.99998;0.99997;0.99997
k79_39400	2;1239;186801;3085636;186803;2944152;2763670	1.0;1.0;1.0;1.0;1.0;0.99994;0.99994
k79_87610	2;1239;186801;3085636;186803;572511;418240;1121115	1.0;1.0;1.0;1.0;1.0;0.99999;0.99999;0.99999
k79_39405	2;1239;526524;526525;2810280;2678885;1982626	1.0;1.0;1.0;1.0;1.0;1.0;1.0
k79_2535	2;1239;186801;186802;216572;1263;1160721	0.99996;0.99994;0.99988;0.99925;0.99925;0.99924;0.99922
k79_51131	2;1239;526524;526525;2810280;2678885;1982626	1.0;1.0;1.0;1.0;1.0;1.0;1.0
k79_51132	2;976;200643;171549;815;816;820;997890	1.0;1.0;1.0;1.0;1.0;1.0;1.0;1.0
k79_51136	2;1239;186801;3085636;186803;572511;418240;1121115	1.0;1.0;1.0;1.0;1.0;0.99995;0.99995;0.99995
k79_87629	2;976;117743;200644;49546;237;2502784	0.9998;0.94252;0.93833;0.93833;0.93833;0.93833;0.93832
k79_14873	2;1239;186801;3085636;186803;1766253;39491;657318	1.0;0.99999;0.99999;0.99999;0.99999;0.99985;0.99985;0.9984
k79_39415	2;1239;186801;3085636;186803;207244;649756;649757	0.99997;0.99991;0.99977;0.99972;0.99972;0.71171;0.71171;0.71171
k79_87633	2;976;200643;171549;815;816;820;997890	1.0;1.0;1.0;1.0;0.99999;0.99999;0.9997;0.9997
k79_2545	2;976;200643;171549;815;816;817;997879	1.0;1.0;1.0;1.0;1.0;0.99999;0.99999;0.99999
k79_75749	2;1239;186801;3085636;186803;1766253;39491;657318	1.0;0.99999;0.99999;0.99999;0.99999;0.98657;0.98657;0.97508
k79_2548	2;1239;186801;3085636;186803;572511;2779518	1.0;1.0;1.0;1.0;1.0;1.0;1.0
k79_14882	2;976;200643;171549;815;816;820;997890	1.0;0.99997;0.99997;0.99997;0.99997;0.99997;0.99982;0.99982
k79_2549	2;1239;186801;3085636;186803;2316020;33038	1.0;1.0;1.0;1.0;1.0;1.0;1.0
k79_75751	2;1239;186801;3085636;186803;207244;649756;649757	1.0;1.0;1.0;1.0;1.0;0.99998;0.99998;0.99998
k79_51159	2157;28890;183925;2158;2159;2172;2173;420247	1.0;1.0;1.0;1.0;1.0;1.0;1.0;1.0
k79_63348	2;976;200643;171549;815;816;371601;657309	1.0;1.0;1.0;1.0;0.99999;0.99999;0.99992;0.99992
k79_26711	2;1239;186801;186802;216572;1263;2608920	0.98055;0.9245;0.91825;0.8817;0.88058;0.88052;0.50328
k79_14884	2;1239;186801;186802;216572;1263;2608920	1.0;1.0;1.0;0.99999;0.99999;0.99999;0.99999
k79_51163	2;1239;186801;186802;216572;1263;2608920	1.0;1.0;1.0;1.0;1.0;0.99999;0.99999
k79_2551	2;1239;186801;3085636;186803;572511;89014	1.0;0.99967;0.99967;0.99945;0.99945;0.99789;0.9975
k79_75759	2;1239;186801;3085636;186803;2316020;33039;657313	1.0;0.99999;0.99999;0.99836;0.99836;0.99831;0.99827;0.99827
k79_14888	2;976;200643;171549;815;816	1.0;0.99993;0.99974;0.99974;0.9932;0.99266
k79_39424	2;1239;186801;3085636;186803;207244;649756;649757	1.0;0.99995;0.99994;0.99994;0.99994;0.99993;0.99993;0.99993
k79_14889	2;976;200643;171549;815;909656;821	1.0;1.0;1.0;1.0;1.0;0.99999;0.99999
k79_75760	2;1239;186801;186802;216572;1263;2608920	1.0;0.99998;0.99996;0.99995;0.99991;0.99991;0.99991
k79_39431	2;1239;186801;186802;216572;216851;2929492	1.0;1.0;1.0;1.0;1.0;1.0;1.0
k79_2558	2;976;200643;171549;815;816;818	1.0;1.0;1.0;1.0;0.99991;0.99991;0.9999
k79_14891	2;976;200643;171549;2005525;375288;2951805	0.99999;0.99993;0.99993;0.99993;0.9996;0.9996;0.9996
k79_51188	2;1239;186801;3085636;186803	0.99917;0.9964;0.91523;0.51215;0.51215
k79_2562	2;1239;909932;1843488;909930;33024;33025	1.0;1.0;1.0;1.0;1.0;1.0;1.0
k79_75762	2;976;200643;171549;815;816;820;997890	1.0;1.0;1.0;1.0;1.0;1.0;1.0;1.0
k79_51193	2;1239;186801;3085636;186803;2316020;46228;471875	1.0;1.0;1.0;1.0;1.0;0.99999;0.99999;0.99999
k79_39444	2;976;200643;171549;815;909656;387090	1.0;1.0;0.99998;0.99998;0.99989;0.99988;0.99988
k79_63359	2;976;200643;171549;815;816;820;997890	1.0;1.0;1.0;1.0;1.0;1.0;0.99999;0.99999
k79_51199	2;1239;186801;186802;216572;1263;2608920	1.0;0.99973;0.98637;0.98636;0.98636;0.98629;0.98627
k79_2570	2;976;200643;171549;815;816;820;997890	1.0;1.0;1.0;1.0;1.0;1.0;1.0;1.0
k79_87659	2;1239;526524;526525;2810280;2678885;1982626	1.0;1.0;0.99999;0.99999;0.99998;0.99997;0.99997
k79_14912	2;1239;186801;3085636;186803;33042;410072	1.0;0.99996;0.99631;0.99271;0.99271;0.86934;0.86932
k79_51217	2;976;200643;171549;171550;239759;1288121	0.99946;0.9933;0.9933;0.9933;0.9383;0.9383;0.93333
k79_26738	2;1239;526524;526525;2810280;2678885;1982626	1.0;0.99998;0.99997;0.99997;0.99997;0.99997;0.99997
k79_14919	2;1239;526524;526525;2810280;2678885;1982626	1.0;1.0;1.0;1.0;1.0;1.0;1.0
k79_26739	2;976;200643;171549;815;816;820;997890	1.0;1.0;1.0;1.0;1.0;1.0;0.99999;0.99999
k79_39460	2;1239;186801;3085636;186803;841;166486;657315	1.0;0.99998;0.99998;0.99998;0.99998;0.99971;0.99971;0.94539
k79_63365	2;1239;186801;3085636;186803;33042;410072	1.0;1.0;1.0;1.0;1.0;0.99989;0.99989
k79_51224	2;74201;203494;48461;1647988;239934;239935	1.0;0.99996;0.99996;0.99996;0.99996;0.99996;0.99996
k79_63371	2;1239;186801;3085636;186803;572511;418240;1121115	1.0;1.0;1.0;1.0;1.0;1.0;1.0;1.0
k79_51228	2;1239	0.99916;0.84422
k79_14935	2;1239;186801;3085636;186803;33042;410072	0.91577;0.9157;0.91305;0.91296;0.91296;0.91251;0.91251
k79_39464	2;976;200643;171549;815;909656;387090	1.0;1.0;1.0;1.0;1.0;0.99999;0.99993
k79_2610	2;1239;186801;186802;216572;1263;2608920	1.0;0.99997;0.99997;0.99997;0.99997;0.99997;0.9996
k79_87672	2;1239;526524;526525;2810280;2678885;1982626	1.0;1.0;1.0;1.0;1.0;1.0;1.0
k79_87676	2;1239;526524;526525;2810280;2678885;1982626	0.99998;0.99998;0.99998;0.99998;0.99998;0.99998;0.99998
k79_51236	2;1239;186801;3085636;186803;207244;649756;649757	1.0;1.0;1.0;1.0;1.0;1.0;1.0;1.0
k79_51240	2;1239;186801;3085636;186803;207244;649756;649757	1.0;1.0;1.0;1.0;1.0;1.0;1.0;1.0
k79_14957	2;1239;186801;186802;216572;216851;411483	1.0;0.75997;0.7561;0.74592;0.74539;0.54814;0.52751
k79_87684	2;1239;186801;3085636;186803;33042;116085	1.0;1.0;1.0;1.0;1.0;0.99901;0.99901
k79_75818	2;1239;186801;3085636;186803;33042;410072	1.0;0.99998;0.99993;0.99993;0.99993;0.5813;0.5813
k79_14973	2;1239;526524;526525;2810280;2678885;1982626	1.0;1.0;1.0;1.0;1.0;1.0;1.0
k79_14974	2;1239;186801;3085636;186803;572511;418240;1121115	1.0;1.0;1.0;1.0;1.0;1.0;0.99999;0.99999
k79_26772	2;976;200643;171549;815;816;820;997890	0.99964;0.99961;0.99955;0.99955;0.99892;0.99308;0.93834;0.93834
k79_39495	2;976;200643;171549;815;816;820;997890	1.0;1.0;1.0;1.0;1.0;1.0;0.99963;0.99963
k79_26774	2;1239;186801;186802;216572;1263;2608920	0.99976;0.99966;0.99957;0.99788;0.99786;0.99783;0.99589
k79_14981	2157;28890;183925;2158;2159;2172;2173;420247	1.0;1.0;1.0;1.0;1.0;1.0;1.0;1.0
k79_39499	2;1224;1236;135619;2066474;305899;1234143	1.0;0.91069;0.91037;0.91037;0.91037;0.91037;0.91037
k79_75832	2;1239;186801;3085636;186803;841;166486;718255	1.0;0.99999;0.99999;0.99999;0.99999;0.9997;0.99969;0.87823
k79_87706	2;976;200643;171549;815;816;820;997890	1.0;1.0;1.0;1.0;1.0;1.0;1.0;1.0
k79_39500	2;1239;186801;3085636;186803;2944152;2763670	1.0;1.0;1.0;1.0;1.0;1.0;1.0
k79_2640	2;1239;526524;526525;128827;3059504;2944914	1.0;1.0;0.99999;0.99999;0.99999;0.99999;0.99999
k79_75835	2;1239;186801;186802;216572;216851;853;718252	1.0;0.99996;0.99996;0.99984;0.99983;0.99979;0.99944;0.99944
k79_39503	2;1239;186801;3085636;186803;1766253;39491;657317	1.0;1.0;1.0;1.0;1.0;1.0;1.0;0.88248
k79_26779	2;976;200643;171549;2005525;375288;823;999416	1.0;1.0;1.0;1.0;1.0;1.0;1.0;1.0
k79_51277	2;1239;186801;3085636;186803;2316020;46228;471875	0.99999;0.99901;0.99895;0.9988;0.9988;0.99879;0.99879;0.99879
k79_51278	2;1239;909932;1843488;909930;33024;33025	1.0;1.0;1.0;1.0;1.0;1.0;1.0
k79_14986	2;1239;186801;186802;216572;1263;1160721	1.0;1.0;1.0;0.99997;0.99997;0.99997;0.99991
k79_26790	2;1239;526524;526525;2810280;2678885;1982626	1.0;1.0;1.0;1.0;0.99999;0.99999;0.99999
k79_14991	2;976;200643;171549;815;816;820;997890	1.0;1.0;1.0;1.0;0.99998;0.99998;0.99998;0.99998
k79_51290	2;1239;186801;3085636;186803;1766253;39491;657317	1.0;1.0;1.0;1.0;1.0;1.0;1.0;0.9511
k79_87716	2;1239;186801;186802;216572;1263;2608920	0.99983;0.99981;0.9998;0.99977;0.99976;0.99957;0.99946
k79_51293	2759;7711;40674;9443;9604;9605;9606	0.99998;0.99998;0.99998;0.99998;0.99998;0.99998;0.99998
k79_51294	2;976;200643;171549;815;816;820;997890	1.0;1.0;1.0;1.0;1.0;1.0;0.99999;0.99999
k79_63431	2;1239;186801;3082720;3118657;390805;1424294	0.9998;0.99936;0.99908;0.97346;0.97346;0.97346;0.97346
k79_75850	2;976;200643;171549;815;816;820;997890	1.0;1.0;1.0;1.0;1.0;1.0;0.99999;0.99999
k79_51300	2;1239;186801;3085636;186803;2316020;46228;471875	1.0;0.99998;0.99923;0.9992;0.9992;0.89128;0.89128;0.89128
k79_15007	2759;7711;40674;9443;9604;9605;9606	0.69329;0.69329;0.69329;0.69329;0.69329;0.69329;0.69329
k79_63436	2;1239;186801;3085636;186803;33042;116085	0.99999;0.99999;0.99999;0.99999;0.99999;0.99998;0.99998
k79_2669	2;976;200643;171549;815;909656;821	1.0;1.0;1.0;1.0;1.0;0.99994;0.99994
k79_26793	2;1239;186801;186802;216572;1263;2608920	0.99999;0.99864;0.94105;0.93958;0.93956;0.93266;0.93251
k79_51310	2;976;200643;171549;815;816;820;997890	0.99999;0.99985;0.99875;0.99875;0.99873;0.99871;0.85713;0.85713
k79_87721	2;32066;203490;203491;203492;848;850;469616	1.0;1.0;1.0;1.0;1.0;1.0;1.0;1.0
k79_15009	2;976;200643;171549;815;816;820;997890	1.0;0.99996;0.99996;0.99996;0.9873;0.98719;0.98418;0.98418
k79_39555	2;1239;186801;186802;216572;216851;411483	1.0;1.0;0.99999;0.99999;0.99999;0.99996;0.99995
k79_26799	2157;28890;183925;2158;2159;2172;2173;420247	1.0;1.0;1.0;1.0;1.0;1.0;1.0;1.0
k79_2681	2;1239;186801;3085636;186803;2569097;39488	1.0;1.0;1.0;0.99982;0.99982;0.9998;0.9998
k79_87731	2;1239;186801;186802;216572;1263;1160721	1.0;1.0;1.0;1.0;1.0;1.0;1.0
k79_39564	2;1239;526524;526525;2810280;2678885;1982626	1.0;1.0;0.99999;0.99999;0.99999;0.99999;0.99999
k79_15017	2;1239;186801;3085636;186803;1506553;29347	1.0;1.0;1.0;0.9999;0.9999;0.99986;0.99986
k79_75861	2;976;200643;171549;815;816;820;997890	0.99999;0.99666;0.99661;0.99661;0.99649;0.52745;0.51369;0.51369
k79_39567	2;976;200643;171549;815;816;2646097	1.0;1.0;1.0;1.0;1.0;1.0;0.99975
k79_51318	2;976;200643;171549;815;816;820;997890	1.0;0.99994;0.99984;0.99984;0.99983;0.99983;0.99975;0.99975
k79_51320	2;1239;186801;3085636;186803;33042;410072	1.0;1.0;1.0;1.0;1.0;0.99958;0.99958
k79_75873	2;976;200643;171549;815;816;162156	0.98705;0.94399;0.94381;0.94381;0.91415;0.50418;0.50208
k79_15029	2;1239;186801;3085636;186803;207244;649756;649757	1.0;0.99991;0.99984;0.99954;0.99954;0.99953;0.99953;0.99953
k79_26801	2;1239;186801;3085636;186803;572511;418240;1121115	1.0;0.99949;0.99941;0.96799;0.96799;0.73671;0.73415;0.73415
k79_15031	2;1239;186801;3085636;186803;33042;410072	1.0;1.0;1.0;1.0;1.0;0.9999;0.9999
k79_2693	2;1239;186801;3085636;186803;207244;649756;649757	1.0;1.0;1.0;1.0;1.0;1.0;1.0;1.0
k79_15033	2;976;200643;171549;2005525;375288;823;999416	1.0;0.99999;0.99999;0.99999;0.99998;0.99998;0.99998;0.99998
k79_26803	2;1239;186801;186802;216572;1263;2608920	1.0;1.0;1.0;0.99999;0.99999;0.99999;0.99998
k79_51328	2;1239;186801;3085636;186803;572511;418240;1121115	1.0;1.0;1.0;1.0;1.0;1.0;1.0;1.0
k79_87746	2;976;200643;171549;815;816;820;997890	1.0;1.0;1.0;1.0;1.0;1.0;1.0;1.0
k79_2697	2;976;200643;171549;815;816;162156	1.0;1.0;1.0;1.0;1.0;1.0;1.0
k79_75875	2;1239;186801;3085636;186803;33042;410072	1.0;1.0;1.0;1.0;1.0;0.99985;0.99985
k79_39590	2;1239;186801;186802;216572;1263;2608920	1.0;0.99998;0.99994;0.99971;0.99971;0.99969;0.98333
k79_39591	2;976;200643;171549;815;909656;821	1.0;0.99999;0.99999;0.99999;0.99999;0.99993;0.99992
k79_75879	2;976;200643;171549;815;909656;387090	1.0;0.99916;0.99915;0.99912;0.92345;0.75327;0.64214
k79_51353	2;201174;1760;2037;2049;1654;544580	1.0;0.64055;0.6398;0.6398;0.6398;0.6398;0.6398
k79_63471	2;1239;186801;3085636;186803;207244;649756;649757	1.0;0.99995;0.99995;0.99995;0.99995;0.99995;0.99995;0.99995
k79_26828	2;1239;186801;3085636;186803;572511;418240;1121115	1.0;1.0;1.0;1.0;1.0;1.0;1.0;1.0
k79_2714	2;976;200643;171549;815;909656;357276;997877	1.0;0.9999;0.9999;0.9999;0.99944;0.9833;0.5126;0.5126
k79_39620	2;1239;526524;526525;2810280;2678885;1982626	0.99646;0.99293;0.61894;0.61894;0.61893;0.61892;0.61892
k79_15071	2759;7711;40674;9443;9604;9605;9606	0.94989;0.94989;0.94989;0.94989;0.94989;0.94989;0.94989
k79_39633	2;1239;186801;3085636;186803;841;301301	1.0;1.0;1.0;1.0;1.0;1.0;1.0
k79_15076	2;1239;186801;186802;216572;2892396;2714355	1.0;1.0;1.0;1.0;1.0;0.99999;0.99999
k79_51384	2;1239;186801;3085636;186803;572511;418240;1121115	1.0;1.0;1.0;1.0;1.0;0.99999;0.99999;0.99999
k79_87777	2;1239;91061;1385;186817;1386;1581038	0.95682;0.95652;0.90117;0.9001;0.89994;0.89992;0.89991
k79_26834	2;74201;203494;48461;1647988;239934;239935	1.0;1.0;1.0;1.0;1.0;1.0;1.0
k79_39637	2;1239;186801;186802;31979;44258;3029174	1.0;1.0;1.0;1.0;1.0;1.0;1.0
k79_2723	2;976;200643;171549;815;909656;821	1.0;1.0;1.0;1.0;1.0;0.99999;0.99999
k79_87778	2;1239;909932;1843488;909930;33024;33025	1.0;1.0;1.0;1.0;1.0;1.0;1.0
k79_26840	2;1239;526524;526525;2810280;2678885;1982626	1.0;0.99999;0.99999;0.99999;0.99999;0.99999;0.99999
k79_87783	2;976;200643;171549;815;816;820;997890	1.0;1.0;1.0;1.0;1.0;1.0;1.0;1.0
k79_63491	2;976;200643;171549;171552;2974251;2518605	1.0;0.99999;0.99999;0.99999;0.99999;0.99999;0.99999
k79_15081	2;1239;186801	0.97629;0.86703;0.50493
k79_39654	2;1239;186801;3085636;186803	0.99948;0.9944;0.98344;0.94692;0.94692
k79_87790	2;1239;186801;186802;186806;1730;39496	1.0;1.0;1.0;1.0;1.0;1.0;1.0
k79_15087	2157;28890;183925;2158;2159;2172;2173;420247	0.99977;0.99977;0.99977;0.99977;0.99977;0.99977;0.99964;0.99964
k79_51407	2;1239;186801;186802;216572;1263;2608920	1.0;1.0;1.0;0.99967;0.99966;0.99966;0.99965
k79_63502	2;1239;186801;186802;216572;2892396;2714355	0.99936;0.9493;0.88652;0.76605;0.76426;0.56178;0.56177
k79_75914	2;544448;31969;2085;2092;2093;2102;40477	0.99566;0.87711;0.87711;0.87711;0.87711;0.87711;0.87711;0.87711
k79_2728	2;1239;186801;3085636;186803;841;166486;718255	1.0;1.0;1.0;1.0;1.0;0.99972;0.9997;0.98957
k79_75915	2;1239;186801;3085636;186803;572511;418240;1121115	1.0;1.0;1.0;1.0;1.0;0.99999;0.99999;0.99999
k79_75917	2;1224;28211;356;82115;357;2735528	1.0;0.58879;0.58837;0.58837;0.58837;0.58837;0.58837
k79_51416	2;1239;526524;526525;2810280;2678885;1982626	1.0;1.0;1.0;1.0;0.99999;0.99999;0.99999
k79_39665	2;976;200643;171549;815;816;820;997890	1.0;0.99999;0.99999;0.99999;0.99999;0.99999;0.99998;0.99998
k79_63511	2;976;200643;171549;815;816;162156	1.0;0.99999;0.99999;0.99999;0.99999;0.99999;0.99992
k79_2735	2;1239;186801;3085636;186803;1766253;39491;657317	1.0;1.0;1.0;1.0;1.0;0.99999;0.99999;0.99852
k79_51418	2;1239;186801;186802;216572;216851;411483	1.0;0.99942;0.99942;0.53853;0.53853;0.53852;0.53597
k79_87799	2;976;200643;171549;815;816;820;997890	1.0;1.0;0.99999;0.99999;0.99999;0.99999;0.99895;0.99895
k79_63517	2;976;200643;171549;815;816;820;997890	1.0;0.99999;0.99998;0.99998;0.99994;0.99725;0.99642;0.99642
k79_87805	2;1239;186801;3085636;186803;1766253;39491;657318	1.0;1.0;1.0;1.0;1.0;1.0;1.0;0.99559
k79_2744	2;1239;186801;186802;186806;1730;39496	0.99994;0.99992;0.99992;0.99991;0.99984;0.99984;0.99984
k79_15115	2;1239;186801;3085636;186803;841;1261635	1.0;1.0;1.0;1.0;1.0;0.99997;0.99997
k79_63522	2;1239;186801;3085636;186803;33042;116085	1.0;1.0;1.0;1.0;1.0;0.99998;0.99998
k79_87812	2;976;200643;171549;815	0.99479;0.92424;0.92192;0.92192;0.59701
k79_51439	2;976;200643;171549;171550;239759;214856;679935	1.0;0.99999;0.99999;0.99999;0.99999;0.99999;0.99997;0.99997
k79_75923	2;976;200643;171549;815;816;820;997890	1.0;1.0;1.0;1.0;1.0;1.0;1.0;1.0
k79_15126	2;976;200643;171549;815;816;2785531	1.0;1.0;1.0;1.0;1.0;1.0;1.0
k79_26846	2;1239;186801;3085636;186803;189330;88431	1.0;1.0;1.0;1.0;1.0;0.99988;0.99988
k79_51445	2;1239;186801;3085636;186803;572511;418240;1121115	1.0;1.0;1.0;1.0;1.0;1.0;1.0;1.0
k79_39681	2;1239;526524;526525;2810280;2678885;1982626	1.0;1.0;1.0;1.0;1.0;1.0;1.0
k79_63532	2;1239;526524;526525;2810280;2678885;1982626	1.0;1.0;0.99997;0.99997;0.99997;0.99997;0.99997
k79_15128	2;1239;186801;3085636;186803;207244;649756;649757	1.0;1.0;1.0;1.0;1.0;1.0;1.0;1.0
k79_39683	2;1239;186801;3085636;186803;1766253;39491;657318	1.0;0.99997;0.99997;0.99996;0.99996;0.99996;0.99996;0.99918
k79_26850	2;1239;186801;186802;216572;1263;2608920	0.99999;0.99998;0.99998;0.99837;0.99834;0.99834;0.99827
k79_75925	2;976;200643;171549;815;816;2650157	1.0;0.99998;0.99996;0.99903;0.99902;0.99898;0.70277
k79_51453	2;976	1.0;0.75001
k79_39684	2;1239;91061;186826;33958;2759736	1.0;1.0;0.99996;0.99993;0.99993;0.99993
k79_2789	2;1239;909932;1843488;909930;33024;33025	1.0;1.0;1.0;1.0;1.0;1.0;1.0
k79_51458	2;1239;186801;3085636;186803;841;1261635	1.0;0.99985;0.99959;0.99958;0.99958;0.9991;0.9976
k79_51461	2;1239;186801;3085636;186803;2316020;33039;657313	0.99682;0.96023;0.95982;0.95974;0.95974;0.50754;0.50192;0.50192
k79_26853	2;1239;91061;186826;1300;1301;149016	1.0;1.0;0.99988;0.99988;0.99987;0.99987;0.99987
k79_2795	2;1239;186801;3085636;186803;33042;410072	1.0;1.0;1.0;1.0;1.0;0.99996;0.99996
k79_15141	2;1239;91061;1385;186817;1386;492670	1.0;1.0;0.99996;0.99995;0.99995;0.99995;0.99995
k79_2805	2;976;200643;171549;2005525;375288;823;999416	1.0;1.0;1.0;1.0;1.0;1.0;1.0;1.0
k79_26864	2;1239;186801;3085636;186803;841;166486	0.99996;0.87313;0.86104;0.83174;0.83174;0.57805;0.52045
k79_2806	2;976;200643;171549;815;816;46506;449673	1.0;0.99984;0.99983;0.99901;0.99866;0.98191;0.95756;0.95756
k79_2808	2;1239;186801;3085636;186803;33042;410072	1.0;1.0;1.0;0.99999;0.99999;0.99981;0.99981
k79_15152	2;1239;526524;526525;2810280;2678885;1982626	1.0;1.0;1.0;1.0;1.0;1.0;1.0
k79_2809	2;1224;28216;80840;75682;846;2946593	1.0;0.99998;0.99998;0.99998;0.99998;0.99998;0.99998
k79_51466	2759;7711;40674;9443;9604;9605;9606	0.91156;0.91156;0.91156;0.91156;0.91156;0.91156;0.91156
k79_51467	2;1239;909932;1843488;909930;33024;33025	1.0;1.0;1.0;1.0;1.0;1.0;1.0
k79_39723	2;1239;186801;3085636;186803;33042;116085	1.0;1.0;1.0;1.0;1.0;1.0;1.0
k79_51469	2;1239;186801;3085636;186803;207244;649756;649757	1.0;1.0;0.99996;0.99996;0.99996;0.99996;0.99996;0.99996
k79_87838	2;1239;91061;1385;186822;44249;1763538	0.99273;0.99207;0.86173;0.85557;0.85551;0.85551;0.85551
k79_39731	2;976;200643;171549;815;816;820;997890	1.0;1.0;1.0;1.0;1.0;1.0;1.0;1.0
k79_75962	2;976;200643;171549;815;816;820;997890	1.0;1.0;1.0;1.0;1.0;1.0;0.99996;0.99996
k79_51475	2;1239;186801;186802;216572;216851;411483	1.0;0.95465;0.9546;0.91429;0.74022;0.74016;0.73011
k79_51476	2;1239;526524;526525;2810280;2678885;1982626	1.0;1.0;1.0;1.0;1.0;1.0;1.0
k79_87853	2;1239;186801;3085636;186803;572511;418240;1121115	1.0;1.0;1.0;1.0;1.0;1.0;1.0;1.0
k79_75969	2;1239;186801;3085636;186803;841;166486;657315	1.0;1.0;1.0;0.99933;0.99933;0.99911;0.99911;0.99196
k79_15179	2;1239;186801;186802;216572;1263;2608920	1.0;0.99931;0.99667;0.99667;0.99667;0.99667;0.99666
k79_39744	2157;28890;183925;2158;2159;2172;2173;420247	1.0;1.0;1.0;1.0;1.0;1.0;1.0;1.0
k79_75975	2;1239;186801;186802;216572;1263;2608920	1.0;0.99992;0.99992;0.99992;0.99992;0.99992;0.99987
k79_39753	2;74201;203494;48461;1647988;239934;239935	0.99997;0.99959;0.99959;0.99959;0.99959;0.99959;0.9994
k79_26887	2;1239;186801;3085636;186803;841;301301	1.0;0.99999;0.99996;0.99996;0.99996;0.99996;0.99996
k79_39754	2;1239;186801;3085636;186803;207244;649756;649757	1.0;1.0;1.0;1.0;1.0;1.0;1.0;1.0
k79_2847	2;1239;186801;3085636;186803;572511;418240;1121115	1.0;1.0;1.0;1.0;1.0;1.0;1.0;1.0
k79_63577	2;1239;186801;186802;216572;1263;1161942	1.0;1.0;1.0;1.0;1.0;0.99999;0.99999
k79_15191	2;976;200643;171549;815;816;820;997890	1.0;0.99643;0.99641;0.99641;0.98807;0.98802;0.7417;0.7417
k79_75983	2;976;200643;171549;2005525;375288;328812	1.0;1.0;1.0;1.0;1.0;1.0;1.0
k79_51499	131567	0.99981
k79_75986	2;976;200643;171549;815;816;820;997890	1.0;1.0;1.0;1.0;1.0;1.0;1.0;1.0
k79_87866	2;1239;186801;186802;216572;2842531;2780922	1.0;1.0;0.99999;0.99995;0.99994;0.99975;0.99975
k79_39765	2;1239;186801;3085636;186803;1766253;39491;657317	0.99998;0.99981;0.99981;0.99981;0.99981;0.99928;0.99928;0.99849
k79_51513	2;1239;186801;186802;216572;216851;853;718252	1.0;1.0;1.0;0.99995;0.99995;0.99994;0.99979;0.99947
k79_15211	2;1239;186801;3085636;186803;2569097;39488	1.0;1.0;1.0;0.99999;0.99999;0.99982;0.99982
k79_39770	2;1239;186801;3085636;186803;1766253;39491;657317	1.0;1.0;0.99999;0.99996;0.99996;0.66329;0.66329;0.66292
k79_51519	2;976;200643;171549;815;816;820;997890	1.0;1.0;1.0;1.0;1.0;1.0;1.0;1.0
k79_15221	2;1239;526524;526525;2810280;2678885;1982626	1.0;1.0;1.0;1.0;1.0;1.0;1.0
k79_51520	2;1239;186801;3085636;186803;207244;649756;649757	1.0;1.0;1.0;1.0;1.0;1.0;1.0;1.0
k79_2864	2;1239;186801;3085636;186803;841;166486;718255	0.98986;0.98878;0.96586;0.96543;0.96543;0.60313;0.58796;0.57269
k79_26905	2;1239;186801;3085636;186803;572511;418240;1121115	1.0;1.0;1.0;0.99998;0.99998;0.99997;0.99997;0.99997
k79_87870	2;1239;186801;3085636;186803;1766253;39491;657317	0.99986;0.99967;0.99967;0.9996;0.9996;0.76014;0.76014;0.6293
k79_51523	2;1239;526524;526525;2810280;2678885;1982626	1.0;1.0;0.99999;0.99999;0.99999;0.99998;0.99998
k79_75999	2;1239;186801;3085636;186803;1766253;39491;657317	1.0;1.0;1.0;1.0;1.0;1.0;1.0;0.99998
k79_87875	2;976;200643;171549;815;816;28116	1.0;0.99999;0.99999;0.99999;0.99999;0.99999;0.99969
k79_87876	2;1239;91061;1385;186822;55079;3022697	1.0;1.0;0.99997;0.99997;0.99997;0.99997;0.99997
k79_39791	2;1239;186801;3085636;186803;1766253;39491;657318	1.0;0.99999;0.99995;0.99983;0.99983;0.98513;0.98513;0.91939
k79_39793	2;1239;186801;3085636;186803;1766253;39491;657317	1.0;1.0;1.0;1.0;1.0;1.0;1.0;0.99433
k79_87877	2;1239;186801;3085636;186803;2316020;46228;471875	1.0;1.0;1.0;1.0;1.0;0.99861;0.99861;0.99861
k79_51536	2;1239;186801;3085636;186803;1766253;39491;657318	1.0;1.0;1.0;1.0;1.0;0.99999;0.99999;0.68173
k79_26916	2;1239	0.99999;0.80616
k79_51538	2;976;200643;171549;815;816;817;862962	1.0;1.0;1.0;1.0;1.0;1.0;0.99999;0.99998
k79_2874	2;1239;186801;3085636;186803;1766253;39491;657317	1.0;1.0;1.0;0.99999;0.99999;0.97864;0.97864;0.97749
k79_63595	2;1239;186801;3085636;2603322;1348611;1185412	1.0;1.0;0.99977;0.99974;0.99974;0.99974;0.99974
k79_39814	2;1239;186801;3085636;186803;572511;418240;1121115	1.0;1.0;1.0;1.0;1.0;1.0;1.0;1.0
k79_2877	2;1239;186801;186802;1491775;2838170;2731377	1.0;0.99996;0.99993;0.99993;0.99984;0.99984;0.99984
k79_51554	2;976;200643;171549;815;816;820;997890	1.0;1.0;1.0;1.0;1.0;1.0;0.99999;0.99999
k79_63598	2;1239;186801;3085636;186803;207244;649756;649757	1.0;1.0;1.0;1.0;1.0;1.0;1.0;1.0
k79_2879	2;1239;186801;3085636;186803;1766253;39491;657318	1.0;1.0;1.0;1.0;1.0;1.0;1.0;0.87814
k79_76026	2;1239;526524;526525;2810280;2678885;1982626	1.0;1.0;1.0;1.0;1.0;1.0;1.0
k79_63607	2;1224;1236;1240482;1240483;2894762;1635327	1.0;0.99868;0.99868;0.99868;0.99868;0.99868;0.99868
k79_26921	2;1239;186801;186802;216572;1263;2608920	1.0;0.99999;0.99991;0.99991;0.99988;0.99988;0.99987
k79_63608	2;1239;186801;3085636;186803;1766253;39491;657317	1.0;1.0;1.0;1.0;1.0;1.0;1.0;0.99938
k79_39827	2;1239;909932;1843488;909930;33024;33025	1.0;1.0;1.0;1.0;1.0;1.0;1.0
k79_26927	2;976;200643;171549;815;816;820;997890	1.0;0.99999;0.99999;0.99999;0.99999;0.99999;0.99997;0.99997
k79_51575	2;1239;186801;3085636;186803;207244;649756;649757	1.0;0.99998;0.99998;0.99998;0.99998;0.99998;0.99998;0.99998
k79_63612	2;1239;186801;186802;216572;1263;2608920	1.0;1.0;0.99999;0.99999;0.99999;0.99999;0.99999
k79_39828	2;976;200643;171549;815;816;28111	1.0;1.0;1.0;1.0;1.0;1.0;0.99999
k79_39832	2;1239;186801;3085636;186803;1766253;39491;657318	1.0;0.99999;0.99999;0.99999;0.99999;0.99621;0.99621;0.92392
k79_76034	2;976;200643;171549;815;816;820;997890	1.0;1.0;1.0;1.0;1.0;1.0;0.99994;0.99994
k79_63622	2;976;200643;171549;815;816;820;997890	1.0;1.0;1.0;1.0;1.0;1.0;0.99992;0.99992
k79_15290	2;1239;186801;3085636;186803;841;2763062	1.0;0.99993;0.99992;0.99989;0.99989;0.99725;0.97946
k79_87920	2;1239;186801;186802;216572;2834348;2666138	1.0;1.0;1.0;1.0;1.0;1.0;1.0
k79_76043	2;1239;186801;3085636;186803;28050;39485;515620	1.0;1.0;1.0;0.99999;0.99999;0.9997;0.9997;0.9997
k79_39847	2;1239;186801;186802;216572;1263;1160721	0.99815;0.904;0.90396;0.69851;0.69851;0.69847;0.69728
k79_51593	2;1239;526524;526525;2810280;2678885;1982626	1.0;1.0;1.0;1.0;1.0;1.0;1.0
k79_39849	2;1239;186801;3085636;186803;1766253;39491;657318	1.0;1.0;1.0;0.99999;0.99999;0.99998;0.99998;0.9995
k79_87926	2;1239;186801;3085636;186803;33042;410072	1.0;1.0;1.0;0.99995;0.99995;0.98629;0.98629
k79_2896	2;1239;186801;3085636;186803;33042;410072	1.0;1.0;1.0;1.0;1.0;0.99916;0.99916
k79_51598	2;1239;186801	0.88002;0.5247;0.52252
k79_15311	2;976;200643;171549;815;909656;376805;667015	1.0;0.99979;0.99979;0.99979;0.99978;0.99948;0.9994;0.9994
k79_51599	2;1239;186801;186802;31979;1485;1216932	1.0;1.0;0.99999;0.99999;0.99999;0.99999;0.99999
k79_2906	2;1239;91061;1385;186817;1386;1839798	0.9851;0.98501;0.97726;0.97726;0.97726;0.97726;0.97726
k79_15318	2;1239;186801;186802;216572;216851;853;718252	1.0;0.99996;0.99995;0.99987;0.99985;0.99976;0.99976;0.99976
k79_63644	2;976;200643;171549;815;909656;357276;997877	1.0;0.99615;0.99615;0.99615;0.99229;0.96087;0.96058;0.96058
k79_15321	2;976;200643;171549;815;909656;376805;667015	0.9999;0.97037;0.97003;0.97002;0.96812;0.6169;0.57525;0.57525
k79_51601	2;1239;186801;3085636;186803;572511;40520;657314	1.0;0.99992;0.99992;0.99992;0.99992;0.99947;0.99939;0.99938
k79_87951	2;1239;526524;526525;2810280;2678885;1982626	1.0;1.0;1.0;1.0;0.99999;0.99998;0.99998
k79_76053	2;1239;526524;526525;2810280;2678885;1982626	1.0;1.0;1.0;1.0;1.0;1.0;1.0
k79_39871	2;1239;909932;1843488;909930;33024;33025	1.0;1.0;1.0;1.0;1.0;1.0;1.0
k79_51614	2;1239;91061;1385;186822;44249;1695218	1.0;0.99828;0.89525;0.89525;0.89525;0.89525;0.89525
k79_87963	2;1239;186801;3085636;186803;841;1261635	1.0;0.99995;0.99995;0.99984;0.99984;0.99942;0.83362
k79_51615	2;1239;91061;1385;186817;1386;1408	1.0;1.0;1.0;1.0;0.99999;0.99999;0.99999
k79_26956	2157;28890;183925;2158;2159;2172;2173;420247	0.99999;0.99999;0.99999;0.99999;0.99999;0.99999;0.99919;0.99919
k79_2923	2;1239;186801;3085636;186803;33042;410072	0.99617;0.73833;0.73633;0.7353;0.7353;0.73075;0.73054
k79_15328	2;1239;186801;3085636;186803;572511;418240;1121115	1.0;1.0;1.0;1.0;1.0;1.0;0.99999;0.99999
k79_87981	2;976;200643;171549;815;909656;821	0.99995;0.99974;0.99973;0.99973;0.73169;0.65827;0.60453
k79_63657	2;1239;186801;186802;216572;1263;2608920	1.0;1.0;0.99998;0.99996;0.99996;0.99996;0.99994
k79_39887	2759;7711;40674;9443;9604;9605;9606	0.86875;0.86875;0.86875;0.86875;0.86875;0.86875;0.86875
k79_87986	2;976;200643;171549;815;816;820;997890	1.0;1.0;1.0;1.0;1.0;1.0;1.0;1.0
k79_51624	2;1239;526524;526525;2810280;2678885;1982626	1.0;1.0;0.99999;0.99999;0.99994;0.99994;0.99994
k79_76061	2;976;200643;171549;815;816;820;997890	1.0;1.0;1.0;1.0;1.0;1.0;0.99887;0.99887
k79_87991	2157;28890;183925;2158;2159;2172;2173;420247	0.99961;0.99961;0.99961;0.99961;0.99961;0.99961;0.99888;0.99888
k79_76062	2;1239;186801;3085636;186803;1766253;39491;657317	0.99989;0.97432;0.96946;0.9674;0.9674;0.84827;0.84827;0.84789
k79_15331	2157;28890;183925;2158;2159;2172;2173;420247	1.0;1.0;1.0;1.0;1.0;1.0;0.99998;0.99998
k79_15336	2;1239;186801;3085636;2603322;1348611;1185412	1.0;1.0;1.0;1.0;1.0;1.0;1.0
k79_63689	2;1239;186801;3085636;186803	0.99985;0.9956;0.991;0.96965;0.96961
k79_26983	2;1239;1737404;1737405;1737406;41273;3035694	1.0;0.99996;0.99984;0.99984;0.99984;0.99984;0.99984
k79_39889	131567	0.99998
k79_2935	2;1239;91061;186826;1300;1301;1501662	1.0;1.0;0.99998;0.99998;0.99998;0.99998;0.99998
k79_63693	2;1239;186801;186802;216572;1263;2608920	1.0;1.0;1.0;1.0;1.0;1.0;0.99995
k79_26991	2;1239;186801;3085636;186803;1766253;39491;657317	1.0;0.99999;0.99999;0.99999;0.99999;0.99998;0.99998;0.97158
k79_88008	2;1239;526524;526525;2810280;2678885;1982626	1.0;1.0;1.0;1.0;1.0;1.0;1.0
k79_2944	2;1239;526524;526525;2810280;2678885;1982626	0.99998;0.99998;0.99998;0.99998;0.99998;0.99998;0.99998
k79_63698	2157;28890;183925;2158;2159;2172;2173;420247	1.0;1.0;1.0;1.0;1.0;1.0;1.0;1.0
k79_76090	2;1239;186801;3085636;186803;189330;88431	1.0;0.99997;0.99997;0.99997;0.99997;0.99975;0.99975
k79_15361	2;1239;186801;3082720;186804;1870884;1496	1.0;1.0;1.0;0.99996;0.99996;0.99996;0.99996
k79_51650	2;976;200643;171549;815;816;820;997890	1.0;0.99882;0.99882;0.99882;0.99882;0.99882;0.99879;0.99879
k79_26992	2;1239;526524;526525;2810280;2678885;1982626	1.0;1.0;0.99992;0.99992;0.99992;0.99992;0.99992
k79_26993	2;976;200643;171549;815;816;820;997890	1.0;0.99985;0.99984;0.99984;0.93465;0.93358;0.93085;0.93085
k79_2946	2;1239;526524;526525;2810280;2678885;1982626	1.0;1.0;0.99999;0.99999;0.99999;0.99999;0.99999
k79_39908	2;1239;186801;3085636;186803;572511;40520;657314	1.0;1.0;1.0;1.0;1.0;0.99999;0.99999;0.99999
k79_51656	2;976;200643;171549;815;909656;821	1.0;0.9999;0.9999;0.9999;0.99989;0.99955;0.99955
k79_26995	2;976;200643;171549;815;816;820;997890	1.0;1.0;1.0;1.0;1.0;1.0;1.0;1.0
k79_88029	2;1239;186801;186802;216572;1263;2608920	0.99988;0.74285;0.69049;0.68076;0.68064;0.671;0.6277
k79_88030	2;1239;909932;1843488;909930;33024;33025	1.0;1.0;1.0;1.0;1.0;1.0;1.0
k79_63701	2;1239;186801;186802;216572;1263;2608920	0.99997;0.99842;0.99426;0.99422;0.99272;0.99272;0.97973
k79_26999	2;1239;186801;3085636;186803;572511;418240;1121115	1.0;1.0;1.0;1.0;1.0;0.99992;0.99992;0.99992
k79_63708	2;1239;186801;3085636;186803;572511;418240;1121115	1.0;1.0;1.0;1.0;1.0;1.0;1.0;1.0
k79_76098	2;1239;186801;3085636;186803;1766253;39491;657317	1.0;1.0;1.0;1.0;1.0;1.0;1.0;0.85668
k79_39913	2;1239;186801;186802;216572;216851;411483	1.0;0.9997;0.99626;0.99118;0.99118;0.95836;0.95321
k79_88037	2;1239;526524;526525;2810280;2678885;1982626	0.99999;0.99988;0.99984;0.99984;0.99984;0.99984;0.99984
k79_15371	2;1239;186801;186802;216572;1263;2608920	1.0;1.0;1.0;1.0;1.0;1.0;1.0
k79_88038	2;1239;186801;3085636;186803;841;301301	1.0;0.9996;0.99937;0.99932;0.99932;0.99433;0.64113
k79_27003	2;1239;186801;3085636;186803;841;1261635	1.0;0.99996;0.99996;0.99996;0.99996;0.96023;0.96014
k79_51660	2;1239;526524;526525;2810280;2678885;1982626	0.99996;0.86793;0.85722;0.85722;0.85722;0.85721;0.85721
k79_2963	2;976;200643;171549;815;816;46506;449673	1.0;0.99999;0.99999;0.99999;0.99998;0.99921;0.99915;0.99915
k79_27004	2157;28890;183925;2158;2159;2172;2173;420247	1.0;1.0;1.0;1.0;1.0;1.0;1.0;1.0
k79_88044	2;1239;186801;3085636;186803;3076670;3028070	1.0;0.99999;0.99999;0.99999;0.99999;0.99999;0.99999
k79_2965	2;976;117743;200644;49546;237;1979344	1.0;0.84114;0.75269;0.75269;0.75269;0.75268;0.75268
k79_63722	2;1239;186801;3085636;186803;572511;418240;1121115	1.0;1.0;1.0;1.0;1.0;0.99999;0.99999;0.99999
k79_15376	2;1239;186801;186802;186806;1730;39496	0.99991;0.90394;0.5742;0.57232;0.56399;0.56399;0.56391
k79_39924	2;1239;186801;3085636;186803;2944193;2763672	1.0;0.99972;0.99971;0.99602;0.99602;0.61017;0.61017
k79_2969	2;1239;186801;3085636;186803;207244;649756;649757	1.0;1.0;1.0;1.0;1.0;1.0;1.0;1.0
k79_76112	2;1239;186801;186802;186806;1730;39496	0.99999;0.99997;0.8221;0.52923;0.52923;0.52923;0.52923
k79_2970	2;1239;909932;1843488;909930;33024;33025	1.0;0.99996;0.99995;0.99995;0.99995;0.99995;0.99995
k79_39928	2;976;200643;171549;815;816;820;997890	1.0;0.99999;0.99999;0.99999;0.99997;0.99996;0.99971;0.99971
k79_27007	2;1239;909932;1843488;909930;33024;33025	0.99998;0.99966;0.99958;0.99956;0.99956;0.99956;0.99956
k79_51667	2759;7711;40674;9443;9604;9605;9606	0.90347;0.90347;0.90347;0.90347;0.90347;0.90347;0.90347
k79_88063	2;1239;186801;3085636;186803;1766253;39491;657317	1.0;1.0;0.99999;0.99995;0.99995;0.99898;0.99898;0.65321
k79_2990	2;1239;526524;526525;2810280;2678885;1982626	1.0;1.0;1.0;1.0;1.0;1.0;1.0
k79_76118	2;976;200643;171549;815;816;820;997890	1.0;1.0;1.0;1.0;1.0;1.0;1.0;1.0
k79_76119	2;976;200643;171549;815;816;820;997890	1.0;1.0;1.0;1.0;1.0;1.0;1.0;1.0
k79_39941	2;1239;91061;186826;33958;2767879;83526	1.0;1.0;0.99995;0.99995;0.99901;0.99901;0.99901
k79_2995	2;976;200643;171549;2005525;375288;823;999416	1.0;1.0;1.0;1.0;1.0;1.0;1.0;1.0
k79_15385	2157;28890;183925;2158;2159;2172;2173;420247	1.0;1.0;1.0;1.0;1.0;1.0;0.99999;0.99999
k79_63758	2;976;200643;1970189;1471398;1471399;1168034	1.0;0.99999;0.99999;0.99992;0.99992;0.99992;0.99992
k79_39943	2;1239;526524;526525;2810280;2678885;1982626	1.0;1.0;1.0;1.0;1.0;1.0;1.0
k79_88064	2;976;200643;171549;815;909656;821	1.0;1.0;1.0;1.0;1.0;0.99998;0.99998
k79_63762	2157;28890;183925;2158;2159;2172;2173;420247	1.0;1.0;1.0;1.0;1.0;1.0;0.9999;0.9999
k79_3002	2;976;200643;171549;815;909656;357276;997877	1.0;1.0;1.0;1.0;0.99999;0.99979;0.99971;0.99971
k79_63766	2;976;200643;171549;815;816;2646097	1.0;1.0;1.0;1.0;1.0;1.0;0.99997
k79_15392	2;976;200643;171549;815;816;818	1.0;0.99999;0.99999;0.99999;0.99999;0.99999;0.99997
k79_51683	2157;28890;183925;2158;2159;2172;2870563	1.0;1.0;1.0;1.0;1.0;1.0;1.0
k79_27015	2;976;768503;768507;3078917;455076;2704465	1.0;0.99998;0.99998;0.99998;0.99998;0.99998;0.99998
k79_76132	2;976;200643;171549;815;816;820;997890	1.0;1.0;1.0;1.0;1.0;1.0;0.99997;0.99997
k79_15399	2;1239;186801;3085636;186803;33042;410072	1.0;0.99999;0.99999;0.99997;0.99997;0.63458;0.63458
k79_51684	2;976;200643;171549;815;816;820;997890	1.0;1.0;1.0;1.0;1.0;1.0;0.99998;0.99998
k79_88093	2;976;200643;171549;815;816;820;997890	1.0;0.99992;0.99992;0.99992;0.99991;0.99491;0.99473;0.99473
k79_3019	2;976;200643;171549;2005525;375288;823;999416	1.0;0.99987;0.99987;0.99987;0.99987;0.99987;0.99987;0.99987
k79_51694	2;1224;1236;1240482;1240483;2894762;1635327	0.99895;0.86457;0.86448;0.86418;0.86418;0.86418;0.86418
k79_88099	2;1239;186801;186802;31979;1485;29341	1.0;1.0;1.0;1.0;1.0;1.0;1.0
k79_88100	2;976;200643;171549;815;816;817;862962	1.0;1.0;1.0;1.0;0.99999;0.99999;0.99936;0.99934
k79_15408	2;1239;186801;3085636;186803;1766253;39491;657317	1.0;1.0;1.0;1.0;1.0;1.0;1.0;0.79497
k79_51707	2;1239;186801;3085636;186803;572511;418240;1121115	1.0;1.0;1.0;1.0;1.0;1.0;1.0;1.0
k79_63797	2;1239;186801;186802;216572;216851;853;718252	1.0;0.99999;0.99999;0.99998;0.99998;0.99994;0.99191;0.99191
k79_51713	2;74201;203494;48461;1647988;239934;239935	1.0;0.83884;0.83884;0.83884;0.83884;0.83884;0.8388
k79_88115	2;1239;186801;3085636;186803;207244;649756;649757	1.0;1.0;1.0;1.0;1.0;1.0;1.0;1.0
k79_76163	131567	0.50257
k79_88117	2;976;200643;171549;815;816;820;997890	1.0;1.0;1.0;1.0;1.0;1.0;1.0;1.0
k79_51719	2;1239;526524;526525;2810280;2678885;1982626	0.99999;0.99999;0.99999;0.99999;0.99999;0.99999;0.99999
k79_76167	2;1239;186801;3085636;186803;841;166486;657315	1.0;1.0;1.0;1.0;1.0;0.99997;0.99997;0.99997
k79_88122	2;201174;84998;1643822;1643826	1.0;0.99996;0.99996;0.99996;0.99996
k79_39963	2;1239;91061;1385;186817;2837506;2912824	0.99995;0.99995;0.99994;0.99994;0.99994;0.99994;0.99994
k79_3025	2;976;200643;171549;815;816;818	1.0;1.0;1.0;1.0;0.99987;0.99987;0.99963
k79_51724	2;976;200643;171549;815;816;290053;693979	1.0;1.0;1.0;1.0;1.0;1.0;1.0;1.0
k79_39967	2;1239;186801;3085636;186803;1766253;39491;657318	1.0;1.0;1.0;1.0;1.0;1.0;1.0;0.99955
k79_51726	2;1239;186801;3085636;186803;572511	0.99771;0.98631;0.98562;0.98164;0.98164;0.59611
k79_63802	2;1239;186801;3085636;186803;2316020;46228;471875	1.0;1.0;1.0;1.0;1.0;0.99999;0.99999;0.99999
k79_27040	2;976;200643;171549;815;816;820;997890	1.0;1.0;1.0;1.0;1.0;1.0;1.0;1.0
k79_39969	2;1239;526524;526525;2810280;2678885;1982626	1.0;1.0;1.0;1.0;1.0;1.0;1.0
k79_51730	2;1239;186801;3085636;186803;572511;418240;1121115	1.0;1.0;1.0;1.0;1.0;1.0;1.0;1.0
k79_63809	2;1239;186801;3085636;186803;33042;410072	0.98571;0.95013;0.93304;0.92292;0.92292;0.52248;0.52234
k79_88145	2;1239;186801;3085636;186803;1766253;39491;657318	1.0;0.99997;0.99995;0.99993;0.99993;0.99954;0.99954;0.7616
k79_63812	2;1239;91061;186826;1300;1301;149016	1.0;1.0;0.99771;0.99771;0.9977;0.9977;0.9977
k79_39971	2;1239;186801;186802;216572;459786;2763056	1.0;0.99999;0.99999;0.99987;0.99987;0.98688;0.98683
k79_76171	2;1239;186801;186802;216572;946234;292800	0.99997;0.99997;0.99997;0.99993;0.99993;0.99988;0.99988
k79_51736	2;1239;526524;526525;2810280;2678885;1982626	1.0;1.0;1.0;1.0;1.0;1.0;1.0
k79_39973	2;1239;186801;3085636;186803;2316020;46228;471875	1.0;1.0;1.0;1.0;1.0;1.0;1.0;1.0
k79_88153	2;1239;186801;186802;216572;216851;853;718252	1.0;1.0;1.0;1.0;1.0;1.0;1.0;1.0
k79_76176	2;1239;186801;3085636;186803;572511;418240;1121115	1.0;1.0;1.0;1.0;1.0;1.0;1.0;1.0
k79_51742	2;1239;526524;526525;2810280;2678885;1982626	1.0;1.0;1.0;1.0;1.0;1.0;1.0
k79_63830	2;976;200643;171549;815;909656;387090	1.0;1.0;1.0;1.0;1.0;0.99999;0.99998
k79_3048	2157;28890;183925;2158;2159;2172;2173;420247	1.0;1.0;1.0;1.0;1.0;1.0;0.99998;0.99998
k79_27055	2;1239;186801;3085636;186803;1766253;39491;657317	1.0;1.0;1.0;1.0;1.0;1.0;1.0;0.9999
k79_3050	2;976;200643;171549;815;816;820;997890	1.0;0.99944;0.99894;0.99891;0.99728;0.9801;0.58465;0.58465
k79_63831	2;1239;526524;526525;2810280;2678885;1982626	1.0;1.0;1.0;1.0;1.0;1.0;1.0
k79_39978	2;1239;91061;186826;33958;1578;2620435	1.0;1.0;0.99981;0.99981;0.99981;0.99981;0.99981
k79_88169	2;1239;186801;3085636;186803;572511;418240;1121115	1.0;1.0;1.0;1.0;1.0;0.99998;0.99851;0.99851
k79_3052	2;1239;186801;186802;216572;216851;3030639	1.0;0.96871;0.96709;0.93069;0.93;0.92997;0.8463
k79_15416	2;1224;1236;91347;1903410;122277;1201031	1.0;0.91593;0.91593;0.91593;0.91593;0.91593;0.91593
k79_27065	2;976;200643;171549;815;816;820;997890	1.0;0.91529;0.91502;0.91502;0.91321;0.91312;0.90809;0.90809
k79_39980	2;1239;91061;1385;186817;1386;561879	0.99997;0.99737;0.99689;0.99689;0.99689;0.99689;0.99689
k79_27069	2;1239;186801;186802;31979;1485;1501;86416	1.0;1.0;1.0;0.99999;0.99999;0.99999;0.99998;0.99998
k79_39986	2;1239;186801;3085636;186803;207244;649756;649757	1.0;0.99999;0.99992;0.99992;0.99992;0.99992;0.99992;0.99992
k79_76185	2;1239;186801;3085636;186803;1766253;39491;657317	0.9999;0.99908;0.99793;0.99746;0.99746;0.88686;0.88686;0.81938
k79_51757	2;1239;186801;3085636;186803;572511;418240;1121115	1.0;1.0;1.0;1.0;1.0;1.0;1.0;1.0
k79_3072	2;1239;186801;3085636;186803;1766253;39491;657317	1.0;1.0;1.0;1.0;1.0;1.0;1.0;0.9022
k79_15427	2;1239;186801;3085636;186803;1766253;39491;657317	1.0;1.0;1.0;1.0;1.0;0.99973;0.99973;0.99972
k79_63848	2;1239;526524;526525;2810280;2678885;1982626	1.0;1.0;0.99999;0.99999;0.99999;0.99999;0.99999
k79_39999	2;1239;186801;3085636;186803;1766253;39491;657318	1.0;1.0;1.0;1.0;1.0;1.0;1.0;0.99962
k79_88184	2;1239;186801;186802;216572;1263;2608920	1.0;0.99997;0.99995;0.99993;0.99993;0.9992;0.99919
k79_27082	2157;28890;183925;2158;2159;2172;2173;420247	1.0;1.0;1.0;1.0;1.0;1.0;1.0;1.0
k79_51761	2157;28890;183925;2158;2159;2172;2173;420247	1.0;1.0;1.0;1.0;1.0;1.0;0.99991;0.99991
k79_51762	2;976;117743;200644;49546;237;2937442	1.0;1.0;1.0;1.0;1.0;1.0;1.0
k79_63854	2;1239;186801;3085636;186803;572511;1322;537007	1.0;0.99985;0.99985;0.99985;0.99985;0.99985;0.99921;0.99921
k79_15446	2;1239;186801;3085636;186803;2316020;33038	1.0;1.0;1.0;1.0;1.0;0.99999;0.99999
k79_40017	131567	0.99997
k79_63861	2;1239;186801;3085636;186803;1766253;39491;657317	1.0;1.0;1.0;1.0;1.0;1.0;1.0;0.76353
k79_40019	2;1239;91061;1385	0.99979;0.99374;0.5558;0.55579
k79_15452	2;1239;526524;526525;2810280;2678885;1982626	0.99997;0.9999;0.94793;0.94793;0.94784;0.94784;0.94784
k79_51778	2;1239;186801;3085636;186803;1766253;39491;657317	1.0;1.0;1.0;1.0;1.0;1.0;1.0;0.98564
k79_15455	2;976;200643;171549;815;816;820;997890	1.0;1.0;1.0;1.0;1.0;1.0;0.99996;0.99996
k79_27103	2;1239;186801;186802;2937909;79206;1563;768706	1.0;1.0;1.0;1.0;1.0;1.0;1.0;1.0
k79_63867	2;1224;28216;80840;75682;846;2946593	1.0;0.54936;0.54926;0.54926;0.54918;0.54915;0.54915
k79_40026	2;1239;186801;3085636;186803;189330;88431	1.0;0.99975;0.99963;0.99962;0.99962;0.99589;0.99588
k79_51785	2;1224;1236;135622;267890;22;518738	1.0;0.99993;0.99993;0.99993;0.99986;0.99986;0.99986
k79_15458	2;1239;186801;3085636;186803;207244;649756;649757	1.0;1.0;1.0;0.99997;0.99997;0.99997;0.99997;0.99997
k79_3103	2;1239;186801;186802;216572;216851;853;718252	1.0;1.0;1.0;1.0;1.0;0.99999;0.99998;0.99998
k79_27106	2;976;200643;171549;815;816;329854	1.0;1.0;1.0;1.0;1.0;0.99987;0.99923
k79_40027	131567	1.0
k79_63879	2;1239;186801;186802;216572;216851;2929495	0.97266;0.82742;0.82717;0.82715;0.80901;0.80871;0.80866
k79_76207	2;1239;186801;186802;216572;1263;2608920	1.0;0.99988;0.99988;0.99987;0.99987;0.99987;0.99987
k79_40029	2;976;200643;171549;815;816;820;997890	1.0;1.0;1.0;1.0;1.0;1.0;0.99999;0.99999
k79_51794	2;1239;186801;3085636;186803;33042;410072	1.0;1.0;1.0;1.0;1.0;0.99999;0.99999
k79_88219	2;1239;909932;1843488;909930;33024;33025	1.0;1.0;0.99999;0.99999;0.99999;0.99999;0.99999
k79_76212	2;1239;186801;3085636;186803;33042;410072	0.99994;0.92792;0.84769;0.83487;0.83487;0.74337;0.74337
k79_88226	2;1239;186801;186802;216572;216851;2929491	1.0;1.0;1.0;0.99999;0.99999;0.99999;0.99993
k79_15464	2;976;200643;171549;815;816;820;997890	1.0;1.0;1.0;1.0;1.0;1.0;0.99979;0.99979
k79_3127	2;976;200643;171549;815;816;820;997890	1.0;1.0;1.0;1.0;1.0;1.0;0.99999;0.99999
k79_40043	2;976;200643;171549;815;909656;357276;997877	1.0;1.0;1.0;1.0;1.0;1.0;0.99998;0.99998
k79_51803	2;1239;186801;3085636;186803;207244;649756;649757	1.0;1.0;0.99999;0.99999;0.99999;0.99999;0.99999;0.99999
k79_15469	2;1239;186801;3085636;186803;1766253;39491;657318	0.9976;0.67864;0.67795;0.67365;0.67365;0.63689;0.63689;0.63118
k79_3134	2;1239;186801;3085636;186803;2316020;46228;471875	1.0;1.0;1.0;1.0;1.0;1.0;1.0;1.0
k79_27115	2;1239;186801;186802;31979;1485;2212991	0.99968;0.99935;0.99528;0.99527;0.9894;0.9894;0.98931
k79_3135	2;976;200643;171549;2005525;375288;823;999416	1.0;0.99626;0.99626;0.99626;0.99621;0.99621;0.99621;0.99621
k79_63886	2;1134404;795747;795748;1334117;1134403;1134405;1191523	1.0;0.99984;0.99984;0.99984;0.99984;0.99984;0.99984;0.99984
k79_15473	2;976;200643;171549;2005525;375288;823;999416	1.0;1.0;1.0;1.0;1.0;1.0;1.0;1.0
k79_40046	2157;28890;183925;2158;2159;2172;2173;420247	1.0;1.0;1.0;1.0;1.0;1.0;0.99999;0.99999
k79_51808	2;1239;526524;526525;2810280;2678885;1982626	1.0;1.0;1.0;1.0;1.0;1.0;1.0
k79_15477	2;976;200643;171549;171550;239759;1288121	1.0;1.0;1.0;1.0;0.99821;0.99821;0.99821
k79_63891	2;976;200643;171549;815;816;820;997890	1.0;1.0;0.99999;0.99998;0.99998;0.99998;0.99909;0.99909
k79_15480	2157;28890;183925;2158;2159;2172;2173;420247	1.0;1.0;1.0;1.0;1.0;1.0;0.99998;0.99998
k79_40053	2;1239;186801;3085636;186803;572511;418240;1121115	1.0;1.0;1.0;1.0;1.0;1.0;1.0;1.0
k79_3145	2;1239;186801;3085636;186803;2944193;2763672	1.0;1.0;1.0;1.0;1.0;1.0;1.0
k79_76228	2;1239;186801;3085636;186803;572511;418240;1121115	1.0;1.0;1.0;1.0;1.0;1.0;1.0;1.0
k79_3146	2;1239;186801;3085636;186803;1766253;39491;657318	1.0;1.0;1.0;0.99999;0.99999;0.99964;0.99964;0.94266
k79_76230	2157;28890;183925;2158;2159;2172;2173;420247	0.99998;0.99998;0.99998;0.99998;0.99998;0.99998;0.99998;0.99998
k79_88246	2;976;200643;171549;815;816;820;997890	1.0;1.0;1.0;1.0;1.0;1.0;1.0;1.0
k79_40059	2;1239;91061;1385;186817;1386;1839798	1.0;0.99999;0.99995;0.99995;0.99995;0.99995;0.99995
k79_63896	2;1239;186801;3085636;186803;841;301301	0.99999;0.99999;0.99999;0.99998;0.99998;0.99994;0.9999
k79_3149	2;1239;186801;3085636;186803;2316020;46228;471875	1.0;1.0;1.0;1.0;1.0;0.99988;0.99988;0.99988
k79_40069	2;1239;186801;186802;186806;1730;39496	1.0;1.0;0.99999;0.99999;0.99999;0.99999;0.99999
k79_3155	2;1239;186801;3085636;186803;572511;418240;1121115	1.0;1.0;1.0;1.0;1.0;1.0;1.0;1.0
k79_76249	2157;28890;183925;2158;2159;2172;2173;420247	1.0;1.0;1.0;1.0;1.0;1.0;0.99999;0.99999
k79_88247	2;1239;186801;3085636;186803;207244;649756;649757	1.0;1.0;1.0;1.0;1.0;1.0;1.0;1.0
k79_40077	2;1239;526524;526525;2810280;2678885;1982626	1.0;1.0;1.0;1.0;1.0;1.0;1.0
k79_3156	2;976;200643;171549;2005525;375288;387661	1.0;1.0;0.99999;0.99999;0.99999;0.99999;0.99999
k79_15496	2;1239;909932;1843488;909930;33024;33025	1.0;0.99998;0.99995;0.99995;0.99995;0.99995;0.99995
k79_27126	2;976;200643;171549;815;816;820;997890	1.0;1.0;1.0;1.0;1.0;1.0;1.0;1.0
k79_63904	2;1239;91061;1385;186822;44249;1763538	0.99987;0.99986;0.99912;0.99912;0.9991;0.9991;0.9991
k79_3159	2;1239;186801;186802;186806;1730;39496	1.0;1.0;1.0;1.0;1.0;1.0;1.0
k79_88256	2;1239;186801;3085636;186803;1766253;39491;657318	1.0;1.0;1.0;1.0;1.0;0.99999;0.99999;0.99867
k79_27127	2;1239;526524;526525;2810280;2678885;1982626	1.0;1.0;1.0;1.0;1.0;1.0;1.0
k79_15497	2;1239;526524;526525;2810280;2678885;1982626	1.0;1.0;1.0;1.0;1.0;1.0;1.0
k79_27128	2;1239;186801;3085636;186803;572511;418240;1121115	1.0;1.0;1.0;1.0;1.0;1.0;1.0;1.0
k79_3164	2;976;200643;171549;815;909656;357276;997877	1.0;0.99936;0.99936;0.99936;0.99902;0.68423;0.6656;0.6656
k79_63905	2;1239;186801;186802;216572;459786;2763056	1.0;0.99998;0.99998;0.99997;0.99997;0.99991;0.99991
k79_27131	2;1239;91061;1385;186822;44249;539262	1.0;1.0;0.99999;0.99998;0.99998;0.99998;0.99998
k79_40092	2;976;200643;171549;815;816;820;997890	1.0;0.99988;0.99988;0.99988;0.99988;0.99988;0.99985;0.99985
k79_51833	2;1239;186801;186802;216572;1263;2608920	0.99998;0.99984;0.9996;0.99926;0.99908;0.99904;0.99879
k79_51843	2;1239;186801;3085636;186803;207244;649756;649757	1.0;1.0;1.0;1.0;1.0;1.0;1.0;1.0
k79_63923	2157;28890;183925;2158;2159;2172;2173;420247	1.0;1.0;1.0;1.0;1.0;1.0;1.0;1.0
k79_76260	2;1239;186801;3085636;186803;2316020;46228;471875	1.0;1.0;1.0;1.0;1.0;1.0;1.0;1.0
k79_51844	2;1239;186801;186802;216572;216851;2929493	1.0;0.99994;0.9997;0.99636;0.99633;0.99633;0.99578
k79_51845	2;1239;186801;186802;31979;1485;1493;573061	1.0;1.0;1.0;1.0;1.0;1.0;1.0;1.0
k79_27140	2;976;200643;171549;2005525;375288;823;999416	1.0;1.0;0.99999;0.99999;0.99999;0.99999;0.99999;0.99999
k79_51846	131567	0.99998
k79_51848	2;976;200643;171549;171550;239759;2585118	0.99982;0.78937;0.78936;0.78936;0.65502;0.65502;0.65497
k79_40120	2;976;200643;171549;815;816;674529	1.0;1.0;1.0;1.0;1.0;0.99999;0.99996
k79_88282	2;1239;186801;3085636;186803;572511;418240;1121115	1.0;1.0;1.0;0.99999;0.99999;0.99707;0.99707;0.99707
k79_63935	2;1239;186801;3085636;186803;1766253;39491;657317	1.0;1.0;1.0;1.0;1.0;1.0;1.0;0.98818
k79_27146	2;976;200643;171549;815;816;820;997890	1.0;1.0;1.0;1.0;1.0;1.0;0.99998;0.99998
k79_51857	2;1239;186801;186802;31979;1485;1491	0.99995;0.99989;0.99988;0.99935;0.99928;0.99928;0.99919
k79_40128	2;1239;186801;3085636;186803;572511;418240;1121115	1.0;1.0;1.0;1.0;1.0;1.0;1.0;1.0
k79_76264	2;1239;186801;3085636;186803;2944193;2763672	1.0;1.0;1.0;1.0;1.0;0.99999;0.99999
k79_51858	2;1239;186801;186802;216572;1263;2608920	1.0;1.0;1.0;0.99995;0.99995;0.99995;0.99994
k79_3194	2;1239;186801;3085636;186803;2316020;46228;471875	1.0;1.0;1.0;1.0;1.0;0.999;0.99898;0.99898
k79_51861	2;1239;186801;186802;186806;1730;39496	1.0;1.0;1.0;0.99999;0.99999;0.99999;0.99999
k79_51862	2;74201;203494;48461;1647988;239934;239935	1.0;1.0;1.0;1.0;1.0;1.0;1.0
k79_40141	2;1239	0.79254;0.53095
k79_15543	2;976;200643;171549;2005525;375288;823;999416	1.0;1.0;1.0;1.0;1.0;1.0;1.0;1.0
k79_27149	2;1239;186801;3085636;186803;572511;89014	0.99953;0.99572;0.99178;0.99155;0.99155;0.77967;0.72748
k79_3198	2;976;200643;171549;815;909656;387090	1.0;0.99999;0.99999;0.99999;0.99997;0.99557;0.99553
k79_51867	2;1239;186801;186802;216572;1263;2608920	1.0;1.0;1.0;1.0;1.0;1.0;1.0
k79_63948		
k79_40152	2;976;200643;171549;815;816;47678;997873	1.0;1.0;1.0;1.0;1.0;1.0;1.0;1.0
k79_63949	2;1239;186801;3085636;186803;572511;418240;1121115	1.0;1.0;1.0;1.0;1.0;1.0;1.0;1.0
k79_27160	2157;28890;183925;2158;2159;2172;2173;420247	1.0;1.0;1.0;1.0;1.0;1.0;1.0;1.0
k79_63955	2;1239;186801;3085636;186803;3342669;45851	1.0;0.75986;0.75824;0.56647;0.56647;0.56254;0.56254
k79_40168	2;1239;186801;3085636;186803;1766253;39491;657317	0.99267;0.99223;0.99153;0.98672;0.98672;0.8181;0.8181;0.58832
k79_63960	2;976;200643;171549;815;816;820;997890	1.0;1.0;1.0;1.0;1.0;1.0;1.0;1.0
k79_63965	2;1239;186801;186802;186806;1730;39496	0.99997;0.99444;0.99422;0.50824;0.50785;0.50785;0.50785
k79_51874	2;976;200643;171549;815;816;246787	1.0;1.0;1.0;1.0;1.0;0.99999;0.99969
k79_3200	2;976;200643;171549;815;909656;821	1.0;1.0;0.99999;0.99999;0.99993;0.99985;0.99985
k79_3201	2;976;200643;171549;815;816;820;997890	1.0;1.0;1.0;1.0;1.0;1.0;0.99998;0.99998
k79_88295	2;1239;186801;186802;216572;1263;2608920	0.99995;0.99986;0.99985;0.99979;0.9971;0.9971;0.99699
k79_63975	2;1239;526524;526525;2810280;2678885;1982626	1.0;1.0;1.0;1.0;1.0;1.0;1.0
k79_40191	2;976;200643;171549;815;816;291644	0.99997;0.99997;0.99996;0.99996;0.99977;0.99953;0.66122
k79_63985	2;1239;186801;3085636;186803;1766253;39491;657318	1.0;1.0;1.0;1.0;1.0;0.99998;0.99998;0.99932
k79_15584	2;1239;186801;186802;216572;1263;1160721	1.0;0.99448;0.99436;0.99408;0.99407;0.98595;0.98535
k79_15585	2157;28890;183925;2158;2159;2172;2173;420247	1.0;1.0;1.0;1.0;1.0;1.0;1.0;1.0
k79_40201	2;1239;186801;3085636;186803;830;831	1.0;1.0;1.0;1.0;1.0;0.9998;0.9998
k79_27195	2;1239;91061;1385;186817;1386;492670	1.0;0.98117;0.88677;0.88675;0.88664;0.88662;0.8866
k79_76319	2;1239;186801;3085636;186803;207244;649756;649757	1.0;1.0;1.0;1.0;1.0;1.0;1.0;1.0
k79_15588	2;1239;186801;186802;216572;1263;2608920	1.0;1.0;1.0;1.0;1.0;0.99979;0.99979
k79_40205	2;1239;526524;526525;2810280;135858;2478954	1.0;1.0;1.0;1.0;1.0;1.0;1.0
k79_15592	2;1239;186801;3085636;186803;207244;649756;649757	1.0;1.0;0.99988;0.99988;0.99988;0.99988;0.99988;0.99988
k79_51910	131567	0.9991
k79_76322	2;1239;186801;186802;186806;1730;39496	0.99836;0.99706;0.95752;0.78993;0.76587;0.76587;0.76587
k79_76326	2157;28890;183925;2158;2159;2172;2173;420247	1.0;1.0;1.0;1.0;1.0;1.0;0.99742;0.99742
k79_64005	2;976;200643;171549;815;816;818	1.0;1.0;1.0;1.0;1.0;0.99998;0.99996
k79_40214	2;976;200643;171549;2005525;375288;823;999416	1.0;1.0;1.0;1.0;1.0;1.0;1.0;1.0
k79_64009	2;1239;186801;3085636;186803;841;1261635	1.0;1.0;1.0;1.0;1.0;0.99998;0.99998
k79_88310	2;976;200643;171549;2005525;375288;823;999416	1.0;1.0;1.0;1.0;1.0;1.0;1.0;1.0
k79_40220	2;1239;186801;3085636;186803;572511;418240;1121115	1.0;1.0;1.0;1.0;1.0;1.0;0.99997;0.99997
k79_27202	2;976;200643;171549;815;816;820;997890	1.0;1.0;1.0;1.0;1.0;1.0;1.0;1.0
k79_51924	2;976;200643;171549;815;816;820;997890	1.0;1.0;1.0;1.0;1.0;1.0;0.99999;0.99999
k79_40222	2;976;200643;171549;2005525;375288;823;999416	0.99971;0.96519;0.96497;0.96497;0.78954;0.78954;0.7887;0.7887
k79_51925	2;976;200643;171549;815;816;820;997890	1.0;1.0;1.0;1.0;1.0;1.0;1.0;1.0
k79_64017	2;1239	0.99821;0.76628
k79_76343	2;976;200643;171549;815;816;46506;449673	0.99878;0.86984;0.86984;0.86984;0.78778;0.78747;0.69854;0.69854
k79_40230	2;1239;186801;3085636;186803;841;166486;718255	1.0;1.0;1.0;1.0;1.0;0.99997;0.99995;0.84471
k79_3229	2;1239;186801;3085636;186803;2569097;39488	0.98731;0.9864;0.98507;0.98297;0.98297;0.90205;0.90205
k79_64021	2;1239;186801;3085636;186803	1.0;0.98284;0.94483;0.91864;0.91864
k79_40232	2;1239;186801;3085636;186803;2316020;33039;657313	1.0;0.99998;0.99946;0.99865;0.99865;0.50229;0.50224;0.50224
k79_88332	2;1239;186801;3085636;186803;1766253;39491;657317	1.0;1.0;1.0;1.0;1.0;1.0;1.0;0.98975
k79_76351	2;976;200643;171549;815;816;28113	1.0;1.0;1.0;1.0;1.0;0.99996;0.99996
k79_27212	2;976;200643;171549;171550;239759;2585118	1.0;0.99977;0.99976;0.99976;0.53165;0.53165;0.52856
k79_3237	2;976;200643;171549;815;816;162156	1.0;0.96968;0.9689;0.88634;0.88626;0.87774;0.66233
k79_51952	2;1239;186801;3085636;186803;841;166486;718255	1.0;1.0;1.0;0.99993;0.99993;0.99986;0.99981;0.99955
k79_3242	2;1783272	1.0;0.67786
k79_40254	2;29547;3031852;213849;2808963;28196	0.99984;0.77292;0.77292;0.77292;0.77292;0.77292
k79_3244	2;1239;526524;526525;2810280;2678885;1982626	1.0;1.0;1.0;1.0;1.0;1.0;1.0
k79_88352	2;1239;91061;186826;186828;1470540;1868793	1.0;1.0;1.0;1.0;1.0;1.0;1.0
k79_64034	2;1239;526524;526525;2810280;2678885;1982626	1.0;1.0;1.0;1.0;1.0;1.0;1.0
k79_88360	2;976;200643;171549;815;816;820;997890	1.0;1.0;1.0;1.0;1.0;1.0;0.99999;0.99999
k79_88365	2;1239;186801;186802;216572;946234;292800	1.0;1.0;1.0;1.0;1.0;1.0;1.0
k79_40264	2;1239;186801;3085636;186803;572511;418240;1121115	1.0;1.0;1.0;1.0;1.0;0.99999;0.99986;0.99986
k79_76354	2759;7711;40674;9443;9604;9605;9606	0.98194;0.98194;0.98194;0.98194;0.98194;0.98194;0.98194
k79_51976	2;1239;526524;526525;2810280;2678885;1982626	1.0;1.0;1.0;1.0;1.0;1.0;1.0
k79_15626	2;1239;186801;186802;31979;1485;1561;1415775	0.99991;0.9999;0.99948;0.99947;0.99947;0.99947;0.99946;0.99946
k79_51978	2;1239;91061;1385;186822;44249;1778678	0.99512;0.89995;0.68657;0.68655;0.68651;0.68651;0.6865
k79_3251	2;1239;186801;3085636;186803;1766253;39491;657317	1.0;1.0;1.0;1.0;1.0;0.99999;0.99999;0.99958
k79_15628	2;1239;186801;186802;216572;2892396;2714355	1.0;0.99918;0.99889;0.99882;0.99841;0.99375;0.99375
k79_76359	2;1239;186801;186802;216572;1263;2608920	0.99999;0.99999;0.99999;0.99997;0.99997;0.99997;0.99997
k79_3255	2;976;768503;768507;2762301;869806;1006	1.0;0.99989;0.99989;0.99989;0.99989;0.99989;0.99989
k79_3259	2;1239;186801;186802;216572;35829;288965;720554	0.99086;0.77834;0.76407;0.76227;0.67989;0.67985;0.67985;0.67985
k79_40267	2;1239;909932;1843488;909930;33024;33025	1.0;1.0;1.0;1.0;1.0;1.0;1.0
k79_76364	2;1239;186801;186802;216572;1263;2608920	0.99999;0.99992;0.99991;0.99989;0.99972;0.99972;0.99969
k79_40268	2;976;200643;171549;815;909656;376805;667015	1.0;0.9999;0.9999;0.9999;0.99989;0.99936;0.99925;0.99925
k79_3267	2157;28890;183925;2158;2159;2172;2173;420247	1.0;1.0;1.0;1.0;1.0;1.0;0.99998;0.99998
k79_15636	2;976;200643;171549;815;816;820;997890	1.0;1.0;1.0;1.0;1.0;1.0;1.0;1.0
k79_51993	2;1239;186801;3085636;186803;572511;418240;1121115	1.0;1.0;1.0;1.0;1.0;1.0;1.0;1.0
k79_88404	2;1239;526524;526525;2810280;2678885;1982626	1.0;1.0;1.0;1.0;1.0;1.0;1.0
k79_3282	2;976;117743;200644;49546;52959;1888915	0.99974;0.91671;0.9145;0.9145;0.91444;0.91354;0.91354
k79_27253	2;1239;186801;3085636;186803;207244;649756;649757	1.0;0.99548;0.99541;0.995;0.995;0.95154;0.95154;0.95154
k79_64061	2;1239;186801;3085636;186803;1766253;39491;657317	1.0;1.0;0.99998;0.99998;0.99998;0.99895;0.99895;0.90399
k79_3284	2;976;200643;171549;815;909656;387090	1.0;0.99995;0.99995;0.99995;0.99994;0.99989;0.99989
k79_64070	2	0.99996
k79_3289	2;976;200643;171549;815;816;820;997890	1.0;1.0;1.0;1.0;1.0;1.0;0.99995;0.99995
k79_40285	2;1239;186801;3085636;186803;1766253;39491;657317	1.0;0.99999;0.99998;0.99998;0.99998;0.99898;0.99898;0.99339
k79_64072	2;976;200643;171549;815;816;162156	1.0;1.0;1.0;1.0;1.0;1.0;0.99999
k79_88420	2759;7711;40674;9443;9604;9605;9606	0.91849;0.91849;0.91849;0.91849;0.91849;0.91849;0.91849
k79_52014	2;74201;203494;48461;1647988;239934;239935	1.0;0.99998;0.99998;0.99998;0.99998;0.99998;0.99998
k79_76403	2;1239;526524;526525;2810280;2678885;1982626	1.0;1.0;1.0;1.0;1.0;1.0;1.0
k79_64073	2;976;200643;171549;815;816;820;997890	1.0;1.0;1.0;1.0;1.0;1.0;1.0;1.0
k79_76405	2;1239;186801;3085636;186803;33042;410072	0.99996;0.99986;0.99986;0.99986;0.99986;0.99962;0.99962
k79_88425	2;976;200643;171549;815;909656;821	1.0;1.0;1.0;1.0;1.0;1.0;1.0
k79_52022	2;976;200643;171549;815;816;820;997890	1.0;1.0;1.0;1.0;1.0;1.0;0.99999;0.99999
k79_40293	2;1239;186801;3085636;186803;1843210;1727145	1.0;1.0;1.0;1.0;1.0;1.0;1.0
k79_76414	2;1239;186801;186802;216572;2892396;2714355	0.99995;0.99856;0.99856;0.99786;0.99785;0.99039;0.98948
k79_15656	2;1239;186801;3085636;186803;189330;88431	0.99995;0.99872;0.99258;0.99225;0.99225;0.75465;0.75465
k79_40299	2;1239;186801;3085636;186803;841;301301	1.0;1.0;1.0;1.0;1.0;1.0;0.99998
k79_52028	2;1239;91061;1385;186817;2675229;1478	1.0;1.0;1.0;1.0;1.0;1.0;1.0
k79_27260	2;976;200643;171549;2005525;375288;823;999416	1.0;1.0;1.0;1.0;0.99999;0.99999;0.99999;0.99999
k79_15664	2;976;200643;171549;815;816;820;997890	1.0;0.99997;0.99997;0.99997;0.99997;0.99997;0.99911;0.99911
k79_52031	2157;28890;183925;2158;2159;2172;2173;420247	1.0;1.0;1.0;1.0;1.0;1.0;1.0;1.0
k79_3301	2;1239;186801;3085636;186803;1766253;39491;657317	1.0;0.99999;0.99999;0.99971;0.99971;0.9997;0.9997;0.99966
k79_40303	2;1239;186801;3085636;186803;189330;88431	1.0;0.99737;0.99651;0.99119;0.99119;0.89545;0.89482
k79_3302	2157;28890;183925;2158;2159;2172;2173;420247	1.0;1.0;1.0;1.0;1.0;1.0;0.99997;0.99997
k79_15674	2;1239;909932;1843488;909930;33024;33025	1.0;1.0;1.0;1.0;1.0;1.0;1.0
k79_52042	2;1239;186801;186802;186806;1730;39496	1.0;1.0;1.0;1.0;1.0;1.0;1.0
k79_15679	2;1239;91061;1385;186822;44249;1126833	1.0;1.0;0.99991;0.99991;0.99991;0.99991;0.99991
k79_88436	2;1239;526524;526525;2810280;2678885;1982626	0.99978;0.98514;0.9847;0.9847;0.98468;0.98468;0.98468
k79_76437	2;976;200643;171549;2005525;375288;823;999416	1.0;0.99472;0.99465;0.99465;0.99424;0.99424;0.99424;0.99424
k79_88438	2;976;200643;171549;815;816;162156	1.0;1.0;1.0;1.0;0.99998;0.99996;0.99869
k79_27277	2;976;200643;171549;815;816;820;997890	1.0;0.99998;0.99998;0.99998;0.99998;0.99998;0.9995;0.9995
k79_64102	2;1239;186801;3085636;186803;572511;2479767	1.0;1.0;1.0;1.0;1.0;0.99999;0.99997
k79_15697	2;1239;186801;186802;216572;1263;1160721	0.99998;0.99932;0.99913;0.99811;0.99805;0.99805;0.79933
k79_27282	2;1239;186801;3085636;186803;2569097;39488	1.0;1.0;1.0;1.0;1.0;1.0;1.0
k79_40341	2;976;200643;171549;815;816;2785531	1.0;1.0;1.0;1.0;1.0;1.0;0.99994
k79_15700	2;1239;186801;186802;216572;216851;411483	1.0;0.99861;0.99859;0.56273;0.56273;0.56272;0.56253
k79_40344	2;1239;526524;526525;2810280;2678885;1982626	1.0;1.0;0.99999;0.99999;0.99999;0.99999;0.99999
k79_40348	2;976;200643;171549;815;816;2792859	1.0;1.0;1.0;1.0;1.0;1.0;0.99998
k79_40349	131567	0.99911
k79_27300	2;976;200643;171549;815;909656;821	1.0;0.99999;0.99999;0.99999;0.99999;0.99998;0.99998
k79_64125	2;1239;526524;526525;2810280;2678885;1982626	0.99998;0.99955;0.99949;0.99949;0.99944;0.99943;0.99943
k79_88452	2;1239;186801;3085636;186803;33042;410072	1.0;1.0;1.0;1.0;1.0;0.9998;0.9998
k79_40356	2;1239;186801;3085636;186803;841;301301	0.99999;0.99995;0.99995;0.99974;0.99974;0.99973;0.99973
k79_64133	2;976;200643;171549;815;816;820;997890	1.0;1.0;0.99999;0.99999;0.99999;0.99999;0.99956;0.99956
k79_88455	2;1239;186801;3085636;186803;207244;649756;649757	0.99999;0.99998;0.99802;0.99794;0.99794;0.99794;0.99794;0.99794
k79_52083	2;1239;186801;3085636;186803;207244;649756;649757	1.0;1.0;1.0;1.0;1.0;1.0;1.0;1.0
k79_76452	2;1239;186801;3085636;186803;1506553;29347	1.0;1.0;1.0;0.99998;0.99998;0.99992;0.99992
k79_52084	2;1239;186801;3085636;186803;1766253;39491;657317	1.0;1.0;1.0;1.0;1.0;0.99999;0.99999;0.84438
k79_40364	2;976;200643;171549;815;909656;821	1.0;0.99926;0.99926;0.99926;0.99925;0.99898;0.99898
k79_3336	2;1239;186801;3085636;186803;841;2763062	0.99982;0.99982;0.99982;0.99982;0.99982;0.99981;0.99975
k79_15724	2;1239;186801;3085636;186803;1766253;39491;657317	0.99663;0.99574;0.99572;0.91387;0.91387;0.91381;0.91381;0.91341
k79_76460	2;976;200643;171549;815;816;820;997890	1.0;1.0;1.0;1.0;0.99996;0.99993;0.99987;0.99987
k79_88467	2;1239;186801;3085636;186803;1766253;39491;657317	1.0;1.0;1.0;1.0;1.0;1.0;1.0;1.0
k79_27326	2;1239;526524;526525;2810280;2678885;1982626	1.0;1.0;1.0;1.0;1.0;1.0;1.0
k79_3340	2157;28890;183925;2158;2159;2172;2173;420247	1.0;1.0;1.0;1.0;1.0;1.0;1.0;1.0
k79_27332	2;976;200643;171549;171552;558436;839;264731	1.0;1.0;1.0;1.0;1.0;1.0;1.0;1.0
k79_64142	2;1239;909932;1843488;909930;33024;33025	0.99991;0.8999;0.7944;0.79439;0.79439;0.79439;0.79439
k79_27333	2;1239;186801;3085636;186803;207244;649756;649757	1.0;1.0;1.0;1.0;1.0;1.0;1.0;1.0
k79_40365	2;976;200643;171549;815;816;820;997890	1.0;1.0;1.0;1.0;1.0;1.0;0.99999;0.99999
k79_15735	2;1239;186801;186802;216572;216851;411483	1.0;1.0;1.0;0.99997;0.99997;0.99965;0.99892
k79_64143	2;976;200643;171549;815;909656;821	1.0;1.0;1.0;1.0;1.0;1.0;1.0
k79_52104	2;1239;186801;3085636;186803;1766253;39491;657317	1.0;0.99977;0.99977;0.99977;0.99977;0.99975;0.99975;0.99765
k79_64145	2;976;200643;171549;815;816;820;997890	1.0;0.99936;0.99934;0.99934;0.99933;0.76448;0.57524;0.57524
k79_27339	2;74201;203494;48461;1647988;239934;239935	1.0;0.99884;0.99884;0.99884;0.99884;0.99884;0.99884
k79_40374	2;1239;186801;3085636;186803;2316020;33038	1.0;0.99995;0.99995;0.99995;0.99995;0.99625;0.99624
k79_64150	2;1239;526524;526525;2810280;2678885;1982626	1.0;1.0;1.0;1.0;1.0;1.0;1.0
k79_76484	2;1239;186801;3085636;186803;1766253;39491;657318	1.0;1.0;1.0;1.0;1.0;1.0;1.0;0.99885
k79_3359	2;976;200643;171549;815;816;28116	1.0;0.99999;0.99999;0.99999;0.99999;0.99999;0.99998
k79_88478	2;1239;186801;3085636;186803;572511;418240;1121115	1.0;1.0;1.0;1.0;1.0;1.0;1.0;1.0
k79_52115	2;976;200643;171549;815;816;820;997890	1.0;1.0;1.0;1.0;1.0;1.0;1.0;1.0
k79_27355	2;1239;186801;3085636;186803;572511;89014	1.0;1.0;1.0;0.99999;0.99999;0.99999;0.99998
k79_88481	2157;28890;183925;2158;2159;2172;2173;420247	1.0;1.0;1.0;1.0;1.0;1.0;1.0;1.0
k79_3366	2;976;200643;171549;171550;239759;1288121	1.0;1.0;1.0;1.0;0.99986;0.99986;0.99986
k79_64156	2;1239;186801;186802;216572;216851;853;657322	1.0;1.0;1.0;0.99999;0.99999;0.99999;0.99999;0.99999
k79_3368	2;1239;186801;3085636;186803	0.99998;0.89865;0.68046;0.67657;0.67657
k79_27359	2;1239;186801;3085636;186803;2316020;46228;471875	1.0;1.0;1.0;0.99999;0.99999;0.99994;0.99991;0.99991
k79_64157	2;1239;526524;526525;2810280;2678885;1982626	1.0;0.99998;0.9934;0.9934;0.9934;0.99338;0.99338
k79_15748	2;976;200643;171549;815;816;2650157	1.0;1.0;1.0;1.0;1.0;1.0;1.0
k79_27361	2;1239;186801;3085636;186803;2316020;33039;657313	1.0;1.0;0.99997;0.99991;0.99991;0.99964;0.99964;0.99964
k79_64165	2;1239;186801;3085636;186803;2316020;33038	1.0;1.0;1.0;1.0;1.0;0.99999;0.99999
k79_40382	2;1239;186801;3085636;186803;1766253;39491;657317	1.0;0.99994;0.99994;0.99994;0.99994;0.99988;0.99988;0.99969
k79_76508	2;1239;526524;526525;2810280;2678885;1982626	1.0;1.0;1.0;1.0;0.99999;0.99999;0.99999
k79_52138	2;1239;186801;3085636;186803;572511;418240;1121115	1.0;1.0;1.0;1.0;1.0;0.99993;0.99993;0.99993
k79_3385	2;976;117743;200644;49546;363408;328515;592029	1.0;1.0;1.0;1.0;1.0;1.0;1.0;1.0
k79_64173	2;1239;186801;3085636;186803	0.99914;0.82458;0.81382;0.73123;0.73123
k79_27383	2157;28890;183925;2158;2159;2172;2173;420247	1.0;1.0;1.0;1.0;1.0;1.0;1.0;1.0
k79_64183	2;1239;186801;186802;216572;1263;2608920	1.0;1.0;1.0;0.99988;0.99988;0.99988;0.99988
k79_15764	2;1239;186801;3085636;186803;207244;649756;649757	0.99993;0.99987;0.99726;0.99722;0.99722;0.9336;0.9336;0.9336
k79_3418	2;1239;526524;526525;2810280;2678885;1982626	1.0;1.0;1.0;1.0;1.0;1.0;1.0
k79_15765	2;1239;186801;186802;216572;216851;853;718252	1.0;0.99996;0.99996;0.99779;0.99778;0.99765;0.96849;0.96645
k79_76526	2;1239;186801;3085636;186803;572511;418240;1121115	1.0;0.99995;0.99995;0.98933;0.98933;0.986;0.90767;0.90767
k79_88514	2;1239;186801;186802;216572;1263;1160721	1.0;1.0;1.0;0.99999;0.99999;0.99999;0.99999
k79_27396	2;1239;186801;3085636;186803;2316020;33039;657313	1.0;1.0;1.0;1.0;1.0;0.99999;0.99999;0.99999
k79_64195	2157;28890;183925;2158;2159;2172;2173;420247	1.0;1.0;1.0;1.0;1.0;1.0;0.99999;0.99999
k79_76538	2;1224;1236;1706369;1706373;48073;252514	0.99998;0.74988;0.74982;0.74962;0.74962;0.74962;0.74962
k79_52182	2;1239;909932;1843488;909930;33024;33025	1.0;1.0;1.0;1.0;1.0;1.0;1.0
k79_40424	2;976;200643;171549;815;816;820;997890	1.0;0.99997;0.99997;0.99997;0.99997;0.99997;0.99988;0.99988
k79_3420	2;1239;526524;526525;2810280;2678885;1982626	0.99999;0.99999;0.99999;0.99999;0.99999;0.99999;0.99999
k79_52184	2;1224;1236;91347;1903414;583;585	1.0;1.0;1.0;1.0;1.0;1.0;1.0
k79_76554	2;1239;186801;3085636;186803;2316020;46228;471875	1.0;0.99997;0.99993;0.99993;0.99993;0.91884;0.91876;0.91876
k79_15784	2;976;200643;171549;815;816;820;997890	1.0;1.0;1.0;1.0;1.0;1.0;1.0;1.0
k79_27397	2;1239;186801;186802;31979;1485;46867	0.99848;0.98669;0.98342;0.913;0.91284;0.91284;0.90681
k79_40444	2;1239;186801;3085636;186803;33042;410072	1.0;1.0;1.0;1.0;1.0;0.99999;0.99999
k79_64216	2;1239;186801;3085636;186803;2316020;33038	1.0;1.0;1.0;0.99997;0.99997;0.99975;0.99975
k79_76565	2;1239;186801;186802;216572;1263;2608920	1.0;1.0;0.99997;0.99997;0.99997;0.99997;0.99997
k79_27408	2;1239	0.99999;0.9996
k79_40450	2;1239;186801;3085636;186803;1766253;39491;657318	1.0;1.0;1.0;1.0;1.0;1.0;1.0;0.99897
k79_76566	2;976;200643;171549;815;816;820;997890	1.0;1.0;1.0;1.0;1.0;1.0;1.0;1.0
k79_52212	2;1239;186801;3085636;186803;572511;418240;1121115	1.0;1.0;1.0;1.0;1.0;1.0;1.0;1.0
k79_27414	2;1239;186801;3085636;186803;2316020;46228;471875	1.0;1.0;1.0;1.0;1.0;1.0;1.0;1.0
k79_40455	2;976;200643;171549;815;816;820;997890	1.0;1.0;1.0;1.0;1.0;1.0;1.0;1.0
k79_64231	2;1239;186801;186802;216572;1263;2608920	1.0;1.0;0.99999;0.99995;0.99995;0.99995;0.99994
k79_15787	2;1239;186801;186802;31979;1485;1522	1.0;1.0;1.0;1.0;0.99995;0.99995;0.99995
k79_40465	2;976;200643;171549;815;816;820;997890	1.0;0.9998;0.9998;0.9998;0.9998;0.99962;0.96767;0.96767
k79_3444	2;1224;1236;72274;135621;286;556533	0.99978;0.99375;0.99375;0.99375;0.99375;0.99375;0.99375
k79_27424	2;976;200643;171549;815;909656;821	1.0;1.0;1.0;1.0;1.0;1.0;1.0
k79_88530	2;1239;186801;186802;31979;1485;1561;1415775	1.0;1.0;0.99998;0.99998;0.99998;0.99998;0.99998;0.99998
k79_40467	2;1239;186801;3085636;186803;841;1261635	1.0;1.0;1.0;1.0;1.0;1.0;1.0
k79_88533	2;1239;186801;186802;216572;2892396;2714355	1.0;0.99932;0.99932;0.99929;0.99929;0.99889;0.99889
k79_88537	2;1239;526524;526525;2810280;2678885;1982626	1.0;1.0;1.0;1.0;1.0;1.0;1.0
k79_52245	2;976;117743;200644;49546;237;2986838	0.9651;0.70785;0.70781;0.70781;0.7078;0.7078;0.69826
k79_40469	2;976;200643;171549;171552;838;28129	1.0;0.99999;0.99991;0.99991;0.99988;0.99988;0.99988
k79_15799	2;1239;526524;526525;2810280;2678885;1982626	1.0;1.0;1.0;1.0;1.0;1.0;1.0
k79_40477	2;1783272	0.974;0.67412
k79_64232	2;1239;91061;1385;186817;1386;1581038	0.99971;0.99914;0.99742;0.99722;0.9962;0.9962;0.99606
k79_3455	2;976;200643;171549;815;816;817;295405	1.0;1.0;1.0;1.0;1.0;0.99996;0.99991;0.99938
k79_64236	2;200940;3024418;213118;2931039;45654;45655	1.0;1.0;1.0;1.0;1.0;1.0;1.0
k79_27437	2;1239;186801;3085636;186803;2316020;33039;657313	1.0;1.0;1.0;0.99998;0.99998;0.99667;0.99658;0.99658
k79_15803	2157;28890;183925;2158;2159;2172;2173;420247	1.0;1.0;1.0;1.0;1.0;1.0;0.9971;0.9971
k79_3463	2;1239;186801;3085636;186803;572511;418240;1121115	1.0;0.9999;0.99222;0.99221;0.99221;0.7476;0.73871;0.73871
k79_52259	2;1239;186801;3085636;186803;2316020;46228;471875	1.0;1.0;1.0;1.0;1.0;1.0;1.0;1.0
k79_76613	2;1224;28211;356;82115;357;2735528	1.0;0.99903;0.99903;0.99903;0.99903;0.99903;0.99903
k79_40487	2;1239;186801;3085636;186803;2944195;2763669	1.0;1.0;1.0;0.99985;0.99985;0.99983;0.99983
k79_52266	2;1239;186801;3085636;186803;1766253;39491;657318	1.0;1.0;1.0;1.0;1.0;1.0;1.0;0.99996
k79_27446	2;976;200643;171549;815;816	0.99987;0.99652;0.99611;0.9961;0.96412;0.55355
k79_15813	2157;28890;183925;2158;2159;2172;2173;420247	1.0;1.0;1.0;1.0;1.0;1.0;1.0;1.0
k79_27447	2;1239;186801;186802;216572;459786;2109687	1.0;1.0;1.0;1.0;1.0;1.0;1.0
k79_52268	2;976;200643;171549;815;909656;821	1.0;0.997;0.98988;0.98987;0.94419;0.66199;0.51699
k79_3470	2;1239;186801;186802;216572;1263;2608920	1.0;1.0;1.0;1.0;1.0;1.0;1.0
k79_64259	2;1239;186801;3085636;186803;1766253;39491;657317	1.0;1.0;1.0;1.0;1.0;0.99994;0.99994;0.99888
k79_3475	2;976;200643;171549;815;909656;357276;997877	1.0;0.99979;0.99979;0.99979;0.99979;0.99979;0.99979;0.99979
k79_40490	2;1239;526524;526525;2810280;2678885;1982626	1.0;1.0;0.99999;0.99999;0.99999;0.99999;0.99999
k79_27449	2;1239;186801;3085636;186803;841;166486;718255	0.99996;0.99996;0.99995;0.99987;0.99987;0.99987;0.99983;0.99952
k79_76642	2;1239;186801;3085636;186803;572511;418240;1121115	1.0;1.0;1.0;1.0;1.0;1.0;1.0;1.0
k79_27452	2;976;200643;171549;815;816;2792859	1.0;1.0;1.0;1.0;1.0;1.0;1.0
k79_15832	2;976;200643;171549;815;909656;387090	1.0;0.99989;0.99989;0.99989;0.99989;0.99985;0.99984
k79_76647	2;1239;186801;186802;216572;1263;2608920	1.0;0.99995;0.99991;0.9999;0.99989;0.99989;0.99975
k79_3485	2759;7711;40674;9443;9604;9605;9606	0.98307;0.98307;0.98307;0.98307;0.98307;0.98307;0.98307
k79_27455	2;976;200643;171549;815;816;820;997890	1.0;1.0;1.0;1.0;1.0;1.0;1.0;1.0
k79_40506	2;1239;526524;526525;2810280;2678885;1982626	1.0;1.0;1.0;1.0;1.0;1.0;1.0
k79_88582	2;1239;186801;3085636;186803;2316020;46228;471875	1.0;1.0;1.0;1.0;1.0;0.99999;0.99999;0.99999
k79_27459	2;1239;186801;186802;216572;1263;2608920	0.9999;0.99822;0.99812;0.63326;0.63316;0.63315;0.63284
k79_40511	2;1239;186801;3085636;186803;572511;418240;1121115	1.0;1.0;1.0;1.0;1.0;1.0;1.0;1.0
k79_15843	2;1239;186801;186802;216572;1263;2608920	1.0;0.99999;0.99999;0.99999;0.99999;0.99999;0.99999
k79_27462	2;976;200643;171549;815;816;820;997890	1.0;1.0;1.0;1.0;1.0;1.0;0.9998;0.9998
k79_3502	2;976;200643;171549;815;816;820;997890	1.0;1.0;1.0;1.0;1.0;1.0;0.99998;0.99998
k79_27468	2;976;200643;171549;815;816;162156	1.0;1.0;1.0;1.0;1.0;0.99988;0.99941
k79_64276	2;1239;526524;526525;2810280;2678885;1982626	1.0;1.0;1.0;1.0;1.0;1.0;1.0
k79_27475	2;976;200643;171549;815;816;820;997890	1.0;1.0;1.0;1.0;1.0;1.0;1.0;1.0
k79_52300	2157;28890;183925;2158;2159;2172;2173;420247	1.0;1.0;1.0;1.0;1.0;1.0;1.0;1.0
k79_88585	2;976;200643;171549;815;816;3117552	1.0;1.0;1.0;1.0;1.0;1.0;1.0
k79_3508	2;1239;186801;186802;216572;216851;853;718252	1.0;1.0;1.0;0.99997;0.99997;0.99997;0.99997;0.99997
k79_88588	2;1239;186801;3085636;186803;248744;168384;478749	1.0;1.0;1.0;0.99981;0.99981;0.99974;0.99974;0.99974
k79_64285	2;1239;186801;3085636;186803;207244;649756;649757	1.0;1.0;1.0;1.0;1.0;0.99996;0.99996;0.99996
k79_15856	2;976;200643;171549;815;816;820;997890	1.0;0.99505;0.99504;0.99504;0.99448;0.9913;0.78679;0.78679
k79_64287	2;976;200643;171549;815;816;820;997890	1.0;1.0;1.0;1.0;1.0;1.0;0.99999;0.99999
k79_15858	2;1239;186801;3085636;186803;3076670;3028070	1.0;1.0;1.0;1.0;1.0;1.0;1.0
k79_40533	2;1239;526524;526525;2810280;2678885;1982626	0.99957;0.99957;0.99957;0.99957;0.99957;0.99957;0.99957
k79_27476	2;1239;1737404;1737405;2042895;1505664;1556;1128398	1.0;1.0;0.99973;0.99973;0.99973;0.99973;0.99973;0.99973
k79_64301	2;1239;186801;3085636;186803;1766253;39491;657317	1.0;1.0;1.0;1.0;1.0;1.0;1.0;0.99992
k79_88599	2;1239;186801;186802;216572;2834348;2994078	1.0;1.0;1.0;0.99997;0.99997;0.99986;0.99986
k79_3533	2;976;200643;171549;815;909656;376805;667015	1.0;0.92539;0.91324;0.91324;0.91248;0.75379;0.74608;0.74608
k79_76675	2157;28890;183925;2158;2159;2172;2173;420247	1.0;1.0;1.0;1.0;1.0;1.0;0.99998;0.99998
k79_40549	2;976;200643;171549;815;816;291644	1.0;1.0;1.0;1.0;1.0;1.0;1.0
k79_64311	2;976;200643;171549;815;816;817;997879	0.99987;0.99734;0.99332;0.99331;0.98882;0.94816;0.66757;0.66749
k79_76678	2;1239;186801;186802;216572;216851;853;718252	1.0;0.99893;0.99888;0.99882;0.99871;0.87033;0.82843;0.82757
k79_52317	2;976;200643;171549;815;816;820;997890	1.0;1.0;1.0;1.0;1.0;1.0;1.0;1.0
k79_27489	2;1239;526524;526525;2810280;2678885;1982626	1.0;1.0;1.0;1.0;1.0;0.99999;0.99999
k79_40550	2157;28890;183925;2158;2159;2172;2173;420247	1.0;1.0;1.0;1.0;1.0;1.0;0.99992;0.99992
k79_64317	2;1239;909932;1843488;909930;33024;33025	0.99925;0.9986;0.97748;0.97748;0.97748;0.97748;0.97748
k79_52320	2;1239;909932;1843488;909930;33024;33025	1.0;1.0;1.0;1.0;1.0;1.0;1.0
k79_52323	2;1239;186801;3085636;186803;1766253;39491;657317	1.0;0.99998;0.99998;0.99997;0.99997;0.99991;0.99991;0.99966
k79_88600	2;1239;526524;526525;2810280;2678885;1982626	1.0;1.0;1.0;1.0;1.0;1.0;1.0
k79_15885	2;1239;186801;186802;216572;2892396;2714355	1.0;0.99967;0.99967;0.99964;0.99964;0.99913;0.99913
k79_88604	2;29547;3031852;213849;72294;194;197	1.0;1.0;1.0;1.0;1.0;1.0;1.0
k79_76696	2;1239;526524;526525;2810280;2678885;1982626	1.0;1.0;1.0;1.0;1.0;1.0;1.0
k79_3545	2;1239;186801;186802;31979;1485;1520	1.0;1.0;1.0;0.99999;0.99999;0.99999;0.99999
k79_88610	2;976;200643;171549;815;816;162156	1.0;0.99968;0.99968;0.99968;0.99968;0.99966;0.99956
k79_15891	2;1239;186801;3085636;186803;207244;649756;649757	1.0;1.0;1.0;1.0;1.0;1.0;1.0;1.0
k79_3548	2;1239;526524;526525;2810280;2678885;1982626	1.0;1.0;1.0;1.0;1.0;1.0;1.0
k79_76701	2;1239;186801;3085636;186803;1766253;39491;657317	0.99999;0.99962;0.99953;0.99953;0.99953;0.99899;0.99899;0.99768
k79_52326	2;1239;526524;526525;2810280;2678885;1982626	1.0;1.0;0.99999;0.99999;0.99995;0.99995;0.99995
k79_40588	2;976;200643;171549;815;816;329854	0.99942;0.99917;0.999;0.99899;0.99805;0.99392;0.98527
k79_15896	2;976;200643;171549;815;816;329854	1.0;1.0;1.0;0.99964;0.99959;0.99959;0.99952
k79_27503	2;1239;186801;3085636;186803;1766253;39491;657317	1.0;1.0;1.0;0.99999;0.99999;0.99839;0.99839;0.988
k79_52331	2;1239;186801;3085636;186803;207244;649756;649757	1.0;1.0;1.0;1.0;1.0;1.0;1.0;1.0
k79_64340	2;1239;186801;3085636;186803;1766253;39491;657318	1.0;0.99999;0.99999;0.99998;0.99998;0.99997;0.99997;0.9956
k79_3555	2;1239;186801;186802;216572	1.0;0.99928;0.99468;0.51132;0.50736
k79_27506	2;1239;526524;526525;2810280;2678885;1982626	0.99997;0.99997;0.99992;0.99992;0.99991;0.99991;0.99991
k79_52334	2;1239;526524;526525;2810280;2678885;1982626	1.0;1.0;1.0;1.0;1.0;1.0;1.0
k79_27507	2;1239;186801;3085636;186803;841;2763062	0.99999;0.99982;0.99978;0.95867;0.95867;0.95705;0.95046
k79_88617	2;976;200643;171549;815;816;28116	1.0;1.0;0.99999;0.99999;0.99993;0.99993;0.99957
k79_76725	2;976;200643;171549;2005525;375288	0.99876;0.99731;0.99285;0.99284;0.55513;0.55513
k79_88618	2;1239;186801;3085636;186803;2569097;39488	1.0;0.99419;0.99314;0.99132;0.99132;0.74807;0.74807
k79_3562	2;976;200643;171549;815;816;820;997890	1.0;0.99999;0.99999;0.99999;0.99999;0.99993;0.99962;0.99962
k79_40612	2;976;200643;171549;171552;838;2913620	1.0;1.0;1.0;1.0;1.0;0.99993;0.99993
k79_76729	2;1239;186801;186802;216572;1263;2564099	1.0;0.99999;0.99999;0.99999;0.99999;0.99999;0.99946
k79_88629	2;1239;186801;3085636;186803;572511;40520;657314	0.99999;0.99999;0.99999;0.99999;0.99999;0.99996;0.99631;0.9963
k79_76734	2;976;200643;171549;815;816;291644	1.0;0.99999;0.99999;0.99999;0.99999;0.99999;0.99378
k79_64373	2;1239;186801;186802;216572;1263	0.99994;0.99212;0.98705;0.804;0.80168;0.59121
k79_88637	2;1239;91061;1385;186817;1386;98228	0.9999;0.99989;0.98919;0.98919;0.98918;0.98918;0.98917
k79_15920	2;544448;31969;186329;2146;2903100;2735436	1.0;0.77411;0.77411;0.77411;0.77411;0.77411;0.77411
k79_40625	2;1239;186801;186802;216572;216851;2929494	1.0;1.0;1.0;1.0;1.0;1.0;1.0
k79_64381	2;1239;186801;3085636;186803;572511;418240;1121115	1.0;1.0;1.0;1.0;1.0;1.0;1.0;1.0
k79_76746	2;976;200643;171549;815;816;820;997890	1.0;0.99999;0.99999;0.99999;0.99999;0.99999;0.99989;0.99989
k79_27522	2;976;200643;171549;815;909656;821	0.99999;0.99997;0.99991;0.99991;0.99903;0.99631;0.99631
k79_64389	2;1239;186801;186802;216572;1263;2608920	0.99995;0.99994;0.99994;0.99994;0.99993;0.99953;0.99952
k79_52354	2;976;200643;171549;815;909656;821	0.99988;0.99983;0.99983;0.99951;0.99944;0.78421;0.78187
k79_76759	2;1239;186801;3085636;186803;33042;410072	1.0;1.0;1.0;1.0;1.0;0.99994;0.99994
k79_15938	2;1239;186801;3085636;186803;572511;418240;1121115	1.0;1.0;1.0;1.0;1.0;1.0;1.0;1.0
k79_64397	2;1239;186801;3085636;186803;1766253;39491;657317	1.0;1.0;1.0;1.0;1.0;1.0;1.0;0.98789
k79_3590	2;1239;186801;3085636;186803;1766253;39491;657317	1.0;0.99978;0.99975;0.99975;0.99975;0.76366;0.76366;0.76153
k79_76764	2;1239;186801;3085636;186803;1766253;39491;657317	1.0;1.0;1.0;1.0;1.0;1.0;1.0;0.99738
k79_88648	2;1239;186801;3085636;186803;2316020;33038	1.0;0.99999;0.99999;0.99999;0.99999;0.99989;0.99989
k79_15950	2;976;200643;171549;815;816;820;997890	1.0;1.0;1.0;1.0;1.0;1.0;0.99992;0.99992
k79_3594	2157;28890;183925;2158;2159;2172;2173;420247	1.0;1.0;1.0;1.0;1.0;1.0;1.0;1.0
k79_52358	2;1239;186801;3085636;186803;1766253;39491;657317	1.0;1.0;1.0;1.0;1.0;1.0;1.0;0.99999
k79_3601	2;976;200643;171549;815;816;28111	1.0;0.99989;0.99989;0.99989;0.99681;0.98586;0.98452
k79_15952	2759;7711;40674;9443;9604;9605;9606	0.99971;0.99971;0.99971;0.99971;0.99971;0.99971;0.99971
k79_76782	2;1239;186801;3085636;186803;207244;649756;649757	1.0;1.0;1.0;1.0;1.0;1.0;1.0;1.0
k79_52362	2;1239;91061;1385;186822;44249;2921711	1.0;1.0;1.0;1.0;1.0;1.0;1.0
k79_15954	2;1239;186801;3085636;186803;1766253;39491;657318	1.0;1.0;1.0;0.99997;0.99997;0.99985;0.99985;0.99968
k79_27545	2;1239;186801;3085636;186803;572511;418240;1121115	1.0;0.99996;0.99989;0.99845;0.99845;0.70928;0.70926;0.70926
k79_76790	2;976;200643;171549;815;816;817;295405	0.99989;0.97792;0.97787;0.97786;0.97772;0.96993;0.96946;0.96946
k79_76792	2;976;200643;171549;815;816	0.80418;0.78366;0.77703;0.77703;0.77676;0.77676
k79_52373	2;976;200643;171549;815;816	1.0;0.99998;0.99994;0.99994;0.99972;0.98007
k79_15963	2;1239;186801;3085636;186803;33042;410072	0.99996;0.99994;0.99994;0.99994;0.99994;0.99987;0.99987
k79_3613	2;976;200643;171549;815;816;820;997890	1.0;1.0;1.0;1.0;0.99999;0.99998;0.99968;0.99968
k79_40657	2;976;200643;171549;815;816;820;997890	1.0;1.0;1.0;1.0;0.99999;0.99998;0.99712;0.99712
k79_27557	2;1239;186801;186802;216572;1263;2608920	0.99998;0.99998;0.99998;0.99998;0.99998;0.99998;0.99997
k79_52379	2;1239;186801;3085636;186803;2316020;46228;471875	1.0;0.99999;0.99999;0.99999;0.99999;0.99997;0.99996;0.99996
k79_64409	2;976;200643;171549;815;816;820;997890	1.0;1.0;1.0;1.0;1.0;1.0;1.0;1.0
k79_40661	2;1239;526524;526525;2810280;135858;2478954	1.0;1.0;1.0;1.0;1.0;1.0;1.0
k79_76799	2;976;200643;171549;815;816;817;862962	1.0;0.99996;0.99981;0.99981;0.99873;0.99873;0.50812;0.50809
k79_40662	2;1239;186801;186802;216572;1263;2608920	1.0;0.99997;0.99996;0.99996;0.99989;0.99989;0.99989
k79_64414	2;1239;186801;186802;216572;1263;2608920	1.0;1.0;1.0;0.99999;0.99999;0.99999;0.99999
k79_27564	2759;7711;40674;9443;9604;9605;9606	0.99864;0.99864;0.99864;0.99864;0.99864;0.99864;0.99864
k79_15966	2;976;200643;171549;815;816;820;997890	1.0;1.0;1.0;1.0;1.0;0.99999;0.99986;0.99986
k79_88676	2;1239;186801;3085636;186803;2316020;46228;471875	1.0;1.0;1.0;1.0;1.0;0.99971;0.99951;0.99951
k79_15970	2;1239;186801;3085636;186803;572511;40520;657314	1.0;0.99995;0.99981;0.99978;0.99978;0.87574;0.87124;0.87124
k79_27573	2;1239;186801;186802;216572;1263;2608920	0.99992;0.99948;0.99939;0.99823;0.9733;0.9733;0.9733
k79_52380	2;1239;186801;3082720;186804;214904;2925782	0.99498;0.99406;0.99406;0.99385;0.99385;0.99382;0.99382
k79_3654	2759;7711;40674;9443;9604;9605;9606	0.98463;0.98463;0.98463;0.98463;0.98463;0.98463;0.98463
k79_27576	2;1239;186801;3085636;186803;572511;33035	1.0;0.99982;0.99977;0.99949;0.99949;0.71816;0.71814
k79_40668	2;1239;186801;3085636;186803;1766253;39491;657318	1.0;1.0;1.0;1.0;1.0;0.99998;0.99998;0.68845
k79_40670	2;1239;186801;3085636;186803;2316020;46228;471875	1.0;1.0;1.0;1.0;1.0;1.0;1.0;1.0
k79_52389	2;1239;526524;526525;2810280;2678885;1982626	1.0;0.99991;0.99991;0.99991;0.99991;0.99991;0.99991
k79_3656	2;976;200643;171549;815;816;28113	1.0;1.0;1.0;1.0;1.0;0.99999;0.99999
k79_64424	2;976;200643;171549;815;816;820;997890	1.0;1.0;1.0;1.0;1.0;0.99999;0.99929;0.99929
k79_88687	2;1239;186801;3085636;186803;572511;418240;1121115	1.0;1.0;1.0;1.0;1.0;1.0;1.0;1.0
k79_64426	2;1239;186801;186802;216572	1.0;1.0;1.0;0.57113;0.57113
k79_3662	2;1783272	1.0;0.66702
k79_88690	2;976;200643;171549;171550;239759;2585118	0.99999;0.9853;0.9853;0.9853;0.67724;0.67724;0.67624
k79_76827	2759;7711;40674;9443;9604;9605;9606	0.99943;0.99943;0.99943;0.99943;0.99943;0.99943;0.99943
k79_27589	2;1239;91061;186826;81852;2737;81947	1.0;1.0;0.9993;0.9993;0.9993;0.9993;0.9993
k79_52392	2;1239;186801;186802;216572;2892396;2714355	0.99991;0.94207;0.93661;0.92158;0.92158;0.69079;0.69079
k79_40681	2;1224;1236;2887326;468;469;70346	1.0;0.99996;0.99996;0.99996;0.99996;0.99996;0.99996
k79_27591	2157;28890;183925;2158;2159;2172;2173;420247	1.0;1.0;1.0;1.0;1.0;1.0;0.99998;0.99998
k79_3670	2;976;200643;171549;815;816;820;997890	1.0;1.0;1.0;1.0;1.0;1.0;0.99966;0.99966
k79_64434	2;976;200643;171549;2005525;375288;328812	1.0;1.0;1.0;1.0;1.0;1.0;1.0
k79_52395	2;1239;186801;186802;216572;1263;2608920	1.0;1.0;1.0;0.99998;0.99998;0.99998;0.99998
k79_15997	131567	0.8027
k79_40687	2;1239;186801;3085636;186803;572511;418240;1121115	1.0;1.0;1.0;1.0;1.0;1.0;1.0;1.0
k79_15999	2;1239;186801;3085636;186803;207244;649756;649757	0.99982;0.99979;0.99978;0.98863;0.98863;0.98831;0.98831;0.98831
k79_27599	2;1239;186801;186802;216572;216851;3030639	1.0;0.99999;0.99999;0.99998;0.99998;0.99998;0.99781
k79_16002	2;1239;526524;526525;2810280;2678885;1982626	1.0;1.0;1.0;1.0;1.0;1.0;1.0
k79_88694	2;1239;186801;186802;216572;1263;1160721	1.0;0.62632;0.5381;0.5372;0.53719;0.53054;0.52839
k79_16005	2;1239;91061;1385;90964;1279;29380	1.0;1.0;0.99996;0.99996;0.99996;0.99996;0.99996
k79_27611	2;976;200643;171549;815;816;162156	1.0;0.99985;0.99985;0.99985;0.99985;0.92299;0.92286
k79_64451	2;1239;186801;3085636;186803;572511;418240;1121115	1.0;1.0;1.0;1.0;1.0;0.99998;0.99998;0.99998
k79_3683	2;1239;526524;526525;2810280;2678885;1982626	1.0;1.0;1.0;1.0;1.0;1.0;1.0
k79_76842	2;976;200643;171549;815;816;820;997890	1.0;1.0;1.0;1.0;1.0;1.0;1.0;1.0
k79_3688	2;1239;186801;186802;31979;1485;238834	0.99998;0.99867;0.99437;0.81808;0.81796;0.81796;0.81626
k79_27623	2;74201;203494;48461;1647988;239934;239935	1.0;0.98529;0.98529;0.98529;0.98529;0.98529;0.98529
k79_52403	2;1239;526524;526525;2810280;2678885;1982626	0.99996;0.99995;0.99991;0.99991;0.99991;0.99991;0.99991
k79_40716	2;976;200643;171549;815;816;820;997890	1.0;1.0;1.0;1.0;1.0;1.0;0.99999;0.99999
k79_76849	2;1239;186801;3085636;186803;207244;649756;649757	1.0;0.99999;0.99999;0.99999;0.99999;0.99999;0.99999;0.99999
k79_27625	2;1239	0.86574;0.66334
k79_3697	2;976;200643;171549;815;816;329854	1.0;1.0;1.0;1.0;0.99978;0.99978;0.99978
k79_27630	2;976;200643;171549;815;816;820;997890	1.0;1.0;1.0;1.0;1.0;1.0;1.0;1.0
k79_52413	2;976;200643;171549;171550;239759;2585118	1.0;1.0;1.0;1.0;1.0;1.0;1.0
k79_40724	2;1239;526524;526525;2810280;2678885;1982626	0.99935;0.99929;0.99643;0.99643;0.99643;0.99643;0.99643
k79_3710	2;976;200643;171549;815;816;2715212	0.99987;0.9688;0.9688;0.9688;0.9684;0.71012;0.62783
k79_40732	2;1239;186801;3085636;186803;572511;418240;1121115	0.99999;0.99999;0.99999;0.99999;0.99999;0.99994;0.9999;0.9999
k79_52421	2;976;200643;171549;815;816;820;997890	1.0;1.0;1.0;1.0;1.0;1.0;1.0;1.0
k79_52424	2;1239;909932;1843488;909930;33024;33025	1.0;1.0;1.0;1.0;1.0;1.0;1.0
k79_64493	2;976;200643;171549;2005525;375288;823;999416	1.0;0.5298;0.5298;0.5298;0.52943;0.52943;0.52939;0.52939
k79_52425	2;1239;186801;3085636;186803;1766253;39491;657317	1.0;0.99998;0.99998;0.99998;0.99998;0.94929;0.94929;0.9144
k79_52429	2;201174;1760;85011;2062;1883;2751189	1.0;0.99998;0.99998;0.99998;0.99998;0.99998;0.99996
k79_88727	2;976;200643;171549;815;816;674529	1.0;1.0;1.0;1.0;0.99999;0.99996;0.99957
k79_52430	2;1239;186801;186802;216572;2038676;3070656	1.0;0.99998;0.99983;0.99983;0.99983;0.99983;0.99983
k79_27640	2;1239;186801;3085636;186803;2719313;208479	1.0;1.0;1.0;0.99987;0.99987;0.99987;0.99987
k79_16012	2759;7711;40674;9443;9604;9605;9606	0.9983;0.9983;0.9983;0.9983;0.9983;0.9983;0.9983
k79_64508	2;1239;186801;3085636;186803;1766253;39491;657317	0.99992;0.99817;0.99809;0.87346;0.87346;0.84652;0.84652;0.84192
k79_88736	2;976;200643;171549;815;816;46506;449673	1.0;1.0;1.0;1.0;1.0;1.0;0.99997;0.99997
k79_16021	2;1239;186801;3085636;186803;207244;649756;649757	1.0;1.0;1.0;1.0;1.0;1.0;1.0;1.0
k79_3726	2;1239;526524;526525;2810280;2678885;1982626	1.0;1.0;1.0;1.0;1.0;1.0;1.0
k79_88750	2;1239;186801;3085636;186803;1766253;39491;657317	0.99999;0.99999;0.99999;0.98904;0.98904;0.98903;0.98903;0.98866
k79_52449	2	0.73316
k79_40736	2;976;200643;171549;815;909656;387090	1.0;1.0;1.0;1.0;0.99999;0.99943;0.99943
k79_76889	2;1239;186801;186802	0.97436;0.86891;0.86378;0.85876
k79_27642	2;1239;186801;186802;31979;1485;2212991	1.0;1.0;1.0;0.99999;0.99995;0.99995;0.99995
k79_52454	2;976;200643;171549;815;816;291645	1.0;0.99999;0.99999;0.99999;0.99999;0.99999;0.99997
k79_16028	2;1239;186801;3085636;186803;207244;649756;649757	1.0;1.0;1.0;1.0;1.0;1.0;1.0;1.0
k79_88751	2;976;200643;171549;2005519;397864;397865;880074	1.0;1.0;1.0;1.0;1.0;1.0;1.0;1.0
k79_64530	2157;28890;183925;2158;2159;2172;2173;420247	1.0;1.0;1.0;1.0;1.0;1.0;1.0;1.0
k79_3756	2;1239;186801;3085636;186803;572511;89014	1.0;1.0;1.0;1.0;1.0;0.9997;0.99966
k79_64534	2;976;200643;171549;815;816;818	0.99999;0.99983;0.99983;0.99983;0.99976;0.99967;0.99914
k79_27652	2;1239;186801;186802;216572;1263;2608920	1.0;1.0;0.99999;0.99999;0.99999;0.99998;0.99992
k79_64539	2;1239;909932;1843489;31977;906;1232428	1.0;1.0;0.99985;0.99985;0.99985;0.99985;0.99985
k79_40774	2;1239;526524;526525;2810280;2678885;1982626	1.0;1.0;1.0;1.0;1.0;1.0;1.0
k79_3757	2;1239;186801;186802;216572;1263;2608920	1.0;0.99996;0.99995;0.99993;0.99993;0.99993;0.99989
k79_76906	2;1239;186801;3085636;186803;33042;410072	1.0;1.0;1.0;1.0;1.0;0.99993;0.99993
k79_64546	2;976;200643;171549;815;909656;821	1.0;0.99721;0.99721;0.99721;0.86784;0.85829;0.85828
k79_27665	2;74201;203494;48461;1647988;239934;239935	1.0;1.0;1.0;1.0;1.0;1.0;1.0
k79_27666	2;1239;186801;3085636;186803;1766253;39491;657317	1.0;0.99996;0.99996;0.99995;0.99995;0.99993;0.99993;0.97741
k79_16038	2;1239;526524;526525;2810280;2678885;1982626	1.0;1.0;1.0;1.0;1.0;1.0;1.0
k79_52477	2;1239;186801;3085636;186803;1766253;39491;657317	1.0;1.0;1.0;1.0;1.0;1.0;1.0;0.99612
k79_76913	2157;28890;183925;2158;2159;2172;2173;420247	0.99999;0.99999;0.99999;0.99999;0.99999;0.99999;0.99992;0.99992
k79_64553	2157;28890;183925;2158;2159;2172;2173;420247	0.99882;0.99882;0.99882;0.99882;0.99882;0.99882;0.92459;0.92459
k79_3772	2;976;200643;171549;815;816;2650157	0.9934;0.87329;0.87307;0.87307;0.87306;0.87306;0.87253
k79_76918	2;976;200643;171549;815;816	0.99973;0.99971;0.99945;0.9993;0.99929;0.99866
k79_76919	2;1239;186801;3085636;186803;572511;418240;1121115	1.0;1.0;1.0;1.0;1.0;0.99995;0.9998;0.9998
k79_3776	2;1239;526524;526525;2810280;2678885;1982626	1.0;1.0;1.0;1.0;1.0;1.0;1.0
k79_27678	2157;28890;183925;2158;2159;2172;2173;420247	1.0;1.0;1.0;1.0;1.0;1.0;1.0;1.0
k79_40795	2;1239;186801;3085636;186803;572511;418240;1121115	1.0;1.0;1.0;1.0;1.0;1.0;1.0;1.0
k79_16053	2;976;200643;171549;815;816;28111	1.0;0.99988;0.99988;0.99988;0.99983;0.99967;0.99921
k79_27679	2;1239;186801;186802;216572;1263;2608920	1.0;1.0;1.0;1.0;1.0;1.0;1.0
k79_40798	2;1239;186801;186802;216572;216851;411483	1.0;0.99988;0.99988;0.99987;0.99987;0.99986;0.99983
k79_88776	2;1239;91061;186826;1300;1301;315405	1.0;1.0;0.99999;0.99999;0.99999;0.99999;0.99999
k79_3784	2;976;200643;171549;815;816;2755405	0.99992;0.97625;0.97621;0.97615;0.95941;0.9594;0.86034
k79_52486	2;1239;186801;3085636;186803;2316020;33039;657313	1.0;1.0;1.0;0.99987;0.99987;0.99902;0.99901;0.99901
k79_16060	2;1239;186801;186802;216572;216851;2929493	1.0;0.99999;0.99999;0.99997;0.99997;0.99997;0.99995
k79_3787	2;1239;186801;186802;216572;1263;1160721	1.0;1.0;1.0;1.0;1.0;1.0;1.0
k79_27687	2;1239;186801;3085636;186803;2316020;46228;471875	1.0;1.0;1.0;1.0;1.0;0.99999;0.99999;0.99999
k79_64579	2;976;200643;171549;815;909656;376805;667015	0.99999;0.99971;0.99968;0.99967;0.98793;0.959;0.94499;0.94499
k79_52494	2;1239;186801;3085636;186803;572511;1322;537007	0.99991;0.99981;0.94186;0.9414;0.9414;0.7685;0.66796;0.66796
k79_27695	2;976;200643;171549;815;816;820;997890	1.0;1.0;1.0;1.0;1.0;1.0;0.99987;0.99987
k79_64585	2;976;117743;200644;49546;237;3003258	0.98446;0.85096;0.84491;0.84491;0.84487;0.84486;0.84045
k79_52497	2;1239;186801;186802;31979;1485;1491	1.0;0.99996;0.99989;0.99988;0.99988;0.99988;0.99584
k79_76954	2;976;200643;171549;815;816;28119	1.0;0.99999;0.99999;0.99999;0.99999;0.99998;0.99982
k79_64587	2;976;200643;171549;815;816;820;997890	0.99998;0.99575;0.93787;0.93787;0.93409;0.93398;0.53125;0.53125
k79_3803	2;1239;186801;3085636;186803;830;831	1.0;0.99999;0.99999;0.99995;0.99995;0.99995;0.99995
k79_64590	2;976;200643;171549;815;909656;357276;997877	1.0;1.0;1.0;1.0;0.99999;0.99988;0.99988;0.99988
k79_3805	2;976;200643;171549;815;816;2528203	1.0;0.99999;0.99998;0.99998;0.99997;0.99919;0.99817
k79_52512	131567	0.99999
k79_64592	2;1239;91061;1385;186817;1386;1705566	1.0;0.99997;0.88377;0.88369;0.82062;0.82054;0.82054
k79_16087	2;1239;526524;526525;2810280;2678885;1982626	1.0;1.0;1.0;1.0;1.0;1.0;1.0
k79_88804	2;1239;186801;3085636;186803;2316020;46228;471875	1.0;1.0;1.0;1.0;1.0;0.99997;0.99996;0.99996
k79_76966	2;1239;186801;186802;216572;2591381;2093857	1.0;1.0;0.99988;0.99988;0.99988;0.99986;0.99986
k79_16089	2;976;200643;171549;815;909656;821	0.99988;0.8956;0.89209;0.89209;0.58655;0.57385;0.57384
k79_3816	2;1239;186801;3085636;186803;1766253;39491;657317	1.0;1.0;1.0;1.0;1.0;0.99989;0.99989;0.99982
k79_64600	2;976;200643;171549;815;816;162156	1.0;1.0;0.99997;0.99997;0.99997;0.99835;0.88656
k79_76971	2;1239;186801;186802;216572;1263;2608920	1.0;0.99999;0.99999;0.99998;0.99914;0.99914;0.99913
k79_40801	2759;7711;40674;9443;9604;9605;9606	0.97302;0.97302;0.97302;0.97302;0.97302;0.97302;0.97302
k79_52520	2;976;200643;171549;815	0.66345;0.63566;0.63526;0.63519;0.63455
k79_16101	2;1239;186801;186802;216572;1263;2608920	1.0;0.99994;0.99993;0.99344;0.9933;0.9933;0.9933
k79_52521	2;1239;909932;1843488;909930;33024;33025	1.0;1.0;1.0;1.0;1.0;1.0;1.0
k79_3818	2;1239;186801;3085636;186803;572511;1796616	1.0;1.0;1.0;1.0;1.0;1.0;0.87615
k79_16103	2;1239;186801;3085636;186803;2316020;33039;657313	0.99998;0.98568;0.96641;0.79482;0.79482;0.76278;0.68348;0.68348
k79_27723	2;1239;186801;186802;216572;1263;1160721	1.0;1.0;1.0;1.0;1.0;1.0;1.0
k79_88811	2;1239;186801;3085636;186803;572511;418240;1121115	1.0;1.0;1.0;1.0;1.0;1.0;1.0;1.0
k79_52522	2;1239;186801;3085636;186803;207244;649756;649757	0.96129;0.73267;0.57281;0.57272;0.57272;0.57264;0.57264;0.57264
k79_40804	2;976;200643;171549;815;816;817;997879	1.0;0.99996;0.99996;0.99996;0.99799;0.99799;0.99798;0.99798
k79_88813	2;1239;186801;3085636;186803;1766253;39491;657317	1.0;1.0;1.0;1.0;1.0;0.99998;0.99998;0.99954
k79_16107	2;1239;186801;3085636;186803;2569097;39488	1.0;0.99993;0.9999;0.99948;0.99948;0.929;0.929
k79_64616	2157;28890;183925;2158;2159;2172;2173;420247	1.0;1.0;1.0;1.0;1.0;1.0;1.0;1.0
k79_40810	2;1239;186801;3085636;186803;572511;418240;1121115	1.0;1.0;1.0;1.0;1.0;0.99999;0.99998;0.99998
k79_27741	2;1239;186801;186802;216572;1263;2608920	1.0;0.99999;0.99999;0.99999;0.99999;0.99998;0.99998
k79_76989	2;976;200643;171549;815;816;820;997890	1.0;1.0;1.0;1.0;1.0;1.0;1.0;1.0
k79_64620	2;1239;526524;526525;2810280;2678885;1982626	1.0;1.0;0.99998;0.99998;0.99998;0.99998;0.99998
k79_64622	2;976;200643;171549;815;816;820;997890	1.0;1.0;1.0;1.0;1.0;1.0;0.99996;0.99996
k79_3836	2;1239;186801;3085636;186803	1.0;0.99969;0.99961;0.99936;0.99936
k79_16109	2;1239;186801;186802;216572;216851;2929495	1.0;0.99999;0.99999;0.99999;0.99999;0.99999;0.99996
k79_40828	2;976;200643;171549;815;909656;357276;997877	1.0;1.0;1.0;1.0;1.0;0.99987;0.99987;0.99987
k79_16111	2;1239;186801;3085636;186803;1766253;39491;657317	1.0;1.0;1.0;1.0;1.0;0.99993;0.99993;0.99693
k79_88818	2;976;200643;171549;815;909656;821	1.0;0.99996;0.99996;0.99996;0.99992;0.9999;0.9999
k79_64634	2;1783272	1.0;0.55792
k79_16120	2;1239;186801;3085636;186803;2569097;39488	1.0;1.0;1.0;0.99992;0.99992;0.99992;0.99992
k79_27750	2;1239;186801;186802;216572;1263;2608920	1.0;1.0;1.0;0.99999;0.99999;0.99999;0.99996
k79_16121	2;1239;526524;526525;2810280;2678885;1982626	1.0;0.99997;0.99996;0.99996;0.99996;0.99995;0.99995
k79_27751	2;1239;186801;3085636;186803;33042;410072	1.0;1.0;1.0;1.0;1.0;0.99729;0.99729
k79_77010	2;1239;91061;1385;186817;400634;2636778	0.97221;0.96938;0.96779;0.96779;0.96778;0.96571;0.96571
k79_16122	2;976;200643;171549;815;909656;387090	1.0;0.99999;0.99999;0.99999;0.99998;0.99996;0.99995
k79_77011	2;976;200643;171549;815;816;820;997890	1.0;1.0;1.0;1.0;1.0;1.0;1.0;1.0
k79_52553	2759;7711;40674;9443;9604;9605;9606	0.99069;0.99069;0.99069;0.99069;0.99069;0.99069;0.99069
k79_40834	2;1239;526524;526525;2810280;2678885;1982626	1.0;1.0;1.0;1.0;1.0;1.0;1.0
k79_27756	2;976;200643;171549;815;816;820;997890	1.0;1.0;1.0;1.0;1.0;1.0;0.99998;0.99998
k79_77013	2;976;200643;171549;815;909656;821	1.0;0.99986;0.99986;0.99986;0.99984;0.99916;0.99916
k79_88825	2;1239;186801;3085636;186803;572511;418240;1121115	1.0;1.0;1.0;1.0;1.0;1.0;1.0;1.0
k79_88826	2;1239;186801;3085636;186803;572511;33035	1.0;1.0;1.0;1.0;1.0;0.99999;0.99999
k79_40835	2157;28890;183925;2158;2159;2172;2870563	0.99971;0.99971;0.99971;0.99971;0.99971;0.99971;0.99965
k79_3850	2;1239;186801;3085636;186803;33042;33043	1.0;0.99997;0.99997;0.99997;0.99997;0.99952;0.99952
k79_88831	2;1224;1236;91347;543;544;1639133	1.0;0.99995;0.99995;0.99995;0.99995;0.99993;0.99993
k79_16148	2;1239;186801;3085636;186803;2316020;46228;471875	1.0;1.0;1.0;1.0;1.0;1.0;0.99999;0.99999
k79_3853	2;976;200643;171549;815;816;47678;997873	0.99982;0.89655;0.89654;0.89652;0.82194;0.82132;0.82127;0.82127
k79_40847	2;1239;186801;3085636;186803;207244;649756;649757	1.0;1.0;1.0;1.0;1.0;1.0;1.0;1.0
k79_3863	2157;28890;183925;2158;2159;2172;2173;420247	1.0;1.0;1.0;1.0;1.0;1.0;0.99997;0.99997
k79_16167	2;1239;186801;186802;216572;1263;2608920	1.0;1.0;1.0;1.0;1.0;1.0;1.0
k79_88833	2;976;200643;171549;815;816;246787	1.0;1.0;1.0;1.0;0.99999;0.99999;0.99993
k79_64648	2;976;200643;171549;815;816;820;997890	1.0;1.0;1.0;1.0;1.0;1.0;1.0;1.0
k79_3869	2;976;200643;171549;815;909656;387090	1.0;1.0;0.99998;0.99998;0.99998;0.99995;0.99995
k79_52582	2157;28890;183925;2158;2159;2172;2173;420247	1.0;1.0;1.0;1.0;1.0;1.0;1.0;1.0
k79_40868	2;976;117743;200644;49546;104267;104268	1.0;0.99981;0.99981;0.99981;0.99981;0.99981;0.99981
k79_52583	2;976;200643;171549;815;816;820;997890	1.0;0.99995;0.99995;0.99995;0.99995;0.99995;0.99994;0.99994
k79_40870	2157;28890;183925;2158;2159;2172;2173;420247	1.0;1.0;1.0;1.0;1.0;1.0;1.0;1.0
k79_27788	2;74201;203494;48461;1647988;239934;239935	1.0;0.99818;0.99818;0.99818;0.99818;0.99818;0.99818
k79_40876	2;1239;186801;3082720;543314;86331;114527	1.0;0.99999;0.99959;0.99958;0.99958;0.99958;0.99958
k79_64674	2;1239;186801;186802;186806;1730;39496	1.0;1.0;1.0;1.0;0.99999;0.99999;0.99999
k79_27792	2;1239;186801;3085636;186803;1766253;39491;657318	1.0;0.99963;0.99952;0.99946;0.99946;0.96799;0.96799;0.82128
k79_88847	2;1239;186801;3085636;186803;572511;418240;1121115	1.0;1.0;1.0;1.0;1.0;1.0;1.0;1.0
k79_3892	2;976;200643;171549;815;816;291644	1.0;1.0;1.0;1.0;1.0;0.99999;0.99996
k79_52587	2;976;200643;171549;815;816;820;997890	1.0;0.98881;0.98881;0.98881;0.98881;0.9888;0.98839;0.98839
k79_40885	2;976;200643;171549;815;816;820;997890	1.0;0.99998;0.99997;0.99997;0.99997;0.99997;0.99996;0.99996
k79_64685	2;1239;186801;3085636;186803;1506553;29347	0.99994;0.99796;0.99781;0.93086;0.93086;0.57514;0.57514
k79_16190	2;1239;526524;526525;2810280;2678885;1982626	1.0;1.0;1.0;1.0;0.99998;0.99998;0.99998
k79_16198	2;1239;186801;3085636;186803;572511;2877527	1.0;1.0;1.0;1.0;1.0;1.0;1.0
k79_27797	2;1239;91061;186826;33958;2767876;1603;1423721	0.99978;0.98273;0.95199;0.94484;0.94484;0.94484;0.94484;0.94484
k79_77048	2;1239;186801;186802;216572;1263;2608920	0.90658;0.9053;0.90504;0.90493;0.902;0.902;0.90196
k79_3902	2;1239;186801;3085636;186803;207244;649756;649757	1.0;1.0;1.0;1.0;1.0;1.0;1.0;1.0
k79_27801	2;976;200643;171549;815;816;820;997890	1.0;1.0;1.0;1.0;1.0;1.0;1.0;1.0
k79_64693	2;1239;186801;3085636;186803;572511;418240;1121115	1.0;1.0;1.0;1.0;1.0;1.0;1.0;1.0
k79_77053	2;1239;526524;526525;2810280;2678885;1982626	1.0;1.0;0.99995;0.99995;0.99995;0.99995;0.99995
k79_52600	2;976;200643;171549;815;909656;357276;997877	1.0;0.74603;0.74577;0.74577;0.74312;0.74189;0.69691;0.69691
k79_16215	2;976;200643;171549;815;816;820;997890	1.0;1.0;1.0;1.0;1.0;1.0;1.0;1.0
k79_88865	2;1239;186801;186802;216572;2892396;2714355	1.0;1.0;1.0;1.0;1.0;1.0;1.0
k79_16216	2;1239;186801;3085636;186803	0.99933;0.99835;0.99233;0.93985;0.93985
k79_40911	2;976;200643;171549;815;816;818	1.0;1.0;1.0;1.0;0.99992;0.99992;0.99983
k79_52610	2;1239;1737404;1737405;1570339;150022;1260	0.99861;0.98936;0.77752;0.77752;0.77752;0.77752;0.77752
k79_64703	2157;28890;183925;2158;2159;2172;1609968	0.99998;0.99998;0.99998;0.99998;0.99998;0.99998;0.99997
k79_40913	2;1239;526524;526525;2810280;2678885;1982626	1.0;0.99999;0.99999;0.99999;0.99981;0.9998;0.9998
k79_64704	2;1239;909932;1843488;909930;33024;626940	1.0;1.0;0.99994;0.99994;0.99994;0.99994;0.99994
k79_16224	2;1239;909932;1843488;909930;33024;33025	1.0;1.0;1.0;1.0;1.0;1.0;1.0
k79_77064	2;1224;1236;1934945;1934946;1934947;1810504	0.99994;0.7625;0.75928;0.63415;0.63415;0.63415;0.63415
k79_64712	2;976;200643;171549;815;816;820;997890	1.0;0.99923;0.99898;0.99898;0.88742;0.85068;0.74541;0.74541
k79_77065	2;1239;186801;186802;216572;1263;1161942	1.0;0.58434;0.58234;0.58212;0.58203;0.57996;0.57914
k79_16228	2;1239;526524;526525;2810280;2678885;1982626	0.99996;0.99994;0.99992;0.99992;0.99936;0.99936;0.99936
k79_3919	2	0.99999
k79_40920	2;976;200643;171549;815;816;2528203	1.0;1.0;1.0;1.0;1.0;0.99999;0.99984
k79_52615	2;1239	0.99999;0.56888
k79_40921	2;1783272	0.98214;0.86436
k79_3926	2;1239;186801;186802;216572;1263;2608920	1.0;0.99999;0.99999;0.99999;0.99998;0.99998;0.99998
k79_77077	2;1239;186801;3085636;186803;572511;418240;1121115	1.0;1.0;1.0;1.0;1.0;1.0;0.99992;0.99992
k79_3929	2;1239;186801;3085636;186803;1766253;39491;657318	0.99998;0.99998;0.99998;0.99998;0.99998;0.99997;0.99997;0.99975
k79_88889	2;1239;186801;3085636;186803;572511;418240;1121115	0.99819;0.99808;0.99803;0.99782;0.99782;0.62159;0.60966;0.60966
k79_52619	2;976;200643;171549;815;816;820;997890	1.0;1.0;1.0;1.0;1.0;1.0;0.99996;0.99996
k79_77082	2;1239;186801;3085636;186803;841;166486;657315	1.0;1.0;1.0;1.0;1.0;0.99998;0.99998;0.99998
k79_27812	2;1239;909932;1843488;909930;33024;33025	0.9999;0.99913;0.99906;0.99906;0.99906;0.99906;0.99906
k79_64727	2;1239;186801;3085636;186803;572511;418240;1121115	1.0;1.0;1.0;1.0;1.0;1.0;1.0;1.0
k79_40925	2;976;200643;171549;815;816;820;997890	0.99974;0.99292;0.99289;0.99288;0.97368;0.9411;0.88669;0.88669
k79_77090	2;976;200643;171549;815;816;820;997890	1.0;1.0;1.0;1.0;0.99999;0.99999;0.99994;0.99994
k79_88891	2;1239;186801;186802;31979;1485;1155388	1.0;0.99996;0.99996;0.99995;0.99995;0.99995;0.99928
k79_27818	2;1239;526524;526525;2810280;2678885;1982626	1.0;1.0;1.0;1.0;1.0;1.0;1.0
k79_88894	2;1239;526524;526525;2810280;2678885;1982626	1.0;0.99989;0.99989;0.99989;0.99989;0.99989;0.99989
k79_40932	2;1239;186801;3085636;186803;33042;410072	1.0;1.0;1.0;1.0;1.0;0.96457;0.96457
k79_3946	2;976;200643;171549;815;816;820;997890	1.0;0.99999;0.99999;0.99999;0.99877;0.99075;0.96907;0.96907
k79_16264	2;1239;186801;3085636;186803;841;166486;718255	1.0;1.0;1.0;0.99999;0.99999;0.99989;0.99987;0.99909
k79_3947	2;1239;526524;526525;2810280;2678885;1982626	1.0;1.0;0.99997;0.99997;0.99997;0.99997;0.99997
k79_40935	2;976;200643;171549;815;816;820;997890	1.0;1.0;1.0;1.0;1.0;1.0;1.0;1.0
k79_64733	2;1239;91061;1385;186817;2837506;1397	1.0;1.0;0.99999;0.99999;0.99999;0.99999;0.99999
k79_64741	2;1239;186801;186802;31979;1485	0.52964;0.51168;0.51087;0.5016;0.50155;0.50155
k79_3961	2;976;200643;171549;815;909656;821	1.0;0.99998;0.99998;0.99997;0.99987;0.99981;0.99981
k79_16279	2;1239;186801;3085636;186803;1506553;29347	1.0;1.0;1.0;1.0;1.0;1.0;1.0
k79_64743	2;1239;186801;186802;216572;1263;2608920	1.0;0.99999;0.99999;0.99999;0.99998;0.99997;0.99938
k79_3963	2;1239;186801;186802;216572;1263;2608920	1.0;1.0;1.0;1.0;1.0;1.0;1.0
k79_27821	2;1239;186801;3085636;186803;572511;2779518	1.0;1.0;1.0;0.9956;0.9956;0.99554;0.99554
k79_3964	2;1239;186801;3085636;186803;189330;88431	0.99985;0.99925;0.99925;0.99903;0.99903;0.99839;0.99839
k79_88906	2;1239;186801;3085636;186803;189330;88431	1.0;0.99996;0.99995;0.99995;0.99995;0.9926;0.9926
k79_77106	2;65842;204430;218872;204431;832;833;59374	1.0;0.99999;0.99999;0.99999;0.99999;0.99999;0.99999;0.99999
k79_27830	2;1239;186801;186802;216572;1263;2608920	1.0;0.99981;0.99981;0.99961;0.99959;0.99959;0.99959
k79_88907	2;1239;186801;3085636;186803;841;166486;718255	0.99998;0.99998;0.99998;0.99983;0.99983;0.99981;0.99953;0.99515
k79_16285	2;1239;909932;1843488;909930;33024;33025	1.0;0.99997;0.99994;0.99994;0.99994;0.99994;0.99994
k79_52650	2;1239;186801;3085636;186803;1766253;39491;657318	1.0;1.0;1.0;1.0;1.0;1.0;1.0;0.99597
k79_27843	2;1239;186801;3085636;186803;1766253;39491;657318	1.0;0.99999;0.99997;0.99997;0.99997;0.99968;0.99968;0.99966
k79_52651	2;976;200643;171549;2005525;375288;823;999416	1.0;0.99995;0.99995;0.99995;0.99978;0.99978;0.99978;0.99978
k79_64757	2;1239;186801;186802;3082771;1738645;1738647	1.0;1.0;1.0;1.0;1.0;1.0;1.0
k79_64759	2;976;200643;171549;815;909656;821	1.0;1.0;1.0;1.0;1.0;0.99999;0.99999
k79_88920	2;976;200643;171549;815;816;820;997890	1.0;1.0;1.0;1.0;1.0;1.0;1.0;1.0
k79_52656	2;1239;526524;526525;2810280;2678885;1982626	1.0;1.0;1.0;1.0;1.0;1.0;1.0
k79_16298	2;976;200643;171549;815;816;820;997890	1.0;1.0;1.0;1.0;1.0;1.0;1.0;1.0
k79_40970	2;1239;186801;3082720;186804;1870884;1496	1.0;1.0;1.0;1.0;1.0;1.0;1.0
k79_77113	2;1239;526524;526525;2810280;2678885;1982626	0.99998;0.99998;0.99998;0.99998;0.99997;0.99997;0.99997
k79_40973	2;1239;186801;186802;216572;1263;2608920	1.0;0.99978;0.99899;0.99881;0.99881;0.9988;0.9988
k79_77122	2157;28890;183925;2158;2159;2172;2173;420247	1.0;1.0;1.0;1.0;1.0;1.0;1.0;1.0
k79_64762	2;1239;186801;3085636;186803;2316020;33039;657313	1.0;1.0;1.0;1.0;1.0;1.0;1.0;1.0
k79_88932	2;1239;186801;3085636;186803;1766253;39491;657318	0.99944;0.99879;0.99874;0.99602;0.99602;0.98912;0.98912;0.98858
k79_27874	2157;28890;183925;2158;2159;2172;2173;420247	1.0;1.0;1.0;1.0;1.0;1.0;1.0;1.0
k79_52669	2157;28890;183925;2158;2159;2172;2173;420247	1.0;1.0;1.0;1.0;1.0;1.0;1.0;1.0
k79_64772	2;1239;186801;3085636;186803;572511;418240;1121115	1.0;0.99996;0.99995;0.99994;0.99994;0.99461;0.99412;0.99412
k79_16310	2;976;200643;171549;815;816;820;997890	1.0;1.0;1.0;1.0;1.0;1.0;1.0;1.0
k79_64776	2;1239;526524;526525;2810280;2678885;1982626	1.0;1.0;1.0;1.0;1.0;1.0;1.0
k79_16319	2;1239;186801;3085636;186803;1766253;39491;657317	1.0;0.99987;0.99987;0.99987;0.99987;0.97721;0.97721;0.97589
k79_52682	2;1239;909932;1843488;909930;33024;33025	1.0;1.0;0.99999;0.99999;0.99999;0.99999;0.99999
k79_27880	2;1239;186801;186802;216572;216851;2929492	1.0;0.99999;0.99906;0.99905;0.99905;0.99905;0.99868
k79_77138	2;1239;91061;1385;186822;44249;189691	1.0;0.99999;0.99795;0.99795;0.99795;0.99795;0.97311
k79_88946	2;976;200643;171549;815;816;820;997890	1.0;1.0;1.0;1.0;1.0;1.0;0.99999;0.99999
k79_3997	2;976;117747;200666;84566;84567;2714940	1.0;1.0;1.0;1.0;1.0;1.0;1.0
k79_88948	2;1239;186801;3085636;186803;2316020;46228;471875	1.0;1.0;0.99999;0.99999;0.99999;0.99921;0.99921;0.99921
k79_77142	2;1239;186801;186802;216572;2172004;2108523	1.0;0.99938;0.99938;0.99937;0.99937;0.99937;0.99937
k79_88952	2;1239;186801;3085636;186803;572511;418240;1121115	1.0;1.0;1.0;1.0;1.0;0.99995;0.99993;0.99993
k79_27892	2;1239;186801;3085636;186803;1766253;39491;657317	1.0;1.0;1.0;1.0;1.0;1.0;1.0;0.99987
k79_52689	2;976;200643;171549;2005525;375288;823;999416	0.99999;0.86624;0.86624;0.86624;0.86468;0.86468;0.86468;0.86468
k79_41003	2;1239;186801;3085636;186803;33042;33043	1.0;1.0;1.0;0.99998;0.99998;0.99994;0.99994
k79_52690	2;1224;1236;135622;267890;22;2814292	1.0;0.99993;0.99993;0.99993;0.99993;0.99993;0.99993
k79_41004	2;1239;186801;3085636;186803;572511;40520;411459	1.0;1.0;1.0;1.0;1.0;0.9999;0.9998;0.9998
k79_52696	2;1239;186801;3085636;186803;572511;40520;657314	1.0;0.95883;0.95835;0.95829;0.95829;0.9366;0.74178;0.74122
k79_16336	2;1783272	0.99995;0.99976
k79_77150	2;1239;186801;186802;216572;1263;1160721	1.0;0.99999;0.99898;0.99839;0.99827;0.99824;0.99824
k79_27901	2;1239;186801;3085636;186803;1766253;39491;657317	1.0;0.99999;0.99999;0.99999;0.99999;0.99999;0.99999;0.99997
k79_4002	2;1239;186801;3085636;186803;189330;88431	1.0;1.0;1.0;1.0;1.0;0.99991;0.99991
k79_4003	2;1239;186801;3085636;186803;33042;116085	1.0;1.0;1.0;1.0;1.0;0.99999;0.99999
k79_88966	2;976;200643;171549;815;816;820;997890	1.0;0.99999;0.99997;0.99997;0.99996;0.99996;0.99944;0.99944
k79_52716	2;1239;186801;3085636;186803;207244;649756;649757	1.0;0.99881;0.99787;0.99752;0.99752;0.65833;0.65833;0.65833
k79_64781	2157;28890;183925;2158;2159;2172;2173;420247	1.0;1.0;1.0;1.0;1.0;1.0;1.0;1.0
k79_52717	2;1239;186801;3085636;186803;2316020;46228;471875	1.0;1.0;1.0;1.0;1.0;1.0;1.0;1.0
k79_41011	2;1239;186801;186802;31979;1485;2930219	1.0;0.99979;0.99977;0.99963;0.99961;0.99961;0.99938
k79_52720	2;976;200643;171549;2005525;375288;823;999416	1.0;1.0;1.0;1.0;1.0;1.0;1.0;1.0
k79_4019	2;1239;526524;526525;2810280;2678885;1982626	1.0;1.0;1.0;1.0;1.0;1.0;1.0
k79_64788	2;1239;186801;186802;216572;1263;2608920	1.0;0.99958;0.99955;0.99955;0.99954;0.99954;0.99954
k79_52727	2157;28890;183925;2158;2159;2172;2173;420247	1.0;1.0;1.0;1.0;1.0;1.0;0.99994;0.99994
k79_27915	2;976;200643;171549;815;816;818	1.0;1.0;1.0;1.0;1.0;0.99999;0.99999
k79_16355	2;1239;186801;3085636;186803;572511;418240;1121115	1.0;1.0;1.0;1.0;1.0;0.99999;0.99998;0.99998
k79_41024	2;1239;186801;186802;216572;459786;2109687	1.0;1.0;0.99999;0.99999;0.99999;0.99984;0.99984
k79_41025	2;1239;186801;3085636;186803;1766253;39491;657317	1.0;1.0;1.0;1.0;1.0;1.0;1.0;0.99999
k79_88986	2;1239;186801;186802;216572;1263;2608920	1.0;0.99999;0.99999;0.99998;0.99998;0.99998;0.9998
k79_41026	2;1239;186801;3085636;186803;572511;89014	1.0;1.0;1.0;1.0;1.0;1.0;0.99996
k79_64792	2;976;200643;171549;815;816;477666	1.0;1.0;1.0;1.0;1.0;0.99998;0.99998
k79_4031	131567	1.0
k79_16374	2;1239;526524;526525;2810280;2678885;1982626	1.0;1.0;1.0;1.0;1.0;1.0;1.0
k79_4037	2;976;200643;171549;815;816;820;997890	1.0;1.0;1.0;1.0;1.0;1.0;1.0;1.0
k79_16378	2;1239;526524;526525;2810280;2678885;1982626	1.0;1.0;1.0;1.0;1.0;1.0;1.0
k79_16384	2;1239;909932;1843488;909930;33024;33025	1.0;1.0;1.0;1.0;1.0;1.0;1.0
k79_52736	2;1239;186801;3085636;186803;33042;410072	1.0;1.0;1.0;1.0;1.0;0.99996;0.99996
k79_4043	2;976;200643;171549;815;816;3117552	1.0;1.0;1.0;1.0;1.0;1.0;1.0
k79_89004	2;1239;526524;526525;2810280;2678885;1982626	1.0;1.0;1.0;1.0;1.0;1.0;1.0
k79_16392	2;976;200643;171549;815;816;820;997890	1.0;1.0;1.0;1.0;1.0;1.0;1.0;1.0
k79_77193	2;976;200643;171549;815;816;820;997890	1.0;1.0;1.0;1.0;1.0;1.0;1.0;1.0
k79_4051	2;976;200643;171549;815;909656;387090	1.0;1.0;0.99997;0.99997;0.99997;0.99989;0.99989
k79_89010	2;1239;186801;3085636;186803;3031933;2709410	1.0;1.0;1.0;0.99998;0.99998;0.99975;0.99975
k79_4054	2;1239;186801;186802;216572;216851;3030639	1.0;0.9999;0.99979;0.99978;0.99978;0.99978;0.99978
k79_16400	2;1239;526524;526525;2810280;2678885;1982626	0.99936;0.99907;0.9959;0.9959;0.99583;0.99578;0.99578
k79_52748	2;1239;526524;526525;2810280;2678885;1982626	1.0;0.99998;0.99991;0.99991;0.99991;0.99991;0.99991
k79_89017	2;1239;186801;3085636;186803;1766253;39491;657317	1.0;0.99964;0.99964;0.99964;0.99964;0.99964;0.99964;0.99875
k79_64794	2759;7711;40674;9443;9604;9605;9606	0.99863;0.99863;0.99863;0.99863;0.99863;0.99863;0.99863
k79_41070	2;976;200643;171549;815;816;2528203	1.0;0.99997;0.99997;0.99997;0.99995;0.99992;0.98704
k79_4060	2157;28890;183925;2158;2159;2172;2173;420247	1.0;1.0;1.0;1.0;1.0;1.0;1.0;1.0
k79_16408	2;976;200643;171549;815;909656;821	1.0;1.0;1.0;1.0;1.0;1.0;1.0
k79_52752	131567	0.55255
k79_16411	2;1239;186801;3085636;186803;572511;418240;1121115	1.0;1.0;1.0;1.0;1.0;0.99999;0.99999;0.99999
k79_77200	2;1239;186801;3085636;186803;207244;649756;649757	1.0;0.99535;0.99531;0.99531;0.99531;0.99531;0.99531;0.99531
k79_16413	2;976;200643;171549;815;816;47678;997873	1.0;1.0;1.0;1.0;1.0;0.99998;0.99996;0.99996
k79_89035	2;976;200643;171549;815;816;820;997890	1.0;1.0;1.0;1.0;1.0;1.0;0.99997;0.99997
k79_41073	2;1239;186801;3085636;186803;1506577;36835	0.99999;0.99645;0.99634;0.99563;0.99563;0.99563;0.99563
k79_16419	2;1239;526524;526525;2810280;2678885;1982626	0.99999;0.99989;0.9998;0.9998;0.99977;0.99975;0.99975
k79_27980	2;1239;186801;3085636;186803;1649459;154046;742737	0.99997;0.99983;0.99981;0.99961;0.9996;0.9996;0.9996;0.9996
k79_89040	2;976;200643;171549;815;816;820;997890	1.0;1.0;1.0;1.0;1.0;1.0;1.0;1.0
k79_41075	2;1239;186801;186802;216572;216851;2929495	1.0;1.0;1.0;1.0;1.0;1.0;1.0
k79_64806	2;1239;186801;3085636;186803;841;301301	1.0;1.0;1.0;1.0;1.0;0.99999;0.99999
k79_4065	2;1239;186801;186802;216572;216851;411483	1.0;0.99999;0.99905;0.99591;0.99591;0.9952;0.99377
k79_41077	2;1239;186801;3085636;186803;2719313;208479	1.0;1.0;1.0;1.0;1.0;1.0;1.0
k79_16429	2;1239;186801;3085636;186803;207244;649756;649757	1.0;1.0;1.0;1.0;1.0;1.0;1.0;1.0
k79_89052	2;1239;186801;3082720;186804;1870884;1496	1.0;1.0;1.0;0.99998;0.99998;0.99998;0.99998
k79_52766	2;1239;91061;1385;90964;1279;1282	1.0;0.99997;0.99979;0.99902;0.99901;0.99901;0.99901
k79_89056	2;1239;526524;526525;2810280;2678885;1982626	1.0;1.0;1.0;1.0;0.99995;0.99995;0.99995
k79_77214	2;976;200643;171549;815	1.0;0.99928;0.99925;0.99925;0.60676
k79_16441	2;1239;186801;3085636;186803;189330;88431	1.0;0.99999;0.99999;0.99998;0.99998;0.99975;0.99975
k79_27993	2;976;200643;171549;815;909656;821	1.0;1.0;1.0;1.0;1.0;1.0;1.0
k79_77216	2;1239;186801	0.99995;0.75698;0.75007
k79_16443	2;976;200643;171549;2005525;375288;823;999416	1.0;1.0;1.0;1.0;1.0;1.0;1.0;1.0
k79_52779	2;1239;186801;186802;216572;1263;2608920	1.0;1.0;1.0;1.0;0.99998;0.99998;0.99998
k79_41093	2;1239;186801;186802;31979;1485;1491	0.99999;0.99986;0.55083;0.55075;0.54793;0.54793;0.54463
k79_28000	2;1239;526524;526525;2810280;2678885;1982626	1.0;0.99999;0.99999;0.99999;0.99996;0.99996;0.99996
k79_77223	2;1239;186801;186802;216572;2842531;2780922	1.0;0.99988;0.99988;0.99988;0.99988;0.99927;0.99927
k79_89080	2;1239;186801;3085636;186803;248744;168384;478749	1.0;1.0;0.99999;0.99778;0.99778;0.89184;0.89184;0.89184
k79_28009	2;1239;186801;186802;216572;1263;1160721	1.0;1.0;1.0;1.0;1.0;1.0;1.0
k79_77229	2;1239;186801;3085636;186803;1766253;39491;657318	1.0;1.0;1.0;1.0;1.0;0.99916;0.99916;0.67982
k79_89082	2;976;200643;171549;815;816;820;997890	1.0;0.99998;0.99998;0.99998;0.99998;0.99998;0.99987;0.99987
k79_89087	2;1239;186801;3085636;186803;572511;418240;1121115	1.0;1.0;1.0;1.0;1.0;1.0;1.0;1.0
k79_4075	2;1239;186801;3085636;186803;841;166486;718255	0.99999;0.99998;0.99994;0.99994;0.99994;0.99952;0.99616;0.88483
k79_28017	2;976;200643;171549;815;816;28116	1.0;0.99999;0.99999;0.99999;0.99999;0.99999;0.99998
k79_16471	2;1239;526524;526525;2810280;2678885;1982626	1.0;1.0;0.99994;0.99994;0.99994;0.99994;0.99994
k79_89091	2;976;200643;171549;2005525;375288;823;999416	1.0;1.0;1.0;1.0;0.99999;0.99999;0.99999;0.99999
k79_52792	2;1239;186801;3085636;186803;1843210;3081750	1.0;1.0;0.99999;0.99986;0.99986;0.99982;0.99982
k79_41123	2;1239;186801;3085636;186803;207244;649756;649757	1.0;0.99787;0.99777;0.99777;0.99777;0.99777;0.99777;0.99777
k79_89097	2;976;200643;171549;815;816;329854	1.0;0.99993;0.99946;0.99944;0.99899;0.83995;0.76649
k79_16479	2;1783272	0.99579;0.55856
k79_89103	2;1239;186801;3085636;186803;1766253;39491;657317	1.0;0.99907;0.99905;0.99905;0.99905;0.93205;0.93205;0.93108
k79_16486	2;976;200643;171549;815;816;162156	1.0;0.94535;0.94535;0.94533;0.94533;0.93851;0.68264
k79_77240	2;1239;186801;186802;216572;216851;2929492	1.0;1.0;0.99997;0.99997;0.99997;0.99997;0.99997
k79_28029	2;976;117743;200644;49546;104264;1888890	0.9997;0.88217;0.88177;0.88177;0.88177;0.88076;0.88076
k79_64826	2;1239;186801;186802;216572;35829;288965;720554	0.99993;0.99982;0.99961;0.99958;0.97984;0.97984;0.97984;0.97984
k79_16487	2;1239;186801;3085636;186803;2316020;46228;471875	1.0;1.0;1.0;1.0;1.0;0.9991;0.9991;0.9991
k79_4091	2;976;200643;171549;815;909656;821	1.0;1.0;1.0;1.0;1.0;0.99997;0.99994
k79_52803	2;1239;186801;3085636;186803;572511;418240;1121115	1.0;1.0;1.0;1.0;1.0;0.99984;0.99981;0.99981
k79_64831	2;1239;186801;3085636;186803;1766253;39491;657318	1.0;1.0;1.0;1.0;1.0;1.0;1.0;0.97021
k79_16493	2;976;200643;171549;815;909656;357276;997877	1.0;0.96607;0.96606;0.96606;0.96384;0.92108;0.84454;0.84454
k79_77247	2;976;200643;171549;815;816;2785531	1.0;0.99999;0.99999;0.99999;0.99997;0.9998;0.99975
k79_89108	131567	0.99957
k79_28032	2;1239;526524;526525;2810280;2678885;1982626	1.0;0.99978;0.99967;0.99967;0.93738;0.93735;0.93735
k79_89109	2;976;200643;171549;815;816;162156	1.0;1.0;1.0;1.0;1.0;0.99999;0.99998
k79_16495	2;1239;186801;3085636;186803;1766253;39491;657317	0.99999;0.99992;0.99992;0.9998;0.9998;0.92979;0.92979;0.82518
k79_4097	2157;28890;183925;2158;2159;2172;2173;420247	1.0;1.0;1.0;1.0;1.0;1.0;1.0;1.0
k79_4099	2;976;200643;171549;815;816;820;997890	1.0;1.0;1.0;1.0;1.0;1.0;1.0;1.0
k79_64847	2;1239;186801;3085636;186803;572511;418240;1121115	1.0;1.0;1.0;1.0;1.0;1.0;1.0;1.0
k79_4107	2;1239;186801;3085636;186803;572511;418240;1121115	1.0;1.0;1.0;1.0;1.0;1.0;1.0;1.0
k79_77263	2;1239;186801;3085636;186803;572511;418240;1121115	1.0;1.0;1.0;1.0;1.0;0.99999;0.99999;0.99999
k79_28052	2;1239;186801;3082720;186804;1505652;1460447	1.0;0.99976;0.99976;0.99842;0.99842;0.9984;0.9984
k79_4111	2;1239;186801;186802;216572;2892396;2714355	0.99999;0.99799;0.84049;0.83401;0.83394;0.77233;0.77233
k79_41165	2;1239;186801;3085636;186803;2316020;46228;471875	1.0;1.0;1.0;1.0;1.0;1.0;1.0;1.0
k79_41166	2;1239;186801;3085636;186803;572511;418240;1121115	1.0;1.0;1.0;1.0;1.0;1.0;1.0;1.0
k79_64853	2;976;200643;171549;815;816;820;997890	1.0;1.0;1.0;1.0;1.0;1.0;1.0;1.0
k79_89130	2;1239;91061;1385;186817;2675232;220687	1.0;0.8319;0.52547;0.52234;0.52234;0.52234;0.52234
k79_16515	2;1239;526524;526525;2810280;2678885;1982626	0.99998;0.99998;0.99997;0.99997;0.99997;0.99996;0.99996
k79_52836	2;1239;186801;3085636;186803;572511;89014	1.0;1.0;1.0;1.0;1.0;0.99962;0.99944
k79_28063	2;1239;186801;186802;216572;216851;853;718252	1.0;0.99976;0.99973;0.99885;0.99882;0.98386;0.98331;0.98328
k79_16518	2;1239;526524;526525;2810280;2678885;1982626	1.0;1.0;1.0;1.0;1.0;1.0;1.0
k79_28065	2;976;200643;171549;171552;2974251;165179	1.0;1.0;1.0;1.0;1.0;1.0;1.0
k79_77278	2157;28890;183925;2158;2159;2172;2173;420247	0.99999;0.99999;0.99999;0.99999;0.99999;0.99999;0.99999;0.99999
k79_16523	2;1239;526524;526525;2810280;2678885;1982626	1.0;1.0;1.0;1.0;1.0;1.0;1.0
k79_41175	2;1239;186801;3085636;186803;572511;1322;537007	1.0;0.99997;0.99997;0.99997;0.99997;0.99996;0.99996;0.99996
k79_41176	2;1239;186801;3085636;186803;2569097;39488	1.0;1.0;1.0;1.0;1.0;1.0;1.0
k79_28067	2;1224;1236;135623;641;662;413401	0.99986;0.99811;0.9981;0.9981;0.9981;0.9981;0.9981
k79_4132	2;976;200643;171549;815;816;820;997890	1.0;1.0;1.0;1.0;1.0;1.0;1.0;1.0
k79_41180	2;1239;526524;526525;2810280;2678885;1982626	1.0;1.0;1.0;1.0;1.0;1.0;1.0
k79_64856	2;1239;186801;3085636;186803;1766253;39491;657318	1.0;0.64273;0.62691;0.62525;0.62525;0.62353;0.62353;0.61582
k79_52858	2;1239;186801;3085636;186803;2316020;46228;471875	0.99993;0.99209;0.99195;0.99115;0.99115;0.99008;0.98926;0.98926
k79_41181	2;1239;186801;186802;216572;216851;853;718252	1.0;0.99995;0.99995;0.99993;0.99993;0.99993;0.99993;0.99993
k79_89137	2;1239;186801;3085636;186803;207244;649756;649757	1.0;1.0;1.0;1.0;1.0;1.0;1.0;1.0
k79_4144	2;1239;186801;3085636;186803;572511;418240;1121115	1.0;1.0;1.0;1.0;1.0;1.0;1.0;1.0
k79_89139	2;1239;186801;186802;31979;1485;84022	1.0;1.0;1.0;0.99998;0.99998;0.99998;0.99998
k79_28075	2;1239;186801;3085636;186803;207244;649756;649757	1.0;1.0;1.0;1.0;1.0;1.0;1.0;1.0
k79_41193	2;29547;3031852;213849;2808963;2321111;544718;1032240	1.0;1.0;1.0;1.0;1.0;1.0;1.0;1.0
k79_16553	2;1239;526524;526525;2810280;2678885;1982626	1.0;1.0;1.0;1.0;1.0;1.0;1.0
k79_28082	2;1239;186801;3085636;186803;572511;418240;1121115	1.0;1.0;1.0;1.0;1.0;1.0;1.0;1.0
k79_41199	2;32066;203490;203491;203492;848;850;469616	0.99999;0.99782;0.99782;0.99782;0.99782;0.99782;0.99782;0.99782
k79_52885	2;976;200643;171549;2005520;156973;2714927	1.0;1.0;1.0;1.0;1.0;1.0;1.0
k79_4157	2;1239;186801;3085636;186803;1766253;39491;657317	1.0;1.0;1.0;1.0;1.0;1.0;1.0;0.99817
k79_89146	2;976;200643;1970189;1471398;1471399;1573823	1.0;1.0;1.0;0.99999;0.99999;0.99999;0.99999
k79_28083	2;1224;1236;135622;267890;22;238836	1.0;0.9996;0.9996;0.99959;0.99959;0.99959;0.99959
k79_77302	2;976;200643;171549;815;816	1.0;0.99996;0.99941;0.99912;0.99901;0.69489
k79_89148	2;1239;186801;3085636;186803;207244;649756;649757	1.0;1.0;1.0;0.99999;0.99999;0.99964;0.99964;0.99964
k79_64896	2;1239;1737404;1737405;1570339;543311;33033	1.0;0.99545;0.8224;0.8224;0.8224;0.8224;0.8224
k79_52903	2;976;200643;171549;815;816;820;997890	1.0;1.0;1.0;1.0;1.0;0.99998;0.99691;0.99691
k79_41213	2;1239;186801;3085636;186803;841;1261635	0.99681;0.86066;0.82161;0.80699;0.80699;0.72345;0.50506
k79_64898	2;1239;186801;3085636;186803;207244;649756;649757	1.0;1.0;0.99999;0.99999;0.99999;0.99999;0.99999;0.99999
k79_16579	2;1239;91061;186826;33958;2767887;1624	1.0;1.0;0.99999;0.99999;0.99999;0.99999;0.99999
k79_64901	2;976;200643;171549;815;909656;821	1.0;1.0;1.0;1.0;0.99999;0.99993;0.99975
k79_52908	2;1239;186801;3085636;186803;572511;418240;1121115	1.0;1.0;1.0;1.0;1.0;1.0;1.0;1.0
k79_64903	2;1239;186801;3085636;186803;2316020;46228;471875	1.0;0.99932;0.99928;0.99906;0.99906;0.99722;0.55193;0.55193
k79_52912	2;976;200643;171549;815;909656;387090	1.0;0.99999;0.99999;0.99999;0.99999;0.99998;0.99998
k79_16583	2;1239;186801;3085636;186803;572511;418240;1121115	1.0;1.0;1.0;1.0;1.0;1.0;1.0;1.0
k79_52921	2;1239;186801;3085636;186803	0.99785;0.99694;0.99227;0.92376;0.92376
k79_4184	2157;28890;183925;2158;2159;2172;2173;420247	1.0;1.0;1.0;1.0;1.0;1.0;0.99999;0.99999
k79_28106	2;1239;186801;186802;216572;1263;2608920	0.99991;0.99988;0.99983;0.99976;0.99535;0.99535;0.99533
k79_77316	2;1239;186801;3085636;186803;572511;418240;1121115	1.0;1.0;1.0;1.0;1.0;1.0;0.99999;0.99999
k79_16597	2;1239;186801;3085636;186803;572511;40520;411459	1.0;1.0;1.0;0.99997;0.99997;0.99846;0.99845;0.99845
k79_4187	2157;28890;183925;2158;2159;2172;2173;420247	1.0;1.0;1.0;1.0;1.0;1.0;0.99999;0.99999
k79_41219	2;976;200643;171549;815;816;47678;997873	1.0;1.0;1.0;1.0;1.0;1.0;0.99999;0.99999
k79_28108	2;201174;1760;85004;31953;1678;28026	1.0;0.78877;0.78877;0.78575;0.78575;0.78575;0.64962
k79_52932	2;976;200643;171549;815;816;818	0.99994;0.83398;0.83397;0.83397;0.83397;0.83397;0.8339
k79_28109	2;1239;186801;3085636;186803;572511;418240;1121115	1.0;1.0;1.0;1.0;1.0;0.99976;0.99976;0.99976
k79_4189	2157;28890;183925;2158;2159;2172;2173;420247	1.0;1.0;1.0;1.0;1.0;1.0;1.0;1.0
k79_16599	2;1239;186801;3085636;186803;572511;418240;1121115	1.0;1.0;1.0;1.0;1.0;1.0;1.0;1.0
k79_64923	2;976;200643;171549;815;816;820;997890	1.0;1.0;1.0;1.0;1.0;0.99999;0.99959;0.99959
k79_77325	2;1239;186801;3085636;186803;1766253;39491;657317	0.99979;0.99479;0.98369;0.97823;0.97823;0.50302;0.50302;0.5027
k79_16604	2;1239;186801;3085636;186803;841;1261635	1.0;0.98829;0.98787;0.98758;0.98758;0.67287;0.63013
k79_89177	2;976;200643;171549;815;816;371601;657309	1.0;1.0;1.0;1.0;0.99997;0.99995;0.99981;0.99981
k79_28115	2157;28890;183925;2158;2159;2172;2173;420247	1.0;1.0;1.0;1.0;1.0;1.0;0.99998;0.99998
k79_77332	2;1239;186801;186802;216572;2892396;2714353	1.0;0.99984;0.99983;0.99978;0.9997;0.99344;0.99343
k79_16608	2;1239;186801;186802;216572;1263;2608920	1.0;0.99999;0.99999;0.99998;0.99998;0.99998;0.99991
k79_52945	2;1239;186801;3085636;186803;841;2763062	1.0;1.0;1.0;0.99986;0.99986;0.99983;0.99981
k79_77334	2;1239;186801;3085636;186803;1766253;39491;657318	1.0;1.0;1.0;1.0;1.0;1.0;1.0;0.99916
k79_89187	2;1239;186801;186802;216572;216851;411483	0.99997;0.9986;0.99733;0.97965;0.97964;0.84572;0.82347
k79_4206	2;976;200643;171549;815;816;820;997890	1.0;1.0;1.0;1.0;1.0;1.0;0.99999;0.99999
k79_89193	2;976;200643;171549;815;816;28111	1.0;0.99998;0.99998;0.99998;0.99997;0.99933;0.99932
k79_4207	2157;28890;183925;2158;2159;2172;2173;420247	0.97604;0.97604;0.97604;0.97604;0.97604;0.97604;0.97604;0.97604
k79_64939	2157;28890;183925;2158;2159;2172;2173;420247	1.0;1.0;1.0;1.0;1.0;1.0;1.0;1.0
k79_52955	2157;28890;183925;2158;2159;2172;2173;420247	0.99999;0.99999;0.99999;0.99999;0.99999;0.99999;0.99999;0.99999
k79_64941	2;1239;186801;3082720;186804;1870884;1496	1.0;1.0;1.0;0.99982;0.99982;0.99982;0.99982
k79_28141	2;1239;186801;3085636;186803;572511;418240;1121115	1.0;1.0;1.0;1.0;1.0;0.99998;0.99997;0.99997
k79_89199	2157;28890;183925;2158;2159;2172;2173;420247	1.0;1.0;1.0;1.0;1.0;1.0;1.0;1.0
k79_28148	2;976;200643;171549;815;816;820;997890	1.0;1.0;1.0;1.0;1.0;1.0;1.0;1.0
k79_41249	2;976;200643;171549;815;816;820;997890	1.0;1.0;1.0;1.0;1.0;1.0;1.0;1.0
k79_89203	2;976;200643;171549;815;816;820;997890	1.0;1.0;1.0;1.0;1.0;1.0;1.0;1.0
k79_64948	2;1239;186801;186802;31979;1485;641107	0.99999;0.99994;0.99994;0.99994;0.99993;0.99993;0.99928
k79_41254	2;976;200643;171549;815;816;820;997890	1.0;1.0;1.0;1.0;1.0;1.0;1.0;1.0
k79_4217	2;1239;186801;186802;216572;2892396;2714355	0.99999;0.99645;0.99604;0.99599;0.99576;0.98754;0.98751
k79_41258	2;976;200643;171549;815;816;291645	1.0;0.9999;0.9999;0.9999;0.99987;0.99983;0.99983
k79_77363	2;976;200643;171549;2005525;375288;823;999416	1.0;0.99998;0.99998;0.99998;0.9999;0.9999;0.99989;0.99989
k79_16648	2;1239;186801;3085636;186803;2316020;46228;471875	1.0;1.0;1.0;1.0;1.0;1.0;1.0;1.0
k79_41266	2;1239;186801;3085636;186803;1766253;39491;657318	1.0;0.86145;0.85977;0.85304;0.85304;0.78899;0.78899;0.5447
k79_28166	2;976;117743;200644;49546;52959;1888915	1.0;0.99999;0.99999;0.99999;0.99999;0.99999;0.99999
k79_77366	2;976;200643;171549;815;816;28116	1.0;0.9999;0.9999;0.9999;0.9999;0.9999;0.9995
k79_28173	2;1239;186801;3085636;186803;830;185008	1.0;1.0;1.0;1.0;1.0;0.99992;0.99992
k79_64956	2157;28890;183925;2158;2159;2172;2173;420247	1.0;1.0;1.0;1.0;1.0;1.0;1.0;1.0
k79_41274	2;1239;909932;1843488;909930;33024;33025	1.0;1.0;1.0;1.0;1.0;1.0;1.0
k79_77368	2;1239;186801;3085636;186803;572511;2779518	1.0;0.98993;0.91463;0.91378;0.91378;0.89697;0.89682
k79_64957	2;1239;186801;3085636;186803;1766253;39491;657318	1.0;1.0;1.0;1.0;1.0;0.99998;0.99998;0.99996
k79_52984	2;1239;909932;1843488;909930;33024;33025	1.0;1.0;1.0;1.0;1.0;1.0;1.0
k79_16669	2;1239;186801;3085636;186803;1766253;39491;657317	0.99684;0.90796;0.90225;0.9022;0.9022;0.86709;0.86709;0.82065
k79_77379	2;976;200643;171549;815;816;820;997890	1.0;1.0;1.0;1.0;1.0;1.0;1.0;1.0
k79_64961	2;1239;526524;526525;2810280;2678885;1982626	1.0;1.0;1.0;1.0;1.0;1.0;1.0
k79_16674	2;1239;186801;186802;216572;1263;1160721	0.8568;0.80735;0.80449;0.79799;0.79783;0.79782;0.79755
k79_41284	2;1239;526524;526525;2810280;2678885;1982626	0.99999;0.99992;0.9999;0.9999;0.9999;0.9999;0.9999
k79_64964	2;1239;186801;3085636;186803;841;301301	1.0;1.0;1.0;0.99974;0.99974;0.99964;0.99962
k79_4243	2;1239;186801;3085636;186803;207244;649756;649757	1.0;1.0;1.0;1.0;1.0;1.0;1.0;1.0
k79_41286	2;1239;1737404;1737405;1570339;2126548;2931922	1.0;1.0;0.9999;0.9999;0.9999;0.9999;0.9999
k79_64967	2;976;200643;171549;815;816;820;997890	1.0;1.0;1.0;1.0;1.0;1.0;0.99999;0.99999
k79_16679	2;1239;91061;1385;186822;44249;1126833	1.0;1.0;0.99999;0.99999;0.99999;0.99999;0.99999
k79_77389	2;1239;186801;186802;216572;216851;2929490	1.0;0.99998;0.99996;0.99995;0.99995;0.99993;0.97888
k79_4251	2;1224;1236;135622;267889;1407056;718192	1.0;1.0;1.0;1.0;1.0;1.0;1.0
k79_89216	2;1239;186801;186802;31979;1485;1509	0.99744;0.9919;0.97104;0.88405;0.88402;0.88402;0.87105
k79_28187	2;1239;186801;186802;31979;1485;1501;86416	0.99952;0.99951;0.69559;0.69559;0.69559;0.69559;0.69559;0.69559
k79_64968	2;1239;526524;526525;2810280;2678885;1982626	1.0;1.0;1.0;1.0;1.0;1.0;1.0
k79_16682	2;976;200643;171549;815;816;820;997890	1.0;1.0;1.0;1.0;1.0;1.0;1.0;1.0
k79_28191	2;1239;186801;3085636;186803;572511;418240;1121115	0.99994;0.9973;0.99728;0.99724;0.99724;0.81556;0.80967;0.80967
k79_64969	2;1239;186801;3085636;186803;2316020;33039;657313	0.99885;0.99875;0.99866;0.88724;0.88724;0.83788;0.83785;0.83785
k79_4263	2;1239;186801;186802;216572;1263;1160721	1.0;0.99991;0.99709;0.97524;0.97522;0.9752;0.97519
k79_16685	2;1239;526524;526525;2810280;2678885;1982626	1.0;0.99999;0.99999;0.99999;0.99984;0.99984;0.99984
k79_28199	2;1224;28211;204457;41297;13687;1609977	1.0;0.99999;0.99999;0.99999;0.99999;0.99999;0.99999
k79_89227	2;1239;186801;3085636;2603322;1348611;1348613	1.0;1.0;0.99994;0.99982;0.99982;0.99982;0.99982
k79_41300	2;1239;186801;186802;216572;459786;2763056	1.0;0.99971;0.99589;0.98768;0.98708;0.91393;0.91393
k79_16688	2;1239;186801;186802;31979;1485;1502	1.0;1.0;1.0;1.0;1.0;1.0;1.0
k79_89230	2;976;200643;171549;815;816;820;997890	1.0;1.0;1.0;1.0;1.0;1.0;1.0;1.0
k79_16690	2;1239;186801;186802;216572;1263;2608920	1.0;1.0;1.0;1.0;1.0;1.0;1.0
k79_28203	2;3018035;3031418;213481;213483;958;3044166	1.0;1.0;1.0;1.0;1.0;1.0;1.0
k79_41304	2;976;200643;171549;815;816;817;997879	0.99999;0.99936;0.99936;0.87708;0.86831;0.86827;0.77372;0.77372
k79_64987	2;1239;186801;3085636;186803;1766253;39491;657318	1.0;1.0;1.0;1.0;1.0;0.99998;0.99998;0.99997
k79_4272	2;1239;186801;3085636;186803;841;2763062	1.0;0.99972;0.99931;0.99834;0.99834;0.99808;0.96212
k79_53013	2;1239;186801;3085636;186803;2316020;46228;471875	1.0;1.0;1.0;1.0;1.0;0.99999;0.99998;0.99998
k79_77417	2;1239;909932;1843488;909930;33024;33025	1.0;1.0;1.0;1.0;1.0;1.0;1.0
k79_53014	2;1239;186801;3085636;186803;572511;418240;1121115	1.0;1.0;1.0;1.0;1.0;1.0;1.0;1.0
k79_41311	2;1239;186801;3085636;186803;572511;418240;1121115	1.0;1.0;1.0;1.0;1.0;1.0;1.0;1.0
k79_53015	2;1239;186801;3085636;186803;572511;2779518	0.99882;0.99522;0.985;0.73932;0.73932;0.72667;0.72665
k79_64991	2;1239;186801;3085636;186803;572511;418240;1121115	1.0;1.0;1.0;1.0;1.0;1.0;1.0;1.0
k79_28206	2;1239;526524;526525;2810280;2678885;1982626	1.0;0.9998;0.99979;0.99979;0.99978;0.99978;0.99978
k79_53020	2;976;200643;171549;815;909656;357276;997877	1.0;0.99998;0.99998;0.99998;0.99962;0.99903;0.99891;0.99891
k79_4290	2;1239;909932;1843488;909930;33024;33025	1.0;1.0;1.0;1.0;1.0;1.0;1.0
k79_16721	2157;28890;183925;2158;2159;2172;2173;420247	1.0;1.0;1.0;1.0;1.0;1.0;0.99999;0.99999
k79_4292	131567	0.64192
k79_28215	131567	0.89463
k79_16733	2;1239;526524;526525;2810280;2678885;1982626	1.0;1.0;1.0;1.0;1.0;1.0;1.0
k79_28220	2;1239;186801;3085636;186803;841;166486;657315	0.99966;0.99932;0.99908;0.99677;0.99677;0.94276;0.94173;0.71503
k79_41323	2;74201;203494;48461;1647988;239934;239935	1.0;1.0;1.0;1.0;1.0;1.0;1.0
k79_65009	2;1239;186801;186802;216572;459786;2109687	1.0;0.99942;0.99942;0.9991;0.9991;0.65659;0.65659
k79_4297	2;1239;186801;186802;31979;1485;238834	0.99998;0.9993;0.99927;0.99925;0.99925;0.99925;0.98645
k79_53047	2157;28890;183925;2158;2159;2172;2173;420247	1.0;1.0;1.0;1.0;1.0;1.0;1.0;1.0
k79_77440	2;1224;1236;91347;543;544;1639133	1.0;0.99997;0.99997;0.99997;0.99997;0.99997;0.99997
k79_65012	2;976;200643;171549;815;816;820;997890	1.0;1.0;1.0;1.0;1.0;1.0;0.99992;0.99992
k79_16741	2;976;200643;171549;815;909656;821	1.0;0.98005;0.98004;0.98004;0.97281;0.96575;0.96572
k79_28229	2;976;200643;171549;815;909656	0.97919;0.79014;0.78195;0.78182;0.77196;0.5535
k79_4305	2;1239;186801;3082720;186804;1870884;1496	1.0;1.0;1.0;1.0;1.0;1.0;1.0
k79_77448	2;976;200643;171549;815;816;820;997890	1.0;1.0;1.0;1.0;1.0;1.0;1.0;1.0
k79_4310	2;976;200643;171549;815;816;818	1.0;0.99959;0.99959;0.99959;0.99959;0.99946;0.99935
k79_41344	2;1239;186801;3085636;186803;46205;185007	0.95087;0.9502;0.95015;0.94998;0.94998;0.66971;0.66971
k79_28241	2;1239;526524;526525;2810280;2678885;1982626	0.99414;0.99393;0.98779;0.98779;0.98779;0.98779;0.98779
k79_89250	2;1239;186801;186802;216572;1263;2608920	1.0;0.99999;0.99998;0.99997;0.99997;0.99997;0.99997
k79_28249	2;1239;526524;526525;2810280;2678885;1982626	1.0;1.0;1.0;1.0;1.0;1.0;1.0
k79_65029	2;1239;186801;3085636;186803;572511;418240;1121115	1.0;1.0;1.0;1.0;1.0;0.99999;0.99999;0.99999
k79_28254	2;1239;186801;186802;186806;1730;39496	1.0;0.99999;0.99982;0.99634;0.99634;0.99634;0.99634
k79_41365	2;976;200643;171549;815;816;162156	1.0;0.99999;0.99999;0.99999;0.99999;0.99991;0.9999
k79_77459	2;1239;526524;526525;2810280;2678885;1982626	0.99998;0.99997;0.99993;0.99993;0.99948;0.99948;0.99948
k79_28259	2;976;200643;171549;815;816;820;997890	1.0;1.0;1.0;1.0;1.0;1.0;1.0;1.0
k79_41369	2;1239;186801;186802;31979;1485;1491	0.9999;0.99746;0.82856;0.82558;0.82299;0.82297;0.76956
k79_16780	2;1239;186801;186802;216572;1263;2608920	1.0;1.0;0.99994;0.99993;0.99993;0.99993;0.99983
k79_28268	2;1239;186801;3085636;186803;207244;649756;649757	0.99392;0.99375;0.99362;0.99355;0.99355;0.99353;0.99353;0.99353
k79_65042	2;1239;186801;3085636;186803;1506553;29347	0.99998;0.9998;0.99624;0.99609;0.99608;0.60881;0.60881
k79_77476	2;1239;186801;3085636;186803;572511;418240;1121115	1.0;1.0;1.0;1.0;1.0;1.0;1.0;1.0
k79_28270	2;976;200643;171549;815;816;820;997890	1.0;1.0;1.0;1.0;1.0;1.0;0.99999;0.99999
k79_89267	2;1239;186801;186802;216572;2892396;2714353	1.0;0.99497;0.99492;0.88967;0.88966;0.557;0.55158
k79_4330	2157;28890;183925;2158;2159;2172;2173;420247	1.0;1.0;1.0;1.0;1.0;1.0;1.0;1.0
k79_77478	2;1239;186801;3085636;186803	0.99949;0.98695;0.98515;0.52016;0.52016
k79_41386	2;1239;526524;526525;2810280;2678885;1982626	1.0;1.0;1.0;1.0;1.0;1.0;1.0
k79_16790	2;1239;186801;3085636;186803;2316020;33039;657313	1.0;1.0;1.0;1.0;1.0;1.0;1.0;1.0
k79_77481	2;1239;186801;3085636;186803;2316020;46228;471875	1.0;1.0;1.0;1.0;1.0;0.99998;0.99998;0.99998
k79_28278	2;976;200643;171549;815;816;291644	1.0;1.0;1.0;1.0;1.0;1.0;1.0
k79_53098	2;1239;526524;526525;2810280;2678885;1982626	0.99998;0.99998;0.99993;0.99993;0.99911;0.99911;0.99911
k79_28279	2;1239;186801;3085636;186803;33042;410072	0.99975;0.99942;0.99942;0.99917;0.99917;0.98624;0.98624
k79_28292	2;976;200643;171549;815;816;820;997890	1.0;1.0;1.0;1.0;1.0;1.0;0.99999;0.99999
k79_89280	2;976;200643;171549;815;909656;387090	1.0;0.99999;0.99999;0.99999;0.99999;0.99981;0.99972
k79_16813	2;976;200643;171549;815;816;2755405	1.0;1.0;1.0;1.0;0.99998;0.99998;0.99997
k79_53122	2759;7711;40674;9443;9604;9605;9606	0.57381;0.57381;0.57381;0.57381;0.57381;0.57381;0.57381
k79_4336	2;976;200643;171549;815;816;820;997890	1.0;1.0;1.0;1.0;1.0;1.0;0.99999;0.99999
k79_53123	2;976;200643;171549;815;816;820;997890	1.0;1.0;1.0;1.0;0.99999;0.99999;0.99943;0.99943
k79_77516	2;1239;526524;526525;2810280;2678885;1982626	1.0;1.0;0.99999;0.99999;0.99999;0.99999;0.99999
k79_41405	2;1239;186801;3085636;186803;33042;410072	1.0;1.0;1.0;0.99994;0.99994;0.99939;0.99939
k79_89292	2;1239;526524;526525;2810280;2678885;1982626	1.0;1.0;1.0;1.0;1.0;1.0;1.0
k79_65070	2;1239;186801;3085636;186803;572511;418240;1121115	1.0;1.0;1.0;1.0;1.0;0.99998;0.99995;0.99995
k79_89293	2;1224;28211;356;772;773;2645622	1.0;1.0;1.0;1.0;1.0;1.0;1.0
k79_89294	2;1239;186801;186802;216572;1263;2608920	1.0;1.0;1.0;1.0;1.0;1.0;0.99681
k79_16830	2;976;200643;171549;815;909656;821	1.0;1.0;1.0;1.0;0.99999;0.99997;0.99997
k79_65078	2;976;200643;171549;815;909656;821	1.0;0.99989;0.99989;0.99988;0.99884;0.99815;0.99803
k79_65081	2;1239;186801;186802;31979;1485	1.0;0.99955;0.99948;0.99693;0.99684;0.99684
k79_53140	2;1239;186801;3085636;186803;1766253;39491;657318	1.0;1.0;1.0;1.0;1.0;1.0;1.0;0.9972
k79_16841	2;1239;186801;3085636;186803;572511;418240;1121115	1.0;1.0;1.0;1.0;1.0;1.0;1.0;1.0
k79_41424	2;1239;186801;3085636;186803;2316020;33039;657313	1.0;1.0;1.0;1.0;1.0;0.99989;0.99988;0.99988
k79_16842	2;976;200643;171549;2005525;375288;2951805	1.0;1.0;1.0;1.0;0.99978;0.99978;0.99978
k79_53146	2;1239;186801;3085636;186803;572511;418240;1121115	0.99608;0.97738;0.97439;0.93418;0.93417;0.84534;0.7829;0.7829
k79_89315	2;976;200643;171549;815;816;818	1.0;1.0;1.0;1.0;0.99996;0.99996;0.99989
k79_65085	131567	0.98867
k79_4341	2;976;117743;200644;49546;237;2893886	1.0;0.99778;0.99778;0.99778;0.99778;0.99778;0.99778
k79_16844	2;1239;526524;526525;2810280;2678885;1982626	1.0;1.0;1.0;1.0;1.0;0.99994;0.99994
k79_89316	2;1239;186801;186802;216572;292632;214851	1.0;1.0;1.0;1.0;1.0;0.99996;0.99996
k79_28333	2;1239;186801;3085636;186803;572511;418240;1121115	1.0;1.0;1.0;1.0;1.0;1.0;1.0;1.0
k79_77523	2;976;200643;171549;815;816	0.99802;0.92095;0.77998;0.77998;0.77728;0.77727
k79_65097	2;1239;186801;186802;216572;1263;2608920	1.0;0.99999;0.99999;0.99998;0.99998;0.99995;0.99994
k79_41430	2;1239;909932;1843488;909930;33024;33025	1.0;1.0;0.99997;0.99997;0.99997;0.99997;0.99997
k79_53156	2;976;200643;171549;815;816;820;997890	1.0;1.0;1.0;1.0;0.99999;0.99998;0.99989;0.99989
k79_4360	2;1239;186801;3085636;186803;207244;649756;649757	1.0;1.0;1.0;0.99999;0.99999;0.99992;0.99992;0.99992
k79_16861	2;1224;1236;135619;135620;28253;491948	1.0;1.0;1.0;1.0;1.0;1.0;1.0
k79_77536	2;976;200643;171549;815;816;47678;997873	0.99666;0.86972;0.86438;0.86438;0.86435;0.86435;0.75715;0.75715
k79_4362	2;976;200643;171549;815;816;820;997890	1.0;1.0;1.0;1.0;1.0;1.0;1.0;1.0
k79_41439	2157;28890;183925;2158;2159;2172;2173;420247	1.0;1.0;1.0;1.0;1.0;1.0;1.0;1.0
k79_89332	2;976;200643;171549;815;816;28111	0.99998;0.99751;0.9975;0.9975;0.997;0.99664;0.90747
k79_28336	2;1239;186801;3085636;186803;33042;410072	1.0;1.0;1.0;1.0;1.0;1.0;1.0
k79_41443	2;201174;1760;2037;2049;1654;544580	1.0;0.99992;0.99992;0.99992;0.99992;0.99992;0.99992
k79_16863	2;976;200643;171549;815;816;246787	1.0;0.99998;0.89987;0.89987;0.89518;0.89517;0.72082
k79_89339	2;1239;909932;1843488;909930;33024;33025	0.99996;0.99898;0.99896;0.99896;0.99896;0.99896;0.99896
k79_4365	2;976;200643;171549;815;816;820;997890	1.0;1.0;1.0;1.0;1.0;1.0;1.0;1.0
k79_16868	2;1239;526524;526525;2810280;2678885;1982626	1.0;1.0;0.99998;0.99998;0.99997;0.99997;0.99997
k79_89344	2;1239;186801;186802;216572;1263;2608920	1.0;0.99998;0.99998;0.99996;0.99996;0.99996;0.99996
k79_53182	2;1239;186801;3085636;186803;207244;649756;649757	1.0;1.0;1.0;1.0;1.0;0.99991;0.99991;0.99991
k79_65129	2;976;200643;171549;815;816;820;997890	1.0;1.0;1.0;1.0;1.0;1.0;1.0;1.0
k79_4371	2;976;200643;171549;815;909656;387090	1.0;1.0;1.0;1.0;1.0;0.99997;0.99997
k79_16878	2;1239;526524;526525;2810280;2678885;1982626	1.0;1.0;1.0;1.0;1.0;1.0;1.0
k79_28362	2;1239;186801;3085636;186803;572511;418240;1121115	1.0;1.0;0.99999;0.99999;0.99999;0.99966;0.99958;0.99958
k79_77549	2;976;200643;171549;815;816;162156	1.0;1.0;1.0;1.0;1.0;0.99998;0.98767
k79_28364	2;976;200643;171549;815;816;329854	1.0;1.0;1.0;1.0;1.0;0.99949;0.99911
k79_77554	2157;28890;183925;2158;2159;2172;2173;420247	1.0;1.0;1.0;1.0;1.0;1.0;1.0;1.0
k79_89372	2;1239;186801;3085636;186803;2316020;46228;471875	1.0;0.99996;0.99996;0.99996;0.99996;0.99996;0.99992;0.99992
k79_28367	2759;7711;40674;9443;9604;9605;9606	0.83447;0.83447;0.83447;0.83447;0.83447;0.83447;0.83447
k79_65147	131567	1.0
k79_41457	2;1239;186801;3085636;186803;572511;2877527	1.0;1.0;1.0;1.0;1.0;0.99993;0.99993
k79_41465	2;1239;186801;186802;216572	1.0;0.98802;0.9877;0.98247;0.67536
k79_65150	2;1239;186801;3085636;186803;841;166486;718255	1.0;1.0;1.0;1.0;1.0;0.99913;0.99725;0.83641
k79_65151	2;976;200643;171549;815;816;246787	1.0;0.99999;0.999;0.99899;0.99889;0.9198;0.83983
k79_16904	2;1239;186801;3085636;186803;248744;168384;478749	1.0;1.0;1.0;0.99997;0.99997;0.99973;0.99973;0.99973
k79_41474	2157;28890;183925;2158;2159;2172;2173;420247	1.0;1.0;1.0;1.0;1.0;1.0;0.99969;0.99969
k79_65152	2;1239;186801;3085636;186803;33042;33043	1.0;0.99999;0.99999;0.99999;0.99999;0.99978;0.99977
k79_89400	2;1239;186801;186802;31979;1485;36839	1.0;0.9998;0.9998;0.9998;0.9998;0.9998;0.99972
k79_4382	2;1239;186801;3082720;186804;1870884;1496	1.0;1.0;1.0;1.0;1.0;1.0;1.0
k79_65160	2;1239;186801;3085636;186803;572511;89014	1.0;1.0;1.0;1.0;1.0;0.99999;0.99975
k79_28393	2;1239;186801;3085636;186803;28050;39485;515620	1.0;1.0;1.0;1.0;1.0;0.99999;0.99999;0.99999
k79_77572	2;1239;186801;3082720;186804;214904;3036126	0.99994;0.99982;0.9996;0.99285;0.99285;0.99279;0.99279
k79_4388	2;1239;186801;3085636;186803;841;1261634	0.80932;0.79046;0.77481;0.68077;0.68077;0.61143;0.61124
k79_53218	2;976;200643;171549;815;816;371601;657309	1.0;1.0;1.0;1.0;0.99999;0.99999;0.99998;0.99998
k79_28403	2;1239;526524;526525;2810280;2678885;1982626	1.0;1.0;1.0;1.0;1.0;1.0;1.0
k79_65176	2;976;200643;171549;815;816	0.99937;0.94098;0.9398;0.93926;0.9332;0.93112
k79_77585	2;1239;909932;1843488;909930;33024;33025	1.0;1.0;1.0;1.0;1.0;1.0;1.0
k79_65177	2;976;200643;171549;815;816;371601;657309	1.0;0.98884;0.98882;0.98882;0.75861;0.72816;0.67325;0.67325
k79_16918	2;976;200643;171549;815;816;28111	1.0;1.0;1.0;1.0;1.0;1.0;1.0
k79_16920	2;1239;186801;3085636;186803;841;166486;718255	0.99937;0.99774;0.99742;0.99569;0.99569;0.65468;0.60199;0.60169
k79_28413	2;1239;186801;3085636;186803;572511	0.99998;0.99978;0.99626;0.50858;0.50858;0.50122
k79_41488	2;1239;186801;186802;216572;2591381;2093857	0.99997;0.8281;0.82753;0.82222;0.82153;0.68848;0.68848
k79_41489	2;1239;186801;3085636;186803;572511;418240;1121115	1.0;1.0;1.0;1.0;1.0;0.99803;0.98918;0.98918
k79_4407	2;976;200643;171549;815;816;820;997890	1.0;1.0;1.0;1.0;1.0;1.0;1.0;1.0
k79_89420	2;1239;186801;3085636;186803;1766253;39491;657317	1.0;1.0;1.0;1.0;1.0;1.0;1.0;0.99848
k79_4410	2;1239;186801;186802;216572;1263;2608920	1.0;1.0;1.0;1.0;1.0;1.0;0.99992
k79_53233	2;1239;186801;186802;216572;1263;2564099	1.0;0.99558;0.99556;0.99556;0.99393;0.99393;0.99393
k79_89425	2;976;200643;171549;815;816;818	1.0;0.9915;0.99126;0.99126;0.59791;0.59791;0.59552
k79_16925	131567	0.94256
k79_53234	2;976;200643;171549;815;909656;357276;997877	1.0;1.0;1.0;1.0;1.0;0.99995;0.99995;0.99995
k79_28444	2;976;200643;171549;815;909656;387090	1.0;1.0;1.0;1.0;1.0;0.99999;0.99999
k79_16930	2;1239;186801;3085636;186803;572511;418240;1121115	1.0;1.0;1.0;0.99999;0.99999;0.99945;0.99944;0.99944
k79_28447		
k79_4416	2;976;200643;171549;815;816;162156	0.99997;0.99995;0.99931;0.99931;0.99928;0.99924;0.97149
k79_89431	2;1239;186801;186802;216572;1263;1160721	1.0;1.0;1.0;1.0;1.0;1.0;1.0
k79_28469	2;1239;186801;186802;216572;216851;853;718252	1.0;1.0;1.0;1.0;1.0;1.0;1.0;1.0
k79_16931	2;1239;526524;526525;2810280;2678885;1982626	0.99999;0.99999;0.99996;0.99996;0.99995;0.99993;0.99993
k79_77620	2;1239;186801;3085636;186803;841;166486;657315	1.0;1.0;1.0;1.0;1.0;0.99982;0.99968;0.99953
k79_53244	2;976;200643;171549;815;816;817;295405	0.99782;0.89601;0.87724;0.87723;0.85443;0.85328;0.64414;0.55434
k79_28472	2;1239;186801;3085636;186803;1766253;39491;657317	0.99999;0.99988;0.99987;0.9992;0.9992;0.72986;0.72986;0.72986
k79_16932	2;976;200643;171549;815;816;820;997890	1.0;1.0;1.0;1.0;1.0;1.0;1.0;1.0
k79_41528	2;1239;526524;526525;2810280;2678885;1982626	1.0;1.0;1.0;1.0;1.0;1.0;1.0
k79_4427	2;976;200643;171549;2005525;375288;823;999416	1.0;0.93463;0.93463;0.93463;0.93367;0.93367;0.93367;0.93367
k79_28475	2;1239;526524;526525;2810280;2678885;1982626	0.99999;0.99999;0.99999;0.99999;0.99998;0.99998;0.99998
k79_89432	2;1239;526524;526525;2810280;2678885;1982626	1.0;1.0;1.0;1.0;1.0;1.0;1.0
k79_4428	2;976;200643;171549;815;816;818	1.0;0.99999;0.99999;0.99999;0.99999;0.99966;0.99692
k79_28479	2;1239;526524;526525;2810280;2678885;1982626	1.0;1.0;1.0;1.0;1.0;1.0;1.0
k79_77630	2;976;200643;171549;815;816;820;997890	1.0;1.0;1.0;1.0;1.0;1.0;0.99998;0.99998
k79_28483	2;1239;526524;526525;2810280;2678885;1982626	1.0;1.0;0.9997;0.9997;0.9997;0.99955;0.99955
k79_41537	2;976;200643;171549;2005525;375288;823;999416	0.99992;0.99789;0.9976;0.9976;0.67045;0.67045;0.66925;0.66925
k79_16945	2;1239;186801;186802;216572;1263;2608920	1.0;1.0;1.0;1.0;1.0;1.0;0.99999
k79_28489	2;1239;909932;1843488;909930;33024;33025	1.0;1.0;1.0;1.0;1.0;1.0;1.0
k79_77638	2;1239;186801;3085636;186803;207244;649756;649757	1.0;1.0;1.0;1.0;1.0;1.0;1.0;1.0
k79_41540	2;1239;186801;3085636;186803	0.99521;0.98845;0.98649;0.51617;0.51617
k79_65235	2;976;200643;171549;815;816;28116	1.0;0.99997;0.99997;0.99997;0.99995;0.99995;0.99987
k79_77639	2;1239;186801;3085636;186803;207244;649756;649757	1.0;0.99999;0.99991;0.99988;0.99988;0.99948;0.99948;0.99948
k79_89441	2;976;200643;171549;815;909656;821	1.0;0.91515;0.91512;0.91512;0.91423;0.91373;0.91362
k79_16950	2;1239;186801;186802;216572;216851;853;718252	1.0;1.0;1.0;0.99981;0.99981;0.9998;0.99975;0.99975
k79_65237	2;1239;186801;186802;216572;1263;1160721	1.0;0.99999;0.99999;0.99999;0.99999;0.99999;0.99999
k79_4436	2;1239;186801;3085636;186803;572511;418240;1121115	1.0;1.0;0.99999;0.99999;0.99999;0.99949;0.99949;0.99949
k79_89445	2;1239;186801;3085636;186803;572511;418240;1121115	1.0;1.0;1.0;1.0;1.0;1.0;1.0;1.0
k79_89446	2;1239;186801;186802;216572;1263;2608920	0.99979;0.99195;0.99193;0.99152;0.99151;0.99151;0.99065
k79_65240	2;1239;526524;526525;2810280;2678885;1982626	1.0;0.99996;0.99996;0.99996;0.99988;0.99988;0.99988
k79_89447	2;1239;526524;526525;128827;1647;1648	1.0;0.99997;0.99997;0.99997;0.99997;0.99997;0.99997
k79_77647	2;1224;1236;135622;267889;28228;2583805	1.0;0.99997;0.99997;0.99997;0.99997;0.99997;0.99997
k79_4443	2;1239;186801;186802;216572;216851;411483	1.0;1.0;1.0;0.99999;0.99999;0.99958;0.99946
k79_65243	2;1239;186801;3085636;186803;2316020;46228;471875	1.0;1.0;1.0;1.0;1.0;0.99999;0.99999;0.99999
k79_77653	2;1239;186801;3085636;186803;207244;649756;649757	1.0;1.0;1.0;1.0;1.0;1.0;1.0;1.0
k79_4449	2;1239;186801;3085636;186803;572511;418240;1121115	1.0;1.0;1.0;1.0;1.0;0.99985;0.99971;0.99971
k79_41562	2157;28890;183925;2158;2159;2172;2173;420247	1.0;1.0;1.0;1.0;1.0;1.0;1.0;1.0
k79_16972	2;976;200643;171549;815;816;820;997890	1.0;1.0;1.0;1.0;1.0;1.0;0.99992;0.99992
k79_65249	2;1239;186801;3085636;186803;1766253;39491;657318	1.0;1.0;1.0;1.0;1.0;0.99999;0.99999;0.95908
k79_65253	2;1239;186801;186802;216572;1263;2608920	1.0;0.99999;0.99999;0.99999;0.9996;0.9996;0.99958
k79_28518	2;1239	0.99839;0.78867
k79_16978	2;976;200643;171549;815;816;817;295405	0.99898;0.9753;0.97529;0.97529;0.97065;0.96819;0.94399;0.94348
k79_89451	2;976;200643;171549;815;816;162156	1.0;1.0;1.0;1.0;1.0;0.99951;0.99782
k79_28522	2;976;200643;171549;2005525;375288;823;999416	1.0;1.0;1.0;1.0;1.0;1.0;1.0;1.0
k79_41575	2;1239;186801;186802;216572;2842531;2780922	1.0;0.99994;0.99948;0.98092;0.97922;0.83361;0.83361
k79_65261	2;1239;186801;3085636;186803;572511;418240;1121115	1.0;1.0;1.0;1.0;1.0;0.99994;0.99991;0.99991
k79_16980	2;1239;186801;3085636;186803;572511;418240;1121115	1.0;1.0;1.0;1.0;1.0;0.99849;0.99848;0.99848
k79_41579	2;976;200643;171549;815;816;2528203	0.99996;0.86782;0.8003;0.8003;0.79459;0.79459;0.65385
k79_16984	2;1239;186801;3085636;186803;841;166486;657315	1.0;1.0;1.0;1.0;1.0;1.0;1.0;0.99997
k79_77661	2;1239;186801;186802;216572;1263;2608920	1.0;1.0;1.0;1.0;1.0;1.0;1.0
k79_28535	2;1239;186801;3085636;186803;207244;649756;649757	1.0;1.0;0.99998;0.99998;0.99998;0.99998;0.99998;0.99998
k79_4460	2;1239;91061;1385;186817;1386;1839798	1.0;1.0;1.0;1.0;1.0;1.0;1.0
k79_89462	2;1239;186801;186802;216572;1263;1161942	1.0;0.99967;0.96219;0.96217;0.96217;0.96186;0.92081
k79_28536	2759;7711;40674;9443;9604;9605;9606	0.99988;0.99988;0.99988;0.99988;0.99988;0.99988;0.99988
k79_16990	2;1239;186801;3085636;186803;33042;116085	1.0;0.99999;0.99999;0.99996;0.99996;0.99985;0.99985
k79_65272	2157;28890;183925;2158;2159;2172;2173;420247	1.0;1.0;1.0;1.0;1.0;1.0;0.99999;0.99999
k79_53297	2;1239;186801;3085636;186803;572511;418240;1121115	1.0;1.0;1.0;1.0;1.0;1.0;1.0;1.0
k79_28548	2;976;200643;171549;815;816;820;997890	0.99993;0.99988;0.99937;0.99936;0.99933;0.9989;0.97149;0.97149
k79_65282	2;1239;186801	0.99988;0.80238;0.77773
k79_41596	2;1239;186801;186802;216572;1263;2608920	1.0;1.0;1.0;1.0;1.0;1.0;1.0
k79_4468	2;976;200643;171549;815;816;820;997890	0.99995;0.99881;0.99881;0.99881;0.99867;0.99867;0.99849;0.99849
k79_16992	2;1239;526524;526525;2810280;2678885;1982626	1.0;0.99997;0.99997;0.99997;0.99997;0.99997;0.99997
k79_77678	2;1239;186801;3085636;186803;572511;418240;1121115	1.0;1.0;1.0;1.0;1.0;1.0;1.0;1.0
k79_65283	2;1239;186801;186802;216572;2892396;2714353	1.0;1.0;1.0;0.99993;0.99993;0.9999;0.9999
k79_65287	2;976;200643;171549;815;816;820;997890	1.0;1.0;1.0;1.0;1.0;1.0;0.99996;0.99996
k79_4483	2;976;200643;171549;815;816;820;997890	1.0;1.0;1.0;1.0;1.0;1.0;1.0;1.0
k79_4484	2;1239;526524;526525;2810280;2678885;1982626	0.99996;0.99925;0.71494;0.71494;0.71494;0.71494;0.71494
k79_4485	2;976;200643;171549;815;816;820;997890	1.0;1.0;1.0;1.0;1.0;1.0;1.0;1.0
k79_77687	2;203691;203692;136;2791015;399320;886478	1.0;0.99999;0.99999;0.99999;0.99999;0.99999;0.99999
k79_89478	2759;7711;40674;9443;9604;9605;9606	0.96853;0.96853;0.96853;0.96853;0.96853;0.96853;0.96853
k79_53312	2;976;200643;171549;815;816;820;997890	1.0;1.0;1.0;1.0;1.0;1.0;1.0;1.0
k79_65298	2;1239;526524;526525;2810280;2678885;1982626	1.0;1.0;1.0;1.0;1.0;1.0;1.0
k79_41623	2;1239;186801;3085636;186803;3342669;45851	1.0;1.0;1.0;1.0;1.0;0.99999;0.99999
k79_4494	2;976;200643;171549;815;816;820;997890	1.0;1.0;1.0;1.0;1.0;1.0;1.0;1.0
k79_53314	2;976;200643;171549;815;816;820;997890	1.0;1.0;1.0;1.0;1.0;1.0;1.0;1.0
k79_41625	2;1239;186801;3085636;186803;1766253;39491;657318	1.0;1.0;1.0;1.0;1.0;0.99997;0.99997;0.9995
k79_65302	2;1239;186801;3085636;186803;2316020;33039;657313	1.0;1.0;1.0;1.0;1.0;1.0;1.0;1.0
k79_77696	2;1239;186801;186802;216572;1263;2608920	1.0;1.0;1.0;1.0;1.0;1.0;1.0
k79_17018	2;1239;526524;526525;2810280;2678885;1982626	1.0;1.0;1.0;1.0;1.0;1.0;1.0
k79_4505	2;1239;186801;3085636;186803;1766253;39491;657317	1.0;1.0;1.0;1.0;1.0;1.0;1.0;0.99109
k79_77697	2;1239;186801;3082720;186804;1870884;1496	0.99998;0.93706;0.93701;0.81978;0.81978;0.81978;0.81978
k79_65309	2;1239;909932;1843488;909930;33024;33025	1.0;1.0;1.0;1.0;1.0;1.0;1.0
k79_17021	2;976;200643;171549;2005473;2518495;2518971	1.0;1.0;1.0;1.0;1.0;1.0;1.0
k79_41629	2;1239;186801;3085636;186803;28050;39485;515620	0.99985;0.99985;0.99917;0.99557;0.99557;0.99549;0.99549;0.99549
k79_4516	2;976;200643;171549;815;816;820;997890	1.0;1.0;1.0;1.0;1.0;1.0;0.99998;0.99998
k79_17028	2;1239;186801;3085636;186803;1649459;154046;742737	1.0;0.99985;0.99985;0.99983;0.99983;0.99981;0.99981;0.99981
k79_53329	131567	0.8716
k79_77711	2;976;200643;171549;815;816;291645	0.99996;0.99993;0.99993;0.99993;0.99993;0.9999;0.99988
k79_28581	2;976;200643;171549;815;816;820;997890	1.0;1.0;1.0;1.0;1.0;1.0;0.99984;0.99984
k79_53331	2;1239;186801;3085636;186803;841;166486;718255	1.0;1.0;0.99997;0.99996;0.99996;0.99994;0.99991;0.98072
k79_77715	2;1239;186801;186802;216572;1263;2608920	0.99998;0.99998;0.99998;0.99997;0.99997;0.99996;0.99995
k79_89482	2157;28890;183925;2158;2159;2172;2173;420247	0.99815;0.99815;0.99815;0.99815;0.99815;0.99815;0.71706;0.71706
k79_65333	2;1239;186801;3085636;186803;33042;410072	1.0;1.0;1.0;1.0;1.0;0.99942;0.99942
k79_4535	131567	0.98621
k79_17042	2;976;200643;171549;815;816;820;997890	1.0;1.0;1.0;1.0;1.0;1.0;0.99996;0.99996
k79_89486	131567	1.0
k79_89488	2;1239;186801;3085636;186803;1766253;39491;657317	1.0;1.0;1.0;1.0;1.0;1.0;1.0;0.99818
k79_17047	2;74201;203494;48461;1647988;239934;239935	0.99951;0.99944;0.99944;0.99944;0.99944;0.99944;0.99934
k79_4544	2;976;200643;171549;815;909656;821	1.0;1.0;1.0;1.0;1.0;1.0;1.0
k79_65341	2;1239;526524;526525;2810280;2678885;1982626	0.99993;0.99993;0.99992;0.99992;0.9998;0.9998;0.9998
k79_28591	2;1239;186801;186802;3082771;1918385;1796620	1.0;0.98346;0.98344;0.96418;0.939;0.939;0.939
k79_89494	2;1239;909932;1843488;909930;33024;33025	1.0;1.0;1.0;1.0;1.0;1.0;1.0
k79_77725	2;976;200643;171549;815;816;162156	1.0;0.99999;0.99999;0.99999;0.99999;0.99999;0.99997
k79_77726	2;976;200643;171549;171550;239759;2585118	1.0;0.99992;0.99992;0.99992;0.99969;0.99969;0.99969
k79_4550	2759;7711;40674;9443;9604;9605;9606	0.81197;0.81197;0.81197;0.81197;0.81197;0.81197;0.81197
k79_89500	2;1239;186801;186802;216572;1263;2564099	1.0;1.0;0.99998;0.99998;0.99998;0.99998;0.99988
k79_77728	2;1239;186801;186802;31979;1485;1519	1.0;0.99999;0.99999;0.99997;0.99997;0.99997;0.99996
k79_77740	2;1239;186801;186802;186806;1730;53442	1.0;1.0;1.0;1.0;1.0;1.0;1.0
k79_89513	2157;28890;183925;2158;2159;2172;2173;420247	1.0;1.0;1.0;1.0;1.0;1.0;1.0;1.0
k79_65373	2;976;200643;171549;815;909656;376805;667015	1.0;0.99944;0.99944;0.99944;0.99943;0.99931;0.99903;0.99903
k79_17081	2;1239;186801;3085636;186803;572511;418240;1121115	1.0;1.0;1.0;1.0;1.0;1.0;1.0;1.0
k79_28617	2759;7711;40674;9443;9604;9605;9606	0.83717;0.83717;0.83717;0.83717;0.83717;0.83717;0.83717
k79_77747	2;976;200643;171549;815;816;820;997890	1.0;0.99999;0.99999;0.99999;0.99998;0.99998;0.99987;0.99987
k79_17082	2;976;200643;171549;815;816;2785531	1.0;0.99979;0.99979;0.99979;0.99973;0.99973;0.9996
k79_89521	2;1239;186801;3085636;186803;572511;40520;411459	1.0;1.0;0.99999;0.99997;0.99997;0.99986;0.99982;0.99982
k79_28624	2;1239;186801;3085636;186803;1766253;39491;657317	1.0;1.0;1.0;1.0;1.0;1.0;1.0;0.9999
k79_65387	2;1239;186801;3082720;186804;214904;2925782	1.0;1.0;1.0;1.0;1.0;1.0;1.0
k79_77750	2;1239;186801;3085636;186803;1766253;39491;657317	1.0;1.0;1.0;1.0;1.0;0.99986;0.99986;0.77935
k79_28632	2;976;200643;171549;815;816;820;997890	1.0;1.0;1.0;1.0;0.99999;0.99992;0.99151;0.99151
k79_77752	2;1239;909932;1843488;909930;33024;33025	1.0;1.0;1.0;1.0;1.0;1.0;1.0
k79_4567	2;1239;526524;526525;2810280;2678885;1982626	0.99998;0.85508;0.78485;0.78485;0.78468;0.78465;0.78465
k79_89536	2;976;200643;171549;815;909656;821	1.0;0.99997;0.99997;0.99997;0.99996;0.99995;0.99995
k79_65407	2;1239;186801;3085636;186803;189330;88431	1.0;1.0;1.0;0.99999;0.99999;0.99993;0.99993
k79_77762	2;1239;186801;3085636;186803;1766253;39491;657318	1.0;1.0;1.0;1.0;1.0;1.0;1.0;0.99793
k79_89541	2;1239;909932;1843488;909930;33024;33025	1.0;1.0;1.0;1.0;1.0;1.0;1.0
k79_65409	2;976;200643;171549;815;816;28116	1.0;0.99997;0.99997;0.99997;0.99996;0.99996;0.99992
k79_41682	2157;28890;183925;2158;2159;2172;2173;420247	1.0;1.0;1.0;1.0;1.0;1.0;1.0;1.0
k79_53397	2;1239;186801;186802;216572;216851;2929494	1.0;1.0;1.0;1.0;1.0;1.0;1.0
k79_41684	2;1239;186801;3085636;186803;572511;89014	1.0;0.99999;0.99999;0.99999;0.99999;0.99978;0.99977
k79_65410	2;1239;186801;186802;216572;1263	0.99957;0.99851;0.97814;0.62905;0.61654;0.57531
k79_89551	2;1239;186801;3085636;186803;841;1261635	1.0;0.99997;0.99997;0.99997;0.99997;0.99982;0.99952
k79_65413	2;1239;186801;186802;216572;1263;2608920	0.99979;0.80499;0.75529;0.71934;0.71695;0.71485;0.71474
k79_65417	2;1783272	0.99992;0.74648
k79_77774	2;1239;526524;526525;2810280;2678885;1982626	1.0;1.0;1.0;1.0;1.0;1.0;1.0
k79_17112	2;976;200643;171549;815;816;371601;657309	1.0;0.99999;0.99999;0.99999;0.9998;0.99967;0.96518;0.96518
k79_53411	2;1239;526524;526525;2810280;2678885;1982626	1.0;1.0;1.0;1.0;1.0;1.0;1.0
k79_65418	2;1239;186801;186802;216572;2892396;2714355	1.0;1.0;1.0;0.99999;0.99999;0.99997;0.99997
k79_28668	2157;28890;183925;2158;2159;2172;2173;420247	0.99999;0.99999;0.99999;0.99999;0.99999;0.99999;0.99999;0.99999
k79_17119	2;976;200643;171549;815;816;817;295405	1.0;1.0;1.0;1.0;1.0;1.0;1.0;1.0
k79_65428	2;1239;186801;3085636;186803;189330;88431	1.0;1.0;1.0;1.0;1.0;0.99928;0.99928
k79_28680	2157;28890;183925;2158;2159;2172;2173;420247	1.0;1.0;1.0;1.0;1.0;1.0;1.0;1.0
k79_65429	2;1239;186801;186802;216572	1.0;0.99985;0.98608;0.9097;0.65842
k79_89570	2;1239;909932;1843488;909930;33024;33025	1.0;1.0;1.0;1.0;1.0;1.0;1.0
k79_28682	2;1239;526524;526525;2810280;2678885;1982626	1.0;1.0;1.0;1.0;0.99998;0.99998;0.99998
k79_65435	2;976;200643;171549;815;909656;821	0.99701;0.99222;0.99182;0.99182;0.97379;0.94716;0.94673
k79_41702	2157;28890;183925;2158;2159;2172;2173;420247	0.99989;0.99989;0.99989;0.99989;0.99989;0.99989;0.99962;0.99962
k79_89580	2;1239;186801;186802	0.99978;0.76389;0.68689;0.65698
k79_65439	2;976;200643;171549;815;816;820;997890	1.0;1.0;1.0;1.0;1.0;1.0;0.999;0.999
k79_77795	2;1239;526524;526525;2810280;2678885;1982626	1.0;1.0;1.0;1.0;1.0;1.0;1.0
k79_41708	2;976;200643;171549;815;816;820;997890	1.0;1.0;1.0;1.0;1.0;1.0;0.99978;0.99978
k79_28696	2;976;117747;200666;84566;84567;2856523	1.0;0.99996;0.99982;0.99982;0.99982;0.99982;0.99982
k79_17133	2;1239;526524;526525;128827;1647;2485784	1.0;1.0;0.99999;0.99999;0.99999;0.99999;0.99999
k79_89590	2;976;200643;171549;815;816;820;997890	1.0;1.0;1.0;1.0;1.0;1.0;1.0;1.0
k79_41714	2;1239;909932;1843488;909930;33024;33025	1.0;1.0;1.0;1.0;1.0;1.0;1.0
k79_77806	2;1239;909932;1843488;909930;33024;33025	1.0;1.0;1.0;1.0;1.0;1.0;1.0
k79_28706	2;1239;186801;3085636;186803;2316020;33039;657313	1.0;1.0;1.0;1.0;1.0;0.99964;0.99964;0.99964
k79_41716	2;976;200643;171549;815;816;820;997890	1.0;1.0;1.0;1.0;1.0;1.0;1.0;1.0
k79_4594	2;1239;186801;3085636;186803;841;166486;657315	1.0;1.0;1.0;1.0;1.0;0.99999;0.99999;0.9999
k79_41717	2;1239;186801;186802;216572;1263;2608920	0.98546;0.91754;0.91197;0.56899;0.54863;0.54619;0.54411
k79_28711	2;1239;186801;3085636;186803;2316020;46228;471875	1.0;1.0;1.0;1.0;1.0;1.0;0.99999;0.99999
k79_89601	2;976;200643;171549;2005525;375288;823;999416	1.0;0.96918;0.96912;0.96912;0.93523;0.93523;0.93508;0.93508
k79_4596	2;976;200643;171549;815;816;820;997890	1.0;1.0;1.0;1.0;1.0;1.0;0.99992;0.99992
k79_28718	2;976;200643;171549;815;816;820;997890	1.0;1.0;1.0;1.0;1.0;1.0;0.99998;0.99998
k79_89607	2;1239;186801;3085636;186803;1769710;1653434	1.0;1.0;1.0;1.0;1.0;1.0;1.0
k79_4605	2;1239;186801;3085636;186803;841;1261635	1.0;0.99991;0.99989;0.99989;0.99989;0.99978;0.99977
k79_41729	2;976;200643;171549;815;816;47678;997873	1.0;1.0;1.0;1.0;1.0;1.0;0.9999;0.9999
k79_65471	2;1239;186801;3085636;186803	0.98737;0.73868;0.7364;0.72372;0.72372
k79_89609	2;1239;186801;186802;31979;1485;1561;1415775	1.0;0.99998;0.99992;0.99823;0.99823;0.99823;0.99729;0.99729
k79_17140	2;1239;186801;186802;216572;1263;2608920	0.99999;0.99999;0.99999;0.99996;0.99996;0.99996;0.99992
k79_41742	2;976;200643;171549;815;816;820;997890	1.0;1.0;1.0;1.0;1.0;1.0;0.99995;0.99995
k79_17142	2;1239;186801;3085636;186803;33042;410072	0.9996;0.99936;0.99936;0.99936;0.99936;0.99532;0.99532
k79_4606	2;1239;526524;526525;2810280;2678885;1982626	1.0;1.0;0.99998;0.99998;0.99998;0.99998;0.99998
k79_28738	2;1239;526524;526525;2810280;2678885;1982626	1.0;1.0;1.0;1.0;0.99999;0.99999;0.99999
k79_28739	2;1239;526524;526525;2810280;2678885;1982626	1.0;0.99998;0.99961;0.99961;0.99961;0.99961;0.99961
k79_4609	2;1239;186801;186802;216572;216851;853;718252	0.99999;0.99903;0.99898;0.99698;0.99691;0.99545;0.99455;0.99451
k79_65482	2;976;200643;171549;815;909656;387090	1.0;1.0;1.0;1.0;1.0;0.99987;0.99986
k79_65485	2;976;200643;171549;815;816;674529	1.0;1.0;1.0;1.0;0.99998;0.99998;0.99991
k79_28745	2;1239;186801;3085636;186803;189330;88431	1.0;0.99999;0.99999;0.99999;0.99999;0.99904;0.99904
k79_89622	2;1239;186801;186802;216572;216851;411483	1.0;0.94019;0.94018;0.9401;0.9401;0.93484;0.93111
k79_41762	2157;28890;183925;2158;2159;2172;2173;420247	1.0;1.0;1.0;1.0;1.0;1.0;0.99999;0.99999
k79_65487	2;976;200643;171549;815;909656;387090	1.0;1.0;1.0;1.0;1.0;0.99998;0.99998
k79_53462	2;1783272	1.0;0.99828
k79_41764	2;1239;186801;3085636;186803;2316020;46228;471875	1.0;1.0;0.99998;0.99998;0.99998;0.99979;0.99978;0.99978
k79_17150	2157;28890;183925;2158;2159;2172;2173;420247	1.0;1.0;1.0;1.0;1.0;1.0;1.0;1.0
k79_4628	2;1239;186801;3085636;186803;1766253;39491;657317	1.0;1.0;1.0;1.0;1.0;1.0;1.0;0.99891
k79_77841	2;1239;186801;3085636;186803;572511;418240;1121115	1.0;1.0;1.0;1.0;1.0;1.0;1.0;1.0
k79_77842	2;1239;526524;526525;2810280;2678885;1982626	1.0;1.0;1.0;1.0;1.0;1.0;1.0
k79_41781	2;1239;186801;3085636;186803;841;166486;657315	1.0;1.0;1.0;1.0;1.0;0.99999;0.99999;0.99998
k79_65510	2;976;200643;171549;815;816;820;997890	1.0;1.0;1.0;1.0;1.0;1.0;1.0;1.0
k79_4646	2;1239;186801;186802	0.99999;0.83007;0.8114;0.71367
k79_65511	2;1239;186801;3085636;186803;572511;2877527	1.0;1.0;1.0;0.99996;0.99996;0.99994;0.99994
k79_53470	2;976;200643;171549;815;909656;821	1.0;1.0;1.0;1.0;1.0;1.0;1.0
k79_28756	2;976;200643;171549;815;816;162156	1.0;1.0;1.0;1.0;0.99999;0.99995;0.99994
k79_4649	2;976;200643;171549;815;816;162156	1.0;1.0;1.0;1.0;1.0;1.0;0.99984
k79_17181	2;1239;186801;3085636;186803;841;1261635	1.0;1.0;1.0;1.0;1.0;0.99995;0.99994
k79_65525	2;1239;526524;526525;2810280;2678885;1982626	0.99945;0.99845;0.99771;0.99771;0.99771;0.99771;0.99771
k79_17183	2157;28890;183925;2158;2159;2172;2173;420247	1.0;1.0;1.0;1.0;1.0;1.0;1.0;1.0
k79_77846	2;1239;186801;3085636;186803;1766253;39491;657318	1.0;1.0;1.0;1.0;1.0;1.0;1.0;0.99979
k79_41796	2157;28890;183925;2158;2159;2172;2173;420247	0.99999;0.99999;0.99999;0.99999;0.99999;0.99999;0.99998;0.99998
k79_65528	2;1239;186801;186802;216572;216851;853;718252	1.0;0.99991;0.9999;0.9999;0.9999;0.99988;0.99988;0.99988
k79_53486	2759;7711;40674;9443;9604;9605;9606	0.87761;0.87761;0.87761;0.87761;0.87761;0.87761;0.87761
k79_17190	2;976;200643;171549;815;816;820;997890	1.0;1.0;1.0;1.0;1.0;1.0;0.99994;0.99994
k79_77847	2;1239;186801;186802;216572;1263;2608920	1.0;0.99998;0.99997;0.99993;0.99993;0.99993;0.99992
k79_28779	2;976;200643;171549;171552;577309;454154	1.0;1.0;1.0;1.0;0.99998;0.99998;0.99998
k79_17195	2;74201;203494;48461;1647988;239934;239935	0.99992;0.99976;0.99976;0.99976;0.99976;0.99976;0.99976
k79_4651	2;1239;186801;186802;216572;1263;2608920	1.0;1.0;0.99999;0.99998;0.99998;0.99998;0.99986
k79_53490	2;976;200643;171549;815;816	0.99916;0.69874;0.69363;0.69363;0.59117;0.54531
k79_17196	2;976;200643;171549;815;816;820;997890	1.0;1.0;1.0;1.0;1.0;0.99999;0.99977;0.99977
k79_17197	2;976;200643;171549;815;816;820;997890	1.0;1.0;1.0;1.0;1.0;1.0;1.0;1.0
k79_4661	2;976;200643;171549;815;816;820;997890	1.0;1.0;0.99999;0.99999;0.99998;0.99998;0.99931;0.99931
k79_17199	2;976;200643;171549;815;816;820;997890	1.0;1.0;1.0;1.0;1.0;0.99999;0.9998;0.9998
k79_17202	2;1239;186801;3085636;186803;2316020;33039;657313	1.0;1.0;1.0;1.0;1.0;0.99995;0.99994;0.99994
k79_28784	2;976;200643;171549;815;816;2715212	1.0;1.0;1.0;1.0;1.0;1.0;0.99999
k79_77871	2;976;200643;171549;815;816;820;997890	1.0;1.0;1.0;1.0;1.0;1.0;1.0;1.0
k79_4673	2;976;200643;171549;815;816;820;997890	1.0;1.0;1.0;1.0;1.0;1.0;0.99999;0.99999
k79_65562	2;1239;186801;3085636;186803;1766253;39491;657318	0.98687;0.98486;0.98474;0.97872;0.97872;0.94671;0.94671;0.93761
k79_17211	2;1239;186801;3085636;186803;207244;649756;649757	1.0;1.0;1.0;1.0;1.0;1.0;1.0;1.0
k79_41822	2;976;200643;171549;171552;2974251;165179	1.0;1.0;1.0;1.0;0.99998;0.99998;0.99998
k79_4680	2;1239;526524;526525;2810280;2678885;1982626	1.0;1.0;1.0;1.0;1.0;1.0;1.0
k79_53518	2;1239;186801;3085636;186803;207244;649756;649757	1.0;1.0;0.99998;0.99998;0.99998;0.99998;0.99998;0.99998
k79_65566	2;1239;526524;526525;128827;3059504;2944914	0.9993;0.9816;0.69891;0.69891;0.69411;0.69411;0.69411
k79_89670	2;976;200643;171549;815;816;820;997890	1.0;0.99991;0.99991;0.99991;0.99991;0.99991;0.99988;0.99988
k79_53521	2;1239;186801;3085636;186803;2944195;2763669	1.0;1.0;1.0;1.0;1.0;1.0;1.0
k79_41835	2;1239;186801;186802;3082771;1918385;1796620	1.0;1.0;1.0;1.0;0.99997;0.99997;0.99997
k79_28793	2;1239;186801;3085636;186803;2316020;46228;471875	1.0;1.0;0.99997;0.99997;0.99997;0.99996;0.99996;0.99996
k79_53528	2;1239;186801;3085636;186803;207244;649756;649757	1.0;0.99999;0.99999;0.99999;0.99999;0.99999;0.99999;0.99999
k79_65579	2;1239;186801;186802;31979;1485;704125	1.0;1.0;0.99999;0.99999;0.99999;0.99999;0.99998
k79_17223	2;1239;186801;3085636;186803;572511;418240;1121115	1.0;1.0;1.0;1.0;1.0;1.0;1.0;1.0
k79_17224	2;1239;186801;3085636;186803;572511;2779518	1.0;1.0;1.0;1.0;1.0;0.99999;0.99999
k79_65584	2;1239;186801;3085636;186803;1766253;39491;657317	1.0;1.0;1.0;1.0;1.0;1.0;1.0;0.99995
k79_77885	2;1239;186801;186802;216572;216851;2646395	1.0;0.99999;0.99999;0.99999;0.99999;0.99998;0.9998
k79_4701	2;1239;186801;3085636;186803;2316020;33038	1.0;1.0;1.0;1.0;1.0;0.99998;0.99998
k79_28804	2;976;200643;171549;815;816;820;997890	1.0;1.0;1.0;1.0;1.0;1.0;1.0;1.0
k79_77890	2;976;200643;171549;815;816;28113	1.0;1.0;1.0;1.0;1.0;1.0;1.0
k79_65589	2;976;200643;171549;815;816;817	0.99998;0.59358;0.59358;0.59358;0.54285;0.54259;0.534
k79_65592	2;1239;526524;526525;2810280;2678885;1982626	1.0;1.0;1.0;1.0;1.0;1.0;1.0
k79_89684	2157;28890;183925;2158;2159;2172;2173;420247	1.0;1.0;1.0;1.0;1.0;1.0;0.99977;0.99977
k79_89685	2;1239;909932;1843488;909930;33024;33025	1.0;1.0;1.0;1.0;1.0;1.0;1.0
k79_53554	2;1239;186801;186802;186806;1730;39496	1.0;1.0;1.0;1.0;1.0;1.0;1.0
k79_65600	2;976;200643;171549;815;909656;387090	1.0;1.0;1.0;1.0;1.0;0.99993;0.99987
k79_53557	2;1239;186801;186802;31979;1485;1501;86416	1.0;0.99607;0.97776;0.97758;0.97718;0.97718;0.97056;0.97056
k79_17235	2;1239;186801;3085636;186803;1766253;39491;657318	1.0;1.0;1.0;1.0;1.0;1.0;1.0;0.99965
k79_28827	2;1239;186801;3085636;186803;572511;418240;1121115	1.0;1.0;1.0;1.0;1.0;1.0;0.99998;0.99998
k79_41845	2;1239;186801;186802;216572;1263;2608920	1.0;1.0;1.0;1.0;1.0;1.0;1.0
k79_17237	2;976;200643;171549;815;816;820;997890	0.99999;0.99996;0.99993;0.99992;0.99433;0.78747;0.76073;0.76073
k79_53570	2;976;200643;171549;815;816;820;997890	1.0;1.0;1.0;1.0;1.0;1.0;0.99999;0.99999
k79_41851	2;1239;186801;3085636;186803;33042;410072	1.0;1.0;1.0;1.0;1.0;0.99978;0.99977
k79_28831	2157;28890;183925;2158;2159;2172;2173;420247	1.0;1.0;1.0;1.0;1.0;1.0;1.0;1.0
k79_41853	2;1239;186801;3085636;186803;1766253;39491;657317	1.0;1.0;1.0;1.0;1.0;1.0;1.0;0.99989
k79_4730	2;200940;3031651;3031668;213422;2651583;2740185	1.0;1.0;1.0;1.0;1.0;1.0;1.0
k79_65624	2;976;200643;171549;815;816;820;997890	1.0;1.0;1.0;1.0;1.0;1.0;0.99999;0.99999
k79_4733	2;976;200643;171549;815;816;820;997890	1.0;1.0;1.0;1.0;1.0;1.0;1.0;1.0
k79_89701	2157;28890;183925;2158;2159;2172;2173;420247	1.0;1.0;1.0;1.0;1.0;1.0;1.0;1.0
k79_41862	2;1239;186801;3082720;186804;1870884;1496	0.97824;0.9761;0.87981;0.60813;0.60813;0.60813;0.60813
k79_4738	2;976;200643;171549;815;816;817;997879	0.99999;0.73;0.72987;0.72987;0.66894;0.55621;0.50844;0.50844
k79_4739	2;1239;186801;3085636;186803;2316020;46228;471875	1.0;0.99999;0.99999;0.99999;0.99999;0.99987;0.99986;0.99986
k79_77925	2;1239;186801;3085636;186803;207244;649756;649757	1.0;1.0;0.99997;0.99997;0.99997;0.99997;0.99997;0.99997
k79_17251	2;1239;186801;186802;31979;1485;1497	0.99999;0.99998;0.99995;0.99987;0.99987;0.99987;0.99982
k79_4741	2157;28890;183925;2158;2159;2172;2173;420247	1.0;1.0;1.0;1.0;1.0;1.0;1.0;1.0
k79_28853	2;1239;186801;3085636;186803;2944193;2763672	1.0;1.0;1.0;1.0;1.0;0.99998;0.99998
k79_4742	2;1239;91061;1385;186817;1386;1839798	0.99758;0.84182;0.67621;0.67621;0.67262;0.6726;0.67251
k79_17255	2157;28890;183925;2158;2159;2172;2173;420247	0.99999;0.99999;0.99999;0.99999;0.99999;0.99999;0.99998;0.99998
k79_65631	2;1239;186801;3085636;186803;841;166486;718255	1.0;1.0;1.0;0.99998;0.99998;0.9999;0.9999;0.99436
k79_4750	2;976;200643;171549;815;816;820;997890	1.0;1.0;1.0;1.0;1.0;1.0;0.99998;0.99998
k79_65635	2;1239;186801;3085636;186803;207244;649756;649757	1.0;1.0;1.0;1.0;1.0;1.0;1.0;1.0
k79_89702	2;1239;186801;3085636;186803;1766253;39491;657317	1.0;1.0;1.0;0.99999;0.99999;0.99951;0.99951;0.99784
k79_77934	2;976;200643;171549;815;909656;387090	1.0;1.0;1.0;1.0;1.0;0.99999;0.99999
k79_28863	2;1239;186801;3085636;186803;841;2763062	1.0;0.99891;0.97925;0.97914;0.97914;0.97548;0.97467
k79_41864	2157;28890;183925;2158;2159;2172;2173;420247	1.0;1.0;1.0;1.0;1.0;1.0;1.0;1.0
k79_41865	2;976;200643;171549;815;909656;821	1.0;1.0;1.0;1.0;1.0;1.0;1.0
k79_65642	2;1239;526524;526525;2810280;2678885;1982626	1.0;1.0;0.99996;0.99996;0.99996;0.99996;0.99996
k79_28869	2;976;200643;171549;815;816;820;997890	1.0;1.0;1.0;1.0;1.0;1.0;1.0;1.0
k79_53614	2;1239;186801;3085636;186803;572511;418240;1121115	1.0;1.0;1.0;1.0;1.0;1.0;1.0;1.0
k79_28877	2;1239;186801;186802;216572;216851;2929493	1.0;1.0;1.0;0.99995;0.99995;0.99995;0.99994
k79_41877	2;1239;186801;3085636;186803;3342669;45851	1.0;1.0;1.0;1.0;1.0;1.0;1.0
k79_17271	2;976;200643;171549;815;816;28119	1.0;1.0;1.0;1.0;1.0;1.0;0.99997
k79_53623	2;976;200643;171549;815;816;820;997890	1.0;1.0;0.99999;0.99999;0.99998;0.95754;0.95495;0.95495
k79_41883	131567	0.99999
k79_28886	2;1239;186801;3085636;186803;1766253;39491;657318	1.0;0.99999;0.99999;0.99999;0.99999;0.99928;0.99928;0.99775
k79_53629	2;1239;186801;3085636;186803;1766253;39491;657317	1.0;0.99998;0.99998;0.99992;0.99992;0.99528;0.99528;0.95333
k79_77939	2;1239;186801;3085636;186803;572511;418240;1121115	1.0;0.99999;0.99999;0.99991;0.99991;0.99909;0.99909;0.99909
k79_4794	2;976;200643;171549;815;816;820;997890	1.0;1.0;1.0;1.0;1.0;1.0;0.99999;0.99999
k79_77943	2;1239;909932;1843488;909930;33024;33025	1.0;0.99982;0.9998;0.9998;0.9998;0.9998;0.9998
k79_53636	2;976;200643;171549;815;816;162156	0.99914;0.99906;0.99906;0.99608;0.99578;0.69803;0.65255
k79_4795	2759;7711;40674;9443;9604;9605;9606	0.54302;0.54302;0.54302;0.54302;0.54302;0.54302;0.54302
k79_77944	2;1239;526524;526525;2810280;2678885;1982626	0.99889;0.94407;0.93829;0.93829;0.93829;0.93829;0.93829
k79_53638	2759;7711;40674;9443;9604;9605;9606	0.98982;0.98982;0.98982;0.98982;0.98982;0.98982;0.98982
k79_41897	2;1239;91061;1385;186817;2675233;152268	0.99995;0.99935;0.99802;0.99802;0.99802;0.99794;0.99794
k79_41899	2;1239;1737404;1737405;1570339;543311;33033	0.99936;0.99617;0.99486;0.99486;0.99486;0.99486;0.99486
k79_65653	2;976;200643;171549;815;909656;387090	1.0;1.0;1.0;1.0;0.99999;0.99995;0.99995
k79_65655	2;1239;186801;3085636;186803;1766253;39491;657317	1.0;1.0;1.0;1.0;1.0;1.0;1.0;0.67266
k79_65656	2;1239;186801;3085636;186803;2316020;33038	1.0;0.99999;0.99999;0.99999;0.99999;0.99997;0.99997
k79_53651	2;1239;186801;186802;216572;216851;853;718252	1.0;1.0;1.0;1.0;1.0;1.0;0.99999;0.99999
k79_28917	2;1239;186801;3085636;186803;46205;185007	0.99976;0.99976;0.99976;0.99974;0.99974;0.99974;0.99974
k79_89711	2;1239;186801;186802;216572	0.99999;0.85915;0.85613;0.77952;0.76918
k79_53652	2;976;200643;171549;815;816;162156	1.0;0.99998;0.99998;0.99998;0.99995;0.99416;0.93416
k79_89712	2;1239;186801;3085636;186803;207244;649756;649757	1.0;1.0;1.0;1.0;1.0;1.0;1.0;1.0
k79_4820	2;1239;186801;3085636;186803;2316020;46228;471875	1.0;0.99861;0.99625;0.96262;0.9626;0.77059;0.77002;0.77002
k79_41917	2;1239;186801;3085636;186803;1766253;39491;657317	1.0;1.0;1.0;1.0;1.0;0.99999;0.99999;0.99959
k79_28925	2;1224;1236;135622;267894;67572;314282	0.99988;0.99972;0.99972;0.99972;0.99972;0.99972;0.99972
k79_77957	2157;28890;183925;2158;2159;2172;2173;420247	1.0;1.0;1.0;1.0;1.0;1.0;0.99983;0.99983
k79_53670	2;1239;526524;526525;2810280;2678885;1982626	1.0;1.0;1.0;1.0;1.0;1.0;1.0
k79_28926	2;1239;526524;526525;2810280;2678885;1982626	1.0;0.99999;0.99942;0.99942;0.99939;0.99937;0.99937
k79_41924	2;1239;186801;186802;216572;1263;1160721	1.0;1.0;0.99966;0.99915;0.99915;0.99915;0.99914
k79_65683	2;1239;186801;3085636;186803;572511;418240;1121115	1.0;1.0;1.0;1.0;1.0;0.95629;0.95629;0.95629
k79_77962	2157;28890;183925;2158;2159;2172;2173;420247	1.0;1.0;1.0;1.0;1.0;1.0;0.99999;0.99999
k79_53677	2;1239;186801;3085636;186803;207244;649756;649757	1.0;1.0;0.99993;0.99993;0.99993;0.99993;0.99993;0.99993
k79_41927	2157;28890;183925;2158;2159;2172;2173;420247	0.99999;0.99999;0.99999;0.99999;0.99999;0.99999;0.99983;0.99983
k79_4827	2;1239;526524;526525;2810280;2678885;1982626	1.0;1.0;1.0;1.0;1.0;1.0;1.0
k79_28932	2;1239;186801;3085636;186803;841;1261634	0.99729;0.99722;0.99721;0.99637;0.99637;0.99633;0.99632
k79_65689	2;1239;91061;1385;90964;1279;2044912	1.0;0.99996;0.99995;0.99995;0.99995;0.99995;0.99995
k79_41935	2;976;200643;171549;815;816;820;997890	1.0;1.0;1.0;1.0;1.0;1.0;0.99988;0.99988
k79_28935	2;976;200643;171549;815;816;820;997890	1.0;0.99999;0.99999;0.99999;0.99999;0.99999;0.99994;0.99994
k79_4831	2759;7711;40674;9443;9604;9605;9606	0.96716;0.96716;0.96716;0.96716;0.96716;0.96716;0.96716
k79_53686	2;1239;186801;3085636;186803;572511;418240;1121115	1.0;1.0;1.0;1.0;1.0;1.0;1.0;1.0
k79_89729	2157;28890;183925;2158;2159;2172;2173;420247	1.0;1.0;1.0;1.0;1.0;1.0;1.0;1.0
k79_89730	2;1239;186801;186802;216572;1263;2608920	1.0;0.99905;0.99894;0.9987;0.9987;0.99867;0.99867
k79_4840	2;976;200643;171549;815;816;820;997890	1.0;1.0;1.0;1.0;1.0;1.0;1.0;1.0
k79_41950	2;1239;186801;3085636;186803;572511;418240;1121115	1.0;1.0;1.0;1.0;1.0;1.0;1.0;1.0
k79_17304	2;1239;186801;186802;216572;2834348;2994078	1.0;1.0;1.0;1.0;1.0;1.0;1.0
k79_53699	2;1239;186801;3085636;186803;841;2763062	1.0;1.0;1.0;1.0;1.0;0.99997;0.99995
k79_41953	2;976;200643;171549;815;909656;821	1.0;0.99995;0.99994;0.99994;0.9997;0.99856;0.95858
k79_4852	2;976;200643;171549;815;816;820;997890	1.0;1.0;1.0;1.0;1.0;1.0;0.99989;0.99989
k79_17306	2;1239;186801;3085636;186803;1766253;39491;657318	1.0;0.99999;0.99999;0.99997;0.99997;0.99358;0.99358;0.98121
k79_89740	2;1239;186801;186802;216572;459786;2763056	1.0;1.0;1.0;1.0;1.0;0.99992;0.99992
k79_28943	2;976;200643;171549;815;816;820;997890	1.0;1.0;1.0;1.0;1.0;1.0;1.0;1.0
k79_28945	2;1239;526524;526525;2810280;2678885;1982626	1.0;1.0;1.0;1.0;1.0;1.0;1.0
k79_41967	2;1239;186801;3082720;186804;1505652;2813371	1.0;1.0;1.0;1.0;1.0;1.0;1.0
k79_53720	2157;28890;183925;2158;2159;2172;2173;420247	0.99988;0.99988;0.99988;0.99988;0.99988;0.99988;0.99924;0.99924
k79_77979	2;32066;203490;203491;203492;848;76857	0.99996;0.99057;0.99057;0.99057;0.99057;0.99057;0.98696
k79_28952	2;1239;186801;3085636;186803;572511;418240;1121115	1.0;1.0;1.0;1.0;1.0;1.0;1.0;1.0
k79_53730	2;1239;186801;3085636;186803;1766253;39491;657317	1.0;1.0;1.0;1.0;1.0;1.0;1.0;0.97335
k79_77987	2157;28890;183925;2158;2159;2172;2173;420247	1.0;1.0;1.0;1.0;1.0;1.0;1.0;1.0
k79_89764	2;1239;186801;186802;216572;216851;2929495	1.0;1.0;1.0;1.0;1.0;1.0;1.0
k79_41972	2;976;200643;171549;815;816;818	1.0;0.99839;0.99835;0.99835;0.99603;0.98961;0.96922
k79_28955	2;1239;186801;3085636;186803;1766253;39491;657318	1.0;1.0;1.0;1.0;1.0;1.0;1.0;0.98314
k79_41974	2;976;200643;171549;815;816;820;997890	1.0;0.99998;0.99995;0.99995;0.99995;0.99994;0.99902;0.99902
k79_77997	2;976;200643;171549;815;909656;387090	1.0;0.99994;0.99992;0.99992;0.99992;0.99917;0.99913
k79_65730	2;1239;186801;3085636;186803;572511;40520;657314	1.0;1.0;1.0;1.0;1.0;1.0;1.0;1.0
k79_53744	2;1239;186801;3085636;186803;841;166486	1.0;0.99965;0.99965;0.99912;0.99912;0.592;0.57989
k79_28966	2;1239;186801;3085636;186803;189330;88431	1.0;1.0;0.99999;0.99998;0.99998;0.9987;0.9987
k79_4873	2;1239;186801;186802;216572;1263;2608920	1.0;1.0;1.0;1.0;1.0;1.0;1.0
k79_78012	2;1239;186801;186802;31979;1485;1561;1415775	1.0;1.0;0.99994;0.99994;0.99994;0.99994;0.99992;0.99992
k79_28969	2;1239;186801;3085636;186803;1766253;39491;657317	1.0;1.0;1.0;1.0;1.0;1.0;1.0;1.0
k79_89779	2;1239;186801;3085636;186803;1843210;3070997	1.0;1.0;1.0;1.0;1.0;1.0;1.0
k79_4876	2;1239;186801;186802;216572;1263;1160721	1.0;0.99994;0.99994;0.99994;0.99994;0.99994;0.99994
k79_78016	2;976;200643;171549;2005525;375288;823;999416	1.0;0.99965;0.99965;0.99965;0.99965;0.99965;0.99965;0.99965
k79_53762	2;1239;526524;526525;2810280;2678885;1982626	1.0;0.99999;0.99999;0.99999;0.99999;0.99999;0.99999
k79_28974	2;1239;186801;3085636;186803	0.9915;0.82525;0.77924;0.54921;0.54921
k79_4881	2;1239;186801;3085636;186803;1766253;39491;657317	1.0;1.0;1.0;1.0;1.0;1.0;1.0;0.98074
k79_53765	2;1239;526524;526525;2810280;2678885;1982626	1.0;1.0;1.0;1.0;1.0;1.0;1.0
k79_28975	2;976;200643;171549;815;816;820;997890	1.0;1.0;1.0;1.0;1.0;1.0;1.0;1.0
k79_17330	2;1239;186801;186802;216572;1263;1160721	1.0;0.99998;0.99998;0.99998;0.99998;0.99998;0.99338
k79_28982	2;1239;186801;3085636;186803;2316020;46228;471875	1.0;0.99996;0.99996;0.99996;0.99996;0.99978;0.99978;0.99978
k79_17331	2;976;200643;171549;815;816;820;997890	1.0;1.0;1.0;1.0;1.0;1.0;0.99997;0.99997
k79_42008	2;1239;186801;3085636;186803;572511;418240;1121115	1.0;1.0;1.0;1.0;1.0;1.0;1.0;1.0
k79_65757	2;1239;186801;3085636;186803;572511;418240;1121115	1.0;1.0;1.0;1.0;1.0;1.0;1.0;1.0
k79_28986	2;1239;186801;3085636;186803;2316020;33039;657313	1.0;1.0;1.0;1.0;1.0;0.99995;0.99995;0.99995
k79_42011	2;200918;188708;2419;188709;2335	0.99999;0.99984;0.99984;0.99984;0.99984;0.99984
k79_4897	2;976;200643;171549;815;909656;387090	1.0;0.99998;0.99998;0.99996;0.99992;0.94185;0.94185
k79_89785	2;976;200643;171549;815;909656;821	1.0;1.0;1.0;1.0;1.0;1.0;1.0
k79_53782	2157;28890;183925;2158;2159;2172;2173;420247	1.0;1.0;1.0;1.0;1.0;1.0;0.99999;0.99999
k79_78019	2;1239;526524;526525;2810280;2678885;1982626	1.0;0.99964;0.99961;0.99961;0.99959;0.99959;0.99959
k79_4904	2;1239;186801;3085636;186803;572511;89014	1.0;1.0;1.0;1.0;1.0;0.99999;0.99999
k79_29003	2;976;200643;171549;815;909656;387090	0.99932;0.99508;0.99507;0.99507;0.99497;0.95829;0.95789
k79_17340	2;1239;186801;186802;216572;1263;2564099	1.0;0.99998;0.99997;0.99997;0.99997;0.99997;0.99883
k79_65778	2;1239;186801;3085636;186803;572511;418240;1121115	1.0;1.0;1.0;1.0;1.0;1.0;1.0;1.0
k79_4915	2;976;200643;171549;815;816;820;997890	1.0;0.99999;0.99999;0.99999;0.99999;0.99999;0.99987;0.99987
k79_4917	2;1239;91061;186826;1300;1301;150055	0.99992;0.99992;0.99938;0.99938;0.99938;0.99938;0.99938
k79_53819	2;1239;186801;3085636;186803;572511;418240;1121115	1.0;1.0;1.0;1.0;1.0;0.99984;0.99914;0.99914
k79_65792	2157;28890;183925;2158;2159;2172;2173;420247	1.0;1.0;1.0;1.0;1.0;1.0;1.0;1.0
k79_78031	2;976;200643;171549;2005473;1918540;1796646	1.0;0.89527;0.89524;0.89524;0.88932;0.88932;0.88932
k79_17368	2;1239;186801;3085636;186803;1766253;39491;657318	1.0;1.0;1.0;1.0;1.0;1.0;1.0;0.99435
k79_78034	2;1239;526524;526525;2810280;2678885;1982626	1.0;1.0;1.0;1.0;1.0;1.0;1.0
k79_29006	2;1239;186801;186802;216572;1263;2831966	1.0;1.0;1.0;0.99999;0.99999;0.99999;0.99851
k79_89812	2;976;200643;171549;171552;2974251;165179	1.0;1.0;1.0;1.0;0.99999;0.99999;0.99999
k79_78036	2759;7711;40674;9443;9604;9605;9606	0.99995;0.99995;0.99995;0.99995;0.99995;0.99995;0.99995
k79_29010	2157;28890;183925;2158;2159;2172;2173;420247	0.99759;0.99759;0.99759;0.99759;0.99759;0.99759;0.99758;0.99758
k79_65801	2;1239;186801;3085636;186803;1766253;39491;657317	1.0;1.0;1.0;1.0;1.0;1.0;1.0;0.50969
k79_89816	2;1239;186801;186802;216572;1263;2608920	1.0;0.99944;0.99941;0.99941;0.99941;0.9994;0.9994
k79_65803	2;1239;186801;3085636;186803;1766253;39491;657317	1.0;1.0;1.0;1.0;1.0;1.0;1.0;0.99866
k79_53835	2;1239;186801;3085636;186803;1506553;29347	1.0;1.0;1.0;0.99997;0.99997;0.99997;0.99997
k79_78040	2;1239;186801;3085636;186803;1766253;39491;657318	0.99717;0.99258;0.99248;0.99212;0.99212;0.96898;0.96898;0.96644
k79_29014	2;976;200643;171549;815;816;820;997890	1.0;1.0;1.0;1.0;1.0;1.0;1.0;1.0
k79_78041	2;976;200643;171549;2005525;375288;823;999416	1.0;1.0;1.0;1.0;1.0;1.0;1.0;1.0
k79_89823	2;1239;186801;3085636;186803;1649459;154046;742737	1.0;0.99875;0.99177;0.98668;0.98668;0.65486;0.65486;0.65486
k79_53841	2;1239;186801;186802;216572;1263;2608920	0.99973;0.97036;0.9688;0.9678;0.95222;0.95144;0.95082
k79_78051	2;1239;186801;186802;216572	0.99999;0.98173;0.9798;0.62126;0.61628
k79_78056	2;1239;186801;3085636;186803;841;1261634	0.99851;0.99848;0.99492;0.99435;0.99435;0.99404;0.99404
k79_4936	2;1239;186801;3085636;186803;2163168;3070215	1.0;0.99997;0.99997;0.99997;0.99997;0.99996;0.99996
k79_29036	2;1239;186801;186802;216572;216851;853;718252	1.0;1.0;1.0;1.0;1.0;1.0;1.0;1.0
k79_4937	2;976;200643;171549;815;816;817;997879	1.0;0.99998;0.99998;0.99998;0.99998;0.99994;0.99989;0.99989
k79_89834	2;976;200643;171549;815;816;371601;657309	1.0;1.0;1.0;1.0;1.0;0.99995;0.9992;0.9992
k79_17395	2;976;200643;171549;815;816;28111	0.99994;0.99985;0.99985;0.99985;0.98697;0.94426;0.54434
k79_78064	2;976;200643;171549;815;816;820;997890	1.0;0.99999;0.99999;0.99999;0.99997;0.99994;0.98748;0.98748
k79_65823	2;1239;526524;526525;2810280;2678885;1982626	1.0;1.0;1.0;1.0;1.0;1.0;1.0
k79_17397	2;1239;909932;1843488;909930;33024;33025	1.0;1.0;1.0;1.0;1.0;1.0;1.0
k79_17399	2;1239;526524;526525;2810280;2678885;1982626	1.0;1.0;1.0;1.0;1.0;0.99999;0.99999
k79_17400	2;1239;186801;3085636;186803;572511;418240;1121115	1.0;1.0;1.0;1.0;1.0;0.99993;0.99992;0.99992
k79_4952	2;1239;186801;3085636;186803;2316020;46228;471875	1.0;1.0;0.99985;0.99985;0.99985;0.99984;0.99984;0.99984
k79_53853	2;976;200643;171549;171552;838;28133	1.0;1.0;1.0;1.0;1.0;1.0;1.0
k79_42063	2;1239;526524;526525;2810280;2678885;1982626	1.0;1.0;1.0;1.0;1.0;1.0;1.0
k79_78067	2;976;200643;171549;815;909656;821	1.0;1.0;1.0;1.0;1.0;0.99999;0.99999
k79_89842	2;1239;526524;526525;2810280;2678885;1982626	0.99997;0.99993;0.99964;0.99964;0.99964;0.99934;0.99934
k79_42065	2;1239;526524;526525;2810280;2678885;1982626	0.99958;0.99958;0.99958;0.99958;0.99958;0.99958;0.99958
k79_53860	2157;28890;183925;2158;2159;2172;2173;420247	1.0;1.0;1.0;1.0;1.0;1.0;1.0;1.0
k79_78071	2;1239;186801;3085636;186803;1766253;39491;657317	1.0;1.0;1.0;1.0;1.0;1.0;1.0;0.99683
k79_65834	2;1239;186801;3085636;186803;572511;418240;1121115	1.0;1.0;1.0;0.99999;0.99999;0.99994;0.99994;0.99994
k79_89845	2;976;200643;171549;815;816;817;295405	0.99999;0.99983;0.99982;0.99982;0.99953;0.99886;0.99869;0.97556
k79_42067	2;74201;203494;48461;1647988;239934;239935	1.0;1.0;1.0;1.0;1.0;1.0;1.0
k79_89846	2;976;200643;171549;815;816;820;997890	1.0;1.0;1.0;1.0;1.0;1.0;0.99999;0.99999
k79_78075	2;1239;186801;3085636;186803;207244;649756;649757	0.99999;0.99999;0.99984;0.99983;0.99983;0.99983;0.99983;0.99983
k79_65836	2157;28890;183925;2158;2159;2172;2173;420247	1.0;1.0;1.0;1.0;1.0;1.0;1.0;1.0
k79_78078	2;976;200643;171549;815;816;820;997890	1.0;1.0;1.0;1.0;1.0;1.0;0.99999;0.99999
k79_53861	2;1239;526524;526525;2810280;2678885;1982626	1.0;1.0;1.0;1.0;1.0;1.0;1.0
k79_65837	2;976;200643;171549;815;816;820;997890	1.0;1.0;1.0;1.0;1.0;1.0;0.99996;0.99996
k79_78081	2;1239;186801;3085636;186803;572511;1532	1.0;1.0;1.0;0.99999;0.99999;0.99997;0.99997
k79_65843	2;1239;186801;3085636;186803;572511;418240;1121115	1.0;0.99992;0.99923;0.99922;0.99922;0.80919;0.78323;0.78323
k79_42085	2;1239;186801;3085636;186803;1766253;39491;657318	1.0;1.0;0.99997;0.99997;0.99997;0.9993;0.9993;0.99799
k79_78084	2;1239;909932;1843488;909930;33024;33025	1.0;1.0;1.0;1.0;1.0;1.0;1.0
k79_17409	2;1239;186801;186802;216572;1263;1160721	1.0;1.0;0.99999;0.99952;0.99952;0.99951;0.99944
k79_42088	2;1239;186801;3085636;186803;1766253;39491;657318	1.0;1.0;1.0;1.0;1.0;0.99586;0.99586;0.99555
k79_4971	2;1239;186801;186802;216572;1263;2608920	0.99595;0.9833;0.97808;0.94415;0.93666;0.93665;0.93093
k79_65846	2;1239;186801;3085636;186803;189330;39486	1.0;0.99999;0.99999;0.99999;0.99999;0.99912;0.99806
k79_29075	2157;28890;183925;2158;2159;2172;2173;420247	1.0;1.0;1.0;1.0;1.0;1.0;0.9992;0.9992
k79_89860	2;1239;186801;3082720;186804;1870884;1496	1.0;0.99998;0.99886;0.99825;0.99825;0.99825;0.99825
k79_89861	2;1239;186801;186802;216572;1263;2608920	1.0;0.99997;0.99997;0.99996;0.99995;0.99995;0.99779
k79_65851	2;1239;91061;186826;33958;1243;33964	1.0;0.99999;0.99994;0.99994;0.99994;0.99994;0.99994
k79_89862	2;1239;186801;3085636;186803;1766253;39491;657317	1.0;1.0;1.0;1.0;1.0;1.0;1.0;1.0
k79_78090	2;976;200643;171549;815;816;290053;693979	1.0;1.0;1.0;1.0;1.0;1.0;0.99999;0.99999
k79_4976	2;1239;186801;3085636;186803;2316020;46228;471875	1.0;1.0;1.0;1.0;1.0;1.0;1.0;1.0
k79_89865	2;1239;186801;3085636;186803;2316020;46228;471875	1.0;1.0;1.0;1.0;1.0;1.0;1.0;1.0
k79_42097	2;1239;186801;3085636;186803;2316020;46228;471875	1.0;0.99935;0.99935;0.99935;0.99935;0.99917;0.99916;0.99916
k79_65871	2;1239;526524;526525;2810280;2678885;1982626	1.0;1.0;0.99999;0.99999;0.99999;0.99999;0.99999
k79_53901	2;1239;526524;526525;2810280;2678885;1982626	0.99988;0.99973;0.99947;0.99947;0.99941;0.99941;0.99941
k79_4989	2;1239;186801;186802;216572;1263;1161942	1.0;1.0;1.0;1.0;1.0;1.0;0.99999
k79_17429	2;1239;186801;186802;216572;216851;2929489	1.0;0.99993;0.99993;0.99982;0.99982;0.99979;0.99814
k79_29091	2;1239;186801;3085636;186803;2316020;46228;471875	1.0;1.0;1.0;1.0;1.0;0.99998;0.99998;0.99998
k79_53905	2;1239;186801;3085636;186803;33042;410072	0.99995;0.92566;0.91729;0.91363;0.91363;0.75096;0.75096
k79_4991	2;976;200643;171549;2005525;375288;823;999416	1.0;0.99986;0.99986;0.99986;0.99985;0.99985;0.99985;0.99985
k79_78112	2;1239;186801;3085636;186803;207244;649756;649757	0.99648;0.99635;0.98488;0.98444;0.98444;0.9837;0.9837;0.9837
k79_42106	2;1239;186801;3085636;186803;207244;649756;649757	1.0;0.99955;0.99936;0.99934;0.99934;0.99934;0.99934;0.99934
k79_4993	2;1239;186801;3085636;186803;841;2763062	0.99999;0.79906;0.6754;0.57414;0.57414;0.56109;0.56109
k79_17437	2;544448;31969;2085;2092;2093;2683967	1.0;0.99999;0.99999;0.99999;0.99999;0.99999;0.99999
k79_29098	2;1239;186801;186802;216572;1263;2608920	1.0;1.0;1.0;1.0;1.0;0.99999;0.99999
k79_65886	2;1239;526524;526525;2810280;2678885;1982626	1.0;1.0;1.0;1.0;1.0;1.0;1.0
k79_17438	2;976;200643;171549;815;816;818	1.0;0.99998;0.99986;0.99986;0.99958;0.98912;0.85574
k79_89892	2;1239;186801;186802;216572;1263;2608920	0.99979;0.99882;0.99822;0.99684;0.99684;0.99677;0.99664
k79_42108	2;1239;186801;186802;31979;1485;1513	0.99991;0.99968;0.99596;0.99125;0.99125;0.99125;0.99005
k79_78114	2;976;200643;171549;815;816;818	1.0;0.99999;0.99999;0.99999;0.99999;0.99951;0.99942
k79_5000	2;1239;909932;1843488;909930;33024;33025	0.99999;0.99998;0.99994;0.99994;0.99994;0.99994;0.99994
k79_65891	2	0.59553
k79_42112	2;1239;526524;526525;2810280;2678885;1982626	1.0;0.99999;0.99988;0.99988;0.99983;0.99983;0.99983
k79_78116	2;976;200643;171549;815;909656;821	1.0;1.0;1.0;1.0;1.0;1.0;1.0
k79_5004	2157;28890;183925;2158;2159;2172;2173;420247	1.0;1.0;1.0;1.0;1.0;1.0;0.99989;0.99989
k79_29115	2;1239;186801;3085636;186803;841;1261635	1.0;1.0;0.99999;0.99999;0.99999;0.99962;0.99962
k79_29117	2;1239;186801;3085636;186803;33042;410072	1.0;1.0;1.0;0.99999;0.99999;0.99844;0.99844
k79_5012	2;976;200643;171549;815;909656;821	1.0;0.99995;0.99995;0.99995;0.99993;0.99992;0.9999
k79_29118	2157;28890;183925;2158;2159;2172;2173;420247	0.99973;0.99973;0.99973;0.99973;0.99973;0.99973;0.99949;0.99949
k79_65901	2;1239;186801;3085636;186803;572511;418240;1121115	1.0;1.0;1.0;1.0;1.0;1.0;1.0;1.0
k79_78131	2;1239;186801;3085636;186803;841;1261634	0.99777;0.99762;0.99761;0.9976;0.9976;0.99758;0.99758
k79_89920	2;74201;203494;48461;1647988;239934;1679444	1.0;1.0;1.0;1.0;1.0;1.0;1.0
k79_5014	2;1239;186801;3085636;186803;207244;649756;649757	0.9999;0.99966;0.99948;0.99946;0.99946;0.99946;0.99946;0.99946
k79_53926	2;976;200643;171549;815;816;28111	1.0;0.99998;0.99998;0.99998;0.99998;0.99998;0.99995
k79_17449	2;1239;186801;3085636;186803;33042;410072	1.0;0.99991;0.99991;0.99976;0.99976;0.99628;0.99628
k79_65905	2;976;200643;171549;815;816;477666	1.0;0.99999;0.99999;0.99917;0.99916;0.99909;0.85704
k79_78139	2;1239;91061;1385;186822;44249;1695218	1.0;1.0;1.0;1.0;1.0;1.0;1.0
k79_89929	2157;28890;183925;2158;2159;2172;2173;420247	0.99999;0.99999;0.99999;0.99999;0.99999;0.99999;0.9999;0.9999
k79_42116	2;976;200643;171549;1853231;574697;2093856	1.0;1.0;1.0;1.0;0.99981;0.99981;0.99981
k79_65907	2;976;200643;171549;815;909656;387090	1.0;0.99999;0.99999;0.99999;0.99968;0.99625;0.9952
k79_89935	2;1783272	1.0;0.99957
k79_53943	2;1239;526524;526525;2810280;2678885;1982626	0.99998;0.9999;0.99984;0.99984;0.99976;0.99976;0.99976
k79_65912	2;1117;3028117;1161;1162	1.0;0.99999;0.99999;0.99999;0.99999
k79_5028	2;1239;186801;3085636;186803;841;1261634	1.0;1.0;1.0;1.0;1.0;0.99989;0.99984
k79_42120	2;976;200643;171549;815;816;820;997890	1.0;1.0;1.0;1.0;1.0;1.0;0.99984;0.99984
k79_5030	2157;28890;183925;2158;2159;2172;2173;420247	1.0;1.0;1.0;1.0;1.0;1.0;1.0;1.0
k79_89942	2;1239;186801;3085636;186803;2316020;33039;657313	1.0;1.0;1.0;1.0;1.0;0.99996;0.99996;0.99996
k79_17469	2;1239;186801;186802;216572;216851;2929493	1.0;1.0;1.0;0.99997;0.99997;0.99997;0.99997
k79_53961	2;1239;909932;1843488;909930;33024;33025	1.0;1.0;1.0;1.0;1.0;1.0;1.0
k79_29143	2;1239;186801;186802;216572;1263;2608920	1.0;1.0;0.99999;0.99993;0.99993;0.98592;0.98589
k79_89945	2;1239;186801;186802;216572;1263;2608920	1.0;1.0;1.0;1.0;1.0;1.0;1.0
k79_17473	2;1239;186801;186802;216572;1263;657323	0.99996;0.99996;0.99996;0.99976;0.99976;0.99976;0.99976
k79_65927	2;1239;1737404;1737405;2992719;2794837;45497;1288971	1.0;0.99992;0.99982;0.99982;0.99982;0.99982;0.99982;0.99982
k79_5051	2	0.99999
k79_78175	131567	1.0
k79_42129	2;1239;186801;3085636;186803;1766253;39491;657317	1.0;1.0;1.0;1.0;1.0;0.99996;0.99996;0.96642
k79_89955	2;976;200643;171549;815;816;820;997890	1.0;1.0;1.0;1.0;1.0;1.0;1.0;1.0
k79_29147	2;1239;526524;526525;2810280;2678885;1982626	0.99976;0.95808;0.94895;0.94895;0.94892;0.94892;0.94892
k79_78180	2;1239;526524;526525;2810280;2678885;1982626	1.0;1.0;1.0;1.0;1.0;1.0;1.0
k79_53978	2;1239;186801;3085636;186803;207244;649756;649757	1.0;1.0;1.0;1.0;1.0;0.99948;0.99948;0.99948
k79_5063	2;1239;186801;3085636;186803;207244;649756;649757	1.0;1.0;1.0;1.0;1.0;1.0;1.0;1.0
k79_89960	2;1239;186801;3082720;186804;1870884;1496	1.0;1.0;1.0;0.99997;0.99997;0.99997;0.99997
k79_65931	2;976;200643;171549;815;816	0.99994;0.85665;0.84993;0.84992;0.62629;0.55606
k79_42137	2;1224;28216;80840;119060;48736;190721	1.0;1.0;1.0;1.0;1.0;1.0;1.0
k79_89963	2;976;200643;171549;815;816;2792859	1.0;1.0;1.0;1.0;1.0;1.0;0.99972
k79_42138	2;976;200643;171549;815;909656;821	0.99996;0.69418;0.69409;0.69408;0.69407;0.69303;0.69303
k79_65933	2;976;200643;171549;815;816;371601;657309	1.0;0.99999;0.99999;0.99999;0.99997;0.99992;0.69043;0.69043
k79_5068	2;1239;526524;526525;2810280;2678885;1982626	1.0;1.0;1.0;1.0;1.0;1.0;1.0
k79_17481	2;1224;28216;80840;119060;1822464;3136564	1.0;1.0;1.0;1.0;1.0;1.0;1.0
k79_5071	2;976;200643;171549;815;816;291644	1.0;1.0;1.0;1.0;1.0;0.99998;0.99998
k79_78193	2;976;200643;171549;815;816;820;997890	1.0;1.0;1.0;1.0;1.0;1.0;0.99999;0.99999
k79_17482	2;1239;91061;1385;186817;1386;1408	1.0;1.0;1.0;1.0;1.0;1.0;1.0
k79_89974	2;1239;186801;3085636;186803;2316020;46228;471875	1.0;1.0;1.0;1.0;1.0;0.99932;0.99931;0.99931
k79_65944	2;976;200643;171549;815;816;820;997890	1.0;0.99979;0.99979;0.99979;0.99978;0.99977;0.99889;0.99889
k79_78196	2;1239;526524;526525;2810280;2678885;1982626	1.0;0.99999;0.99999;0.99999;0.99996;0.99996;0.99996
k79_17487	2157;28890;183925;2158;2159;2172;2173;420247	1.0;1.0;1.0;1.0;1.0;1.0;1.0;1.0
k79_5087	2;1239;186801;3085636;186803;572511;418240;1121115	1.0;1.0;1.0;1.0;1.0;1.0;1.0;1.0
k79_78207	2;1239;186801;186802;216572;216851;853;718252	1.0;1.0;1.0;1.0;1.0;1.0;1.0;1.0
k79_54003	2;1239;186801;3085636;186803;1766253;39491;657317	1.0;0.99999;0.99999;0.99999;0.99999;0.99999;0.99999;0.99407
k79_42149	2;1239;186801;3085636;186803;572511;418240;1121115	1.0;1.0;1.0;1.0;1.0;1.0;0.99999;0.99999
k79_5099	2;200918;188708;2419;1643950;2420;2676525	1.0;1.0;1.0;1.0;1.0;1.0;1.0
k79_78213	2;1239;186801;186802;31979;1485;704125	0.99988;0.99986;0.98731;0.98719;0.98715;0.98715;0.98394
k79_78214	2;1224;28216;80840;75682;29580;3065910	1.0;0.99999;0.99999;0.99999;0.99999;0.99999;0.99999
k79_17495	2;1239;526524;526525;2810280;2678885;1982626	1.0;1.0;1.0;1.0;1.0;1.0;1.0
k79_29163	2;1239;186801;3085636;186803;1766253;39491;657317	1.0;1.0;1.0;1.0;1.0;1.0;1.0;0.99703
k79_78219	2;1239;186801;186802;186806;33951;52694	0.99991;0.99778;0.99748;0.98489;0.97176;0.97119;0.97119
k79_17498	2;1239;186801;3085636;186803;2569097;39488	1.0;1.0;1.0;1.0;1.0;1.0;1.0
k79_90013	2;976;200643;171549;815;816	0.99987;0.84894;0.84892;0.84817;0.80749;0.77905
k79_5118	2;1239;186801;186802;216572;1263;2608920	0.99998;0.99692;0.98742;0.96862;0.96862;0.96814;0.95675
k79_78223	2157;28890;183925;2158;2159;2172;2173;420247	1.0;1.0;1.0;1.0;1.0;1.0;0.99999;0.99999
k79_90014	2;1239;909932;1843488;909930;33024;33025	1.0;1.0;1.0;1.0;1.0;1.0;1.0
k79_42158	2;1224;1236;91347;543;203804;108080	0.99964;0.94485;0.94485;0.94479;0.94479;0.94469;0.94469
k79_54044	2;1239;186801;3085636;186803;189330;39486	1.0;1.0;1.0;1.0;1.0;0.99999;0.99999
k79_78235	2;1239;186801;3085636;186803;1766253;39491;657318	1.0;1.0;1.0;1.0;1.0;1.0;1.0;0.99941
k79_29189	2;976;200643;171549;815;816;2646097	1.0;0.99999;0.99999;0.99999;0.99999;0.99999;0.99993
k79_54046	2;1239;186801;3085636;186803;207244;649756;649757	1.0;0.99999;0.99987;0.99987;0.99987;0.99987;0.99987;0.99987
k79_78242	2;1239;186801;3085636;186803;1766253;39491;657317	1.0;0.9999;0.99989;0.99973;0.99973;0.94605;0.94605;0.9443
k79_17509	2;1239;186801;3085636;186803;33042;410072	1.0;0.99999;0.99998;0.9989;0.9989;0.95473;0.95473
k79_5126	2;1239;909932;909929;1843490;2375;2377	1.0;1.0;0.99992;0.99992;0.99992;0.99992;0.99992
k79_78249	2;1239;526524;526525;2810280;2678885;1982626	0.99998;0.9999;0.99972;0.99972;0.99964;0.99963;0.99963
k79_78255	2;976;200643;171549;815;816;820;997890	1.0;1.0;1.0;1.0;1.0;0.99996;0.86737;0.86737
k79_5132	2;1239;909932;1843488;909930;33024;33025	1.0;1.0;1.0;1.0;1.0;1.0;1.0
k79_66029	2;1239;186801;3085636;186803;841;1261634	1.0;1.0;1.0;0.99999;0.99999;0.99996;0.99989
k79_90037	2;1239;186801;186802;216572;1263;2608920	0.99914;0.97561;0.97039;0.63783;0.58435;0.56892;0.56892
k79_78257	2157;28890;183925;2158;2159;2172;2173;420247	1.0;1.0;1.0;1.0;1.0;1.0;1.0;1.0
k79_66030	2;1239;526524;526525;2810280;2678885;1982626	1.0;1.0;1.0;1.0;1.0;1.0;1.0
k79_54072	2;976;200643;171549;815;816;818	1.0;1.0;0.99999;0.99999;0.99998;0.99998;0.99995
k79_66033	2;1239;186801;3085636;186803;33042;410072	1.0;0.99997;0.99995;0.99995;0.99995;0.89996;0.89935
k79_5140	2;976;200643;171549;815;816;820;997890	1.0;1.0;1.0;1.0;1.0;1.0;1.0;1.0
k79_29217	2;1239;186801;3085636;186803;207244;649756;649757	1.0;1.0;1.0;1.0;1.0;0.99986;0.99986;0.99986
k79_17517	2;1239;186801;3085636;186803;207244;649756;649757	1.0;1.0;1.0;1.0;1.0;1.0;1.0;1.0
k79_5147	2;1239;186801;186802;31979;1485	0.99546;0.9021;0.85879;0.79417;0.79188;0.7877
k79_54082	2;976;200643;171549;815;816;162156	1.0;1.0;1.0;1.0;1.0;0.99989;0.99987
k79_17521	2;1239;909932;1843488;909930;33024;33025	1.0;1.0;1.0;1.0;1.0;1.0;1.0
k79_29227	2;976;200643;171549;815;909656;821	1.0;1.0;1.0;1.0;1.0;0.99989;0.99989
k79_5152	2;1239;186801;186802;216572;1263;2564099	1.0;1.0;0.99999;0.99999;0.99999;0.99999;0.99871
k79_42174	2;1239;186801;186802;216572;1263;2608920	0.99974;0.99962;0.99961;0.9996;0.9986;0.9986;0.99859
k79_17527	2;1239;186801;186802;216572;216851;2929495	1.0;1.0;1.0;1.0;1.0;1.0;1.0
k79_54091	2;1239;526524;526525;2810280;2678885;1982626	0.99954;0.99954;0.99948;0.99948;0.99945;0.99945;0.99945
k79_42177	2;1239;526524;526525;2810280;2678885;1982626	0.99999;0.99999;0.99993;0.99993;0.99993;0.99993;0.99993
k79_78270	2;1239;91061;1385;186822;44249;1763538	0.99998;0.99847;0.98698;0.98697;0.98696;0.98696;0.98696
k79_66063	2;1239;526524;526525;2810280;2678885;1982626	1.0;0.99444;0.99435;0.99435;0.99401;0.994;0.994
k79_42183	2;1239;186801;3085636;186803;572511;418240;1121115	1.0;1.0;1.0;1.0;1.0;1.0;1.0;1.0
k79_66070	2;1239;526524;526525;2810280;2678885;1982626	1.0;1.0;1.0;1.0;0.99999;0.99999;0.99999
k79_54102	2157;28890;183925;2158;2159;2172;2173;420247	1.0;1.0;1.0;1.0;1.0;1.0;1.0;1.0
k79_42196	2;1117;3028117;1890424;2881426;1218;1219;93060	0.99713;0.89381;0.89381;0.89118;0.89118;0.89118;0.89118;0.89118
k79_5170	2;976;200643;171549;2005525;375288;823;999416	1.0;1.0;1.0;1.0;1.0;1.0;1.0;1.0
k79_90069	2;1239;186801;186802;216572;1263;2608920	1.0;1.0;1.0;0.99584;0.99584;0.99584;0.99516
k79_17536	2;1239;526524;526525;2810280;2678885;1982626	1.0;0.99997;0.99997;0.99997;0.99995;0.99995;0.99995
k79_42200	2;976;200643;171549;815;816;820;997890	1.0;1.0;1.0;1.0;1.0;1.0;0.99997;0.99997
k79_78297	2;1239;186801;3085636;186803;1766253;39491;657317	1.0;1.0;1.0;1.0;1.0;0.99996;0.99996;0.99703
k79_66086	2;1239;186801;3085636;186803;572511;418240;1121115	1.0;1.0;1.0;1.0;1.0;1.0;1.0;1.0
k79_29247	2;1239;186801;3085636;186803;572511;418240;1121115	1.0;1.0;1.0;1.0;1.0;1.0;1.0;1.0
k79_17541	2;1239;186801;186802;216572;1263;2608920	0.99999;0.99987;0.99986;0.99985;0.99984;0.99984;0.99975
k79_90070	2;976;200643;171549;815;816;2785531	1.0;0.70782;0.70778;0.70778;0.70771;0.70769;0.6304
k79_90071	2;1239;526524;526525;2810280;2678885;1982626	1.0;1.0;1.0;1.0;1.0;1.0;1.0
k79_66091	2;976;200643;171549;815;816;371601;657309	1.0;1.0;1.0;1.0;0.99976;0.9995;0.9995;0.9995
k79_54128	2;1239;526524;526525;2810280;2678885;1982626	1.0;1.0;1.0;1.0;1.0;1.0;1.0
k79_29254	2;976;200643;171549;815;816;28116	1.0;1.0;1.0;1.0;0.99997;0.99996;0.99927
k79_17554	2;976;200643;171549;815;816;820;997890	1.0;1.0;1.0;1.0;1.0;1.0;1.0;1.0
k79_17555	2;976;200643;171549;815;816;820;997890	1.0;1.0;1.0;1.0;1.0;1.0;1.0;1.0
k79_5203	2;1239;186801;3085636;186803;841;1261635	0.99992;0.99992;0.99921;0.9992;0.9992;0.9988;0.99876
k79_54133	2;1239;186801;3085636;186803;841;1261634	1.0;0.99999;0.99999;0.99999;0.99999;0.99997;0.99995
k79_90099	2;1239;186801;3085636;186803;2316020	1.0;0.62867;0.62717;0.62337;0.62337;0.56044
k79_78313	2;1239;186801;186802;216572;1263;2608920	0.99999;0.9999;0.99682;0.9968;0.9968;0.99678;0.99657
k79_90100	2;1239;186801;3085636;186803	0.99868;0.99853;0.99701;0.99617;0.99616
k79_42225	2157;28890;183925;2158;2159;2172;2173;420247	1.0;1.0;1.0;1.0;1.0;1.0;1.0;1.0
k79_17571	2;976;200643;171549;815;816;818	1.0;1.0;1.0;1.0;1.0;0.99997;0.99296
k79_66113	2;1239;526524;526525;2810280;2678885;1982626	1.0;1.0;1.0;1.0;1.0;1.0;1.0
k79_54150	2;1239;186801;3085636;186803;1766253;39491;657317	1.0;1.0;1.0;1.0;1.0;1.0;1.0;0.99996
k79_5209	2;976;200643;171549;815;816;820;997890	1.0;1.0;1.0;1.0;0.99998;0.99998;0.99998;0.99998
k79_90109	2;976;200643;171549;815;816;820;997890	1.0;0.99992;0.99992;0.99992;0.99966;0.99964;0.99618;0.99618
k79_66121	2;1239;91061;1385;186822;44249;3039392	1.0;1.0;1.0;1.0;1.0;1.0;1.0
k79_90112	2;976;200643;171549;2005525;375288;823;999416	1.0;1.0;1.0;1.0;1.0;1.0;1.0;1.0
k79_78320	2;1239;526524;526525;2810280;2678885;1982626	1.0;1.0;1.0;1.0;1.0;1.0;1.0
k79_29277	2157;28890;183925;2158;2159;2172;2173;420247	1.0;1.0;1.0;1.0;1.0;1.0;0.99999;0.99999
k79_90115	2;976;200643;171549;815;909656;821	1.0;1.0;1.0;1.0;1.0;1.0;1.0
k79_78321	2;976;200643;171549;2005525;375288;823;999416	1.0;0.99985;0.99985;0.99985;0.99985;0.99985;0.99985;0.99985
k79_17581	2;1239;186801;186802;216572;216851;853;718252	0.99998;0.99398;0.97435;0.95597;0.95596;0.95472;0.94101;0.94101
k79_5228	2;1239;186801;3085636;186803;1766253;39491;657318	1.0;1.0;1.0;1.0;1.0;1.0;1.0;0.99956
k79_78326	2;1239;186801;3085636;186803;2316020;46228;471875	1.0;1.0;1.0;1.0;1.0;1.0;1.0;1.0
k79_29282	2;976;200643;171549;815;909656;357276;997877	1.0;0.99998;0.99998;0.99998;0.99998;0.99958;0.99958;0.99958
k79_42232	2;976;200643;171549;815;816;817;862962	0.99711;0.80233;0.8023;0.80217;0.748;0.74732;0.67113;0.67107
k79_5231	2;1239;186801;3085636;186803;572511;40520;411459	0.99999;0.99996;0.99996;0.99989;0.99989;0.99987;0.99987;0.99987
k79_90132	2;1239;909932;1843488;909930;33024;33025	1.0;1.0;1.0;1.0;1.0;1.0;1.0
k79_90134	2;1239;186801;186802;216572;1263;2608920	1.0;1.0;1.0;0.99999;0.99999;0.99999;0.99998
k79_54164	2;976;200643;171549;815;816;817;295405	1.0;0.99984;0.99984;0.99984;0.99984;0.99984;0.99984;0.99984
k79_17592	2;1239;526524;526525;2810280;2678885;1982626	1.0;1.0;1.0;1.0;1.0;1.0;1.0
k79_90137	2;1239;186801;3085636;186803;841;166486;657315	1.0;1.0;1.0;1.0;1.0;0.99997;0.99806;0.99765
k79_78347	2;976;200643;171549;815;816;820;997890	1.0;1.0;1.0;1.0;1.0;1.0;1.0;1.0
k79_78351	2;976;200643;171549;815;816;47678;997873	0.99995;0.99733;0.99733;0.99733;0.99733;0.99733;0.99726;0.99726
k79_17596	2;1239;186801;3085636;186803;2316020;46228;471875	1.0;1.0;1.0;1.0;1.0;0.99999;0.99998;0.99998
k79_29299	2;976;200643;171549;815	0.99965;0.98021;0.9802;0.97251;0.93457
k79_29302	2;976;200643;171549;815;816;820;997890	1.0;1.0;1.0;1.0;1.0;1.0;1.0;1.0
k79_54181	2;1239;186801;186802;31979;1155385;3036945	1.0;1.0;1.0;0.99937;0.99936;0.99936;0.99936
k79_90162	2;976;200643;171549;2005525;375288;823;999416	1.0;0.99999;0.99999;0.99999;0.99999;0.99999;0.99999;0.99999
k79_5245	2;1239;526524;526525;2810280;2678885;1982626	1.0;1.0;1.0;1.0;1.0;0.99999;0.99999
k79_42257	2;1239;186801;3085636;186803;841;1261634	0.99999;0.99999;0.99999;0.99998;0.99998;0.99734;0.99689
k79_17604	2;1239;186801;3085636;186803;2316020;33038	0.99996;0.9998;0.99969;0.99962;0.99962;0.99513;0.99511
k79_29321	2;976;200643;171549;815;816;820;997890	1.0;1.0;1.0;1.0;1.0;1.0;1.0;1.0
k79_66180	2;1239;526524;526525;2810280;2678885;1982626	1.0;1.0;1.0;1.0;1.0;1.0;1.0
k79_42264	2;1239;186801;3085636;186803	1.0;0.99951;0.65812;0.65736;0.65736
k79_17616	2;1239;526524;526525;2810280;2678885;1982626	0.99998;0.99998;0.99998;0.99998;0.99998;0.99998;0.99998
k79_29333	2;1239;186801;3085636;186803;572511;418240;1121115	1.0;1.0;1.0;1.0;1.0;0.99946;0.99941;0.99941
k79_42271	2;1239;186801;186802;216572;216851;853;718252	1.0;0.99997;0.99997;0.99996;0.99995;0.99994;0.99991;0.99991
k79_54203	2;1239;186801;3085636;186803;33042;410072	1.0;1.0;1.0;1.0;1.0;0.99992;0.99992
k79_90170	2;976;200643;171549;815;909656;821	1.0;1.0;1.0;1.0;0.99999;0.99992;0.99992
k79_5258	2;976;200643;171549;815;816;820;997890	1.0;1.0;1.0;1.0;1.0;1.0;1.0;1.0
k79_54212	2;976;200643;171549;815;816;818	1.0;0.99992;0.99985;0.99985;0.99966;0.99884;0.86164
k79_17631	2;1239;526524;526525;2810280;2678885;1982626	0.99915;0.99915;0.99915;0.99915;0.99914;0.99914;0.99914
k79_17633	2;1239;91061;186826;33958;2767887;1623	1.0;0.99999;0.99995;0.99995;0.99995;0.99995;0.99995
k79_78403	2;1239;186801;3085636;186803;1766253;39491;657317	1.0;0.99951;0.99947;0.99933;0.99933;0.99922;0.99922;0.99918
k79_66210	2;976;200643;171549;815;909656;821	1.0;0.99999;0.99999;0.99999;0.99999;0.99945;0.99945
k79_66217	2;1239;526524;526525;2810280;2678885;1982626	1.0;1.0;1.0;1.0;1.0;1.0;1.0
k79_78411	2;976;200643;171549;815;909656;821	1.0;1.0;1.0;1.0;1.0;1.0;1.0
k79_42280	2;1239;186801;3085636;186803;1766253;39491;657317	1.0;1.0;1.0;1.0;1.0;0.99998;0.99998;0.99812
k79_54229	2;976;200643;171549;815;816;290053;693979	1.0;0.99999;0.99999;0.99999;0.99998;0.99998;0.99996;0.99996
k79_29336	2;976;200643;171549;815;816;820;997890	1.0;0.99983;0.99973;0.99973;0.99965;0.99463;0.51172;0.51172
k79_42282	2;1239;186801;3085636;186803;1766253;39491;657317	0.99996;0.96944;0.9694;0.96752;0.96752;0.91294;0.91294;0.82794
k79_78416	2;1239;186801;3085636;186803;207244;649756;649757	1.0;1.0;1.0;1.0;1.0;1.0;1.0;1.0
k79_54231	2;976;200643;171549;815;816;820;997890	1.0;1.0;1.0;1.0;1.0;0.99999;0.9998;0.9998
k79_29341	2;1239;186801;3085636;186803;189330;88431	1.0;1.0;1.0;1.0;1.0;0.98978;0.98968
k79_42286	2;1239;186801;3085636;186803;2316020;46228;471875	1.0;1.0;1.0;1.0;1.0;0.99961;0.99954;0.99954
k79_90187	2;1239;186801;3085636;186803;3342669;45851	0.99998;0.99998;0.99997;0.99987;0.99987;0.99984;0.99984
k79_54236	2157;28890;183925;2158;2159;2172;2173;420247	1.0;1.0;1.0;1.0;1.0;1.0;0.99998;0.99998
k79_66224	2157;28890;183925;2158;2159;2172;2173;420247	1.0;1.0;1.0;1.0;1.0;1.0;1.0;1.0
k79_5283	2;976;200643;171549;815;816;820;997890	1.0;1.0;1.0;1.0;1.0;1.0;1.0;1.0
k79_17650	2;976;200643;171549;815;909656;387090	1.0;0.99764;0.99763;0.99763;0.99706;0.997;0.98687
k79_90194	2;976;200643;171549;815;909656;821	1.0;1.0;1.0;1.0;1.0;1.0;1.0
k79_78427	2;1239;91061;1385;186822;44249;414771	1.0;0.99999;0.99947;0.99947;0.99947;0.99947;0.99947
k79_66225	2;976;200643;171549;815;909656;821	1.0;0.99972;0.99971;0.99968;0.99951;0.95588;0.95587
k79_54248	2157;28890;183925;2158;2159;2172;2173;420247	1.0;1.0;1.0;1.0;1.0;1.0;0.9984;0.9984
k79_66230	2;976;200643;171549;815;816;371601;657309	1.0;1.0;1.0;1.0;1.0;0.99999;0.99999;0.99999
k79_54250	2157;28890;183925;2158;2159;2172;2173;420247	0.84998;0.84998;0.84998;0.84998;0.84998;0.84997;0.84993;0.84993
k79_17662	2;1239;186801;3085636;186803;1766253;39491;657317	1.0;1.0;1.0;1.0;1.0;1.0;1.0;0.99744
k79_66234	2;1239;186801;3085636;186803;572511;2779518	1.0;0.99995;0.66633;0.66605;0.66605;0.6575;0.65747
k79_17665	2;1783272	0.99977;0.70345
k79_42291	2;1239;186801;186802;186806;33951;52694	1.0;1.0;1.0;1.0;1.0;1.0;1.0
k79_66239	2;976;200643;171549;815;816;820;997890	1.0;1.0;1.0;1.0;1.0;1.0;1.0;1.0
k79_17669	2;1239;186801;3085636;186803;572511;418240;1121115	1.0;0.99995;0.99995;0.99995;0.99995;0.99995;0.99994;0.99994
k79_54258	2;1239;186801;186802;216572;1263;2608920	1.0;0.99983;0.99982;0.9998;0.9998;0.9998;0.99966
k79_90199	2;1239;91061;186826;33958;1243;33964	0.99749;0.8574;0.61391;0.59517;0.57107;0.57104;0.57104
k79_5289	2;1239;526524;526525;2810280;2678885;1982626	1.0;1.0;1.0;1.0;1.0;1.0;1.0
k79_78431	2;1239;186801;186802;216572;1263;2608920	0.99997;0.99951;0.99298;0.99087;0.57869;0.57866;0.57859
k79_17677	2;1239;526524;526525;2810280;2678885;1982626	0.99961;0.99961;0.99961;0.99961;0.99961;0.99961;0.99961
k79_54264	2;1239;186801;3082720;186804;214904;3036126	0.98353;0.98341;0.97582;0.97308;0.97308;0.97308;0.97308
k79_29372	2;976;200643;171549;815;909656;357276;997877	1.0;0.99926;0.99926;0.99926;0.7702;0.76977;0.76976;0.76976
k79_42305	2;1239;186801;3085636;186803;841;1261635	0.99993;0.99894;0.99851;0.99517;0.99517;0.75454;0.71733
k79_5292	2;74201;203494;48461;1647988;239934;239935	0.99458;0.56511;0.56511;0.56511;0.56511;0.56511;0.56511
k79_66249	2;976;200643;171549;815;816;818	1.0;0.99999;0.99999;0.99999;0.99997;0.99991;0.99707
k79_17682	2;1224;1236;135619;2066474;305899;1234143	1.0;0.99961;0.99961;0.99961;0.99961;0.99961;0.99961
k79_90204	2157;28890;183925;2158;2159;2172;2173;420247	1.0;1.0;1.0;1.0;1.0;1.0;1.0;1.0
k79_17684	2;1239;186801;3085636;186803;841;1261635	1.0;1.0;1.0;1.0;1.0;0.99998;0.99998
k79_78439	2;1239;186801;186802;216572;1263;657323	1.0;1.0;1.0;1.0;0.99988;0.99988;0.99988
k79_90208	2157;28890;183925;2158;2159;2172;2173;420247	1.0;1.0;1.0;1.0;1.0;1.0;0.99998;0.99998
k79_66256	2157;28890;183925;2158;2159;2172;2173;420247	0.81217;0.81217;0.81217;0.81217;0.81217;0.81217;0.81178;0.81178
k79_42317	2;976;200643;171549;2005525;375288;2951805	1.0;0.99985;0.99984;0.99984;0.89645;0.89645;0.8954
k79_17689	2;74201;203494;48461;1647988;239934;239935	1.0;1.0;1.0;1.0;1.0;1.0;1.0
k79_54265	2;976;200643;171549;815;816;820;997890	1.0;1.0;1.0;1.0;1.0;1.0;1.0;1.0
k79_5305	2;1239;186801;3085636;186803;572511;418240;1121115	1.0;1.0;1.0;1.0;1.0;1.0;1.0;1.0
k79_66264	2;976;200643;171549;815;816;820;997890	1.0;1.0;1.0;1.0;1.0;1.0;1.0;1.0
k79_78456	2;1239;186801;186802;216572;946234;292800	1.0;0.99744;0.98961;0.91225;0.91203;0.90716;0.90716
k79_29388	2;1239;526524;526525;2810280;2678885;1982626	1.0;1.0;1.0;1.0;1.0;1.0;1.0
k79_66270	2;1239;186801;3085636;186803;572511;418240;1121115	1.0;1.0;1.0;1.0;1.0;1.0;1.0;1.0
k79_17704	2;1239;186801;186802;216572;1263;2608920	0.99998;0.99991;0.99988;0.99986;0.99986;0.99984;0.99984
k79_29389	2;1239;526524;526525;2810280;2678885;1982626	1.0;1.0;1.0;1.0;1.0;1.0;1.0
k79_78462	2;1239;186801;186802;216572;1263;2608920	0.99999;0.99999;0.99999;0.99998;0.99998;0.99998;0.99997
k79_29390	2;1239;186801;3085636;186803;1766253;39491;657317	1.0;0.99154;0.98677;0.98677;0.98677;0.60977;0.60977;0.60973
k79_90221	2;1239;186801;3085636;186803;841;301301	1.0;1.0;1.0;1.0;1.0;0.99889;0.99889
k79_5312	2;1239;526524;526525;2810280;2678885;1982626	1.0;1.0;1.0;1.0;1.0;1.0;1.0
k79_78471	2;1239;186801;186802;216572;216851	0.99922;0.81315;0.80181;0.56579;0.56409;0.52385
k79_42331	2;976;200643;171549;815;816	1.0;0.99953;0.99951;0.99951;0.98395;0.66014
k79_66290	2;1239;1737404;1737405;1570339;543311;33033	0.99488;0.85581;0.70054;0.70054;0.70054;0.70054;0.70054
k79_17716	2;976;200643;171549;815;816;817;295405	0.99987;0.85067;0.85067;0.85064;0.85056;0.80857;0.80083;0.80083
k79_42335	2;976;200643;171549;815;909656;821	0.99887;0.75586;0.75471;0.75471;0.75174;0.56643;0.56643
k79_5329	2;1239;186801;3085636;186803;207244;649756;649757	1.0;1.0;1.0;1.0;1.0;0.99991;0.99991;0.99991
k79_54303	2;1239;186801;3085636;186803;1766253;39491;657318	0.99999;0.99996;0.99996;0.99995;0.99995;0.99971;0.99971;0.99961
k79_42349	2;1239;526524;526525;2810280;2678885;1982626	1.0;1.0;0.99999;0.99999;0.99999;0.99999;0.99999
k79_90233	2;1239;186801;3085636;186803;1766253;39491;657317	1.0;0.99995;0.99983;0.99982;0.99982;0.88488;0.88488;0.52402
k79_29405	2;976;200643;171549;815;816;818	1.0;0.99992;0.99992;0.99992;0.99958;0.99956;0.99955
k79_54307	2;1239;186801;3085636;186803;841;166486;718255	0.99997;0.99992;0.99988;0.99983;0.99983;0.99809;0.99809;0.99457
k79_5342	2;976;200643;171549;815;816;820;997890	1.0;1.0;1.0;1.0;1.0;1.0;1.0;1.0
k79_90235	2	0.57236
k79_54309	2;1239;186801;186802;31979;1485;1522	1.0;1.0;1.0;1.0;1.0;1.0;1.0
k79_5345	2;976;200643;171549;815;816;291644	1.0;1.0;1.0;1.0;1.0;1.0;0.99997
k79_17740	2;1239;186801;186802;31979;44258;2576307	1.0;0.99991;0.99991;0.99991;0.99991;0.99987;0.99987
k79_66308	2;1239;186801;186802;216572;1263;2608920	0.99991;0.90158;0.89397;0.87314;0.858;0.63339;0.60009
k79_29406	2;976;200643;171549;815;816;818	1.0;0.99992;0.99989;0.99989;0.99954;0.99515;0.99195
k79_17744	2;976;200643;171549;815;816	1.0;0.99983;0.99977;0.99952;0.99931;0.55723
k79_5353	2;976;200643;171549;815;816;820;997890	1.0;1.0;1.0;1.0;1.0;1.0;0.99997;0.99997
k79_17747	2;1239;186801;3085636;186803;1766253;39491	0.99989;0.87822;0.83504;0.53363;0.53363;0.52924;0.52924
k79_29410	2;976;200643;171549;815;816	0.99997;0.72947;0.71293;0.71293;0.5107;0.50982
k79_54325	2;976;200643;171549;815;816;820;997890	1.0;1.0;1.0;1.0;1.0;1.0;0.99995;0.99995
k79_5360	2;1239;186801;3085636;186803;1766253;39491;657317	1.0;1.0;1.0;1.0;1.0;1.0;1.0;0.99999
k79_54328	2;1239;526524;526525;2810280;2678885;1982626	0.99998;0.99972;0.99912;0.99912;0.99912;0.99912;0.99912
k79_90241	2;976;200643;171549;815;816;820;997890	1.0;0.99998;0.99998;0.99998;0.99998;0.99998;0.99998;0.99998
k79_17760	2;1239;91061;1385;186824;1677050;1471761	1.0;1.0;1.0;1.0;1.0;1.0;1.0
k79_66311	2;1239;186801;3085636;186803;2316020;46228;471875	1.0;0.99998;0.99998;0.99998;0.99998;0.99969;0.99959;0.99959
k79_66312	2;976;200643;171549;815;816;2763022	1.0;1.0;1.0;1.0;1.0;1.0;1.0
k79_78521	2;976;200643;171549;815;816;2528203	1.0;1.0;1.0;1.0;1.0;1.0;0.99954
k79_17770	2157;28890;183925;2158;2159;2172;2173;420247	1.0;1.0;1.0;1.0;1.0;1.0;0.99995;0.99995
k79_29418	2;1239;526524;526525;2810280;2678885;1982626	0.99967;0.69958;0.68314;0.68314;0.68309;0.68309;0.68309
k79_66320	2;1239;186801;3085636;186803;1766253;39491;657317	1.0;1.0;1.0;1.0;1.0;0.99951;0.99951;0.99916
k79_78524	2157;28890;183925;2158;2159;2172;2173;420247	1.0;1.0;1.0;1.0;1.0;1.0;0.99997;0.99997
k79_66324	2;1239;186801;3085636;186803;572511;418240;1121115	1.0;1.0;1.0;1.0;1.0;1.0;1.0;1.0
k79_5388	2;976;200643;171549;815;816;818	1.0;0.99994;0.99989;0.99989;0.99985;0.99829;0.99825
k79_90243	2;1239;186801;186802;31979;1485;1491	0.99989;0.99986;0.9993;0.99892;0.99862;0.99862;0.99856
k79_17782	2;1239;526524;526525;2810280;2678885;1982626	1.0;1.0;1.0;1.0;1.0;1.0;1.0
k79_5389	131567	0.96136
k79_42380	2;976;200643;171549;171550;239759;538949	0.94718;0.87536;0.8617;0.86169;0.538;0.538;0.51847
k79_29426	2;1239;186801;3085636;186803;2316020;46228;471875	0.99998;0.99981;0.99959;0.99937;0.99937;0.78829;0.78749;0.78749
k79_90249	2157;28890;183925;2158;2159;2172;2173;420247	1.0;1.0;1.0;1.0;1.0;1.0;0.99975;0.99975
k79_90254	2;976;200643;171549;815;909656;357276;997877	1.0;0.98501;0.98473;0.98473;0.98465;0.77762;0.70639;0.70639
k79_54353	2;976;200643;171549;815;816;820;997890	1.0;1.0;1.0;1.0;1.0;1.0;0.99997;0.99997
k79_66349	2;1239;186801;3085636;186803;28050;39485;515620	1.0;1.0;1.0;1.0;1.0;1.0;1.0;1.0
k79_17788	2759;7711;40674;9443;9604;9605;9606	0.58916;0.58916;0.58916;0.58916;0.58916;0.58916;0.58916
k79_90260	2;1239;186801;3085636;186803;841	0.9952;0.98572;0.88925;0.86282;0.86282;0.7066
k79_54355	2157;28890;183925;2158;2159;2172;2173;420247	0.98962;0.98962;0.98962;0.98962;0.98962;0.98962;0.98863;0.98863
k79_42396	2;1239;526524;526525;2810280;2678885;1982626	1.0;1.0;1.0;1.0;1.0;1.0;1.0
k79_66363	2;1239;186801;3085636;186803;572511;418240;1121115	1.0;1.0;1.0;1.0;1.0;1.0;1.0;1.0
k79_29461	2;1783272	0.99982;0.99962
k79_29463	2;1239;186801;3085636;186803;1766253;39491;657317	1.0;1.0;1.0;1.0;1.0;0.99997;0.99997;0.99856
k79_54376	2;976;200643;171549;815;816;291645	1.0;1.0;1.0;1.0;1.0;1.0;1.0
k79_66370	2;1239;186801;186802;216572;1263;2608920	0.99999;0.99999;0.99999;0.99997;0.99997;0.9997;0.99969
k79_78553	2157;28890;183925;2158;2159;2172;2173;420247	1.0;1.0;1.0;1.0;1.0;1.0;1.0;1.0
k79_5427	2;1239;186801;3085636;186803;841;166486;657315	1.0;1.0;1.0;1.0;1.0;0.99989;0.99986;0.98965
k79_29472	2;1239;91061;186826;1300;1301;150055	1.0;1.0;0.99999;0.99999;0.99999;0.99999;0.99999
k79_54381	2;1239;186801;3085636;186803;2569097;39488	1.0;1.0;1.0;1.0;1.0;0.99999;0.99999
k79_42402	2;1239;186801;3085636;186803;1766253;39491;657318	1.0;1.0;1.0;1.0;1.0;1.0;1.0;0.70288
k79_17806	2;1239;186801;3085636;186803;841;301301	0.99964;0.99964;0.99964;0.99962;0.99962;0.99962;0.99918
k79_29475	2;976;200643;171549;815;816;820;997890	1.0;1.0;1.0;1.0;1.0;1.0;1.0;1.0
k79_78560	131567	0.98241
k79_90278	2;1239;186801;186802;216572;1263;2608920	0.99999;0.99752;0.99609;0.99558;0.99554;0.99554;0.99554
k79_78562	2;1239;186801;186802;31979;1485;411486	1.0;1.0;0.99991;0.99951;0.99923;0.99923;0.99923
k79_5444	2;1239;186801;3085636;186803;841;1261635	0.99988;0.99975;0.72546;0.72526;0.72526;0.71946;0.71896
k79_66395	2;1239;186801;186802;216572;2892397;2714358	1.0;0.97786;0.97525;0.97203;0.97203;0.84412;0.84412
k79_29479	2;976;200643;171549;815;816;820;997890	1.0;0.99995;0.99986;0.99986;0.99593;0.99593;0.9943;0.9943
k79_42416	2;1239;186801;186802;216572;1263;2608920	1.0;1.0;1.0;0.99999;0.99999;0.99998;0.99994
k79_5446	2;1239;526524;526525;2810280;2678885;1982626	1.0;1.0;1.0;1.0;1.0;1.0;1.0
k79_78568	2157;28890;183925;2158;2159;2172;2173;420247	0.93666;0.93666;0.93666;0.93666;0.93666;0.93664;0.93526;0.93526
k79_54397	2;1239;186801;3085636;186803	0.99996;0.99277;0.99205;0.97352;0.97352
k79_17824	2;1239;186801;3085636;186803;2316020;46228;471875	1.0;1.0;1.0;1.0;1.0;1.0;1.0;1.0
k79_42420	2;976;200643;171549;815;816	0.99996;0.99352;0.97903;0.96538;0.96184;0.75041
k79_90281	2;976;200643;171549;815;816;820;997890	1.0;0.99981;0.99981;0.99981;0.99978;0.99977;0.98746;0.98746
k79_90283	2;1239;186801;3085636;186803;2316020;46228;471875	1.0;0.99998;0.99998;0.99998;0.99998;0.99987;0.99987;0.99987
k79_78569	2;1239;526524;526525;2810280;3025755;1547	1.0;1.0;0.99972;0.99972;0.99972;0.99972;0.99972
k79_29486	2;976;200643;171549;815;909656;357276;997877	1.0;1.0;1.0;1.0;0.99999;0.99985;0.99984;0.99984
k79_5460	2;1239;186801;3085636;186803;3076670;3028070	1.0;0.99841;0.99838;0.99752;0.99752;0.99727;0.99727
k79_54415	2157;28890;183925;2158;2159;2172;2173;420247	1.0;1.0;1.0;1.0;1.0;1.0;1.0;1.0
k79_90291	2;1239;186801;186802;186806;1730;39496	1.0;1.0;1.0;1.0;1.0;1.0;1.0
k79_5463	2;976;200643;171549;171552;2974251;165179	1.0;1.0;1.0;1.0;0.99999;0.99999;0.99999
k79_29489	2;1239;186801;3085636;186803;572511;418240;1121115	1.0;1.0;1.0;1.0;1.0;1.0;1.0;1.0
k79_66421	2;1239;186801;186802;216572;1263;2608920	0.99886;0.99847;0.99779;0.99611;0.99573;0.9957;0.99477
k79_78583	2;1239;186801;186802;216572;2892396;2714355	1.0;0.99701;0.99701;0.99677;0.99677;0.99478;0.99477
k79_90293	2157;28890;183925;2158;2159;2160;176306	0.99997;0.99997;0.99997;0.99997;0.99997;0.99997;0.99997
k79_5466	2;1239;186801;186802;31979;1485;1501;86416	1.0;0.99993;0.99982;0.99979;0.99978;0.99978;0.96416;0.96416
k79_42442	2;1239;526524;526525;2810280;2678885;1982626	0.99998;0.99984;0.99736;0.99736;0.99735;0.99735;0.99735
k79_5469	2;1239;526524;526525;2810280;2678885;1982626	0.99998;0.99998;0.99997;0.99997;0.99997;0.99997;0.99997
k79_54428	2;976;200643;171549;815;909656;821	0.99582;0.80415;0.80414;0.80413;0.80331;0.68965;0.68965
k79_29504	2;1239;186801;186802;216572;216851;853;657322	1.0;0.9993;0.9992;0.84079;0.83581;0.83538;0.70908;0.689
k79_29506	2;976;200643;171549;815;816;820;997890	1.0;1.0;1.0;1.0;1.0;1.0;0.99994;0.99994
k79_17850	2157;28890;183925;2158;2159;2172;2173;420247	1.0;1.0;1.0;1.0;1.0;1.0;1.0;1.0
k79_29510	2;976;200643;171549;815;816;2528203	1.0;0.99874;0.5992;0.5992;0.58778;0.58774;0.55697
k79_5473	2759;7711;40674;9443;9604;9605;9606	0.95842;0.95842;0.95842;0.95842;0.95842;0.95842;0.95842
k79_66431	2;1239;186801;186802;216572;2892396;2714355	1.0;0.99951;0.99942;0.99942;0.99941;0.99926;0.99926
k79_90321	2;1239;186801;186802;216572;1263;2608920	1.0;0.96445;0.94922;0.9485;0.87599;0.87521;0.87437
k79_42457	2157;28890;183925;2158;2159;2172;2173;420247	1.0;1.0;1.0;1.0;1.0;1.0;0.99983;0.99983
k79_66433	2;976;200643;171549;171552;2974251;165179	1.0;1.0;1.0;1.0;0.99999;0.99999;0.99999
k79_54440	2;1783272	0.99994;0.9994
k79_17858	2;1239;186801;3085636;186803;2316020;46228;471875	1.0;1.0;1.0;1.0;1.0;1.0;1.0;1.0
k79_78591	2;976;200643;171549;815;816;820;997890	0.99988;0.99974;0.99974;0.99974;0.89725;0.89725;0.89368;0.89368
k79_42463	2;1239;909932;1843488;909930;33024;33025	0.99995;0.99994;0.99987;0.99987;0.99987;0.99987;0.99987
k79_78594	2;1239;526524;526525;2810280;2678885;1982626	1.0;1.0;1.0;1.0;1.0;1.0;1.0
k79_17861	2;976;200643;171549;815;816;820;997890	1.0;1.0;1.0;1.0;1.0;1.0;0.99995;0.99995
k79_5487	2;976;200643;171549;815;909656;357276;997877	0.99997;0.98386;0.98383;0.98383;0.95549;0.89961;0.89916;0.89916
k79_54450	2;1239;909932;1843488;909930;33024;33025	0.9999;0.99842;0.99735;0.99735;0.99735;0.99735;0.99735
k79_66444	2;1239;526524;526525;2810280;2678885;1982626	0.99913;0.999;0.99787;0.99787;0.99787;0.99786;0.99786
k79_78599	2;976;117747;200666;84566;423349;398053	0.99998;0.9733;0.97327;0.97327;0.97327;0.97327;0.97327
k79_90332	2;976;200643;171549;815;816;818	1.0;0.99999;0.99998;0.99998;0.99996;0.99697;0.99687
k79_42466	2157;28890;183925;2158;2159;2172;2173;420247	1.0;1.0;1.0;1.0;1.0;1.0;1.0;1.0
k79_54455	2;1239;526524;526525;2810280;2678885;1982626	0.99977;0.99977;0.99976;0.99976;0.99976;0.99976;0.99976
k79_78602	2;1239;186801;3085636;186803;2316020;46228;471875	1.0;1.0;1.0;1.0;1.0;1.0;1.0;1.0
k79_17877	2;1239;186801;3085636;186803;189330;88431	0.99996;0.9999;0.99965;0.9996;0.9996;0.99897;0.99897
k79_29525	2;976;200643;171549;815;816;818	0.99657;0.9847;0.98432;0.98431;0.97711;0.97461;0.84252
k79_78608	2;1239;909932;1843488;909930;33024;33025	1.0;1.0;1.0;1.0;1.0;1.0;1.0
k79_66459	2;976;200643;171549;815;816;820;997890	1.0;1.0;1.0;1.0;1.0;1.0;1.0;1.0
k79_5506	2;976;200643;171549;815;816	1.0;0.99993;0.99993;0.99991;0.99751;0.51031
k79_54462	2157;28890;183925;2158;2159;2172;2173;420247	1.0;1.0;1.0;1.0;1.0;1.0;0.99999;0.99999
k79_90347	2;1239;186801;186802;216572;1263;2608920	1.0;1.0;0.99999;0.99309;0.99309;0.99309;0.99308
k79_29529	2;1239;186801;186802;216572;2591381;2093857	1.0;0.9997;0.99969;0.99969;0.99969;0.99965;0.99965
k79_78612	2;1239;186801;186802;216572;1263;1160721	0.99998;0.9908;0.99063;0.98184;0.98182;0.9817;0.98142
k79_17882	2;1239;186801;3085636;186803;572511;418240;1121115	1.0;1.0;1.0;0.99997;0.99997;0.99997;0.99997;0.99997
k79_5511	2;1239;186801;3085636;186803;572511;418240;1121115	1.0;0.99998;0.99991;0.99975;0.99975;0.99969;0.99969;0.99969
k79_54475	2;976;200643;171549;2005525;375288;823;999416	1.0;1.0;1.0;1.0;1.0;1.0;1.0;1.0
k79_78619	2157;28890;183925;2158;2159;2172;2870563	0.99986;0.99986;0.99986;0.99986;0.99986;0.99986;0.99984
k79_90354	2;1239;526524;526525;2810280;2678885;1982626	1.0;1.0;0.99999;0.99999;0.99999;0.99999;0.99999
k79_17893	2;976;200643;171549;815;909656;821	1.0;1.0;1.0;1.0;1.0;0.99998;0.99998
k79_29533	2;1239;186801;186802;216572;1263;2608920	1.0;1.0;1.0;1.0;1.0;0.99999;0.99999
k79_42467	2;1239;186801;186802;216572;1263;2608920	0.9996;0.99927;0.9992;0.89758;0.89631;0.89554;0.89521
k79_5522	2;1239;186801;3085636;186803;1766253;39491;657317	1.0;1.0;1.0;1.0;1.0;0.99998;0.99998;0.57534
k79_29539	2;976;200643;171549;815;816;820;997890	1.0;1.0;1.0;1.0;1.0;1.0;1.0;1.0
k79_5524	2;1239;186801;186802;186806;1730;39496	0.99993;0.99992;0.99992;0.99984;0.99982;0.99982;0.99982
k79_42471	2;976;200643;171549;815;909656;376805;667015	1.0;0.99891;0.99851;0.99848;0.98991;0.95455;0.92186;0.92186
k79_5526	2;1239;186801	0.52763;0.52506;0.50554
k79_78631	2;976;200643;171549;815;816;818	1.0;1.0;1.0;1.0;1.0;0.99995;0.99994
k79_66488	131567	0.99997
k79_17900	2;1239;186801;3085636;186803;2316020;46228;471875	1.0;1.0;1.0;1.0;1.0;1.0;1.0;1.0
k79_29549	2;976;200643;171549;171550;239759;328813;2585117	1.0;0.9999;0.9999;0.9999;0.99989;0.99989;0.99944;0.99944
k79_66490	2;976;200643;171549;815;816;820;997890	1.0;1.0;0.99998;0.99998;0.99998;0.99998;0.99932;0.99932
k79_17903	2;1239;91061;1385;186817;2005375;1667239	1.0;1.0;0.99992;0.99992;0.99992;0.99992;0.99992
k79_90372	2;1239;186801	0.97723;0.7767;0.52528
k79_78633	2;1239;186801;186802;216572;1263;2608920	1.0;0.99999;0.99995;0.99995;0.99994;0.99994;0.99994
k79_54486	2;976;200643;171549;815;909656;821	0.99988;0.95907;0.95898;0.95888;0.90371;0.81383;0.79683
k79_66494	2;1239;186801;3085636;186803;841	1.0;0.98913;0.97529;0.92066;0.92066;0.70222
k79_29554	2;976;200643;171549;815;816;820;997890	1.0;1.0;1.0;1.0;1.0;1.0;1.0;1.0
k79_17911	2157;28890;183925;2158;2159;2172;2173;420247	1.0;1.0;1.0;1.0;1.0;1.0;1.0;1.0
k79_66496	2;976;200643;171549;815;909656;821	1.0;0.99888;0.99883;0.99871;0.95182;0.84456;0.8443
k79_90377	2;1224;28216;80840;75682;846;2946593	1.0;0.99999;0.99999;0.99999;0.99999;0.99999;0.99999
k79_29557	2;976;200643;171549;815;816;820;997890	1.0;1.0;1.0;1.0;1.0;1.0;1.0;1.0
k79_17917	2;1239;186801;3085636;186803;572511;418240;1121115	1.0;1.0;1.0;1.0;1.0;1.0;1.0;1.0
k79_66502	2;1239;91061;1385;186817;1386;1839798	0.99982;0.80521;0.7029;0.6903;0.69025;0.68053;0.67925
k79_42494	2157;28890;183925;2158;2159;2172;2173;420247	1.0;1.0;1.0;1.0;1.0;1.0;1.0;1.0
k79_17919	2157;28890;183925;2158;2159;2172;2173;420247	0.99981;0.99981;0.99981;0.99981;0.99981;0.99981;0.9998;0.9998
k79_5551	2;976;200643;171549;815;816;820;997890	0.99988;0.98939;0.98928;0.98928;0.98885;0.98882;0.98797;0.98797
k79_90388	2;1239;186801;3085636;186803;1766253;39491;657318	1.0;1.0;1.0;1.0;1.0;1.0;1.0;0.99979
k79_66507	2;1239;186801;3085636;186803;572511;418240;1121115	1.0;1.0;1.0;0.99999;0.99999;0.99995;0.99995;0.99995
k79_54508	2;976;200643;171549;815;816	0.99999;0.99876;0.99874;0.99874;0.99801;0.9797
k79_78634	2;1224;28211;204457;41297;165696;2780074	1.0;0.9998;0.99979;0.99979;0.99979;0.99979;0.99979
k79_5556	2;976;200643;171549;815;816;46506;449673	1.0;1.0;1.0;1.0;1.0;1.0;0.99962;0.99962
k79_66510	2;1239;186801;3085636;186803;841;166486;657315	1.0;1.0;1.0;1.0;1.0;0.99999;0.99997;0.98921
k79_17928	2;976;200643;171549;2005525;375288;823;999416	0.99912;0.99275;0.99133;0.99132;0.8995;0.8995;0.89937;0.89937
k79_90393	2;200940	0.99923;0.59719
k79_78642	2;1239;186801;3085636;186803;1766253;39491;657317	1.0;1.0;1.0;1.0;1.0;1.0;1.0;0.91838
k79_66518	2;1239;186801;3085636;186803;572511;40520;657314	1.0;0.99999;0.99999;0.99999;0.99999;0.99944;0.99944;0.99941
k79_29580	2;1239;526524;526525;2810280;2678885;1982626	1.0;1.0;0.99999;0.99999;0.99999;0.99999;0.99999
k79_90396	131567	0.99998
k79_5557	2157;28890;183925;2158;2159;2172;2173;420247	1.0;1.0;1.0;1.0;1.0;1.0;1.0;1.0
k79_90399	2;976;200643;171549;815;816;820;997890	1.0;1.0;1.0;1.0;1.0;1.0;0.99999;0.99999
k79_29584	2;1239;186801;3085636;186803;2316020;46228;471875	1.0;0.99996;0.99994;0.99994;0.99994;0.91147;0.91145;0.91145
k79_42505	2;1239;186801;3085636;186803;33042;410072	1.0;1.0;1.0;0.99999;0.99999;0.98914;0.98914
k79_66526	2;976;200643;171549;815;816;817;997879	1.0;1.0;1.0;1.0;0.99984;0.99937;0.99937;0.99936
k79_5568	2;1239;186801;3085636;186803;572511;418240;1121115	0.99967;0.99961;0.99927;0.98881;0.98881;0.82666;0.53766;0.53766
k79_66531	2;976;200643;171549	0.99969;0.56556;0.56405;0.56376
k79_42510	2;1239;186801;3085636;186803;2316020;33039;657313	1.0;1.0;1.0;1.0;1.0;1.0;1.0;1.0
k79_17950	2157;28890;183925;2158;2159;2172;2173;420247	1.0;1.0;1.0;1.0;1.0;1.0;1.0;1.0
k79_66537	2;1239;186801;186802;216572;2591381;2093857	1.0;0.78962;0.78957;0.70401;0.70354;0.58751;0.58751
k79_42514	2;976;200643;171549;815;816;820;997890	1.0;1.0;1.0;1.0;0.99999;0.99999;0.99797;0.99797
k79_78651	2;1239;526524;526525;2810280;2678885;1982626	1.0;1.0;1.0;1.0;1.0;1.0;1.0
k79_29594	2;1239;909932;1843488;909930;33024;33025	1.0;1.0;1.0;1.0;1.0;1.0;1.0
k79_42515	2;1239;186801;3085636;186803;33042;410072	1.0;1.0;1.0;0.99763;0.99763;0.99712;0.99712
k79_17956	2;1239;526524;526525;2810280;2678885;1982626	1.0;1.0;1.0;1.0;1.0;1.0;1.0
k79_54554	2;1239;186801;3085636;186803;572511;418240;1121115	1.0;1.0;1.0;1.0;1.0;1.0;1.0;1.0
k79_66547	2;976;200643;171549;815;816;2715212	0.99243;0.96898;0.96897;0.96897;0.96641;0.7634;0.75018
k79_90430	2;1239;186801;3085636;186803;2316020;46228;471875	1.0;1.0;1.0;1.0;1.0;0.99974;0.99963;0.99963
k79_42521	2;1239;186801;186802;216572;2892396;2714355	1.0;0.99595;0.99537;0.99358;0.99337;0.50458;0.50406
k79_5571	2157;28890;183939;2182;2183;2184;39152;402880	0.99992;0.99992;0.99992;0.99992;0.99992;0.99992;0.99992;0.99992
k79_17961	2;976;200643;171549;815;816;820;997890	1.0;1.0;1.0;1.0;1.0;1.0;0.99638;0.99638
k79_66553	2;1239;186801;186802;31979;1485	0.99498;0.93996;0.82416;0.78842;0.7879;0.78788
k79_54563	2;1239;186801;3085636;186803;572511;418240;1121115	1.0;1.0;1.0;1.0;1.0;1.0;1.0;1.0
k79_42527	2;976;200643;171549;815;909656;376805;667015	1.0;1.0;1.0;1.0;1.0;0.99846;0.99824;0.99824
k79_29600	2157;28890;183925;2158;2159;2172;2173;420247	1.0;1.0;1.0;1.0;1.0;1.0;0.99791;0.99791
k79_66560	2;1239;186801;186802;216572;1263;2608920	1.0;0.99998;0.99997;0.99996;0.99974;0.99974;0.9994
k79_90440	2;976;200643;171549;815;816;820;997890	1.0;1.0;1.0;1.0;1.0;1.0;0.99995;0.99995
k79_78654	2;1239;526524;526525;2810280;2678885;1982626	1.0;0.99999;0.99987;0.99987;0.99987;0.99987;0.99987
k79_29601	2;1239;186801;3085636;186803;572511;418240;1121115	1.0;1.0;1.0;1.0;1.0;0.97343;0.97207;0.97207
k79_90442	2;976;200643;171549;815;816;820;997890	1.0;1.0;1.0;1.0;1.0;1.0;0.99987;0.99987
k79_5580	2;976;200643;171549;815;816;820;997890	1.0;0.99982;0.99979;0.99979;0.72938;0.729;0.72801;0.72801
k79_54578	2;1239;186801;186802;216572;216851;853;718252	1.0;0.99993;0.99993;0.99991;0.99956;0.99954;0.99484;0.99483
k79_78655	2;1239;186801;186802;31979;1485;1155388	1.0;1.0;0.99962;0.99962;0.99962;0.99962;0.99962
k79_17966	2;1239;186801;3085636;186803;572511;418240;1121115	1.0;1.0;1.0;1.0;1.0;1.0;0.99999;0.99999
k79_29610	2;1239;186801;3085636;186803;572511;418240;1121115	1.0;1.0;1.0;1.0;1.0;0.99998;0.99998;0.99998
k79_17967	2;1239;186801;3085636;186803;2944193;2763672	1.0;0.99962;0.99845;0.6241;0.6241;0.62107;0.62107
k79_90456	2;1239;186801;186802;216572;1263;2608920	1.0;1.0;1.0;0.99999;0.99999;0.99999;0.99998
k79_5586	2759;7711;40674;9443;9604;9605;9606	0.9996;0.9996;0.9996;0.9996;0.9996;0.9996;0.9996
k79_66581	2;976;200643;171549;815;816;817;295405	1.0;1.0;0.99998;0.99998;0.99998;0.99996;0.99996;0.99996
k79_17975	2;1239;526524;526525;2810280;2678885;1982626	1.0;0.99999;0.99998;0.99998;0.99998;0.99998;0.99998
k79_42552	2;976;200643;171549;815;816;28119	1.0;1.0;1.0;1.0;1.0;1.0;0.99999
k79_66586	2;1239;526524;526525;2810280;2678885;1982626	1.0;1.0;1.0;1.0;1.0;1.0;1.0
k79_78657	2157;28890;183925;2158;2159;2172;2173;420247	0.99996;0.99996;0.99996;0.99996;0.99996;0.99996;0.99929;0.99929
k79_90463	2;1239;186801;186802;216572;1263;2608920	1.0;1.0;0.99999;0.99999;0.99999;0.99999;0.9998
k79_42554	2;976;200643;171549;2005525;375288;823;999416	0.9999;0.93973;0.93879;0.93878;0.93859;0.93859;0.93858;0.93858
k79_42557	2;1239;909932;1843488;909930;33024;33025	1.0;1.0;1.0;1.0;1.0;1.0;1.0
k79_54593	2;1117;3028117;3079744;1890429;155977;155978;329726	1.0;0.98271;0.98271;0.98271;0.98271;0.98271;0.98271;0.98271
k79_29624	2;976;200643;171549;815;816;820;997890	1.0;1.0;1.0;1.0;1.0;1.0;1.0;1.0
k79_42562	2;976;200643;171549;815;909656;821	1.0;1.0;1.0;1.0;1.0;1.0;1.0
k79_90475	2;1239;909932;1843488;909930;33024;33025	1.0;1.0;0.99992;0.99992;0.99992;0.99992;0.99992
k79_5593	2;1239;186801;3085636;186803;572511;40520;411459	1.0;1.0;0.99997;0.99996;0.99996;0.99927;0.99924;0.9986
k79_29629	2;1239;186801;186802;216572;216851;853;718252	1.0;0.99999;0.99999;0.99992;0.99992;0.99991;0.99916;0.99888
k79_66603	2;1239;186801;186802;216572;1263;2608920	1.0;0.99998;0.99995;0.99991;0.99991;0.9999;0.99989
k79_5595	2;1239;186801;3085636;186803;841;166486;657315	0.99999;0.99984;0.99921;0.99861;0.99861;0.96192;0.91216;0.90581
k79_42575	2;1239;186801;3085636;186803;1766253;39491;657318	1.0;1.0;1.0;1.0;1.0;1.0;1.0;0.99818
k79_66608	2;1224;28216;80840;75682;846;2946593	1.0;0.53926;0.53891;0.53891;0.5389;0.5389;0.5389
k79_29641	2;1239;526524;526525;2810280;2678885;1982626	0.99999;0.99951;0.99896;0.99896;0.99896;0.99896;0.99896
k79_17992	2;976;200643;171549;815;816;820;997890	1.0;1.0;1.0;1.0;1.0;1.0;0.99989;0.99989
k79_66609	2;1239;186801;3085636;186803;572511;418240;1121115	1.0;1.0;1.0;1.0;1.0;1.0;1.0;1.0
k79_54598	2;1239;186801;186802;31979;1485;1520	1.0;1.0;1.0;1.0;1.0;1.0;1.0
k79_17997	2;1239;186801;3085636;186803;572511;89014	1.0;0.99915;0.99915;0.98209;0.98209;0.77923;0.7613
k79_54599	2;1239;909932;1843488;909930;33024;33025	1.0;1.0;1.0;1.0;1.0;1.0;1.0
k79_90482	2;1239;186801;3085636;186803;1766253;39491;657317	1.0;0.99998;0.99997;0.99997;0.99997;0.99925;0.99925;0.68548
k79_42580	2;1239;186801;3085636;186803;2569097;39488	0.99983;0.9998;0.97644;0.9365;0.9365;0.92392;0.92392
k79_54601	2;1239;186801;186802;216572;1263;2608920	0.99999;0.99998;0.99996;0.99996;0.99906;0.99906;0.99903
k79_66620	2;976;200643;171549;815;816;820;997890	1.0;1.0;1.0;1.0;1.0;1.0;1.0;1.0
k79_90485	2;1239;186801;186802;216572;1263;2608920	1.0;0.99999;0.99998;0.99995;0.99995;0.99995;0.99994
k79_5597	2;1239;186801;186802;216572;1263;2608920	1.0;1.0;1.0;0.99999;0.99999;0.99997;0.99993
k79_29654	2;1239;1737404;1737405;1570339;543311;33033	0.99811;0.99709;0.73184;0.73184;0.73184;0.73184;0.73184
k79_29657	2;1239;186801;3085636;186803;572511;418240;1121115	1.0;1.0;1.0;1.0;1.0;1.0;1.0;1.0
k79_90490	2;976;200643;171549;815;816;820;997890	1.0;0.99999;0.99999;0.99999;0.99999;0.99999;0.99995;0.99995
k79_42590	2;1239;186801;186802;216572;1263;2608920	0.99998;0.99982;0.99981;0.99963;0.99961;0.99958;0.99949
k79_90494	2;976;200643;171549;815;816;2792859	0.99999;0.99999;0.99999;0.99999;0.99999;0.99999;0.99999
k79_66625	2157;28890;183925;2158;2159;2172;2173;420247	1.0;1.0;1.0;1.0;1.0;1.0;1.0;1.0
k79_90495	2;1239;186801;3085636;186803;33042;410072	1.0;1.0;1.0;1.0;1.0;0.99978;0.99978
k79_18027	2157;28890;183925;2158;2159;2172;2173;420247	1.0;1.0;1.0;1.0;1.0;1.0;1.0;1.0
k79_66630	2;1239;186801;3085636;186803;1766253;39491;657317	1.0;0.99999;0.99998;0.99998;0.99998;0.93343;0.93343;0.93161
k79_54613	2;1239;186801;3085636;186803	1.0;0.99999;0.99929;0.99927;0.99927
k79_42600	2;1239;526524;526525;2810280;2678885;1982626	1.0;1.0;1.0;1.0;1.0;1.0;1.0
k79_18029	2;1239;526524;526525;2810280;2678885;1982626	1.0;1.0;0.99998;0.99998;0.99998;0.99998;0.99998
k79_90504	2;1239;186801;3085636;186803;841;1261635	1.0;1.0;1.0;1.0;1.0;1.0;1.0
k79_42601	2;1783272	1.0;0.99987
k79_66643	2;976;200643;171549;815;816;820;997890	1.0;1.0;1.0;1.0;1.0;1.0;1.0;1.0
k79_66644	2;1239;186801;3085636;186803;2316020;33039;657313	1.0;1.0;1.0;0.99996;0.99996;0.9999;0.9999;0.9999
k79_29665	2;1239;186801;3085636;186803;1766253;39491;657318	1.0;1.0;1.0;1.0;1.0;1.0;1.0;0.99934
k79_18043	2;976;200643;171549;815;816;47678;997873	1.0;0.99595;0.99595;0.99594;0.99592;0.99547;0.97297;0.97297
k79_42610	2;1239;186801;186802;31979;1485;1491	0.99866;0.76499;0.72225;0.6133;0.60774;0.60773;0.59178
k79_5619	2;1239;909932;1843488;909930;33024;33025	1.0;0.99999;0.99999;0.99999;0.99999;0.99999;0.99999
k79_66653	2157;28890;183925;2158;2159;2172;2173;420247	1.0;1.0;1.0;1.0;1.0;1.0;1.0;1.0
k79_78713	2;1224;1236;1706369;1706373;48073;252514	1.0;0.91559;0.91558;0.91058;0.91058;0.91058;0.91058
k79_29678	2;1239;186801;3085636;186803;2316020;46228;471875	1.0;1.0;1.0;1.0;1.0;0.99987;0.99987;0.99987
k79_54627	2;1783272	0.99819;0.99769
k79_78715	2;976;200643;171549;815;816;820;997890	1.0;1.0;1.0;1.0;1.0;1.0;1.0;1.0
k79_29681	2;1239;909932;1843488;909930;33024;33025	1.0;1.0;1.0;1.0;1.0;1.0;1.0
k79_5622	131567	0.99647
k79_90525	2;976;200643;171549;815;816;820;997890	1.0;0.99998;0.99998;0.99998;0.99998;0.99998;0.99997;0.99997
k79_42624	2;1239;526524;526525;2810280;2678885;1982626	1.0;1.0;1.0;1.0;1.0;1.0;1.0
k79_90526	2157;28890;183925;2158;2159;2172;2173;420247	0.99986;0.99986;0.99986;0.99986;0.99986;0.99986;0.99986;0.99986
k79_5627	2;1239;186801;3085636;186803;2316020;46228;471875	1.0;0.99999;0.99996;0.99996;0.99996;0.9987;0.99868;0.99868
k79_42626	2;976;200643;171549;815;816;820;997890	1.0;1.0;1.0;1.0;1.0;1.0;1.0;1.0
k79_90530	2157;28890;183925;2158;2159;2172;2173;420247	1.0;1.0;1.0;1.0;1.0;1.0;0.99965;0.99965
k79_42630	2;1239;186801;3085636;186803;1766253;39491;657318	1.0;1.0;1.0;1.0;1.0;0.99994;0.99994;0.9999
k79_5634	2;1239;186801;3085636;186803;33042;410072	1.0;1.0;1.0;1.0;1.0;0.9999;0.9999
k79_42634	2;1239;186801;3085636;186803;572511;418240;1121115	1.0;1.0;1.0;1.0;1.0;1.0;0.99999;0.99999
k79_90540	2;1239;186801;3085636;186803;1766253;39491;657317	1.0;1.0;1.0;1.0;1.0;1.0;1.0;0.99999
k79_42639	2;976;200643;171549;815;816;817;295405	1.0;0.99999;0.99999;0.99999;0.99993;0.99935;0.60927;0.60927
k79_66678	2;1239;186801;3085636;186803;572511;418240;1121115	1.0;1.0;1.0;0.99999;0.99999;0.99943;0.99943;0.99943
k79_18065	2;1239;186801;3085636;186803;1766253;39491;657317	1.0;1.0;1.0;1.0;1.0;0.99998;0.99998;0.85504
k79_66679	2;1239;186801;3085636;186803	0.99863;0.99821;0.99809;0.99726;0.99726
k79_42647	2;1239;91061;186826;186827;89092;89093	1.0;1.0;0.99969;0.99969;0.99969;0.99969;0.99969
k79_18068	2;1239;186801;3085636;186803;2316020;33039;657313	1.0;1.0;1.0;1.0;1.0;1.0;1.0;1.0
k79_90553	2;1239;186801;3085636;186803;572511;418240;1121115	1.0;1.0;1.0;1.0;1.0;0.99975;0.99974;0.99974
k79_5663	2157;28890;183925;2158;2159;2172;2173;420247	1.0;1.0;1.0;1.0;1.0;1.0;1.0;1.0
k79_18071	2;976;200643;171549;815;816;820;997890	1.0;1.0;0.99996;0.99996;0.99996;0.99994;0.9978;0.9978
k79_66688	2;1239;186801;186802;216572;1263;2608920	1.0;1.0;0.99998;0.99998;0.99998;0.99998;0.99961
k79_78736	2759;7711;40674;9443;9604;9605;9606	0.97124;0.97124;0.97124;0.97124;0.97124;0.97124;0.97124
k79_42651	2;1239;186801;186802;216572;2304691;1510	1.0;1.0;1.0;1.0;1.0;1.0;1.0
k79_54690	2;1239;526524;526525;2810280;2678885;1982626	0.99999;0.99998;0.99998;0.99998;0.99997;0.99997;0.99997
k79_90574	2;1783272	1.0;1.0
k79_42656	2157;28890;183925;2158;2159;2172;2173;420247	1.0;1.0;1.0;1.0;1.0;1.0;1.0;1.0
k79_29720	2;1239;186801;3085636;186803;2316020;46228;471875	0.99991;0.99791;0.97367;0.96078;0.96077;0.64868;0.64865;0.64865
k79_66693	2157;28890;183925;2158;2159;2172;2173;420247	0.99986;0.99986;0.99986;0.99986;0.99986;0.99986;0.99979;0.99979
k79_90578	2;976;200643;171549;815;816;674529	1.0;0.99999;0.99999;0.99999;0.99998;0.99995;0.99989
k79_5674	2;1783272	1.0;0.99986
k79_29728	2;976;200643;171549;815;816;162156	1.0;1.0;1.0;1.0;1.0;0.99998;0.99997
k79_78746	2157;28890;183925;2158;2159;2172;2173;420247	1.0;1.0;1.0;1.0;1.0;1.0;1.0;1.0
k79_42663	2;1239;186801;3085636;186803;572511;418240;1121115	1.0;1.0;1.0;1.0;1.0;1.0;1.0;1.0
k79_66698	2;1239;186801;186802;31979;1485;1497	0.99332;0.97798;0.97749;0.97598;0.96502;0.96502;0.95913
k79_29738	2;1239;186801;3085636;186803;572511;418240;1121115	1.0;1.0;1.0;1.0;1.0;1.0;1.0;1.0
k79_78756	2;976;200643;171549;815;816;820;997890	1.0;0.99999;0.99999;0.99999;0.99999;0.99999;0.99995;0.99995
k79_78757	2;976;200643;171549;815;816;290053;693979	1.0;1.0;1.0;1.0;1.0;1.0;1.0;1.0
k79_78758	2;1239;186801;3085636;186803;1766253;39491;657317	1.0;1.0;1.0;1.0;1.0;0.99954;0.99954;0.96077
k79_29749	2;976;200643;171549;2005525;375288;823;999416	1.0;0.99985;0.99985;0.99985;0.99974;0.99974;0.99974;0.99974
k79_5678	2157;28890;183925;2158;2159;2172;2173;420247	1.0;1.0;1.0;1.0;1.0;1.0;1.0;1.0
k79_78761	2;976;200643;171549;815;816;291644	1.0;1.0;1.0;1.0;0.99978;0.99978;0.99976
k79_42669	2;1239;526524;526525;2810280;2678885;1982626	1.0;0.99996;0.99994;0.99994;0.99991;0.99991;0.99991
k79_90593	2;976;200643;171549;815;816;820;997890	1.0;1.0;1.0;1.0;1.0;1.0;1.0;1.0
k79_54696	2;976;200643;171549;815;816;820;997890	1.0;1.0;1.0;1.0;1.0;1.0;1.0;1.0
k79_78768	2;1239;186801;186802;31979;1485;1534	1.0;1.0;1.0;1.0;1.0;1.0;1.0
k79_42681	2;1239;186801;186802;216572;1263;1160721	1.0;1.0;1.0;1.0;1.0;1.0;1.0
k79_18093	2;976;200643;171549;815;816;820;997890	1.0;1.0;1.0;1.0;1.0;0.99999;0.99996;0.99996
k79_54703	2;1239;186801;3085636;186803;1769710;1653434	1.0;1.0;1.0;1.0;1.0;0.99999;0.99999
k79_90603	2;1239;186801;186802;31979;1485;1491	0.84428;0.79107;0.78914;0.7863;0.78193;0.78184;0.5006
k79_5688	2;1239;186801;3085636;186803;841;166486;718255	1.0;1.0;1.0;1.0;1.0;0.99997;0.99992;0.93852
k79_42698	2;1239;186801;186802;216572;1263;2564099	1.0;1.0;1.0;1.0;1.0;1.0;0.99995
k79_78783	2;1239;909932;1843488;909930;33024;33025	0.99997;0.99995;0.99973;0.99973;0.99973;0.99973;0.99973
k79_42700	2;1239;526524;526525;128827;3059504;2944914	1.0;1.0;0.99999;0.99999;0.99991;0.99991;0.99991
k79_5700	2;1239;526524;526525;2810280;2678885;1982626	0.99708;0.99707;0.99707;0.99707;0.99707;0.99707;0.99707
k79_29796	2;1239;186801;3085636;186803;33042;410072	1.0;1.0;0.99999;0.99998;0.99998;0.99645;0.99645
k79_78793	2;1239;186801;186802;216572;216851;411483	1.0;1.0;1.0;1.0;1.0;0.99999;0.99999
k79_42706	2;976;200643;171549;815;816;2785531	1.0;0.99999;0.99999;0.99999;0.99999;0.99999;0.97855
k79_42707	2;1239;186801;3085636;186803;1766253;39491;657318	1.0;1.0;1.0;1.0;1.0;0.99992;0.99992;0.99977
k79_29801	2;976;200643;171549;815;909656;387090	1.0;1.0;1.0;1.0;1.0;1.0;1.0
k79_42710	2;1239;186801;186802;186806;1730;53442	1.0;0.99999;0.99999;0.99995;0.99995;0.99995;0.99995
k79_18111	2;1239;91061;186826;33958;1578;1604	1.0;1.0;0.99999;0.99999;0.99999;0.99999;0.99999
k79_5705	2;976;200643;171549;815;816;2646097	1.0;0.99996;0.99996;0.99996;0.99994;0.99994;0.99994
k79_42715	2;1239;186801;186802;186806;1730;39496	1.0;1.0;1.0;1.0;1.0;1.0;1.0
k79_5706	2;1239;186801;3085636;186803;841;1261635	0.99998;0.99934;0.9993;0.97803;0.97803;0.70897;0.69441
k79_66754	2;976;200643;171549;815;909656;821	1.0;0.99992;0.99992;0.99992;0.99056;0.99047;0.99029
k79_42716	2;1239;186801;3085636;186803;33042;410072	1.0;1.0;1.0;1.0;1.0;0.99993;0.99993
k79_5709	2;976;200643;171549;815;909656;821	1.0;0.99954;0.99954;0.99954;0.99935;0.99783;0.99752
k79_29802	2;1239;186801	0.99954;0.52254;0.52037
k79_66760	2;1239;186801;186802;216572;1263;1160721	1.0;1.0;1.0;1.0;1.0;1.0;1.0
k79_78795	2;1239;526524;526525;2810280;2678885;1982626	1.0;1.0;0.99997;0.99997;0.99997;0.99997;0.99997
k79_42721	2;976;200643;171549;815;816;820;997890	1.0;1.0;1.0;1.0;1.0;1.0;1.0;1.0
k79_5711	2;1239;186801;3085636;186803;33042;116085	1.0;0.99999;0.99999;0.99999;0.99999;0.98766;0.98766
k79_29805	2;1239;526524;526525;2810280;2678885;1982626	1.0;1.0;1.0;1.0;1.0;1.0;1.0
k79_29806	2;976;200643;171549;815;909656;387090	1.0;0.99991;0.99978;0.99978;0.99977;0.99955;0.99951
k79_18134	2;1239;186801;3085636;186803;2316020;33038	1.0;0.99996;0.99996;0.99995;0.99995;0.99021;0.99021
k79_42729	2;1239;186801;3085636;186803;572511;418240;1121115	1.0;1.0;1.0;1.0;1.0;1.0;1.0;1.0
k79_5721	2;1239;186801;186802;216572;1263;1160721	0.99913;0.99728;0.99575;0.99151;0.9915;0.99132;0.99126
k79_78812	2;976;200643;171549;815;816;820;997890	1.0;0.99846;0.99832;0.99832;0.93878;0.88427;0.8467;0.8467
k79_42734	2;1117;3028117;1890424;2881426;1218;1219;93060	1.0;1.0;1.0;1.0;1.0;1.0;1.0;1.0
k79_78813	2;1239;186801;3085636;186803;572511;40520;657314	1.0;0.99945;0.94391;0.8975;0.89549;0.54389;0.52533;0.51764
k79_18151	2;1239;526524;526525;2810280;2678885;1982626	1.0;1.0;1.0;1.0;0.99999;0.99999;0.99999
k79_78816	2;1239;186801;186802;216572;1263;2608920	0.99986;0.99704;0.9916;0.99135;0.9909;0.99086;0.99085
k79_18155	2;1239;186801;186802;31979;1485;411486	0.99997;0.9996;0.99942;0.96174;0.92103;0.92103;0.92072
k79_54752	2157;28890;183925;2158;2159;2172;2173;420247	1.0;1.0;1.0;1.0;1.0;1.0;1.0;1.0
k79_42743	2;1239;186801;3085636;186803;841;1261635	0.99983;0.75422;0.75343;0.75283;0.75275;0.53564;0.50086
k79_78824	2;1239;186801;3085636;186803;572511;418240;1121115	1.0;1.0;1.0;1.0;1.0;1.0;1.0;1.0
k79_18159	2;1224;28211;356;335928;99;223390	1.0;0.99997;0.99997;0.99997;0.99997;0.99997;0.99997
k79_66781	2;1239;186801;3085636;186803;841;301301	0.99999;0.99999;0.99998;0.99983;0.99983;0.99975;0.99962
k79_78825	2;976;200643;171549;815;816;820;997890	1.0;1.0;1.0;1.0;1.0;1.0;0.99811;0.99811
k79_5735	2157;28890;183925;2158;2159;2172;2173;420247	1.0;1.0;1.0;1.0;1.0;1.0;1.0;1.0
k79_42758	2157;28890;183925;2158;2159;2172;2173;420247	1.0;1.0;1.0;1.0;1.0;1.0;1.0;1.0
k79_66783	2;1239;186801;3082720;186804;1501226;1507512	1.0;0.99999;0.99999;0.99999;0.99999;0.99999;0.99999
k79_78834	2;1224;28211;204457;41297;13687;1609977	1.0;0.99994;0.99994;0.99994;0.99994;0.99994;0.99994
k79_90659	2;1239;186801;186802;216572;1263;2608920	1.0;0.99999;0.99999;0.99999;0.99999;0.99999;0.99998
k79_18170	2;1239;186801;186802;216572;2038676;3070656	1.0;1.0;1.0;1.0;1.0;0.99951;0.99951
k79_42759	2;1239;186801;3085636;186803;1766253;39491;657318	1.0;1.0;1.0;1.0;1.0;0.99994;0.99994;0.99976
k79_54753	2;1239;186801;3085636;186803;33042;410072	0.99989;0.99989;0.99989;0.99968;0.99968;0.99344;0.99344
k79_78835	2;1239;186801;3085636;186803;33042;410072	1.0;1.0;0.99999;0.99994;0.99994;0.98988;0.98988
k79_66790	2;1239;186801;3085636;186803;572511;89014	1.0;1.0;1.0;0.99998;0.99998;0.99998;0.99968
k79_42768	2;976;200643;171549;815;816;820;997890	1.0;1.0;1.0;1.0;1.0;1.0;0.99999;0.99999
k79_5739	2;1239;186801;3085636;186803;2569097;39488	1.0;1.0;1.0;1.0;1.0;0.99996;0.99996
k79_42770	2;976;200643;171549;815;816;820;997890	1.0;1.0;1.0;1.0;0.99997;0.99997;0.99945;0.99945
k79_5745	2;1239;186801;3085636;186803;207244;649756;649757	1.0;1.0;0.99999;0.99996;0.99996;0.99996;0.99996;0.99996
k79_54767	2;74201;203494;48461;1647988;239934;239935	1.0;1.0;1.0;1.0;1.0;1.0;1.0
k79_18184	2157;28890;183925;2158;2159;2172;2173;420247	0.99999;0.99999;0.99999;0.99999;0.99999;0.99999;0.99976;0.99976
k79_29837	2;1239;91061;1385;186817;1386;1396;526969	1.0;1.0;1.0;1.0;1.0;1.0;1.0;1.0
k79_78858	2;976;200643;171549;815;816;817;295405	0.99999;0.9979;0.99634;0.99633;0.99624;0.99477;0.72262;0.7222
k79_5751	2;1239;186801;3085636;186803;841;166486;718255	1.0;0.99999;0.99999;0.99999;0.99999;0.99994;0.99986;0.99594
k79_18188	2;1239;526524;526525;2810280;2678885;1982626	1.0;1.0;1.0;1.0;1.0;1.0;1.0
k79_29841	2;1239;186801;3085636;186803;572511;40520;657314	1.0;1.0;1.0;1.0;1.0;0.99999;0.99999;0.99999
k79_66800	2;1239;186801;186802;216572;2591381;2093857	1.0;0.99989;0.99989;0.99975;0.99975;0.99946;0.99946
k79_18190	2;1239;186801;186802;31979;1485;1522	1.0;0.99995;0.96434;0.96431;0.95892;0.95892;0.95892
k79_42788	2157;28890;183925;2158;2159;2172;2870563	0.99866;0.99866;0.99866;0.99866;0.99866;0.99866;0.99858
k79_5756	2;976;200643;171549;815;816;820;997890	1.0;1.0;1.0;1.0;1.0;1.0;1.0;1.0
k79_42790	2;976;200643;171549;815;816;820;997890	1.0;1.0;1.0;1.0;1.0;1.0;0.99994;0.99994
k79_54769	2;1239;186801;186802;216572;1263;2608920	0.99999;0.99997;0.99997;0.99997;0.99997;0.99997;0.99844
k79_42791	2;1239;186801;3085636;186803;1766253;39491;657317	1.0;0.99999;0.99999;0.99999;0.99999;0.99994;0.99994;0.95085
k79_90680	2;1239;526524;526525;2810280;2678885;1982626	1.0;1.0;1.0;1.0;1.0;1.0;1.0
k79_18198	2;1239;186801;3085636;186803;2316020;46228;471875	0.99967;0.97695;0.95363;0.95217;0.95215;0.59152;0.59062;0.59062
k79_54773	2;1239;186801;3085636;186803;2316020;46228;471875	1.0;1.0;1.0;1.0;1.0;1.0;1.0;1.0
k79_42800	2;1239;909932;1843488;909930;33024;33025	1.0;1.0;1.0;1.0;1.0;1.0;1.0
k79_42804	2;1239;186801;3085636;186803;28050;39485;515620	1.0;1.0;1.0;1.0;1.0;1.0;1.0;1.0
k79_5774	2;1239;186801;3085636;186803;841;166486;718255	1.0;1.0;1.0;1.0;1.0;1.0;1.0;0.99946
k79_18211	2;1239;186801;186802;31979;1485;1522	1.0;1.0;0.9999;0.99989;0.99989;0.99989;0.99989
k79_66816	2;976;200643;171549;815;909656;387090	1.0;0.99996;0.99995;0.99995;0.99985;0.99976;0.9996
k79_5777	2;1239;526524;526525;2810280;2678885;1982626	1.0;1.0;1.0;1.0;1.0;1.0;1.0
k79_78881	2;976;200643;171549;815;816;162156	1.0;0.99965;0.99962;0.9996;0.99952;0.95723;0.9491
k79_66818	2;1239;186801;186802;216572;1263;2608920	1.0;1.0;1.0;0.99998;0.99998;0.99998;0.99998
k79_90691	2;1239;186801;3085636;186803;572511;418240;1121115	1.0;1.0;1.0;1.0;1.0;1.0;1.0;1.0
k79_78883	2;976;200643;171549;815;816;47678;997873	0.99928;0.99885;0.99781;0.99781;0.98973;0.95673;0.73845;0.73845
k79_54784	2;32066;203490;203491;203492;848;1583098	1.0;1.0;1.0;1.0;1.0;1.0;1.0
k79_54786	2;1224;1236;91347;1903412;568;569	1.0;1.0;1.0;1.0;1.0;1.0;1.0
k79_54787	2;1239;186801;3085636;186803;1766253;39491;657318	1.0;0.99995;0.99995;0.99995;0.99995;0.99991;0.99991;0.84822
k79_66825	2;1239;909932;1843488;909930;33024;33025	1.0;1.0;1.0;1.0;1.0;1.0;1.0
k79_5792	2;1239;186801;186802;216572;1263;2608920	1.0;0.99956;0.96848;0.96759;0.96673;0.9667;0.96594
k79_54789	2;976;117743;200644;49546;225842;2686363	1.0;1.0;1.0;1.0;1.0;1.0;1.0
k79_18241	2157;28890;183925;2158;2159;2172;2173;420247	0.61609;0.61609;0.61609;0.61609;0.61609;0.61609;0.61543;0.61543
k79_66834	2157;28890;183925;2158;2159;2172;2173;420247	1.0;1.0;1.0;1.0;1.0;1.0;1.0;1.0
k79_42838	2;1239;186801;3085636;186803;572511;418240;1121115	0.99997;0.99908;0.99799;0.99731;0.99731;0.69081;0.67717;0.67717
k79_5804	2;1239;909932;1843488;909930;33024;33025	1.0;1.0;0.99999;0.99999;0.99999;0.99999;0.99999
k79_90706	2;976;200643;171549;815;909656;357276;997877	1.0;1.0;1.0;1.0;1.0;0.99625;0.99624;0.99624
k79_54806	2;1239;526524;526525;2810280;2678885;1982626	1.0;0.99999;0.99998;0.99998;0.99997;0.99997;0.99997
k79_18257	2;1239;186801;3085636;186803;2569097;39488	1.0;1.0;1.0;1.0;1.0;0.99956;0.99956
k79_78897	2;976;200643;171549;815;816;329854	1.0;1.0;1.0;1.0;1.0;1.0;0.99988
k79_66851	2;1239;909932;1843488;909930;33024;33025	1.0;1.0;1.0;1.0;1.0;1.0;1.0
k79_42859	2	0.99319
k79_18263	2157;28890;183925;2158;2159;2172;2173;420247	1.0;1.0;1.0;1.0;1.0;1.0;1.0;1.0
k79_66855	2;976;200643;171549;815;816;46506;449673	1.0;1.0;1.0;1.0;1.0;0.99994;0.99972;0.99972
k79_42866	2;1239;186801;3085636;186803;1766253;39491;657317	1.0;0.99982;0.99957;0.99902;0.99902;0.96565;0.96565;0.92872
k79_18270	2;976;200643;171549;815;909656;821	1.0;1.0;1.0;1.0;1.0;0.99999;0.99999
k79_66858	2157;28890;183925;2158;2159;2172;2173;420247	1.0;1.0;1.0;1.0;1.0;1.0;1.0;1.0
k79_78914	2;976;200643;171549;815;816;820;997890	1.0;1.0;1.0;1.0;1.0;1.0;1.0;1.0
k79_18271	2;976;117743;200644;49546;1016;1316596	1.0;1.0;0.99999;0.99999;0.99999;0.99999;0.99999
k79_5837	2;1239;909932;1843488;909930;33024;33025	1.0;1.0;1.0;1.0;1.0;1.0;1.0
k79_42873	2759;7711;40674;9443;9604;9605;9606	0.99991;0.99991;0.99991;0.99991;0.99991;0.99991;0.99991
k79_42874	2;1239;186801;3085636;186803;189330;88431	1.0;0.99988;0.99971;0.99967;0.99967;0.59069;0.59069
k79_90727	2;976;200643;171549;815;816;820;997890	1.0;1.0;1.0;1.0;1.0;1.0;1.0;1.0
k79_42881	2;976;200643;171549;815;909656;821	1.0;1.0;1.0;1.0;1.0;1.0;1.0
k79_42882	2;200940;3031651;3031668;213422;2651583;2740185	1.0;0.57345;0.57314;0.57314;0.57314;0.57314;0.57314
k79_54823	2;976;117743;200644;49546;143222;270918	1.0;1.0;0.99867;0.99867;0.99867;0.99867;0.99867
k79_78923	2;1239;186801;3085636;186803;572511;1796616	1.0;1.0;0.99998;0.99998;0.99998;0.99989;0.99989
k79_66894	2;976;200643;171549;815;816;818	0.99999;0.96535;0.96417;0.96417;0.58596;0.58589;0.58351
k79_42895	2157;28890;183925;2158;2159;2172;2173;420247	1.0;1.0;1.0;1.0;1.0;1.0;0.99999;0.99999
k79_42900	2;1239;186801;3085636;186803;33042;410072	1.0;1.0;1.0;1.0;1.0;0.99993;0.99993
k79_5857	2759;7711;40674;9443;9604;9605;9606	0.99323;0.99323;0.99323;0.99323;0.99323;0.99323;0.99323
k79_90744	2;976;200643;171549;815;816;1796613	1.0;1.0;1.0;1.0;1.0;1.0;1.0
k79_66914	2;976;200643;171549;815;816;2715212	1.0;1.0;1.0;1.0;0.99994;0.99993;0.99991
k79_54848	2;976;200643;171549;815;816;820;997890	1.0;0.99999;0.99997;0.99997;0.9999;0.99877;0.97772;0.97772
k79_66923	2;1239;186801;3085636;186803	0.99974;0.99955;0.99953;0.99941;0.99941
k79_18300	2;1239;91061;1385;186817;2800373;412384	1.0;1.0;0.99997;0.99997;0.99997;0.99997;0.99997
k79_5876	2;1239;909932;1843488;909930;33024;33025	1.0;1.0;1.0;1.0;1.0;1.0;1.0
k79_54851	2;201174;1760;85004;31953;1678;1680	1.0;0.99994;0.99994;0.99994;0.99994;0.99994;0.99994
k79_66930	2;1239	0.99878;0.74812
k79_54857	2;976;200643;171549;815;816;291645	1.0;1.0;1.0;1.0;1.0;1.0;0.99989
k79_29854	2759;7711;40674;9443;9604;9605;9606	0.99985;0.99985;0.99985;0.99985;0.99985;0.99985;0.99985
k79_18314	2157;28890;183925;2158;2159;2172;2173;420247	1.0;1.0;1.0;1.0;1.0;1.0;1.0;1.0
k79_42937	2;1239;186801;3085636;186803;572511;418240;1121115	1.0;1.0;1.0;1.0;1.0;1.0;1.0;1.0
k79_5892	2;1239;186801;3085636;186803;1766253;39491;657317	1.0;0.99999;0.99999;0.99999;0.99999;0.99999;0.99999;0.99998
k79_29855	2;1239;186801;3085636;186803;572511;418240;1121115	1.0;1.0;1.0;1.0;1.0;0.99997;0.99995;0.99995
k79_42938	2;1239;526524;526525;2810280;3025755;1547	0.99999;0.9999;0.99953;0.99953;0.99953;0.99952;0.99952
k79_66949	2;976;200643;171549;171552;2974251;165179	1.0;1.0;1.0;1.0;1.0;1.0;1.0
k79_29863	2;1239;186801;3085636;186803;1766253;39491;657317	0.99999;0.99992;0.99992;0.99992;0.99992;0.99769;0.99769;0.99681
k79_90761	2;1239;909932;1843488;909930;33024;33025	1.0;1.0;1.0;1.0;1.0;1.0;1.0
k79_78940	2157;28890;183925;2158;2159;2172;2173;420247	1.0;1.0;1.0;1.0;1.0;1.0;1.0;1.0
k79_5907	2;1239;186801;3085636;186803;1766253;39491;657318	1.0;0.99995;0.99995;0.99995;0.99995;0.99994;0.99994;0.97336
k79_18324	2;1239;186801;3085636;186803;207244;649756;649757	1.0;1.0;1.0;1.0;1.0;1.0;1.0;1.0
k79_29879	2;1239;526524;526525;2810280;2678885;1982626	1.0;1.0;1.0;1.0;1.0;1.0;1.0
k79_42942	2;976;200643;171549;2005525;375288;823;999416	1.0;1.0;1.0;1.0;1.0;1.0;1.0;1.0
k79_5908	2;976;200643;171549;815;816;820;997890	1.0;1.0;1.0;1.0;1.0;1.0;1.0;1.0
k79_78959	2;976;200643;171549;815;816;817;997879	1.0;1.0;1.0;1.0;0.99998;0.99995;0.99993;0.99993
k79_66968	2;1239;186801;3085636;186803;1766253;39491;657317	1.0;1.0;1.0;1.0;1.0;1.0;1.0;0.99999
k79_66972	2;1239;186801;3085636;186803;1766253;39491;657317	1.0;0.99999;0.99999;0.99992;0.99992;0.99992;0.99992;0.99749
k79_66974	2;1239;91061;186826;1300;1301;82348	1.0;1.0;1.0;1.0;1.0;1.0;1.0
k79_90775	2;976;200643;171549;815;816;820;997890	1.0;0.99997;0.99994;0.99994;0.9894;0.93282;0.90748;0.90748
k79_54888	2759;7711;40674;9443;9604;9605;9606	0.8553;0.8553;0.8553;0.8553;0.8553;0.8553;0.8553
k79_5933	131567	0.67922
k79_78968	2;1239;526524;526525;2810280;2678885;1982626	0.97831;0.77473;0.77216;0.77216;0.77209;0.76911;0.76911
k79_18334	2;1239;186801;3085636;186803	0.99992;0.99754;0.9963;0.99362;0.99362
k79_90783	2;976;200643;171549;815;909656;821	1.0;1.0;1.0;1.0;0.99931;0.94628;0.94628
k79_5941	2;1239;186801;186802;216572;1263;2608920	0.92076;0.92068;0.92004;0.91969;0.91954;0.91954;0.91857
k79_18335	2;1239;186801;3085636;186803;572511;418240;1121115	1.0;1.0;1.0;1.0;1.0;0.99999;0.99999;0.99999
k79_18337	2;1239;186801;3085636;186803;33042;410072	1.0;1.0;1.0;1.0;1.0;0.99956;0.99956
k79_42969	2;1239;186801;3085636;186803;830;185008	0.95656;0.67328;0.67148;0.65959;0.65959;0.60828;0.60828
k79_5948	2;976;200643;171549;815;816;820;997890	1.0;1.0;1.0;1.0;1.0;1.0;0.99997;0.99997
k79_42971	2;1239;186801;3085636;186803;2944193;2763672	1.0;1.0;1.0;0.9999;0.9999;0.9999;0.9999
k79_42972	2;1239;526524;526525;2810280;2678885;1982626	1.0;1.0;1.0;1.0;1.0;1.0;1.0
k79_18349	2;1239;526524;526525;2810280;2678885;1982626	1.0;1.0;1.0;1.0;1.0;1.0;1.0
k79_42975	2;976;200643;171549;815;816;28111	1.0;0.99997;0.99995;0.99805;0.99804;0.99111;0.69456
k79_66994	2;1239;186801;3085636;186803;2944193;2763672	1.0;1.0;1.0;1.0;1.0;1.0;1.0
k79_5953	2;1239;186801;186802;31979;1485;1494	1.0;0.99999;0.99998;0.99998;0.99998;0.99998;0.99932
k79_42978	2;1239;186801;3085636;186803;2316020;33038	1.0;1.0;1.0;0.99999;0.99999;0.99996;0.99996
k79_5957	2;1239;186801;186802;216572;1263;2608920	1.0;1.0;1.0;1.0;1.0;1.0;1.0
k79_90808	2;1239;186801;3085636;186803;1766253;39491;657317	1.0;1.0;1.0;1.0;1.0;1.0;1.0;0.99443
k79_29906	2;1224;1236;91347;1903414;583;585	1.0;1.0;1.0;1.0;1.0;1.0;1.0
k79_18374	2;1239;526524;526525;2810280;2678885;1982626	1.0;1.0;1.0;1.0;1.0;1.0;1.0
k79_78990	2;1239;91061;1385;186817;1386;1839798	0.99998;0.99607;0.98741;0.98741;0.98738;0.98723;0.98718
k79_18384	2;1239;526524;526525;2810280;2678885;1982626	0.99949;0.99948;0.99939;0.99939;0.99939;0.99939;0.99939
k79_5981	2;976;200643;171549;815;909656;821	1.0;1.0;1.0;1.0;1.0;1.0;1.0
k79_42985	2;976;200643;171549;2005525;375288;823;999416	1.0;1.0;0.99992;0.99992;0.99962;0.99962;0.99959;0.99959
k79_90811	2;976;200643;171549;815;909656;357276;997877	1.0;0.99952;0.99952;0.99952;0.99949;0.75426;0.75426;0.75426
k79_5985	2;1239;186801;186802;216572;2834348;2994078	1.0;1.0;1.0;1.0;1.0;1.0;1.0
k79_18391	2;1239;186801;3085636;186803;1766253;39491;657317	1.0;1.0;1.0;1.0;1.0;1.0;1.0;0.99996
k79_54914	2;976;200643;171549;815;816;162156	1.0;1.0;1.0;1.0;0.99998;0.99997;0.99958
k79_29910	2;976;200643;171549;815;816;2650157	0.99891;0.63382;0.63382;0.63382;0.6213;0.62066;0.6188
k79_67005	2;1239;186801;186802;216572;1263;2608920	1.0;1.0;1.0;1.0;1.0;1.0;0.99979
k79_5991	2;1239;186801;186802;216572;216851;2929490	1.0;0.99998;0.99998;0.99998;0.99998;0.99998;0.99995
k79_18407	2;1239;186801;3085636;186803;1766253;39491;657317	1.0;1.0;1.0;1.0;1.0;1.0;1.0;0.96178
k79_79008	2;1239;186801;186802;216572;1263;2608920	0.99953;0.97194;0.97037;0.90882;0.90795;0.90596;0.90595
k79_42992	2;1239;186801;3085636;186803;207244;649756;649757	1.0;1.0;1.0;1.0;1.0;1.0;1.0;1.0
k79_90831	2;976;200643;171549;2005525;375288;2951805	0.99999;0.99993;0.99993;0.99993;0.99913;0.99913;0.99913
k79_6008	2;1239;186801;3085636;186803;1766253;39491;657318	1.0;1.0;0.99999;0.99997;0.99997;0.99939;0.99939;0.99832
k79_29930	2;976;200643;171549;815;816;820;997890	1.0;1.0;1.0;1.0;1.0;1.0;0.99999;0.99999
k79_54919	2157;28890;183925;2158;2159;2172;2173;420247	1.0;1.0;1.0;1.0;1.0;1.0;0.99999;0.99999
k79_90836	2;976;200643;171549;815;816;820;997890	0.99997;0.99934;0.99918;0.99918;0.99917;0.99917;0.98467;0.98467
k79_29933	2	0.78024
k79_29937	2157;28890;183925;2158;2159;2172;2173;420247	0.99998;0.99998;0.99998;0.99998;0.99998;0.99998;0.99997;0.99997
k79_18421	2;976;200643;171549;815;909656;387090	1.0;0.99999;0.99999;0.99999;0.99999;0.99997;0.99996
k79_18422	2;1239;186801;3085636;186803;572511;418240;1121115	1.0;1.0;1.0;1.0;1.0;0.99997;0.99996;0.99996
k79_6021	2;1239;186801;3085636;186803;572511;418240;1121115	0.99999;0.99997;0.99995;0.99993;0.99993;0.99951;0.88827;0.88827
k79_79029	2;1239;186801;186802;216572;1263;2608920	1.0;1.0;1.0;1.0;1.0;1.0;1.0
k79_18431	2;1239;186801;3085636;186803;2316020;33039;657313	1.0;1.0;1.0;1.0;1.0;0.98993;0.98992;0.98992
k79_29947	2;1239;526524;526525;2810280;2678885;1982626	1.0;1.0;1.0;1.0;1.0;1.0;1.0
k79_90850	2157;28890;183925;2158;2159;2172;2173;420247	1.0;1.0;1.0;1.0;1.0;1.0;1.0;1.0
k79_29953	2;976;200643;171549;815;816;820;997890	1.0;1.0;1.0;1.0;1.0;1.0;0.99997;0.99997
k79_90857	2;1239;186801;186802;31979;1485;1522	1.0;0.99999;0.99999;0.99995;0.99992;0.99992;0.99992
k79_18442	2;1239;186801;186802;216572;1263;2608920	0.99996;0.99971;0.99967;0.67195;0.67167;0.56577;0.5628
k79_54952	2;1239;186801;186802;186806;1730;39496	1.0;1.0;1.0;1.0;1.0;1.0;1.0
k79_29956	2;1239;186801;3085636;186803;1766253;39491;657318	1.0;1.0;1.0;1.0;1.0;1.0;1.0;0.97913
k79_18445	2;1239;1737404;1737405;1570339;543311;33033	1.0;1.0;0.99685;0.99685;0.99685;0.99685;0.99685
k79_43011	2;976;200643;171549;815;816;820;997890	1.0;1.0;1.0;1.0;1.0;1.0;1.0;1.0
k79_6030	2;976;200643;171549;815;909656;376805;667015	1.0;0.99996;0.99996;0.99996;0.99996;0.99996;0.99996;0.99996
k79_90881	2;1239;186801;3085636;186803;1766253;39491;657318	1.0;1.0;1.0;0.99998;0.99998;0.99973;0.99973;0.53113
k79_67050	2;1239;186801;186802;216572;1263;2608920	1.0;1.0;1.0;0.99996;0.99987;0.99987;0.99984
k79_18467	2;976;200643;171549;815;816;2528203	1.0;1.0;1.0;1.0;0.99999;0.99999;0.99929
k79_79045	2;1239;186801;186802;216572;1263;2608920	1.0;1.0;1.0;1.0;0.99993;0.99993;0.99992
k79_43019	2;976;200643;171549;815;816;371601;657309	1.0;0.99972;0.99971;0.99971;0.99971;0.99945;0.99925;0.99925
k79_18473	2;1239;186801;186802;216572;1263;1160721	1.0;1.0;1.0;1.0;1.0;1.0;1.0
k79_6050	2;976;200643;171549;815;909656;387090	1.0;0.99998;0.99998;0.99998;0.99998;0.99995;0.99995
k79_43025	2;1239;186801;3085636;186803;841;166486;657315	1.0;1.0;1.0;1.0;1.0;0.99996;0.99991;0.99947
k79_18474	2;1239;186801;3085636;186803;1766253;39491;657317	1.0;1.0;1.0;1.0;1.0;1.0;1.0;0.99908
k79_30003	2;1239;186801;3085636;186803;1766253;39491;657317	1.0;1.0;1.0;1.0;1.0;1.0;1.0;0.99912
k79_30004	2;1239;186801;3085636;186803;207244;649756;649757	1.0;1.0;1.0;1.0;1.0;1.0;1.0;1.0
k79_30005	2;1239;186801;3085636;186803;572511;418240;1121115	1.0;1.0;1.0;1.0;1.0;0.99998;0.99998;0.99998
k79_30006	2157;28890;183925;2158;2159;2172;2173;420247	1.0;1.0;1.0;1.0;1.0;1.0;1.0;1.0
k79_30007	2;1239;186801;186802;3082771;1738645;3030017	1.0;1.0;1.0;0.99946;0.99945;0.99945;0.99945
k79_54974	2;1239;186801;3085636;186803;2316020;33038	1.0;1.0;1.0;1.0;1.0;0.99998;0.99998
k79_18497	2;976;200643;171549;815;816;291644	1.0;1.0;1.0;1.0;1.0;1.0;0.99756
k79_6076	2;976;200643;171549;171550;239759;328814;717959	1.0;0.99996;0.99996;0.99996;0.99996;0.99996;0.99996;0.99996
k79_54976	2;1239;91061;1385;186817;2675233;2567941	1.0;1.0;1.0;1.0;1.0;1.0;1.0
k79_67071	2;1239;186801;3085636;186803;841;301301	1.0;0.99993;0.99986;0.9998;0.9998;0.91099;0.91041
k79_43029	2;1239;186801;186802;31979;1485;36745	0.9977;0.99706;0.98813;0.80625;0.79341;0.79341;0.64936
k79_43031	2;976;200643;171549;171552;838;28133	1.0;1.0;1.0;1.0;1.0;1.0;0.99991
k79_54985	2;200795;32061;3139175;3139177;3139173;3003348	0.99999;0.99745;0.99745;0.99745;0.99745;0.99745;0.99745
k79_30022	2;1239;186801;186802;216572;1263;2608920	0.99999;0.99998;0.99998;0.99995;0.99994;0.99994;0.9998
k79_79075	2;1239;186801;3085636;186803;1766253;39491;657317	1.0;0.99875;0.9978;0.99647;0.99647;0.96671;0.96671;0.69838
k79_6088	2;976;200643;171549;2005525;375288;823;999416	1.0;0.99999;0.99999;0.99999;0.99999;0.99999;0.99999;0.99999
k79_54989	2;1239;186801;3085636;186803;572511;418240;1121115	1.0;1.0;1.0;1.0;1.0;1.0;1.0;1.0
k79_67075	2;1239;186801;186802;186806;1730;2841528	1.0;1.0;1.0;1.0;0.99999;0.99999;0.99999
k79_18517	2;1239;186801;3085636;186803;189330;88431	1.0;1.0;1.0;0.99999;0.99999;0.9995;0.9995
k79_6089	131567	0.90753
k79_6090	2;1239;186801;3085636;186803;572511;418240;1121115	1.0;1.0;1.0;1.0;1.0;0.99999;0.99998;0.99998
k79_18518	2;1239;526524;526525;2810280;2678885;1982626	1.0;1.0;1.0;1.0;1.0;1.0;1.0
k79_54995	2;1239;526524;526525;2810280;2678885;1982626	1.0;0.99884;0.9936;0.9936;0.9936;0.9936;0.9936
k79_67085	2;1239;186801;186802;216572;1263;2608920	1.0;1.0;0.99996;0.99994;0.99994;0.99994;0.99925
k79_43045	2;976;200643;171549;815;909656;821	1.0;0.99998;0.99998;0.99998;0.99998;0.99988;0.99988
k79_6099	2;976;200643;171549;815;816;820;997890	1.0;0.99507;0.99507;0.99507;0.99505;0.99504;0.99491;0.99491
k79_79087	2;976;200643;171549;815;816;820;997890	1.0;1.0;1.0;1.0;1.0;1.0;1.0;1.0
k79_90919	2;976;200643;171549;815;816;2650157	0.99891;0.75585;0.75574;0.75574;0.75491;0.75491;0.75462
k79_90922	2	0.53552
k79_55014	2;1239;186801;186802;216572;1263;2608920	1.0;1.0;1.0;0.99996;0.99996;0.99995;0.99994
k79_67096	2;1239;186801;3085636;186803;572511;40520;657314	1.0;1.0;1.0;1.0;1.0;1.0;1.0;1.0
k79_55016	2;1239;186801;3085636;186803;572511;418240;1121115	1.0;1.0;1.0;1.0;1.0;1.0;0.99997;0.99997
k79_30052	131567	0.99978
k79_6121	2;1239;526524;526525;2810280;2678885;1982626	0.99995;0.99991;0.9999;0.9999;0.9999;0.9999;0.9999
k79_67097	2;976;117743;200644;49546;1518147;1790137	1.0;1.0;0.99999;0.99999;0.99999;0.99999;0.99999
k79_55019	2;1239;186801;3085636;186803;207244;649756;649757	1.0;0.99999;0.99999;0.99999;0.99999;0.99999;0.99999;0.99999
k79_55020	2;1239;186801;3085636;186803;33042;410072	1.0;1.0;1.0;1.0;1.0;1.0;1.0
k79_18555	2;976;200643;171549;815;816;820;997890	1.0;1.0;1.0;1.0;1.0;1.0;0.99999;0.99999
k79_43047	2;976;200643;171549;815;816;820;997890	1.0;1.0;1.0;1.0;1.0;1.0;0.99998;0.99998
k79_90927	2;74201;203494;48461;1647988;239934;239935	1.0;0.68012;0.68012;0.68012;0.68012;0.68012;0.68002
k79_67109	2;976;200643;171549;815;816;477666	1.0;0.96793;0.9665;0.9665;0.96644;0.5289;0.52793
k79_90928	2;1239;186801;186802;216572;216851;411483	1.0;1.0;1.0;1.0;1.0;0.99998;0.99998
k79_90930	2;1239;186801;3085636;186803;572511;89014	1.0;1.0;1.0;1.0;1.0;1.0;1.0
k79_18559	2;976;200643;171549;815;816;820;997890	1.0;1.0;1.0;1.0;1.0;1.0;1.0;1.0
k79_67128	2;1239;186801;3085636;186803;572511;89014	1.0;1.0;1.0;0.99999;0.99999;0.99999;0.99863
k79_43063	2;1239;186801;186802;216572;2591381;2093857	1.0;0.99999;0.99999;0.99999;0.99999;0.99995;0.99995
k79_6163	2;976;200643;171549;815;816;820;997890	1.0;1.0;1.0;1.0;1.0;1.0;0.99997;0.99997
k79_90936	2;1224;28211;356;772;773;2645622	1.0;0.80692;0.80692;0.80692;0.80692;0.80692;0.80692
k79_79118	2;1239;186801;186802;2937909;79206;339862;768710	1.0;0.99992;0.99991;0.99986;0.99981;0.99981;0.99981;0.99981
k79_67135	2;976;200643;171549;815;816;820;997890	1.0;1.0;1.0;1.0;1.0;1.0;1.0;1.0
k79_6166	2;1239;186801;3085636;186803;2316020;33039;657313	1.0;1.0;1.0;1.0;1.0;0.99984;0.99981;0.99981
k79_6168	2	0.97077
k79_67136	2;1239;526524;526525;2810280;2678885;1982626	1.0;1.0;1.0;1.0;1.0;1.0;1.0
k79_55053	2;1239;186801;3085636;186803;1766253;39491;657317	1.0;1.0;1.0;1.0;1.0;1.0;1.0;0.67566
k79_90943	2;1239;186801;3085636;186803;1766253;39491;657317	1.0;1.0;1.0;1.0;1.0;1.0;1.0;0.99993
k79_6171	2;1239;186801;186802;216572;1637257;884684;699246	1.0;1.0;1.0;1.0;1.0;1.0;1.0;1.0
k79_18582	2;976;200643;171549;815;816;820;997890	0.99997;0.99994;0.99993;0.99993;0.99978;0.99942;0.99874;0.99874
k79_67140	2;976;200643;171549;2005525;375288;823;999416	1.0;1.0;1.0;1.0;0.99999;0.99999;0.99999;0.99999
k79_18583	2;976;200643;171549;815;909656;821	1.0;1.0;1.0;1.0;1.0;1.0;1.0
k79_55059	2;976;200643;171549;815;816;820;997890	1.0;0.99999;0.99998;0.99998;0.99968;0.99967;0.9891;0.9891
k79_30076	2;976;200643;171549;815;816;820;997890	1.0;1.0;1.0;1.0;1.0;1.0;0.99998;0.99998
k79_43067	2157;28890;183925;2158;2159;2172;2173;420247	1.0;1.0;1.0;1.0;1.0;1.0;0.99999;0.99999
k79_55060	2;1239;91061;1385;186817;2675232;1193713	1.0;1.0;0.99995;0.99995;0.99995;0.99995;0.99995
k79_18590	2;1239;186801;186802;216572;1263;2608920	1.0;0.99999;0.99998;0.99998;0.99998;0.99998;0.99998
k79_79122	2;1239;186801;3085636;186803;572511;418240;1121115	1.0;1.0;1.0;1.0;1.0;1.0;1.0;1.0
k79_67156	2;1239;186801;3085636;186803;1766253;39491;657317	1.0;0.99995;0.99995;0.99989;0.99989;0.99989;0.99989;0.99915
k79_43073	2;1239;186801;3085636;186803;1766253;39491;657318	1.0;1.0;1.0;0.99996;0.99996;0.99991;0.99991;0.69344
k79_6186	2;1239;186801;3085636;186803;33042;410072	1.0;0.99993;0.99992;0.99992;0.99992;0.99742;0.99585
k79_79129	2;976;200643;171549;815;909656;821	0.99996;0.94079;0.9407;0.9407;0.92038;0.84867;0.84866
k79_18593	2;1239;526524;526525;2810280;2678885;1982626	1.0;1.0;1.0;1.0;1.0;0.99999;0.99999
k79_55074	2;976;200643;171549;815;816;820;997890	1.0;1.0;1.0;1.0;1.0;1.0;1.0;1.0
k79_18594	2;1239;186801;3085636;186803;1766253;39491;657318	1.0;1.0;1.0;1.0;1.0;0.99998;0.99998;0.9988
k79_6192	2;1239;186801;3085636;186803;572511;89014	1.0;1.0;1.0;0.99999;0.99999;0.99995;0.99995
k79_18596	2;976;200643;171549;815;816;820;997890	1.0;0.99893;0.99872;0.99872;0.9987;0.9987;0.99596;0.99596
k79_6194	2;1239;186801;3085636;186803;2316020;33038	1.0;0.99999;0.99999;0.99114;0.99114;0.97884;0.97884
k79_55080	2;1239;186801;3085636;186803;1766253;39491;657318	0.99998;0.90822;0.90808;0.90163;0.90163;0.87029;0.87029;0.87021
k79_67172	2;976;200643;171549;815;816;820;997890	0.99999;0.99502;0.99042;0.98895;0.98619;0.9398;0.70291;0.70291
k79_43076	2;976;200643;171549;815;816;28111	0.99704;0.9969;0.9969;0.9964;0.9955;0.977;0.59612
k79_18599	2;1239;526524;526525;2810280;2678885;1982626	1.0;1.0;0.99999;0.99999;0.99999;0.99999;0.99999
k79_67173	2;976;200643;171549;815;816;820;997890	1.0;0.99987;0.99987;0.99987;0.99987;0.99987;0.99981;0.99981
k79_67176	2;1239;909932;1843488;909930;33024;33025	1.0;1.0;0.99997;0.99997;0.99997;0.99997;0.99997
k79_79146	2;1239;186801;3085636;186803;1766253;39491;657317	1.0;0.99999;0.99999;0.99999;0.99999;0.99835;0.99835;0.99658
k79_55090	2;1239;526524;526525;2810280;2678885;1982626	0.99995;0.99979;0.99956;0.99956;0.99956;0.99956;0.99956
k79_90971	2;976;200643;171549;815;816;820;997890	1.0;1.0;1.0;1.0;1.0;1.0;0.99999;0.99999
k79_67189	2759;7711;40674;9443;9604;9605;9606	0.97586;0.97586;0.97586;0.97586;0.97586;0.97586;0.97586
k79_6211	2759;7711;40674;9443;9604;9605;9606	0.81716;0.81716;0.81716;0.81716;0.81716;0.81716;0.81716
k79_67192	2;1239;526524;526525;2810280;2678885;1982626	1.0;0.99994;0.99916;0.99916;0.9867;0.98669;0.98669
k79_18625	2;976;200643;171549;815;816;820;997890	1.0;1.0;1.0;1.0;1.0;1.0;0.99999;0.99999
k79_79162	2;1239;186801;3085636;186803;33042;410072	1.0;0.99871;0.99871;0.99859;0.99859;0.73333;0.73333
k79_18626	2;976;200643;171549;815;816;820;997890	0.99999;0.99935;0.99934;0.99934;0.99884;0.99443;0.92325;0.92325
k79_43094	2;976;200643;171549;815;909656;387090	1.0;0.99983;0.99982;0.99982;0.99979;0.99895;0.99841
k79_67198	2;976;200643;171549;815;816;818	1.0;0.99993;0.99992;0.99992;0.99977;0.99975;0.99878
k79_43096	2;1239;186801;3085636;186803;2944193;2763672	1.0;1.0;1.0;1.0;1.0;0.99994;0.99994
k79_30102	2;1239;526524;526525;2810280;2678885;1982626	1.0;0.99992;0.99976;0.99976;0.99976;0.99976;0.99976
k79_79175	2;201174;1760;85009;2726069;182639;182640;479435	0.99997;0.99429;0.99429;0.99429;0.99429;0.99429;0.99429;0.99429
k79_43100	2;1239;186801;3085636;186803;841;2763062	1.0;0.99999;0.99998;0.99997;0.99997;0.98331;0.98331
k79_67205	2;1239;186801;3085636;186803;33042;410072	1.0;1.0;1.0;1.0;1.0;0.99994;0.99994
k79_90983	2;1239;186801;3085636;186803;841;166486;657315	1.0;1.0;1.0;1.0;1.0;0.99998;0.99993;0.7599
k79_43103	2;32066;203490;203491;203492;848;76857	0.98535;0.84356;0.84356;0.84356;0.84356;0.84356;0.84355
k79_18645	2;1239;186801;186802;216572;1263;2608920	1.0;1.0;1.0;1.0;1.0;1.0;1.0
k79_43106	2;976;200643;171549;815;816	1.0;0.99508;0.99482;0.98618;0.92853;0.77137
k79_30116	2;1239;526524;526525;2810280;2678885;1982626	0.99983;0.99983;0.99977;0.99977;0.99977;0.99977;0.99977
k79_6215	2;1239;186801;186802;216572;1263;2608920	0.9995;0.9993;0.99929;0.99923;0.98072;0.98072;0.98071
k79_18647	2;1239;526524;526525;2810280;2678885;1982626	1.0;1.0;1.0;1.0;1.0;1.0;1.0
k79_43108	2157;28890;183925;2158;2159;2172;2173;420247	1.0;1.0;1.0;1.0;1.0;1.0;0.99997;0.99997
k79_43109	2;1239;186801;186802;216572;1263;1160721	1.0;1.0;1.0;1.0;1.0;1.0;0.99999
k79_67210	2;1239;186801;3085636;186803;2316020;33039;657313	1.0;1.0;1.0;1.0;1.0;0.99745;0.99697;0.99697
k79_55124	2;976;200643;171549;815;816;477666	1.0;1.0;1.0;1.0;1.0;1.0;1.0
k79_30117	2;1239;186801;3085636;186803;572511;418240;1121115	1.0;1.0;1.0;1.0;1.0;1.0;1.0;1.0
k79_43114	2;1239;186801;3085636;186803;572511;418240;1121115	1.0;1.0;1.0;1.0;1.0;1.0;0.99955;0.99955
k79_67213	2;1239;186801;3085636;186803;189330;88431	1.0;1.0;1.0;1.0;1.0;1.0;1.0
k79_90988	2;32066;203490;203491;203492;848;76859	1.0;0.99996;0.99996;0.99996;0.99996;0.99996;0.99996
k79_6227	2;1239;186801;3085636;186803;189330;88431	0.99999;0.99995;0.99994;0.99994;0.99994;0.99974;0.99974
k79_67218	2;1239;186801;186802;216572;1263;2564099	1.0;1.0;1.0;1.0;1.0;1.0;0.99944
k79_30133	2;1239;186801;3085636;186803;1766253;39491;657318	1.0;1.0;1.0;1.0;1.0;1.0;1.0;0.9991
k79_90994	2;976;200643;171549;815;816;820;997890	1.0;1.0;1.0;1.0;1.0;1.0;1.0;1.0
k79_79186	2;200940;3024418;213118;2931039;45654;45655	0.93389;0.50966;0.50891;0.50891;0.50891;0.50891;0.50891
k79_6234	2;1239;526524;526525;2810280;2678885;1982626	1.0;1.0;1.0;1.0;0.99999;0.99999;0.99999
k79_67229	2;1239;186801;3085636;186803;841;2763062	1.0;0.99999;0.99998;0.99998;0.99998;0.85631;0.77272
k79_91001	2;1239;186801;3085636;186803;572511;418240;1121115	1.0;1.0;1.0;1.0;1.0;1.0;1.0;1.0
k79_55139	2;1239;186801;3085636;186803;572511;418240;1121115	1.0;1.0;1.0;1.0;1.0;1.0;1.0;1.0
k79_6241	2;1239;186801;3085636;186803;2719313;1531	0.99999;0.94083;0.93168;0.77259;0.77259;0.73016;0.72996
k79_18680	2;976;200643;171549;815;816;820;997890	1.0;1.0;1.0;1.0;1.0;1.0;1.0;1.0
k79_18686	2;1239;186801;186802;216572;216851;411483	1.0;1.0;1.0;0.99999;0.99999;0.99999;0.99998
k79_6250	2;1239;186801;186802;31979;1485;1494	0.99997;0.99985;0.9997;0.99967;0.99697;0.99697;0.96603
k79_91028	2;1239;186801;186802;31979;1485;2320868	1.0;0.99996;0.99988;0.99988;0.99988;0.99988;0.99986
k79_55145	2;1239;91061;186826;81852;1350;1352	1.0;0.99999;0.99999;0.99999;0.99999;0.99999;0.99999
k79_43123	2;976;200643;171549;815;816;818	0.99999;0.99999;0.99997;0.99997;0.99996;0.99899;0.99823
k79_79205	2;976;200643;171549;815;816;290053;693979	1.0;1.0;1.0;1.0;1.0;0.99999;0.99997;0.99997
k79_30152	2157;28890;183925;2158;2159;2172	0.83628;0.83628;0.83628;0.83628;0.83628;0.83628
k79_18706	2;1239;186801;186802;31979;1485;1491	0.99917;0.99319;0.87364;0.86771;0.85048;0.85048;0.57186
k79_91036	2;1239;186801;3085636;186803	0.97214;0.921;0.84348;0.72625;0.72625
k79_18708	2;1239;526524;526525;2810280;2678885;1982626	1.0;0.99999;0.99975;0.99975;0.9997;0.99969;0.99969
k79_91039	2;976;200643;171549;815;816;820;997890	1.0;1.0;1.0;1.0;1.0;1.0;0.99998;0.99998
k79_30155	2;976;200643;171549;815;909656;387090	1.0;0.99999;0.99999;0.99999;0.99999;0.99968;0.99967
k79_18710	2;1239;186801;186802;216572;1263;1160721	1.0;0.98716;0.98716;0.98589;0.98588;0.98577;0.98577
k79_43139	2;1239;186801	0.99548;0.67285;0.54927
k79_30159	2;1239;186801;186802;216572;1263;2608920	1.0;0.99963;0.99904;0.99889;0.99882;0.99882;0.99882
k79_67259	2;1239;186801;186802;216572;946234;292800	1.0;1.0;1.0;1.0;1.0;1.0;1.0
k79_43142	2;976;200643;171549;815;816;820;997890	1.0;1.0;1.0;1.0;1.0;1.0;0.99998;0.99998
k79_55157	2;1239;186801;3085636;186803;572511;418240;1121115	1.0;1.0;1.0;1.0;1.0;1.0;1.0;1.0
k79_67261	2;976;200643;171549;171552;838;28131	1.0;1.0;1.0;1.0;0.99999;0.99999;0.99999
k79_6302	2;1239;186801;3085636;186803;572511;418240;1121115	1.0;1.0;1.0;1.0;1.0;1.0;1.0;1.0
k79_55160	2;1239;909932;1843488;909930;33024;33025	1.0;1.0;1.0;1.0;1.0;1.0;1.0
k79_79208	2;976;200643;171549;815;909656;821	1.0;1.0;1.0;1.0;0.99889;0.99883;0.99883
k79_18724	2;976;200643;171549;815;816;371601;657309	0.99913;0.84866;0.84858;0.84845;0.81966;0.68308;0.64409;0.64409
k79_43149	2;1239;186801;3085636;186803;572511;418240;1121115	1.0;1.0;1.0;1.0;1.0;1.0;1.0;1.0
k79_91041	2;1239;91061;1385;186822;44249;414771	1.0;0.99998;0.99974;0.99974;0.99974;0.99974;0.99974
k79_79213	2;1239;186801;3085636;186803;2316020;46228;471875	0.99999;0.99981;0.99353;0.99347;0.99343;0.8514;0.85093;0.85093
k79_43150	2;976;200643;171549;815;816;820;997890	1.0;1.0;1.0;1.0;1.0;1.0;1.0;1.0
k79_91042	2;1239;186801;3085636;186803	0.99977;0.93205;0.92082;0.90622;0.90515
k79_55171	2;1239;186801;186802;216572;1263;1160721	1.0;1.0;1.0;1.0;1.0;1.0;1.0
k79_18733	2;1239;186801;186802;216572;292632;214851	1.0;1.0;1.0;1.0;1.0;1.0;1.0
k79_30171	2;1239;186801;3085636;186803;572511;418240;1121115	1.0;1.0;1.0;1.0;1.0;1.0;1.0;1.0
k79_55172	2;1239;526524;526525;2810280;2678885;1982626	1.0;1.0;1.0;1.0;1.0;1.0;1.0
k79_55173	2;1783272	0.9988;0.99868
k79_43153	2;1239;186801;3085636;186803;33042;410072	0.99421;0.99388;0.99378;0.99005;0.99005;0.9802;0.9802
k79_79229	2;1239;186801;3085656;3085657;2039302;1981510	1.0;1.0;1.0;1.0;1.0;1.0;1.0
k79_55187	2;1239;186801;3085636;186803;207244;649756;649757	1.0;1.0;1.0;1.0;1.0;1.0;1.0;1.0
k79_30184	2;1239;186801;3085636;186803;1766253;39491;657317	1.0;1.0;1.0;1.0;1.0;0.99999;0.99999;0.52219
k79_67282	131567	0.99999
k79_55193	2157;28890;183925;2158;2159;2172;2173;420247	0.99991;0.99991;0.99991;0.99991;0.99991;0.99991;0.9998;0.9998
k79_79238	2;1239;186801;3085636;186803;841;166486;657315	1.0;1.0;1.0;1.0;1.0;0.99999;0.99998;0.99183
k79_79239	2;1239;186801;3085636;186803;572511;418240;1121115	1.0;1.0;1.0;1.0;1.0;1.0;0.99998;0.99998
k79_6315	2;1239;186801;3085636;186803;2316020;46228;471875	1.0;1.0;1.0;1.0;1.0;1.0;1.0;1.0
k79_43167	2;1239;186801;186802;31979;1485;1501;86416	0.99652;0.98956;0.86746;0.81222;0.81189;0.79723;0.76644;0.76644
k79_79242	2;1239;186801;186802;216572;1263;2608920	0.99997;0.99882;0.99857;0.99701;0.99671;0.99671;0.99304
k79_18750	2157;28890;183925;2158;2159;2172;2173;420247	1.0;1.0;1.0;1.0;1.0;1.0;0.99974;0.99974
k79_91054	2;976;200643;171549;171550;239759;538949	1.0;1.0;1.0;1.0;1.0;1.0;1.0
k79_55206	2;976;768503;768507;3141702;2975149;2975157	1.0;0.99998;0.99998;0.99998;0.99998;0.99998;0.99998
k79_43169	2;1239;186801;3085636;186803;1766253;39491;657318	1.0;0.99999;0.99998;0.99998;0.99998;0.99808;0.99808;0.99804
k79_6325	2;976;200643;171549;815;909656;387090	1.0;1.0;1.0;1.0;1.0;0.99984;0.99983
k79_55208	2;1239;186801;186802;186806;1730;39496	1.0;1.0;1.0;0.99999;0.99999;0.99999;0.99999
k79_43171	2;1239;186801;186802;216572;1905344;1550024	0.99999;0.99994;0.99975;0.9996;0.99959;0.99947;0.99947
k79_55214	2;1239;186801;3085636;186803;841;1261635	1.0;0.9999;0.9999;0.9999;0.9999;0.99989;0.99987
k79_6333	2;1239;186801;3085636;186803;1843210;433286	1.0;1.0;1.0;1.0;1.0;0.95383;0.95383
k79_67304	2;1239;91061;1385;186817;2800373;86664	0.99954;0.99786;0.86178;0.86151;0.86143;0.86137;0.86137
k79_79249	2;1239;91061;1385;186817;2837506;2962858	1.0;1.0;1.0;1.0;1.0;1.0;1.0
k79_30216	2;1239;186801;186802;216572;1263;2608920	1.0;1.0;1.0;1.0;1.0;1.0;1.0
k79_91064	2;1239;186801;186802;216572;2892396;2714355	1.0;1.0;0.99999;0.99999;0.99999;0.99996;0.99996
k79_79259	2;1239;186801;186802;216572;2892396;2714353	1.0;0.99999;0.99999;0.99999;0.99999;0.99999;0.99999
k79_30217	2;1239;186801;3085636;186803;572511;418240;1121115	1.0;1.0;1.0;1.0;1.0;1.0;1.0;1.0
k79_91071	2;976;200643;171549;815;816;820;997890	1.0;1.0;1.0;1.0;1.0;1.0;0.99984;0.99984
k79_55225	2;1239;186801;3085636;186803;1766253;39491;657318	1.0;1.0;1.0;1.0;1.0;1.0;1.0;0.99988
k79_6346	2;976;200643;171549;815;816;817;862962	0.99999;0.99986;0.99986;0.99986;0.99985;0.99984;0.9997;0.99956
k79_18775	2;976;200643;171549;815;816;820;997890	1.0;1.0;1.0;1.0;1.0;1.0;1.0;1.0
k79_43193	2;1239;186801;3085636;186803;572511;418240;1121115	1.0;1.0;1.0;1.0;1.0;1.0;1.0;1.0
k79_91078	2;1239;186801;186802;216572;1263;2608920	0.99999;0.99998;0.99998;0.99997;0.99997;0.99991;0.99947
k79_79263	2;976;200643;171549;815;909656;357276;997877	1.0;1.0;1.0;1.0;0.99999;0.99994;0.99993;0.99993
k79_6359	2;1239;186801;3085636;186803;1766253;39491;657317	1.0;1.0;1.0;1.0;1.0;1.0;1.0;0.99764
k79_18786	2;1239;186801;186802;216572;1263;2608920	1.0;0.99997;0.99997;0.99997;0.99997;0.99997;0.99997
k79_18787	2;1239;186801;3085636;186803;572511;418240;1121115	1.0;1.0;1.0;1.0;1.0;1.0;1.0;1.0
k79_30234	2;1239;186801;186802;216572;1263;2608920	1.0;0.99997;0.99994;0.99993;0.99989;0.99989;0.99989
k79_91082	2;1239;186801;3085636;186803;189330;39486	1.0;1.0;1.0;1.0;1.0;0.99999;0.99999
k79_55247	2;976;200643;171549;815;909656;387090	1.0;1.0;1.0;1.0;1.0;0.99999;0.99999
k79_55250	2;1239;91061;186826;186827;89092;89093	1.0;0.99978;0.99968;0.99968;0.99966;0.99966;0.99966
k79_43206	2;1239;186801;3085636;186803;2719313;1531	0.99994;0.99994;0.99778;0.7607;0.7607;0.76064;0.76064
k79_67325	2;1239;186801;3085636;186803;1766253;39491;657317	1.0;0.99998;0.99996;0.99991;0.99991;0.7225;0.7225;0.72206
k79_43207	2;1239;186801;186802;216572;1263;2608920	1.0;0.99998;0.99997;0.99993;0.99993;0.99993;0.99992
k79_55251	2;1239;186801;3085636;186803;2569097;39488	1.0;0.99999;0.99999;0.99999;0.99999;0.99976;0.99976
k79_67327	2;976;200643;171549;815;816;28116	1.0;0.99997;0.99997;0.99997;0.99996;0.99995;0.99827
k79_18802	2;1239;526524;526525;2810280;2678885;1982626	1.0;1.0;1.0;1.0;1.0;1.0;1.0
k79_55253	2;976;200643;171549;815;816;820;997890	1.0;1.0;1.0;1.0;1.0;1.0;1.0;1.0
k79_6386	2;1239;186801;3085636;186803;33042;33043	1.0;1.0;1.0;0.99974;0.99974;0.99973;0.99973
k79_67330	2;1239;91061;186826;81852;2737;81947	1.0;1.0;1.0;1.0;1.0;1.0;1.0
k79_43217	2;1239;186801;186802;216572;216851;853;718252	1.0;1.0;1.0;0.99998;0.99996;0.9999;0.9947;0.99295
k79_91087	2;976;200643;171549;815;909656;821	1.0;1.0;1.0;1.0;1.0;0.99999;0.99999
k79_43218	2;1239;186801;3085636;186803;2944193;2763672	1.0;1.0;1.0;0.99999;0.99999;0.99989;0.99989
k79_18805	2157;28890;183925;2158;2159;2172;2173;420247	1.0;1.0;1.0;1.0;1.0;1.0;1.0;1.0
k79_91090	2;1239;186801;3085636;186803;841;2763062	1.0;1.0;1.0;1.0;1.0;0.99999;0.99999
k79_6394	2759;7711;40674;9443;9604;9605;9606	0.99954;0.99954;0.99954;0.99954;0.99954;0.99954;0.99954
k79_30241	2157;28890;183925;2158;2159;2172;2173;420247	1.0;1.0;1.0;1.0;1.0;1.0;1.0;1.0
k79_18806	2;976;200643;171549;815;909656;821	1.0;1.0;1.0;1.0;0.99981;0.99981;0.99981
k79_91098	2;1239;526524;526525;2810280;2678885;1982626	0.99766;0.99601;0.99017;0.99017;0.99017;0.99017;0.99017
k79_18811	2;1224;28216;80840;75682;846;2946593	1.0;0.99998;0.99998;0.99998;0.99998;0.99998;0.99998
k79_6405	2;1239;186801;3085636;186803;33042;33043	0.99987;0.99982;0.99982;0.99911;0.99911;0.99819;0.99819
k79_79295	2;1239;526524;526525;2810280;2678885;1982626	1.0;1.0;0.99999;0.99999;0.99999;0.99998;0.99998
k79_43234	2;1224;1236;2887326;468;469;470	1.0;0.9999;0.9999;0.9999;0.9999;0.9999;0.9999
k79_79299	2;1239;526524;526525;2810280;2678885;1982626	1.0;0.99999;0.99998;0.99998;0.99993;0.99992;0.99992
k79_91099	2;1239;186801;3085636;186803;1766253;39491;657317	0.99746;0.92622;0.91877;0.73395;0.73395;0.69818;0.69818;0.6079
k79_18831	2;1239;186801;3085636;186803;572511;418240;1121115	1.0;1.0;1.0;1.0;1.0;0.99993;0.99993;0.99993
k79_79302	2;1239;186801;186802;216572;1263;1160721	1.0;0.94267;0.92259;0.7553;0.7552;0.7552;0.75519
k79_6422	2;1239;186801;3085636;186803;1766253;39491;657318	1.0;1.0;1.0;0.99999;0.99999;0.99999;0.99999;0.99943
k79_91102	2;1239;91061;186826;186828;117563;137732	0.99999;0.99999;0.99993;0.99993;0.99993;0.99993;0.99993
k79_55288	2;1239;186801;3085636;186803;1766253;39491;657318	1.0;1.0;1.0;0.99999;0.99999;0.99999;0.99999;0.9989
k79_79307	2;1239;186801;3085636;186803;572511;418240;1121115	1.0;1.0;1.0;1.0;1.0;0.99997;0.99995;0.99995
k79_55291	2;1239;526524;526525;2810280;2678885;1982626	0.99971;0.99963;0.98573;0.98573;0.98573;0.98513;0.98513
k79_91118	2;1239;186801;3085636;186803;1766253;39491;657318	1.0;1.0;1.0;1.0;1.0;0.99951;0.99951;0.97885
k79_43252	2;976;200643;171549;815;816;28116	1.0;0.99997;0.99997;0.99997;0.99997;0.99997;0.99993
k79_79313	2;1239;186801;186802;216572;1263;2564099	1.0;1.0;1.0;1.0;1.0;1.0;0.99665
k79_43254	2;1239;186801;186802;216572;2834348;2666138	1.0;0.95;0.94979;0.93645;0.90862;0.90732;0.90732
k79_55301	2;1239;909932;1843488;909930;33024;33025	0.99976;0.99683;0.68312;0.68312;0.68312;0.68312;0.68312
k79_6446	2;1239;186801;3085636;186803;2569097;39488	1.0;1.0;0.99999;0.99999;0.99999;0.99999;0.99999
k79_79317	2;1239;526524;526525;2810280;2678885;1982626	0.98957;0.98839;0.98674;0.98674;0.98638;0.98638;0.98638
k79_30267	2;3002442;3002443;3002444;227387;227388;1794699	0.99998;0.99977;0.99977;0.99977;0.99977;0.99977;0.99977
k79_67356	2;1239;186801;186802;31979;1485;36839	1.0;0.99999;0.99999;0.99999;0.99999;0.99999;0.99797
k79_30268	2;976;200643;171549;815;909656;821	1.0;1.0;1.0;1.0;1.0;0.99999;0.99999
k79_43265	2;976;200643;171549;815;816;820;997890	0.99999;0.99991;0.9999;0.9999;0.99101;0.99101;0.99029;0.99029
k79_67363	2;1239;526524;526525;2810280;2678885;1982626	0.99998;0.99993;0.99454;0.99454;0.99454;0.99454;0.99454
k79_6460	2;976;200643;171549;815;816;820;997890	1.0;1.0;1.0;1.0;1.0;1.0;1.0;1.0
k79_79325	2;1239;526524;526525;2810280;2678885;1982626	0.99999;0.99992;0.99987;0.99987;0.99987;0.99987;0.99987
k79_6462	2;1239;91061;1385;186822;44249;1763538	1.0;0.97691;0.95864;0.95451;0.95451;0.95451;0.95451
k79_91120	2;976;200643;171549;815;816;820;997890	1.0;1.0;1.0;1.0;1.0;1.0;1.0;1.0
k79_30281	2;976;200643;171549;815;816;162156	1.0;0.99999;0.99999;0.99999;0.99999;0.99999;0.99997
k79_91122	2;976;117743;200644;49546;290174;2627091	1.0;0.99724;0.99724;0.99724;0.99724;0.99723;0.99723
k79_79334	2;1239;186801;3085636;186803;572511;418240;1121115	1.0;1.0;1.0;1.0;1.0;1.0;1.0;1.0
k79_30283	2;1239;526524;526525;2810280;2678885;1982626	1.0;1.0;1.0;1.0;1.0;1.0;1.0
k79_55325	2157;28890;183925;2158;2159;2172;2173;420247	1.0;1.0;1.0;1.0;1.0;1.0;1.0;1.0
k79_79338	2;1239;186801;3085636;186803;207244;649756;649757	1.0;1.0;1.0;1.0;1.0;0.99534;0.99534;0.99534
k79_43296	2;1239;526524;526525;2810280;2678885;1982626	1.0;1.0;1.0;1.0;1.0;1.0;1.0
k79_91127	2;1239;526524;526525;2810280;2678885;1982626	0.99942;0.83869;0.80946;0.80946;0.80946;0.80946;0.80946
k79_18855	2;976;200643;171549;815;909656;821	1.0;0.99999;0.99999;0.99999;0.99999;0.99999;0.99997
k79_43298	2;1239;526524;526525;2810280;2678885;1982626	0.99862;0.99853;0.99582;0.99582;0.99582;0.99582;0.99582
k79_55333	2;1239;186801	0.99988;0.98683;0.96477
k79_18859	2;1239;186801;186802;216572;1263;2608920	1.0;0.99993;0.99993;0.9999;0.99696;0.99696;0.99695
k79_6469	2;1239;186801;186802;216572;1263;2608920	1.0;1.0;0.99997;0.99997;0.99994;0.99994;0.99854
k79_18864	2;976;200643;171549;815;816;820;997890	1.0;1.0;1.0;1.0;1.0;1.0;1.0;1.0
k79_55340	2;1239;91061;186826;186828;191769;1911586	1.0;1.0;0.99999;0.99999;0.99999;0.99999;0.99999
k79_43308	2157;28890;183925;2158;2159;2172;2173;420247	1.0;1.0;1.0;1.0;1.0;1.0;0.99999;0.99999
k79_67383	2;1239;186801;3085636;186803;1766253;39491;657317	0.98074;0.87723;0.85076;0.84217;0.84217;0.81689;0.81689;0.80023
k79_6479	2;1239;526524;526525;2810280;2678885;1982626	1.0;0.99999;0.99999;0.99999;0.99993;0.99993;0.99993
k79_43311	2;976;200643;171549;815;816;28116	0.99731;0.9445;0.9444;0.94439;0.94022;0.89222;0.85192
k79_18873	2;1239;186801;3085636;186803;572511;418240;1121115	1.0;1.0;1.0;1.0;1.0;1.0;1.0;1.0
k79_91133	2;1239;186801;3085636;186803;572511;418240;1121115	1.0;1.0;1.0;1.0;1.0;1.0;1.0;1.0
k79_18874	2;976;200643;171549;815;909656;821	1.0;1.0;1.0;1.0;1.0;0.99986;0.99986
k79_30297	2;1239;186801;3082720;186804;1870884;1496	0.99995;0.99521;0.9874;0.84991;0.84991;0.8499;0.8499
k79_79362	2;1239;186801;3085636;186803;841;1261635	1.0;0.99997;0.99997;0.99997;0.99997;0.99995;0.99983
k79_67389	2;976;200643;171549;815;816;820;997890	1.0;1.0;1.0;1.0;1.0;1.0;0.99997;0.99997
k79_43314	2;976;200643;171549;815;816;2528203	1.0;1.0;1.0;1.0;0.9998;0.99964;0.99795
k79_6493	2;976;200643;171549;815;816;817;997879	1.0;1.0;1.0;1.0;1.0;1.0;0.99998;0.99998
k79_18882	2;1224;1236;135622;72275;1172191;1740262	1.0;0.99967;0.99967;0.99967;0.99967;0.99967;0.99967
k79_30304	2;1239;186801;3085636;186803;33042;410072	0.99982;0.70792;0.7073;0.70153;0.70153;0.5703;0.57026
k79_55366	2;976;200643;171549;2005525;375288;2951805	1.0;0.99996;0.99996;0.99996;0.99963;0.99963;0.99962
k79_67399	2;1239;186801;3085636;186803;841;166486;657315	1.0;1.0;1.0;1.0;1.0;0.99999;0.99999;0.99929
k79_79370	2;1239;186801;186802;216572;1263;2608920	1.0;1.0;1.0;1.0;1.0;1.0;1.0
k79_6504	2;976;200643;171549;815;816;28111	1.0;0.99998;0.99993;0.99993;0.99993;0.99993;0.9999
k79_6505	2;201174;1760;85004;31953;1678;28026	0.99998;0.96714;0.96714;0.96414;0.96414;0.96414;0.96414
k79_43328	2;1239;186801;3085636;186803;2719313;1531	1.0;1.0;1.0;0.99946;0.99946;0.99946;0.99946
k79_55376	2;1239;186801;186802;31979;1485;1501;86416	0.99998;0.99993;0.99217;0.99217;0.99217;0.99217;0.99178;0.99178
k79_18902	2;1224;28211;3120395;433;1649499;1293412	1.0;1.0;1.0;1.0;1.0;1.0;1.0
k79_30323	2;1239;526524;526525;2810280;2678885;1982626	1.0;1.0;1.0;1.0;1.0;1.0;1.0
k79_79379	2;1239;186801;186802;216572;1263;2608920	1.0;0.99999;0.99469;0.99467;0.99467;0.99467;0.99466
k79_43332	2;1239;186801;3085636;186803;1766253;39491;657317	1.0;1.0;1.0;1.0;1.0;0.99978;0.99978;0.99579
k79_30329	2;1239;186801;3085636;186803;2316020;33039;657313	1.0;1.0;1.0;0.99969;0.99969;0.99961;0.9996;0.9996
k79_55383	2;976;200643;171549;815;909656;357276;997877	0.99985;0.99828;0.99827;0.99827;0.9674;0.96206;0.78214;0.78214
k79_79384	2;976;200643;171549;815;816;820;997890	1.0;1.0;1.0;1.0;1.0;1.0;0.99999;0.99999
k79_79385	2;1239;186801;3085636;186803;2316020;46228;471875	1.0;1.0;1.0;1.0;1.0;0.99999;0.99999;0.99999
k79_18905	2157;28890;183925;2158;2159;2172;2173;420247	1.0;1.0;1.0;1.0;1.0;1.0;1.0;1.0
k79_30334	2;1239;186801;3085636;186803;841;166486;718255	1.0;1.0;1.0;1.0;1.0;0.99982;0.99982;0.99962
k79_43338	2;1239;186801;3085636;186803;207244;649756;649757	0.99998;0.99966;0.93719;0.9248;0.9248;0.92478;0.92478;0.92478
k79_91167	2;1239;909932;1843488;909930;33024;33025	1.0;1.0;1.0;1.0;1.0;1.0;1.0
k79_55392	2;1239;186801;3082720;3120161;1481960;1731;1286171	1.0;0.99999;0.99999;0.99999;0.99999;0.99999;0.99999;0.99999
k79_55393	2;1239;526524;526525;2810280;3025755;1547	0.98352;0.95298;0.93644;0.93644;0.93644;0.93623;0.93623
k79_6522	2;1239;91061;1385;186817;1386;483913	1.0;1.0;0.99998;0.99998;0.99998;0.99998;0.99998
k79_67413	2;1239;186801;3085636;186803	0.99997;0.99978;0.99975;0.99717;0.99717
k79_43349	2;1239;186801;186802;216572;1263;2608920	0.99997;0.99975;0.99974;0.99974;0.99974;0.9947;0.99448
k79_79396	2;976;200643;171549;815;816;820;997890	1.0;1.0;1.0;1.0;1.0;1.0;1.0;1.0
k79_6525	2;1239;186801;3085636;186803;572511;418240;1121115	1.0;1.0;1.0;1.0;1.0;1.0;1.0;1.0
k79_43352	2;976;200643;171549;815;816;817;997879	0.87142;0.74753;0.74402;0.74402;0.55064;0.55031;0.54058;0.53982
k79_6531	2;1239;186801;3085636;186803;1766253;39491;657317	0.99987;0.99953;0.99953;0.99948;0.99948;0.97607;0.97607;0.97372
k79_18920	2;1224;1236;135622;267890;22;518738	1.0;0.99994;0.99994;0.99994;0.99993;0.99993;0.99993
k79_43353	2;1239;186801;3085636;186803	1.0;0.99999;0.99996;0.99948;0.99948
k79_91172	2;1239;186801;3085636;186803;2316020;33038	1.0;0.99999;0.99999;0.99999;0.99999;0.99995;0.99995
k79_55400	2;1239;186801;3085636;186803;1766253;39491;657317	1.0;1.0;1.0;1.0;1.0;1.0;1.0;0.99579
k79_91176	2;1239;186801;3085636;186803;572511;418240;1121115	1.0;1.0;1.0;1.0;1.0;1.0;1.0;1.0
k79_6537	2;1239;186801;3082720;186804;1870884;1496	1.0;1.0;0.99999;0.98988;0.98988;0.98988;0.98988
k79_79415	2;976;200643;171549;815	0.96252;0.67435;0.66685;0.66682;0.56711
k79_43365	2;1239;186801;3085636;186803;572511;418240;1121115	1.0;1.0;1.0;1.0;1.0;1.0;0.99999;0.99999
k79_30354	131567	0.54832
k79_43366	2;1239;186801;3085636;186803;572511;418240;1121115	1.0;1.0;0.99999;0.99999;0.99999;0.99863;0.99862;0.99862
k79_55415	2;976;200643;171549;815;909656;821	1.0;0.95012;0.94686;0.94682;0.88809;0.85279;0.85279
k79_30356	2;1239;526524;526525;2810280;2678885;1982626	1.0;1.0;1.0;1.0;1.0;1.0;1.0
k79_6558	2;1239;186801;3085636;186803;1766253;39491;657317	1.0;1.0;1.0;1.0;1.0;0.99999;0.99999;0.9997
k79_43371	2;1239;186801;3085636;186803;2316020;33039;657313	1.0;1.0;1.0;0.99998;0.99998;0.98285;0.98285;0.98285
k79_91184	2;1239;186801;3085636;186803;33042;410072	0.99826;0.98635;0.96378;0.96309;0.96306;0.60482;0.60469
k79_18953	2;1239;186801;3085636;186803;2316020;33039;657313	0.99996;0.99947;0.99929;0.99568;0.99568;0.72134;0.60897;0.60897
k79_6562	2;1239;186801;186802;216572;216851;853;657322	1.0;1.0;1.0;1.0;1.0;1.0;0.99999;0.99999
k79_91188	2;976;200643;171549;815;909656;821	1.0;1.0;1.0;1.0;0.99998;0.99998;0.99998
k79_79431	2;1239;526524;526525;2810280;2678885;1982626	1.0;1.0;1.0;1.0;1.0;1.0;1.0
k79_67437	2;1239;186801;186802;216572;2591381;2093857	1.0;0.99897;0.9989;0.99887;0.99877;0.99182;0.99182
k79_55428	2;976;200643;171549;815;909656;357276;997877	1.0;1.0;1.0;1.0;1.0;0.99998;0.99998;0.99998
k79_67442	2;1239;186801;3085636;186803;33042;410072	1.0;1.0;1.0;1.0;1.0;0.99997;0.99997
k79_30369	2;1239;186801;3085636;186803;572511;418240;1121115	1.0;1.0;1.0;1.0;1.0;1.0;1.0;1.0
k79_30371	2;1239;186801;3085636;186803;841;166486;718255	1.0;0.99999;0.99997;0.99997;0.99997;0.99991;0.99903;0.95759
k79_43393	2;1239;526524;526525;2810280;2678885;1982626	1.0;1.0;1.0;1.0;1.0;0.99999;0.99999
k79_91196	2;976;200643;171549;815;909656;387090	1.0;0.98553;0.98553;0.98553;0.98374;0.89394;0.87954
k79_18989	2;976;200643;171549;815;816;820;997890	1.0;1.0;1.0;1.0;1.0;1.0;0.99992;0.99992
k79_43396	2;1239;526524;526525;2810280;2678885;1982626	1.0;1.0;1.0;1.0;1.0;1.0;1.0
k79_18990	2;1239;186801;3085636;186803;1766253;39491;657318	1.0;1.0;1.0;1.0;1.0;0.99994;0.99994;0.59265
k79_55435	2157;28890;183925;2158;2159;2172;2173;420247	1.0;1.0;1.0;1.0;1.0;1.0;1.0;1.0
k79_6580	2;1239;186801;186802;31979;1485;1561;1415775	0.99852;0.99646;0.9581;0.94664;0.94631;0.84026;0.50141;0.50141
k79_30386	2;976;200643;171549;815;909656;821	1.0;0.91321;0.9132;0.9128;0.90913;0.8811;0.86406
k79_18994	2;976;200643;171549;815;816;820;997890	1.0;1.0;1.0;1.0;1.0;1.0;0.99991;0.99991
k79_67451	2157;28890;183925;2158;2159;2172;2173;420247	1.0;1.0;1.0;1.0;1.0;1.0;1.0;1.0
k79_19005	2;1239;186801;186802;31979;1485;36745	0.96286;0.95635;0.89069;0.8339;0.78621;0.78621;0.78278
k79_55448	2157;28890;183925;2158;2159;2172;2173;420247	1.0;1.0;1.0;1.0;1.0;1.0;1.0;1.0
k79_67455	2;1239;186801;3085636;186803;1766253;39491;657318	1.0;1.0;1.0;1.0;1.0;1.0;1.0;0.99717
k79_43414	2;1239;186801;3085636;186803;572511;40520;411459	1.0;1.0;1.0;0.9999;0.9999;0.99718;0.99235;0.99235
k79_91204	2;74201;203494;48461;1647988;239934;239935	1.0;1.0;1.0;1.0;1.0;1.0;1.0
k79_30412	2;976;200643;171549;2005525;375288;823;999416	0.99984;0.94799;0.90042;0.90042;0.90006;0.90006;0.90006;0.90006
k79_6602	2;1239;186801;3085636;186803;207244;649756;649757	1.0;1.0;1.0;1.0;1.0;1.0;1.0;1.0
k79_30414	2;1783272	1.0;0.99994
k79_91209	2;1239;186801;3085636;186803;1506553;29347	0.99999;0.99908;0.99238;0.9916;0.9916;0.77591;0.77591
k79_6609	2;1239;526524;526525;2810280;2678885;1982626	1.0;1.0;1.0;1.0;1.0;1.0;1.0
k79_43415	2;1239;526524;526525;2810280;2678885;1982626	0.99999;0.99999;0.99999;0.99999;0.99968;0.99967;0.99967
k79_19021	2157;28890;183925;2158;2159;2172;2173;420247	1.0;1.0;1.0;1.0;1.0;1.0;1.0;1.0
k79_43418	2;1239;186801;3085636;186803;1766253;39491	0.99987;0.99257;0.99024;0.98837;0.98837;0.51574;0.51574
k79_55461	2759;7711;40674;9443;9604;9605;9606	0.96947;0.96947;0.96947;0.96947;0.96947;0.96947;0.96947
k79_30421	2;1239;186801;3085636;186803;1766253;39491;657317	1.0;1.0;1.0;1.0;1.0;1.0;1.0;0.56327
k79_43420	2;1239;186801;186802;216572;1263;2608920	1.0;0.88522;0.8849;0.88325;0.88324;0.88303;0.88274
k79_6621	2;1239;186801;3085636;186803;572511;89014	1.0;0.99996;0.99987;0.99954;0.99954;0.93138;0.88324
k79_19029	2;1239;526524;526525;2810280;2678885;1982626	1.0;1.0;1.0;1.0;1.0;1.0;1.0
k79_79495	2157;28890;183925;2158;2159;2172;2173;420247	1.0;1.0;1.0;1.0;1.0;1.0;1.0;1.0
k79_43421	2;1239;186801;186802;216572;1263;2564099	0.99994;0.99984;0.99984;0.99984;0.99982;0.99982;0.9997
k79_67471	2;1239;186801;3085636;186803;841;301301	0.99991;0.99991;0.99989;0.99988;0.99988;0.99988;0.99988
k79_19035	2;1239;186801;186802;216572;1263;2608920	0.99999;0.99923;0.99923;0.99921;0.99913;0.99912;0.99911
k79_79498	2157;28890;183925;2158;2159;2172;2173;420247	1.0;1.0;1.0;1.0;1.0;1.0;1.0;1.0
k79_19039	2;976;200643;171549;2005525;375288;823;999416	1.0;1.0;1.0;1.0;0.99999;0.99999;0.99999;0.99999
k79_43427	2;32066;203490;203491;203492;180162;188913	1.0;0.99973;0.99973;0.99973;0.99973;0.99973;0.99973
k79_19045	2;1239;186801;3085636;186803;207244;649756;649757	1.0;1.0;1.0;1.0;1.0;1.0;1.0;1.0
k79_6644	2;1239;526524;526525;2810280;2678885;1982626	1.0;1.0;1.0;1.0;1.0;1.0;1.0
k79_6645	2;1239;186801;3085636;186803;33042;751585	1.0;0.94843;0.94831;0.84986;0.84986;0.59245;0.59245
k79_91226	2759;7711;40674;9443;9604;9605;9606	0.99438;0.99438;0.99438;0.99438;0.99438;0.99438;0.99438
k79_55480	2;1239;186801;3085636;186803;1766253;39491;657317	1.0;0.99879;0.99878;0.99841;0.99841;0.98902;0.98902;0.98595
k79_19052	2;1239;186801;3085636;186803;572511;418240;1121115	1.0;1.0;1.0;1.0;1.0;1.0;1.0;1.0
k79_79519	2;1239;186801;3085636;186803;841;166486;657315	1.0;1.0;0.99999;0.99994;0.99994;0.95361;0.95082;0.94521
k79_79521	2;1239;186801;186802;216572;216851;2929490	1.0;0.99999;0.99999;0.99996;0.99996;0.99996;0.99992
k79_19066	2;976;200643;171549;815;816;820;997890	1.0;0.99999;0.99999;0.99999;0.99999;0.99999;0.99999;0.99999
k79_43447	2;1239;186801;3085636;186803;572511;418240;1121115	1.0;1.0;1.0;1.0;1.0;1.0;1.0;1.0
k79_55487	2;1239;186801;186802;216572;216851;2929493	1.0;1.0;1.0;0.99953;0.99948;0.99948;0.99942
k79_55492	2;1239;526524;526525;2810280;2678885;1982626	0.9999;0.99981;0.99974;0.99974;0.99974;0.99974;0.99974
k79_19074	2;1239;186801;3085636;186803;2316020;46228;471875	1.0;1.0;1.0;1.0;1.0;0.99998;0.99998;0.99998
k79_79534	2;1239;186801;3085636;186803;248744;168384;478749	1.0;1.0;1.0;0.99996;0.99996;0.99995;0.99995;0.99995
k79_91234	2;1239;186801;3085636;186803;2316020;46228;471875	1.0;1.0;1.0;1.0;1.0;1.0;1.0;1.0
k79_55494	2;201174;1760;85004;31953;1678;216816;1679	0.94031;0.69247;0.69247;0.69225;0.69225;0.69225;0.69224;0.69224
k79_43457	2;976;200643;171549;815;909656;821	0.98759;0.98748;0.98748;0.98748;0.98747;0.96968;0.96968
k79_30471	2;976;200643;171549;815;816;291644	1.0;1.0;1.0;1.0;0.99998;0.99998;0.99847
k79_55504	2;976;200643;171549;815;816;820;997890	1.0;1.0;1.0;1.0;1.0;1.0;0.99999;0.99999
k79_6675	2;1239;186801;3085636;186803;33042;410072	1.0;1.0;1.0;1.0;1.0;0.99939;0.99939
k79_67497	2;1239;186801;186802;31979;1485;94869	0.99989;0.99853;0.99852;0.99852;0.9985;0.9985;0.99237
k79_79537	2;1239;186801;186802;216572;1263;2608920	1.0;1.0;0.99987;0.99987;0.99987;0.99987;0.99987
k79_19090	2;976;200643;171549;815;816;28116	1.0;1.0;1.0;1.0;1.0;1.0;0.99984
k79_43465	2;1239;186801	0.99946;0.6933;0.68602
k79_91242	2;1239;186801;3085636;186803;572511;418240;1121115	1.0;1.0;0.99998;0.99998;0.99998;0.99684;0.99683;0.99683
k79_6694	2;976;200643;171549;815;909656;821	1.0;1.0;1.0;1.0;1.0;1.0;1.0
k79_19097	2;1239;186801;3085636;186803;1766253;39491;657317	1.0;0.99999;0.99998;0.99998;0.99998;0.99998;0.99998;0.99909
k79_30499	2;976;200643;171549;815;816;820;997890	1.0;1.0;1.0;1.0;0.99999;0.99999;0.99993;0.99993
k79_19099	2;1239;186801;3085636;186803;572511;418240;1121115	1.0;1.0;1.0;1.0;1.0;1.0;0.99984;0.99984
k79_67509	2;1239;186801;3085636;186803;189330;88431	1.0;1.0;0.99999;0.99999;0.99999;0.99678;0.99676
k79_67511	2;1239;186801;3085636;186803;1766253;39491;657317	1.0;0.99994;0.99994;0.99994;0.99994;0.99993;0.99993;0.99581
k79_79561	131567	0.99978
k79_30506	2;976;200643;171549;815;909656;357276;997877	0.99997;0.99976;0.99976;0.99976;0.99973;0.99963;0.99963;0.99963
k79_30511	2;976;200643;171549;815	0.9999;0.74792;0.67277;0.67272;0.67252
k79_6701	2;1239;186801;3085636;186803;572511;418240;1121115	1.0;1.0;1.0;1.0;1.0;1.0;1.0;1.0
k79_55542	2;1239;186801;186802;216572;216851;853;718252	0.99997;0.99943;0.99859;0.99806;0.99804;0.99787;0.99626;0.99626
k79_79563	2;1239;526524;526525;2810280;2678885;1982626	1.0;1.0;1.0;1.0;1.0;1.0;1.0
k79_30516	2;32066;203490;203491;203492;848;76857	0.99986;0.99385;0.99385;0.99385;0.99385;0.99385;0.99385
k79_43507	2;976;200643;171549;2005525;375288;387661	1.0;1.0;1.0;1.0;0.99996;0.99996;0.99996
k79_79564	2;1239;186801;3085636;186803;572511;418240;1121115	1.0;1.0;1.0;1.0;1.0;1.0;1.0;1.0
k79_91273	2;1239;526524;526525;2810280;2678885;1982626	0.99994;0.99994;0.99994;0.99994;0.99994;0.99994;0.99994
k79_79567	2;1239;186801;3085636;186803;2569097;39488	1.0;1.0;1.0;0.99999;0.99999;0.99997;0.99997
k79_19105	2157;28890;183925;2158;2159;2172;2173;420247	1.0;1.0;1.0;1.0;1.0;1.0;0.99995;0.99995
k79_67537	2;1239;186801;3085636;186803;572511;418240;1121115	1.0;0.99999;0.99986;0.97146;0.97146;0.96496;0.90501;0.90501
k79_91278	2;1239;186801;186802;216572;1263;2608920	1.0;0.99999;0.99999;0.99996;0.99996;0.99996;0.99987
k79_19116	2;1239;186801;186802;186806;1730;2841528	1.0;1.0;1.0;1.0;1.0;1.0;1.0
k79_67548	2;1239;186801;3085636;186803;572511;418240;1121115	1.0;1.0;1.0;1.0;1.0;1.0;1.0;1.0
k79_19119	2;1239;186801;3085636;186803;2316020;46228;471875	1.0;1.0;1.0;1.0;1.0;0.99999;0.99999;0.99999
k79_67549	2;1239;186801;186802;216572;1263;2608920	1.0;0.99999;0.99999;0.99981;0.99981;0.99981;0.9998
k79_43519	2;976;200643;171549;815;816;820;997890	1.0;1.0;1.0;1.0;1.0;1.0;0.99998;0.99998
k79_67550	2;1239;186801;3085636;186803;2316020;46228;471875	1.0;1.0;1.0;1.0;1.0;0.99999;0.99999;0.99999
k79_19122	2;976;200643;171549;171552;2974251;165179	1.0;1.0;1.0;1.0;0.99993;0.99993;0.99993
k79_79582	2;1239;186801;3085636;186803;1766253;39491;657318	1.0;0.99993;0.99992;0.99953;0.99953;0.99922;0.99922;0.93556
k79_43522	2;1239;526524;526525;2810280;2678885;1982626	1.0;1.0;1.0;1.0;1.0;1.0;1.0
k79_19123	2;976;200643;171549;815;816;162156	1.0;0.99997;0.99997;0.99997;0.99997;0.99997;0.99974
k79_79585	2;976;200643;171549;815;816;817;295405	1.0;1.0;1.0;1.0;0.99997;0.99994;0.9999;0.99989
k79_91283	2;1239;186801;3085636;186803;1164882;617123	0.99995;0.99993;0.99993;0.99989;0.99989;0.99988;0.99988
k79_43524	2157;28890;183925;2158;2159;2172;2173;420247	1.0;1.0;1.0;1.0;1.0;1.0;1.0;1.0
k79_6735	2;976;200643;171549;815;816;162156	0.99996;0.99975;0.99975;0.99975;0.99975;0.99974;0.99974
k79_67556	2;1239;526524;526525;2810280;2678885;1982626	1.0;1.0;0.99999;0.99999;0.99999;0.99999;0.99999
k79_30542	2;1239;186801;3085636;186803;572511;418240;1121115	1.0;1.0;1.0;1.0;1.0;1.0;1.0;1.0
k79_55580	2;1239;186801;186802;216572;1263;2608920	1.0;1.0;0.9998;0.99962;0.99962;0.99962;0.99962
k79_67558	2;1239;186801	0.99438;0.92932;0.81733
k79_6741	2;32066;203490;203491;203492;848;1583098	0.99996;0.60322;0.60322;0.60322;0.60322;0.60322;0.60299
k79_79596	2;1239;186801;186802;186806;1730;39496	0.99993;0.99972;0.99953;0.99822;0.99822;0.99822;0.99822
k79_30546	131567	0.99595
k79_55595	2;976;200643;171549;815;816;820;997890	1.0;1.0;1.0;1.0;1.0;1.0;0.99912;0.99912
k79_79604	2;976;200643;171549;815;816;820;997890	1.0;1.0;1.0;1.0;1.0;1.0;1.0;1.0
k79_19155	2;1239;526524;526525;2810280;2678885;1982626	1.0;0.99999;0.99999;0.99999;0.99999;0.99999;0.99999
k79_30558	2;1239;186801;3085636;186803;1766253;39491;657317	0.99994;0.99972;0.9835;0.98339;0.98338;0.87859;0.87859;0.87853
k79_6754	2;1239;186801;186802;31979;1485;2068654	1.0;0.99978;0.99973;0.99972;0.99971;0.99969;0.98888
k79_91307	2;1239;186801;186802;216572;1263;1160721	1.0;1.0;1.0;1.0;1.0;1.0;1.0
k79_30560	2157;28890;183925;2158;2159;2172;2173;420247	1.0;1.0;1.0;1.0;1.0;1.0;0.99997;0.99997
k79_6755	2;1239;526524;526525;2810280;2678885;1982626	1.0;1.0;1.0;1.0;1.0;1.0;1.0
k79_43538	2;976;200643;171549;815;909656;821	1.0;1.0;1.0;1.0;0.9997;0.99961;0.99953
k79_55606	2;1239;526524;526525;2810280;2678885;1982626	0.9612;0.82693;0.80826;0.80826;0.80822;0.80822;0.80822
k79_30562	2;1239;186801;3085636;186803;841;1261635	1.0;1.0;1.0;1.0;1.0;0.99995;0.99903
k79_19170	2;1239;186801;3085636;186803;1766253;39491;657317	1.0;1.0;1.0;1.0;1.0;0.99953;0.99953;0.99339
k79_43541	2;1239;186801;3085636;186803;572511;418240;1121115	1.0;1.0;1.0;1.0;1.0;0.99998;0.99997;0.99997
k79_91317	2;976;200643;171549;815;816;820;997890	0.99998;0.99998;0.99998;0.99998;0.99998;0.99998;0.9999;0.9999
k79_30565	2;1239;186801;3085636;186803;841;301301	0.99996;0.99914;0.99821;0.6424;0.6424;0.53019;0.51832
k79_6761	2;976;200643;171549;815;816;46506;449673	1.0;1.0;1.0;0.99731;0.99731;0.99722;0.99626;0.99626
k79_19178	2;1239;526524;526525;128827;3059504;2944914	1.0;1.0;1.0;1.0;0.99999;0.99999;0.99999
k79_30570	2;1239;186801;3085636;186803;572511;418240;1121115	1.0;1.0;1.0;1.0;1.0;1.0;1.0;1.0
k79_67601	2;1239;526524;526525;2810280;2678885;1982626	0.99994;0.99994;0.99994;0.99994;0.99994;0.99994;0.99994
k79_79627	2;1239;186801;3085636;186803;207244;649756;649757	1.0;0.99999;0.993;0.993;0.993;0.993;0.993;0.993
k79_67604	2;976;200643;171549;815;816;820;997890	1.0;0.99984;0.99977;0.99977;0.99909;0.73476;0.67405;0.67405
k79_67609	2;1239;186801;3085636;186803;2944152;2763670	1.0;1.0;1.0;1.0;1.0;0.99999;0.99999
k79_30582	2;976;117747;200666;84566;28453;3025669	1.0;0.9997;0.9997;0.9997;0.9997;0.9997;0.9997
k79_91346	2;1239;186801;3082720;3118656;114627;208226;293826	1.0;0.99999;0.99985;0.99961;0.99935;0.99935;0.99935;0.99935
k79_91347	2;1239;186801;3085636;186803;1766253;39491;657317	1.0;1.0;1.0;1.0;1.0;1.0;1.0;0.99999
k79_30583	2;976;200643;171549;815;909656;821	1.0;1.0;1.0;1.0;1.0;0.99998;0.99998
k79_43549	2;1239;186801;3085636;186803;2316020;33039;657313	1.0;1.0;1.0;1.0;1.0;0.99999;0.99999;0.99999
k79_91353	2;1239;186801;3085636;186803;207244;649756;649757	1.0;1.0;1.0;1.0;1.0;1.0;1.0;1.0
k79_79639	2;976;200643;171549;815;816;820;997890	1.0;1.0;1.0;1.0;1.0;1.0;0.99995;0.99995
k79_30584	2;976;200643;171549;815;909656;357276;997877	1.0;1.0;1.0;1.0;1.0;0.99999;0.99998;0.99998
k79_43554	2;1239;186801;3085636;186803;572511;418240;1121115	1.0;1.0;1.0;0.99999;0.99999;0.99923;0.99878;0.99878
k79_19197	2;1239;526524;526525;2810280;2678885;1982626	1.0;1.0;0.99998;0.99998;0.99998;0.99998;0.99998
k79_30595	2;1239;526524;526525;2810280;2678885;1982626	1.0;1.0;1.0;1.0;1.0;1.0;1.0
k79_55634	2;1239;186801;3085636;186803;207244;649756;649757	1.0;1.0;1.0;1.0;1.0;1.0;1.0;1.0
k79_55635	2;976;200643;171549;815;909656;821	1.0;1.0;1.0;1.0;0.99999;0.99997;0.99997
k79_43559	2;976;200643;171549;2005525;375288;823;999416	0.99906;0.99175;0.99097;0.99097;0.95598;0.95598;0.95074;0.95074
k79_19198	2;1239;186801;3085636;186803;1766253;39491;657317	1.0;1.0;1.0;1.0;1.0;0.99999;0.99999;0.99937
k79_91376	2;976;200643;171549;815;816;820;997890	1.0;1.0;1.0;1.0;1.0;1.0;1.0;1.0
k79_91383	131567	0.99747
k79_30625	2;1239;186801;3085636;186803;33042;410072	0.99999;0.98717;0.98691;0.98606;0.98606;0.58102;0.58102
k79_67630	2;1239;526524;526525;2810280;2678885;1982626	1.0;1.0;0.99999;0.99999;0.99984;0.99984;0.99984
k79_55650	2;1239;186801;186802;216572;459786;2763056	1.0;1.0;1.0;0.99998;0.99997;0.99967;0.99967
k79_91391	2;976;200643;171549;815;816;290053;693979	0.99033;0.91277;0.90903;0.90903;0.80774;0.78989;0.52486;0.52486
k79_67633	2;976;200643;171549;815;909656;821	1.0;1.0;1.0;1.0;1.0;0.99999;0.99999
k79_6818	2;1239;186801;3085636;186803;572511;418240;1121115	1.0;1.0;1.0;1.0;1.0;0.9999;0.9999;0.9999
k79_91392	2;1239;186801;3085636;186803;1766253;39491;657318	1.0;0.99997;0.99996;0.99995;0.99995;0.99863;0.99863;0.99785
k79_55660	2;976;200643;171549;815;816;162156	1.0;0.99997;0.99996;0.99993;0.99992;0.99971;0.5362
k79_30635	2;1239;186801;3085636;186803;207244;649756;649757	1.0;1.0;1.0;1.0;1.0;1.0;1.0;1.0
k79_79662	2;976;200643;171549;815;816;820;997890	1.0;1.0;1.0;1.0;1.0;1.0;0.99999;0.99999
k79_19210	2;976;200643;171549;171552;2884814;2133944	1.0;0.99985;0.99985;0.99985;0.99982;0.99982;0.99982
k79_55661	2;1239;909932;1843488;909930;33024;33025	1.0;1.0;0.99999;0.99999;0.99999;0.99999;0.99999
k79_79663	2;976;200643;171549;815;816;820;997890	1.0;1.0;1.0;1.0;0.99999;0.99999;0.99993;0.99993
k79_43572	2;976;200643;171549;815;816;28111	1.0;0.99992;0.99991;0.99991;0.99976;0.99974;0.99973
k79_30637	2;1239;186801;3085636;186803;572511;418240;1121115	1.0;1.0;1.0;1.0;1.0;1.0;1.0;1.0
k79_43573	2;976;200643;171549;815;816;162156	1.0;0.99316;0.99315;0.99315;0.99313;0.72823;0.599
k79_6820	2;1239;186801;3085636;186803;248744;168384;478749	1.0;1.0;1.0;1.0;1.0;0.9996;0.9996;0.9996
k79_30639	2;1239;526524;526525;2810280;2678885;1982626	1.0;0.99999;0.99998;0.99998;0.99998;0.99998;0.99998
k79_43584	2;976;200643;171549;815;909656;357276;997877	1.0;0.99963;0.99963;0.99963;0.99785;0.98926;0.98921;0.98921
k79_67636	2;976;200643;171549;815;816;820;997890	1.0;1.0;1.0;1.0;1.0;1.0;1.0;1.0
k79_43585	2;1239;186801;3085636;186803;841;166486;718255	1.0;0.99998;0.99998;0.99998;0.99998;0.99962;0.9996;0.99959
k79_55671	2;976;200643;171549;815;816	1.0;0.99981;0.9998;0.9998;0.97468;0.90082
k79_67639	2157;28890;183925;2158;2159;2172;2173;420247	0.96781;0.96781;0.96781;0.96781;0.96781;0.96781;0.96761;0.96761
k79_43590	2;1239;91061;186826;81852;1350;1352	0.99284;0.96359;0.80461;0.73514;0.73514;0.73514;0.73514
k79_79694	2;976;117743;200644;49546;1016;1316596	1.0;0.99999;0.99999;0.99999;0.99999;0.9966;0.9966
k79_55678	2;976;200643;171549;2005525;375288;823;999416	1.0;0.99986;0.99986;0.99986;0.99986;0.99986;0.99986;0.99986
k79_19228	2;1239;186801;3085636;186803;1766253;39491;657317	1.0;1.0;1.0;1.0;1.0;1.0;1.0;0.98509
k79_30654	2;1239;186801;186802;216572;216851;2929493	1.0;0.99997;0.99988;0.99627;0.99607;0.99562;0.97232
k79_91424	2;1239;186801;3085636;186803;2569097;39488	1.0;1.0;1.0;1.0;1.0;0.99996;0.99996
k79_19233	2;976;200643;171549;815;909656;821	1.0;1.0;1.0;1.0;0.99998;0.99996;0.99996
k79_6860	2;976;200643;171549;815;816;820;997890	1.0;0.99999;0.99999;0.99999;0.99999;0.99999;0.99899;0.99899
k79_43599	2;976;200643;171549;815;816;2715212	1.0;1.0;1.0;1.0;0.99999;0.99959;0.99366
k79_67642	2;1239;186801;3085636;186803	0.96385;0.96071;0.76797;0.50418;0.50415
k79_43602	2759;7711;40674;9443;9604;9605;9606	0.99994;0.99994;0.99994;0.99994;0.99994;0.99994;0.99994
k79_91427	2;1239;186801;3085636;186803;1766253;39491;657318	1.0;1.0;1.0;1.0;1.0;1.0;1.0;0.99923
k79_6869	2157;28890;183925;2158;2159;2172;2173;420247	1.0;1.0;1.0;1.0;1.0;1.0;0.99998;0.99998
k79_55684	2;1239;186801;3085636;186803;1766253;39491;657317	1.0;1.0;1.0;1.0;1.0;0.99998;0.99998;0.99998
k79_43608	2;1239;186801	0.99954;0.50547;0.50499
k79_67655	2;1239;186801;3085636;186803;207244;649756;649757	1.0;1.0;1.0;1.0;1.0;1.0;1.0;1.0
k79_91441	2;1239;186801;3085636;186803;572511;418240;1121115	1.0;1.0;1.0;1.0;1.0;0.9996;0.99958;0.99958
k79_79720	2;1239;186801;186802;216572;1263;2608920	1.0;1.0;1.0;0.99986;0.99986;0.99985;0.99985
k79_91446	2;1239;186801;3085636;186803;207244;649756;649757	1.0;1.0;1.0;1.0;1.0;1.0;1.0;1.0
k79_30674	2;1239;186801;3085636;186803;1766253;39491;657318	1.0;0.99999;0.99999;0.99976;0.99976;0.99805;0.99805;0.57074
k79_19242	2;1239;186801;3085636;186803;841;166486;718255	1.0;0.99998;0.99996;0.99971;0.99971;0.98585;0.78767;0.77474
k79_55697	2;976;200643;171549;171552;577309;454155;762982	1.0;1.0;1.0;1.0;1.0;1.0;1.0;1.0
k79_67670	2157;28890;183925;2158;2159;2172;2173;420247	1.0;1.0;1.0;1.0;1.0;1.0;1.0;1.0
k79_6875	2;1239;526524;526525;2810280;2678885;1982626	1.0;1.0;1.0;1.0;1.0;1.0;1.0
k79_19243	2;1239;186801;3085636;186803;1766253;39491;657318	1.0;0.99999;0.99999;0.99999;0.99999;0.99985;0.99985;0.56256
k79_91456	2;976;200643;171549;815;816	0.99835;0.96206;0.96204;0.96201;0.83944;0.8112
k79_30676	2;976;200643;171549;815;816;28111	1.0;0.99999;0.99998;0.99998;0.99988;0.99979;0.99965
k79_67679	2;1239;186801;3085636;186803;2316020;46228;471875	1.0;1.0;1.0;1.0;1.0;1.0;0.99999;0.99999
k79_55706	2157;28890;183925;2158;2159;2172;2173;420247	1.0;1.0;1.0;1.0;1.0;1.0;1.0;1.0
k79_19259	2;1239;186801;3085636;186803;2316020;46228;471875	1.0;1.0;1.0;1.0;1.0;1.0;1.0;1.0
k79_43627	2;1239;186801;3085636;186803;2569097;39488	1.0;1.0;1.0;1.0;1.0;0.99975;0.99975
k79_43633	2;1239;186801;3085636;186803;2719313;1531	1.0;1.0;1.0;1.0;1.0;1.0;1.0
k79_79742	2;976;200643;171549;815;816;820;997890	1.0;1.0;1.0;1.0;1.0;1.0;1.0;1.0
k79_6897	2;1239;526524;526525;2810280;2678885;1982626	1.0;0.99998;0.99978;0.99978;0.99966;0.99966;0.99966
k79_67699	2157;28890;183925;2158;2159;2172;2173;420247	1.0;1.0;1.0;1.0;1.0;1.0;0.99999;0.99999
k79_6901	2;1239;526524;526525;2810280;2678885;1982626	1.0;0.99999;0.99999;0.99999;0.99999;0.99999;0.99999
k79_30697	2;1224;1236;2887326;468;469;1530123	1.0;0.99999;0.99999;0.99999;0.99999;0.99999;0.99999
k79_67705	2;1239;186801;3085636;186803;2316020;33039;657313	1.0;1.0;1.0;0.99998;0.99998;0.99984;0.99925;0.99925
k79_55709	2;1239;186801;186802;216572;216851;853;657322	1.0;1.0;1.0;1.0;1.0;1.0;0.99953;0.99951
k79_67706	2;1239;186801;186802;216572;1263;2608920	1.0;0.99999;0.99999;0.99991;0.99991;0.99543;0.99525
k79_91477	2;1224;1236;91347;1903410;3059405;3076559	1.0;1.0;1.0;1.0;1.0;1.0;1.0
k79_55717	2;1239;909932;1843488;909930;33024;33025	1.0;1.0;1.0;1.0;1.0;1.0;1.0
k79_19263	2;1239;186801;186802;2937911;278993;863643;635013	1.0;1.0;1.0;0.99999;0.99999;0.99999;0.99999;0.99999
k79_30712	2;1239;186801;3085636;186803;33042;410072	0.99999;0.99999;0.99999;0.99999;0.99999;0.99921;0.99921
k79_19266	2;976;200643;171549;815;909656;821	1.0;1.0;1.0;1.0;1.0;0.99999;0.99999
k79_19268	2;1239;91061;186826;1300;1301;149016	0.99995;0.99961;0.9769;0.97687;0.97669;0.97669;0.97667
k79_6912	2759;7711;40674;9443;9604;9605;9606	0.99513;0.99513;0.99513;0.99513;0.99513;0.99513;0.99513
k79_6915	2;1239;186801;3085636;186803;572511;418240;1121115	1.0;0.99997;0.99996;0.937;0.937;0.93529;0.93473;0.93473
k79_30725	2;1239;526524;526525;2810280;2678885;1982626	1.0;1.0;1.0;1.0;1.0;1.0;1.0
k79_67737	2;1239;526524;526525;2810280;2678885;1982626	0.99997;0.94623;0.93613;0.93613;0.93287;0.93248;0.93248
k79_55729	2;1239;186801;3085636;186803;207244;649756;649757	1.0;1.0;1.0;1.0;1.0;1.0;1.0;1.0
k79_67742	2;976;200643;171549;171550;239759;2585118	0.99294;0.97834;0.9642;0.9642;0.50744;0.50744;0.50707
k79_79756	2;1239;186801;186802;216572;216851;2929494	1.0;1.0;1.0;0.99995;0.99995;0.99995;0.99993
k79_19269	2;1239;186801	0.86144;0.8178;0.81557
k79_43654	2;1239;526524;526525;2810280;2678885;1982626	1.0;1.0;0.99997;0.99997;0.99997;0.99997;0.99997
k79_67744	2;976;200643;171549;815;909656;821	1.0;0.99992;0.99992;0.99992;0.99968;0.99923;0.99922
k79_19270	2;201174;1760;85011;2062;1883;68223	1.0;1.0;1.0;1.0;1.0;1.0;1.0
k79_91498	2;1239;526524;526525;2810280;2678885;1982626	1.0;1.0;1.0;1.0;1.0;1.0;1.0
k79_6940	2;976;200643;171549;815;816;820;997890	1.0;1.0;1.0;1.0;1.0;1.0;1.0;1.0
k79_30751	2;1239;526524;526525;2810280;2678885;1982626	1.0;1.0;0.99997;0.99997;0.99997;0.99996;0.99996
k79_30755	2;1239;91061;1385;186822;44249;49283	1.0;1.0;1.0;0.99999;0.99999;0.99999;0.99999
k79_91504	2;1239;526524;526525;2810280;2678885;1982626	1.0;1.0;1.0;1.0;1.0;1.0;1.0
k79_6947	2;1239;186801;3085636;186803;1766253;39491;657318	1.0;1.0;1.0;1.0;1.0;0.99972;0.99972;0.9997
k79_19283	2;1239;186801;3085636;186803;2316020;46228;471875	1.0;1.0;1.0;1.0;1.0;1.0;1.0;1.0
k79_30757	2;1239;186801;186802	0.94359;0.85407;0.84118;0.67999
k79_55739	2;201174;1760;85006;85023;881616;2905871	1.0;0.67438;0.67438;0.67437;0.67437;0.67437;0.67437
k79_6953	2;976;200643;171549;815;816;820;997890	1.0;1.0;1.0;1.0;1.0;1.0;1.0;1.0
k79_19290	2;1239;186801;186802;216572;1263;2608920	0.9853;0.97899;0.97798;0.97498;0.91023;0.91016;0.90492
k79_91513	2;976;200643;171549;815;909656;387090	1.0;0.99999;0.99999;0.99999;0.99998;0.99991;0.9999
k79_19292	2;976;200643;171549;815;816;820;997890	1.0;0.99914;0.99914;0.99914;0.99536;0.99451;0.90915;0.90915
k79_91514	2;201174;1760;85006;85023;881616;2905871	1.0;0.99997;0.99997;0.99997;0.99997;0.99997;0.99997
k79_6959	2;1239;186801;186802;216572;1263;2608920	1.0;0.99998;0.99998;0.99988;0.99988;0.99988;0.99988
k79_91517	2;1239;186801;186802;31979;1485;1509	1.0;1.0;0.99989;0.99988;0.99988;0.99988;0.99795
k79_43674	2;976;200643;171549;815;816;820;997890	1.0;1.0;1.0;1.0;1.0;1.0;0.99998;0.99998
k79_79785	2;976;200643;171549;815;909656;821	1.0;1.0;1.0;1.0;1.0;1.0;1.0
k79_91519	2;976;200643;171549;815;816;820;997890	1.0;1.0;1.0;1.0;1.0;1.0;0.99993;0.99993
k79_91523	2;976;200643;171549;171550;239759;2585118	1.0;1.0;1.0;1.0;1.0;1.0;1.0
k79_43677	2;976;200643;171549;815;816;820;997890	1.0;1.0;1.0;1.0;1.0;1.0;1.0;1.0
k79_19300	2;1239;186801;3085636;186803;207244;649756;649757	1.0;1.0;1.0;1.0;1.0;0.99915;0.99915;0.99915
k79_6981	2;1239;186801;186802;31979;1485	0.99974;0.98801;0.98561;0.8997;0.89704;0.89698
k79_91532	2;1239;186801;3085636;186803;207244;649756;649757	1.0;1.0;1.0;1.0;1.0;1.0;1.0;1.0
k79_30780	2;1239;186801;3085636;186803;2316020;46228;471875	1.0;1.0;1.0;1.0;1.0;1.0;1.0;1.0
k79_55765	2;976;200643;171549;815;909656;387090	1.0;0.99994;0.99993;0.99993;0.99992;0.99973;0.99939
k79_19311	2;1239;186801;3085636;186803;1766253;39491;657318	1.0;1.0;1.0;1.0;1.0;1.0;1.0;0.99633
k79_55772	2;976;200643;171549;815;816;820;997890	1.0;1.0;1.0;1.0;0.99999;0.99844;0.99771;0.99771
k79_43688	2;1239;186801;3085636;186803;33042;410072	1.0;1.0;1.0;1.0;1.0;0.99934;0.99934
k79_6995	2;976;200643;171549;815;909656;387090	1.0;1.0;1.0;1.0;1.0;0.99995;0.99949
k79_55773	2;976;200643;171549;815;816;820;997890	1.0;1.0;1.0;1.0;1.0;1.0;1.0;1.0
k79_43689	2;1239;186801;3085636;186803;207244;649756;649757	1.0;1.0;1.0;1.0;1.0;1.0;1.0;1.0
k79_91537	2;1239;186801;186802;216572;1263;2564099	1.0;0.99999;0.99874;0.99874;0.99874;0.99874;0.66118
k79_79792	2;1239;186801;186802;3046368;3046369;3046383	1.0;1.0;0.99999;0.99999;0.99971;0.99971;0.99971
k79_79794	2;1239;186801;3085636;186803;1766253;39491;657317	0.99997;0.99882;0.99408;0.99379;0.99379;0.96522;0.96522;0.96034
k79_91547	2;1239;186801;186802;216572	0.99905;0.99459;0.69282;0.68997;0.68241
k79_67796	2;1239;186801;3085636;186803;572511;418240;1121115	1.0;1.0;1.0;1.0;1.0;1.0;1.0;1.0
k79_30791	2;1239;186801;186802;216572;1263;1160721	1.0;1.0;1.0;0.99988;0.99988;0.99988;0.99988
k79_43694	2157;28890;183925;2158;2159;2172;2173;420247	1.0;1.0;1.0;1.0;1.0;1.0;1.0;1.0
k79_7004	2759;7711;40674;9443;9604;9605;9606	0.84313;0.84313;0.84313;0.84313;0.84313;0.84313;0.84313
k79_30792	2;1239;186801;3085636;186803;207244;649756;649757	1.0;1.0;1.0;1.0;1.0;1.0;1.0;1.0
k79_91548	2;1239;186801;186802;216572;1263;2608920	0.99948;0.99946;0.99946;0.99944;0.99938;0.99938;0.99911
k79_55776	2;1239;186801;3085636;186803;572511;418240;1121115	1.0;1.0;1.0;1.0;1.0;1.0;0.99999;0.99999
k79_67803	2;1239;526524;526525;2810280;2678885;1982626	0.99999;0.99999;0.99999;0.99999;0.99999;0.99999;0.99999
k79_79797	2;976;200643;171549;815;816;820;997890	1.0;1.0;1.0;1.0;1.0;1.0;1.0;1.0
k79_43702	2;1239;186801;3085636;186803;1766253;39491;657318	1.0;1.0;1.0;1.0;1.0;1.0;1.0;0.97466
k79_55780	2;1239;909932;1843488;909930;33024;33025	1.0;0.99989;0.99954;0.99954;0.99954;0.99954;0.99954
k79_7017	2;1239;526524;526525;2810280;2678885;1982626	1.0;1.0;1.0;1.0;1.0;1.0;1.0
k79_19326	2157;28890;183925;2158;2159;2172;2173;420247	1.0;1.0;1.0;1.0;1.0;1.0;1.0;1.0
k79_91556	2;1239;526524;526525;2810280;2678885;1982626	1.0;1.0;1.0;1.0;1.0;1.0;1.0
k79_67812	2157;28890;183925;2158;2159;2172;2173;420247	1.0;1.0;1.0;1.0;1.0;1.0;1.0;1.0
k79_30811	2;976;200643;171549;815;816;820;997890	1.0;1.0;1.0;1.0;1.0;1.0;0.99999;0.99999
k79_67816	2157;28890;183925;2158;2159;2172;2173;420247	1.0;1.0;1.0;1.0;1.0;1.0;1.0;1.0
k79_7028	2;1239;186801;3085636;186803;2316020;46228;471875	0.99998;0.96577;0.96576;0.96576;0.96576;0.96365;0.96361;0.96361
k79_55793	2;1239;186801;3085636;186803;2569097;39488	1.0;1.0;1.0;1.0;1.0;0.99889;0.99889
k79_19335	2;1239;186801;3085636;186803;1766253;39491;657318	1.0;1.0;1.0;1.0;1.0;1.0;1.0;0.99767
k79_67817	2;976;200643;171549;815;816;818	1.0;0.96207;0.9618;0.96173;0.95577;0.95328;0.95238
k79_91559	2;976;200643;1970189;1471398;1471399;2706887	1.0;1.0;1.0;1.0;1.0;1.0;1.0
k79_55795	2157;28890;183925;2158;2159;2172;2173;420247	0.99992;0.99992;0.99992;0.99992;0.99992;0.99992;0.99761;0.99761
k79_19336	2;74201;203494;48461;1647988;239934;239935	1.0;1.0;1.0;1.0;1.0;1.0;1.0
k79_7030	2;1239;91061;1385;186817;2675232;3047871	1.0;0.99522;0.91004;0.90179;0.90177;0.90176;0.90176
k79_91564	2759;7711;40674;9443;9604;9605;9606	0.99944;0.99944;0.99944;0.99944;0.99944;0.99944;0.99944
k79_55803	2;1239;186801;3085636;186803;33042;410072	1.0;1.0;0.99999;0.99999;0.99999;0.99879;0.99879
k79_67831	2;1239;186801;3085636;186803;2719313;333367;518636	1.0;1.0;1.0;1.0;1.0;1.0;1.0;1.0
k79_7042	2;1239;186801;3085636;186803;1766253;39491;657317	1.0;1.0;1.0;1.0;1.0;1.0;1.0;0.99933
k79_30827	2;1239;909932;1843488;909930;33024;33025	0.99997;0.99995;0.81209;0.81209;0.81209;0.81209;0.81209
k79_91576	2;1239;526524;526525;2810280;2678885;1982626	1.0;0.99995;0.99974;0.99974;0.99974;0.99974;0.99974
k79_43718	2157;28890;183925;2158;2159;2172;2173;420247	1.0;1.0;1.0;1.0;1.0;1.0;0.99999;0.99999
k79_7052	2;1239;186801;3085636;186803;572511;418240;1121115	1.0;1.0;1.0;1.0;1.0;1.0;1.0;1.0
k79_30832	2157;28890;183925;2158;2159;2172;2173;420247	1.0;1.0;1.0;1.0;1.0;1.0;1.0;1.0
k79_91580	2;1239;909932;1843488;909930;33024;33025	1.0;1.0;0.99999;0.99999;0.99999;0.99999;0.99999
k79_79825	2157;28890;183925;2158;2159;2172;2173;420247	1.0;1.0;1.0;1.0;1.0;1.0;1.0;1.0
k79_19352	2;976;200643;171549;2005473;2518497;2094151	1.0;1.0;1.0;1.0;0.99998;0.99998;0.99998
k79_43723	2;1239;186801;3085636;186803;841;2763062	1.0;0.99995;0.99993;0.99983;0.99983;0.99375;0.99374
k79_30838	2;1239;186801;3085636;186803;572511;418240;1121115	1.0;1.0;1.0;1.0;1.0;1.0;1.0;1.0
k79_67851	2;1239;909932;1843488;909930;33024;33025	1.0;0.96537;0.718;0.718;0.718;0.718;0.718
k79_79829	2;1239;186801;3085636;186803;2316020;46228;471875	1.0;1.0;1.0;1.0;1.0;1.0;1.0;1.0
k79_67852	2;1239;186801;186802;3082771;2576755;2576756	1.0;1.0;0.99995;0.99968;0.99937;0.99936;0.99936
k79_91592	2;1239;186801;186802;216572;1263;2608920	1.0;1.0;1.0;1.0;1.0;1.0;1.0
k79_30854	2;976;200643;171549;815;816;28111	0.99726;0.99698;0.99698;0.93949;0.93128;0.85521;0.788
k79_7075	2;976;200643;171549;815;816;820;997890	1.0;1.0;1.0;1.0;1.0;1.0;1.0;1.0
k79_55818	2;1239;186801;3085636;186803;33042;33043	1.0;0.99971;0.99971;0.99971;0.99971;0.9997;0.9997
k79_67862	2;1239;186801;3085636;186803;207244;649756;649757	1.0;1.0;1.0;1.0;1.0;1.0;1.0;1.0
k79_43729	2;1239;186801;3085636;186803;572511;418240;1121115	1.0;1.0;1.0;1.0;1.0;1.0;1.0;1.0
k79_67872	2;1239;526524;526525;2810280;135858;2478954	1.0;0.99998;0.99974;0.99974;0.99974;0.99953;0.99953
k79_43737	2;1239;186801;3085636;186803;841;301301	1.0;1.0;1.0;1.0;1.0;0.99999;0.99983
k79_79838	2157;28890;183925;2158;2159;2172;2173;420247	1.0;1.0;1.0;1.0;1.0;1.0;1.0;1.0
k79_30871	2;1239;526524;526525;2810280;2678885;1982626	1.0;1.0;1.0;1.0;1.0;1.0;1.0
k79_91613	2157;28890;183925;2158;2159;2172;2173;420247	1.0;1.0;1.0;1.0;1.0;1.0;1.0;1.0
k79_19368	2;976;200643;171549;815;816;820;997890	1.0;1.0;1.0;1.0;1.0;1.0;1.0;1.0
k79_55844	2;1783272	0.99873;0.77837
k79_67883	2;1239;186801;3085636;186803;1766253;39491;657317	1.0;1.0;1.0;1.0;1.0;0.99999;0.99999;0.73125
k79_43744	2;1239;526524;526525;2810280;2678885;1982626	1.0;1.0;1.0;1.0;1.0;1.0;1.0
k79_43749	2;976;200643;171549;2005525;375288;46503	0.9999;0.87649;0.87459;0.87459;0.86724;0.86724;0.86723
k79_43751	2;1239;186801;3085636;186803;207244;649756;649757	1.0;1.0;1.0;1.0;1.0;1.0;1.0;1.0
k79_55862	2;1239;186801;3085636;186803;841;166486;657315	1.0;1.0;1.0;1.0;1.0;0.99999;0.99999;0.99998
k79_19394	2;1239;91061;1385;90964;1279;1280	0.99999;0.99952;0.87679;0.87679;0.87676;0.87675;0.87675
k79_19395	2;1239;186801;186802;216572;216851;853;718252	1.0;1.0;1.0;0.99996;0.99996;0.99996;0.99996;0.99996
k79_7096	2;976;200643;171549;815;816;820;997890	1.0;1.0;1.0;1.0;0.99999;0.99999;0.99995;0.99995
k79_55874	2;976;200643;171549;815;816;817;997879	1.0;1.0;1.0;1.0;0.99999;0.99941;0.99939;0.99929
k79_67901	2;1239;186801;3085636;186803;2316020;46228;471875	1.0;1.0;1.0;1.0;1.0;0.99999;0.99999;0.99999
k79_19401	2;1239;186801;3085636;186803;1766253;39491;657317	1.0;0.99999;0.99999;0.99962;0.99962;0.99962;0.99962;0.7536
k79_43782	2;1239;186801;3085636;186803;841;301301	1.0;1.0;1.0;0.99999;0.99999;0.99999;0.99999
k79_30892	2;1239;186801;3085636;186803;1766253;39491;657318	1.0;1.0;1.0;1.0;1.0;0.99992;0.99992;0.99944
k79_7104	2;976;200643;171549;815;816;674529	1.0;1.0;1.0;1.0;0.99984;0.9995;0.99662
k79_43783	2;976;200643;171549;815;816;820;997890	1.0;1.0;1.0;1.0;1.0;1.0;1.0;1.0
k79_30893	2;976;200643;171549;815;816;820;997890	1.0;1.0;1.0;1.0;1.0;1.0;0.99997;0.99997
k79_43789	2;1239;186801;3085636;186803;1766253;39491;657318	1.0;1.0;1.0;1.0;1.0;1.0;1.0;0.62683
k79_91667	2;976;200643;171549;2005473;2518495;2518971	1.0;0.99999;0.99999;0.99999;0.99998;0.99998;0.99998
k79_43792	2;1239;526524;526525;2810280;2678885;1982626	0.99996;0.99995;0.99935;0.99935;0.99935;0.99935;0.99935
k79_67905	2;1239;186801;3085636;186803;33042;116085	1.0;1.0;1.0;1.0;1.0;1.0;1.0
k79_67909	2;1224;1236;135619;2066474;305899;1234143	0.99998;0.80583;0.80556;0.80555;0.80465;0.80465;0.80465
k79_91674	2;1224;1236;1706369;1706373;48073;252514	0.99999;0.57469;0.57427;0.55673;0.55673;0.55673;0.55673
k79_19422	2;1239;186801;3085636;186803;572511;418240;1121115	1.0;1.0;1.0;1.0;1.0;1.0;1.0;1.0
k79_7108	2;976;200643;171549;815;816;47678;997873	1.0;0.9999;0.9999;0.9999;0.99987;0.99847;0.98819;0.98819
k79_30908	2;976;200643;171549;815;816;820;997890	1.0;1.0;1.0;1.0;1.0;1.0;0.99999;0.99999
k79_55903	2;1239;186801;186802;216572	1.0;0.61077;0.53452;0.52068;0.51903
k79_79884	2;976;200643;171549;815;816;820;997890	1.0;1.0;1.0;1.0;1.0;1.0;1.0;1.0
k79_7114	2;1239;186801;3085636;186803;1766253;39491;657317	1.0;0.99997;0.99997;0.99973;0.99973;0.99973;0.99973;0.99561
k79_91682	2;1224;1236;91347;543;413496;535744;1074000	0.99997;0.99942;0.99942;0.99942;0.99942;0.99942;0.99942;0.99942
k79_43800	2;1239;186801;3085636;186803;189330;88431	1.0;1.0;1.0;1.0;1.0;0.99979;0.99979
k79_7122	2;1239;526524;526525;2810280;2678885;1982626	1.0;1.0;1.0;1.0;1.0;1.0;1.0
k79_7124	2;976;200643;171549;815;816;820;997890	1.0;1.0;1.0;1.0;1.0;1.0;1.0;1.0
k79_30924	2;1239;186801;3085636;186803;841	0.99988;0.99903;0.9952;0.97968;0.97968;0.56707
k79_43810	2;1239;186801;3085636;186803;1506553;29347	1.0;1.0;1.0;0.99999;0.99999;0.99984;0.99984
k79_19454	2;1239;186801;186802;216572;216851;2646395	1.0;1.0;1.0;1.0;1.0;1.0;1.0
k79_43811	2;976;200643;171549;815;909656;376805;667015	1.0;0.99998;0.99998;0.99998;0.99989;0.99989;0.99989;0.99989
k79_19457	2;1239;186801;3085636;186803;572511;418240;1121115	1.0;1.0;1.0;1.0;1.0;1.0;1.0;1.0
k79_67925	2;976;200643;171549;815;909656;387090	1.0;1.0;1.0;1.0;0.99997;0.99993;0.99993
k79_91692	2;976;200643;171549;815;816;2650157	0.99996;0.92285;0.92284;0.92284;0.91057;0.91057;0.70061
k79_79895	2;976;200643;171549;815;816;820;997890	1.0;1.0;0.99998;0.99998;0.99998;0.9999;0.99981;0.99981
k79_43817	2;1239;526524;526525;2810280;2678885;1982626	1.0;1.0;1.0;1.0;0.99993;0.99993;0.99993
k79_7125	2;1239;526524;526525;2810280;2678885;1982626	1.0;1.0;1.0;1.0;1.0;1.0;1.0
k79_43818	2;1239;186801;3085636;186803;841;166486;657315	1.0;1.0;1.0;1.0;1.0;0.99991;0.99955;0.99872
k79_91694	2;1239;526524;526525;2810280;2678885;1982626	1.0;1.0;1.0;1.0;1.0;1.0;1.0
k79_7132	2;1239;526524;526525;2810280;2678885;1982626	1.0;1.0;0.99999;0.99999;0.99999;0.99999;0.99999
k79_67927	2;976;200643;171549;815;816;820;997890	1.0;0.99999;0.99999;0.99999;0.99998;0.99986;0.99804;0.99804
k79_79909	2;976;200643;1970189;1471398;1573808;1639118	1.0;1.0;1.0;0.99952;0.99952;0.99952;0.99952
k79_91703	2;976;200643;171549;815;816;28111	1.0;0.99995;0.99995;0.99995;0.99995;0.99995;0.99995
k79_67933	2;976;200643;171549;815;816;820;997890	1.0;1.0;1.0;1.0;1.0;1.0;0.99999;0.99999
k79_91710	2;1239;186801;3085636;186803;1766253;39491;657317	1.0;0.98389;0.98381;0.97873;0.97873;0.76297;0.76297;0.70175
k79_43823	2157;28890;183925;2158;2159;2172;2173;420247	1.0;1.0;1.0;1.0;1.0;1.0;1.0;1.0
k79_79918	2;1239;186801;3085636;186803;1506553;29347	1.0;1.0;1.0;1.0;1.0;0.99982;0.99982
k79_79923	2;1239;186801;3085636;186803;572511;418240;1121115	1.0;1.0;1.0;1.0;1.0;1.0;0.99994;0.99994
k79_30951	2;976;200643;171549;2005525;375288;823;999416	1.0;1.0;1.0;1.0;1.0;1.0;1.0;1.0
k79_91737	2;1239;526524;526525;2810280;2678885;1982626	1.0;1.0;0.99999;0.99999;0.99999;0.99999;0.99999
k79_19493	2759;7711;40674;9443;9604;9605;9606	0.99657;0.99657;0.99657;0.99657;0.99657;0.99657;0.99657
k79_79945	2;1239;526524;526525;2810280;2678885;1982626	1.0;1.0;1.0;1.0;1.0;1.0;1.0
k79_55956	2;976;200643;171549;2005525;375288;328812	1.0;0.99929;0.99928;0.99928;0.99909;0.99909;0.99897
k79_67957	2;1239;186801	0.98688;0.92546;0.73727
k79_7139	2;976;200643;171549;815;816;817;997879	1.0;1.0;1.0;1.0;0.99995;0.99995;0.99989;0.99987
k79_7141	2157;28890;224756;94695;2206;2207;2208;1434109	0.99933;0.99933;0.99933;0.99933;0.99933;0.99933;0.99933;0.99933
k79_30973	2;976;200643;171549;815;816;246787	1.0;0.99994;0.99994;0.99994;0.99994;0.99987;0.99841
k79_43854	2;1239;186801;3085636;186803;841;301301	1.0;0.99905;0.99857;0.99814;0.99814;0.99103;0.94096
k79_7142	2;976;200643;171549;815;816	0.99947;0.74456;0.74303;0.74158;0.73258;0.53906
k79_79947	2;1239;186801;3085636;186803;841;166486;718255	1.0;1.0;1.0;1.0;1.0;0.99988;0.99976;0.9893
k79_55964	2;976;200643;171549;815;909656;821	1.0;0.99994;0.99994;0.99994;0.99994;0.99988;0.99988
k79_79949	2;976;200643;171549;815;816;820;997890	1.0;1.0;1.0;1.0;0.99997;0.99996;0.99315;0.99315
k79_7152	2;1239;186801;3085636;186803;841;166486;657315	1.0;1.0;1.0;0.99993;0.99993;0.99993;0.99993;0.9999
k79_19512	2;1239;186801;3085636;186803;1766253;39491	1.0;0.99986;0.99984;0.99919;0.99919;0.84882;0.84882
k79_79951	2;1239;186801;186802;216572;1263;2608920	0.73966;0.73945;0.73833;0.72854;0.72844;0.72844;0.72844
k79_91785	2;976;200643;171549;815;816;246787	1.0;1.0;1.0;1.0;0.99999;0.99974;0.99768
k79_7156	2;1239;186801;3085636;186803;1766253;39491;657318	1.0;1.0;1.0;1.0;1.0;1.0;1.0;0.99867
k79_30986	2759;7711;40674;9443;9604;9605;9606	0.52003;0.52003;0.52003;0.52003;0.52003;0.52003;0.52003
k79_55970	2;1239;526524;526525;2810280;2678885;1982626	1.0;1.0;1.0;1.0;1.0;1.0;1.0
k79_91787	2;1239;186801;3082720;186804;1870884;1496	0.99995;0.99896;0.99891;0.91849;0.91849;0.91849;0.91849
k79_19519	2;976;200643;171549;815;909656;821	1.0;1.0;1.0;1.0;1.0;1.0;1.0
k79_79960	2;1239;526524;526525;2810280;3025755;1547	1.0;1.0;0.99997;0.99997;0.99995;0.99992;0.99992
k79_7166	2;1239;186801;3085636;186803;572511;418240;1121115	1.0;1.0;1.0;1.0;1.0;1.0;0.99999;0.99999
k79_55978	2;976;200643;171549;171552;577309;454154	1.0;1.0;1.0;1.0;1.0;1.0;1.0
k79_67965	2;976;200643;171549;815;816;2715212	0.99997;0.99993;0.99993;0.99993;0.99988;0.99988;0.99969
k79_55986	2;1239;186801;3085636;186803;1766253;39491;657317	1.0;1.0;1.0;1.0;1.0;0.99958;0.99958;0.71938
k79_91802	2;976;200643;171549;815;816;820;997890	1.0;0.99999;0.99999;0.99999;0.99999;0.99999;0.99997;0.99997
k79_43882	2;976;200643;171549;815;816;2763022	1.0;1.0;1.0;1.0;1.0;1.0;1.0
k79_7174	2;976;200643;171549;815;816;817;862962	1.0;0.99998;0.99998;0.99998;0.99996;0.99996;0.99992;0.99992
k79_67970	2	0.98707
k79_79976	2;1239;909932;1843488;909930;33024;33025	0.99996;0.9997;0.99956;0.99956;0.99956;0.99956;0.99956
k79_67973	2;1239;186801;3085636;186803;2316020;33038	1.0;1.0;1.0;1.0;1.0;0.99998;0.99998
k79_30999	2;1239;186801;186802;31979;1485;2068654	1.0;0.99993;0.99781;0.99735;0.99734;0.99734;0.98363
k79_7182	2;1239;186801;3085636;186803;2316020;46228;471875	1.0;1.0;1.0;1.0;1.0;1.0;1.0;1.0
k79_43892	2;976;200643;171549;171550;239759;2585118	1.0;0.99987;0.99987;0.99987;0.99986;0.99986;0.99986
k79_67981	2;1239;186801;3085636;186803;1766253;39491;657318	1.0;0.99985;0.99985;0.99985;0.99985;0.99977;0.99977;0.99908
k79_56005	2;1239;186801;3085636;186803;189330;88431	1.0;0.99868;0.99868;0.99867;0.99867;0.99854;0.99854
k79_19550	2157;28890;183925;2158;2159;2172;2173;420247	0.97233;0.97233;0.97233;0.97233;0.97233;0.97233;0.9721;0.9721
k79_31004	2;976;200643;171549;815;909656;387090	1.0;0.99899;0.99899;0.99899;0.99899;0.9988;0.99879
k79_7189	2;976;200643;171549;815;816;818	1.0;0.99999;0.99999;0.99999;0.99999;0.99992;0.99982
k79_56013	2;976;200643;171549;815;816;820;997890	1.0;1.0;1.0;1.0;1.0;1.0;1.0;1.0
k79_31005	2;1239;186801;3085636;186803;572511;418240;1121115	1.0;1.0;1.0;1.0;1.0;1.0;1.0;1.0
k79_67990	2;1239;186801;186802;216572;1263;2608920	1.0;1.0;1.0;1.0;1.0;1.0;0.99999
k79_56014	2;976;200643;171549;815;909656;357276;997877	1.0;1.0;1.0;1.0;0.99999;0.99992;0.99992;0.99992
k79_43893	2;1239;186801;3085636;186803;207244;649756;649757	1.0;1.0;0.99993;0.99991;0.99991;0.99991;0.99991;0.99991
k79_67994	2;29547;3031852;213849;2808963;2321111;28198;1032071	1.0;0.9999;0.9999;0.9999;0.9999;0.9999;0.9999;0.9999
k79_80008	2;976;200643;171549;2005525;375288;823;999416	0.99998;0.98471;0.9847;0.9847;0.98456;0.98456;0.98456;0.98456
k79_7202	2;1239;186801;3085636;186803;572511;2479767	1.0;1.0;1.0;0.99999;0.99999;0.99999;0.99999
k79_19575	2157;28890;183925;2158;2159;2172;2173;420247	1.0;1.0;1.0;1.0;1.0;1.0;0.99997;0.99997
k79_56023	2;1239;186801;3085636;186803;572511;418240;1121115	1.0;1.0;1.0;1.0;1.0;1.0;1.0;1.0
k79_19577	2157;28890;183925;2158;2159;2172;2173;420247	1.0;1.0;1.0;1.0;1.0;1.0;0.99997;0.99997
k79_80012	2;1239;526524;526525;2810280;2678885;1982626	0.99999;0.93352;0.93331;0.93331;0.93329;0.93329;0.93329
k79_31032	2;976;200643;171549;815;816;820;997890	1.0;1.0;0.99999;0.99997;0.9995;0.99815;0.99344;0.99344
k79_91828	2;1239;526524;526525;2810280;2678885;1982626	0.9877;0.9877;0.9877;0.9877;0.9877;0.9877;0.9877
k79_31036	2;976;200643;171549;815;816;291644	1.0;0.99995;0.99995;0.99995;0.99994;0.99955;0.99871
k79_19593	2;1239;186801;3085636;186803;28050;39485;515620	0.99979;0.99953;0.99887;0.99841;0.99841;0.99177;0.99177;0.99177
k79_80028	2;1239;186801;3085636;186803;841;2763062	1.0;0.99998;0.99998;0.99996;0.99996;0.99996;0.99993
k79_31041	2;1239;526524;526525;2810280;2678885;1982626	1.0;1.0;1.0;1.0;1.0;1.0;1.0
k79_68011	2;200940;3024418;213118;213119;2289;240139	1.0;0.98899;0.98899;0.98899;0.98899;0.98899;0.98899
k79_7233	2;1239;186801;186802;216572;1263;2608920	1.0;1.0;0.99999;0.99999;0.99999;0.99999;0.99999
k79_19604	2;976;200643;171549;815;816;820;997890	1.0;1.0;1.0;1.0;1.0;1.0;1.0;1.0
k79_7235	2;976;200643;171549;815;909656;821	1.0;1.0;1.0;1.0;1.0;1.0;1.0
k79_80035	2;1239;186801;3085636;186803;841;301301	1.0;1.0;1.0;1.0;1.0;0.99999;0.99998
k79_91855	2;976;200643;171549;815;816;28113	1.0;1.0;1.0;1.0;1.0;0.99998;0.99997
k79_56040	2;976;200643;171549;815;909656;376805;667015	1.0;1.0;1.0;1.0;1.0;0.98581;0.98574;0.98574
k79_7248	2;1239;91061;1385;186822;44249;414771	1.0;0.99885;0.95783;0.95772;0.95771;0.95771;0.95762
k79_19619	2;1239;186801;3085636;186803;1766253;39491;657317	0.99999;0.92333;0.92332;0.92331;0.92331;0.89789;0.89789;0.89748
k79_91867	2;1239;186801;3085636;186803;572511;418240;1121115	1.0;1.0;1.0;1.0;1.0;1.0;1.0;1.0
k79_31068	2;1239;186801;3085636;186803;2316020;46228;471875	1.0;1.0;1.0;1.0;1.0;1.0;1.0;1.0
k79_19626	2;1239;186801;3085636;186803;33042;410072	1.0;1.0;1.0;1.0;1.0;0.99974;0.99974
k79_80044	2157;28890;183925;2158;2159;2172;2173;420247	1.0;1.0;1.0;1.0;1.0;1.0;1.0;1.0
k79_19628	2;976;200643;171549;815;909656;821	1.0;1.0;0.99998;0.9999;0.99908;0.99424;0.98804
k79_91878	2157;28890;183925;2158;2159;2172;2173;420247	1.0;1.0;1.0;1.0;1.0;1.0;1.0;1.0
k79_80046	2;1239;186801;3085636;186803;1766253;39491;657317	1.0;1.0;1.0;1.0;1.0;1.0;1.0;0.9997
k79_7271	2;1239;186801;3085636;186803;572511;418240;1121115	1.0;1.0;1.0;1.0;1.0;1.0;1.0;1.0
k79_80051	2;1239;186801;186802;216572;1263;2608920	1.0;1.0;0.99999;0.99996;0.99996;0.99996;0.99996
k79_19639	2;976;200643;171549;815;816;371601;657309	1.0;1.0;0.99999;0.99999;0.99976;0.99974;0.99973;0.99973
k79_56080	2;1239;186801;3085636;186803;1766253;39491;657318	1.0;1.0;1.0;1.0;1.0;1.0;1.0;0.99995
k79_31076	2;976;200643;171549;815;816;820;997890	1.0;1.0;1.0;1.0;1.0;1.0;0.99998;0.99998
k79_68032	2;976;200643;171549;815;816;2650157	0.98858;0.96913;0.96879;0.96879;0.92439;0.92439;0.78417
k79_56081	2;1239;186801;3085636;186803;33042;410072	1.0;1.0;1.0;1.0;1.0;1.0;1.0
k79_19641	2;1239;186801;3085636;186803;572511;418240;1121115	1.0;1.0;1.0;1.0;1.0;1.0;0.99991;0.99991
k79_19643	2;1239;526524;526525;2810280;3025755;29348;428126	1.0;1.0;0.99998;0.99998;0.99998;0.99998;0.99998;0.99998
k79_91880	2;976;200643;171549;2005525;375288;823;999416	1.0;1.0;1.0;1.0;1.0;1.0;1.0;1.0
k79_80065	2;976;200643;171549;815;909656;357276;997877	1.0;1.0;1.0;1.0;1.0;0.71568;0.71567;0.71567
k79_7288	2;1239;186801;3085636;186803;841;2763062	1.0;0.99993;0.99991;0.99982;0.99982;0.99954;0.99939
k79_19653	2157;28890;183925;2158;2159;2172;2173;420247	1.0;1.0;1.0;1.0;1.0;1.0;1.0;1.0
k79_7289	2;1239;186801;3085636;186803;2316020;46228;471875	1.0;1.0;1.0;1.0;1.0;0.99999;0.99999;0.99999
k79_80067	2;976;200643;171549;815;816;820;997890	1.0;1.0;1.0;1.0;1.0;1.0;1.0;1.0
k79_19658	2;1239;186801;3085636;186803;572511;418240;1121115	1.0;1.0;1.0;1.0;1.0;1.0;1.0;1.0
k79_80074	2;976;200643;171549;815;909656;387090	1.0;0.99997;0.99997;0.99997;0.99912;0.97638;0.97608
k79_7295	2;976;200643;171549;815;816;28116	1.0;1.0;1.0;1.0;1.0;1.0;0.99996
k79_91890	2;976;200643;171549;2005525;375288;823;999416	1.0;0.99991;0.99991;0.99991;0.9999;0.9999;0.9999;0.9999
k79_56115	2;1239;186801;3085636;186803;572511;418240;1121115	1.0;1.0;0.99999;0.99999;0.99999;0.99993;0.99992;0.99992
k79_80082	2;544448;31969;186328;2131;2132;216945;1276229	1.0;0.98672;0.98672;0.98672;0.98672;0.98672;0.98672;0.98672
k79_43969	2;1239;186801;3085636;186803;33042;116085	1.0;1.0;1.0;1.0;1.0;1.0;1.0
k79_80083	2;1239;186801;3085636;186803;572511;418240;1121115	1.0;1.0;1.0;1.0;1.0;1.0;1.0;1.0
k79_31097	2;1239;186801;186802;216572;1263;2608920	1.0;0.99999;0.99999;0.99999;0.99999;0.99999;0.99994
k79_43970	2;1239;186801;3085636;186803;1766253;39491	0.96929;0.9499;0.94989;0.83376;0.83376;0.83289;0.83289
k79_43971	131567	0.99989
k79_56123	2;976;117747;200666;84566;28453;662858	1.0;1.0;0.99999;0.99999;0.99999;0.99999;0.99999
k79_68061	2;1239;186801;186802;216572;216851;411483	1.0;0.93671;0.9367;0.93138;0.93135;0.93112;0.92296
k79_31101	2;976;200643;171549;2005525;375288;823;999416	1.0;0.99994;0.99994;0.99994;0.99985;0.99985;0.99985;0.99985
k79_80087	2;1239;186801;3085636;186803;841;166486;657315	1.0;1.0;1.0;1.0;1.0;1.0;1.0;0.99904
k79_91914	2;1239;91061;1385;186820;1637;1639	1.0;1.0;1.0;1.0;1.0;1.0;1.0
k79_56126	2;1239;186801;186802;216572;1263;2608920	1.0;0.99999;0.99999;0.99999;0.99999;0.99999;0.99999
k79_68068	2;1239;91061;1385;186822;44249;189691	1.0;0.99996;0.99766;0.99766;0.99766;0.99766;0.99765
k79_80088	2;1239;186801;186802;216572;1263;2608920	0.99998;0.99991;0.99977;0.99897;0.99889;0.99886;0.99789
k79_91915	2759;7711;40674;9443;9604;9605;9606	0.9733;0.9733;0.9733;0.9733;0.9733;0.9733;0.9733
k79_68069	2;976;200643;171549;2005525;375288;823;999416	1.0;1.0;1.0;1.0;1.0;1.0;1.0;1.0
k79_7329	2;976;200643;171549;2005525;375288;823;999416	1.0;1.0;1.0;1.0;0.99999;0.99999;0.99999;0.99999
k79_80094	2;976;200643;171549;815;816;820;997890	1.0;1.0;1.0;1.0;1.0;1.0;0.99991;0.99991
k79_91919	2;1239;186801;3085636;186803;572511;418240;1121115	1.0;1.0;1.0;1.0;1.0;1.0;1.0;1.0
k79_43990	2;1239;526524;526525;2810280;2678885;1982626	1.0;1.0;1.0;1.0;1.0;1.0;1.0
k79_68075	2;976;200643;171549;815;816;820;997890	1.0;1.0;1.0;1.0;0.99994;0.99991;0.86211;0.86211
k79_91921	2;1239;186801;3085636;186803;572511;53443;476272	1.0;1.0;1.0;1.0;1.0;1.0;1.0;1.0
k79_7333	2;1239;186801;3085636;186803;33042;410072	1.0;1.0;1.0;1.0;1.0;0.99988;0.99988
k79_19681	2;976;200643;171549;815;816;820;997890	1.0;1.0;1.0;1.0;1.0;1.0;0.99999;0.99999
k79_31127	2;1239;186801;186802;216572;2834348;2666138	0.99978;0.91124;0.88835;0.63839;0.63431;0.5992;0.5992
k79_19689	2;1239;91061;1385;186817;1386;98228	1.0;1.0;0.99999;0.99999;0.99999;0.99999;0.99999
k79_56148	2;1239;186801;3085636;186803;2569097;39488	1.0;1.0;1.0;1.0;1.0;0.99995;0.99995
k79_68093	2;976;200643;171549;815;816;338188	1.0;0.99998;0.99998;0.99998;0.99997;0.99997;0.99959
k79_31133	2;976;200643;171549;815;816;820;997890	1.0;1.0;1.0;1.0;1.0;1.0;1.0;1.0
k79_19693	2;976;200643;171549;815;816;162156	1.0;1.0;1.0;1.0;1.0;1.0;1.0
k79_7336	2;1239;186801;3085636;186803;841;166486;718255	1.0;0.99996;0.99984;0.99983;0.99983;0.58279;0.57857;0.5128
k79_44013	2;1239;526524;526525;2810280;2678885;1982626	1.0;1.0;1.0;1.0;1.0;1.0;1.0
k79_56155	2;1239;186801;186802;216572;1263;1161942	1.0;1.0;1.0;1.0;0.99999;0.99999;0.99943
k79_80123	2;976;117743;200644;49546;237;3003258	0.96051;0.73774;0.73586;0.73586;0.73572;0.73571;0.735
k79_68113	2;976;200643;171549;2005525;375288;823;999416	1.0;1.0;1.0;1.0;1.0;1.0;1.0;1.0
k79_56157	2;976;200643;171549;815;816;820;997890	1.0;1.0;1.0;1.0;1.0;1.0;0.99998;0.99998
k79_80126	2;976;200643;171549;815;816;162156	1.0;0.99999;0.99999;0.99999;0.99999;0.99997;0.99872
k79_56162	2;976;200643;171549;815;816;162156	0.96629;0.96625;0.96624;0.96624;0.96622;0.96621;0.96246
k79_44020	2;1239;186801;3085636	0.99715;0.98906;0.97815;0.97149
k79_31165	2;1239;186801;3085636;186803;572511;418240;1121115	1.0;1.0;1.0;1.0;1.0;1.0;1.0;1.0
k79_80132	2;1239;186801;3085636;186803;2316020;46228;471875	1.0;0.99972;0.80634;0.70653;0.70622;0.66166;0.66151;0.66151
k79_44029	2;1239;186801;3085636;186803;1766253;39491;657318	1.0;1.0;0.99999;0.99997;0.99997;0.99986;0.99986;0.99963
k79_91982	2;1239;526524;526525;2810280;2678885;1982626	1.0;1.0;0.99986;0.99986;0.99985;0.99985;0.99985
k79_56179	2;1239;186801;186802;216572;216851;411483	1.0;0.99999;0.99997;0.99988;0.99988;0.71953;0.71919
k79_80142	2;1239;186801;186802;216572;1263;2608920	1.0;1.0;1.0;0.99999;0.99973;0.99973;0.99969
k79_7351	2;976;200643;171549;815;816;820;997890	1.0;1.0;1.0;1.0;1.0;1.0;0.99993;0.99993
k79_56185	2;976;200643;171549;815;909656;387090	1.0;1.0;1.0;1.0;0.99999;0.99999;0.99999
k79_80143	2;1239;186801;186802;216572;216851;853;657322	1.0;1.0;1.0;0.99998;0.99998;0.99995;0.99984;0.99521
k79_91992	2;1239;526524;526525;2810280;2678885;1982626	0.99999;0.99915;0.99776;0.99776;0.99771;0.99771;0.99771
k79_68131	2;976;200643;171549;815;909656;821	1.0;1.0;1.0;1.0;0.99999;0.99999;0.99999
k79_7358	2759;7711;40674;9443;9604;9605;9606	0.99881;0.99881;0.99881;0.99881;0.99881;0.99881;0.99881
k79_80146	2;1239;526524;526525;2810280;2678885;1982626	1.0;1.0;0.99989;0.99989;0.99989;0.99989;0.99989
k79_80147	2;976;200643;171549;2005525;375288;823;999416	1.0;1.0;1.0;1.0;0.99998;0.99998;0.99998;0.99998
k79_68135	2;1239;186801;3085636;186803;1766253;39491;657317	1.0;1.0;1.0;1.0;1.0;1.0;1.0;0.50144
k79_92000	2157;28890;183925;2158;2159;2172;2173;420247	0.99999;0.99999;0.99999;0.99999;0.99999;0.99999;0.99969;0.99969
k79_56195	2;1239;186801;3085636;186803;2316020;46228;471875	0.99999;0.99996;0.99995;0.99995;0.99994;0.99298;0.99262;0.99262
k79_68138	2;1239;186801;3085636;186803;33042;410072	1.0;1.0;0.99999;0.99999;0.99999;0.99889;0.99889
k79_92004	2759;7711;40674;9443;9604;9605;9606	0.98575;0.98575;0.98575;0.98575;0.98575;0.98575;0.98575
k79_31182	2;976;200643;171549;815;816;162156	1.0;0.99997;0.99997;0.99997;0.99997;0.99997;0.99995
k79_44041	2;1239;186801;3085636;186803;33042;410072	1.0;1.0;1.0;1.0;1.0;1.0;1.0
k79_19722	2;1239;186801;3085636;186803;572511;418240;1121115	1.0;1.0;1.0;1.0;1.0;1.0;1.0;1.0
k79_56204	2;1239;186801;186802;216572;1263;2608920	0.99999;0.99998;0.99998;0.99996;0.99996;0.99996;0.99996
k79_80162	2;976;200643;171549;1853231;574697;2093856	1.0;1.0;1.0;1.0;0.99821;0.99821;0.99821
k79_68142	2;1239;186801;3085636;186803;841;166486;718255	1.0;1.0;1.0;1.0;1.0;1.0;0.99997;0.8301
k79_31194	2;976;200643;171549;815;816;820;997890	1.0;0.99973;0.99956;0.99956;0.98894;0.85278;0.79326;0.79326
k79_44047	2;976;200643;171549;815;816;329854	1.0;1.0;1.0;1.0;1.0;1.0;1.0
k79_31196	2;1224;28211;356;82115;357;2735528	0.99989;0.68792;0.68789;0.68789;0.68777;0.68777;0.68777
k79_31197	2;1239;186801;3085636;186803;1766253;39491;657317	1.0;0.99999;0.99999;0.99999;0.99999;0.99425;0.99425;0.99296
k79_19741	2;976;200643;171549;815;816;820;997890	1.0;1.0;1.0;1.0;1.0;1.0;1.0;1.0
k79_92025	2157;28890;183925;2158;2159;2172;2173;420247	1.0;1.0;1.0;1.0;1.0;1.0;0.99999;0.99999
k79_44055	2;976;200643;171549;815;816;820;997890	1.0;0.99999;0.99999;0.99999;0.99999;0.99998;0.9999;0.9999
k79_80184	2;1239;186801;3085636;186803;572511;40520;657314	0.99935;0.7883;0.78373;0.77632;0.77621;0.64824;0.59798;0.59794
k79_56212	2;1239;526524;526525;2810280;2678885;1982626	1.0;1.0;1.0;1.0;1.0;1.0;1.0
k79_44062	2157;28890;183925;2158;2159;2172;2173;420247	1.0;1.0;1.0;1.0;1.0;1.0;0.99997;0.99997
k79_68153	2;1239;186801;3085636;186803;2316020;46228;471875	1.0;1.0;1.0;1.0;1.0;1.0;1.0;1.0
k79_80196	2;1239;186801;3085636;186803;1766253;39491;657317	1.0;1.0;1.0;1.0;1.0;1.0;1.0;0.99968
k79_56221	2;976;200643;171549;815;816;246787	0.99988;0.9998;0.99893;0.99889;0.99757;0.99188;0.81965
k79_92050	2;1239;526524;526525;2810280;2678885;1982626	1.0;1.0;1.0;1.0;1.0;1.0;1.0
k79_56227	2;1239;909932;1843488;909930;33024;33025	0.99999;0.99999;0.99999;0.99999;0.99999;0.99999;0.99999
k79_80205	2;976;200643;171549;815;816;674529	1.0;0.99998;0.99998;0.99998;0.99998;0.99997;0.99988
k79_19754	2;1239;909932;1843488;909930;33024;33025	1.0;1.0;0.99999;0.99999;0.99999;0.99999;0.99999
k79_44064	2;1239;909932;1843488;909930;33024;33025	0.99999;0.99994;0.99956;0.99956;0.99956;0.99956;0.99956
k79_19757	2;1239;526524;526525;2810280;2678885;1982626	1.0;1.0;1.0;1.0;1.0;1.0;1.0
k79_44066	2;976;200643;171549;815;909656;821	1.0;1.0;1.0;1.0;1.0;1.0;1.0
k79_92058	2;1239;186801;186802;216572;1263;2608920	1.0;1.0;1.0;1.0;1.0;1.0;1.0
k79_19758	2;1239;186801;3085636;186803;572511;418240;1121115	1.0;1.0;1.0;1.0;1.0;1.0;1.0;1.0
k79_68159	2;976;200643;171549;815;909656;387090	1.0;0.99999;0.99999;0.99999;0.99997;0.99949;0.99947
k79_80217	2;976;200643;171549;815;816;47678;997873	1.0;1.0;0.99997;0.99997;0.99997;0.99997;0.99997;0.99997
k79_56228	2;1239;186801;3085636;186803;33042;410072	1.0;0.99997;0.99996;0.99882;0.99882;0.99768;0.99768
k79_44074	2;976;200643;171549;815;816;820;997890	1.0;1.0;1.0;1.0;1.0;0.99999;0.99998;0.99998
k79_80221	2;976;200643;171549;815;816;46506;449673	1.0;0.99992;0.99992;0.99992;0.99982;0.99971;0.99968;0.99968
k79_56232	2;1239;186801;186802;216572;3048127;2966552	1.0;1.0;1.0;1.0;1.0;1.0;1.0
k79_68176	2;1239;186801;3085636;186803;33042;410072	1.0;1.0;1.0;1.0;1.0;0.99996;0.99996
k79_56240	2;1239;186801;3085636;186803;1766253;39491;657318	1.0;1.0;1.0;1.0;1.0;0.99985;0.99985;0.65058
k79_92070	2;1239;186801;186802;31979;1485;1502	1.0;1.0;1.0;1.0;0.99999;0.99999;0.99999
k79_31226	2;1239;186801;3085636;186803;572511;418240;1121115	1.0;1.0;1.0;1.0;1.0;0.99999;0.99999;0.99999
k79_19761	2;1239;526524;526525;2810280;2678885;1982626	1.0;1.0;1.0;1.0;1.0;1.0;1.0
k79_31230	2;1239;186801;3085636;186803;572511;418240;1121115	1.0;1.0;1.0;0.99993;0.99993;0.99992;0.99983;0.99983
k79_44089	2;1239;186801;3085636;186803;33042;410072	1.0;0.98304;0.71765;0.71742;0.71742;0.70787;0.70787
k79_92082	2;1239;186801;3085636;186803;1766253;39491;657317	1.0;1.0;1.0;1.0;1.0;1.0;1.0;0.99991
k79_31232	2;1239;186801;3085636;186803;33042;410072	1.0;1.0;1.0;1.0;1.0;0.99805;0.99805
k79_19767	2;1239;186801;3085636;186803	0.99994;0.99979;0.99969;0.99463;0.99463
k79_80244	2;1239;186801;3085636;186803;1766253;39491;657317	1.0;0.99999;0.99999;0.99999;0.99999;0.99997;0.99997;0.99993
k79_92085	2;1239;186801;3085636;186803;1766253;39491;657317	1.0;1.0;1.0;1.0;1.0;0.9983;0.9983;0.93257
k79_31234	2;976;200643;171549;2005525;375288;823;999416	1.0;1.0;1.0;1.0;1.0;1.0;1.0;1.0
k79_7445	2;1239;186801;3085636;186803;1766253;39491;657317	1.0;1.0;1.0;1.0;1.0;0.99997;0.99997;0.99794
k79_44101	2;976;200643;171549;815;816;2528203	1.0;1.0;1.0;1.0;0.99995;0.99995;0.98963
k79_19773	2;1239;526524;526525;2810280;2678885;1982626	1.0;1.0;0.99997;0.99997;0.99997;0.99997;0.99997
k79_92095	2;1239;186801;3085636;186803;2316020;33038	1.0;1.0;1.0;1.0;1.0;0.99991;0.99991
k79_68178	2;1239;186801;3085636;186803;841;1261635	1.0;1.0;0.99998;0.99998;0.99998;0.99984;0.99979
k79_56253		
k79_56265	2;1239;186801;3082720;186804;1870884;1496	1.0;1.0;1.0;1.0;1.0;1.0;1.0
k79_7468	2759;7711;40674;9443;9604;9605;9606	0.94917;0.94917;0.94917;0.94917;0.94917;0.94917;0.94917
k79_92110	2;1239;186801;186802;216572;1263;2608920	1.0;1.0;0.99999;0.99999;0.99999;0.99999;0.99998
k79_31253	2;1239;186801;3085636;186803;28050;39485;515620	1.0;0.99993;0.99993;0.99935;0.99935;0.99827;0.99827;0.99827
k79_92117	2;1239;186801;186802;216572;216851;411483	1.0;0.99977;0.99977;0.99976;0.99976;0.99975;0.99975
k79_44119	2;1239;526524;526525;2810280;2678885;1982626	1.0;1.0;0.99996;0.99996;0.99996;0.99996;0.99996
k79_92119	2;1239	0.99997;0.64751
k79_44121	2;976;200643;171549;815;816;820;997890	1.0;1.0;1.0;1.0;1.0;1.0;1.0;1.0
k79_92122	2;1239;186801;3085636;186803;2316020;46228;471875	1.0;1.0;1.0;1.0;1.0;1.0;1.0;1.0
k79_68199	2;1239;526524;526525;2810280;2678885;1982626	1.0;1.0;1.0;1.0;1.0;1.0;1.0
k79_19793	2;1239;186801;186802;216572;216851;411483	1.0;1.0;1.0;0.99991;0.99991;0.99991;0.9999
k79_68201	2;1239;186801;3085636;186803;189330;88431	1.0;1.0;0.99999;0.99999;0.99999;0.99836;0.99836
k79_7494	2;976;200643;171549;815;816;820;997890	1.0;1.0;1.0;1.0;1.0;1.0;1.0;1.0
k79_19798	2;976;200643;171549;815;816;329854	1.0;1.0;1.0;1.0;1.0;1.0;0.98929
k79_19799	2;976;200643;171549;815;816;820;997890	1.0;1.0;1.0;1.0;1.0;1.0;1.0;1.0
k79_92142	2;1239;186801;3085636;186803;841;1261635	1.0;0.99998;0.99998;0.99997;0.99997;0.99997;0.99997
k79_68214	2;1239;186801;186802;216572;216851	0.99993;0.99872;0.99848;0.94652;0.65393;0.64376
k79_7506	2;976;200643;171549;815;816;817;295405	1.0;1.0;1.0;1.0;1.0;1.0;1.0;1.0
k79_19804	2;1239;186801;3085636;186803;2316020;46228;471875	1.0;1.0;1.0;1.0;1.0;0.99994;0.99994;0.99994
k79_44130	2;1239;186801;3085636;186803;572511;418240;1121115	1.0;1.0;1.0;1.0;1.0;1.0;1.0;1.0
k79_56317	2759;7711;40674;9443;9604;9605;9606	0.99189;0.99189;0.99189;0.99189;0.99189;0.99189;0.99189
k79_31257	2157;28890;183925;2158;2159;2172;2173;420247	1.0;1.0;1.0;1.0;1.0;1.0;1.0;1.0
k79_80294	2;1239;186801;3085636;186803;1766253;39491;657318	1.0;1.0;1.0;1.0;1.0;1.0;1.0;0.99986
k79_44138	2;1239;186801;3085636;186803;572511;418240;1121115	0.99913;0.9991;0.99909;0.99909;0.99909;0.99401;0.99373;0.99373
k79_7516	2;976;200643;171549;815;816;820;997890	1.0;1.0;1.0;1.0;1.0;1.0;0.99995;0.99995
k79_56322	2157;28890;183925;2158;2159;2172;2173;420247	1.0;1.0;1.0;1.0;1.0;1.0;0.99999;0.99999
k79_31263	2157;28890;183925;2158;2159;2172;2173;420247	1.0;1.0;1.0;1.0;1.0;1.0;1.0;1.0
k79_80305	2;1239;186801;3085636;186803;2569097;39488	1.0;1.0;1.0;1.0;1.0;0.9999;0.9999
k79_56324	2;544448;31969;186328;2131;2132;216931	1.0;1.0;1.0;1.0;1.0;1.0;1.0
k79_92151	131567	0.64124
k79_7528	2;74201;203494;48461;1647988;239934;2927224	1.0;1.0;1.0;1.0;1.0;1.0;0.99999
k79_31269	2;1239;186801;186802;216572;2591381;2093857	1.0;0.9998;0.99979;0.99976;0.99976;0.99965;0.99965
k79_44154	2;976;200643;171549;815;909656;387090	1.0;0.99999;0.99999;0.99999;0.99999;0.99977;0.99975
k79_31271	2;1239;186801;3085636;186803;1766253;39491;657318	1.0;1.0;1.0;1.0;1.0;0.99998;0.99998;0.99236
k79_80314	2;1239;186801;186802;31979;1485;1513	0.99994;0.99384;0.99363;0.99328;0.99292;0.99292;0.99269
k79_7534	2;1239;186801;3085636;186803;1766253;39491;657318	0.99992;0.97854;0.97848;0.97768;0.97768;0.96568;0.96568;0.96543
k79_19817	2;976;200643;171549;815;816;820;997890	1.0;1.0;1.0;1.0;1.0;1.0;0.99999;0.99999
k79_44163	2;976;200643;171549;815;909656;357276;997877	1.0;1.0;1.0;1.0;1.0;0.99996;0.99996;0.99996
k79_56326	2157;28890;183925;2158;2159;2172;2173;420247	1.0;1.0;1.0;1.0;1.0;1.0;0.99997;0.99997
k79_92154	2157;28890;183925;2158;2159;2172;1609968	0.91679;0.91679;0.91679;0.91679;0.91679;0.91679;0.90383
k79_56328	2;1239;186801;186802;216572;1263;2608920	1.0;1.0;1.0;1.0;1.0;1.0;0.99994
k79_31273	2157;28890;183925;2158;2159;2172;2173;420247	1.0;1.0;1.0;1.0;1.0;1.0;0.99999;0.99999
k79_44165	2;976;200643;171549;815;816;329854	0.99998;0.99996;0.99977;0.99977;0.99968;0.99614;0.95689
k79_7539	2;1239;526524;526525;2810280;2678885;1982626	1.0;1.0;1.0;1.0;1.0;1.0;1.0
k79_19823	2;976;200643;171549;815;816;2528203	1.0;0.99958;0.99958;0.99958;0.99941;0.99941;0.99871
k79_68229	2;976;200643;171549;171550;239759;328814;717959	0.99999;0.77914;0.77912;0.77912;0.7596;0.7596;0.75959;0.75959
k79_44166	2;1239;186801;3085636;186803;1766253;39491;657317	1.0;0.99995;0.99994;0.9724;0.9724;0.97033;0.97033;0.96896
k79_19827	2;976;200643;171549;815;816;28113	1.0;0.99998;0.99998;0.99998;0.99998;0.99998;0.99998
k79_80331	2;976;200643;171549;815;816;820;997890	1.0;0.99999;0.9998;0.9998;0.9998;0.9998;0.99962;0.99962
k79_56337	2;976;200643;171549;815;816;28111	1.0;1.0;1.0;1.0;1.0;1.0;0.95482
k79_92170	2;1239;526524;526525;2810280;2678885;1982626	1.0;1.0;1.0;1.0;0.99999;0.99999;0.99999
k79_56342	2;1239;186801;3085636;186803;2316020;33038	1.0;0.99995;0.99993;0.99633;0.99633;0.96447;0.96318
k79_19836	2;1239;186801;3085636;186803;28050;39485;515620	1.0;1.0;1.0;1.0;1.0;1.0;1.0;1.0
k79_56343	2;976;200643;171549;815;816;291644	1.0;1.0;1.0;1.0;1.0;0.99999;0.99998
k79_31276	2;976;200643;171549;815;816;291644	1.0;1.0;1.0;1.0;1.0;1.0;0.99228
k79_19843	2;1239;186801;186802;216572;1263;657323	1.0;1.0;1.0;1.0;1.0;1.0;1.0
k79_19845	2;1239;526524;526525;2810280;2678885;1982626	1.0;1.0;1.0;1.0;1.0;1.0;1.0
k79_92191	2;976;200643;171549;815;909656;821	1.0;1.0;1.0;1.0;1.0;1.0;1.0
k79_7556	2;976;200643;171549;815;909656;387090	1.0;0.99999;0.99999;0.99999;0.99946;0.99917;0.99791
k79_68250	2;976;200643;171549;815;816;162156	1.0;0.99986;0.99986;0.99986;0.99986;0.99984;0.99956
k79_7558	2;1239;186801;3085636;186803;1766253;39491;657318	1.0;1.0;0.99999;0.99999;0.99999;0.9998;0.9998;0.99976
k79_19851	2157;28890;183925;2158;2159;2172;2173;420247	1.0;1.0;1.0;1.0;1.0;1.0;1.0;1.0
k79_68251	2;1239;186801;3085636;186803;841;2763062	0.99901;0.99854;0.99854;0.99805;0.99805;0.97552;0.71919
k79_92194	2;1224;28211;356;82115;357;2735528	0.99977;0.93226;0.93226;0.93226;0.93212;0.93212;0.93212
k79_56351	131567	0.99935
k79_68256	2;1239;526524;526525;2810280;2678885;1982626	1.0;1.0;0.99984;0.99984;0.99984;0.99984;0.99984
k79_19855	2;1239;526524;526525;2810280;2678885;1982626	1.0;1.0;0.99999;0.99999;0.99999;0.99999;0.99999
k79_56358	2;976;200643;171549;815;909656;387090	1.0;1.0;0.99998;0.99998;0.99997;0.99993;0.9999
k79_31280	2;1239;186801;186802;216572;216851;411483	0.99974;0.97875;0.93095;0.87591;0.87591;0.85284;0.85281
k79_44192	2;1239;186801;3085636;186803;1766253;39491;657317	1.0;0.99422;0.99422;0.99422;0.99422;0.9883;0.9883;0.55987
k79_7569	2;1239;186801;3085636;186803;189330;88431	1.0;1.0;1.0;0.99999;0.99999;0.99993;0.99993
k79_56360	2;1239;186801;186802;31979;1485;94869	0.99993;0.99958;0.9898;0.58145;0.58145;0.58145;0.58143
k79_7570	2;1239;186801;186802;186806;1730;39496	0.9998;0.9993;0.96671;0.96521;0.96187;0.96187;0.96187
k79_56364	2;1239;186801;3085636;186803;1766253;39491;657317	1.0;1.0;1.0;1.0;1.0;1.0;1.0;0.99982
k79_31288	2;1239;186801;3085636;186803;33042;410072	0.99999;0.99782;0.99675;0.9967;0.9967;0.66698;0.66698
k79_56365	2;976;200643;171549;815;816;820;997890	1.0;1.0;1.0;1.0;1.0;1.0;1.0;1.0
k79_92218	2;1239;186801;186802;216572;216851;2929494	1.0;1.0;1.0;1.0;1.0;1.0;0.99999
k79_80355	2;1783272	0.99984;0.99093
k79_44210	2;1239;186801;3085636;186803;572511;33035	1.0;1.0;1.0;1.0;1.0;1.0;1.0
k79_80358	2;1239;186801;3085636;186803;207244;649756;649757	1.0;1.0;1.0;1.0;1.0;1.0;1.0;1.0
k79_92223	2;976;200643;171549;2005525;375288;823;999416	1.0;1.0;1.0;1.0;1.0;1.0;1.0;1.0
k79_7578	2;1239;186801;3085636;186803;841;301301	0.99927;0.99911;0.99897;0.99812;0.99812;0.99657;0.99592
k79_19867	2;1239;186801;186802;216572;1263;1160721	0.99997;0.98216;0.97986;0.96495;0.93972;0.91574;0.71101
k79_68263	2;1239;186801;3085636;186803;207244;649756;649757	1.0;1.0;1.0;1.0;1.0;1.0;1.0;1.0
k79_44221	2;1239;186801;3085636;186803;1766253;39491;657318	1.0;1.0;1.0;1.0;1.0;1.0;1.0;0.99875
k79_31292	2;1239;186801;186802;216572;2591381;2093857	1.0;0.99996;0.99994;0.99981;0.99981;0.99554;0.99554
k79_31296	2;1239;186801;3085636;186803;2316020;46228;471875	1.0;1.0;1.0;1.0;1.0;0.99999;0.99999;0.99999
k79_56391	2;976;200643;171549;815;816;820;997890	1.0;1.0;1.0;1.0;1.0;1.0;1.0;1.0
k79_31298	2;976;200643;171549;815;909656;821	1.0;0.99955;0.99955;0.99955;0.99887;0.99883;0.99883
k79_19886	2;1239;186801;3085636;186803;33042;116085	1.0;0.99999;0.99999;0.99998;0.99998;0.99956;0.99953
k79_19889	2;1239;186801;3085636;186803;2569097;39488	1.0;0.99999;0.99998;0.99996;0.99996;0.74401;0.74401
k79_92245	2;1239;909932;1843488;909930;33024;33025	0.99605;0.82659;0.6693;0.66868;0.66868;0.66868;0.66868
k79_7593	2;1239;186801;186802;31979;1485;1501;86416	1.0;1.0;0.99996;0.99996;0.99996;0.99996;0.99995;0.99995
k79_19895	2;976;768503;768507;1853232;89966	1.0;0.99953;0.99952;0.99952;0.99952;0.99952
k79_80379	2;976;200643;171549;815;816;820;997890	1.0;1.0;1.0;1.0;0.96665;0.96607;0.96416;0.96416
k79_68281	2;1239;186801;3085636;186803;1766253;39491;657317	1.0;0.99999;0.99999;0.99999;0.99999;0.99999;0.99999;0.99691
k79_92254	2;1239;186801;3085636;186803;572511;418240;1121115	1.0;1.0;1.0;1.0;1.0;1.0;0.99998;0.99998
k79_44235	2;1239;526524;526525;2810280;2678885;1982626	1.0;0.99999;0.99998;0.99998;0.99998;0.99998;0.99998
k79_56418	2;976;200643;171549;815;816;291645	1.0;1.0;1.0;1.0;1.0;1.0;1.0
k79_44237	2;1239;186801;3085636;186803;572511;418240;1121115	0.99955;0.99888;0.97886;0.97864;0.97864;0.91592;0.91524;0.91524
k79_7605	2;1239;186801;3085636;186803;572511;418240;1121115	0.99999;0.99999;0.99999;0.99999;0.99999;0.99988;0.99959;0.99959
k79_80390	2;976;200643;171549;815;909656;821	1.0;1.0;1.0;1.0;0.99998;0.99998;0.99998
k79_19899	2;976;200643;171549;815;909656;387090	1.0;1.0;1.0;1.0;0.99983;0.99982;0.99982
k79_44241	2;976;200643;171549;815;816;820;997890	1.0;1.0;1.0;1.0;1.0;1.0;0.99999;0.99999
k79_80394	2;1239;186801;186802;216572;1263;2608920	1.0;0.99996;0.99995;0.99994;0.99994;0.99994;0.99992
k79_56428	2;976;200643;171549;815;816;820;997890	1.0;1.0;1.0;1.0;1.0;1.0;1.0;1.0
k79_56429	2;976;200643;171549;815;909656;357276;997877	1.0;1.0;1.0;1.0;1.0;1.0;0.99999;0.99999
k79_31319	2;1239;526524;526525;2810280;2678885;1982626	1.0;0.99974;0.99969;0.99969;0.9984;0.9984;0.9984
k79_56432	2;1239;909932;1843488;909930;33024;33025	1.0;1.0;1.0;1.0;1.0;1.0;1.0
k79_31324	2;1239;186801;3085636;186803;1766253;39491;657317	1.0;1.0;1.0;1.0;1.0;1.0;1.0;0.99992
k79_7623	2;976;200643;171549;815;816;820;997890	1.0;1.0;1.0;1.0;1.0;1.0;1.0;1.0
k79_44251	2;1224;1236;2887326;468;469;470	1.0;0.99282;0.99282;0.99282;0.99282;0.99282;0.99282
k79_80409	2;976;200643;171549;815;909656;387090	1.0;1.0;1.0;1.0;1.0;0.99999;0.99999
k79_56443	2;976;200643;171549;815;816;818	0.99998;0.99924;0.99891;0.99887;0.98348;0.93637;0.63599
k79_68295	2;976;200643;171549;815;816;47678;997873	1.0;1.0;1.0;1.0;1.0;1.0;1.0;1.0
k79_80413	2;1239;186801;3085636;186803;572511;418240;1121115	1.0;1.0;1.0;1.0;1.0;1.0;1.0;1.0
k79_7632	2;1239;526524;526525;2810280;2678885;1982626	1.0;1.0;1.0;1.0;1.0;1.0;1.0
k79_19926	2;976;200643;171549;815;909656;387090	1.0;0.99997;0.99997;0.99997;0.99997;0.99811;0.99735
k79_68299	131567	0.99999
k79_19927	2;1239;526524;526525;2810280;2678885;1982626	1.0;1.0;1.0;1.0;1.0;1.0;1.0
k79_56452	2157;28890;183925;2158;2159;2172;2173;420247	1.0;1.0;1.0;1.0;1.0;1.0;0.99994;0.99994
k79_68301	2;976;200643;171549;815;816;329854	1.0;1.0;1.0;1.0;1.0;1.0;1.0
k79_92259	2;1239;186801;186802;216572;1263;2608920	1.0;1.0;1.0;1.0;0.99998;0.99998;0.99997
k79_31331	2;1239;186801;3085636;186803;572511;418240;1121115	1.0;1.0;1.0;1.0;1.0;1.0;1.0;1.0
k79_44269	2;1239;526524;526525;2810280;2678885;1982626	1.0;1.0;1.0;1.0;1.0;1.0;1.0
k79_7646	2;976;200643;171549;815;816;28111	1.0;1.0;1.0;1.0;1.0;0.99999;0.99992
k79_31332	2;201174;1760;85011;2062;1883;2175864	1.0;1.0;1.0;1.0;1.0;1.0;1.0
k79_44272	131567	0.91028
k79_92265	2;976;200643;171549;2005525;375288;2951805	1.0;1.0;1.0;1.0;0.99909;0.99909;0.99909
k79_31339	2;976;200643;171549;815;816;820;997890	1.0;1.0;1.0;1.0;1.0;1.0;1.0;1.0
k79_80422	2;1239;186801;3085636;186803;572511;2779518	1.0;1.0;1.0;1.0;1.0;0.99983;0.99983
k79_7658	2;1239;186801;3085636;186803;2316020;46228;471875	1.0;1.0;1.0;1.0;1.0;1.0;1.0;1.0
k79_19938	2;29547;3031852;213849;72294;194;76517	1.0;1.0;1.0;1.0;1.0;1.0;1.0
k79_44290	2;1239;909932;1843488;909930;33024;33025	1.0;1.0;1.0;1.0;1.0;1.0;1.0
k79_68323	2;1239;186801;3085636;186803;189330;88431	1.0;1.0;1.0;1.0;1.0;0.99962;0.99961
k79_7662	2;1239;186801	0.99537;0.83461;0.81343
k79_31355	2;1239;186801;3085636;186803;841;166486;657315	1.0;0.99999;0.99998;0.99989;0.99989;0.98737;0.98684;0.9759
k79_80440	2;1239;186801;186802;216572;1263;2608920	0.99931;0.98933;0.98927;0.95351;0.95325;0.95254;0.92958
k79_44294	2;1239;186801;186802;216572;1263;2608920	1.0;1.0;0.99996;0.99989;0.99987;0.99987;0.99953
k79_19951	2;976;200643;171549;815;816;820;997890	1.0;0.9999;0.999;0.999;0.99748;0.99718;0.98422;0.98422
k79_44298	2;976;200643;171549;815;816;371601;657309	1.0;0.99998;0.99998;0.99998;0.9998;0.99975;0.84451;0.84451
k79_92272	2;976;200643;171549;815;816;820;997890	1.0;1.0;1.0;1.0;1.0;1.0;0.99998;0.99998
k79_80450	2;1239;186801;3085636;186803;33042;410072	1.0;1.0;1.0;1.0;1.0;0.99977;0.99977
k79_68340	2;1239;186801;3085636;186803;1766253;39491;657318	1.0;1.0;1.0;1.0;1.0;1.0;1.0;0.99559
k79_92279	2;976;200643;171549;171550;239759;1288121	1.0;1.0;1.0;1.0;1.0;1.0;1.0
k79_44313	2;1239;186801;3085636;186803;572511;89014	1.0;1.0;1.0;0.99995;0.99995;0.99995;0.99992
k79_68342	2;1239;186801;186802;216572;1263;2608920	1.0;1.0;1.0;1.0;1.0;1.0;0.99999
k79_56491	2;976;200643;171549;815;816;820;997890	1.0;1.0;1.0;1.0;1.0;1.0;1.0;1.0
k79_7668	2157;28890;183925;2158;2159;2172;2173;420247	1.0;1.0;1.0;1.0;1.0;1.0;1.0;1.0
k79_68343	2;1239;186801;3085636;186803;207244;649756;649757	1.0;1.0;1.0;1.0;1.0;1.0;1.0;1.0
k79_31386	2;1239;186801;186802;216572;1263;2608920	1.0;1.0;0.99998;0.99998;0.99993;0.99993;0.99993
k79_80458	2;1239;526524;526525;2810280;2678885;1982626	0.99995;0.99993;0.99896;0.99896;0.99893;0.99893;0.99893
k79_68348	2;1239;186801;3085636;186803;841;166486;718255	1.0;1.0;1.0;0.99999;0.99999;0.99999;0.99999;0.99996
k79_80459	2157;28890;183925;2158;2159;2172;2173;420247	1.0;1.0;1.0;1.0;1.0;1.0;1.0;1.0
k79_7673	2;976;200643;171549;815;816;817;997879	1.0;1.0;1.0;1.0;0.99999;0.99997;0.99993;0.99993
k79_44326	2;976;200643;171549;815;816;817;862962	1.0;0.99932;0.99932;0.99932;0.99868;0.9982;0.99798;0.99706
k79_31393	131567	0.99976
k79_68349	2;1239;186801;186802;216572;1263;2608920	1.0;0.99998;0.99998;0.99995;0.99995;0.99995;0.99994
k79_80462	2;74201;203494;48461;1647988;239934;239935	1.0;1.0;1.0;1.0;1.0;1.0;1.0
k79_44327	2;976;200643;171549;815;816;820;997890	1.0;1.0;1.0;0.99999;0.99985;0.99985;0.98599;0.98599
k79_68351	2;1239;186801;3085636;186803;572511;418240;1121115	1.0;1.0;1.0;1.0;1.0;1.0;1.0;1.0
k79_80464	2;976;200643;171549;815;816;820;997890	1.0;1.0;1.0;1.0;1.0;1.0;1.0;1.0
k79_7676	2;1239;526524;526525;2810280;2678885;1982626	1.0;0.99854;0.99847;0.99847;0.99847;0.99845;0.99845
k79_68361	2;1239;526524;526525;2810280;2678885;1982626	1.0;1.0;0.9998;0.9998;0.9998;0.9998;0.9998
k79_44341	2;1239;186801;186802;216572;1263;2608920	1.0;0.99999;0.99993;0.99989;0.99953;0.99953;0.99953
k79_56509	2;1239;186801;186802;216572;1263;2608920	1.0;1.0;1.0;0.99184;0.99184;0.99184;0.99184
k79_7684	2;976;200643;171549;815;816;820;997890	1.0;0.99996;0.99986;0.99986;0.99984;0.99643;0.98675;0.98675
k79_31412	2;1239;186801;186802;216572;216851;2929495	1.0;1.0;1.0;1.0;1.0;1.0;1.0
k79_56510	2;1239;526524;526525;2810280;2678885;1982626	1.0;1.0;0.99957;0.99957;0.99957;0.99957;0.99957
k79_92302	2157;28890;183925;2158;2159;2172;2173;420247	1.0;1.0;1.0;1.0;1.0;1.0;0.99999;0.99999
k79_7686	2;976;200643;171549;815;816;29523	1.0;1.0;1.0;1.0;1.0;1.0;1.0
k79_56514	2;976;200643;171549;815;816;2785531	1.0;0.79691;0.7969;0.7969;0.7706;0.68594;0.50139
k79_68367	2;1239;186801;3085636;186803;841;166486;657315	1.0;1.0;1.0;1.0;1.0;0.99997;0.99709;0.98192
k79_19989	2;1239;186801;3085636;186803;33042;116085	1.0;0.99988;0.99988;0.99988;0.99988;0.99977;0.99977
k79_7689	2;1239;186801;186802;216572;1263;2608920	1.0;0.91046;0.91031;0.91025;0.90772;0.86769;0.86768
k79_44356	2;1239;186801;3085636;186803;2569097;39488	1.0;0.99998;0.99976;0.9978;0.9978;0.66382;0.66382
k79_44357	2;1239;186801;186802;216572;1263;2608920	0.99999;0.99998;0.99926;0.99921;0.99921;0.99921;0.99921
k79_31422	2;1239;526524;526525;2810280;2678885;1982626	1.0;1.0;1.0;1.0;1.0;1.0;1.0
k79_56527	2;1239;526524;526525;2810280;2678885;1982626	0.99999;0.99974;0.99972;0.99972;0.99922;0.99922;0.99922
k79_68390	2;1239;186801;186802;216572;1263;2608920	1.0;1.0;1.0;0.99997;0.99997;0.99997;0.99997
k79_7703	2;976;117743;200644;49546;83612;57029;313595	1.0;0.99993;0.99993;0.99993;0.99993;0.99993;0.99993;0.99993
k79_80496	2;74201;203494;48461;1647988;239934;239935	1.0;0.99984;0.99984;0.99984;0.99984;0.99984;0.99984
k79_7708	2;1239;186801;186802;216572;216851;853;718252	1.0;0.99998;0.99998;0.99979;0.99979;0.99977;0.99971;0.9997
k79_92327	2;1239;91061;186826;81852;1350;1351	1.0;0.99999;0.99999;0.99999;0.99999;0.99999;0.99999
k79_44376	2;1239;186801;186802;216572;459786;2763056	0.99994;0.99318;0.98612;0.90744;0.90685;0.70344;0.70196
k79_7720	131567	1.0
k79_20038	2;1239;186801;3085636;186803;572511;418240;1121115	1.0;1.0;1.0;1.0;1.0;0.99998;0.99997;0.99997
k79_31431	2;1239;526524;526525;2810280;2678885;1982626	1.0;0.99983;0.99977;0.99977;0.99973;0.99973;0.99973
k79_44381	2;1239;186801;3085636;186803;1766253;39491;657317	0.99079;0.92899;0.92719;0.83384;0.83384;0.82301;0.82301;0.8194
k79_68399	2;1239;186801;186802;216572;1263;2608920	1.0;0.99999;0.99999;0.99998;0.99998;0.99998;0.99998
k79_20040	2;1239;186801;3085636;186803;1766253;39491;657317	1.0;1.0;1.0;1.0;1.0;1.0;1.0;0.93196
k79_92343	2;1239;526524;526525;2810280;2678885;1982626	1.0;0.99961;0.99905;0.99905;0.99905;0.99905;0.99905
k79_7728	2157;28890;183925;2158;2159;2172;2173;420247	1.0;1.0;1.0;1.0;1.0;1.0;0.99999;0.99999
k79_31444	2;976;200643;171549;815;909656;821	1.0;1.0;1.0;1.0;1.0;0.99999;0.99999
k79_44386	2;1239;186801;186802;216572;2892396;2714353	1.0;1.0;1.0;1.0;0.99999;0.99963;0.99962
k79_7735	2;1117;3028117;1890424;2881426;1218;1219;93060	0.99999;0.99983;0.99983;0.99983;0.99983;0.99983;0.99983;0.99983
k79_20054	2157;28890;183925;2158;2159;2172;2173;420247	1.0;1.0;1.0;1.0;1.0;1.0;1.0;1.0
k79_56560	2;976;200643;171549;815;909656;357276;997877	1.0;0.99998;0.99998;0.99998;0.99989;0.99931;0.99923;0.99923
k79_92351	2;976;117743;200644;2762318;59732;2039166	1.0;0.99997;0.99997;0.99997;0.99997;0.99997;0.99997
k79_7739	2;976;200643;171549;815;816;2646097	1.0;0.99996;0.99996;0.99996;0.99996;0.99996;0.80456
k79_7745	2;1239;526524;526525;2810280;2678885;1982626	1.0;1.0;1.0;1.0;1.0;1.0;1.0
k79_31449	2;976;200643;171549;815;816;820;997890	1.0;1.0;1.0;1.0;1.0;1.0;1.0;1.0
k79_44404	2;976;200643;171549;815;909656;376805;667015	1.0;1.0;1.0;1.0;1.0;0.99998;0.99998;0.99998
k79_68410	2;201174;1760;85004;31953;196081;78259;1150468	1.0;1.0;1.0;1.0;1.0;1.0;1.0;1.0
k79_7751	2;1239;186801;3085636;186803;1766253;39491;657317	1.0;1.0;1.0;1.0;1.0;0.99994;0.99994;0.9966
k79_68414	2;976;200643;171549;2005519;397864;397865;880074	1.0;1.0;1.0;1.0;0.99999;0.99999;0.99999;0.99999
k79_92369	2;1239;186801;3085636;186803;1766253;39491;657318	0.99953;0.99926;0.97636;0.97492;0.97492;0.97419;0.97419;0.92809
k79_20059	2;1239;91061;186826;33958;2767887;1624	1.0;1.0;1.0;1.0;1.0;1.0;1.0
k79_44406	2;1239;186801;186802;216572;1263;2608920	0.99935;0.99532;0.99517;0.99451;0.9742;0.9742;0.97419
k79_80515	2;1239;186801;186802;31979;1485;36845	0.99999;0.99972;0.9996;0.99906;0.99906;0.99906;0.99906
k79_92375	2;1239;186801	0.98502;0.57152;0.51486
k79_80517	2;1239;186801;3085636;186803;1766253;39491;657318	1.0;1.0;1.0;1.0;1.0;1.0;1.0;0.9999
k79_7775	2;1239;186801;3085636;186803;1766253;39491;657318	1.0;1.0;1.0;0.99999;0.99999;0.99995;0.99995;0.56574
k79_20079	2;976;200643;171549;815;816;46506;449673	1.0;1.0;1.0;0.99997;0.99996;0.99994;0.98668;0.98668
k79_92379	2759;7711;40674;9443;9604;9605;9606	0.99689;0.99689;0.99689;0.99689;0.99689;0.99689;0.99689
k79_31480	2;1239;186801;3085636;186803	0.62468;0.60363;0.60307;0.58548;0.58548
k79_44421	2;1239;186801;3085636;186803;1766253;39491;657318	1.0;1.0;1.0;1.0;1.0;1.0;1.0;0.99854
k79_68424	2;1239;186801;186802;216572;1263;2608920	1.0;0.99999;0.99995;0.99994;0.99991;0.99991;0.99991
k79_7785	2;1239;186801;3085636;186803;572511;89014	1.0;1.0;1.0;1.0;1.0;0.99999;0.99999
k79_80531	2;1239;186801;3085636;186803;1766253;39491;657318	1.0;0.99999;0.99999;0.99998;0.99998;0.99997;0.99997;0.99949
k79_20096	2;976;200643;171549;2005525;375288;823;999416	1.0;1.0;1.0;1.0;0.99999;0.99999;0.99999;0.99999
k79_68439	2;1239;186801;186802;216572;1263;2608920	1.0;1.0;1.0;0.99998;0.99997;0.99997;0.99997
k79_44429	2157;28890;183925;2158;2159;2172;2173;420247	1.0;1.0;1.0;1.0;1.0;1.0;0.99999;0.99999
k79_7791	2;1239;186801;186802;31979;1485;29341	0.89711;0.68945;0.63638;0.62016;0.61996;0.61996;0.58094
k79_56586	2;976;200643;171549;815;816;820;997890	1.0;1.0;1.0;1.0;1.0;1.0;1.0;1.0
k79_56588	2;1239;186801;3085636;186803	0.99999;0.99701;0.9936;0.89383;0.89383
k79_80549	2;1783272	1.0;0.99996
k79_92395	2;201174;1760;85011;2062;1883;1413221	0.99961;0.99688;0.99688;0.59259;0.59259;0.59259;0.59256
k79_56594	2;976;200643;171549;815;816;820;997890	1.0;1.0;1.0;1.0;1.0;1.0;0.99997;0.99997
k79_80554	2;1239;186801;186802;216572;216851;853;657322	1.0;1.0;1.0;1.0;1.0;1.0;1.0;1.0
k79_92398	2;1239;186801;3085636;186803;1766253;39491;657317	1.0;1.0;1.0;1.0;1.0;1.0;1.0;0.99999
k79_31505	2;976;117743;200644;49546;237;2249356	1.0;0.99942;0.99942;0.99942;0.99942;0.99942;0.99942
k79_20114	2;1239;186801;3085636;186803;2569097;39488	1.0;1.0;1.0;1.0;1.0;0.9999;0.9999
k79_68458	2;976;200643;171549;815;816;820;997890	1.0;1.0;1.0;1.0;1.0;1.0;1.0;1.0
k79_92402	2;1239;186801;186802;216572;1263;2608920	0.87559;0.85803;0.85022;0.84826;0.64081;0.64075;0.63641
k79_31511	2;1239;186801;3085636;186803;33042;116085	1.0;1.0;1.0;0.99999;0.99999;0.9997;0.99966
k79_68462	2;1239;186801;3085636;186803;1766253;39491;657317	1.0;1.0;1.0;1.0;1.0;1.0;1.0;0.99974
k79_92406	2;976;200643;171549;815;909656;821	1.0;1.0;1.0;1.0;1.0;1.0;1.0
k79_7807	2157;28890;183925;2158;2159;2172;2173;420247	0.99993;0.99993;0.99993;0.99993;0.99993;0.99993;0.99964;0.99964
k79_92408	2;976;200643;171549	1.0;0.55382;0.55378;0.55375
k79_31512	2157;28890;183925;2158;2159;2172;2173;420247	1.0;1.0;1.0;1.0;1.0;1.0;1.0;1.0
k79_44456	2;976;200643;171549;815;816;28111	1.0;0.99963;0.99946;0.99944;0.99743;0.96157;0.50082
k79_56619	2;1239;186801;3085636;186803;572511;418240;1121115	0.99999;0.99976;0.99966;0.99305;0.99305;0.59726;0.59264;0.59264
k79_20124	2;1239;526524;526525;2810280;2678885;1982626	1.0;1.0;1.0;1.0;0.99999;0.99999;0.99999
k79_31516	2;976;200643;171549;815	0.99989;0.99691;0.99689;0.99686;0.50441
k79_80559	2;1239;186801;186802;3082771;1738645;3030017	0.99967;0.99154;0.99108;0.99106;0.62368;0.62368;0.62368
k79_31517	2;976;200643;171549;815	1.0;0.72228;0.72173;0.72163;0.72097
k79_7824	2;1239;186801;3085636;186803;207244;649756;649757	1.0;1.0;1.0;1.0;1.0;1.0;1.0;1.0
k79_56620	2;1224;1236;135623;641;662;296199	0.99997;0.99742;0.99742;0.99736;0.99736;0.99736;0.99736
k79_80564	2;976;200643;171549;815;816;820;997890	1.0;1.0;1.0;1.0;1.0;1.0;0.99999;0.99999
k79_44472	2;976;200643;171549;815;909656;821	1.0;1.0;1.0;1.0;1.0;1.0;1.0
k79_7827	2759;7711;40674;9443;9604;9605;9606	0.86713;0.86713;0.86713;0.86713;0.86713;0.86713;0.86713
k79_56621	2;976;200643;171549;815;816;820;997890	0.99999;0.99948;0.99919;0.99893;0.99872;0.94332;0.62349;0.62349
k79_92431	2759;7711;40674;9443;9604;9605;9606	0.99972;0.99972;0.99972;0.99972;0.99972;0.99972;0.99972
k79_56625	2;1239;186801;3085636;186803;1766253;39491;657318	1.0;1.0;1.0;1.0;1.0;1.0;1.0;0.99996
k79_92442	2;976;200643;171549;2005525;375288;823;999416	1.0;1.0;1.0;1.0;1.0;1.0;1.0;1.0
k79_44490	2;1239;186801;3085636;186803;1766253;39491;657318	1.0;1.0;1.0;0.99999;0.99999;0.99996;0.99996;0.99981
k79_20135	2;1239;186801;3085636;186803;33042;410072	1.0;1.0;1.0;1.0;1.0;0.99961;0.99961
k79_80582	2;1239;186801;186802;216572;216851;2929490	1.0;1.0;1.0;1.0;1.0;1.0;1.0
k79_20138	2;1239;186801;186802;216572;1263;2608920	1.0;1.0;0.99999;0.99999;0.99999;0.99999;0.99999
k79_68464	2;976;200643;171549;815;909656;387090	1.0;1.0;1.0;1.0;1.0;0.99978;0.99978
k79_80587	2;1239;186801;3085636;186803;1766253;39491;657318	1.0;1.0;1.0;1.0;1.0;1.0;1.0;0.99804
k79_31538	2;1239;909932;1843488;909930;33024;33025	1.0;1.0;1.0;1.0;1.0;1.0;1.0
k79_92452	2;1239;186801;3085636;186803;1766253;39491;657318	1.0;1.0;1.0;1.0;1.0;1.0;1.0;0.99996
k79_80590	2;1239;186801;3085636;186803;1843210;3039116	1.0;0.99999;0.99995;0.9997;0.9997;0.9978;0.9978
k79_31539	2;1239;526524;526525;2810280;2678885;1982626	1.0;1.0;1.0;1.0;1.0;1.0;1.0
k79_68471	2;1239;186801;186802;216572;216851;2929489	1.0;0.84753;0.84752;0.82144;0.81925;0.81065;0.74518
k79_31541	2;1239;186801;186802;31979;1485;1501;86416	0.99999;0.99973;0.98817;0.98812;0.98811;0.98811;0.97919;0.97919
k79_7865	2;976;200643;171549;815;816;820;997890	1.0;1.0;1.0;1.0;0.99999;0.99999;0.99995;0.99995
k79_92457	2;1239;186801;3085636;186803;189330;88431	0.99999;0.99922;0.99794;0.9433;0.9433;0.75661;0.75661
k79_44495	2;1239;91061;1385;186817;2893055;86665	1.0;0.99998;0.99919;0.99919;0.99919;0.99919;0.99919
k79_68490	2;1239;186801;3085636;186803;1766253;39491;657317	1.0;1.0;1.0;1.0;1.0;0.99999;0.99999;0.99996
k79_20158	2;976;117743;200644;2762318;308865;1117645	1.0;1.0;1.0;1.0;1.0;1.0;1.0
k79_68494	2;544448;31969;2085;2092;2093;519450	1.0;1.0;1.0;1.0;1.0;1.0;1.0
k79_56659	2;1224;1236;135625;712;146805;97481	0.9983;0.52785;0.52785;0.52614;0.52614;0.52614;0.52614
k79_80601	2;1239;186801;3085636;186803;1766253;39491;657317	1.0;1.0;1.0;0.9999;0.9999;0.9993;0.9993;0.65612
k79_68495	2;201174;1760;85006;85023;881616;2905871	1.0;0.93499;0.93499;0.93499;0.93499;0.93499;0.93499
k79_7874	2;1239;526524;526525;2810280;135858;100886	1.0;1.0;0.99998;0.99998;0.99998;0.99998;0.99998
k79_20166	2;976;200643;171549;815;816;820;997890	1.0;1.0;1.0;1.0;1.0;1.0;0.99999;0.99999
k79_80612	2;976;200643;171549;815;816;820;997890	1.0;0.99932;0.99853;0.99853;0.99848;0.99848;0.99734;0.99734
k79_56671	2;1239;186801;3085636;186803;207244;649756;649757	1.0;1.0;1.0;1.0;1.0;1.0;1.0;1.0
k79_92461	2;976;200643;171549;815;816;820;997890	1.0;0.99998;0.99996;0.99996;0.99995;0.99865;0.89483;0.89483
k79_56672	2;1239;91061;1385;90964;1279;28035	0.99999;0.99952;0.99624;0.99624;0.99624;0.99624;0.99624
k79_7880	2;1239;186801;3085636;186803;33042;410072	1.0;1.0;1.0;1.0;1.0;0.99999;0.99999
k79_68505	2;976;200643;171549;815;909656;387090	1.0;0.99999;0.99999;0.99999;0.99999;0.99995;0.99995
k79_44506	2;1239;526524;526525;2810280;2678885;1982626	1.0;1.0;1.0;1.0;1.0;1.0;1.0
k79_31572	2;1239;91061;186826;33958;2767885;28038	1.0;0.99999;0.99999;0.99999;0.99999;0.99999;0.99999
k79_7881	2;1239;186801;3085636;186803;2316020;33038	1.0;1.0;1.0;1.0;1.0;0.99999;0.99999
k79_44516	2;1239;186801;186802;216572;1263;2608920	1.0;0.99999;0.99999;0.99998;0.99997;0.99996;0.9999
k79_92467	2;976;200643;171549;815;816;820;997890	1.0;0.99997;0.99997;0.99997;0.99997;0.99997;0.99997;0.99997
k79_44520	2;1239;186801;3085636;186803;1766253;39491;657318	0.99999;0.99997;0.99996;0.99992;0.99992;0.99992;0.99992;0.99595
k79_80635	2157;28890;183925;2158;2159;2172;2173;420247	1.0;1.0;1.0;1.0;1.0;1.0;1.0;1.0
k79_44524	131567	0.98724
k79_20190	2157;28890;183925;2158;2159;2172;2173;420247	1.0;1.0;1.0;1.0;1.0;1.0;0.99999;0.99999
k79_44529	2;1239;526524;526525;2810280;2678885;1982626	1.0;1.0;1.0;1.0;1.0;1.0;1.0
k79_7913	2;1239;186801;186802;216572;1263;2608920	0.70731;0.70392;0.64594;0.64561;0.64543;0.64543;0.57301
k79_92478	2;1239;186801;3085636;186803;1766253;39491;657317	1.0;1.0;1.0;1.0;1.0;1.0;1.0;0.99971
k79_44535	2;1239;186801;186802;216572;1263;2608920	1.0;0.99999;0.99998;0.99996;0.99995;0.99994;0.99993
k79_7920	2;1239;186801;3085636;186803;1766253;39491;657318	1.0;1.0;1.0;1.0;1.0;1.0;1.0;0.99932
k79_31590	2;976;200643;171549;815;816;820;997890	1.0;1.0;1.0;1.0;1.0;1.0;0.99986;0.99986
k79_56697	2;1239;1737404;1737405;1570339;543311;33033	1.0;0.99999;0.99998;0.99998;0.99998;0.99998;0.99998
k79_80654	2;1239;186801;3085636;186803;1766253;39491;657318	0.99978;0.99958;0.99955;0.99858;0.99858;0.91745;0.91745;0.91055
k79_68545	2;1239;186801;3085636;186803;207244;649756;649757	1.0;1.0;1.0;1.0;1.0;1.0;1.0;1.0
k79_7929	2;1239;186801;3085636;186803;572511;418240;1121115	1.0;1.0;0.99999;0.99999;0.99999;0.99979;0.99979;0.99979
k79_56703	2;976;200643;171549;815;816;820;997890	1.0;1.0;1.0;1.0;1.0;1.0;0.99995;0.99995
k79_92483	2;201174;1760;85006;85023;881616;2905871	1.0;1.0;1.0;1.0;1.0;1.0;1.0
k79_56705	2;1239;186801;3085636;186803;1766253;39491;657317	1.0;0.99999;0.99999;0.99999;0.99999;0.99994;0.99994;0.72467
k79_44547	2;1239;186801;186802;216572;1263;2608920	1.0;0.99997;0.99995;0.99995;0.99994;0.99994;0.99987
k79_31605	2;1239;186801;186802;216572;1263;2608920	0.99984;0.96831;0.67083;0.64723;0.64723;0.64714;0.64714
k79_56710	2;1239;526524;526525;2810280;2678885;1982626	1.0;1.0;1.0;1.0;1.0;1.0;1.0
k79_44551	2;1239;91061;1385;186820;1637;1642	1.0;1.0;1.0;1.0;1.0;1.0;1.0
k79_31611	2;976;200643;171549;815;816;820;997890	1.0;1.0;1.0;1.0;1.0;0.99999;0.99998;0.99998
k79_44552	2;1239;186801;186802;216572;1263;2608920	1.0;0.99999;0.99857;0.99857;0.99857;0.99857;0.99857
k79_7945	2;1239;526524;526525;2810280;2678885;1982626	1.0;1.0;0.99999;0.99999;0.99999;0.99999;0.99999
k79_80663	2;976;200643;171549;815;909656;357276;997877	1.0;0.99998;0.99998;0.99998;0.99996;0.60472;0.60381;0.60381
k79_56719	2;74201;203494;48461;1647988;239934;239935	1.0;0.6942;0.6942;0.6942;0.6942;0.6942;0.68171
k79_7950	2;976;200643;171549;815;816;820;997890	1.0;1.0;1.0;1.0;1.0;1.0;0.99996;0.99996
k79_44560	2;976;200643;171549;815;909656;387090	1.0;1.0;0.99987;0.99987;0.99987;0.99972;0.99972
k79_20222	2;1224;28216;206351;481;482;1931275	0.99985;0.99977;0.99977;0.99977;0.99977;0.99977;0.99977
k79_92491	2;1239;186801;186802;216572;1263;2608920	1.0;1.0;1.0;1.0;1.0;1.0;1.0
k79_7962	2;976;200643;171549;171550;239759;2585119	0.99999;0.99999;0.99999;0.99999;0.99999;0.99999;0.99999
k79_92498	2;976;200643;171549;815;816;820;997890	1.0;1.0;1.0;1.0;1.0;1.0;0.99993;0.99993
k79_68562	2;1239;186801;3085636;186803;248744;168384;478749	0.99966;0.92208;0.91238;0.71435;0.71435;0.63309;0.63309;0.63309
k79_20229	2;976;200643;171549;815;816;820;997890	1.0;1.0;1.0;1.0;0.99999;0.99999;0.9998;0.9998
k79_92501	2;1239;1737404;1737405;1570339;543311;33033	0.98301;0.95771;0.90369;0.90369;0.90369;0.90352;0.90352
k79_56736	2;1239;186801;186802;216572;1263;2608920	0.98662;0.9766;0.9756;0.97355;0.96959;0.96219;0.83108
k79_44570	2;1239;186801;3085636;186803;1766253;39491;657318	1.0;1.0;1.0;1.0;1.0;1.0;1.0;0.99843
k79_31626	2;1239;91061;1385;186822;44249;1763538	1.0;0.6365;0.57848;0.57848;0.57845;0.57845;0.57845
k79_20237	2;976;200643;171549;815;909656;357276;997877	1.0;0.99992;0.99992;0.99992;0.99987;0.99983;0.99983;0.99983
k79_31628	2;1239;186801;3085636;186803;33042;410072	1.0;1.0;1.0;1.0;1.0;0.99986;0.99986
k79_92510	2;1239;186801;3085636;186803;830;831	1.0;1.0;0.99997;0.99995;0.99995;0.99995;0.99995
k79_68578	2;1239;186801;3085636;186803;1506553;29347	1.0;1.0;1.0;1.0;1.0;0.99999;0.99999
k79_31631	2;1239;186801;3085636;186803;572511;418240;1121115	1.0;1.0;1.0;1.0;1.0;1.0;1.0;1.0
k79_56742	2;1239;186801;3085636;186803;572511;418240;1121115	1.0;1.0;1.0;1.0;1.0;0.99989;0.99988;0.99988
k79_92514	2;1239;186801;186802;186806;33951;33952;931626	1.0;1.0;1.0;0.99989;0.99989;0.99989;0.99989;0.99989
k79_68582	131567	0.99997
k79_44577	2;976;200643;171549;815;816;291645	1.0;1.0;1.0;1.0;1.0;1.0;1.0
k79_20255	2;1239;526524;526525;2810280;135858;100886	1.0;0.99999;0.99999;0.99999;0.99998;0.99997;0.99997
k79_68584	2;1239;186801;3085636;186803;1766253;39491;657317	1.0;1.0;1.0;1.0;1.0;0.99998;0.99998;0.99827
k79_31644	2;1239;186801;3085636;186803;2316020;46228;471875	1.0;1.0;1.0;1.0;1.0;1.0;1.0;1.0
k79_92520	2;976;200643;171549;815;816;28111	0.98946;0.67796;0.63827;0.63826;0.63607;0.61879;0.60268
k79_56750	2;1239;186801;186802;31979;1485;36745	1.0;1.0;0.99962;0.99953;0.99953;0.99953;0.99949
k79_80694	2;1239;91061;1385;186817;2675233;152268	1.0;1.0;0.99998;0.99998;0.99998;0.99998;0.99998
k79_92522	2;1239;186801;3085636;186803;2316020;33039;657313	1.0;0.99998;0.99998;0.99998;0.99998;0.99998;0.99998;0.99998
k79_20258	2;976;200643;171549;815;816;820;997890	1.0;1.0;1.0;1.0;1.0;1.0;1.0;1.0
k79_7975	2759;7711;40674;9443;9604;9605;9606	0.97882;0.97882;0.97882;0.97882;0.97882;0.97882;0.97882
k79_20266	2;976;200643;171549;815;816;820;997890	1.0;1.0;1.0;1.0;1.0;1.0;0.99999;0.99999
k79_92528	2;1783272	1.0;0.99996
k79_68615	2;1239;186801;3085636;186803;2316020;46228;471875	1.0;1.0;1.0;1.0;1.0;1.0;1.0;1.0
k79_31679	2;1239	0.70029;0.61237
k79_80729	2;1239;186801;3085636;186803;2316020;46228;471875	1.0;0.99999;0.99999;0.99999;0.99999;0.99991;0.9999;0.9999
k79_68617	2;1239;186801;3085636;186803;1766253;39491;657318	1.0;1.0;1.0;1.0;1.0;1.0;1.0;0.92182
k79_31681	2;1239;186801;3085636;186803;572511;418240;1121115	1.0;1.0;1.0;1.0;1.0;1.0;0.99999;0.99999
k79_44598	2;1239;186801;3085636;186803;33042;410072	1.0;1.0;1.0;1.0;1.0;0.99992;0.99992
k79_56767	2;976;200643;171549;815;816;2528203	1.0;1.0;1.0;1.0;1.0;1.0;1.0
k79_68618	2;1239;186801;186802;216572;1263;1160721	1.0;1.0;1.0;1.0;1.0;1.0;0.99179
k79_80733	2;1239;186801;3085636;186803;189330;88431	1.0;1.0;1.0;1.0;1.0;0.99968;0.99968
k79_7985	2;1239;186801;3085636;186803;33042;410072	1.0;0.99999;0.99999;0.99998;0.99998;0.99982;0.99982
k79_44605	2;1239;186801;3085636;186803;572511;418240;1121115	1.0;1.0;1.0;1.0;1.0;1.0;1.0;1.0
k79_7987	2;976;200643;171549;2005525;375288;823;999416	1.0;1.0;1.0;1.0;1.0;1.0;1.0;1.0
k79_80741	2;976;200643;171549;2005525;375288;823;999416	1.0;0.99889;0.99883;0.99883;0.99878;0.99878;0.99878;0.99878
k79_44614	2;1239;186801;3085636;186803;1766253;39491;657318	1.0;0.99973;0.99973;0.99973;0.99973;0.99971;0.99971;0.78171
k79_31699	2;1239;909932;1843488;909930;33024;33025	1.0;1.0;1.0;1.0;1.0;1.0;1.0
k79_80744	2;1239;186801;186802;186806;1730;39496	1.0;1.0;1.0;1.0;1.0;1.0;1.0
k79_44615	2;1239;186801;3085636;186803;1766253;39491;657317	1.0;1.0;1.0;0.99996;0.99996;0.99938;0.99938;0.86359
k79_56778	2;976;200643;171549;815;909656;821	1.0;1.0;1.0;1.0;1.0;1.0;1.0
k79_20292	131567	1.0
k79_7996	2;976;200643;171549;815;816;820;997890	1.0;1.0;1.0;1.0;1.0;1.0;0.99999;0.99999
k79_68629	2;1239;186801;186802;216572;1263;2608920	1.0;1.0;1.0;1.0;0.99999;0.99999;0.99999
k79_44621	2;1239;526524;526525;2810280;2678885;1982626	1.0;1.0;1.0;1.0;1.0;1.0;1.0
k79_92564	2157;28890;183925;2158;2159;2172;2173;420247	1.0;1.0;1.0;1.0;1.0;1.0;0.99837;0.99837
k79_68633	2;976;117743;200644;2762318;501783	1.0;1.0;1.0;1.0;1.0;1.0
k79_7997	2;1239;186801;3085636;186803;1766253;39491;657318	0.99144;0.9084;0.90834;0.85906;0.85906;0.84573;0.84573;0.84459
k79_20299	2;976;200643;171549;815;909656;376805;667015	1.0;0.99993;0.9998;0.9998;0.99963;0.62378;0.61427;0.61427
k79_56781	2;976;200643;171549;815;816;820;997890	1.0;1.0;1.0;1.0;1.0;1.0;0.99983;0.99983
k79_80752	2;1239;186801;3085636;186803;2316020;46228;471875	1.0;1.0;1.0;1.0;1.0;1.0;1.0;1.0
k79_8000	2;976;200643;171549;815;909656;357276;997877	1.0;0.99998;0.99998;0.99998;0.99998;0.99997;0.99997;0.99997
k79_20303	2;1239;186801;3085636;186803;28050;39485;515620	1.0;0.99998;0.99998;0.99997;0.99997;0.99975;0.99975;0.99975
k79_92565	2;1239;186801;3085636;186803;207244;649756;649757	0.97021;0.96985;0.96572;0.96557;0.96557;0.92787;0.92787;0.92787
k79_80760	2;1239;186801;186802;31979;1485;1522	1.0;1.0;1.0;1.0;1.0;1.0;1.0
k79_92567	2;1239;526524;526525;2810280;2678885;1982626	1.0;1.0;1.0;1.0;1.0;1.0;1.0
k79_56787	2;976;200643;171549;815;909656;821	1.0;0.99989;0.99989;0.99989;0.99983;0.98322;0.98322
k79_31722	2;976;200643;171549;815;816;820;997890	1.0;1.0;1.0;1.0;1.0;1.0;0.99995;0.99995
k79_8005	2;1239;186801;186802;216572;1263;2608920	1.0;0.99998;0.99998;0.99997;0.99996;0.99996;0.99738
k79_80761	2;976;200643;171549;815;816;28116	1.0;0.99995;0.99995;0.99995;0.99994;0.99994;0.9995
k79_92571	2;1239;186801;186802;216572;1263;2608920	1.0;0.97136;0.96949;0.96895;0.96892;0.96237;0.96212
k79_44643	2;1239;186801;3085636;186803;189330;88431	1.0;0.99961;0.99961;0.9996;0.9996;0.96793;0.96788
k79_92573	2;1239;91061;1385;186817;2675233;2745198	0.99992;0.99973;0.99954;0.99945;0.99945;0.99937;0.99937
k79_44646	2;1239;186801;3085636;186803;33042;410072	1.0;1.0;1.0;0.99998;0.99998;0.99969;0.99969
k79_92575	2;976	0.99872;0.50622
k79_56795	2;1239;186801;186802;216572;946234;292800	0.99928;0.99137;0.99076;0.97941;0.97334;0.87617;0.87617
k79_68663	2;976;200643;171549;815;909656;387090	1.0;0.89581;0.89551;0.89525;0.8952;0.65504;0.5604
k79_31737	2;1239;909932;1843488;909930;33024;33025	1.0;1.0;1.0;1.0;1.0;1.0;1.0
k79_92587	2;1239;909932;1843488;909930;33024;33025	1.0;1.0;1.0;1.0;1.0;1.0;1.0
k79_68669	2;1239;909932;1843488;909930;33024;33025	1.0;1.0;1.0;1.0;1.0;1.0;1.0
k79_44660	2;1239;186801;186802;216572;216851;2929495	1.0;0.94849;0.94849;0.94849;0.94847;0.94846;0.94606
k79_68673	2;976;200643;171549;815;816;820;997890	1.0;1.0;1.0;1.0;1.0;1.0;1.0;1.0
k79_31752	2;976;200643;171549;815;816;820;997890	1.0;1.0;1.0;1.0;1.0;1.0;1.0;1.0
k79_44662	2;976;117743;200644;49546;286104;2686077	1.0;1.0;1.0;1.0;1.0;1.0;1.0
k79_68677	2;1239;186801;3085636;186803;572511;418240;1121115	1.0;1.0;1.0;1.0;1.0;0.99997;0.99997;0.99997
k79_56797	2;1239;186801;186802;216572;216851;853;718252	0.99804;0.91756;0.91733;0.89449;0.89413;0.88605;0.88141;0.88128
k79_31755	2;32066;203490;203491;203492;848;76857	0.99515;0.84244;0.84244;0.84244;0.84244;0.84244;0.84244
k79_44667	2759;7711;40674;9443;9604;9605;9606	0.97762;0.97762;0.97762;0.97762;0.97762;0.97762;0.97762
k79_8027	2;1239;526524;526525;2810280;2678885;1982626	0.98075;0.68274;0.67616;0.67616;0.6715;0.66499;0.66499
k79_44669	2;1239;186801;186802;216572;1263;2608920	1.0;1.0;1.0;1.0;1.0;1.0;1.0
k79_20324	2;1239;91061;186826;33958;2767877;1218495	1.0;1.0;0.99996;0.99996;0.99996;0.99996;0.99996
k79_31761	2;200940;3024418;213118;213119;2289;240139	0.72268;0.62572;0.62572;0.62572;0.62572;0.62572;0.62572
k79_44672	2;1239;186801;186802;216572;1263;1161942	0.99972;0.92968;0.9031;0.90129;0.80376;0.61602;0.60633
k79_8038	2;1239;186801;3085636;186803;33042;751585	1.0;0.99808;0.99806;0.99635;0.99635;0.99576;0.99576
k79_92594	2;1239	0.99933;0.50041
k79_56817	2;1239;186801;186802;216572;216851;3030639	1.0;1.0;1.0;1.0;1.0;1.0;1.0
k79_68696	2;976;200643;171549;815;816;820;997890	1.0;1.0;1.0;1.0;1.0;1.0;0.9999;0.9999
k79_80777	2;1239;186801;186802;216572;1263;2608920	1.0;1.0;0.99994;0.99994;0.99994;0.99994;0.99994
k79_44675	2;1239;186801;3085636;186803;841;301301	1.0;1.0;0.99911;0.99899;0.99899;0.92782;0.92782
k79_8043	2;976;200643;171549;815;816;820;997890	1.0;1.0;1.0;1.0;1.0;1.0;0.99999;0.99999
k79_31771	2;976;200643;171549;815;816;329854	1.0;1.0;1.0;1.0;0.99995;0.9995;0.51286
k79_56820	2;1239;526524;526525;2810280;2678885;1982626	1.0;0.99981;0.99977;0.99977;0.99977;0.99977;0.99977
k79_80781	2;1239;186801;3085636;186803;33042;410072	1.0;0.99999;0.99999;0.99998;0.99998;0.99945;0.99945
k79_44680	2;1239;186801;3085636;186803;572511;418240;1121115	1.0;1.0;1.0;0.99946;0.99946;0.99202;0.99192;0.99192
k79_68701	2;976;200643;171549;815;816;820;997890	1.0;1.0;1.0;1.0;1.0;1.0;1.0;1.0
k79_92607	2;1239;186801;186802;31979;1485;1491	0.99526;0.99433;0.77;0.76562;0.76509;0.76509;0.75701
k79_20343	2;1239;186801;3085636;186803;841;301301	1.0;0.99991;0.99991;0.99991;0.99991;0.99989;0.99961
k79_31779	2;976;200643;171549;815;816;820;997890	1.0;1.0;1.0;1.0;1.0;1.0;0.99999;0.99999
k79_80784	2;1239;186801;3085636;186803;572511;40520;411459	1.0;1.0;1.0;0.99968;0.99968;0.99967;0.99967;0.99967
k79_44685	2;1239;186801;3085636;186803;572511;2479767	1.0;1.0;1.0;1.0;1.0;1.0;1.0
k79_80788	2;1224;1236;72274;135621;286;287	1.0;0.98028;0.98028;0.98028;0.98028;0.98028;0.98028
k79_56830	2;976;200643;171549;815;816;820;997890	1.0;0.99996;0.99996;0.99996;0.99996;0.99996;0.99988;0.99988
k79_20355	2157;28890;183925;2158;2159;2172;2173;420247	1.0;1.0;1.0;1.0;1.0;1.0;0.99748;0.99748
k79_31783	2;976;200643;171549;815;909656;387090	1.0;1.0;1.0;1.0;0.99995;0.99995;0.99927
k79_92625	2;1239;186801;186802;216572;216851;411483	1.0;0.99772;0.99757;0.98112;0.9811;0.77839;0.77583
k79_20360	2;1239;526524;526525;2810280;2678885;1982626	1.0;0.99999;0.99999;0.99999;0.99998;0.99998;0.99998
k79_68709	2;1239;526524;526525;2810280;2678885;1982626	1.0;1.0;1.0;1.0;1.0;1.0;1.0
k79_68710	2;1239;186801;3085636;186803;572511;418240;1121115	1.0;1.0;1.0;1.0;1.0;0.99992;0.99687;0.99687
k79_8058	2;976;200643;171549;171552;2974251;165179	1.0;1.0;1.0;1.0;0.99318;0.99316;0.99316
k79_56837	2;976;117743;200644;49546;237;3003258	0.98361;0.85565;0.75484;0.75484;0.75474;0.75469;0.75086
k79_68711	2157;28890;183925;2158;2159;2172;2173;420247	0.99931;0.99931;0.99931;0.99931;0.99931;0.99931;0.99925;0.99925
k79_31795	2;976;200643;171549;815;909656;821	1.0;1.0;1.0;1.0;1.0;0.99997;0.99997
k79_56838	2;976;200643;171549;815;816;818	0.99996;0.99578;0.99554;0.99553;0.99269;0.66807;0.61349
k79_31797	2;1239;526524;526525;2810280;2678885;1982626	1.0;1.0;1.0;1.0;1.0;1.0;1.0
k79_44708	2;1239;909932;1843488;909930;33024;33025	1.0;1.0;1.0;1.0;1.0;1.0;1.0
k79_92649	2;1239;186801;186802;216572;1263;2608920	1.0;0.99983;0.9998;0.99977;0.99975;0.99975;0.99972
k79_8064	2;1239;186801;3085636;186803;2944198;2763667	1.0;1.0;1.0;1.0;1.0;1.0;1.0
k79_80812	2;1239;526524;526525;2810280;2678885;1982626	1.0;0.99998;0.99998;0.99998;0.99998;0.99998;0.99998
k79_80819	2;1239;186801;3085636;186803;841;1261634	1.0;1.0;1.0;1.0;1.0;0.99998;0.99998
k79_20389	2;976;200643;171549;815;816;820;997890	1.0;0.99992;0.99992;0.99992;0.99953;0.99952;0.99657;0.99657
k79_56844	2;1239;91061;1385;186817;1386;492670	1.0;0.99998;0.99432;0.99396;0.99396;0.99395;0.99395
k79_31815	2;1239;186801;3085636;186803;572511;418240;1121115	1.0;1.0;1.0;1.0;1.0;1.0;0.99999;0.99999
k79_44727	2;976;200643;171549;815;816;820;997890	1.0;1.0;1.0;1.0;1.0;1.0;1.0;1.0
k79_8080	2;1239;186801;3085636;186803;2316020;46228;471875	1.0;1.0;1.0;1.0;1.0;1.0;1.0;1.0
k79_68744	2;976;200643;171549;815;816;817;997879	1.0;0.99996;0.99996;0.99996;0.9998;0.99979;0.99724;0.99719
k79_20393	2157;28890;183925;2158;2159;2172;2173;420247	1.0;1.0;1.0;1.0;1.0;1.0;1.0;1.0
k79_56853	2;1239;186801;3085636;186803;841;1261635	1.0;1.0;1.0;1.0;1.0;1.0;1.0
k79_92667	2;976;200643;171549;815;816;820;997890	1.0;0.99999;0.99999;0.99999;0.99999;0.99999;0.99987;0.99987
k79_31821	2;976;200643;171549;815;816;162156	1.0;1.0;1.0;1.0;1.0;0.99998;0.99991
k79_44732	2;1239;186801;3085636;186803;1766253;39491;657317	0.99998;0.99988;0.99987;0.99986;0.99986;0.93071;0.93071;0.93064
k79_56857	2;1239;186801;3085636;186803;572511;418240;1121115	1.0;1.0;1.0;1.0;1.0;0.99879;0.99878;0.99878
k79_56860	131567	1.0
k79_92673	2	0.99331
k79_31835	2;1239;186801;3085636;186803;1766253;39491;657318	1.0;1.0;1.0;1.0;1.0;1.0;1.0;0.99886
k79_20403	2;544448;31969;2085;2092;2093;2683967	1.0;0.99997;0.99997;0.99997;0.99997;0.99997;0.99997
k79_80825	2;976;200643;171549;815;909656;821	1.0;0.91295;0.9051;0.9051;0.9012;0.67929;0.67804
k79_20404	2;1239;186801;3085636;186803;1766253;39491;657317	1.0;0.99997;0.9999;0.99977;0.99977;0.52583;0.52583;0.52444
k79_44736	2;1239;526524;526525;2810280;2678885;1982626	1.0;1.0;1.0;1.0;1.0;1.0;1.0
k79_31840	2;1239;91061;1385;186822;44249;2810347	1.0;1.0;1.0;1.0;1.0;1.0;1.0
k79_92677	2;976;200643;171549;815;816;820;997890	1.0;1.0;1.0;1.0;1.0;1.0;1.0;1.0
k79_44743	2;1239;909932;1843488;909930;33024;33025	1.0;1.0;1.0;1.0;1.0;1.0;1.0
k79_92683	2;1239;186801;3085636;186803;1766253;39491;657317	1.0;1.0;1.0;1.0;1.0;0.99106;0.99106;0.92641
k79_80838	2157;28890;183925;2158;2159;2172;2173;420247	1.0;1.0;1.0;1.0;1.0;1.0;1.0;1.0
k79_20417	2;976;200643;171549;815;816;2763022	1.0;0.99907;0.99902;0.9981;0.97594;0.87773;0.71069
k79_68765	2;1239;186801;3085636;186803;572511;418240;1121115	1.0;1.0;1.0;1.0;1.0;1.0;1.0;1.0
k79_56874	2;1239;526524;526525;2810280;2678885;1982626	1.0;1.0;1.0;1.0;1.0;1.0;1.0
k79_44750	2;1239;526524;526525;2810280;2678885;1982626	1.0;1.0;1.0;1.0;1.0;1.0;1.0
k79_20423	2;1239;186801;186802;31979;1485;36839	1.0;0.99866;0.98789;0.98787;0.98787;0.98787;0.98735
k79_44753	2;976;200643;171549;815;816;47678;997873	0.99726;0.80444;0.80378;0.80378;0.80377;0.80377;0.80255;0.80255
k79_92689	2157;28890;183925;2158;2159;2172;2173;420247	1.0;1.0;1.0;1.0;1.0;1.0;1.0;1.0
k79_20424	2;1239;186801;3085636;186803;207244;649756;649757	1.0;1.0;0.99996;0.99986;0.99986;0.99986;0.99986;0.99986
k79_44754	2;1239;186801;3085636;186803;2944193;2763672	1.0;1.0;1.0;1.0;1.0;1.0;1.0
k79_44756	2;976;200643;171549;815;816;820;997890	1.0;1.0;1.0;1.0;1.0;1.0;0.99996;0.99996
k79_20428	2;1239;186801;3085636;186803;1766253;39491;657317	1.0;1.0;1.0;1.0;1.0;1.0;1.0;0.99983
k79_80842	2;1239;186801;186802;216572;1263;2608920	1.0;1.0;1.0;1.0;1.0;1.0;0.99999
k79_56889	2;1239;186801;186802;216572	0.99999;0.9376;0.90022;0.89253;0.8924
k79_31864	2;976;200643;171549;815;816;820;997890	1.0;1.0;1.0;1.0;1.0;1.0;1.0;1.0
k79_92696	2;1239;186801;3085636;186803;1766253;39491;657317	1.0;1.0;1.0;1.0;1.0;1.0;1.0;0.87938
k79_44761	2;1239;186801;186802;216572;1263;2608920	1.0;1.0;1.0;1.0;1.0;1.0;1.0
k79_8114	2;1239;186801;186802;216572;1263;1160721	1.0;1.0;1.0;1.0;1.0;1.0;1.0
k79_44763	2;1239;186801;3085636;186803;189330;88431	1.0;1.0;1.0;1.0;1.0;0.99944;0.99944
k79_68779	2;1239;186801;186802	0.99999;0.71058;0.69725;0.683
k79_31873	2;1239;186801;186802;216572;1263;2608920	1.0;0.99999;0.99995;0.99976;0.99969;0.99968;0.99968
k79_92707	2;1224;28216;80840;119060;48736;190721	1.0;0.88002;0.88001;0.88001;0.88001;0.88001;0.88001
k79_80848	2;1239;186801;3085636;186803;1766253;39491;657318	0.99999;0.99974;0.99974;0.99974;0.99974;0.99972;0.99972;0.99949
k79_20436	2;1239;186801;3085636;186803;1766253;39491;657318	1.0;1.0;1.0;1.0;1.0;1.0;1.0;0.99956
k79_8117	2;1239;186801;68295;186814;3051499;2755338	1.0;1.0;0.99999;0.99981;0.99981;0.99981;0.99981
k79_44771	2;976;200643;171549;815;816;820;997890	1.0;0.99682;0.99681;0.99681;0.99679;0.99484;0.97172;0.97172
k79_80852	2;1239;91061;1385;186817;1386;1428;527019	1.0;1.0;1.0;1.0;1.0;1.0;1.0;1.0
k79_68782	2;1239;186801;186802;216572;1263;2608920	0.99995;0.99812;0.99744;0.99743;0.99738;0.99738;0.94286
k79_80853	2;976;200643;171549;815;816;162156	1.0;1.0;1.0;1.0;1.0;0.99996;0.9998
k79_68783	2;1239;186801;3085636;186803;572511;418240;1121115	1.0;1.0;1.0;1.0;1.0;0.99964;0.9996;0.9996
k79_8123	2157;28890;183925;2158;2159;2172;2173;420247	0.99997;0.99997;0.99997;0.99997;0.99997;0.99997;0.99993;0.99993
k79_56902	2;1239;186801;3085636;186803;572511;418240;1121115	1.0;1.0;1.0;1.0;1.0;1.0;1.0;1.0
k79_68792	2;976;200643;171549;815;816;162156	0.99999;0.99999;0.99998;0.99998;0.99998;0.94722;0.9014
k79_92711	2;976;200643;171549;815;816;820;997890	1.0;0.99998;0.99997;0.99997;0.99988;0.99987;0.98739;0.98739
k79_31887	2;1239;186801;3085636;186803;572511;418240;1121115	1.0;1.0;1.0;1.0;1.0;1.0;0.99999;0.99999
k79_68793	2;976;200643;171549;815;909656;821	1.0;1.0;1.0;1.0;1.0;0.99999;0.99999
k79_31888	2;1239;186801;186802;31979;1485;2068654	0.99941;0.98785;0.98156;0.98148;0.98139;0.98139;0.98135
k79_92714	2157;28890;183925;2158;2159;2172;2173;420247	1.0;1.0;1.0;1.0;1.0;1.0;1.0;1.0
k79_56913	2;1239;186801;3085636;186803;2316020;46228;471875	0.98771;0.89366;0.88724;0.88681;0.88681;0.88417;0.88417;0.88417
k79_80884	2;1239;186801;186802;216572;1263;2608920	0.99999;0.99998;0.99997;0.99997;0.99995;0.99974;0.9997
k79_20462	2;976;200643;171549;815;816;46506;449673	1.0;1.0;1.0;1.0;0.99999;0.99984;0.99926;0.99926
k79_56921	2;1239;186801;3085636;186803;1766253;39491;657317	1.0;1.0;1.0;1.0;1.0;1.0;1.0;0.99962
k79_68796	2;976;200643;171549;815;816;820;997890	1.0;1.0;0.99992;0.99992;0.99992;0.99992;0.99987;0.99987
k79_68800	2;1239;186801;3085636;186803;2316020;46228;471875	1.0;1.0;1.0;1.0;1.0;1.0;1.0;1.0
k79_8132	2759;7711;40674;9443;9604;9605;9606	0.9717;0.9717;0.9717;0.9717;0.9717;0.9717;0.9717
k79_56928	2;976;200643;171549;815;816;820;997890	1.0;1.0;1.0;1.0;1.0;1.0;1.0;1.0
k79_80896	2;976;200643;171549;815;816;820;997890	1.0;1.0;1.0;1.0;1.0;1.0;0.99999;0.99999
k79_80899	131567	0.65974
k79_31912	2;1239;91061;186826;1300;1301;1307	1.0;0.99999;0.99968;0.99967;0.99967;0.99967;0.99967
k79_68810	2;976;200643;171549;815;816;2528203	1.0;1.0;1.0;1.0;0.99998;0.99998;0.9892
k79_56945	2;976;200643;171549;815;909656;821	1.0;0.99998;0.99998;0.99998;0.99998;0.99998;0.99998
k79_80900	2;1224;1236;2887326;468;475;2904121	1.0;0.99998;0.99998;0.99998;0.99998;0.99998;0.99998
k79_92750	2;976;200643;171549;815;816;820;997890	1.0;1.0;1.0;1.0;1.0;1.0;1.0;1.0
k79_44782	2759;7711;40674;9443;9604;9605;9606	0.99932;0.99932;0.99932;0.99932;0.99932;0.99932;0.99932
k79_80908	2;976;200643;171549;815;816;820;997890	1.0;0.99995;0.99995;0.99995;0.99995;0.99995;0.99994;0.99994
k79_68818	2;976;200643;171549;815;816;2755405	1.0;0.99999;0.99999;0.99999;0.99987;0.99987;0.99987
k79_20481	2;1239;186801;3085636;186803;572511;418240;1121115	1.0;1.0;1.0;1.0;1.0;1.0;1.0;1.0
k79_80911	2;976;200643;171549;815;909656;821	0.99931;0.86211;0.83802;0.83798;0.82071;0.73759;0.73755
k79_31922	2157;28890;183925;2158;2159;2172;2173;420247	1.0;1.0;1.0;1.0;1.0;1.0;1.0;1.0
k79_20483	2;1239;526524;526525;2810280;2678885;1982626	1.0;1.0;1.0;1.0;1.0;1.0;1.0
k79_68824	2157;28890;183925;2158;2159;2172;2173;420247	1.0;1.0;1.0;1.0;1.0;1.0;1.0;1.0
k79_20486	2;1239;909932;1843488;909930;33024;33025	0.9337;0.83851;0.83501;0.83501;0.83501;0.83501;0.83501
k79_68831	2;1239;186801;3085636;186803;2316020;46228;471875	1.0;1.0;1.0;1.0;1.0;1.0;1.0;1.0
k79_92779	2;1239;186801;3085636;186803;2316020;46228;471875	1.0;1.0;1.0;1.0;1.0;1.0;1.0;1.0
k79_56976	2;1239;186801;3085636;186803;1766253;39491;657318	1.0;1.0;1.0;0.99999;0.99999;0.99998;0.99998;0.97635
k79_56980	2;1239;186801;186802;216572;216851;411483	0.99998;0.82353;0.82006;0.80996;0.80992;0.80361;0.80019
k79_80921	2759;7711;40674;9443;9604;9605;9606	0.97747;0.97747;0.97747;0.97747;0.97747;0.97747;0.97747
k79_31932	2;1239;186801;186802;216572;2892397;2714358	1.0;0.9998;0.9998;0.99979;0.99979;0.99958;0.99958
k79_80930	2;976;200643;171549;815;816;820;997890	1.0;1.0;1.0;1.0;1.0;1.0;1.0;1.0
k79_20490	2;1239;186801;3085636;186803;33042;410072	0.99999;0.99857;0.99838;0.9825;0.9825;0.68857;0.68857
k79_80931	131567	0.99935
k79_8199	2;1239;526524;526525;2810280;2678885;1982626	0.99946;0.99938;0.91945;0.91945;0.91945;0.91945;0.91945
k79_92809	2;976;200643;171549;815;909656;821	1.0;1.0;1.0;1.0;1.0;1.0;1.0
k79_20501	2;1239;526524;526525;2810280;2678885;1982626	1.0;1.0;1.0;1.0;0.99999;0.99999;0.99999
k79_68868	2;1239;186801;186802;31979;1485;238834	1.0;1.0;1.0;0.99999;0.99999;0.99999;0.99908
k79_92813	2;1239;186801;3085636;186803	0.97984;0.94152;0.91829;0.64793;0.64793
k79_8217	2;1239;186801;3085636;186803;207244;649756;649757	1.0;0.99997;0.99994;0.99977;0.99977;0.88243;0.88243;0.88243
k79_80950	2;1239;526524;526525;2810280;2678885;1982626	0.75826;0.67211;0.63083;0.63083;0.62819;0.6278;0.6278
k79_31965	2;1239;526524;526525;2810280;2678885;1982626	1.0;1.0;1.0;1.0;1.0;1.0;1.0
k79_80953	2;976;117743;200644;49546;237;986;376686	1.0;0.96915;0.9628;0.9628;0.9628;0.9628;0.9628;0.9628
k79_8225	2;1239;186801;3085636;186803;572511;2479767	1.0;1.0;1.0;1.0;1.0;1.0;1.0
k79_92831	2;1239;186801;3085636;186803;841;1261634	1.0;1.0;1.0;0.99999;0.99999;0.99995;0.99994
k79_68875	2;1239;186801;186802;216572;216851;411483	1.0;0.99998;0.99998;0.99998;0.99998;0.99992;0.99992
k79_31969	2;1239;186801;3085636;186803;1766253;39491;657318	1.0;1.0;1.0;1.0;1.0;1.0;1.0;0.99981
k79_44842	2;976;200643;171549;815;816;820;997890	1.0;1.0;1.0;1.0;0.99999;0.99995;0.99975;0.99975
k79_80959	2;976;200643;171549;815;816;820;997890	1.0;1.0;1.0;1.0;1.0;1.0;0.99993;0.99993
k79_20513	2;976;200643;171549;815;816;820;997890	1.0;1.0;1.0;1.0;1.0;1.0;1.0;1.0
k79_92835	2;74201;203494;48461;1647988;239934;239935	1.0;1.0;1.0;1.0;1.0;1.0;1.0
k79_92836	2;976;200643;171549;815;909656;821	1.0;0.99999;0.99999;0.99999;0.99999;0.99998;0.99997
k79_20521	2;976;200643;171549;815;909656;821	1.0;1.0;1.0;1.0;1.0;1.0;1.0
k79_68885	2;1239;186801;186802;216572;1263;1160721	1.0;0.9999;0.9999;0.99984;0.99984;0.99984;0.99189
k79_44854	2;1224;1236;135619;135620;28253;491948	0.97225;0.8067;0.80669;0.80647;0.80647;0.80647;0.80647
k79_92842	2;976;200643;171549;815;816;820;997890	1.0;1.0;1.0;1.0;1.0;1.0;1.0;1.0
k79_57026	2;1239;526524;526525;2810280;2678885;1982626	1.0;0.99977;0.99894;0.99894;0.9989;0.9989;0.9989
k79_8232	2;1239;186801;3085636;186803;207244;649756;649757	1.0;1.0;1.0;1.0;1.0;1.0;1.0;1.0
k79_44859	2;976;200643;171549;815;816;820;997890	1.0;1.0;1.0;1.0;1.0;1.0;1.0;1.0
k79_57027	2157;28890;183925;2158;2159;2172;2173;420247	1.0;1.0;1.0;1.0;1.0;1.0;1.0;1.0
k79_92849	2;976;117747;200666;84566;423349;1173583	1.0;1.0;1.0;1.0;1.0;1.0;1.0
k79_68898	2;976;200643;171549;815;816;818	1.0;0.9998;0.9998;0.9998;0.99979;0.99979;0.99843
k79_20523	2157;28890;183925;2158;2159;2172;2173;420247	1.0;1.0;1.0;1.0;1.0;1.0;1.0;1.0
k79_44863	2;1239;186801;3085636;186803;1843210;3070997	0.9998;0.55238;0.55008;0.53695;0.53695;0.53695;0.53695
k79_57033	2;976;200643;171549;2005525;375288;2951805	1.0;1.0;1.0;1.0;0.99974;0.99974;0.99974
k79_68907	2;1239;91061;1385;186822;44249;2908839	1.0;1.0;1.0;1.0;1.0;1.0;1.0
k79_57035	2;976;200643;171549;815;816;820;997890	1.0;1.0;1.0;1.0;1.0;1.0;1.0;1.0
k79_92869	2;1239;91061;1385;186817;1386;1839798	0.9781;0.96592;0.88696;0.88677;0.66517;0.66514;0.66438
k79_80995	2;1239;186801;186802;31979;1485;2507159	1.0;0.99996;0.99993;0.9994;0.9994;0.99939;0.99927
k79_8241	2;976;200643;171549;815;816;2715212	0.99998;0.99979;0.99979;0.99979;0.99979;0.99978;0.9996
k79_68921	2;1239;186801;3085636;186803;572511;418240;1121115	1.0;1.0;1.0;1.0;1.0;1.0;1.0;1.0
k79_31990	2;976;200643;171549;2005525;375288;823;999416	1.0;0.99941;0.99793;0.99793;0.99728;0.99728;0.99728;0.99728
k79_68923	2;1224;1236;135622;267889;28228;2583805	1.0;0.65461;0.6546;0.6546;0.65158;0.65158;0.65158
k79_8246	2157;28890;183925;2158;2159;2172;2173;420247	1.0;1.0;1.0;1.0;1.0;1.0;1.0;1.0
k79_68924	2;976;200643;171549;815;816;820;997890	1.0;0.99997;0.99995;0.99995;0.98926;0.98617;0.95607;0.95607
k79_92871	2;1239;526524;526525;2810280;2678885;1982626	1.0;1.0;0.99999;0.99999;0.99998;0.99998;0.99998
k79_80997	2;1239;526524;526525;2810280;2678885;1982626	1.0;1.0;1.0;1.0;1.0;1.0;1.0
k79_20543	2;1239;186801;3085636;186803;841;1261635	1.0;1.0;1.0;1.0;1.0;1.0;1.0
k79_81004	2;1239;186801;3085636;186803;2569097;39488	1.0;0.96509;0.9641;0.96097;0.96097;0.5246;0.5246
k79_32001	2;1239;1737404;1737405;1570339;543311;33033	1.0;0.99983;0.99279;0.99279;0.99279;0.99279;0.99279
k79_92884	2;74201;203494;48461;1647988;239934;239935	1.0;1.0;1.0;1.0;1.0;1.0;1.0
k79_32002	2;976;200643;171549;815;816;818	1.0;0.9998;0.99979;0.99979;0.99979;0.99974;0.99959
k79_20555	2;1239;526524;526525;2810280;2678885;1982626	0.99997;0.99997;0.99994;0.99994;0.99994;0.99994;0.99994
k79_92887	2;976;200643;171549;815;816;820;997890	1.0;0.99999;0.99999;0.99999;0.99994;0.99992;0.99988;0.99988
k79_32004	2157;28890;183925;2158;2159;2172;2173;420247	1.0;1.0;1.0;1.0;1.0;1.0;1.0;1.0
k79_81012	2;1239;186801;3085636;186803;841;166486;657315	1.0;1.0;1.0;1.0;1.0;0.99962;0.99962;0.99958
k79_92899	2	0.99093
k79_32016	2;1239;186801;3085636;186803;841;1261635	1.0;1.0;0.99999;0.99999;0.99999;0.99974;0.99974
k79_57068	2157;28890;183925;2158;2159;2172;2173;420247	1.0;1.0;1.0;1.0;1.0;1.0;0.99999;0.99999
k79_57070	2;1239;91061;186826;1300;1301;150055	1.0;1.0;0.99998;0.99998;0.99998;0.99998;0.99998
k79_81025	2;1239;186801;186802;216572;1263;2608920	1.0;0.9994;0.9991;0.97661;0.97654;0.97515;0.97401
k79_57073	2;203682;203683;2691354;2691359;1400386;1400387	1.0;0.99963;0.99963;0.99963;0.99963;0.99963;0.99963
k79_20559	2;976;200643;171549;815;816;820;997890	1.0;1.0;1.0;1.0;1.0;1.0;0.99997;0.99997
k79_32021	2;1239;186801;186802;186806;1730;2841528	1.0;0.99979;0.99978;0.99978;0.99976;0.99976;0.99976
k79_44899	2;1239;186801;3085636;186803;841;166486;657315	1.0;1.0;1.0;0.99993;0.99993;0.99886;0.99885;0.98723
k79_32022	2;1239;186801;3085636;186803;1766253;39491;657318	1.0;1.0;1.0;1.0;1.0;1.0;1.0;0.9998
k79_8258	2;1239;186801;3082720;186804;1870884;1496	1.0;1.0;1.0;1.0;1.0;1.0;1.0
k79_32024	2;976;200643;171549;815;816;477666	1.0;0.99962;0.99959;0.99959;0.99958;0.99958;0.99958
k79_8260	2;1239;186801;3085636;186803;33042;410072	1.0;0.9969;0.99564;0.99084;0.99084;0.95393;0.95393
k79_57087	2;1239;1737404;1737405;2042895;1505664;1556;1128398	1.0;1.0;1.0;1.0;1.0;1.0;1.0;1.0
k79_68964	2;1239;526524;526525;2810280;2678885;1982626	1.0;0.99999;0.99983;0.99983;0.99983;0.99983;0.99983
k79_68966	2;1239;186801;186802;216572;946234;292800	1.0;0.9995;0.99911;0.85692;0.85692;0.8569;0.8569
k79_32032	2;1239;909932;1843488;909930;33024;33025	0.99999;0.99999;0.99998;0.99998;0.99998;0.99998;0.99998
k79_8269	2;976;200643;171549;815;816;2650157	1.0;1.0;1.0;1.0;1.0;1.0;0.99987
k79_32035	2;1239;186801;3085636;186803;841;166486;657315	0.99563;0.99555;0.99544;0.99542;0.99542;0.92677;0.92666;0.85583
k79_92932	2;1239;186801;3085636;186803;2316020;46228;471875	0.99999;0.99988;0.99953;0.99951;0.99951;0.80031;0.80019;0.80019
k79_68984	2;1239;186801;186802;216572;216851;853;718252	1.0;0.99952;0.99951;0.99894;0.99886;0.99885;0.99723;0.99713
k79_81059	2;1239;909932;1843488;909930;33024;33025	1.0;1.0;0.99997;0.99997;0.99997;0.99997;0.99997
k79_8282	2759;7711;40674;9443;9604;9605;9606	1.0;1.0;1.0;1.0;1.0;1.0;1.0
k79_20579	2;1239;526524;526525;2810280;2678885;1982626	1.0;1.0;1.0;1.0;0.99999;0.99999;0.99999
k79_81065	2157;28890;183925;2158;2159;2172;2173;420247	0.99997;0.99997;0.99997;0.99997;0.99997;0.99997;0.99997;0.99997
k79_20585	2;976;200643;171549;815;909656;821	1.0;1.0;1.0;1.0;1.0;0.99998;0.99998
k79_68997	2;976;117747;200666;84566;423349;398053	1.0;1.0;0.99985;0.99985;0.99985;0.99985;0.99985
k79_8292	2;976;200643;171549;815;816;820;997890	1.0;1.0;1.0;1.0;1.0;1.0;0.99986;0.99986
k79_44922	2;1239;526524;526525;2810280;2678885;1982626	1.0;0.99997;0.99995;0.99995;0.99981;0.99981;0.99981
k79_68998	2;1239;186801;3085636;186803;1766253;39491;657317	1.0;1.0;1.0;1.0;1.0;0.99999;0.99999;0.84895
k79_32039	2157;28890;183925;2158;2159;2172;2173;420247	1.0;1.0;1.0;1.0;1.0;1.0;1.0;1.0
k79_81066	2;1239;526524;526525;2810280;2678885;1982626	1.0;1.0;1.0;1.0;1.0;1.0;1.0
k79_69000	2;1239;186801;3085636;186803;572511;418240;1121115	1.0;1.0;1.0;1.0;1.0;1.0;1.0;1.0
k79_32041	2;1239;186801;186802;216572;1263;2608920	1.0;1.0;1.0;0.99998;0.99998;0.99998;0.99997
k79_92966	2;976;200643;171549;815;816;820;997890	1.0;1.0;1.0;1.0;1.0;1.0;1.0;1.0
k79_20593	2;1239;91061;186826;33958;1243;33964	0.99997;0.99193;0.94472;0.81711;0.81681;0.81681;0.81681
k79_81081	2;1239;186801;3085636;186803	0.99983;0.55188;0.53942;0.539;0.539
k79_44925	2;976;200643;171549;815;909656;387090	1.0;0.99999;0.99999;0.99999;0.99999;0.99999;0.99999
k79_81085	2;1239;186801;3085636;186803;841;166486;718255	1.0;1.0;1.0;0.99999;0.99999;0.99996;0.99993;0.90974
k79_20598	2157;28890;183925;2158;2159;2172;2173;420247	1.0;1.0;1.0;1.0;1.0;1.0;1.0;1.0
k79_69009	2759;7711;40674;9443;9604;9605;9606	0.93236;0.93236;0.93236;0.93236;0.93236;0.93236;0.93236
k79_57133	2;976;200643;171549;815;909656;821	0.78925;0.6622;0.66217;0.66217;0.66101;0.56471;0.56467
k79_81086	2;976;200643;171549;815;909656;821	1.0;1.0;1.0;1.0;0.99994;0.99991;0.99991
k79_8298	2;1239;526524;526525;2810280;2678885;1982626	1.0;1.0;1.0;1.0;1.0;1.0;1.0
k79_32059	2;1239;526524;526525;2810280;2678885;1982626	1.0;1.0;1.0;1.0;1.0;1.0;1.0
k79_8300	2;976;200643;171549;815;816;820;997890	1.0;1.0;1.0;1.0;1.0;1.0;1.0;1.0
k79_8302	2;976;200643;171549;171552;2974257;28127	1.0;0.99996;0.99996;0.99996;0.99996;0.99996;0.99996
k79_69019	2;976;200643;171549;815;909656;387090	1.0;1.0;1.0;1.0;1.0;1.0;1.0
k79_69020	2;1239;186801;3085636;186803;572511;418240;1121115	1.0;1.0;1.0;1.0;1.0;1.0;1.0;1.0
k79_81092	2157;28890;183925;2158;2159;2172;2173;420247	1.0;1.0;1.0;1.0;1.0;1.0;1.0;1.0
k79_8307	2;976;200643;171549;815;816;291644	1.0;0.99975;0.99974;0.99974;0.92982;0.92982;0.89867
k79_92972	2;976;200643;171549;815	0.99977;0.99705;0.99699;0.99699;0.98777
k79_20603	2;1239;186801;3085636;186803;572511;418240;1121115	1.0;1.0;1.0;1.0;1.0;1.0;1.0;1.0
k79_32069	2;1239;186801;3085636;186803;1766253;39491;657318	1.0;1.0;1.0;1.0;1.0;0.99998;0.99998;0.9868
k79_20604	2;1239;186801;3085636;186803;2316020;33039;657313	1.0;0.99999;0.99999;0.99973;0.99973;0.99627;0.99626;0.99626
k79_81093	2;976;200643;171549;815;816;28111	1.0;0.99995;0.99994;0.99994;0.99994;0.99993;0.99951
k79_57140	2;1239;186801;3085636;186803;2316020;46228;471875	1.0;0.99992;0.9999;0.9999;0.9999;0.99982;0.99982;0.99982
k79_81097	2;976;200643;171549;815;909656;376805;667015	1.0;1.0;1.0;1.0;1.0;1.0;1.0;1.0
k79_8313	2;1239;186801;3085636;186803	0.99955;0.99879;0.99817;0.99708;0.99708
k79_8314	2;1239;526524;526525;2810280;2678885;1982626	1.0;1.0;1.0;1.0;1.0;1.0;1.0
k79_81102	2;1239;186801;3085636;186803;2569097;39488	1.0;1.0;1.0;1.0;1.0;1.0;1.0
k79_32078	2;1239;186801;3085636;186803;33042;410072	1.0;1.0;1.0;1.0;1.0;0.9993;0.9993
k79_69028	2;976;200643;171549;815;816;820;997890	1.0;1.0;1.0;1.0;0.99999;0.99996;0.99975;0.99975
k79_20610	2;1239;186801;3085636;186803;2316020;33039;657313	1.0;0.99992;0.99992;0.99992;0.99992;0.99949;0.99928;0.99928
k79_93003	2;1239;186801;3085636;186803;2569097;39488	1.0;1.0;1.0;1.0;1.0;1.0;1.0
k79_32079	2;1239;186801;186802;216572;1263;1160721	0.99996;0.99973;0.99752;0.64104;0.64098;0.64096;0.64077
k79_57142	2;976;117743;200644;49546;237;2502784	1.0;0.99766;0.99766;0.99766;0.99766;0.99766;0.99766
k79_69033	2;1239;186801;3085636;186803;207244;649756;649757	1.0;1.0;1.0;1.0;1.0;1.0;1.0;1.0
k79_44960	2;976;200643;171549;815;816;820;997890	1.0;1.0;1.0;1.0;1.0;1.0;1.0;1.0
k79_32080	2;976;200643;171549;815;909656;387090	1.0;1.0;1.0;1.0;0.99972;0.9997;0.99961
k79_81124	2;1239;186801;3085636;186803;1766253;39491;657317	1.0;1.0;1.0;1.0;1.0;1.0;1.0;0.99999
k79_20624	2;976;200643;171549;815;816;820;997890	1.0;1.0;1.0;1.0;1.0;1.0;1.0;1.0
k79_81130	2;1239;909932;1843488;909930;33024;33025	0.99951;0.99602;0.56627;0.56619;0.56619;0.56619;0.56619
k79_69048	2;1239;186801;186802;216572;1263;2608920	1.0;0.99999;0.99999;0.99999;0.99999;0.99999;0.99999
k79_57152	2;976;200643;171549;815;816;820;997890	1.0;0.99999;0.99999;0.99999;0.99999;0.99999;0.99998;0.99998
k79_32099	2;1239;186801;3085636;186803;841;301301	1.0;1.0;1.0;1.0;1.0;0.99997;0.99997
k79_44961	2;1239;186801	0.99991;0.68694;0.68588
k79_8316	2759;7711;40674;9443;9604;9605;9606	0.99233;0.99233;0.99233;0.99233;0.99233;0.99233;0.99233
k79_32101	2;1239;526524;526525;2810280;2678885;1982626	1.0;1.0;0.99999;0.99999;0.99999;0.99999;0.99999
k79_57162	2;1239;186801;186802;216572;1263;2608920	1.0;0.99996;0.99996;0.99996;0.99996;0.99996;0.99996
k79_81145	2157;28890;183925;2158;2159;2172;2173;420247	1.0;1.0;1.0;1.0;1.0;1.0;1.0;1.0
k79_8320	2;1239;186801;186802;186806;1730;2841528	1.0;1.0;1.0;1.0;1.0;1.0;1.0
k79_32108	2;1239;186801;3085636;186803;207244;649756;649757	1.0;1.0;1.0;1.0;1.0;1.0;1.0;1.0
k79_69074	2;29547;3031852;213849;2808963;2321111;28198;1032071	1.0;0.99994;0.99994;0.99994;0.99994;0.99994;0.99994;0.99994
k79_81153	2157;28890;183925;2158;2159;2172;2173;420247	1.0;1.0;1.0;1.0;1.0;1.0;1.0;1.0
k79_8329	2;976;200643;171549;815;816;820;997890	1.0;1.0;1.0;1.0;1.0;1.0;0.99989;0.99989
k79_8334	2;1239;186801;186802;31979;1155385;3036945	1.0;1.0;1.0;0.98464;0.98463;0.98463;0.98463
k79_57166	2;1239;186801;3082720;186804;214904;2925782	0.99837;0.72992;0.72036;0.70728;0.70728;0.70647;0.70647
k79_93023	2;1224;28216;80840;119060;1822464;3136564	1.0;0.92443;0.92442;0.92442;0.92442;0.92442;0.92442
k79_44990	2;1239;186801;186802;216572;2892396;2714355	1.0;0.99996;0.99995;0.99984;0.99984;0.99978;0.99978
k79_20645	2;1239;186801;3085636;186803;207244;649756;649757	1.0;1.0;1.0;1.0;1.0;1.0;1.0;1.0
k79_69092	2	0.99991
k79_20647	2;976;200643;171549;815;816;820;997890	1.0;1.0;1.0;1.0;1.0;1.0;0.99998;0.99998
k79_44992	2;976;200643;171549;815;816;820;997890	1.0;1.0;1.0;1.0;1.0;1.0;1.0;1.0
k79_32110	2;1239;186801;3085636;186803;189330;88431	1.0;1.0;1.0;1.0;1.0;0.98496;0.98494
k79_57172	2;1239;526524;526525;2810280;2678885;1982626	1.0;1.0;1.0;1.0;1.0;1.0;1.0
k79_81154	2;1239;186801;186802;216572;1263;2608920	1.0;0.99999;0.99999;0.99999;0.99999;0.99992;0.99992
k79_81155	2;976;200643;171549;815;909656;821	0.99994;0.86406;0.86355;0.86355;0.8597;0.85544;0.85541
k79_8339	2;1239;186801;3085636;186803;1766253;39491;657318	1.0;1.0;1.0;1.0;1.0;0.99989;0.99989;0.99541
k79_45001	2;1239;186801;3082720;186804;1501226;1115758	0.99997;0.99981;0.99968;0.99834;0.99834;0.99833;0.99833
k79_20655	2;1239;186801;186802;216572;1263;2608920	1.0;1.0;1.0;1.0;1.0;0.99999;0.99998
k79_69100	2157;28890;183925;2158;2159;2172;2173;420247	1.0;1.0;1.0;1.0;1.0;1.0;1.0;1.0
k79_20658	2;976;200643;171549;815;909656;387090	1.0;0.99986;0.99984;0.99982;0.99948;0.99311;0.61472
k79_93035	2;976;200643;171549;815;816;820;997890	1.0;1.0;1.0;1.0;1.0;1.0;1.0;1.0
k79_45006	2;1239;186801;186802;216572;216851;411483	0.99998;0.99866;0.99864;0.99584;0.99582;0.55146;0.53764
k79_93039	2;1239;186801;186802;216572;459786;2109687	1.0;1.0;1.0;1.0;1.0;0.99903;0.99903
k79_69113	2;976;200643;171549;815;816;162156	1.0;0.99981;0.99979;0.99979;0.99978;0.90087;0.67816
k79_8356	2;1239;186801;186802;31979;1485;1491	0.99997;0.99989;0.9842;0.98405;0.98404;0.98404;0.98276
k79_69114	2;1239;186801;3085636;186803;189330;88431	0.99943;0.99855;0.99217;0.98308;0.98308;0.869;0.86899
k79_32158	2;1239;186801;3085636;186803;1766253;39491;657318	1.0;1.0;1.0;1.0;1.0;0.99998;0.99998;0.78795
k79_45019	2;1239;186801;186802;216572;216851;853;718252	1.0;1.0;0.99999;0.99996;0.99991;0.99947;0.99893;0.99891
k79_93050	2;1239;186801;186802;216572;244127;169435	1.0;1.0;1.0;1.0;1.0;1.0;1.0
k79_57188	2;1239;186801;186802;216572;216851;2929493	1.0;0.99986;0.9995;0.92659;0.9264;0.87688;0.86594
k79_93054	2;1239;909932;1843488;909930;33024;33025	1.0;1.0;1.0;1.0;1.0;1.0;1.0
k79_20669	2;976;200643;171549;815;816;820;997890	1.0;1.0;1.0;1.0;1.0;1.0;1.0;1.0
k79_45034	2;1239;186801;3085636;186803;2569097;39488	1.0;1.0;1.0;1.0;1.0;1.0;1.0
k79_32175	2;1239;186801;3085636;186803;207244;649756;649757	1.0;1.0;1.0;1.0;1.0;1.0;1.0;1.0
k79_93061	2;1239;91061;1385;186818;1649	1.0;1.0;1.0;1.0;1.0;1.0
k79_45040	2;1239;186801;3085636;186803;572511;418240;1121115	1.0;1.0;1.0;1.0;1.0;1.0;1.0;1.0
k79_81164	2;1239	0.9687;0.95989
k79_8365	2;976;200643;171549;815;816;820;997890	1.0;1.0;1.0;1.0;1.0;1.0;0.99998;0.99998
k79_81165	2;976;200643;171549;815;816;820;997890	1.0;1.0;1.0;1.0;1.0;1.0;0.99999;0.99999
k79_32184	2;1239;186801;3085636;186803;2569097;39488	0.99849;0.99844;0.99813;0.99784;0.99784;0.9414;0.9414
k79_57202	2;976;200643;171549;815;816;820;997890	1.0;1.0;1.0;1.0;1.0;1.0;1.0;1.0
k79_45045	2;1239;186801;3085636;186803;1766253;39491;657318	1.0;1.0;1.0;1.0;1.0;0.99996;0.99996;0.99996
k79_20670	2;544448;1912503;2975519;2975520;2975521;2782163	1.0;1.0;1.0;1.0;1.0;1.0;1.0
k79_32190	2;1239;526524;526525;2810280;2678885;1982626	1.0;1.0;1.0;1.0;1.0;1.0;1.0
k79_69139	2;1239;186801;186802;216572;216851;853;718252	1.0;1.0;1.0;0.99999;0.99999;0.99999;0.99999;0.99999
k79_45047	2;976;200643;171549;815;816;2785531	1.0;1.0;1.0;1.0;0.99999;0.99998;0.93591
k79_57210	2157;28890;183925;2158;2159;2172;2173;420247	0.99999;0.99999;0.99999;0.99999;0.99999;0.99999;0.99999;0.99999
k79_8372	2;976;200643;171549;815;816;820;997890	1.0;1.0;0.99999;0.99999;0.99999;0.99999;0.99969;0.99969
k79_45048	2;1239;186801;3085636;186803;841;166486;718255	0.99999;0.99999;0.99999;0.99999;0.99999;0.99884;0.99676;0.90266
k79_45052	2;976;200643;171549;171550;239759;2585119	1.0;1.0;1.0;1.0;1.0;1.0;1.0
k79_45054	2157;28890;183925;2158;2159;2172;2173;420247	1.0;1.0;1.0;1.0;1.0;1.0;0.99999;0.99999
k79_93098	2;1239;91061;1385;186817;45667;45668	1.0;0.99982;0.99145;0.99143;0.99143;0.99143;0.99143
k79_45072	2;976;200643;171549;815;816;820;997890	1.0;1.0;1.0;1.0;1.0;1.0;1.0;1.0
k79_81184	2;976;200643;171549;815;909656;821	1.0;0.99828;0.99828;0.99828;0.99828;0.99809;0.99809
k79_57251	2;976;200643;171549;815;816;818	0.99999;0.99994;0.99994;0.99992;0.99875;0.99851;0.98885
k79_8396	2;1239;909932;1843488;909930;33024;33025	0.99969;0.99402;0.98558;0.98558;0.98558;0.98558;0.98558
k79_81187	2;1239;186801;3085636;186803;33042;410072	1.0;1.0;1.0;1.0;1.0;0.99994;0.99994
k79_8402	2;1239;186801;3085636;186803;2316020;46228;471875	1.0;1.0;1.0;1.0;1.0;1.0;1.0;1.0
k79_45081	2;1239;186801;186802;216572;216851;2929492	1.0;1.0;1.0;1.0;0.99998;0.99994;0.99994
k79_20722	2157;28890;183925;2158;2159;2172;2173;420247	0.98942;0.98942;0.98942;0.98942;0.98942;0.98942;0.97458;0.97458
k79_8403	2;1239;909932;1843488;909930;33024;33025	1.0;1.0;0.99992;0.99992;0.99992;0.99992;0.99992
k79_32217	2;1239;186801;3085636;186803;1766253;39491;657318	0.95908;0.95871;0.95811;0.88422;0.88422;0.51835;0.51835;0.51431
k79_69174	2;976;200643;171549;815;816;820;997890	1.0;0.99999;0.99999;0.99999;0.99973;0.99972;0.99032;0.99032
k79_45087	2;74201;203494;48461;1647988;239934;239935	1.0;0.97844;0.97844;0.97844;0.97844;0.97844;0.97844
k79_81199	2;1239;186801;3085636;186803;572511;418240;1121115	1.0;1.0;1.0;1.0;1.0;0.99997;0.99997;0.99997
k79_81201	2;201174;1760;85009;2726069;182639;182640;479435	1.0;1.0;1.0;1.0;1.0;1.0;1.0;1.0
k79_32228	2;1239;526524;526525;2810280;2678885;1982626	0.99942;0.99939;0.99928;0.99928;0.99928;0.99928;0.99928
k79_20726	2;1239;186801;186802;216572;1263;2608920	0.9997;0.9996;0.99956;0.99955;0.99812;0.99812;0.99805
k79_93107	2;1239;526524;526525;2810280;2678885;1982626	1.0;1.0;1.0;1.0;1.0;1.0;1.0
k79_8424	2;1239;186801;3085636;186803;189330;88431	1.0;0.99994;0.99994;0.99994;0.99994;0.99867;0.99867
k79_93108	2;1239;186801;3085636;186803	1.0;0.93091;0.66865;0.62624;0.62624
k79_32238	2;976;200643;171549;815;816;820;997890	1.0;1.0;1.0;1.0;1.0;1.0;1.0;1.0
k79_57279	2;1239;186801;3085636;186803;1766253;39491;657317	1.0;1.0;1.0;1.0;1.0;1.0;1.0;0.99992
k79_57280	2;1239;526524;526525;2810280;2678885;1982626	1.0;1.0;1.0;1.0;1.0;1.0;1.0
k79_93111	2;1239;186801;3085636;186803;572511;418240;1121115	1.0;1.0;1.0;1.0;1.0;1.0;1.0;1.0
k79_32244	2;29547;3031852;213849;2808963;2321111;544718;1032240	0.99959;0.79565;0.79565;0.79565;0.79565;0.79565;0.79563;0.79563
k79_20736	2;1239;186801;186802;216572;2842531;2780922	1.0;1.0;0.99999;0.99999;0.99999;0.99998;0.99998
k79_45100	2;1239;526524;526525;2810280;2678885;1982626	0.99983;0.99968;0.9993;0.9993;0.9992;0.9992;0.9992
k79_32249	2;976;200643;171549;815;909656;821	1.0;1.0;1.0;1.0;0.99982;0.99789;0.99785
k79_8432	2;1239;186801;3085636;186803;189330;88431	0.99981;0.99959;0.99949;0.99875;0.99875;0.63331;0.61458
k79_81218	2;1239;186801;186802;216572;1263;2608920	1.0;1.0;1.0;0.99999;0.99998;0.99998;0.99997
k79_93115	2;1239;526524;526525;2810280;2678885;1982626	1.0;0.99969;0.99967;0.99967;0.99967;0.99967;0.99967
k79_32252	2;1239;186801;3085636;186803;1766253;39491;657317	1.0;1.0;1.0;1.0;1.0;1.0;1.0;0.99998
k79_81220	2;1239;186801;3085636;186803;2569097;39488	1.0;1.0;1.0;1.0;1.0;1.0;1.0
k79_20741	2;1239;91061;186826;33958;2759736	0.99996;0.97538;0.84766;0.84564;0.84564;0.84564
k79_8439	2;1239;526524;526525;2810280;2678885;1982626	1.0;0.99919;0.99359;0.99359;0.99295;0.99292;0.99292
k79_93122	2;976;117743;200644;2762318;59732;2487065	1.0;0.99978;0.99978;0.99978;0.99978;0.99978;0.99978
k79_32257	2;1239;186801;3085636;186803;1506553;29347	1.0;1.0;1.0;0.99999;0.99999;0.99994;0.99994
k79_45116	2;1239;186801;3085636;186803;572511;418240;1121115	1.0;1.0;1.0;1.0;1.0;1.0;1.0;1.0
k79_20742	2;1239;526524;526525;2810280;2678885;1982626	1.0;0.93594;0.93584;0.93584;0.93584;0.93582;0.93582
k79_45118	2;976;200643;171549;815;816;820;997890	1.0;1.0;1.0;1.0;1.0;0.99999;0.99408;0.99408
k79_45119	2;976;117743;200644;49546;237;3003258	0.99998;0.99494;0.99432;0.99432;0.99432;0.99432;0.99431
k79_69194	2;1239;186801;186802;216572;1263;2608920	1.0;0.99995;0.99994;0.99993;0.99942;0.99942;0.99934
k79_20746	2;1239;186801;3085636;186803;1766253;39491;657317	1.0;1.0;1.0;1.0;1.0;0.99998;0.99998;0.99857
k79_57312	2;1239;526524;526525;2810280;2678885;1982626	1.0;1.0;1.0;1.0;0.99999;0.99999;0.99999
k79_81236	2;1239;91061;1385;186817;1386;1405	0.99987;0.99987;0.99984;0.99984;0.99984;0.99984;0.99981
k79_57316	2;1239;186801	0.99237;0.95993;0.55807
k79_8463	2;1239;186801;3085636;186803;207244;649756;649757	1.0;1.0;1.0;1.0;1.0;1.0;1.0;1.0
k79_57318	2;1239;526524;526525;2810280;2678885;1982626	1.0;1.0;1.0;1.0;1.0;1.0;1.0
k79_20755	2;1239;186801;3085636;186803;841;1261634	1.0;0.99999;0.99999;0.99997;0.99997;0.99851;0.99839
k79_8467	2;1239;186801;3085636;186803;2316020;33039;657313	1.0;1.0;1.0;1.0;1.0;1.0;1.0;1.0
k79_81251	2;1239;909932;1843488;909930;33024;33025	1.0;1.0;1.0;1.0;1.0;1.0;1.0
k79_57328	2;976;200643;171549;171550;239759;214856;679935	1.0;0.99981;0.9998;0.9998;0.99972;0.99972;0.99972;0.99972
k79_69198	2;1239;186801;3085636;186803;2944195;2763669	1.0;0.99994;0.99989;0.75328;0.75328;0.72794;0.72794
k79_57329	2157;28890;183925;2158;2159;2172;2173;420247	1.0;1.0;1.0;1.0;1.0;1.0;1.0;1.0
k79_20764	2	0.95289
k79_32289	2;1239;186801;3085636;186803;1766253;39491;657318	1.0;1.0;1.0;1.0;1.0;0.99999;0.99999;0.99754
k79_57330	2759;7711;40674;9443;9604;9605;9606	0.68093;0.68093;0.68093;0.68093;0.68093;0.68093;0.68093
k79_32293	2;976;200643;171549;815;816;820;997890	1.0;1.0;1.0;1.0;1.0;1.0;0.99999;0.99999
k79_8475	2;1239;186801;186802;216572;2591381;2093857	1.0;1.0;0.99998;0.99998;0.99998;0.99997;0.99997
k79_81261	2;1239;186801;3085636;186803;2569097;39488	1.0;0.99986;0.99986;0.99985;0.99985;0.99969;0.99969
k79_57335	2;1239;186801;3082720;186804	0.9917;0.74055;0.73832;0.6481;0.6481
k79_32296	2;1239;186801;3085636;186803;1766253;39491;657318	0.99998;0.99987;0.99987;0.99986;0.99986;0.99986;0.99986;0.89784
k79_8476	2;976;200643;171549;815;816;820;997890	1.0;0.99964;0.99964;0.99964;0.99963;0.99963;0.99959;0.99959
k79_93156	2;976;200643;171549;815;816;820;997890	1.0;1.0;1.0;1.0;1.0;1.0;1.0;1.0
k79_69218	2;74201;203494;48461;1647988;239934;239935	1.0;0.96478;0.96478;0.96478;0.96478;0.96478;0.96474
k79_32297	2;1239;186801;186802;216572;216851;2929495	1.0;0.85066;0.74081;0.73029;0.73028;0.71867;0.52376
k79_57337	2;1239;186801;186802;216572;1263;2608920	0.99966;0.99964;0.99963;0.96951;0.9695;0.96944;0.96878
k79_45155	2759;7711;40674;9443;9604;9605;9606	0.99529;0.99529;0.99529;0.99529;0.99529;0.99529;0.99529
k79_20782	2;1239;91061;1385;186822;44249;539262	1.0;0.99987;0.997;0.997;0.997;0.997;0.997
k79_81271	2;1239;526524;526525;2810280;2678885;1982626	1.0;1.0;1.0;1.0;1.0;1.0;1.0
k79_45157	2;976;200643;171549;2005525;375288;823;999416	1.0;0.99896;0.99893;0.99893;0.78227;0.78227;0.78209;0.78209
k79_8493	2;976;200643;171549;815;816;820;997890	1.0;1.0;1.0;1.0;1.0;1.0;1.0;1.0
k79_81275	2;1239;186801;3085636;186803;2316020;33039;657313	1.0;1.0;1.0;1.0;1.0;1.0;1.0;1.0
k79_69236	2;976;200643;171549;815;816;820;997890	1.0;1.0;1.0;1.0;1.0;1.0;0.99999;0.99999
k79_8497	2;1239;91061;1385;186817;1434042;85683;439292	0.99999;0.69031;0.68959;0.68959;0.68418;0.68418;0.68418;0.68418
k79_57359	2;201174;1760;85011;2062;1883;1413221	1.0;1.0;1.0;1.0;1.0;1.0;1.0
k79_93173	2;1239;186801;186802;216572;2892396;2714353	1.0;1.0;1.0;1.0;1.0;0.99999;0.99999
k79_69246	2;1239;186801;3085636;186803;33042;410072	1.0;1.0;1.0;1.0;1.0;0.99945;0.99945
k79_20799	2157;28890;183925;2158;2159;2172;2870563	0.99997;0.99997;0.99997;0.99997;0.99997;0.99997;0.99996
k79_32303	2;1239;186801;186802;216572;1263;2608920	0.99973;0.98574;0.972;0.93693;0.90691;0.61405;0.54161
k79_57369	2;1239;186801;3085636;186803;572511;418240;1121115	0.99998;0.99998;0.99998;0.99997;0.99997;0.9998;0.99952;0.99952
k79_45161	2;1239;186801;3085636;186803;841;1261635	0.99997;0.99996;0.99994;0.99994;0.99994;0.99894;0.99827
k79_20803	2;1239	0.99992;0.78147
k79_20807	2;976;200643;171549;815;816;291644	1.0;1.0;1.0;1.0;1.0;1.0;0.99995
k79_93182	2;1239;186801;3085636;186803;2316020;46228;471875	1.0;1.0;1.0;1.0;1.0;0.99999;0.99999;0.99999
k79_93186	2;976;200643;171549;815;816;820;997890	1.0;1.0;1.0;1.0;1.0;1.0;1.0;1.0
k79_69254	2157;28890;183925;2158;2159;2172;2173;420247	1.0;1.0;1.0;1.0;1.0;1.0;0.99986;0.99986
k79_20811	2;976;200643;171549;815;909656;387090	1.0;0.99999;0.99996;0.99994;0.9999;0.64872;0.64718
k79_57379	2;1239;186801;3085636;186803;572511;418240;1121115	1.0;1.0;1.0;1.0;1.0;1.0;1.0;1.0
k79_32316	2;976;200643;171549;815;816;820;997890	1.0;0.99989;0.99984;0.99984;0.99984;0.99984;0.99883;0.99883
k79_20813	2;1239;186801;3085636;186803;841;301301	1.0;0.99999;0.99999;0.99997;0.99997;0.99997;0.99888
k79_57381	2;1239;186801;3085636;186803;1506553;29347	1.0;0.99979;0.99979;0.99979;0.99979;0.90827;0.90827
k79_81296	2;1239;186801;3085636;186803;1766253;39491;657317	1.0;0.99999;0.99999;0.99999;0.99999;0.99981;0.99981;0.99978
k79_57387	2;1239;186801;186802;216572;216851;2929495	1.0;1.0;1.0;1.0;1.0;1.0;0.99999
k79_20821	2;1239;91061;1385;186817;1386;1408	0.99967;0.98613;0.90311;0.90302;0.87787;0.8778;0.87718
k79_45192	2;976;200643;171549;815;816;820;997890	1.0;1.0;1.0;1.0;1.0;1.0;1.0;1.0
k79_93197	2157;28890;183925;2158;2159;2172;2173;420247	1.0;1.0;1.0;1.0;1.0;1.0;1.0;1.0
k79_45193	2;1239;186801;186802;216572;1263;2608920	1.0;1.0;1.0;1.0;1.0;1.0;1.0
k79_8506	131567	0.99986
k79_69275	2;976;200643;171549;815;909656;821	0.99995;0.99769;0.99769;0.99769;0.99768;0.99689;0.99688
k79_20829	2;1224;1236;135619;2066474;305899;1234143	1.0;0.83169;0.83137;0.8313;0.83128;0.83128;0.83128
k79_57391	2;1239;186801;186802;216572;2892397;2714358	1.0;1.0;1.0;1.0;1.0;1.0;1.0
k79_69277	2;976;200643;171549;815;816;820;997890	1.0;1.0;1.0;1.0;1.0;1.0;1.0;1.0
k79_8517	2;1239;186801;3085636;186803;33042;410072	1.0;1.0;1.0;1.0;1.0;0.99993;0.99993
k79_32333	2157;28890;183925;2158;2159;2172;2173;420247	1.0;1.0;1.0;1.0;1.0;1.0;1.0;1.0
k79_57407	2157;28890;183925;2158;2159;2172;2173;420247	0.99999;0.99999;0.99999;0.99999;0.99999;0.99999;0.99997;0.99997
k79_45201	2;1239;186801;186802;186806;1730;39496	1.0;1.0;1.0;1.0;1.0;1.0;1.0
k79_69294	2;976;200643;171549;815;816;820;997890	1.0;1.0;1.0;1.0;1.0;1.0;0.99999;0.99999
k79_81331	2;976;200643;171549;2005525;375288;823;999416	1.0;0.99999;0.99999;0.99999;0.99977;0.99977;0.99977;0.99977
k79_45204	2;976;200643;171549;2005519;397864;397865;880074	1.0;1.0;1.0;1.0;0.99991;0.99991;0.99991;0.99991
k79_93210	2;976;200643;171549;815;816;820;997890	1.0;1.0;1.0;1.0;1.0;1.0;1.0;1.0
k79_45205	2;1239;91061;1385;186822;44249;1178515	1.0;0.99919;0.99905;0.99905;0.99905;0.99905;0.99905
k79_20864	2;976;200643;171549;815;816;820;997890	1.0;1.0;1.0;1.0;1.0;1.0;1.0;1.0
k79_93215	2;1239;186801;3085636;186803;1766253;39491;657317	1.0;1.0;1.0;1.0;1.0;0.99999;0.99999;0.52822
k79_57418	2;74201;203494;48461;1647988;239934;239935	1.0;0.99915;0.99915;0.99915;0.99915;0.99915;0.99915
k79_57421	2157;28890;183925;2158;2159;2172;2173;420247	1.0;1.0;1.0;1.0;1.0;1.0;1.0;1.0
k79_93216	2;1239;186801;3085636;186803;1766253;39491;657317	1.0;1.0;1.0;1.0;1.0;1.0;1.0;0.99872
k79_93221	2;976;200643;171549;815;816;820;997890	1.0;1.0;1.0;1.0;1.0;1.0;1.0;1.0
k79_69322	2;1239;909932;1843488;909930;33024;33025	1.0;1.0;1.0;1.0;1.0;1.0;1.0
k79_81361	2;976;200643;171549;815;816;820;997890	1.0;1.0;1.0;1.0;1.0;1.0;1.0;1.0
k79_45211	2;1239;186801;3085636;186803;28050;39485;515620	0.99929;0.99928;0.99928;0.99925;0.99925;0.99924;0.99924;0.99924
k79_45214	2;1239;186801;3085636;186803;572511;418240;1121115	1.0;1.0;1.0;1.0;1.0;1.0;0.99999;0.99999
k79_20896	2;976;200643;171549;815;816;820;997890	1.0;1.0;1.0;1.0;1.0;1.0;1.0;1.0
k79_32375	2;1239;526524;526525;2810280;2678885;1982626	1.0;1.0;0.99999;0.99999;0.99999;0.99999;0.99999
k79_8524	2157;28890;183925;2158;2159;2172;2173;420247	1.0;1.0;1.0;1.0;1.0;1.0;0.99999;0.99999
k79_8525	2;1239;186801;3085636;186803;1766253;39491;657317	1.0;1.0;1.0;1.0;1.0;1.0;1.0;0.99988
k79_20905	2;976;200643;171549;815;816;817;997879	0.99997;0.99969;0.99967;0.99967;0.99218;0.80976;0.74814;0.74526
k79_69332	2;1239;186801;186802;31979;1485	0.9997;0.98369;0.9817;0.91962;0.91459;0.91459
k79_57442	2;1239;186801;186802;216572;216851;2929490	1.0;1.0;1.0;1.0;1.0;1.0;1.0
k79_81379	2;976;200643;171549;171552;2974251;165179	1.0;1.0;1.0;1.0;0.99945;0.99945;0.99945
k79_8533	2157;28890;183925;2158;2159;2172;2173;420247	1.0;1.0;1.0;1.0;1.0;1.0;1.0;1.0
k79_20910	2;976;200643;171549;815;816;820;997890	1.0;1.0;1.0;1.0;1.0;1.0;0.99999;0.99999
k79_93224	2157;28890;183925;2158;2159;2172;2173;420247	1.0;1.0;1.0;1.0;1.0;1.0;0.99999;0.99999
k79_69339	2;976;200643;171549;815;816;820;997890	1.0;1.0;1.0;1.0;0.99953;0.99951;0.99888;0.99888
k79_8536	2;74201;203494;48461;1647988;239934;239935	1.0;1.0;1.0;1.0;1.0;1.0;1.0
k79_20912	2;1239;186801;3085636;186803	0.9207;0.68674;0.65138;0.51497;0.51496
k79_57459	2;1239;186801;3085636;186803;841;166486;657315	1.0;1.0;1.0;1.0;1.0;1.0;0.99998;0.99449
k79_8544	2;1239;186801;3085636;186803;1766253;39491;657318	1.0;1.0;0.99999;0.99991;0.99991;0.97336;0.97336;0.97334
k79_45226	2;1239;186801;186802;216572;459786;2109687	1.0;1.0;1.0;1.0;1.0;0.99991;0.99991
k79_20916	2157;28890;183925;2158;2159;2172;2173;420247	1.0;1.0;1.0;1.0;1.0;1.0;1.0;1.0
k79_57463	2;1239;526524;526525;2810280;2678885;1982626	1.0;1.0;1.0;1.0;1.0;1.0;1.0
k79_69351	2;976;200643;171549;815;816;820;997890	1.0;1.0;1.0;1.0;1.0;1.0;0.99984;0.99984
k79_20918	2;1239;186801;3085636;186803;1506553;89153	1.0;1.0;1.0;1.0;1.0;1.0;1.0
k79_20922	2;976;200643;171549;815;816;820;997890	1.0;1.0;1.0;1.0;1.0;1.0;0.99998;0.99998
k79_45227	2;1239;186801;3085636;186803;572511;418240;1121115	1.0;0.99997;0.99997;0.99983;0.99983;0.96733;0.96687;0.96687
k79_20925	2;1239;186801;3085636;186803;207244;649756;649757	1.0;1.0;1.0;1.0;1.0;1.0;1.0;1.0
k79_81412	2;976;200643;171549;2005525;375288;46503	0.99999;0.79707;0.79063;0.79063;0.76017;0.76017;0.75997
k79_69366	2;1239;186801;3085636;186803;1766253;39491;657317	1.0;1.0;1.0;1.0;1.0;1.0;1.0;0.99194
k79_8573	2;1239;186801;3085636;186803;207244;649756;649757	1.0;1.0;0.9999;0.9999;0.9999;0.9999;0.9999;0.9999
k79_93250	2;1239;186801;186802;216572;1263;2608920	1.0;1.0;1.0;1.0;1.0;1.0;1.0
k79_81431	2;201174;1760;85004;31953;1678;216816;1682	1.0;0.99999;0.99999;0.99999;0.99999;0.99999;0.99999;0.99999
k79_20942	2;1239;186801;186802;216572;1263;2608920	0.99999;0.99995;0.99995;0.9998;0.9998;0.99964;0.99946
k79_45248	2157;28890;183925;2158;2159;2172;2870563	0.99999;0.99999;0.99999;0.99999;0.99999;0.99999;0.99999
k79_57473	2;1239;186801;186802;216572;1263;2608920	1.0;0.99962;0.99762;0.99654;0.99654;0.99654;0.99654
k79_32413	2;1239;186801;186802;31979;1485;332101	0.99981;0.99808;0.99767;0.9962;0.99446;0.99446;0.99419
k79_57481	2;1239;186801;3085636;186803;572511;418240;1121115	1.0;1.0;1.0;0.99999;0.99999;0.99998;0.99998;0.99998
k79_20943	2;976;200643;171549;815;816;47678;997873	1.0;1.0;0.99999;0.99999;0.99999;0.99989;0.99962;0.99962
k79_32416	2;1239;526524;526525;2810280;2678885;1982626	1.0;1.0;1.0;1.0;1.0;1.0;1.0
k79_57485	2;1239;526524;526525;2810280;2678885;1982626	1.0;1.0;1.0;1.0;1.0;1.0;1.0
k79_81441	2;976;200643;171549;815;909656;357276;997877	1.0;0.99999;0.99999;0.99999;0.99999;0.99999;0.99999;0.99999
k79_45253	2;1239;186801;186802;216572;1263;2608920	1.0;1.0;1.0;1.0;1.0;1.0;1.0
k79_8592	2157;28890;183925;2158;2159;2172;2173;420247	1.0;1.0;1.0;1.0;1.0;1.0;0.99999;0.99999
k79_20959	2;1239;91061;1385;186822;44249;539262	1.0;0.99964;0.75043;0.7499;0.74915;0.74915;0.74915
k79_57504	2;976;200643;171549;815;909656;821	1.0;1.0;1.0;1.0;1.0;0.99999;0.99999
k79_45267	2;976;200643;171549;815;816;820;997890	1.0;1.0;1.0;1.0;1.0;1.0;1.0;1.0
k79_45268	2;1239;186801;3085636;186803;572511;40520;411459	1.0;1.0;1.0;0.99999;0.99999;0.99986;0.99985;0.99985
k79_69389	2;1239;186801;186802;216572;1263;1160721	1.0;1.0;1.0;1.0;1.0;1.0;1.0
k79_57509	2;1239;186801;3085636;186803;1766253;39491;657317	1.0;1.0;1.0;1.0;1.0;1.0;1.0;0.91192
k79_57510	2;1239;186801;3085636;186803;572511;40520;657314	0.99997;0.99997;0.99996;0.99992;0.99992;0.99989;0.99743;0.99743
k79_69392	2;74201;203494;48461;1647988;239934;239935	1.0;0.99999;0.99999;0.99999;0.99999;0.99999;0.99999
k79_57513	2157;28890;183925;2158;2159;2172;2173;420247	1.0;1.0;1.0;1.0;1.0;1.0;1.0;1.0
k79_32426	2759;7711;40674;9443;9604;9605;9606	0.99575;0.99575;0.99575;0.99575;0.99575;0.99575;0.99575
k79_45287	2;1239;186801;3085636;186803;572511;418240;1121115	1.0;1.0;1.0;1.0;1.0;1.0;1.0;1.0
k79_81457	2;976;200643;171549;815;816;28116	1.0;0.99999;0.99999;0.99999;0.99995;0.9999;0.99777
k79_32431	2;1239;186801;3085636;186803;1766253;39491;657318	1.0;1.0;1.0;1.0;1.0;1.0;1.0;0.64347
k79_57524	2;1239;186801;186802;216572;1263;2608920	1.0;1.0;0.99999;0.99999;0.99998;0.99998;0.99997
k79_81459	2157;28890;183925;2158;2159;2172;2173;420247	1.0;1.0;1.0;1.0;1.0;1.0;0.99983;0.99983
k79_32434	2759;7711;40674;9443;9604;9605;9606	0.99958;0.99958;0.99958;0.99958;0.99958;0.99958;0.99958
k79_20971	2;976;200643;171549;815;816;371601;657309	1.0;0.99999;0.99999;0.99999;0.99996;0.99965;0.99965;0.99965
k79_8621	2;1239;186801;3085636;186803;841;301301	0.99999;0.99999;0.99998;0.99997;0.99997;0.99967;0.99967
k79_45300	2;976;200643;171549;815;816;820;997890	1.0;1.0;1.0;1.0;1.0;1.0;0.99998;0.99998
k79_20977	2;1239;186801;3085636;186803;841;166486;718255	0.99999;0.99995;0.99988;0.99987;0.99987;0.99956;0.99947;0.99947
k79_69401	2;1239;91061;1385;186817;1386;1839798	0.98032;0.9461;0.63693;0.63662;0.6364;0.63626;0.63618
k79_32439	2;976;200643;171549;2005525;375288;2951805	1.0;0.99999;0.99999;0.99999;0.99991;0.99991;0.99991
k79_81472	2;976;200643;171549;815;816;820;997890	1.0;1.0;1.0;1.0;1.0;1.0;0.99999;0.99999
k79_32447	2;976;200643;171549;815;816;820;997890	1.0;1.0;1.0;1.0;1.0;1.0;0.99999;0.99999
k79_8624	2;1239;186801;3085636;186803;1766253;39491;657317	1.0;1.0;1.0;1.0;1.0;1.0;1.0;0.99867
k79_57533	2;1239;186801;3085636;186803;189330;88431	0.97249;0.94488;0.9391;0.93604;0.93604;0.66867;0.66861
k79_20988	2;1239;526524;526525;2810280;2678885;1982626	1.0;1.0;0.99999;0.99999;0.99999;0.99999;0.99999
k79_8629	2;1239;526524;526525;2810280;2678885;1982626	1.0;1.0;1.0;1.0;1.0;1.0;1.0
k79_20992	2;976;200643;171549;815;816;28113	1.0;1.0;1.0;1.0;0.99999;0.99657;0.98526
k79_81491	2;976;200643;171549;815;816;820;997890	1.0;1.0;1.0;1.0;1.0;1.0;1.0;1.0
k79_57536	2;976;200643;171549;815;816;820;997890	1.0;1.0;1.0;1.0;1.0;1.0;0.99996;0.99996
k79_69410	2;1239;186801;3085636;186803;841;301301	1.0;0.99999;0.99999;0.99999;0.99999;0.99969;0.9995
k79_21008	2;1239;526524;526525;2810280;2678885;1982626	1.0;1.0;1.0;1.0;1.0;1.0;1.0
k79_81511	2;1239;186801;186802;216572;216851;411483	1.0;0.99984;0.99983;0.99804;0.99797;0.99699;0.99687
k79_45321	2;976;200643;171549;815;816;820;997890	1.0;1.0;1.0;1.0;1.0;0.99989;0.99987;0.99987
k79_8645	2;1239;186801;3085636;186803;1766253;39491;657318	1.0;0.99996;0.99996;0.99996;0.99996;0.99994;0.99994;0.9967
k79_69418	2;1239;526524;526525;2810280;2678885;1982626	1.0;1.0;0.99998;0.99998;0.99998;0.99998;0.99998
k79_21022	2;976;200643;171549;815;816;820;997890	1.0;1.0;1.0;1.0;1.0;1.0;0.99999;0.99999
k79_81519	2;1239;186801;186802;216572;1263;2608920	1.0;1.0;1.0;1.0;1.0;0.99993;0.99993
k79_57557	2;1239;186801;3085636;186803;572511	0.99999;0.96148;0.9257;0.89631;0.89631;0.67798
k79_21033	2;976;200643;171549;2005525;375288;823;999416	1.0;0.99998;0.99998;0.99998;0.98128;0.98128;0.98127;0.98127
k79_8668	2;1239;186801;3085636;186803;1766253;39491;657317	1.0;1.0;1.0;1.0;1.0;1.0;1.0;0.99401
k79_81535	2;1239;186801;3085636;186803;2316020;46228;471875	1.0;1.0;1.0;1.0;1.0;1.0;1.0;1.0
k79_32455	2157;28890;183925;2158;2159;2172;2173;420247	1.0;1.0;1.0;1.0;1.0;1.0;1.0;1.0
k79_69421	2;1239;186801;186802;216572;1263;2608920	0.99999;0.99978;0.99974;0.99965;0.99956;0.99956;0.99956
k79_8670	2;1239;186801;3085636;186803;1506553;29347	1.0;1.0;1.0;1.0;1.0;1.0;1.0
k79_81537	2;1239;186801;3085636;186803;572511;2779518	1.0;1.0;0.99986;0.99985;0.99985;0.99985;0.99985
k79_32461	2;1239;909932;1843488;909930;33024;33025	1.0;1.0;0.99999;0.99999;0.99999;0.99999;0.99999
k79_21039	2;1239;186801;186802;216572;1263;2608920	0.99998;0.99998;0.99998;0.99997;0.99997;0.99775;0.9977
k79_45331	2;976;200643;171549;815;816;820;997890	1.0;1.0;1.0;1.0;1.0;1.0;0.99998;0.99998
k79_57559	2;976;200643;171549;815;816;817;997879	1.0;0.99998;0.99998;0.99998;0.9996;0.99956;0.99886;0.99142
k79_93257	2;1239;186801;3082720;186804;1505652;2813371	0.99994;0.99993;0.99993;0.99886;0.99886;0.99886;0.99886
k79_93259	2;1239;186801;3085636;186803;841;1261635	1.0;1.0;1.0;1.0;1.0;1.0;0.99977
k79_57563	2;976;200643;171549;815;909656;821	1.0;1.0;1.0;1.0;1.0;1.0;1.0
k79_81562	2;976;200643;171549;815;816;2792859	1.0;0.99996;0.99996;0.99996;0.99996;0.99996;0.99964
k79_45338	2;1239;186801;3085636;186803;841;1261635	0.9995;0.99947;0.99925;0.99922;0.99922;0.99217;0.98484
k79_57569	2;1239;186801;3085636;186803;572511;418240;1121115	1.0;1.0;1.0;1.0;1.0;1.0;1.0;1.0
k79_69452	2;1239;526524;526525;2810280;2678885;1982626	0.99999;0.99999;0.99998;0.99998;0.99998;0.99998;0.99998
k79_93264	2;976;200643;171549;815;816;820;997890	1.0;1.0;1.0;1.0;1.0;1.0;0.99999;0.99999
k79_69453	2;1239;186801;3085636;186803;1766253;39491;657317	1.0;1.0;1.0;1.0;1.0;1.0;1.0;0.7465
k79_93272	2;1239;526524;526525;2810280;2678885;1982626	1.0;1.0;1.0;1.0;1.0;1.0;1.0
k79_21058	2	0.54256
k79_57576	2;1239;186801;3085636;186803;572511;418240;1121115	1.0;1.0;1.0;1.0;1.0;1.0;1.0;1.0
k79_81563	2	0.71329
k79_8698	2;976;200643;171549;815;909656;821	1.0;1.0;1.0;1.0;1.0;0.99999;0.99999
k79_8700	2;1239;91061;1385;90964;1279;1280	1.0;1.0;1.0;1.0;1.0;1.0;1.0
k79_57581	2;1239;186801;186802;216572;1263;2608920	0.9988;0.99024;0.98819;0.98359;0.96949;0.96896;0.96892
k79_81566	2;976;200643;171549;2005525;375288;823;999416	1.0;1.0;1.0;1.0;1.0;1.0;1.0;1.0
k79_32473	2;200918;188708;1643947;1643949;1255275;2984951	0.98308;0.97943;0.97943;0.97943;0.97943;0.97943;0.97943
k79_93288	2;976;200643;171549;2005525;375288;823;999416	1.0;0.99998;0.99998;0.99998;0.99998;0.99998;0.99998;0.99998
k79_69461	2;1239;186801;3085636;186803;572511;418240;1121115	1.0;1.0;1.0;1.0;1.0;1.0;1.0;1.0
k79_8705	2;1239;186801;3085636;186803;2316020;46228;471875	1.0;1.0;1.0;1.0;1.0;0.99996;0.99995;0.99995
k79_93295	2;1239;186801;3085636;186803;33042;410072	1.0;1.0;1.0;1.0;1.0;0.99998;0.99998
k79_69462	2157;28890;183925;2158;2159;2172;2173;420247	1.0;1.0;1.0;1.0;1.0;1.0;0.99999;0.99999
k79_21062	2;1239;526524;526525;2810280;2678885;1982626	1.0;0.99998;0.99997;0.99997;0.99996;0.99994;0.99994
k79_57604	2;976;200643;171549;815;909656;821	1.0;1.0;1.0;1.0;1.0;1.0;1.0
k79_21067	2;1239;186801;3085636;186803;1766253;39491;657318	0.97047;0.96995;0.96237;0.56013;0.56013;0.52745;0.52745;0.52718
k79_93313	2;976;200643;171549;2005525;375288;823;999416	1.0;0.99996;0.99498;0.99498;0.99127;0.99127;0.99119;0.99119
k79_21070	2;976;200643;171549;815;816;817;997879	1.0;0.99997;0.99997;0.99997;0.99987;0.99848;0.9587;0.95863
k79_81601	2;976;200643;171549;815;909656;376805;667015	1.0;1.0;1.0;1.0;0.99992;0.9999;0.99951;0.99951
k79_69474	2;976;200643;171549;815;816;820;997890	1.0;1.0;1.0;1.0;1.0;1.0;0.99998;0.99998
k79_93316	2;1239;186801;186802;31979;1485;1155388	1.0;0.99998;0.99976;0.99976;0.99966;0.99966;0.99959
k79_32476	2;1239;186801;186802;216572;1263;2608920	1.0;1.0;1.0;1.0;1.0;1.0;1.0
k79_93318	2;1239;186801;3085636;186803;1766253;39491;657318	1.0;1.0;1.0;1.0;1.0;1.0;1.0;0.94119
k79_8745	2;1239;186801;3085636;186803;33042;410072	0.99877;0.91543;0.91512;0.90056;0.90056;0.8293;0.8293
k79_93320	2157;28890;183925;2158;2159;2172;2870563	1.0;1.0;1.0;1.0;1.0;1.0;0.99999
k79_45347	2;1239;186801;186802;31979;1485;1491	0.99005;0.94874;0.94381;0.92776;0.91445;0.91445;0.715
k79_21088	2;976;200643;171549;815;816;817;997879	1.0;1.0;1.0;1.0;1.0;0.99995;0.99987;0.99987
k79_32483	2157;28890;183925;2158;2159;2172;2173;420247	1.0;1.0;1.0;1.0;1.0;1.0;0.99997;0.99997
k79_57634	2;1239;186801;3085636;186803;33042;410072	0.99998;0.99997;0.99996;0.99995;0.99995;0.99726;0.99726
k79_32487	2;1239;526524;526525;2810280;2678885;1982626	1.0;1.0;1.0;1.0;1.0;1.0;1.0
k79_81621	2;976;200643;171549;815	0.99998;0.80234;0.80117;0.80117;0.80062
k79_69490	2;1239;186801;3085636;186803;207244;649756;649757	0.99996;0.99459;0.81439;0.81326;0.81326;0.81318;0.81318;0.81318
k79_69491	2;1239;186801;3085636;186803;1766253;39491;657317	1.0;1.0;1.0;1.0;1.0;1.0;1.0;0.99099
k79_21089	2;1239;186801;3085636;186803;1766253;39491;657317	1.0;1.0;1.0;1.0;1.0;1.0;1.0;0.99935
k79_57648	2;1239;526524;526525;2810280;2678885;1982626	0.97339;0.95454;0.87225;0.87225;0.87223;0.87223;0.87223
k79_45359	2;1239;186801;3085636;186803;33042;410072	1.0;1.0;1.0;1.0;1.0;0.99983;0.99983
k79_93333	2157;28890;183925;2158;2159;2172;2173;420247	1.0;1.0;1.0;1.0;1.0;1.0;1.0;1.0
k79_8768	2;1239;526524;526525;2810280;2678885;1982626	0.99998;0.99996;0.99954;0.99954;0.99954;0.99954;0.99954
k79_32506	2;1239;526524;526525;2810280;2678885;1982626	1.0;1.0;1.0;1.0;1.0;1.0;1.0
k79_93342	2;1239;186801;3082720;186804;1505657;261299	1.0;0.99998;0.99995;0.99995;0.99995;0.99995;0.99995
k79_57661	2;1239;186801;3085636;186803;572511;89014	1.0;1.0;1.0;1.0;1.0;1.0;0.99993
k79_81630	2157;28890;183925;2158;2159;2172;2173;420247	1.0;1.0;1.0;1.0;1.0;1.0;1.0;1.0
k79_8775	2;976;200643;171549;815;816;28111	0.99995;0.99983;0.99983;0.99983;0.99982;0.99981;0.99973
k79_69510	2;1239;526524;526525;2810280;2678885;1982626	0.99996;0.99991;0.99931;0.99931;0.99931;0.99931;0.99931
k79_57662	2;1239;186801;3085636;186803;1766253;39491;657318	1.0;1.0;1.0;0.99998;0.99998;0.99998;0.99998;0.99949
k79_57663	2;1239;909932;1843488;909930;33024;33025	1.0;1.0;1.0;1.0;1.0;1.0;1.0
k79_8777	2;1239;91061;1385;90964;2803850;42858	1.0;1.0;1.0;1.0;1.0;1.0;1.0
k79_57664	2;1239;91061;1385;186817;2675232;3047871	1.0;0.99976;0.9597;0.9595;0.95949;0.95924;0.95924
k79_32520	2157;28890;183925;2158;2159;2172;2173;420247	1.0;1.0;1.0;1.0;1.0;1.0;0.99994;0.99994
k79_57666	2;1239;186801;3085636;186803;1766253;39491;657317	1.0;1.0;1.0;1.0;1.0;1.0;1.0;0.96146
k79_8781	2;1239;526524;526525;2810280;2678885;1982626	1.0;1.0;1.0;1.0;1.0;1.0;1.0
k79_45378	2157;28890;183925;2158;2159;2172;2173;420247	0.99999;0.99999;0.99999;0.99999;0.99999;0.99999;0.99998;0.99998
k79_93354	2;1239;186801;3085636;186803;1506553;29347	1.0;0.99994;0.99976;0.99972;0.99972;0.80397;0.80396
k79_57674	2;976;200643;171549;815;816;820;997890	1.0;0.9956;0.99542;0.99542;0.9951;0.99506;0.9943;0.9943
k79_81635	2;1239;526524;526525;2810280;2678885;1982626	1.0;1.0;1.0;1.0;1.0;1.0;1.0
k79_69519	2;1239;186801;186802;216572;1263;2564099	1.0;1.0;0.99999;0.99999;0.99999;0.99999;0.99944
k79_81645	2;200918;188708;1643947;1643949;1511648;1006576	1.0;0.99993;0.99993;0.99993;0.99993;0.99993;0.99993
k79_69529	2;976;200643;171549;815;816;820;997890	1.0;1.0;0.99997;0.99997;0.99994;0.99982;0.66067;0.66067
k79_21110	2;1239;186801;3085636;186803	1.0;0.99995;0.94109;0.94091;0.94091
k79_21111	2;1239;186801;186802;216572;216851;853;657322	1.0;1.0;1.0;0.99993;0.99993;0.9999;0.99974;0.99695
k79_93389	2;976;200643;171549;815;816;820;997890	1.0;1.0;1.0;1.0;1.0;1.0;1.0;1.0
k79_45394	2;976;200643;171549;815;816;820;997890	1.0;1.0;1.0;1.0;1.0;1.0;0.99977;0.99977
k79_32527	2;1239;186801;3085636;186803;1506553;29347	1.0;1.0;1.0;1.0;1.0;1.0;1.0
k79_69543	2;1239;186801;3085636;186803	0.99997;0.72902;0.60491;0.54355;0.54355
k79_32533	2;1239;186801;186802	1.0;0.99998;0.99998;0.55257
k79_57687	2157;28890;183925;2158;2159;2172;2173;420247	1.0;1.0;1.0;1.0;1.0;1.0;1.0;1.0
k79_81656	2157;28890;183925;2158;2159;2172;2173;420247	0.99997;0.99997;0.99997;0.99997;0.99997;0.99997;0.99925;0.99925
k79_8807	2;1239;186801;186802;216572;1263;2608920	1.0;0.99999;0.99952;0.99952;0.99949;0.99949;0.99882
k79_69548	2;976;200643;171549;815;909656;821	1.0;0.89209;0.89209;0.89209;0.89165;0.89163;0.89162
k79_57690	2157;28890;183925;2158;2159;2172;2173;420247	1.0;1.0;1.0;1.0;1.0;1.0;1.0;1.0
k79_81659	2;976;200643;171549;2005525;375288;823;999416	1.0;1.0;1.0;1.0;0.99999;0.99999;0.99999;0.99999
k79_93412	2;1239;186801;186802;31979;49082;1508644	1.0;1.0;0.99903;0.99773;0.99773;0.99738;0.99738
k79_8811	2;1239;186801;186802;216572;1263;2608920	1.0;1.0;0.99999;0.99999;0.99996;0.99996;0.99996
k79_57691	2;1224;1236;135622;267889;28228;2161872	1.0;0.99993;0.99993;0.99993;0.99993;0.99993;0.99993
k79_32554	2157;28890;183925;2158;2159;2172;2173;420247	1.0;1.0;1.0;1.0;1.0;1.0;0.99935;0.99935
k79_45412	2;976;200643;171549;815;909656;387090	1.0;0.99994;0.99988;0.99988;0.99988;0.99119;0.99021
k79_93414	2;1239;186801;3085636;186803;2316020;33038	1.0;1.0;1.0;1.0;1.0;0.99998;0.99998
k79_57700	2;976;200643;171549;815;816;820;997890	1.0;0.99999;0.99999;0.99999;0.99995;0.99979;0.9988;0.9988
k79_8816	2;976;200643;171549;815;816;820;997890	1.0;1.0;1.0;1.0;1.0;1.0;0.99989;0.99989
k79_8819	2;1239;186801;186802;216572;1263;2608920	1.0;0.99999;0.99999;0.99993;0.99993;0.99993;0.9999
k79_21130	2;1239;186801;186802;3082771;1738645;1738647	1.0;1.0;1.0;1.0;1.0;1.0;1.0
k79_69563	2;976;200643;171549;815;816;28111	1.0;1.0;1.0;1.0;0.99999;0.99999;0.99999
k79_81675	2;1239;186801;3085636;186803;572511;418240;1121115	1.0;1.0;1.0;1.0;1.0;1.0;1.0;1.0
k79_93429	2;1239;186801;3085636;186803;841;1261635	1.0;1.0;1.0;1.0;1.0;1.0;1.0
k79_32566	2;1239;186801;3085636;186803;189330;88431	1.0;1.0;1.0;0.99998;0.99998;0.99889;0.99885
k79_69567	2;1239;91061;1385;186822;44249;1536773	1.0;1.0;1.0;1.0;1.0;1.0;1.0
k79_93433	131567	0.99985
k79_8843	2;1239;526524;526525;2810280;2678885;1982626	1.0;0.99997;0.99977;0.99977;0.99977;0.99977;0.99977
k79_69569	2;1239;186801;3085636;186803;207244;649756;649757	1.0;1.0;0.99999;0.99999;0.99999;0.99999;0.99999;0.99999
k79_21132	2;976;200643;171549;2005525;375288;823;999416	1.0;0.99997;0.99997;0.99997;0.99885;0.99885;0.99885;0.99885
k79_69570	2;1239;186801;3085636;186803;2316020;46228;471875	1.0;1.0;1.0;1.0;1.0;1.0;1.0;1.0
k79_45427	2;1239;186801;3085636;186803;572511;418240;1121115	1.0;1.0;1.0;1.0;1.0;1.0;1.0;1.0
k79_81677	131567	0.99992
k79_32574	131567	0.82361
k79_57718	2;1239;186801;3085636;186803;2316020;46228;471875	1.0;1.0;1.0;1.0;1.0;1.0;1.0;1.0
k79_81682	2;976;200643;171549;815;816;817;997879	0.94454;0.92971;0.92955;0.92955;0.92741;0.92715;0.6755;0.67546
k79_69577	2;1239;526524;526525;2810280;2678885;1982626	1.0;1.0;1.0;1.0;1.0;0.99999;0.99999
k79_45431	2;1239;186801;3085636;186803;1766253;39491;657318	1.0;0.98436;0.98435;0.9838;0.9838;0.98066;0.98066;0.80835
k79_57719	2;976;117743;200644;2762318;308865;1117645	1.0;1.0;1.0;1.0;1.0;1.0;1.0
k79_8847	2;976;200643;171549;815;909656;387090	0.99997;0.99963;0.99944;0.9992;0.99747;0.61684;0.61455
k79_57721	2;1239;186801;186802;216572;1263;2608920	1.0;0.99999;0.99999;0.99998;0.99998;0.99998;0.99998
k79_45437	2;1239;909932;1843488;909930;33024;33025	1.0;1.0;1.0;1.0;1.0;1.0;1.0
k79_81686	2157;28890;183925;2158;2159;2172;2173;420247	1.0;1.0;1.0;1.0;1.0;1.0;0.99996;0.99996
k79_57725	2;1239;526524;526525;2810280;2678885;1982626	1.0;1.0;1.0;1.0;1.0;1.0;1.0
k79_69582	2;976;200643;171549;815;816;820;997890	1.0;1.0;1.0;1.0;1.0;1.0;0.99994;0.99994
k79_45440	2;976;200643;171549;815;909656;821	1.0;0.99998;0.99998;0.99998;0.99984;0.9998;0.9998
k79_8853	2;1239;186801;3085636;186803;841;2763062	1.0;1.0;1.0;1.0;1.0;0.99969;0.99968
k79_21144	2;1239;91061;1385;186817;1434042;85683;439292	1.0;1.0;0.99999;0.99999;0.99999;0.99999;0.99999;0.99999
k79_57729	2;976;200643;171549;815;816;820;997890	1.0;1.0;1.0;1.0;1.0;1.0;1.0;1.0
k79_93468	2;1239;91061;1385;186817;1386;2014076	1.0;0.99973;0.99972;0.99971;0.99971;0.99971;0.99971
k79_81687	2;1239;526524;526525;2810280;2678885;1982626	0.99999;0.99978;0.99767;0.99767;0.99762;0.99761;0.99761
k79_8857	2;976;200643;171549;815;909656;821	1.0;0.99989;0.99989;0.99989;0.99228;0.97109;0.96928
k79_32585	2;1239;186801;186802;216572;1263;2608920	1.0;1.0;1.0;1.0;1.0;0.9999;0.99989
k79_69595	2;976;200643;171549;815;816;28119	1.0;1.0;1.0;1.0;1.0;1.0;0.99992
k79_81691	2;976;200643	0.99999;0.93474;0.93469
k79_32586	2;976;200643;171549;815;816;820;997890	1.0;0.99999;0.99999;0.99999;0.99998;0.99998;0.9996;0.9996
k79_69600	2;976;200643;171549;815;909656;821	1.0;0.99533;0.97587;0.97536;0.96158;0.8731;0.87309
k79_8862	2;1239;186801;3085636;186803;1766253;39491;657317	1.0;0.99999;0.99999;0.99998;0.99998;0.99795;0.99795;0.81063
k79_32593	2;1239;186801;186802;216572;1263;2608920	1.0;1.0;1.0;0.99999;0.99998;0.99998;0.99997
k79_21164	2;1239;186801;3085636;186803;1766253;39491;657318	1.0;1.0;1.0;0.99996;0.99996;0.99937;0.99937;0.88834
k79_57744	2;1239;186801;3085636;186803;841;2763062	1.0;1.0;1.0;1.0;1.0;0.99997;0.99997
k79_8877	2;1239;186801;3085636;186803;1766253;39491;657317	1.0;1.0;1.0;1.0;1.0;0.99834;0.99834;0.96787
k79_45474	2;1239;526524;526525;2810280;2678885;1982626	1.0;1.0;1.0;1.0;1.0;1.0;1.0
k79_81709	2;976;200643;171549;815;816;290053;693979	1.0;1.0;1.0;1.0;0.99999;0.99999;0.99998;0.99998
k79_8879	2;1239;186801;3085636;186803;1766253;39491;657317	1.0;1.0;1.0;1.0;1.0;0.99991;0.99991;0.99774
k79_69623	2;976;200643;171549;815;816;820;997890	1.0;1.0;1.0;1.0;1.0;1.0;0.99999;0.99999
k79_45480	2157;28890;183925;2158;2159;2172;2173;420247	1.0;1.0;1.0;1.0;1.0;1.0;1.0;1.0
k79_45481	2;1239;526524;526525;2810280;2678885;1982626	1.0;1.0;1.0;1.0;1.0;1.0;1.0
k79_81723	2;1239;186801;186802;216572;1263;2608920	1.0;0.99993;0.99993;0.99992;0.99992;0.99992;0.99991
k79_32613	2;976;200643;171549;815;816;820;997890	1.0;1.0;1.0;1.0;1.0;1.0;0.99999;0.99999
k79_45488	2;1239;186801;186802;31979;1485;1155388	1.0;1.0;1.0;1.0;1.0;1.0;1.0
k79_57759	2;976;200643;171549;2005525;375288;2951805	0.97469;0.95661;0.95654;0.95654;0.90732;0.90732;0.90717
k79_45490	2;1239;186801;3085636;186803;1766253;39491;657317	1.0;1.0;1.0;1.0;1.0;1.0;1.0;1.0
k79_57761	2;1239;186801;3085636;186803;2316020;46228;471875	1.0;1.0;1.0;1.0;1.0;0.99999;0.99999;0.99999
k79_8887	2;1239;526524;526525;2810280;2678885;1982626	1.0;1.0;1.0;1.0;1.0;1.0;1.0
k79_93516	2;1239;186801;3085636;186803;2316020;46228;471875	1.0;1.0;1.0;1.0;1.0;0.99998;0.99998;0.99998
k79_57767	2;1239;186801;186802;216572;1263;1160721	0.99997;0.62053;0.6194;0.60168;0.57952;0.5793;0.57914
k79_81730	2;1239;186801;3085636;186803;1766253;39491;657317	1.0;1.0;1.0;1.0;1.0;0.99982;0.99982;0.99911
k79_93519	2;976;200643;171549;815;816;820;997890	1.0;0.99988;0.99988;0.99988;0.99986;0.99985;0.99429;0.99429
k79_45508	2157;28890;183925;2158;2159;2172;2173;420247	1.0;1.0;1.0;1.0;1.0;1.0;1.0;1.0
k79_81741	2;1239;186801;186802;216572;1263;1160721	0.99999;0.99999;0.99993;0.99993;0.99993;0.99993;0.99993
k79_32628	2;1239;186801;3085636;186803;1766253;39491;657317	1.0;1.0;1.0;1.0;1.0;0.99984;0.99984;0.97162
k79_21193	2;1239;186801;186802;216572;1263;2608920	0.9976;0.96619;0.76728;0.75812;0.75798;0.75146;0.75
k79_81744	2;1239;186801;3085636;186803;572511;418240;1121115	1.0;1.0;1.0;1.0;1.0;1.0;1.0;1.0
k79_32631	2;976;200643;171549;815;816;371601;657309	1.0;1.0;1.0;1.0;0.99996;0.99995;0.99995;0.99995
k79_45517	2;1239;526524;526525;2810280;2678885;1982626	1.0;0.99996;0.99996;0.99996;0.99996;0.99996;0.99996
k79_69645	2;1239;91061;186826;1300;1301;2686210	1.0;1.0;0.99945;0.99945;0.99945;0.99945;0.99945
k79_93532	2;1239;186801;186802;216572;1263;2608920	1.0;1.0;1.0;0.99999;0.99999;0.99986;0.99986
k79_32636	2;1239;186801;186802;216572;216851;411483	1.0;0.99998;0.99997;0.99995;0.99995;0.99995;0.99995
k79_57772	2;976;200643;171549;815;909656;821	1.0;1.0;1.0;1.0;1.0;0.99998;0.99998
k79_57773	2;1239;186801;3085636;186803;2316020;46228;471875	1.0;1.0;1.0;1.0;1.0;1.0;1.0;1.0
k79_21207	2;1239;186801;186802;216572;1263;657323	1.0;0.99999;0.99999;0.99621;0.9962;0.9962;0.9962
k79_32649	2;1239;186801;3085636;186803;572511;40520;657314	1.0;1.0;1.0;1.0;1.0;0.99999;0.9999;0.9999
k79_81767	2157;28890;183925;2158;2159;2172;2173;420247	1.0;1.0;1.0;1.0;1.0;1.0;1.0;1.0
k79_93546	2;1239;186801;3085636;186803;572511;418240;1121115	1.0;1.0;1.0;1.0;1.0;1.0;0.99999;0.99999
k79_81769	2;1239	0.99487;0.87805
k79_81778	2157;28890;183925;2158;2159;2172;2173;420247	1.0;1.0;1.0;1.0;1.0;1.0;1.0;1.0
k79_81779	2;976;200643;171549;815;816	0.99978;0.99959;0.99957;0.9994;0.9994;0.51492
k79_81783	2;1783272	0.99994;0.93386
k79_45545	2;976;117743;200644;49546;237;1979344	0.99999;0.93805;0.9123;0.9123;0.91228;0.91186;0.91186
k79_8925	2;976;200643;171549;815;909656;821	1.0;1.0;1.0;1.0;0.99999;0.99993;0.99992
k79_32650	2;1239;186801;186802;31979;1485;1497	0.99997;0.99996;0.99988;0.99988;0.99986;0.99986;0.99985
k79_45549	2;1239;186801;3085636;186803;33042;410072	0.99999;0.9998;0.99965;0.99964;0.99964;0.91874;0.91874
k79_57776	2;1239;186801;186802;216572;1263;1160721	1.0;0.99999;0.99998;0.99998;0.99998;0.99998;0.99994
k79_93576	2;976;200643;171549;2005525;375288;823;999416	1.0;0.99999;0.99999;0.99999;0.99999;0.99999;0.99999;0.99999
k79_32654	2157;28890;183925;2158;2159;2172;2173;420247	1.0;1.0;1.0;1.0;1.0;1.0;0.99999;0.99999
k79_45552	2;976;200643;171549;815;816;162156	1.0;1.0;1.0;1.0;0.99997;0.99926;0.99921
k79_21230	2;976;200643;171549;2005525;375288;823;999416	1.0;0.99923;0.99922;0.99922;0.99922;0.99922;0.99922;0.99922
k79_93584	2;1239;186801;3085636;186803;1766253;39491;657317	1.0;1.0;1.0;0.99995;0.99995;0.99995;0.99995;0.99966
k79_45563	2;1239;186801;68295;186814;28895	1.0;1.0;1.0;0.99992;0.99992;0.99992
k79_57787	2;1239;186801;186802;31979;1485;1491	0.99994;0.99992;0.99295;0.99277;0.99275;0.99275;0.98429
k79_69669	2;1239;91061;1385;90964;2803850;42858	1.0;1.0;0.99998;0.99998;0.99998;0.99998;0.99998
k79_81801	2;1239;91061;1385;186817;1386;86663	1.0;0.99997;0.99872;0.99871;0.99871;0.99871;0.99871
k79_69675	2;1239;186801;186802;216572;1263;2608920	1.0;0.99877;0.99291;0.99263;0.99261;0.99261;0.99261
k79_45576	2;1239;186801;186802;216572;1263;2608920	0.99999;0.99999;0.99999;0.99998;0.99998;0.99997;0.99996
k79_32663	2;1239;526524;526525;2810280;2678885;1982626	1.0;1.0;1.0;1.0;1.0;1.0;1.0
k79_32664	2;1239;526524;526525;2810280;2678885;1982626	0.99927;0.99878;0.99873;0.99873;0.99855;0.99855;0.99855
k79_57794	2;1239;186801;186802;216572;216851;411483	1.0;1.0;1.0;1.0;1.0;1.0;1.0
k79_32667	2;976;200643;171549;815;816;820;997890	1.0;1.0;1.0;1.0;1.0;1.0;1.0;1.0
k79_93600	2;1224;1236;72274;135621;286;296	1.0;1.0;1.0;1.0;1.0;1.0;1.0
k79_32671	2;1239;526524;526525;2810280;2678885;1982626	1.0;1.0;0.99998;0.99998;0.99998;0.99998;0.99998
k79_93605	2;1239;186801;3085636;186803;841;2763062	1.0;1.0;1.0;0.9917;0.9917;0.99148;0.99145
k79_8959	2;976;200643;171549;815;816;2528203	1.0;0.99987;0.99987;0.99987;0.99984;0.99968;0.9968
k79_45595	2;1239;186801;3085636;186803;2316020;33039;657313	1.0;1.0;1.0;1.0;1.0;0.99999;0.99999;0.99999
k79_69679	2;976;768503;768507;3141702;2975149;2975157	1.0;0.99926;0.99884;0.99884;0.99884;0.99884;0.99884
k79_45600	2;1239;186801;3085636;186803;207244;649756;649757	1.0;1.0;1.0;1.0;1.0;1.0;1.0;1.0
k79_81812	2;976;200643;171549;2005525;375288;823;999416	0.99999;0.97902;0.97901;0.97901;0.9612;0.9612;0.9612;0.9612
k79_32682	2;1239;186801;3085636;186803;1766253;39491;657317	1.0;0.57499;0.57497;0.57382;0.57382;0.57041;0.57041;0.57038
k79_8964	2;976;200643;171549;815;816;818	1.0;1.0;1.0;1.0;1.0;1.0;0.99999
k79_45603	2;74201;203494;48461;1647988;239934;239935	1.0;0.9352;0.9352;0.9352;0.9352;0.9352;0.93519
k79_57800	2157;28890;183925;2158;2159;2172;2173;420247	1.0;1.0;1.0;1.0;1.0;1.0;1.0;1.0
k79_93609	2;1239;186801;3085636;186803;207244;649756;649757	0.99998;0.93908;0.92677;0.92552;0.92552;0.92423;0.92423;0.92423
k79_21260	131567	0.84376
k79_81822	2;1239;186801;3085636;186803	1.0;0.9984;0.99198;0.61779;0.61777
k79_57810	2;1239;186801;3085636;186803;1766253;39491;657318	0.99998;0.99998;0.99998;0.99998;0.99998;0.99762;0.99762;0.62545
k79_93613	2;1239;186801;186802;216572;1263;2608920	1.0;1.0;1.0;1.0;1.0;1.0;1.0
k79_57813	2;1239;186801;3085636;186803;1766253;39491;657317	1.0;1.0;1.0;1.0;1.0;1.0;1.0;0.99984
k79_32705	2;1239;186801;3085636;186803;2316020;33038	1.0;0.9999;0.99988;0.99987;0.99987;0.91082;0.9108
k79_8985	2;1239;186801;186802;186806;1730;39496	1.0;1.0;1.0;0.99999;0.99999;0.99999;0.99999
k79_69681	2;976;200643;171549;171552;838;2913620	1.0;1.0;1.0;1.0;0.99996;0.99939;0.99939
k79_8995	2;201174;1760;85010;2070;1835;1836	1.0;0.99414;0.99414;0.99414;0.99414;0.99414;0.99414
k79_21266	2157;28890;183925;2158;2159;2172;2173;420247	1.0;1.0;1.0;1.0;1.0;1.0;0.99999;0.99999
k79_8996	2;1239;186801;3085636;186803;2316020;33039;657313	1.0;1.0;1.0;0.99998;0.99998;0.99997;0.99997;0.99997
k79_93627	2;1239;186801;186802;216572;1263;2608920	1.0;1.0;1.0;1.0;1.0;1.0;0.99998
k79_45637	2;976;200643;171549;815;909656;357276;997877	0.99914;0.99913;0.99913;0.99913;0.99905;0.99731;0.99731;0.99731
k79_93628	2;976;200643;171549;815;816;162156	0.9999;0.99958;0.99953;0.99953;0.99871;0.99069;0.98811
k79_9002	2;1239;186801;3085636;186803;572511;418240;1121115	0.99348;0.99215;0.98934;0.9858;0.9858;0.93165;0.93151;0.93151
k79_81839	2;1239;186801;3085636;186803;33042;410072	1.0;1.0;1.0;1.0;1.0;1.0;1.0
k79_32716	2157;28890;183925;2158;2159;2172;2173;420247	0.99999;0.99999;0.99999;0.99999;0.99999;0.99999;0.99999;0.99999
k79_69685	2;1239;186801;3085636;186803;1766253;39491;657317	1.0;0.99981;0.99976;0.99716;0.99716;0.9941;0.9941;0.99332
k79_21270	2;1239;186801;186802;216572;459786;2763056	1.0;1.0;1.0;1.0;1.0;0.99999;0.99999
k79_69689	2;1239;91061;1385;186817;2837506;2962858	1.0;0.61924;0.61924;0.61924;0.61924;0.61924;0.61924
k79_69694	2;1239;186801;186802;31979;1485;1497	1.0;0.99997;0.99996;0.99994;0.99994;0.99994;0.99994
k79_81856	2;1239;186801;3085636;186803;1766253;39491;657317	1.0;1.0;1.0;1.0;1.0;1.0;1.0;1.0
k79_57839	2;1224;1236;91347;543;561;562	1.0;0.9999;0.9999;0.9999;0.9999;0.9999;0.9999
k79_69695	2;976;200643;171549;815;816;820;997890	1.0;1.0;1.0;1.0;0.99999;0.99999;0.99947;0.99947
k79_45641	2;976;200643;171549;2005525;375288;823;999416	1.0;1.0;1.0;1.0;1.0;1.0;1.0;1.0
k79_93655	2;1239;186801;3085636;186803;207244;649756;649757	1.0;1.0;1.0;1.0;1.0;0.99998;0.99998;0.99998
k79_81859	2;976;200643;171549;815;816;820;997890	1.0;1.0;1.0;1.0;1.0;1.0;0.99999;0.99999
k79_32738	2;1239;526524;526525;2810280;2678885;1982626	0.99992;0.99992;0.99992;0.99992;0.99992;0.99992;0.99992
k79_93657	2;1239;186801;186802;216572;1263;2608920	1.0;1.0;1.0;1.0;0.99999;0.99999;0.99998
k79_81876	2;1239;186801;3085636;186803;207244;649756;649757	0.63469;0.63056;0.61839;0.54816;0.54816;0.52869;0.52869;0.52869
k79_21280	2;976;200643;171549;815;816;290053;693979	0.99987;0.74372;0.74224;0.74224;0.64496;0.64496;0.64399;0.64399
k79_32741	2;1239;186801;3085636;186803;2316020;46228;471875	1.0;0.99997;0.90415;0.90406;0.90406;0.90356;0.90355;0.90355
k79_57850	2;1239;186801;186802;31979;1485;1529	1.0;1.0;1.0;1.0;0.99999;0.99999;0.9999
k79_69712	2;74201;203494;48461;1647988;239934;239935	1.0;1.0;1.0;1.0;1.0;1.0;1.0
k79_93675	2;74201;203494;48461;1647988;239934;239935	1.0;0.99998;0.99998;0.99998;0.99998;0.99998;0.99998
k79_21283	2;1239;186801;3085636;186803;841;1261635	1.0;0.99962;0.9995;0.99948;0.99943;0.56685;0.53894
k79_69716	2;976;200643;171549;815;816;820;997890	1.0;0.99992;0.99992;0.99992;0.99992;0.99981;0.99964;0.99964
k79_81886	2759;7711;40674;9443;9604;9605;9606	0.98859;0.98859;0.98859;0.98859;0.98859;0.98859;0.98859
k79_57854	2;1224;1236;135622;267890;22;1965282	1.0;0.99994;0.99994;0.99994;0.99994;0.99994;0.99994
k79_9026	2;1239;186801;186802;216572;1263;2608920	1.0;1.0;1.0;0.99999;0.99999;0.99999;0.99999
k79_21286	2;1239;186801;186802;216572;1263;2608920	1.0;1.0;1.0;0.99999;0.99999;0.99999;0.99999
k79_93687	2;1239;186801;3085636;186803;841;301301	0.99999;0.99998;0.99998;0.99995;0.99995;0.99993;0.9995
k79_9033	2;976;200643;171549;815;816;820;997890	1.0;1.0;1.0;1.0;1.0;1.0;1.0;1.0
k79_21288	2;1239;186801;3085636;186803;33042;410072	1.0;1.0;1.0;0.99999;0.99999;0.99278;0.99278
k79_93688	2;1239;186801;3085636;186803;572511;418240;1121115	1.0;1.0;1.0;1.0;1.0;0.99994;0.99978;0.99978
k79_45666	2;1239;1737404;1737405;1570339;543311;33033	1.0;0.99998;0.99997;0.99997;0.99997;0.99997;0.99997
k79_69725	2;1239;186801;186802;216572;216851;853;718252	1.0;1.0;1.0;1.0;1.0;1.0;1.0;1.0
k79_9047	2;1239;526524;526525;2810280;2678885;1982626	0.99997;0.99979;0.99611;0.99611;0.9958;0.99563;0.99563
k79_69726	2;1239;526524;526525;2810280;2678885;1982626	1.0;1.0;1.0;1.0;1.0;1.0;1.0
k79_57876	2;1239;186801;3085636;186803;841;301301	0.99999;0.99998;0.99998;0.99998;0.99998;0.99985;0.99985
k79_21293	2;1239;186801;3085636;186803;207244;649756;649757	1.0;1.0;1.0;1.0;1.0;1.0;1.0;1.0
k79_69731	2;1239;186801;3085636;186803;572511;418240;1121115	1.0;1.0;1.0;1.0;1.0;1.0;1.0;1.0
k79_32767	2;1239;526524;526525;2810280;2678885;1982626	1.0;0.99998;0.99997;0.99997;0.99976;0.99976;0.99976
k79_21297	2;1239;526524;526525;2810280;2678885;1982626	1.0;0.99999;0.99999;0.99999;0.99999;0.99999;0.99999
k79_32772	2;1239;526524;526525;2810280;2678885;1982626	1.0;1.0;1.0;1.0;1.0;0.99999;0.99999
k79_69736	2;1239;186801;3085636;186803;2316020;46228;471875	1.0;1.0;1.0;1.0;1.0;0.99995;0.99994;0.99994
k79_57887	2;1239;186801;3085636;186803;2719313;208479	1.0;0.99995;0.99995;0.99963;0.99963;0.99963;0.99963
k79_21303	2;976;200643;171549;171552;577309;454155;762982	1.0;1.0;1.0;1.0;1.0;1.0;1.0;1.0
k79_69738	2;1239;186801;3085636;186803;33042;410072	1.0;1.0;1.0;1.0;1.0;1.0;1.0
k79_93699	2;976;200643;171549;815;816;820;997890	1.0;1.0;1.0;1.0;1.0;1.0;1.0;1.0
k79_45672	2;1239;186801;3085636;186803;1766253;39491;657317	0.99997;0.99936;0.99934;0.99933;0.99933;0.57564;0.57564;0.53435
k79_81928	2;1239;186801;3085636;186803;1766253;39491;657317	1.0;1.0;1.0;1.0;1.0;0.9998;0.9998;0.99889
k79_57897	2;1224;1236;135622;267890;22;518738	0.99998;0.99531;0.99531;0.99531;0.99531;0.99531;0.99531
k79_32780	2;1239;186801;3085636;186803;2316020;33038	1.0;1.0;0.99992;0.99992;0.99992;0.99963;0.99957
k79_81932	2;1239;186801;3085636;186803;841;301301	1.0;0.99998;0.99998;0.99998;0.99998;0.99997;0.99997
k79_45679	2	0.99903
k79_9069	2;1239;186801;3085636;186803;2316020;46228;471875	1.0;0.99942;0.99939;0.99938;0.99938;0.75427;0.75422;0.75422
k79_45680	2;976;200643;171549;815;816;820;997890	1.0;1.0;1.0;1.0;1.0;1.0;1.0;1.0
k79_69752	2;1239;186801;3085636;186803;1766253;39491;657317	1.0;0.99932;0.99922;0.99917;0.99917;0.99819;0.99819;0.63236
k79_57912	2;74201;203494;48461;1647988;239934;239935	1.0;1.0;1.0;1.0;1.0;1.0;1.0
k79_81943	2;976;200643;171549;815;816;820;997890	1.0;1.0;1.0;1.0;1.0;0.99997;0.99971;0.99971
k79_9073	2;1224;1236;135622;267890;22;1965282	1.0;1.0;1.0;1.0;1.0;1.0;1.0
k79_32793	2;1239;186801;3085636;186803;2569097;39488	1.0;0.99999;0.99999;0.99999;0.99999;0.99929;0.99929
k79_81946	2;1239;186801;186802;186806;1730;39496	0.99906;0.99906;0.99906;0.99906;0.99906;0.99906;0.99906
k79_45686	2;976;200643;171549;815;816;820;997890	1.0;0.99999;0.99999;0.99999;0.99999;0.99999;0.99998;0.99998
k79_21333	2;1239;186801;186802;216572;1263;1160721	0.99997;0.99951;0.99888;0.88385;0.88368;0.6879;0.68171
k79_81957	2;976;200643;171549;815;909656;821	1.0;1.0;1.0;1.0;1.0;1.0;1.0
k79_45696	2;1239;186801;3085636;186803;841;166486;718255	1.0;0.99994;0.99994;0.99981;0.99981;0.99978;0.99978;0.98435
k79_21341	2;976;200643;171549;815;816;47678;997873	1.0;0.99999;0.99999;0.99999;0.99999;0.99999;0.99999;0.99999
k79_21342	2;1239;909932;1843488;909930;33024;33025	1.0;0.99927;0.96064;0.96063;0.96063;0.96063;0.96063
k79_81958	2;1239;186801;186802;216572;216851;853;657322	1.0;0.99984;0.99953;0.99807;0.99804;0.99725;0.9801;0.97991
k79_69787	2;74201;203494;48461;1647988;239934;239935	0.99702;0.97476;0.97476;0.97476;0.97476;0.97476;0.97476
k79_45708	2;976;200643;171549;815;816;820;997890	1.0;1.0;1.0;1.0;1.0;1.0;0.99998;0.99998
k79_81963	2;1239;186801;3085636;186803;2719313;208479	1.0;0.99993;0.99993;0.99898;0.99898;0.99898;0.99898
k79_32807	2;1239;186801;186802;216572;2038676;3070656	0.90468;0.82815;0.82103;0.70953;0.58843;0.58836;0.58836
k79_21357	2;1239;186801;3085636;186803;1766253;39491;657318	1.0;1.0;1.0;1.0;1.0;1.0;1.0;0.9997
k79_45713	2;1239;186801;3085636;186803;2316020;46228;471875	1.0;1.0;1.0;1.0;1.0;0.99999;0.99997;0.99997
k79_9089	2;1239;186801;3085636;186803;1766253;39491;657317	1.0;0.70099;0.7002;0.70017;0.70017;0.68755;0.68755;0.68685
k79_69806	2;976;200643;171549;815;816;29523	1.0;0.94649;0.94012;0.94012;0.93358;0.89034;0.55319
k79_32817	2;1239;186801;3085636;186803;572511;418240;1121115	1.0;1.0;1.0;1.0;1.0;0.99999;0.99999;0.99999
k79_81977	2157;28890;183925;2158;2159;2172;2173;420247	1.0;1.0;1.0;1.0;1.0;1.0;1.0;1.0
k79_32827	2;1783272	0.99981;0.99979
k79_45730	2;1239;909932;1843488;909930;33024;33025	1.0;0.99984;0.9992;0.9992;0.9992;0.9992;0.9992
k79_57949	2;976;200643;171549;815;816;817;997879	1.0;1.0;1.0;1.0;1.0;0.99999;0.99998;0.99994
k79_9103	2;1239;186801;3085636;186803;33042;33043	0.99986;0.99985;0.99985;0.99587;0.99587;0.99587;0.99587
k79_45732	2;1239;186801;186802;216572;2892396;2714355	1.0;0.99348;0.98539;0.95224;0.95224;0.95178;0.95178
k79_81991	2;976;200643;171549;171552;558436;839;264731	1.0;1.0;1.0;1.0;1.0;1.0;1.0;1.0
k79_32836	2157;28890;183925;2158;2159;2172;2173;420247	0.99999;0.99999;0.99999;0.99999;0.99999;0.99999;0.99995;0.99995
k79_69814	2;1239	0.86656;0.86517
k79_21373	2;1239;186801;3085636;186803;830;831	1.0;1.0;1.0;0.9999;0.9999;0.9999;0.9999
k79_57959	2;1239;186801;3085636;186803;1766253;39491;657317	0.99999;0.99679;0.99676;0.99673;0.99673;0.98962;0.98962;0.98962
k79_21386	2;1239;526524;526525;2810280;2678885;1982626	1.0;1.0;1.0;1.0;1.0;1.0;1.0
k79_57960	2;1239;186801;3085636;186803;1766253;39491;657317	0.99997;0.89152;0.89115;0.77744;0.77744;0.7563;0.7563;0.7307
k79_82003	2;1239;526524;526525;2810280;2678885;1982626	0.99987;0.99981;0.99977;0.99977;0.99977;0.99977;0.99977
k79_45752	2;1239;526524;526525;2810280;2678885;1982626	0.99914;0.99879;0.98679;0.98679;0.98678;0.98678;0.98678
k79_32857	2;1239;526524;526525;2810280;2678885;1982626	1.0;1.0;1.0;1.0;1.0;1.0;1.0
k79_32858	2;1239;186801;186802;216572;1263;2608920	1.0;1.0;1.0;0.99997;0.99997;0.99997;0.99997
k79_45754	2;1239;186801;3085636;186803;572511;89014	1.0;1.0;1.0;1.0;1.0;1.0;1.0
k79_32866	2;976;200643;171549;815;816;820;997890	1.0;0.9997;0.9997;0.9997;0.9997;0.9997;0.99968;0.99968
k79_82019	2;1239;186801;3085636;186803;572511;418240;1121115	1.0;1.0;1.0;1.0;1.0;1.0;1.0;1.0
k79_45760	2;1239;186801;3085636;186803;841;166486;718255	1.0;1.0;1.0;0.99999;0.99999;0.99986;0.99974;0.99589
k79_32879	2;976;200643;171549;815;816;820;997890	1.0;1.0;1.0;1.0;1.0;1.0;1.0;1.0
k79_9120	2;1239;526524;526525;2810280;2678885;1982626	1.0;0.99997;0.99987;0.99987;0.99986;0.99986;0.99986
k79_9122	2;1239;186801;3085636;186803;1766253;39491;657318	1.0;0.99999;0.99999;0.99999;0.99999;0.99983;0.99983;0.9977
k79_32881	2;1239;186801;3085636;186803;2569097;39488	1.0;1.0;1.0;1.0;1.0;1.0;1.0
k79_21429	2;976;200643;171549;815;816;28116	1.0;0.99999;0.99999;0.99999;0.99999;0.99999;0.99939
k79_82032	2;1239;186801;186802;216572;1263;438033	1.0;0.99998;0.99997;0.99992;0.99992;0.99992;0.99992
k79_21431	2;1239;186801;3085636;186803;2316020;46228;471875	1.0;1.0;1.0;1.0;1.0;1.0;1.0;1.0
k79_57981	2;976;200643;171549;815;816;820;997890	1.0;1.0;1.0;1.0;1.0;1.0;1.0;1.0
k79_45790	2;1239;186801;3082720;186804;214904;2925782	0.9984;0.99551;0.9005;0.88411;0.88411;0.88406;0.88406
k79_57988	2157;28890;183925;2158;2159;2172;2173;420247	1.0;1.0;1.0;1.0;1.0;1.0;1.0;1.0
k79_45796	2;1239;526524;526525;2810280;2678885;1982626	1.0;0.99999;0.99606;0.99606;0.99606;0.99606;0.99606
k79_82038	2;976;200643;171549;815;909656;821	1.0;1.0;1.0;1.0;0.99918;0.99893;0.99892
k79_57993	2;976;200643;171549;815;816;820;997890	1.0;0.99996;0.99995;0.99995;0.99979;0.99957;0.98772;0.98772
k79_9152	2;976;200643;171549;815;816;820;997890	1.0;0.99543;0.9951;0.9951;0.96231;0.77101;0.51267;0.51267
k79_45798	2157;28890;183925;2158;2159;2172;2173;420247	1.0;1.0;1.0;1.0;1.0;1.0;0.99965;0.99965
k79_9158	2;976;200643;171549;815;909656;357276;997877	1.0;1.0;1.0;1.0;1.0;0.99548;0.99547;0.99547
k79_58005	2;976;200643;171549;815;909656;821	0.99899;0.95446;0.95435;0.95424;0.95405;0.89114;0.88874
k79_69857	2;1239;186801;3085636;186803;841;166486;718255	1.0;0.99999;0.99999;0.99999;0.99999;0.99997;0.99996;0.99942
k79_82056	2;1239;186801;3085636;186803;2316020;46228;471875	1.0;1.0;1.0;1.0;1.0;0.99995;0.99994;0.99994
k79_45813	2;1239;526524;526525;2810280;2678885;1982626	0.99961;0.99933;0.9866;0.9866;0.98519;0.98514;0.98514
k79_58011	2;1239;186801;186802;216572;1263;2608920	1.0;0.99953;0.99851;0.9985;0.9985;0.9985;0.9985
k79_69859	2;976;200643;171549;815;909656;387090	1.0;1.0;1.0;1.0;1.0;1.0;1.0
k79_21448	2;1239;186801;3085636;186803;1766253;39491;657318	0.99998;0.99994;0.99993;0.99993;0.99993;0.9992;0.9992;0.99628
k79_9172	2759;7711;40674;9443;9604;9605;9606	0.99931;0.99931;0.99931;0.99931;0.99931;0.99931;0.99931
k79_32907	2;976;200643;171549;815;909656;821	1.0;1.0;1.0;1.0;1.0;1.0;1.0
k79_45817	2;1239;186801;3085636;186803;572511;418240;1121115	1.0;0.99986;0.99981;0.9998;0.9998;0.99912;0.99912;0.99912
k79_21450	2;1239;186801;3085636;186803;572511;1912897	1.0;1.0;1.0;0.99999;0.99999;0.99998;0.99998
k79_58016	2;1239;186801;186802;31979;1485;94869	0.99999;0.99996;0.99861;0.99859;0.99859;0.99859;0.99856
k79_9175	2;1239;186801;3085636;186803;841;2763062	1.0;1.0;1.0;0.99999;0.99999;0.99923;0.99919
k79_9176	2;1239;186801;3085636;186803;1766253;39491;657318	0.99999;0.99998;0.99998;0.99998;0.99998;0.99962;0.99962;0.99955
k79_58018	2;1239;186801;186802;216572;216851;853;657322	1.0;0.99999;0.99999;0.99999;0.99999;0.99999;0.99998;0.99998
k79_45826	2;1239;186801;3082720;186804;1849822;1490	1.0;1.0;1.0;1.0;1.0;1.0;1.0
k79_45830	2;976;200643;171549;815;816;47678;997873	1.0;1.0;1.0;1.0;1.0;1.0;1.0;1.0
k79_82066	2;1239;909932;1843488;909930;33024;33025	0.99916;0.98859;0.62375;0.62346;0.62346;0.62346;0.62346
k79_9191	2;1224;28216;80840;119060;48736;190721	1.0;0.99999;0.99999;0.99999;0.99999;0.99999;0.99999
k79_45831	2;976;200643;171549;815;816;820;997890	1.0;1.0;1.0;1.0;1.0;1.0;1.0;1.0
k79_58030	2;976;200643;171549;815;816;820;997890	1.0;0.99999;0.99999;0.99999;0.99999;0.99999;0.99981;0.99981
k79_32920	2;976;200643;171549;2005525;375288;823;999416	0.99997;0.97279;0.97278;0.97278;0.96616;0.96616;0.96616;0.96616
k79_93704	2759;7711;40674;9443;9604;9605;9606	0.99822;0.99822;0.99822;0.99822;0.99822;0.99822;0.99822
k79_32921	2;976;200643;171549;815;816;674529	1.0;1.0;1.0;1.0;1.0;1.0;1.0
k79_58041	2;976;200643;171549;2005525;375288;823;999416	1.0;1.0;1.0;1.0;0.99997;0.99997;0.99997;0.99997
k79_82069	2;1239;186801;186802;216572;1263;2608920	1.0;1.0;1.0;0.99997;0.99997;0.99997;0.99997
k79_82070	2;1239;526524;526525;2810280;2678885;1982626	1.0;0.99998;0.99998;0.99998;0.99998;0.99998;0.99998
k79_45848	2157;28890;183925;2158;2159;2172;2173;420247	1.0;1.0;1.0;1.0;1.0;1.0;1.0;1.0
k79_82072	2759;7711;40674;9443;9604;9605;9606	0.87009;0.87009;0.87009;0.87009;0.87009;0.87009;0.87009
k79_69885	2;1239;186801;186802;216572;946234;292800	1.0;1.0;1.0;1.0;1.0;1.0;1.0
k79_9200	2157;28890;183925;2158;2159;2172;2173;420247	1.0;1.0;1.0;1.0;1.0;1.0;0.99997;0.99997
k79_58055	2;1239;526524;526525;2810280;2678885;1982626	1.0;1.0;1.0;1.0;1.0;1.0;1.0
k79_45856	2;976;200643;171549;815;816;820;997890	1.0;1.0;1.0;1.0;1.0;0.99998;0.99982;0.99982
k79_93729	2;1239;186801;3085636;186803;572511;418240;1121115	1.0;1.0;1.0;1.0;1.0;1.0;1.0;1.0
k79_9204	2;1239;186801;3085636;186803;207244;649756;649757	1.0;1.0;1.0;1.0;1.0;1.0;1.0;1.0
k79_82079	2;1239;186801;186802;216572;1263;2608920	1.0;1.0;0.99999;0.99999;0.99999;0.99999;0.99999
k79_93732	2;976;200643;171549;815;816;820;997890	1.0;1.0;1.0;1.0;1.0;1.0;1.0;1.0
k79_21462	2;1239;186801;186802;216572;1263;2608920	1.0;0.99999;0.99998;0.99998;0.99998;0.99998;0.99998
k79_45866	2;976;200643;171549;815;816;820;997890	1.0;1.0;1.0;1.0;1.0;1.0;0.99998;0.99998
k79_93739	2;1239;186801;186802;216572;1263;2608920	0.99989;0.98677;0.98639;0.98636;0.98631;0.98631;0.98329
k79_45871	2157;28890;183925;2158;2159;2172;2173;420247	1.0;1.0;1.0;1.0;1.0;1.0;1.0;1.0
k79_69895	2;1239;186801;186802;216572;1263;2608920	0.88621;0.88161;0.69984;0.68857;0.6885;0.6885;0.6885
k79_45874	2;1239;186801;3085636;186803;841;166486;657315	1.0;1.0;1.0;1.0;1.0;1.0;0.99984;0.99984
k79_82095	2;1239;186801;3085636;186803;207244;649756;649757	1.0;1.0;1.0;1.0;1.0;1.0;1.0;1.0
k79_93745	2;976;200643;171549;2005525;375288;823;999416	1.0;1.0;1.0;1.0;1.0;1.0;1.0;1.0
k79_45881	2;976;200643;171549;815;816;820;997890	1.0;1.0;1.0;1.0;1.0;1.0;1.0;1.0
k79_9216	2;544448;31969;186328;2131;2132;216945;1276229	1.0;0.99983;0.99983;0.99983;0.99983;0.99983;0.99983;0.99983
k79_21486	2;1224;28211;356;82115;357;2735528	0.99911;0.54178;0.54141;0.54141;0.54134;0.54134;0.54134
k79_45884	2;1239;186801;3085636;186803	0.99919;0.89798;0.89767;0.89706;0.89706
k79_9223	2;1239;186801;3085636;186803;2316020;46228;471875	1.0;1.0;1.0;1.0;1.0;1.0;1.0;1.0
k79_45887	2;1239;526524;526525;2810280;2678885;1982626	0.99999;0.99999;0.99999;0.99999;0.99999;0.99999;0.99999
k79_58096	2;976;200643;171549;815;816;820;997890	1.0;1.0;1.0;1.0;1.0;1.0;0.99998;0.99998
k79_45896	2;976;200643;171549;815;816;820;997890	1.0;1.0;1.0;1.0;1.0;1.0;1.0;1.0
k79_45897	2;1239;186801;186802;216572;1263;657323	1.0;1.0;1.0;0.99977;0.99977;0.99977;0.99977
k79_21504	2;976;200643;171549;815;816;820;997890	1.0;1.0;1.0;1.0;1.0;1.0;0.99999;0.99999
k79_21506	2;1239;186801;3085636;186803;1766253;39491;657317	1.0;1.0;1.0;1.0;1.0;1.0;1.0;0.99953
k79_69923	2;976;200643;171549;815;909656;376805;667015	1.0;0.99648;0.99648;0.99648;0.99648;0.89473;0.89451;0.89451
k79_93758	2;1239;186801;186802;216572;1263;2608920	0.99998;0.99994;0.99992;0.99992;0.99992;0.99992;0.99992
k79_58115	2;201174;1760;85004;31953;1678;28026	1.0;0.99991;0.99991;0.99991;0.99991;0.99991;0.99991
k79_82098	2;976;200643;171549;815;816;820;997890	1.0;1.0;1.0;1.0;1.0;0.99999;0.9994;0.9994
k79_82101	2;976;117743;200644;49546;237;3003258	0.99998;0.7157;0.68327;0.68327;0.68327;0.68322;0.68322
k79_21510	2;1239;909932;1843488;909930;33024;33025	1.0;1.0;1.0;1.0;1.0;1.0;1.0
k79_32970	2;1239;186801;186802;216572;1263;2608920	0.99998;0.99988;0.99987;0.99986;0.99985;0.99985;0.99976
k79_21513	2;1239;186801;3085636;186803;572511;418240;1121115	1.0;1.0;1.0;1.0;1.0;1.0;1.0;1.0
k79_93759	2;976;200643;171549;815;816;818	0.99999;0.99995;0.99976;0.99976;0.99974;0.99973;0.88851
k79_69928	2;1239;186801;186802;216572;1263;2608920	1.0;1.0;1.0;1.0;1.0;1.0;0.99994
k79_58130	2;1239;186801;186802;216572;1263;2608920	0.99998;0.99998;0.99993;0.98214;0.98214;0.98212;0.97705
k79_93763	2;976;200643;171549;815;816;46506;449673	1.0;1.0;1.0;1.0;1.0;0.99997;0.99953;0.99953
k79_82114	2;1239;186801;3085636;186803;1766253;39491	0.99941;0.98292;0.81662;0.77501;0.77501;0.74147;0.74147
k79_9250	2;976;200643;171549;815;909656;821	1.0;1.0;1.0;1.0;1.0;0.99999;0.99999
k79_82115	2;1239;186801;3085636;186803;572511;418240;1121115	1.0;1.0;1.0;1.0;1.0;1.0;1.0;1.0
k79_58140	2;1239;186801;186802;216572;1263;2608920	1.0;0.99554;0.99483;0.99465;0.99364;0.99364;0.99362
k79_45915	2;976;200643;171549;815;816;820;997890	1.0;0.99947;0.99946;0.99944;0.99943;0.95487;0.93501;0.93501
k79_58141	2;976;200643;171549;1853231;283168;28118	1.0;0.99995;0.99995;0.99995;0.99968;0.99968;0.99968
k79_82119	2;1239;186801;3085636;186803;1506553;1871021	0.99963;0.9958;0.98635;0.91326;0.91326;0.90986;0.909
k79_21539	2;1239;186801;3085636;186803;572511;418240;1121115	1.0;1.0;1.0;1.0;1.0;1.0;1.0;1.0
k79_32976	2157;28890;183925;2158;2159;2172;2173;420247	1.0;1.0;1.0;1.0;1.0;1.0;1.0;1.0
k79_58142	2;976;200643;171549;815;816;817;997879	0.99873;0.97402;0.97337;0.97337;0.59056;0.59055;0.55242;0.55235
k79_82123	2	0.99814
k79_58144	2;1239;526524;526525;2810280;2678885;1982626	1.0;1.0;1.0;1.0;1.0;1.0;1.0
k79_93767	2;1239;526524;526525;2810280;2678885;1982626	1.0;1.0;1.0;1.0;1.0;1.0;1.0
k79_9259	2;1239;526524;526525;2810280;2678885;1982626	1.0;1.0;1.0;1.0;1.0;1.0;1.0
k79_9260	2;1239;186801;3085636;186803;1766253;39491;657318	1.0;1.0;1.0;1.0;1.0;0.99998;0.99998;0.99997
k79_69945	2;976;200643;171549;815;816;817;997879	1.0;1.0;1.0;1.0;0.99999;0.99962;0.99961;0.99961
k79_45929	2;976;200643;171549;815;816;28111	1.0;1.0;1.0;1.0;1.0;0.99998;0.99995
k79_93779	2;1239;186801;3085636;186803;841;166486;657315	1.0;1.0;1.0;1.0;1.0;0.99993;0.99993;0.99992
k79_32998	2;1239;186801;3085636;186803;189330;88431	1.0;0.99996;0.99995;0.99995;0.99995;0.9999;0.9999
k79_9264	2;1239;526524;526525;2810280;2678885;1982626	1.0;1.0;1.0;1.0;1.0;1.0;1.0
k79_58153	2;1239;186801;3085636;186803;572511;418240;1121115	1.0;1.0;1.0;1.0;1.0;1.0;1.0;1.0
k79_82155	2;1239;186801;3085636;186803;1766253;39491;657317	0.99999;0.96844;0.82939;0.8069;0.8069;0.60933;0.60933;0.60928
k79_93789	2;1239;186801;3085636;186803;1766253;39491;657318	1.0;0.99999;0.99998;0.99998;0.99998;0.99184;0.99184;0.98811
k79_45943	2;1239;186801;186802;216572;2892396;2714355	1.0;0.90692;0.90692;0.90678;0.90678;0.78073;0.7797
k79_82156	2;1239;186801;3085636;186803;2316020;33039;657313	1.0;1.0;1.0;1.0;1.0;0.99984;0.99984;0.99984
k79_21554	2;976;200643;171549;815;816;820;997890	1.0;1.0;1.0;1.0;1.0;1.0;1.0;1.0
k79_82167	2;1239;526524;526525;2810280	0.87578;0.81686;0.56032;0.56032;0.55931
k79_69957	2;1239;526524;526525;2810280;2678885;1982626	1.0;1.0;1.0;1.0;1.0;1.0;1.0
k79_82171	2;1239;186801;186802;31979;1485;36839	1.0;0.99986;0.99798;0.99468;0.95998;0.95998;0.95829
k79_21561	2;976;200643;171549;815;909656;376805;667015	1.0;0.98671;0.98671;0.98671;0.98671;0.98662;0.98661;0.98661
k79_58178	2;1239;186801;3085636;186803;189330;88431	1.0;0.99866;0.99463;0.99458;0.99458;0.91458;0.91457
k79_93798	2;976;200643;171549;815;816;28111	1.0;1.0;1.0;1.0;1.0;0.99981;0.99922
k79_21562	2157;28890;183925;2158;2159;2172;2173;420247	1.0;1.0;1.0;1.0;1.0;1.0;1.0;1.0
k79_82175	2;1239;186801;186802;216572;216851;411483	1.0;0.92659;0.92646;0.92634;0.92547;0.83681;0.83678
k79_58183	2;976;200643;171549;815;816;818	1.0;0.99999;0.99999;0.99999;0.99999;0.99961;0.99935
k79_45948	2759;7711;40674;9443;9604;9605;9606	0.96404;0.96404;0.96404;0.96404;0.96404;0.96404;0.96404
k79_21570	2;976;200643;171549;815;816;820;997890	1.0;1.0;1.0;1.0;1.0;0.99999;0.99999;0.99999
k79_45950	2;1239;186801;3085636;186803;2316020;33039;657313	1.0;0.99995;0.99995;0.87422;0.87422;0.86231;0.85764;0.85764
k79_21571	2;1239;186801;3082720;186804;2743582;89152	1.0;1.0;1.0;1.0;1.0;1.0;1.0
k79_9284	2;976;200643;171549;815;909656;387090	1.0;0.99943;0.99938;0.99938;0.99641;0.98643;0.98622
k79_69962	2;1239;186801;3085636;186803;1766253;39491;657318	1.0;1.0;1.0;1.0;1.0;1.0;1.0;0.99945
k79_58196	2;1239;186801;186802;216572;1263;2608920	1.0;1.0;1.0;1.0;1.0;1.0;1.0
k79_93818	2;1239;186801;3085636;186803;33042;33043	1.0;1.0;1.0;1.0;1.0;0.99999;0.99999
k79_33037	2;1239;526524;526525;2810280;2678885;1982626	1.0;1.0;1.0;1.0;1.0;1.0;1.0
k79_9295	2;976;200643;171549;815;816;28111	1.0;1.0;1.0;1.0;1.0;0.99999;0.99999
k79_69970	2;1239;186801;3085636;186803;1766253;39491;657317	1.0;1.0;1.0;1.0;1.0;1.0;1.0;0.9371
k79_93819	2157;28890;183925;2158;2159;2172;2173;420247	1.0;1.0;1.0;1.0;1.0;1.0;1.0;1.0
k79_21588	2;976;117743;200644;49546;252356;3053613	1.0;1.0;1.0;1.0;1.0;1.0;1.0
k79_45962	2;976;200643;171549;815;816;820;997890	1.0;1.0;1.0;1.0;1.0;1.0;1.0;1.0
k79_21591	2;1239;186801;3085636;186803;572511;418240;1121115	1.0;1.0;1.0;1.0;1.0;0.99975;0.99974;0.99974
k79_58210	2157;28890;183925;2158;2159;2172;2173;420247	1.0;1.0;1.0;1.0;1.0;1.0;1.0;1.0
k79_82189	2;1239;526524;526525;2810280;2678885;1982626	1.0;0.99998;0.99998;0.99998;0.99996;0.99996;0.99996
k79_69971	2157;28890;183925;2158;2159;2172;2173;420247	0.99998;0.99998;0.99998;0.99998;0.99998;0.99998;0.99998;0.99998
k79_33045	2;1239;526524;526525;2810280;2678885;1982626	1.0;1.0;1.0;1.0;1.0;1.0;1.0
k79_93822	2157;28890;183925;2158;2159;2172;2173;420247	1.0;1.0;1.0;1.0;1.0;1.0;0.99999;0.99999
k79_33046	2157;28890;183925;2158;2159;2172;2173;420247	1.0;1.0;1.0;1.0;1.0;1.0;0.99998;0.99998
k79_93828	2;976;200643;171549;815;816;820;997890	1.0;1.0;1.0;1.0;1.0;1.0;1.0;1.0
k79_33056	2;1239;186801;186802;216572;1263;2608920	1.0;1.0;1.0;1.0;1.0;1.0;1.0
k79_69989	2;1239;186801;186802;216572;1263;1160721	1.0;0.99999;0.99999;0.99999;0.99999;0.99999;0.99999
k79_58223	2;1239;186801;186802;216572;1263;2608920	1.0;0.99999;0.99999;0.99996;0.99996;0.99994;0.99992
k79_21620	2;976;200643;171549;815;909656	1.0;0.88388;0.88363;0.88363;0.88235;0.77895
k79_82198	2;1239;186801;3085636;186803;2316020;33039;657313	1.0;1.0;1.0;1.0;1.0;0.99933;0.99931;0.99931
k79_58226	2;1239;909932;1843488;909930;33024;33025	1.0;1.0;1.0;1.0;1.0;1.0;1.0
k79_45972	2;1239;186801;186802;216572;459786;2109687	1.0;1.0;1.0;1.0;1.0;1.0;1.0
k79_21623	2;1239;526524;526525;2810280;2678885;1982626	0.99995;0.99993;0.99936;0.99936;0.99936;0.99936;0.99936
k79_58230	2;1239;186801;186802;216572;1263;2608920	1.0;1.0;1.0;1.0;1.0;1.0;1.0
k79_21627	2;1239;526524;526525;2810280;2678885;1982626	0.99993;0.99991;0.99911;0.99911;0.99904;0.99904;0.99904
k79_82215	2;32066;203490;203491;203492;848;76859	0.99998;0.99952;0.99952;0.99952;0.99952;0.99952;0.99952
k79_93867	2;1239;186801;3085636;186803;207244;649756;649757	1.0;1.0;0.99997;0.99997;0.99997;0.99997;0.99997;0.99997
k79_21633	2;976;200643;171549;815;816;820;997890	1.0;1.0;1.0;1.0;1.0;1.0;1.0;1.0
k79_9331	2;976;117743;200644;2762318;59734	1.0;0.99999;0.99999;0.99999;0.99999;0.99999
k79_33066	2;1239;186801;3085636;186803;1506553;29347	1.0;1.0;1.0;1.0;1.0;0.99998;0.99998
k79_70004	2;976;200643;171549;815;816;820;997890	1.0;0.99999;0.99999;0.99999;0.99999;0.99999;0.99996;0.99996
k79_33067	2;1239;186801;3085636;186803	0.71132;0.69615;0.69137;0.68961;0.68961
k79_82226	2;1239;186801;3085636;186803;841;301301	1.0;0.99983;0.99983;0.99983;0.99983;0.99983;0.99983
k79_33072	2;1239;186801;3085636;186803;207244;649756;649757	1.0;1.0;1.0;1.0;1.0;1.0;1.0;1.0
k79_45997	2;976;200643;171549;815;816;820;997890	1.0;1.0;1.0;1.0;1.0;1.0;1.0;1.0
k79_82233	2;976;200643;171549;815;816;820;997890	1.0;0.99996;0.99996;0.99996;0.99996;0.99996;0.99915;0.99915
k79_46000	2;1239;186801;3085636;186803;207244;649756;649757	1.0;0.99948;0.99721;0.99721;0.99721;0.99721;0.99721;0.99721
k79_46004	2;1239;186801;3085636;186803;207244;649756;649757	1.0;1.0;1.0;1.0;1.0;1.0;1.0;1.0
k79_33091	2;1239;186801;3085636;186803;1766253;39491	1.0;0.99991;0.99989;0.99978;0.99978;0.61278;0.61278
k79_82246	2157;28890;183925;2158;2159;2172;2173;420247	1.0;1.0;1.0;1.0;1.0;1.0;0.99999;0.99999
k79_82248	2;976;200643;171549;815;816	1.0;0.99991;0.99818;0.99818;0.9957;0.99561
k79_58255	2;1239;186801;186802;216572;1263;2608920	0.99998;0.99717;0.71992;0.71986;0.71984;0.7177;0.7177
k79_82251	2;1239;186801;3085636;186803;207244;649756;649757	1.0;0.99999;0.99779;0.99779;0.99779;0.99779;0.99779;0.99779
k79_82254	2;1239;186801;3085636;186803;841;166486;718255	1.0;1.0;1.0;1.0;1.0;0.99954;0.99953;0.99694
k79_21677	2;976;200643;171549;815;816;820;997890	1.0;0.99939;0.99939;0.99939;0.99938;0.99938;0.99923;0.99923
k79_9355	2;976;200643;171549;815;816;820;997890	1.0;1.0;1.0;1.0;1.0;1.0;1.0;1.0
k79_82258	2;976;200643;171549;815;816;820;997890	1.0;1.0;1.0;1.0;1.0;1.0;0.99998;0.99998
k79_33106	2157;28890;183925;2158;2159;2172;2173;420247	1.0;1.0;1.0;1.0;1.0;1.0;1.0;1.0
k79_46006	2;976;200643;171549;815;816;820;997890	1.0;0.99999;0.99998;0.99998;0.99997;0.99996;0.9997;0.9997
k79_82265	2;1239;186801;3085636;186803;572511;418240;1121115	1.0;1.0;1.0;1.0;1.0;0.99985;0.99966;0.99966
k79_46009	2;976;200643;171549;815;909656;821	1.0;1.0;1.0;1.0;1.0;1.0;1.0
k79_82268	2;1224;1236;135622;267889;1407056;718192	0.99994;0.99987;0.99987;0.99987;0.99987;0.99987;0.99987
k79_70018	2;976;200643;171549	0.99848;0.52897;0.51788;0.51788
k79_82270	2;1239;186801;3085636;186803;33042;410072	1.0;1.0;1.0;1.0;1.0;0.99998;0.99998
k79_93915	2;976;200643;171549;815;816;817;997879	1.0;0.99997;0.99997;0.99997;0.99997;0.99997;0.99691;0.99691
k79_33121	2;976;200643;171549;815;816;820;997890	1.0;0.99994;0.99994;0.99994;0.99987;0.99986;0.99856;0.99856
k79_70023	2;1239;186801;3085636;186803;33042;751585	1.0;0.99999;0.99997;0.99996;0.99996;0.91258;0.91256
k79_9379	2;976;200643;171549;815;816;820;997890	1.0;1.0;1.0;1.0;1.0;1.0;1.0;1.0
k79_58285	2;976;200643;171549;171551;1159323;1243007	1.0;1.0;1.0;1.0;0.99998;0.99998;0.99998
k79_21686	2;976;200643;171549;815;816;820;997890	1.0;1.0;1.0;1.0;1.0;1.0;1.0;1.0
k79_9386	2;1239;186801;3085636;186803;841;301301	1.0;1.0;0.99995;0.99995;0.99995;0.99994;0.99991
k79_9388	2;1239;186801;3085636;186803;2316020;46228;471875	1.0;1.0;1.0;1.0;1.0;1.0;1.0;1.0
k79_70034	2;1239;186801;186802;31979;1485;1561;1415775	0.87933;0.82784;0.73694;0.61038;0.60522;0.60191;0.55847;0.55847
k79_33144	2;1239	0.72794;0.52077
k79_82292	2;976;200643;171549;815;816;817;295405	0.99998;0.99759;0.99722;0.99722;0.99713;0.997;0.98532;0.98508
k79_9391	2;1239;526524;526525;2810280;2678885;1982626	1.0;1.0;1.0;1.0;1.0;1.0;1.0
k79_46016	2;976;200643;171549;815;816;820;997890	1.0;1.0;1.0;1.0;1.0;1.0;0.99995;0.99995
k79_82297	2;976;200643;171549;815;816;290053;693979	0.99945;0.95936;0.95934;0.95934;0.94265;0.74156;0.69768;0.69768
k79_46021	2;1239;186801;3085636;186803;1766253;39491;657317	1.0;1.0;1.0;1.0;1.0;1.0;1.0;0.99929
k79_9405	2;1239;186801;3085636;186803;1766253;39491;657317	1.0;1.0;1.0;1.0;1.0;1.0;1.0;0.99397
k79_21701	2;976;200643;171549;815;816;817;295405	1.0;0.9998;0.99977;0.99977;0.99977;0.99976;0.99976;0.99976
k79_9409	2;976;200643;171549;815;816;817;295405	1.0;1.0;1.0;1.0;1.0;1.0;1.0;1.0
k79_58323	2;1239;186801;3085636;186803;1766253;39491;657318	1.0;1.0;1.0;1.0;1.0;1.0;1.0;0.99942
k79_33160	2;976;200643;171549;815;816;818	1.0;0.99998;0.99998;0.99998;0.99987;0.99987;0.99965
k79_21709	2;1239;526524;526525;2810280;2678885;1982626	1.0;1.0;1.0;1.0;1.0;1.0;1.0
k79_58334	2;976;200643;171549;815;816;820;997890	1.0;1.0;0.99996;0.99996;0.99996;0.99996;0.99989;0.99989
k79_9423	2;1224;1236;135619;2066474;305899;1234143	0.99999;0.78156;0.77725;0.77724;0.77724;0.77724;0.77724
k79_21711	2;1239;186801;3085636;186803;1766253;39491;657318	1.0;1.0;1.0;1.0;1.0;1.0;1.0;0.99297
k79_70053	2;976;200643;171549;815;816;818	1.0;0.99993;0.99992;0.99992;0.99871;0.99844;0.70582
k79_70054	2;1239;186801;3085636;186803;1766253;39491;657317	1.0;1.0;1.0;1.0;1.0;1.0;1.0;0.99989
k79_58336	2;1239;526524;526525;2810280;2678885;1982626	1.0;1.0;1.0;1.0;1.0;0.99999;0.99999
k79_93973	2;1239;186801;186802;216572;1263;2608920	1.0;1.0;1.0;0.99999;0.99999;0.99999;0.99994
k79_33170	2157;28890;183925;2158;2159;2172;2173;420247	1.0;1.0;1.0;1.0;1.0;1.0;1.0;1.0
k79_9433	2;1239;186801;3085636;186803;2316020;46228;471875	0.99945;0.998;0.97197;0.97141;0.97141;0.6092;0.59132;0.59132
k79_82327	2;976;200643;171549;815;816;820;997890	1.0;1.0;0.99999;0.99999;0.99999;0.99992;0.99642;0.99642
k79_33172	2157;28890;183925;2158;2159;2172;2173;420247	1.0;1.0;1.0;1.0;1.0;1.0;1.0;1.0
k79_93979	2;976;200643;171549;815;909656;387090	1.0;1.0;1.0;1.0;1.0;0.9995;0.99934
k79_58344	2;976;200643;171549;815;909656;357276;997877	0.99965;0.70895;0.70895;0.70895;0.70704;0.56292;0.55736;0.55736
k79_46048	2157;28890;183925;2158;2159;2172;2173;420247	1.0;1.0;1.0;1.0;1.0;1.0;1.0;1.0
k79_33175	2759;7711;40674;9443;9604;9605;9606	0.99896;0.99896;0.99896;0.99896;0.99896;0.99896;0.99896
k79_70061	2;1239;186801;3085636;186803;841;2763062	1.0;1.0;1.0;1.0;1.0;0.99937;0.99937
k79_46056	2;1224;28211;356;82115;379;2918527	1.0;0.96799;0.96799;0.96799;0.96799;0.96799;0.96799
k79_33183	2;976;200643;171549;815;816;820;997890	1.0;1.0;1.0;1.0;1.0;1.0;1.0;1.0
k79_93996	2759;7711;40674;9443;9604;9605;9606	0.75897;0.75897;0.75897;0.75897;0.75897;0.75897;0.75897
k79_9449	2;976;200643;171549;815;816;820;997890	1.0;0.99998;0.99998;0.99998;0.99998;0.99998;0.99993;0.99993
k79_33188	2;1239;186801;186802;216572;216851;853;718252	1.0;0.99915;0.99899;0.99745;0.99742;0.99589;0.95175;0.95175
k79_70078	2;976;200643;171549;815;909656;821	1.0;1.0;1.0;1.0;1.0;1.0;1.0
k79_33189	2;1239;186801;3085636;186803;1766253;39491;657317	1.0;1.0;1.0;1.0;1.0;1.0;1.0;0.71358
k79_21731	2157;28890;183925;2158;2159;2172;2173;420247	1.0;1.0;1.0;1.0;1.0;1.0;1.0;1.0
k79_94005	2;1239;526524;526525;2810280;2678885;1982626	1.0;1.0;1.0;1.0;1.0;1.0;1.0
k79_70079	2;976;200643;171549;815;816;2792859	1.0;0.99999;0.99999;0.99999;0.99979;0.99979;0.99973
k79_9455	2157;28890;183925;2158;2159;2172;2173;420247	1.0;1.0;1.0;1.0;1.0;1.0;1.0;1.0
k79_33192	2;976;200643;171549;815;816;818	1.0;1.0;1.0;1.0;1.0;0.99998;0.99998
k79_94011	2;1239;186801;3085636;186803;841;166486;718255	1.0;1.0;1.0;0.99793;0.99793;0.9979;0.9979;0.98846
k79_70086	2;1239;186801;3085636;186803;572511;40520;657314	1.0;1.0;1.0;0.99998;0.99998;0.99993;0.99982;0.99982
k79_21739	2;1239;186801;3085636;186803;33042;410072	0.99988;0.99984;0.99984;0.99975;0.99975;0.985;0.985
k79_58381	2;1239;186801;186802;216572	0.99859;0.77397;0.75885;0.66445;0.66438
k79_82343	2;1239;526524;526525;2810280;2678885;1982626	1.0;0.99999;0.99999;0.99999;0.99999;0.99999;0.99999
k79_9463	2;1239;186801;3085636;186803;1766253;39491;657318	1.0;1.0;1.0;1.0;1.0;1.0;1.0;0.99985
k79_33202	2;1239;186801;3085636;186803;28050;39485;515620	1.0;0.99997;0.99991;0.99991;0.99991;0.64697;0.64697;0.64697
k79_70087	2;1239;186801;186802;216572;1263;2608920	0.91486;0.89977;0.89774;0.77093;0.77013;0.76149;0.76129
k79_21744	2;1239;186801;3085636;186803;1766253;39491	0.99993;0.92456;0.91123;0.79612;0.79612;0.75154;0.75154
k79_94020	2;1239;909932;1843488;909930;33024;33025	1.0;1.0;1.0;1.0;1.0;1.0;1.0
k79_70093	2;1239;186801;3085636;186803;1766253;39491	0.99995;0.60065;0.60064;0.60062;0.60062;0.59781;0.59781
k79_21750	2;976;200643;171549;815;816;820;997890	1.0;1.0;1.0;1.0;1.0;1.0;1.0;1.0
k79_70094	2;1239;186801;3085636;186803;207244;649756;649757	1.0;1.0;1.0;1.0;1.0;1.0;1.0;1.0
k79_33209	2;976;200643;171549;815;816;820;997890	1.0;1.0;1.0;1.0;1.0;1.0;0.99999;0.99999
k79_94026	2;976;200643;171549;815;816;818	0.99992;0.99992;0.99992;0.99992;0.99992;0.99931;0.99922
k79_33218	2;1239;186801;3085636;186803;2316020;46228;471875	1.0;0.99998;0.99998;0.99998;0.99998;0.99992;0.99992;0.99992
k79_9480	2;1239;186801;186802;31979;1485;1529	1.0;0.99979;0.99979;0.99688;0.99685;0.99685;0.99684
k79_94028	2157;28890;183925;2158;2159;2172;2173;420247	1.0;1.0;1.0;1.0;1.0;1.0;1.0;1.0
k79_46095	2;976;200643;171549;171551;836;36874	1.0;0.99983;0.99983;0.99983;0.99983;0.99983;0.99983
k79_21764	2;1224;1236;135614;1775411;70411;2898793	1.0;1.0;1.0;1.0;1.0;1.0;1.0
k79_58397	2;1239;91061;1385;90964;1279;28035	0.99999;0.99989;0.99966;0.99966;0.99966;0.99966;0.99966
k79_82355	2;1239;186801;3085636;186803;1766253;39491;657317	1.0;1.0;1.0;1.0;1.0;1.0;1.0;0.99895
k79_94029	2;200940;67799;188710;188711;1740;1295609;795359	1.0;0.99761;0.99761;0.99761;0.99761;0.99761;0.99761;0.99761
k79_9488	2;1239;186801;3085636;186803;1766253;39491;657318	1.0;1.0;1.0;1.0;1.0;1.0;1.0;0.99999
k79_82358	2;1239;186801;3085636;186803;2316020;33038	0.99998;0.99996;0.99996;0.99975;0.99975;0.84753;0.84723
k79_9493	2;1239;186801;3085636;186803;1766253;39491;657318	1.0;0.99005;0.99003;0.99003;0.99003;0.98866;0.98866;0.98524
k79_70108	2;1239;186801;3085636;186803;207244;649756;649757	1.0;1.0;1.0;0.99999;0.99999;0.99929;0.99929;0.99929
k79_58411	2;1239;186801;186802;216572;1263;2608920	0.99998;0.99047;0.88258;0.75878;0.75832;0.75133;0.75104
k79_82363	2;1239;186801;3085636;186803;1766253;39491;657318	1.0;1.0;1.0;1.0;1.0;1.0;1.0;0.99329
k79_33229	2157;28890;183925;2158;2159;2172;2173;420247	1.0;1.0;1.0;1.0;1.0;1.0;1.0;1.0
k79_82367	2;976;200643;171549;815;909656;821	1.0;1.0;1.0;1.0;0.99985;0.99942;0.99902
k79_9499	2;1239;91061;186826;33958;2767888;468911	1.0;1.0;1.0;1.0;1.0;1.0;1.0
k79_33232	2;1239;186801;3085636;186803;1766253;39491;657318	1.0;1.0;1.0;1.0;1.0;1.0;1.0;0.99889
k79_21792		
k79_9506	2;976;200643;171549;815;816;820;997890	1.0;1.0;1.0;1.0;1.0;1.0;0.99985;0.99985
k79_9511	2;201174;1760;85004;31953;1678;1680	1.0;0.99998;0.99998;0.99998;0.99998;0.99998;0.99998
k79_58420	2;976;200643;171549;2005525;375288;823;999416	1.0;0.99999;0.99999;0.99999;0.99998;0.99998;0.99998;0.99998
k79_33242	2;1239;186801;3085636;186803;189330;88431	1.0;0.9989;0.9989;0.99886;0.99886;0.99717;0.99717
k79_46127	2;1239;526524;526525;2810280;2678885;1982626	0.99998;0.99997;0.99996;0.99996;0.99996;0.99996;0.99996
k79_94052	2;1239;526524;526525;2810280;2678885;1982626	1.0;1.0;1.0;1.0;1.0;1.0;1.0
k79_82399	2;1239;526524;526525;2810280;2678885;1982626	1.0;1.0;0.99999;0.99999;0.99999;0.99999;0.99999
k79_46136	2157;28890;183925;2158;2159;2172;2173;420247	1.0;1.0;1.0;1.0;1.0;1.0;1.0;1.0
k79_58434	2157;28890;183925;2158;2159;2172;2173;420247	1.0;1.0;1.0;1.0;1.0;1.0;1.0;1.0
k79_9530	2759;7711;40674;9443;9604;9605;9606	0.93437;0.93437;0.93437;0.93437;0.93437;0.93437;0.93437
k79_33263	2;1239;526524;526525;2810280;2678885;1982626	0.99982;0.99979;0.9997;0.9997;0.99924;0.9992;0.9992
k79_58435	2;976;200643;171549;815;816;477666	1.0;0.99999;0.99999;0.99999;0.99999;0.99999;0.9865
k79_9532	2;1239;186801;3085636;186803;33042;410072	1.0;0.99999;0.99997;0.99996;0.99996;0.99667;0.99667
k79_94054	2;1239;186801;3085636;186803;2316020;33039;657313	1.0;1.0;1.0;0.99987;0.99987;0.99915;0.99915;0.99915
k79_70135	2;976;200643;171549;815;909656;821	1.0;1.0;1.0;1.0;0.99999;0.96946;0.96946
k79_21831	2;976;200643;171549;815;816;820;997890	1.0;1.0;1.0;1.0;1.0;1.0;1.0;1.0
k79_82406	2;976;200643;171549;2005473;2518495;2518971	1.0;1.0;1.0;1.0;0.99991;0.99991;0.99991
k79_70138	2;1239;186801;3085636;186803;1766253;39491;657317	1.0;1.0;1.0;1.0;1.0;1.0;1.0;0.9998
k79_58444	2;976;200643;171549;815;909656;387090	1.0;1.0;1.0;1.0;0.99987;0.99976;0.99894
k79_9537	2;1239;186801;186802;216572;216851;411483	1.0;0.99995;0.99939;0.99938;0.99937;0.99926;0.99926
k79_94058	2;29547;3031852;213849;72294;194;197	1.0;0.99905;0.99905;0.99905;0.99905;0.99905;0.99905
k79_82408	2;1239;186801;186802;31979;1485;1497	0.99968;0.99878;0.91184;0.89094;0.89084;0.89084;0.88771
k79_9542	2;1239;186801;3085636;186803;572511;89014	1.0;1.0;1.0;1.0;1.0;1.0;0.87103
k79_58453	2;1239;186801;3085636;186803;572511;89014	1.0;0.99997;0.99995;0.99993;0.99993;0.99955;0.99953
k79_58454	2;1239;186801;3085636;186803;572511;418240;1121115	1.0;1.0;1.0;1.0;1.0;1.0;1.0;1.0
k79_58456	2;1239;186801;3085636;186803;572511;418240;1121115	1.0;1.0;1.0;1.0;1.0;1.0;0.99997;0.99997
k79_70150	2;200940;3031651;3031668;213422;2651583;2740185	1.0;0.71135;0.70862;0.70862;0.70862;0.70862;0.70862
k79_82423	2;976;200643;171549;2005525;375288;2685834	1.0;1.0;1.0;1.0;0.99998;0.99998;0.99997
k79_70151	2;1239;526524;526525;2810280;2678885;1982626	1.0;1.0;0.99999;0.99999;0.99999;0.99999;0.99999
k79_70152	2;1239;186801;186802;216572;1263;2608920	0.99993;0.99984;0.99983;0.99942;0.9994;0.9994;0.99932
k79_21854	2;1239;186801;3085636;186803;841;301301	1.0;1.0;1.0;1.0;1.0;1.0;1.0
k79_94083	2;1239;186801;3085636;186803;841;166486;657315	1.0;0.99997;0.99997;0.99159;0.99159;0.99143;0.99141;0.99141
k79_9548	2;976;200643;171549;815;816;820;997890	1.0;1.0;1.0;1.0;0.99988;0.99908;0.99838;0.99838
k79_70153	2;1239;186801;186802;216572;2892396;2714355	1.0;0.99999;0.99999;0.99998;0.99998;0.99995;0.99995
k79_46167	2157;28890;183925;2158;2159;2172;2173;420247	1.0;1.0;1.0;1.0;1.0;1.0;1.0;1.0
k79_21856	2;1239;186801;3085636;186803;33042;410072	1.0;1.0;1.0;1.0;1.0;0.99999;0.99999
k79_82427	2;201174;1760;85011;2062;1883;2975712	1.0;0.99834;0.99834;0.99834;0.99834;0.99834;0.99834
k79_21858	2;1239;186801;3085636;186803;2316020;46228;471875	1.0;1.0;1.0;1.0;1.0;1.0;1.0;1.0
k79_33299	2;976;200643;171549;1853231;574697;2093856	1.0;0.99997;0.99997;0.99997;0.99954;0.99954;0.99954
k79_70157	2;976;200643;171549;815;816;820;997890	1.0;1.0;1.0;1.0;1.0;1.0;1.0;1.0
k79_9558	131567	0.99996
k79_58467	2;1239;186801;186802;216572;216851;853;718252	1.0;0.99986;0.99951;0.98949;0.94783;0.80138;0.74859;0.72965
k79_33300	2;1239;186801;3085636;186803;1766253;39491;657318	1.0;0.99996;0.99993;0.99992;0.99992;0.90395;0.90395;0.62461
k79_70158	2;1239;186801;186802;216572;1263;1161942	0.99999;0.92388;0.88112;0.88036;0.86784;0.67565;0.67437
k79_94098	2;1239;186801;3085636;186803;1766253;39491;657317	0.99978;0.99976;0.99889;0.9986;0.9986;0.90382;0.90382;0.8986
k79_82434	2;1239;186801;186802;216572;1263;2608920	1.0;1.0;1.0;1.0;1.0;1.0;1.0
k79_58470	2;1239;186801;3085636;186803;1766253;39491;657318	0.99999;0.99998;0.99997;0.99996;0.99996;0.99933;0.99933;0.99911
k79_21862	2;1239;909932;1843488;909930;33024;33025	0.99999;0.99999;0.99999;0.99999;0.99999;0.99999;0.99999
k79_33304	2;1239;186801;186802;216572;1263;2608920	1.0;1.0;1.0;1.0;1.0;0.99998;0.99998
k79_46184	2;1239;186801;3085636;186803;572511;418240;1121115	1.0;1.0;1.0;1.0;1.0;0.99981;0.99981;0.99981
k79_58471	2;1239;186801;3085636;186803;28050;39485;515620	0.59091;0.57112;0.56982;0.56802;0.56802;0.53336;0.53336;0.53336
k79_21864	2;976;117743;200644;49546;225842;2686363	1.0;0.99999;0.99999;0.99999;0.99999;0.99999;0.99999
k79_9572	2;1239;186801;186802;216572;1263;657323	1.0;0.98104;0.96321;0.71172;0.71171;0.7106;0.71059
k79_21866	2;976;200643;171549;815;909656;387090	0.99986;0.99981;0.99979;0.99979;0.99976;0.99869;0.99868
k79_9575	2;976;200643;171549;815;816;820;997890	1.0;0.99999;0.99999;0.99999;0.99999;0.99999;0.99998;0.99998
k79_46193	2;1239;186801;3085636;186803;1766253;39491;657317	1.0;1.0;1.0;1.0;1.0;1.0;1.0;0.86692
k79_82451	2;976;200643;171549;815;816;28116	1.0;1.0;1.0;1.0;1.0;1.0;0.99999
k79_9581	2;976;200643;171549;815;816;820;997890	1.0;1.0;1.0;1.0;1.0;1.0;0.99954;0.99954
k79_21881	2;1239;186801;186802;216572	0.99923;0.70286;0.55517;0.53396;0.53339
k79_82461	2;976;200643;171549;815;909656;376805;667015	1.0;0.99998;0.99998;0.99998;0.99998;0.99952;0.99949;0.99949
k79_70189	2;976;200643;171549;815;816;818	1.0;0.99995;0.99995;0.99995;0.99995;0.99995;0.99995
k79_46212	2;1239;186801;3085636;186803;189330;88431	1.0;0.99998;0.99998;0.99987;0.99987;0.9985;0.9985
k79_58501	2;1239	1.0;0.57535
k79_82466	2;1239;186801;186802;216572;1263;2564099	1.0;1.0;1.0;0.99984;0.99984;0.99984;0.99978
k79_33348	2;1239;186801;3085636;186803;2316020;46228;471875	1.0;1.0;1.0;1.0;1.0;1.0;1.0;1.0
k79_70197	2;976;200643;171549;815;816;817;295405	1.0;1.0;1.0;1.0;1.0;1.0;1.0;1.0
k79_46223	2;1239;186801;186802;216572;2892396;2714353	0.99963;0.99906;0.98937;0.98927;0.98822;0.87086;0.82558
k79_21893	131567	0.99837
k79_9608	2;976;200643;171549;815;816;820;997890	1.0;1.0;1.0;1.0;1.0;1.0;1.0;1.0
k79_70201	2;976;200643;171549;815;909656;821	1.0;1.0;1.0;1.0;0.99961;0.99955;0.99903
k79_21897	2;1239;186801;3085636;186803;572511;418240;1121115	1.0;1.0;1.0;1.0;1.0;1.0;1.0;1.0
k79_70202	2;976;200643;171549;815;816;291645	0.99731;0.99608;0.97035;0.97031;0.9622;0.96049;0.74388
k79_58508	2;1239;186801;3085636;186803;572511;418240;1121115	1.0;1.0;1.0;1.0;1.0;1.0;1.0;1.0
k79_70204	2;1239;186801;3085636;186803;207244;649756;649757	0.99991;0.99915;0.94307;0.94306;0.94306;0.94305;0.94305;0.94305
k79_21907	2;1239;186801;3085636;186803;28050;39485;515620	1.0;1.0;1.0;1.0;1.0;1.0;1.0;1.0
k79_70205	2;976;117743;200644;49546;237;986;376686	1.0;1.0;1.0;1.0;1.0;1.0;1.0;1.0
k79_46236	2157;28890;183925;2158;2159;2172;2173;420247	0.99998;0.99998;0.99998;0.99998;0.99998;0.99998;0.99873;0.99873
k79_33372	2;74201;203494;48461;1647988;239934;239935	1.0;0.99941;0.99941;0.99941;0.99941;0.99941;0.99941
k79_58516	2;1239;186801;3085636;186803;1766253;39491;657318	1.0;1.0;1.0;1.0;1.0;0.99996;0.99996;0.99951
k79_9629	2759;7711;40674;9443;9604;9605;9606	0.94257;0.94257;0.94257;0.94257;0.94257;0.94257;0.94257
k79_94138	2;1239;186801;3085636;186803;33042;410072	1.0;1.0;1.0;1.0;1.0;0.99929;0.99929
k79_70216	2;976;200643;171549;815;909656;357276;997877	0.99999;0.9907;0.9907;0.9907;0.80818;0.79885;0.79884;0.79884
k79_82506	2;1239;186801;186802;216572;2892396;2714355	0.99986;0.81374;0.81289;0.81155;0.79562;0.5392;0.5391
k79_21925	2;74201;203494;48461;1647988;239934;239935	1.0;1.0;1.0;1.0;1.0;1.0;1.0
k79_70222	2;976;200643;171549;815;909656;376805;667015	1.0;0.93632;0.93632;0.93632;0.93619;0.93608;0.93595;0.93595
k79_46249	2;1239;186801;186802;216572;292632;214851	0.99995;0.83995;0.83454;0.82943;0.82716;0.82488;0.82488
k79_21929	2;1239;186801;3085636;186803;2569097;39488	1.0;1.0;1.0;1.0;1.0;0.99996;0.99996
k79_46251	2;976;200643;171549;2005525;375288;823;999416	1.0;0.99982;0.99982;0.99982;0.99982;0.99982;0.99982;0.99982
k79_70223	2;976;200643;171549;815;816;817;862962	0.99999;0.99997;0.99997;0.99997;0.99995;0.99992;0.99968;0.9994
k79_9644	2;976;200643;171549;815;816;820;997890	1.0;1.0;1.0;1.0;0.99999;0.99999;0.99978;0.99978
k79_70225	2;1239;186801;186802;31979;1485;1501;86416	1.0;0.99194;0.67883;0.6788;0.6788;0.6788;0.66704;0.66704
k79_33394	2;1239;186801;3085636;186803;841;166486;718255	0.99987;0.99985;0.99982;0.99981;0.99981;0.99972;0.99962;0.99943
k79_21936	2;1239;186801;3085636;186803;33042;410072	1.0;1.0;1.0;1.0;1.0;0.99989;0.99989
k79_58529	2157;28890;183925;2158;2159;2172;2173;420247	1.0;1.0;1.0;1.0;1.0;1.0;1.0;1.0
k79_70227	2;1239;909932;1843488;909930;33024;33025	0.99752;0.99703;0.99675;0.99675;0.99675;0.99675;0.99675
k79_21942	2;1224;28211;3120395;433;320496;320497	1.0;0.99998;0.99998;0.99998;0.99998;0.99998;0.99998
k79_82531	2157;28890;183925;2158;2159;2172;2173;420247	1.0;1.0;1.0;1.0;1.0;1.0;1.0;1.0
k79_58537	2;976;200643;171549;815;816;820;997890	1.0;1.0;1.0;1.0;1.0;1.0;1.0;1.0
k79_70232	2;1239;186801;3085636;186803;2316020;33039;657313	1.0;1.0;1.0;1.0;1.0;0.99993;0.99993;0.99993
k79_9652	2759;7711;40674;9443;9604;9605;9606	0.85948;0.85948;0.85948;0.85948;0.85948;0.85948;0.85948
k79_21945	2;1239;186801;3085636;186803;1766253;39491;657317	1.0;0.99996;0.99996;0.99995;0.99995;0.9998;0.9998;0.98744
k79_82535	2;976;200643;171549;815;816;162156	1.0;1.0;1.0;0.99999;0.99999;0.99995;0.99906
k79_46260	2;976;200643;171549;815;816;820;997890	1.0;1.0;1.0;1.0;1.0;1.0;1.0;1.0
k79_58540	2;976;200643;171549;815;816;291644	1.0;0.99999;0.99999;0.99999;0.99999;0.9999;0.99983
k79_21947	2;976;200643;171549;815;816;674529	1.0;0.99999;0.99999;0.99999;0.99995;0.99989;0.99909
k79_94169	2;976;200643;171549;815;816;820;997890	1.0;1.0;1.0;1.0;1.0;1.0;1.0;1.0
k79_58545	2;976;200643;171549;815;816;820;997890	1.0;1.0;1.0;1.0;1.0;1.0;0.99996;0.99996
k79_70237	2;1239;186801;186802;216572;1263;2608920	0.99996;0.99995;0.99995;0.99992;0.99992;0.99006;0.98894
k79_94171	2;1239;186801;186802;216572;216851;853;718252	1.0;1.0;1.0;0.99996;0.99996;0.99996;0.99988;0.99988
k79_21952	2;1239;186801;3085636;186803;207244;649756;649757	1.0;0.99999;0.99998;0.99996;0.99996;0.68625;0.68625;0.68625
k79_82537	2;1239;186801;186802;216572;1263;2608920	1.0;0.99999;0.99999;0.99996;0.99991;0.99991;0.99991
k79_9657	2;976;200643;171549;815;816	1.0;1.0;0.99996;0.99996;0.99995;0.66862
k79_33395	2;1239;186801;186802;216572;2892396;2714355	1.0;1.0;1.0;1.0;1.0;0.99998;0.99998
k79_58558	2157;28890;183925;2158;2159;2172;2173;420247	1.0;1.0;1.0;1.0;1.0;1.0;1.0;1.0
k79_46277	2;976;200643;171549;815;816;820;997890	1.0;1.0;1.0;1.0;1.0;1.0;0.99956;0.99956
k79_58560	2;1239;526524;526525;2810280;2678885;1982626	1.0;1.0;0.99999;0.99999;0.99999;0.99999;0.99999
k79_21969	2;1239;909932;1843488;909930;33024;33025	1.0;0.99949;0.99947;0.99947;0.99947;0.99947;0.99947
k79_33400	2;1239;186801;3085636;186803;33042;33043	1.0;1.0;1.0;0.99999;0.99999;0.99982;0.99982
k79_94174	2;976;200643;171549;2005525;375288;823;999416	1.0;0.90408;0.90408;0.90408;0.82749;0.82749;0.82749;0.82749
k79_58567	2;1239;186801;186802;216572;1263;1160721	1.0;1.0;0.99999;0.99998;0.99998;0.99998;0.99998
k79_82545	2;976;200643;171549;815;816;820;997890	1.0;1.0;1.0;1.0;1.0;1.0;1.0;1.0
k79_21978	2;1224;1236;2887326;468;469;1530123	1.0;0.99998;0.99998;0.99998;0.99998;0.99998;0.99998
k79_94177	2;976;200643;171549;815;816;820;997890	1.0;1.0;1.0;1.0;1.0;1.0;1.0;1.0
k79_82552	2;1239;186801;186802;216572;216851;411483	1.0;0.76157;0.76155;0.74899;0.74842;0.74804;0.63344
k79_9691	2;1239;91061;1385;186817;1386;1839798	0.99944;0.96912;0.7257;0.72533;0.70356;0.70346;0.69836
k79_21990	2;1117;3028117;3079744;1890429;155977;155978;329726	1.0;0.99997;0.99997;0.99997;0.99997;0.99997;0.99997;0.99997
k79_94186	2;976;200643;171549;815;816;820;997890	1.0;1.0;1.0;1.0;1.0;1.0;1.0;1.0
k79_58586	2;1239;186801;186802;216572;1263;1161942	1.0;1.0;1.0;1.0;1.0;1.0;1.0
k79_9698	2;976;200643;171549;815;816;371601;657309	1.0;0.99999;0.99999;0.99999;0.99998;0.99998;0.99875;0.99875
k79_33411	2;1239;186801;3085636;186803;1506553;1871021	1.0;0.99999;0.99994;0.99993;0.99993;0.99981;0.99981
k79_21992	2157;28890;183925;2158;2159;2172;2173;420247	1.0;1.0;1.0;1.0;1.0;1.0;1.0;1.0
k79_33417	2;1239;186801;3085636;186803;1766253;39491;657317	1.0;1.0;1.0;1.0;1.0;0.99987;0.99987;0.99847
k79_58593	2;1239;909932;1843489;31977;29465;39778	1.0;0.99994;0.99994;0.99994;0.99994;0.99994;0.99994
k79_58595	2;1239;186801;3082720;186804;1501226;2724150	1.0;1.0;0.99935;0.99854;0.99854;0.99854;0.99854
k79_82572	2;1239;186801;3085636;186803;1766253;39491;657318	1.0;0.99999;0.99998;0.99997;0.99997;0.99997;0.99997;0.99674
k79_33425	2;1239;186801;3085636;186803;33042;410072	1.0;1.0;1.0;1.0;1.0;0.9997;0.9997
k79_46303	2;1239;909932;909929;1843491;970;69823;546271	1.0;1.0;0.99999;0.99999;0.99999;0.99999;0.99999;0.99999
k79_9718	2;1239;526524;526525;2810280;2678885;1982626	1.0;1.0;1.0;1.0;1.0;1.0;1.0
k79_33426	2;1239;186801;3085636;186803;189330;39486	1.0;0.99998;0.99998;0.99995;0.99995;0.8483;0.84781
k79_22013	2;1239;186801;186802;216572;1263;657323	1.0;0.99999;0.99999;0.9994;0.9994;0.9994;0.9994
k79_70271	2;976;200643;171549;815;816;818	1.0;1.0;1.0;1.0;1.0;0.99979;0.99945
k79_58606	2;1239;186801;3085636;186803;2316020;46228;471875	1.0;1.0;1.0;1.0;1.0;0.99996;0.99995;0.99995
k79_58608	2;1239;186801;3085636;186803;207244;649756;649757	1.0;1.0;1.0;1.0;1.0;1.0;1.0;1.0
k79_33431	2;1239;186801;3085636;186803;572511;2479767	1.0;0.99711;0.99559;0.99556;0.99556;0.99326;0.94556
k79_9730	2;976;200643;171549;815;816;820;997890	1.0;1.0;1.0;1.0;1.0;1.0;0.99996;0.99996
k79_46320	2;976;200643;171549;815;816;820;997890	1.0;1.0;1.0;1.0;1.0;1.0;0.99993;0.99993
k79_9731	2;976;200643;171549;815;816;28111	0.99998;0.95178;0.95031;0.95031;0.71747;0.70921;0.70803
k79_70283	2;1239	0.99832;0.60748
k79_22019	2157;28890;183925;2158;2159;2172;2173;420247	0.99998;0.99998;0.99998;0.99998;0.99998;0.99998;0.99998;0.99998
k79_70284	2;1239;909932;1843488;909930;33024;2823317	1.0;1.0;0.99999;0.99999;0.99999;0.99999;0.99999
k79_82590	2;1239;186801;186802;216572;1263;2608920	1.0;1.0;0.99997;0.99997;0.99997;0.99997;0.99181
k79_33446	2;976;200643;171549;815;909656;821	1.0;0.99994;0.99989;0.9998;0.99823;0.96532;0.85569
k79_9744	2;976;200643;171549;815;909656;357276;997877	1.0;1.0;1.0;1.0;0.99999;0.99998;0.99976;0.99976
k79_82593	2;1239;186801;3085636;186803;1766253;39491;657318	0.99998;0.99998;0.99997;0.99994;0.99994;0.99971;0.99971;0.99862
k79_9745	2;1239;526524;526525;2810280;2678885;1982626	1.0;1.0;1.0;1.0;1.0;1.0;1.0
k79_70298	2157;28890;183925;2158;2159;2172;2173;420247	1.0;1.0;1.0;1.0;1.0;1.0;1.0;1.0
k79_33456	2;1239;186801;186802;216572;1263;2608920	0.99912;0.99657;0.99638;0.98063;0.98002;0.97987;0.97856
k79_70301	2;1239;186801;3085636;186803;572511;418240;1121115	1.0;1.0;1.0;1.0;1.0;1.0;1.0;1.0
k79_58644	2;976;200643;171549;815;909656;821	1.0;1.0;1.0;1.0;1.0;1.0;1.0
k79_22031	2;1239;186801;3085636;186803;189330;39486	1.0;1.0;1.0;1.0;1.0;0.99994;0.99994
k79_33464	2157;28890;183925;2158;2159;2172;230361	0.99986;0.99986;0.99986;0.99986;0.99986;0.99986;0.99985
k79_70312	2;976;200643;171549;815;816;820;997890	1.0;1.0;1.0;1.0;1.0;1.0;0.99994;0.99994
k79_33465	2;1239;526524;526525;2810280;2678885;1982626	1.0;1.0;1.0;1.0;1.0;1.0;1.0
k79_9764	2157;28890;183925;2158;2159;2172;2870563	1.0;1.0;1.0;1.0;1.0;1.0;0.99949
k79_70318	2157;28890;183925;2158;2159;2172;2173;420247	1.0;1.0;1.0;1.0;1.0;1.0;1.0;1.0
k79_82608	2;1239;186801;186802;216572;1263;2608920	1.0;0.99999;0.99998;0.99991;0.9996;0.99959;0.99824
k79_9771	2;1239;526524;526525;2810280;2678885;1982626	1.0;1.0;1.0;1.0;1.0;1.0;1.0
k79_33474	2;976;200643;171549;815;816;820;997890	1.0;1.0;1.0;1.0;0.99997;0.99985;0.99946;0.99946
k79_70328	2;1239;526524;526525;2810280;2678885;1982626	0.99999;0.9999;0.9884;0.9884;0.9884;0.9884;0.9884
k79_9774	2;976;200643;171549;815;816;371601;657309	1.0;0.99998;0.99998;0.99998;0.99997;0.99997;0.99995;0.99995
k79_9779	2;976;200643;171549;815;816;820;997890	1.0;1.0;1.0;1.0;1.0;1.0;1.0;1.0
k79_70339	2;1239;186801;3085636;186803;572511;418240;1121115	0.98504;0.94802;0.90462;0.90346;0.90346;0.66763;0.66763;0.66763
k79_46350	2;1239;186801;3085636;186803;572511;2479767	1.0;1.0;1.0;1.0;1.0;1.0;1.0
k79_33487	2;1239;186801;3085636;186803;841;2763062	1.0;1.0;1.0;0.99906;0.99906;0.99725;0.85694
k79_9783	2;1239;526524;526525;2810280;2678885;1982626	1.0;1.0;1.0;1.0;1.0;1.0;1.0
k79_58687	2;976;200643;171549;171552;2974251;165179	1.0;1.0;1.0;1.0;0.99999;0.99999;0.99999
k79_22060	2;976;200643;171549;815;816;820;997890	1.0;1.0;1.0;1.0;1.0;1.0;0.99998;0.99998
k79_70344	2;1239;526524;526525;2810280;2678885;1982626	1.0;0.99996;0.99994;0.99994;0.99993;0.99993;0.99993
k79_33490	2;976;200643;171549;815;816;2763022	1.0;1.0;1.0;1.0;1.0;1.0;1.0
k79_82612	2;1224;28216;80840;119060;2571159;417203	1.0;1.0;1.0;1.0;1.0;1.0;1.0
k79_46358	2;1239;526524;526525;2810280;2678885;1982626	1.0;0.99999;0.99998;0.99998;0.99857;0.99857;0.99857
k79_9793	2;1239;909932;1843488;909930;33024;33025	1.0;1.0;1.0;1.0;1.0;1.0;1.0
k79_82613	2;1239;186801;3085636;186803;2888809;2068655	1.0;0.93805;0.93638;0.54721;0.54721;0.54719;0.54719
k79_33505	2;1239;186801;3085636;186803;1766253;39491;657317	1.0;1.0;1.0;1.0;1.0;1.0;1.0;0.99502
k79_70364	2;1239;186801;3085636;186803;841;301301	0.99997;0.99958;0.99952;0.99947;0.99947;0.99913;0.99881
k79_9798	2;1239;526524;526525;2810280;2678885;1982626	1.0;1.0;1.0;1.0;1.0;1.0;1.0
k79_33514	2;1239;186801;3085636;186803;1766253;39491;657318	1.0;0.99998;0.99998;0.99997;0.99997;0.9999;0.9999;0.63766
k79_58701	2;976;200643;171549;815;816;820;997890	1.0;0.99998;0.99997;0.99997;0.99992;0.9999;0.98561;0.98561
k79_33516	2;1239;186801;3085636;186803;2316020;33039;657313	1.0;0.99999;0.99999;0.99975;0.99975;0.99931;0.99931;0.99931
k79_9803	2;976;200643;171549;815;816;46506;449673	1.0;1.0;1.0;1.0;1.0;0.99992;0.99874;0.99874
k79_82624	2;976;200643;171549;815;909656;387090	1.0;1.0;1.0;1.0;1.0;0.99999;0.99999
k79_58704	2;1239;186801;3085636;186803;572511;2877527	1.0;0.99999;0.99998;0.99983;0.99983;0.99983;0.99983
k79_82629	2;1239;186801;3085636;186803;33042;410072	0.98786;0.98343;0.98298;0.90109;0.90109;0.64366;0.64366
k79_9816	2;1239;186801;3085636;186803;2316020;46228;471875	1.0;1.0;1.0;1.0;1.0;1.0;1.0;1.0
k79_58711	2;1239;91061;186826;33958;1578;1604	0.99857;0.81359;0.5322;0.51783;0.51779;0.51774;0.51774
k79_70379	2;1239;186801;186802;216572;1263;2608920	1.0;1.0;1.0;0.99999;0.99999;0.99999;0.99999
k79_82639	2157;28890;183925;2158;2159;2172;2173;420247	1.0;1.0;1.0;1.0;1.0;1.0;1.0;1.0
k79_33540	2;976;200643;171549;815;816;820;997890	1.0;1.0;1.0;1.0;1.0;1.0;1.0;1.0
k79_33542	2;976;200643;171549;815;816;820;997890	1.0;0.99999;0.99999;0.99999;0.99998;0.99998;0.99994;0.99994
k79_9828	2;976;200643;171549;815;816;820;997890	1.0;1.0;1.0;1.0;1.0;1.0;1.0;1.0
k79_46402	2;1239;186801;3085636;186803	0.9999;0.99563;0.99112;0.96592;0.96592
k79_9833	2;1239;186801;186802;216572;1263;2608920	1.0;0.99965;0.98108;0.98045;0.98045;0.98038;0.98033
k79_82648	2;1239;91061;186826;1300;1301;315405	1.0;1.0;1.0;1.0;1.0;1.0;1.0
k79_82653	2;1239;186801;3085636;186803;33042;410072	0.99964;0.99871;0.99861;0.99857;0.99857;0.77238;0.77238
k79_33558	2;1239;186801;3085636;186803	0.99979;0.97971;0.53696;0.51155;0.51155
k79_46407	2157;28890;183925;2158;2159;2172;2173;420247	1.0;1.0;1.0;1.0;1.0;1.0;1.0;1.0
k79_9843	2157;28890;183925;2158;2159;2172;2173;420247	1.0;1.0;1.0;1.0;1.0;1.0;1.0;1.0
k79_82658	2;1239;186801;3085636;186803	1.0;0.99957;0.9995;0.9983;0.9983
k79_82663	2;1239;186801;3085636;186803;1766253;39491;657317	1.0;1.0;1.0;0.99999;0.99999;0.97282;0.97282;0.94625
k79_46420	2;1239;186801;186802;216572;1263;2608920	0.99944;0.82696;0.8107;0.78692;0.78613;0.76637;0.71857
k79_33567	2;1239;186801;186802;216572;1263;2608920	1.0;0.79041;0.72916;0.72897;0.72896;0.72894;0.72873
k79_58731	2;976;200643;171549;815;816	0.99865;0.96195;0.95965;0.95965;0.52133;0.52126
k79_33569	2;1239;186801;3085636;186803;1506553;1871021	1.0;1.0;1.0;1.0;1.0;1.0;1.0
k79_82668	2157;28890;183925;2158;2159;2172;2173;420247	1.0;1.0;1.0;1.0;1.0;1.0;0.99999;0.99999
k79_9860	2;976;200643;171549;815;816;820;997890	1.0;1.0;1.0;1.0;1.0;1.0;1.0;1.0
k79_33572	2;976;200643;171549;2005525;375288;328812	1.0;1.0;1.0;1.0;1.0;1.0;1.0
k79_22119	2;976;200643;171549;815;816;820;997890	1.0;0.9995;0.99949;0.99949;0.99923;0.99768;0.93254;0.93254
k79_82678	2;1297;188787;118964;183710;1298;310783;546414	1.0;1.0;1.0;1.0;1.0;1.0;1.0;1.0
k79_46424	2;1239;186801;3085636;186803;572511;418240;1121115	1.0;1.0;1.0;1.0;1.0;1.0;1.0;1.0
k79_58748	2;1239;186801;3085636;186803;2316020;46228;471875	1.0;1.0;1.0;1.0;1.0;1.0;1.0;1.0
k79_33584	2157;28890;224756;94695;2206;2220;536044	0.99999;0.99999;0.99999;0.99999;0.99999;0.99999;0.99999
k79_82682	2;976;200643;171549;815;816;820;997890	1.0;1.0;1.0;1.0;1.0;1.0;1.0;1.0
k79_94242	2;1239;186801;186802;216572;1263;2608920	0.99901;0.99899;0.99899;0.99897;0.99894;0.99886;0.98662
k79_46437	2;1239;186801;3085636;186803	0.9994;0.70415;0.61424;0.59499;0.59499
k79_33592	2;1239;91061;1385;186822;44249;1763538	0.99999;0.81512;0.80909;0.80908;0.809;0.809;0.80899
k79_94250	2;1239;526524;526525;2810280;2678885;1982626	1.0;1.0;1.0;1.0;1.0;1.0;1.0
k79_22123	2;976;200643;171549;815;816;820;997890	1.0;1.0;1.0;1.0;1.0;1.0;1.0;1.0
k79_94251	2;976;200643;171549;815;816;246787	0.99999;0.94404;0.94403;0.94403;0.88423;0.87995;0.81999
k79_33598	2;1239;186801;186802;216572;216851;2929490	1.0;1.0;1.0;0.99976;0.99976;0.99949;0.99948
k79_9874	2;1239;186801;186802;216572;1263;2608920	1.0;0.99946;0.99945;0.99934;0.99682;0.9968;0.9761
k79_58777	2;976;200643;171549;815;816;820;997890	1.0;1.0;1.0;1.0;1.0;1.0;1.0;1.0
k79_70414	2157;28890;183925;2158;2159;2172;2173;420247	1.0;1.0;1.0;1.0;1.0;1.0;0.99997;0.99997
k79_33600	2;976;200643;171549;2005519;397864;397865;880074	1.0;1.0;1.0;1.0;1.0;1.0;1.0;1.0
k79_9878	2;1239;186801;3085636;186803;207244;649756;649757	1.0;1.0;1.0;1.0;1.0;1.0;1.0;1.0
k79_58778	2;1239;186801;3085636;186803;572511;418240;1121115	1.0;1.0;1.0;1.0;1.0;1.0;1.0;1.0
k79_22131	2;1239;186801;3085636;186803;2316020	0.99986;0.86668;0.8644;0.82548;0.82548;0.68248
k79_82700	2157;28890;183925;2158;2159;2172;2173;420247	1.0;1.0;1.0;1.0;1.0;1.0;0.99993;0.99993
k79_58781	2;1239;186801;3085636;186803;830;831	1.0;1.0;1.0;0.99965;0.99965;0.99965;0.99965
k79_9886	2;1239;186801;3085636;186803;1766253;39491;657318	1.0;1.0;1.0;1.0;1.0;1.0;1.0;0.99998
k79_94261	2;1239;186801;3085636;186803;841;166486;657315	1.0;1.0;0.99999;0.99999;0.99999;0.99997;0.99996;0.53087
k79_82706	2759;7711;40674;9443;9604;9605;9606	0.99879;0.99879;0.99879;0.99879;0.99879;0.99879;0.99879
k79_94263	2;1239;186801;186802;216572;2591381;2093857	0.99996;0.99684;0.99367;0.84118;0.84094;0.77104;0.77104
k79_22144	2157;28890;183925;2158;2159;2172;2173;420247	1.0;1.0;1.0;1.0;1.0;1.0;1.0;1.0
k79_70435	2;1239;186801;186802;216572;216851;853;718252	1.0;0.99995;0.99974;0.9997;0.9997;0.99965;0.99954;0.99954
k79_82713	2;1239;909932;1843488;909930;33024;33025	0.99999;0.99999;0.99999;0.99999;0.99999;0.99999;0.99999
k79_9905	2;976;200643;171549;815;909656;821	1.0;0.95233;0.95215;0.95215;0.91705;0.87501;0.87447
k79_58803	2;1224;1236;91347;1903414;583;585	1.0;1.0;1.0;1.0;1.0;1.0;1.0
k79_58804	2;976;200643;171549;815;909656;821	1.0;1.0;1.0;1.0;1.0;0.99999;0.99999
k79_9911	2;1239;186801;186802;216572;1263;2608920	0.99218;0.98547;0.98486;0.98462;0.88956;0.88944;0.88935
k79_58812	2;1239;186801;3085636;186803;1766253;39491;657317	1.0;0.99949;0.99949;0.99948;0.99948;0.99544;0.99544;0.91613
k79_82736	2;1239;186801;3085636;186803;841;2763062	1.0;1.0;1.0;1.0;1.0;0.9998;0.99979
k79_46459	2;1239;526524;526525;2810280;2678885;1982626	1.0;1.0;1.0;1.0;1.0;1.0;1.0
k79_9920	2;976;200643;171549;815;909656;357276;997877	1.0;1.0;1.0;1.0;1.0;1.0;0.99993;0.99993
k79_70464	2157;28890;183925;2158;2159;2172;2173;420247	0.99999;0.99999;0.99999;0.99999;0.99999;0.99999;0.99999;0.99999
k79_58817	2;976;200643;171549;815;816;820;997890	1.0;1.0;1.0;1.0;1.0;1.0;0.99997;0.99997
k79_46465	2;1239;186801;3085636;186803;207244;649756;649757	1.0;1.0;0.99998;0.99998;0.99998;0.99998;0.99998;0.99998
k79_33625	2;976;200643;171549;171552;2974251;2518605	1.0;0.99999;0.99999;0.99999;0.99985;0.99985;0.99985
k79_94281	2;976;200643;171549;815;816;820;997890	1.0;1.0;1.0;1.0;1.0;1.0;0.99997;0.99997
k79_33631	2;1239;186801;3085636;186803;2316020;46228;471875	1.0;1.0;1.0;1.0;1.0;0.99999;0.99996;0.99996
k79_9930	2;1239;186801;3085636;186803;2569097;39488	1.0;1.0;1.0;1.0;1.0;0.99962;0.99962
k79_94283	2;1239;186801;3085636;186803;207244;649756;649757	0.99932;0.99815;0.93055;0.92998;0.92998;0.91974;0.91974;0.91974
k79_70478	2;1239;186801;3085636;186803;1766253;39491;657317	1.0;1.0;1.0;1.0;1.0;1.0;1.0;0.99698
k79_22169	2;1239;526524;526525;2810280;2678885;1982626	1.0;1.0;1.0;1.0;0.99999;0.99999;0.99999
k79_58827	2;1239;186801;3085636;186803;1766253;39491;657317	1.0;1.0;1.0;1.0;1.0;1.0;1.0;1.0
k79_82754	2;976;200643;171549;2005525;375288;823;999416	1.0;0.99999;0.99999;0.99999;0.99998;0.99998;0.99998;0.99998
k79_70487	2;1239;186801;3085636;186803;189330;88431	1.0;1.0;1.0;1.0;1.0;0.99965;0.99965
k79_9950	2;1239;526524;526525;2810280;2678885;1982626	0.99946;0.99926;0.99625;0.99625;0.99618;0.99618;0.99618
k79_9953	2;201174;1760;85006;85023;881616;2905871	1.0;0.99998;0.99998;0.99998;0.99998;0.99998;0.99998
k79_22172	2;1239;186801;186802;216572;1263;2608920	0.99997;0.99969;0.99874;0.99873;0.99869;0.99869;0.99867
k79_82771	2;1239;186801;186802;216572;2591381;2093857	1.0;0.99998;0.99997;0.99994;0.99994;0.99977;0.99977
k79_22174	2157;28890;183925;2158;2159;2172;2870563	1.0;1.0;1.0;1.0;1.0;1.0;0.99996
k79_9966	2;1239;186801;3085636;186803;2316020;46228;471875	0.99999;0.99872;0.99369;0.99222;0.99222;0.9539;0.91608;0.91608
k79_46485	2;1239;186801;3085636;186803;2316020;33039;657313	1.0;1.0;1.0;1.0;1.0;0.99995;0.99994;0.99994
k79_94289	2;976;200643;171549;815;816;47678;997873	1.0;1.0;1.0;1.0;1.0;0.99999;0.99966;0.99966
k79_33637	2;1239;186801;186802;216572;1263;2608920	1.0;1.0;1.0;0.99999;0.99999;0.99999;0.99999
k79_82781	2;1239;186801;3085636;186803;2316020;46228;471875	1.0;1.0;1.0;1.0;1.0;1.0;1.0;1.0
k79_9973	2;1239;909932;1843488;909930;33024;33025	1.0;1.0;1.0;1.0;1.0;1.0;1.0
k79_70518	2;1239;186801;3085636;186803;2316020;46228;471875	1.0;1.0;1.0;1.0;1.0;0.99999;0.99998;0.99998
k79_82782	2;1239;186801;3085636;186803;1766253;39491;657318	1.0;1.0;1.0;1.0;1.0;0.99998;0.99998;0.99998
k79_94296	2;976;200643;171549;815;909656;821	1.0;0.99999;0.99999;0.99999;0.99999;0.99965;0.99965
k79_82784	2;1239;909932;1843488;909930;33024;33025	1.0;1.0;1.0;1.0;1.0;1.0;1.0
k79_9979	2;1239;186801;3085636;186803;2316020;46228;471875	1.0;1.0;1.0;1.0;1.0;1.0;1.0;1.0
k79_82786	2;1239;526524;526525;2810280;2678885;1982626	1.0;1.0;1.0;1.0;1.0;1.0;1.0
k79_46504	2;1239;186801;3085636;186803;841;2763062	1.0;1.0;1.0;1.0;1.0;0.99999;0.99999
k79_70528	2;1239;186801;3085636;186803;33042;410072	1.0;1.0;1.0;1.0;1.0;0.99989;0.99989
k79_58849	2;1239;186801;3085636;186803;572511;418240;1121115	1.0;1.0;1.0;1.0;1.0;1.0;1.0;1.0
k79_9989	2;1239;186801;3085636;186803;572511;418240;1121115	1.0;1.0;1.0;1.0;1.0;1.0;1.0;1.0
k79_46506	2;976;200643;171549;815;816;820;997890	1.0;1.0;1.0;1.0;1.0;1.0;1.0;1.0
k79_94297	2;1239;526524;526525;2810280;2678885;1982626	0.99999;0.99984;0.99788;0.99788;0.99784;0.99784;0.99784
k79_33643	2759;7711;40674;9443;9604;9605;9606	0.99676;0.99676;0.99676;0.99676;0.99676;0.99676;0.99676
k79_82801	2;74201;203494;48461;1647988;239934;239935	1.0;1.0;1.0;1.0;1.0;1.0;1.0
k79_94298	2;1239;909932;1843488;909930;33024;33025	1.0;1.0;1.0;1.0;1.0;1.0;1.0
k79_82805	2;1239;186801;3085636;186803;33042;410072	1.0;1.0;1.0;1.0;1.0;0.99997;0.99997
k79_58870	2;1224;1236;1706369;1706373;48073;252514	1.0;0.99974;0.99974;0.99972;0.99972;0.99972;0.99972
k79_70558	2;1239;186801;3085636;186803;1766253;39491;657318	1.0;1.0;0.99999;0.99998;0.99998;0.99996;0.99996;0.99888
k79_58873	2;1239;526524;526525;2810280;2678885;1982626	1.0;1.0;0.99985;0.99985;0.99985;0.99985;0.99985
k79_10011	2;1239;186801;3085636;186803;1766253;39491;657318	1.0;1.0;1.0;1.0;1.0;1.0;1.0;0.58725
k79_46525	2;1239;186801;3085636;186803;841;301301	1.0;0.99994;0.99993;0.9999;0.9999;0.94488;0.93673
k79_10013	2;1239;186801;3085636;186803;189330;88431	1.0;1.0;1.0;1.0;1.0;1.0;1.0
k79_58875	2	0.99405
k79_94334	2;976;200643;171549;2005473;2815786;2606626	1.0;1.0;1.0;1.0;1.0;1.0;1.0
k79_22206	2;976;200643;171549;815;816;820;997890	1.0;0.99997;0.99997;0.99997;0.99997;0.99995;0.99937;0.99937
k79_58877	2;1239;186801;186802;216572	1.0;0.96464;0.68135;0.66682;0.66586
k79_82819	2157;28890;183925;2158;2159;2172;2173;420247	1.0;1.0;1.0;1.0;1.0;1.0;1.0;1.0
k79_58878	2;1239;186801;186802;216572;2892396;2714355	0.99353;0.98975;0.98917;0.97692;0.97689;0.96606;0.96606
k79_70586	2;1239;186801;186802;31979;1485;1504	1.0;1.0;1.0;0.99999;0.99999;0.99999;0.99999
k79_33677	2;1239;186801;3085636;186803;572511;418240;1121115	1.0;1.0;1.0;1.0;1.0;1.0;1.0;1.0
k79_58879	2;1239;186801;3085636;186803;33042;410072	0.99996;0.99985;0.99978;0.99976;0.99976;0.9982;0.9982
k79_46527	2;976;200643;171549;815;816;817;295405	0.99998;0.99991;0.99991;0.99991;0.99991;0.9997;0.9997;0.9997
k79_10040	2;1239;186801;3085636;186803;572511;2877527	1.0;0.9986;0.93995;0.92636;0.92636;0.61078;0.61076
k79_82834	2;1239;909932;1843488;909930;33024;33025	1.0;1.0;1.0;1.0;1.0;1.0;1.0
k79_70603	2;1239;186801;3085636;186803;2316020;46228;471875	1.0;1.0;1.0;1.0;1.0;0.99992;0.99991;0.99991
k79_46528	2;976;200643;171549;815;816;291645	1.0;1.0;0.99991;0.99991;0.99991;0.99991;0.99991
k79_94363	2;1239;186801;3085636;186803;1766253;39491;657318	1.0;1.0;1.0;1.0;1.0;0.99999;0.99999;0.77471
k79_82843	2;1239;91061;186826;33958;1243;33964	0.99999;0.99144;0.97465;0.97465;0.97404;0.97404;0.97404
k79_33695	2;976;200643;171549;815;816;820;997890	1.0;0.6191;0.61882;0.61882;0.61882;0.61881;0.61238;0.61238
k79_22221	2157;28890;183925;2158;2159;2172;2173;420247	1.0;1.0;1.0;1.0;1.0;1.0;0.99995;0.99995
k79_94365	2;1239;186801;3085636;186803;841;166486;718255	1.0;0.99998;0.99997;0.99997;0.99997;0.99954;0.99919;0.99824
k79_70615	2;976;200643;171549;815;816;820;997890	1.0;1.0;1.0;1.0;1.0;1.0;1.0;1.0
k79_58894	2157;28890;183925;2158;2159;2172;2173;420247	1.0;1.0;1.0;1.0;1.0;1.0;1.0;1.0
k79_10049	2;976;200643;171549;815;816;28116	1.0;0.99999;0.99999;0.99999;0.99997;0.99997;0.994
k79_10050	2;1239;186801;3085636;186803;189330;39486	1.0;0.99281;0.94794;0.94507;0.94507;0.5941;0.5941
k79_82851	2;1239;186801;3085636;186803;572511;418240;1121115	1.0;0.99999;0.99999;0.99995;0.99995;0.99958;0.99857;0.99857
k79_94374	2;1239;186801;3085636;186803;207244;649756;649757	1.0;1.0;1.0;1.0;1.0;1.0;1.0;1.0
k79_70617	2;976;200643;171549;815;816;820;997890	1.0;1.0;0.99967;0.99967;0.99964;0.99897;0.94706;0.94706
k79_22234	2;1239;526524;526525;2810280;2678885;1982626	1.0;1.0;0.99998;0.99998;0.99992;0.99992;0.99992
k79_70618	2;976;200643;171549;815;816;820;997890	1.0;1.0;1.0;1.0;1.0;1.0;0.99981;0.99981
k79_94375	2;976;200643;171549;815;816;817;997879	1.0;1.0;1.0;1.0;0.9993;0.99929;0.99915;0.99914
k79_22239	2;976;200643;171549;815;909656;387090	1.0;1.0;1.0;1.0;1.0;0.99977;0.99974
k79_82861	2;1239;909932;1843488;909930;33024;33025	1.0;1.0;1.0;1.0;1.0;1.0;1.0
k79_10068	2;1239;186801;186802;216572;216851;853;718252	1.0;0.99999;0.99999;0.99997;0.99997;0.9999;0.99975;0.99974
k79_46539	2;976;200643;171549;815;816;820;997890	1.0;1.0;1.0;1.0;1.0;1.0;1.0;1.0
k79_58903	2;1239;186801;3085636;186803;3076670;3028070	1.0;1.0;1.0;1.0;1.0;1.0;1.0
k79_33704	2;976;200643;171549;171552;838;2801997	0.99997;0.99951;0.9995;0.9995;0.9995;0.9995;0.9995
k79_46545	2;1239;186801;3085636;186803;572511;418240;1121115	1.0;1.0;1.0;1.0;1.0;1.0;1.0;1.0
k79_82879	2;976;117743;200644;49546;83612;57029;313595	1.0;1.0;1.0;1.0;1.0;1.0;1.0;1.0
k79_70631	2;1239;186801;186802;216572;216851;853;718252	1.0;0.99999;0.99999;0.99999;0.99999;0.99994;0.99994;0.99994
k79_33719	2;1239;186801;3085636;186803;841;301301	1.0;1.0;0.99992;0.9999;0.9999;0.96534;0.9653
k79_33720	2157;28890;183925;2158;2159;2172;2173;420247	1.0;1.0;1.0;1.0;1.0;1.0;1.0;1.0
k79_33724	2;1239;186801;3085636;186803;841;166486;657315	0.99957;0.99585;0.99583;0.99572;0.99572;0.99457;0.99339;0.99304
k79_33728	2;1239;909932;1843488;909930;33024;33025	0.99999;0.99998;0.99997;0.99997;0.99997;0.99997;0.99997
k79_94391	2;976;117743;200644;2762318;59732;651561	0.99998;0.99939;0.99892;0.99892;0.99892;0.99892;0.99892
k79_82911	2;976;200643;171549;815;909656	0.99994;0.98088;0.9804;0.98039;0.92115;0.86593
k79_70638	2;1239;526524;526525;2810280;2678885;1982626	1.0;1.0;1.0;1.0;1.0;1.0;1.0
k79_10098	2;1239;186801;3085636;186803;1766253;39491;657318	1.0;1.0;1.0;1.0;1.0;1.0;1.0;0.9997
k79_82916	2;1239;526524;526525;2810280;2678885;1982626	1.0;1.0;1.0;1.0;1.0;1.0;1.0
k79_46577	2;976;200643;171549;815;816	0.99997;0.99993;0.99993;0.99993;0.99993;0.99837
k79_33729	2;976;200643;171549;815;909656;387090	1.0;0.99982;0.99978;0.99977;0.89596;0.86093;0.85371
k79_82919	2;976;200643;171549;815;816;820;997890	1.0;1.0;1.0;1.0;1.0;1.0;1.0;1.0
k79_70645	2;976;200643;171549;815;816;820;997890	1.0;1.0;1.0;1.0;1.0;1.0;0.99999;0.99999
k79_33730	2;976;200643;171549;815;909656;357276;997877	1.0;1.0;1.0;1.0;0.99999;0.99998;0.99998;0.99998
k79_94409	2;976;200643;171549;815;816;820;997890	1.0;1.0;1.0;1.0;1.0;1.0;1.0;1.0
k79_70648	2;976;200643;171549;815;816	0.99993;0.99766;0.99714;0.99709;0.97957;0.85652
k79_10106	2;976;200643;1970189;1573805;866673;570161	1.0;1.0;1.0;1.0;1.0;1.0;1.0
k79_94416	2;1239;186801;3085636;186803;572511;40520;411459	1.0;1.0;1.0;1.0;1.0;0.99988;0.99986;0.99986
k79_46589	2;976;200643;171549;815;816;817;295405	1.0;0.99996;0.99996;0.99996;0.99973;0.99509;0.76797;0.76608
k79_58939	2;1239;186801;3085636;186803;1766253;39491;657318	1.0;0.99998;0.99998;0.99998;0.99998;0.9999;0.9999;0.99035
k79_33739	2;976;200643;171549;815;816	1.0;0.99871;0.99814;0.99814;0.93994;0.54603
k79_94421	2157;28890;183925;2158;2159;2172;2173;420247	1.0;1.0;1.0;1.0;1.0;1.0;1.0;1.0
k79_70659	2;1239;186801;3085636;186803;841;166486;657315	0.99986;0.9942;0.99316;0.90936;0.90936;0.81992;0.71169;0.71066
k79_94422	2;976;200643;171549;815;816;820;997890	1.0;1.0;1.0;1.0;1.0;1.0;0.99994;0.99994
k79_33749	2;1239;186801;3085636;186803;572511;418240;1121115	1.0;1.0;1.0;1.0;1.0;1.0;1.0;1.0
k79_22274	2;976;200643;171549;815;909656;821	1.0;1.0;1.0;1.0;1.0;0.99864;0.99864
k79_94424	2;976;117743;200644;49546;237;3003261	1.0;0.99975;0.96145;0.96145;0.96145;0.96145;0.96145
k79_22275	2;1239;186801;3085636;186803;1766253;39491;657317	1.0;1.0;1.0;1.0;1.0;1.0;1.0;0.99949
k79_58955	2;1239;526524;526525;2810280;2678885;1982626	1.0;1.0;1.0;1.0;1.0;1.0;1.0
k79_70669	2157;28890;183925;2158;2159;2172;2173;420247	1.0;1.0;1.0;1.0;1.0;1.0;1.0;1.0
k79_33754	2;1239;186801;186802;216572;216851;2929495	1.0;0.99997;0.99125;0.9912;0.9912;0.9912;0.99098
k79_22279	2;1239;91061;1385;186822;44249;1401	0.99999;0.99998;0.99995;0.99995;0.99995;0.99995;0.99995
k79_10115	2;1239;91061;1385;90964;1279;29382	1.0;1.0;1.0;1.0;1.0;1.0;1.0
k79_70670	2157;28890;183925;2158;2159;2172;2173;420247	1.0;1.0;1.0;1.0;1.0;1.0;1.0;1.0
k79_82945	2;29547;3031852;213849;2808963;2321114;1912871	1.0;0.99992;0.99992;0.99992;0.99992;0.99992;0.99992
k79_46600	2;1239;526524;526525;2810280;2678885;1982626	0.99994;0.99993;0.99984;0.99984;0.99982;0.99982;0.99982
k79_33758	2;1239;186801;3085636;186803;207244;649756;649757	1.0;1.0;1.0;1.0;1.0;0.98345;0.98345;0.98345
k79_70673	2;1239;186801;186802;216572;216851;411483	0.98812;0.97089;0.96709;0.93081;0.9308;0.80801;0.79818
k79_10124	2;976;200643;171549;2005473;2518495;2518971	1.0;0.99999;0.99999;0.99999;0.99999;0.99999;0.99999
k79_33761	2;1239;186801;3085636;186803;1766253;39491;657318	1.0;1.0;1.0;1.0;1.0;1.0;1.0;0.99908
k79_46607	2;1239;186801;3085636;186803;1766253;39491;657317	1.0;0.9999;0.9999;0.9999;0.9999;0.99984;0.99984;0.92481
k79_94437	2157;28890;183925;2158;2159;2172;2173;420247	1.0;1.0;1.0;1.0;1.0;1.0;1.0;1.0
k79_82953	2;1239;186801;3085636;186803;572511;418240;1121115	1.0;1.0;1.0;1.0;1.0;1.0;1.0;1.0
k79_70674	2;1239;91061;1385;186817;1386;1839798	0.99645;0.99561;0.90086;0.90086;0.90057;0.90055;0.90055
k79_70675	2;1239;526524;526525;2810280;2678885;1982626	1.0;0.99999;0.99999;0.99999;0.99999;0.99999;0.99999
k79_10135	2;1239;909932;1843488;909930;33024;33025	1.0;1.0;1.0;1.0;1.0;1.0;1.0
k79_70676	2;1239;186801;186802;216572;216851;853;718252	1.0;0.99974;0.99974;0.99973;0.99973;0.99886;0.99878;0.99878
k79_58975	2;1239;526524;526525;2810280;2678885;1982626	1.0;0.99992;0.99992;0.99992;0.99992;0.99992;0.99992
k79_10139	2;1239;186801;3085636;186803;572511;418240;1121115	1.0;1.0;1.0;1.0;1.0;1.0;1.0;1.0
k79_82965	2;976;200643;171549;815;816;820;997890	1.0;1.0;1.0;1.0;1.0;1.0;1.0;1.0
k79_46611	2;976;200643;171549;815;816;246787	1.0;1.0;1.0;1.0;1.0;1.0;0.99995
k79_33779	2;1239;186801;3085636;186803;572511;418240;1121115	1.0;1.0;1.0;1.0;1.0;1.0;1.0;1.0
k79_94445	2;1239;186801;3085636;186803;1766253;39491;657317	1.0;0.99999;0.99999;0.99999;0.99999;0.99999;0.99999;0.99955
k79_82977	2;1239;186801;186802;216572;2892396;2714355	1.0;0.99999;0.99998;0.99998;0.99998;0.99993;0.99993
k79_94450	2;976;200643;171549;815;816;1796613	1.0;1.0;0.99996;0.99992;0.99863;0.99853;0.58101
k79_46621	2;976;200643;171549;815;816;820;997890	1.0;1.0;1.0;1.0;1.0;1.0;1.0;1.0
k79_58985	2;976;200643;171549;171550;239759;2662363	1.0;1.0;1.0;1.0;0.99999;0.99999;0.99999
k79_33794	2157;28890;183925;2158;2159;2172;2173;420247	1.0;1.0;1.0;1.0;1.0;1.0;0.9999;0.9999
k79_82987	2;976;200643;171549;171550;239759;2585118	1.0;0.99999;0.99999;0.99999;0.99852;0.99852;0.99851
k79_70692	2;1239;526524;526525;2810280;2678885;1982626	1.0;1.0;1.0;1.0;1.0;1.0;1.0
k79_82991	2157;28890;183925;2158;2159;2172;2173;420247	1.0;1.0;1.0;1.0;1.0;1.0;1.0;1.0
k79_70694	2;1239;186801;3085636;186803;1506553;29347	1.0;0.99991;0.99991;0.99991;0.99991;0.99986;0.99986
k79_94469	2;1239;526524;526525;2810280;2678885;1982626	1.0;1.0;1.0;1.0;1.0;1.0;1.0
k79_22310	2;976;200643;171549;815;816	0.99988;0.99782;0.99738;0.9972;0.96425;0.86683
k79_94478	2;976;200643;171549;815;816;674529	1.0;1.0;1.0;1.0;1.0;1.0;0.99998
k79_22314	2;1239;526524;526525;2810280;2678885;1982626	1.0;0.99999;0.99976;0.99976;0.99973;0.99966;0.99966
k79_59003	2;1239;186801;186802;216572;1263;2608920	0.99979;0.99973;0.99943;0.99808;0.9958;0.99579;0.99544
k79_33816	2;1239;186801;3085636;186803;189330;88431	1.0;0.99992;0.9995;0.99941;0.99941;0.74914;0.74847
k79_46633	2;976;200643;171549;815;816;820;997890	1.0;0.99999;0.99999;0.99999;0.99977;0.99976;0.88179;0.88179
k79_70696	2;1239;186801;186802;216572;1263;2608920	1.0;0.99985;0.99982;0.99982;0.99953;0.99953;0.99953
k79_94488	2;1239;186801;3082720;186804;1870884;1496	1.0;1.0;1.0;1.0;1.0;1.0;1.0
k79_33817	2157;28890;183925;2158;2159;2172;2173;420247	1.0;1.0;1.0;1.0;1.0;1.0;1.0;1.0
k79_94493	2;1239;909932;1843488;909930;33024;33025	1.0;1.0;0.76692;0.76692;0.76692;0.76692;0.76692
k79_46646	2;1239;186801;186802;216572;1263;2608920	1.0;1.0;0.99999;0.99999;0.99999;0.99999;0.99998
k79_59016	2;1239;526524;526525;2810280;2678885;1982626	1.0;0.99999;0.99999;0.99999;0.99999;0.99999;0.99999
k79_22322	2;1239;186801;3085636;186803;841;166486;718255	1.0;0.99984;0.99976;0.99976;0.99976;0.69455;0.67097;0.60714
k79_59021	2;201174;1760;85011;2062;1883;2751189	0.99697;0.96235;0.96235;0.96231;0.96231;0.96231;0.96209
k79_33822	2759;7711;40674;9443;9604;9605;9606	0.9985;0.9985;0.9985;0.9985;0.9985;0.9985;0.9985
k79_10194	2;1239;186801;186802;216572;35829;288965;720554	0.99999;0.9997;0.99929;0.99926;0.99428;0.99428;0.99428;0.99428
k79_70710	2759;7711;40674;9443;9604;9605;9606	0.93474;0.93474;0.93474;0.93474;0.93474;0.93474;0.93474
k79_10195	2;1239;186801;186802;216572;1263;2608920	1.0;0.99997;0.99997;0.99996;0.99995;0.99995;0.99991
k79_59024	2;1239;186801;3085636;186803;830;831	1.0;1.0;1.0;1.0;1.0;1.0;1.0
k79_22332	2;1239;526524;526525;2810280;2678885;1982626	1.0;1.0;1.0;1.0;1.0;1.0;1.0
k79_33834	2;976;200643;171549	0.95992;0.51441;0.51429;0.51428
k79_70716	2;1239;186801;3085636;186803;1766253;39491;657317	1.0;1.0;1.0;1.0;1.0;1.0;1.0;0.99851
k79_46669	2;976;200643;171549;815;816;820;997890	1.0;1.0;1.0;1.0;1.0;1.0;0.99998;0.99998
k79_10204	2;1239;186801;186802;216572;1263;657323	1.0;1.0;1.0;0.99995;0.99995;0.99995;0.99995
k79_59038	2;976;200643;171549	0.98813;0.68496;0.57422;0.57352
k79_33836	2;976;200643;171549;815;816;818	0.99991;0.99989;0.99988;0.99988;0.99926;0.99924;0.98522
k79_46674	2;1239;186801;3085636;186803;33042;116085	1.0;0.99999;0.99999;0.99998;0.99998;0.99987;0.9997
k79_94506	2;976;200643;171549;815;816;818	0.99999;0.99999;0.99999;0.99999;0.99999;0.99995;0.9971
k79_10211	2;1239;526524;526525;2810280;135858;2478954	1.0;1.0;1.0;1.0;1.0;0.99999;0.99999
k79_59043	2;1239;186801;186802;216572;1263;2608920	0.99981;0.92991;0.73248;0.73159;0.73156;0.72405;0.6398
k79_33837	2;1239;526524;526525;2810280;2678885;1982626	1.0;1.0;1.0;1.0;1.0;1.0;1.0
k79_94509	2;1239;526524;526525;2810280;2678885;1982626	1.0;1.0;0.99999;0.99999;0.99999;0.99999;0.99999
k79_46680	2;976;200643;171549;815;816;162156	0.99999;0.99979;0.99953;0.99953;0.95116;0.7778;0.50149
k79_46682	2;976;200643;171549;815;816;820;997890	1.0;1.0;1.0;0.99999;0.99998;0.9977;0.99595;0.99595
k79_70729	2;1783272	0.99999;0.99962
k79_70730	2;976;200643;171549;815;816;817;997879	1.0;1.0;1.0;1.0;1.0;1.0;1.0;1.0
k79_46688	2;1239;186801;3085636;186803;2569097;39488	1.0;1.0;1.0;1.0;1.0;0.99987;0.99987
k79_10225	2;976;117743;200644;49546;292691	0.99994;0.6108;0.6108;0.6108;0.61002;0.61002
k79_70736	2157;28890;183925;2158;2159;2172;2173;420247	1.0;1.0;1.0;1.0;1.0;1.0;1.0;1.0
k79_10226	2;976;200643;171549;815;909656;821	1.0;1.0;1.0;1.0;1.0;1.0;1.0
k79_83009	2;1239;186801;186802;216572;1263;1160721	1.0;1.0;1.0;1.0;1.0;1.0;0.99995
k79_59064	2;976;200643;171549;815;816;820;997890	1.0;1.0;1.0;1.0;1.0;1.0;0.99989;0.99989
k79_46696	2;1239;186801;3085636;186803;1766253;39491;657317	1.0;1.0;1.0;1.0;1.0;1.0;1.0;0.99928
k79_83012	131567	0.99997
k79_46700	2;976;200643;171549;2005525;375288;823;999416	1.0;1.0;1.0;1.0;0.99886;0.99886;0.99886;0.99886
k79_94515	2;1239;186801;3085636;186803;33042;116085	0.99998;0.97872;0.97847;0.97836;0.97836;0.97153;0.97153
k79_22364	2;1239;186801;3085636;186803;2569097;39488	1.0;0.99988;0.99978;0.99977;0.99977;0.69913;0.69913
k79_70750	2;1239;186801;3085636;186803;2316020;46228;471875	1.0;1.0;1.0;1.0;1.0;0.99359;0.99359;0.99359
k79_33857	2;976;200643;171549;815;909656;376805;667015	1.0;1.0;1.0;1.0;1.0;1.0;1.0;1.0
k79_59070	2;1239;909932;1843488;909930;33024;33025	1.0;1.0;1.0;1.0;1.0;1.0;1.0
k79_46706	2;1239;186801;186802;216572;1263;2608920	1.0;0.99998;0.99987;0.99986;0.99984;0.99984;0.99981
k79_10246	2;1239;186801;3085636;186803;572511;418240;1121115	1.0;1.0;1.0;1.0;1.0;1.0;1.0;1.0
k79_70753	2;1239;186801;186802;31979;1485;1519	1.0;1.0;1.0;1.0;0.99999;0.99999;0.99999
k79_59083	2;976;117743;200644;49546;237;2732161	1.0;1.0;1.0;1.0;1.0;1.0;1.0
k79_10253	2;1239;186801;3085636;186803;189330;88431	1.0;1.0;1.0;0.99999;0.99999;0.99909;0.99909
k79_46719	2;976;200643;171549;815;816;820;997890	1.0;1.0;1.0;1.0;1.0;1.0;1.0;1.0
k79_70760	2;1239;526524;526525;2810280;2678885;1982626	1.0;1.0;1.0;1.0;1.0;1.0;1.0
k79_59085	2;1239;91061;1385;186817;1386;492670	1.0;1.0;0.99994;0.99993;0.99993;0.99993;0.99993
k79_83038	2;976;200643;171549;815;816;291644	1.0;1.0;1.0;1.0;1.0;1.0;1.0
k79_46723	2;1239;186801;186802;216572;292632;214851	1.0;0.99999;0.99999;0.99999;0.99999;0.99999;0.99999
k79_10262	2157;28890;183925;2158;2159;2172;2173;420247	1.0;1.0;1.0;1.0;1.0;1.0;1.0;1.0
k79_22378	2;976;200643;171549;815;816;820;997890	1.0;1.0;1.0;1.0;1.0;1.0;0.99999;0.99999
k79_33886	2;1239;186801	0.99556;0.9928;0.66112
k79_70769	2;976;200643;171549;815;816;820;997890	1.0;1.0;1.0;1.0;1.0;1.0;1.0;1.0
k79_59095	2;1239;909932;1843488;909930;33024;33025	1.0;0.99998;0.99997;0.99997;0.99997;0.99997;0.99997
k79_33887	2;976;200643;171549;815;816	0.9995;0.99348;0.99326;0.99304;0.94683;0.92585
k79_22382	2;1239;91061;1385;186820;1637;1643	1.0;1.0;0.99999;0.99999;0.99999;0.99999;0.99999
k79_83048	2;976;200643;171549;815;816	0.99914;0.89005;0.88976;0.88976;0.86798;0.63775
k79_70773	2;976;200643;171549;815;816;820;997890	1.0;1.0;1.0;1.0;1.0;1.0;0.99999;0.99999
k79_22384	2;1239;91061;1385;186817;400634;2792479	0.99443;0.99436;0.74206;0.74206;0.73636;0.73636;0.73636
k79_46728	2;1239;186801;3082720;186804;1505657;261299	0.99987;0.9846;0.81338;0.78112;0.78111;0.59143;0.59143
k79_22392	2;1239;186801;186802;216572;1263;2608920	1.0;1.0;1.0;1.0;1.0;1.0;1.0
k79_70783	2;1239;186801;3085636;186803;207244;649756;649757	1.0;1.0;1.0;1.0;1.0;1.0;1.0;1.0
k79_46740	2;1239;186801;3085636;186803;841;301301	0.99997;0.99997;0.99997;0.99997;0.99997;0.99996;0.99965
k79_22393	2;1239;186801;186802;216572;1263;1161942	1.0;1.0;1.0;1.0;1.0;0.99999;0.99999
k79_10269	2;1239;186801;3085636;186803;572511;418240;1121115	1.0;0.99996;0.99989;0.9997;0.9997;0.98555;0.98111;0.98111
k79_33895	2;1239;186801;186802;216572;1263;2608920	1.0;0.99999;0.99999;0.99999;0.99999;0.99999;0.99999
k79_70795	2;1239;186801;3085636;186803;2316020;33038	1.0;1.0;0.99991;0.99991;0.99991;0.99989;0.99989
k79_22399	2;1239;186801;186802;216572;1263;2608920	1.0;0.9982;0.99707;0.99425;0.99425;0.99422;0.9942
k79_10272	2;1239;186801;3085636;186803;841;166486;718255	0.99982;0.99982;0.99981;0.99979;0.99979;0.99957;0.99957;0.99957
k79_83076	2;976;200643;171549;815;816	0.99816;0.99319;0.99307;0.99306;0.96885;0.60953
k79_59132	2;976;200643;171549;171550;239759;2585118	0.99953;0.90696;0.90693;0.90693;0.90419;0.90419;0.90392
k79_83077	2;1239;186801;3085636;186803;841;1261635	1.0;1.0;1.0;1.0;1.0;0.99999;0.99999
k79_46756	2;976;200643;171549;815;909656;821	0.99994;0.96677;0.96627;0.96627;0.96091;0.95634;0.95632
k79_59134	2;1239;186801;186802;216572;1263;2608920	1.0;0.99999;0.99999;0.99999;0.99998;0.99998;0.99998
k79_94555	2;1239;186801;3085636;186803;33042;410072	1.0;1.0;1.0;1.0;1.0;0.99999;0.99999
k79_10281	2;1239;186801;3085636;186803;207244;649756;649757	1.0;1.0;1.0;1.0;1.0;1.0;1.0;1.0
k79_46758	2;976;200643;171549;815;909656;376805;667015	1.0;0.99752;0.99752;0.99752;0.99749;0.99726;0.99725;0.99725
k79_46759	2;1239;186801;3085636;186803;1766253;39491;657317	1.0;1.0;1.0;1.0;1.0;0.99999;0.99999;0.99996
k79_70813	2759;7711;40674;9443;9604;9605;9606	0.99943;0.99943;0.99943;0.99943;0.99943;0.99943;0.99943
k79_46760	2;976;200643;171549;815;816;820;997890	1.0;1.0;1.0;1.0;1.0;1.0;1.0;1.0
k79_59137	2;1239;186801;186802;216572;1263;2608920	1.0;0.99998;0.99998;0.99997;0.99997;0.99997;0.99997
k79_33910	2;1239;526524;526525;2810280;2678885;1982626	0.99997;0.99997;0.99997;0.99997;0.99996;0.99996;0.99996
k79_83091	2;1239;186801;3085636;186803;2569097;39488	0.99999;0.97452;0.97296;0.97286;0.97286;0.5333;0.5333
k79_94570	2;976;200643;171549;2005525;375288;823;999416	1.0;1.0;1.0;1.0;1.0;1.0;1.0;1.0
k79_22430	2;976;200643;171549;815;909656;357276;997877	0.99998;0.99971;0.99971;0.99971;0.9997;0.99952;0.99952;0.99952
k79_33914	2;1239;186801;3085636;186803;2316020;33038	1.0;0.99969;0.99969;0.9994;0.9994;0.99806;0.99806
k79_94571	2;1239;526524;526525;2810280;2678885;1982626	1.0;1.0;1.0;1.0;1.0;1.0;1.0
k79_59153	2;1239;186801;3085636;186803;841;1261635	1.0;1.0;1.0;1.0;1.0;0.99996;0.99996
k79_46775	2;1239;186801;3085636;186803;33042;410072	1.0;0.99998;0.99996;0.99995;0.99995;0.99849;0.99849
k79_94576	2;1239;186801;186802;216572;1263;2608920	1.0;0.9996;0.99934;0.99926;0.99925;0.99925;0.54528
k79_22440	2;1239;186801;186802;31979;1485;3070996	0.99999;0.99999;0.99999;0.99999;0.99999;0.99999;0.99975
k79_83106	2;1239;526524;526525;2810280;2678885;1982626	0.99896;0.9987;0.99478;0.99478;0.99478;0.99478;0.99478
k79_33922	2157;28890;183925;2158;2159;2172;2173;420247	1.0;1.0;1.0;1.0;1.0;1.0;1.0;1.0
k79_22443	2;1239;526524;526525;2810280;2678885;1982626	1.0;0.99997;0.99997;0.99997;0.99997;0.99997;0.99997
k79_94580	2;1239;526524;526525;2810280;2678885;1982626	1.0;1.0;1.0;1.0;1.0;1.0;1.0
k79_46782	2157;28890;183925;2158;2159;2172;1609968	0.99515;0.99515;0.99515;0.99515;0.99515;0.99515;0.99372
k79_83118	2;1224;1236;2887326;468;469;470	1.0;0.99999;0.99999;0.99999;0.99999;0.99999;0.99999
k79_46790	2;1239;186801;186802;216572;2591381;2093857	1.0;0.99973;0.99973;0.9997;0.99969;0.99773;0.99773
k79_33931	2;1239;186801;186802;216572;1263;2608920	1.0;1.0;0.99998;0.99996;0.99995;0.99995;0.99986
k79_10292	2157;28890;183925;2158;2159;2172;2173;420247	1.0;1.0;1.0;1.0;1.0;1.0;1.0;1.0
k79_70835	2;1239;186801;186802;216572;1263;2564099	1.0;0.99986;0.9998;0.99917;0.99915;0.99915;0.67742
k79_46794	2;976;200643;171549;815;816;820;997890	1.0;1.0;1.0;1.0;1.0;1.0;0.99995;0.99995
k79_10295	2;1239;186801;3085636;186803;2316020;46228;471875	1.0;0.99993;0.99988;0.99988;0.99988;0.9106;0.90962;0.90962
k79_59180	2;1239;526524;526525;2810280;2678885;1982626	1.0;0.99999;0.99991;0.99991;0.99991;0.99991;0.99991
k79_94594	2157;28890;183925;2158;2159;2172;2173;420247	1.0;1.0;1.0;1.0;1.0;1.0;1.0;1.0
k79_33938	2;1239;186801;186802;216572;1263;2608920	0.99981;0.99761;0.99696;0.99662;0.78234;0.78181;0.78179
k79_22454	2;1239;186801;186802;216572;1263;2608920	0.99993;0.84501;0.82093;0.8209;0.81381;0.81092;0.81091
k79_83123	2;1783272	1.0;0.99998
k79_10303	2;976;200643;171549;815;909656;821	1.0;0.99997;0.99997;0.99997;0.996;0.99092;0.99092
k79_70844	2;1239;186801;3085636;186803;2316020;46228;471875	1.0;1.0;1.0;1.0;1.0;0.99999;0.99999;0.99999
k79_10305	2;1239;909932;1843488;909930;33024;33025	1.0;1.0;1.0;1.0;1.0;1.0;1.0
k79_33948	2;1239;526524;526525;2810280;2678885;1982626	1.0;1.0;1.0;1.0;1.0;1.0;1.0
k79_94610	2;1239;186801;186802;216572;216851;853;657322	0.99999;0.77859;0.74741;0.63333;0.63332;0.55335;0.54699;0.54699
k79_70848	2;1239;186801;3085636;186803;572511	0.99858;0.99626;0.98655;0.96587;0.96587;0.51357
k79_10310	2;74201;203494;48461;1647988;239934;239935	1.0;0.99993;0.99993;0.99993;0.99993;0.99993;0.99993
k79_46806	2;201174;1760;85011;2062;1883;47716	1.0;0.99997;0.99997;0.99997;0.99997;0.99997;0.99997
k79_59187	2;976;200643;171549;815;816;371601;657309	1.0;0.98924;0.9892;0.98916;0.88829;0.71082;0.65508;0.65508
k79_70853	2;1239;186801;3085636;186803;33042;410072	1.0;0.99999;0.99999;0.99999;0.99999;0.99615;0.98505
k79_22467	2157;28890;183925;2158;2159;2172;2173;420247	1.0;1.0;1.0;1.0;1.0;1.0;1.0;1.0
k79_94620	2;1239;526524;526525;2810280;2678885;1982626	1.0;0.99999;0.99999;0.99999;0.99999;0.99999;0.99999
k79_33962	2;1239;186801;186802;216572;216851;853;718252	1.0;0.99997;0.99996;0.99977;0.99975;0.99967;0.99929;0.99929
k79_83147	2;1239;186801;3085636;186803;572511;40520;411459	1.0;1.0;1.0;0.99988;0.99988;0.99987;0.99987;0.99987
k79_33964	2;1239;909932;1843488;909930;33024;33025	1.0;1.0;0.99997;0.99996;0.99996;0.99996;0.99996
k79_83148	2157;28890;183925;2158;2159;2172;2173;420247	0.99999;0.99999;0.99999;0.99999;0.99999;0.99999;0.9999;0.9999
k79_59204	2;1239;186801;186802;216572;1263;2608920	1.0;1.0;1.0;0.99999;0.99998;0.99998;0.99998
k79_94625	2;1239;186801;3085636;186803;1766253;39491;657318	1.0;1.0;1.0;1.0;1.0;0.99998;0.99998;0.79486
k79_46807	2;1239;91061;1385;186822;44249;1763538	0.99986;0.9992;0.79447;0.79432;0.79397;0.79397;0.79397
k79_33972	2;1239;186801;3085636;186803;1766253;39491;657317	1.0;1.0;1.0;1.0;1.0;1.0;1.0;0.99973
k79_46808	2;976;200643;171549;815;909656	0.99995;0.99855;0.9972;0.9972;0.96514;0.69101
k79_70878	2;1239;91061;1385;186817;2675233;152268	1.0;1.0;0.99987;0.99987;0.99987;0.99987;0.99987
k79_59221	2;1239;186801;186802	0.99999;0.76867;0.76844;0.76752
k79_22475	2;1224;1236;1934945;1934946;1934947;1810504	1.0;1.0;1.0;1.0;1.0;1.0;1.0
k79_70884	2;29547;3031852;213849;72294;194;2561898	1.0;0.99999;0.99999;0.99999;0.99999;0.99999;0.99999
k79_70887	2;1239;186801	0.9997;0.9959;0.5179
k79_94648	2;1239;186801;186802;216572;1263;2608920	1.0;0.99994;0.99924;0.99888;0.99884;0.99884;0.98079
k79_46815	2;976;200643;171549;815;816;820;997890	1.0;1.0;1.0;1.0;1.0;1.0;0.99995;0.99995
k79_33981	2;1239;186801;3085636;186803;841;301301	0.99999;0.99998;0.99998;0.99998;0.99998;0.99998;0.99994
k79_33985	2;976;200643;171549;815;909656;821	1.0;0.99965;0.99965;0.99965;0.99961;0.9996;0.9996
k79_59254	2;976;200643;171549;815;816;817;997879	1.0;0.99995;0.99995;0.99995;0.99995;0.99995;0.99979;0.99979
k79_22481	2157;28890;183925;2158;2159;2172;2173;420247	1.0;1.0;1.0;1.0;1.0;1.0;0.99997;0.99997
k79_83179	2;976;200643;171549;815;816;162156	1.0;0.99997;0.99997;0.99997;0.99997;0.99996;0.99992
k79_94661	2;1239;186801;186802;216572;1263;2608920	0.99974;0.99785;0.99523;0.9948;0.98631;0.98007;0.97991
k79_10314	2;1239;186801	0.81461;0.64769;0.5844
k79_59272	2;1239;526524;526525;2810280;2678885;1982626	1.0;1.0;0.99999;0.99999;0.99999;0.99999;0.99999
k79_83181	2;1239;186801;186802;216572;216851;2929494	1.0;1.0;1.0;1.0;1.0;0.99999;0.99999
k79_33996	2;1239;186801;3085636;186803;1766253;39491;657317	1.0;0.74071;0.74071;0.74071;0.74071;0.73945;0.73945;0.73785
k79_94668	2;976;200643;171549;815;909656;821	1.0;0.99979;0.99979;0.99979;0.99978;0.99977;0.99977
k79_83186	2;976;200643;171549;815;909656;387090	1.0;1.0;1.0;1.0;1.0;0.99996;0.99994
k79_70914	2;1239;526524;526525;2810280;2678885;1982626	1.0;1.0;1.0;1.0;0.99993;0.99993;0.99993
k79_59276	2;1783272	0.99756;0.99562
k79_10328	2;1239;186801;3085636;186803;572511;40520;657314	1.0;0.99999;0.99999;0.99976;0.99976;0.99975;0.99975;0.99975
k79_70917	2;1239;186801;3085636;186803;33042;410072	0.99987;0.99738;0.99677;0.99622;0.99622;0.71721;0.71717
k79_94674	2;1239;186801;186802;216572;216851;2929490	0.99999;0.99539;0.99533;0.98245;0.98244;0.97941;0.97729
k79_22498	2;1239;186801;186802;3082771;1918385;1796620	1.0;1.0;0.99999;0.99999;0.99997;0.99997;0.99997
k79_10332	2;1239;186801;3085636;186803;572511;418240;1121115	1.0;1.0;0.99999;0.99966;0.99966;0.95421;0.95415;0.95415
k79_70918	2;1239;186801;3085636;186803;572511;418240;1121115	1.0;1.0;1.0;1.0;1.0;1.0;1.0;1.0
k79_83197	2;1239;526524;526525;2810280;2678885;1982626	0.99821;0.99814;0.99813;0.99813;0.99813;0.99813;0.99813
k79_94676	2;976;200643;171549;815;816;162156	1.0;1.0;1.0;1.0;0.99999;0.9999;0.9999
k79_10340	2;1239;186801;3085636;186803;1766253;39491;657317	1.0;1.0;1.0;1.0;1.0;1.0;1.0;0.99994
k79_70927	2;1239;186801;186802;216572;1263;2608920	0.99996;0.9989;0.97898;0.95962;0.95804;0.95757;0.94184
k79_83205	2;1239;186801;3085636;186803;1766253;39491;657317	0.99973;0.99099;0.99065;0.91912;0.91912;0.81547;0.81547;0.55705
k79_59292	2;976;200643;171549	0.97631;0.85342;0.53826;0.50368
k79_94677	2;1239;186801;186802;216572;1263;1161942	1.0;1.0;1.0;1.0;1.0;0.99993;0.99993
k79_46846	2;976;200643;171549;815;816;818	1.0;0.99995;0.99994;0.99994;0.99887;0.99875;0.99262
k79_22502	2;1239;186801;3085636;186803;572511;418240;1121115	1.0;0.99954;0.9995;0.99949;0.99949;0.9937;0.99368;0.99368
k79_46848	2;976;200643;171549;2005473;2518495;2518971	1.0;0.85963;0.85962;0.85962;0.85952;0.85952;0.85952
k79_83210	2;1239;909932;1843488;909930;33024;33025	1.0;0.99955;0.99709;0.99706;0.99706;0.99706;0.99706
k79_34012	2;1239;186801;186802;216572;1263;2608920	0.99997;0.99997;0.99997;0.99996;0.99996;0.99996;0.99996
k79_59302	2157;28890;183925;2158;2159;2172;2173;420247	1.0;1.0;1.0;1.0;1.0;1.0;1.0;1.0
k79_94679	2;1239;186801;3085636;186803;572511;40520;657314	0.99336;0.99311;0.73887;0.73697;0.73697;0.73696;0.73696;0.73696
k79_46854	2;201174;1760;85004;31953;1678;28026	1.0;1.0;1.0;0.99997;0.99997;0.99997;0.99997
k79_10357	2;1239;186801;3085636;186803;572511;418240;1121115	1.0;1.0;0.99989;0.99989;0.99989;0.68562;0.68559;0.68559
k79_83215	2;976;200643;171549;815;816;820;997890	1.0;1.0;1.0;1.0;1.0;1.0;1.0;1.0
k79_83216	2;976;200643;171549;2005525;375288;823;999416	1.0;0.99998;0.99998;0.99998;0.99983;0.99983;0.99982;0.99982
k79_34031	2;976;200643;171549;815;816;820;997890	1.0;1.0;1.0;1.0;1.0;1.0;1.0;1.0
k79_46857	2;976;200643;171549;815;909656;821	1.0;0.99999;0.99999;0.99999;0.99999;0.99996;0.99996
k79_10368	2;1239;186801;3085636;186803;2316020;46228;471875	1.0;1.0;1.0;1.0;1.0;0.71047;0.71045;0.71045
k79_83224	2;1239;186801;3085636;186803;572511;418240;1121115	1.0;1.0;1.0;1.0;1.0;1.0;1.0;1.0
k79_59303	2;1239;186801;186802;31979;1485;2212991	1.0;0.99999;0.99999;0.99999;0.99995;0.99995;0.99995
k79_70949	2;1239;186801	0.94711;0.83723;0.53204
k79_22521	2;1239;186801;3085636;186803;207244;649756;649757	1.0;1.0;1.0;1.0;1.0;1.0;1.0;1.0
k79_34039	2;976;117743;200644;49546;237;1979344	1.0;0.99979;0.99978;0.99978;0.99978;0.99978;0.99978
k79_94690	2157;28890;183925;2158;2159;2172;2173;420247	1.0;1.0;1.0;1.0;1.0;1.0;1.0;1.0
k79_10381	2;1239;526524;526525;2810280;2678885;1982626	1.0;1.0;0.99974;0.99974;0.99973;0.99972;0.99972
k79_10384	2;1239;186801;3082720;186804;1505657;261299	0.99997;0.99996;0.99943;0.99901;0.99901;0.99899;0.99899
k79_59313	2;1239;186801;186802;216572;216851;2929495	1.0;1.0;1.0;1.0;1.0;1.0;1.0
k79_46880	2;1239;526524;526525;2810280;2678885;1982626	1.0;1.0;1.0;1.0;1.0;1.0;1.0
k79_22542	2;1239;909932;1843488;909930;33024;33025	1.0;1.0;1.0;1.0;1.0;1.0;1.0
k79_10385	2;1239;186801;186802;216572;1263;2608920	1.0;1.0;1.0;1.0;1.0;1.0;1.0
k79_59314	2157;28890;183925;2158;2159;2172;2173;420247	1.0;1.0;1.0;1.0;1.0;1.0;0.99999;0.99999
k79_83244	2;1239;526524;526525;2810280;2678885;1982626	1.0;0.99999;0.99999;0.99999;0.99999;0.99999;0.99999
k79_94712	2;976;200643;171549;815;816;820;997890	1.0;1.0;1.0;1.0;1.0;1.0;1.0;1.0
k79_83246	2;1239;526524;526525;2810280;2678885;1982626	1.0;1.0;1.0;1.0;1.0;1.0;1.0
k79_70959	2;1239;186801;186802;216572;1263;2608920	1.0;1.0;1.0;1.0;1.0;1.0;0.99998
k79_46888	2;976;200643;171549;815;816;820;997890	1.0;1.0;1.0;1.0;0.99999;0.99999;0.99953;0.99953
k79_10389	2;1239;526524;526525;2810280;2678885;1982626	1.0;1.0;1.0;1.0;1.0;1.0;1.0
k79_94719	2;976;200643;171549;815;909656;387090	1.0;0.99999;0.99999;0.99999;0.99999;0.99985;0.99984
k79_46895	2;1239;186801;3085636;186803;572511;418240;1121115	1.0;1.0;1.0;1.0;1.0;1.0;1.0;1.0
k79_70973	2;1239;186801;186802;216572;1263;2608920	1.0;1.0;1.0;0.99999;0.99999;0.99999;0.98693
k79_83260	2;976;200643;171549;815;909656;821	1.0;1.0;1.0;1.0;0.99988;0.99988;0.99988
k79_46900	2;1239;186801;3085636;186803;1766253;39491;657317	1.0;1.0;1.0;1.0;1.0;1.0;1.0;0.99965
k79_70976	2;1239;186801;3085636;186803;2316020;46228;471875	1.0;1.0;1.0;1.0;1.0;0.99994;0.99994;0.99994
k79_94737	2;1239;186801;3085636;186803;572511;418240;1121115	0.99755;0.98887;0.97098;0.96911;0.96911;0.82412;0.81503;0.81503
k79_10412	2;976;200643;171549;815;816;820;997890	1.0;1.0;1.0;1.0;1.0;1.0;0.99999;0.99999
k79_59336	2;976;200643;171549;815;816;820;997890	1.0;1.0;1.0;1.0;1.0;1.0;0.99998;0.99998
k79_22565	2;976;200643;171549;815;909656;821	1.0;1.0;1.0;1.0;0.99998;0.99991;0.99991
k79_94750	2;1239;186801;3085636;186803;830;185008	0.99999;0.92353;0.87769;0.85789;0.85789;0.70437;0.70136
k79_10422	2;1239;186801;3085636;186803;841;1261634	0.99999;0.99999;0.99999;0.99999;0.99999;0.99986;0.99983
k79_46920	2;32066;203490;203491;203492;848;76857	1.0;0.99986;0.99986;0.99986;0.99986;0.99986;0.99986
k79_83272	2;1239;526524;526525;2810280;2678885;1982626	0.95865;0.88838;0.68276;0.68276;0.68266;0.68265;0.68265
k79_10428	2;976;200643;171549;815;816;820;997890	1.0;1.0;1.0;1.0;0.99999;0.99999;0.99986;0.99986
k79_46929	2157;28890;183925;2158;2159;2172;2173;420247	1.0;1.0;1.0;1.0;1.0;1.0;1.0;1.0
k79_34079	2;1239;186801;186802;216572;1263;2608920	1.0;0.99999;0.99999;0.99996;0.99996;0.99996;0.99996
k79_46930	2;1239;91061;1385;90964;1279;1280	1.0;1.0;1.0;1.0;1.0;1.0;1.0
k79_59352	2;976;200643;171549;815;816;329854	1.0;1.0;1.0;1.0;1.0;1.0;0.99998
k79_94765	2;976;200643;171549;815;816;820;997890	1.0;0.99994;0.99981;0.99981;0.99972;0.99947;0.92967;0.92967
k79_59353	2157;28890;183925;2158;2159;2172;2173;420247	0.99953;0.99953;0.99953;0.99953;0.99953;0.99953;0.99953;0.99953
k79_94768	2;976;200643;171549;815;816;47678;997873	1.0;1.0;1.0;1.0;1.0;1.0;1.0;1.0
k79_22583	2;1239;186801;3085636;186803;2316020;33039;657313	0.99985;0.99975;0.99518;0.98136;0.98136;0.65278;0.65274;0.65274
k79_59355	2;1239;186801;3085636;186803;2316020;46228;471875	1.0;0.99997;0.99997;0.99997;0.99997;0.99996;0.99996;0.99996
k79_59356	2157;28890;183925;2158;2159;2172;2173;420247	1.0;1.0;1.0;1.0;1.0;1.0;1.0;1.0
k79_10442	2;1239;186801;3085636;186803;572511;418240;1121115	0.99999;0.99998;0.99998;0.99998;0.99998;0.98929;0.98929;0.98929
k79_83297	2;976;200643;171549;815;909656;387090	1.0;1.0;1.0;1.0;1.0;0.99995;0.99995
k79_46947	2;976;200643;171549;815;816;820;997890	1.0;0.99989;0.99987;0.99987;0.99982;0.99139;0.62419;0.62419
k79_59359	2;1239;186801;186802;31979;1485;1491	0.98952;0.9895;0.98935;0.98934;0.98934;0.98934;0.98921
k79_22594	2;1239;186801;3085636;186803;572511;418240;1121115	1.0;1.0;1.0;1.0;1.0;0.99998;0.99983;0.99983
k79_10447	2;1239;526524;526525;2810280;2678885;1982626	1.0;1.0;1.0;1.0;0.99999;0.99999;0.99999
k79_94783	2;976;200643;171549;815;816;477666	1.0;0.99999;0.9997;0.9997;0.9997;0.9997;0.99969
k79_34085	2;1239;186801;186802;216572;1263;2608920	1.0;0.99999;0.99999;0.99998;0.99998;0.99998;0.99998
k79_70999	2;1239;186801;3085636;186803;3342669;45851	0.99998;0.99998;0.99998;0.99998;0.99998;0.99997;0.99997
k79_94785	2;1239;186801;186802;216572;1263;2608920	1.0;0.99996;0.99996;0.99995;0.99995;0.99995;0.99995
k79_83311	2;1239;91061;186826;33958	0.98028;0.96616;0.85022;0.50162;0.50162
k79_10461	2;1239;526524;526525;2810280;2678885;1982626	0.9985;0.96528;0.59215;0.59215;0.59215;0.59215;0.59215
k79_94787	2;1239;186801;186802;216572;1263;2608920	1.0;1.0;0.99999;0.99753;0.99753;0.99753;0.99708
k79_10462	2;1239;186801;3085636;186803;1766253;39491;657318	1.0;0.99999;0.99999;0.99999;0.99999;0.99998;0.99998;0.99972
k79_71006	2;1239;186801;186802;216572;2892396;2714355	0.99999;0.96;0.93933;0.90864;0.78343;0.72438;0.72438
k79_10469	2;976;200643;171549;815;816	1.0;0.99996;0.99995;0.99948;0.99857;0.51418
k79_83324	2;976;117743;200644;2762318;59732;253	1.0;1.0;1.0;1.0;1.0;1.0;1.0
k79_94799	2;1239;186801;3085636;186803;1766253;39491;657317	0.99998;0.99971;0.9997;0.9997;0.9997;0.96718;0.96718;0.93253
k79_71020	2;976;200643;171549;815;816;820;997890	1.0;1.0;1.0;1.0;1.0;1.0;0.99997;0.99997
k79_59369	2;1239;526524;526525;2810280;2678885;1982626	1.0;1.0;1.0;1.0;1.0;1.0;1.0
k79_94805	2;1239;186801;3085636;186803;841;2763062	1.0;1.0;1.0;0.99996;0.99996;0.99993;0.99992
k79_46969	2;976;200643;171549;815;816;291644	1.0;1.0;1.0;1.0;1.0;1.0;1.0
k79_94809	2;1239;186801;3085636;186803;1766253;39491;657317	1.0;0.99999;0.99999;0.99997;0.99997;0.99938;0.99938;0.74429
k79_46970	2;1239;526524;526525;2810280;2678885;1982626	1.0;1.0;1.0;1.0;0.99999;0.99999;0.99999
k79_83351	2;976;200643;171549;815;909656;376805;667015	1.0;1.0;1.0;1.0;1.0;0.9999;0.9999;0.9999
k79_34100	2;1239;1737404;1737405;2848916;171003;116090	1.0;1.0;1.0;1.0;1.0;1.0;1.0
k79_10484	2;1239;186801;3085636;186803;1506553;29347	1.0;1.0;1.0;1.0;1.0;0.99999;0.99999
k79_34104	2;976;200643;171549;815;816;820;997890	1.0;1.0;1.0;1.0;0.99999;0.99999;0.99991;0.99991
k79_22653	2;976;117743;200644;49546;237;2518177	1.0;0.99997;0.99997;0.99997;0.99997;0.99997;0.99997
k79_10486	2;1239;186801;186802;216572;459786;2109687	1.0;0.99994;0.6037;0.6031;0.6031;0.59791;0.59791
k79_83353	2;976;200643;171549;815;816	0.99999;0.99999;0.99998;0.99998;0.99997;0.99996
k79_10493	2;1239;186801;186802	1.0;0.99442;0.93694;0.93686
k79_46972	2157;28890;183925;2158;2159;2172;2173;420247	1.0;1.0;1.0;1.0;1.0;1.0;1.0;1.0
k79_94830	2;1239;186801;3085636;186803;248744;168384;478749	1.0;1.0;0.99999;0.9999;0.9999;0.99982;0.99982;0.99982
k79_34113	2;1239;186801;186802	0.99982;0.99545;0.96419;0.87174
k79_83366	2;1239	0.99916;0.96304
k79_22668	2;1239;186801;186802;31979;1485;411486	1.0;1.0;0.99997;0.99975;0.99975;0.99975;0.99975
k79_46975	2;1239;186801;3085636;186803;1766253;39491;657317	1.0;1.0;1.0;1.0;1.0;1.0;1.0;0.98698
k79_46976	2;976;200643;171549;815;909656;357276;997877	1.0;0.99987;0.99987;0.99987;0.99986;0.99985;0.99985;0.99985
k79_22673	2;1239;186801;3085636;186803;1766253;39491;657317	1.0;1.0;1.0;1.0;1.0;0.99998;0.99998;0.86363
k79_10503	2;976;200643;171549;171550;239759;1288121	1.0;1.0;1.0;1.0;1.0;1.0;1.0
k79_34118	2157;28890;183925;2158;2159;2172;230361	0.99013;0.99013;0.99013;0.99013;0.99013;0.99013;0.9876
k79_59371	2;976;200643;171549;815;816;246787	1.0;1.0;0.99999;0.99999;0.99918;0.99915;0.99902
k79_46984	2;976;200643;171549;815;816;818	1.0;0.9999;0.9999;0.9999;0.9999;0.9999;0.9999
k79_94841	2;1239;186801;3085636;186803;1766253;39491;657317	1.0;0.99999;0.99998;0.99994;0.99994;0.85412;0.85412;0.77603
k79_22682	2;976;200643;171549;815;816;820;997890	1.0;1.0;1.0;1.0;1.0;1.0;0.99999;0.99999
k79_59373	2;1239;186801;186802;216572;216851	1.0;0.99725;0.99607;0.95222;0.95212;0.93898
k79_22685	2;1239;186801;3085636;186803;189330;88431	1.0;1.0;1.0;0.99966;0.99966;0.98803;0.98802
k79_46990	2;976;200643;171549;815;816;820;997890	1.0;1.0;1.0;1.0;1.0;1.0;1.0;1.0
k79_59376	2;976;200643;171549;815;816;817;862962	0.99999;0.99951;0.99951;0.99951;0.99926;0.99925;0.99924;0.99924
k79_71057	2;976;200643;171549;815;816;820;997890	1.0;1.0;1.0;1.0;1.0;1.0;1.0;1.0
k79_10509	2;976;117743;200644;49546;237;3003260	1.0;0.99987;0.99987;0.99987;0.99987;0.99987;0.99987
k79_59377	2;1239;186801;3085636;186803;2316020;46228;471875	1.0;1.0;1.0;1.0;1.0;0.99991;0.99991;0.99991
k79_22689	2;1239;186801;186802;216572;1263;2608920	1.0;1.0;1.0;1.0;0.99999;0.99999;0.99989
k79_83378	2;976;200643;171549;815;816;820;997890	1.0;1.0;1.0;1.0;1.0;1.0;0.99999;0.99999
k79_22693	2;1239;526524;526525;2810280;2678885;1982626	0.99973;0.99965;0.99639;0.99639;0.99639;0.99639;0.99639
k79_83380	2;976;200643;171549;815;909656;387090	1.0;1.0;1.0;1.0;1.0;0.99999;0.99999
k79_34128	2;1239;186801;186802;216572;216851;853;657322	1.0;1.0;0.99999;0.99903;0.999;0.99899;0.99898;0.99893
k79_59400	2;1239;186801;3085636;186803;2316020;46228;471875	1.0;1.0;1.0;1.0;1.0;0.99999;0.99999;0.99999
k79_83384	2;1239;186801;3085636;186803;1766253;39491;657318	1.0;0.99998;0.99998;0.99998;0.99998;0.99966;0.99966;0.99778
k79_22709	2;1239;186801;3085636;186803;572511;418240;1121115	1.0;1.0;1.0;1.0;1.0;0.99999;0.99999;0.99999
k79_71069	2;976;200643;171549;815;816;820;997890	1.0;1.0;1.0;1.0;1.0;1.0;1.0;1.0
k79_83393	2;1239;186801;3085636;186803;2316020;46228;471875	1.0;1.0;1.0;1.0;1.0;0.99955;0.99955;0.99955
k79_83394	2;976;200643;171549;815;816;46506;449673	1.0;0.99999;0.99999;0.99999;0.99999;0.99994;0.99992;0.99992
k79_94870	2;976;200643;171549;815;816;820;997890	1.0;1.0;1.0;1.0;1.0;1.0;0.99999;0.99999
k79_22726	2;1239;186801;186802;216572;1263;2608920	1.0;0.99998;0.99997;0.99981;0.99981;0.99981;0.9998
k79_22729	2;1239;186801;3085636;186803;2316020;33039;657313	1.0;1.0;1.0;1.0;1.0;0.9999;0.9999;0.9999
k79_83401	2157;28890;183925;2158;2159;2172;2173;420247	1.0;1.0;1.0;1.0;1.0;1.0;1.0;1.0
k79_10514	2;1239;186801;186802;216572;216851;2929495	1.0;0.99995;0.99994;0.99994;0.99994;0.99994;0.99973
k79_47028	2;1239;186801;186802;216572;1263;2608920	1.0;0.99999;0.99999;0.99999;0.99998;0.99998;0.99996
k79_83406	2;1239;186801;3085636;186803;2569097;39488	1.0;1.0;1.0;1.0;1.0;1.0;1.0
k79_22740	2;1239;186801;3085636;186803;841;1261635	0.99999;0.99999;0.99999;0.99999;0.99999;0.9999;0.99986
k79_94893	2;1239;186801;3085636;186803;2316020;33039;657313	1.0;0.99999;0.99999;0.99999;0.99999;0.99998;0.99939;0.99939
k79_47039	2;1239;186801;186802;216572;216851;853;718252	1.0;0.99986;0.9997;0.99605;0.99602;0.98879;0.98;0.97837
k79_22745	2;1239;526524;526525;2810280;2678885;1982626	1.0;1.0;1.0;1.0;1.0;1.0;1.0
k79_59436	2;1224;28211;356;82115;357;2735528	1.0;0.51421;0.51269;0.51269;0.51268;0.51268;0.51268
k79_10518	2;1239;186801;3085636;186803;572511;418240;1121115	1.0;1.0;1.0;1.0;1.0;1.0;1.0;1.0
k79_34162	2157;28890;183925;2158;2159;2172;2173;420247	1.0;1.0;1.0;1.0;1.0;1.0;1.0;1.0
k79_47052	2;1239;909932;1843488;909930;33024;33025	0.95901;0.95741;0.91882;0.91881;0.91881;0.91881;0.91881
k79_34165	2;976;200643;171549;815;816;162156	0.9917;0.96763;0.96749;0.96749;0.96589;0.95875;0.9386
k79_59446	2157;28890;183925;2158;2159;2172;2173;420247	1.0;1.0;1.0;1.0;1.0;1.0;1.0;1.0
k79_10527	2;976;200643;171549;2005525;375288;1217282	1.0;0.99999;0.99999;0.99999;0.99979;0.99979;0.99979
k79_94901	2157;28890;183925;2158;2159;2172;2173;420247	1.0;1.0;1.0;1.0;1.0;1.0;0.99999;0.99999
k79_71094	2;1239;186801;3085636;186803;841;166486;657315	1.0;1.0;1.0;0.99999;0.99999;0.99981;0.99979;0.95184
k79_47059	2;1239;186801;3085636;186803;1766253;39491;657318	0.99989;0.75722;0.7533;0.68582;0.68582;0.65605;0.65605;0.57541
k79_59454	2;976;200643;171549;815;816;820;997890	1.0;0.99999;0.99999;0.99999;0.99999;0.99996;0.99988;0.99988
k79_22780	2;976;200643;171549;815;816;820;997890	1.0;1.0;1.0;1.0;1.0;1.0;1.0;1.0
k79_47061	2157;28890;183925;2158;2159;2172;2173;420247	1.0;1.0;1.0;1.0;1.0;1.0;1.0;1.0
k79_94915	2;976;200643;1970189;558415;1193324;889453	1.0;1.0;1.0;1.0;1.0;1.0;1.0
k79_22786	2;1239;186801;3085636;186803;1766253;39491;657317	1.0;1.0;1.0;1.0;1.0;0.99998;0.99998;0.97727
k79_59474	2;1239;186801;186802;216572;1263;2608920	1.0;0.99984;0.99965;0.99962;0.99913;0.99913;0.99909
k79_47069	2;976;200643;171549;815;816;291644	1.0;1.0;1.0;1.0;1.0;1.0;0.99986
k79_71112	2;976;200643;171549;815;816;162156	0.99999;0.99999;0.99999;0.99999;0.99999;0.99998;0.99954
k79_94917	2;1239;186801;3085636;186803;841;166486;718255	1.0;1.0;1.0;1.0;1.0;0.99921;0.99916;0.99871
k79_59475	2;976;200643;171549;171550;239759;1470347;1211813	1.0;1.0;0.99999;0.99999;0.99999;0.99999;0.99999;0.99999
k79_71114	2;976;200643;171549;815;909656;387090	1.0;0.99998;0.99998;0.99998;0.99994;0.99927;0.99896
k79_10539	2157;651137;1643678;1033996;1033997;1826864;1826872	1.0;1.0;1.0;1.0;1.0;1.0;1.0
k79_10542	2;1239;186801;3085636;186803;841;301301	1.0;0.99998;0.99998;0.99998;0.99998;0.99998;0.99998
k79_94935	2;544448;31969;2085;2092;2093;292461	1.0;1.0;1.0;1.0;1.0;1.0;1.0
k79_10551	2;1239;186801;3085636;186803;572511;418240;1121115	1.0;1.0;1.0;1.0;1.0;1.0;1.0;1.0
k79_22808	2;1239;526524;526525;2810280;2678885;1982626	0.98957;0.98957;0.98956;0.98956;0.98956;0.98956;0.98956
k79_71139	2;976;200643;171549;815;816;817;997879	0.99999;0.99994;0.99994;0.99994;0.98585;0.983;0.98081;0.97975
k79_47077	2;1239;909932;1843488;909930;33024;33025	1.0;1.0;1.0;1.0;1.0;1.0;1.0
k79_83454	2157;28890;183925;2158;2159;2172;2173;420247	1.0;1.0;1.0;1.0;1.0;1.0;1.0;1.0
k79_59497	2;1239;909932;1843488;909930;33024;33025	1.0;1.0;1.0;1.0;1.0;1.0;1.0
k79_47079	2;1239;186801;3085636;186803;841;166486;718255	1.0;1.0;1.0;0.99989;0.99989;0.99988;0.99988;0.99987
k79_10559	2;1239;186801;3085636;186803;1766253;39491;657317	1.0;1.0;0.99999;0.99999;0.99999;0.9282;0.9282;0.92411
k79_94938	2;976;200643;171549;815;909656;821	1.0;1.0;1.0;1.0;1.0;1.0;1.0
k79_83456	2157;28890;183925;2158;2159;2172;2173;420247	1.0;1.0;1.0;1.0;1.0;1.0;1.0;1.0
k79_34203	2;976;200643;171549;2005525;375288;823;999416	1.0;1.0;1.0;1.0;0.99999;0.99999;0.99999;0.99999
k79_10560	2;976;200643;171549;815;816;28111	1.0;0.99999;0.99999;0.99999;0.99999;0.99999;0.99999
k79_47084	2;1239;186801;3085636;186803;207244;649756;649757	1.0;1.0;1.0;1.0;1.0;1.0;1.0;1.0
k79_71150	2;1239;1737404;1737405;1570339;543311;33033	0.99997;0.97778;0.95296;0.95296;0.95296;0.95296;0.95296
k79_83460	2;976;200643;171549;815;816;820;997890	1.0;1.0;1.0;1.0;1.0;1.0;0.99999;0.99999
k79_47088	2157;28890;183925;2158;2159;2172;2173;420247	1.0;1.0;1.0;1.0;1.0;1.0;1.0;1.0
k79_47090	2;1239;186801;3085636;186803;189330;88431	0.99999;0.99991;0.99991;0.99984;0.99984;0.99605;0.99605
k79_94940	2157;28890;183925;2158;2159;2172;2173;420247	0.98408;0.98408;0.98408;0.98408;0.98408;0.98408;0.98394;0.98394
k79_71156	2;976;200643;171549;815;816;820;997890	1.0;1.0;1.0;1.0;1.0;1.0;1.0;1.0
k79_47093	2;1239;186801;3085636;186803;33042;410072	0.80196;0.80036;0.79826;0.79754;0.79754;0.68657;0.68628
k79_34205	2;976;200643;171549;815;909656;821	1.0;0.99998;0.99998;0.99998;0.99938;0.99919;0.76585
k79_83465	2;1239;186801;186802;216572;1263;2608920	1.0;0.99998;0.99995;0.99988;0.99988;0.99988;0.99952
k79_22828	2;976;200643;171549;815;816;817;997879	0.99996;0.99984;0.99984;0.99984;0.99692;0.9906;0.98936;0.9893
k79_71168	2;1239;186801;3082720;186804;1505657;261299	1.0;1.0;1.0;1.0;1.0;1.0;1.0
k79_47101	2;1239;526524;526525;2810280;2678885;1982626	1.0;0.99979;0.99962;0.99962;0.99948;0.99948;0.99948
k79_94956	2157;28890;183925;2158;2159;2172;2173;420247	1.0;1.0;1.0;1.0;1.0;1.0;1.0;1.0
k79_71173	2;976;117743;200644;49546;237;2977321	1.0;0.99946;0.99945;0.99945;0.99945;0.99945;0.99945
k79_83472	2;1239;186801;3085636;186803;1766253;39491;657317	1.0;1.0;1.0;1.0;1.0;0.99986;0.99986;0.95082
k79_59525	2;976	0.99997;0.51826
k79_47107	2;1239;186801;3085636;186803;2944193;2763672	0.99998;0.99969;0.99833;0.9821;0.9821;0.79332;0.79332
k79_71177	2;976;200643;171549;815;816;2528203	1.0;0.9998;0.9998;0.9998;0.99977;0.99959;0.99512
k79_10578	2157;28890;183925;2158;2159;2172;2173;420247	1.0;1.0;1.0;1.0;1.0;1.0;0.99801;0.99801
k79_22847	2;1239;91061;186826	0.99994;0.99557;0.84913;0.8446
k79_71183	2;1239;186801;3085636;186803;1766253;39491;657317	1.0;1.0;1.0;1.0;1.0;1.0;1.0;0.99999
k79_10580	2;1239;909932;1843488;909930;33024;33025	1.0;1.0;1.0;1.0;1.0;1.0;1.0
k79_22856	2;1239;186801	0.99981;0.94844;0.50031
k79_59540	2;1239;526524;526525;2810280;2678885;1982626	0.99992;0.99979;0.99844;0.99844;0.99844;0.99844;0.99844
k79_83476	2;1239;186801;186802;216572;946234;292800	1.0;1.0;1.0;1.0;1.0;1.0;1.0
k79_94984	2;1239;186801;186802;216572;1263	0.94209;0.71525;0.70135;0.66665;0.6232;0.62296
k79_22860	2;1239;186801;186802;216572;1263;2608920	0.99999;0.99763;0.99584;0.99571;0.99562;0.99556;0.99555
k79_59542	2;976;200643;171549;815;816;3117552	1.0;0.99997;0.99997;0.99997;0.99995;0.99995;0.99954
k79_71187	2157;28890;183925;2158;2159;2172;2173;420247	1.0;1.0;1.0;1.0;1.0;1.0;1.0;1.0
k79_10582	2157;28890;183925;2158;2159;2172;2173;420247	1.0;1.0;1.0;1.0;1.0;1.0;1.0;1.0
k79_47110	2;1239;526524;526525;2810280;2678885;1982626	0.99999;0.99972;0.99966;0.99966;0.99966;0.99966;0.99966
k79_94992	2;1239;186801;186802;216572;1263;2608920	1.0;0.99999;0.99998;0.99997;0.99997;0.99997;0.97162
k79_59548	2;1239;186801;3085636;186803;572511;418240;1121115	0.9989;0.99885;0.9988;0.99877;0.99877;0.99576;0.98896;0.98896
k79_71194	2;1239;909932;1843488;909930;33024;33025	0.99822;0.98591;0.98495;0.98495;0.98495;0.98495;0.98495
k79_34226	2;976;200643;171549;815;816;820;997890	1.0;1.0;1.0;1.0;1.0;1.0;0.99999;0.99999
k79_22865	2;1239;526524;526525;2810280;2678885;1982626	1.0;1.0;0.99999;0.99999;0.99999;0.99999;0.99999
k79_34230	2;976;200643;171549;2005525;375288;823;999416	0.99999;0.99998;0.99996;0.99996;0.62361;0.62361;0.62318;0.62318
k79_94997	2;1239;186801;3085636;186803;189330;39486	1.0;0.99999;0.99999;0.99999;0.99999;0.99987;0.99987
k79_22875	2157;28890;183925;2158;2159;2172;2173;420247	1.0;1.0;1.0;1.0;1.0;1.0;0.99999;0.99999
k79_34234	2;1239;186801;3085636;186803;33042;410072	1.0;1.0;1.0;0.99999;0.99999;0.99946;0.99946
k79_94998	2;1239;186801;186802;31979;1485;1491	1.0;1.0;1.0;1.0;1.0;1.0;0.99999
k79_47121	2;976;200643;171549;815;816;820;997890	1.0;1.0;1.0;1.0;1.0;1.0;0.99999;0.99999
k79_83489	2;1224;1236;91347;543;203804;108080	1.0;0.99983;0.99983;0.99983;0.99983;0.99983;0.99983
k79_95004	2;976;200643;171549;815;816;162156	1.0;0.99998;0.99998;0.99998;0.99998;0.99998;0.99995
k79_10596	2;1239;186801;186802;216572;1263;1161942	1.0;1.0;1.0;1.0;1.0;1.0;1.0
k79_83490	2;1239;186801;3085636;186803;572511;418240;1121115	1.0;1.0;1.0;1.0;1.0;0.99998;0.99427;0.99427
k79_95015	2;1239;526524;526525;2810280;2678885;1982626	1.0;1.0;1.0;1.0;1.0;1.0;1.0
k79_95017	2;1239;91061;186826;81852;1350;417368	0.99865;0.99815;0.99015;0.97977;0.97976;0.97976;0.97976
k79_59585	2;29547;3031852;213849;2808963;2321114;1912871	1.0;0.99999;0.99999;0.99999;0.99999;0.99999;0.99999
k79_71213	2;1239;186801;3085636;186803	0.9951;0.93305;0.87738;0.52519;0.52505
k79_10610	2;1224;28216;80840;80864;3051138;1926868	1.0;0.99989;0.99987;0.99987;0.99987;0.99987;0.99987
k79_10614	2;1239;909932;1843488;909930;33024;33025	1.0;1.0;1.0;1.0;1.0;1.0;1.0
k79_95028	2157;28890;183925;2158;2159;2172;2173;420247	1.0;1.0;1.0;1.0;1.0;1.0;1.0;1.0
k79_71216	2;1239;186801;3085636;186803;572511;418240;1121115	1.0;1.0;1.0;1.0;1.0;1.0;1.0;1.0
k79_47142	2;1239;186801;186802;216572;2892396;2714355	1.0;0.9995;0.99937;0.99934;0.99934;0.99932;0.99932
k79_34244	2;976;200643;171549;815;909656;387090	1.0;1.0;1.0;1.0;1.0;0.99984;0.99984
k79_71217	2;976;200643;171549;815;816;818	1.0;0.99995;0.99995;0.99995;0.99934;0.99903;0.94674
k79_59603	2;976;200643;171549;815;816;820;997890	1.0;0.99999;0.99999;0.99999;0.99999;0.99997;0.99641;0.99641
k79_34245	2;976;200643;171549;815;816;820;997890	1.0;0.99997;0.99997;0.99997;0.99996;0.99996;0.99985;0.99985
k79_95030	2;1239;186801;3085636;186803;1766253;39491;657318	1.0;1.0;1.0;1.0;1.0;1.0;1.0;0.51318
k79_59604	2;201174;1760;85007;1653;1716;598660	1.0;1.0;1.0;1.0;1.0;1.0;1.0
k79_22903	2;1239;186801;186802;216572;1263;2608920	1.0;1.0;1.0;1.0;0.99999;0.99998;0.99998
k79_47150	2;1239;186801;3085636;186803;2316020;33039;657313	1.0;1.0;1.0;1.0;1.0;0.99999;0.99998;0.99998
k79_22904	2;1239;186801;3085636;186803;207244;649756;649757	1.0;1.0;1.0;1.0;1.0;1.0;1.0;1.0
k79_95038	2;976;200643;171549;815;816;371601;657309	1.0;1.0;1.0;1.0;1.0;1.0;0.99999;0.99999
k79_59610	2;1239;186801;3085636;186803;572511;418240;1121115	1.0;1.0;1.0;1.0;1.0;1.0;1.0;1.0
k79_22906	2;1239;186801;186802;216572;1263;2608920	1.0;0.99993;0.99993;0.99993;0.99993;0.99993;0.99993
k79_95043	2;976;200643;171549;815;909656;376805;667015	1.0;0.99999;0.99999;0.99999;0.99999;0.99877;0.99704;0.99704
k79_83534	2;1239;186801;3085636;186803;207244;649756;649757	1.0;1.0;1.0;1.0;1.0;1.0;1.0;1.0
k79_10649	2	0.99974
k79_95050	2;1239;186801;186802;216572;216851;2929489	1.0;1.0;1.0;1.0;1.0;1.0;1.0
k79_71242	2;1239;186801;186802;216572;1263;2564099	1.0;1.0;1.0;1.0;1.0;1.0;0.9991
k79_22918	2;1239;186801;186802;31979;1485;1501;86416	1.0;1.0;0.99942;0.99942;0.99942;0.99942;0.99939;0.99939
k79_83538	2157;28890;183925;2158;2159;2172;2173;420247	1.0;1.0;1.0;1.0;1.0;1.0;0.99999;0.99999
k79_95057	2;1239;909932;1843488;909930;33024;33025	0.99999;0.99999;0.99998;0.99998;0.99998;0.99998;0.99998
k79_34261	2;976;200643;171549;815;816;818	0.99995;0.98438;0.98335;0.98335;0.98278;0.97319;0.93453
k79_95058	2;976;200643;171549;815;816;820;997890	1.0;1.0;1.0;1.0;1.0;1.0;0.99998;0.99998
k79_59624	2;1239;186801;3085636;186803;841;1261634	1.0;1.0;1.0;1.0;1.0;0.99923;0.99919
k79_71256	2;976;200643;171549;815;816;162156	1.0;0.99963;0.99937;0.99935;0.99892;0.95743;0.91864
k79_59625	2;976;200643;171549;815;909656;821	0.99855;0.9985;0.9985;0.99849;0.99597;0.89626;0.89591
k79_34262	2;1239;91061;1385;186817;1434042;85683;439292	1.0;1.0;0.99927;0.99927;0.99927;0.99927;0.99927;0.99927
k79_83543	2;976;200643;171549;815;816;820;997890	1.0;1.0;1.0;1.0;1.0;1.0;1.0;1.0
k79_34263	2;1239;186801;3085636;186803;2316020;33038	1.0;1.0;1.0;1.0;1.0;0.99996;0.99996
k79_95062	2;976;200643;171549;815;816;162156	1.0;0.99983;0.9993;0.9993;0.9974;0.96734;0.8864
k79_10653	2;976;200643;171549;815;816;820;997890	1.0;1.0;1.0;1.0;1.0;1.0;1.0;1.0
k79_71265	2;976;200643;171549;815;816;162156	1.0;0.99997;0.99997;0.99997;0.99995;0.99845;0.78838
k79_59629	2;1239;91061;186826;33958;2742598;1598	1.0;1.0;0.99895;0.99894;0.99894;0.99894;0.99894
k79_83547	2;1239;186801;186802;216572;1263;2564099	1.0;1.0;0.99987;0.99987;0.99987;0.99987;0.99892
k79_59630	2;1239;186801;3085636;186803;572511;418240;1121115	1.0;0.99998;0.99994;0.99984;0.99984;0.99068;0.98782;0.98782
k79_95066	2;1239;186801;186802;31979;1485;36845	1.0;1.0;0.99946;0.99946;0.99946;0.99946;0.99946
k79_71272	2;1239;186801;3085636;186803;2316020;46228;471875	1.0;1.0;1.0;1.0;1.0;0.99999;0.99999;0.99999
k79_95067	2;976;200643;171549;815;909656;821	1.0;1.0;1.0;1.0;0.99984;0.99983;0.99983
k79_34281	2;1239;186801;3085636;186803;572511;418240;1121115	1.0;1.0;1.0;1.0;1.0;1.0;1.0;1.0
k79_83559	2;1239;186801;186802;216572;2892396;2714353	0.99997;0.99337;0.97061;0.95741;0.8934;0.58286;0.55176
k79_47182	2;976;200643;171549;815;816;371601;657309	1.0;0.99999;0.99999;0.99999;0.99991;0.99988;0.99959;0.99959
k79_47183	2;976;200643;171549;815;909656;821	0.99928;0.99366;0.99248;0.99247;0.99245;0.99164;0.99164
k79_83560	2;1239;186801;186802;186806;1730;39496	1.0;1.0;1.0;0.99995;0.99995;0.99995;0.99995
k79_34287	2;1224;1236;2887326;468;469;470	1.0;1.0;1.0;1.0;1.0;1.0;1.0
k79_47186	2;976;200643;171549;815;816;820;997890	1.0;1.0;1.0;1.0;1.0;1.0;0.99998;0.99998
k79_71288	2;976;200643;171549;815;816;820;997890	1.0;0.99996;0.99996;0.99996;0.99995;0.99956;0.99516;0.99516
k79_83566	2;976;200643;171549;815;816;162156	1.0;0.99882;0.99714;0.99713;0.99689;0.95186;0.70247
k79_34292	2;976;200643;171549;815;816;820;997890	1.0;1.0;1.0;1.0;1.0;1.0;1.0;1.0
k79_22933	2;1239;186801;3085636;186803;572511;1796616	0.99977;0.99977;0.99977;0.99977;0.99977;0.99966;0.99965
k79_59635	2;1239;526524;526525;2810280;2678885;1982626	0.99999;0.99999;0.99999;0.99999;0.99999;0.99999;0.99999
k79_47188	2;1239;91061;186826;33958;2767887;1623	1.0;1.0;1.0;1.0;1.0;1.0;1.0
k79_83571	2;1239;909932;1843488;909930;33024;33025	0.91426;0.72866;0.62244;0.62244;0.62244;0.62244;0.62244
k79_95084	2;1239;526524;526525;2810280;2678885;1982626	1.0;1.0;1.0;1.0;1.0;1.0;1.0
k79_59643	2;1239;186801;3085636;186803;1769710;1653434	1.0;1.0;0.99997;0.99997;0.99997;0.99997;0.99997
k79_47204	2;1239;186801;186802;31979;1485;1491	0.99964;0.98613;0.91483;0.90704;0.90703;0.90702;0.90538
k79_34306	2;1239;186801;3085636;186803;2316020;33038	1.0;1.0;1.0;1.0;1.0;1.0;1.0
k79_34308	2;976;200643;171549;815;816;329854	1.0;0.99998;0.99998;0.99998;0.99944;0.99944;0.59341
k79_47205	2;1239;186801;3085636;186803;207244;649756;649757	0.99999;0.99976;0.78786;0.78786;0.78786;0.78786;0.78786;0.78786
k79_47209	2;1239;186801;3085636;186803;572511;89014	1.0;0.99998;0.99997;0.99992;0.99992;0.99987;0.99983
k79_34316	2;976;200643;171549;815;816;820;997890	1.0;1.0;1.0;1.0;1.0;1.0;0.99973;0.99973
k79_59658	2;976;200643;171549;815;816;820;997890	1.0;1.0;1.0;1.0;0.99999;0.99998;0.99981;0.99981
k79_71318	2;1783272	1.0;0.99773
k79_34319	2157;28890;183925;2158;2159;2172;2173;420247	1.0;1.0;1.0;1.0;1.0;1.0;1.0;1.0
k79_95107	2;1239;186801;186802;216572;216851;853;718252	1.0;0.9991;0.99909;0.99766;0.99766;0.99675;0.99675;0.99675
k79_47217	2;976;200643;171549;815;816;820;997890	1.0;0.99922;0.99698;0.99697;0.99685;0.95285;0.87326;0.87326
k79_59664	2;1239;186801;186802;31979;1485;1491	0.99999;0.99993;0.99965;0.99964;0.99963;0.99963;0.99169
k79_83605	2;976;200643;171549;815;816;820;997890	1.0;1.0;1.0;1.0;1.0;1.0;1.0;1.0
k79_22950	2;976;200643;171549;171552;558436;839;264731	1.0;1.0;1.0;1.0;0.99979;0.99955;0.99955;0.99955
k79_71336	2;201174;1760;85006;85023;881616;2905871	0.99999;0.59874;0.59874;0.59804;0.59804;0.59804;0.59804
k79_95121	2;1239;186801;186802;31979;1485;46867	1.0;1.0;1.0;1.0;1.0;1.0;1.0
k79_10698	2;1239;186801;186802;31979;1485;238834	1.0;0.99996;0.9999;0.99989;0.99989;0.99989;0.99984
k79_47228	2;1239;186801;186802;31979;1485	0.98269;0.82765;0.56336;0.52667;0.52634;0.52634
k79_71340	2;1239;186801;186802;31979;1485;29341	0.88481;0.87649;0.84504;0.66333;0.66142;0.66142;0.64788
k79_59681	2157;28890;183925;2158;2159;2172;2173;420247	1.0;1.0;1.0;1.0;1.0;1.0;1.0;1.0
k79_10704	2;976;200643;171549;815;816;46506;449673	1.0;1.0;1.0;1.0;0.99998;0.99998;0.99998;0.99998
k79_22961	2157;28890;183925;2158;2159;2172;2173;420247	0.99996;0.99996;0.99996;0.99996;0.99996;0.99996;0.99993;0.99993
k79_95123	2;976;200643;171549;815;816;820;997890	1.0;0.99993;0.99991;0.99991;0.99991;0.99991;0.99988;0.99988
k79_47243	2;976;200643;171549;815;909656;387090	1.0;0.99979;0.99959;0.99959;0.99957;0.5068;0.50644
k79_83614	2;976;200643;171549;815;816;820;997890	1.0;1.0;1.0;1.0;1.0;1.0;1.0;1.0
k79_34344	2;976;200643;171549;815;816;820;997890	1.0;1.0;1.0;1.0;1.0;1.0;0.99985;0.99985
k79_59703	2;1239;186801;186802;216572;1263;2608920	0.99969;0.99892;0.99891;0.98958;0.98957;0.98956;0.86646
k79_34347	2;1239;526524;526525;2810280;2678885;1982626	1.0;1.0;1.0;1.0;1.0;1.0;1.0
k79_22971	2;976;200643;171549;815;816;820;997890	1.0;1.0;1.0;1.0;1.0;1.0;1.0;1.0
k79_71363	2;1239;186801;186802;216572;1263	0.91689;0.87661;0.87598;0.71437;0.68479;0.68395
k79_22972	2;1239;909932;1843488;909930;33024;33025	1.0;1.0;1.0;1.0;1.0;1.0;1.0
k79_83621	2157;28890;183925;2158;2159;2172;2173;420247	1.0;1.0;1.0;1.0;1.0;1.0;1.0;1.0
k79_10723	2;1239;526524;526525;2810280;2678885;1982626	1.0;1.0;1.0;1.0;1.0;1.0;1.0
k79_47261	2;1239;526524;526525;2810280;2678885;1982626	0.99952;0.99948;0.99907;0.99907;0.99883;0.99883;0.99883
k79_59725	2;1239;186801;186802;216572;1263;1160721	1.0;1.0;1.0;1.0;1.0;1.0;1.0
k79_83630	2;1239;526524;526525;2810280;2678885;1982626	0.99999;0.99999;0.98688;0.98688;0.98688;0.98688;0.98688
k79_10728	2;1239;186801;3085636;186803;572511;418240;1121115	1.0;0.99998;0.99996;0.99988;0.99988;0.97604;0.97603;0.97603
k79_47262	2157;28890;183925;2158;2159;2172;2173;420247	1.0;1.0;1.0;1.0;1.0;1.0;1.0;1.0
k79_34370	2;1239;909932;1843488;909930;33024;33025	0.99997;0.99996;0.99987;0.99987;0.99987;0.99987;0.99987
k79_34375	2;1239;526524;526525;2810280;2678885;1982626	1.0;1.0;1.0;1.0;0.99999;0.99999;0.99999
k79_59747	2;1239;186801;186802;216572;1263;2608920	1.0;0.99997;0.99997;0.99985;0.9996;0.9996;0.99888
k79_34376	2;976;200643;171549;815;816;820;997890	1.0;1.0;1.0;1.0;1.0;1.0;1.0;1.0
k79_95157	2;976;200643;171549;815;816;820;997890	1.0;1.0;1.0;1.0;1.0;1.0;1.0;1.0
k79_59750	2;1239;186801;3085636;186803;572511;418240;1121115	1.0;1.0;1.0;1.0;1.0;0.99985;0.99985;0.99985
k79_34377	2;976;200643;171549;815;816;818	1.0;0.99983;0.99981;0.99981;0.99976;0.94436;0.94318
k79_71380	2;976;200643;171549;2005525;375288;823;999416	1.0;1.0;1.0;1.0;0.99992;0.99992;0.99992;0.99992
k79_95163	2;976;200643;171549;815;816;820;997890	0.99999;0.88578;0.88544;0.87968;0.87906;0.87872;0.85831;0.85831
k79_34378	2;1239;186801;3085636;186803;572511;418240;1121115	1.0;1.0;1.0;1.0;1.0;1.0;0.99999;0.99999
k79_59755	2;976;200643;171549;815;816;820;997890	1.0;1.0;1.0;1.0;1.0;1.0;0.99996;0.99996
k79_22989	2;1239;186801;3085636;186803;2316020;33039;657313	1.0;0.99983;0.99975;0.99975;0.99975;0.99975;0.99974;0.99974
k79_34383	2;1783272	1.0;0.99989
k79_22992	2;976;200643;171549;815;816;820;997890	1.0;1.0;1.0;1.0;1.0;1.0;0.99954;0.99954
k79_47302	2;976;200643;171549;815;816;246787	1.0;0.99997;0.99936;0.99936;0.99908;0.99897;0.89024
k79_71391	2;1239;186801;3085636;186803;841;1261635	0.99998;0.99987;0.99986;0.99986;0.99986;0.99952;0.99713
k79_47305	2;1239;91061;1385;186822;44249;2835869	1.0;1.0;0.99884;0.99884;0.99883;0.99883;0.99883
k79_83664	2;1239;186801;3085636;186803;572511;418240;1121115	0.95137;0.95129;0.95104;0.94945;0.94945;0.93764;0.93691;0.93691
k79_10735	2157;28890;183925;2158;2159;2172;2173;420247	1.0;1.0;1.0;1.0;1.0;1.0;1.0;1.0
k79_83669	2;976;200643;171549;815;816;820;997890	0.99999;0.99993;0.99992;0.99992;0.99975;0.99972;0.97225;0.97225
k79_34398	2157;28890;183925;2158;2159;2172;2173;420247	1.0;1.0;1.0;1.0;1.0;1.0;1.0;1.0
k79_59767	2;1239;186801;186802;31979;1485;1522	1.0;1.0;1.0;1.0;1.0;1.0;1.0
k79_83678	2;1239;186801;3085636;186803;1506553;29347	1.0;0.9994;0.99939;0.99917;0.99917;0.59648;0.59648
k79_59770	2;1239;526524;526525;2810280;2678885;1982626	1.0;1.0;1.0;1.0;1.0;1.0;1.0
k79_71403	2;1239;186801;186802;216572;1263;2608920	1.0;1.0;1.0;0.99999;0.99988;0.99988;0.99988
k79_47330	2;1239;526524;526525;2810280;2678885;1982626	0.91721;0.86337;0.74154;0.74154;0.74154;0.74152;0.74152
k79_83681	2157;28890;183925;2158;2159;2172;2173;420247	0.99998;0.99998;0.99998;0.99998;0.99998;0.99998;0.99721;0.99721
k79_34414	2;1239;186801;3085636;186803;841;1261635	1.0;1.0;1.0;1.0;1.0;0.99997;0.99996
k79_71404	2;976;200643;171549;815;816;820;997890	1.0;0.99999;0.99999;0.99999;0.99991;0.9999;0.99891;0.99891
k79_95187	2;1239;909932;1843488;909930;33024;33025	1.0;1.0;1.0;1.0;1.0;1.0;1.0
k79_71406	2;1239;186801;3085636;186803;207244;649756;649757	1.0;1.0;1.0;1.0;1.0;1.0;1.0;1.0
k79_59779	2;976;200643;171549;815;816;820;997890	1.0;0.99999;0.99999;0.99999;0.99998;0.99998;0.99907;0.99907
k79_71408	2;1239;186801;3085636;186803;2316020;46228;471875	1.0;1.0;1.0;1.0;1.0;1.0;1.0;1.0
k79_83689	2;1783272	1.0;0.98707
k79_95192	2;1239;186801;3085636;186803;1766253;39491;657317	1.0;1.0;1.0;1.0;1.0;0.99982;0.99982;0.99982
k79_71409	2;1239;526524;526525;2810280;2678885;1982626	0.99992;0.99991;0.99987;0.99987;0.99986;0.99986;0.99986
k79_47333	2;1239;186801;3085636;186803;1766253;39491;657317	1.0;1.0;0.99999;0.99998;0.99998;0.99893;0.99893;0.99863
k79_59788	2;1239;526524;526525;2810280;2678885;1982626	1.0;1.0;1.0;1.0;1.0;1.0;1.0
k79_10759	2157;28890;183925;2158;2159;2172;2173;420247	1.0;1.0;1.0;1.0;1.0;1.0;0.99999;0.99999
k79_23027	2;1239;186801;3085636;186803;1506553;1871021	1.0;1.0;1.0;1.0;1.0;1.0;1.0
k79_71419	2;1239;186801;3085636;186803;2719313;1531	1.0;1.0;1.0;1.0;1.0;1.0;1.0
k79_34421	2157;28890;183925;2158;2159;2172;2173;420247	1.0;1.0;1.0;1.0;1.0;1.0;1.0;1.0
k79_10767	2157;28890;183925;2158;2159;2172;2173;420247	1.0;1.0;1.0;1.0;1.0;1.0;0.99996;0.99996
k79_59793	2;1239	0.86604;0.76118
k79_95217	2;976;200643;171549;815;909656;821	0.99851;0.99309;0.99309;0.99309;0.98699;0.95906;0.95903
k79_83697	2;976;200643;171549;815;816;820;997890	1.0;1.0;0.99999;0.99999;0.99993;0.99993;0.99025;0.99025
k79_23030	2;1239;526524;526525;2810280;2678885;1982626	0.99994;0.99887;0.9988;0.9988;0.99879;0.99879;0.99879
k79_95222	2157;28890;183925;2158;2159;2172;2173;420247	1.0;1.0;1.0;1.0;1.0;1.0;1.0;1.0
k79_47361	2;1239;186801;186802;216572;216851;411483	1.0;0.99999;0.99999;0.99994;0.99994;0.99989;0.99988
k79_59800	2;1239;186801;3085636;186803;572511;89014	1.0;1.0;1.0;1.0;1.0;1.0;0.99991
k79_10776	2;1239;526524;526525;2810280;2678885;1982626	1.0;1.0;1.0;1.0;0.99999;0.99999;0.99999
k79_10777	2;1239;186801;3085636;186803;2316020;46228;471875	1.0;1.0;1.0;1.0;1.0;1.0;1.0;1.0
k79_95230	2;1239;186801;3085636;186803;1766253;39491;657318	1.0;1.0;1.0;1.0;1.0;0.99999;0.99999;0.99847
k79_59813	2;1239;186801;186802;216572;2892396;2714355	1.0;1.0;1.0;0.99996;0.99996;0.99996;0.99996
k79_71440	2;1239;526524;526525;2810280;2678885;1982626	1.0;1.0;0.99999;0.99999;0.99999;0.99999;0.99999
k79_23055	2;1239;186801;186802;216572;1263;2608920	1.0;0.99995;0.99985;0.99985;0.99985;0.99985;0.98835
k79_83704	2;976;200643;171549;815;909656;387090	1.0;1.0;1.0;1.0;1.0;0.9999;0.9999
k79_47374	2;1239;186801;3085636;186803;1766253;39491;657318	1.0;1.0;1.0;1.0;1.0;0.99999;0.99999;0.99998
k79_59816	2;1239;186801;186802;216572;1263;2608920	1.0;1.0;0.99999;0.9998;0.9998;0.9998;0.9998
k79_34437	2;976;200643;171549;815;816;291645	0.99929;0.98195;0.98194;0.98194;0.98158;0.97784;0.93763
k79_10799	2;1239;526524;526525;2810280;2678885;1982626	1.0;1.0;0.99999;0.99999;0.99999;0.99999;0.99999
k79_95252	2;1239;186801;186802;216572	0.99833;0.9947;0.99404;0.98378;0.98334
k79_71444	2;976;200643;171549;815;816;820;997890	1.0;0.99991;0.9999;0.9999;0.9999;0.99938;0.75611;0.75611
k79_95257	2;1239;186801;3085636;186803;572511;418240;1121115	1.0;1.0;1.0;1.0;1.0;1.0;0.99999;0.99999
k79_10800	2;976;200643;171549;2005525;375288;823;999416	0.99956;0.98701;0.9869;0.9869;0.60605;0.60605;0.60605;0.60605
k79_71450	2;1239;526524;526525;2810280;2678885;1982626	1.0;1.0;1.0;1.0;1.0;1.0;1.0
k79_10805	2;74201;203494;48461;1647988;239934;239935	0.99981;0.88078;0.88078;0.88078;0.88078;0.88078;0.88078
k79_83712	2;1239;526524;526525;2810280;2678885;1982626	1.0;1.0;0.99999;0.99999;0.99999;0.99999;0.99999
k79_47394	2;976;200643;171549;815;909656;821	0.99999;0.99824;0.99823;0.99823;0.99798;0.99357;0.99357
k79_10823	2;1239;186801;3085636;186803;2944195;2763669	1.0;1.0;1.0;0.99995;0.99995;0.99889;0.99889
k79_34460	2;1239;186801;3085636;186803;2316020;46228;471875	1.0;0.99994;0.9991;0.99704;0.99704;0.6852;0.66721;0.66721
k79_71457	2;1239;909932;1843488;909930;33024;33025	1.0;1.0;1.0;1.0;1.0;1.0;1.0
k79_10824	2;976;200643;171549;2005525;375288;823;999416	1.0;0.99983;0.99982;0.99982;0.9835;0.9835;0.9835;0.9835
k79_95272	2;1239;91061;1385;186817;2893055;86665	1.0;1.0;0.99996;0.99996;0.99996;0.99996;0.99996
k79_47398	2;1239;186801;186802;216572;1263;2608920	1.0;1.0;1.0;0.99993;0.99993;0.99993;0.9999
k79_34475	2;1239;526524;526525;2810280;2678885;1982626	1.0;1.0;1.0;1.0;1.0;1.0;1.0
k79_71471	2;1239;186801;3085636;186803;572511;418240;1121115	1.0;1.0;1.0;1.0;1.0;1.0;1.0;1.0
k79_47399	2;1239;186801;3085636;186803;572511;418240;1121115	1.0;1.0;1.0;1.0;1.0;0.99923;0.99922;0.99922
k79_95280	2;976;200643;171549;815;816;2528203	1.0;1.0;1.0;1.0;0.99999;0.99997;0.99796
k79_95281	2;1239;186801;3085636;186803;572511;418240;1121115	1.0;1.0;1.0;1.0;1.0;1.0;1.0;1.0
k79_47402	2;976;200643;171549;815;816;820;997890	1.0;1.0;1.0;1.0;1.0;1.0;0.99999;0.99999
k79_23067	2;976;200643;171549;815;816;28116	1.0;0.99999;0.99999;0.99999;0.99998;0.99997;0.9998
k79_10844	2;976;200643;171549;815;816;820;997890	1.0;0.90365;0.9036;0.9036;0.9036;0.9036;0.90312;0.90312
k79_95286	2;1239;186801;186802;216572;216851;411483	1.0;0.91305;0.91198;0.7603;0.75936;0.75936;0.75752
k79_23071	2;1224;1236;2887326;468;469;909768	0.99997;0.99948;0.99948;0.99948;0.99948;0.99948;0.99948
k79_83739	2;1239;186801;186802;216572;1263;2608920	1.0;1.0;0.99995;0.99995;0.99989;0.99989;0.99988
k79_10846	2;1239;186801;3085636;186803;572511;418240;1121115	1.0;1.0;1.0;1.0;1.0;1.0;1.0;1.0
k79_10849	2;1239;186801;186802;31979;1485;1502	1.0;0.99995;0.99995;0.99995;0.99995;0.99995;0.99995
k79_83741	2;1239;526524;526525;2810280;2678885;1982626	1.0;1.0;1.0;1.0;1.0;1.0;1.0
k79_95295	2;976;200643;171549;815;909656;821	1.0;0.99972;0.99972;0.99972;0.99964;0.99959;0.99959
k79_59880	2;1239;186801;3085636;186803;2316020;46228;471875	1.0;1.0;1.0;1.0;1.0;1.0;1.0;1.0
k79_34484	2;976;200643;171549;815;909656;821	0.99991;0.99867;0.99867;0.99867;0.99857;0.99367;0.99367
k79_59889	2;976;200643;171549;815;816;291644	1.0;1.0;1.0;1.0;1.0;1.0;1.0
k79_10865	2;1239;526524;526525;2810280;2678885;1982626	1.0;1.0;1.0;1.0;1.0;1.0;1.0
k79_71472	2;1239;186801;186802;216572;1263;2608920	1.0;0.99999;0.99999;0.99996;0.99996;0.99996;0.99995
k79_71474	2;1239;186801;3085636;186803;830;185008	1.0;0.99999;0.99999;0.99998;0.99998;0.99996;0.99996
k79_95319	2;1239;186801;3085636;186803;1766253;39491;657317	0.99999;0.99997;0.99997;0.99997;0.99997;0.86771;0.86771;0.86765
k79_23094	2;1239;186801;3085636;186803;2316020;33039;657313	1.0;1.0;1.0;1.0;1.0;0.99999;0.99998;0.99998
k79_83756	2;1239;526524;526525;2810280;2678885;1982626	1.0;1.0;1.0;1.0;1.0;1.0;1.0
k79_83757	2;1239;186801;3085636;186803;572511;418240;1121115	1.0;1.0;1.0;1.0;1.0;1.0;0.99997;0.99997
k79_47435	2;1239;186801;3085636;186803;2944193;2763672	1.0;1.0;1.0;1.0;1.0;1.0;1.0
k79_71478	2;976;200643;171549;1853231;574697;2093856	1.0;1.0;1.0;1.0;0.99997;0.99997;0.99997
k79_10893	2;1239;186801;186802;216572;216851;411483	1.0;0.99991;0.99991;0.99923;0.99923;0.99894;0.98084
k79_34494	2;976;200643;171549;815;816;820;997890	1.0;1.0;1.0;1.0;1.0;1.0;1.0;1.0
k79_59893	2157;28890;183925;2158;2159;2172;2173;420247	1.0;1.0;1.0;1.0;1.0;1.0;1.0;1.0
k79_34495	2;1239;186801;3085636;186803;2569097;39488	0.99996;0.99993;0.99981;0.99969;0.99969;0.72751;0.72751
k79_10903	2157;28890;183925;2158;2159;2172;2173;420247	1.0;1.0;1.0;1.0;1.0;1.0;0.99997;0.99997
k79_95337	131567	0.92213
k79_23107	2;1239;186801;186802;216572;216851;2646395	1.0;0.99999;0.99999;0.99999;0.99999;0.99994;0.9998
k79_95343	2;1239;186801;3085636;186803;33042;410072	1.0;1.0;1.0;1.0;1.0;0.99928;0.99928
k79_95345	2;1239;186801;186802;216572;1263;2608920	1.0;1.0;1.0;1.0;1.0;1.0;0.99997
k79_10908	2;1239;186801;3085636;186803;2719313;208479	1.0;1.0;1.0;0.9999;0.9999;0.99989;0.99989
k79_71490	2;1239;186801;3085636;186803;2316020;33039;657313	1.0;1.0;1.0;0.99982;0.99982;0.99981;0.99981;0.99981
k79_83775	2;976;200643;171549;815;816;820;997890	1.0;1.0;1.0;1.0;1.0;1.0;0.99999;0.99999
k79_47449	2;1239;186801;3085636;186803;1766253;39491;657318	1.0;1.0;1.0;1.0;1.0;0.99999;0.99999;0.99205
k79_23121	2157;28890;183925;2158;2159;2172;2173;420247	0.99995;0.99995;0.99995;0.99995;0.99995;0.99995;0.99886;0.99886
k79_59910	2;1239;909932;1843488;909930;33024;33025	1.0;1.0;1.0;1.0;1.0;1.0;1.0
k79_83779	2;1239;186801;3085636;186803;1766253;39491;657317	1.0;1.0;1.0;1.0;1.0;1.0;1.0;0.9961
k79_10916	2;1239;186801;3085636;186803;2944195;2763669	1.0;1.0;1.0;0.99984;0.99984;0.99984;0.99984
k79_83780	2;1239;526524;526525;2810280;2678885;1982626	1.0;1.0;1.0;1.0;1.0;1.0;1.0
k79_71498	2;1239;186801;3085636;186803;572511;89014	1.0;1.0;1.0;1.0;1.0;1.0;1.0
k79_10921	2;1239;909932;1843488;909930;33024;33025	1.0;1.0;1.0;1.0;1.0;1.0;1.0
k79_95359	2;976;200643;171549;815;816;820;997890	1.0;0.98195;0.98193;0.98193;0.98193;0.98193;0.98181;0.98181
k79_47460	2;1239;909932;1843488;909930;33024;33025	1.0;1.0;1.0;1.0;1.0;1.0;1.0
k79_23136	2;976;200643;171549;2005525;375288;2951805	1.0;0.99998;0.99996;0.99996;0.99993;0.99993;0.99976
k79_47464	2;1239;526524;526525;2810280;2678885;1982626	1.0;1.0;0.99936;0.99936;0.99936;0.99936;0.99936
k79_59924	2;1239;186801;3085636;186803;207244;649756;649757	1.0;1.0;1.0;1.0;1.0;1.0;1.0;1.0
k79_34533	2;1239;186801;186802;216572;1263;2608920	1.0;0.99999;0.9999;0.9999;0.99964;0.99964;0.99964
k79_83801	2;1239;186801;3085636;186803;841;301301	0.99996;0.99995;0.99995;0.9999;0.9999;0.99984;0.99959
k79_23139	2;976;117743;200644;49546;292691	1.0;1.0;1.0;1.0;1.0;1.0
k79_10943	2;1239;186801;186802;216572;1263;2608920	1.0;0.99999;0.97941;0.97852;0.97852;0.97852;0.97852
k79_83819	2;1239;186801;186802;216572;1263;2608920	1.0;1.0;0.99999;0.99999;0.99998;0.99998;0.99998
k79_83822	2;976;200643;171549;815;909656;821	1.0;1.0;1.0;1.0;1.0;0.99999;0.99999
k79_10951	2;1239;186801;3085636;186803;841;301301	1.0;0.99999;0.99998;0.99998;0.99998;0.99995;0.99904
k79_71508	2;1239;909932;1843488;909930;904;187327	1.0;1.0;0.99999;0.99999;0.99999;0.99999;0.99999
k79_47487	2;976;200643;171549;815;816;28111	1.0;0.99913;0.99891;0.99891;0.9989;0.99889;0.99888
k79_71512	2;1239;526524;526525;2810280;2678885;1982626	1.0;1.0;1.0;1.0;1.0;1.0;1.0
k79_10959	2;1239;186801;3085636;186803;1766253;39491;657318	0.99984;0.98532;0.98013;0.97949;0.97949;0.80124;0.80124;0.79827
k79_59935	2;1239;526524;526525;2810280;2678885;1982626	1.0;1.0;1.0;1.0;1.0;1.0;1.0
k79_10970	2;1239;91061;1385;186817;2675232;3070678	1.0;0.99999;0.99995;0.99995;0.99995;0.99995;0.99995
k79_83840	2;1239;186801;3085636;186803;841;301301	0.99999;0.99987;0.99967;0.99962;0.99962;0.97711;0.97701
k79_23168	2;976;200643;171549;815;816;820;997890	1.0;1.0;0.99998;0.99998;0.99998;0.99998;0.99989;0.99989
k79_34543	2157;28890;183925;2158;2159;2172;2173;420247	1.0;1.0;1.0;1.0;1.0;1.0;1.0;1.0
k79_95377	2;1239;186801;186802;216572;1263;1160721	1.0;1.0;0.99999;0.99999;0.99999;0.99999;0.99998
k79_10972	2;976;117743;200644;49546;1016;1316596	1.0;1.0;0.99999;0.99999;0.99999;0.99998;0.99998
k79_71516	2;1239;186801;186802;31979;1485	0.99789;0.99141;0.84236;0.81289;0.8014;0.8014
k79_47497	2;976;200643;171549;815;909656;821	1.0;1.0;1.0;1.0;1.0;0.99999;0.99999
k79_10977	2;1239;186801;3085636;186803;1766253;39491;657318	1.0;1.0;1.0;1.0;1.0;1.0;1.0;0.83791
k79_59936	2;976;200643;171549;815;816;817;997879	0.99999;0.99998;0.99997;0.99997;0.99979;0.99945;0.99927;0.99926
k79_47505	2;976;200643;171549;815;816;820;997890	1.0;1.0;1.0;1.0;1.0;1.0;1.0;1.0
k79_71528	2;976;200643;171549;815;816;162156	1.0;1.0;1.0;1.0;1.0;0.99979;0.99979
k79_10987	2;1239;186801;3085636;186803;841;301301	0.99991;0.99919;0.99642;0.99532;0.99532;0.92865;0.91039
k79_47509	2;1239;186801;3085636;186803;1766253;39491;657317	0.99998;0.99995;0.99422;0.94828;0.94828;0.94407;0.94407;0.94404
k79_23178	2;1239;186801;3085636;186803;572511;418240;1121115	0.99998;0.99998;0.99997;0.99954;0.99954;0.94879;0.94856;0.94856
k79_59951	2;1224;1236;135622;267890;22;2864206	1.0;0.99395;0.99395;0.99395;0.99395;0.99395;0.99395
k79_10995	2;1239;186801;3085636;186803;33042;751585	1.0;1.0;1.0;0.99998;0.99998;0.99996;0.99996
k79_34561	2;1239;186801;186802;31979;1485;36839	1.0;1.0;1.0;0.99996;0.99996;0.99996;0.99996
k79_71538	2;976;200643;171549;815;909656;821	1.0;0.99952;0.99952;0.99952;0.9995;0.9995;0.9995
k79_71540	2;1239;186801;186802;216572;216851;853;718252	1.0;0.99787;0.99786;0.99783;0.99715;0.9959;0.99583;0.99583
k79_23194	2;1783272	0.99999;0.99991
k79_47518	2;976;200643;171549;815;816;820;997890	1.0;0.99999;0.99998;0.99998;0.99998;0.99998;0.99998;0.99998
k79_71544	2;1239;526524;526525;2810280;2678885;1982626	1.0;0.99999;0.99999;0.99999;0.99999;0.99999;0.99999
k79_10997	2;74201;203494;48461;1647988;239934;239935	1.0;0.99997;0.99997;0.99997;0.99997;0.99997;0.99997
k79_47521	2;976;200643;171549;815;816;820;997890	1.0;1.0;1.0;1.0;1.0;1.0;0.99971;0.99971
k79_95396	2;976;200643;171549;815;909656;387090	1.0;1.0;1.0;1.0;0.99998;0.99998;0.99998
k79_59966	2157;28890;183925;2158;2159;2172;2173;420247	1.0;1.0;1.0;1.0;1.0;1.0;1.0;1.0
k79_95397	2;976;200643;171549;815;909656	1.0;0.99156;0.99154;0.99154;0.99151;0.63353
k79_59976	2;1239;526524;526525;2810280;2678885;1982626	1.0;1.0;1.0;1.0;1.0;0.99999;0.99999
k79_83861	2;1239;186801;3085636;186803;33042;410072	1.0;1.0;1.0;1.0;1.0;0.99997;0.99997
k79_34595	2;1239;186801;3085636;186803;1506553;29347	1.0;1.0;1.0;1.0;1.0;1.0;1.0
k79_59988	2;1239;186801;3085636;186803;841;2763062	1.0;0.99997;0.99997;0.99958;0.99958;0.99955;0.99955
k79_34603	2;976;200643;171549;815;909656;821	1.0;1.0;1.0;1.0;1.0;0.99995;0.99995
k79_83868	2;1239;526524;526525;2810280;2678885;1982626	1.0;1.0;0.99999;0.99999;0.99997;0.99996;0.99996
k79_71571	2;1239;186801;3085636;186803;189330;88431	1.0;1.0;1.0;0.99985;0.99985;0.99984;0.99984
k79_11013	2;1239;526524;526525;2810280;2678885;1982626	1.0;1.0;1.0;1.0;0.99999;0.99999;0.99999
k79_47569	2;976;200643;171549;2005525;375288;46503	1.0;0.99466;0.99429;0.99429;0.98598;0.98598;0.98597
k79_71572	2;1239;909932;1843488;909930;33024;33025	1.0;1.0;1.0;1.0;1.0;1.0;1.0
k79_11014	2;1239;186801;3085636;186803;572511;418240;1121115	1.0;1.0;1.0;1.0;1.0;1.0;1.0;1.0
k79_60012	2;1239;186801;3085636;186803;189330;39486	1.0;1.0;1.0;1.0;1.0;0.9997;0.9997
k79_60014	2;976;200643;171549;815;816;820;997890	1.0;1.0;1.0;1.0;1.0;1.0;1.0;1.0
k79_34606	2;1239;186801;186802;216572;216851;2929493	1.0;1.0;1.0;1.0;1.0;1.0;0.99999
k79_34610	2;1239;526524;526525;2810280;2678885;1982626	1.0;1.0;1.0;1.0;1.0;1.0;1.0
k79_95420	2157;28890;183925;2158;2159;2172;2173;420247	1.0;1.0;1.0;1.0;1.0;1.0;0.99993;0.99993
k79_23237	2;1239;526524;526525;2810280;2678885;1982626	1.0;1.0;1.0;1.0;1.0;1.0;1.0
k79_11018	2;1239;186801;3085636;186803;841;1261635	1.0;0.99946;0.99945;0.99764;0.99764;0.78033;0.76725
k79_47584	2;1239;526524;526525;2810280;2678885;1982626	1.0;1.0;1.0;1.0;1.0;1.0;1.0
k79_71574	2;976;200643;171549;815;816;820;997890	1.0;0.99998;0.99994;0.99994;0.99981;0.99979;0.99917;0.99917
k79_47585	2;1239;186801;3085636;186803;572511;418240;1121115	1.0;1.0;1.0;1.0;1.0;1.0;0.99998;0.99998
k79_11021	2;1239;186801;3085636;186803;841;1261635	1.0;1.0;1.0;1.0;1.0;0.99999;0.99999
k79_47587	2;1239;186801;3085636;186803;841;301301	1.0;0.99463;0.99372;0.99136;0.99136;0.99096;0.99096
k79_60029	2;1239;186801;186802;216572;1263;2608920	1.0;1.0;1.0;1.0;1.0;1.0;1.0
k79_71575	2;1239;186801;186802;216572;216851	1.0;0.8699;0.86981;0.86942;0.8694;0.66602
k79_11026	2;1239;186801;186802;216572;2038676;3070656	0.96805;0.94385;0.92452;0.67406;0.67261;0.53021;0.53021
k79_95433	2;1239;186801;3085636;186803;572511;418240;1121115	1.0;1.0;1.0;1.0;1.0;1.0;1.0;1.0
k79_11027	2;976;200643;171549;815;816;818	1.0;0.99998;0.99998;0.99998;0.99998;0.9968;0.99616
k79_34615	2;1239;186801;3085636;186803;841;166486;718255	1.0;0.99999;0.99995;0.99993;0.99993;0.99787;0.99567;0.99561
k79_71578	2;1239;186801;3085636;186803;1766253;39491;657318	1.0;1.0;1.0;1.0;1.0;1.0;1.0;0.99871
k79_11031	2;1239;186801;3085636;186803;207244;649756;649757	1.0;1.0;1.0;1.0;1.0;1.0;1.0;1.0
k79_23245	2;1239;526524;526525;2810280;2678885;1982626	1.0;1.0;0.99999;0.99999;0.99999;0.99999;0.99999
k79_34619	2;1239;526524;526525;2810280;2678885;1982626	1.0;1.0;1.0;1.0;1.0;1.0;1.0
k79_47597	2;1239	0.99991;0.78106
k79_71587	2;200918;188708;2419;1643950;2420;2676525	1.0;0.80714;0.80714;0.80714;0.80714;0.80714;0.80714
k79_11040	2;1239;186801;186802;31979;1485;1561;1415775	1.0;0.99998;0.99998;0.99912;0.99911;0.99736;0.99736;0.99736
k79_23250	2;1239;186801;186802;216572;216851;3030639	1.0;1.0;1.0;1.0;1.0;1.0;1.0
k79_95442	2;976;200643;171549;815;816;162156	1.0;0.99999;0.99999;0.99999;0.99998;0.99971;0.98348
k79_60058	2;976;200643;171549;815;816;2715212	1.0;1.0;1.0;1.0;1.0;1.0;0.99978
k79_71592	2;1239;186801;3085636;186803;841;166486;657315	0.99998;0.99998;0.99998;0.99998;0.99998;0.99898;0.99777;0.97202
k79_47602	2;1239;186801;3085636;186803;1766253;39491;657317	1.0;0.99998;0.99998;0.99991;0.99991;0.99956;0.99956;0.99553
k79_60061	2;976;200643;171549;815;909656;821	1.0;0.99319;0.99319;0.99319;0.99305;0.9928;0.9928
k79_95445	2;1239;526524;526525;2810280;2678885;1982626	1.0;1.0;1.0;1.0;1.0;1.0;1.0
k79_83869	2;1239;186801;3085636;186803;189330;88431	1.0;1.0;1.0;0.99999;0.99999;0.9995;0.9995
k79_23264	2;1239;186801;3085636;186803;2569097;39488	0.99901;0.99899;0.99771;0.99767;0.99767;0.99766;0.99766
k79_71601	2;1239;186801;3085636;186803;2316020;46228;471875	1.0;1.0;1.0;1.0;1.0;1.0;1.0;1.0
k79_83872	2;1239;526524;526525;2810280;2678885;1982626	1.0;1.0;1.0;1.0;1.0;1.0;1.0
k79_60066	2157;28890;183925;2158;2159;2172;2173;420247	1.0;1.0;1.0;1.0;1.0;1.0;1.0;1.0
k79_23270	2;1239;526524;526525;2810280;2678885;1982626	0.99999;0.99986;0.99929;0.99929;0.99929;0.99881;0.99881
k79_34629	2157;28890;183925;2158;2159;2172;2173;420247	1.0;1.0;1.0;1.0;1.0;1.0;1.0;1.0
k79_95462	2;203691;203692;1643688;170;171;1513297	0.99999;0.99999;0.99999;0.99999;0.99999;0.99999;0.99999
k79_95464	2;1239;186801;3085636;186803;572511;418240;1121115	1.0;1.0;1.0;1.0;1.0;1.0;1.0;1.0
k79_60083	2;976;200643;171549;815;816;820;997890	1.0;1.0;1.0;1.0;0.99985;0.99985;0.99985;0.99985
k79_83886	2;1239;186801;186802;216572;1263;2608920	0.99001;0.98985;0.98972;0.94251;0.94247;0.94246;0.94246
k79_11049	2;1239;909932;1843488;909930;33024;626940	1.0;1.0;0.99289;0.99289;0.99289;0.99289;0.99286
k79_95465	2;1239;186801;186802;31979;1485;1491	1.0;1.0;0.99996;0.99993;0.99993;0.99993;0.99947
k79_34635	2;1239;186801;186802;31979;1485;1491	1.0;1.0;0.99123;0.99122;0.9912;0.9912;0.99105
k79_71623	2;976;200643;171549;815;909656;376805;667015	1.0;0.99999;0.99999;0.99999;0.99999;0.99991;0.9999;0.9999
k79_11053	2;976;200643;171549;815;909656;821	1.0;0.6125;0.61249;0.61249;0.61225;0.58335;0.56965
k79_34642	2;1239;186801;3085636;186803;1766253;39491;657317	1.0;0.99993;0.99993;0.99993;0.99993;0.99993;0.99993;0.94642
k79_95470	2;1239;186801;3085636;186803;841;301301	1.0;0.99994;0.99993;0.99949;0.99949;0.98008;0.97584
k79_47640	2157;28890;183925;2158;2159;2172;2173;420247	1.0;1.0;1.0;1.0;1.0;1.0;1.0;1.0
k79_71632	2;976;200643;171549;815;816;2646097	1.0;1.0;1.0;1.0;1.0;1.0;0.99934
k79_60099	2;1239;186801;3085636;186803;1766253;39491;657318	0.99998;0.99949;0.99892;0.998;0.998;0.96388;0.96388;0.9634
k79_71633	2;1239;186801;3085636;186803;1766253;39491;657317	1.0;0.99999;0.99999;0.99999;0.99999;0.99988;0.99988;0.9796
k79_23289	2;1239;186801;3085636;186803;2316020;33038	1.0;1.0;0.99999;0.99999;0.99999;0.99996;0.99995
k79_60107	2;1239;186801;3085636;186803;572511;418240;1121115	1.0;1.0;1.0;1.0;1.0;0.99998;0.99998;0.99998
k79_71636	2;976;200643;171549;815;816;820;997890	1.0;0.99999;0.99999;0.99999;0.99999;0.99999;0.99998;0.99998
k79_60108	2;1239;186801;186802;216572;1263;2608920	0.99999;0.99995;0.99992;0.99991;0.99989;0.99989;0.99984
k79_11065	2;1239;186801;186802;216572;216851;411483	1.0;1.0;1.0;1.0;1.0;1.0;1.0
k79_47656	2157;28890;183925;2158;2159;2172;2173;420247	1.0;1.0;1.0;1.0;1.0;1.0;1.0;1.0
k79_95476	2;1239;186801;3085636;186803;572511;418240;1121115	1.0;1.0;1.0;1.0;1.0;1.0;0.99993;0.99993
k79_47658	2;1239;186801;186802;216572;216851;853;718252	1.0;1.0;1.0;0.99995;0.99995;0.99993;0.99984;0.99984
k79_95479	2;1239;186801;3085636;186803;572511;89014	1.0;1.0;1.0;0.99999;0.99999;0.99998;0.99993
k79_11071	2;1239;186801;3085636;186803;207244;649756;649757	1.0;1.0;1.0;1.0;1.0;1.0;1.0;1.0
k79_23301	2;1239;186801;3085636;186803;572511;418240;1121115	0.99999;0.9994;0.99939;0.79439;0.79439;0.71717;0.71712;0.71712
k79_34665	2;1239;186801;186802;216572;1263;1160721	1.0;1.0;1.0;1.0;1.0;1.0;1.0
k79_83904	2;1239;186801;186802;216572;1263;2608920	1.0;1.0;1.0;1.0;1.0;1.0;1.0
k79_11075	2;1239;186801;186802;31979;1485;1497	0.99979;0.99957;0.99892;0.99882;0.99833;0.99833;0.99474
k79_60126	2;201174;1760;85004;31953;1678;77635	1.0;0.99996;0.99996;0.99996;0.99996;0.99996;0.99996
k79_83907	2;1239;186801;3085636;186803;572511;2877527	0.99999;0.97768;0.97544;0.9654;0.9654;0.63234;0.62384
k79_60128	2;1239;186801;3085636;186803;1766253;39491;657318	0.99996;0.99986;0.99986;0.99985;0.99985;0.98913;0.98913;0.95564
k79_11077	2;1239;186801;3085636;186803;1766253;39491;657317	1.0;1.0;1.0;1.0;1.0;0.99999;0.99999;0.99929
k79_60132	2;1239;186801;3085636;186803;1766253;39491;657318	1.0;1.0;1.0;1.0;1.0;1.0;1.0;0.99998
k79_11079	2157;28890;183925;2158;2159;2172;2173;420247	1.0;1.0;1.0;1.0;1.0;1.0;1.0;1.0
k79_60136	2;976;200643;171549;815;816;2785531	1.0;1.0;1.0;1.0;1.0;1.0;1.0
k79_71663	2;1239;186801;3085636;186803;2569097;39488	1.0;0.99996;0.99995;0.99978;0.99978;0.9579;0.9579
k79_60139	2;1239;186801;186802;216572;1263;2608920	0.99713;0.99681;0.99607;0.89316;0.89316;0.89311;0.53693
k79_95494	2;976;200643;171549;815;816;820;997890	1.0;0.99999;0.99999;0.99999;0.99999;0.99999;0.99999;0.99999
k79_11089	2;1239;186801;3085636;186803;2316020;33039;657313	1.0;1.0;1.0;1.0;1.0;0.99432;0.99432;0.99432
k79_60142	2;1239;526524;526525;2810280;2678885;1982626	0.99988;0.87992;0.84017;0.84017;0.52058;0.52058;0.52058
k79_83916	2;1239;186801;3085636;186803;1766253;39491;657317	1.0;1.0;1.0;1.0;1.0;0.99993;0.99993;0.99791
k79_34685	2;1239;186801;186802;31979;1485;1561;1415775	0.86957;0.86478;0.51884;0.51793;0.51788;0.51788;0.51584;0.51584
k79_23324	2;1239;186801;3085636;186803;207244;649756;649757	0.97646;0.97127;0.74485;0.69848;0.69848;0.69656;0.69656;0.69656
k79_71682	2;1239;186801;3085636;186803	1.0;0.99998;0.99996;0.99994;0.99994
k79_11099	2157;28890;183925;2158;2159;2172;2173;420247	1.0;1.0;1.0;1.0;1.0;1.0;1.0;1.0
k79_95506	2;1239;186801;186802;216572;1263;2608920	0.99999;0.99999;0.99999;0.99999;0.99999;0.99999;0.99998
k79_47694	2;1239;186801;3085636;186803;207244;649756;649757	1.0;0.99998;0.99998;0.99998;0.99998;0.99995;0.99995;0.99995
k79_34696	2;976;200643;171549;815;816	1.0;0.91357;0.91347;0.91347;0.91324;0.61658
k79_60161	2157;28890;183925;2158;2159;2172;2173;420247	1.0;1.0;1.0;1.0;1.0;1.0;1.0;1.0
k79_23334	2;1239;186801;186802;216572;2892396;2714353	1.0;1.0;1.0;1.0;1.0;0.99989;0.99989
k79_11117	2157;28890;183925;2158;2159;2172;2173;420247	1.0;1.0;1.0;1.0;1.0;1.0;1.0;1.0
k79_23344	2;1239;909932;1843488;909930;33024;33025	1.0;1.0;0.99999;0.99999;0.99999;0.99999;0.99999
k79_71686	2;1239;186801;3085636;186803;830;185008	1.0;0.99998;0.99998;0.99998;0.99998;0.99998;0.99998
k79_47697	2;1239;186801;186802;31979;1485;46867	0.99425;0.98739;0.69643;0.64402;0.6118;0.61176;0.58847
k79_34701	2;976;200643;171549;815;816;818	0.99998;0.99925;0.99921;0.99861;0.9982;0.99819;0.9938
k79_71689	2;976;200643;171549;815;816;820;997890	1.0;1.0;1.0;1.0;1.0;1.0;0.99999;0.99999
k79_34703	2;1239;186801;186802;31979;1485;1561;1415775	1.0;1.0;1.0;1.0;1.0;1.0;0.99999;0.99999
k79_11140	2;976;200643;171549;815;816;162156	0.99853;0.99774;0.99774;0.99774;0.98504;0.98278;0.93302
k79_23346	2;1239;186801;186802;216572;1263;2608920	1.0;1.0;1.0;1.0;1.0;1.0;1.0
k79_34711	2;203691;203692;1643686;143786;29521;84377;1045858	1.0;0.98459;0.98459;0.98459;0.98459;0.98459;0.98459;0.98459
k79_83961	2;1239;186801;3085636;186803;572511;418240;1121115	1.0;1.0;1.0;1.0;1.0;0.99677;0.99677;0.99677
k79_47705	2157;28890;183925;2158;2159;2172;2173;420247	1.0;1.0;1.0;1.0;1.0;1.0;1.0;1.0
k79_11160	2;976;200643;171549;815;816;820;997890	1.0;1.0;1.0;1.0;1.0;1.0;1.0;1.0
k79_71693	2;976;200643;171549;171552;838;28131	0.99993;0.99991;0.99991;0.99991;0.99989;0.99989;0.99989
k79_23351	2;976;200643;171549;815;816;820;997890	1.0;1.0;1.0;1.0;1.0;1.0;1.0;1.0
k79_60190	2157;28890;183925;2158;2159;2172;2173;420247	1.0;1.0;1.0;1.0;1.0;1.0;1.0;1.0
k79_47706	2157;28890;183925;2158;2159;2172;2173;420247	0.99978;0.99978;0.99978;0.99978;0.99978;0.99978;0.99374;0.99374
k79_71694	2;1239;186801;3085636;186803;33042;410072	0.99999;0.99999;0.99999;0.99886;0.99886;0.99875;0.99875
k79_95522	2;976;200643;171549;171552;2974251;165179	1.0;1.0;1.0;1.0;0.99996;0.99996;0.99996
k79_47710	2;1239;186801;3085636;186803;33042;410072	1.0;1.0;1.0;1.0;1.0;0.99997;0.99997
k79_11168	2;1239;186801;3085636;186803;572511;418240;1121115	1.0;1.0;1.0;1.0;1.0;1.0;1.0;1.0
k79_34725	2;976;200643;171549;815;816;820;997890	1.0;1.0;1.0;1.0;1.0;0.99999;0.99998;0.99998
k79_11172	2;1239;186801;3085636;186803;572511;418240;1121115	1.0;1.0;1.0;1.0;1.0;1.0;1.0;1.0
k79_11176	2;1239;186801;3085636;186803;2316020;46228;471875	1.0;1.0;1.0;1.0;1.0;1.0;1.0;1.0
k79_83969	2;976;200643;171549;815;816;820;997890	1.0;1.0;1.0;1.0;1.0;1.0;1.0;1.0
k79_11177	2;1239;186801;186802;216572;1263;2608920	1.0;0.9976;0.95941;0.90134;0.90087;0.90085;0.90085
k79_23365	2;1239;186801;3085636;186803;207244;649756;649757	1.0;1.0;1.0;1.0;1.0;1.0;1.0;1.0
k79_34730	2;203691;203692;136;2791015;399320;1129264	1.0;0.99997;0.99997;0.99997;0.99997;0.99997;0.99997
k79_60219	2;1239;186801;3085636;186803;572511;33035	1.0;1.0;1.0;1.0;1.0;1.0;1.0
k79_11197	2;976;200643;171549;815;816;820;997890	1.0;0.99996;0.99996;0.99996;0.99996;0.99996;0.99991;0.99991
k79_23370	2;544448;31969;186328;2131;2132;216931	0.99996;0.97689;0.97689;0.97689;0.97689;0.97689;0.97689
k79_95542	2;1239;186801;3085636;186803;2316020;46228;471875	1.0;1.0;1.0;1.0;1.0;1.0;1.0;1.0
k79_60223	2;1239;186801;186802;216572;1263;2608920	0.84303;0.84123;0.83917;0.82968;0.82967;0.82962;0.82702
k79_23371	2;1239;186801;186802;216572;216851	1.0;0.99456;0.99397;0.59778;0.54076;0.53523
k79_34741	2;1239;186801;3085636;186803;1766253;39491;657318	1.0;1.0;1.0;1.0;1.0;0.99998;0.99998;0.99963
k79_83984	2;976;200643;171549;815;816;820;997890	1.0;1.0;1.0;1.0;1.0;1.0;1.0;1.0
k79_47711	131567	0.99977
k79_95551	2;976;200643;171549;815;816;820;997890	1.0;0.9993;0.99864;0.99864;0.9982;0.99812;0.92757;0.92757
k79_60234	2;1239;186801;186802;216572;216851;3030639	1.0;1.0;1.0;0.99989;0.99989;0.99989;0.99982
k79_23372	2;976;1853228;1853229;563835;1004303;2875540	1.0;1.0;1.0;1.0;1.0;1.0;1.0
k79_71720	2;1239;909932;1843489;31977;906;907;1458465	0.99999;0.99999;0.99996;0.99995;0.99995;0.99995;0.99995;0.99995
k79_95554	2;976;200643;171549;815;816;820;997890	1.0;1.0;1.0;1.0;1.0;1.0;0.99999;0.99999
k79_71722	2;1224;28211;356;82115;357;2735528	0.99976;0.96987;0.9643;0.9643;0.9643;0.9643;0.9643
k79_11200	2157;28890;183925;2158;2159;2172;2173;420247	1.0;1.0;1.0;1.0;1.0;1.0;1.0;1.0
k79_84007	2;1239;186801;186802;216572;2591381;2093857	1.0;1.0;1.0;1.0;1.0;0.99999;0.99999
k79_23382	2;1239;186801;3085636;186803;207244;649756;649757	1.0;1.0;1.0;1.0;1.0;0.99982;0.99982;0.99982
k79_95571	2;1239;186801;186802;216572	0.99329;0.82988;0.82778;0.53361;0.53358
k79_34753	2;976;200643;171549;815;816	1.0;0.99971;0.99952;0.97178;0.97156;0.94737
k79_47720	2;1239;186801;3085636;186803;207244;649756;649757	1.0;1.0;1.0;1.0;1.0;1.0;1.0;1.0
k79_60244	2;1239;186801;3085636;186803;189330;88431	1.0;0.99995;0.99989;0.99717;0.99717;0.73455;0.73454
k79_95583	2;1239;186801;3085636;186803;572511;418240;1121115	1.0;1.0;1.0;1.0;1.0;1.0;1.0;1.0
k79_84009	2;976;200643;171549;815;816;820;997890	1.0;1.0;1.0;1.0;1.0;1.0;0.99955;0.99955
k79_11220	2;1239;186801;3085636;186803	0.98896;0.78523;0.62295;0.52527;0.52526
k79_95587	2;976;200643;171549;815;816;820;997890	1.0;1.0;1.0;1.0;1.0;1.0;1.0;1.0
k79_11222	2;976;200643;171549;815;816;2785531	1.0;1.0;1.0;1.0;0.99981;0.99949;0.99885
k79_71734	2;1239;186801;186802;216572;1263;2608920	0.99996;0.99982;0.99658;0.99632;0.99625;0.99625;0.8082
k79_34761	2;976;200643;171549;815;816;820;997890	1.0;0.99975;0.99974;0.99974;0.99974;0.99964;0.99912;0.99912
k79_95594	2;1239;526524;526525;2810280;2678885;1982626	1.0;1.0;1.0;1.0;1.0;1.0;1.0
k79_34766	2;1239;186801;3085636;186803;572511;40520;657314	1.0;0.99999;0.99999;0.99999;0.99999;0.99999;0.99979;0.99979
k79_11228	2;976;200643;171549;815;816;820;997890	1.0;1.0;1.0;1.0;1.0;1.0;1.0;1.0
k79_84021	2;1239;186801;186802;216572;1263;2564099	1.0;1.0;1.0;1.0;1.0;1.0;0.99961
k79_34768	2;1239;526524;526525;2810280;2678885;1982626	1.0;0.99999;0.99258;0.99258;0.99258;0.99258;0.99258
k79_11230	2157;28890;183925;2158;2159;2172;2173;420247	1.0;1.0;1.0;1.0;1.0;1.0;0.99999;0.99999
k79_60255	2;1239;186801;3085636;186803;841;166486;718255	1.0;1.0;1.0;0.99998;0.99998;0.9993;0.99915;0.95923
k79_34771	2;976;200643;171549;815;909656;821	1.0;0.99995;0.99995;0.99995;0.99944;0.99284;0.98546
k79_11233	2;1239;186801;3085636;186803;1766253;39491;657318	1.0;1.0;1.0;1.0;1.0;0.99998;0.99998;0.99892
k79_47724	2;201174;1760;85006;85023;881616;2905871	1.0;0.99991;0.99991;0.99991;0.99991;0.99991;0.99991
k79_23412	2;976;200643;171549;815;816;817;997879	1.0;1.0;1.0;1.0;0.99982;0.99981;0.99977;0.99976
k79_11235	2;1239;909932;909929;1843490;365348;484770	1.0;1.0;1.0;1.0;1.0;1.0;1.0
k79_95608	2;976;200643;171549;815;816;291644	1.0;1.0;1.0;1.0;0.99997;0.99996;0.99996
k79_11236	2;1239;909932;909929;1843491;970;69823;546271	1.0;1.0;1.0;1.0;1.0;1.0;1.0;1.0
k79_34787	2;1239;186801;3085636;186803;2569097;39488	1.0;1.0;1.0;1.0;1.0;0.99796;0.99796
k79_60263	2;1239;526524;526525;2810280;2678885;1982626	0.99997;0.99997;0.9996;0.9996;0.9996;0.9996;0.9996
k79_71762	2;1239;186801;3082720;186804;1870884;1496	1.0;0.99998;0.99997;0.99995;0.99995;0.99995;0.99995
k79_34793	2157;28890;183925;2158;2159;2172;2173;420247	1.0;1.0;1.0;1.0;1.0;1.0;1.0;1.0
k79_95629	2;1239;526524;526525;2810280;2678885;1982626	0.99991;0.99991;0.99991;0.99991;0.99983;0.99982;0.99982
k79_47743	2;1239;186801;3085636;186803;572511;418240;1121115	0.99996;0.99974;0.99481;0.99473;0.99473;0.84604;0.84598;0.84598
k79_11252	2;1239;186801;3085636;186803;2569097;39488	0.99996;0.99995;0.99995;0.99994;0.99994;0.99977;0.99977
k79_84050	2157;28890;183925;2158;2159;2172;2173;420247	1.0;1.0;1.0;1.0;1.0;1.0;1.0;1.0
k79_95632	2157;28890;183925;2158;2159;2172;2173;420247	0.97352;0.97352;0.97352;0.97352;0.97352;0.97352;0.89097;0.89097
k79_34798	2;1239;186801;186802;216572;1263;1160721	1.0;1.0;1.0;1.0;1.0;1.0;1.0
k79_84054	2;1239;186801;3085636;186803;572511;418240;1121115	1.0;1.0;1.0;1.0;1.0;1.0;1.0;1.0
k79_11254	2;1239;186801	0.99993;0.86855;0.86837
k79_23429	2;1239;186801;3085636;186803;841;1261634	1.0;1.0;1.0;0.99999;0.99999;0.99949;0.99949
k79_47752	2;1239;186801;3085636;186803;2944193;2763672	1.0;1.0;1.0;1.0;1.0;0.99999;0.99999
k79_34803	2;1239;186801;186802;216572;1263;2608920	1.0;0.99999;0.99999;0.99998;0.99997;0.99997;0.99997
k79_84058	2;1239;186801;3085636;186803;572511;89014	1.0;0.99995;0.99992;0.99991;0.99991;0.97919;0.9764
k79_11265	2;1239;186801;3085636;186803;572511;2779518	1.0;1.0;1.0;0.99999;0.99999;0.99962;0.99962
k79_60268	131567	0.99763
k79_71775	2;1239;526524;526525;2810280;2678885;1982626	1.0;1.0;1.0;1.0;1.0;1.0;1.0
k79_84065	2;976;200643;171549;815;816;820;997890	1.0;1.0;1.0;1.0;1.0;1.0;1.0;1.0
k79_60275	2157;28890;183925;2158;2159;2172;2173;420247	1.0;1.0;1.0;1.0;1.0;1.0;1.0;1.0
k79_47753	2;1239;186801;186802;3082771;1738645;3030017	1.0;1.0;1.0;1.0;1.0;1.0;1.0
k79_23436	2;1239;186801;3085636;186803;1766253;39491;657318	1.0;1.0;1.0;1.0;1.0;0.9998;0.9998;0.58477
k79_60281	2;1239;186801;3085636;186803;841;2763062	1.0;1.0;1.0;1.0;1.0;0.99992;0.99992
k79_60284	2;1239;526524;526525;2810280;2678885;1982626	1.0;1.0;1.0;1.0;1.0;1.0;1.0
k79_23442	2;976;200643;171549;815;816;477666	1.0;1.0;1.0;1.0;1.0;1.0;1.0
k79_11276	2;1239;186801;186802;216572;2591381;2093857	1.0;0.91492;0.91398;0.90161;0.89306;0.87164;0.87164
k79_60288	2;976;200643;171549;815;816;820;997890	1.0;1.0;1.0;1.0;1.0;1.0;1.0;1.0
k79_34826	2;1239;526524;526525;2810280;2678885;1982626	1.0;1.0;1.0;1.0;1.0;1.0;1.0
k79_60292	2;1239;909932;909929;1843491;970;3095337	1.0;0.98131;0.97864;0.97864;0.97864;0.97864;0.97864
k79_34828	2;1239;526524;526525;2810280;2678885;1982626	1.0;1.0;0.99999;0.99999;0.99999;0.99999;0.99999
k79_34832	2;1239;186801;186802;31979;1485;46867	0.99991;0.99872;0.99731;0.99573;0.9957;0.99568;0.99332
k79_47765	2;1239;186801;186802;216572;1263;2608920	1.0;1.0;0.99976;0.99975;0.99969;0.99969;0.99968
k79_23448	2;976;200643;171549;815;816;28111	1.0;0.99992;0.99991;0.99991;0.9999;0.99989;0.99977
k79_71799	2157;28890;183925;2158;2159;2172;2173;420247	1.0;1.0;1.0;1.0;1.0;1.0;1.0;1.0
k79_23453	2;1239;186801;3082720;186804;1870884;1496	1.0;1.0;1.0;1.0;1.0;1.0;1.0
k79_11292	2;976;200643;171549;815;816;820;997890	1.0;1.0;0.99999;0.99999;0.99999;0.99999;0.99998;0.99998
k79_34836	2;1239;186801;3085636;186803;2316020;46228;471875	1.0;0.99988;0.9978;0.99747;0.99747;0.92643;0.92507;0.92507
k79_95676	2;976;200643;171549;815;816;817;997879	1.0;1.0;1.0;1.0;0.99998;0.99997;0.99996;0.99996
k79_47773	2;1239;909932;1843488;909930;33024;33025	1.0;1.0;1.0;1.0;1.0;1.0;1.0
k79_95677	2;976;200643;171549;815;816;162156	1.0;1.0;1.0;1.0;1.0;0.99842;0.99842
k79_34840	2;1239;186801;3085636;186803	0.99983;0.96153;0.55692;0.50905;0.50905
k79_84080	2;1239;186801;3085636;186803;841;2763062	1.0;0.98596;0.98527;0.942;0.942;0.87779;0.87774
k79_23463	2;1239;186801;186802;216572;1263;1264;697329	1.0;1.0;1.0;1.0;1.0;1.0;1.0;1.0
k79_34841	2;976;117743;200644;49546;237;2830782	1.0;1.0;1.0;1.0;1.0;1.0;1.0
k79_47778	2;1239;186801;3085636;186803;572511;2877527	1.0;0.99998;0.99997;0.99996;0.99996;0.99995;0.99987
k79_60323	2;1239;91061;186826;1300;1301;315405	1.0;0.99481;0.87511;0.87511;0.79742;0.79742;0.79742
k79_11296	2;1239;526524;526525;2810280;2678885;1982626	1.0;1.0;1.0;1.0;1.0;1.0;1.0
k79_84091	2;976;200643;171549;815;816;817;997879	1.0;0.99996;0.99995;0.99995;0.99988;0.99519;0.91024;0.91024
k79_60331	2;976;200643;171549;815;816;28116	1.0;1.0;1.0;1.0;1.0;0.99999;0.99975
k79_11312	2;976;200643;171549;815;816;820;997890	1.0;1.0;1.0;1.0;1.0;1.0;1.0;1.0
k79_23472	2157;28890;183925;2158;2159;2172;2173;420247	0.99974;0.99974;0.99974;0.99974;0.99974;0.99974;0.99916;0.99916
k79_60346	2;976;200643;171549;815;909656;821	0.99989;0.99977;0.99976;0.99962;0.99912;0.85203;0.8366
k79_84096	2;1239;186801;3085636;186803;207244;649756;649757	1.0;1.0;1.0;1.0;1.0;1.0;1.0;1.0
k79_47784	2;1239;186801;3085636;186803;1766253;39491;657318	1.0;0.99999;0.99999;0.99999;0.99999;0.99995;0.99995;0.99686
k79_23477	2;976;200643;171549;815;816;817;997879	1.0;1.0;1.0;1.0;0.99997;0.90791;0.90787;0.90787
k79_60350	2;976;200643;171549;815;909656;821	0.9638;0.52816;0.52814;0.52814;0.52628;0.51904;0.51894
k79_34867	2;1239;526524;526525;2810280;2678885;1982626	1.0;1.0;0.99992;0.99992;0.99992;0.99992;0.99992
k79_11327	2;976;200643;171549;815;909656;376805;667015	1.0;0.99672;0.99671;0.99671;0.99669;0.99577;0.99533;0.99533
k79_71838	2;1239;186801;3085636;186803;1766253;39491;657318	1.0;1.0;1.0;1.0;1.0;0.99999;0.99999;0.99796
k79_71839	2;1239;186801;3085636;186803;1766253;39491;657317	1.0;1.0;1.0;1.0;1.0;1.0;1.0;1.0
k79_34870	2157;28890;183925;2158;2159;2172;2173;420247	1.0;1.0;1.0;1.0;1.0;1.0;1.0;1.0
k79_84110	2;1239;186801;186802;31979;1485	0.98779;0.95235;0.90696;0.77136;0.7633;0.76325
k79_71849	2;1239;526524;526525;2810280;2678885;1982626	1.0;1.0;0.99999;0.99999;0.99999;0.99998;0.99998
k79_47794	2;1239;526524;526525;2810280;2678885;1982626	1.0;1.0;1.0;1.0;1.0;1.0;1.0
k79_23505	2;1239;526524;526525;2810280;2678885;1982626	1.0;1.0;1.0;1.0;1.0;1.0;1.0
k79_23506	2;1239;526524;526525;2810280;2678885;1982626	1.0;1.0;1.0;1.0;1.0;0.99999;0.99999
k79_47805	2;976;200643;171549;815;909656;376805;667015	1.0;0.99996;0.99996;0.99996;0.99995;0.99993;0.99992;0.99992
k79_34876	2;976;200643;171549;815;816;820;997890	1.0;1.0;1.0;1.0;1.0;1.0;1.0;1.0
k79_11330	2;1239;526524;526525;2810280;2678885;1982626	1.0;1.0;1.0;1.0;1.0;1.0;1.0
k79_11331	2;1239;186801;3085636;186803;33042;410072	1.0;1.0;1.0;1.0;1.0;1.0;1.0
k79_84122	2;1239;186801;186802;216572;459786;2109687	1.0;0.99979;0.99828;0.94874;0.94871;0.93667;0.93667
k79_11334	2;1239;186801;3085636;186803	0.99992;0.68939;0.67228;0.60077;0.60077
k79_47813	2;976;200643;171549;815;816;820;997890	1.0;1.0;1.0;1.0;1.0;1.0;1.0;1.0
k79_95739	2;1239;186801;186802;216572;1263;2608920	0.99999;0.99995;0.99995;0.99989;0.99989;0.9998;0.99975
k79_47826	2;1224;1236;135623;641;662;296199	1.0;0.99994;0.99994;0.99994;0.99994;0.99994;0.99994
k79_95753	2;1239;186801;3085636;186803;572511;418240;1121115	0.99999;0.99998;0.99998;0.99998;0.99998;0.99987;0.99977;0.99977
k79_34886	2;1239;186801;3085636;186803;572511;418240;1121115	1.0;1.0;1.0;1.0;1.0;1.0;1.0;1.0
k79_47828	2;1239;186801;3085636;186803;841;166486;657315	1.0;1.0;1.0;0.99999;0.99999;0.99987;0.99986;0.99984
k79_34887	2;1239;186801;186802;216572;2892396;2714355	0.99999;0.99113;0.99107;0.98711;0.98709;0.94121;0.93979
k79_71858	2;976;200643;171549;815;816;817;997879	1.0;0.99999;0.99999;0.99999;0.99999;0.99998;0.99922;0.99922
k79_47830	2;1239;186801;186802;31979;1485;1561;1415775	0.99995;0.99802;0.98515;0.98203;0.98139;0.98139;0.79349;0.79349
k79_95767	2;1239;186801;186802;216572;2172004;2108523	1.0;0.88842;0.88838;0.88621;0.88548;0.8792;0.8792
k79_11351	2;1239;186801;3085636;186803;33042;410072	1.0;1.0;1.0;1.0;1.0;0.99996;0.99996
k79_47838	2;976;200643;171549;815;909656;821	1.0;1.0;1.0;1.0;1.0;0.99999;0.99999
k79_47841	2;976;200643;171549;2005525;375288;823;999416	1.0;0.99904;0.99902;0.99902;0.99842;0.99842;0.99842;0.99842
k79_23527	2157;28890;183925;2158;2159;2172;2173;420247	1.0;1.0;1.0;1.0;1.0;1.0;0.99986;0.99986
k79_47845	2;976;200643;171549;815;909656;821	1.0;0.99999;0.99999;0.99999;0.99999;0.99998;0.99998
k79_95784	2;976;200643;171549;815;816;820;997890	0.99998;0.99981;0.97789;0.97789;0.97621;0.97411;0.96566;0.96566
k79_60405	2;1239;186801;3085636;186803;572511;418240;1121115	1.0;1.0;1.0;1.0;1.0;0.99997;0.99995;0.99995
k79_84144	2;1239;186801;3085636;186803;1766253;39491;657317	0.99998;0.98637;0.98566;0.78083;0.78083;0.75841;0.75841;0.62346
k79_95789	2;976;200643;171549;815;909656;821	0.99999;0.95647;0.95647;0.95643;0.95637;0.93793;0.93784
k79_23542	2;976;200643;171549;815;909656;821	1.0;1.0;1.0;1.0;1.0;0.99994;0.99994
k79_60409	2;1239;526524;526525;2810280;2678885;1982626	1.0;1.0;1.0;1.0;1.0;1.0;1.0
k79_47861	2;1239;909932;1843488;909930;33024;33025	0.99991;0.99979;0.99786;0.99786;0.99786;0.99786;0.99786
k79_95792	2;1239;186801;3085636;186803;189330;88431	1.0;0.99913;0.99911;0.99662;0.99662;0.99567;0.99567
k79_11360	2;1783272	1.0;0.9807
k79_11361	2;1239;186801;3085636;186803;2316020;46228;471875	1.0;1.0;1.0;1.0;1.0;1.0;1.0;1.0
k79_95796	2;1239;186801;3085636;186803;841;2763062	1.0;0.99999;0.99999;0.99994;0.99994;0.99994;0.99994
k79_11365	2;976;200643;171549;815;909656;357276;997877	1.0;0.99958;0.99958;0.99958;0.92954;0.90684;0.90684;0.90684
k79_34912	2;1239;186801;186802;216572;1263;2608920	1.0;1.0;1.0;1.0;1.0;0.99999;0.99998
k79_11366	2;1239;186801;3085636;186803;572511;2877527	1.0;0.99995;0.99992;0.99991;0.99991;0.99987;0.99987
k79_95803	2;976;200643;171549;1853231;574697;1472416	1.0;1.0;1.0;1.0;1.0;1.0;1.0
k79_34915	2;976;200643;171549;815;909656;821	1.0;1.0;1.0;1.0;1.0;1.0;1.0
k79_23551	2;1239;186801;186802;216572;216851;853;718252	1.0;0.99986;0.99986;0.99984;0.99983;0.99917;0.99858;0.99858
k79_11372	2;1239;186801;3085636;186803;1766253;39491;657317	1.0;1.0;1.0;1.0;1.0;1.0;1.0;0.99746
k79_11373	2;976;200643;171549;815;816;820;997890	1.0;1.0;1.0;1.0;1.0;1.0;0.99997;0.99997
k79_95807	2;1783272	0.99998;0.99992
k79_47895	2;976;200643;171549;815;816;820;997890	1.0;1.0;1.0;1.0;1.0;1.0;1.0;1.0
k79_84199	2157;28890;183925;2158;2159;2172;2173;420247	1.0;1.0;1.0;1.0;1.0;1.0;1.0;1.0
k79_71900	2;1239;186801;3085636;186803;841;301301	1.0;1.0;1.0;1.0;1.0;1.0;1.0
k79_95813	2;1239;186801;186802;216572;459786;2109687	1.0;0.98931;0.98931;0.98919;0.98919;0.98849;0.98849
k79_34924	2;1239;186801	1.0;0.99998;0.92276
k79_60438	2;976;200643;171549;815;816;820;997890	1.0;1.0;1.0;1.0;1.0;1.0;1.0;1.0
k79_23560	2;1239;186801;3085636;186803;841;2763062	1.0;1.0;1.0;1.0;1.0;1.0;1.0
k79_47905	2;1239;909932;1843488;909930;33024;33025	1.0;0.99989;0.99976;0.99976;0.99976;0.99976;0.99976
k79_71907	2;1239;526524;526525;2810280;2678885;1982626	1.0;1.0;1.0;1.0;1.0;1.0;1.0
k79_60448	2;1239;186801;186802;31979;1485;1216932	1.0;0.99998;0.99997;0.99997;0.99997;0.99997;0.99997
k79_84212	2;1239;91061;1385;186817;1386;1705566	1.0;1.0;1.0;1.0;1.0;1.0;1.0
k79_84213	2157;28890;183925;2158;2159;2172;2173;420247	1.0;1.0;1.0;1.0;1.0;1.0;1.0;1.0
k79_47915	2;1239;186801;3085636;186803;33042;410072	1.0;1.0;1.0;1.0;1.0;0.99479;0.99479
k79_95821	2;976;200643;171549;815;816;820;997890	1.0;1.0;1.0;1.0;1.0;1.0;1.0;1.0
k79_34929	2;976;200643;171549;815;816;820;997890	1.0;1.0;1.0;1.0;1.0;1.0;0.99993;0.99993
k79_11385	2;1239;186801;3085636;186803;841;2763062	1.0;0.98227;0.93968;0.93201;0.93201;0.92512;0.9231
k79_84226	2;976;200643;171549;815;816;820;997890	1.0;1.0;1.0;1.0;1.0;1.0;0.99995;0.99995
k79_95837	2;1239;186801;3085636;186803;2316020;46228;471875	1.0;1.0;1.0;1.0;1.0;1.0;1.0;1.0
k79_11399	2;1239;186801;3085636;186803;572511;418240;1121115	1.0;1.0;1.0;1.0;1.0;1.0;1.0;1.0
k79_84236	2;1239;186801;3085636;186803;2316020;46228;471875	1.0;0.99996;0.99995;0.99995;0.99995;0.99526;0.98866;0.98866
k79_60458	2;1239;91061;1385;186822;44249;3032287	1.0;1.0;1.0;1.0;1.0;1.0;0.99997
k79_34952	2;976;200643;171549;815;909656;821	1.0;1.0;1.0;1.0;1.0;0.99996;0.99996
k79_84242	2;976;200643;171549;815;816;820;997890	1.0;1.0;0.99999;0.99999;0.99999;0.99998;0.9997;0.9997
k79_71939	2;1239;91061;1385;186817;1386;492670	1.0;1.0;1.0;1.0;1.0;1.0;1.0
k79_34959	2;1239;186801;3085636;186803;207244;649756;649757	1.0;1.0;1.0;1.0;1.0;1.0;1.0;1.0
k79_60466	2;976;200643;171549;815;816;820;997890	1.0;1.0;1.0;1.0;1.0;1.0;1.0;1.0
k79_47959	2;976;200643;171549;815;816;291645	1.0;1.0;1.0;1.0;1.0;1.0;1.0
k79_95847	2;1239;186801;186802;216572;1263;2608920	1.0;0.99984;0.98824;0.98747;0.98302;0.98301;0.983
k79_34978	2;976;117743;200644;2762318;59732;1493872	1.0;1.0;1.0;1.0;1.0;1.0;1.0
k79_23597	2;1239;186801;186802;216572;216851;2929492	1.0;1.0;1.0;0.99996;0.99996;0.99996;0.99996
k79_95852	2;1239;186801;186802;216572;1263;2608920	1.0;1.0;0.99985;0.99985;0.99985;0.99985;0.99984
k79_71950	2;1239;186801;3085636;186803;2316020;46228;471875	1.0;1.0;1.0;1.0;1.0;0.99999;0.99999;0.99999
k79_11418	2;976;200643;171549;815;816;28116	1.0;0.99998;0.99998;0.99998;0.99998;0.99998;0.99998
k79_34991	2;1239;526524;526525;2810280;2678885;1982626	1.0;1.0;1.0;1.0;1.0;1.0;1.0
k79_23606	2;1239;91061;1385;186817;1386;1408	0.99998;0.99603;0.97318;0.97278;0.97258;0.97258;0.97252
k79_60480	2;976;200643;171549;815;816;291644	1.0;1.0;1.0;1.0;1.0;1.0;0.99977
k79_47977	2;976;200643;171549;815;816;820;997890	0.99999;0.9999;0.99989;0.99989;0.99988;0.99917;0.99833;0.99833
k79_11428	2;1239;91061;1385;186822;44249;2921460	1.0;1.0;0.99998;0.99998;0.99998;0.99998;0.99998
k79_35002	2157;28890;183925;2158;2159;2172;2173;420247	1.0;1.0;1.0;1.0;1.0;1.0;1.0;1.0
k79_84271	2;1239;186801;3085636;186803;1766253;39491;657317	1.0;1.0;1.0;1.0;1.0;1.0;1.0;0.99659
k79_95858	2;1239;186801;186802;216572;244127;169435	1.0;1.0;1.0;0.99999;0.99999;0.99991;0.99991
k79_11439	2;1239;526524;526525;2810280;2678885;1982626	0.99632;0.98892;0.91674;0.91674;0.90927;0.90926;0.90926
k79_23617	2;1224;1236;91347;1903409;32199;9;224915	1.0;0.99932;0.99932;0.99932;0.99932;0.99932;0.99932;0.99932
k79_47980	2;1224;28211;356;82115;357;2735528	1.0;0.99996;0.99996;0.99996;0.99996;0.99996;0.99996
k79_47981	2;976;200643;171549;815;909656;821	1.0;1.0;1.0;1.0;1.0;1.0;1.0
k79_60496	2;1239;186801;3085636;186803;1766253;39491;657318	1.0;1.0;1.0;0.99994;0.99994;0.99955;0.99955;0.93772
k79_60498	2;1239;186801;186802;216572;1263;2608920	1.0;1.0;1.0;1.0;1.0;1.0;0.99995
k79_35022	2;1239;186801;3085636;186803;207244;649756;649757	1.0;1.0;1.0;1.0;1.0;1.0;1.0;1.0
k79_84274	2;1239;526524;526525;2810280;2678885;1982626	1.0;1.0;1.0;1.0;1.0;1.0;1.0
k79_11440	2157;28890;183925;2158;2159;2172;2173;420247	1.0;1.0;1.0;1.0;1.0;1.0;1.0;1.0
k79_35031	2;1239;186801;3085636;186803;2316020;46228;471875	1.0;1.0;1.0;1.0;1.0;1.0;1.0;1.0
k79_95871	2;1239;186801;186802;216572;1263;2608920	1.0;0.99999;0.99999;0.99999;0.99974;0.99974;0.99724
k79_84281	2	0.77251
k79_23628	2;1239;526524;526525;2810280;2678885;1982626	1.0;1.0;1.0;1.0;1.0;1.0;1.0
k79_35040	2157;28890;183925;2158;2159;2172;2173;420247	1.0;1.0;1.0;1.0;1.0;1.0;0.99999;0.99999
k79_23634	2;1239;526524;526525;2810280;2678885;1982626	1.0;1.0;0.99998;0.99998;0.99995;0.99995;0.99995
k79_47993	2;976;200643;171549;171550;239759;2585118	1.0;0.99999;0.99999;0.99999;0.99999;0.99999;0.99999
k79_72001	2;1239	0.99596;0.83508
k79_95876	2;976;200643;171549;815;816;820;997890	1.0;1.0;1.0;0.99999;0.99998;0.99996;0.99807;0.99807
k79_84286	2;1239;186801;3085636;186803;1766253;39491;657317	1.0;1.0;1.0;1.0;1.0;1.0;1.0;0.99062
k79_48007	2;1239;526524;526525;2810280;2678885;1982626	0.99999;0.99999;0.99999;0.99999;0.99999;0.99999;0.99999
k79_95880	2;1239;186801;3085636;186803;1766253;39491;657318	1.0;1.0;1.0;0.99998;0.99998;0.99996;0.99996;0.8322
k79_84288	2;1239;186801;3085636;186803;1766253;39491;657317	1.0;1.0;1.0;0.99927;0.99927;0.99926;0.99926;0.99475
k79_23649	2;976;200643;171549;2005525;375288;46503	1.0;0.99987;0.99974;0.99969;0.99502;0.99502;0.99459
k79_11454	2;1239;186801;3085636;186803;2316020;33039;657313	1.0;0.99998;0.99998;0.99996;0.99996;0.99897;0.99893;0.99893
k79_84290	2;976;200643;171549;815;816;329854	0.99989;0.99878;0.99802;0.99799;0.94228;0.94153;0.93833
k79_35050	2;1239;186801;3085636;186803;1766253;39491;657318	1.0;0.99971;0.99968;0.99919;0.99919;0.89824;0.89824;0.8227
k79_48013	2;1239;186801;3085636;186803;1766253;39491;657317	1.0;1.0;1.0;1.0;1.0;0.99999;0.99999;0.99924
k79_72019	2;976;200643;171549;815;816;820;997890	1.0;1.0;1.0;1.0;1.0;1.0;1.0;1.0
k79_60515	2;1239;186801;3085636;186803;1766253;39491;657318	1.0;0.99971;0.99971;0.99969;0.99969;0.97147;0.97147;0.5453
k79_72021	2;1239;186801;3085636;186803;1766253;39491;657317	1.0;0.99996;0.99996;0.99996;0.99996;0.9999;0.9999;0.99211
k79_60526	2;1239;186801;3085636;186803;207244;649756;649757	1.0;1.0;1.0;1.0;1.0;1.0;1.0;1.0
k79_72023	2;1239;186801;186802;216572;1263;2608920	1.0;1.0;1.0;1.0;1.0;1.0;1.0
k79_11475	2;1239;186801;3085636;186803;572511;418240;1121115	1.0;1.0;1.0;1.0;1.0;1.0;1.0;1.0
k79_95900	2;1239;91061;186826;186828;1470540;1868793	1.0;1.0;1.0;1.0;0.99998;0.99998;0.99998
k79_60534	2;976;200643;171549;815;909656;387090	1.0;0.99999;0.99999;0.99999;0.99961;0.87967;0.87962
k79_84314	2;976;200643;171549;815;816;1796613	1.0;1.0;1.0;1.0;1.0;1.0;0.99998
k79_95903	2;1239;186801;3085636;186803;189330;88431	1.0;0.99998;0.99997;0.99895;0.99895;0.6241;0.62408
k79_60541	2;976;200643;171549;815;909656;387090	1.0;0.99998;0.99998;0.99998;0.99993;0.99989;0.99985
k79_95907	2;1239;186801;186802;216572;1263;2608920	0.99966;0.9996;0.99956;0.99944;0.99894;0.99872;0.99869
k79_23666	2;1239;186801;3085636;186803;1766253;39491;657317	1.0;1.0;1.0;1.0;1.0;1.0;1.0;0.9999
k79_60543	2;976;768503;768507;1522127;1001222;930972	1.0;1.0;1.0;1.0;1.0;1.0;1.0
k79_35080	2;1239;186801;3085636;186803;189330;88431	0.99982;0.99904;0.99627;0.98893;0.98893;0.79975;0.79884
k79_60546	2;1239;186801;3085636;186803;3342669;45851	1.0;1.0;1.0;1.0;1.0;1.0;1.0
k79_35083	2;1239;186801;3085636;186803;33042;33043	1.0;0.99997;0.99997;0.99997;0.99997;0.99997;0.99997
k79_72042	2;976;200643;171549;815;816;820;997890	1.0;1.0;1.0;1.0;1.0;1.0;1.0;1.0
k79_84328	2157;28890;183925;2158;2159;2172;2173;420247	1.0;1.0;1.0;1.0;1.0;1.0;0.99999;0.99999
k79_60548	2;976;200643;171549;815;816;820;997890	1.0;1.0;1.0;1.0;1.0;1.0;1.0;1.0
k79_72049	2;976;200643;171549;815;816;817;295405	1.0;0.99876;0.99708;0.99707;0.9859;0.8628;0.76727;0.76726
k79_35095	2;1239;186801;186802;31979;1485;1504	1.0;0.99998;0.99977;0.99963;0.99963;0.99963;0.99963
k79_48045	2;1239;186801;3085636;186803;572511;418240;1121115	1.0;1.0;1.0;1.0;1.0;1.0;1.0;1.0
k79_60555	2;1239;526524;526525;2810280;2678885;1982626	1.0;1.0;1.0;1.0;1.0;1.0;1.0
k79_35102	2;1239;186801;3085636;186803;572511;418240;1121115	1.0;1.0;1.0;1.0;1.0;1.0;0.99999;0.99999
k79_35103	2;1239;186801;3085636;186803;841;166486;657315	1.0;1.0;1.0;1.0;1.0;0.74684;0.74564;0.73075
k79_84335	2;976;200643;171549;815;816;820;997890	1.0;1.0;1.0;1.0;1.0;1.0;0.99993;0.99993
k79_72062	2;976;200643;171549;815;816;2763022	1.0;0.99998;0.99998;0.99998;0.99995;0.99995;0.99995
k79_35109	2;1239;186801;3085636;186803;207244;649756;649757	0.99998;0.72235;0.72223;0.72188;0.72188;0.71587;0.71587;0.71587
k79_95934	2;1239;186801;3085636;186803;2316020;46228;471875	1.0;1.0;1.0;1.0;1.0;1.0;1.0;1.0
k79_60575	2;1239	0.99821;0.50638
k79_11510	2;1239;186801;3085636;186803;1766253;39491;657318	1.0;1.0;1.0;1.0;1.0;0.99999;0.99999;0.92266
k79_95938	2;976;200643;171549;815;909656;821	1.0;0.96354;0.96353;0.96353;0.81592;0.7966;0.79128
k79_72075	2;1239;186801;186802;216572;1263;657323	1.0;1.0;1.0;1.0;1.0;0.99998;0.99998
k79_60589	2;976;200643;171549;2005525;375288;823;999416	1.0;1.0;1.0;1.0;1.0;1.0;1.0;1.0
k79_35111	2;1239;91061;1385;90964;1279;1288	1.0;0.99997;0.99997;0.99997;0.99997;0.99997;0.99997
k79_11514	2;1239;186801;186802;216572;1263;2608920	1.0;1.0;1.0;1.0;1.0;0.99999;0.99998
k79_60592	2;976;200643;171549;815;816;817;997879	1.0;0.99841;0.99841;0.99841;0.99734;0.99733;0.99316;0.97403
k79_48067	2;1239;186801;3085636;186803;1766253;39491;657318	1.0;1.0;1.0;0.99998;0.99998;0.9994;0.9994;0.87676
k79_23710	2;1239;186801;3085636;186803;572511;89014	1.0;1.0;1.0;0.99998;0.99998;0.99995;0.99988
k79_60593	2;1239;186801;3085636;186803;841;1261634	1.0;0.99999;0.99999;0.99999;0.99999;0.99992;0.99991
k79_48070	2;1239;186801;186802;216572	1.0;0.55139;0.54955;0.53924;0.53489
k79_23715	2;976;200643;171549;815;816;820;997890	1.0;1.0;0.99996;0.99996;0.99996;0.99996;0.99994;0.99994
k79_60599	2;1239;186801;3085636;186803;572511;418240;1121115	1.0;1.0;1.0;0.99999;0.99999;0.99999;0.99999;0.99999
k79_95945	2;976;200643;171549;815;816;820;997890	1.0;1.0;1.0;1.0;1.0;1.0;1.0;1.0
k79_72090	2;1239;186801;3085636;186803;2944193;2763672	1.0;1.0;1.0;1.0;1.0;0.99998;0.99998
k79_11519	2;1239;186801;3085636;186803;1766253;39491;657317	0.99999;0.99996;0.99996;0.99996;0.99996;0.9985;0.9985;0.99844
k79_35124	2;976;200643;171549;815;909656;821	1.0;1.0;1.0;1.0;1.0;1.0;1.0
k79_95951	2;1239;186801;3085636;186803;1766253;39491;657317	1.0;0.99999;0.99999;0.99977;0.99977;0.9306;0.9306;0.66159
k79_35133	2;1239;186801;3085636;186803;572511;418240;1121115	1.0;1.0;1.0;1.0;1.0;1.0;1.0;1.0
k79_23718	2157;28890;183925;2158;2159;2172;2173;420247	1.0;1.0;1.0;1.0;1.0;1.0;0.99997;0.99997
k79_11531	2;976;200643;171549;815;816;2650157	0.99854;0.84787;0.84618;0.84618;0.83902;0.83902;0.8126
k79_72094	2157;28890;183925;2158;2159;2172;2173;420247	1.0;1.0;1.0;1.0;1.0;1.0;1.0;1.0
k79_23722	2;1239;186801;3085636;186803;841;166486;718255	1.0;1.0;1.0;1.0;1.0;1.0;0.99995;0.99995
k79_60626	2;1239;91061;186826;1300;1301;1335	1.0;1.0;0.99996;0.99996;0.99996;0.99996;0.99996
k79_95977	2;976;200643;171549;815;816;820;997890	1.0;1.0;1.0;1.0;1.0;1.0;0.99998;0.99998
k79_60634	2;1239;186801;3085636;186803;572511;418240;1121115	0.99967;0.99957;0.99586;0.99582;0.99582;0.99507;0.99361;0.99361
k79_95978	2;1239;186801;3085636;186803;2944193;2763672	1.0;0.99999;0.99999;0.99995;0.99995;0.55146;0.55146
k79_35150	2;976;200643;171549;815;816;820;997890	1.0;1.0;0.99994;0.99994;0.99994;0.99992;0.99987;0.99987
k79_23727	2;1239;186801;3085636;186803;572511;418240;1121115	1.0;1.0;1.0;1.0;1.0;0.99989;0.99988;0.99988
k79_11544	2;1239;91061;186826;33958;2759736	0.99883;0.98846;0.98736;0.98717;0.98717;0.98717
k79_72110	2;976;200643;171549;815;816;820;997890	1.0;0.99999;0.99998;0.99998;0.99992;0.99991;0.99976;0.99976
k79_72113	2;1239;186801;186802;216572;216851;853;657322	1.0;0.99926;0.99741;0.91572;0.91568;0.91295;0.69935;0.69914
k79_95980	131567	0.99973
k79_23733	2;976;117743;200644;49546;83612;57029;313595	0.99989;0.95836;0.95789;0.95789;0.94806;0.9196;0.9196;0.9196
k79_23734	2;1239;186801;186802;216572;1263;657323	1.0;0.99999;0.9999;0.70974;0.70973;0.70973;0.70973
k79_48105	2;1239;526524;526525;2810280;2678885;1982626	1.0;1.0;1.0;1.0;1.0;1.0;1.0
k79_35166	2;1239;526524;526525;2810280;2678885;1982626	1.0;1.0;0.99999;0.99999;0.99999;0.99999;0.99999
k79_48106	2;976;200643;171549;815;816;818	0.99936;0.99935;0.99933;0.99933;0.99932;0.99931;0.99786
k79_95994	2;976;200643;171549;815;816;820;997890	1.0;1.0;1.0;1.0;1.0;1.0;1.0;1.0
k79_84410	2759;7711;40674;9443;9604;9605;9606	0.55441;0.55441;0.55441;0.55441;0.55441;0.55441;0.55441
k79_11561	2;976;200643;171549;815;816;47678;997873	1.0;1.0;1.0;1.0;1.0;1.0;1.0;1.0
k79_72124	2;1239;186801;3085636;186803;572511;418240;1121115	1.0;1.0;1.0;1.0;1.0;1.0;1.0;1.0
k79_72126	2;1239;526524;526525;2810280;2678885;1982626	1.0;1.0;1.0;1.0;1.0;1.0;1.0
k79_60664	2157;28890;183925;2158;2159;2172;2173;420247	1.0;1.0;1.0;1.0;1.0;1.0;1.0;1.0
k79_48112	2;1239;526524;526525;2810280;2678885;1982626	1.0;1.0;1.0;1.0;1.0;1.0;1.0
k79_23743	2;976;200643;171549;815;816;820;997890	1.0;1.0;1.0;1.0;1.0;1.0;0.99988;0.99988
k79_48118	2;1239;186801;3085636;186803;2316020;33039;657313	1.0;1.0;1.0;1.0;1.0;0.99975;0.99975;0.99975
k79_96007	2;1239;186801;186802;216572;946234;292800	1.0;1.0;1.0;1.0;1.0;1.0;1.0
k79_60669	2;976;200643;171549;815;816;820;997890	1.0;0.99999;0.99999;0.99999;0.99999;0.99996;0.99988;0.99988
k79_23749	2;1239;186801;3085636;186803;189330;88431	1.0;0.99999;0.99998;0.99978;0.99978;0.54465;0.54461
k79_96011	2;976;200643;171549;815;816;820;997890	1.0;0.99996;0.99994;0.99994;0.99983;0.99981;0.9839;0.9839
k79_23754	2;1239;186801;3085636;186803;1766253;39491;657317	1.0;1.0;1.0;1.0;1.0;0.99999;0.99999;0.88197
k79_96021	2;1239;186801;3085636;186803;841;1261634	0.94035;0.93116;0.92963;0.92942;0.92942;0.70004;0.69489
k79_84430	2;74201;203494;48461;1647988;239934;239935	1.0;1.0;1.0;1.0;1.0;1.0;1.0
k79_60693	2;976;200643;171549;815;816;820;997890	1.0;1.0;1.0;1.0;0.99999;0.99999;0.99988;0.99988
k79_23758	2;201174;1760;2037;2049;1654;2708340	1.0;0.9997;0.9997;0.9997;0.9997;0.9997;0.9997
k79_84435	2;1239;186801;186802;216572;216851;2929495	1.0;1.0;1.0;1.0;1.0;1.0;1.0
k79_11576	2;1239;186801;3085636;186803;1766253;39491;657317	1.0;1.0;1.0;1.0;1.0;0.99959;0.99959;0.9953
k79_35203	2;1239;186801;3085636;186803;841;1261635	1.0;1.0;1.0;1.0;1.0;1.0;1.0
k79_48137	2;1239;186801;3085636;186803;572511;418240;1121115	1.0;1.0;0.99987;0.99987;0.99987;0.99986;0.99986;0.99986
k79_23760	2;1239;526524;526525;2810280;2678885;1982626	0.99953;0.99879;0.99741;0.99741;0.99681;0.99681;0.99681
k79_35209	2;201174;1760;85004;31953;1678;1680	1.0;0.99986;0.99986;0.99986;0.99986;0.99986;0.99986
k79_60698	2;976;200643;171549;2005525;375288;823;999416	1.0;0.99974;0.99974;0.99974;0.99974;0.99974;0.99974;0.99974
k79_23774	2;1239;186801;186802;216572;2892397;2714358	1.0;0.99996;0.99995;0.99994;0.99994;0.9994;0.9994
k79_11592	2;1239;526524;526525;2810280;3025755;29348;428126	1.0;1.0;1.0;1.0;1.0;1.0;1.0;1.0
k79_48157	2;1239;909932;1843488;909930;33024;33025	1.0;1.0;1.0;1.0;1.0;1.0;1.0
k79_60713	2;1239;186801;3085636;186803;207244;649756;649757	1.0;1.0;1.0;1.0;1.0;1.0;1.0;1.0
k79_60715	2;201174;1760;85004;31953;1678;28026	0.99995;0.78446;0.78446;0.75159;0.75159;0.75159;0.75159
k79_72180	2;1239;526524;526525;2810280;2678885;1982626	1.0;1.0;0.99999;0.99999;0.99999;0.99999;0.99999
k79_23789	2;1239;186801;3085636;186803;841;166486;657315	1.0;1.0;1.0;1.0;1.0;1.0;0.99999;0.99849
k79_11600	2;1239;186801;186802;31979;1485;238834	1.0;1.0;0.99999;0.99999;0.99999;0.99999;0.98807
k79_23793	2;1224;1236;135622;267888;53246;43657	0.99994;0.99769;0.99769;0.99769;0.99769;0.99769;0.99769
k79_11604	2157;28890;183925;2158;2159;2172;2173;420247	1.0;1.0;1.0;1.0;1.0;1.0;1.0;1.0
k79_60728	2;976;200643;171549;815;816;291644	1.0;1.0;1.0;1.0;1.0;1.0;1.0
k79_48159	2;1239;526524;526525;2810280;2678885;1982626	0.99999;0.957;0.957;0.957;0.95699;0.95699;0.95699
k79_48162	2;1239;909932;1843488;909930;33024;33025	1.0;1.0;1.0;1.0;1.0;1.0;1.0
k79_96063	2;976;200643;171549;815;816;162156	1.0;0.99999;0.99999;0.99999;0.99999;0.99998;0.99997
k79_23817	2;1239;526524;526525;2810280;2678885;1982626	1.0;1.0;1.0;1.0;1.0;0.99997;0.99997
k79_72195	2;976;200643;171549;815;816;246787	1.0;1.0;1.0;1.0;0.99903;0.99894;0.99887
k79_11610	2;1239;186801;3085636;186803;572511;418240;1121115	1.0;1.0;1.0;1.0;1.0;0.97416;0.97204;0.97204
k79_72199	2;1239;186801;3085636;186803;572511;89014	1.0;1.0;1.0;1.0;1.0;1.0;0.99996
k79_35249	2;976;200643;171549;815;816;820;997890	1.0;1.0;1.0;1.0;1.0;1.0;1.0;1.0
k79_11618	2;1239;186801;3085636;186803;1766253;39491;657317	1.0;1.0;1.0;1.0;1.0;0.9982;0.9982;0.99153
k79_96084	2;976;200643;171549;815;816;28111	1.0;0.99999;0.99999;0.99999;0.99999;0.99999;0.99996
k79_35256	2;1239;186801;3085636;186803;1766253;39491;657318	1.0;1.0;1.0;1.0;1.0;1.0;1.0;0.9999
k79_48175	2;1239;526524;526525;2810280;2678885;1982626	1.0;1.0;1.0;1.0;1.0;1.0;1.0
k79_60739	2;1239;186801;3085636;186803;572511;418240;1121115	1.0;1.0;1.0;1.0;1.0;0.99999;0.99999;0.99999
k79_84491	2;1239;186801;3085636;186803;207244;649756;649757	0.9951;0.99499;0.98377;0.98371;0.98371;0.98121;0.98121;0.98121
k79_23826	2157;28890;183925;2158;2159;2172;2173;420247	0.99958;0.99958;0.99958;0.99958;0.99958;0.99958;0.99932;0.99932
k79_48176	2;1239;186801;3085636;186803;1766253;39491;657317	1.0;1.0;1.0;1.0;1.0;1.0;1.0;1.0
k79_23828	2;1239;186801;3085636;186803;841;301301	0.99999;0.99995;0.99994;0.99992;0.99992;0.82398;0.82341
k79_60750	2;1239;186801;3085636;186803;33042;410072	1.0;0.99997;0.99997;0.99997;0.99997;0.98697;0.98697
k79_35273	2;1239;186801;3085636;186803;2944193;2763672	1.0;1.0;1.0;1.0;1.0;1.0;1.0
k79_72219	2;1239;186801;3085636;186803;1766253;39491;657318	1.0;1.0;1.0;1.0;1.0;1.0;1.0;0.99807
k79_48179	131567	0.99966
k79_23831	2;1239;186801;3085636;186803;572511;418240;1121115	0.99998;0.99892;0.97951;0.97853;0.97852;0.74237;0.72187;0.72187
k79_72225	2;1239;186801;186802;216572;1263;2608920	1.0;0.99999;0.99999;0.99998;0.99998;0.99998;0.99984
k79_96101	2;1239;186801;186802;31979;1485;36839	1.0;0.99999;0.99999;0.99995;0.99993;0.99993;0.99992
k79_11630	2;976;200643;171549;815;816;820;997890	1.0;1.0;1.0;1.0;1.0;0.99988;0.99987;0.99987
k79_35283	2;976;200643;171549;815;816;820;997890	1.0;1.0;1.0;1.0;1.0;1.0;1.0;1.0
k79_84495	2;1239;526524;526525;2810280;2678885;1982626	0.99985;0.9997;0.99942;0.99942;0.99942;0.99942;0.99942
k79_23835	2;976;200643;171549;815;816;820;997890	1.0;1.0;1.0;1.0;1.0;1.0;0.99985;0.99985
k79_23836	131567	0.99923
k79_84499	2;1239;186801;3085636;186803;572511;418240;1121115	1.0;1.0;1.0;1.0;1.0;1.0;1.0;1.0
k79_11636	2;1239;186801;186802;31979;1485;1502	1.0;1.0;1.0;1.0;0.99999;0.99999;0.99999
k79_23837	2;1239;186801;3085636;186803;1766253;39491;657317	1.0;1.0;1.0;1.0;1.0;1.0;1.0;1.0
k79_96107	2;200940;3031651;3031668;213422;2651583;2740185	1.0;0.95926;0.95923;0.95923;0.95923;0.95923;0.95923
k79_84503	2;976;200643;171549;815;816;820;997890	1.0;1.0;1.0;1.0;1.0;1.0;1.0;1.0
k79_23841	2;976;200643;171549;815;909656;387090	0.99999;0.99997;0.99997;0.99997;0.99997;0.98889;0.98082
k79_35294	2;976;200643;171549;815;816;818	0.99999;0.99998;0.99998;0.99998;0.99978;0.99961;0.99879
k79_96112	2;1239;186801;186802;216572;1263;2608920	1.0;1.0;1.0;0.99997;0.99997;0.99997;0.99997
k79_48195	2;1239;186801;3085636;186803;1766253;39491;657318	1.0;1.0;1.0;1.0;1.0;1.0;1.0;0.71325
k79_11653	2;976;200643;171549;815;909656;387090	1.0;0.99998;0.99998;0.99998;0.99996;0.99773;0.99771
k79_23846	2;1239;186801;3085636;186803;1766253;39491;657317	1.0;1.0;1.0;1.0;1.0;1.0;1.0;0.9998
k79_11656	2;1239;186801;3085636;186803;2316020;33039;657313	1.0;0.99956;0.99956;0.99952;0.99952;0.80385;0.75347;0.75347
k79_48201	2;1239;186801;3085636;186803;1766253;39491;657317	1.0;1.0;1.0;1.0;1.0;1.0;1.0;0.99953
k79_48204	2;1239;186801;186802;216572;1263;2608920	1.0;1.0;1.0;0.99999;0.99999;0.99999;0.99999
k79_48205	2;976;200643;171549;815;816;820;997890	1.0;1.0;1.0;1.0;1.0;1.0;0.99998;0.99998
k79_11665	2;1239;186801;3085636;186803;2944193;2763672	1.0;1.0;1.0;1.0;1.0;0.99999;0.99999
k79_35307	2;1239;526524;526525;2810280;2678885;1982626	1.0;1.0;0.99851;0.99851;0.99851;0.99851;0.99851
k79_48207	2;1239;186801;3085636;186803;1766253;39491;657317	1.0;1.0;1.0;0.99999;0.99999;0.99999;0.99999;0.99776
k79_60800	2;976;200643;171549;815;909656;387090	1.0;0.99997;0.99997;0.99997;0.99984;0.99706;0.99704
k79_96130	2;976;200643;171549;815;909656;357276;997877	1.0;0.99966;0.99966;0.99966;0.99966;0.99963;0.99963;0.99963
k79_11678	2;1239;186801;3085636;186803;1766253;39491;657317	1.0;1.0;1.0;1.0;1.0;1.0;1.0;0.99974
k79_48216	2;976;200643;171549;815;816;820;997890	1.0;0.99999;0.99999;0.99999;0.99995;0.99995;0.99979;0.99979
k79_96133	2;74201;203494;48461;1647988;239934;239935	1.0;0.99989;0.99989;0.99989;0.99989;0.99989;0.99989
k79_72240	2;976;200643;171549;171552;2974251;165179	0.9938;0.7731;0.77306;0.77306;0.63969;0.63969;0.63969
k79_72241	2;976;200643;171549;815;816;820;997890	1.0;1.0;1.0;1.0;1.0;1.0;1.0;1.0
k79_11683	2157;28890;183925;2158;2159;2172;2173;420247	1.0;1.0;1.0;1.0;1.0;1.0;1.0;1.0
k79_72244	2;1239;186801;3085636;186803;1766253;39491;657317	1.0;1.0;1.0;1.0;1.0;1.0;1.0;0.99999
k79_48231	2;1239;186801;3085636;186803;1766253;39491;657318	1.0;1.0;0.99999;0.99934;0.99934;0.99915;0.99915;0.85798
k79_60806	2;1239;186801;186802;216572;1263;1160721	1.0;0.99699;0.98995;0.93716;0.92895;0.92723;0.92702
k79_11694	2157;28890;183925;2158;2159;2172;2173;420247	1.0;1.0;1.0;1.0;1.0;1.0;0.99999;0.99999
k79_96137	2;976;200643;171549;815;909656;387090	1.0;0.99956;0.99955;0.99955;0.99953;0.99951;0.99951
k79_72250	2;1239;186801;3085636;186803;1766253;39491;657317	1.0;1.0;1.0;1.0;1.0;1.0;1.0;0.9999
k79_60817	2;976;200643;171549;815;816;371601;657309	1.0;0.99999;0.99999;0.99999;0.99999;0.99989;0.99989;0.99989
k79_96144	2;976;200643;171549;815;816;820;997890	1.0;1.0;1.0;1.0;1.0;1.0;1.0;1.0
k79_11701	2;1239;186801;3085636;186803;572511;418240;1121115	1.0;1.0;1.0;1.0;1.0;1.0;1.0;1.0
k79_11703	2;976;200643;171549;815;816;820;997890	1.0;1.0;1.0;1.0;1.0;1.0;1.0;1.0
k79_23874	2;1239;186801;186802;3082771;1738645;1738647	1.0;1.0;1.0;1.0;1.0;1.0;1.0
k79_35341	2;1239;526524;526525;2810280;2678885;1982626	1.0;1.0;1.0;1.0;1.0;1.0;1.0
k79_60822	2;1239;186801;3085636;186803;207244;649756;649757	1.0;1.0;0.99957;0.99957;0.99957;0.99957;0.99957;0.99957
k79_11716	2;1239;186801;3085636;186803;841;166486;657315	1.0;1.0;1.0;1.0;1.0;1.0;0.99999;0.80849
k79_35344	2;976;200643;171549;815;909656;376805;667015	0.99866;0.9486;0.94807;0.94807;0.93985;0.88018;0.53137;0.53137
k79_72251	2;1239;186801;186802;216572;1263;2608920	1.0;1.0;0.99999;0.99999;0.99997;0.99997;0.99996
k79_48243	2;1239;186801;3085636;186803;3024823;2785025	1.0;0.99999;0.99995;0.99995;0.99995;0.99994;0.99994
k79_48252	2;1239;186801;186802;216572;216851;411483	0.99999;0.74984;0.74822;0.73687;0.73685;0.53998;0.53996
k79_96154	2;976;200643;171549;815;816;818	0.99999;0.99998;0.99997;0.99997;0.9977;0.99765;0.98839
k79_48254	2;976;200643;171549;815;816;820;997890	1.0;1.0;1.0;1.0;1.0;1.0;0.99996;0.99996
k79_11724	2;1239;186801;186802;31979;1485;97138	1.0;0.99999;0.99997;0.99997;0.99031;0.99031;0.99031
k79_84529	2;976;200643;171549	0.99998;0.66076;0.6586;0.65859
k79_60838	2;1239;186801;186802;216572;216851;2929490	1.0;1.0;1.0;1.0;1.0;1.0;0.99987
k79_96162	2;1239;186801;186802;216572;216851;2929494	0.99998;0.7504;0.65102;0.53912;0.53821;0.51559;0.51428
k79_60840	2;544448;31969;186328;2131;2132;216945;1276229	1.0;1.0;1.0;1.0;1.0;1.0;1.0;1.0
k79_48263	2;1239;186801;3085636;186803;2316020;33038	1.0;0.99999;0.99998;0.99998;0.99998;0.99976;0.99976
k79_48264	2;1224;28211;204457;41297;165696;2780074	0.99039;0.76652;0.76545;0.76252;0.76252;0.76159;0.76159
k79_35373	2;1239;186801;3082720;186804;214904;2925782	0.99922;0.99898;0.99212;0.96418;0.96418;0.96414;0.96414
k79_72272	2;976;200643;171549;815;816;820;997890	0.99999;0.99999;0.99999;0.99999;0.99993;0.99993;0.99761;0.99761
k79_11728	2;1239;186801;186802;216572;1263;2608920	1.0;0.99999;0.99999;0.99999;0.99999;0.99999;0.99999
k79_48273	2;976;200643;171549;815;816;820;997890	1.0;1.0;1.0;1.0;1.0;0.99999;0.99999;0.99999
k79_96171	2157;28890;183925;2158;2159;2172;2173;420247	1.0;1.0;1.0;1.0;1.0;1.0;1.0;1.0
k79_72281	2;1239;186801;3082720;543314;2060094;433296	1.0;0.9997;0.99959;0.99955;0.99955;0.99955;0.99955
k79_84534	2;1239;186801;186802;216572;2892397;2714358	1.0;0.99999;0.99996;0.99983;0.99983;0.99755;0.99755
k79_23917	2;1239;526524;526525;2810280;2678885;1982626	1.0;1.0;0.99991;0.99991;0.99991;0.99991;0.99991
k79_48283	2;976;200643;171549;815;816;820;997890	1.0;1.0;1.0;1.0;1.0;1.0;1.0;1.0
k79_11738	2;1239;186801;3085636;186803;207244;649756;649757	1.0;1.0;1.0;1.0;1.0;1.0;1.0;1.0
k79_72284	2;1239;186801;186802;216572;216851;2929490	1.0;0.99999;0.99999;0.99999;0.99999;0.99999;0.9999
k79_35374	2;1239	0.97884;0.54284
k79_48292	2;1239;186801;3085636;186803;1766253;39491;657317	1.0;1.0;1.0;1.0;1.0;1.0;1.0;0.99251
k79_96179	2;976;200643;171549;815;816;820;997890	1.0;1.0;1.0;1.0;1.0;1.0;1.0;1.0
k79_96182	2;1239;186801;3085636;186803;1766253;39491;657317	1.0;1.0;1.0;1.0;1.0;1.0;1.0;0.99998
k79_48294	2;1239;186801;186802;216572;459786;2109687	1.0;0.99987;0.99809;0.97715;0.97714;0.5372;0.53716
k79_72302	2;1239;91061;186826;33958;2767876;1603;1423721	0.99999;0.99999;0.99997;0.99997;0.99997;0.99997;0.99997;0.99997
k79_35392	2;976;200643;171549;815;816;820;997890	1.0;1.0;1.0;1.0;1.0;1.0;1.0;1.0
k79_84542	2;1239;186801;186802;31979;1485;1491	0.99996;0.99913;0.9989;0.9989;0.9989;0.9989;0.99561
k79_48300	2;1239;186801;3085636;186803;572511;418240;1121115	1.0;1.0;1.0;1.0;1.0;1.0;1.0;1.0
k79_96184	2;1239;186801;186802;216572;1263;2608920	1.0;1.0;1.0;1.0;1.0;1.0;1.0
k79_72312	2;976;200643;171549;815;816;820;997890	1.0;1.0;1.0;1.0;1.0;1.0;0.99997;0.99997
k79_48301	2;976;200643;171549;815;816	1.0;0.99993;0.99992;0.99992;0.99982;0.99955
k79_72314	2;1239;186801;3085636;186803;1766253;39491;657317	1.0;1.0;1.0;1.0;1.0;1.0;1.0;0.99916
k79_72317	2;1239;186801;186802;216572;1263;2608920	1.0;1.0;1.0;0.99999;0.99999;0.99999;0.99985
k79_48314	2157;28890;183925;2158;2159;2172;2173;420247	1.0;1.0;1.0;1.0;1.0;1.0;1.0;1.0
k79_72321	2;1239;186801;3082720;186804;1870884;1496	1.0;0.99999;0.99999;0.99482;0.99482;0.99482;0.99482
k79_84551	2;976;200643;171549;815;816;674529	0.99998;0.99964;0.99892;0.99891;0.99769;0.97044;0.55099
k79_48321	2;1239;186801;3085636;186803;572511;418240;1121115	1.0;1.0;1.0;1.0;1.0;1.0;0.99999;0.99999
k79_11768	2;1239;186801;186802;216572;216851	1.0;0.83625;0.8115;0.79487;0.78815;0.76821
k79_48323	2;1239;186801;3085636;186803;2316020;46228;471875	1.0;0.99999;0.99999;0.99999;0.99999;0.99999;0.99996;0.99996
k79_48324	2;1239;186801;186802;31979;1485;1513	0.99999;0.99999;0.99997;0.99991;0.99991;0.99991;0.99991
k79_11772	2;1239;186801;3085636;186803;1766253;39491;657317	1.0;1.0;1.0;1.0;1.0;1.0;1.0;0.99954
k79_72332	2;1239;186801;186802;216572;2892396;2714355	1.0;0.99995;0.99995;0.99994;0.99994;0.99991;0.99991
k79_48327	2;976;200643;171549;815;816;820;997890	1.0;1.0;1.0;1.0;1.0;1.0;0.9999;0.9999
k79_60894	2;976;200643;171549;2005525;375288;328812	1.0;0.99996;0.99996;0.99996;0.99991;0.99991;0.99991
k79_96212	2;976;200643;171549;2005525;375288;823;999416	1.0;1.0;1.0;1.0;0.99993;0.99993;0.99985;0.99985
k79_48338	2;976;200643;171549;815;816;820;997890	1.0;1.0;1.0;1.0;1.0;1.0;0.99999;0.99999
k79_84565	2;1239;186801;3085636;186803;1766253;39491	0.99994;0.99991;0.99989;0.99988;0.99988;0.52293;0.52293
k79_35424	131567	0.99343
k79_96216	2;1239;186801;3085636;186803;1766253;39491;657318	1.0;1.0;1.0;1.0;1.0;1.0;1.0;0.99984
k79_11794	131567	0.98289
k79_48340	2;1239;186801;3085636;186803;841;166486;718255	1.0;1.0;1.0;1.0;1.0;1.0;0.99998;0.96814
k79_96217	2;976;200643;171549;815;816;820;997890	1.0;1.0;1.0;1.0;1.0;1.0;1.0;1.0
k79_48343	2;1239;186801;3085636;186803;1766253;39491;657317	1.0;1.0;1.0;1.0;1.0;1.0;1.0;0.99999
k79_72335	2;1239;186801;3085636;186803;1766253;39491;657317	0.9996;0.99596;0.96731;0.73161;0.73161;0.72105;0.72105;0.718
k79_96219	2;1239;186801;3085636;186803;841;166486;718255	0.99999;0.99999;0.99999;0.99999;0.99999;0.99998;0.99998;0.97793
k79_23966	2;1239;526524;526525;2810280;2678885;1982626	0.99984;0.99984;0.99983;0.99983;0.99983;0.99983;0.99983
k79_72338	2;1239;186801;186802;216572;1263;2608920	1.0;1.0;1.0;0.99995;0.99995;0.99995;0.9999
k79_11809	2;1239;186801;3085636;186803;2316020;46228;471875	1.0;0.99998;0.99998;0.99997;0.99997;0.99639;0.99638;0.99638
k79_11811	2;1239;186801;186802;216572;216851	1.0;0.99448;0.99395;0.99314;0.99312;0.64418
k79_48361	2;200940;3024418;213118;213119;2289;240139	1.0;0.99996;0.99996;0.99996;0.99996;0.99996;0.99996
k79_96240	2;1239;186801;186802;216572;216851;853	1.0;0.99872;0.99871;0.66674;0.66183;0.66068;0.51503
k79_84587	2;976;200643;171549;2005525;375288;823;999416	1.0;1.0;1.0;1.0;0.99994;0.99994;0.99994;0.99994
k79_35438	2;1239;186801;3085636;186803;2316020;33038	1.0;1.0;1.0;1.0;1.0;0.99983;0.99982
k79_11823	2157;28890;183925;2158;2159;2172;2173;420247	1.0;1.0;1.0;1.0;1.0;1.0;1.0;1.0
k79_48369	2;1239;186801;3085636;186803;1766253;39491;657317	1.0;1.0;1.0;1.0;1.0;1.0;1.0;0.99997
k79_84588	2;1239;186801;3082720;186804;214904;2925782	0.99999;0.99992;0.99992;0.99991;0.99991;0.99991;0.99991
k79_72343	2;1239;186801;186802;216572;1263;2608920	1.0;1.0;1.0;1.0;1.0;1.0;0.99999
k79_23982	2;976;200643;171549;815	0.96176;0.50534;0.5053;0.5053;0.50242
k79_35439	2;1239;186801;3085636;186803;1766253;39491;657317	1.0;1.0;1.0;1.0;1.0;0.99999;0.99999;0.99995
k79_72350	2;1239;186801;3085636;186803;207244;649756;649757	1.0;1.0;1.0;1.0;1.0;1.0;1.0;1.0
k79_96251	2;976;200643;171549;815;816;820;997890	1.0;1.0;1.0;1.0;1.0;1.0;1.0;1.0
k79_84605	131567	0.53479
k79_35452	2;1239;186801;186802;216572;1263;1160721	1.0;1.0;1.0;1.0;1.0;1.0;1.0
k79_84608	2;1239;186801;3085636;186803;572511;418240;1121115	1.0;1.0;1.0;1.0;1.0;1.0;1.0;1.0
k79_84611	2;1239;186801;3085636;186803;2719313;333367;518636	1.0;1.0;0.99996;0.99996;0.99996;0.99994;0.99994;0.99994
k79_23983	2157;28890;183925;2158;2159;2172;2173;420247	1.0;1.0;1.0;1.0;1.0;1.0;0.99999;0.99999
k79_48381	2;1239;186801;186802;31979;1485;1216932	0.99762;0.88932;0.8573;0.8384;0.60287;0.60287;0.60179
k79_72359	2;1239;186801;3085636;186803;572511;418240;1121115	1.0;1.0;1.0;1.0;1.0;1.0;1.0;1.0
k79_48399	2;1239;186801;186802;216572;216851;2929492	1.0;0.99999;0.99999;0.99999;0.99997;0.99993;0.99993
k79_11830	2;976;200643;171549;815;909656;387090	0.99996;0.99953;0.99852;0.99848;0.99552;0.53774;0.53574
k79_84631	2;1239;526524;526525;2810280;2678885;1982626	1.0;1.0;1.0;1.0;1.0;1.0;1.0
k79_96276	2;976;200643;171549;815;816;820;997890	1.0;1.0;1.0;1.0;1.0;1.0;1.0;1.0
k79_35474	2;1239;186801;186802;216572;1263;2608920	1.0;0.99999;0.99999;0.99999;0.99999;0.99711;0.99709
k79_72370	2;1239;186801;186802;216572;1263;2608920	1.0;0.99999;0.99999;0.99996;0.99996;0.99992;0.99991
k79_96277	2;1239;186801;3085636;186803;189330;88431	1.0;0.99942;0.99942;0.99942;0.99942;0.99932;0.99932
k79_24000	2;1239;91061;1385;186817;1386;492670	1.0;1.0;0.99973;0.99973;0.99973;0.99973;0.99973
k79_11835	2;1239;186801;3085636;186803;1766253;39491;657318	1.0;1.0;1.0;1.0;1.0;0.99997;0.99997;0.99841
k79_35480	2157;28890;183925;2158;2159;2172;2173;420247	1.0;1.0;1.0;1.0;1.0;1.0;1.0;1.0
k79_48425	2;1239;186801;3085636;186803;1766253;39491;657317	1.0;0.99912;0.99912;0.99911;0.99911;0.51125;0.51125;0.50744
k79_96287	2;976;200643;171549;815;816;820;997890	1.0;0.98503;0.98502;0.98502;0.98493;0.98493;0.98479;0.98479
k79_24006	2;1239;186801;3085636;186803;841;1261634	1.0;1.0;1.0;1.0;1.0;0.99983;0.99937
k79_84638	2;976;200643;171549;815;816;820;997890	1.0;1.0;1.0;1.0;1.0;1.0;0.99999;0.99999
k79_96292	2;976;200643;171549;2005525;375288;823;999416	1.0;0.9637;0.9636;0.9636;0.94656;0.94656;0.52939;0.52939
k79_35487	2;1239;186801	0.88094;0.72367;0.67882
k79_11837	2;1239;91061;1385;186822;44249;1763538	1.0;1.0;1.0;1.0;1.0;1.0;1.0
k79_96294	2;1239;186801;3085636;186803;1766253;39491;657317	1.0;0.92072;0.92012;0.91805;0.91805;0.816;0.816;0.81487
k79_48431	2;976;200643;171549;2005525;375288;46503	1.0;1.0;1.0;1.0;1.0;1.0;1.0
k79_11847	2;976;117743;200644;2762318;28250;28251	1.0;0.99998;0.99998;0.99998;0.99996;0.99996;0.99996
k79_96301	2;1239;186801;186802;216572;216851	1.0;0.99823;0.98757;0.59001;0.5662;0.5461
k79_24014	2;1239;526524;526525;2810280;2678885;1982626	1.0;1.0;1.0;1.0;1.0;1.0;1.0
k79_11857	2;1239;526524;526525;2810280;2678885;1982626	1.0;1.0;0.99999;0.99999;0.99999;0.99999;0.99999
k79_35502	2;1239;186801;186802;216572;2892396;2714355	1.0;0.99688;0.99639;0.99622;0.99613;0.98916;0.989
k79_11862	2;976;200643;171549;171552;558436;839;264731	1.0;1.0;1.0;1.0;0.99997;0.99997;0.99997;0.99997
k79_35508	2;1239;526524;526525;2810280;2678885;1982626	0.99998;0.99998;0.99967;0.99967;0.99967;0.99967;0.99967
k79_24024	2;1239;186801;3085636;186803;841;301301	1.0;0.9993;0.98126;0.98102;0.98102;0.97583;0.58323
k79_72395	2;1239;186801;3085636;186803;207244;649756;649757	0.99964;0.9928;0.99161;0.97712;0.97712;0.81305;0.81305;0.81305
k79_11865	2;1239;186801;3085636;186803;572511;418240;1121115	1.0;1.0;1.0;1.0;1.0;1.0;1.0;1.0
k79_84657	2;1239;186801;3085636;186803;572511;418240;1121115	0.99942;0.99932;0.99932;0.9993;0.9993;0.87524;0.83198;0.83198
k79_48442	2;1239;526524;526525;2810280;2678885;1982626	1.0;1.0;1.0;1.0;1.0;1.0;1.0
k79_84665	2;976;200643;171549;815;816;2650157	0.99924;0.99877;0.99865;0.99865;0.99727;0.99726;0.89188
k79_96312	2;1239;186801;3085636;186803;1506553;29347	1.0;1.0;1.0;1.0;1.0;0.99963;0.99963
k79_35518	2;976;200643;171549;2005525;375288;823;999416	1.0;1.0;0.99999;0.99999;0.9984;0.9984;0.99839;0.99839
k79_35520	2;1239;186801;3085636;186803;1766253;39491;657317	1.0;1.0;1.0;1.0;1.0;1.0;1.0;1.0
k79_72403	2;1239;186801;3085636;186803;2316020;46228;471875	1.0;1.0;1.0;1.0;1.0;1.0;1.0;1.0
k79_24032	2;976;200643;171549;815;909656;387090	1.0;0.99992;0.99992;0.99992;0.99992;0.9984;0.99788
k79_96329	2;976;200643;171549;2005525;375288;823;999416	1.0;0.99975;0.99975;0.99975;0.99975;0.99975;0.99975;0.99975
k79_96331	2;1239;526524;526525;2810280;2678885;1982626	1.0;1.0;1.0;1.0;1.0;1.0;1.0
k79_11909	2;74201;203494;48461;1647988;239934;239935	1.0;0.99996;0.99996;0.99996;0.99996;0.99996;0.99996
k79_48477	2;1239;186801;3085636;186803;1766253;39491;657318	1.0;1.0;1.0;1.0;1.0;0.99998;0.99998;0.98104
k79_35530	2;1239;186801;3085636;186803;207244;649756;649757	1.0;1.0;1.0;1.0;1.0;1.0;1.0;1.0
k79_24046	2;976;200643;171549;815;816;820;997890	1.0;1.0;1.0;1.0;1.0;1.0;0.99984;0.99984
k79_11910	2;976;200643;171549;815;816;2650157	1.0;1.0;1.0;1.0;1.0;1.0;1.0
k79_24055	2;1239;909932;1843488;909930;33024;33025	1.0;1.0;1.0;1.0;1.0;1.0;1.0
k79_48488	2;976;200643;171549;815;816;820;997890	1.0;1.0;1.0;1.0;1.0;1.0;0.99999;0.99999
k79_72415	2;976;200643;171549;815;816;820;997890	1.0;0.99995;0.99995;0.99995;0.99994;0.99994;0.99988;0.99988
k79_96335	2;1239;186801;3085636;186803;572511;418240;1121115	1.0;1.0;1.0;1.0;1.0;1.0;1.0;1.0
k79_72418	2;1239;186801;3085636;186803;841;301301	0.99883;0.99867;0.99671;0.99648;0.99648;0.87095;0.79129
k79_48490	2;1239;186801;186802;216572;1263;2608920	1.0;1.0;1.0;1.0;1.0;1.0;1.0
k79_72419	2;1239;909932;1843488;909930;33024;33025	1.0;1.0;1.0;1.0;1.0;1.0;1.0
k79_84686	2;976;200643;171549;815;816;371601;657309	1.0;0.99985;0.99984;0.99984;0.98925;0.95633;0.7486;0.7486
k79_24066	2;1239;186801;3085636;186803;572511;418240;1121115	1.0;1.0;1.0;1.0;1.0;0.99999;0.99999;0.99999
k79_35543	2;1224;28216;80840;119060;32008;87883	1.0;1.0;1.0;1.0;1.0;1.0;1.0
k79_24078	2;1239;186801;3085636;186803;572511;418240;1121115	1.0;1.0;1.0;1.0;1.0;1.0;1.0;1.0
k79_11932	2;976;200643;171549;815;816;820;997890	1.0;1.0;1.0;1.0;1.0;1.0;0.99997;0.99997
k79_84698	2157;28890;183925;2158;2159;2172;2173;420247	1.0;1.0;1.0;1.0;1.0;1.0;1.0;1.0
k79_35555	2;1239;186801;186802;216572;216851;853;657322	1.0;0.99978;0.99974;0.99885;0.99884;0.99872;0.98112;0.98097
k79_11940	2;1239;526524;526525;2810280;2678885;1982626	0.99958;0.99896;0.99672;0.99672;0.99665;0.99665;0.99665
k79_24080	2;976;200643;171549;815;909656;387090	1.0;1.0;0.99998;0.99998;0.99998;0.99995;0.99995
k79_72438	2;976;200643;171549;815;816;820;997890	1.0;1.0;1.0;1.0;1.0;1.0;1.0;1.0
k79_11942	2;1239;186801;3085636;186803;2316020;46228;471875	1.0;0.99996;0.99995;0.99993;0.99993;0.99959;0.9582;0.9582
k79_72441	2;1239;186801;3085636;186803;572511;418240;1121115	1.0;1.0;1.0;1.0;1.0;1.0;1.0;1.0
k79_48498	2;1239;186801;3085636;186803;841	0.99279;0.96218;0.9424;0.83872;0.83872;0.73831
k79_96362	2;976;200643;171549;815;816;820;997890	1.0;1.0;1.0;1.0;1.0;1.0;0.9999;0.9999
k79_48499	2;1239;186801;3085636;186803;1766253;39491;657317	1.0;1.0;1.0;1.0;1.0;0.99999;0.99999;0.94133
k79_24093	2;1239;526524;526525;2810280;2678885;1982626	1.0;1.0;1.0;1.0;1.0;1.0;1.0
k79_96371	2157;28890;183925;2158;2159;2172;2173;420247	0.99999;0.99999;0.99999;0.99999;0.99999;0.99999;0.98991;0.98991
k79_84702	2;1239;526524;526525;2810280;2678885;1982626	1.0;1.0;0.99998;0.99998;0.99998;0.99997;0.99997
k79_84712	2;1239;186801;186802;216572;216851;853;718252	1.0;0.99998;0.99998;0.99991;0.99991;0.99991;0.99954;0.99953
k79_11950	2;1239;186801;3085636;186803;572511;1912897	1.0;1.0;1.0;1.0;1.0;0.99994;0.99994
k79_72463	2;1239;186801;186802;31979;1485;36745	1.0;0.99989;0.99988;0.99988;0.99988;0.99988;0.99987
k79_11951	2;1239;186801;3085636;186803;1766253;39491;657317	1.0;1.0;1.0;1.0;1.0;0.99999;0.99999;0.99976
k79_35564	2;976;200643;171549;2005525;375288;823;999416	1.0;1.0;1.0;1.0;1.0;1.0;1.0;1.0
k79_24107	2;1239;186801;3085636;186803;841;2763062	1.0;0.99981;0.9998;0.99979;0.99979;0.64739;0.64666
k79_24109	2;976;200643;171549;815;816;817;862962	0.99981;0.99811;0.9981;0.9981;0.97488;0.97487;0.96366;0.96366
k79_96385	2157;28890;183925;2158;2159;2172;2173;420247	0.99995;0.99995;0.99995;0.99995;0.99995;0.99995;0.99995;0.99995
k79_96388	2;976;200643;171549;815;909656;821	1.0;1.0;1.0;1.0;1.0;1.0;1.0
k79_11954	2;976;200643;171549;815;816;2650157	0.99211;0.96765;0.96591;0.96575;0.9587;0.9587;0.52936
k79_72485	2;1239;186801;186802;216572;216851;853;657322	0.99999;0.9999;0.99988;0.99987;0.99987;0.99984;0.71032;0.71032
k79_11956	2;976;200643;171549;815;909656;357276;997877	1.0;1.0;1.0;1.0;1.0;0.99999;0.99999;0.99999
k79_84720	2;976;200643;171549;815;816;290053;693979	1.0;0.98705;0.98611;0.9861;0.9859;0.90705;0.62317;0.62317
k79_72494	2;1239;186801;3085636;186803;2316020;33039;657313	1.0;0.99654;0.9965;0.99647;0.99647;0.99421;0.9927;0.9927
k79_72507	2;1239;186801;3085636;186803;1766253;39491;657317	1.0;1.0;1.0;1.0;1.0;1.0;1.0;0.99949
k79_11960	2;976;200643;171549;815;816	1.0;0.99732;0.99732;0.99732;0.56576;0.56518
k79_24115	2;1239;186801;3085636;186803;841;1261635	0.99999;0.99998;0.99998;0.99998;0.99998;0.99899;0.9988
k79_48525	2157;28890;183925;2158;2159;2172;2173;420247	0.99871;0.99871;0.99871;0.99871;0.99871;0.99871;0.99795;0.99795
k79_11963	2;1239;909932;1843488;909930;33024;33025	1.0;1.0;1.0;1.0;1.0;1.0;1.0
k79_72513	2;976;200643;171549;815;909656;821	1.0;0.99997;0.99997;0.99997;0.99996;0.99988;0.99987
k79_35574	2;1239;526524;526525;2810280;2678885;1982626	1.0;1.0;1.0;1.0;1.0;1.0;1.0
k79_24124	2;1239;186801;3085636;186803;841;166486;657315	1.0;0.98287;0.98286;0.98286;0.98286;0.83373;0.82636;0.82378
k79_72522	2;976;200643;171549;815;909656;387090	1.0;1.0;1.0;1.0;0.99999;0.99997;0.99994
k79_96425	2;976;200643;171549;2005525;375288;2951805	0.99999;0.99999;0.99999;0.99999;0.99994;0.99994;0.99994
k79_72531	2;1239;186801;3085636;186803;207244;649756;649757	1.0;1.0;1.0;1.0;1.0;1.0;1.0;1.0
k79_11985	2;1239;526524;526525;2810280;2678885;1982626	1.0;1.0;1.0;1.0;1.0;0.99999;0.99999
k79_35589	2;1239;91061;1385;186817;1386;3073816	1.0;0.99999;0.99978;0.99977;0.99977;0.99977;0.99977
k79_84745	2157;28890;183925;2158;2159;2172;2173;420247	1.0;1.0;1.0;1.0;1.0;1.0;1.0;1.0
k79_96434	2;976;200643;171549;815;816;820;997890	1.0;1.0;1.0;1.0;1.0;1.0;0.99999;0.99999
k79_48547	2;976;200643;171549;815;816;820;997890	0.99998;0.99989;0.99988;0.99988;0.99965;0.99948;0.66853;0.66853
k79_72549	2;1239;186801;3085636;186803;189330;88431	1.0;0.99999;0.99999;0.99997;0.99997;0.99595;0.99595
k79_11998	2;1239;186801;3085636;186803;33042;410072	1.0;1.0;1.0;1.0;1.0;0.99998;0.99998
k79_96449	2;1239;186801;186802;216572;1263;2608920	1.0;0.9999;0.99968;0.99964;0.99962;0.99954;0.99943
k79_12002	2;1239;186801;3085636;186803;1766253;39491;657318	1.0;1.0;1.0;0.99999;0.99999;0.99999;0.99999;0.99989
k79_72558	2;976;200643;171549;815;816;820;997890	1.0;0.99809;0.99809;0.99809;0.99782;0.99664;0.98772;0.98772
k79_12010	2;1239;526524;526525;2810280;2678885;1982626	1.0;0.99999;0.99998;0.99998;0.99998;0.99998;0.99998
k79_72564	2;1239;526524;526525;2810280;2678885;1982626	1.0;1.0;1.0;1.0;1.0;1.0;1.0
k79_12013	2;976;200643;171549;815;816;674529	1.0;1.0;1.0;1.0;0.99999;0.99996;0.99995
k79_84769	2;1239;186801;186802;216572;1263;2564099	0.99999;0.99998;0.99997;0.99996;0.99996;0.99996;0.99902
k79_12015	2;1239;186801;3085636;186803;1843210;3070997	0.99998;0.91329;0.91325;0.91314;0.91314;0.91314;0.91314
k79_35624	2;1239;526524;526525;2810280;2678885;1982626	1.0;1.0;1.0;1.0;1.0;1.0;1.0
k79_12027	2;1239;186801;3085636;186803;207244;649756;649757	1.0;1.0;1.0;1.0;1.0;1.0;1.0;1.0
k79_12030	2;1239;186801;3085636;186803;841;166486;657315	1.0;1.0;1.0;0.99999;0.99999;0.99989;0.99989;0.99982
k79_24167	2;1239;526524;526525;2810280;2678885;1982626	1.0;1.0;1.0;1.0;1.0;1.0;1.0
k79_35626	2;976;200643;171549;815;816;820;997890	1.0;1.0;1.0;1.0;1.0;1.0;0.99995;0.99995
k79_24175	2;1239;186801;3085636;186803;1766253;39491;657317	1.0;1.0;1.0;1.0;1.0;1.0;1.0;0.99999
k79_35631	2;976;200643;171549;815;816;28111	1.0;0.99778;0.99778;0.99778;0.99777;0.99775;0.99774
k79_48579	2157;28890;183925;2158;2159;2172;2173;420247	1.0;1.0;1.0;1.0;1.0;1.0;1.0;1.0
k79_12042	2;976;200643;171549;815;816;820;997890	1.0;1.0;1.0;1.0;1.0;1.0;0.99994;0.99994
k79_96471	2;976;200643;171549;815;816	1.0;0.99937;0.99754;0.99751;0.99747;0.83421
k79_84783	2;1239;186801;186802;216572;1263;2608920	1.0;0.99999;0.99999;0.99999;0.99999;0.99999;0.99999
k79_12052	2;1239;186801;3085636;186803;2316020;46228;471875	1.0;1.0;1.0;1.0;1.0;1.0;1.0;1.0
k79_12053	2;1239;91061;1385;90964;1279;29382	0.99923;0.99869;0.87864;0.87863;0.87738;0.86241;0.86241
k79_48586	2;1239;186801;186802;216572;1263;2608920	1.0;0.99955;0.99753;0.96023;0.91912;0.90752;0.90468
k79_72583	2;976;200643;171549;2005525;375288;823;999416	1.0;0.99992;0.99991;0.99991;0.99667;0.99667;0.99666;0.99666
k79_12066	2;1239;186801;186802;216572;1263;2608920	1.0;1.0;1.0;1.0;1.0;1.0;1.0
k79_96481	2;1783272	0.99986;0.85731
k79_12069	2;1239;186801;186802;3082771;1738645;3030017	1.0;1.0;0.99999;0.99999;0.99993;0.99993;0.99993
k79_84799	2;976;200643;171549;815;816;820;997890	1.0;1.0;1.0;1.0;1.0;1.0;1.0;1.0
k79_24198	2;976;200643;171549;815;816;817;295405	1.0;0.98589;0.98581;0.98581;0.98576;0.98558;0.98557;0.98557
k79_84801	2;1239;186801;186802;216572;216851;2929488	1.0;1.0;1.0;1.0;1.0;1.0;0.99986
k79_48607	2;976;200643;171549;815;816;162156	0.99999;0.99999;0.99999;0.99999;0.99996;0.99996;0.99995
k79_12076	2;1239;526524;526525;2810280;2678885;1982626	1.0;0.99999;0.99988;0.99988;0.99988;0.99988;0.99988
k79_96496	2;976;200643;171549;815;816;820;997890	1.0;1.0;1.0;1.0;1.0;1.0;0.99999;0.99999
k79_84804	2;1239;186801;186802;216572;216851;3030639	1.0;0.99999;0.99999;0.99999;0.99999;0.99998;0.99272
k79_35666	2;1239;909932;1843488;909930;33024;33025	0.99989;0.98154;0.5654;0.56522;0.56522;0.56522;0.56522
k79_24201	2;976;200643;171549;815;816;820;997890	1.0;1.0;1.0;1.0;1.0;1.0;0.99986;0.99986
k79_12083	2;1239;186801;3085636;186803;1766253;39491;657318	1.0;1.0;1.0;1.0;1.0;1.0;1.0;0.99863
k79_84809	2;1239;526524;526525;2810280;2678885;1982626	1.0;0.99998;0.99994;0.99994;0.99991;0.99991;0.99991
k79_12086	2;1239;526524;526525;2810280;2678885;1982626	1.0;0.99999;0.99995;0.99995;0.99994;0.99994;0.99994
k79_35675	2;1239;186801;3085636;186803;33042;410072	1.0;1.0;1.0;1.0;1.0;0.99986;0.99986
k79_24215	2;1239;526524;526525;2810280;2678885;1982626	0.99999;0.99984;0.99973;0.99973;0.99966;0.99966;0.99966
k79_48613	2;976;200643;171549	1.0;0.99205;0.99146;0.99145
k79_12090	2;976;200643;171549;815;816;820;997890	1.0;1.0;1.0;1.0;1.0;1.0;1.0;1.0
k79_96510	2157;28890;183925;2158;2159;2172;2173;420247	1.0;1.0;1.0;1.0;1.0;1.0;1.0;1.0
k79_35680	2;1239;186801;3085636;186803;572511;418240;1121115	1.0;1.0;1.0;1.0;1.0;1.0;1.0;1.0
k79_48623	2;1239;526524;526525;2810280;2678885;1982626	1.0;1.0;1.0;1.0;1.0;1.0;1.0
k79_24221	2;1239;186801	0.91998;0.70592;0.55101
k79_24224	2;1239;909932;1843488;909930;33024;626940	1.0;1.0;0.99999;0.99999;0.99999;0.99999;0.99999
k79_48626	2157;28890;183925;2158;2159;2172;2173;420247	0.99997;0.99997;0.99997;0.99997;0.99997;0.99997;0.99997;0.99997
k79_48627	2;74201;203494;48461;1647988;239934;239935	1.0;1.0;1.0;1.0;1.0;1.0;1.0
k79_12105	2;976;200643;171549;815;816;818	1.0;0.99952;0.9993;0.9993;0.99928;0.99928;0.99874
k79_72639	2;1239;186801;3085636;186803;572511;1796616	1.0;1.0;1.0;1.0;1.0;0.99995;0.99995
k79_84838	2;1239;909932;1843488;909930;33024;33025	0.99999;0.99505;0.97774;0.97774;0.97774;0.97774;0.97774
k79_12114	2;976;200643;171549;815;816;290053;693979	1.0;0.94829;0.94812;0.94812;0.94597;0.84393;0.8189;0.8189
k79_96545	2;976;200643;171549;815;816;820;997890	1.0;1.0;1.0;1.0;0.99997;0.99997;0.99966;0.99966
k79_12116	2;976;200643;171549;815;816;820;997890	1.0;1.0;1.0;1.0;1.0;1.0;0.99999;0.99999
k79_84849	2;1239;186801;3085636;186803;572511;418240;1121115	1.0;1.0;1.0;1.0;1.0;1.0;1.0;1.0
k79_12118	2;1239;186801;3085636;186803;207244;649756;649757	1.0;1.0;1.0;0.99999;0.99999;0.99998;0.99998;0.99998
k79_96557	2;1239;186801;3085636;186803;2316020;33039;657313	1.0;1.0;1.0;1.0;1.0;0.99983;0.9998;0.9998
k79_84855	2;1239;186801;3085636;186803;1766253;39491;657318	1.0;1.0;1.0;1.0;1.0;0.99996;0.99996;0.99993
k79_35709	2;1239;186801;3085636;186803;2316020;33038	1.0;1.0;1.0;1.0;1.0;0.9992;0.99919
k79_24235	2;976;200643;171549;815;909656;821	1.0;1.0;1.0;1.0;1.0;1.0;1.0
k79_96560	2;1239;186801;3085636;186803;2888809;2068655	1.0;1.0;1.0;1.0;1.0;1.0;1.0
k79_24237	2;1239;186801;3085636;186803;1506553;29347	0.99997;0.97115;0.97053;0.97005;0.96516;0.73561;0.73561
k79_96563	2;1239;91061;1385;186822;44249;1778678	1.0;1.0;1.0;1.0;1.0;1.0;1.0
k79_12119	2157;28890;183925;2158;2159;2172;2173;420247	1.0;1.0;1.0;1.0;1.0;1.0;1.0;1.0
k79_24242	2;976;200643;171549;815;909656;821	1.0;0.99975;0.99975;0.99975;0.99974;0.9997;0.9997
k79_12120	2;1239;186801;3085636;186803;2316020;33038	1.0;1.0;1.0;1.0;1.0;1.0;1.0
k79_48661	2;976;200643;171549;815;909656;357276;997877	1.0;0.99994;0.99993;0.99993;0.92188;0.89861;0.89759;0.89759
k79_48664	2;1239;909932;1843488;909930;33024;33025	1.0;1.0;1.0;1.0;1.0;1.0;1.0
k79_96578	2;1239;186801;3085636;186803;572511;418240;1121115	1.0;1.0;1.0;1.0;1.0;1.0;1.0;1.0
k79_35713	2;976;200643;171549;815;816;820;997890	1.0;1.0;1.0;1.0;0.99999;0.99995;0.99792;0.99792
k79_48665	2;1239;526524;526525;2810280;2678885;1982626	1.0;0.99981;0.99917;0.99917;0.99917;0.99917;0.99917
k79_35715	2;976;200643;171549;815;816;371601;657309	0.99997;0.99946;0.99943;0.99943;0.95144;0.81851;0.56903;0.56903
k79_24250	2;976;117743;200644;49546;52959;1888915	1.0;0.99999;0.99999;0.99999;0.99999;0.99999;0.99999
k79_96584	2;1239;186801;3085636;186803;841;301301	1.0;0.99612;0.9915;0.99135;0.98341;0.50517;0.50445
k79_84878	2;1239;186801;186802;216572;1263;2608920	1.0;1.0;1.0;1.0;1.0;1.0;0.99999
k79_72657	2;976;200643;171549;815;816;820;997890	1.0;1.0;1.0;1.0;1.0;1.0;0.99986;0.99986
k79_84882	2;1239;186801;3085636;186803;33042;410072	1.0;1.0;1.0;1.0;1.0;0.99995;0.99995
k79_72661	2;1239;526524;526525;2810280;2678885;1982626	1.0;0.99996;0.99996;0.99996;0.99996;0.99996;0.99996
k79_84885	2;1239;186801;186802;216572;1263;2608920	0.9999;0.99898;0.99879;0.99755;0.99588;0.99577;0.99576
k79_96591	2;1239;186801;186802;216572;2892396;2714353	1.0;0.99986;0.99986;0.99984;0.99984;0.99878;0.99877
k79_84887	2;1239;186801;3085636;186803;572511;89014	1.0;1.0;1.0;1.0;1.0;1.0;0.99999
k79_96595	2;976;200643;171549;815;816;820;997890	1.0;1.0;1.0;1.0;1.0;1.0;1.0;1.0
k79_48666	2;1239;186801;3085636;186803;33042;410072	1.0;1.0;1.0;1.0;1.0;0.99994;0.99994
k79_72671	2;1239;186801;3085636;186803;2569097;39488	1.0;0.9988;0.99874;0.99841;0.99841;0.55429;0.55429
k79_48668	2;1239;186801;3085636;186803;189330;88431	1.0;0.9998;0.99979;0.99978;0.99978;0.9997;0.9997
k79_35723	2;1239;186801;3085636;186803;2316020;46228;471875	1.0;1.0;1.0;1.0;1.0;1.0;1.0;1.0
k79_35724	2157;28890;183925;2158;2159;2172;2173;420247	1.0;1.0;1.0;1.0;1.0;1.0;1.0;1.0
k79_96606	2;1224;28216;206351;481;482;1931275	1.0;0.99997;0.99997;0.99997;0.99997;0.99997;0.99997
k79_12130	2;976;200643;171549;815;816;371601;657309	1.0;1.0;0.99999;0.99999;0.9996;0.99952;0.99931;0.99931
k79_84896	2;1239;186801;186802;216572;1263;2608920	1.0;1.0;1.0;0.99999;0.99999;0.99999;0.99999
k79_24269	2;1239;186801;3085636;186803;3342669;45851	0.99998;0.99998;0.99998;0.99996;0.99996;0.99996;0.99996
k79_96616	2;976;200643;171549;815;816;820;997890	1.0;0.99772;0.99769;0.99768;0.98058;0.54125;0.53863;0.53863
k79_72676	2;1239;91061;1385;186817;400634;2636778	0.96239;0.96117;0.74502;0.74501;0.74461;0.74418;0.74418
k79_96619	2;976;200643;171549;815;816;818	0.99997;0.73283;0.71907;0.71897;0.70698;0.66741;0.6496
k79_35726	2157;28890;183925;2158;2159;2172;2173;420247	1.0;1.0;1.0;1.0;1.0;1.0;1.0;1.0
k79_35730	2;976;200643;171549;815;816;162156	1.0;1.0;1.0;1.0;1.0;1.0;0.99997
k79_48692	2;1239;186801;3085636;186803;572511;418240;1121115	0.99999;0.99999;0.99997;0.99994;0.99994;0.99952;0.99951;0.99951
k79_24272	2;1239;526524;526525;2810280;2678885;1982626	1.0;1.0;1.0;1.0;1.0;0.99998;0.99998
k79_48694	2;200940;3024418;213118;213119;2289;240139	1.0;1.0;1.0;1.0;1.0;1.0;1.0
k79_35734	2;1239;186801;3082720;543314;1926556;1776384	1.0;0.99999;0.99999;0.99999;0.99999;0.99999;0.99999
k79_96620	2;1239;186801;186802;186806;1730;39496	0.97793;0.9603;0.77027;0.53984;0.53942;0.53941;0.53931
k79_48699	2;1239;186801;3085636;186803;2316020;46228;471875	1.0;1.0;1.0;1.0;1.0;0.99985;0.99973;0.99973
k79_12154	2;1239;186801;3085636;186803;207244;649756;649757	1.0;1.0;1.0;1.0;1.0;1.0;1.0;1.0
k79_96638	2;976;200643;171549;815;909656;821	1.0;0.99999;0.99999;0.99999;0.98363;0.98342;0.98342
k79_48711	2;976;200643;171549;815;816;329854	1.0;1.0;1.0;1.0;1.0;1.0;1.0
k79_12163	2;976;117743;200644;49546;237;3003258	1.0;0.99999;0.99999;0.99999;0.99999;0.99999;0.99996
k79_72700	2;1239;186801;3085636;186803;207244;649756;649757	1.0;1.0;1.0;1.0;1.0;1.0;1.0;1.0
k79_35744	2;1239;526524;526525;2810280;2678885;1982626	0.99999;0.99996;0.9999;0.9999;0.9999;0.99989;0.99989
k79_72701	2;976;200643;171549;815;909656;387090	1.0;1.0;0.9992;0.9992;0.99918;0.99912;0.99912
k79_24302	2759;7711;40674;9443;9604;9605;9606	0.99906;0.99906;0.99906;0.99906;0.99906;0.99906;0.99906
k79_72709	2;1239;186801;3085636;186803;2719313;333367;518636	1.0;0.99994;0.99959;0.5227;0.5227;0.52265;0.52265;0.52265
k79_84926	2;1239;186801;186802;216572;1263;657323	1.0;1.0;1.0;0.99995;0.99995;0.99995;0.99995
k79_24308	2;1239;186801;3085636;186803;207244;649756;649757	1.0;1.0;1.0;1.0;1.0;1.0;1.0;1.0
k79_96651	2;1239;186801;186802;216572;1263;2608920	1.0;0.99999;0.99999;0.99995;0.99995;0.99856;0.99855
k79_24309	2157;28890;183925;2158;2159;2172;2173;420247	1.0;1.0;1.0;1.0;1.0;1.0;1.0;1.0
k79_84936	2;1239;186801;3085636;186803;2569097;39488	1.0;1.0;1.0;1.0;1.0;0.99997;0.99997
k79_24311	2;1239;186801;3085636;186803;841;1261635	1.0;0.99994;0.99994;0.99994;0.99994;0.99993;0.99993
k79_24315	2;976;200643;171549;171550;239759;2585118	1.0;0.99999;0.99999;0.99999;0.99999;0.99999;0.99999
k79_72732	2;1239;186801;3085636;186803;1766253;39491;657317	1.0;1.0;1.0;1.0;1.0;1.0;1.0;0.99899
k79_24324	2;1239;186801;3085636;186803;572511;418240;1121115	1.0;1.0;1.0;1.0;1.0;1.0;1.0;1.0
k79_96654	2;1239;909932;1843488;909930;33024;33025	1.0;1.0;1.0;1.0;1.0;1.0;1.0
k79_84943	2;1239;186801;186802;31979;1485;1155388	0.99986;0.98816;0.92542;0.92525;0.92261;0.92261;0.83298
k79_24328	2;29547;3031852;213849;72294;194;827	1.0;0.99997;0.99997;0.99997;0.99997;0.99997;0.99997
k79_84946	2;74201;203494;48461;1647988;239934;239935	1.0;1.0;1.0;1.0;1.0;1.0;1.0
k79_96667	2;201174;1760;85006;85023;881616;2905871	1.0;1.0;1.0;1.0;1.0;1.0;1.0
k79_24334	2;976;200643;171549;815;816;818	0.99999;0.99992;0.99987;0.99986;0.99985;0.99954;0.928
k79_72759	2;1239;186801;3085636;186803;841;2763062	1.0;1.0;1.0;1.0;1.0;0.99951;0.99833
k79_35776	2;976;200643;171549;815;816;820;997890	1.0;0.99999;0.99999;0.99999;0.99999;0.99997;0.99996;0.99996
k79_96671	2;1239;186801;3085636;186803;572511;418240;1121115	1.0;1.0;1.0;1.0;1.0;1.0;1.0;1.0
k79_24338	2;1239;186801;186802;216572;1263;2608920	1.0;1.0;1.0;0.99999;0.99999;0.99999;0.99999
k79_96682	2;1239;186801;3085636;186803;33042;410072	0.99965;0.9924;0.99238;0.99181;0.9918;0.54485;0.54484
k79_72772	2;1239;186801;186802;216572;1263;2608920	1.0;1.0;1.0;1.0;1.0;1.0;1.0
k79_72773	2;1239;186801;186802;216572;2892396;2714353	1.0;0.99995;0.9999;0.9999;0.9966;0.99604;0.99604
k79_35780	2;1239;526524;526525;2810280;2678885;1982626	1.0;1.0;1.0;1.0;1.0;1.0;1.0
k79_96694	2;976;200643;171549;815;816;820;997890	1.0;1.0;1.0;1.0;0.99999;0.99999;0.99985;0.99985
k79_35782	2;976;200643;171549;815;816;820;997890	1.0;1.0;1.0;1.0;1.0;1.0;0.99998;0.99998
k79_96702	2;1239;186801;186802;216572;946234;292800	0.96138;0.92885;0.75793;0.75738;0.71901;0.69342;0.69342
k79_24340	2;1239;186801;3085636;186803	0.99221;0.98989;0.98956;0.56065;0.56065
k79_24342	2;1239;186801;3085636;186803;841;1261635	1.0;1.0;1.0;1.0;1.0;1.0;0.99999
k79_84966	2;1239;91061;1385;186817;2675230	1.0;1.0;0.99992;0.99992;0.99989;0.99989
k79_24345	2;1239;526524;526525;2810280;2678885;1982626	1.0;0.99945;0.9994;0.9994;0.87391;0.87391;0.87391
k79_84967	2;1239;186801;3085636;186803;2316020;46228;471875	0.99998;0.99998;0.99998;0.99998;0.99998;0.9952;0.99481;0.99481
k79_35790	2;1224;1236;135619;2066474;305899;1234143	1.0;0.99088;0.85404;0.85403;0.85403;0.85403;0.85403
k79_35791	2;1239;186801;3085636;186803;1766253;39491;657318	1.0;1.0;1.0;1.0;1.0;1.0;1.0;0.99998
k79_35794	2;1239;186801;186802;216572;216851;411483	1.0;1.0;1.0;0.99998;0.99998;0.99846;0.99846
k79_84968	2;1239;526524;526525;2810280;2678885;1982626	0.99999;0.99999;0.99999;0.99999;0.99999;0.99999;0.99999
k79_24355	2;1239;186801;3085636;186803;33042;410072	1.0;0.99999;0.99973;0.99969;0.99969;0.73818;0.73818
k79_96717	2;976;200643;171549;815;816;820;997890	1.0;1.0;0.99998;0.99998;0.99998;0.99998;0.99995;0.99995
k79_72794	2;1239;186801;186802;216572;1263;2608920	1.0;0.99999;0.99996;0.99994;0.99993;0.99993;0.99992
k79_96718	2;1239;186801;3085636;186803;572511;418240;1121115	0.97822;0.9756;0.9494;0.93752;0.93752;0.84164;0.82919;0.82919
k79_24356	2;1239;186801;186802;216572;1263;2608920	1.0;0.99995;0.99994;0.99994;0.99993;0.99993;0.99993
k79_84973	2;1224;28211;356;82115;357;2735528	1.0;1.0;1.0;1.0;1.0;1.0;1.0
k79_96726	2;976;200643;171549;815;816;820;997890	1.0;1.0;1.0;1.0;1.0;1.0;1.0;1.0
k79_35803	2;1239;91061;186826;33958;1578;1604	1.0;1.0;1.0;1.0;1.0;1.0;1.0
k79_72806	2;1239;526524;526525;2810280;2678885;1982626	1.0;1.0;1.0;1.0;1.0;1.0;1.0
k79_96744	2;1239;186801;3085636;186803;572511;418240;1121115	1.0;1.0;1.0;1.0;1.0;1.0;1.0;1.0
k79_84996	2;1239;186801;186802;216572;1263;2608920	0.99998;0.99996;0.99977;0.99821;0.99166;0.99164;0.94856
k79_72814	2;1239;526524;526525;2810280;2678885;1982626	1.0;1.0;1.0;1.0;1.0;1.0;1.0
k79_72815	2;976;200643;171549;815;816;329854	0.99984;0.99979;0.9993;0.99927;0.99921;0.99858;0.53211
k79_35808	2;976;200643;171549;815;816;820;997890	1.0;1.0;1.0;1.0;1.0;1.0;1.0;1.0
k79_72816	2;1239;186801;3085636;186803;207244;649756;649757	1.0;1.0;1.0;1.0;1.0;1.0;1.0;1.0
k79_35809	2;1239;526524;526525;2810280;2678885;1982626	1.0;1.0;1.0;1.0;0.99999;0.99999;0.99999
k79_96770	2;976;200643;171549;815;816;2755405	1.0;1.0;1.0;1.0;1.0;1.0;1.0
k79_72820	2;1239;186801;3085636;186803;3342669;45851	1.0;0.99998;0.99997;0.98947;0.98947;0.98941;0.98941
k79_72826	2;976;200643;171549;815;816	0.99988;0.99305;0.99304;0.99303;0.56449;0.54282
k79_72829	2;1239;186801;3085636;186803;2316020;33039;657313	1.0;1.0;1.0;1.0;1.0;1.0;1.0;1.0
k79_85012	2;1239;186801;3085636;186803;2316020;33038	0.99987;0.61223;0.61221;0.60664;0.60664;0.52913;0.52903
k79_96787	2;1239;186801;3085636;186803;2316020;46228;471875	1.0;1.0;1.0;1.0;1.0;1.0;1.0;1.0
k79_72834	2;1239;186801;3085636;186803;572511;418240;1121115	1.0;1.0;1.0;1.0;1.0;0.99984;0.99984;0.99984
k79_96790	2;1239;186801;186802;216572;1263;1161942	0.99798;0.99708;0.99674;0.99657;0.99652;0.99275;0.90233
k79_35827	2157;28890;183925;2158;2159;2172;2173;420247	1.0;1.0;1.0;1.0;1.0;1.0;1.0;1.0
k79_85028	2;1239;186801;3085636;186803;1766253;39491;657318	1.0;1.0;1.0;1.0;1.0;0.99991;0.99991;0.86104
k79_72844	2;976;200643;171549;815;816;2528203	1.0;1.0;1.0;1.0;0.99998;0.99771;0.99753
k79_96803	2759;7711;40674;9443;9604;9605;9606	0.99979;0.99979;0.99979;0.99979;0.99979;0.99979;0.99979
k79_85035	2;1239;186801;186802;216572;459786;2763056	1.0;0.99925;0.99924;0.9992;0.99919;0.99917;0.99917
k79_96812	2;1239;186801;186802;31979;1485;1513	0.99996;0.99891;0.99868;0.99048;0.92322;0.92322;0.92289
k79_96816	2;976;768503;768507;2896860;120831;2906456	1.0;0.99999;0.99999;0.99999;0.99999;0.99999;0.99999
k79_72872	2;976;200643;171549;815;816	1.0;0.99895;0.99799;0.99798;0.99798;0.68351
k79_96820	2;1239;186801;3085636;186803;572511;89014	0.99999;0.97176;0.96828;0.9676;0.9676;0.96708;0.8937
k79_85042	2;1239;186801;3082720;186804;1870884;1496	1.0;0.99999;0.99999;0.9998;0.9998;0.9998;0.9998
k79_72883	2;1239;186801;3085636;186803;1766253;39491;657317	1.0;1.0;1.0;1.0;1.0;1.0;1.0;0.99999
k79_35838	2;1239;186801;3085636;186803;841;166486;657315	1.0;1.0;1.0;1.0;1.0;0.99999;0.99999;0.99999
k79_85057	2;976;200643;171549;815;909656;821	1.0;1.0;1.0;1.0;1.0;1.0;1.0
k79_35840	2157;28890;183925;2158;2159;2172;2173;420247	0.99999;0.99999;0.99999;0.99999;0.99999;0.99999;0.99999;0.99999
k79_96838	2;976;200643;171549;815;816;820;997890	1.0;1.0;1.0;1.0;1.0;1.0;0.99998;0.99998
k79_85061	2;976;200643;171549;815;816;246787	1.0;1.0;1.0;1.0;0.99982;0.99973;0.99938
k79_35850	2;1239;186801;3085636;186803;841;166486;657315	1.0;1.0;1.0;1.0;1.0;0.99997;0.99996;0.99967
k79_85072	2157;28890;183925;2158;2159;2172;2173;420247	0.99995;0.99995;0.99995;0.99995;0.99995;0.99995;0.99986;0.99986
k79_72901	2;1239;186801	1.0;0.87814;0.82354
k79_96846	2;74201;203494;48461;1647988;239934;239935	1.0;1.0;1.0;1.0;1.0;1.0;1.0
k79_35852	2;1239;186801;186802;216572;1263;2608920	1.0;1.0;1.0;1.0;0.99999;0.99999;0.99999
k79_72913	2;1239;186801;3085636;186803;572511;40520;657314	1.0;1.0;1.0;1.0;1.0;0.99997;0.99996;0.99996
k79_85077	2;976;200643;171549;2005525;375288;823;999416	0.99854;0.5307;0.53069;0.53069;0.53065;0.53065;0.53065;0.53065
k79_85082	2;1239;186801;3085636;186803;189330;39486	1.0;1.0;1.0;1.0;1.0;0.99994;0.99994
k79_72923	2;1239;526524;526525;2810280;2678885;1982626	1.0;1.0;1.0;1.0;1.0;0.99999;0.99999
k79_72927	2157;28890;183925;2158;2159;2172;2173;420247	0.99999;0.99999;0.99999;0.99999;0.99999;0.99999;0.99999;0.99999
k79_96860	2;1239;186801;3085636;186803;33042;410072	1.0;0.99998;0.99998;0.99998;0.99998;0.99564;0.99564
k79_35863	2;1239;909932;1843488;909930;33024;33025	1.0;1.0;1.0;1.0;1.0;1.0;1.0
k79_85091	2;1239;186801;186802;31979;1485;1561;1415775	0.99763;0.99718;0.94785;0.94652;0.94641;0.7662;0.69877;0.69877
k79_72930	2;1239;186801;3085636;186803;1766253;39491;657317	0.9997;0.99969;0.99962;0.99951;0.99951;0.74843;0.74843;0.74451
k79_85094	2;1239;186801;3085636;186803;207244;649756;649757	1.0;0.99994;0.99994;0.99993;0.99993;0.99993;0.99993;0.99993
k79_85096	2;976;200643;171549;815;816;820;997890	1.0;1.0;1.0;1.0;1.0;1.0;0.9999;0.9999
k79_96877	2;976;200643;171549;815;816;820;997890	1.0;1.0;1.0;1.0;1.0;1.0;1.0;1.0
k79_35869	2;1239;186801;186802;216572;216851	0.99999;0.9707;0.97031;0.88699;0.8761;0.58982
k79_85109	2157;28890;183925;2158;2159;2172;2173;420247	0.9991;0.9991;0.9991;0.9991;0.9991;0.9991;0.99899;0.99899
k79_72940	2;1239;186801;186802;216572;1263;2608920	1.0;1.0;1.0;0.99996;0.99996;0.99996;0.99996
k79_85114	2;1239;186801;186802;3082771;1738645;3030017	1.0;0.99731;0.99611;0.996;0.98456;0.98456;0.98456
k79_96898	2;1239;186801;3085636;186803;572511;418240;1121115	1.0;1.0;1.0;1.0;1.0;1.0;1.0;1.0
k79_35888	2;976;200643;171549;815;816;820;997890	1.0;1.0;1.0;1.0;1.0;1.0;0.9993;0.9993
k79_35889	2;976;200643;171549;815;816;820;997890	1.0;1.0;1.0;1.0;1.0;1.0;1.0;1.0
k79_72952	2;976;200643;171549;2005525;375288;823;999416	0.99264;0.78969;0.78675;0.78675;0.70345;0.70345;0.6525;0.6525
k79_85132	2;976;200643;171549;815;816;2528203	1.0;0.99997;0.99997;0.99996;0.99723;0.99684;0.99305
k79_72953	2;1239;526524;526525;2810280;2678885;1982626	1.0;1.0;1.0;1.0;1.0;1.0;1.0
k79_85133	2;1239;186801;3085636;186803;2163168;3070215	1.0;0.71187;0.71171;0.7117;0.7117;0.70389;0.70389
k79_96910	2;976;200643;171549;815;816;820;997890	1.0;1.0;1.0;1.0;1.0;1.0;1.0;1.0
k79_72964	2;976;117743;200644;2762318;59732;1493872	1.0;1.0;1.0;1.0;1.0;1.0;1.0
k79_72965	2;976;200643;171549;815;816;820;997890	1.0;1.0;1.0;1.0;1.0;1.0;1.0;1.0
k79_96913	2;1239;186801;186802;216572;2892397;2714358	0.72295;0.71117;0.6855;0.60164;0.5924;0.59237;0.59237
k79_72969	2;976;200643;171549	0.99889;0.6226;0.52821;0.52821
k79_72984	2;1239;186801;3085636;186803;572511;418240;1121115	1.0;1.0;1.0;1.0;1.0;1.0;1.0;1.0
k79_85164	2;1239;186801;3085636;186803;189330;88431	1.0;0.99999;0.99999;0.99999;0.99999;0.74953;0.74946
k79_35906	2;1239;186801;3085636;186803;841;301301	1.0;1.0;1.0;1.0;1.0;0.99999;0.99999
k79_96940	2;976;200643;171549;815;909656;387090	1.0;0.99991;0.9999;0.9999;0.99989;0.99925;0.99759
k79_72987	2;1239;186801;3085636;186803;1766253;39491;657318	1.0;1.0;1.0;1.0;1.0;0.99998;0.99998;0.98474
k79_35911	2;1239;186801;3085636;186803;572511;418240;1121115	1.0;1.0;1.0;1.0;1.0;1.0;1.0;1.0
k79_35912	2;976;200643;171549;815;816;2715212	1.0;0.99996;0.99996;0.99996;0.99994;0.99993;0.99566
k79_72995	2;976;200643;171549;815;816;820;997890	1.0;1.0;1.0;1.0;1.0;1.0;1.0;1.0
k79_96942	131567	0.99987
k79_73002	2;976;200643;171549;815;816;371601;657309	1.0;1.0;1.0;1.0;0.99989;0.99989;0.99988;0.99988
k79_85179	2157;28890;183925;2158;2159;2172;2173;420247	1.0;1.0;1.0;1.0;1.0;1.0;1.0;1.0
k79_73018	2;976;200643;171549;815;816;820;997890	1.0;1.0;1.0;1.0;1.0;1.0;1.0;1.0
k79_35927	2;976;200643;171549;815;816;820;997890	1.0;1.0;1.0;1.0;1.0;1.0;1.0;1.0
k79_85181	2;976;200643;171549;815;816;820;997890	1.0;1.0;1.0;1.0;1.0;1.0;0.99999;0.99999
k79_73025	2;976;200643;171549;815;816;820;997890	1.0;1.0;1.0;1.0;0.99998;0.99986;0.99809;0.99809
k79_85188	2;1239;186801;3085636;186803;572511;418240;1121115	1.0;1.0;1.0;1.0;1.0;1.0;1.0;1.0
k79_96963	2;74201;203494;48461;1647988;239934;239935	1.0;0.99999;0.99999;0.99999;0.99999;0.99999;0.99999
k79_35941	2;1239;186801;3085636;186803;2316020;46228;471875	1.0;1.0;1.0;1.0;1.0;0.99999;0.99999;0.99999
k79_85191	2;1239;186801;186802;216572;216851;853;657322	1.0;0.99999;0.99955;0.99952;0.99952;0.9938;0.99215;0.99212
k79_96969	2;976;200643;171549;815;816;820;997890	1.0;0.99998;0.99998;0.99998;0.99989;0.99985;0.99734;0.99734
k79_73034	2;1239;526524;526525;2810280;2678885;1982626	1.0;1.0;1.0;1.0;1.0;1.0;1.0
k79_85196	2;544448;31969;2085;2092;2093;2102;40477	0.99966;0.99959;0.99959;0.99959;0.99959;0.99959;0.99959;0.99959
k79_96970	2;1239;186801;186802;216572;1263;2608920	1.0;1.0;0.99993;0.99992;0.99991;0.99991;0.99991
k79_96971	2;976;200643;171549;815;816;820;997890	1.0;0.99998;0.99998;0.99998;0.9999;0.99967;0.99498;0.99498
k79_85209	2;1239;186801;186802;186806;1730;39496	0.99999;0.99998;0.99998;0.99998;0.99997;0.99997;0.99997
k79_96975	2;976;200643;171549;815;816;820;997890	1.0;1.0;1.0;1.0;1.0;1.0;1.0;1.0
k79_73058	2;1239;186801;186802;216572;2591381;2093857	1.0;0.99996;0.99996;0.99996;0.99996;0.99983;0.99983
k79_35975	2;1239;186801;3085636;186803;1766253;39491;657318	1.0;1.0;1.0;1.0;1.0;0.99999;0.99999;0.99997
k79_96987	2;976;200643;171549;815;816;2755405	1.0;1.0;1.0;1.0;1.0;1.0;1.0
k79_73068	2;976;200643;171549;815;909656;357276;997877	0.99139;0.82056;0.82046;0.82046;0.77628;0.62767;0.62755;0.62755
k79_96989	2;1239;186801;3085636;186803;33042;410072	0.99999;0.9976;0.99739;0.99737;0.99736;0.98352;0.97932
k79_85229	2;976;117743;200644;49546;237;2986838	0.99985;0.99951;0.99951;0.99951;0.99951;0.99951;0.99951
k79_96992	2;1239;186801;3085636;186803;841;1261635	1.0;1.0;1.0;1.0;1.0;1.0;0.94029
k79_35997	2;976;200643;171549;815;909656;821	1.0;0.99999;0.99999;0.99999;0.99998;0.99996;0.99994
k79_96997	2;976;200643;171549;815;816;820;997890	1.0;1.0;1.0;1.0;1.0;1.0;0.99998;0.99998
k79_85238	2;1239;526524;526525;2810280;2678885;1982626	1.0;1.0;1.0;1.0;1.0;1.0;1.0
k79_36002	2;1239;186801;3085636;186803;207244;649756;649757	1.0;1.0;0.99853;0.99853;0.99853;0.99853;0.99853;0.99853
k79_85239	2;1239;186801;3082720;186804;214904;2925782	1.0;0.99985;0.99985;0.99985;0.99985;0.99985;0.99985
k79_96999	2;1239;186801;3085636;186803;2888809;2068655	1.0;1.0;1.0;1.0;1.0;1.0;1.0
k79_85245	2;976;200643;171549;815;816;820;997890	1.0;1.0;1.0;1.0;1.0;1.0;1.0;1.0
k79_97007	2;976;200643;171549;815;816;820;997890	1.0;1.0;1.0;1.0;1.0;1.0;1.0;1.0
k79_36015	2;1239;186801;3085636;186803;572511;418240;1121115	1.0;1.0;1.0;1.0;1.0;0.99999;0.99984;0.99984
k79_85247	2157;28890;183925;2158;2159;2172;2173;420247	1.0;1.0;1.0;1.0;1.0;1.0;1.0;1.0
k79_36017	2;976;200643;171549;815;816	0.99684;0.90963;0.90862;0.90857;0.68765;0.66716
k79_85251	2;1239;526524;526525;2810280;2678885;1982626	1.0;0.99996;0.99992;0.99992;0.99991;0.99978;0.99978
k79_36018	2;1239;186801;3085636;186803;1766253;39491;657318	1.0;1.0;1.0;1.0;1.0;1.0;1.0;0.99798
k79_85256	2;1224;1236;135619;135620;1537406;1249553	1.0;1.0;1.0;1.0;1.0;1.0;1.0
k79_97019	2;976;200643;171549;815;816;820;997890	1.0;0.99928;0.99925;0.99925;0.99913;0.99912;0.97606;0.97606
k79_36022	2;1239;526524;526525;2810280;2678885;1982626	1.0;1.0;1.0;1.0;1.0;1.0;1.0
k79_36026	2;976;200643;171549;815;816;820;997890	1.0;1.0;1.0;1.0;1.0;1.0;1.0;1.0
k79_97027	2;976;200643;171549;815;816;820;997890	0.99995;0.99625;0.99267;0.99267;0.99244;0.99242;0.82582;0.82582
k79_97028	2;1239;186801;186802;216572;1263;2608920	1.0;1.0;1.0;0.99985;0.99985;0.99985;0.99985
k79_36039	2;976;200643;171549;815;816	0.99999;0.99987;0.99488;0.99477;0.98953;0.92831
k79_36042	2;1239;526524;526525;2810280;2678885;1982626	1.0;1.0;0.99998;0.99998;0.99997;0.9999;0.9999
k79_97041	2;976;200643;171549;815;816;820;997890	1.0;1.0;1.0;1.0;1.0;1.0;1.0;1.0
k79_36044	2;1239;909932;1843488;909930;33024;33025	1.0;1.0;1.0;1.0;1.0;1.0;1.0
k79_97043	2;1239;186801;3085636;186803;2316020;46228;471875	1.0;1.0;1.0;1.0;1.0;1.0;1.0;1.0
k79_36055	2;976;200643;171549;815;816;820;997890	1.0;1.0;1.0;1.0;1.0;1.0;0.99999;0.99999
k79_97052	2;976;200643;171549;815;909656;357276;997877	1.0;1.0;1.0;1.0;1.0;1.0;0.99998;0.99998
k79_97053	2;976;200643;171549;815;909656	0.99936;0.90347;0.89565;0.89565;0.89499;0.51666
k79_36069	2;1239;526524;526525;2810280;2678885;1982626	1.0;1.0;1.0;1.0;1.0;1.0;1.0
k79_36070	2;1783272	0.99994;0.99941
k79_97061	2;976;200643;171549;815;816;820;997890	1.0;1.0;1.0;1.0;1.0;1.0;1.0;1.0
k79_36081	2;1239;186801;3085636;186803;1766253;39491;657318	1.0;1.0;1.0;1.0;1.0;0.99997;0.99997;0.99996
k79_36082	2;976;200643;171549;815;909656;821	1.0;1.0;1.0;1.0;1.0;1.0;1.0
k79_36088	2;1239;186801;3085636;186803;2316020;46228;471875	1.0;1.0;1.0;1.0;1.0;1.0;1.0;1.0
k79_97082	2;976;200643;171549;815;816;820;997890	1.0;1.0;1.0;1.0;1.0;1.0;0.99994;0.99994
k79_97083	2;1239;186801;186802;216572;1263;2608920	1.0;1.0;1.0;1.0;1.0;1.0;0.99998
k79_36090	2;1239;186801;3085636;186803;1766253;39491;657317	1.0;1.0;1.0;1.0;1.0;0.99998;0.99998;0.90243
k79_97090	2;1239;186801;186802;216572;1263;2608920	1.0;0.99991;0.99991;0.99991;0.99991;0.99991;0.99988
k79_36102	2;1239;526524;526525;2810280;2678885;1982626	1.0;1.0;0.99999;0.99999;0.99999;0.99999;0.99999
k79_36116	2;1239;186801;3085636;186803;1766253;39491;657317	1.0;1.0;1.0;1.0;1.0;1.0;1.0;0.99993
k79_36121	2;976;200643;171549;815;816;820;997890	1.0;1.0;1.0;1.0;1.0;1.0;1.0;1.0
k79_36124	2;1239;186801;3085636;186803;572511;418240;1121115	1.0;1.0;1.0;1.0;1.0;1.0;1.0;1.0
k79_97114	2;1239;186801;186802;216572;1263;2608920	1.0;1.0;1.0;1.0;1.0;1.0;1.0
k79_36134	2157;28890;183925;2158;2159;2172;2173;420247	1.0;1.0;1.0;1.0;1.0;1.0;1.0;1.0
k79_97118	2;1239;186801;3085636;186803;841;166486;718255	1.0;1.0;1.0;1.0;1.0;0.99854;0.99845;0.70703
k79_36139	2;1239;186801;3082720;3118657;390805;1424294	1.0;1.0;0.99995;0.99992;0.99992;0.99992;0.99992
k79_36162	2;1239;526524;526525;2810280;2678885;1982626	0.99996;0.99971;0.99971;0.99971;0.99971;0.99971;0.99971
k79_36173	2;1239;186801;3085636;186803;33042;410072	1.0;1.0;1.0;0.99997;0.99997;0.99959;0.99959
k79_97120	2759;7711;40674;9443;9604;9605;9606	0.99969;0.99969;0.99969;0.99969;0.99969;0.99969;0.99969
k79_97139	2;976;200643;171549;815;816;820;997890	1.0;1.0;1.0;1.0;1.0;1.0;1.0;1.0
k79_97140	2;1239;186801;3085636;186803;572511;418240;1121115	1.0;0.99268;0.99263;0.99254;0.99254;0.99054;0.9901;0.9901
k79_36204	2157;28890;183925;2158;2159;2172;2173;420247	1.0;1.0;1.0;1.0;1.0;1.0;0.99998;0.99998
k79_97143	2;1239;186801;186802;216572;459786;2109687	1.0;1.0;1.0;1.0;1.0;1.0;1.0
k79_36214	2;976;200643;171549;815;816;820;997890	1.0;1.0;1.0;1.0;1.0;1.0;1.0;1.0
k79_97145	2;976;200643;171549;815;909656;387090	1.0;0.86948;0.86948;0.86948;0.86853;0.83336;0.83311
k79_36223	2;976;117743;200644;49546;237;3003261	1.0;1.0;0.99993;0.99993;0.99993;0.99993;0.99993
k79_36227	2;1239;186801;3085636;186803;33042;410072	1.0;1.0;0.99999;0.99999;0.99999;0.99997;0.99997
k79_36229	2;1239;186801;3085636;186803;572511;418240;1121115	1.0;1.0;1.0;1.0;1.0;1.0;1.0;1.0
k79_97181	2;1239;186801;3085636;186803;572511;89014	1.0;1.0;1.0;1.0;1.0;0.99991;0.99991
k79_97186	2;976;200643;171549;815;816;820;997890	1.0;1.0;1.0;1.0;1.0;1.0;1.0;1.0
k79_97187	2;976;200643;171549;815;816;820;997890	1.0;1.0;1.0;1.0;0.99994;0.99993;0.84228;0.84228
k79_36251	2;1239;186801;3085636;186803;572511;418240;1121115	1.0;1.0;1.0;0.99998;0.99998;0.99753;0.98964;0.98964
k79_97191	2;1239;186801;3085636;186803;3342669;45851	1.0;1.0;1.0;1.0;1.0;1.0;1.0
k79_97195	2;1239;186801;186802;216572;1263;1161942	1.0;1.0;1.0;1.0;1.0;1.0;1.0
k79_36260	2;1239;186801	1.0;0.97748;0.97748
k79_97197	2;1239;186801;186802;216572;1263;2608920	1.0;0.99992;0.99984;0.9996;0.99944;0.99944;0.99944
k79_97199	2;976;200643;171549;815;816;2646097	1.0;1.0;1.0;1.0;1.0;1.0;0.99813
k79_36283	2;1239;91061;1385;186817;1386;1839798	1.0;0.99999;0.99997;0.99997;0.99997;0.99997;0.99997
k79_97212	2;1239;186801;3085636;186803;572511;418240;1121115	1.0;1.0;1.0;1.0;1.0;1.0;1.0;1.0
k79_97220	2;1224;28216;80840;119060;48736;190721	0.95993;0.78089;0.68473;0.68473;0.68473;0.68473;0.68473
k79_36293	2;1239;186801;3085636;186803;2569097;39488	0.99999;0.9999;0.9999;0.9999;0.9999;0.94469;0.94469
k79_97227	2;976;200643;171549;815;816;818	1.0;0.99988;0.99983;0.99982;0.99981;0.99883;0.98373
k79_97228	2;1239;186801;3085636;186803;1766253;39491;657317	1.0;1.0;1.0;1.0;1.0;1.0;1.0;1.0
k79_97231	2;1239;91061;186826;33958;2767877;1218495	0.99863;0.99798;0.91021;0.9094;0.90196;0.90186;0.90186
k79_36315	2157;28890;183925;2158;2159;2172;2173;420247	1.0;1.0;1.0;1.0;1.0;1.0;0.99983;0.99983
k79_36322	2;976;200643;171549;2005525;375288;823;999416	1.0;1.0;1.0;1.0;1.0;1.0;1.0;1.0
k79_36324	2;544448;31969;186329;2146;2903100;2735436	1.0;0.99994;0.99994;0.99994;0.99994;0.99994;0.99994
k79_36337	2;1297;188787;118964;183710;1298;310783;546414	1.0;0.75328;0.75328;0.75328;0.75328;0.75328;0.75328;0.75328
k79_36349	2;976;200643;171549;815;909656;357276;997877	1.0;0.99993;0.99993;0.99993;0.9999;0.99976;0.99955;0.99955
k79_97232	2;1239;186801;3082720;186804;1505652;2813371	0.99808;0.99592;0.99533;0.50561;0.50561;0.5056;0.5056
k79_36354	2157;28890;183925;2158;2159;2172;2173;420247	1.0;1.0;1.0;1.0;1.0;1.0;0.99542;0.99542
k79_97255	2	0.75132
k79_97260	2;976;200643;171549;815;816;820;997890	1.0;1.0;1.0;1.0;1.0;1.0;0.99999;0.99999
k79_36372	2;1239;186801;186802;216572;1263;1160721	1.0;1.0;1.0;1.0;1.0;1.0;1.0
k79_97283	2;1239;186801;3085636;186803;841;2763062	1.0;1.0;1.0;0.99981;0.99981;0.99981;0.99981
k79_36393	2;1239;526524;526525;2810280;2678885;1982626	1.0;1.0;1.0;1.0;1.0;1.0;1.0
k79_97284	2;1239;186801;3082720;186804;1505652;2813371	0.98598;0.88245;0.88093;0.81002;0.81001;0.80999;0.80999
k79_97285	2;976;200643;171549;815;816;820;997890	1.0;1.0;1.0;1.0;1.0;1.0;0.99996;0.99996
k79_36410	2;1239;186801;3085636;186803;841;166486;657315	1.0;0.99998;0.99993;0.99992;0.99992;0.99988;0.99958;0.97193
k79_97292	2;1239;186801;186802;31979;1485;1491	0.99999;0.99993;0.99991;0.99991;0.9999;0.9999;0.99989
k79_36421	2;1239;186801;186802	0.99995;0.98073;0.87382;0.59271
k79_97307	2;1783272	1.0;0.99997
k79_97309	2;976;768503;768507;1853232;89966	0.99999;0.98149;0.96725;0.96725;0.96725;0.96725
k79_36440	2;1239;186801;3082720;3118657;390805;1424294	0.99997;0.90329;0.79597;0.74283;0.74282;0.74282;0.74282
k79_97312	2;1239;186801;3085636;186803;2316020;46228;471875	1.0;1.0;0.99896;0.99896;0.99896;0.99893;0.99893;0.99893
k79_36450	2;976;200643;171549;815;816;820;997890	1.0;1.0;1.0;1.0;1.0;1.0;1.0;1.0
k79_97318	2;976;200643;171549;815;909656;821	1.0;1.0;1.0;1.0;1.0;1.0;1.0
k79_97321	2;976;200643;171549;815;816;820;997890	1.0;0.99995;0.99995;0.99995;0.99995;0.99995;0.99992;0.99992
k79_36458	2;1239;186801;3085636;186803;572511;418240;1121115	1.0;1.0;1.0;1.0;1.0;0.99995;0.99995;0.99995
k79_36464	2;976;200643;171549;815;909656;821	1.0;1.0;1.0;1.0;1.0;0.99999;0.99999
k79_36468	2;1239;186801;3085636;186803;572511;418240;1121115	0.99982;0.99982;0.99982;0.99981;0.99981;0.99631;0.98938;0.98938
k79_97335	2;1239;186801;3085636;186803;841;2763062	1.0;0.99997;0.99988;0.9994;0.9994;0.9994;0.9994
k79_97339	2;1239;186801;3085636;186803;572511;1912897	1.0;1.0;1.0;1.0;1.0;0.99999;0.99999
k79_36483	2;976;200643;171549;815;816;820;997890	1.0;0.99997;0.99997;0.99997;0.99997;0.99997;0.99983;0.99983
k79_97354	2;1239;186801;3085636;186803;572511;418240;1121115	1.0;1.0;1.0;1.0;1.0;1.0;1.0;1.0
k79_97363	2;1239;186801;3082720;186804;1870884;1496	1.0;0.9925;0.99243;0.97353;0.97353;0.97353;0.97353
k79_36499	2759;7711;40674;9443;9604;9605;9606	0.60891;0.60891;0.60891;0.60891;0.60891;0.60891;0.60891
k79_36500	2;976;200643;171549;815;816;817;295405	1.0;0.99999;0.99999;0.99999;0.99994;0.99994;0.99993;0.99992
k79_97375	2;1239;186801;3085636;186803;572511;418240;1121115	1.0;1.0;1.0;1.0;1.0;0.99999;0.99883;0.99883
k79_36508	2;1239;186801;3085636;186803;572511;418240;1121115	1.0;1.0;1.0;1.0;1.0;1.0;1.0;1.0
k79_97389	2;976;200643;171549;2005520;307628;2023866	1.0;0.9999;0.9999;0.9999;0.99982;0.99981;0.99981
k79_97391	2;1239;186801;186802;216572;216851;853;718252	1.0;0.99976;0.99976;0.99966;0.99965;0.99954;0.99953;0.99953
k79_36526	2157;28890;183925;2158;2159;2172;2173;420247	1.0;1.0;1.0;1.0;1.0;1.0;1.0;1.0
k79_97399	2;976;200643;171549;815;816;820;997890	1.0;1.0;1.0;1.0;1.0;1.0;1.0;1.0
k79_97406	2;201174;1760;85006;85023;881616;2905871	1.0;1.0;1.0;1.0;1.0;1.0;1.0
k79_97407	2;976;200643;171549;815;816;818	1.0;0.99999;0.99999;0.99999;0.99999;0.99999;0.99999
