clustername	contigname
1	k79_85683
1	k79_93657
1	k79_1578
1	k79_74385
1	k79_22903
1	k79_87507
1	k79_7689
1	k79_12912
1	k79_72317
1	k79_50327
1	k79_46646
1	k79_79720
1	k79_42590
1	k79_55580
1	k79_58140
1	k79_29533
1	k79_9911
1	k79_87412
1	k79_25906
1	k79_56736
1	k79_26711
1	k79_57581
1	k79_31386
1	k79_86563
1	k79_68424
1	k79_8819
1	k79_91548
1	k79_64183
1	k79_72343
1	k79_1121
1	k79_90134
1	k79_62644
1	k79_93739
1	k79_51833
1	k79_38519
1	k79_84878
1	k79_63292
1	k79_67706
1	k79_27830
1	k79_85264
1	k79_26774
1	k79_79045
1	k79_13283
1	k79_17140
1	k79_82069
1	k79_70696
1	k79_81723
1	k79_69194
1	k79_89861
1	k79_95739
1	k79_96449
1	k79_16690
1	k79_96970
1	k79_59043
1	k79_82537
1	k79_64231
1	k79_45576
1	k79_80051
1	k79_94242
1	k79_94576
1	k79_43420
1	k79_30216
1	k79_2610
1	k79_66421
1	k79_25512
1	k79_44406
1	k79_61183
1	k79_84996
1	k79_43207
1	k79_7913
1	k79_24338
1	k79_97197
1	k79_6469
1	k79_49437
1	k79_44761
1	k79_21462
1	k79_33304
1	k79_90321
1	k79_44552
1	k79_86513
1	k79_17704
1	k79_59134
1	k79_80394
1	k79_25370
1	k79_68390
1	k79_15179
1	k79_31605
1	k79_72794
1	k79_89892
1	k79_80142
1	k79_94787
1	k79_11514
1	k79_95506
1	k79_47765
1	k79_45193
1	k79_70152
1	k79_90347
1	k79_35474
1	k79_69675
1	k79_44516
1	k79_16101
1	k79_71472
1	k79_92058
1	k79_93758
1	k79_85374
1	k79_67050
1	k79_55014
1	k79_44669
1	k79_68349
1	k79_21193
1	k79_49496
1	k79_34012
1	k79_58130
1	k79_94661
1	k79_58255
1	k79_70087
1	k79_52779
1	k79_49050
1	k79_14282
1	k79_8807
1	k79_75680
1	k79_31873
1	k79_73148
1	k79_79370
1	k79_78313
1	k79_15371
1	k79_60029
1	k79_76364
1	k79_82608
1	k79_86965
1	k79_83886
1	k79_11177
1	k79_38530
1	k79_26691
1	k79_42416
1	k79_23346
1	k79_76207
1	k79_92402
1	k79_44357
1	k79_89446
1	k79_75298
1	k79_22906
1	k79_87269
1	k79_89945
1	k79_30159
1	k79_89500
1	k79_16945
1	k79_10943
1	k79_72772
1	k79_48586
1	k79_91078
1	k79_72940
1	k79_32476
1	k79_72338
1	k79_20726
1	k79_90278
1	k79_5792
1	k79_92491
1	k79_18442
1	k79_3470
1	k79_27741
1	k79_20138
1	k79_59137
1	k79_9833
1	k79_15843
1	k79_44547
1	k79_97028
1	k79_75056
1	k79_76971
1	k79_40973
1	k79_74461
1	k79_57337
1	k79_36752
1	k79_74558
1	k79_70379
1	k79_13223
1	k79_59003
1	k79_63612
1	k79_4971
1	k79_76565
1	k79_56328
1	k79_7233
1	k79_27652
1	k79_18859
1	k79_32585
1	k79_70959
1	k79_10385
1	k79_49876
1	k79_37828
1	k79_44294
1	k79_67085
1	k79_48490
1	k79_57721
1	k79_27750
1	k79_92649
1	k79_95847
1	k79_27679
1	k79_74264
1	k79_38450
1	k79_22172
1	k79_64389
1	k79_87716
1	k79_68629
1	k79_89344
1	k79_88184
1	k79_6959
1	k79_51051
1	k79_95871
1	k79_81154
1	k79_49512
1	k79_60108
1	k79_13167
1	k79_17541
1	k79_1245
1	k79_87601
1	k79_56509
1	k79_37464
1	k79_27459
1	k79_5941
1	k79_5118
1	k79_75975
1	k79_10195
1	k79_45253
1	k79_8811
1	k79_34085
1	k79_33567
1	k79_1993
1	k79_49750
1	k79_64373
1	k79_80842
1	k79_22860
1	k79_68342
1	k79_80440
1	k79_41845
1	k79_33938
1	k79_3926
1	k79_96112
1	k79_25670
1	k79_38578
1	k79_54601
1	k79_89816
1	k79_81025
1	k79_13436
1	k79_57524
1	k79_56126
1	k79_58011
1	k79_22392
1	k79_12273
1	k79_70927
1	k79_76359
1	k79_22399
1	k79_29098
1	k79_67990
1	k79_23055
1	k79_61600
1	k79_16608
1	k79_12066
1	k79_88029
1	k79_39590
1	k79_94648
1	k79_78431
1	k79_35852
1	k79_93973
1	k79_20655
1	k79_26921
1	k79_15588
1	k79_80777
1	k79_77048
1	k79_21039
1	k79_33456
1	k79_93613
1	k79_34533
1	k79_26793
1	k79_86026
1	k79_69928
1	k79_3963
1	k79_51867
1	k79_79008
1	k79_52395
1	k79_78633
1	k79_95852
1	k79_97083
1	k79_80884
1	k79_42971
1	k79_66370
1	k79_84885
1	k79_77715
1	k79_69048
1	k79_63693
1	k79_54258
1	k79_90037
1	k79_59703
1	k79_51016
1	k79_14884
1	k79_77847
1	k79_72251
1	k79_93627
1	k79_59204
1	k79_5957
1	k79_38727
1	k79_61018
1	k79_48204
1	k79_29143
1	k79_22454
1	k79_60498
1	k79_53841
1	k79_18645
1	k79_90463
1	k79_93532
1	k79_59816
1	k79_8005
1	k79_73348
1	k79_44535
1	k79_69421
1	k79_50367
1	k79_46706
1	k79_72370
1	k79_20942
1	k79_33895
1	k79_71403
1	k79_75564
1	k79_89730
1	k79_63657
1	k79_85487
1	k79_26803
1	k79_67549
1	k79_95345
1	k79_82590
1	k79_5597
1	k79_65097
1	k79_24577
1	k79_92259
1	k79_91278
1	k79_72023
1	k79_66308
1	k79_65413
1	k79_25275
1	k79_78816
1	k79_4651
1	k79_56204
1	k79_27557
1	k79_4410
1	k79_86103
1	k79_83904
1	k79_25729
1	k79_62322
1	k79_48870
1	k79_58230
1	k79_47398
1	k79_4873
1	k79_94785
1	k79_18786
1	k79_82434
1	k79_22726
1	k79_504
1	k79_9874
1	k79_24356
1	k79_60139
1	k79_90069
1	k79_57473
1	k79_22689
1	k79_44341
1	k79_66603
1	k79_33056
1	k79_81519
1	k79_34912
1	k79_21286
1	k79_67005
1	k79_83465
1	k79_65253
1	k79_81218
1	k79_79242
1	k79_91592
1	k79_76647
1	k79_64414
1	k79_46420
1	k79_84783
1	k79_83739
1	k79_93250
1	k79_27573
1	k79_88295
1	k79_95907
1	k79_25050
1	k79_2391
1	k79_87275
1	k79_79537
1	k79_3757
1	k79_89580
1	k79_28106
1	k79_73270
1	k79_24709
1	k79_37961
1	k79_74462
1	k79_57162
1	k79_68782
1	k79_1637
1	k79_61688
1	k79_66688
1	k79_66818
1	k79_42467
1	k79_83819
1	k79_33637
1	k79_97114
1	k79_32970
1	k79_96184
1	k79_47028
1	k79_69895
1	k79_75760
1	k79_34803
1	k79_89294
1	k79_74313
1	k79_41596
1	k79_43349
1	k79_62725
1	k79_58196
1	k79_84896
1	k79_9026
1	k79_42174
1	k79_89250
1	k79_92110
1	k79_70237
1	k79_77661
1	k79_34079
1	k79_90485
1	k79_58223
1	k79_68439
1	k79_51163
1	k79_51407
1	k79_30022
1	k79_32858
1	k79_37934
1	k79_18590
1	k79_70973
1	k79_66560
1	k79_33931
1	k79_30234
1	k79_82079
1	k79_11728
1	k79_32041
1	k79_63701
1	k79_79379
1	k79_68399
1	k79_51858
1	k79_72225
1	k79_61884
1	k79_79951
1	k79_88986
1	k79_32593
1	k79_38775
1	k79_96651
1	k79_16780
1	k79_51199
1	k79_73682
1	k79_60223
1	k79_97090
1	k79_64743
1	k79_64788
1	k79_78462
1	k79_90659
1	k79_62101
1	k79_59474
1	k79_26850
1	k79_12904
1	k79_16167
1	k79_71734
1	k79_54769
1	k79_77696
1	k79_94992
1	k79_31097
1	k79_6215
1	k79_19290
1	k79_79029
1	k79_58411
1	k79_19035
2	k79_18805
2	k79_38731
2	k79_62586
2	k79_44062
2	k79_19851
2	k79_70669
2	k79_49614
2	k79_86623
2	k79_81459
2	k79_62216
2	k79_33794
2	k79_12501
2	k79_81767
2	k79_32836
2	k79_21992
2	k79_8524
2	k79_42225
2	k79_17150
2	k79_10578
2	k79_83148
2	k79_10735
2	k79_34319
2	k79_29118
2	k79_47088
2	k79_51761
2	k79_76913
2	k79_84050
2	k79_31257
2	k79_82819
2	k79_15803
2	k79_73399
2	k79_57690
2	k79_5678
2	k79_58894
2	k79_59893
2	k79_11117
2	k79_66625
2	k79_70736
2	k79_45480
2	k79_67639
2	k79_72927
2	k79_64781
2	k79_78940
2	k79_73136
2	k79_6869
2	k79_41682
2	k79_11683
2	k79_89684
2	k79_81656
2	k79_57687
2	k79_52582
2	k79_43718
2	k79_27383
2	k79_9455
2	k79_34421
2	k79_33922
2	k79_20722
2	k79_60161
2	k79_80044
2	k79_34629
2	k79_86392
2	k79_40870
2	k79_3340
2	k79_41702
2	k79_42494
2	k79_78524
2	k79_43524
2	k79_27004
2	k79_62982
2	k79_7668
2	k79_90249
2	k79_37816
2	k79_29010
2	k79_20190
2	k79_86663
2	k79_94437
2	k79_59302
2	k79_81977
2	k79_1832
2	k79_81065
2	k79_22144
2	k79_31263
2	k79_31273
2	k79_46972
2	k79_38774
2	k79_79825
2	k79_35040
2	k79_26222
2	k79_71799
2	k79_8246
2	k79_70414
2	k79_3863
2	k79_5557
2	k79_96510
2	k79_33172
2	k79_25094
2	k79_70670
2	k79_36134
2	k79_41762
2	k79_19021
2	k79_45848
2	k79_32455
2	k79_15813
2	k79_5004
2	k79_30832
2	k79_49174
2	k79_32976
2	k79_17183
2	k79_69462
2	k79_50842
2	k79_37637
2	k79_11099
2	k79_55706
2	k79_32483
2	k79_11200
2	k79_60190
2	k79_96385
2	k79_20598
2	k79_77554
2	k79_45378
2	k79_77987
2	k79_37316
2	k79_10767
2	k79_35827
2	k79_17770
2	k79_67670
2	k79_10292
2	k79_19326
2	k79_22481
2	k79_9843
2	k79_75724
2	k79_18905
2	k79_65836
2	k79_64616
2	k79_73434
2	k79_39011
2	k79_46167
2	k79_54236
2	k79_20523
2	k79_58558
2	k79_50628
2	k79_30006
2	k79_44429
2	k79_4184
2	k79_57421
2	k79_17919
2	k79_59314
2	k79_48525
2	k79_26956
2	k79_93333
2	k79_1968
2	k79_62517
2	k79_82531
2	k79_25090
2	k79_14761
2	k79_94421
2	k79_33720
2	k79_34543
2	k79_23472
2	k79_69100
2	k79_45508
2	k79_85948
2	k79_7728
2	k79_3048
2	k79_73851
2	k79_12119
2	k79_76249
2	k79_55325
2	k79_74676
2	k79_57513
2	k79_24828
2	k79_33229
2	k79_25480
2	k79_34793
2	k79_92025
2	k79_36780
2	k79_87093
2	k79_84213
2	k79_15087
2	k79_40046
2	k79_23826
2	k79_87991
2	k79_20054
2	k79_63762
2	k79_15585
2	k79_14715
2	k79_80838
2	k79_93822
2	k79_48314
2	k79_47640
2	k79_11604
2	k79_77957
2	k79_92564
2	k79_85705
2	k79_73617
2	k79_78223
2	k79_56452
2	k79_1001
2	k79_86400
2	k79_14651
2	k79_28115
2	k79_11694
2	k79_76326
2	k79_83538
2	k79_13592
2	k79_59356
2	k79_32004
2	k79_63923
2	k79_27160
2	k79_58434
2	k79_70318
2	k79_86755
2	k79_14496
2	k79_66224
2	k79_42457
2	k79_54462
2	k79_94901
2	k79_74503
2	k79_63265
2	k79_95028
2	k79_41439
2	k79_14066
2	k79_45871
2	k79_90204
2	k79_28680
2	k79_29937
2	k79_4741
2	k79_82246
2	k79_53047
2	k79_46929
2	k79_77122
2	k79_52300
2	k79_28831
2	k79_25981
2	k79_82700
2	k79_32554
2	k79_43694
2	k79_21731
2	k79_31922
2	k79_19653
2	k79_8123
2	k79_67451
2	k79_85109
2	k79_90208
2	k79_43067
2	k79_47705
2	k79_11230
2	k79_48891
2	k79_58210
2	k79_94956
2	k79_46136
2	k79_51045
2	k79_38150
2	k79_43823
2	k79_60275
2	k79_85695
2	k79_61849
2	k79_66858
2	k79_27678
2	k79_10903
2	k79_20393
2	k79_25854
2	k79_2501
2	k79_83456
2	k79_62187
2	k79_57800
2	k79_51159
2	k79_34162
2	k79_5735
2	k79_49177
2	k79_57407
2	k79_79495
2	k79_13387
2	k79_32654
2	k79_34870
2	k79_22467
2	k79_64553
2	k79_15385
2	k79_25059
2	k79_74257
2	k79_11440
2	k79_32333
2	k79_21562
2	k79_47706
2	k79_39744
2	k79_59681
2	k79_88481
2	k79_12272
2	k79_60968
2	k79_70464
2	k79_14583
2	k79_47656
2	k79_1853
2	k79_357
2	k79_86622
2	k79_26264
2	k79_81092
2	k79_54752
2	k79_87026
2	k79_39333
2	k79_86500
2	k79_24309
2	k79_50139
2	k79_30241
2	k79_13964
2	k79_79838
2	k79_10759
2	k79_23527
2	k79_73672
2	k79_45798
2	k79_61898
2	k79_74673
2	k79_62787
2	k79_66256
2	k79_36783
2	k79_41474
2	k79_95222
2	k79_45054
2	k79_20916
2	k79_27591
2	k79_32716
2	k79_33106
2	k79_94690
2	k79_72094
2	k79_36354
2	k79_56322
2	k79_19105
2	k79_54102
2	k79_83401
2	k79_85072
2	k79_4060
2	k79_48626
2	k79_41864
2	k79_37346
2	k79_26343
2	k79_41796
2	k79_95420
2	k79_27874
2	k79_54919
2	k79_85619
2	k79_7807
2	k79_39051
2	k79_90526
2	k79_62576
2	k79_61395
2	k79_65272
2	k79_15331
2	k79_92302
2	k79_9200
2	k79_93224
2	k79_17911
2	k79_81686
2	k79_55435
2	k79_53720
2	k79_17850
2	k79_29600
2	k79_26799
2	k79_14486
2	k79_46048
2	k79_17950
2	k79_55448
2	k79_55795
2	k79_94028
2	k79_17255
2	k79_57027
2	k79_23718
2	k79_3302
2	k79_75614
2	k79_12846
2	k79_96371
2	k79_18750
2	k79_22875
2	k79_41927
2	k79_42466
2	k79_10582
2	k79_5663
2	k79_52727
2	k79_78568
2	k79_8592
2	k79_56326
2	k79_50555
2	k79_42656
2	k79_83681
2	k79_92000
2	k79_12602
2	k79_89482
2	k79_33046
2	k79_32039
2	k79_78553
2	k79_23983
2	k79_69254
2	k79_75200
2	k79_73938
2	k79_48784
2	k79_14814
2	k79_77962
2	k79_80635
2	k79_84745
2	k79_22019
2	k79_27082
2	k79_25460
2	k79_81778
2	k79_52031
2	k79_52669
2	k79_85179
2	k79_74446
2	k79_49265
2	k79_71187
2	k79_4097
2	k79_94940
2	k79_1616
2	k79_36814
2	k79_35002
2	k79_83454
2	k79_29277
2	k79_35724
2	k79_83621
2	k79_18184
2	k79_89729
2	k79_70298
2	k79_48579
2	k79_18263
2	k79_38679
2	k79_46236
2	k79_1897
2	k79_15480
2	k79_93197
2	k79_66834
2	k79_84698
2	k79_75514
2	k79_74310
2	k79_19577
2	k79_42758
2	k79_59353
2	k79_43108
2	k79_46407
2	k79_22961
2	k79_23121
2	k79_82668
2	k79_67816
2	k79_64956
2	k79_17487
2	k79_50806
2	k79_64939
2	k79_78257
2	k79_84199
2	k79_32520
2	k79_90530
2	k79_600
2	k79_81153
2	k79_3267
2	k79_93819
2	k79_34398
2	k79_18027
2	k79_68711
2	k79_53860
2	k79_59446
2	k79_58529
2	k79_75059
2	k79_66653
2	k79_64195
2	k79_89513
2	k79_11823
2	k79_95632
2	k79_54248
2	k79_86621
2	k79_20355
2	k79_89929
2	k79_48853
2	k79_53782
2	k79_94594
2	k79_36315
2	k79_35840
2	k79_36204
2	k79_9764
2	k79_57988
2	k79_81145
2	k79_62176
2	k79_4189
2	k79_66693
2	k79_24985
2	k79_33170
2	k79_31512
2	k79_76230
2	k79_4207
2	k79_11079
2	k79_8533
2	k79_82991
2	k79_16721
2	k79_18314
2	k79_92714
2	k79_43308
2	k79_25828
2	k79_10262
2	k79_60664
2	k79_67812
2	k79_30152
2	k79_1716
2	k79_28668
2	k79_41562
2	k79_90850
2	k79_81630
2	k79_36526
2	k79_89701
2	k79_61913
2	k79_92689
2	k79_4187
2	k79_3594
2	k79_38485
2	k79_69971
2	k79_76675
2	k79_40550
2	k79_79498
2	k79_4330
2	k79_42895
2	k79_13800
2	k79_68824
2	k79_52955
2	k79_89199
2	k79_91878
2	k79_22221
2	k79_1177
2	k79_82639
2	k79_26351
2	k79_14981
2	k79_64530
2	k79_77278
2	k79_67699
2	k79_54415
2	k79_91613
2	k79_402
2	k79_86182
2	k79_47262
2	k79_59966
2	k79_63698
2	k79_25880
2	k79_5030
2	k79_57068
2	k79_21266
2	k79_50156
2	k79_84328
2	k79_78746
2	k79_47061
2	k79_35726
2	k79_86871
2	k79_29075
2	k79_38029
2	k79_55193
2	k79_73514
2	k79_19575
2	k79_85247
2	k79_13814
2	k79_65792
2	k79_30560
2	k79_80459
2	k79_33817
2	k79_78657
2	k79_57329
2	k79_96171
2	k79_60066
2	k79_35480
3	k79_67965
4	k79_16932
4	k79_69716
4	k79_80464
4	k79_91071
4	k79_67135
4	k79_7623
4	k79_10469
4	k79_64424
4	k79_1572
4	k79_80094
4	k79_57035
4	k79_90593
4	k79_35782
4	k79_7142
4	k79_47521
4	k79_50575
4	k79_97321
4	k79_48283
4	k79_45896
4	k79_79384
4	k79_80930
4	k79_44960
4	k79_59755
4	k79_9548
4	k79_97285
4	k79_35283
4	k79_70769
4	k79_15636
4	k79_90971
4	k79_63517
4	k79_41708
4	k79_56013
4	k79_12667
4	k79_96910
4	k79_4099
4	k79_25685
4	k79_79663
4	k79_30811
4	k79_90727
4	k79_16298
4	k79_63218
4	k79_36773
4	k79_4750
4	k79_20864
4	k79_34344
4	k79_46815
4	k79_34292
4	k79_89670
4	k79_47977
4	k79_15784
4	k79_15455
4	k79_18555
4	k79_85588
4	k79_15191
4	k79_9828
4	k79_51310
4	k79_29321
4	k79_54325
4	k79_45866
4	k79_60949
4	k79_51924
4	k79_93699
4	k79_42790
4	k79_28632
4	k79_42768
4	k79_69294
4	k79_97019
4	k79_15966
4	k79_64712
4	k79_284
4	k79_68796
4	k79_53490
4	k79_47121
4	k79_9644
4	k79_27277
4	k79_39495
4	k79_82233
4	k79_72438
4	k79_4733
4	k79_7516
4	k79_80896
4	k79_25223
4	k79_43314
4	k79_77193
4	k79_29624
4	k79_91317
4	k79_56928
4	k79_93156
4	k79_83543
4	k79_25640
4	k79_1517
4	k79_18994
4	k79_53156
4	k79_12197
4	k79_92461
4	k79_95994
4	k79_67927
4	k79_16310
4	k79_51650
4	k79_3201
4	k79_85814
4	k79_28975
4	k79_42420
4	k79_20910
4	k79_5140
4	k79_43150
4	k79_65510
4	k79_71574
4	k79_78193
4	k79_47813
4	k79_38710
4	k79_48547
4	k79_62401
4	k79_46719
4	k79_82098
4	k79_28718
4	k79_12963
4	k79_14882
4	k79_89203
4	k79_62582
4	k79_77871
4	k79_79087
4	k79_66490
4	k79_28292
4	k79_82919
4	k79_32586
4	k79_84242
4	k79_27801
4	k79_69582
4	k79_76132
4	k79_31032
4	k79_73686
4	k79_68701
4	k79_14459
4	k79_76792
4	k79_79742
4	k79_5580
4	k79_84335
4	k79_860
4	k79_94169
4	k79_48338
4	k79_72995
4	k79_68924
4	k79_83378
4	k79_79604
4	k79_53570
4	k79_18596
4	k79_57674
4	k79_56594
4	k79_42626
4	k79_94409
4	k79_35713
4	k79_94177
4	k79_1986
4	k79_44121
4	k79_89082
4	k79_95554
4	k79_18093
4	k79_8300
4	k79_30499
4	k79_76061
4	k79_12090
4	k79_69474
4	k79_74268
4	k79_74
4	k79_96362
4	k79_79396
4	k79_90399
4	k79_65439
4	k79_15950
4	k79_50188
4	k79_93210
4	k79_71444
4	k79_23715
4	k79_75172
4	k79_20513
4	k79_65837
4	k79_66239
4	k79_59603
4	k79_33542
4	k79_14991
4	k79_92667
4	k79_96434
4	k79_87706
4	k79_4407
4	k79_21633
4	k79_3502
4	k79_43677
4	k79_22780
4	k79_95784
4	k79_10428
4	k79_80331
4	k79_54848
4	k79_96011
4	k79_92677
4	k79_70618
4	k79_29479
4	k79_72272
4	k79_75923
4	k79_64287
4	k79_58777
4	k79_77011
4	k79_20896
4	k79_61761
4	k79_21831
4	k79_34226
4	k79_14801
4	k79_42120
4	k79_12116
4	k79_81165
4	k79_3127
4	k79_22060
4	k79_38935
4	k79_95494
4	k79_25625
4	k79_40935
4	k79_85321
4	k79_19368
4	k79_70004
4	k79_18559
4	k79_70615
4	k79_10653
4	k79_69695
4	k79_40925
4	k79_90109
4	k79_46260
4	k79_95977
4	k79_9779
4	k79_38045
4	k79_69623
4	k79_18989
4	k79_50262
4	k79_29302
4	k79_33209
4	k79_7075
4	k79_4794
4	k79_4840
4	k79_57536
4	k79_58701
4	k79_45831
4	k79_63960
4	k79_63622
4	k79_58334
4	k79_37582
4	k79_26020
4	k79_81859
4	k79_19066
4	k79_3946
4	k79_27455
4	k79_31779
4	k79_89230
4	k79_93828
4	k79_34316
4	k79_96471
4	k79_39048
4	k79_96545
4	k79_73018
4	k79_17861
4	k79_19681
4	k79_37697
4	k79_50004
4	k79_44055
4	k79_53312
4	k79_46794
4	k79_92711
4	k79_53314
4	k79_9033
4	k79_38671
4	k79_32316
4	k79_90281
4	k79_20669
4	k79_24201
4	k79_65129
4	k79_11932
4	k79_75384
4	k79_18071
4	k79_74988
4	k79_34929
4	k79_35392
4	k79_10412
4	k79_89040
4	k79_959
4	k79_52317
4	k79_90013
4	k79_39282
4	k79_2289
4	k79_32238
4	k79_48301
4	k79_46006
4	k79_286
4	k79_92842
4	k79_78347
4	k79_39244
4	k79_5506
4	k79_85757
4	k79_79884
4	k79_44756
4	k79_88920
4	k79_4596
4	k79_9449
4	k79_60548
4	k79_13147
4	k79_73681
4	k79_14435
4	k79_38895
4	k79_74458
4	k79_75361
4	k79_33183
4	k79_20166
4	k79_22971
4	k79_61243
4	k79_8043
4	k79_27630
4	k79_27065
4	k79_79895
4	k79_59658
4	k79_26121
4	k79_35626
4	k79_86443
4	k79_29336
4	k79_18582
4	k79_56830
4	k79_69028
4	k79_46633
4	k79_11703
4	k79_74242
4	k79_33887
4	k79_91039
4	k79_89846
4	k79_87633
4	k79_67173
4	k79_49637
4	k79_37292
4	k79_79639
4	k79_46016
4	k79_94281
4	k79_79797
4	k79_59779
4	k79_65012
4	k79_41935
4	k79_69529
4	k79_26183
4	k79_40455
4	k79_69236
4	k79_76119
4	k79_76842
4	k79_81472
4	k79_70312
4	k79_11292
4	k79_42770
4	k79_51554
4	k79_54353
4	k79_60083
4	k79_90241
4	k79_47518
4	k79_70157
4	k79_29475
4	k79_34494
4	k79_55074
4	k79_65944
4	k79_92966
4	k79_8292
4	k79_52903
4	k79_7996
4	k79_46506
4	k79_23168
4	k79_2402
4	k79_52587
4	k79_28943
4	k79_64133
4	k79_55504
4	k79_86946
4	k79_40029
4	k79_6460
4	k79_64145
4	k79_45915
4	k79_48205
4	k79_31722
4	k79_55253
4	k79_96287
4	k79_34696
4	k79_4206
4	k79_89035
4	k79_60288
4	k79_77448
4	k79_2570
4	k79_42721
4	k79_77747
4	k79_67636
4	k79_19292
4	k79_81943
4	k79_8329
4	k79_46669
4	k79_41249
4	k79_29014
4	k79_7950
4	k79_95876
4	k79_95945
4	k79_85245
4	k79_3562
4	k79_92272
4	k79_86202
4	k79_7865
4	k79_26096
4	k79_15856
4	k79_85671
4	k79_74457
4	k79_32879
4	k79_7351
4	k79_51684
4	k79_66264
4	k79_72019
4	k79_46947
4	k79_97007
4	k79_88946
4	k79_60466
4	k79_4468
4	k79_43011
4	k79_15664
4	k79_56365
4	k79_78812
4	k79_54508
4	k79_21504
4	k79_72110
4	k79_51294
4	k79_68673
4	k79_53123
4	k79_84065
4	k79_56586
4	k79_97187
4	k79_34876
4	k79_61209
4	k79_29554
4	k79_75962
4	k79_45321
4	k79_54231
4	k79_96969
4	k79_27475
4	k79_94712
4	k79_36121
4	k79_24651
4	k79_91519
4	k79_43674
4	k79_88360
4	k79_56428
4	k79_93389
4	k79_2558
4	k79_36026
4	k79_58537
4	k79_93035
4	k79_87783
4	k79_26772
4	k79_88246
4	k79_32447
4	k79_13170
4	k79_82248
4	k79_28548
4	k79_42331
4	k79_50556
4	k79_20559
4	k79_79949
4	k79_31611
4	k79_9608
4	k79_36709
4	k79_4494
4	k79_28935
4	k79_88966
4	k79_18775
4	k79_57993
4	k79_21570
4	k79_90836
4	k79_10844
4	k79_32613
4	k79_78078
4	k79_16392
4	k79_96179
4	k79_48488
4	k79_43265
4	k79_35888
4	k79_46760
4	k79_29557
4	k79_70648
4	k79_17331
4	k79_19817
4	k79_1789
4	k79_34376
4	k79_14888
4	k79_9575
4	k79_40885
4	k79_38283
4	k79_2287
4	k79_67389
4	k79_25658
4	k79_58545
4	k79_75762
4	k79_37610
4	k79_56703
4	k79_83614
4	k79_18680
4	k79_14254
4	k79_84009
4	k79_82682
4	k79_50126
4	k79_4483
4	k79_27695
4	k79_9152
4	k79_33739
4	k79_28869
4	k79_4673
4	k79_83697
4	k79_87482
4	k79_80612
4	k79_24401
4	k79_86323
4	k79_39250
4	k79_20922
4	k79_8816
4	k79_58030
4	k79_36017
4	k79_43783
4	k79_72965
4	k79_62978
4	k79_64409
4	k79_89590
4	k79_41742
4	k79_97082
4	k79_70645
4	k79_58096
4	k79_39129
4	k79_45267
4	k79_17042
4	k79_72657
4	k79_36450
4	k79_87442
4	k79_96595
4	k79_93264
4	k79_69174
4	k79_28804
4	k79_96877
4	k79_65287
4	k79_530
4	k79_4336
4	k79_7494
4	k79_74083
4	k79_29953
4	k79_95157
4	k79_74816
4	k79_23442
4	k79_37185
4	k79_70617
4	k79_44241
4	k79_39166
4	k79_41974
4	k79_40716
4	k79_9860
4	k79_85961
4	k79_56491
4	k79_85356
4	k79_5209
4	k79_52619
4	k79_79662
4	k79_65931
4	k79_86644
4	k79_33540
4	k79_94186
4	k79_18864
4	k79_34761
4	k79_73401
4	k79_64967
4	k79_20389
4	k79_14198
4	k79_21750
4	k79_77090
4	k79_58731
4	k79_23351
4	k79_82545
4	k79_34104
4	k79_25507
4	k79_96694
4	k79_28581
4	k79_14029
4	k79_13677
4	k79_26993
4	k79_20647
4	k79_3289
4	k79_78591
4	k79_96616
4	k79_83215
4	k79_9355
4	k79_13382
4	k79_17197
4	k79_18626
4	k79_80067
4	k79_43047
4	k79_31133
4	k79_75587
4	k79_40657
4	k79_53623
4	k79_84226
4	k79_72558
4	k79_45072
4	k79_96726
4	k79_45300
4	k79_96997
4	k79_96144
4	k79_83984
4	k79_48216
4	k79_28148
4	k79_13782
4	k79_40465
4	k79_71636
4	k79_87566
4	k79_6099
4	k79_68696
4	k79_1022
4	k79_86344
4	k79_6953
4	k79_27756
4	k79_14489
4	k79_67933
4	k79_39191
4	k79_5908
4	k79_15009
4	k79_11373
4	k79_50176
4	k79_27446
4	k79_85302
4	k79_24667
4	k79_17237
4	k79_73533
4	k79_51318
4	k79_22123
4	k79_64073
4	k79_93732
4	k79_12740
4	k79_83605
4	k79_76566
4	k79_22310
4	k79_76460
4	k79_61131
4	k79_57700
4	k79_29539
4	k79_68458
4	k79_44771
4	k79_73195
4	k79_86357
4	k79_19951
4	k79_35150
4	k79_12765
4	k79_36039
4	k79_81361
4	k79_78064
4	k79_47186
4	k79_61244
4	k79_96971
4	k79_33474
4	k79_45686
4	k79_84529
4	k79_56157
4	k79_64622
4	k79_19741
4	k79_70773
4	k79_77630
4	k79_35249
4	k79_51132
4	k79_49320
4	k79_50789
4	k79_40365
4	k79_71057
4	k79_2348
4	k79_4362
4	k79_49630
4	k79_25727
4	k79_455
4	k79_60438
4	k79_31449
4	k79_72042
4	k79_38849
4	k79_96251
4	k79_39665
4	k79_92887
4	k79_92498
4	k79_24046
4	k79_68075
4	k79_31076
4	k79_32293
4	k79_92750
4	k79_21022
4	k79_63891
4	k79_2217
4	k79_72415
4	k79_46990
4	k79_97027
4	k79_64648
4	k79_57981
4	k79_8476
4	k79_45962
4	k79_81779
4	k79_30908
4	k79_87484
4	k79_39377
4	k79_87986
4	k79_14508
4	k79_9379
4	k79_45856
4	k79_25272
4	k79_52115
4	k79_69277
4	k79_36055
4	k79_38866
4	k79_56781
4	k79_44727
4	k79_59454
4	k79_34245
4	k79_83048
4	k79_11960
4	k79_50257
4	k79_34725
4	k79_48327
4	k79_11630
4	k79_12042
4	k79_16682
4	k79_6860
4	k79_55059
4	k79_86078
4	k79_43519
4	k79_4516
4	k79_9730
4	k79_65624
4	k79_35808
4	k79_47402
4	k79_27126
4	k79_96276
4	k79_84638
4	k79_34031
4	k79_24998
4	k79_32667
4	k79_26995
4	k79_27202
4	k79_56391
4	k79_93221
4	k79_95058
4	k79_95587
4	k79_41716
4	k79_66643
4	k79_14646
4	k79_91802
4	k79_36483
4	k79_24569
4	k79_83775
4	k79_42514
4	k79_50447
4	k79_5283
4	k79_233
4	k79_5551
4	k79_19604
4	k79_83076
4	k79_47217
4	k79_75562
4	k79_84799
4	k79_96838
4	k79_57202
4	k79_51519
4	k79_22992
4	k79_95821
4	k79_44074
4	k79_64923
4	k79_33121
4	k79_80564
4	k79_77379
4	k79_85940
4	k79_67172
4	k79_80959
4	k79_83669
4	k79_90525
4	k79_41254
4	k79_45708
4	k79_64587
4	k79_75364
4	k79_90994
4	k79_69351
4	k79_20624
4	k79_62292
4	k79_17555
4	k79_915
4	k79_35927
4	k79_49991
4	k79_1491
4	k79_13643
4	k79_90490
4	k79_9657
4	k79_26739
4	k79_4661
4	k79_61362
4	k79_89955
4	k79_17744
4	k79_30076
4	k79_91120
4	k79_6940
4	k79_8372
4	k79_22119
4	k79_7124
4	k79_81491
4	k79_95551
4	k79_4485
4	k79_73025
4	k79_46320
4	k79_86599
4	k79_16972
4	k79_54696
4	k79_5258
4	k79_96496
4	k79_4365
4	k79_15464
4	k79_725
4	k79_5342
4	k79_58435
4	k79_83460
4	k79_97399
4	k79_3670
4	k79_16215
4	k79_71689
4	k79_11312
4	k79_96217
4	k79_61885
4	k79_87799
4	k79_55772
4	k79_74393
4	k79_60693
4	k79_90775
4	k79_95163
4	k79_28259
4	k79_17992
4	k79_87746
4	k79_47505
4	k79_42200
4	k79_4037
4	k79_26109
4	k79_66459
4	k79_4852
4	k79_55595
4	k79_55773
4	k79_27040
4	k79_47895
4	k79_67604
4	k79_71069
4	k79_50434
4	k79_17196
4	k79_97186
4	k79_63132
4	k79_95359
4	k79_95123
4	k79_46621
4	k79_77302
4	k79_78255
4	k79_69339
4	k79_45680
4	k79_21677
4	k79_9581
4	k79_3613
4	k79_29930
4	k79_46277
4	k79_1781
4	k79_5353
4	k79_46888
4	k79_60014
4	k79_97041
4	k79_75439
4	k79_91376
4	k79_20229
4	k79_34753
4	k79_45997
4	k79_71404
4	k79_86964
4	k79_76034
4	k79_76989
4	k79_72241
4	k79_72872
4	k79_66620
4	k79_49585
4	k79_52421
4	k79_17199
4	k79_85096
4	k79_3784
4	k79_45394
4	k79_32866
4	k79_48254
4	k79_93186
4	k79_37880
4	k79_63359
4	k79_44859
4	k79_929
4	k79_27146
4	k79_39731
4	k79_59064
4	k79_80379
4	k79_44842
4	k79_45331
4	k79_76918
4	k79_57729
4	k79_31864
4	k79_22378
4	k79_8365
4	k79_31752
4	k79_21554
4	k79_40092
4	k79_25193
4	k79_18625
4	k79_71020
4	k79_35889
4	k79_61610
4	k79_80908
4	k79_159
4	k79_6163
4	k79_78756
4	k79_11228
4	k79_75499
4	k79_4915
4	k79_20266
4	k79_23835
4	k79_22682
4	k79_37393
4	k79_48273
4	k79_88093
4	k79_17554
4	k79_20258
4	k79_71156
4	k79_56621
4	k79_96975
4	k79_627
4	k79_52022
4	k79_27462
4	k79_19799
4	k79_93519
4	k79_50755
4	k79_31194
4	k79_94765
4	k79_96717
4	k79_26927
4	k79_12479
4	k79_28270
4	k79_44327
4	k79_5756
4	k79_7684
4	k79_57152
4	k79_21686
4	k79_94870
4	k79_72312
4	k79_78825
4	k79_75986
4	k79_25712
4	k79_29506
4	k79_8493
4	k79_5948
4	k79_90440
4	k79_31339
4	k79_62483
4	k79_45118
4	k79_46682
4	k79_22206
4	k79_74121
4	k79_59336
4	k79_78914
4	k79_37468
4	k79_39928
4	k79_76118
4	k79_88117
4	k79_45192
4	k79_82327
4	k79_97139
4	k79_51925
4	k79_52583
4	k79_36214
4	k79_75861
4	k79_83969
4	k79_523
4	k79_94422
4	k79_97061
4	k79_92467
4	k79_90442
4	k79_3050
4	k79_44992
4	k79_73560
4	k79_75850
4	k79_97260
4	k79_76746
4	k79_4132
4	k79_1559
4	k79_78715
4	k79_7096
4	k79_43142
4	k79_71288
4	k79_85181
4	k79_39391
4	k79_45881
4	k79_40424
4	k79_46539
4	k79_23743
4	k79_64853
4	k79_1726
4	k79_82258
4	k79_11197
4	k79_82965
4	k79_60669
4	k79_74962
4	k79_84503
5	k79_94391
6	k79_39963
7	k79_19757
7	k79_66930
7	k79_85369
7	k79_57725
7	k79_16685
7	k79_87196
7	k79_73133
7	k79_28738
7	k79_96331
7	k79_83630
7	k79_40506
7	k79_53861
7	k79_18188
7	k79_5312
7	k79_32190
7	k79_300
7	k79_57648
7	k79_30323
7	k79_67192
7	k79_82916
7	k79_2278
7	k79_16523
7	k79_1451
7	k79_94620
7	k79_72661
7	k79_24876
7	k79_9120
7	k79_16038
7	k79_75606
7	k79_65642
7	k79_48007
7	k79_78034
7	k79_14973
7	k79_37544
7	k79_32228
7	k79_4567
7	k79_80950
7	k79_20555
7	k79_61842
7	k79_79299
7	k79_63848
7	k79_89056
7	k79_52334
7	k79_41386
7	k79_12010
7	k79_16733
7	k79_51976
7	k79_6875
7	k79_62019
7	k79_82343
7	k79_68256
7	k79_17399
7	k79_85758
7	k79_60409
7	k79_41180
7	k79_62611
7	k79_70151
7	k79_9047
7	k79_14319
7	k79_8314
7	k79_49234
7	k79_2990
7	k79_73737
7	k79_22443
7	k79_4019
7	k79_6234
7	k79_83197
7	k79_13597
7	k79_87672
7	k79_29641
7	k79_14065
7	k79_13218
7	k79_27127
7	k79_32857
7	k79_35341
7	k79_85796
7	k79_30725
7	k79_59540
7	k79_15152
7	k79_17018
7	k79_43522
7	k79_35780
7	k79_23634
7	k79_21297
7	k79_47261
7	k79_46970
7	k79_19155
7	k79_37909
7	k79_66070
7	k79_89432
7	k79_10389
7	k79_36985
7	k79_64961
7	k79_37233
7	k79_25096
7	k79_51624
7	k79_1592
7	k79_53765
7	k79_23505
7	k79_35166
7	k79_144
7	k79_51660
7	k79_82070
7	k79_57026
7	k79_7539
7	k79_29389
7	k79_91127
7	k79_88894
7	k79_67737
7	k79_6121
7	k79_72806
7	k79_69452
7	k79_83712
7	k79_15221
7	k79_11330
7	k79_37866
7	k79_58336
7	k79_85573
7	k79_81066
7	k79_85997
7	k79_86997
7	k79_34768
7	k79_37040
7	k79_8027
7	k79_65886
7	k79_82003
7	k79_14757
7	k79_73184
7	k79_63221
7	k79_45481
7	k79_12937
7	k79_74064
7	k79_21386
7	k79_93767
7	k79_21627
7	k79_45517
7	k79_94297
7	k79_70692
7	k79_40490
7	k79_83246
7	k79_81271
7	k79_83868
7	k79_23628
7	k79_45796
7	k79_62299
7	k79_40077
7	k79_87659
7	k79_70638
7	k79_27818
7	k79_24489
7	k79_18374
7	k79_21062
7	k79_73525
7	k79_48442
7	k79_53670
7	k79_60987
7	k79_16992
7	k79_23030
7	k79_32506
7	k79_84809
7	k79_12076
7	k79_58975
7	k79_16419
7	k79_10381
7	k79_54995
7	k79_74667
7	k79_34619
7	k79_68964
7	k79_17782
7	k79_35744
7	k79_85635
7	k79_91737
7	k79_47464
7	k79_24814
7	k79_91828
7	k79_60555
7	k79_10723
7	k79_65592
7	k79_7122
7	k79_8439
7	k79_15799
7	k79_16844
7	k79_79431
7	k79_11940
7	k79_66113
7	k79_46459
7	k79_20742
7	k79_48731
7	k79_12443
7	k79_11857
7	k79_43654
7	k79_23966
7	k79_20483
7	k79_3947
7	k79_68361
7	k79_753
7	k79_17536
7	k79_74955
7	k79_70914
7	k79_566
7	k79_79325
7	k79_5289
7	k79_14454
7	k79_53762
7	k79_24896
7	k79_74521
7	k79_87088
7	k79_4827
7	k79_26107
7	k79_94571
7	k79_42442
7	k79_10461
7	k79_20988
7	k79_64157
7	k79_42349
7	k79_1328
7	k79_64150
7	k79_92050
7	k79_4606
7	k79_31431
7	k79_26540
7	k79_3776
7	k79_7676
7	k79_62903
7	k79_14178
7	k79_54455
7	k79_56510
7	k79_14020
7	k79_73916
7	k79_6901
7	k79_12591
7	k79_65240
7	k79_58873
7	k79_44750
7	k79_38209
7	k79_57463
7	k79_26738
7	k79_75722
7	k79_78654
7	k79_34347
7	k79_83872
7	k79_20124
7	k79_65341
7	k79_55970
7	k79_51593
7	k79_52748
7	k79_37476
7	k79_71775
7	k79_11296
7	k79_16087
7	k79_89004
7	k79_56874
7	k79_37981
7	k79_11013
7	k79_52326
7	k79_90071
7	k79_76026
7	k79_13452
7	k79_64125
7	k79_28206
7	k79_28475
7	k79_55492
7	k79_44621
7	k79_93272
7	k79_23506
7	k79_12578
7	k79_52389
7	k79_60284
7	k79_42600
7	k79_84495
7	k79_43817
7	k79_40533
7	k79_12933
7	k79_17975
7	k79_1289
7	k79_48811
7	k79_37537
7	k79_72564
7	k79_91576
7	k79_71544
7	k79_50966
7	k79_29879
7	k79_33263
7	k79_8843
7	k79_58501
7	k79_54690
7	k79_65298
7	k79_53901
7	k79_23817
7	k79_53098
7	k79_26992
7	k79_5068
7	k79_8298
7	k79_29947
7	k79_32416
7	k79_74219
7	k79_36022
7	k79_30595
7	k79_32664
7	k79_19855
7	k79_95066
7	k79_36826
7	k79_87676
7	k79_32738
7	k79_83780
7	k79_1882
7	k79_42396
7	k79_67630
7	k79_84274
7	k79_12456
7	k79_42972
7	k79_28682
7	k79_18802
7	k79_95015
7	k79_88404
7	k79_30283
7	k79_21623
7	k79_44235
7	k79_28000
7	k79_3244
7	k79_88600
7	k79_78019
7	k79_14093
7	k79_60142
7	k79_64034
7	k79_7132
7	k79_77842
7	k79_32375
7	k79_55291
7	k79_36393
7	k79_78594
7	k79_6609
7	k79_18593
7	k79_42177
7	k79_21008
7	k79_34867
7	k79_28032
7	k79_79945
7	k79_2331
7	k79_65823
7	k79_24345
7	k79_28739
7	k79_54328
7	k79_48765
7	k79_37279
7	k79_70344
7	k79_71409
7	k79_37745
7	k79_41528
7	k79_75367
7	k79_87062
7	k79_25343
7	k79_32767
7	k79_46358
7	k79_36821
7	k79_80012
7	k79_74930
7	k79_10447
7	k79_39620
7	k79_59976
7	k79_49854
7	k79_35624
7	k79_28926
7	k79_83756
7	k79_18708
7	k79_28479
7	k79_48159
7	k79_90354
7	k79_93115
7	k79_54128
7	k79_36863
7	k79_22332
7	k79_77459
7	k79_49067
7	k79_82786
7	k79_18647
7	k79_20501
7	k79_57172
7	k79_59935
7	k79_39043
7	k79_16471
7	k79_83244
7	k79_24550
7	k79_57485
7	k79_62640
7	k79_80997
7	k79_86719
7	k79_3683
7	k79_69418
7	k79_47330
7	k79_53411
7	k79_2946
7	k79_87951
7	k79_16518
7	k79_5446
7	k79_18384
7	k79_31422
7	k79_19197
7	k79_30116
7	k79_44506
7	k79_16878
7	k79_94052
7	k79_37390
7	k79_63975
7	k79_95445
7	k79_63532
7	k79_82399
7	k79_56212
7	k79_18151
7	k79_38333
7	k79_19927
7	k79_69726
7	k79_14302
7	k79_78795
7	k79_16378
7	k79_9950
7	k79_59788
7	k79_23270
7	k79_16553
7	k79_40913
7	k79_67136
7	k79_78651
7	k79_32772
7	k79_38693
7	k79_42063
7	k79_44013
7	k79_44529
7	k79_76053
7	k79_84968
7	k79_73213
7	k79_72953
7	k79_92343
7	k79_75673
7	k79_51736
7	k79_79317
7	k79_92170
7	k79_81687
7	k79_72814
7	k79_51131
7	k79_12086
7	k79_66180
7	k79_45813
7	k79_39969
7	k79_95594
7	k79_73298
7	k79_95084
7	k79_54806
7	k79_36102
7	k79_54091
7	k79_40724
7	k79_28249
7	k79_25940
7	k79_89292
7	k79_38829
7	k79_26840
7	k79_16515
7	k79_31965
7	k79_48112
7	k79_588
7	k79_16228
7	k79_24167
7	k79_52656
7	k79_31539
7	k79_1500
7	k79_37064
7	k79_72126
7	k79_9391
7	k79_58055
7	k79_58144
7	k79_3418
7	k79_61340
7	k79_63047
7	k79_94250
7	k79_47110
7	k79_16400
7	k79_23237
7	k79_85238
7	k79_64620
7	k79_74073
7	k79_63831
7	k79_9264
7	k79_35809
7	k79_28945
7	k79_53943
7	k79_30751
7	k79_24376
7	k79_43396
7	k79_19029
7	k79_57312
7	k79_10776
7	k79_23245
7	k79_48665
7	k79_58955
7	k79_45474
7	k79_38103
7	k79_50460
7	k79_44736
7	k79_33037
7	k79_71849
7	k79_35574
7	k79_11985
7	k79_36042
7	k79_37057
7	k79_1889
7	k79_9771
7	k79_61844
7	k79_24272
7	k79_24631
7	k79_8781
7	k79_40834
7	k79_91556
7	k79_51742
7	k79_8199
7	k79_958
7	k79_51031
7	k79_64276
7	k79_18029
7	k79_28241
7	k79_47794
7	k79_7945
7	k79_24215
7	k79_11439
7	k79_8768
7	k79_47101
7	k79_2056
7	k79_16868
7	k79_50066
7	k79_20360
7	k79_13886
7	k79_22234
7	k79_64776
7	k79_90680
7	k79_5777
7	k79_36886
7	k79_46600
7	k79_45752
7	k79_75335
7	k79_92567
7	k79_37499
7	k79_36613
7	k79_17616
7	k79_71512
7	k79_16374
7	k79_62765
7	k79_73952
7	k79_91982
7	k79_88008
7	k79_29580
7	k79_21709
7	k79_71450
7	k79_34610
7	k79_56710
7	k79_48105
7	k79_23760
7	k79_73512
7	k79_33045
7	k79_13069
7	k79_57318
7	k79_23917
7	k79_91098
7	k79_13612
7	k79_18599
7	k79_40344
7	k79_10799
7	k79_60929
7	k79_6479
7	k79_44269
7	k79_9783
7	k79_7017
7	k79_69510
7	k79_34475
7	k79_43990
7	k79_36069
7	k79_26790
7	k79_22865
7	k79_49979
7	k79_13868
7	k79_70675
7	k79_22808
7	k79_74967
7	k79_18349
7	k79_48175
7	k79_35307
7	k79_84631
7	k79_77053
7	k79_39681
7	k79_65871
7	k79_32663
7	k79_51523
7	k79_12570
7	k79_37126
7	k79_17592
7	k79_75408
7	k79_29805
7	k79_77113
7	k79_6897
7	k79_52403
7	k79_78968
7	k79_3420
7	k79_80458
7	k79_8887
7	k79_73410
7	k79_17631
7	k79_17956
7	k79_72180
7	k79_45100
7	k79_74940
7	k79_82167
7	k79_22693
7	k79_61046
7	k79_9745
7	k79_39061
7	k79_94580
7	k79_49518
7	k79_14613
7	k79_24930
7	k79_42624
7	k79_83106
7	k79_77795
7	k79_85555
7	k79_60263
7	k79_6755
7	k79_14919
7	k79_74975
7	k79_2028
7	k79_5245
7	k79_56527
7	k79_46127
7	k79_66030
7	k79_9259
7	k79_59369
7	k79_91992
7	k79_22314
7	k79_49095
7	k79_77944
7	k79_26053
7	k79_66063
7	k79_70760
7	k79_22745
7	k79_14277
7	k79_4680
7	k79_50930
7	k79_34826
7	k79_39405
7	k79_31319
7	k79_66586
7	k79_62105
7	k79_46880
7	k79_51808
7	k79_76696
7	k79_93107
7	k79_69957
7	k79_76403
7	k79_47584
7	k79_67556
7	k79_68709
7	k79_59635
7	k79_73565
7	k79_2041
7	k79_78320
7	k79_12638
7	k79_51416
7	k79_77774
7	k79_38051
7	k79_88037
7	k79_34828
7	k79_89842
7	k79_15452
7	k79_30356
7	k79_7125
7	k79_59180
7	k79_85851
7	k79_94005
7	k79_17495
7	k79_36162
7	k79_37773
7	k79_67803
7	k79_78249
7	k79_42669
7	k79_13594
7	k79_26280
7	k79_49316
7	k79_6522
7	k79_85613
7	k79_27506
7	k79_79563
7	k79_94469
7	k79_86896
7	k79_34375
7	k79_85251
7	k79_17677
7	k79_36857
7	k79_44922
7	k79_45887
7	k79_33910
7	k79_88537
7	k79_3548
7	k79_48623
7	k79_73155
7	k79_92871
7	k79_77516
7	k79_33465
7	k79_14257
7	k79_4484
7	k79_29388
7	k79_33948
7	k79_70328
7	k79_36831
7	k79_91504
7	k79_67601
7	k79_50723
7	k79_74394
7	k79_83272
7	k79_31041
7	k79_43415
7	k79_28403
7	k79_66217
7	k79_75028
7	k79_87464
7	k79_55606
7	k79_38047
7	k79_27326
7	k79_71440
7	k79_19845
7	k79_87508
7	k79_75204
7	k79_39564
7	k79_16190
7	k79_16002
7	k79_43296
7	k79_44119
7	k79_51476
7	k79_66444
7	k79_64968
7	k79_83741
7	k79_41284
7	k79_68199
7	k79_58560
7	k79_7632
7	k79_9718
7	k79_43744
7	k79_18518
7	k79_37172
7	k79_24014
7	k79_56820
7	k79_62596
7	k79_73347
7	k79_5469
7	k79_9798
7	k79_55172
7	k79_15497
7	k79_30639
7	k79_43792
7	k79_57280
7	k79_82189
7	k79_59272
7	k79_72923
7	k79_59016
7	k79_43298
7	k79_35508
7	k79_67363
7	k79_91694
7	k79_16931
7	k79_24093
7	k79_22169
7	k79_33837
7	k79_20579
7	k79_39943
7	k79_6644
7	k79_39021
7	k79_2944
7	k79_30102
7	k79_65525
7	k79_95629
7	k79_79295
7	k79_34991
7	k79_32671
7	k79_55090
7	k79_868
7	k79_750
7	k79_32059
7	k79_40774
7	k79_19773
7	k79_91273
7	k79_31797
7	k79_5700
7	k79_78180
7	k79_24470
7	k79_7745
7	k79_81635
7	k79_80146
7	k79_42112
7	k79_37644
7	k79_43393
7	k79_86162
7	k79_91498
7	k79_19761
7	k79_24365
7	k79_73034
7	k79_27489
7	k79_17482
7	k79_25612
7	k79_50871
7	k79_76508
7	k79_69577
7	k79_922
7	k79_73
7	k79_32101
7	k79_28483
7	k79_8629
7	k79_80812
7	k79_59770
7	k79_25194
7	k79_26162
7	k79_71907
7	k79_42065
7	k79_32487
7	k79_51719
7	k79_10211
7	k79_78012
7	k79_36989
7	k79_108
7	k79_25006
7	k79_94509
7	k79_84702
7	k79_13183
7	k79_78196
7	k79_10865
7	k79_86571
7	k79_3726
8	k79_65309
8	k79_5837
8	k79_52682
8	k79_45437
8	k79_82784
8	k79_52182
8	k79_89339
8	k79_86252
8	k79_95057
8	k79_40267
8	k79_59095
8	k79_36044
8	k79_37912
8	k79_55160
8	k79_41274
8	k79_77752
8	k79_79976
8	k79_2789
8	k79_73495
8	k79_88030
8	k79_2970
8	k79_77585
8	k79_81130
8	k79_47077
8	k79_22542
8	k79_5619
8	k79_9973
8	k79_11963
8	k79_55780
8	k79_47052
8	k79_15496
8	k79_82861
8	k79_48664
8	k79_32032
8	k79_42463
8	k79_22972
8	k79_21342
8	k79_89685
8	k79_35863
8	k79_29594
8	k79_28489
8	k79_82834
8	k79_42557
8	k79_56227
8	k79_15674
8	k79_52521
8	k79_94493
8	k79_87778
8	k79_74779
8	k79_39871
8	k79_36543
8	k79_9793
8	k79_5132
8	k79_55301
8	k79_17521
8	k79_21510
8	k79_33728
8	k79_51467
8	k79_10921
8	k79_705
8	k79_48860
8	k79_67851
8	k79_49570
8	k79_89494
8	k79_4290
8	k79_71572
8	k79_48157
8	k79_78608
8	k79_58226
8	k79_37667
8	k79_16224
8	k79_71457
8	k79_51278
8	k79_5876
8	k79_89570
8	k79_52424
8	k79_37528
8	k79_94020
8	k79_29681
8	k79_86071
8	k79_16384
8	k79_90132
8	k79_38426
8	k79_87300
8	k79_93054
8	k79_73266
8	k79_47460
8	k79_52984
8	k79_48162
8	k79_50398
8	k79_16198
8	k79_33964
8	k79_86888
8	k79_42800
8	k79_14499
8	k79_82066
8	k79_91580
8	k79_31699
8	k79_56432
8	k79_54450
8	k79_31737
8	k79_23344
8	k79_92587
8	k79_10135
8	k79_10614
8	k79_55661
8	k79_21862
8	k79_57663
8	k79_90475
8	k79_89541
8	k79_41430
8	k79_37798
8	k79_14475
8	k79_78084
8	k79_16285
8	k79_91167
8	k79_5804
8	k79_8403
8	k79_2562
8	k79_88219
8	k79_90761
8	k79_69322
8	k79_66825
8	k79_44064
8	k79_82713
8	k79_44743
8	k79_67176
8	k79_59497
8	k79_34370
8	k79_77806
8	k79_59910
8	k79_72419
8	k79_44708
8	k79_54599
8	k79_271
8	k79_41714
8	k79_10040
8	k79_5000
8	k79_95187
8	k79_32461
8	k79_35666
8	k79_64317
8	k79_64142
8	k79_26105
8	k79_242
8	k79_68669
8	k79_132
8	k79_87596
8	k79_77417
8	k79_17397
8	k79_81059
8	k79_47773
8	k79_77943
8	k79_13277
8	k79_38976
8	k79_44290
8	k79_10305
8	k79_71194
8	k79_66851
8	k79_21969
8	k79_52320
8	k79_90014
8	k79_12483
8	k79_50838
8	k79_20486
8	k79_78783
8	k79_96654
8	k79_24055
8	k79_94298
8	k79_51087
8	k79_13651
8	k79_10580
8	k79_55717
8	k79_31538
8	k79_73618
8	k79_1299
8	k79_83210
8	k79_53961
8	k79_59070
8	k79_81251
8	k79_8396
9	k79_74038
10	k79_28187
11	k79_618
12	k79_88436
12	k79_29147
12	k79_29418
13	k79_27812
13	k79_70227
13	k79_47905
13	k79_84838
13	k79_47861
13	k79_45730
13	k79_39827
13	k79_30827
13	k79_83571
13	k79_19754
13	k79_92245
14	k79_94289
15	k79_59624
16	k79_97292
17	k79_47182
18	k79_32741
19	k79_44863
20	k79_85974
20	k79_26242
20	k79_40128
20	k79_57379
20	k79_13428
20	k79_88687
20	k79_5305
20	k79_29657
20	k79_29855
20	k79_69731
20	k79_75915
20	k79_80413
20	k79_51445
20	k79_56742
20	k79_68783
20	k79_66363
20	k79_7929
20	k79_56857
20	k79_38528
20	k79_11475
20	k79_88811
20	k79_37861
20	k79_69461
20	k79_24660
20	k79_1865
20	k79_26334
20	k79_67548
20	k79_73276
20	k79_40511
20	k79_93688
20	k79_57369
20	k79_728
20	k79_50115
20	k79_40053
20	k79_12467
20	k79_43366
20	k79_56902
20	k79_23178
20	k79_84657
20	k79_86786
20	k79_32257
20	k79_9002
20	k79_85429
20	k79_43193
20	k79_22502
20	k79_38565
20	k79_696
20	k79_91242
20	k79_20481
20	k79_25393
20	k79_60599
20	k79_39814
20	k79_62377
20	k79_77841
20	k79_95464
20	k79_30005
20	k79_22709
20	k79_35133
20	k79_11610
20	k79_31005
20	k79_14717
20	k79_31681
20	k79_650
20	k79_96335
20	k79_15328
20	k79_97140
20	k79_28952
20	k79_88847
20	k79_79564
20	k79_52138
20	k79_30369
20	k79_16841
20	k79_16583
20	k79_76642
20	k79_9989
20	k79_58454
20	k79_95753
20	k79_86345
20	k79_42008
20	k79_83490
20	k79_59610
20	k79_35911
20	k79_74856
20	k79_44130
20	k79_96718
20	k79_51726
20	k79_30217
20	k79_1089
20	k79_65843
20	k79_10442
20	k79_37616
20	k79_81675
20	k79_47399
20	k79_93111
20	k79_35680
20	k79_51109
20	k79_37964
20	k79_19658
20	k79_78824
20	k79_82115
20	k79_55157
20	k79_67537
20	k79_58778
20	k79_86387
20	k79_57569
20	k79_28827
20	k79_72124
20	k79_2405
20	k79_42729
20	k79_68710
20	k79_34886
20	k79_20603
20	k79_82265
20	k79_44237
20	k79_75320
20	k79_10246
20	k79_31230
20	k79_35102
20	k79_45116
20	k79_27128
20	k79_4144
20	k79_19099
20	k79_26004
20	k79_17400
20	k79_30542
20	k79_42663
20	k79_97212
20	k79_65029
20	k79_87853
20	k79_19422
20	k79_55776
20	k79_60405
20	k79_3155
20	k79_7605
20	k79_19457
20	k79_10518
20	k79_67796
20	k79_43554
20	k79_29247
20	k79_93546
20	k79_69000
20	k79_86614
20	k79_83757
20	k79_33779
20	k79_14974
20	k79_54563
20	k79_10728
20	k79_95281
20	k79_14013
20	k79_40732
20	k79_5511
20	k79_79923
20	k79_38110
20	k79_79239
20	k79_66086
20	k79_14694
20	k79_90691
20	k79_31226
20	k79_91919
20	k79_87176
20	k79_2847
20	k79_70918
20	k79_33677
20	k79_1255
20	k79_41950
20	k79_91001
20	k79_69020
20	k79_48321
20	k79_4107
20	k79_84849
20	k79_2139
20	k79_66324
20	k79_49209
20	k79_24609
20	k79_66609
20	k79_3463
20	k79_11399
20	k79_48137
20	k79_44680
20	k79_51136
20	k79_24078
20	k79_87610
20	k79_48792
20	k79_79334
20	k79_40264
20	k79_17917
20	k79_38395
20	k79_53614
20	k79_39258
20	k79_26437
20	k79_26999
20	k79_28191
20	k79_63949
20	k79_72441
20	k79_6915
20	k79_25406
20	k79_65901
20	k79_64772
20	k79_31165
20	k79_58456
20	k79_2122
20	k79_30117
20	k79_73301
20	k79_42937
20	k79_13596
20	k79_43149
20	k79_18422
20	k79_46424
20	k79_13866
20	k79_16279
20	k79_68765
20	k79_51707
20	k79_563
20	k79_76526
20	k79_72359
20	k79_49731
20	k79_15938
20	k79_10332
20	k79_24607
20	k79_440
20	k79_28109
20	k79_52908
20	k79_51730
20	k79_87133
20	k79_21591
20	k79_43447
20	k79_12181
20	k79_64847
20	k79_36508
20	k79_88169
20	k79_10269
20	k79_86326
20	k79_42183
20	k79_65778
20	k79_29489
20	k79_95433
20	k79_29738
20	k79_41311
20	k79_13738
20	k79_74776
20	k79_31815
20	k79_28082
20	k79_95
20	k79_48045
20	k79_77263
20	k79_27545
20	k79_68351
20	k79_87430
20	k79_5087
20	k79_6090
20	k79_31887
20	k79_88478
20	k79_37117
20	k79_39254
20	k79_30637
20	k79_79122
20	k79_82953
20	k79_23301
20	k79_56115
20	k79_23831
20	k79_81744
20	k79_12713
20	k79_49062
20	k79_21897
20	k79_76228
20	k79_26150
20	k79_62295
20	k79_77678
20	k79_36458
20	k79_18831
20	k79_61230
20	k79_88282
20	k79_40810
20	k79_49433
20	k79_1650
20	k79_95257
20	k79_71216
20	k79_80083
20	k79_61795
20	k79_93729
20	k79_88889
20	k79_97375
20	k79_19722
20	k79_51328
20	k79_83664
20	k79_46895
20	k79_13152
20	k79_43365
20	k79_92254
20	k79_45287
20	k79_12847
20	k79_43541
20	k79_16411
20	k79_91867
20	k79_10139
20	k79_38503
20	k79_20038
20	k79_72984
20	k79_36124
20	k79_11865
20	k79_38181
20	k79_65834
20	k79_6302
20	k79_18335
20	k79_26077
20	k79_25825
20	k79_61332
20	k79_10551
20	k79_7052
20	k79_25263
20	k79_63722
20	k79_7271
20	k79_12188
20	k79_64991
20	k79_24388
20	k79_31631
20	k79_29610
20	k79_89087
20	k79_46184
20	k79_94737
20	k79_59548
20	k79_64693
20	k79_47585
20	k79_50521
20	k79_73833
20	k79_28333
20	k79_13490
20	k79_21539
20	k79_65261
20	k79_28141
20	k79_41489
20	k79_17669
20	k79_57576
20	k79_45040
20	k79_41166
20	k79_43729
20	k79_29333
20	k79_10846
20	k79_32817
20	k79_48300
20	k79_65757
20	k79_95476
20	k79_49869
20	k79_30838
20	k79_11172
20	k79_38025
20	k79_6818
20	k79_37905
20	k79_49544
20	k79_62288
20	k79_71471
20	k79_26828
20	k79_86637
20	k79_11168
20	k79_86865
20	k79_91133
20	k79_43114
20	k79_45214
20	k79_74810
20	k79_44138
20	k79_81199
20	k79_83224
20	k79_2164
20	k79_19052
20	k79_55139
20	k79_18787
20	k79_62592
20	k79_14268
20	k79_44605
20	k79_96744
20	k79_86275
20	k79_5568
20	k79_73750
20	k79_77077
20	k79_66507
20	k79_84499
20	k79_58849
20	k79_6525
20	k79_50288
20	k79_53146
20	k79_29601
20	k79_42838
20	k79_47743
20	k79_84054
20	k79_87142
20	k79_79307
20	k79_34281
20	k79_85188
20	k79_23727
20	k79_24324
20	k79_50149
20	k79_63708
20	k79_54989
20	k79_217
20	k79_17882
20	k79_25199
20	k79_55016
20	k79_18873
20	k79_68921
20	k79_37600
20	k79_83961
20	k79_37289
20	k79_19758
20	k79_60634
20	k79_68677
20	k79_51384
20	k79_40220
20	k79_76919
20	k79_21513
20	k79_75725
20	k79_85963
20	k79_17966
20	k79_97354
20	k79_12990
20	k79_49521
20	k79_1849
20	k79_59750
20	k79_25053
20	k79_63371
20	k79_16980
20	k79_24655
20	k79_6021
20	k79_7166
20	k79_34378
20	k79_75312
20	k79_88825
20	k79_37378
20	k79_61042
20	k79_70339
20	k79_10357
20	k79_64381
20	k79_77316
20	k79_14116
20	k79_42149
20	k79_16599
20	k79_53686
20	k79_82019
20	k79_60739
20	k79_26801
20	k79_36251
20	k79_36468
20	k79_53297
20	k79_77476
20	k79_53819
20	k79_76176
20	k79_74632
20	k79_17081
20	k79_64451
20	k79_37183
20	k79_64727
20	k79_51757
20	k79_30171
20	k79_6701
20	k79_84608
20	k79_95583
20	k79_36015
20	k79_75342
20	k79_11014
20	k79_36229
20	k79_42634
20	k79_96898
20	k79_25583
20	k79_57481
20	k79_91441
20	k79_52212
20	k79_45427
20	k79_96671
20	k79_62771
20	k79_75140
20	k79_53014
20	k79_33749
20	k79_66270
20	k79_50164
20	k79_30570
20	k79_24864
20	k79_56023
20	k79_88952
20	k79_62937
20	k79_48692
20	k79_31331
20	k79_198
20	k79_89445
20	k79_38232
20	k79_25486
20	k79_17223
20	k79_70301
20	k79_40795
20	k79_11701
20	k79_40687
20	k79_59630
20	k79_45817
20	k79_58153
20	k79_77939
20	k79_91176
20	k79_85955
20	k79_60107
20	k79_54554
20	k79_46545
20	k79_54974
20	k79_58508
20	k79_96578
21	k79_50172
22	k79_94679
23	k79_19989
24	k79_22933
25	k79_83038
26	k79_42734
27	k79_58875
28	k79_93414
29	k79_51910
30	k79_6820
31	k79_30697
32	k79_27015
33	k79_60894
34	k79_55542
35	k79_35424
35	k79_50395
35	k79_65085
35	k79_16925
35	k79_23836
35	k79_31393
35	k79_91383
35	k79_79561
35	k79_4535
35	k79_5389
35	k79_26682
35	k79_44524
35	k79_11794
35	k79_53329
35	k79_15997
35	k79_67282
35	k79_73418
35	k79_76163
35	k79_6089
35	k79_95980
35	k79_84605
35	k79_5622
35	k79_89486
35	k79_83012
35	k79_78560
35	k79_5933
35	k79_68582
35	k79_86232
35	k79_28215
35	k79_80931
35	k79_60268
35	k79_43971
36	k79_35438
37	k79_46528
38	k79_55956
39	k79_79918
40	k79_89130
41	k79_37362
42	k79_94251
42	k79_59371
43	k79_51667
43	k79_57142
43	k79_12163
43	k79_28029
43	k79_24987
43	k79_30
43	k79_23606
43	k79_14225
43	k79_13122
43	k79_8700
43	k79_93342
43	k79_27797
43	k79_53486
43	k79_8132
43	k79_31541
43	k79_38001
43	k79_64733
43	k79_17788
43	k79_21893
43	k79_2640
43	k79_12385
43	k79_81801
43	k79_55173
43	k79_35374
43	k79_21942
43	k79_24250
43	k79_64232
43	k79_15007
43	k79_1024
43	k79_62306
43	k79_25822
43	k79_7827
43	k79_82268
43	k79_15081
43	k79_226
43	k79_3259
43	k79_63300
43	k79_89400
43	k79_51228
43	k79_85091
43	k79_9691
43	k79_54264
43	k79_26548
43	k79_27069
43	k79_92375
43	k79_27980
43	k79_84542
43	k79_2092
43	k79_68494
43	k79_28166
43	k79_25533
43	k79_4795
43	k79_19268
43	k79_31888
43	k79_5586
43	k79_38788
43	k79_41899
43	k79_89607
43	k79_32807
43	k79_20403
43	k79_69332
43	k79_3654
43	k79_72463
43	k79_5099
43	k79_4831
43	k79_204
43	k79_59664
43	k79_29933
43	k79_84966
43	k79_54784
43	k79_64826
43	k79_35373
43	k79_57664
43	k79_92501
43	k79_8316
43	k79_33175
43	k79_36833
43	k79_87721
43	k79_38682
43	k79_40876
43	k79_37973
43	k79_70674
43	k79_49951
43	k79_48988
43	k79_3803
43	k79_73458
43	k79_92869
43	k79_88420
43	k79_47204
43	k79_88099
43	k79_1765
43	k79_87345
43	k79_45948
43	k79_33144
43	k79_33704
43	k79_6754
43	k79_8777
43	k79_17740
43	k79_4341
43	k79_15458
43	k79_78619
43	k79_48324
43	k79_38102
43	k79_82123
43	k79_47830
43	k79_43602
43	k79_26853
43	k79_51599
43	k79_82408
43	k79_46728
43	k79_88530
43	k79_56750
43	k79_42196
43	k79_40477
43	k79_45826
43	k79_77979
43	k79_23617
43	k79_42108
43	k79_85239
43	k79_801
43	k79_15920
43	k79_71587
43	k79_81563
43	k79_78213
43	k79_4742
43	k79_45205
43	k79_86765
43	k79_7593
43	k79_17251
43	k79_62583
43	k79_85485
43	k79_91517
43	k79_91028
43	k79_11592
43	k79_31679
43	k79_41369
43	k79_23793
43	k79_52553
43	k79_7468
43	k79_70949
43	k79_85196
43	k79_65927
43	k79_74284
43	k79_28925
43	k79_85314
43	k79_13423
43	k79_65851
43	k79_72676
43	k79_84110
43	k79_71516
43	k79_88891
43	k79_63595
43	k79_7735
43	k79_7358
43	k79_69694
43	k79_11075
43	k79_92573
43	k79_2877
43	k79_57335
43	k79_47697
43	k79_1881
43	k79_60840
43	k79_18706
43	k79_33886
43	k79_9629
43	k79_10509
43	k79_1734
43	k79_27397
43	k79_9331
43	k79_53557
43	k79_69669
43	k79_1057
43	k79_45666
43	k79_38655
43	k79_14032
43	k79_95017
43	k79_29461
43	k79_51615
43	k79_67304
43	k79_25747
43	k79_25522
43	k79_40059
43	k79_5953
43	k79_71340
43	k79_92004
43	k79_1875
43	k79_52380
43	k79_5466
43	k79_82215
43	k79_9499
43	k79_78599
43	k79_51857
43	k79_13254
43	k79_91122
43	k79_42647
43	k79_8356
43	k79_70586
43	k79_90603
43	k79_38044
43	k79_92431
43	k79_1706
43	k79_64948
43	k79_52766
43	k79_87838
43	k79_42106
43	k79_6250
43	k79_33464
43	k79_24302
43	k79_4460
43	k79_46527
43	k79_12500
43	k79_77010
43	k79_39183
43	k79_51466
43	k79_64741
43	k79_85518
43	k79_3688
43	k79_6981
43	k79_34832
43	k79_79118
43	k79_34100
43	k79_17877
43	k79_5473
43	k79_58016
43	k79_3282
43	k79_41193
43	k79_38625
43	k79_37663
43	k79_16336
43	k79_49599
43	k79_60924
43	k79_34685
43	k79_87468
43	k79_25904
43	k79_25173
43	k79_24328
43	k79_77440
43	k79_65891
43	k79_80900
43	k79_50939
43	k79_1564
43	k79_29654
43	k79_141
43	k79_59793
43	k79_12053
43	k79_14473
43	k79_5526
43	k79_80314
43	k79_3485
43	k79_6580
43	k79_41073
43	k79_26492
43	k79_45119
43	k79_66698
43	k79_4297
43	k79_72302
43	k79_61251
43	k79_7004
43	k79_65387
43	k79_55145
43	k79_15071
43	k79_30986
43	k79_26368
43	k79_65912
43	k79_6211
43	k79_36139
43	k79_85818
43	k79_38778
43	k79_70225
43	k79_41011
43	k79_88831
43	k79_36541
43	k79_56360
43	k79_63004
43	k79_58595
43	k79_89478
43	k79_73953
43	k79_53638
43	k79_9530
43	k79_67497
43	k79_30267
43	k79_21792
43	k79_36283
43	k79_55818
43	k79_16005
43	k79_91915
43	k79_59083
43	k79_54888
43	k79_49604
43	k79_36324
43	k79_60448
43	k79_39980
43	k79_28617
43	k79_39289
43	k79_83489
43	k79_63431
43	k79_55376
43	k79_43427
43	k79_10384
43	k79_22440
43	k79_94998
43	k79_7791
43	k79_1561
43	k79_57787
43	k79_45563
43	k79_25924
43	k79_70034
43	k79_7703
43	k79_76827
43	k79_19394
43	k79_92607
43	k79_25572
43	k79_91564
43	k79_78990
43	k79_38136
43	k79_54598
43	k79_5571
43	k79_39392
43	k79_23071
43	k79_97231
43	k79_89609
43	k79_42700
43	k79_19005
43	k79_37871
43	k79_12896
43	k79_85229
43	k79_92154
43	k79_90988
43	k79_81236
43	k79_89227
43	k79_50644
43	k79_95121
43	k79_24950
43	k79_85975
43	k79_36440
43	k79_1505
43	k79_32434
43	k79_80082
43	k79_28367
43	k79_13983
43	k79_55340
43	k79_22918
43	k79_67356
43	k79_91346
43	k79_22174
43	k79_24221
43	k79_39301
43	k79_51293
43	k79_25596
43	k79_63904
43	k79_7141
43	k79_39887
43	k79_67957
43	k79_20423
43	k79_69401
43	k79_41093
43	k79_10115
43	k79_34635
43	k79_10698
43	k79_95465
43	k79_37914
43	k79_27115
43	k79_20821
43	k79_61698
43	k79_66783
43	k79_43167
43	k79_78768
43	k79_27642
43	k79_57087
43	k79_10849
43	k79_32650
43	k79_18882
43	k79_69074
43	k79_39941
43	k79_86299
43	k79_27625
43	k79_116
43	k79_84410
43	k79_77925
43	k79_45001
43	k79_6462
43	k79_66502
43	k79_93320
43	k79_40835
43	k79_69009
43	k79_87777
43	k79_80995
43	k79_35095
43	k79_89860
43	k79_94935
43	k79_9652
43	k79_4550
43	k79_47228
43	k79_22847
43	k79_41967
43	k79_63812
43	k79_32426
43	k79_62766
43	k79_71150
43	k79_52430
43	k79_33822
43	k79_52610
43	k79_1490
43	k79_13302
43	k79_62709
43	k79_102
43	k79_65579
43	k79_41897
43	k79_63948
43	k79_42158
43	k79_42610
43	k79_17437
43	k79_15626
43	k79_70283
43	k79_30999
43	k79_59303
43	k79_46920
43	k79_70710
43	k79_41199
43	k79_68868
43	k79_11600
43	k79_30516
43	k79_53233
43	k79_7030
43	k79_6741
43	k79_67189
43	k79_4876
43	k79_56659
43	k79_65081
43	k79_7570
43	k79_57166
43	k79_13210
43	k79_10194
43	k79_66553
43	k79_77572
43	k79_40254
43	k79_52245
43	k79_34703
43	k79_5147
43	k79_42788
43	k79_81886
43	k79_56620
43	k79_93412
43	k79_20324
43	k79_11837
43	k79_86060
43	k79_74413
43	k79_85802
43	k79_87629
43	k79_43029
43	k79_55250
43	k79_85919
43	k79_24340
43	k79_74738
43	k79_2906
43	k79_65566
43	k79_34118
44	k79_71693
45	k79_36610
45	k79_6558
45	k79_46975
45	k79_72021
45	k79_30184
45	k79_20746
45	k79_2735
45	k79_16495
45	k79_69389
45	k79_15408
45	k79_24601
45	k79_8877
45	k79_46900
45	k79_15724
45	k79_44381
45	k79_57279
45	k79_82114
45	k79_3816
45	k79_16669
45	k79_17662
45	k79_33189
45	k79_70054
45	k79_29863
45	k79_19198
45	k79_95319
45	k79_39503
45	k79_36714
45	k79_67883
45	k79_24823
45	k79_45672
45	k79_89862
45	k79_86231
45	k79_76764
45	k79_37367
45	k79_707
45	k79_82663
45	k79_33505
45	k79_24175
45	k79_46607
45	k79_23837
45	k79_73987
45	k79_75999
45	k79_37727
45	k79_48176
45	k79_62001
45	k79_66320
45	k79_74672
45	k79_67325
45	k79_66760
45	k79_70138
45	k79_70478
45	k79_33996
45	k79_28472
45	k79_94841
45	k79_5892
45	k79_41025
45	k79_40382
45	k79_18407
45	k79_37282
45	k79_1379
45	k79_28624
45	k79_11678
45	k79_2390
45	k79_63861
45	k79_36116
45	k79_8879
45	k79_57960
45	k79_23754
45	k79_94445
45	k79_84286
45	k79_72732
45	k79_71839
45	k79_55684
45	k79_22786
45	k79_40285
45	k79_22275
45	k79_94809
45	k79_80196
45	k79_7114
45	k79_64259
45	k79_41853
45	k79_50612
45	k79_37744
45	k79_31197
45	k79_11077
45	k79_25723
45	k79_63083
45	k79_25411
45	k79_11772
45	k79_18391
45	k79_87870
45	k79_42129
45	k79_27055
45	k79_3301
45	k79_23846
45	k79_92082
45	k79_90233
45	k79_91710
45	k79_27503
45	k79_56364
45	k79_52104
45	k79_37974
45	k79_92683
45	k79_41917
45	k79_48781
45	k79_70716
45	k79_70093
45	k79_3251
45	k79_26991
45	k79_24436
45	k79_48201
45	k79_19228
45	k79_70023
45	k79_7445
45	k79_21089
45	k79_44732
45	k79_77325
45	k79_51778
45	k79_86625
45	k79_29163
45	k79_81124
45	k79_92398
45	k79_20428
45	k79_56705
45	k79_65803
45	k79_39770
45	k79_63608
45	k79_36843
45	k79_64061
45	k79_25174
45	k79_8668
45	k79_63935
45	k79_81856
45	k79_36090
45	k79_20040
45	k79_9405
45	k79_72335
45	k79_64508
45	k79_48207
45	k79_57509
45	k79_42280
45	k79_68135
45	k79_5522
45	k79_64301
45	k79_5360
45	k79_83916
45	k79_29463
45	k79_11951
45	k79_73417
45	k79_36785
45	k79_80244
45	k79_73928
45	k79_17747
45	k79_7042
45	k79_97228
45	k79_34642
45	k79_62166
45	k79_19097
45	k79_65584
45	k79_76701
45	k79_86000
45	k79_36959
45	k79_96182
45	k79_42282
45	k79_86116
45	k79_10559
45	k79_68462
45	k79_32628
45	k79_78642
45	k79_11576
45	k79_50326
45	k79_96294
45	k79_44166
45	k79_29390
45	k79_3590
45	k79_69453
45	k79_61529
45	k79_24845
45	k79_3072
45	k79_68998
45	k79_93216
45	k79_6359
45	k79_83779
45	k79_69685
45	k79_84565
45	k79_33972
45	k79_95951
45	k79_95192
45	k79_35439
45	k79_21506
45	k79_67383
45	k79_23666
45	k79_78071
45	k79_46021
45	k79_69491
45	k79_1031
45	k79_52084
45	k79_88813
45	k79_87437
45	k79_43418
45	k79_83472
45	k79_68281
45	k79_52358
45	k79_69366
45	k79_89702
45	k79_72930
45	k79_71183
45	k79_9089
45	k79_8624
45	k79_19401
45	k79_20404
45	k79_47509
45	k79_51290
45	k79_58812
45	k79_43332
45	k79_61538
45	k79_49137
45	k79_72883
45	k79_73366
45	k79_81296
45	k79_27892
45	k79_4505
45	k79_85267
45	k79_94098
45	k79_88467
45	k79_92478
45	k79_46193
45	k79_85386
45	k79_76098
45	k79_75077
45	k79_52425
45	k79_78242
45	k79_44192
45	k79_18065
45	k79_21945
45	k79_90943
45	k79_10340
45	k79_72250
45	k79_82355
45	k79_4157
45	k79_28969
45	k79_91347
45	k79_77750
45	k79_90482
45	k79_47333
45	k79_413
45	k79_35520
45	k79_30421
45	k79_78758
45	k79_83205
45	k79_46696
45	k79_8862
45	k79_22673
45	k79_13808
45	k79_54003
45	k79_53730
45	k79_7751
45	k79_17304
45	k79_2874
45	k79_61920
45	k79_73181
45	k79_48499
45	k79_56921
45	k79_79794
45	k79_93215
45	k79_68584
45	k79_86714
45	k79_32682
45	k79_24846
45	k79_71213
45	k79_84271
45	k79_57666
45	k79_57959
45	k79_76185
45	k79_92085
45	k79_90808
45	k79_85883
45	k79_48292
45	k79_58827
45	k79_18474
45	k79_32252
45	k79_91099
45	k79_80046
45	k79_72507
45	k79_39793
45	k79_84288
45	k79_83118
45	k79_88332
45	k79_66972
45	k79_16319
45	k79_19512
45	k79_13467
45	k79_24581
45	k79_13649
45	k79_4628
45	k79_64397
45	k79_67511
45	k79_4881
45	k79_62028
45	k79_89420
45	k79_38984
45	k79_89488
45	k79_89103
45	k79_93584
45	k79_65801
45	k79_25256
45	k79_55053
45	k79_37303
45	k79_39030
45	k79_50643
45	k79_88063
45	k79_27666
45	k79_27901
45	k79_30558
45	k79_79146
45	k79_90540
45	k79_11618
45	k79_51046
45	k79_21744
45	k79_16111
45	k79_48425
45	k79_42866
45	k79_39765
45	k79_48369
45	k79_12880
45	k79_66968
45	k79_72314
45	k79_48343
45	k79_52323
45	k79_42791
45	k79_52477
45	k79_80601
45	k79_75197
45	k79_72244
45	k79_57813
45	k79_55400
45	k79_69752
45	k79_54150
45	k79_55480
45	k79_11372
45	k79_44615
45	k79_94799
45	k79_43970
45	k79_66630
45	k79_31324
45	k79_30003
45	k79_82155
45	k79_92696
45	k79_2090
45	k79_67156
45	k79_48013
45	k79_84144
45	k79_88750
45	k79_68490
45	k79_65655
45	k79_79075
45	k79_76062
45	k79_8525
45	k79_45490
45	k79_19619
45	k79_89017
45	k79_85313
45	k79_62763
45	k79_69970
45	k79_55986
45	k79_46759
45	k79_49846
45	k79_71633
46	k79_51073
46	k79_15427
46	k79_85362
46	k79_78297
46	k79_19170
46	k79_11519
46	k79_81928
46	k79_62868
46	k79_33417
46	k79_47602
46	k79_40168
46	k79_63297
46	k79_53629
46	k79_38155
46	k79_81730
46	k79_6531
46	k79_86591
47	k79_85061
48	k79_71478
49	k79_350
50	k79_74254
50	k79_78411
50	k79_18806
50	k79_60061
50	k79_50740
50	k79_4544
50	k79_81155
50	k79_60346
50	k79_81957
50	k79_65435
50	k79_46857
50	k79_40364
50	k79_90115
50	k79_80911
50	k79_44066
50	k79_95067
50	k79_43045
50	k79_52268
50	k79_44472
50	k79_1693
50	k79_32249
50	k79_60350
50	k79_65078
50	k79_13453
50	k79_36082
50	k79_49272
50	k79_276
50	k79_35997
50	k79_36464
50	k79_13867
50	k79_37116
50	k79_50478
50	k79_2723
50	k79_38323
50	k79_30268
50	k79_9250
50	k79_14776
50	k79_81184
50	k79_56778
50	k79_30583
50	k79_22274
50	k79_14889
50	k79_59625
50	k79_88064
50	k79_66496
50	k79_94938
50	k79_57504
50	k79_18874
50	k79_38575
50	k79_467
50	k79_58804
50	k79_62236
50	k79_78116
50	k79_69600
50	k79_80825
50	k79_45440
50	k79_79208
50	k79_46808
50	k79_85734
50	k79_91087
50	k79_66210
50	k79_68131
50	k79_24951
50	k79_46009
50	k79_34205
50	k79_47394
50	k79_30386
50	k79_87035
50	k79_58644
50	k79_95295
50	k79_47497
50	k79_57772
50	k79_19628
50	k79_34952
50	k79_35124
50	k79_24235
50	k79_20521
50	k79_25890
50	k79_31444
50	k79_18270
50	k79_79785
50	k79_70135
50	k79_94668
50	k79_26529
50	k79_57563
50	k79_42562
50	k79_75001
50	k79_66547
50	k79_34484
50	k79_89785
50	k79_57133
50	k79_27993
50	k79_47838
50	k79_31298
50	k79_73225
50	k79_90170
50	k79_96638
50	k79_29227
50	k79_92191
50	k79_92809
50	k79_83260
50	k79_89441
50	k79_22565
50	k79_38962
50	k79_88425
50	k79_19233
50	k79_47183
50	k79_43538
50	k79_37267
50	k79_58005
50	k79_85057
50	k79_27300
50	k79_51029
50	k79_3961
50	k79_90194
50	k79_67744
50	k79_16089
50	k79_68793
50	k79_85981
50	k79_8698
50	k79_55635
50	k79_23542
50	k79_19266
50	k79_53470
50	k79_86420
50	k79_62646
50	k79_18583
50	k79_33985
50	k79_46756
50	k79_69548
50	k79_16830
50	k79_70078
50	k79_47845
50	k79_12246
50	k79_92836
50	k79_47981
50	k79_95938
50	k79_79129
50	k79_73603
50	k79_51656
50	k79_95397
50	k79_92406
50	k79_27522
50	k79_67633
50	k79_95789
50	k79_24242
50	k79_72513
50	k79_24519
50	k79_73679
50	k79_24576
50	k79_49495
50	k79_1324
50	k79_64901
50	k79_83822
50	k79_54428
50	k79_95217
50	k79_91188
50	k79_49380
50	k79_50270
50	k79_33446
50	k79_5981
50	k79_6694
50	k79_42138
50	k79_8857
50	k79_64143
50	k79_52520
50	k79_85958
50	k79_81086
50	k79_10226
50	k79_69275
50	k79_64759
50	k79_57604
50	k79_96388
50	k79_10303
50	k79_27424
50	k79_34915
50	k79_32907
50	k79_78067
50	k79_5709
50	k79_97407
50	k79_86009
50	k79_19519
50	k79_31795
50	k79_82038
50	k79_9905
50	k79_16741
50	k79_37944
50	k79_24942
50	k79_74785
50	k79_77013
50	k79_70201
50	k79_41865
50	k79_55415
50	k79_54486
50	k79_1367
50	k79_62821
50	k79_42335
50	k79_7235
50	k79_64546
50	k79_89536
50	k79_66225
50	k79_4091
50	k79_17893
50	k79_8925
50	k79_16408
50	k79_34603
50	k79_37018
50	k79_43457
50	k79_41953
50	k79_90783
50	k79_20585
50	k79_55964
50	k79_39591
50	k79_97318
50	k79_66754
50	k79_87981
50	k79_38164
50	k79_80390
50	k79_24791
50	k79_316
50	k79_56787
50	k79_11053
50	k79_82367
51	k79_91427
51	k79_31835
51	k79_77846
51	k79_20436
51	k79_15954
51	k79_51536
51	k79_36591
51	k79_384
51	k79_14401
51	k79_17235
51	k79_53140
51	k79_87805
51	k79_24622
51	k79_37319
51	k79_39832
51	k79_14873
51	k79_52650
51	k79_65249
51	k79_42402
51	k79_79582
51	k79_11835
51	k79_96216
51	k79_26608
51	k79_77762
51	k79_56080
51	k79_74542
51	k79_35975
51	k79_39999
51	k79_21448
51	k79_26140
51	k79_14252
51	k79_65562
51	k79_32158
51	k79_10098
51	k79_71838
51	k79_21357
51	k79_21711
51	k79_9463
51	k79_5907
51	k79_10462
51	k79_5228
51	k79_80517
51	k79_82782
51	k79_64856
51	k79_55225
51	k79_72987
51	k79_43702
51	k79_10959
51	k79_35256
51	k79_48477
51	k79_44221
51	k79_33232
51	k79_58939
51	k79_6422
51	k79_85028
51	k79_50134
51	k79_39791
51	k79_47449
51	k79_90388
51	k79_60935
51	k79_12595
51	k79_77334
51	k79_32431
51	k79_32289
51	k79_83384
51	k79_36934
51	k79_31969
51	k79_33514
51	k79_11510
51	k79_7534
51	k79_90881
51	k79_39329
51	k79_60099
51	k79_60132
51	k79_35050
51	k79_3929
51	k79_36887
51	k79_2879
51	k79_28886
51	k79_39849
51	k79_25031
51	k79_82572
51	k79_39683
51	k79_80654
51	k79_48195
51	k79_63243
51	k79_13859
51	k79_7920
51	k79_50203
51	k79_28955
51	k79_70558
51	k79_31271
51	k79_36081
51	k79_10977
51	k79_18594
51	k79_31480
51	k79_7997
51	k79_47784
51	k79_32881
51	k79_9176
51	k79_60515
51	k79_23436
51	k79_42630
51	k79_94363
51	k79_35850
51	k79_9493
51	k79_14337
51	k79_15469
51	k79_21067
51	k79_25462
51	k79_88145
51	k79_64831
51	k79_33300
51	k79_29665
51	k79_44614
51	k79_63090
51	k79_85394
51	k79_7156
51	k79_77229
51	k79_40450
51	k79_35791
51	k79_39281
51	k79_71578
51	k79_32217
51	k79_43789
51	k79_75749
51	k79_283
51	k79_30674
51	k79_87206
51	k79_76484
51	k79_7775
51	k79_67981
51	k79_68617
51	k79_63253
51	k79_95230
51	k79_1007
51	k79_14340
51	k79_42759
51	k79_44421
51	k79_84855
51	k79_421
51	k79_34741
51	k79_52266
51	k79_7558
51	k79_32022
51	k79_75322
51	k79_58470
51	k79_21164
51	k79_41625
51	k79_8544
51	k79_499
51	k79_44570
51	k79_17368
51	k79_33761
51	k79_26189
51	k79_48067
51	k79_58516
51	k79_29956
51	k79_82593
51	k79_54303
51	k79_86166
51	k79_41266
51	k79_66510
51	k79_37383
51	k79_49264
51	k79_87543
51	k79_64987
51	k79_27792
51	k79_92369
51	k79_12302
51	k79_44520
51	k79_60128
51	k79_47059
51	k79_78235
51	k79_43169
51	k79_60496
51	k79_48833
51	k79_50096
51	k79_93789
51	k79_25237
51	k79_25346
51	k79_91118
51	k79_30133
51	k79_27843
51	k79_88256
51	k79_92452
51	k79_19335
51	k79_73545
51	k79_42575
51	k79_68340
51	k79_87157
51	k79_48231
51	k79_12219
51	k79_67455
51	k79_19243
51	k79_36018
51	k79_30892
51	k79_81081
51	k79_64340
51	k79_47374
51	k79_56240
51	k79_73981
51	k79_48818
51	k79_44490
51	k79_50384
51	k79_44899
51	k79_39967
51	k79_78040
51	k79_95030
51	k79_38371
51	k79_56976
51	k79_12083
51	k79_87262
51	k79_14559
51	k79_37343
51	k79_80294
51	k79_57810
51	k79_9488
51	k79_72219
51	k79_55080
51	k79_17306
51	k79_18990
51	k79_1871
51	k79_10011
51	k79_6008
51	k79_42088
51	k79_95880
51	k79_57662
51	k79_42707
51	k79_69962
51	k79_80531
51	k79_9886
51	k79_91392
51	k79_19311
51	k79_50546
51	k79_56625
51	k79_40668
51	k79_12002
51	k79_55288
51	k79_45431
51	k79_80587
51	k79_32296
51	k79_82363
51	k79_61460
51	k79_13106
51	k79_87431
51	k79_58323
51	k79_25734
51	k79_93318
51	k79_64957
51	k79_62188
51	k79_80848
51	k79_44029
51	k79_8339
52	k79_27665
52	k79_69712
52	k79_54767
52	k79_92835
52	k79_49817
52	k79_91204
52	k79_45603
52	k79_777
52	k79_41323
52	k79_17689
52	k79_39753
52	k79_48627
52	k79_69218
52	k79_84430
52	k79_85689
52	k79_52014
52	k79_61027
52	k79_85819
52	k79_92884
52	k79_57418
52	k79_26834
52	k79_96846
52	k79_25951
52	k79_96963
52	k79_19336
52	k79_57912
52	k79_85943
52	k79_26262
52	k79_86716
52	k79_10310
52	k79_49325
52	k79_82801
52	k79_157
52	k79_49937
52	k79_69392
52	k79_51862
52	k79_17195
52	k79_93675
52	k79_1970
52	k79_10997
52	k79_27623
52	k79_21925
52	k79_74648
52	k79_56719
52	k79_27339
52	k79_27788
52	k79_42067
52	k79_8536
52	k79_84946
52	k79_568
52	k79_1874
52	k79_17047
53	k79_91054
54	k79_50263
55	k79_34730
56	k79_14891
57	k79_3156
58	k79_27476
59	k79_37286
60	k79_55206
61	k79_9774
62	k79_76799
63	k79_71318
64	k79_8241
65	k79_49775
66	k79_90377
67	k79_70878
68	k79_44251
69	k79_63088
70	k79_18421
70	k79_50692
70	k79_83704
70	k79_26100
70	k79_7556
70	k79_22239
70	k79_1742
70	k79_65482
70	k79_12999
70	k79_40736
70	k79_13979
70	k79_75879
70	k79_56162
70	k79_65487
70	k79_2095
70	k79_54082
70	k79_86004
70	k79_32080
70	k79_74709
70	k79_31783
70	k79_95442
70	k79_80126
70	k79_33729
70	k79_64072
70	k79_26171
70	k79_39444
70	k79_16122
70	k79_19926
70	k79_19899
70	k79_24032
70	k79_72701
70	k79_73488
70	k79_6325
70	k79_88585
70	k79_44925
70	k79_77997
70	k79_44154
70	k79_1524
70	k79_30155
70	k79_793
70	k79_8847
70	k79_43094
70	k79_89109
70	k79_23841
70	k79_83297
70	k79_60534
70	k79_93979
70	k79_95396
70	k79_38959
70	k79_73781
70	k79_38915
70	k79_2697
70	k79_3284
70	k79_21866
70	k79_96137
70	k79_75873
70	k79_93628
70	k79_48607
70	k79_89280
70	k79_74660
70	k79_68505
70	k79_65907
70	k79_68159
70	k79_30281
70	k79_45552
70	k79_34244
70	k79_10704
70	k79_77934
70	k79_65600
70	k79_83186
70	k79_11140
70	k79_50388
70	k79_71114
70	k79_65653
70	k79_28756
70	k79_75519
70	k79_12773
70	k79_94676
70	k79_4897
70	k79_60541
70	k79_73331
70	k79_38179
70	k79_69019
70	k79_19693
70	k79_4371
70	k79_31821
70	k79_11830
70	k79_69859
70	k79_72522
70	k79_15832
70	k79_97053
70	k79_68464
70	k79_82624
70	k79_91513
70	k79_14648
70	k79_60800
70	k79_94719
70	k79_80409
70	k79_31004
70	k79_68792
70	k79_31182
70	k79_66816
70	k79_20658
70	k79_88438
70	k79_85663
70	k79_85964
70	k79_6050
70	k79_20811
70	k79_1527
70	k79_54914
70	k79_58444
70	k79_4051
70	k79_52912
70	k79_56358
70	k79_44560
70	k79_28444
70	k79_95677
70	k79_19123
70	k79_26486
70	k79_29801
70	k79_55765
70	k79_56185
70	k79_64600
70	k79_27468
70	k79_45412
70	k79_34165
70	k79_47243
70	k79_3198
70	k79_24080
70	k79_68250
70	k79_91196
70	k79_61276
70	k79_6995
70	k79_20462
70	k79_11653
70	k79_9284
70	k79_68663
70	k79_55247
70	k79_62603
70	k79_71528
70	k79_67925
70	k79_83380
70	k79_4043
70	k79_63511
70	k79_39464
70	k79_3869
70	k79_97145
70	k79_17650
70	k79_49960
70	k79_29003
70	k79_85424
70	k79_87324
70	k79_75397
70	k79_60991
70	k79_80074
70	k79_71265
71	k79_73286
72	k79_25881
73	k79_3200
73	k79_5012
74	k79_17409
75	k79_18855
75	k79_34771
75	k79_88818
75	k79_1274
76	k79_65243
76	k79_78326
76	k79_17824
76	k79_24858
76	k79_52379
76	k79_68615
76	k79_21431
76	k79_82781
76	k79_63802
76	k79_68153
76	k79_81535
76	k79_48699
76	k79_84967
76	k79_95837
76	k79_73302
76	k79_10368
76	k79_52259
76	k79_25537
76	k79_73204
76	k79_18198
76	k79_78602
76	k79_9223
76	k79_19804
76	k79_70976
76	k79_4952
76	k79_2116
76	k79_88948
76	k79_97043
76	k79_31644
76	k79_27414
76	k79_62032
76	k79_88804
76	k79_57773
76	k79_9069
76	k79_35941
76	k79_29678
76	k79_93516
76	k79_66311
76	k79_57718
76	k79_16487
76	k79_9816
76	k79_51277
76	k79_8080
76	k79_10777
76	k79_34460
76	k79_71272
76	k79_70603
76	k79_35723
76	k79_36545
76	k79_79213
76	k79_24509
76	k79_82056
76	k79_70518
76	k79_17900
76	k79_35031
76	k79_42286
76	k79_9388
76	k79_52858
76	k79_56195
76	k79_76260
76	k79_29091
76	k79_3134
76	k79_84236
76	k79_17596
76	k79_5627
76	k79_68831
76	k79_72403
76	k79_25992
76	k79_89372
76	k79_76554
76	k79_28793
76	k79_41165
76	k79_67550
76	k79_71408
76	k79_36688
76	k79_54773
76	k79_48323
76	k79_4820
76	k79_80729
76	k79_33218
76	k79_89974
76	k79_58606
76	k79_10295
76	k79_13766
76	k79_95934
76	k79_59355
76	k79_59400
76	k79_17858
76	k79_27687
76	k79_90430
76	k79_95542
76	k79_75615
76	k79_39973
76	k79_4976
76	k79_79385
76	k79_7028
76	k79_68800
76	k79_83393
76	k79_50896
76	k79_74090
76	k79_12326
76	k79_62760
76	k79_96787
76	k79_29584
76	k79_67901
76	k79_57761
76	k79_69570
76	k79_34836
76	k79_19259
76	k79_47150
76	k79_74562
76	k79_19283
76	k79_9433
76	k79_30780
76	k79_97312
76	k79_11361
76	k79_40670
76	k79_77481
76	k79_1954
76	k79_92122
76	k79_57140
76	k79_8402
76	k79_12052
76	k79_11942
76	k79_88582
76	k79_79829
76	k79_71950
76	k79_52921
76	k79_31068
76	k79_9979
76	k79_86315
76	k79_4739
76	k79_41764
76	k79_71601
76	k79_93182
76	k79_7289
76	k79_26676
76	k79_58748
76	k79_62370
76	k79_28711
76	k79_19119
76	k79_3194
76	k79_70750
76	k79_51300
76	k79_28982
76	k79_33631
76	k79_88676
76	k79_2432
76	k79_92779
76	k79_53013
76	k79_59880
76	k79_51193
76	k79_80752
76	k79_90283
76	k79_21858
76	k79_33348
76	k79_70844
76	k79_7182
76	k79_29720
76	k79_12465
76	k79_50951
76	k79_80132
76	k79_6315
76	k79_67679
76	k79_59377
76	k79_36088
76	k79_11809
77	k79_42985
77	k79_74679
77	k79_2120
77	k79_91890
78	k79_10908
79	k79_87587
80	k79_37997
81	k79_61406
82	k79_63522
83	k79_24115
84	k79_36803
85	k79_39924
86	k79_20755
87	k79_66994
88	k79_94424
89	k79_56837
90	k79_77711
91	k79_52413
92	k79_35776
92	k79_72485
92	k79_97284
92	k79_1025
92	k79_13
92	k79_93704
92	k79_6912
92	k79_62508
92	k79_46303
92	k79_49962
92	k79_67261
92	k79_91226
92	k79_61313
92	k79_4428
92	k79_97120
92	k79_44782
92	k79_45347
92	k79_1563
92	k79_28932
92	k79_7975
92	k79_13173
92	k79_42804
92	k79_803
92	k79_91785
92	k79_10995
92	k79_52373
92	k79_54985
92	k79_93257
92	k79_10314
92	k79_89216
92	k79_37552
92	k79_79534
92	k79_77523
92	k79_16012
92	k79_55461
92	k79_91102
92	k79_76354
92	k79_40801
92	k79_24909
92	k79_80921
92	k79_73720
92	k79_36499
92	k79_79186
92	k79_1220
92	k79_77366
92	k79_42380
92	k79_15416
92	k79_97232
92	k79_29854
92	k79_9698
92	k79_57330
93	k79_14986
93	k79_39847
93	k79_83009
93	k79_12581
93	k79_552
93	k79_95377
93	k79_5721
93	k79_43109
93	k79_17330
93	k79_73557
93	k79_59747
94	k79_62634
94	k79_64794
94	k79_78736
94	k79_78036
94	k79_73893
95	k79_43559
95	k79_25231
95	k79_4427
95	k79_81812
95	k79_85319
95	k79_52689
95	k79_72952
96	k79_5739
97	k79_20943
98	k79_69681
99	k79_32079
100	k79_96312
100	k79_57381
101	k79_86349
102	k79_96107
103	k79_23758
104	k79_20799
105	k79_68818
106	k79_77138
107	k79_65846
108	k79_82427
109	k79_56324
110	k79_78403
111	k79_52454
112	k79_39077
113	k79_15017
114	k79_80694
115	k79_5634
115	k79_63809
115	k79_1248
115	k79_42716
115	k79_11351
115	k79_44089
115	k79_95343
115	k79_56228
115	k79_33425
115	k79_63365
115	k79_44041
115	k79_34234
115	k79_45359
115	k79_31628
115	k79_44598
115	k79_2808
115	k79_42900
115	k79_81839
115	k79_19626
115	k79_73608
115	k79_27437
115	k79_21739
115	k79_20490
115	k79_96682
115	k79_47915
115	k79_65333
115	k79_70917
115	k79_93295
115	k79_39163
115	k79_54203
115	k79_82270
115	k79_7880
115	k79_1185
115	k79_32078
115	k79_31232
115	k79_51320
115	k79_70528
115	k79_60750
115	k79_20135
115	k79_86191
115	k79_17509
115	k79_28336
115	k79_71694
115	k79_50826
115	k79_21936
115	k79_45549
115	k79_14912
115	k79_498
115	k79_24355
115	k79_69246
115	k79_13682
115	k79_66033
115	k79_7333
115	k79_9532
115	k79_84882
115	k79_91184
115	k79_21288
115	k79_94555
115	k79_7985
115	k79_76759
115	k79_82805
115	k79_234
115	k79_68138
115	k79_67
115	k79_15031
115	k79_75875
115	k79_41405
115	k79_21856
115	k79_76405
115	k79_67205
115	k79_51601
115	k79_82629
115	k79_52736
115	k79_44646
115	k79_62676
115	k79_15963
115	k79_76906
115	k79_31288
115	k79_11998
115	k79_83861
115	k79_6675
115	k79_17142
115	k79_29117
115	k79_87926
115	k79_46775
115	k79_18337
115	k79_82653
115	k79_57634
115	k79_88452
115	k79_15399
115	k79_79162
115	k79_8260
115	k79_38747
115	k79_47710
115	k79_35675
115	k79_76212
115	k79_13621
115	k79_78835
115	k79_54753
115	k79_36227
115	k79_69738
115	k79_68176
115	k79_94138
115	k79_2896
115	k79_51794
115	k79_30625
115	k79_75759
115	k79_55020
115	k79_47093
115	k79_90495
115	k79_67442
115	k79_75818
115	k79_53905
115	k79_8517
115	k79_48666
115	k79_30712
116	k79_51224
116	k79_5292
116	k79_69787
117	k79_93745
117	k79_21230
117	k79_47841
117	k79_96329
117	k79_52651
117	k79_76437
117	k79_24835
117	k79_35518
117	k79_78041
117	k79_38989
117	k79_75511
117	k79_71623
117	k79_60589
117	k79_19039
117	k79_31990
117	k79_30951
117	k79_93288
117	k79_25222
117	k79_30412
117	k79_46700
117	k79_15473
117	k79_40222
117	k79_1226
117	k79_80741
117	k79_4991
117	k79_65177
117	k79_68113
117	k79_89091
117	k79_31101
117	k79_84587
117	k79_93313
117	k79_34203
117	k79_14634
117	k79_96212
117	k79_2495
117	k79_68069
117	k79_35564
117	k79_29749
117	k79_86825
117	k79_6088
117	k79_75097
117	k79_54475
117	k79_15543
117	k79_26376
117	k79_17928
117	k79_27260
117	k79_64493
117	k79_47569
117	k79_32920
117	k79_27140
117	k79_62732
117	k79_16443
117	k79_50366
117	k79_80008
117	k79_45641
117	k79_24681
117	k79_38350
117	k79_7329
117	k79_31234
117	k79_92223
117	k79_58041
117	k79_3019
117	k79_15033
117	k79_88310
117	k79_47959
117	k79_87375
117	k79_40214
117	k79_7987
117	k79_89601
117	k79_62415
117	k79_20096
117	k79_49410
117	k79_90162
117	k79_71380
117	k79_36879
117	k79_25697
117	k79_94570
117	k79_10824
117	k79_92442
117	k79_21033
117	k79_14206
117	k79_44326
117	k79_86161
117	k79_94174
117	k79_45157
117	k79_63065
117	k79_78016
117	k79_42942
117	k79_91880
117	k79_2036
117	k79_67140
117	k79_82754
117	k79_42554
117	k79_10800
117	k79_2805
117	k79_74221
117	k79_46251
117	k79_81659
117	k79_55678
117	k79_77363
117	k79_93600
117	k79_2995
117	k79_26779
117	k79_52720
117	k79_72583
117	k79_36322
117	k79_85077
117	k79_28522
117	k79_65933
117	k79_12401
117	k79_62773
117	k79_50950
117	k79_90112
117	k79_3135
117	k79_24557
117	k79_49105
117	k79_78321
117	k79_96292
117	k79_12605
117	k79_1154
117	k79_34230
117	k79_81331
117	k79_5170
117	k79_93576
117	k79_49034
118	k79_16863
118	k79_47302
119	k79_34595
120	k79_66091
121	k79_85638
122	k79_95792
123	k79_54355
124	k79_594
125	k79_41575
125	k79_22668
125	k79_26620
125	k79_51353
125	k79_511
125	k79_87866
125	k79_17961
125	k79_76414
125	k79_78713
125	k79_78569
125	k79_50551
125	k79_63905
125	k79_23463
125	k79_61338
125	k79_15076
125	k79_22475
125	k79_29529
125	k79_23551
125	k79_3555
125	k79_6171
125	k79_97195
125	k79_47724
125	k79_89711
125	k79_3772
125	k79_91674
125	k79_38173
125	k79_63014
125	k79_10068
125	k79_31269
125	k79_59221
125	k79_86744
125	k79_88352
125	k79_37425
125	k79_43206
125	k79_59313
125	k79_25806
125	k79_8269
125	k79_76966
125	k79_41075
125	k79_43633
125	k79_56795
125	k79_12420
125	k79_85967
125	k79_65009
125	k79_96667
125	k79_2545
125	k79_82771
125	k79_15885
125	k79_11049
125	k79_2551
125	k79_77064
125	k79_45972
125	k79_23774
125	k79_64941
125	k79_64102
125	k79_41488
125	k79_28469
125	k79_33598
125	k79_45226
125	k79_33
125	k79_16688
125	k79_58870
125	k79_1319
125	k79_34887
125	k79_66974
125	k79_88604
125	k79_4609
125	k79_60838
125	k79_44386
125	k79_50153
125	k79_840
125	k79_91692
125	k79_50989
125	k79_66433
125	k79_33188
125	k79_84534
125	k79_13255
125	k79_91921
125	k79_12975
125	k79_65429
125	k79_8258
125	k79_32303
125	k79_78051
125	k79_65283
125	k79_31292
125	k79_64156
125	k79_71686
125	k79_22828
125	k79_76889
125	k79_23334
125	k79_73058
125	k79_60234
125	k79_97406
125	k79_80788
125	k79_74053
125	k79_95858
125	k79_50224
125	k79_43328
125	k79_27821
125	k79_55650
125	k79_62089
125	k79_1014
125	k79_92070
125	k79_8475
125	k79_38177
125	k79_3919
125	k79_26416
125	k79_83689
125	k79_43063
125	k79_11276
125	k79_10823
125	k79_15361
125	k79_71419
125	k79_17527
125	k79_92673
125	k79_41443
125	k79_72332
125	k79_11531
125	k79_63577
125	k79_747
125	k79_14957
125	k79_76538
125	k79_18155
125	k79_93039
125	k79_40487
125	k79_53651
125	k79_29910
125	k79_42271
125	k79_89052
125	k79_11811
125	k79_72773
125	k79_73068
125	k79_87184
125	k79_62228
125	k79_46223
125	k79_20736
125	k79_47980
125	k79_893
125	k79_93173
125	k79_7708
125	k79_84007
125	k79_19210
125	k79_4305
125	k79_21270
126	k79_80515
127	k79_43025
127	k79_38337
127	k79_60244
127	k79_38538
127	k79_3964
127	k79_26341
127	k79_1163
127	k79_90137
127	k79_32110
127	k79_4594
127	k79_51089
127	k79_41781
127	k79_4002
127	k79_61962
127	k79_94261
127	k79_26313
127	k79_10253
127	k79_7152
127	k79_80087
127	k79_25025
127	k79_16984
127	k79_29341
127	k79_43800
127	k79_37281
127	k79_7569
127	k79_32566
127	k79_87221
127	k79_85164
127	k79_72549
127	k79_26846
127	k79_12030
127	k79_36581
127	k79_18517
127	k79_35838
127	k79_76167
127	k79_68323
127	k79_77620
127	k79_74178
127	k79_1474
127	k79_75969
127	k79_2072
127	k79_16441
127	k79_83869
127	k79_76090
127	k79_10013
128	k79_56351
128	k79_78175
128	k79_20292
128	k79_21260
128	k79_52752
128	k79_7720
128	k79_44272
128	k79_85856
128	k79_30354
128	k79_92151
128	k79_78131
128	k79_96942
128	k79_8506
128	k79_81677
128	k79_4292
128	k79_4031
128	k79_47711
129	k79_57251
129	k79_33836
129	k79_49126
129	k79_39199
129	k79_19090
129	k79_68898
129	k79_34377
129	k79_94506
129	k79_93759
129	k79_12130
129	k79_29405
129	k79_54976
129	k79_75302
129	k79_17438
129	k79_61746
129	k79_35294
129	k79_3025
129	k79_78114
129	k79_34701
129	k79_12105
129	k79_17571
129	k79_87174
129	k79_37919
129	k79_96154
129	k79_74798
129	k79_41972
129	k79_66249
129	k79_92327
129	k79_30471
129	k79_46846
129	k79_70053
129	k79_37977
129	k79_23982
129	k79_29406
130	k79_21929
130	k79_38824
130	k79_52836
130	k79_39723
130	k79_43254
130	k79_19938
130	k79_8117
130	k79_85042
130	k79_9480
130	k79_70999
130	k79_89080
130	k79_43608
130	k79_41623
130	k79_66949
130	k79_23710
130	k79_51090
130	k79_26154
130	k79_29504
130	k79_58903
130	k79_809
130	k79_10514
130	k79_73760
130	k79_33400
130	k79_19593
130	k79_33091
130	k79_74356
130	k79_32473
130	k79_26128
130	k79_37465
130	k79_94478
130	k79_2234
130	k79_31840
130	k79_83324
130	k79_94058
130	k79_20764
130	k79_26670
130	k79_43353
130	k79_71720
130	k79_91064
130	k79_59643
130	k79_50790
130	k79_46350
130	k79_96940
130	k79_74251
130	k79_91090
130	k79_39889
130	k79_1884
130	k79_2744
130	k79_27007
131	k79_64674
131	k79_95900
131	k79_2420
131	k79_9216
131	k79_77106
131	k79_85631
131	k79_71363
131	k79_1144
131	k79_46806
131	k79_28067
131	k79_70205
131	k79_94674
131	k79_88776
131	k79_10225
131	k79_12955
131	k79_76729
131	k79_41717
131	k79_97191
131	k79_2129
131	k79_89462
131	k79_97255
131	k79_26251
131	k79_19263
131	k79_80953
131	k79_91283
131	k79_90936
131	k79_58781
131	k79_31932
131	k79_67852
131	k79_77687
131	k79_54593
131	k79_76171
131	k79_62902
131	k79_18159
131	k79_49370
131	k79_21990
131	k79_17340
131	k79_5126
131	k79_5152
131	k79_39637
131	k79_11724
131	k79_92119
131	k79_42698
131	k79_47753
131	k79_56844
131	k79_64539
131	k79_27103
131	k79_74943
131	k79_79792
131	k79_73484
131	k79_26983
131	k79_67218
131	k79_17481
131	k79_25852
131	k79_30755
131	k79_95272
131	k79_93023
131	k79_42011
131	k79_42651
131	k79_71508
131	k79_43421
131	k79_34711
132	k79_51453
132	k79_70018
133	k79_85791
133	k79_64592
133	k79_29006
133	k79_52362
133	k79_9103
133	k79_95462
133	k79_94029
133	k79_57691
133	k79_90187
133	k79_56253
133	k79_61098
133	k79_75376
133	k79_23139
134	k79_81164
135	k79_43252
135	k79_7295
135	k79_29254
135	k79_7881
135	k79_85408
135	k79_685
135	k79_23067
135	k79_10049
135	k79_60331
135	k79_82451
135	k79_65235
135	k79_2149
135	k79_28017
135	k79_63089
135	k79_81457
136	k79_21132
137	k79_57949
137	k79_7174
137	k79_74897
137	k79_65589
137	k79_16109
137	k79_29486
137	k79_53020
137	k79_89963
137	k79_51048
137	k79_60592
137	k79_64590
137	k79_96130
137	k79_40804
137	k79_7139
137	k79_38147
137	k79_30506
137	k79_61710
137	k79_25499
137	k79_66526
137	k79_6493
137	k79_57033
137	k79_94375
137	k79_79585
137	k79_57559
137	k79_59936
138	k79_4646
138	k79_3052
138	k79_25634
138	k79_74044
138	k79_89267
138	k79_72321
138	k79_91787
138	k79_87346
138	k79_51978
138	k79_8995
138	k79_12069
138	k79_81963
138	k79_65417
138	k79_77697
138	k79_41024
138	k79_59132
138	k79_55739
138	k79_71336
138	k79_18190
138	k79_11360
138	k79_90070
138	k79_12939
138	k79_20829
138	k79_69519
138	k79_21486
138	k79_10596
138	k79_34113
138	k79_90857
138	k79_83559
138	k79_86471
138	k79_89740
138	k79_32297
138	k79_60292
138	k79_77885
138	k79_97363
138	k79_41300
138	k79_13137
138	k79_9423
138	k79_85114
138	k79_68495
138	k79_86439
138	k79_53015
138	k79_3242
138	k79_35790
138	k79_39499
138	k79_80760
138	k79_59767
138	k79_10493
138	k79_26301
138	k79_65410
139	k79_35111
139	k79_81093
139	k79_74809
139	k79_86877
139	k79_75226
139	k79_35912
139	k79_6346
139	k79_51762
139	k79_59376
139	k79_49874
139	k79_16813
139	k79_74361
140	k79_76452
141	k79_96619
141	k79_5388
141	k79_97227
141	k79_56838
141	k79_33160
141	k79_43123
141	k79_58183
141	k79_31516
141	k79_67198
141	k79_94026
141	k79_32002
141	k79_54212
141	k79_70271
141	k79_48106
141	k79_37008
141	k79_167
141	k79_27106
141	k79_40911
141	k79_24334
141	k79_7189
142	k79_57387
142	k79_45679
142	k79_92972
142	k79_93050
142	k79_91456
142	k79_44101
142	k79_40970
142	k79_73150
142	k79_67327
142	k79_31412
142	k79_29410
142	k79_42969
142	k79_68032
142	k79_44660
142	k79_10649
142	k79_59525
142	k79_84665
142	k79_80143
142	k79_16861
142	k79_33695
142	k79_54823
142	k79_58142
142	k79_21111
143	k79_28203
143	k79_13284
143	k79_68251
143	k79_3336
143	k79_1899
143	k79_35083
144	k79_50899
144	k79_88907
144	k79_45760
144	k79_79947
144	k79_27449
144	k79_68142
144	k79_51952
144	k79_30371
144	k79_2728
144	k79_45696
144	k79_13512
144	k79_48340
144	k79_34615
144	k79_16264
144	k79_4075
144	k79_5688
144	k79_7336
144	k79_33394
144	k79_53331
144	k79_94365
144	k79_12194
145	k79_3997
146	k79_82706
146	k79_56317
146	k79_19493
146	k79_92379
146	k79_45155
147	k79_68875
147	k79_9537
147	k79_40798
147	k79_19793
147	k79_4065
147	k79_12922
147	k79_63173
147	k79_4443
147	k79_45006
147	k79_39913
147	k79_25280
147	k79_10893
147	k79_48252
147	k79_51418
147	k79_49150
147	k79_68214
147	k79_78793
147	k79_32636
147	k79_69885
147	k79_82175
147	k79_31280
147	k79_82552
147	k79_86570
147	k79_89622
147	k79_56179
147	k79_23371
147	k79_89187
148	k79_19641
148	k79_52803
148	k79_16930
148	k79_4449
148	k79_45227
148	k79_49535
148	k79_86961
148	k79_6194
148	k79_82851
148	k79_72834
148	k79_29806
148	k79_51993
148	k79_90553
148	k79_28362
149	k79_61940
150	k79_70158
150	k79_96790
150	k79_6168
150	k79_79259
150	k79_11544
150	k79_20741
150	k79_90578
150	k79_35555
150	k79_44672
150	k79_56155
150	k79_8038
150	k79_4989
150	k79_22498
150	k79_64236
150	k79_39684
150	k79_91537
150	k79_68779
150	k79_73766
151	k79_75285
151	k79_1295
151	k79_491
151	k79_20918
151	k79_5463
151	k79_61763
151	k79_9506
151	k79_30893
151	k79_58817
151	k79_89812
151	k79_81379
151	k79_11160
151	k79_70223
151	k79_62779
151	k79_83353
151	k79_94011
151	k79_73494
152	k79_7658
152	k79_7785
152	k79_81102
152	k79_85970
152	k79_26232
152	k79_63270
152	k79_17498
152	k79_52717
152	k79_91234
152	k79_89865
152	k79_29426
152	k79_16648
152	k79_16148
152	k79_45713
153	k79_56797
153	k79_26212
153	k79_58467
153	k79_45019
153	k79_95107
153	k79_16950
153	k79_69725
153	k79_68984
153	k79_69139
153	k79_47039
153	k79_94171
153	k79_72820
153	k79_88865
153	k79_51513
153	k79_50485
153	k79_3508
153	k79_41181
153	k79_70435
153	k79_62651
153	k79_47658
153	k79_35869
153	k79_78207
153	k79_28063
153	k79_63797
153	k79_76678
153	k79_3103
153	k79_88153
153	k79_25718
153	k79_65528
153	k79_2486
153	k79_15318
153	k79_24475
153	k79_19395
153	k79_62251
153	k79_86596
153	k79_61297
153	k79_70631
153	k79_61394
153	k79_75082
153	k79_29036
153	k79_43217
154	k79_37491
154	k79_20343
154	k79_93687
154	k79_67471
154	k79_17806
155	k79_58420
155	k79_41537
156	k79_55487
156	k79_68093
156	k79_82358
156	k79_43810
156	k79_34606
156	k79_48798
156	k79_18134
156	k79_57188
157	k79_43414
158	k79_87334
159	k79_45048
159	k79_82254
159	k79_65150
159	k79_69857
159	k79_60255
159	k79_97118
159	k79_5751
160	k79_10539
161	k79_39971
162	k79_63348
163	k79_72062
163	k79_40469
163	k79_23649
163	k79_5556
164	k79_31355
164	k79_63985
164	k79_9122
164	k79_35103
164	k79_11233
164	k79_79519
164	k79_42085
164	k79_785
164	k79_23789
164	k79_3146
164	k79_43818
164	k79_75214
164	k79_55251
164	k79_90983
164	k79_73505
164	k79_94625
164	k79_39460
164	k79_24124
164	k79_2342
164	k79_6947
164	k79_55862
164	k79_32069
164	k79_36410
164	k79_86557
164	k79_45874
165	k79_1579
165	k79_40303
165	k79_80733
165	k79_68201
165	k79_96277
165	k79_56005
165	k79_24853
165	k79_44643
165	k79_15656
165	k79_88906
165	k79_58178
165	k79_67213
165	k79_22685
165	k79_95903
165	k79_25088
165	k79_38545
165	k79_73899
165	k79_35080
166	k79_63153
167	k79_43234
168	k79_24820
169	k79_7104
169	k79_62081
169	k79_20299
169	k79_38493
169	k79_60058
169	k79_49948
170	k79_85623
170	k79_67071
170	k79_43782
170	k79_1392
170	k79_7578
170	k79_24024
170	k79_66494
170	k79_288
170	k79_10987
170	k79_75168
170	k79_23828
170	k79_43854
170	k79_74952
170	k79_83840
170	k79_21854
170	k79_26887
170	k79_38397
170	k79_64964
170	k79_35906
170	k79_95470
170	k79_45268
170	k79_10542
170	k79_33719
170	k79_50356
170	k79_96584
170	k79_536
170	k79_39633
170	k79_8621
170	k79_70364
170	k79_88038
170	k79_46525
170	k79_90221
170	k79_80035
170	k79_51458
171	k79_40341
171	k79_41070
171	k79_3533
171	k79_55428
171	k79_36349
171	k79_46577
171	k79_42706
171	k79_54789
171	k79_73185
171	k79_40043
171	k79_32921
171	k79_37020
171	k79_48661
171	k79_60930
171	k79_71177
171	k79_86612
171	k79_66312
171	k79_19823
171	k79_30854
171	k79_77247
171	k79_55671
171	k79_43076
171	k79_55124
171	k79_43599
171	k79_81562
171	k79_9744
171	k79_56429
171	k79_63766
171	k79_364
171	k79_28696
171	k79_30973
171	k79_70730
171	k79_25250
171	k79_62507
171	k79_21088
171	k79_18467
171	k79_45047
171	k79_89332
171	k79_82612
172	k79_8432
172	k79_47090
172	k79_46212
172	k79_33816
173	k79_50568
173	k79_78959
173	k79_55874
173	k79_29189
173	k79_95676
173	k79_70222
173	k79_17082
173	k79_79205
173	k79_93098
173	k79_7739
173	k79_7673
173	k79_23412
173	k79_41304
173	k79_8959
173	k79_70216
173	k79_73747
173	k79_71858
173	k79_61572
173	k79_15321
173	k79_43352
173	k79_23477
173	k79_748
173	k79_53234
173	k79_62390
173	k79_64311
173	k79_86883
173	k79_4738
174	k79_87524
175	k79_50780
175	k79_29525
176	k79_85808
177	k79_67970
177	k79_21280
177	k79_91391
177	k79_41579
177	k79_56767
178	k79_29906
179	k79_2399
179	k79_26864
179	k79_40293
179	k79_92813
179	k79_66349
179	k79_40299
179	k79_33981
180	k79_150
180	k79_62671
180	k79_22393
180	k79_94677
180	k79_58586
181	k79_29796
182	k79_89935
182	k79_59085
182	k79_997
182	k79_14714
182	k79_70729
182	k79_27195
182	k79_82648
182	k79_71939
183	k79_18445
183	k79_13045
183	k79_28083
184	k79_70753
185	k79_8775
185	k79_63758
185	k79_44662
185	k79_87048
185	k79_66855
186	k79_30546
187	k79_3545
188	k79_24000
189	k79_84801
190	k79_8705
191	k79_39028
191	k79_77214
191	k79_84091
191	k79_77536
191	k79_14129
191	k79_81097
191	k79_64792
191	k79_56514
191	k79_47826
191	k79_43584
191	k79_78214
191	k79_14048
191	k79_58344
191	k79_11365
191	k79_84314
191	k79_49786
191	k79_51874
191	k79_44163
191	k79_81691
191	k79_29299
191	k79_9920
191	k79_29372
191	k79_65905
191	k79_80065
191	k79_86642
191	k79_92408
191	k79_52600
191	k79_90254
191	k79_63644
191	k79_40828
191	k79_30584
191	k79_4730
191	k79_6562
191	k79_68997
191	k79_62444
191	k79_81958
191	k79_16918
191	k79_46976
191	k79_35344
191	k79_49747
192	k79_38291
193	k79_48694
193	k79_32413
193	k79_45211
193	k79_6405
193	k79_36720
194	k79_35543
195	k79_3444
195	k79_96606
195	k79_67075
195	k79_26545
195	k79_50337
195	k79_22384
195	k79_83147
196	k79_15290
196	k79_81085
196	k79_30924
196	k79_64806
196	k79_75682
196	k79_63896
196	k79_25732
196	k79_66781
196	k79_32099
196	k79_78923
196	k79_70061
196	k79_58704
197	k79_71242
197	k79_73797
197	k79_85309
197	k79_84021
197	k79_29472
197	k79_82613
197	k79_79313
197	k79_78031
197	k79_70835
197	k79_83547
197	k79_37234
197	k79_84769
197	k79_21881
197	k79_96999
197	k79_68618
198	k79_16121
198	k79_87551
198	k79_73764
198	k79_30871
198	k79_60957
199	k79_6030
199	k79_56040
199	k79_86152
199	k79_24674
199	k79_95043
199	k79_71139
199	k79_37978
199	k79_42527
199	k79_36559
199	k79_2065
200	k79_20543
200	k79_90504
200	k79_27003
200	k79_56853
200	k79_17684
200	k79_17181
200	k79_64009
201	k79_67229
201	k79_11385
201	k79_43723
201	k79_4272
201	k79_60907
201	k79_86388
201	k79_59988
201	k79_95796
201	k79_72759
202	k79_70108
202	k79_19300
202	k79_75751
202	k79_53978
202	k79_37865
202	k79_23382
203	k79_93433
204	k79_28863
205	k79_26495
206	k79_70694
206	k79_8670
206	k79_48970
206	k79_61830
206	k79_91209
207	k79_84943
207	k79_62287
207	k79_31505
207	k79_78655
208	k79_85132
208	k79_33625
208	k79_24448
208	k79_68810
209	k79_40027
210	k79_19242
211	k79_94830
212	k79_36070
212	k79_62574
212	k79_63879
212	k79_3662
212	k79_97309
212	k79_68744
212	k79_39062
212	k79_64634
212	k79_83123
212	k79_62518
212	k79_69092
212	k79_55903
212	k79_1361
212	k79_40921
212	k79_90574
212	k79_16479
212	k79_32827
212	k79_77142
212	k79_64070
212	k79_21070
212	k79_844
212	k79_34383
212	k79_19895
212	k79_19270
212	k79_95767
212	k79_2375
212	k79_81783
212	k79_56889
212	k79_81412
212	k79_67909
213	k79_44376
214	k79_20803
215	k79_24396
215	k79_29282
215	k79_45637
215	k79_77726
215	k79_90811
215	k79_61241
216	k79_97335
217	k79_93818
218	k79_59951
219	k79_49473
219	k79_47720
219	k79_27333
219	k79_52522
219	k79_63471
219	k79_51575
219	k79_5063
219	k79_58608
219	k79_84096
219	k79_85877
219	k79_87115
219	k79_79627
219	k79_76782
219	k79_35530
219	k79_43689
219	k79_1030
219	k79_50372
219	k79_55187
219	k79_39986
219	k79_53677
219	k79_92565
219	k79_89137
219	k79_12154
219	k79_24547
219	k79_77639
219	k79_45600
219	k79_43751
219	k79_77653
219	k79_91446
219	k79_35022
219	k79_4243
219	k79_91532
219	k79_70783
219	k79_51050
219	k79_62944
219	k79_82095
219	k79_20645
219	k79_88247
219	k79_12118
219	k79_38000
219	k79_2693
219	k79_1794
219	k79_72531
219	k79_55729
219	k79_91353
219	k79_12911
219	k79_7824
219	k79_24308
219	k79_12503
219	k79_65635
219	k79_74081
219	k79_8232
219	k79_76319
219	k79_88115
219	k79_15029
219	k79_15891
219	k79_28268
219	k79_9878
219	k79_11031
219	k79_33072
219	k79_78112
219	k79_2119
219	k79_62214
219	k79_22521
219	k79_74767
219	k79_54046
219	k79_78416
219	k79_41123
219	k79_19045
219	k79_63598
219	k79_71406
219	k79_75122
219	k79_1234
219	k79_74480
219	k79_2969
219	k79_70204
219	k79_12996
219	k79_39415
219	k79_77200
219	k79_36933
219	k79_89712
219	k79_35109
219	k79_38974
219	k79_52716
219	k79_68343
219	k79_39424
219	k79_28535
219	k79_47205
219	k79_23324
219	k79_12027
219	k79_46004
219	k79_88455
219	k79_11071
219	k79_51236
219	k79_12921
219	k79_16021
219	k79_32175
219	k79_46465
219	k79_70094
219	k79_36002
219	k79_9204
219	k79_53518
219	k79_52331
219	k79_18324
219	k79_84491
219	k79_16028
219	k79_2479
219	k79_61892
219	k79_15128
219	k79_37072
219	k79_68263
219	k79_78075
219	k79_33758
219	k79_77638
219	k79_51803
219	k79_966
219	k79_14227
219	k79_69033
219	k79_24843
219	k79_94374
219	k79_3902
219	k79_60713
219	k79_55634
219	k79_6602
219	k79_43893
219	k79_72700
219	k79_22904
219	k79_30635
219	k79_30004
219	k79_56671
219	k79_51520
219	k79_59924
219	k79_51240
219	k79_28075
219	k79_39754
219	k79_8463
219	k79_5014
219	k79_85094
219	k79_47084
219	k79_53182
219	k79_8573
219	k79_14468
219	k79_69569
219	k79_5745
219	k79_51469
219	k79_38293
219	k79_67862
219	k79_82251
219	k79_11738
219	k79_61422
219	k79_17211
219	k79_46000
219	k79_23365
219	k79_72816
219	k79_49368
219	k79_36804
219	k79_50662
219	k79_55019
219	k79_5329
219	k79_42992
219	k79_67655
219	k79_83534
219	k79_2049
219	k79_10281
219	k79_76849
219	k79_629
219	k79_30792
219	k79_72350
219	k79_43338
219	k79_36822
219	k79_69490
219	k79_20925
219	k79_40847
219	k79_73885
219	k79_53528
219	k79_67994
219	k79_60822
219	k79_85492
219	k79_32108
219	k79_25708
219	k79_80358
219	k79_21293
219	k79_85881
219	k79_93609
219	k79_93867
219	k79_94283
219	k79_60526
219	k79_52083
219	k79_15592
219	k79_15999
219	k79_64285
219	k79_20424
219	k79_68545
219	k79_16429
219	k79_14130
219	k79_27408
219	k79_25125
219	k79_51843
219	k79_81876
220	k79_275
220	k79_25328
220	k79_65418
220	k79_42521
220	k79_66431
220	k79_96591
220	k79_35502
220	k79_75470
220	k79_59813
220	k79_74711
220	k79_15628
220	k79_95050
220	k79_75371
220	k79_41877
220	k79_85479
220	k79_64426
220	k79_26122
220	k79_61772
220	k79_48948
220	k79_44990
220	k79_78583
220	k79_59373
220	k79_45732
220	k79_45943
220	k79_50829
220	k79_33395
221	k79_28518
222	k79_25453
222	k79_25135
222	k79_64898
222	k79_29217
222	k79_21952
222	k79_17517
222	k79_79338
222	k79_27253
222	k79_72395
222	k79_15764
222	k79_74341
222	k79_8217
223	k79_1485
224	k79_78634
225	k79_3818
226	k79_85082
227	k79_83566
227	k79_61268
227	k79_89451
227	k79_16486
227	k79_29728
227	k79_91855
227	k79_77549
227	k79_71112
227	k79_80853
227	k79_31517
227	k79_71256
227	k79_53652
227	k79_3237
227	k79_13414
227	k79_13877
227	k79_27611
227	k79_95062
227	k79_50897
227	k79_69113
227	k79_96063
227	k79_53636
227	k79_26071
227	k79_87343
227	k79_59352
227	k79_77890
227	k79_77725
227	k79_41365
227	k79_25805
227	k79_4649
227	k79_83179
227	k79_2345
227	k79_84290
227	k79_46680
227	k79_59292
227	k79_55660
227	k79_88610
227	k79_78881
227	k79_35730
227	k79_32024
227	k79_82535
227	k79_48711
228	k79_88751
229	k79_44495
230	k79_9073
231	k79_43572
232	k79_48179
233	k79_15392
233	k79_54072
233	k79_70189
233	k79_49226
233	k79_66894
233	k79_73577
233	k79_8964
233	k79_78631
233	k79_25423
233	k79_26268
233	k79_1775
233	k79_89425
233	k79_64534
233	k79_33192
233	k79_13674
233	k79_64005
233	k79_27915
234	k79_63491
235	k79_15896
235	k79_73999
235	k79_61658
235	k79_44165
236	k79_68061
236	k79_81511
236	k79_15700
236	k79_47361
236	k79_51475
236	k79_90928
236	k79_15735
236	k79_38419
236	k79_18686
236	k79_95286
236	k79_92625
236	k79_92117
237	k79_87684
238	k79_62993
239	k79_79263
240	k79_34414
240	k79_5706
240	k79_83077
240	k79_30562
240	k79_40201
240	k79_59153
240	k79_49267
240	k79_11018
241	k79_28413
242	k79_89148
242	k79_4360
243	k79_40017
244	k79_64585
245	k79_5028
246	k79_63232
247	k79_45081
248	k79_43096
248	k79_49483
248	k79_67831
248	k79_2548
248	k79_78139
248	k79_77368
248	k79_43171
248	k79_12766
249	k79_57854
250	k79_85133
251	k79_18724
252	k79_70150
253	k79_15141
253	k79_39090
254	k79_14272
255	k79_71900
255	k79_42305
255	k79_16604
255	k79_42743
255	k79_37395
255	k79_611
255	k79_41213
255	k79_3255
255	k79_93429
255	k79_45161
256	k79_18211
257	k79_65160
257	k79_49403
257	k79_9542
257	k79_41026
257	k79_59800
257	k79_71498
257	k79_27355
257	k79_88629
257	k79_67128
257	k79_57661
257	k79_58
258	k79_39330
258	k79_6227
258	k79_32998
258	k79_67509
258	k79_92457
258	k79_75527
258	k79_28966
258	k79_8424
258	k79_2245
258	k79_75029
258	k79_69114
258	k79_13286
259	k79_11236
260	k79_74384
261	k79_84058
262	k79_79756
263	k79_43139
264	k79_54133
265	k79_89108
266	k79_5593
267	k79_74574
268	k79_63274
269	k79_38377
269	k79_37118
269	k79_53744
269	k79_65631
269	k79_86907
269	k79_2483
269	k79_88932
269	k79_43073
269	k79_57459
270	k79_72113
271	k79_90293
272	k79_11665
273	k79_34287
274	k79_43749
274	k79_59021
274	k79_51614
274	k79_34128
274	k79_92899
274	k79_66608
274	k79_46854
274	k79_75561
274	k79_37985
274	k79_92395
274	k79_57359
274	k79_85874
274	k79_57887
274	k79_84973
274	k79_76613
274	k79_8497
274	k79_55494
274	k79_21144
274	k79_52429
275	k79_20813
276	k79_47069
277	k79_36223
278	k79_33426
279	k79_42601
280	k79_59585
281	k79_21561
282	k79_58803
283	k79_51009
284	k79_71592
284	k79_71094
284	k79_86770
284	k79_14176
284	k79_69543
284	k79_81012
284	k79_11252
284	k79_47828
284	k79_38966
284	k79_5595
284	k79_68367
284	k79_33724
284	k79_87320
284	k79_93779
284	k79_67399
284	k79_70659
284	k79_50722
284	k79_77082
284	k79_79238
284	k79_94083
284	k79_32035
284	k79_41176
284	k79_5427
285	k79_81709
286	k79_41219
286	k79_11561
286	k79_78883
286	k79_80217
287	k79_83394
288	k79_68410
289	k79_27149
290	k79_10972
291	k79_17395
292	k79_52028
293	k79_72418
294	k79_41175
295	k79_24224
295	k79_48294
295	k79_37290
295	k79_89316
296	k79_27564
297	k79_33558
297	k79_16216
297	k79_19767
297	k79_54613
297	k79_21110
297	k79_90100
297	k79_66679
297	k79_85599
297	k79_63689
298	k79_96021
299	k79_34561
300	k79_71575
301	k79_55383
302	k79_87572
302	k79_93763
302	k79_3805
302	k79_30676
302	k79_6761
302	k79_37638
302	k79_20079
302	k79_79909
302	k79_11910
302	k79_86140
303	k79_7662
304	k79_37778
305	k79_11950
306	k79_84588
307	k79_49122
308	k79_96812
309	k79_96816
310	k79_64703
311	k79_34262
312	k79_94263
313	k79_23194
313	k79_65428
313	k79_41862
313	k79_31332
313	k79_71762
313	k79_48399
313	k79_94488
314	k79_32021
315	k79_3385
316	k79_92351
317	k79_9295
317	k79_9731
317	k79_47487
317	k79_87812
317	k79_3697
317	k79_62647
317	k79_66230
318	k79_34495
319	k79_73117
320	k79_11254
321	k79_16679
322	k79_62529
323	k79_46611
324	k79_60543
325	k79_26629
326	k79_48381
327	k79_33066
328	k79_52449
329	k79_52486
329	k79_67210
329	k79_45595
329	k79_42510
329	k79_81275
329	k79_66644
329	k79_48807
329	k79_24471
329	k79_74109
329	k79_27396
329	k79_25883
329	k79_65302
329	k79_18953
329	k79_33516
329	k79_43549
329	k79_1856
329	k79_94893
329	k79_43371
329	k79_94054
329	k79_72494
329	k79_11089
329	k79_41424
329	k79_67705
329	k79_72829
329	k79_88826
329	k79_64762
329	k79_18068
329	k79_36544
329	k79_28706
329	k79_11656
329	k79_40232
329	k79_82156
329	k79_86957
329	k79_70232
329	k79_8996
330	k79_44298
331	k79_3229
332	k79_31253
333	k79_23874
334	k79_20912
334	k79_11334
334	k79_46437
334	k79_17997
335	k79_50119
336	k79_80784
337	k79_83476
337	k79_96007
338	k79_19639
339	k79_84212
340	k79_40141
341	k79_39978
342	k79_53853
343	k79_85209
344	k79_91559
345	k79_46485
346	k79_14827
347	k79_65152
348	k79_58018
349	k79_5857
349	k79_6394
350	k79_42710
351	k79_20158
352	k79_86582
353	k79_1311
354	k79_80088
355	k79_70284
356	k79_62387
357	k79_46969
358	k79_19867
359	k79_28364
360	k79_6621
360	k79_73359
360	k79_4904
360	k79_6192
360	k79_3756
360	k79_47209
361	k79_60546
362	k79_30414
363	k79_8313
364	k79_42505
365	k79_78270
366	k79_14210
367	k79_86184
368	k79_69567
369	k79_41629
370	k79_23027
371	k79_43737
372	k79_20807
373	k79_28279
374	k79_817
375	k79_80559
375	k79_37115
376	k79_63034
377	k79_19886
378	k79_85310
379	k79_56697
380	k79_11327
381	k79_73224
382	k79_59359
383	k79_70202
384	k79_25403
384	k79_21341
384	k79_78351
384	k79_96133
384	k79_11065
384	k79_75547
384	k79_44753
384	k79_41729
384	k79_25984
385	k79_37426
386	k79_33411
387	k79_70887
388	k79_78081
389	k79_69806
390	k79_80554
391	k79_27361
391	k79_64969
391	k79_22729
392	k79_72969
393	k79_87877
394	k79_68923
395	k79_21373
396	k79_15697
396	k79_68885
396	k79_30791
396	k79_2535
397	k79_85035
398	k79_92528
398	k79_59276
398	k79_97307
398	k79_37945
399	k79_10272
400	k79_53122
400	k79_9172
400	k79_33643
401	k79_46249
402	k79_90099
403	k79_18811
404	k79_67872
405	k79_53244
406	k79_44047
407	k79_57210
408	k79_87295
409	k79_41457
410	k79_82945
411	k79_50268
412	k79_76725
413	k79_84281
414	k79_11454
415	k79_53397
416	k79_96162
417	k79_80162
418	k79_70079
419	k79_6386
419	k79_25891
419	k79_67437
419	k79_75231
419	k79_36260
420	k79_61259
420	k79_3836
421	k79_75914
422	k79_57759
423	k79_39500
424	k79_43106
424	k79_2336
424	k79_31590
424	k79_29549
424	k79_14041
424	k79_36700
424	k79_54265
424	k79_17190
425	k79_16107
425	k79_83406
425	k79_7202
425	k79_83091
425	k79_15211
426	k79_33857
427	k79_12997
428	k79_40019
429	k79_68907
430	k79_96860
431	k79_33569
432	k79_26260
433	k79_58593
434	k79_71632
435	k79_61956
436	k79_88044
437	k79_80590
437	k79_96557
437	k79_59024
437	k79_77647
437	k79_87876
437	k79_11428
437	k79_26303
438	k79_39400
439	k79_34039
440	k79_70813
441	k79_50785
442	k79_7686
443	k79_31511
444	k79_78897
445	k79_67642
446	k79_47597
447	k79_55060
447	k79_24269
447	k79_67330
447	k79_89293
447	k79_37633
447	k79_50505
448	k79_18431
449	k79_80819
450	k79_74892
451	k79_38897
452	k79_757
453	k79_20255
454	k79_60593
455	k79_69198
456	k79_19074
456	k79_3149
457	k79_25942
458	k79_75700
459	k79_48613
460	k79_87081
461	k79_45045
461	k79_62665
461	k79_85413
461	k79_9260
462	k79_8320
463	k79_90393
463	k79_47142
463	k79_33754
463	k79_82977
463	k79_70153
463	k79_82506
464	k79_9966
465	k79_97391
466	k79_33572
467	k79_41822
468	k79_4382
469	k79_20059
470	k79_8064
471	k79_94997
472	k79_17133
473	k79_75015
473	k79_90235
473	k79_60715
473	k79_64896
473	k79_65282
473	k79_32001
473	k79_58115
473	k79_95571
473	k79_28591
473	k79_71722
474	k79_35803
475	k79_37797
476	k79_15787
477	k79_16053
478	k79_42873
479	k79_53462
480	k79_51844
481	k79_85388
482	k79_36293
483	k79_8058
484	k79_20593
485	k79_77216
485	k79_11768
485	k79_84712
485	k79_92707
485	k79_50246
485	k79_29629
485	k79_9191
485	k79_45052
485	k79_79175
485	k79_10486
485	k79_63502
485	k79_52392
485	k79_70673
485	k79_88533
486	k79_46723
487	k79_38902
488	k79_83801
489	k79_97143
490	k79_82987
491	k79_60806
491	k79_57776
491	k79_42681
491	k79_89431
491	k79_69989
491	k79_41924
491	k79_65237
491	k79_81741
491	k79_77150
491	k79_1389
491	k79_55171
491	k79_59725
491	k79_57767
491	k79_78612
491	k79_27723
491	k79_74212
491	k79_16674
491	k79_4263
491	k79_13339
491	k79_28009
491	k79_56672
491	k79_34798
491	k79_8114
491	k79_49132
491	k79_88514
491	k79_58567
491	k79_3787
491	k79_79302
491	k79_18473
492	k79_46095
493	k79_64434
494	k79_42471
495	k79_5985
496	k79_93354
497	k79_74376
498	k79_58878
499	k79_63436
500	k79_78858
501	k79_50173
502	k79_95280
503	k79_8302
504	k79_86773
505	k79_90930
506	k79_5774
507	k79_80123
508	k79_94917
509	k79_94515
510	k79_65151
511	k79_78427
512	k79_15446
513	k79_65042
513	k79_49939
513	k79_54044
514	k79_40681
515	k79_65409
516	k79_58711
517	k79_33242
518	k79_12650
519	k79_67097
520	k79_84122
521	k79_80761
522	k79_17112
523	k79_15126
524	k79_46782
525	k79_72281
526	k79_46807
527	k79_15311
528	k79_2216
529	k79_62706
530	k79_5674
531	k79_30654
532	k79_5705
533	k79_52885
534	k79_28254
534	k79_48243
534	k79_83560
534	k79_80852
534	k79_35734
534	k79_63965
534	k79_1445
534	k79_92849
534	k79_51861
534	k79_52042
534	k79_42715
534	k79_82101
534	k79_91682
534	k79_80744
534	k79_62412
534	k79_53554
534	k79_57719
534	k79_55208
534	k79_40069
534	k79_76112
534	k79_78439
534	k79_81946
534	k79_67558
534	k79_22653
534	k79_10204
534	k79_54952
534	k79_91514
534	k79_76322
534	k79_5524
534	k79_90291
535	k79_10422
536	k79_39331
537	k79_3455
538	k79_55803
539	k79_61851
540	k79_30052
541	k79_77240
542	k79_6537
542	k79_30297
542	k79_89960
542	k79_88365
542	k79_41465
542	k79_23453
543	k79_2304
544	k79_31036
545	k79_18334
546	k79_21588
547	k79_46790
547	k79_61497
547	k79_14604
547	k79_39555
548	k79_82843
549	k79_3853
549	k79_2963
549	k79_94768
549	k79_49927
549	k79_68295
549	k79_56123
550	k79_24342
551	k79_72195
552	k79_34924
553	k79_18902
554	k79_40191
555	k79_62437
556	k79_50800
556	k79_33067
556	k79_47778
556	k79_65471
557	k79_81769
558	k79_56913
558	k79_92932
558	k79_42097
558	k79_64903
559	k79_90199
560	k79_24977
561	k79_2215
562	k79_60458
563	k79_59629
564	k79_83181
565	k79_16060
566	k79_13464
567	k79_14622
568	k79_18170
569	k79_53218
570	k79_93122
571	k79_4917
572	k79_10328
573	k79_17716
573	k79_54164
573	k79_24198
573	k79_42639
574	k79_51694
575	k79_71540
576	k79_81682
576	k79_97052
576	k79_33730
576	k79_11956
576	k79_9158
576	k79_1398
576	k79_87564
577	k79_15679
578	k79_86435
579	k79_43882
580	k79_68068
580	k79_11265
580	k79_68178
580	k79_5203
580	k79_29115
580	k79_69645
581	k79_63854
582	k79_17429
583	k79_40662
584	k79_34766
585	k79_66290
586	k79_8334
587	k79_36421
587	k79_54851
588	k79_33592
589	k79_21571
590	k79_85665
591	k79_55697
592	k79_39314
593	k79_3366
594	k79_54181
595	k79_45830
595	k79_68301
595	k79_43019
595	k79_89139
595	k79_33490
596	k79_43585
596	k79_2864
596	k79_12521
596	k79_12406
597	k79_65730
597	k79_15970
598	k79_80221
599	k79_62836
600	k79_45201
601	k79_38078
602	k79_5711
603	k79_43103
604	k79_95252
605	k79_49207
606	k79_88690
607	k79_16790
608	k79_91703
609	k79_23448
610	k79_48950
611	k79_58141
612	k79_17119
613	k79_6241
614	k79_71168
615	k79_55333
616	k79_18111
617	k79_80205
618	k79_85899
619	k79_26563
619	k79_56945
619	k79_42881
620	k79_95807
621	k79_81645
622	k79_42232
623	k79_31771
624	k79_26138
625	k79_65176
626	k79_82461
626	k79_83351
626	k79_18043
626	k79_11222
626	k79_69923
626	k79_44404
626	k79_72844
626	k79_37968
627	k79_81991
628	k79_56081
628	k79_8745
628	k79_81187
628	k79_30304
628	k79_40932
628	k79_2923
629	k79_77728
630	k79_46740
630	k79_10951
630	k79_69410
630	k79_82226
630	k79_57876
631	k79_29802
632	k79_25952
633	k79_88637
634	k79_69563
635	k79_14414
636	k79_96563
637	k79_79596
638	k79_71490
639	k79_76264
640	k79_43627
641	k79_6504
642	k79_11176
643	k79_41003
644	k79_63214
645	k79_82171
646	k79_76343
647	k79_14158
648	k79_82736
649	k79_4416
650	k79_33914
651	k79_91667
652	k79_9930
653	k79_18710
653	k79_36372
653	k79_87731
653	k79_21333
653	k79_91307
654	k79_78219
655	k79_11862
656	k79_19122
657	k79_2669
657	k79_94296
658	k79_36923
659	k79_47188
660	k79_86840
661	k79_4388
662	k79_70676
663	k79_50747
664	k79_5460
665	k79_90706
666	k79_5231
667	k79_62648
668	k79_21429
669	k79_18257
670	k79_7962
671	k79_21450
672	k79_46589
673	k79_22031
674	k79_61545
675	k79_45754
676	k79_5071
677	k79_20977
678	k79_82466
679	k79_63830
680	k79_72240
681	k79_63076
682	k79_3656
683	k79_60126
684	k79_31127
685	k79_17271
686	k79_28220
687	k79_92831
688	k79_55366
689	k79_64173
690	k79_97283
690	k79_94805
690	k79_7288
691	k79_88122
692	k79_81220
692	k79_21207
692	k79_19843
692	k79_40868
692	k79_41684
692	k79_45897
692	k79_23734
692	k79_50565
692	k79_18300
692	k79_654
692	k79_50901
693	k79_61415
694	k79_51598
695	k79_63867
696	k79_48263
697	k79_75662
698	k79_85283
699	k79_48118
699	k79_85784
700	k79_96425
701	k79_7506
702	k79_84804
702	k79_63955
702	k79_81201
702	k79_17967
702	k79_78834
702	k79_75669
703	k79_58285
704	k79_89845
705	k79_16597
706	k79_25089
707	k79_68578
708	k79_43590
709	k79_73187
710	k79_5345
711	k79_43811
712	k79_20959
713	k79_80496
714	k79_26916
715	k79_11909
716	k79_46402
717	k79_55709
718	k79_17760
719	k79_15115
720	k79_54397
721	k79_6735
722	k79_14424
723	k79_35589
724	k79_31761
725	k79_9511
726	k79_42116
727	k79_22740
728	k79_87127
729	k79_44961
730	k79_75832
731	k79_12313
732	k79_1366
733	k79_91477
734	k79_81621
735	k79_37170
736	k79_49240
737	k79_35203
738	k79_82658
739	k79_16103
740	k79_3710
741	k79_74969
742	k79_22364
743	k79_52945
744	k79_11418
745	k79_52792
746	k79_37180
747	k79_24450
748	k79_82119
749	k79_45488
750	k79_85609
751	k79_26066
752	k79_85191
753	k79_83216
754	k79_28917
755	k79_33372
755	k79_10805
756	k79_72964
757	k79_72284
757	k79_27599
757	k79_21864
757	k79_19454
758	k79_46758
759	k79_60323
760	k79_79521
761	k79_50141
762	k79_85873
763	k79_80781
764	k79_54307
765	k79_81004
765	k79_2681
765	k79_89942
765	k79_81261
765	k79_91424
765	k79_24680
765	k79_25870
766	k79_44020
767	k79_36797
768	k79_90332
768	k79_56443
768	k79_89315
768	k79_36840
769	k79_96803
770	k79_49221
770	k79_2795
770	k79_96989
771	k79_6076
772	k79_47305
773	k79_78813
774	k79_27359
775	k79_8282
776	k79_48985
777	k79_87963
778	k79_85012
779	k79_40349
780	k79_92575
781	k79_62593
782	k79_80147
783	k79_90831
784	k79_27447
785	k79_26176
786	k79_19550
787	k79_84611
788	k79_45545
789	k79_22856
790	k79_89551
790	k79_4605
790	k79_21283
790	k79_79362
790	k79_45338
790	k79_5444
790	k79_24311
790	k79_32016
791	k79_61452
792	k79_40120
793	k79_92279
794	k79_12013
795	k79_77740
796	k79_60941
797	k79_7108
798	k79_65373
799	k79_28784
800	k79_58397
801	k79_85633
802	k79_82297
803	k79_41258
804	k79_87376
804	k79_38481
804	k79_95608
804	k79_938
805	k79_2935
806	k79_27640
807	k79_68471
808	k79_96770
809	k79_61000
810	k79_30329
811	k79_40026
812	k79_80422
813	k79_66537
814	k79_48825
815	k79_86285
816	k79_44675
817	k79_91036
818	k79_71173
819	k79_96
820	k79_9558
821	k79_49467
822	k79_84080
823	k79_12114
824	k79_44685
825	k79_7646
826	k79_91547
827	k79_63886
828	k79_27452
829	k79_50885
830	k79_97339
830	k79_18920
831	k79_35452
831	k79_15584
831	k79_48924
832	k79_36599
833	k79_66488
834	k79_64579
835	k79_97199
836	k79_28393
837	k79_73002
838	k79_41883
839	k79_97181
840	k79_41835
841	k79_60136
842	k79_3892
843	k79_80582
844	k79_106
845	k79_18733
846	k79_23136
847	k79_45790
848	k79_38666
849	k79_95479
850	k79_32574
851	k79_33487
852	k79_82198
853	k79_7528
854	k79_13235
855	k79_62096
856	k79_91914
857	k79_40348
858	k79_23264
859	k79_68414
860	k79_8853
861	k79_81566
862	k79_23372
863	k79_11636
864	k79_60980
865	k79_86999
866	k79_56014
867	k79_81441
868	k79_83678
869	k79_34437
870	k79_20222
871	k79_87072
872	k79_80355
873	k79_2134
874	k79_17903
875	k79_69679
876	k79_64216
877	k79_73722
878	k79_443
879	k79_64017
880	k79_36500
881	k79_30565
882	k79_20782
883	k79_6186
884	k79_10106
885	k79_65147
886	k79_56980
887	k79_56418
888	k79_48361
889	k79_13197
890	k79_47435
891	k79_28229
892	k79_88648
893	k79_57850
894	k79_52512
895	k79_28974
896	k79_10503
897	k79_6333
898	k79_68299
899	k79_10610
900	k79_16842
901	k79_33431
902	k79_94610
903	k79_52494
904	k79_55392
905	k79_73749
906	k79_9572
907	k79_78521
908	k79_72815
909	k79_70884
910	k79_4937
911	k79_97389
912	k79_88727
913	k79_42874
914	k79_1462
915	k79_23597
916	k79_11716
917	k79_41851
918	k79_24109
919	k79_40920
920	k79_34978
921	k79_20237
922	k79_44313
922	k79_84887
922	k79_66790
922	k79_67413
922	k79_25299
923	k79_8307
924	k79_76734
925	k79_24315
925	k79_58381
925	k79_90919
926	k79_21764
927	k79_29841
928	k79_61760
929	k79_88226
930	k79_46848
931	k79_81431
932	k79_66800
933	k79_45204
934	k79_11026
935	k79_94915
936	k79_85328
937	k79_38274
938	k79_40356
939	k79_50249
940	k79_11847
941	k79_19827
942	k79_95522
943	k79_21907
944	k79_74616
945	k79_647
946	k79_12871
947	k79_71391
948	k79_31296
949	k79_87536
950	k79_3475
951	k79_92095
952	k79_96219
953	k79_90494
954	k79_38321
955	k79_69689
956	k79_41077
957	k79_78090
958	k79_57391
958	k79_9953
958	k79_92483
959	k79_54376
960	k79_24237
961	k79_64704
962	k79_50079
963	k79_4436
964	k79_36758
965	k79_94416
966	k79_49973
967	k79_58985
968	k79_74783
969	k79_26542
970	k79_41540
971	k79_56860
972	k79_4993
973	k79_50455
974	k79_10970
975	k79_82292
976	k79_43688
977	k79_96084
978	k79_7248
978	k79_91041
979	k79_35487
980	k79_3601
981	k79_74931
982	k79_42264
983	k79_91523
984	k79_49903
985	k79_96481
986	k79_79415
987	k79_51848
988	k79_79249
989	k79_53521
990	k79_85654
991	k79_15748
992	k79_38559
993	k79_44356
994	k79_58540
995	k79_60575
996	k79_42978
997	k79_30582
998	k79_2965
999	k79_46056
1000	k79_709
1001	k79_17469
1002	k79_8225
1003	k79_54627
1004	k79_48431
1005	k79_27576
1006	k79_78757
1007	k79_74656
1008	k79_51439
1009	k79_60698
1010	k79_58687
1011	k79_10484
1012	k79_2549
1013	k79_57744
1014	k79_24988
1015	k79_68011
1016	k79_77065
1017	k79_92194
1018	k79_68633
1019	k79_13659
1020	k79_65689
1021	k79_27589
1022	k79_26175
1023	k79_52932
1023	k79_34261
1023	k79_4310
1024	k79_75291
1025	k79_40444
1026	k79_90372
1027	k79_78562
1028	k79_13957
1029	k79_56343
1030	k79_91172
1031	k79_75917
1032	k79_81822
1033	k79_62825
1034	k79_74553
1035	k79_1348
1036	k79_12015
1037	k79_39828
1038	k79_21701
1039	k79_12120
1040	k79_49396
1041	k79_42859
1042	k79_22013
1043	k79_31755
1044	k79_50061
1045	k79_49191
1046	k79_3850
1047	k79_73306
1048	k79_28986
1049	k79_77389
1050	k79_10560
1051	k79_60942
1052	k79_59436
1053	k79_54578
1054	k79_74282
1055	k79_38931
1056	k79_84720
1057	k79_25835
1058	k79_84936
1059	k79_95337
1060	k79_72199
1061	k79_22594
1062	k79_28877
1063	k79_9803
1064	k79_56560
1065	k79_51724
1066	k79_91082
1067	k79_42317
1068	k79_48846
1069	k79_39908
1070	k79_65485
1071	k79_87790
1072	k79_21947
1073	k79_32527
1074	k79_23733
1075	k79_77332
1076	k79_19836
1077	k79_60626
1078	k79_28745
1079	k79_15336
1080	k79_88100
1081	k79_60219
1082	k79_6505
1083	k79_64757
1084	k79_17202
1085	k79_43153
1085	k79_58879
1085	k79_42515
1085	k79_14935
1086	k79_16978
1087	k79_89834
1088	k79_18271
1089	k79_17473
1090	k79_66923
1091	k79_82911
1092	k79_82032
1093	k79_11027
1094	k79_50710
1095	k79_13991
1096	k79_34308
1097	k79_74781
1098	k79_33600
1099	k79_44763
1100	k79_96992
1101	k79_87920
1102	k79_19269
1103	k79_11366
1104	k79_93915
1105	k79_49131
1106	k79_65683
1106	k79_70848
1106	k79_26905
1106	k79_56619
1106	k79_66678
1106	k79_24066
1106	k79_16355
1106	k79_25758
1106	k79_65070
1106	k79_16579
1107	k79_67817
1108	k79_51846
1109	k79_85358
1110	k79_42137
1111	k79_73125
1112	k79_24904
1113	k79_73201
1114	k79_27282
1115	k79_10050
1116	k79_27751
1117	k79_44577
1118	k79_55214
1119	k79_35209
1120	k79_7874
1121	k79_75548
1122	k79_92514
1123	k79_78761
1124	k79_17682
1125	k79_93003
1125	k79_6446
1125	k79_80305
1125	k79_13340
1125	k79_25877
1126	k79_66531
1127	k79_54857
1128	k79_73082
1129	k79_23560
1130	k79_25458
1131	k79_67109
1132	k79_90243
1133	k79_36337
1134	k79_27880
1135	k79_95803
1136	k79_65511
1137	k79_82072
1138	k79_72075
1139	k79_79960
1140	k79_40467
1141	k79_46504
1142	k79_16120
1143	k79_92520
1144	k79_76790
1145	k79_3002
1146	k79_73296
1147	k79_13743
1148	k79_31626
1149	k79_60012
1150	k79_94984
1151	k79_90260
1152	k79_13256
1153	k79_52184
1154	k79_42257
1155	k79_95978
1156	k79_96913
1157	k79_47107
1158	k79_52497
1159	k79_69814
1160	k79_23749
1161	k79_69945
1162	k79_30334
1163	k79_54440
1164	k79_80450
1165	k79_23370
1166	k79_43573
1167	k79_45248
1168	k79_63607
1169	k79_19798
1170	k79_73290
1171	k79_17449
1172	k79_80899
1173	k79_82879
1174	k79_59254
1175	k79_75925
1176	k79_42291
1177	k79_42882
1178	k79_17581
1179	k79_2403
1179	k79_67905
1179	k79_4003
1180	k79_32705
1181	k79_783
1182	k79_68562
1183	k79_15952
1184	k79_79567
1185	k79_11331
1186	k79_52354
1187	k79_8645
1188	k79_49024
1189	k79_11021
1190	k79_59542
1191	k79_47752
1192	k79_86592
1193	k79_3159
1194	k79_40230
1195	k79_92522
1196	k79_71571
1197	k79_27507
1198	k79_23289
1199	k79_93259
1200	k79_44456
1201	k79_25539
1202	k79_54381
1203	k79_47694
1204	k79_23107
1205	k79_76351
1206	k79_20670
1207	k79_25926
1208	k79_96301
1209	k79_29510
1210	k79_92142
1211	k79_74008
1212	k79_19178
1213	k79_61227
1214	k79_9386
1215	k79_47587
1216	k79_24770
1217	k79_39431
1218	k79_94450
1219	k79_87875
1220	k79_51499
1221	k79_5487
1222	k79_94334
1223	k79_64021
1224	k79_48895
1225	k79_82678
1226	k79_58471
1227	k79_16920
1228	k79_70086
1229	k79_77223
1230	k79_89779
1231	k79_65656
1232	k79_57897
1233	k79_15858
1234	k79_96987
1235	k79_13327
1236	k79_59889
1237	k79_74796
1238	k79_17633
1239	k79_57073
1240	k79_72001
1240	k79_96620
1240	k79_8985
1240	k79_83366
1241	k79_40268
1242	k79_70197
1243	k79_79229
1244	k79_46674
1245	k79_34787
1246	k79_22950
1247	k79_32649
1248	k79_27212
1249	k79_90922
1250	k79_24533
1251	k79_60480
1252	k79_11235
1252	k79_44551
1253	k79_54703
1254	k79_52615
1255	k79_66395
1256	k79_41344
1257	k79_64165
1258	k79_60817
1259	k79_22322
1260	k79_1494
1261	k79_11954
1262	k79_27131
1263	k79_46930
1264	k79_57442
1265	k79_96820
1266	k79_88599
1267	k79_88588
1268	k79_78471
1269	k79_54250
1270	k79_67096
1271	k79_92594
1272	k79_88617
1273	k79_14441
1274	k79_21620
1275	k79_28052
1276	k79_21978
1277	k79_56221
1278	k79_51845
1279	k79_39153
1280	k79_43311
1281	k79_10527
1282	k79_10916
1283	k79_2806
1284	k79_15765
1285	k79_51060
1286	k79_18497
1287	k79_5051
1288	k79_51713
1288	k79_80462
1288	k79_45087
1288	k79_90927
1289	k79_40661
1290	k79_71682
1291	k79_32780
1292	k79_40588
1293	k79_20604
1294	k79_11220
1295	k79_19352
1296	k79_20417
1297	k79_96240
1298	k79_56817
1299	k79_34840
1300	k79_75983
1301	k79_86037
1302	k79_93468
1303	k79_96101
1304	k79_86272
1305	k79_6166
1306	k79_21130
1307	k79_51461
1308	k79_48925
1309	k79_93605
1310	k79_81932
1311	k79_40152
1312	k79_28278
1313	k79_55793
1314	k79_22430
1315	k79_33299
1316	k79_56342
1317	k79_38240
1318	k79_13809
1319	k79_38
1320	k79_57794
1321	k79_51683
1322	k79_51217
1323	k79_95004
1324	k79_46984
1325	k79_40625
1326	k79_54229
1327	k79_30511
1328	k79_45034
1328	k79_19889
1329	k79_67742
1330	k79_56265
1331	k79_51785
1332	k79_68229
1333	k79_43892
1334	k79_88736
1335	k79_43100
1336	k79_91042
1337	k79_4111
1338	k79_94783
1339	k79_75595
1340	k79_34959
1340	k79_26565
1341	k79_82423
1342	k79_32793
1343	k79_17224
1344	k79_61142
1345	k79_55844
1346	k79_3164
1347	k79_68348
1348	k79_71474
1349	k79_716
1350	k79_52696
1351	k79_22131
1352	k79_57316
1353	k79_41004
1354	k79_37953
1355	k79_4251
1356	k79_2002
1357	k79_87261
1358	k79_70795
1359	k79_43218
1360	k79_83907
1361	k79_16904
1362	k79_38969
1363	k79_59187
1364	k79_49047
1365	k79_752
1366	k79_19643
1367	k79_28065
1368	k79_28199
1369	k79_81601
1370	k79_92571
1371	k79_93655
1372	k79_2344
1373	k79_45929
1374	k79_57533
1375	k79_25474
1376	k79_48498
1377	k79_12549
1378	k79_14200
1379	k79_72709
1380	k79_46688
1381	k79_56337
1382	k79_55978
1383	k79_89920
1384	k79_17604
1385	k79_20971
1386	k79_3359
1387	k79_33834
1388	k79_36173
1389	k79_17021
1390	k79_72913
1391	k79_31196
1392	k79_2339
1393	k79_66121
1394	k79_73513
1395	k79_90456
1396	k79_1891
1397	k79_24006
1398	k79_5991
1399	k79_13239
1400	k79_43507
1401	k79_50893
1402	k79_93108
1403	k79_9409
1404	k79_28173
1405	k79_17665
1406	k79_14050
1407	k79_23722
1408	k79_93996
1409	k79_77478
1410	k79_48070
1411	k79_332
1412	k79_50827
1413	k79_84686
1414	k79_40612
1415	k79_40549
1416	k79_57557
1417	k79_20992
1418	k79_33584
1419	k79_53699
1420	k79_66029
1421	k79_57328
1422	k79_19689
1423	k79_54309
1424	k79_38737
1425	k79_78456
1426	k79_93061
1427	k79_42975
1428	k79_56148
1429	k79_531
1430	k79_60281
1431	k79_20114
1432	k79_96560
1433	k79_72901
1434	k79_43465
1435	k79_28536
1436	k79_20303
1437	k79_31276
1438	k79_71538
1439	k79_95038
1440	k79_25594
1441	k79_28853
1442	k79_71006
1443	k79_28779
1444	k79_53835
1445	k79_58877
1446	k79_34263
1447	k79_96702
1448	k79_15477
1449	k79_1432
1450	k79_57510
1451	k79_30007
1452	k79_56232
1453	k79_23250
1454	k79_24714
1455	k79_47079
1456	k79_57070
1457	k79_11040
1458	k79_29837
1459	k79_44854
1460	k79_50383
1461	k79_4054
1462	k79_92510
1463	k79_22279
1464	k79_79694
1465	k79_38235
1466	k79_37269
1467	k79_71663
1468	k79_80663
1469	k79_72826
1470	k79_63245
1471	k79_45950
1472	k79_80549
1473	k79_24668
1474	k79_76954
1475	k79_35715
1476	k79_59604
1477	k79_10124
1478	k79_63203
1479	k79_70487
1480	k79_81537
1481	k79_44754
1482	k79_39348
1483	k79_43969
1484	k79_89193
1485	k79_24857
1486	k79_72090
1487	k79_90744
1488	k79_37692
1489	k79_38066
1490	k79_93798
1491	k79_86346
1492	k79_51188
1493	k79_31912
1494	k79_42580
1495	k79_39567
1496	k79_23094
1497	k79_55393
1498	k79_84926
1499	k79_69736
1500	k79_15376
1501	k79_89177
1502	k79_42938
1503	k79_85256
1504	k79_32244
1505	k79_67609
1506	k79_670
1507	k79_88694
1508	k79_43031
1509	k79_92265
1510	k79_8467
1511	k79_34841
1512	k79_67259
1513	k79_49125
1514	k79_22989
1515	k79_50320
1516	k79_9175
1517	k79_16493
1518	k79_32439
1519	k79_4936
1520	k79_72639
1521	k79_95813
1522	k79_28108
1523	k79_31572
1524	k79_68966
1525	k79_89010
1526	k79_52690
1527	k79_4217
1528	k79_25368
1529	k79_72049
1530	k79_49321
1531	k79_24107
1532	k79_39654
1533	k79_22583
1534	k79_70853
1535	k79_84435
1536	k79_64685
1537	k79_94750
1538	k79_21058
1539	k79_89097
1540	k79_71217
1541	k79_62685
1542	k79_2809
1543	k79_35273
1544	k79_85999
1545	k79_47993
1546	k79_83311
1547	k79_82406
1548	k79_72671
1549	k79_27332
1550	k79_44210
1551	k79_87443
1552	k79_39221
1553	k79_80184
1554	k79_80028
1555	k79_86207
1556	k79_66581
1557	k79_88833
1558	k79_48264
1559	k79_78056
1560	k79_19116
1561	k79_66914
1562	k79_47805
1563	k79_97220
1564	k79_76043
1565	k79_92218
1566	k79_89447
1567	k79_37166
1568	k79_62811
1569	k79_66234
1570	k79_45884
1571	k79_3368
1572	k79_75591
1573	k79_33962
1574	k79_51538
1575	k79_35709
1576	k79_58453
1577	k79_35794
1578	k79_34665
1579	k79_89764
1580	k79_60728
1581	k79_20610
1582	k79_48668
1583	k79_67973
1584	k79_66518
1585	k79_41286
1586	k79_89521
1587	k79_22382
1588	k79_89823
1589	k79_32533
1590	k79_42552
1591	k79_30757
1592	k79_54786
1593	k79_54787
1594	k79_3145
1595	k79_25711
1596	k79_23429
1597	k79_40205
1598	k79_53926
1599	k79_75714
1600	k79_25768
1601	k79_44667
1602	k79_40374
1603	k79_28447
1604	k79_74347
1605	k79_33202
1606	k79_8000
1607	k79_88618
1608	k79_32631
1609	k79_17028
1610	k79_20905
1611	k79_90396
1612	k79_18241
1613	k79_69595
1614	k79_65407
1615	k79_16990
1616	k79_56588
1617	k79_34306
1618	k79_21303
1619	k79_12265
1620	k79_57839
1621	k79_16413
1622	k79_35631
1623	k79_4701
1624	k79_59475
1625	k79_32184
1626	k79_75835
1627	k79_84551
1628	k79_6645
1629	k79_59038
1630	k79_93316
1631	k79_89146
1632	k79_2714
