k79_1001	ERR011347_MEGAHIT_TaxVamb.2
k79_10262	ERR011347_MEGAHIT_TaxVamb.2
k79_10292	ERR011347_MEGAHIT_TaxVamb.2
k79_10578	ERR011347_MEGAHIT_TaxVamb.2
k79_10582	ERR011347_MEGAHIT_TaxVamb.2
k79_10735	ERR011347_MEGAHIT_TaxVamb.2
k79_10759	ERR011347_MEGAHIT_TaxVamb.2
k79_10767	ERR011347_MEGAHIT_TaxVamb.2
k79_10903	ERR011347_MEGAHIT_TaxVamb.2
k79_11079	ERR011347_MEGAHIT_TaxVamb.2
k79_11099	ERR011347_MEGAHIT_TaxVamb.2
k79_11117	ERR011347_MEGAHIT_TaxVamb.2
k79_11200	ERR011347_MEGAHIT_TaxVamb.2
k79_11230	ERR011347_MEGAHIT_TaxVamb.2
k79_11440	ERR011347_MEGAHIT_TaxVamb.2
k79_11604	ERR011347_MEGAHIT_TaxVamb.2
k79_11683	ERR011347_MEGAHIT_TaxVamb.2
k79_11694	ERR011347_MEGAHIT_TaxVamb.2
k79_1177	ERR011347_MEGAHIT_TaxVamb.2
k79_11823	ERR011347_MEGAHIT_TaxVamb.2
k79_12119	ERR011347_MEGAHIT_TaxVamb.2
k79_12272	ERR011347_MEGAHIT_TaxVamb.2
k79_12501	ERR011347_MEGAHIT_TaxVamb.2
k79_12602	ERR011347_MEGAHIT_TaxVamb.2
k79_12846	ERR011347_MEGAHIT_TaxVamb.2
k79_13387	ERR011347_MEGAHIT_TaxVamb.2
k79_13592	ERR011347_MEGAHIT_TaxVamb.2
k79_13800	ERR011347_MEGAHIT_TaxVamb.2
k79_13814	ERR011347_MEGAHIT_TaxVamb.2
k79_13964	ERR011347_MEGAHIT_TaxVamb.2
k79_14066	ERR011347_MEGAHIT_TaxVamb.2
k79_14486	ERR011347_MEGAHIT_TaxVamb.2
k79_14496	ERR011347_MEGAHIT_TaxVamb.2
k79_14583	ERR011347_MEGAHIT_TaxVamb.2
k79_14651	ERR011347_MEGAHIT_TaxVamb.2
k79_14715	ERR011347_MEGAHIT_TaxVamb.2
k79_14761	ERR011347_MEGAHIT_TaxVamb.2
k79_14814	ERR011347_MEGAHIT_TaxVamb.2
k79_14981	ERR011347_MEGAHIT_TaxVamb.2
k79_15087	ERR011347_MEGAHIT_TaxVamb.2
k79_15331	ERR011347_MEGAHIT_TaxVamb.2
k79_15385	ERR011347_MEGAHIT_TaxVamb.2
k79_15480	ERR011347_MEGAHIT_TaxVamb.2
k79_15585	ERR011347_MEGAHIT_TaxVamb.2
k79_15803	ERR011347_MEGAHIT_TaxVamb.2
k79_15813	ERR011347_MEGAHIT_TaxVamb.2
k79_1616	ERR011347_MEGAHIT_TaxVamb.2
k79_16721	ERR011347_MEGAHIT_TaxVamb.2
k79_17150	ERR011347_MEGAHIT_TaxVamb.2
k79_1716	ERR011347_MEGAHIT_TaxVamb.2
k79_17183	ERR011347_MEGAHIT_TaxVamb.2
k79_17255	ERR011347_MEGAHIT_TaxVamb.2
k79_17487	ERR011347_MEGAHIT_TaxVamb.2
k79_17770	ERR011347_MEGAHIT_TaxVamb.2
k79_17850	ERR011347_MEGAHIT_TaxVamb.2
k79_17911	ERR011347_MEGAHIT_TaxVamb.2
k79_17919	ERR011347_MEGAHIT_TaxVamb.2
k79_17950	ERR011347_MEGAHIT_TaxVamb.2
k79_18027	ERR011347_MEGAHIT_TaxVamb.2
k79_18184	ERR011347_MEGAHIT_TaxVamb.2
k79_18263	ERR011347_MEGAHIT_TaxVamb.2
k79_18314	ERR011347_MEGAHIT_TaxVamb.2
k79_1832	ERR011347_MEGAHIT_TaxVamb.2
k79_1853	ERR011347_MEGAHIT_TaxVamb.2
k79_18750	ERR011347_MEGAHIT_TaxVamb.2
k79_18805	ERR011347_MEGAHIT_TaxVamb.2
k79_18905	ERR011347_MEGAHIT_TaxVamb.2
k79_1897	ERR011347_MEGAHIT_TaxVamb.2
k79_19021	ERR011347_MEGAHIT_TaxVamb.2
k79_19105	ERR011347_MEGAHIT_TaxVamb.2
k79_19326	ERR011347_MEGAHIT_TaxVamb.2
k79_19575	ERR011347_MEGAHIT_TaxVamb.2
k79_19577	ERR011347_MEGAHIT_TaxVamb.2
k79_19653	ERR011347_MEGAHIT_TaxVamb.2
k79_1968	ERR011347_MEGAHIT_TaxVamb.2
k79_19851	ERR011347_MEGAHIT_TaxVamb.2
k79_20054	ERR011347_MEGAHIT_TaxVamb.2
k79_20190	ERR011347_MEGAHIT_TaxVamb.2
k79_20355	ERR011347_MEGAHIT_TaxVamb.2
k79_20393	ERR011347_MEGAHIT_TaxVamb.2
k79_20523	ERR011347_MEGAHIT_TaxVamb.2
k79_20598	ERR011347_MEGAHIT_TaxVamb.2
k79_20722	ERR011347_MEGAHIT_TaxVamb.2
k79_20916	ERR011347_MEGAHIT_TaxVamb.2
k79_21266	ERR011347_MEGAHIT_TaxVamb.2
k79_21562	ERR011347_MEGAHIT_TaxVamb.2
k79_21731	ERR011347_MEGAHIT_TaxVamb.2
k79_21992	ERR011347_MEGAHIT_TaxVamb.2
k79_22019	ERR011347_MEGAHIT_TaxVamb.2
k79_22144	ERR011347_MEGAHIT_TaxVamb.2
k79_22221	ERR011347_MEGAHIT_TaxVamb.2
k79_22467	ERR011347_MEGAHIT_TaxVamb.2
k79_22481	ERR011347_MEGAHIT_TaxVamb.2
k79_22875	ERR011347_MEGAHIT_TaxVamb.2
k79_22961	ERR011347_MEGAHIT_TaxVamb.2
k79_23121	ERR011347_MEGAHIT_TaxVamb.2
k79_23472	ERR011347_MEGAHIT_TaxVamb.2
k79_23527	ERR011347_MEGAHIT_TaxVamb.2
k79_23718	ERR011347_MEGAHIT_TaxVamb.2
k79_23826	ERR011347_MEGAHIT_TaxVamb.2
k79_23983	ERR011347_MEGAHIT_TaxVamb.2
k79_24309	ERR011347_MEGAHIT_TaxVamb.2
k79_24828	ERR011347_MEGAHIT_TaxVamb.2
k79_24985	ERR011347_MEGAHIT_TaxVamb.2
k79_2501	ERR011347_MEGAHIT_TaxVamb.2
k79_25059	ERR011347_MEGAHIT_TaxVamb.2
k79_25090	ERR011347_MEGAHIT_TaxVamb.2
k79_25094	ERR011347_MEGAHIT_TaxVamb.2
k79_25460	ERR011347_MEGAHIT_TaxVamb.2
k79_25480	ERR011347_MEGAHIT_TaxVamb.2
k79_25828	ERR011347_MEGAHIT_TaxVamb.2
k79_25854	ERR011347_MEGAHIT_TaxVamb.2
k79_25880	ERR011347_MEGAHIT_TaxVamb.2
k79_25981	ERR011347_MEGAHIT_TaxVamb.2
k79_26222	ERR011347_MEGAHIT_TaxVamb.2
k79_26264	ERR011347_MEGAHIT_TaxVamb.2
k79_26343	ERR011347_MEGAHIT_TaxVamb.2
k79_26351	ERR011347_MEGAHIT_TaxVamb.2
k79_26799	ERR011347_MEGAHIT_TaxVamb.2
k79_26956	ERR011347_MEGAHIT_TaxVamb.2
k79_27004	ERR011347_MEGAHIT_TaxVamb.2
k79_27082	ERR011347_MEGAHIT_TaxVamb.2
k79_27160	ERR011347_MEGAHIT_TaxVamb.2
k79_27383	ERR011347_MEGAHIT_TaxVamb.2
k79_27591	ERR011347_MEGAHIT_TaxVamb.2
k79_27678	ERR011347_MEGAHIT_TaxVamb.2
k79_27874	ERR011347_MEGAHIT_TaxVamb.2
k79_28115	ERR011347_MEGAHIT_TaxVamb.2
k79_28668	ERR011347_MEGAHIT_TaxVamb.2
k79_28680	ERR011347_MEGAHIT_TaxVamb.2
k79_28831	ERR011347_MEGAHIT_TaxVamb.2
k79_29010	ERR011347_MEGAHIT_TaxVamb.2
k79_29075	ERR011347_MEGAHIT_TaxVamb.2
k79_29118	ERR011347_MEGAHIT_TaxVamb.2
k79_29277	ERR011347_MEGAHIT_TaxVamb.2
k79_29600	ERR011347_MEGAHIT_TaxVamb.2
k79_29937	ERR011347_MEGAHIT_TaxVamb.2
k79_30006	ERR011347_MEGAHIT_TaxVamb.2
k79_30152	ERR011347_MEGAHIT_TaxVamb.2
k79_30241	ERR011347_MEGAHIT_TaxVamb.2
k79_3048	ERR011347_MEGAHIT_TaxVamb.2
k79_30560	ERR011347_MEGAHIT_TaxVamb.2
k79_30832	ERR011347_MEGAHIT_TaxVamb.2
k79_31257	ERR011347_MEGAHIT_TaxVamb.2
k79_31263	ERR011347_MEGAHIT_TaxVamb.2
k79_31273	ERR011347_MEGAHIT_TaxVamb.2
k79_31512	ERR011347_MEGAHIT_TaxVamb.2
k79_31922	ERR011347_MEGAHIT_TaxVamb.2
k79_32004	ERR011347_MEGAHIT_TaxVamb.2
k79_32039	ERR011347_MEGAHIT_TaxVamb.2
k79_32333	ERR011347_MEGAHIT_TaxVamb.2
k79_32455	ERR011347_MEGAHIT_TaxVamb.2
k79_32483	ERR011347_MEGAHIT_TaxVamb.2
k79_32520	ERR011347_MEGAHIT_TaxVamb.2
k79_32554	ERR011347_MEGAHIT_TaxVamb.2
k79_32654	ERR011347_MEGAHIT_TaxVamb.2
k79_3267	ERR011347_MEGAHIT_TaxVamb.2
k79_32716	ERR011347_MEGAHIT_TaxVamb.2
k79_32836	ERR011347_MEGAHIT_TaxVamb.2
k79_32976	ERR011347_MEGAHIT_TaxVamb.2
k79_3302	ERR011347_MEGAHIT_TaxVamb.2
k79_33046	ERR011347_MEGAHIT_TaxVamb.2
k79_33106	ERR011347_MEGAHIT_TaxVamb.2
k79_33170	ERR011347_MEGAHIT_TaxVamb.2
k79_33172	ERR011347_MEGAHIT_TaxVamb.2
k79_33229	ERR011347_MEGAHIT_TaxVamb.2
k79_3340	ERR011347_MEGAHIT_TaxVamb.2
k79_33720	ERR011347_MEGAHIT_TaxVamb.2
k79_33794	ERR011347_MEGAHIT_TaxVamb.2
k79_33817	ERR011347_MEGAHIT_TaxVamb.2
k79_33922	ERR011347_MEGAHIT_TaxVamb.2
k79_34162	ERR011347_MEGAHIT_TaxVamb.2
k79_34319	ERR011347_MEGAHIT_TaxVamb.2
k79_34398	ERR011347_MEGAHIT_TaxVamb.2
k79_34421	ERR011347_MEGAHIT_TaxVamb.2
k79_34543	ERR011347_MEGAHIT_TaxVamb.2
k79_34629	ERR011347_MEGAHIT_TaxVamb.2
k79_34793	ERR011347_MEGAHIT_TaxVamb.2
k79_34870	ERR011347_MEGAHIT_TaxVamb.2
k79_35002	ERR011347_MEGAHIT_TaxVamb.2
k79_35040	ERR011347_MEGAHIT_TaxVamb.2
k79_35480	ERR011347_MEGAHIT_TaxVamb.2
k79_357	ERR011347_MEGAHIT_TaxVamb.2
k79_35724	ERR011347_MEGAHIT_TaxVamb.2
k79_35726	ERR011347_MEGAHIT_TaxVamb.2
k79_35827	ERR011347_MEGAHIT_TaxVamb.2
k79_35840	ERR011347_MEGAHIT_TaxVamb.2
k79_3594	ERR011347_MEGAHIT_TaxVamb.2
k79_36134	ERR011347_MEGAHIT_TaxVamb.2
k79_36204	ERR011347_MEGAHIT_TaxVamb.2
k79_36315	ERR011347_MEGAHIT_TaxVamb.2
k79_36354	ERR011347_MEGAHIT_TaxVamb.2
k79_36526	ERR011347_MEGAHIT_TaxVamb.2
k79_36780	ERR011347_MEGAHIT_TaxVamb.2
k79_36783	ERR011347_MEGAHIT_TaxVamb.2
k79_36814	ERR011347_MEGAHIT_TaxVamb.2
k79_37316	ERR011347_MEGAHIT_TaxVamb.2
k79_37346	ERR011347_MEGAHIT_TaxVamb.2
k79_37637	ERR011347_MEGAHIT_TaxVamb.2
k79_37816	ERR011347_MEGAHIT_TaxVamb.2
k79_38029	ERR011347_MEGAHIT_TaxVamb.2
k79_38150	ERR011347_MEGAHIT_TaxVamb.2
k79_38485	ERR011347_MEGAHIT_TaxVamb.2
k79_3863	ERR011347_MEGAHIT_TaxVamb.2
k79_38679	ERR011347_MEGAHIT_TaxVamb.2
k79_38731	ERR011347_MEGAHIT_TaxVamb.2
k79_38774	ERR011347_MEGAHIT_TaxVamb.2
k79_39011	ERR011347_MEGAHIT_TaxVamb.2
k79_39051	ERR011347_MEGAHIT_TaxVamb.2
k79_39333	ERR011347_MEGAHIT_TaxVamb.2
k79_39744	ERR011347_MEGAHIT_TaxVamb.2
k79_40046	ERR011347_MEGAHIT_TaxVamb.2
k79_402	ERR011347_MEGAHIT_TaxVamb.2
k79_40550	ERR011347_MEGAHIT_TaxVamb.2
k79_4060	ERR011347_MEGAHIT_TaxVamb.2
k79_40870	ERR011347_MEGAHIT_TaxVamb.2
k79_4097	ERR011347_MEGAHIT_TaxVamb.2
k79_41439	ERR011347_MEGAHIT_TaxVamb.2
k79_41474	ERR011347_MEGAHIT_TaxVamb.2
k79_41562	ERR011347_MEGAHIT_TaxVamb.2
k79_41682	ERR011347_MEGAHIT_TaxVamb.2
k79_41702	ERR011347_MEGAHIT_TaxVamb.2
k79_41762	ERR011347_MEGAHIT_TaxVamb.2
k79_41796	ERR011347_MEGAHIT_TaxVamb.2
k79_4184	ERR011347_MEGAHIT_TaxVamb.2
k79_41864	ERR011347_MEGAHIT_TaxVamb.2
k79_4187	ERR011347_MEGAHIT_TaxVamb.2
k79_4189	ERR011347_MEGAHIT_TaxVamb.2
k79_41927	ERR011347_MEGAHIT_TaxVamb.2
k79_4207	ERR011347_MEGAHIT_TaxVamb.2
k79_42225	ERR011347_MEGAHIT_TaxVamb.2
k79_42457	ERR011347_MEGAHIT_TaxVamb.2
k79_42466	ERR011347_MEGAHIT_TaxVamb.2
k79_42494	ERR011347_MEGAHIT_TaxVamb.2
k79_42656	ERR011347_MEGAHIT_TaxVamb.2
k79_42758	ERR011347_MEGAHIT_TaxVamb.2
k79_42895	ERR011347_MEGAHIT_TaxVamb.2
k79_43067	ERR011347_MEGAHIT_TaxVamb.2
k79_43108	ERR011347_MEGAHIT_TaxVamb.2
k79_4330	ERR011347_MEGAHIT_TaxVamb.2
k79_43308	ERR011347_MEGAHIT_TaxVamb.2
k79_43524	ERR011347_MEGAHIT_TaxVamb.2
k79_43694	ERR011347_MEGAHIT_TaxVamb.2
k79_43718	ERR011347_MEGAHIT_TaxVamb.2
k79_43823	ERR011347_MEGAHIT_TaxVamb.2
k79_44062	ERR011347_MEGAHIT_TaxVamb.2
k79_44429	ERR011347_MEGAHIT_TaxVamb.2
k79_45054	ERR011347_MEGAHIT_TaxVamb.2
k79_45378	ERR011347_MEGAHIT_TaxVamb.2
k79_45480	ERR011347_MEGAHIT_TaxVamb.2
k79_45508	ERR011347_MEGAHIT_TaxVamb.2
k79_45798	ERR011347_MEGAHIT_TaxVamb.2
k79_45848	ERR011347_MEGAHIT_TaxVamb.2
k79_45871	ERR011347_MEGAHIT_TaxVamb.2
k79_46048	ERR011347_MEGAHIT_TaxVamb.2
k79_46136	ERR011347_MEGAHIT_TaxVamb.2
k79_46167	ERR011347_MEGAHIT_TaxVamb.2
k79_46236	ERR011347_MEGAHIT_TaxVamb.2
k79_46407	ERR011347_MEGAHIT_TaxVamb.2
k79_46929	ERR011347_MEGAHIT_TaxVamb.2
k79_46972	ERR011347_MEGAHIT_TaxVamb.2
k79_47061	ERR011347_MEGAHIT_TaxVamb.2
k79_47088	ERR011347_MEGAHIT_TaxVamb.2
k79_47262	ERR011347_MEGAHIT_TaxVamb.2
k79_4741	ERR011347_MEGAHIT_TaxVamb.2
k79_47640	ERR011347_MEGAHIT_TaxVamb.2
k79_47656	ERR011347_MEGAHIT_TaxVamb.2
k79_47705	ERR011347_MEGAHIT_TaxVamb.2
k79_47706	ERR011347_MEGAHIT_TaxVamb.2
k79_48314	ERR011347_MEGAHIT_TaxVamb.2
k79_48525	ERR011347_MEGAHIT_TaxVamb.2
k79_48579	ERR011347_MEGAHIT_TaxVamb.2
k79_48626	ERR011347_MEGAHIT_TaxVamb.2
k79_48784	ERR011347_MEGAHIT_TaxVamb.2
k79_48853	ERR011347_MEGAHIT_TaxVamb.2
k79_48891	ERR011347_MEGAHIT_TaxVamb.2
k79_49174	ERR011347_MEGAHIT_TaxVamb.2
k79_49177	ERR011347_MEGAHIT_TaxVamb.2
k79_49265	ERR011347_MEGAHIT_TaxVamb.2
k79_49614	ERR011347_MEGAHIT_TaxVamb.2
k79_5004	ERR011347_MEGAHIT_TaxVamb.2
k79_50139	ERR011347_MEGAHIT_TaxVamb.2
k79_50156	ERR011347_MEGAHIT_TaxVamb.2
k79_5030	ERR011347_MEGAHIT_TaxVamb.2
k79_50555	ERR011347_MEGAHIT_TaxVamb.2
k79_50628	ERR011347_MEGAHIT_TaxVamb.2
k79_50806	ERR011347_MEGAHIT_TaxVamb.2
k79_50842	ERR011347_MEGAHIT_TaxVamb.2
k79_51045	ERR011347_MEGAHIT_TaxVamb.2
k79_51159	ERR011347_MEGAHIT_TaxVamb.2
k79_51761	ERR011347_MEGAHIT_TaxVamb.2
k79_52031	ERR011347_MEGAHIT_TaxVamb.2
k79_52300	ERR011347_MEGAHIT_TaxVamb.2
k79_52582	ERR011347_MEGAHIT_TaxVamb.2
k79_52669	ERR011347_MEGAHIT_TaxVamb.2
k79_52727	ERR011347_MEGAHIT_TaxVamb.2
k79_52955	ERR011347_MEGAHIT_TaxVamb.2
k79_53047	ERR011347_MEGAHIT_TaxVamb.2
k79_53720	ERR011347_MEGAHIT_TaxVamb.2
k79_53782	ERR011347_MEGAHIT_TaxVamb.2
k79_53860	ERR011347_MEGAHIT_TaxVamb.2
k79_54102	ERR011347_MEGAHIT_TaxVamb.2
k79_54236	ERR011347_MEGAHIT_TaxVamb.2
k79_54248	ERR011347_MEGAHIT_TaxVamb.2
k79_54415	ERR011347_MEGAHIT_TaxVamb.2
k79_54462	ERR011347_MEGAHIT_TaxVamb.2
k79_54752	ERR011347_MEGAHIT_TaxVamb.2
k79_54919	ERR011347_MEGAHIT_TaxVamb.2
k79_55193	ERR011347_MEGAHIT_TaxVamb.2
k79_55325	ERR011347_MEGAHIT_TaxVamb.2
k79_55435	ERR011347_MEGAHIT_TaxVamb.2
k79_55448	ERR011347_MEGAHIT_TaxVamb.2
k79_5557	ERR011347_MEGAHIT_TaxVamb.2
k79_55706	ERR011347_MEGAHIT_TaxVamb.2
k79_55795	ERR011347_MEGAHIT_TaxVamb.2
k79_56322	ERR011347_MEGAHIT_TaxVamb.2
k79_56326	ERR011347_MEGAHIT_TaxVamb.2
k79_56452	ERR011347_MEGAHIT_TaxVamb.2
k79_5663	ERR011347_MEGAHIT_TaxVamb.2
k79_5678	ERR011347_MEGAHIT_TaxVamb.2
k79_57027	ERR011347_MEGAHIT_TaxVamb.2
k79_57068	ERR011347_MEGAHIT_TaxVamb.2
k79_57329	ERR011347_MEGAHIT_TaxVamb.2
k79_5735	ERR011347_MEGAHIT_TaxVamb.2
k79_57407	ERR011347_MEGAHIT_TaxVamb.2
k79_57421	ERR011347_MEGAHIT_TaxVamb.2
k79_57513	ERR011347_MEGAHIT_TaxVamb.2
k79_57687	ERR011347_MEGAHIT_TaxVamb.2
k79_57690	ERR011347_MEGAHIT_TaxVamb.2
k79_57800	ERR011347_MEGAHIT_TaxVamb.2
k79_57988	ERR011347_MEGAHIT_TaxVamb.2
k79_58210	ERR011347_MEGAHIT_TaxVamb.2
k79_58434	ERR011347_MEGAHIT_TaxVamb.2
k79_58529	ERR011347_MEGAHIT_TaxVamb.2
k79_58558	ERR011347_MEGAHIT_TaxVamb.2
k79_58894	ERR011347_MEGAHIT_TaxVamb.2
k79_59302	ERR011347_MEGAHIT_TaxVamb.2
k79_59314	ERR011347_MEGAHIT_TaxVamb.2
k79_59353	ERR011347_MEGAHIT_TaxVamb.2
k79_59356	ERR011347_MEGAHIT_TaxVamb.2
k79_59446	ERR011347_MEGAHIT_TaxVamb.2
k79_59681	ERR011347_MEGAHIT_TaxVamb.2
k79_59893	ERR011347_MEGAHIT_TaxVamb.2
k79_59966	ERR011347_MEGAHIT_TaxVamb.2
k79_600	ERR011347_MEGAHIT_TaxVamb.2
k79_60066	ERR011347_MEGAHIT_TaxVamb.2
k79_60161	ERR011347_MEGAHIT_TaxVamb.2
k79_60190	ERR011347_MEGAHIT_TaxVamb.2
k79_60275	ERR011347_MEGAHIT_TaxVamb.2
k79_60664	ERR011347_MEGAHIT_TaxVamb.2
k79_60968	ERR011347_MEGAHIT_TaxVamb.2
k79_61395	ERR011347_MEGAHIT_TaxVamb.2
k79_61849	ERR011347_MEGAHIT_TaxVamb.2
k79_61898	ERR011347_MEGAHIT_TaxVamb.2
k79_61913	ERR011347_MEGAHIT_TaxVamb.2
k79_62176	ERR011347_MEGAHIT_TaxVamb.2
k79_62187	ERR011347_MEGAHIT_TaxVamb.2
k79_62216	ERR011347_MEGAHIT_TaxVamb.2
k79_62517	ERR011347_MEGAHIT_TaxVamb.2
k79_62576	ERR011347_MEGAHIT_TaxVamb.2
k79_62586	ERR011347_MEGAHIT_TaxVamb.2
k79_62787	ERR011347_MEGAHIT_TaxVamb.2
k79_62982	ERR011347_MEGAHIT_TaxVamb.2
k79_63265	ERR011347_MEGAHIT_TaxVamb.2
k79_63698	ERR011347_MEGAHIT_TaxVamb.2
k79_63762	ERR011347_MEGAHIT_TaxVamb.2
k79_63923	ERR011347_MEGAHIT_TaxVamb.2
k79_64195	ERR011347_MEGAHIT_TaxVamb.2
k79_64530	ERR011347_MEGAHIT_TaxVamb.2
k79_64553	ERR011347_MEGAHIT_TaxVamb.2
k79_64616	ERR011347_MEGAHIT_TaxVamb.2
k79_64781	ERR011347_MEGAHIT_TaxVamb.2
k79_64939	ERR011347_MEGAHIT_TaxVamb.2
k79_64956	ERR011347_MEGAHIT_TaxVamb.2
k79_65272	ERR011347_MEGAHIT_TaxVamb.2
k79_65792	ERR011347_MEGAHIT_TaxVamb.2
k79_65836	ERR011347_MEGAHIT_TaxVamb.2
k79_66224	ERR011347_MEGAHIT_TaxVamb.2
k79_66256	ERR011347_MEGAHIT_TaxVamb.2
k79_66625	ERR011347_MEGAHIT_TaxVamb.2
k79_66653	ERR011347_MEGAHIT_TaxVamb.2
k79_66693	ERR011347_MEGAHIT_TaxVamb.2
k79_66834	ERR011347_MEGAHIT_TaxVamb.2
k79_66858	ERR011347_MEGAHIT_TaxVamb.2
k79_67451	ERR011347_MEGAHIT_TaxVamb.2
k79_67639	ERR011347_MEGAHIT_TaxVamb.2
k79_67670	ERR011347_MEGAHIT_TaxVamb.2
k79_67699	ERR011347_MEGAHIT_TaxVamb.2
k79_67812	ERR011347_MEGAHIT_TaxVamb.2
k79_67816	ERR011347_MEGAHIT_TaxVamb.2
k79_6869	ERR011347_MEGAHIT_TaxVamb.2
k79_68711	ERR011347_MEGAHIT_TaxVamb.2
k79_68824	ERR011347_MEGAHIT_TaxVamb.2
k79_69100	ERR011347_MEGAHIT_TaxVamb.2
k79_69254	ERR011347_MEGAHIT_TaxVamb.2
k79_69462	ERR011347_MEGAHIT_TaxVamb.2
k79_69971	ERR011347_MEGAHIT_TaxVamb.2
k79_70298	ERR011347_MEGAHIT_TaxVamb.2
k79_70318	ERR011347_MEGAHIT_TaxVamb.2
k79_70414	ERR011347_MEGAHIT_TaxVamb.2
k79_70464	ERR011347_MEGAHIT_TaxVamb.2
k79_70669	ERR011347_MEGAHIT_TaxVamb.2
k79_70670	ERR011347_MEGAHIT_TaxVamb.2
k79_70736	ERR011347_MEGAHIT_TaxVamb.2
k79_71187	ERR011347_MEGAHIT_TaxVamb.2
k79_71799	ERR011347_MEGAHIT_TaxVamb.2
k79_72094	ERR011347_MEGAHIT_TaxVamb.2
k79_72927	ERR011347_MEGAHIT_TaxVamb.2
k79_73136	ERR011347_MEGAHIT_TaxVamb.2
k79_73399	ERR011347_MEGAHIT_TaxVamb.2
k79_73434	ERR011347_MEGAHIT_TaxVamb.2
k79_73514	ERR011347_MEGAHIT_TaxVamb.2
k79_73617	ERR011347_MEGAHIT_TaxVamb.2
k79_73672	ERR011347_MEGAHIT_TaxVamb.2
k79_73851	ERR011347_MEGAHIT_TaxVamb.2
k79_73938	ERR011347_MEGAHIT_TaxVamb.2
k79_74257	ERR011347_MEGAHIT_TaxVamb.2
k79_74310	ERR011347_MEGAHIT_TaxVamb.2
k79_74446	ERR011347_MEGAHIT_TaxVamb.2
k79_74503	ERR011347_MEGAHIT_TaxVamb.2
k79_74673	ERR011347_MEGAHIT_TaxVamb.2
k79_74676	ERR011347_MEGAHIT_TaxVamb.2
k79_75059	ERR011347_MEGAHIT_TaxVamb.2
k79_75200	ERR011347_MEGAHIT_TaxVamb.2
k79_75514	ERR011347_MEGAHIT_TaxVamb.2
k79_75614	ERR011347_MEGAHIT_TaxVamb.2
k79_75724	ERR011347_MEGAHIT_TaxVamb.2
k79_76230	ERR011347_MEGAHIT_TaxVamb.2
k79_76249	ERR011347_MEGAHIT_TaxVamb.2
k79_76326	ERR011347_MEGAHIT_TaxVamb.2
k79_76675	ERR011347_MEGAHIT_TaxVamb.2
k79_7668	ERR011347_MEGAHIT_TaxVamb.2
k79_76913	ERR011347_MEGAHIT_TaxVamb.2
k79_77122	ERR011347_MEGAHIT_TaxVamb.2
k79_77278	ERR011347_MEGAHIT_TaxVamb.2
k79_7728	ERR011347_MEGAHIT_TaxVamb.2
k79_77554	ERR011347_MEGAHIT_TaxVamb.2
k79_77957	ERR011347_MEGAHIT_TaxVamb.2
k79_77962	ERR011347_MEGAHIT_TaxVamb.2
k79_77987	ERR011347_MEGAHIT_TaxVamb.2
k79_7807	ERR011347_MEGAHIT_TaxVamb.2
k79_78223	ERR011347_MEGAHIT_TaxVamb.2
k79_78257	ERR011347_MEGAHIT_TaxVamb.2
k79_78524	ERR011347_MEGAHIT_TaxVamb.2
k79_78553	ERR011347_MEGAHIT_TaxVamb.2
k79_78568	ERR011347_MEGAHIT_TaxVamb.2
k79_78657	ERR011347_MEGAHIT_TaxVamb.2
k79_78746	ERR011347_MEGAHIT_TaxVamb.2
k79_78940	ERR011347_MEGAHIT_TaxVamb.2
k79_79495	ERR011347_MEGAHIT_TaxVamb.2
k79_79498	ERR011347_MEGAHIT_TaxVamb.2
k79_79825	ERR011347_MEGAHIT_TaxVamb.2
k79_79838	ERR011347_MEGAHIT_TaxVamb.2
k79_80044	ERR011347_MEGAHIT_TaxVamb.2
k79_80459	ERR011347_MEGAHIT_TaxVamb.2
k79_80635	ERR011347_MEGAHIT_TaxVamb.2
k79_80838	ERR011347_MEGAHIT_TaxVamb.2
k79_81065	ERR011347_MEGAHIT_TaxVamb.2
k79_81092	ERR011347_MEGAHIT_TaxVamb.2
k79_81145	ERR011347_MEGAHIT_TaxVamb.2
k79_81153	ERR011347_MEGAHIT_TaxVamb.2
k79_8123	ERR011347_MEGAHIT_TaxVamb.2
k79_81459	ERR011347_MEGAHIT_TaxVamb.2
k79_81630	ERR011347_MEGAHIT_TaxVamb.2
k79_81656	ERR011347_MEGAHIT_TaxVamb.2
k79_81686	ERR011347_MEGAHIT_TaxVamb.2
k79_81767	ERR011347_MEGAHIT_TaxVamb.2
k79_81778	ERR011347_MEGAHIT_TaxVamb.2
k79_81977	ERR011347_MEGAHIT_TaxVamb.2
k79_82246	ERR011347_MEGAHIT_TaxVamb.2
k79_8246	ERR011347_MEGAHIT_TaxVamb.2
k79_82531	ERR011347_MEGAHIT_TaxVamb.2
k79_82639	ERR011347_MEGAHIT_TaxVamb.2
k79_82668	ERR011347_MEGAHIT_TaxVamb.2
k79_82700	ERR011347_MEGAHIT_TaxVamb.2
k79_82819	ERR011347_MEGAHIT_TaxVamb.2
k79_82991	ERR011347_MEGAHIT_TaxVamb.2
k79_83148	ERR011347_MEGAHIT_TaxVamb.2
k79_83401	ERR011347_MEGAHIT_TaxVamb.2
k79_83454	ERR011347_MEGAHIT_TaxVamb.2
k79_83456	ERR011347_MEGAHIT_TaxVamb.2
k79_83538	ERR011347_MEGAHIT_TaxVamb.2
k79_83621	ERR011347_MEGAHIT_TaxVamb.2
k79_83681	ERR011347_MEGAHIT_TaxVamb.2
k79_84050	ERR011347_MEGAHIT_TaxVamb.2
k79_84199	ERR011347_MEGAHIT_TaxVamb.2
k79_84213	ERR011347_MEGAHIT_TaxVamb.2
k79_84328	ERR011347_MEGAHIT_TaxVamb.2
k79_84698	ERR011347_MEGAHIT_TaxVamb.2
k79_84745	ERR011347_MEGAHIT_TaxVamb.2
k79_85072	ERR011347_MEGAHIT_TaxVamb.2
k79_85109	ERR011347_MEGAHIT_TaxVamb.2
k79_85179	ERR011347_MEGAHIT_TaxVamb.2
k79_8524	ERR011347_MEGAHIT_TaxVamb.2
k79_85247	ERR011347_MEGAHIT_TaxVamb.2
k79_8533	ERR011347_MEGAHIT_TaxVamb.2
k79_85619	ERR011347_MEGAHIT_TaxVamb.2
k79_85695	ERR011347_MEGAHIT_TaxVamb.2
k79_85705	ERR011347_MEGAHIT_TaxVamb.2
k79_8592	ERR011347_MEGAHIT_TaxVamb.2
k79_85948	ERR011347_MEGAHIT_TaxVamb.2
k79_86182	ERR011347_MEGAHIT_TaxVamb.2
k79_86392	ERR011347_MEGAHIT_TaxVamb.2
k79_86400	ERR011347_MEGAHIT_TaxVamb.2
k79_86500	ERR011347_MEGAHIT_TaxVamb.2
k79_86621	ERR011347_MEGAHIT_TaxVamb.2
k79_86622	ERR011347_MEGAHIT_TaxVamb.2
k79_86623	ERR011347_MEGAHIT_TaxVamb.2
k79_86663	ERR011347_MEGAHIT_TaxVamb.2
k79_86755	ERR011347_MEGAHIT_TaxVamb.2
k79_86871	ERR011347_MEGAHIT_TaxVamb.2
k79_87026	ERR011347_MEGAHIT_TaxVamb.2
k79_87093	ERR011347_MEGAHIT_TaxVamb.2
k79_87991	ERR011347_MEGAHIT_TaxVamb.2
k79_88481	ERR011347_MEGAHIT_TaxVamb.2
k79_89199	ERR011347_MEGAHIT_TaxVamb.2
k79_89482	ERR011347_MEGAHIT_TaxVamb.2
k79_89513	ERR011347_MEGAHIT_TaxVamb.2
k79_89684	ERR011347_MEGAHIT_TaxVamb.2
k79_89701	ERR011347_MEGAHIT_TaxVamb.2
k79_89729	ERR011347_MEGAHIT_TaxVamb.2
k79_89929	ERR011347_MEGAHIT_TaxVamb.2
k79_90204	ERR011347_MEGAHIT_TaxVamb.2
k79_90208	ERR011347_MEGAHIT_TaxVamb.2
k79_90249	ERR011347_MEGAHIT_TaxVamb.2
k79_90526	ERR011347_MEGAHIT_TaxVamb.2
k79_90530	ERR011347_MEGAHIT_TaxVamb.2
k79_90850	ERR011347_MEGAHIT_TaxVamb.2
k79_91613	ERR011347_MEGAHIT_TaxVamb.2
k79_91878	ERR011347_MEGAHIT_TaxVamb.2
k79_9200	ERR011347_MEGAHIT_TaxVamb.2
k79_92000	ERR011347_MEGAHIT_TaxVamb.2
k79_92025	ERR011347_MEGAHIT_TaxVamb.2
k79_92302	ERR011347_MEGAHIT_TaxVamb.2
k79_92564	ERR011347_MEGAHIT_TaxVamb.2
k79_92689	ERR011347_MEGAHIT_TaxVamb.2
k79_92714	ERR011347_MEGAHIT_TaxVamb.2
k79_93197	ERR011347_MEGAHIT_TaxVamb.2
k79_93224	ERR011347_MEGAHIT_TaxVamb.2
k79_93333	ERR011347_MEGAHIT_TaxVamb.2
k79_93819	ERR011347_MEGAHIT_TaxVamb.2
k79_93822	ERR011347_MEGAHIT_TaxVamb.2
k79_94028	ERR011347_MEGAHIT_TaxVamb.2
k79_94421	ERR011347_MEGAHIT_TaxVamb.2
k79_94437	ERR011347_MEGAHIT_TaxVamb.2
k79_9455	ERR011347_MEGAHIT_TaxVamb.2
k79_94594	ERR011347_MEGAHIT_TaxVamb.2
k79_94690	ERR011347_MEGAHIT_TaxVamb.2
k79_94901	ERR011347_MEGAHIT_TaxVamb.2
k79_94940	ERR011347_MEGAHIT_TaxVamb.2
k79_94956	ERR011347_MEGAHIT_TaxVamb.2
k79_95028	ERR011347_MEGAHIT_TaxVamb.2
k79_95222	ERR011347_MEGAHIT_TaxVamb.2
k79_95420	ERR011347_MEGAHIT_TaxVamb.2
k79_95632	ERR011347_MEGAHIT_TaxVamb.2
k79_96171	ERR011347_MEGAHIT_TaxVamb.2
k79_96371	ERR011347_MEGAHIT_TaxVamb.2
k79_96385	ERR011347_MEGAHIT_TaxVamb.2
k79_96510	ERR011347_MEGAHIT_TaxVamb.2
k79_9764	ERR011347_MEGAHIT_TaxVamb.2
k79_9843	ERR011347_MEGAHIT_TaxVamb.2
k79_10115	ERR011347_MEGAHIT_TaxVamb.43
k79_10194	ERR011347_MEGAHIT_TaxVamb.43
k79_102	ERR011347_MEGAHIT_TaxVamb.43
k79_1024	ERR011347_MEGAHIT_TaxVamb.43
k79_10384	ERR011347_MEGAHIT_TaxVamb.43
k79_10509	ERR011347_MEGAHIT_TaxVamb.43
k79_1057	ERR011347_MEGAHIT_TaxVamb.43
k79_10698	ERR011347_MEGAHIT_TaxVamb.43
k79_10849	ERR011347_MEGAHIT_TaxVamb.43
k79_11075	ERR011347_MEGAHIT_TaxVamb.43
k79_11592	ERR011347_MEGAHIT_TaxVamb.43
k79_116	ERR011347_MEGAHIT_TaxVamb.43
k79_11600	ERR011347_MEGAHIT_TaxVamb.43
k79_11837	ERR011347_MEGAHIT_TaxVamb.43
k79_12053	ERR011347_MEGAHIT_TaxVamb.43
k79_12163	ERR011347_MEGAHIT_TaxVamb.43
k79_12385	ERR011347_MEGAHIT_TaxVamb.43
k79_12500	ERR011347_MEGAHIT_TaxVamb.43
k79_12896	ERR011347_MEGAHIT_TaxVamb.43
k79_13122	ERR011347_MEGAHIT_TaxVamb.43
k79_13210	ERR011347_MEGAHIT_TaxVamb.43
k79_13254	ERR011347_MEGAHIT_TaxVamb.43
k79_13302	ERR011347_MEGAHIT_TaxVamb.43
k79_13423	ERR011347_MEGAHIT_TaxVamb.43
k79_13983	ERR011347_MEGAHIT_TaxVamb.43
k79_14032	ERR011347_MEGAHIT_TaxVamb.43
k79_141	ERR011347_MEGAHIT_TaxVamb.43
k79_14225	ERR011347_MEGAHIT_TaxVamb.43
k79_14473	ERR011347_MEGAHIT_TaxVamb.43
k79_1490	ERR011347_MEGAHIT_TaxVamb.43
k79_15007	ERR011347_MEGAHIT_TaxVamb.43
k79_1505	ERR011347_MEGAHIT_TaxVamb.43
k79_15071	ERR011347_MEGAHIT_TaxVamb.43
k79_15081	ERR011347_MEGAHIT_TaxVamb.43
k79_15458	ERR011347_MEGAHIT_TaxVamb.43
k79_1561	ERR011347_MEGAHIT_TaxVamb.43
k79_15626	ERR011347_MEGAHIT_TaxVamb.43
k79_1564	ERR011347_MEGAHIT_TaxVamb.43
k79_15920	ERR011347_MEGAHIT_TaxVamb.43
k79_16005	ERR011347_MEGAHIT_TaxVamb.43
k79_16336	ERR011347_MEGAHIT_TaxVamb.43
k79_1706	ERR011347_MEGAHIT_TaxVamb.43
k79_17251	ERR011347_MEGAHIT_TaxVamb.43
k79_1734	ERR011347_MEGAHIT_TaxVamb.43
k79_17437	ERR011347_MEGAHIT_TaxVamb.43
k79_1765	ERR011347_MEGAHIT_TaxVamb.43
k79_17740	ERR011347_MEGAHIT_TaxVamb.43
k79_17788	ERR011347_MEGAHIT_TaxVamb.43
k79_17877	ERR011347_MEGAHIT_TaxVamb.43
k79_18706	ERR011347_MEGAHIT_TaxVamb.43
k79_1875	ERR011347_MEGAHIT_TaxVamb.43
k79_1881	ERR011347_MEGAHIT_TaxVamb.43
k79_18882	ERR011347_MEGAHIT_TaxVamb.43
k79_19005	ERR011347_MEGAHIT_TaxVamb.43
k79_19268	ERR011347_MEGAHIT_TaxVamb.43
k79_19394	ERR011347_MEGAHIT_TaxVamb.43
k79_20324	ERR011347_MEGAHIT_TaxVamb.43
k79_204	ERR011347_MEGAHIT_TaxVamb.43
k79_20403	ERR011347_MEGAHIT_TaxVamb.43
k79_20423	ERR011347_MEGAHIT_TaxVamb.43
k79_20821	ERR011347_MEGAHIT_TaxVamb.43
k79_2092	ERR011347_MEGAHIT_TaxVamb.43
k79_21792	ERR011347_MEGAHIT_TaxVamb.43
k79_21893	ERR011347_MEGAHIT_TaxVamb.43
k79_21942	ERR011347_MEGAHIT_TaxVamb.43
k79_22174	ERR011347_MEGAHIT_TaxVamb.43
k79_22440	ERR011347_MEGAHIT_TaxVamb.43
k79_226	ERR011347_MEGAHIT_TaxVamb.43
k79_22847	ERR011347_MEGAHIT_TaxVamb.43
k79_22918	ERR011347_MEGAHIT_TaxVamb.43
k79_23071	ERR011347_MEGAHIT_TaxVamb.43
k79_23606	ERR011347_MEGAHIT_TaxVamb.43
k79_23617	ERR011347_MEGAHIT_TaxVamb.43
k79_23793	ERR011347_MEGAHIT_TaxVamb.43
k79_24221	ERR011347_MEGAHIT_TaxVamb.43
k79_24250	ERR011347_MEGAHIT_TaxVamb.43
k79_24302	ERR011347_MEGAHIT_TaxVamb.43
k79_24328	ERR011347_MEGAHIT_TaxVamb.43
k79_24340	ERR011347_MEGAHIT_TaxVamb.43
k79_24950	ERR011347_MEGAHIT_TaxVamb.43
k79_24987	ERR011347_MEGAHIT_TaxVamb.43
k79_25173	ERR011347_MEGAHIT_TaxVamb.43
k79_25522	ERR011347_MEGAHIT_TaxVamb.43
k79_25533	ERR011347_MEGAHIT_TaxVamb.43
k79_25572	ERR011347_MEGAHIT_TaxVamb.43
k79_25596	ERR011347_MEGAHIT_TaxVamb.43
k79_25747	ERR011347_MEGAHIT_TaxVamb.43
k79_25822	ERR011347_MEGAHIT_TaxVamb.43
k79_25904	ERR011347_MEGAHIT_TaxVamb.43
k79_25924	ERR011347_MEGAHIT_TaxVamb.43
k79_26368	ERR011347_MEGAHIT_TaxVamb.43
k79_2640	ERR011347_MEGAHIT_TaxVamb.43
k79_26492	ERR011347_MEGAHIT_TaxVamb.43
k79_26548	ERR011347_MEGAHIT_TaxVamb.43
k79_26853	ERR011347_MEGAHIT_TaxVamb.43
k79_27069	ERR011347_MEGAHIT_TaxVamb.43
k79_27115	ERR011347_MEGAHIT_TaxVamb.43
k79_27397	ERR011347_MEGAHIT_TaxVamb.43
k79_27625	ERR011347_MEGAHIT_TaxVamb.43
k79_27642	ERR011347_MEGAHIT_TaxVamb.43
k79_27797	ERR011347_MEGAHIT_TaxVamb.43
k79_27980	ERR011347_MEGAHIT_TaxVamb.43
k79_28029	ERR011347_MEGAHIT_TaxVamb.43
k79_28166	ERR011347_MEGAHIT_TaxVamb.43
k79_28367	ERR011347_MEGAHIT_TaxVamb.43
k79_28617	ERR011347_MEGAHIT_TaxVamb.43
k79_2877	ERR011347_MEGAHIT_TaxVamb.43
k79_28925	ERR011347_MEGAHIT_TaxVamb.43
k79_2906	ERR011347_MEGAHIT_TaxVamb.43
k79_29461	ERR011347_MEGAHIT_TaxVamb.43
k79_29654	ERR011347_MEGAHIT_TaxVamb.43
k79_29933	ERR011347_MEGAHIT_TaxVamb.43
k79_30	ERR011347_MEGAHIT_TaxVamb.43
k79_30267	ERR011347_MEGAHIT_TaxVamb.43
k79_30516	ERR011347_MEGAHIT_TaxVamb.43
k79_30986	ERR011347_MEGAHIT_TaxVamb.43
k79_30999	ERR011347_MEGAHIT_TaxVamb.43
k79_31541	ERR011347_MEGAHIT_TaxVamb.43
k79_31679	ERR011347_MEGAHIT_TaxVamb.43
k79_31888	ERR011347_MEGAHIT_TaxVamb.43
k79_32426	ERR011347_MEGAHIT_TaxVamb.43
k79_32434	ERR011347_MEGAHIT_TaxVamb.43
k79_3259	ERR011347_MEGAHIT_TaxVamb.43
k79_32650	ERR011347_MEGAHIT_TaxVamb.43
k79_32807	ERR011347_MEGAHIT_TaxVamb.43
k79_3282	ERR011347_MEGAHIT_TaxVamb.43
k79_33144	ERR011347_MEGAHIT_TaxVamb.43
k79_33175	ERR011347_MEGAHIT_TaxVamb.43
k79_33464	ERR011347_MEGAHIT_TaxVamb.43
k79_33704	ERR011347_MEGAHIT_TaxVamb.43
k79_33822	ERR011347_MEGAHIT_TaxVamb.43
k79_33886	ERR011347_MEGAHIT_TaxVamb.43
k79_34100	ERR011347_MEGAHIT_TaxVamb.43
k79_34118	ERR011347_MEGAHIT_TaxVamb.43
k79_34635	ERR011347_MEGAHIT_TaxVamb.43
k79_34685	ERR011347_MEGAHIT_TaxVamb.43
k79_34703	ERR011347_MEGAHIT_TaxVamb.43
k79_34832	ERR011347_MEGAHIT_TaxVamb.43
k79_3485	ERR011347_MEGAHIT_TaxVamb.43
k79_35095	ERR011347_MEGAHIT_TaxVamb.43
k79_35373	ERR011347_MEGAHIT_TaxVamb.43
k79_35374	ERR011347_MEGAHIT_TaxVamb.43
k79_36139	ERR011347_MEGAHIT_TaxVamb.43
k79_36283	ERR011347_MEGAHIT_TaxVamb.43
k79_36324	ERR011347_MEGAHIT_TaxVamb.43
k79_36440	ERR011347_MEGAHIT_TaxVamb.43
k79_3654	ERR011347_MEGAHIT_TaxVamb.43
k79_36541	ERR011347_MEGAHIT_TaxVamb.43
k79_36833	ERR011347_MEGAHIT_TaxVamb.43
k79_3688	ERR011347_MEGAHIT_TaxVamb.43
k79_37663	ERR011347_MEGAHIT_TaxVamb.43
k79_37871	ERR011347_MEGAHIT_TaxVamb.43
k79_37914	ERR011347_MEGAHIT_TaxVamb.43
k79_37973	ERR011347_MEGAHIT_TaxVamb.43
k79_38001	ERR011347_MEGAHIT_TaxVamb.43
k79_3803	ERR011347_MEGAHIT_TaxVamb.43
k79_38044	ERR011347_MEGAHIT_TaxVamb.43
k79_38102	ERR011347_MEGAHIT_TaxVamb.43
k79_38136	ERR011347_MEGAHIT_TaxVamb.43
k79_38625	ERR011347_MEGAHIT_TaxVamb.43
k79_38655	ERR011347_MEGAHIT_TaxVamb.43
k79_38682	ERR011347_MEGAHIT_TaxVamb.43
k79_38778	ERR011347_MEGAHIT_TaxVamb.43
k79_38788	ERR011347_MEGAHIT_TaxVamb.43
k79_39183	ERR011347_MEGAHIT_TaxVamb.43
k79_39289	ERR011347_MEGAHIT_TaxVamb.43
k79_39301	ERR011347_MEGAHIT_TaxVamb.43
k79_39392	ERR011347_MEGAHIT_TaxVamb.43
k79_39887	ERR011347_MEGAHIT_TaxVamb.43
k79_39941	ERR011347_MEGAHIT_TaxVamb.43
k79_39980	ERR011347_MEGAHIT_TaxVamb.43
k79_40059	ERR011347_MEGAHIT_TaxVamb.43
k79_40254	ERR011347_MEGAHIT_TaxVamb.43
k79_40477	ERR011347_MEGAHIT_TaxVamb.43
k79_40835	ERR011347_MEGAHIT_TaxVamb.43
k79_40876	ERR011347_MEGAHIT_TaxVamb.43
k79_41011	ERR011347_MEGAHIT_TaxVamb.43
k79_41073	ERR011347_MEGAHIT_TaxVamb.43
k79_41093	ERR011347_MEGAHIT_TaxVamb.43
k79_41193	ERR011347_MEGAHIT_TaxVamb.43
k79_41199	ERR011347_MEGAHIT_TaxVamb.43
k79_41369	ERR011347_MEGAHIT_TaxVamb.43
k79_41897	ERR011347_MEGAHIT_TaxVamb.43
k79_41899	ERR011347_MEGAHIT_TaxVamb.43
k79_41967	ERR011347_MEGAHIT_TaxVamb.43
k79_42106	ERR011347_MEGAHIT_TaxVamb.43
k79_42108	ERR011347_MEGAHIT_TaxVamb.43
k79_42158	ERR011347_MEGAHIT_TaxVamb.43
k79_42196	ERR011347_MEGAHIT_TaxVamb.43
k79_42610	ERR011347_MEGAHIT_TaxVamb.43
k79_42647	ERR011347_MEGAHIT_TaxVamb.43
k79_42700	ERR011347_MEGAHIT_TaxVamb.43
k79_42788	ERR011347_MEGAHIT_TaxVamb.43
k79_4297	ERR011347_MEGAHIT_TaxVamb.43
k79_43029	ERR011347_MEGAHIT_TaxVamb.43
k79_43167	ERR011347_MEGAHIT_TaxVamb.43
k79_4341	ERR011347_MEGAHIT_TaxVamb.43
k79_43427	ERR011347_MEGAHIT_TaxVamb.43
k79_43602	ERR011347_MEGAHIT_TaxVamb.43
k79_4460	ERR011347_MEGAHIT_TaxVamb.43
k79_45001	ERR011347_MEGAHIT_TaxVamb.43
k79_45119	ERR011347_MEGAHIT_TaxVamb.43
k79_45205	ERR011347_MEGAHIT_TaxVamb.43
k79_4550	ERR011347_MEGAHIT_TaxVamb.43
k79_45563	ERR011347_MEGAHIT_TaxVamb.43
k79_45666	ERR011347_MEGAHIT_TaxVamb.43
k79_45826	ERR011347_MEGAHIT_TaxVamb.43
k79_45948	ERR011347_MEGAHIT_TaxVamb.43
k79_46527	ERR011347_MEGAHIT_TaxVamb.43
k79_46728	ERR011347_MEGAHIT_TaxVamb.43
k79_46920	ERR011347_MEGAHIT_TaxVamb.43
k79_47204	ERR011347_MEGAHIT_TaxVamb.43
k79_47228	ERR011347_MEGAHIT_TaxVamb.43
k79_4742	ERR011347_MEGAHIT_TaxVamb.43
k79_47697	ERR011347_MEGAHIT_TaxVamb.43
k79_47830	ERR011347_MEGAHIT_TaxVamb.43
k79_4795	ERR011347_MEGAHIT_TaxVamb.43
k79_4831	ERR011347_MEGAHIT_TaxVamb.43
k79_48324	ERR011347_MEGAHIT_TaxVamb.43
k79_4876	ERR011347_MEGAHIT_TaxVamb.43
k79_48988	ERR011347_MEGAHIT_TaxVamb.43
k79_49599	ERR011347_MEGAHIT_TaxVamb.43
k79_49604	ERR011347_MEGAHIT_TaxVamb.43
k79_49951	ERR011347_MEGAHIT_TaxVamb.43
k79_50644	ERR011347_MEGAHIT_TaxVamb.43
k79_50939	ERR011347_MEGAHIT_TaxVamb.43
k79_5099	ERR011347_MEGAHIT_TaxVamb.43
k79_51228	ERR011347_MEGAHIT_TaxVamb.43
k79_51293	ERR011347_MEGAHIT_TaxVamb.43
k79_51466	ERR011347_MEGAHIT_TaxVamb.43
k79_5147	ERR011347_MEGAHIT_TaxVamb.43
k79_51599	ERR011347_MEGAHIT_TaxVamb.43
k79_51615	ERR011347_MEGAHIT_TaxVamb.43
k79_51667	ERR011347_MEGAHIT_TaxVamb.43
k79_51857	ERR011347_MEGAHIT_TaxVamb.43
k79_52245	ERR011347_MEGAHIT_TaxVamb.43
k79_52380	ERR011347_MEGAHIT_TaxVamb.43
k79_52430	ERR011347_MEGAHIT_TaxVamb.43
k79_52553	ERR011347_MEGAHIT_TaxVamb.43
k79_52610	ERR011347_MEGAHIT_TaxVamb.43
k79_52766	ERR011347_MEGAHIT_TaxVamb.43
k79_53233	ERR011347_MEGAHIT_TaxVamb.43
k79_53486	ERR011347_MEGAHIT_TaxVamb.43
k79_53557	ERR011347_MEGAHIT_TaxVamb.43
k79_53638	ERR011347_MEGAHIT_TaxVamb.43
k79_54264	ERR011347_MEGAHIT_TaxVamb.43
k79_54598	ERR011347_MEGAHIT_TaxVamb.43
k79_5466	ERR011347_MEGAHIT_TaxVamb.43
k79_5473	ERR011347_MEGAHIT_TaxVamb.43
k79_54784	ERR011347_MEGAHIT_TaxVamb.43
k79_54888	ERR011347_MEGAHIT_TaxVamb.43
k79_55145	ERR011347_MEGAHIT_TaxVamb.43
k79_55173	ERR011347_MEGAHIT_TaxVamb.43
k79_55250	ERR011347_MEGAHIT_TaxVamb.43
k79_5526	ERR011347_MEGAHIT_TaxVamb.43
k79_55340	ERR011347_MEGAHIT_TaxVamb.43
k79_55376	ERR011347_MEGAHIT_TaxVamb.43
k79_5571	ERR011347_MEGAHIT_TaxVamb.43
k79_55818	ERR011347_MEGAHIT_TaxVamb.43
k79_5586	ERR011347_MEGAHIT_TaxVamb.43
k79_56360	ERR011347_MEGAHIT_TaxVamb.43
k79_56620	ERR011347_MEGAHIT_TaxVamb.43
k79_56659	ERR011347_MEGAHIT_TaxVamb.43
k79_56750	ERR011347_MEGAHIT_TaxVamb.43
k79_57087	ERR011347_MEGAHIT_TaxVamb.43
k79_57142	ERR011347_MEGAHIT_TaxVamb.43
k79_57166	ERR011347_MEGAHIT_TaxVamb.43
k79_57335	ERR011347_MEGAHIT_TaxVamb.43
k79_57664	ERR011347_MEGAHIT_TaxVamb.43
k79_57787	ERR011347_MEGAHIT_TaxVamb.43
k79_58016	ERR011347_MEGAHIT_TaxVamb.43
k79_58595	ERR011347_MEGAHIT_TaxVamb.43
k79_59083	ERR011347_MEGAHIT_TaxVamb.43
k79_59303	ERR011347_MEGAHIT_TaxVamb.43
k79_5953	ERR011347_MEGAHIT_TaxVamb.43
k79_59664	ERR011347_MEGAHIT_TaxVamb.43
k79_59793	ERR011347_MEGAHIT_TaxVamb.43
k79_60448	ERR011347_MEGAHIT_TaxVamb.43
k79_60840	ERR011347_MEGAHIT_TaxVamb.43
k79_60924	ERR011347_MEGAHIT_TaxVamb.43
k79_61251	ERR011347_MEGAHIT_TaxVamb.43
k79_61698	ERR011347_MEGAHIT_TaxVamb.43
k79_6211	ERR011347_MEGAHIT_TaxVamb.43
k79_62306	ERR011347_MEGAHIT_TaxVamb.43
k79_6250	ERR011347_MEGAHIT_TaxVamb.43
k79_62583	ERR011347_MEGAHIT_TaxVamb.43
k79_62709	ERR011347_MEGAHIT_TaxVamb.43
k79_62766	ERR011347_MEGAHIT_TaxVamb.43
k79_63004	ERR011347_MEGAHIT_TaxVamb.43
k79_63300	ERR011347_MEGAHIT_TaxVamb.43
k79_63431	ERR011347_MEGAHIT_TaxVamb.43
k79_63595	ERR011347_MEGAHIT_TaxVamb.43
k79_63812	ERR011347_MEGAHIT_TaxVamb.43
k79_63904	ERR011347_MEGAHIT_TaxVamb.43
k79_63948	ERR011347_MEGAHIT_TaxVamb.43
k79_64232	ERR011347_MEGAHIT_TaxVamb.43
k79_6462	ERR011347_MEGAHIT_TaxVamb.43
k79_64733	ERR011347_MEGAHIT_TaxVamb.43
k79_64741	ERR011347_MEGAHIT_TaxVamb.43
k79_64826	ERR011347_MEGAHIT_TaxVamb.43
k79_64948	ERR011347_MEGAHIT_TaxVamb.43
k79_65081	ERR011347_MEGAHIT_TaxVamb.43
k79_65387	ERR011347_MEGAHIT_TaxVamb.43
k79_65566	ERR011347_MEGAHIT_TaxVamb.43
k79_65579	ERR011347_MEGAHIT_TaxVamb.43
k79_6580	ERR011347_MEGAHIT_TaxVamb.43
k79_65851	ERR011347_MEGAHIT_TaxVamb.43
k79_65891	ERR011347_MEGAHIT_TaxVamb.43
k79_65912	ERR011347_MEGAHIT_TaxVamb.43
k79_65927	ERR011347_MEGAHIT_TaxVamb.43
k79_66502	ERR011347_MEGAHIT_TaxVamb.43
k79_66553	ERR011347_MEGAHIT_TaxVamb.43
k79_66698	ERR011347_MEGAHIT_TaxVamb.43
k79_66783	ERR011347_MEGAHIT_TaxVamb.43
k79_67189	ERR011347_MEGAHIT_TaxVamb.43
k79_67304	ERR011347_MEGAHIT_TaxVamb.43
k79_67356	ERR011347_MEGAHIT_TaxVamb.43
k79_6741	ERR011347_MEGAHIT_TaxVamb.43
k79_67497	ERR011347_MEGAHIT_TaxVamb.43
k79_6754	ERR011347_MEGAHIT_TaxVamb.43
k79_67957	ERR011347_MEGAHIT_TaxVamb.43
k79_68494	ERR011347_MEGAHIT_TaxVamb.43
k79_68868	ERR011347_MEGAHIT_TaxVamb.43
k79_69009	ERR011347_MEGAHIT_TaxVamb.43
k79_69074	ERR011347_MEGAHIT_TaxVamb.43
k79_69332	ERR011347_MEGAHIT_TaxVamb.43
k79_69401	ERR011347_MEGAHIT_TaxVamb.43
k79_69669	ERR011347_MEGAHIT_TaxVamb.43
k79_69694	ERR011347_MEGAHIT_TaxVamb.43
k79_6981	ERR011347_MEGAHIT_TaxVamb.43
k79_70034	ERR011347_MEGAHIT_TaxVamb.43
k79_7004	ERR011347_MEGAHIT_TaxVamb.43
k79_70225	ERR011347_MEGAHIT_TaxVamb.43
k79_70283	ERR011347_MEGAHIT_TaxVamb.43
k79_7030	ERR011347_MEGAHIT_TaxVamb.43
k79_70586	ERR011347_MEGAHIT_TaxVamb.43
k79_70674	ERR011347_MEGAHIT_TaxVamb.43
k79_70710	ERR011347_MEGAHIT_TaxVamb.43
k79_70949	ERR011347_MEGAHIT_TaxVamb.43
k79_71150	ERR011347_MEGAHIT_TaxVamb.43
k79_71340	ERR011347_MEGAHIT_TaxVamb.43
k79_7141	ERR011347_MEGAHIT_TaxVamb.43
k79_71516	ERR011347_MEGAHIT_TaxVamb.43
k79_71587	ERR011347_MEGAHIT_TaxVamb.43
k79_72302	ERR011347_MEGAHIT_TaxVamb.43
k79_72463	ERR011347_MEGAHIT_TaxVamb.43
k79_72676	ERR011347_MEGAHIT_TaxVamb.43
k79_73458	ERR011347_MEGAHIT_TaxVamb.43
k79_7358	ERR011347_MEGAHIT_TaxVamb.43
k79_73953	ERR011347_MEGAHIT_TaxVamb.43
k79_74284	ERR011347_MEGAHIT_TaxVamb.43
k79_74413	ERR011347_MEGAHIT_TaxVamb.43
k79_7468	ERR011347_MEGAHIT_TaxVamb.43
k79_74738	ERR011347_MEGAHIT_TaxVamb.43
k79_7570	ERR011347_MEGAHIT_TaxVamb.43
k79_7593	ERR011347_MEGAHIT_TaxVamb.43
k79_76827	ERR011347_MEGAHIT_TaxVamb.43
k79_77010	ERR011347_MEGAHIT_TaxVamb.43
k79_7703	ERR011347_MEGAHIT_TaxVamb.43
k79_7735	ERR011347_MEGAHIT_TaxVamb.43
k79_77440	ERR011347_MEGAHIT_TaxVamb.43
k79_77572	ERR011347_MEGAHIT_TaxVamb.43
k79_7791	ERR011347_MEGAHIT_TaxVamb.43
k79_77925	ERR011347_MEGAHIT_TaxVamb.43
k79_77979	ERR011347_MEGAHIT_TaxVamb.43
k79_78213	ERR011347_MEGAHIT_TaxVamb.43
k79_7827	ERR011347_MEGAHIT_TaxVamb.43
k79_78599	ERR011347_MEGAHIT_TaxVamb.43
k79_78619	ERR011347_MEGAHIT_TaxVamb.43
k79_78768	ERR011347_MEGAHIT_TaxVamb.43
k79_78990	ERR011347_MEGAHIT_TaxVamb.43
k79_79118	ERR011347_MEGAHIT_TaxVamb.43
k79_80082	ERR011347_MEGAHIT_TaxVamb.43
k79_801	ERR011347_MEGAHIT_TaxVamb.43
k79_80314	ERR011347_MEGAHIT_TaxVamb.43
k79_80900	ERR011347_MEGAHIT_TaxVamb.43
k79_80995	ERR011347_MEGAHIT_TaxVamb.43
k79_81236	ERR011347_MEGAHIT_TaxVamb.43
k79_8132	ERR011347_MEGAHIT_TaxVamb.43
k79_81563	ERR011347_MEGAHIT_TaxVamb.43
k79_81801	ERR011347_MEGAHIT_TaxVamb.43
k79_81886	ERR011347_MEGAHIT_TaxVamb.43
k79_82123	ERR011347_MEGAHIT_TaxVamb.43
k79_82215	ERR011347_MEGAHIT_TaxVamb.43
k79_82268	ERR011347_MEGAHIT_TaxVamb.43
k79_82408	ERR011347_MEGAHIT_TaxVamb.43
k79_8316	ERR011347_MEGAHIT_TaxVamb.43
k79_83489	ERR011347_MEGAHIT_TaxVamb.43
k79_8356	ERR011347_MEGAHIT_TaxVamb.43
k79_84110	ERR011347_MEGAHIT_TaxVamb.43
k79_84410	ERR011347_MEGAHIT_TaxVamb.43
k79_84542	ERR011347_MEGAHIT_TaxVamb.43
k79_84966	ERR011347_MEGAHIT_TaxVamb.43
k79_85091	ERR011347_MEGAHIT_TaxVamb.43
k79_85196	ERR011347_MEGAHIT_TaxVamb.43
k79_85229	ERR011347_MEGAHIT_TaxVamb.43
k79_85239	ERR011347_MEGAHIT_TaxVamb.43
k79_85314	ERR011347_MEGAHIT_TaxVamb.43
k79_85485	ERR011347_MEGAHIT_TaxVamb.43
k79_85518	ERR011347_MEGAHIT_TaxVamb.43
k79_85802	ERR011347_MEGAHIT_TaxVamb.43
k79_85818	ERR011347_MEGAHIT_TaxVamb.43
k79_85919	ERR011347_MEGAHIT_TaxVamb.43
k79_85975	ERR011347_MEGAHIT_TaxVamb.43
k79_86060	ERR011347_MEGAHIT_TaxVamb.43
k79_86299	ERR011347_MEGAHIT_TaxVamb.43
k79_86765	ERR011347_MEGAHIT_TaxVamb.43
k79_8700	ERR011347_MEGAHIT_TaxVamb.43
k79_87345	ERR011347_MEGAHIT_TaxVamb.43
k79_87468	ERR011347_MEGAHIT_TaxVamb.43
k79_87629	ERR011347_MEGAHIT_TaxVamb.43
k79_87721	ERR011347_MEGAHIT_TaxVamb.43
k79_8777	ERR011347_MEGAHIT_TaxVamb.43
k79_87777	ERR011347_MEGAHIT_TaxVamb.43
k79_87838	ERR011347_MEGAHIT_TaxVamb.43
k79_88099	ERR011347_MEGAHIT_TaxVamb.43
k79_88420	ERR011347_MEGAHIT_TaxVamb.43
k79_88530	ERR011347_MEGAHIT_TaxVamb.43
k79_88831	ERR011347_MEGAHIT_TaxVamb.43
k79_88891	ERR011347_MEGAHIT_TaxVamb.43
k79_89227	ERR011347_MEGAHIT_TaxVamb.43
k79_89400	ERR011347_MEGAHIT_TaxVamb.43
k79_89478	ERR011347_MEGAHIT_TaxVamb.43
k79_89607	ERR011347_MEGAHIT_TaxVamb.43
k79_89609	ERR011347_MEGAHIT_TaxVamb.43
k79_89860	ERR011347_MEGAHIT_TaxVamb.43
k79_90603	ERR011347_MEGAHIT_TaxVamb.43
k79_90988	ERR011347_MEGAHIT_TaxVamb.43
k79_91028	ERR011347_MEGAHIT_TaxVamb.43
k79_91122	ERR011347_MEGAHIT_TaxVamb.43
k79_91346	ERR011347_MEGAHIT_TaxVamb.43
k79_91517	ERR011347_MEGAHIT_TaxVamb.43
k79_91564	ERR011347_MEGAHIT_TaxVamb.43
k79_91915	ERR011347_MEGAHIT_TaxVamb.43
k79_92004	ERR011347_MEGAHIT_TaxVamb.43
k79_92154	ERR011347_MEGAHIT_TaxVamb.43
k79_92375	ERR011347_MEGAHIT_TaxVamb.43
k79_92431	ERR011347_MEGAHIT_TaxVamb.43
k79_92501	ERR011347_MEGAHIT_TaxVamb.43
k79_92573	ERR011347_MEGAHIT_TaxVamb.43
k79_92607	ERR011347_MEGAHIT_TaxVamb.43
k79_92869	ERR011347_MEGAHIT_TaxVamb.43
k79_9331	ERR011347_MEGAHIT_TaxVamb.43
k79_93320	ERR011347_MEGAHIT_TaxVamb.43
k79_93342	ERR011347_MEGAHIT_TaxVamb.43
k79_93412	ERR011347_MEGAHIT_TaxVamb.43
k79_94935	ERR011347_MEGAHIT_TaxVamb.43
k79_9499	ERR011347_MEGAHIT_TaxVamb.43
k79_94998	ERR011347_MEGAHIT_TaxVamb.43
k79_95017	ERR011347_MEGAHIT_TaxVamb.43
k79_95121	ERR011347_MEGAHIT_TaxVamb.43
k79_9530	ERR011347_MEGAHIT_TaxVamb.43
k79_95465	ERR011347_MEGAHIT_TaxVamb.43
k79_9629	ERR011347_MEGAHIT_TaxVamb.43
k79_9652	ERR011347_MEGAHIT_TaxVamb.43
k79_9691	ERR011347_MEGAHIT_TaxVamb.43
k79_97231	ERR011347_MEGAHIT_TaxVamb.43
k79_10195	ERR011347_MEGAHIT_TaxVamb.1
k79_10385	ERR011347_MEGAHIT_TaxVamb.1
k79_10943	ERR011347_MEGAHIT_TaxVamb.1
k79_11177	ERR011347_MEGAHIT_TaxVamb.1
k79_1121	ERR011347_MEGAHIT_TaxVamb.1
k79_11514	ERR011347_MEGAHIT_TaxVamb.1
k79_11728	ERR011347_MEGAHIT_TaxVamb.1
k79_12066	ERR011347_MEGAHIT_TaxVamb.1
k79_12273	ERR011347_MEGAHIT_TaxVamb.1
k79_1245	ERR011347_MEGAHIT_TaxVamb.1
k79_12904	ERR011347_MEGAHIT_TaxVamb.1
k79_12912	ERR011347_MEGAHIT_TaxVamb.1
k79_13167	ERR011347_MEGAHIT_TaxVamb.1
k79_13223	ERR011347_MEGAHIT_TaxVamb.1
k79_13283	ERR011347_MEGAHIT_TaxVamb.1
k79_13436	ERR011347_MEGAHIT_TaxVamb.1
k79_14282	ERR011347_MEGAHIT_TaxVamb.1
k79_14884	ERR011347_MEGAHIT_TaxVamb.1
k79_15179	ERR011347_MEGAHIT_TaxVamb.1
k79_15371	ERR011347_MEGAHIT_TaxVamb.1
k79_15588	ERR011347_MEGAHIT_TaxVamb.1
k79_1578	ERR011347_MEGAHIT_TaxVamb.1
k79_15843	ERR011347_MEGAHIT_TaxVamb.1
k79_16101	ERR011347_MEGAHIT_TaxVamb.1
k79_16167	ERR011347_MEGAHIT_TaxVamb.1
k79_1637	ERR011347_MEGAHIT_TaxVamb.1
k79_16608	ERR011347_MEGAHIT_TaxVamb.1
k79_16690	ERR011347_MEGAHIT_TaxVamb.1
k79_16780	ERR011347_MEGAHIT_TaxVamb.1
k79_16945	ERR011347_MEGAHIT_TaxVamb.1
k79_17140	ERR011347_MEGAHIT_TaxVamb.1
k79_17541	ERR011347_MEGAHIT_TaxVamb.1
k79_17704	ERR011347_MEGAHIT_TaxVamb.1
k79_18442	ERR011347_MEGAHIT_TaxVamb.1
k79_18590	ERR011347_MEGAHIT_TaxVamb.1
k79_18645	ERR011347_MEGAHIT_TaxVamb.1
k79_18786	ERR011347_MEGAHIT_TaxVamb.1
k79_18859	ERR011347_MEGAHIT_TaxVamb.1
k79_19035	ERR011347_MEGAHIT_TaxVamb.1
k79_19290	ERR011347_MEGAHIT_TaxVamb.1
k79_1993	ERR011347_MEGAHIT_TaxVamb.1
k79_20138	ERR011347_MEGAHIT_TaxVamb.1
k79_20655	ERR011347_MEGAHIT_TaxVamb.1
k79_20726	ERR011347_MEGAHIT_TaxVamb.1
k79_20942	ERR011347_MEGAHIT_TaxVamb.1
k79_21039	ERR011347_MEGAHIT_TaxVamb.1
k79_21193	ERR011347_MEGAHIT_TaxVamb.1
k79_21286	ERR011347_MEGAHIT_TaxVamb.1
k79_21462	ERR011347_MEGAHIT_TaxVamb.1
k79_22172	ERR011347_MEGAHIT_TaxVamb.1
k79_22392	ERR011347_MEGAHIT_TaxVamb.1
k79_22399	ERR011347_MEGAHIT_TaxVamb.1
k79_22454	ERR011347_MEGAHIT_TaxVamb.1
k79_22689	ERR011347_MEGAHIT_TaxVamb.1
k79_22726	ERR011347_MEGAHIT_TaxVamb.1
k79_22860	ERR011347_MEGAHIT_TaxVamb.1
k79_22903	ERR011347_MEGAHIT_TaxVamb.1
k79_22906	ERR011347_MEGAHIT_TaxVamb.1
k79_23055	ERR011347_MEGAHIT_TaxVamb.1
k79_23346	ERR011347_MEGAHIT_TaxVamb.1
k79_2391	ERR011347_MEGAHIT_TaxVamb.1
k79_24338	ERR011347_MEGAHIT_TaxVamb.1
k79_24356	ERR011347_MEGAHIT_TaxVamb.1
k79_24577	ERR011347_MEGAHIT_TaxVamb.1
k79_24709	ERR011347_MEGAHIT_TaxVamb.1
k79_25050	ERR011347_MEGAHIT_TaxVamb.1
k79_25275	ERR011347_MEGAHIT_TaxVamb.1
k79_25370	ERR011347_MEGAHIT_TaxVamb.1
k79_25512	ERR011347_MEGAHIT_TaxVamb.1
k79_25670	ERR011347_MEGAHIT_TaxVamb.1
k79_25729	ERR011347_MEGAHIT_TaxVamb.1
k79_25906	ERR011347_MEGAHIT_TaxVamb.1
k79_2610	ERR011347_MEGAHIT_TaxVamb.1
k79_26691	ERR011347_MEGAHIT_TaxVamb.1
k79_26711	ERR011347_MEGAHIT_TaxVamb.1
k79_26774	ERR011347_MEGAHIT_TaxVamb.1
k79_26793	ERR011347_MEGAHIT_TaxVamb.1
k79_26803	ERR011347_MEGAHIT_TaxVamb.1
k79_26850	ERR011347_MEGAHIT_TaxVamb.1
k79_26921	ERR011347_MEGAHIT_TaxVamb.1
k79_27459	ERR011347_MEGAHIT_TaxVamb.1
k79_27557	ERR011347_MEGAHIT_TaxVamb.1
k79_27573	ERR011347_MEGAHIT_TaxVamb.1
k79_27652	ERR011347_MEGAHIT_TaxVamb.1
k79_27679	ERR011347_MEGAHIT_TaxVamb.1
k79_27741	ERR011347_MEGAHIT_TaxVamb.1
k79_27750	ERR011347_MEGAHIT_TaxVamb.1
k79_27830	ERR011347_MEGAHIT_TaxVamb.1
k79_28106	ERR011347_MEGAHIT_TaxVamb.1
k79_29098	ERR011347_MEGAHIT_TaxVamb.1
k79_29143	ERR011347_MEGAHIT_TaxVamb.1
k79_29533	ERR011347_MEGAHIT_TaxVamb.1
k79_30022	ERR011347_MEGAHIT_TaxVamb.1
k79_30159	ERR011347_MEGAHIT_TaxVamb.1
k79_30216	ERR011347_MEGAHIT_TaxVamb.1
k79_30234	ERR011347_MEGAHIT_TaxVamb.1
k79_31097	ERR011347_MEGAHIT_TaxVamb.1
k79_31386	ERR011347_MEGAHIT_TaxVamb.1
k79_31605	ERR011347_MEGAHIT_TaxVamb.1
k79_31873	ERR011347_MEGAHIT_TaxVamb.1
k79_32041	ERR011347_MEGAHIT_TaxVamb.1
k79_32476	ERR011347_MEGAHIT_TaxVamb.1
k79_32585	ERR011347_MEGAHIT_TaxVamb.1
k79_32593	ERR011347_MEGAHIT_TaxVamb.1
k79_32858	ERR011347_MEGAHIT_TaxVamb.1
k79_32970	ERR011347_MEGAHIT_TaxVamb.1
k79_33056	ERR011347_MEGAHIT_TaxVamb.1
k79_33304	ERR011347_MEGAHIT_TaxVamb.1
k79_33456	ERR011347_MEGAHIT_TaxVamb.1
k79_33567	ERR011347_MEGAHIT_TaxVamb.1
k79_33637	ERR011347_MEGAHIT_TaxVamb.1
k79_33895	ERR011347_MEGAHIT_TaxVamb.1
k79_33931	ERR011347_MEGAHIT_TaxVamb.1
k79_33938	ERR011347_MEGAHIT_TaxVamb.1
k79_34012	ERR011347_MEGAHIT_TaxVamb.1
k79_34079	ERR011347_MEGAHIT_TaxVamb.1
k79_34085	ERR011347_MEGAHIT_TaxVamb.1
k79_34533	ERR011347_MEGAHIT_TaxVamb.1
k79_3470	ERR011347_MEGAHIT_TaxVamb.1
k79_34803	ERR011347_MEGAHIT_TaxVamb.1
k79_34912	ERR011347_MEGAHIT_TaxVamb.1
k79_35474	ERR011347_MEGAHIT_TaxVamb.1
k79_35852	ERR011347_MEGAHIT_TaxVamb.1
k79_36752	ERR011347_MEGAHIT_TaxVamb.1
k79_37464	ERR011347_MEGAHIT_TaxVamb.1
k79_3757	ERR011347_MEGAHIT_TaxVamb.1
k79_37828	ERR011347_MEGAHIT_TaxVamb.1
k79_37934	ERR011347_MEGAHIT_TaxVamb.1
k79_37961	ERR011347_MEGAHIT_TaxVamb.1
k79_38450	ERR011347_MEGAHIT_TaxVamb.1
k79_38519	ERR011347_MEGAHIT_TaxVamb.1
k79_38530	ERR011347_MEGAHIT_TaxVamb.1
k79_38578	ERR011347_MEGAHIT_TaxVamb.1
k79_38727	ERR011347_MEGAHIT_TaxVamb.1
k79_38775	ERR011347_MEGAHIT_TaxVamb.1
k79_3926	ERR011347_MEGAHIT_TaxVamb.1
k79_39590	ERR011347_MEGAHIT_TaxVamb.1
k79_3963	ERR011347_MEGAHIT_TaxVamb.1
k79_40973	ERR011347_MEGAHIT_TaxVamb.1
k79_41596	ERR011347_MEGAHIT_TaxVamb.1
k79_41845	ERR011347_MEGAHIT_TaxVamb.1
k79_42174	ERR011347_MEGAHIT_TaxVamb.1
k79_42416	ERR011347_MEGAHIT_TaxVamb.1
k79_42467	ERR011347_MEGAHIT_TaxVamb.1
k79_42590	ERR011347_MEGAHIT_TaxVamb.1
k79_42971	ERR011347_MEGAHIT_TaxVamb.1
k79_43207	ERR011347_MEGAHIT_TaxVamb.1
k79_43349	ERR011347_MEGAHIT_TaxVamb.1
k79_43420	ERR011347_MEGAHIT_TaxVamb.1
k79_4410	ERR011347_MEGAHIT_TaxVamb.1
k79_44294	ERR011347_MEGAHIT_TaxVamb.1
k79_44341	ERR011347_MEGAHIT_TaxVamb.1
k79_44357	ERR011347_MEGAHIT_TaxVamb.1
k79_44406	ERR011347_MEGAHIT_TaxVamb.1
k79_44516	ERR011347_MEGAHIT_TaxVamb.1
k79_44535	ERR011347_MEGAHIT_TaxVamb.1
k79_44547	ERR011347_MEGAHIT_TaxVamb.1
k79_44552	ERR011347_MEGAHIT_TaxVamb.1
k79_44669	ERR011347_MEGAHIT_TaxVamb.1
k79_44761	ERR011347_MEGAHIT_TaxVamb.1
k79_45193	ERR011347_MEGAHIT_TaxVamb.1
k79_45253	ERR011347_MEGAHIT_TaxVamb.1
k79_45576	ERR011347_MEGAHIT_TaxVamb.1
k79_46420	ERR011347_MEGAHIT_TaxVamb.1
k79_4651	ERR011347_MEGAHIT_TaxVamb.1
k79_46646	ERR011347_MEGAHIT_TaxVamb.1
k79_46706	ERR011347_MEGAHIT_TaxVamb.1
k79_47028	ERR011347_MEGAHIT_TaxVamb.1
k79_47398	ERR011347_MEGAHIT_TaxVamb.1
k79_47765	ERR011347_MEGAHIT_TaxVamb.1
k79_48204	ERR011347_MEGAHIT_TaxVamb.1
k79_48490	ERR011347_MEGAHIT_TaxVamb.1
k79_48586	ERR011347_MEGAHIT_TaxVamb.1
k79_4873	ERR011347_MEGAHIT_TaxVamb.1
k79_48870	ERR011347_MEGAHIT_TaxVamb.1
k79_49050	ERR011347_MEGAHIT_TaxVamb.1
k79_49437	ERR011347_MEGAHIT_TaxVamb.1
k79_49496	ERR011347_MEGAHIT_TaxVamb.1
k79_49512	ERR011347_MEGAHIT_TaxVamb.1
k79_4971	ERR011347_MEGAHIT_TaxVamb.1
k79_49750	ERR011347_MEGAHIT_TaxVamb.1
k79_49876	ERR011347_MEGAHIT_TaxVamb.1
k79_50327	ERR011347_MEGAHIT_TaxVamb.1
k79_50367	ERR011347_MEGAHIT_TaxVamb.1
k79_504	ERR011347_MEGAHIT_TaxVamb.1
k79_51016	ERR011347_MEGAHIT_TaxVamb.1
k79_51051	ERR011347_MEGAHIT_TaxVamb.1
k79_51163	ERR011347_MEGAHIT_TaxVamb.1
k79_5118	ERR011347_MEGAHIT_TaxVamb.1
k79_51199	ERR011347_MEGAHIT_TaxVamb.1
k79_51407	ERR011347_MEGAHIT_TaxVamb.1
k79_51833	ERR011347_MEGAHIT_TaxVamb.1
k79_51858	ERR011347_MEGAHIT_TaxVamb.1
k79_51867	ERR011347_MEGAHIT_TaxVamb.1
k79_52395	ERR011347_MEGAHIT_TaxVamb.1
k79_52779	ERR011347_MEGAHIT_TaxVamb.1
k79_53841	ERR011347_MEGAHIT_TaxVamb.1
k79_54258	ERR011347_MEGAHIT_TaxVamb.1
k79_54601	ERR011347_MEGAHIT_TaxVamb.1
k79_54769	ERR011347_MEGAHIT_TaxVamb.1
k79_55014	ERR011347_MEGAHIT_TaxVamb.1
k79_55580	ERR011347_MEGAHIT_TaxVamb.1
k79_5597	ERR011347_MEGAHIT_TaxVamb.1
k79_56126	ERR011347_MEGAHIT_TaxVamb.1
k79_56204	ERR011347_MEGAHIT_TaxVamb.1
k79_56328	ERR011347_MEGAHIT_TaxVamb.1
k79_56509	ERR011347_MEGAHIT_TaxVamb.1
k79_56736	ERR011347_MEGAHIT_TaxVamb.1
k79_57162	ERR011347_MEGAHIT_TaxVamb.1
k79_57337	ERR011347_MEGAHIT_TaxVamb.1
k79_57473	ERR011347_MEGAHIT_TaxVamb.1
k79_57524	ERR011347_MEGAHIT_TaxVamb.1
k79_57581	ERR011347_MEGAHIT_TaxVamb.1
k79_57721	ERR011347_MEGAHIT_TaxVamb.1
k79_5792	ERR011347_MEGAHIT_TaxVamb.1
k79_58011	ERR011347_MEGAHIT_TaxVamb.1
k79_58130	ERR011347_MEGAHIT_TaxVamb.1
k79_58140	ERR011347_MEGAHIT_TaxVamb.1
k79_58196	ERR011347_MEGAHIT_TaxVamb.1
k79_58223	ERR011347_MEGAHIT_TaxVamb.1
k79_58230	ERR011347_MEGAHIT_TaxVamb.1
k79_58255	ERR011347_MEGAHIT_TaxVamb.1
k79_58411	ERR011347_MEGAHIT_TaxVamb.1
k79_59003	ERR011347_MEGAHIT_TaxVamb.1
k79_59043	ERR011347_MEGAHIT_TaxVamb.1
k79_59134	ERR011347_MEGAHIT_TaxVamb.1
k79_59137	ERR011347_MEGAHIT_TaxVamb.1
k79_59204	ERR011347_MEGAHIT_TaxVamb.1
k79_5941	ERR011347_MEGAHIT_TaxVamb.1
k79_59474	ERR011347_MEGAHIT_TaxVamb.1
k79_5957	ERR011347_MEGAHIT_TaxVamb.1
k79_59703	ERR011347_MEGAHIT_TaxVamb.1
k79_59816	ERR011347_MEGAHIT_TaxVamb.1
k79_60029	ERR011347_MEGAHIT_TaxVamb.1
k79_60108	ERR011347_MEGAHIT_TaxVamb.1
k79_60139	ERR011347_MEGAHIT_TaxVamb.1
k79_60223	ERR011347_MEGAHIT_TaxVamb.1
k79_60498	ERR011347_MEGAHIT_TaxVamb.1
k79_61018	ERR011347_MEGAHIT_TaxVamb.1
k79_61183	ERR011347_MEGAHIT_TaxVamb.1
k79_61600	ERR011347_MEGAHIT_TaxVamb.1
k79_61688	ERR011347_MEGAHIT_TaxVamb.1
k79_61884	ERR011347_MEGAHIT_TaxVamb.1
k79_62101	ERR011347_MEGAHIT_TaxVamb.1
k79_6215	ERR011347_MEGAHIT_TaxVamb.1
k79_62322	ERR011347_MEGAHIT_TaxVamb.1
k79_62644	ERR011347_MEGAHIT_TaxVamb.1
k79_62725	ERR011347_MEGAHIT_TaxVamb.1
k79_63292	ERR011347_MEGAHIT_TaxVamb.1
k79_63612	ERR011347_MEGAHIT_TaxVamb.1
k79_63657	ERR011347_MEGAHIT_TaxVamb.1
k79_63693	ERR011347_MEGAHIT_TaxVamb.1
k79_63701	ERR011347_MEGAHIT_TaxVamb.1
k79_64183	ERR011347_MEGAHIT_TaxVamb.1
k79_64231	ERR011347_MEGAHIT_TaxVamb.1
k79_64373	ERR011347_MEGAHIT_TaxVamb.1
k79_64389	ERR011347_MEGAHIT_TaxVamb.1
k79_64414	ERR011347_MEGAHIT_TaxVamb.1
k79_6469	ERR011347_MEGAHIT_TaxVamb.1
k79_64743	ERR011347_MEGAHIT_TaxVamb.1
k79_64788	ERR011347_MEGAHIT_TaxVamb.1
k79_65097	ERR011347_MEGAHIT_TaxVamb.1
k79_65253	ERR011347_MEGAHIT_TaxVamb.1
k79_65413	ERR011347_MEGAHIT_TaxVamb.1
k79_66308	ERR011347_MEGAHIT_TaxVamb.1
k79_66370	ERR011347_MEGAHIT_TaxVamb.1
k79_66421	ERR011347_MEGAHIT_TaxVamb.1
k79_66560	ERR011347_MEGAHIT_TaxVamb.1
k79_66603	ERR011347_MEGAHIT_TaxVamb.1
k79_66688	ERR011347_MEGAHIT_TaxVamb.1
k79_66818	ERR011347_MEGAHIT_TaxVamb.1
k79_67005	ERR011347_MEGAHIT_TaxVamb.1
k79_67050	ERR011347_MEGAHIT_TaxVamb.1
k79_67085	ERR011347_MEGAHIT_TaxVamb.1
k79_67549	ERR011347_MEGAHIT_TaxVamb.1
k79_67706	ERR011347_MEGAHIT_TaxVamb.1
k79_67990	ERR011347_MEGAHIT_TaxVamb.1
k79_68342	ERR011347_MEGAHIT_TaxVamb.1
k79_68349	ERR011347_MEGAHIT_TaxVamb.1
k79_68390	ERR011347_MEGAHIT_TaxVamb.1
k79_68399	ERR011347_MEGAHIT_TaxVamb.1
k79_68424	ERR011347_MEGAHIT_TaxVamb.1
k79_68439	ERR011347_MEGAHIT_TaxVamb.1
k79_68629	ERR011347_MEGAHIT_TaxVamb.1
k79_68782	ERR011347_MEGAHIT_TaxVamb.1
k79_69048	ERR011347_MEGAHIT_TaxVamb.1
k79_69194	ERR011347_MEGAHIT_TaxVamb.1
k79_69421	ERR011347_MEGAHIT_TaxVamb.1
k79_6959	ERR011347_MEGAHIT_TaxVamb.1
k79_69675	ERR011347_MEGAHIT_TaxVamb.1
k79_69895	ERR011347_MEGAHIT_TaxVamb.1
k79_69928	ERR011347_MEGAHIT_TaxVamb.1
k79_70087	ERR011347_MEGAHIT_TaxVamb.1
k79_70152	ERR011347_MEGAHIT_TaxVamb.1
k79_70237	ERR011347_MEGAHIT_TaxVamb.1
k79_70379	ERR011347_MEGAHIT_TaxVamb.1
k79_70696	ERR011347_MEGAHIT_TaxVamb.1
k79_70927	ERR011347_MEGAHIT_TaxVamb.1
k79_70959	ERR011347_MEGAHIT_TaxVamb.1
k79_70973	ERR011347_MEGAHIT_TaxVamb.1
k79_71403	ERR011347_MEGAHIT_TaxVamb.1
k79_71472	ERR011347_MEGAHIT_TaxVamb.1
k79_71734	ERR011347_MEGAHIT_TaxVamb.1
k79_72023	ERR011347_MEGAHIT_TaxVamb.1
k79_72225	ERR011347_MEGAHIT_TaxVamb.1
k79_72251	ERR011347_MEGAHIT_TaxVamb.1
k79_72317	ERR011347_MEGAHIT_TaxVamb.1
k79_7233	ERR011347_MEGAHIT_TaxVamb.1
k79_72338	ERR011347_MEGAHIT_TaxVamb.1
k79_72343	ERR011347_MEGAHIT_TaxVamb.1
k79_72370	ERR011347_MEGAHIT_TaxVamb.1
k79_72772	ERR011347_MEGAHIT_TaxVamb.1
k79_72794	ERR011347_MEGAHIT_TaxVamb.1
k79_72940	ERR011347_MEGAHIT_TaxVamb.1
k79_73148	ERR011347_MEGAHIT_TaxVamb.1
k79_73270	ERR011347_MEGAHIT_TaxVamb.1
k79_73348	ERR011347_MEGAHIT_TaxVamb.1
k79_73682	ERR011347_MEGAHIT_TaxVamb.1
k79_74264	ERR011347_MEGAHIT_TaxVamb.1
k79_74313	ERR011347_MEGAHIT_TaxVamb.1
k79_74385	ERR011347_MEGAHIT_TaxVamb.1
k79_74461	ERR011347_MEGAHIT_TaxVamb.1
k79_74462	ERR011347_MEGAHIT_TaxVamb.1
k79_74558	ERR011347_MEGAHIT_TaxVamb.1
k79_75056	ERR011347_MEGAHIT_TaxVamb.1
k79_75298	ERR011347_MEGAHIT_TaxVamb.1
k79_75564	ERR011347_MEGAHIT_TaxVamb.1
k79_75680	ERR011347_MEGAHIT_TaxVamb.1
k79_75760	ERR011347_MEGAHIT_TaxVamb.1
k79_75975	ERR011347_MEGAHIT_TaxVamb.1
k79_76207	ERR011347_MEGAHIT_TaxVamb.1
k79_76359	ERR011347_MEGAHIT_TaxVamb.1
k79_76364	ERR011347_MEGAHIT_TaxVamb.1
k79_76565	ERR011347_MEGAHIT_TaxVamb.1
k79_76647	ERR011347_MEGAHIT_TaxVamb.1
k79_7689	ERR011347_MEGAHIT_TaxVamb.1
k79_76971	ERR011347_MEGAHIT_TaxVamb.1
k79_77048	ERR011347_MEGAHIT_TaxVamb.1
k79_77661	ERR011347_MEGAHIT_TaxVamb.1
k79_77696	ERR011347_MEGAHIT_TaxVamb.1
k79_77715	ERR011347_MEGAHIT_TaxVamb.1
k79_77847	ERR011347_MEGAHIT_TaxVamb.1
k79_78313	ERR011347_MEGAHIT_TaxVamb.1
k79_78431	ERR011347_MEGAHIT_TaxVamb.1
k79_78462	ERR011347_MEGAHIT_TaxVamb.1
k79_78633	ERR011347_MEGAHIT_TaxVamb.1
k79_78816	ERR011347_MEGAHIT_TaxVamb.1
k79_79008	ERR011347_MEGAHIT_TaxVamb.1
k79_79029	ERR011347_MEGAHIT_TaxVamb.1
k79_79045	ERR011347_MEGAHIT_TaxVamb.1
k79_7913	ERR011347_MEGAHIT_TaxVamb.1
k79_79242	ERR011347_MEGAHIT_TaxVamb.1
k79_79370	ERR011347_MEGAHIT_TaxVamb.1
k79_79379	ERR011347_MEGAHIT_TaxVamb.1
k79_79537	ERR011347_MEGAHIT_TaxVamb.1
k79_79720	ERR011347_MEGAHIT_TaxVamb.1
k79_79951	ERR011347_MEGAHIT_TaxVamb.1
k79_8005	ERR011347_MEGAHIT_TaxVamb.1
k79_80051	ERR011347_MEGAHIT_TaxVamb.1
k79_80142	ERR011347_MEGAHIT_TaxVamb.1
k79_80394	ERR011347_MEGAHIT_TaxVamb.1
k79_80440	ERR011347_MEGAHIT_TaxVamb.1
k79_80777	ERR011347_MEGAHIT_TaxVamb.1
k79_80842	ERR011347_MEGAHIT_TaxVamb.1
k79_80884	ERR011347_MEGAHIT_TaxVamb.1
k79_81025	ERR011347_MEGAHIT_TaxVamb.1
k79_81154	ERR011347_MEGAHIT_TaxVamb.1
k79_81218	ERR011347_MEGAHIT_TaxVamb.1
k79_81519	ERR011347_MEGAHIT_TaxVamb.1
k79_81723	ERR011347_MEGAHIT_TaxVamb.1
k79_82069	ERR011347_MEGAHIT_TaxVamb.1
k79_82079	ERR011347_MEGAHIT_TaxVamb.1
k79_82434	ERR011347_MEGAHIT_TaxVamb.1
k79_82537	ERR011347_MEGAHIT_TaxVamb.1
k79_82590	ERR011347_MEGAHIT_TaxVamb.1
k79_82608	ERR011347_MEGAHIT_TaxVamb.1
k79_83465	ERR011347_MEGAHIT_TaxVamb.1
k79_83739	ERR011347_MEGAHIT_TaxVamb.1
k79_83819	ERR011347_MEGAHIT_TaxVamb.1
k79_83886	ERR011347_MEGAHIT_TaxVamb.1
k79_83904	ERR011347_MEGAHIT_TaxVamb.1
k79_84783	ERR011347_MEGAHIT_TaxVamb.1
k79_84878	ERR011347_MEGAHIT_TaxVamb.1
k79_84885	ERR011347_MEGAHIT_TaxVamb.1
k79_84896	ERR011347_MEGAHIT_TaxVamb.1
k79_84996	ERR011347_MEGAHIT_TaxVamb.1
k79_85264	ERR011347_MEGAHIT_TaxVamb.1
k79_85374	ERR011347_MEGAHIT_TaxVamb.1
k79_85487	ERR011347_MEGAHIT_TaxVamb.1
k79_85683	ERR011347_MEGAHIT_TaxVamb.1
k79_86026	ERR011347_MEGAHIT_TaxVamb.1
k79_86103	ERR011347_MEGAHIT_TaxVamb.1
k79_86513	ERR011347_MEGAHIT_TaxVamb.1
k79_86563	ERR011347_MEGAHIT_TaxVamb.1
k79_86965	ERR011347_MEGAHIT_TaxVamb.1
k79_87269	ERR011347_MEGAHIT_TaxVamb.1
k79_87275	ERR011347_MEGAHIT_TaxVamb.1
k79_87412	ERR011347_MEGAHIT_TaxVamb.1
k79_87507	ERR011347_MEGAHIT_TaxVamb.1
k79_87601	ERR011347_MEGAHIT_TaxVamb.1
k79_87716	ERR011347_MEGAHIT_TaxVamb.1
k79_88029	ERR011347_MEGAHIT_TaxVamb.1
k79_8807	ERR011347_MEGAHIT_TaxVamb.1
k79_8811	ERR011347_MEGAHIT_TaxVamb.1
k79_88184	ERR011347_MEGAHIT_TaxVamb.1
k79_8819	ERR011347_MEGAHIT_TaxVamb.1
k79_88295	ERR011347_MEGAHIT_TaxVamb.1
k79_88986	ERR011347_MEGAHIT_TaxVamb.1
k79_89250	ERR011347_MEGAHIT_TaxVamb.1
k79_89294	ERR011347_MEGAHIT_TaxVamb.1
k79_89344	ERR011347_MEGAHIT_TaxVamb.1
k79_89446	ERR011347_MEGAHIT_TaxVamb.1
k79_89500	ERR011347_MEGAHIT_TaxVamb.1
k79_89580	ERR011347_MEGAHIT_TaxVamb.1
k79_89730	ERR011347_MEGAHIT_TaxVamb.1
k79_89816	ERR011347_MEGAHIT_TaxVamb.1
k79_89861	ERR011347_MEGAHIT_TaxVamb.1
k79_89892	ERR011347_MEGAHIT_TaxVamb.1
k79_89945	ERR011347_MEGAHIT_TaxVamb.1
k79_90037	ERR011347_MEGAHIT_TaxVamb.1
k79_90069	ERR011347_MEGAHIT_TaxVamb.1
k79_90134	ERR011347_MEGAHIT_TaxVamb.1
k79_9026	ERR011347_MEGAHIT_TaxVamb.1
k79_90278	ERR011347_MEGAHIT_TaxVamb.1
k79_90321	ERR011347_MEGAHIT_TaxVamb.1
k79_90347	ERR011347_MEGAHIT_TaxVamb.1
k79_90463	ERR011347_MEGAHIT_TaxVamb.1
k79_90485	ERR011347_MEGAHIT_TaxVamb.1
k79_90659	ERR011347_MEGAHIT_TaxVamb.1
k79_91078	ERR011347_MEGAHIT_TaxVamb.1
k79_91278	ERR011347_MEGAHIT_TaxVamb.1
k79_91548	ERR011347_MEGAHIT_TaxVamb.1
k79_91592	ERR011347_MEGAHIT_TaxVamb.1
k79_92058	ERR011347_MEGAHIT_TaxVamb.1
k79_92110	ERR011347_MEGAHIT_TaxVamb.1
k79_92259	ERR011347_MEGAHIT_TaxVamb.1
k79_92402	ERR011347_MEGAHIT_TaxVamb.1
k79_92491	ERR011347_MEGAHIT_TaxVamb.1
k79_92649	ERR011347_MEGAHIT_TaxVamb.1
k79_93250	ERR011347_MEGAHIT_TaxVamb.1
k79_93532	ERR011347_MEGAHIT_TaxVamb.1
k79_93613	ERR011347_MEGAHIT_TaxVamb.1
k79_93627	ERR011347_MEGAHIT_TaxVamb.1
k79_93657	ERR011347_MEGAHIT_TaxVamb.1
k79_93739	ERR011347_MEGAHIT_TaxVamb.1
k79_93758	ERR011347_MEGAHIT_TaxVamb.1
k79_93973	ERR011347_MEGAHIT_TaxVamb.1
k79_94242	ERR011347_MEGAHIT_TaxVamb.1
k79_94576	ERR011347_MEGAHIT_TaxVamb.1
k79_94648	ERR011347_MEGAHIT_TaxVamb.1
k79_94661	ERR011347_MEGAHIT_TaxVamb.1
k79_94785	ERR011347_MEGAHIT_TaxVamb.1
k79_94787	ERR011347_MEGAHIT_TaxVamb.1
k79_94992	ERR011347_MEGAHIT_TaxVamb.1
k79_95345	ERR011347_MEGAHIT_TaxVamb.1
k79_95506	ERR011347_MEGAHIT_TaxVamb.1
k79_95739	ERR011347_MEGAHIT_TaxVamb.1
k79_95847	ERR011347_MEGAHIT_TaxVamb.1
k79_95852	ERR011347_MEGAHIT_TaxVamb.1
k79_95871	ERR011347_MEGAHIT_TaxVamb.1
k79_95907	ERR011347_MEGAHIT_TaxVamb.1
k79_96112	ERR011347_MEGAHIT_TaxVamb.1
k79_96184	ERR011347_MEGAHIT_TaxVamb.1
k79_96449	ERR011347_MEGAHIT_TaxVamb.1
k79_96651	ERR011347_MEGAHIT_TaxVamb.1
k79_96970	ERR011347_MEGAHIT_TaxVamb.1
k79_97028	ERR011347_MEGAHIT_TaxVamb.1
k79_97083	ERR011347_MEGAHIT_TaxVamb.1
k79_97090	ERR011347_MEGAHIT_TaxVamb.1
k79_97114	ERR011347_MEGAHIT_TaxVamb.1
k79_97197	ERR011347_MEGAHIT_TaxVamb.1
k79_9833	ERR011347_MEGAHIT_TaxVamb.1
k79_9874	ERR011347_MEGAHIT_TaxVamb.1
k79_9911	ERR011347_MEGAHIT_TaxVamb.1
k79_10211	unbinned
k79_10381	unbinned
k79_10389	unbinned
k79_10447	unbinned
k79_10461	unbinned
k79_10723	unbinned
k79_10776	unbinned
k79_10799	unbinned
k79_108	unbinned
k79_10865	unbinned
k79_11013	unbinned
k79_11296	unbinned
k79_11330	unbinned
k79_11439	unbinned
k79_11857	unbinned
k79_11940	unbinned
k79_11985	unbinned
k79_12010	unbinned
k79_12076	unbinned
k79_12086	unbinned
k79_12443	unbinned
k79_12456	unbinned
k79_12570	unbinned
k79_12578	unbinned
k79_12591	unbinned
k79_12638	unbinned
k79_1289	unbinned
k79_12933	unbinned
k79_12937	unbinned
k79_13069	unbinned
k79_13183	unbinned
k79_13218	unbinned
k79_1328	unbinned
k79_13452	unbinned
k79_13594	unbinned
k79_13597	unbinned
k79_13612	unbinned
k79_13868	unbinned
k79_13886	unbinned
k79_14020	unbinned
k79_14065	unbinned
k79_14093	unbinned
k79_14178	unbinned
k79_14257	unbinned
k79_14277	unbinned
k79_14302	unbinned
k79_14319	unbinned
k79_144	unbinned
k79_14454	unbinned
k79_1451	unbinned
k79_14613	unbinned
k79_14757	unbinned
k79_14919	unbinned
k79_14973	unbinned
k79_1500	unbinned
k79_15152	unbinned
k79_15221	unbinned
k79_15452	unbinned
k79_15497	unbinned
k79_15799	unbinned
k79_1592	unbinned
k79_16002	unbinned
k79_16038	unbinned
k79_16087	unbinned
k79_16190	unbinned
k79_16228	unbinned
k79_16374	unbinned
k79_16378	unbinned
k79_16400	unbinned
k79_16419	unbinned
k79_16471	unbinned
k79_16515	unbinned
k79_16518	unbinned
k79_16523	unbinned
k79_16553	unbinned
k79_16685	unbinned
k79_16733	unbinned
k79_16844	unbinned
k79_16868	unbinned
k79_16878	unbinned
k79_16931	unbinned
k79_16992	unbinned
k79_17018	unbinned
k79_17399	unbinned
k79_17482	unbinned
k79_17495	unbinned
k79_17536	unbinned
k79_17592	unbinned
k79_17616	unbinned
k79_17631	unbinned
k79_17677	unbinned
k79_17782	unbinned
k79_17956	unbinned
k79_17975	unbinned
k79_18029	unbinned
k79_18151	unbinned
k79_18188	unbinned
k79_18349	unbinned
k79_18374	unbinned
k79_18384	unbinned
k79_18518	unbinned
k79_18593	unbinned
k79_18599	unbinned
k79_18647	unbinned
k79_18708	unbinned
k79_18802	unbinned
k79_1882	unbinned
k79_1889	unbinned
k79_19029	unbinned
k79_19155	unbinned
k79_19197	unbinned
k79_19757	unbinned
k79_19761	unbinned
k79_19773	unbinned
k79_19845	unbinned
k79_19855	unbinned
k79_19927	unbinned
k79_20124	unbinned
k79_2028	unbinned
k79_20360	unbinned
k79_2041	unbinned
k79_20483	unbinned
k79_20501	unbinned
k79_20555	unbinned
k79_2056	unbinned
k79_20579	unbinned
k79_20742	unbinned
k79_20988	unbinned
k79_21008	unbinned
k79_21062	unbinned
k79_21297	unbinned
k79_21386	unbinned
k79_21623	unbinned
k79_21627	unbinned
k79_21709	unbinned
k79_22169	unbinned
k79_22234	unbinned
k79_22314	unbinned
k79_22332	unbinned
k79_22443	unbinned
k79_22693	unbinned
k79_22745	unbinned
k79_2278	unbinned
k79_22808	unbinned
k79_22865	unbinned
k79_23030	unbinned
k79_23237	unbinned
k79_23245	unbinned
k79_23270	unbinned
k79_2331	unbinned
k79_23505	unbinned
k79_23506	unbinned
k79_23628	unbinned
k79_23634	unbinned
k79_23760	unbinned
k79_23817	unbinned
k79_23917	unbinned
k79_23966	unbinned
k79_24014	unbinned
k79_24093	unbinned
k79_24167	unbinned
k79_24215	unbinned
k79_24272	unbinned
k79_24345	unbinned
k79_24365	unbinned
k79_24376	unbinned
k79_24470	unbinned
k79_24489	unbinned
k79_24550	unbinned
k79_24631	unbinned
k79_24814	unbinned
k79_24876	unbinned
k79_24896	unbinned
k79_24930	unbinned
k79_25006	unbinned
k79_25096	unbinned
k79_25194	unbinned
k79_25343	unbinned
k79_25612	unbinned
k79_25940	unbinned
k79_26053	unbinned
k79_26107	unbinned
k79_26162	unbinned
k79_26280	unbinned
k79_26540	unbinned
k79_26738	unbinned
k79_26790	unbinned
k79_26840	unbinned
k79_26992	unbinned
k79_27127	unbinned
k79_27326	unbinned
k79_27489	unbinned
k79_27506	unbinned
k79_27818	unbinned
k79_28000	unbinned
k79_28032	unbinned
k79_28206	unbinned
k79_28241	unbinned
k79_28249	unbinned
k79_28403	unbinned
k79_28475	unbinned
k79_28479	unbinned
k79_28483	unbinned
k79_28682	unbinned
k79_28738	unbinned
k79_28739	unbinned
k79_28926	unbinned
k79_28945	unbinned
k79_29388	unbinned
k79_29389	unbinned
k79_2944	unbinned
k79_2946	unbinned
k79_29580	unbinned
k79_29641	unbinned
k79_29805	unbinned
k79_29879	unbinned
k79_2990	unbinned
k79_29947	unbinned
k79_300	unbinned
k79_30102	unbinned
k79_30116	unbinned
k79_30283	unbinned
k79_30323	unbinned
k79_30356	unbinned
k79_30595	unbinned
k79_30639	unbinned
k79_30725	unbinned
k79_30751	unbinned
k79_31041	unbinned
k79_31319	unbinned
k79_31422	unbinned
k79_31431	unbinned
k79_31539	unbinned
k79_31797	unbinned
k79_31965	unbinned
k79_32059	unbinned
k79_32101	unbinned
k79_32190	unbinned
k79_32228	unbinned
k79_32375	unbinned
k79_32416	unbinned
k79_3244	unbinned
k79_32487	unbinned
k79_32506	unbinned
k79_32663	unbinned
k79_32664	unbinned
k79_32671	unbinned
k79_32738	unbinned
k79_32767	unbinned
k79_32772	unbinned
k79_32857	unbinned
k79_33037	unbinned
k79_33045	unbinned
k79_33263	unbinned
k79_33465	unbinned
k79_33837	unbinned
k79_33910	unbinned
k79_33948	unbinned
k79_3418	unbinned
k79_3420	unbinned
k79_34347	unbinned
k79_34375	unbinned
k79_34475	unbinned
k79_34610	unbinned
k79_34619	unbinned
k79_34768	unbinned
k79_34826	unbinned
k79_34828	unbinned
k79_34867	unbinned
k79_34991	unbinned
k79_35166	unbinned
k79_35307	unbinned
k79_35341	unbinned
k79_3548	unbinned
k79_35508	unbinned
k79_35574	unbinned
k79_35624	unbinned
k79_35744	unbinned
k79_35780	unbinned
k79_35809	unbinned
k79_36022	unbinned
k79_36042	unbinned
k79_36069	unbinned
k79_36102	unbinned
k79_36162	unbinned
k79_36393	unbinned
k79_36613	unbinned
k79_36821	unbinned
k79_36826	unbinned
k79_3683	unbinned
k79_36831	unbinned
k79_36857	unbinned
k79_36863	unbinned
k79_36886	unbinned
k79_36985	unbinned
k79_36989	unbinned
k79_37040	unbinned
k79_37057	unbinned
k79_37064	unbinned
k79_37126	unbinned
k79_37172	unbinned
k79_37233	unbinned
k79_3726	unbinned
k79_37279	unbinned
k79_37390	unbinned
k79_37476	unbinned
k79_37499	unbinned
k79_37537	unbinned
k79_37544	unbinned
k79_37644	unbinned
k79_37745	unbinned
k79_3776	unbinned
k79_37773	unbinned
k79_37866	unbinned
k79_37909	unbinned
k79_37981	unbinned
k79_38047	unbinned
k79_38051	unbinned
k79_38103	unbinned
k79_38209	unbinned
k79_38333	unbinned
k79_38693	unbinned
k79_38829	unbinned
k79_39021	unbinned
k79_39043	unbinned
k79_39061	unbinned
k79_39405	unbinned
k79_3947	unbinned
k79_39564	unbinned
k79_39620	unbinned
k79_39681	unbinned
k79_39943	unbinned
k79_39969	unbinned
k79_40077	unbinned
k79_4019	unbinned
k79_40344	unbinned
k79_40490	unbinned
k79_40506	unbinned
k79_40533	unbinned
k79_40724	unbinned
k79_40774	unbinned
k79_40834	unbinned
k79_40913	unbinned
k79_41180	unbinned
k79_41284	unbinned
k79_41386	unbinned
k79_41528	unbinned
k79_42063	unbinned
k79_42065	unbinned
k79_42112	unbinned
k79_42177	unbinned
k79_42349	unbinned
k79_42396	unbinned
k79_42442	unbinned
k79_42600	unbinned
k79_42624	unbinned
k79_42669	unbinned
k79_42972	unbinned
k79_43296	unbinned
k79_43298	unbinned
k79_43393	unbinned
k79_43396	unbinned
k79_43415	unbinned
k79_43522	unbinned
k79_43654	unbinned
k79_43744	unbinned
k79_43792	unbinned
k79_43817	unbinned
k79_43990	unbinned
k79_44013	unbinned
k79_44119	unbinned
k79_44235	unbinned
k79_44269	unbinned
k79_44506	unbinned
k79_44529	unbinned
k79_44621	unbinned
k79_44736	unbinned
k79_44750	unbinned
k79_4484	unbinned
k79_44922	unbinned
k79_45100	unbinned
k79_45474	unbinned
k79_45481	unbinned
k79_45517	unbinned
k79_4567	unbinned
k79_45752	unbinned
k79_45796	unbinned
k79_45813	unbinned
k79_45887	unbinned
k79_4606	unbinned
k79_46127	unbinned
k79_46358	unbinned
k79_46459	unbinned
k79_46600	unbinned
k79_4680	unbinned
k79_46880	unbinned
k79_46970	unbinned
k79_47101	unbinned
k79_47110	unbinned
k79_47261	unbinned
k79_47330	unbinned
k79_47464	unbinned
k79_47584	unbinned
k79_47794	unbinned
k79_48007	unbinned
k79_48105	unbinned
k79_48112	unbinned
k79_48159	unbinned
k79_48175	unbinned
k79_4827	unbinned
k79_48442	unbinned
k79_48623	unbinned
k79_48665	unbinned
k79_48731	unbinned
k79_48765	unbinned
k79_48811	unbinned
k79_49067	unbinned
k79_49095	unbinned
k79_49234	unbinned
k79_49316	unbinned
k79_49518	unbinned
k79_49854	unbinned
k79_49979	unbinned
k79_50066	unbinned
k79_50460	unbinned
k79_5068	unbinned
k79_50723	unbinned
k79_50871	unbinned
k79_50930	unbinned
k79_50966	unbinned
k79_51031	unbinned
k79_51131	unbinned
k79_51416	unbinned
k79_51476	unbinned
k79_51523	unbinned
k79_51593	unbinned
k79_51624	unbinned
k79_51660	unbinned
k79_51719	unbinned
k79_51736	unbinned
k79_51742	unbinned
k79_51808	unbinned
k79_51976	unbinned
k79_52326	unbinned
k79_52334	unbinned
k79_52389	unbinned
k79_52403	unbinned
k79_5245	unbinned
k79_52656	unbinned
k79_52748	unbinned
k79_5289	unbinned
k79_53098	unbinned
k79_5312	unbinned
k79_53411	unbinned
k79_53670	unbinned
k79_53762	unbinned
k79_53765	unbinned
k79_53861	unbinned
k79_53901	unbinned
k79_53943	unbinned
k79_54091	unbinned
k79_54128	unbinned
k79_54328	unbinned
k79_54455	unbinned
k79_5446	unbinned
k79_5469	unbinned
k79_54690	unbinned
k79_54806	unbinned
k79_54995	unbinned
k79_55090	unbinned
k79_55172	unbinned
k79_55291	unbinned
k79_55492	unbinned
k79_55606	unbinned
k79_55970	unbinned
k79_56212	unbinned
k79_56510	unbinned
k79_56527	unbinned
k79_566	unbinned
k79_56710	unbinned
k79_56820	unbinned
k79_56874	unbinned
k79_5700	unbinned
k79_57026	unbinned
k79_57172	unbinned
k79_57280	unbinned
k79_57312	unbinned
k79_57318	unbinned
k79_57463	unbinned
k79_57485	unbinned
k79_57648	unbinned
k79_57725	unbinned
k79_5777	unbinned
k79_58055	unbinned
k79_58144	unbinned
k79_58336	unbinned
k79_58501	unbinned
k79_58560	unbinned
k79_588	unbinned
k79_58873	unbinned
k79_58955	unbinned
k79_58975	unbinned
k79_59016	unbinned
k79_59180	unbinned
k79_59272	unbinned
k79_59369	unbinned
k79_59540	unbinned
k79_59635	unbinned
k79_59770	unbinned
k79_59788	unbinned
k79_59935	unbinned
k79_59976	unbinned
k79_60142	unbinned
k79_60263	unbinned
k79_60284	unbinned
k79_60409	unbinned
k79_60555	unbinned
k79_60929	unbinned
k79_60987	unbinned
k79_61046	unbinned
k79_6121	unbinned
k79_61340	unbinned
k79_61842	unbinned
k79_61844	unbinned
k79_62019	unbinned
k79_62105	unbinned
k79_62299	unbinned
k79_6234	unbinned
k79_62596	unbinned
k79_62611	unbinned
k79_62640	unbinned
k79_62765	unbinned
k79_62903	unbinned
k79_63047	unbinned
k79_63221	unbinned
k79_63532	unbinned
k79_63831	unbinned
k79_63848	unbinned
k79_63975	unbinned
k79_64034	unbinned
k79_64125	unbinned
k79_64150	unbinned
k79_64157	unbinned
k79_64276	unbinned
k79_64620	unbinned
k79_64776	unbinned
k79_6479	unbinned
k79_64961	unbinned
k79_64968	unbinned
k79_6522	unbinned
k79_65240	unbinned
k79_65298	unbinned
k79_65341	unbinned
k79_65525	unbinned
k79_65592	unbinned
k79_65642	unbinned
k79_65823	unbinned
k79_65871	unbinned
k79_65886	unbinned
k79_66030	unbinned
k79_66063	unbinned
k79_66070	unbinned
k79_6609	unbinned
k79_66113	unbinned
k79_66180	unbinned
k79_66217	unbinned
k79_6644	unbinned
k79_66444	unbinned
k79_66586	unbinned
k79_66930	unbinned
k79_67136	unbinned
k79_67192	unbinned
k79_67363	unbinned
k79_6755	unbinned
k79_67556	unbinned
k79_67601	unbinned
k79_67630	unbinned
k79_67737	unbinned
k79_67803	unbinned
k79_68199	unbinned
k79_68256	unbinned
k79_68361	unbinned
k79_68709	unbinned
k79_6875	unbinned
k79_68964	unbinned
k79_6897	unbinned
k79_6901	unbinned
k79_69418	unbinned
k79_69452	unbinned
k79_69510	unbinned
k79_69577	unbinned
k79_69726	unbinned
k79_69957	unbinned
k79_70151	unbinned
k79_7017	unbinned
k79_70328	unbinned
k79_70344	unbinned
k79_70638	unbinned
k79_70675	unbinned
k79_70692	unbinned
k79_70760	unbinned
k79_70914	unbinned
k79_7122	unbinned
k79_7125	unbinned
k79_7132	unbinned
k79_71409	unbinned
k79_71440	unbinned
k79_71450	unbinned
k79_71512	unbinned
k79_71544	unbinned
k79_71775	unbinned
k79_71849	unbinned
k79_71907	unbinned
k79_72126	unbinned
k79_72180	unbinned
k79_72564	unbinned
k79_72661	unbinned
k79_72806	unbinned
k79_72814	unbinned
k79_72923	unbinned
k79_72953	unbinned
k79_73	unbinned
k79_73034	unbinned
k79_73133	unbinned
k79_73155	unbinned
k79_73184	unbinned
k79_73213	unbinned
k79_73298	unbinned
k79_73347	unbinned
k79_73410	unbinned
k79_73512	unbinned
k79_73525	unbinned
k79_73565	unbinned
k79_73737	unbinned
k79_73916	unbinned
k79_73952	unbinned
k79_74064	unbinned
k79_74073	unbinned
k79_74219	unbinned
k79_74394	unbinned
k79_74521	unbinned
k79_74667	unbinned
k79_74930	unbinned
k79_74940	unbinned
k79_74955	unbinned
k79_74967	unbinned
k79_74975	unbinned
k79_750	unbinned
k79_75028	unbinned
k79_75204	unbinned
k79_753	unbinned
k79_75335	unbinned
k79_75367	unbinned
k79_7539	unbinned
k79_75408	unbinned
k79_75606	unbinned
k79_75673	unbinned
k79_75722	unbinned
k79_76026	unbinned
k79_76053	unbinned
k79_7632	unbinned
k79_76403	unbinned
k79_76508	unbinned
k79_76696	unbinned
k79_7676	unbinned
k79_77053	unbinned
k79_77113	unbinned
k79_7745	unbinned
k79_77459	unbinned
k79_77516	unbinned
k79_77774	unbinned
k79_77795	unbinned
k79_77842	unbinned
k79_77944	unbinned
k79_78012	unbinned
k79_78019	unbinned
k79_78034	unbinned
k79_78180	unbinned
k79_78196	unbinned
k79_78249	unbinned
k79_78320	unbinned
k79_78594	unbinned
k79_78651	unbinned
k79_78654	unbinned
k79_78795	unbinned
k79_78968	unbinned
k79_79295	unbinned
k79_79299	unbinned
k79_79317	unbinned
k79_79325	unbinned
k79_79431	unbinned
k79_7945	unbinned
k79_79563	unbinned
k79_79945	unbinned
k79_80012	unbinned
k79_80146	unbinned
k79_8027	unbinned
k79_80458	unbinned
k79_80812	unbinned
k79_80950	unbinned
k79_80997	unbinned
k79_81066	unbinned
k79_81271	unbinned
k79_81635	unbinned
k79_81687	unbinned
k79_8199	unbinned
k79_82003	unbinned
k79_82070	unbinned
k79_82167	unbinned
k79_82189	unbinned
k79_82343	unbinned
k79_82399	unbinned
k79_82786	unbinned
k79_82916	unbinned
k79_8298	unbinned
k79_83106	unbinned
k79_8314	unbinned
k79_83197	unbinned
k79_83244	unbinned
k79_83246	unbinned
k79_83272	unbinned
k79_83630	unbinned
k79_83712	unbinned
k79_83741	unbinned
k79_83756	unbinned
k79_83780	unbinned
k79_83868	unbinned
k79_83872	unbinned
k79_84274	unbinned
k79_8439	unbinned
k79_84495	unbinned
k79_84631	unbinned
k79_84702	unbinned
k79_84809	unbinned
k79_84968	unbinned
k79_85238	unbinned
k79_85251	unbinned
k79_85369	unbinned
k79_85555	unbinned
k79_85573	unbinned
k79_85613	unbinned
k79_85635	unbinned
k79_85758	unbinned
k79_85796	unbinned
k79_85851	unbinned
k79_85997	unbinned
k79_86162	unbinned
k79_8629	unbinned
k79_86571	unbinned
k79_86719	unbinned
k79_868	unbinned
k79_86896	unbinned
k79_86997	unbinned
k79_87062	unbinned
k79_87088	unbinned
k79_87196	unbinned
k79_87464	unbinned
k79_87508	unbinned
k79_87659	unbinned
k79_87672	unbinned
k79_87676	unbinned
k79_8768	unbinned
k79_8781	unbinned
k79_87951	unbinned
k79_88008	unbinned
k79_88037	unbinned
k79_88404	unbinned
k79_8843	unbinned
k79_88537	unbinned
k79_88600	unbinned
k79_8887	unbinned
k79_88894	unbinned
k79_89004	unbinned
k79_89056	unbinned
k79_89292	unbinned
k79_89432	unbinned
k79_89842	unbinned
k79_90071	unbinned
k79_90354	unbinned
k79_9047	unbinned
k79_90680	unbinned
k79_91098	unbinned
k79_91127	unbinned
k79_9120	unbinned
k79_91273	unbinned
k79_91498	unbinned
k79_91504	unbinned
k79_91556	unbinned
k79_91576	unbinned
k79_91694	unbinned
k79_91737	unbinned
k79_91828	unbinned
k79_91982	unbinned
k79_91992	unbinned
k79_92050	unbinned
k79_92170	unbinned
k79_922	unbinned
k79_92343	unbinned
k79_92567	unbinned
k79_9259	unbinned
k79_9264	unbinned
k79_92871	unbinned
k79_93107	unbinned
k79_93115	unbinned
k79_93272	unbinned
k79_93767	unbinned
k79_9391	unbinned
k79_94005	unbinned
k79_94052	unbinned
k79_94250	unbinned
k79_94297	unbinned
k79_94469	unbinned
k79_94509	unbinned
k79_94571	unbinned
k79_94580	unbinned
k79_94620	unbinned
k79_95015	unbinned
k79_95066	unbinned
k79_95084	unbinned
k79_95445	unbinned
k79_95594	unbinned
k79_95629	unbinned
k79_958	unbinned
k79_96331	unbinned
k79_9718	unbinned
k79_9745	unbinned
k79_9771	unbinned
k79_9783	unbinned
k79_9798	unbinned
k79_9950	unbinned
k79_1022	unbinned
k79_10412	unbinned
k79_10428	unbinned
k79_10469	unbinned
k79_10653	unbinned
k79_10844	unbinned
k79_11197	unbinned
k79_11228	unbinned
k79_11292	unbinned
k79_11312	unbinned
k79_11373	unbinned
k79_11630	unbinned
k79_11703	unbinned
k79_11932	unbinned
k79_11960	unbinned
k79_12042	unbinned
k79_12090	unbinned
k79_12116	unbinned
k79_12197	unbinned
k79_12479	unbinned
k79_12667	unbinned
k79_12740	unbinned
k79_12765	unbinned
k79_12963	unbinned
k79_13147	unbinned
k79_13170	unbinned
k79_13382	unbinned
k79_13643	unbinned
k79_13677	unbinned
k79_13782	unbinned
k79_14029	unbinned
k79_14198	unbinned
k79_14254	unbinned
k79_14435	unbinned
k79_14459	unbinned
k79_14489	unbinned
k79_14508	unbinned
k79_14646	unbinned
k79_14801	unbinned
k79_14882	unbinned
k79_14888	unbinned
k79_1491	unbinned
k79_14991	unbinned
k79_15009	unbinned
k79_1517	unbinned
k79_15191	unbinned
k79_15455	unbinned
k79_15464	unbinned
k79_1559	unbinned
k79_15636	unbinned
k79_15664	unbinned
k79_1572	unbinned
k79_15784	unbinned
k79_15856	unbinned
k79_159	unbinned
k79_15950	unbinned
k79_15966	unbinned
k79_16215	unbinned
k79_16298	unbinned
k79_16310	unbinned
k79_16392	unbinned
k79_16682	unbinned
k79_16932	unbinned
k79_16972	unbinned
k79_17042	unbinned
k79_17196	unbinned
k79_17197	unbinned
k79_17199	unbinned
k79_17237	unbinned
k79_1726	unbinned
k79_17331	unbinned
k79_17554	unbinned
k79_17555	unbinned
k79_17744	unbinned
k79_1781	unbinned
k79_17861	unbinned
k79_1789	unbinned
k79_17992	unbinned
k79_18071	unbinned
k79_18093	unbinned
k79_18555	unbinned
k79_18559	unbinned
k79_18582	unbinned
k79_18596	unbinned
k79_18625	unbinned
k79_18626	unbinned
k79_18680	unbinned
k79_18775	unbinned
k79_18864	unbinned
k79_18989	unbinned
k79_18994	unbinned
k79_19066	unbinned
k79_19292	unbinned
k79_19368	unbinned
k79_19604	unbinned
k79_19681	unbinned
k79_19741	unbinned
k79_19799	unbinned
k79_19817	unbinned
k79_1986	unbinned
k79_19951	unbinned
k79_20166	unbinned
k79_20229	unbinned
k79_20258	unbinned
k79_20266	unbinned
k79_20389	unbinned
k79_20513	unbinned
k79_20559	unbinned
k79_20624	unbinned
k79_20647	unbinned
k79_20669	unbinned
k79_20864	unbinned
k79_20896	unbinned
k79_20910	unbinned
k79_20922	unbinned
k79_21022	unbinned
k79_21504	unbinned
k79_21554	unbinned
k79_21570	unbinned
k79_21633	unbinned
k79_21677	unbinned
k79_21686	unbinned
k79_21750	unbinned
k79_21831	unbinned
k79_22060	unbinned
k79_22119	unbinned
k79_22123	unbinned
k79_2217	unbinned
k79_22206	unbinned
k79_22310	unbinned
k79_22378	unbinned
k79_22682	unbinned
k79_22780	unbinned
k79_2287	unbinned
k79_2289	unbinned
k79_22971	unbinned
k79_22992	unbinned
k79_23168	unbinned
k79_233	unbinned
k79_23351	unbinned
k79_23442	unbinned
k79_2348	unbinned
k79_23715	unbinned
k79_23743	unbinned
k79_23835	unbinned
k79_2402	unbinned
k79_24046	unbinned
k79_24201	unbinned
k79_24401	unbinned
k79_24569	unbinned
k79_24651	unbinned
k79_24667	unbinned
k79_24998	unbinned
k79_25193	unbinned
k79_25223	unbinned
k79_25272	unbinned
k79_25507	unbinned
k79_2558	unbinned
k79_25625	unbinned
k79_25640	unbinned
k79_25658	unbinned
k79_25685	unbinned
k79_2570	unbinned
k79_25712	unbinned
k79_25727	unbinned
k79_26020	unbinned
k79_26096	unbinned
k79_26109	unbinned
k79_26121	unbinned
k79_26183	unbinned
k79_26739	unbinned
k79_26772	unbinned
k79_26927	unbinned
k79_26993	unbinned
k79_26995	unbinned
k79_27040	unbinned
k79_27065	unbinned
k79_27126	unbinned
k79_27146	unbinned
k79_27202	unbinned
k79_27277	unbinned
k79_27446	unbinned
k79_27455	unbinned
k79_27462	unbinned
k79_27475	unbinned
k79_27630	unbinned
k79_27695	unbinned
k79_27756	unbinned
k79_27801	unbinned
k79_28148	unbinned
k79_28259	unbinned
k79_28270	unbinned
k79_28292	unbinned
k79_284	unbinned
k79_28548	unbinned
k79_28581	unbinned
k79_286	unbinned
k79_28632	unbinned
k79_28718	unbinned
k79_28804	unbinned
k79_28869	unbinned
k79_28935	unbinned
k79_28943	unbinned
k79_28975	unbinned
k79_29014	unbinned
k79_29302	unbinned
k79_29321	unbinned
k79_29336	unbinned
k79_29475	unbinned
k79_29479	unbinned
k79_29506	unbinned
k79_29539	unbinned
k79_29554	unbinned
k79_29557	unbinned
k79_29624	unbinned
k79_29930	unbinned
k79_29953	unbinned
k79_30076	unbinned
k79_30499	unbinned
k79_3050	unbinned
k79_30811	unbinned
k79_30908	unbinned
k79_31032	unbinned
k79_31076	unbinned
k79_31133	unbinned
k79_31194	unbinned
k79_3127	unbinned
k79_31339	unbinned
k79_31449	unbinned
k79_31611	unbinned
k79_31722	unbinned
k79_31752	unbinned
k79_31779	unbinned
k79_31864	unbinned
k79_3201	unbinned
k79_32238	unbinned
k79_32293	unbinned
k79_32316	unbinned
k79_32447	unbinned
k79_32586	unbinned
k79_32613	unbinned
k79_32667	unbinned
k79_32866	unbinned
k79_32879	unbinned
k79_3289	unbinned
k79_33121	unbinned
k79_33183	unbinned
k79_33209	unbinned
k79_33474	unbinned
k79_33540	unbinned
k79_33542	unbinned
k79_33739	unbinned
k79_33887	unbinned
k79_34031	unbinned
k79_34104	unbinned
k79_34226	unbinned
k79_34245	unbinned
k79_34292	unbinned
k79_34316	unbinned
k79_34344	unbinned
k79_34376	unbinned
k79_34494	unbinned
k79_34696	unbinned
k79_34725	unbinned
k79_34753	unbinned
k79_34761	unbinned
k79_34876	unbinned
k79_34929	unbinned
k79_3502	unbinned
k79_35150	unbinned
k79_35249	unbinned
k79_35283	unbinned
k79_35392	unbinned
k79_3562	unbinned
k79_35626	unbinned
k79_35713	unbinned
k79_35782	unbinned
k79_35808	unbinned
k79_35888	unbinned
k79_35889	unbinned
k79_35927	unbinned
k79_36017	unbinned
k79_36026	unbinned
k79_36039	unbinned
k79_36055	unbinned
k79_36121	unbinned
k79_3613	unbinned
k79_36214	unbinned
k79_36450	unbinned
k79_36483	unbinned
k79_3670	unbinned
k79_36709	unbinned
k79_36773	unbinned
k79_37185	unbinned
k79_37292	unbinned
k79_37393	unbinned
k79_37468	unbinned
k79_37582	unbinned
k79_37610	unbinned
k79_37697	unbinned
k79_3784	unbinned
k79_37880	unbinned
k79_38045	unbinned
k79_38283	unbinned
k79_38671	unbinned
k79_38710	unbinned
k79_38849	unbinned
k79_38866	unbinned
k79_38895	unbinned
k79_38935	unbinned
k79_39048	unbinned
k79_39129	unbinned
k79_39166	unbinned
k79_39191	unbinned
k79_39244	unbinned
k79_39250	unbinned
k79_39282	unbinned
k79_39377	unbinned
k79_39391	unbinned
k79_3946	unbinned
k79_39495	unbinned
k79_39665	unbinned
k79_39731	unbinned
k79_39928	unbinned
k79_40029	unbinned
k79_40092	unbinned
k79_40365	unbinned
k79_4037	unbinned
k79_40424	unbinned
k79_40455	unbinned
k79_40465	unbinned
k79_40657	unbinned
k79_40716	unbinned
k79_40885	unbinned
k79_40925	unbinned
k79_40935	unbinned
k79_4099	unbinned
k79_41249	unbinned
k79_41254	unbinned
k79_4132	unbinned
k79_41708	unbinned
k79_41716	unbinned
k79_41742	unbinned
k79_41935	unbinned
k79_41974	unbinned
k79_4206	unbinned
k79_42120	unbinned
k79_42200	unbinned
k79_42331	unbinned
k79_42420	unbinned
k79_42514	unbinned
k79_42626	unbinned
k79_42721	unbinned
k79_42768	unbinned
k79_42770	unbinned
k79_42790	unbinned
k79_43011	unbinned
k79_43047	unbinned
k79_43142	unbinned
k79_43150	unbinned
k79_43265	unbinned
k79_43314	unbinned
k79_4336	unbinned
k79_43519	unbinned
k79_4362	unbinned
k79_4365	unbinned
k79_43674	unbinned
k79_43677	unbinned
k79_43783	unbinned
k79_44055	unbinned
k79_4407	unbinned
k79_44074	unbinned
k79_44121	unbinned
k79_44241	unbinned
k79_44327	unbinned
k79_4468	unbinned
k79_44727	unbinned
k79_44756	unbinned
k79_44771	unbinned
k79_4483	unbinned
k79_44842	unbinned
k79_4485	unbinned
k79_44859	unbinned
k79_4494	unbinned
k79_44960	unbinned
k79_44992	unbinned
k79_45072	unbinned
k79_45118	unbinned
k79_4516	unbinned
k79_45192	unbinned
k79_45267	unbinned
k79_45300	unbinned
k79_45321	unbinned
k79_45331	unbinned
k79_45394	unbinned
k79_455	unbinned
k79_45680	unbinned
k79_45686	unbinned
k79_45708	unbinned
k79_45831	unbinned
k79_45856	unbinned
k79_45866	unbinned
k79_45881	unbinned
k79_45896	unbinned
k79_45915	unbinned
k79_4596	unbinned
k79_45962	unbinned
k79_45997	unbinned
k79_46006	unbinned
k79_46016	unbinned
k79_46260	unbinned
k79_46277	unbinned
k79_46320	unbinned
k79_46506	unbinned
k79_46539	unbinned
k79_4661	unbinned
k79_46621	unbinned
k79_46633	unbinned
k79_46669	unbinned
k79_46682	unbinned
k79_46719	unbinned
k79_4673	unbinned
k79_46760	unbinned
k79_46794	unbinned
k79_46815	unbinned
k79_46888	unbinned
k79_46947	unbinned
k79_46990	unbinned
k79_47121	unbinned
k79_47186	unbinned
k79_47217	unbinned
k79_4733	unbinned
k79_47402	unbinned
k79_4750	unbinned
k79_47505	unbinned
k79_47518	unbinned
k79_47521	unbinned
k79_47813	unbinned
k79_47895	unbinned
k79_4794	unbinned
k79_47977	unbinned
k79_48205	unbinned
k79_48216	unbinned
k79_48254	unbinned
k79_48273	unbinned
k79_48283	unbinned
k79_48301	unbinned
k79_48327	unbinned
k79_48338	unbinned
k79_4840	unbinned
k79_48488	unbinned
k79_4852	unbinned
k79_48547	unbinned
k79_4915	unbinned
k79_49320	unbinned
k79_49585	unbinned
k79_49630	unbinned
k79_49637	unbinned
k79_49991	unbinned
k79_50004	unbinned
k79_50126	unbinned
k79_50176	unbinned
k79_50188	unbinned
k79_50257	unbinned
k79_50262	unbinned
k79_50434	unbinned
k79_50447	unbinned
k79_50556	unbinned
k79_50575	unbinned
k79_50755	unbinned
k79_50789	unbinned
k79_51132	unbinned
k79_51294	unbinned
k79_51310	unbinned
k79_51318	unbinned
k79_5140	unbinned
k79_51519	unbinned
k79_51554	unbinned
k79_51650	unbinned
k79_51684	unbinned
k79_51924	unbinned
k79_51925	unbinned
k79_52022	unbinned
k79_5209	unbinned
k79_52115	unbinned
k79_523	unbinned
k79_52317	unbinned
k79_52421	unbinned
k79_5258	unbinned
k79_52583	unbinned
k79_52587	unbinned
k79_52619	unbinned
k79_5283	unbinned
k79_52903	unbinned
k79_530	unbinned
k79_53123	unbinned
k79_53156	unbinned
k79_53312	unbinned
k79_53314	unbinned
k79_5342	unbinned
k79_53490	unbinned
k79_5353	unbinned
k79_53570	unbinned
k79_53623	unbinned
k79_54231	unbinned
k79_54325	unbinned
k79_54353	unbinned
k79_54508	unbinned
k79_54696	unbinned
k79_54848	unbinned
k79_55059	unbinned
k79_5506	unbinned
k79_55074	unbinned
k79_55253	unbinned
k79_55504	unbinned
k79_5551	unbinned
k79_55595	unbinned
k79_55772	unbinned
k79_55773	unbinned
k79_5580	unbinned
k79_56013	unbinned
k79_56157	unbinned
k79_56365	unbinned
k79_56391	unbinned
k79_56428	unbinned
k79_56491	unbinned
k79_56586	unbinned
k79_56594	unbinned
k79_56621	unbinned
k79_56703	unbinned
k79_56781	unbinned
k79_56830	unbinned
k79_56928	unbinned
k79_57035	unbinned
k79_57152	unbinned
k79_57202	unbinned
k79_57536	unbinned
k79_5756	unbinned
k79_57674	unbinned
k79_57700	unbinned
k79_57729	unbinned
k79_57981	unbinned
k79_57993	unbinned
k79_58030	unbinned
k79_58096	unbinned
k79_58334	unbinned
k79_58435	unbinned
k79_58537	unbinned
k79_58545	unbinned
k79_58701	unbinned
k79_58731	unbinned
k79_58777	unbinned
k79_59064	unbinned
k79_5908	unbinned
k79_59336	unbinned
k79_59454	unbinned
k79_5948	unbinned
k79_59603	unbinned
k79_59658	unbinned
k79_59755	unbinned
k79_59779	unbinned
k79_60014	unbinned
k79_60083	unbinned
k79_60288	unbinned
k79_60438	unbinned
k79_60466	unbinned
k79_60548	unbinned
k79_60669	unbinned
k79_60693	unbinned
k79_60949	unbinned
k79_6099	unbinned
k79_61131	unbinned
k79_61209	unbinned
k79_61243	unbinned
k79_61244	unbinned
k79_61362	unbinned
k79_61610	unbinned
k79_6163	unbinned
k79_61761	unbinned
k79_61885	unbinned
k79_62292	unbinned
k79_62401	unbinned
k79_62483	unbinned
k79_62582	unbinned
k79_627	unbinned
k79_62978	unbinned
k79_63132	unbinned
k79_63218	unbinned
k79_63359	unbinned
k79_63517	unbinned
k79_63622	unbinned
k79_63891	unbinned
k79_63960	unbinned
k79_64073	unbinned
k79_64133	unbinned
k79_64145	unbinned
k79_64287	unbinned
k79_64409	unbinned
k79_64424	unbinned
k79_64587	unbinned
k79_6460	unbinned
k79_64622	unbinned
k79_64648	unbinned
k79_64712	unbinned
k79_64853	unbinned
k79_64923	unbinned
k79_64967	unbinned
k79_65012	unbinned
k79_65129	unbinned
k79_65287	unbinned
k79_65439	unbinned
k79_65510	unbinned
k79_65624	unbinned
k79_65837	unbinned
k79_65931	unbinned
k79_65944	unbinned
k79_66239	unbinned
k79_66264	unbinned
k79_66459	unbinned
k79_66490	unbinned
k79_66620	unbinned
k79_66643	unbinned
k79_67135	unbinned
k79_67172	unbinned
k79_67173	unbinned
k79_67389	unbinned
k79_67604	unbinned
k79_67636	unbinned
k79_67927	unbinned
k79_67933	unbinned
k79_68075	unbinned
k79_68458	unbinned
k79_6860	unbinned
k79_68673	unbinned
k79_68696	unbinned
k79_68701	unbinned
k79_68796	unbinned
k79_68924	unbinned
k79_69028	unbinned
k79_69174	unbinned
k79_69236	unbinned
k79_69277	unbinned
k79_69294	unbinned
k79_69339	unbinned
k79_69351	unbinned
k79_6940	unbinned
k79_69474	unbinned
k79_69529	unbinned
k79_6953	unbinned
k79_69582	unbinned
k79_69623	unbinned
k79_69695	unbinned
k79_69716	unbinned
k79_70004	unbinned
k79_70157	unbinned
k79_70312	unbinned
k79_70615	unbinned
k79_70617	unbinned
k79_70618	unbinned
k79_70645	unbinned
k79_70648	unbinned
k79_7075	unbinned
k79_70769	unbinned
k79_70773	unbinned
k79_7096	unbinned
k79_71020	unbinned
k79_71057	unbinned
k79_71069	unbinned
k79_71156	unbinned
k79_7124	unbinned
k79_71288	unbinned
k79_71404	unbinned
k79_7142	unbinned
k79_71444	unbinned
k79_71574	unbinned
k79_71636	unbinned
k79_71689	unbinned
k79_72019	unbinned
k79_72042	unbinned
k79_72110	unbinned
k79_72241	unbinned
k79_72272	unbinned
k79_72312	unbinned
k79_72415	unbinned
k79_72438	unbinned
k79_725	unbinned
k79_72558	unbinned
k79_72657	unbinned
k79_72872	unbinned
k79_72965	unbinned
k79_72995	unbinned
k79_73018	unbinned
k79_73025	unbinned
k79_73195	unbinned
k79_73401	unbinned
k79_7351	unbinned
k79_73533	unbinned
k79_73560	unbinned
k79_73681	unbinned
k79_73686	unbinned
k79_74	unbinned
k79_74083	unbinned
k79_74121	unbinned
k79_74242	unbinned
k79_74268	unbinned
k79_74393	unbinned
k79_74457	unbinned
k79_74458	unbinned
k79_74816	unbinned
k79_7494	unbinned
k79_74962	unbinned
k79_74988	unbinned
k79_7516	unbinned
k79_75172	unbinned
k79_75361	unbinned
k79_75364	unbinned
k79_75384	unbinned
k79_75439	unbinned
k79_75499	unbinned
k79_75562	unbinned
k79_75587	unbinned
k79_75762	unbinned
k79_75850	unbinned
k79_75861	unbinned
k79_75923	unbinned
k79_75962	unbinned
k79_75986	unbinned
k79_76034	unbinned
k79_76061	unbinned
k79_76118	unbinned
k79_76119	unbinned
k79_76132	unbinned
k79_7623	unbinned
k79_76460	unbinned
k79_76566	unbinned
k79_76746	unbinned
k79_76792	unbinned
k79_7684	unbinned
k79_76842	unbinned
k79_76918	unbinned
k79_76989	unbinned
k79_77011	unbinned
k79_77090	unbinned
k79_77193	unbinned
k79_77302	unbinned
k79_77379	unbinned
k79_77448	unbinned
k79_77630	unbinned
k79_77747	unbinned
k79_77871	unbinned
k79_78064	unbinned
k79_78078	unbinned
k79_78193	unbinned
k79_78255	unbinned
k79_78347	unbinned
k79_78591	unbinned
k79_7865	unbinned
k79_78715	unbinned
k79_78756	unbinned
k79_78812	unbinned
k79_78825	unbinned
k79_78914	unbinned
k79_79087	unbinned
k79_79384	unbinned
k79_79396	unbinned
k79_7950	unbinned
k79_79604	unbinned
k79_79639	unbinned
k79_79662	unbinned
k79_79663	unbinned
k79_79742	unbinned
k79_79797	unbinned
k79_79884	unbinned
k79_79895	unbinned
k79_79949	unbinned
k79_7996	unbinned
k79_80067	unbinned
k79_80094	unbinned
k79_80331	unbinned
k79_80379	unbinned
k79_8043	unbinned
k79_80464	unbinned
k79_80564	unbinned
k79_80612	unbinned
k79_80896	unbinned
k79_80908	unbinned
k79_80930	unbinned
k79_80959	unbinned
k79_81165	unbinned
k79_81361	unbinned
k79_81472	unbinned
k79_81491	unbinned
k79_81779	unbinned
k79_81859	unbinned
k79_81943	unbinned
k79_82098	unbinned
k79_82233	unbinned
k79_82248	unbinned
k79_82258	unbinned
k79_82327	unbinned
k79_82545	unbinned
k79_82682	unbinned
k79_82919	unbinned
k79_8292	unbinned
k79_82965	unbinned
k79_8300	unbinned
k79_83048	unbinned
k79_83076	unbinned
k79_83215	unbinned
k79_8329	unbinned
k79_83378	unbinned
k79_83460	unbinned
k79_83543	unbinned
k79_83605	unbinned
k79_83614	unbinned
k79_8365	unbinned
k79_83669	unbinned
k79_83697	unbinned
k79_8372	unbinned
k79_83775	unbinned
k79_83969	unbinned
k79_83984	unbinned
k79_84009	unbinned
k79_84065	unbinned
k79_84226	unbinned
k79_84242	unbinned
k79_84335	unbinned
k79_84503	unbinned
k79_84529	unbinned
k79_84638	unbinned
k79_8476	unbinned
k79_84799	unbinned
k79_8493	unbinned
k79_85096	unbinned
k79_85181	unbinned
k79_85245	unbinned
k79_85302	unbinned
k79_85321	unbinned
k79_85356	unbinned
k79_85588	unbinned
k79_85671	unbinned
k79_85757	unbinned
k79_85814	unbinned
k79_85940	unbinned
k79_85961	unbinned
k79_860	unbinned
k79_86078	unbinned
k79_86202	unbinned
k79_86323	unbinned
k79_86344	unbinned
k79_86357	unbinned
k79_86443	unbinned
k79_86599	unbinned
k79_86644	unbinned
k79_86946	unbinned
k79_86964	unbinned
k79_87442	unbinned
k79_87482	unbinned
k79_87484	unbinned
k79_87566	unbinned
k79_87633	unbinned
k79_87706	unbinned
k79_87746	unbinned
k79_87783	unbinned
k79_87799	unbinned
k79_87986	unbinned
k79_88093	unbinned
k79_88117	unbinned
k79_8816	unbinned
k79_88246	unbinned
k79_88360	unbinned
k79_88920	unbinned
k79_88946	unbinned
k79_88966	unbinned
k79_89035	unbinned
k79_89040	unbinned
k79_89082	unbinned
k79_89203	unbinned
k79_89230	unbinned
k79_89590	unbinned
k79_89670	unbinned
k79_89846	unbinned
k79_89955	unbinned
k79_90013	unbinned
k79_90109	unbinned
k79_90241	unbinned
k79_90281	unbinned
k79_9033	unbinned
k79_90399	unbinned
k79_90440	unbinned
k79_90442	unbinned
k79_90490	unbinned
k79_90525	unbinned
k79_90593	unbinned
k79_90727	unbinned
k79_90775	unbinned
k79_90836	unbinned
k79_90971	unbinned
k79_90994	unbinned
k79_91039	unbinned
k79_91071	unbinned
k79_91120	unbinned
k79_91317	unbinned
k79_91376	unbinned
k79_915	unbinned
k79_91519	unbinned
k79_9152	unbinned
k79_91802	unbinned
k79_92272	unbinned
k79_92461	unbinned
k79_92467	unbinned
k79_92498	unbinned
k79_92667	unbinned
k79_92677	unbinned
k79_92711	unbinned
k79_92750	unbinned
k79_92842	unbinned
k79_92887	unbinned
k79_929	unbinned
k79_92966	unbinned
k79_93035	unbinned
k79_93156	unbinned
k79_93186	unbinned
k79_93210	unbinned
k79_93221	unbinned
k79_93264	unbinned
k79_93389	unbinned
k79_93519	unbinned
k79_9355	unbinned
k79_93699	unbinned
k79_93732	unbinned
k79_9379	unbinned
k79_93828	unbinned
k79_94169	unbinned
k79_94177	unbinned
k79_94186	unbinned
k79_94281	unbinned
k79_94409	unbinned
k79_94422	unbinned
k79_9449	unbinned
k79_94712	unbinned
k79_94765	unbinned
k79_94870	unbinned
k79_95058	unbinned
k79_95123	unbinned
k79_95157	unbinned
k79_95163	unbinned
k79_95359	unbinned
k79_9548	unbinned
k79_95494	unbinned
k79_95551	unbinned
k79_95554	unbinned
k79_95587	unbinned
k79_9575	unbinned
k79_95784	unbinned
k79_9581	unbinned
k79_95821	unbinned
k79_95876	unbinned
k79_959	unbinned
k79_95945	unbinned
k79_95977	unbinned
k79_95994	unbinned
k79_96011	unbinned
k79_9608	unbinned
k79_96144	unbinned
k79_96179	unbinned
k79_96217	unbinned
k79_96251	unbinned
k79_96276	unbinned
k79_96287	unbinned
k79_96362	unbinned
k79_96434	unbinned
k79_9644	unbinned
k79_96471	unbinned
k79_96496	unbinned
k79_96545	unbinned
k79_9657	unbinned
k79_96595	unbinned
k79_96616	unbinned
k79_96694	unbinned
k79_96717	unbinned
k79_96726	unbinned
k79_96838	unbinned
k79_96877	unbinned
k79_96910	unbinned
k79_96969	unbinned
k79_96971	unbinned
k79_96975	unbinned
k79_96997	unbinned
k79_97007	unbinned
k79_97019	unbinned
k79_97027	unbinned
k79_97041	unbinned
k79_97061	unbinned
k79_97082	unbinned
k79_97139	unbinned
k79_97186	unbinned
k79_97187	unbinned
k79_97260	unbinned
k79_97285	unbinned
k79_9730	unbinned
k79_97321	unbinned
k79_97399	unbinned
k79_9779	unbinned
k79_9828	unbinned
k79_9860	unbinned
k79_10281	unbinned
k79_1030	unbinned
k79_11031	unbinned
k79_11071	unbinned
k79_11738	unbinned
k79_12027	unbinned
k79_12118	unbinned
k79_12154	unbinned
k79_1234	unbinned
k79_12503	unbinned
k79_12911	unbinned
k79_12921	unbinned
k79_12996	unbinned
k79_14130	unbinned
k79_14227	unbinned
k79_14468	unbinned
k79_15029	unbinned
k79_15128	unbinned
k79_15592	unbinned
k79_15891	unbinned
k79_15999	unbinned
k79_16021	unbinned
k79_16028	unbinned
k79_16429	unbinned
k79_17211	unbinned
k79_1794	unbinned
k79_18324	unbinned
k79_19045	unbinned
k79_20424	unbinned
k79_2049	unbinned
k79_20645	unbinned
k79_20925	unbinned
k79_2119	unbinned
k79_21293	unbinned
k79_22521	unbinned
k79_22904	unbinned
k79_23324	unbinned
k79_23365	unbinned
k79_24308	unbinned
k79_24547	unbinned
k79_2479	unbinned
k79_24843	unbinned
k79_25125	unbinned
k79_25708	unbinned
k79_2693	unbinned
k79_27333	unbinned
k79_27408	unbinned
k79_28075	unbinned
k79_28268	unbinned
k79_28535	unbinned
k79_2969	unbinned
k79_30004	unbinned
k79_30635	unbinned
k79_30792	unbinned
k79_32108	unbinned
k79_32175	unbinned
k79_33072	unbinned
k79_33758	unbinned
k79_35022	unbinned
k79_35109	unbinned
k79_35530	unbinned
k79_36002	unbinned
k79_36804	unbinned
k79_36822	unbinned
k79_36933	unbinned
k79_37072	unbinned
k79_38000	unbinned
k79_38293	unbinned
k79_38974	unbinned
k79_3902	unbinned
k79_39415	unbinned
k79_39424	unbinned
k79_39754	unbinned
k79_39986	unbinned
k79_40847	unbinned
k79_41123	unbinned
k79_4243	unbinned
k79_42992	unbinned
k79_43338	unbinned
k79_43689	unbinned
k79_43751	unbinned
k79_43893	unbinned
k79_45600	unbinned
k79_46000	unbinned
k79_46004	unbinned
k79_46465	unbinned
k79_47084	unbinned
k79_47205	unbinned
k79_47720	unbinned
k79_49368	unbinned
k79_49473	unbinned
k79_5014	unbinned
k79_50372	unbinned
k79_5063	unbinned
k79_50662	unbinned
k79_51050	unbinned
k79_51236	unbinned
k79_51240	unbinned
k79_51469	unbinned
k79_51520	unbinned
k79_51575	unbinned
k79_51803	unbinned
k79_51843	unbinned
k79_52083	unbinned
k79_52331	unbinned
k79_52522	unbinned
k79_52716	unbinned
k79_53182	unbinned
k79_5329	unbinned
k79_53518	unbinned
k79_53528	unbinned
k79_53677	unbinned
k79_54046	unbinned
k79_55019	unbinned
k79_55187	unbinned
k79_55634	unbinned
k79_55729	unbinned
k79_56671	unbinned
k79_5745	unbinned
k79_58608	unbinned
k79_59924	unbinned
k79_60526	unbinned
k79_60713	unbinned
k79_60822	unbinned
k79_61422	unbinned
k79_61892	unbinned
k79_62214	unbinned
k79_629	unbinned
k79_62944	unbinned
k79_63471	unbinned
k79_63598	unbinned
k79_64285	unbinned
k79_65635	unbinned
k79_6602	unbinned
k79_67655	unbinned
k79_67862	unbinned
k79_67994	unbinned
k79_68263	unbinned
k79_68343	unbinned
k79_68545	unbinned
k79_69033	unbinned
k79_69490	unbinned
k79_69569	unbinned
k79_70094	unbinned
k79_70204	unbinned
k79_70783	unbinned
k79_71406	unbinned
k79_72350	unbinned
k79_72531	unbinned
k79_72700	unbinned
k79_72816	unbinned
k79_73885	unbinned
k79_74081	unbinned
k79_74480	unbinned
k79_74767	unbinned
k79_75122	unbinned
k79_76319	unbinned
k79_76782	unbinned
k79_76849	unbinned
k79_77200	unbinned
k79_77638	unbinned
k79_77639	unbinned
k79_77653	unbinned
k79_78075	unbinned
k79_78112	unbinned
k79_7824	unbinned
k79_78416	unbinned
k79_79627	unbinned
k79_80358	unbinned
k79_81876	unbinned
k79_82095	unbinned
k79_82251	unbinned
k79_8232	unbinned
k79_83534	unbinned
k79_84096	unbinned
k79_84491	unbinned
k79_8463	unbinned
k79_85094	unbinned
k79_85492	unbinned
k79_8573	unbinned
k79_85877	unbinned
k79_85881	unbinned
k79_87115	unbinned
k79_88115	unbinned
k79_88247	unbinned
k79_88455	unbinned
k79_89137	unbinned
k79_89712	unbinned
k79_91353	unbinned
k79_91446	unbinned
k79_91532	unbinned
k79_9204	unbinned
k79_92565	unbinned
k79_93609	unbinned
k79_93867	unbinned
k79_94283	unbinned
k79_94374	unbinned
k79_966	unbinned
k79_9878	unbinned
k79_10704	unbinned
k79_11140	unbinned
k79_11653	unbinned
k79_11830	unbinned
k79_12773	unbinned
k79_12999	unbinned
k79_13979	unbinned
k79_14648	unbinned
k79_1524	unbinned
k79_1527	unbinned
k79_15832	unbinned
k79_16122	unbinned
k79_1742	unbinned
k79_17650	unbinned
k79_18421	unbinned
k79_19123	unbinned
k79_19693	unbinned
k79_19899	unbinned
k79_19926	unbinned
k79_20462	unbinned
k79_20658	unbinned
k79_20811	unbinned
k79_2095	unbinned
k79_21866	unbinned
k79_22239	unbinned
k79_23841	unbinned
k79_24032	unbinned
k79_24080	unbinned
k79_26100	unbinned
k79_26171	unbinned
k79_26486	unbinned
k79_2697	unbinned
k79_27468	unbinned
k79_28444	unbinned
k79_28756	unbinned
k79_29003	unbinned
k79_29801	unbinned
k79_30155	unbinned
k79_30281	unbinned
k79_31004	unbinned
k79_31182	unbinned
k79_31783	unbinned
k79_31821	unbinned
k79_3198	unbinned
k79_32080	unbinned
k79_3284	unbinned
k79_33729	unbinned
k79_34165	unbinned
k79_34244	unbinned
k79_38179	unbinned
k79_3869	unbinned
k79_38915	unbinned
k79_38959	unbinned
k79_39444	unbinned
k79_39464	unbinned
k79_4043	unbinned
k79_4051	unbinned
k79_40736	unbinned
k79_43094	unbinned
k79_4371	unbinned
k79_44154	unbinned
k79_44560	unbinned
k79_44925	unbinned
k79_45412	unbinned
k79_45552	unbinned
k79_47243	unbinned
k79_48607	unbinned
k79_4897	unbinned
k79_49960	unbinned
k79_50388	unbinned
k79_50692	unbinned
k79_52912	unbinned
k79_54082	unbinned
k79_54914	unbinned
k79_55247	unbinned
k79_55765	unbinned
k79_56162	unbinned
k79_56185	unbinned
k79_56358	unbinned
k79_58444	unbinned
k79_6050	unbinned
k79_60534	unbinned
k79_60541	unbinned
k79_60800	unbinned
k79_60991	unbinned
k79_61276	unbinned
k79_62603	unbinned
k79_6325	unbinned
k79_63511	unbinned
k79_64072	unbinned
k79_64600	unbinned
k79_65482	unbinned
k79_65487	unbinned
k79_65600	unbinned
k79_65653	unbinned
k79_65907	unbinned
k79_66816	unbinned
k79_67925	unbinned
k79_68159	unbinned
k79_68250	unbinned
k79_68464	unbinned
k79_68505	unbinned
k79_68663	unbinned
k79_68792	unbinned
k79_69019	unbinned
k79_69859	unbinned
k79_6995	unbinned
k79_71114	unbinned
k79_71265	unbinned
k79_71528	unbinned
k79_72522	unbinned
k79_72701	unbinned
k79_73331	unbinned
k79_73488	unbinned
k79_73781	unbinned
k79_74660	unbinned
k79_74709	unbinned
k79_75397	unbinned
k79_75519	unbinned
k79_7556	unbinned
k79_75873	unbinned
k79_75879	unbinned
k79_77934	unbinned
k79_77997	unbinned
k79_793	unbinned
k79_80074	unbinned
k79_80126	unbinned
k79_80409	unbinned
k79_82624	unbinned
k79_83186	unbinned
k79_83297	unbinned
k79_83380	unbinned
k79_83704	unbinned
k79_85424	unbinned
k79_85663	unbinned
k79_85964	unbinned
k79_86004	unbinned
k79_87324	unbinned
k79_88438	unbinned
k79_8847	unbinned
k79_88585	unbinned
k79_89109	unbinned
k79_89280	unbinned
k79_91196	unbinned
k79_91513	unbinned
k79_9284	unbinned
k79_93628	unbinned
k79_93979	unbinned
k79_94676	unbinned
k79_94719	unbinned
k79_95396	unbinned
k79_95442	unbinned
k79_95677	unbinned
k79_96137	unbinned
k79_97053	unbinned
k79_97145	unbinned
k79_1031	unbinned
k79_10340	unbinned
k79_10559	unbinned
k79_11077	unbinned
k79_11372	unbinned
k79_11576	unbinned
k79_11618	unbinned
k79_11678	unbinned
k79_11772	unbinned
k79_11951	unbinned
k79_12880	unbinned
k79_13467	unbinned
k79_13649	unbinned
k79_1379	unbinned
k79_13808	unbinned
k79_15408	unbinned
k79_15724	unbinned
k79_16111	unbinned
k79_16319	unbinned
k79_16495	unbinned
k79_16669	unbinned
k79_17304	unbinned
k79_17662	unbinned
k79_17747	unbinned
k79_18065	unbinned
k79_18391	unbinned
k79_18407	unbinned
k79_18474	unbinned
k79_19097	unbinned
k79_19198	unbinned
k79_19228	unbinned
k79_19401	unbinned
k79_19512	unbinned
k79_19619	unbinned
k79_20040	unbinned
k79_20404	unbinned
k79_20428	unbinned
k79_20746	unbinned
k79_2090	unbinned
k79_21089	unbinned
k79_21506	unbinned
k79_21744	unbinned
k79_21945	unbinned
k79_22275	unbinned
k79_22673	unbinned
k79_22786	unbinned
k79_23666	unbinned
k79_23754	unbinned
k79_23837	unbinned
k79_23846	unbinned
k79_2390	unbinned
k79_24175	unbinned
k79_24436	unbinned
k79_24581	unbinned
k79_24601	unbinned
k79_24823	unbinned
k79_24845	unbinned
k79_24846	unbinned
k79_25174	unbinned
k79_25256	unbinned
k79_25411	unbinned
k79_25723	unbinned
k79_26991	unbinned
k79_27055	unbinned
k79_2735	unbinned
k79_27503	unbinned
k79_27666	unbinned
k79_27892	unbinned
k79_27901	unbinned
k79_28472	unbinned
k79_28624	unbinned
k79_2874	unbinned
k79_28969	unbinned
k79_29163	unbinned
k79_29390	unbinned
k79_29463	unbinned
k79_29863	unbinned
k79_30003	unbinned
k79_30184	unbinned
k79_30421	unbinned
k79_30558	unbinned
k79_3072	unbinned
k79_31197	unbinned
k79_31324	unbinned
k79_32252	unbinned
k79_3251	unbinned
k79_32628	unbinned
k79_32682	unbinned
k79_3301	unbinned
k79_33189	unbinned
k79_33505	unbinned
k79_33972	unbinned
k79_33996	unbinned
k79_34642	unbinned
k79_35439	unbinned
k79_35520	unbinned
k79_3590	unbinned
k79_36090	unbinned
k79_36116	unbinned
k79_36610	unbinned
k79_36714	unbinned
k79_36785	unbinned
k79_36843	unbinned
k79_36959	unbinned
k79_37282	unbinned
k79_37303	unbinned
k79_37367	unbinned
k79_37727	unbinned
k79_37744	unbinned
k79_37974	unbinned
k79_3816	unbinned
k79_38984	unbinned
k79_39030	unbinned
k79_39503	unbinned
k79_39765	unbinned
k79_39770	unbinned
k79_39793	unbinned
k79_40285	unbinned
k79_40382	unbinned
k79_41025	unbinned
k79_413	unbinned
k79_4157	unbinned
k79_41853	unbinned
k79_41917	unbinned
k79_42129	unbinned
k79_42280	unbinned
k79_42282	unbinned
k79_42791	unbinned
k79_42866	unbinned
k79_43332	unbinned
k79_43418	unbinned
k79_43970	unbinned
k79_44166	unbinned
k79_44192	unbinned
k79_44381	unbinned
k79_44615	unbinned
k79_44732	unbinned
k79_4505	unbinned
k79_45490	unbinned
k79_45672	unbinned
k79_46021	unbinned
k79_46193	unbinned
k79_4628	unbinned
k79_46607	unbinned
k79_46696	unbinned
k79_46759	unbinned
k79_46900	unbinned
k79_46975	unbinned
k79_47333	unbinned
k79_47509	unbinned
k79_48013	unbinned
k79_48176	unbinned
k79_48201	unbinned
k79_48207	unbinned
k79_48292	unbinned
k79_48343	unbinned
k79_48369	unbinned
k79_48425	unbinned
k79_48499	unbinned
k79_48781	unbinned
k79_4881	unbinned
k79_49137	unbinned
k79_49846	unbinned
k79_50326	unbinned
k79_50612	unbinned
k79_50643	unbinned
k79_51046	unbinned
k79_51290	unbinned
k79_51778	unbinned
k79_52084	unbinned
k79_52104	unbinned
k79_52323	unbinned
k79_52358	unbinned
k79_52425	unbinned
k79_52477	unbinned
k79_5360	unbinned
k79_53730	unbinned
k79_54003	unbinned
k79_54150	unbinned
k79_55053	unbinned
k79_5522	unbinned
k79_55400	unbinned
k79_55480	unbinned
k79_55684	unbinned
k79_55986	unbinned
k79_56364	unbinned
k79_56705	unbinned
k79_56921	unbinned
k79_57279	unbinned
k79_57509	unbinned
k79_57666	unbinned
k79_57813	unbinned
k79_57959	unbinned
k79_57960	unbinned
k79_58812	unbinned
k79_58827	unbinned
k79_5892	unbinned
k79_61529	unbinned
k79_61538	unbinned
k79_61920	unbinned
k79_62001	unbinned
k79_62028	unbinned
k79_62166	unbinned
k79_62763	unbinned
k79_63083	unbinned
k79_6359	unbinned
k79_63608	unbinned
k79_63861	unbinned
k79_63935	unbinned
k79_64061	unbinned
k79_64259	unbinned
k79_64301	unbinned
k79_64397	unbinned
k79_64508	unbinned
k79_6558	unbinned
k79_65584	unbinned
k79_65655	unbinned
k79_65801	unbinned
k79_65803	unbinned
k79_66320	unbinned
k79_66630	unbinned
k79_66760	unbinned
k79_66968	unbinned
k79_66972	unbinned
k79_67156	unbinned
k79_67325	unbinned
k79_67383	unbinned
k79_67511	unbinned
k79_67883	unbinned
k79_68135	unbinned
k79_68281	unbinned
k79_68462	unbinned
k79_68490	unbinned
k79_68584	unbinned
k79_68998	unbinned
k79_69366	unbinned
k79_69389	unbinned
k79_69453	unbinned
k79_69491	unbinned
k79_69685	unbinned
k79_69752	unbinned
k79_69970	unbinned
k79_70023	unbinned
k79_70054	unbinned
k79_70093	unbinned
k79_70138	unbinned
k79_7042	unbinned
k79_70478	unbinned
k79_707	unbinned
k79_70716	unbinned
k79_7114	unbinned
k79_71183	unbinned
k79_71213	unbinned
k79_71633	unbinned
k79_71839	unbinned
k79_72021	unbinned
k79_72244	unbinned
k79_72250	unbinned
k79_72314	unbinned
k79_72335	unbinned
k79_72507	unbinned
k79_72732	unbinned
k79_72883	unbinned
k79_72930	unbinned
k79_73181	unbinned
k79_73366	unbinned
k79_73417	unbinned
k79_73928	unbinned
k79_73987	unbinned
k79_7445	unbinned
k79_74672	unbinned
k79_75077	unbinned
k79_75197	unbinned
k79_75999	unbinned
k79_76062	unbinned
k79_76098	unbinned
k79_76185	unbinned
k79_76701	unbinned
k79_76764	unbinned
k79_77325	unbinned
k79_7751	unbinned
k79_77750	unbinned
k79_78071	unbinned
k79_78242	unbinned
k79_78642	unbinned
k79_78758	unbinned
k79_79075	unbinned
k79_79146	unbinned
k79_79794	unbinned
k79_80046	unbinned
k79_80196	unbinned
k79_80244	unbinned
k79_80601	unbinned
k79_81124	unbinned
k79_81296	unbinned
k79_81856	unbinned
k79_82114	unbinned
k79_82155	unbinned
k79_82355	unbinned
k79_82663	unbinned
k79_83118	unbinned
k79_83205	unbinned
k79_83472	unbinned
k79_83779	unbinned
k79_83916	unbinned
k79_84144	unbinned
k79_84271	unbinned
k79_84286	unbinned
k79_84288	unbinned
k79_84565	unbinned
k79_8525	unbinned
k79_85267	unbinned
k79_85313	unbinned
k79_85386	unbinned
k79_85883	unbinned
k79_86000	unbinned
k79_86116	unbinned
k79_86231	unbinned
k79_8624	unbinned
k79_86625	unbinned
k79_8668	unbinned
k79_86714	unbinned
k79_87437	unbinned
k79_87870	unbinned
k79_88063	unbinned
k79_88332	unbinned
k79_88467	unbinned
k79_8862	unbinned
k79_88750	unbinned
k79_8877	unbinned
k79_8879	unbinned
k79_88813	unbinned
k79_89017	unbinned
k79_89103	unbinned
k79_89420	unbinned
k79_89488	unbinned
k79_89702	unbinned
k79_89862	unbinned
k79_90233	unbinned
k79_90482	unbinned
k79_90540	unbinned
k79_90808	unbinned
k79_9089	unbinned
k79_90943	unbinned
k79_91099	unbinned
k79_91347	unbinned
k79_91710	unbinned
k79_92082	unbinned
k79_92085	unbinned
k79_92398	unbinned
k79_92478	unbinned
k79_92683	unbinned
k79_92696	unbinned
k79_93215	unbinned
k79_93216	unbinned
k79_93584	unbinned
k79_9405	unbinned
k79_94098	unbinned
k79_94445	unbinned
k79_94799	unbinned
k79_94809	unbinned
k79_94841	unbinned
k79_95192	unbinned
k79_95319	unbinned
k79_95951	unbinned
k79_96182	unbinned
k79_96294	unbinned
k79_97228	unbinned
k79_10139	unbinned
k79_10246	unbinned
k79_10269	unbinned
k79_10332	unbinned
k79_10357	unbinned
k79_10442	unbinned
k79_10518	unbinned
k79_10551	unbinned
k79_10728	unbinned
k79_10846	unbinned
k79_1089	unbinned
k79_11014	unbinned
k79_11168	unbinned
k79_11172	unbinned
k79_11399	unbinned
k79_11475	unbinned
k79_11610	unbinned
k79_11701	unbinned
k79_11865	unbinned
k79_12181	unbinned
k79_12188	unbinned
k79_12467	unbinned
k79_1255	unbinned
k79_12713	unbinned
k79_12847	unbinned
k79_12990	unbinned
k79_13152	unbinned
k79_13428	unbinned
k79_13490	unbinned
k79_13596	unbinned
k79_13738	unbinned
k79_13866	unbinned
k79_14013	unbinned
k79_14116	unbinned
k79_14268	unbinned
k79_14694	unbinned
k79_14717	unbinned
k79_14974	unbinned
k79_15328	unbinned
k79_15938	unbinned
k79_16279	unbinned
k79_16411	unbinned
k79_1650	unbinned
k79_16583	unbinned
k79_16599	unbinned
k79_16841	unbinned
k79_16980	unbinned
k79_17081	unbinned
k79_17223	unbinned
k79_17400	unbinned
k79_17669	unbinned
k79_17882	unbinned
k79_17917	unbinned
k79_17966	unbinned
k79_18335	unbinned
k79_18422	unbinned
k79_1849	unbinned
k79_1865	unbinned
k79_18787	unbinned
k79_18831	unbinned
k79_18873	unbinned
k79_19052	unbinned
k79_19099	unbinned
k79_19422	unbinned
k79_19457	unbinned
k79_19658	unbinned
k79_19722	unbinned
k79_19758	unbinned
k79_198	unbinned
k79_20038	unbinned
k79_20481	unbinned
k79_20603	unbinned
k79_2122	unbinned
k79_2139	unbinned
k79_21513	unbinned
k79_21539	unbinned
k79_21591	unbinned
k79_2164	unbinned
k79_217	unbinned
k79_21897	unbinned
k79_22502	unbinned
k79_22709	unbinned
k79_23178	unbinned
k79_23301	unbinned
k79_23727	unbinned
k79_23831	unbinned
k79_2405	unbinned
k79_24078	unbinned
k79_24324	unbinned
k79_24388	unbinned
k79_24607	unbinned
k79_24609	unbinned
k79_24655	unbinned
k79_24660	unbinned
k79_24864	unbinned
k79_25053	unbinned
k79_25199	unbinned
k79_25263	unbinned
k79_25393	unbinned
k79_25406	unbinned
k79_25486	unbinned
k79_25583	unbinned
k79_25825	unbinned
k79_26004	unbinned
k79_26077	unbinned
k79_26150	unbinned
k79_26242	unbinned
k79_26334	unbinned
k79_26437	unbinned
k79_26801	unbinned
k79_26828	unbinned
k79_26999	unbinned
k79_27128	unbinned
k79_27545	unbinned
k79_28082	unbinned
k79_28109	unbinned
k79_28141	unbinned
k79_28191	unbinned
k79_28333	unbinned
k79_2847	unbinned
k79_28827	unbinned
k79_28952	unbinned
k79_29247	unbinned
k79_29333	unbinned
k79_29489	unbinned
k79_29601	unbinned
k79_29610	unbinned
k79_29657	unbinned
k79_29738	unbinned
k79_29855	unbinned
k79_30005	unbinned
k79_30117	unbinned
k79_30171	unbinned
k79_30217	unbinned
k79_30369	unbinned
k79_30542	unbinned
k79_30570	unbinned
k79_30637	unbinned
k79_30838	unbinned
k79_31005	unbinned
k79_31165	unbinned
k79_31226	unbinned
k79_31230	unbinned
k79_31331	unbinned
k79_3155	unbinned
k79_31631	unbinned
k79_31681	unbinned
k79_31815	unbinned
k79_31887	unbinned
k79_32257	unbinned
k79_32817	unbinned
k79_33677	unbinned
k79_33749	unbinned
k79_33779	unbinned
k79_34281	unbinned
k79_34378	unbinned
k79_3463	unbinned
k79_34886	unbinned
k79_35102	unbinned
k79_35133	unbinned
k79_35680	unbinned
k79_35911	unbinned
k79_36015	unbinned
k79_36124	unbinned
k79_36229	unbinned
k79_36251	unbinned
k79_36458	unbinned
k79_36468	unbinned
k79_36508	unbinned
k79_37117	unbinned
k79_37183	unbinned
k79_37289	unbinned
k79_37378	unbinned
k79_37600	unbinned
k79_37616	unbinned
k79_37861	unbinned
k79_37905	unbinned
k79_37964	unbinned
k79_38025	unbinned
k79_38110	unbinned
k79_38181	unbinned
k79_38232	unbinned
k79_38395	unbinned
k79_38503	unbinned
k79_38528	unbinned
k79_38565	unbinned
k79_39254	unbinned
k79_39258	unbinned
k79_39814	unbinned
k79_40053	unbinned
k79_40128	unbinned
k79_40220	unbinned
k79_40264	unbinned
k79_40511	unbinned
k79_40687	unbinned
k79_40732	unbinned
k79_40795	unbinned
k79_40810	unbinned
k79_4107	unbinned
k79_41166	unbinned
k79_41311	unbinned
k79_4144	unbinned
k79_41489	unbinned
k79_41950	unbinned
k79_42008	unbinned
k79_42149	unbinned
k79_42183	unbinned
k79_42634	unbinned
k79_42663	unbinned
k79_42729	unbinned
k79_42838	unbinned
k79_42937	unbinned
k79_43114	unbinned
k79_43149	unbinned
k79_43193	unbinned
k79_43365	unbinned
k79_43366	unbinned
k79_43447	unbinned
k79_43541	unbinned
k79_43554	unbinned
k79_43729	unbinned
k79_440	unbinned
k79_44130	unbinned
k79_44138	unbinned
k79_44237	unbinned
k79_44605	unbinned
k79_44680	unbinned
k79_45040	unbinned
k79_45116	unbinned
k79_45214	unbinned
k79_45287	unbinned
k79_45427	unbinned
k79_45817	unbinned
k79_46184	unbinned
k79_46424	unbinned
k79_46545	unbinned
k79_46895	unbinned
k79_47399	unbinned
k79_47585	unbinned
k79_47743	unbinned
k79_48045	unbinned
k79_48137	unbinned
k79_48300	unbinned
k79_48321	unbinned
k79_48692	unbinned
k79_48792	unbinned
k79_49062	unbinned
k79_49209	unbinned
k79_49433	unbinned
k79_49521	unbinned
k79_49544	unbinned
k79_49731	unbinned
k79_49869	unbinned
k79_50115	unbinned
k79_50149	unbinned
k79_50164	unbinned
k79_50288	unbinned
k79_50521	unbinned
k79_5087	unbinned
k79_51109	unbinned
k79_51136	unbinned
k79_51328	unbinned
k79_51384	unbinned
k79_51445	unbinned
k79_51707	unbinned
k79_51726	unbinned
k79_51730	unbinned
k79_51757	unbinned
k79_52138	unbinned
k79_52212	unbinned
k79_52908	unbinned
k79_53014	unbinned
k79_5305	unbinned
k79_53146	unbinned
k79_53297	unbinned
k79_53614	unbinned
k79_53686	unbinned
k79_53819	unbinned
k79_54554	unbinned
k79_54563	unbinned
k79_54974	unbinned
k79_54989	unbinned
k79_55016	unbinned
k79_5511	unbinned
k79_55139	unbinned
k79_55157	unbinned
k79_5568	unbinned
k79_55776	unbinned
k79_56023	unbinned
k79_56115	unbinned
k79_563	unbinned
k79_56742	unbinned
k79_56857	unbinned
k79_56902	unbinned
k79_57369	unbinned
k79_57379	unbinned
k79_57481	unbinned
k79_57569	unbinned
k79_57576	unbinned
k79_58153	unbinned
k79_58454	unbinned
k79_58456	unbinned
k79_58508	unbinned
k79_58778	unbinned
k79_58849	unbinned
k79_59548	unbinned
k79_59610	unbinned
k79_59630	unbinned
k79_59750	unbinned
k79_60107	unbinned
k79_6021	unbinned
k79_60405	unbinned
k79_60599	unbinned
k79_60634	unbinned
k79_60739	unbinned
k79_6090	unbinned
k79_61042	unbinned
k79_61230	unbinned
k79_61332	unbinned
k79_61795	unbinned
k79_62288	unbinned
k79_62295	unbinned
k79_62377	unbinned
k79_62592	unbinned
k79_62771	unbinned
k79_62937	unbinned
k79_6302	unbinned
k79_63371	unbinned
k79_63708	unbinned
k79_63722	unbinned
k79_63949	unbinned
k79_64381	unbinned
k79_64451	unbinned
k79_64693	unbinned
k79_64727	unbinned
k79_64772	unbinned
k79_64847	unbinned
k79_64991	unbinned
k79_650	unbinned
k79_65029	unbinned
k79_6525	unbinned
k79_65261	unbinned
k79_65757	unbinned
k79_65778	unbinned
k79_65834	unbinned
k79_65843	unbinned
k79_65901	unbinned
k79_66086	unbinned
k79_66270	unbinned
k79_66324	unbinned
k79_66363	unbinned
k79_66507	unbinned
k79_66609	unbinned
k79_6701	unbinned
k79_67537	unbinned
k79_67548	unbinned
k79_67796	unbinned
k79_6818	unbinned
k79_68351	unbinned
k79_68677	unbinned
k79_68710	unbinned
k79_68765	unbinned
k79_68783	unbinned
k79_68921	unbinned
k79_69000	unbinned
k79_69020	unbinned
k79_6915	unbinned
k79_69461	unbinned
k79_696	unbinned
k79_69731	unbinned
k79_70301	unbinned
k79_70339	unbinned
k79_7052	unbinned
k79_70918	unbinned
k79_71216	unbinned
k79_71471	unbinned
k79_7166	unbinned
k79_72124	unbinned
k79_72359	unbinned
k79_72441	unbinned
k79_7271	unbinned
k79_728	unbinned
k79_72984	unbinned
k79_73276	unbinned
k79_73301	unbinned
k79_73750	unbinned
k79_73833	unbinned
k79_74632	unbinned
k79_74776	unbinned
k79_74810	unbinned
k79_74856	unbinned
k79_75140	unbinned
k79_75312	unbinned
k79_75320	unbinned
k79_75342	unbinned
k79_75725	unbinned
k79_75915	unbinned
k79_7605	unbinned
k79_76176	unbinned
k79_76228	unbinned
k79_76526	unbinned
k79_76642	unbinned
k79_76919	unbinned
k79_77077	unbinned
k79_77263	unbinned
k79_77316	unbinned
k79_77476	unbinned
k79_77678	unbinned
k79_77841	unbinned
k79_77939	unbinned
k79_78824	unbinned
k79_79122	unbinned
k79_79239	unbinned
k79_7929	unbinned
k79_79307	unbinned
k79_79334	unbinned
k79_79564	unbinned
k79_79923	unbinned
k79_80083	unbinned
k79_80413	unbinned
k79_81199	unbinned
k79_81675	unbinned
k79_81744	unbinned
k79_82019	unbinned
k79_82115	unbinned
k79_82265	unbinned
k79_82953	unbinned
k79_83224	unbinned
k79_83490	unbinned
k79_83664	unbinned
k79_83757	unbinned
k79_83961	unbinned
k79_84054	unbinned
k79_84499	unbinned
k79_84608	unbinned
k79_84657	unbinned
k79_84849	unbinned
k79_85188	unbinned
k79_85429	unbinned
k79_85955	unbinned
k79_85963	unbinned
k79_85974	unbinned
k79_86275	unbinned
k79_86326	unbinned
k79_86345	unbinned
k79_86387	unbinned
k79_86614	unbinned
k79_86637	unbinned
k79_86786	unbinned
k79_86865	unbinned
k79_87133	unbinned
k79_87142	unbinned
k79_87176	unbinned
k79_87430	unbinned
k79_87610	unbinned
k79_87853	unbinned
k79_88169	unbinned
k79_88282	unbinned
k79_88478	unbinned
k79_88687	unbinned
k79_88811	unbinned
k79_88825	unbinned
k79_88847	unbinned
k79_88889	unbinned
k79_88952	unbinned
k79_89087	unbinned
k79_89445	unbinned
k79_9002	unbinned
k79_90691	unbinned
k79_91001	unbinned
k79_91133	unbinned
k79_91176	unbinned
k79_91242	unbinned
k79_91441	unbinned
k79_91867	unbinned
k79_91919	unbinned
k79_92254	unbinned
k79_93111	unbinned
k79_93546	unbinned
k79_93688	unbinned
k79_93729	unbinned
k79_94737	unbinned
k79_95	unbinned
k79_95257	unbinned
k79_95281	unbinned
k79_95433	unbinned
k79_95464	unbinned
k79_95476	unbinned
k79_95583	unbinned
k79_95753	unbinned
k79_96335	unbinned
k79_96578	unbinned
k79_96671	unbinned
k79_96718	unbinned
k79_96744	unbinned
k79_96898	unbinned
k79_97140	unbinned
k79_97212	unbinned
k79_97354	unbinned
k79_97375	unbinned
k79_9989	unbinned
k79_13674	unbinned
k79_15997	unbinned
k79_16925	unbinned
k79_24533	unbinned
k79_28187	unbinned
k79_28215	unbinned
k79_31101	unbinned
k79_31393	unbinned
k79_32413	unbinned
k79_35424	unbinned
k79_39963	unbinned
k79_40801	unbinned
k79_43971	unbinned
k79_44064	unbinned
k79_44524	unbinned
k79_45211	unbinned
k79_4535	unbinned
k79_50263	unbinned
k79_50395	unbinned
k79_50893	unbinned
k79_53329	unbinned
k79_5389	unbinned
k79_5622	unbinned
k79_60268	unbinned
k79_618	unbinned
k79_65085	unbinned
k79_65689	unbinned
k79_68582	unbinned
k79_73893	unbinned
k79_76354	unbinned
k79_78655	unbinned
k79_79561	unbinned
k79_80931	unbinned
k79_89216	unbinned
k79_93704	unbinned
k79_95980	unbinned
k79_10011	unbinned
k79_1007	unbinned
k79_10098	unbinned
k79_10462	unbinned
k79_10959	unbinned
k79_10977	unbinned
k79_11510	unbinned
k79_11835	unbinned
k79_12002	unbinned
k79_12083	unbinned
k79_12219	unbinned
k79_12302	unbinned
k79_12595	unbinned
k79_13106	unbinned
k79_13859	unbinned
k79_14252	unbinned
k79_14337	unbinned
k79_14340	unbinned
k79_14401	unbinned
k79_14559	unbinned
k79_14873	unbinned
k79_15469	unbinned
k79_15954	unbinned
k79_17235	unbinned
k79_17306	unbinned
k79_17368	unbinned
k79_18594	unbinned
k79_1871	unbinned
k79_18990	unbinned
k79_19243	unbinned
k79_19311	unbinned
k79_19335	unbinned
k79_20436	unbinned
k79_21067	unbinned
k79_21164	unbinned
k79_21357	unbinned
k79_21448	unbinned
k79_21711	unbinned
k79_23436	unbinned
k79_24622	unbinned
k79_25031	unbinned
k79_25237	unbinned
k79_25346	unbinned
k79_25462	unbinned
k79_25734	unbinned
k79_26140	unbinned
k79_26189	unbinned
k79_26608	unbinned
k79_27792	unbinned
k79_27843	unbinned
k79_283	unbinned
k79_2879	unbinned
k79_28886	unbinned
k79_28955	unbinned
k79_29665	unbinned
k79_29956	unbinned
k79_30133	unbinned
k79_30674	unbinned
k79_30892	unbinned
k79_31271	unbinned
k79_31480	unbinned
k79_31835	unbinned
k79_31969	unbinned
k79_32022	unbinned
k79_32158	unbinned
k79_32217	unbinned
k79_32289	unbinned
k79_32296	unbinned
k79_32431	unbinned
k79_32881	unbinned
k79_33232	unbinned
k79_33300	unbinned
k79_33514	unbinned
k79_33761	unbinned
k79_34741	unbinned
k79_35050	unbinned
k79_35256	unbinned
k79_35791	unbinned
k79_35850	unbinned
k79_35975	unbinned
k79_36018	unbinned
k79_36081	unbinned
k79_36591	unbinned
k79_36887	unbinned
k79_36934	unbinned
k79_37319	unbinned
k79_37343	unbinned
k79_37383	unbinned
k79_38371	unbinned
k79_384	unbinned
k79_39281	unbinned
k79_3929	unbinned
k79_39329	unbinned
k79_39683	unbinned
k79_39791	unbinned
k79_39832	unbinned
k79_39849	unbinned
k79_39967	unbinned
k79_39999	unbinned
k79_40450	unbinned
k79_40668	unbinned
k79_41266	unbinned
k79_41625	unbinned
k79_42088	unbinned
k79_421	unbinned
k79_42402	unbinned
k79_42575	unbinned
k79_42630	unbinned
k79_42707	unbinned
k79_42759	unbinned
k79_43169	unbinned
k79_43702	unbinned
k79_43789	unbinned
k79_44029	unbinned
k79_44221	unbinned
k79_44421	unbinned
k79_44490	unbinned
k79_44520	unbinned
k79_44570	unbinned
k79_44614	unbinned
k79_44899	unbinned
k79_45431	unbinned
k79_47059	unbinned
k79_47374	unbinned
k79_47449	unbinned
k79_47784	unbinned
k79_48067	unbinned
k79_48195	unbinned
k79_48231	unbinned
k79_48477	unbinned
k79_48818	unbinned
k79_48833	unbinned
k79_49264	unbinned
k79_499	unbinned
k79_50096	unbinned
k79_50134	unbinned
k79_50203	unbinned
k79_50384	unbinned
k79_50546	unbinned
k79_51536	unbinned
k79_52266	unbinned
k79_5228	unbinned
k79_52650	unbinned
k79_53140	unbinned
k79_54303	unbinned
k79_55080	unbinned
k79_55225	unbinned
k79_55288	unbinned
k79_56080	unbinned
k79_56240	unbinned
k79_56625	unbinned
k79_56976	unbinned
k79_57662	unbinned
k79_57810	unbinned
k79_58323	unbinned
k79_58470	unbinned
k79_58516	unbinned
k79_58939	unbinned
k79_5907	unbinned
k79_6008	unbinned
k79_60099	unbinned
k79_60128	unbinned
k79_60132	unbinned
k79_60496	unbinned
k79_60515	unbinned
k79_60935	unbinned
k79_61460	unbinned
k79_62188	unbinned
k79_63090	unbinned
k79_63243	unbinned
k79_63253	unbinned
k79_6422	unbinned
k79_64340	unbinned
k79_64831	unbinned
k79_64856	unbinned
k79_64957	unbinned
k79_64987	unbinned
k79_65249	unbinned
k79_65562	unbinned
k79_66510	unbinned
k79_67455	unbinned
k79_67981	unbinned
k79_68340	unbinned
k79_68617	unbinned
k79_69962	unbinned
k79_70558	unbinned
k79_7156	unbinned
k79_71578	unbinned
k79_71838	unbinned
k79_72219	unbinned
k79_72987	unbinned
k79_73545	unbinned
k79_73981	unbinned
k79_74542	unbinned
k79_75322	unbinned
k79_7534	unbinned
k79_7558	unbinned
k79_75749	unbinned
k79_76484	unbinned
k79_77229	unbinned
k79_77334	unbinned
k79_7775	unbinned
k79_77762	unbinned
k79_77846	unbinned
k79_78040	unbinned
k79_78235	unbinned
k79_7920	unbinned
k79_79582	unbinned
k79_7997	unbinned
k79_80294	unbinned
k79_80517	unbinned
k79_80531	unbinned
k79_80587	unbinned
k79_80654	unbinned
k79_80848	unbinned
k79_81081	unbinned
k79_82363	unbinned
k79_82572	unbinned
k79_82593	unbinned
k79_82782	unbinned
k79_83384	unbinned
k79_8339	unbinned
k79_84855	unbinned
k79_85028	unbinned
k79_85394	unbinned
k79_8544	unbinned
k79_86166	unbinned
k79_87157	unbinned
k79_87206	unbinned
k79_87262	unbinned
k79_87431	unbinned
k79_87543	unbinned
k79_87805	unbinned
k79_88145	unbinned
k79_88256	unbinned
k79_90388	unbinned
k79_90881	unbinned
k79_91118	unbinned
k79_91392	unbinned
k79_91427	unbinned
k79_9176	unbinned
k79_92369	unbinned
k79_92452	unbinned
k79_93318	unbinned
k79_93789	unbinned
k79_94363	unbinned
k79_9463	unbinned
k79_9488	unbinned
k79_9493	unbinned
k79_95030	unbinned
k79_95230	unbinned
k79_95880	unbinned
k79_96216	unbinned
k79_9886	unbinned
k79_12105	unbinned
k79_12130	unbinned
k79_17438	unbinned
k79_17571	unbinned
k79_19090	unbinned
k79_23982	unbinned
k79_29405	unbinned
k79_29406	unbinned
k79_3025	unbinned
k79_30471	unbinned
k79_33836	unbinned
k79_34377	unbinned
k79_34701	unbinned
k79_35294	unbinned
k79_37919	unbinned
k79_37977	unbinned
k79_39199	unbinned
k79_41972	unbinned
k79_46846	unbinned
k79_49126	unbinned
k79_54976	unbinned
k79_57251	unbinned
k79_61746	unbinned
k79_66249	unbinned
k79_68898	unbinned
k79_70053	unbinned
k79_74798	unbinned
k79_75302	unbinned
k79_78114	unbinned
k79_87174	unbinned
k79_92327	unbinned
k79_93759	unbinned
k79_94506	unbinned
k79_96154	unbinned
k79_10514	unbinned
k79_10539	unbinned
k79_10908	unbinned
k79_11236	unbinned
k79_11544	unbinned
k79_14986	unbinned
k79_16109	unbinned
k79_16813	unbinned
k79_17806	unbinned
k79_18855	unbinned
k79_1899	unbinned
k79_20292	unbinned
k79_20343	unbinned
k79_20755	unbinned
k79_22933	unbinned
k79_2399	unbinned
k79_24000	unbinned
k79_24115	unbinned
k79_24124	unbinned
k79_25025	unbinned
k79_25951	unbinned
k79_26232	unbinned
k79_26495	unbinned
k79_27015	unbinned
k79_27449	unbinned
k79_27476	unbinned
k79_27812	unbinned
k79_28203	unbinned
k79_28518	unbinned
k79_28863	unbinned
k79_29796	unbinned
k79_30697	unbinned
k79_3156	unbinned
k79_32079	unbinned
k79_32566	unbinned
k79_33160	unbinned
k79_33394	unbinned
k79_34615	unbinned
k79_35111	unbinned
k79_35438	unbinned
k79_3545	unbinned
k79_35838	unbinned
k79_36410	unbinned
k79_36803	unbinned
k79_37491	unbinned
k79_40027	unbinned
k79_40293	unbinned
k79_4075	unbinned
k79_41781	unbinned
k79_43234	unbinned
k79_43252	unbinned
k79_43800	unbinned
k79_45081	unbinned
k79_45760	unbinned
k79_46303	unbinned
k79_46350	unbinned
k79_47602	unbinned
k79_47711	unbinned
k79_49267	unbinned
k79_49874	unbinned
k79_51762	unbinned
k79_52752	unbinned
k79_53020	unbinned
k79_54133	unbinned
k79_55461	unbinned
k79_55542	unbinned
k79_56324	unbinned
k79_56351	unbinned
k79_57381	unbinned
k79_5739	unbinned
k79_57418	unbinned
k79_59376	unbinned
k79_59624	unbinned
k79_59643	unbinned
k79_59951	unbinned
k79_60592	unbinned
k79_60894	unbinned
k79_61710	unbinned
k79_62993	unbinned
k79_63089	unbinned
k79_63348	unbinned
k79_6346	unbinned
k79_63522	unbinned
k79_6405	unbinned
k79_65235	unbinned
k79_66994	unbinned
k79_67471	unbinned
k79_67965	unbinned
k79_68810	unbinned
k79_70878	unbinned
k79_71693	unbinned
k79_7295	unbinned
k79_73286	unbinned
k79_7336	unbinned
k79_73764	unbinned
k79_74809	unbinned
k79_75226	unbinned
k79_7720	unbinned
k79_78131	unbinned
k79_78175	unbinned
k79_78736	unbinned
k79_79263	unbinned
k79_803	unbinned
k79_80515	unbinned
k79_81093	unbinned
k79_81164	unbinned
k79_8117	unbinned
k79_81457	unbinned
k79_81677	unbinned
k79_83801	unbinned
k79_85042	unbinned
k79_85808	unbinned
k79_86349	unbinned
k79_86877	unbinned
k79_8705	unbinned
k79_88818	unbinned
k79_88907	unbinned
k79_90293	unbinned
k79_90504	unbinned
k79_91054	unbinned
k79_93687	unbinned
k79_93818	unbinned
k79_94261	unbinned
k79_94625	unbinned
k79_94830	unbinned
k79_96130	unbinned
k79_96312	unbinned
k79_96942	unbinned
k79_23874	unbinned
k79_11040	unbinned
k79_13766	unbinned
k79_14441	unbinned
k79_17202	unbinned
k79_20593	unbinned
k79_20799	unbinned
k79_24681	unbinned
k79_29091	unbinned
k79_3019	unbinned
k79_3159	unbinned
k79_33192	unbinned
k79_38235	unbinned
k79_39077	unbinned
k79_42335	unbinned
k79_43139	unbinned
k79_43457	unbinned
k79_43590	unbinned
k79_45248	unbinned
k79_46807	unbinned
k79_50710	unbinned
k79_51683	unbinned
k79_54787	unbinned
k79_55206	unbinned
k79_55393	unbinned
k79_5857	unbinned
k79_64534	unbinned
k79_64703	unbinned
k79_66581	unbinned
k79_67282	unbinned
k79_70189	unbinned
k79_75914	unbinned
k79_78056	unbinned
k79_78858	unbinned
k79_80123	unbinned
k79_80355	unbinned
k79_82292	unbinned
k79_86232	unbinned
k79_86252	unbinned
k79_91682	unbinned
k79_91914	unbinned
k79_92932	unbinned
k79_9558	unbinned
k79_10295	unbinned
k79_10368	unbinned
k79_10777	unbinned
k79_11361	unbinned
k79_11809	unbinned
k79_11942	unbinned
k79_12052	unbinned
k79_12326	unbinned
k79_12465	unbinned
k79_16487	unbinned
k79_17596	unbinned
k79_17824	unbinned
k79_17858	unbinned
k79_17900	unbinned
k79_18198	unbinned
k79_19119	unbinned
k79_19259	unbinned
k79_19283	unbinned
k79_1954	unbinned
k79_19804	unbinned
k79_2116	unbinned
k79_21431	unbinned
k79_21858	unbinned
k79_2432	unbinned
k79_24509	unbinned
k79_24858	unbinned
k79_25537	unbinned
k79_25992	unbinned
k79_26676	unbinned
k79_27414	unbinned
k79_27687	unbinned
k79_28711	unbinned
k79_28793	unbinned
k79_28982	unbinned
k79_29584	unbinned
k79_29678	unbinned
k79_29720	unbinned
k79_30780	unbinned
k79_31068	unbinned
k79_3134	unbinned
k79_31644	unbinned
k79_3194	unbinned
k79_33218	unbinned
k79_33348	unbinned
k79_33631	unbinned
k79_34460	unbinned
k79_34836	unbinned
k79_35031	unbinned
k79_35723	unbinned
k79_35941	unbinned
k79_36088	unbinned
k79_36545	unbinned
k79_36688	unbinned
k79_39973	unbinned
k79_40670	unbinned
k79_41165	unbinned
k79_41764	unbinned
k79_42286	unbinned
k79_47150	unbinned
k79_4739	unbinned
k79_4820	unbinned
k79_48323	unbinned
k79_48699	unbinned
k79_4952	unbinned
k79_4976	unbinned
k79_50896	unbinned
k79_50951	unbinned
k79_51193	unbinned
k79_51277	unbinned
k79_51300	unbinned
k79_52259	unbinned
k79_52379	unbinned
k79_52858	unbinned
k79_52921	unbinned
k79_53013	unbinned
k79_54773	unbinned
k79_56195	unbinned
k79_5627	unbinned
k79_57140	unbinned
k79_57718	unbinned
k79_57761	unbinned
k79_57773	unbinned
k79_58606	unbinned
k79_58748	unbinned
k79_59355	unbinned
k79_59377	unbinned
k79_59400	unbinned
k79_59880	unbinned
k79_62032	unbinned
k79_62370	unbinned
k79_62760	unbinned
k79_6315	unbinned
k79_63802	unbinned
k79_65243	unbinned
k79_66311	unbinned
k79_67550	unbinned
k79_67679	unbinned
k79_67901	unbinned
k79_68153	unbinned
k79_68615	unbinned
k79_68800	unbinned
k79_68831	unbinned
k79_69570	unbinned
k79_7028	unbinned
k79_70518	unbinned
k79_70603	unbinned
k79_70750	unbinned
k79_70844	unbinned
k79_70976	unbinned
k79_71272	unbinned
k79_71408	unbinned
k79_71601	unbinned
k79_7182	unbinned
k79_71950	unbinned
k79_72403	unbinned
k79_7289	unbinned
k79_73204	unbinned
k79_73302	unbinned
k79_74090	unbinned
k79_74562	unbinned
k79_75615	unbinned
k79_76260	unbinned
k79_76554	unbinned
k79_77481	unbinned
k79_78326	unbinned
k79_78602	unbinned
k79_79213	unbinned
k79_79385	unbinned
k79_79829	unbinned
k79_80132	unbinned
k79_80729	unbinned
k79_80752	unbinned
k79_8080	unbinned
k79_81535	unbinned
k79_82056	unbinned
k79_82781	unbinned
k79_83393	unbinned
k79_8402	unbinned
k79_84236	unbinned
k79_84967	unbinned
k79_86315	unbinned
k79_88582	unbinned
k79_88676	unbinned
k79_88804	unbinned
k79_88948	unbinned
k79_89372	unbinned
k79_89974	unbinned
k79_90283	unbinned
k79_90430	unbinned
k79_9069	unbinned
k79_92122	unbinned
k79_9223	unbinned
k79_92779	unbinned
k79_93182	unbinned
k79_93516	unbinned
k79_9388	unbinned
k79_9433	unbinned
k79_95542	unbinned
k79_95837	unbinned
k79_95934	unbinned
k79_96787	unbinned
k79_97043	unbinned
k79_97312	unbinned
k79_9816	unbinned
k79_9979	unbinned
k79_11351	unbinned
k79_1185	unbinned
k79_11998	unbinned
k79_1248	unbinned
k79_13621	unbinned
k79_13682	unbinned
k79_14912	unbinned
k79_15031	unbinned
k79_15399	unbinned
k79_15963	unbinned
k79_17142	unbinned
k79_17509	unbinned
k79_18337	unbinned
k79_19626	unbinned
k79_20135	unbinned
k79_20490	unbinned
k79_21288	unbinned
k79_21739	unbinned
k79_21856	unbinned
k79_21936	unbinned
k79_234	unbinned
k79_24355	unbinned
k79_27437	unbinned
k79_2808	unbinned
k79_28336	unbinned
k79_2896	unbinned
k79_29117	unbinned
k79_30625	unbinned
k79_30712	unbinned
k79_31232	unbinned
k79_31288	unbinned
k79_31628	unbinned
k79_32078	unbinned
k79_33425	unbinned
k79_34234	unbinned
k79_35675	unbinned
k79_36227	unbinned
k79_38747	unbinned
k79_39163	unbinned
k79_41405	unbinned
k79_42716	unbinned
k79_42900	unbinned
k79_44041	unbinned
k79_44089	unbinned
k79_44598	unbinned
k79_44646	unbinned
k79_45359	unbinned
k79_45549	unbinned
k79_46775	unbinned
k79_47093	unbinned
k79_47710	unbinned
k79_47915	unbinned
k79_48666	unbinned
k79_498	unbinned
k79_50826	unbinned
k79_51320	unbinned
k79_51601	unbinned
k79_51794	unbinned
k79_52736	unbinned
k79_53905	unbinned
k79_54203	unbinned
k79_54753	unbinned
k79_55020	unbinned
k79_56228	unbinned
k79_5634	unbinned
k79_57634	unbinned
k79_60750	unbinned
k79_62676	unbinned
k79_63365	unbinned
k79_63809	unbinned
k79_65333	unbinned
k79_66033	unbinned
k79_6675	unbinned
k79_67	unbinned
k79_67205	unbinned
k79_67442	unbinned
k79_68138	unbinned
k79_68176	unbinned
k79_69246	unbinned
k79_69738	unbinned
k79_70528	unbinned
k79_70917	unbinned
k79_71694	unbinned
k79_7333	unbinned
k79_73608	unbinned
k79_75759	unbinned
k79_75818	unbinned
k79_75875	unbinned
k79_76212	unbinned
k79_76405	unbinned
k79_76759	unbinned
k79_76906	unbinned
k79_7880	unbinned
k79_78835	unbinned
k79_79162	unbinned
k79_7985	unbinned
k79_81839	unbinned
k79_82270	unbinned
k79_8260	unbinned
k79_82629	unbinned
k79_82653	unbinned
k79_82805	unbinned
k79_83861	unbinned
k79_84882	unbinned
k79_8517	unbinned
k79_86191	unbinned
k79_87926	unbinned
k79_88452	unbinned
k79_90495	unbinned
k79_91184	unbinned
k79_93295	unbinned
k79_94138	unbinned
k79_94555	unbinned
k79_9532	unbinned
k79_95343	unbinned
k79_96682	unbinned
k79_52354	unbinned
k79_23094	unbinned
k79_10225	unbinned
k79_10328	unbinned
k79_10970	unbinned
k79_1144	unbinned
k79_11636	unbinned
k79_11724	unbinned
k79_11909	unbinned
k79_12265	unbinned
k79_12955	unbinned
k79_13045	unbinned
k79_13137	unbinned
k79_14622	unbinned
k79_14714	unbinned
k79_1474	unbinned
k79_15141	unbinned
k79_15376	unbinned
k79_15679	unbinned
k79_16120	unbinned
k79_16679	unbinned
k79_17133	unbinned
k79_17340	unbinned
k79_17409	unbinned
k79_17481	unbinned
k79_18159	unbinned
k79_18190	unbinned
k79_18445	unbinned
k79_19263	unbinned
k79_19867	unbinned
k79_20803	unbinned
k79_20813	unbinned
k79_21130	unbinned
k79_2129	unbinned
k79_21373	unbinned
k79_21990	unbinned
k79_22384	unbinned
k79_23139	unbinned
k79_23194	unbinned
k79_2420	unbinned
k79_24269	unbinned
k79_24904	unbinned
k79_25852	unbinned
k79_26251	unbinned
k79_26545	unbinned
k79_26916	unbinned
k79_26983	unbinned
k79_27103	unbinned
k79_27195	unbinned
k79_28067	unbinned
k79_28083	unbinned
k79_29006	unbinned
k79_29472	unbinned
k79_29802	unbinned
k79_30511	unbinned
k79_30546	unbinned
k79_30755	unbinned
k79_30791	unbinned
k79_31332	unbinned
k79_31755	unbinned
k79_31932	unbinned
k79_32741	unbinned
k79_33372	unbinned
k79_33411	unbinned
k79_3444	unbinned
k79_34711	unbinned
k79_36337	unbinned
k79_36720	unbinned
k79_37115	unbinned
k79_37234	unbinned
k79_37633	unbinned
k79_39090	unbinned
k79_39153	unbinned
k79_39637	unbinned
k79_39684	unbinned
k79_39978	unbinned
k79_41344	unbinned
k79_41540	unbinned
k79_41629	unbinned
k79_41717	unbinned
k79_42011	unbinned
k79_42651	unbinned
k79_42698	unbinned
k79_43421	unbinned
k79_43749	unbinned
k79_44272	unbinned
k79_44495	unbinned
k79_44672	unbinned
k79_45155	unbinned
k79_45201	unbinned
k79_46806	unbinned
k79_47107	unbinned
k79_47597	unbinned
k79_47753	unbinned
k79_48381	unbinned
k79_48498	unbinned
k79_49132	unbinned
k79_49207	unbinned
k79_49370	unbinned
k79_49467	unbinned
k79_4989	unbinned
k79_4993	unbinned
k79_50268	unbinned
k79_50337	unbinned
k79_50505	unbinned
k79_5126	unbinned
k79_5152	unbinned
k79_52362	unbinned
k79_54593	unbinned
k79_5487	unbinned
k79_55060	unbinned
k79_56155	unbinned
k79_56232	unbinned
k79_56317	unbinned
k79_56697	unbinned
k79_56844	unbinned
k79_57691	unbinned
k79_57839	unbinned
k79_58593	unbinned
k79_58781	unbinned
k79_59085	unbinned
k79_60323	unbinned
k79_60458	unbinned
k79_60626	unbinned
k79_61098	unbinned
k79_61760	unbinned
k79_62902	unbinned
k79_64539	unbinned
k79_64592	unbinned
k79_64674	unbinned
k79_6505	unbinned
k79_65147	unbinned
k79_66395	unbinned
k79_67075	unbinned
k79_67218	unbinned
k79_67330	unbinned
k79_67642	unbinned
k79_67852	unbinned
k79_68299	unbinned
k79_68618	unbinned
k79_70158	unbinned
k79_70205	unbinned
k79_70284	unbinned
k79_70729	unbinned
k79_70753	unbinned
k79_70835	unbinned
k79_71242	unbinned
k79_71363	unbinned
k79_71490	unbinned
k79_71508	unbinned
k79_71540	unbinned
k79_71939	unbinned
k79_72281	unbinned
k79_73484	unbinned
k79_73760	unbinned
k79_73766	unbinned
k79_73797	unbinned
k79_74178	unbinned
k79_74251	unbinned
k79_74356	unbinned
k79_74376	unbinned
k79_74943	unbinned
k79_75376	unbinned
k79_76171	unbinned
k79_76452	unbinned
k79_7662	unbinned
k79_76729	unbinned
k79_77106	unbinned
k79_77150	unbinned
k79_77332	unbinned
k79_77478	unbinned
k79_77687	unbinned
k79_78031	unbinned
k79_79313	unbinned
k79_79792	unbinned
k79_8038	unbinned
k79_80559	unbinned
k79_80784	unbinned
k79_80921	unbinned
k79_80953	unbinned
k79_81441	unbinned
k79_81537	unbinned
k79_81645	unbinned
k79_82466	unbinned
k79_82613	unbinned
k79_82648	unbinned
k79_82678	unbinned
k79_82706	unbinned
k79_83147	unbinned
k79_83324	unbinned
k79_83547	unbinned
k79_83869	unbinned
k79_84021	unbinned
k79_84611	unbinned
k79_8506	unbinned
k79_85209	unbinned
k79_85309	unbinned
k79_85631	unbinned
k79_85791	unbinned
k79_86207	unbinned
k79_87221	unbinned
k79_87334	unbinned
k79_87524	unbinned
k79_87551	unbinned
k79_87731	unbinned
k79_87790	unbinned
k79_88776	unbinned
k79_89293	unbinned
k79_89462	unbinned
k79_89935	unbinned
k79_90187	unbinned
k79_90456	unbinned
k79_90936	unbinned
k79_9103	unbinned
k79_91226	unbinned
k79_91283	unbinned
k79_91477	unbinned
k79_91537	unbinned
k79_92119	unbinned
k79_9216	unbinned
k79_92379	unbinned
k79_92813	unbinned
k79_93023	unbinned
k79_93433	unbinned
k79_94029	unbinned
k79_94674	unbinned
k79_95272	unbinned
k79_95792	unbinned
k79_95900	unbinned
k79_96606	unbinned
k79_96790	unbinned
k79_96999	unbinned
k79_97191	unbinned
k79_97255	unbinned
k79_97335	unbinned
k79_9966	unbinned
k79_997	unbinned
k79_81709	unbinned
k79_63830	unbinned
k79_10226	unbinned
k79_10303	unbinned
k79_11053	unbinned
k79_12246	unbinned
k79_1324	unbinned
k79_13453	unbinned
k79_1367	unbinned
k79_13867	unbinned
k79_14776	unbinned
k79_14889	unbinned
k79_16089	unbinned
k79_16408	unbinned
k79_16741	unbinned
k79_16830	unbinned
k79_1693	unbinned
k79_17893	unbinned
k79_18270	unbinned
k79_18583	unbinned
k79_18806	unbinned
k79_18874	unbinned
k79_19233	unbinned
k79_19266	unbinned
k79_19519	unbinned
k79_19628	unbinned
k79_20521	unbinned
k79_20585	unbinned
k79_22274	unbinned
k79_22565	unbinned
k79_23542	unbinned
k79_24235	unbinned
k79_24242	unbinned
k79_24519	unbinned
k79_24576	unbinned
k79_24791	unbinned
k79_24942	unbinned
k79_24951	unbinned
k79_25890	unbinned
k79_26529	unbinned
k79_2723	unbinned
k79_27300	unbinned
k79_27424	unbinned
k79_27522	unbinned
k79_276	unbinned
k79_27993	unbinned
k79_29227	unbinned
k79_30268	unbinned
k79_30386	unbinned
k79_30583	unbinned
k79_31298	unbinned
k79_31444	unbinned
k79_316	unbinned
k79_31795	unbinned
k79_32249	unbinned
k79_32907	unbinned
k79_33446	unbinned
k79_33985	unbinned
k79_34205	unbinned
k79_34484	unbinned
k79_34603	unbinned
k79_34915	unbinned
k79_34952	unbinned
k79_35124	unbinned
k79_35997	unbinned
k79_36082	unbinned
k79_36464	unbinned
k79_37018	unbinned
k79_37116	unbinned
k79_37267	unbinned
k79_37944	unbinned
k79_38164	unbinned
k79_38323	unbinned
k79_38575	unbinned
k79_38962	unbinned
k79_39591	unbinned
k79_3961	unbinned
k79_40364	unbinned
k79_4091	unbinned
k79_41865	unbinned
k79_41953	unbinned
k79_42138	unbinned
k79_42562	unbinned
k79_43045	unbinned
k79_43538	unbinned
k79_44066	unbinned
k79_44472	unbinned
k79_4544	unbinned
k79_45440	unbinned
k79_46009	unbinned
k79_467	unbinned
k79_46756	unbinned
k79_46808	unbinned
k79_46857	unbinned
k79_47183	unbinned
k79_47394	unbinned
k79_47497	unbinned
k79_47838	unbinned
k79_47845	unbinned
k79_47981	unbinned
k79_49272	unbinned
k79_49380	unbinned
k79_49495	unbinned
k79_50270	unbinned
k79_50478	unbinned
k79_50740	unbinned
k79_51029	unbinned
k79_51656	unbinned
k79_52268	unbinned
k79_52520	unbinned
k79_53470	unbinned
k79_54428	unbinned
k79_54486	unbinned
k79_55415	unbinned
k79_55635	unbinned
k79_55964	unbinned
k79_56778	unbinned
k79_56787	unbinned
k79_5709	unbinned
k79_57133	unbinned
k79_57504	unbinned
k79_57563	unbinned
k79_57604	unbinned
k79_57772	unbinned
k79_58005	unbinned
k79_58644	unbinned
k79_58804	unbinned
k79_59625	unbinned
k79_5981	unbinned
k79_60061	unbinned
k79_60346	unbinned
k79_60350	unbinned
k79_62236	unbinned
k79_62646	unbinned
k79_62821	unbinned
k79_64143	unbinned
k79_64546	unbinned
k79_64759	unbinned
k79_64901	unbinned
k79_65078	unbinned
k79_65435	unbinned
k79_66210	unbinned
k79_66225	unbinned
k79_66496	unbinned
k79_66547	unbinned
k79_66754	unbinned
k79_6694	unbinned
k79_67633	unbinned
k79_67744	unbinned
k79_68131	unbinned
k79_68793	unbinned
k79_69275	unbinned
k79_69548	unbinned
k79_69600	unbinned
k79_70078	unbinned
k79_70135	unbinned
k79_70201	unbinned
k79_7235	unbinned
k79_72513	unbinned
k79_73225	unbinned
k79_73603	unbinned
k79_73679	unbinned
k79_74254	unbinned
k79_74785	unbinned
k79_75001	unbinned
k79_77013	unbinned
k79_78067	unbinned
k79_78116	unbinned
k79_78411	unbinned
k79_79129	unbinned
k79_79208	unbinned
k79_79785	unbinned
k79_80390	unbinned
k79_80825	unbinned
k79_80911	unbinned
k79_81086	unbinned
k79_81155	unbinned
k79_81184	unbinned
k79_81957	unbinned
k79_82038	unbinned
k79_82367	unbinned
k79_83260	unbinned
k79_83822	unbinned
k79_85057	unbinned
k79_85734	unbinned
k79_85958	unbinned
k79_85981	unbinned
k79_86009	unbinned
k79_86420	unbinned
k79_8698	unbinned
k79_87035	unbinned
k79_87981	unbinned
k79_88064	unbinned
k79_88425	unbinned
k79_8857	unbinned
k79_8925	unbinned
k79_89441	unbinned
k79_89536	unbinned
k79_89785	unbinned
k79_90115	unbinned
k79_90170	unbinned
k79_90194	unbinned
k79_90783	unbinned
k79_91087	unbinned
k79_91188	unbinned
k79_92191	unbinned
k79_92406	unbinned
k79_9250	unbinned
k79_92809	unbinned
k79_92836	unbinned
k79_94668	unbinned
k79_94938	unbinned
k79_95067	unbinned
k79_95217	unbinned
k79_95295	unbinned
k79_95397	unbinned
k79_95789	unbinned
k79_95938	unbinned
k79_96388	unbinned
k79_96638	unbinned
k79_97318	unbinned
k79_97407	unbinned
k79_9905	unbinned
k79_10040	unbinned
k79_10135	unbinned
k79_10305	unbinned
k79_10580	unbinned
k79_10614	unbinned
k79_10921	unbinned
k79_11963	unbinned
k79_12483	unbinned
k79_1299	unbinned
k79_132	unbinned
k79_13277	unbinned
k79_13651	unbinned
k79_14475	unbinned
k79_14499	unbinned
k79_15496	unbinned
k79_15674	unbinned
k79_16198	unbinned
k79_16224	unbinned
k79_16285	unbinned
k79_16384	unbinned
k79_17397	unbinned
k79_17521	unbinned
k79_20486	unbinned
k79_21342	unbinned
k79_21510	unbinned
k79_21862	unbinned
k79_21969	unbinned
k79_22542	unbinned
k79_22972	unbinned
k79_23344	unbinned
k79_24055	unbinned
k79_242	unbinned
k79_2562	unbinned
k79_26105	unbinned
k79_271	unbinned
k79_2789	unbinned
k79_28489	unbinned
k79_29594	unbinned
k79_29681	unbinned
k79_2970	unbinned
k79_31538	unbinned
k79_31699	unbinned
k79_31737	unbinned
k79_32032	unbinned
k79_32461	unbinned
k79_33728	unbinned
k79_33964	unbinned
k79_34370	unbinned
k79_35666	unbinned
k79_35863	unbinned
k79_36044	unbinned
k79_36543	unbinned
k79_37528	unbinned
k79_37667	unbinned
k79_37798	unbinned
k79_37912	unbinned
k79_38426	unbinned
k79_38976	unbinned
k79_39871	unbinned
k79_40267	unbinned
k79_41274	unbinned
k79_41430	unbinned
k79_41714	unbinned
k79_42463	unbinned
k79_42557	unbinned
k79_42800	unbinned
k79_4290	unbinned
k79_44290	unbinned
k79_44708	unbinned
k79_44743	unbinned
k79_45437	unbinned
k79_47052	unbinned
k79_47077	unbinned
k79_47460	unbinned
k79_47773	unbinned
k79_48157	unbinned
k79_48162	unbinned
k79_48664	unbinned
k79_48860	unbinned
k79_49570	unbinned
k79_5000	unbinned
k79_50398	unbinned
k79_50838	unbinned
k79_51087	unbinned
k79_51278	unbinned
k79_5132	unbinned
k79_51467	unbinned
k79_52182	unbinned
k79_52320	unbinned
k79_52424	unbinned
k79_52521	unbinned
k79_52682	unbinned
k79_52984	unbinned
k79_53961	unbinned
k79_54450	unbinned
k79_54599	unbinned
k79_55160	unbinned
k79_55301	unbinned
k79_55661	unbinned
k79_55717	unbinned
k79_55780	unbinned
k79_5619	unbinned
k79_56227	unbinned
k79_56432	unbinned
k79_57663	unbinned
k79_5804	unbinned
k79_58226	unbinned
k79_5837	unbinned
k79_5876	unbinned
k79_59070	unbinned
k79_59095	unbinned
k79_59497	unbinned
k79_59910	unbinned
k79_64142	unbinned
k79_64317	unbinned
k79_65309	unbinned
k79_66825	unbinned
k79_66851	unbinned
k79_67176	unbinned
k79_67851	unbinned
k79_68669	unbinned
k79_69322	unbinned
k79_705	unbinned
k79_71194	unbinned
k79_71457	unbinned
k79_71572	unbinned
k79_72419	unbinned
k79_73266	unbinned
k79_73495	unbinned
k79_73618	unbinned
k79_74779	unbinned
k79_77417	unbinned
k79_77585	unbinned
k79_77752	unbinned
k79_77806	unbinned
k79_77943	unbinned
k79_78084	unbinned
k79_78608	unbinned
k79_78783	unbinned
k79_79976	unbinned
k79_81059	unbinned
k79_81130	unbinned
k79_81251	unbinned
k79_82066	unbinned
k79_82713	unbinned
k79_82784	unbinned
k79_82834	unbinned
k79_82861	unbinned
k79_83210	unbinned
k79_8396	unbinned
k79_8403	unbinned
k79_86071	unbinned
k79_86888	unbinned
k79_87300	unbinned
k79_87596	unbinned
k79_87778	unbinned
k79_88030	unbinned
k79_88219	unbinned
k79_89339	unbinned
k79_89494	unbinned
k79_89541	unbinned
k79_89570	unbinned
k79_89685	unbinned
k79_90014	unbinned
k79_90132	unbinned
k79_90475	unbinned
k79_90761	unbinned
k79_91167	unbinned
k79_91580	unbinned
k79_92587	unbinned
k79_93054	unbinned
k79_94020	unbinned
k79_94298	unbinned
k79_94493	unbinned
k79_95057	unbinned
k79_95187	unbinned
k79_96654	unbinned
k79_9793	unbinned
k79_9973	unbinned
k79_39828	unbinned
k79_60219	unbinned
k79_73290	unbinned
k79_48925	unbinned
k79_26565	unbinned
k79_34959	unbinned
k79_93655	unbinned
k79_47805	unbinned
k79_10013	unbinned
k79_10049	unbinned
k79_10049	unbinned
k79_10050	unbinned
k79_10068	unbinned
k79_10106	unbinned
k79_10124	unbinned
k79_1014	unbinned
k79_10204	unbinned
k79_1025	unbinned
k79_1025	unbinned
k79_10253	unbinned
k79_10272	unbinned
k79_10310	unbinned
k79_10314	unbinned
k79_10422	unbinned
k79_10484	unbinned
k79_10486	unbinned
k79_10493	unbinned
k79_10503	unbinned
k79_10527	unbinned
k79_10542	unbinned
k79_10560	unbinned
k79_10596	unbinned
k79_106	unbinned
k79_10610	unbinned
k79_10649	unbinned
k79_10800	unbinned
k79_10800	unbinned
k79_10805	unbinned
k79_10823	unbinned
k79_10824	unbinned
k79_10893	unbinned
k79_10916	unbinned
k79_10951	unbinned
k79_10972	unbinned
k79_10987	unbinned
k79_10995	unbinned
k79_10997	unbinned
k79_11018	unbinned
k79_11021	unbinned
k79_11026	unbinned
k79_11027	unbinned
k79_11049	unbinned
k79_11065	unbinned
k79_11089	unbinned
k79_11160	unbinned
k79_11176	unbinned
k79_11220	unbinned
k79_11222	unbinned
k79_11233	unbinned
k79_11235	unbinned
k79_11252	unbinned
k79_11254	unbinned
k79_11265	unbinned
k79_11276	unbinned
k79_11327	unbinned
k79_11331	unbinned
k79_11334	unbinned
k79_11334	unbinned
k79_11360	unbinned
k79_11365	unbinned
k79_11366	unbinned
k79_11385	unbinned
k79_11418	unbinned
k79_11428	unbinned
k79_11454	unbinned
k79_11519	unbinned
k79_11519	unbinned
k79_11531	unbinned
k79_1154	unbinned
k79_11561	unbinned
k79_1163	unbinned
k79_11656	unbinned
k79_11665	unbinned
k79_11716	unbinned
k79_11768	unbinned
k79_11794	unbinned
k79_11794	unbinned
k79_11811	unbinned
k79_11847	unbinned
k79_11862	unbinned
k79_11910	unbinned
k79_11950	unbinned
k79_11954	unbinned
k79_11956	unbinned
k79_12013	unbinned
k79_12015	unbinned
k79_12030	unbinned
k79_12069	unbinned
k79_12114	unbinned
k79_12120	unbinned
k79_12194	unbinned
k79_1220	unbinned
k79_1226	unbinned
k79_12313	unbinned
k79_12401	unbinned
k79_12406	unbinned
k79_12420	unbinned
k79_12521	unbinned
k79_12549	unbinned
k79_12581	unbinned
k79_12581	unbinned
k79_12605	unbinned
k79_12650	unbinned
k79_1274	unbinned
k79_12766	unbinned
k79_12871	unbinned
k79_12922	unbinned
k79_12939	unbinned
k79_1295	unbinned
k79_12975	unbinned
k79_12997	unbinned
k79_13	unbinned
k79_13	unbinned
k79_1311	unbinned
k79_13173	unbinned
k79_1319	unbinned
k79_13197	unbinned
k79_13235	unbinned
k79_13239	unbinned
k79_13255	unbinned
k79_13256	unbinned
k79_13284	unbinned
k79_13286	unbinned
k79_13327	unbinned
k79_13339	unbinned
k79_13340	unbinned
k79_13414	unbinned
k79_13464	unbinned
k79_1348	unbinned
k79_13512	unbinned
k79_13512	unbinned
k79_1361	unbinned
k79_13659	unbinned
k79_1366	unbinned
k79_13743	unbinned
k79_13809	unbinned
k79_13877	unbinned
k79_1389	unbinned
k79_1392	unbinned
k79_13957	unbinned
k79_1398	unbinned
k79_13991	unbinned
k79_13991	unbinned
k79_14041	unbinned
k79_14048	unbinned
k79_14050	unbinned
k79_14129	unbinned
k79_14158	unbinned
k79_14176	unbinned
k79_14200	unbinned
k79_14206	unbinned
k79_14206	unbinned
k79_14210	unbinned
k79_14272	unbinned
k79_1432	unbinned
k79_14414	unbinned
k79_14424	unbinned
k79_14424	unbinned
k79_1445	unbinned
k79_14604	unbinned
k79_1462	unbinned
k79_14634	unbinned
k79_14634	unbinned
k79_14634	unbinned
k79_14827	unbinned
k79_1485	unbinned
k79_1485	unbinned
k79_14891	unbinned
k79_14891	unbinned
k79_14935	unbinned
k79_14935	unbinned
k79_1494	unbinned
k79_14957	unbinned
k79_150	unbinned
k79_15017	unbinned
k79_15033	unbinned
k79_15076	unbinned
k79_15115	unbinned
k79_15126	unbinned
k79_15211	unbinned
k79_15290	unbinned
k79_15311	unbinned
k79_15318	unbinned
k79_15321	unbinned
k79_15336	unbinned
k79_15361	unbinned
k79_15392	unbinned
k79_15392	unbinned
k79_15416	unbinned
k79_15416	unbinned
k79_15427	unbinned
k79_15446	unbinned
k79_15473	unbinned
k79_15477	unbinned
k79_15543	unbinned
k79_15584	unbinned
k79_15628	unbinned
k79_1563	unbinned
k79_15656	unbinned
k79_15656	unbinned
k79_15697	unbinned
k79_157	unbinned
k79_157	unbinned
k79_15700	unbinned
k79_15735	unbinned
k79_15748	unbinned
k79_15764	unbinned
k79_15765	unbinned
k79_15787	unbinned
k79_1579	unbinned
k79_15858	unbinned
k79_15885	unbinned
k79_15896	unbinned
k79_15952	unbinned
k79_15970	unbinned
k79_16012	unbinned
k79_16053	unbinned
k79_16060	unbinned
k79_16103	unbinned
k79_16107	unbinned
k79_16121	unbinned
k79_16121	unbinned
k79_16148	unbinned
k79_16216	unbinned
k79_16264	unbinned
k79_16355	unbinned
k79_16413	unbinned
k79_16441	unbinned
k79_16443	unbinned
k79_16479	unbinned
k79_16486	unbinned
k79_16493	unbinned
k79_16579	unbinned
k79_16597	unbinned
k79_16604	unbinned
k79_16648	unbinned
k79_16674	unbinned
k79_16688	unbinned
k79_167	unbinned
k79_16790	unbinned
k79_16842	unbinned
k79_16861	unbinned
k79_16863	unbinned
k79_16904	unbinned
k79_16918	unbinned
k79_16920	unbinned
k79_16930	unbinned
k79_16950	unbinned
k79_16978	unbinned
k79_16978	unbinned
k79_16984	unbinned
k79_16990	unbinned
k79_17021	unbinned
k79_17028	unbinned
k79_17047	unbinned
k79_17047	unbinned
k79_17082	unbinned
k79_17082	unbinned
k79_17112	unbinned
k79_17119	unbinned
k79_17181	unbinned
k79_17190	unbinned
k79_17195	unbinned
k79_17224	unbinned
k79_17271	unbinned
k79_17330	unbinned
k79_17330	unbinned
k79_17395	unbinned
k79_17429	unbinned
k79_17449	unbinned
k79_17469	unbinned
k79_17473	unbinned
k79_17498	unbinned
k79_17517	unbinned
k79_17527	unbinned
k79_17581	unbinned
k79_17604	unbinned
k79_17633	unbinned
k79_17665	unbinned
k79_17682	unbinned
k79_17684	unbinned
k79_17689	unbinned
k79_17716	unbinned
k79_17716	unbinned
k79_1775	unbinned
k79_17760	unbinned
k79_17903	unbinned
k79_17928	unbinned
k79_17961	unbinned
k79_17967	unbinned
k79_17997	unbinned
k79_18043	unbinned
k79_18068	unbinned
k79_18111	unbinned
k79_18134	unbinned
k79_18155	unbinned
k79_18170	unbinned
k79_18211	unbinned
k79_18211	unbinned
k79_18241	unbinned
k79_18257	unbinned
k79_18271	unbinned
k79_18300	unbinned
k79_18334	unbinned
k79_18334	unbinned
k79_18431	unbinned
k79_18467	unbinned
k79_18473	unbinned
k79_18497	unbinned
k79_18497	unbinned
k79_18517	unbinned
k79_1856	unbinned
k79_18686	unbinned
k79_18710	unbinned
k79_18724	unbinned
k79_18724	unbinned
k79_18733	unbinned
k79_1874	unbinned
k79_18811	unbinned
k79_1884	unbinned
k79_18902	unbinned
k79_1891	unbinned
k79_18920	unbinned
k79_18953	unbinned
k79_19039	unbinned
k79_19074	unbinned
k79_19116	unbinned
k79_19122	unbinned
k79_19170	unbinned
k79_19178	unbinned
k79_19178	unbinned
k79_19210	unbinned
k79_19242	unbinned
k79_19269	unbinned
k79_19270	unbinned
k79_19300	unbinned
k79_19336	unbinned
k79_19352	unbinned
k79_19395	unbinned
k79_19454	unbinned
k79_19493	unbinned
k79_19550	unbinned
k79_19550	unbinned
k79_19593	unbinned
k79_19639	unbinned
k79_19641	unbinned
k79_19643	unbinned
k79_19643	unbinned
k79_19689	unbinned
k79_1970	unbinned
k79_19754	unbinned
k79_19767	unbinned
k79_19793	unbinned
k79_19798	unbinned
k79_19823	unbinned
k79_19827	unbinned
k79_19836	unbinned
k79_19843	unbinned
k79_19886	unbinned
k79_19889	unbinned
k79_19895	unbinned
k79_19938	unbinned
k79_19989	unbinned
k79_19989	unbinned
k79_2002	unbinned
k79_20059	unbinned
k79_20079	unbinned
k79_20096	unbinned
k79_20114	unbinned
k79_20158	unbinned
k79_20222	unbinned
k79_20237	unbinned
k79_20255	unbinned
k79_20255	unbinned
k79_20299	unbinned
k79_20303	unbinned
k79_2036	unbinned
k79_20417	unbinned
k79_20543	unbinned
k79_20604	unbinned
k79_20610	unbinned
k79_2065	unbinned
k79_20670	unbinned
k79_2072	unbinned
k79_20736	unbinned
k79_20741	unbinned
k79_20741	unbinned
k79_20764	unbinned
k79_20782	unbinned
k79_20807	unbinned
k79_20829	unbinned
k79_20905	unbinned
k79_20912	unbinned
k79_20918	unbinned
k79_20943	unbinned
k79_20943	unbinned
k79_20959	unbinned
k79_20971	unbinned
k79_20977	unbinned
k79_20992	unbinned
k79_21033	unbinned
k79_21058	unbinned
k79_21070	unbinned
k79_21088	unbinned
k79_21110	unbinned
k79_21111	unbinned
k79_21132	unbinned
k79_21144	unbinned
k79_2120	unbinned
k79_21207	unbinned
k79_21207	unbinned
k79_21230	unbinned
k79_21260	unbinned
k79_21260	unbinned
k79_21270	unbinned
k79_21280	unbinned
k79_21280	unbinned
k79_21283	unbinned
k79_21303	unbinned
k79_21333	unbinned
k79_2134	unbinned
k79_21341	unbinned
k79_21429	unbinned
k79_21450	unbinned
k79_21486	unbinned
k79_2149	unbinned
k79_2149	unbinned
k79_21561	unbinned
k79_21561	unbinned
k79_21571	unbinned
k79_21588	unbinned
k79_21588	unbinned
k79_21620	unbinned
k79_21701	unbinned
k79_21764	unbinned
k79_21854	unbinned
k79_21864	unbinned
k79_21881	unbinned
k79_21907	unbinned
k79_21925	unbinned
k79_21929	unbinned
k79_21947	unbinned
k79_21952	unbinned
k79_21978	unbinned
k79_22013	unbinned
k79_22031	unbinned
k79_22131	unbinned
k79_2215	unbinned
k79_2216	unbinned
k79_22279	unbinned
k79_22322	unbinned
k79_2234	unbinned
k79_22364	unbinned
k79_22382	unbinned
k79_22393	unbinned
k79_22430	unbinned
k79_2245	unbinned
k79_22475	unbinned
k79_22498	unbinned
k79_22498	unbinned
k79_22583	unbinned
k79_22594	unbinned
k79_22653	unbinned
k79_22668	unbinned
k79_22685	unbinned
k79_22729	unbinned
k79_22740	unbinned
k79_22828	unbinned
k79_22856	unbinned
k79_22950	unbinned
k79_22989	unbinned
k79_23027	unbinned
k79_2304	unbinned
k79_23067	unbinned
k79_23067	unbinned
k79_23107	unbinned
k79_23136	unbinned
k79_23250	unbinned
k79_23264	unbinned
k79_23264	unbinned
k79_23289	unbinned
k79_23334	unbinned
k79_2336	unbinned
k79_23370	unbinned
k79_23371	unbinned
k79_23372	unbinned
k79_23382	unbinned
k79_2339	unbinned
k79_23412	unbinned
k79_2342	unbinned
k79_23429	unbinned
k79_2344	unbinned
k79_23448	unbinned
k79_2345	unbinned
k79_23453	unbinned
k79_23463	unbinned
k79_23477	unbinned
k79_23551	unbinned
k79_23560	unbinned
k79_23597	unbinned
k79_23649	unbinned
k79_23649	unbinned
k79_23710	unbinned
k79_23722	unbinned
k79_23722	unbinned
k79_23733	unbinned
k79_23733	unbinned
k79_23734	unbinned
k79_23749	unbinned
k79_2375	unbinned
k79_23758	unbinned
k79_23774	unbinned
k79_23789	unbinned
k79_23789	unbinned
k79_23828	unbinned
k79_23836	unbinned
k79_23836	unbinned
k79_24006	unbinned
k79_24024	unbinned
k79_2403	unbinned
k79_24066	unbinned
k79_24066	unbinned
k79_24107	unbinned
k79_24109	unbinned
k79_24198	unbinned
k79_24198	unbinned
k79_24224	unbinned
k79_24237	unbinned
k79_24311	unbinned
k79_24315	unbinned
k79_24334	unbinned
k79_24334	unbinned
k79_24342	unbinned
k79_24396	unbinned
k79_24448	unbinned
k79_24450	unbinned
k79_24471	unbinned
k79_24475	unbinned
k79_24557	unbinned
k79_24668	unbinned
k79_24674	unbinned
k79_24680	unbinned
k79_24714	unbinned
k79_24770	unbinned
k79_24820	unbinned
k79_2483	unbinned
k79_24835	unbinned
k79_24853	unbinned
k79_24857	unbinned
k79_2486	unbinned
k79_24909	unbinned
k79_2495	unbinned
k79_24977	unbinned
k79_24988	unbinned
k79_25088	unbinned
k79_25089	unbinned
k79_25135	unbinned
k79_25222	unbinned
k79_25231	unbinned
k79_25231	unbinned
k79_25250	unbinned
k79_25280	unbinned
k79_25299	unbinned
k79_25328	unbinned
k79_2535	unbinned
k79_25368	unbinned
k79_25403	unbinned
k79_25423	unbinned
k79_2545	unbinned
k79_25453	unbinned
k79_25458	unbinned
k79_25458	unbinned
k79_25474	unbinned
k79_2548	unbinned
k79_2549	unbinned
k79_25499	unbinned
k79_2551	unbinned
k79_25539	unbinned
k79_25594	unbinned
k79_25634	unbinned
k79_25697	unbinned
k79_25711	unbinned
k79_25718	unbinned
k79_25732	unbinned
k79_25732	unbinned
k79_25758	unbinned
k79_25768	unbinned
k79_25805	unbinned
k79_25806	unbinned
k79_25835	unbinned
k79_25835	unbinned
k79_25870	unbinned
k79_25877	unbinned
k79_25881	unbinned
k79_25881	unbinned
k79_25883	unbinned
k79_25891	unbinned
k79_25926	unbinned
k79_25942	unbinned
k79_25952	unbinned
k79_25984	unbinned
k79_26066	unbinned
k79_26071	unbinned
k79_26122	unbinned
k79_26128	unbinned
k79_26138	unbinned
k79_26154	unbinned
k79_26154	unbinned
k79_26175	unbinned
k79_26176	unbinned
k79_26212	unbinned
k79_26260	unbinned
k79_26262	unbinned
k79_26268	unbinned
k79_26301	unbinned
k79_26303	unbinned
k79_26313	unbinned
k79_26341	unbinned
k79_26376	unbinned
k79_26416	unbinned
k79_26542	unbinned
k79_26563	unbinned
k79_26563	unbinned
k79_26620	unbinned
k79_26629	unbinned
k79_26670	unbinned
k79_26682	unbinned
k79_26682	unbinned
k79_2669	unbinned
k79_26779	unbinned
k79_2681	unbinned
k79_26834	unbinned
k79_26834	unbinned
k79_26846	unbinned
k79_26864	unbinned
k79_26887	unbinned
k79_26905	unbinned
k79_27003	unbinned
k79_27007	unbinned
k79_27007	unbinned
k79_27106	unbinned
k79_27106	unbinned
k79_27131	unbinned
k79_2714	unbinned
k79_27140	unbinned
k79_27140	unbinned
k79_27149	unbinned
k79_27212	unbinned
k79_27253	unbinned
k79_27260	unbinned
k79_2728	unbinned
k79_27282	unbinned
k79_27332	unbinned
k79_27339	unbinned
k79_27339	unbinned
k79_27355	unbinned
k79_27359	unbinned
k79_27361	unbinned
k79_27396	unbinned
k79_2744	unbinned
k79_27447	unbinned
k79_27452	unbinned
k79_275	unbinned
k79_27507	unbinned
k79_27564	unbinned
k79_27576	unbinned
k79_27589	unbinned
k79_27599	unbinned
k79_27611	unbinned
k79_27623	unbinned
k79_27623	unbinned
k79_27640	unbinned
k79_27665	unbinned
k79_27723	unbinned
k79_27751	unbinned
k79_27788	unbinned
k79_27821	unbinned
k79_27880	unbinned
k79_27915	unbinned
k79_2795	unbinned
k79_28009	unbinned
k79_28017	unbinned
k79_28017	unbinned
k79_2805	unbinned
k79_28052	unbinned
k79_28052	unbinned
k79_2806	unbinned
k79_28063	unbinned
k79_28065	unbinned
k79_2809	unbinned
k79_28108	unbinned
k79_28173	unbinned
k79_28199	unbinned
k79_28220	unbinned
k79_28229	unbinned
k79_28254	unbinned
k79_28254	unbinned
k79_28278	unbinned
k79_28279	unbinned
k79_28362	unbinned
k79_28364	unbinned
k79_28393	unbinned
k79_28413	unbinned
k79_28447	unbinned
k79_28447	unbinned
k79_28469	unbinned
k79_28522	unbinned
k79_28536	unbinned
k79_28591	unbinned
k79_2864	unbinned
k79_28696	unbinned
k79_28706	unbinned
k79_28745	unbinned
k79_28779	unbinned
k79_28784	unbinned
k79_288	unbinned
k79_28853	unbinned
k79_28877	unbinned
k79_28917	unbinned
k79_28917	unbinned
k79_28932	unbinned
k79_28932	unbinned
k79_28966	unbinned
k79_28974	unbinned
k79_28986	unbinned
k79_29036	unbinned
k79_29115	unbinned
k79_29147	unbinned
k79_29147	unbinned
k79_29189	unbinned
k79_29217	unbinned
k79_2923	unbinned
k79_29254	unbinned
k79_29254	unbinned
k79_29282	unbinned
k79_29282	unbinned
k79_29299	unbinned
k79_29341	unbinned
k79_2935	unbinned
k79_29372	unbinned
k79_29410	unbinned
k79_29418	unbinned
k79_29418	unbinned
k79_29426	unbinned
k79_29426	unbinned
k79_29486	unbinned
k79_29504	unbinned
k79_29510	unbinned
k79_29525	unbinned
k79_29529	unbinned
k79_29549	unbinned
k79_29629	unbinned
k79_2963	unbinned
k79_2965	unbinned
k79_29728	unbinned
k79_29749	unbinned
k79_29806	unbinned
k79_29837	unbinned
k79_29841	unbinned
k79_29854	unbinned
k79_29906	unbinned
k79_29906	unbinned
k79_29910	unbinned
k79_2995	unbinned
k79_30007	unbinned
k79_3002	unbinned
k79_30052	unbinned
k79_30297	unbinned
k79_30304	unbinned
k79_30329	unbinned
k79_30334	unbinned
k79_30354	unbinned
k79_30354	unbinned
k79_30371	unbinned
k79_30412	unbinned
k79_30414	unbinned
k79_30506	unbinned
k79_3052	unbinned
k79_30562	unbinned
k79_30565	unbinned
k79_30582	unbinned
k79_30584	unbinned
k79_30654	unbinned
k79_30676	unbinned
k79_30757	unbinned
k79_30827	unbinned
k79_30854	unbinned
k79_30871	unbinned
k79_30871	unbinned
k79_30893	unbinned
k79_30924	unbinned
k79_30951	unbinned
k79_30973	unbinned
k79_3103	unbinned
k79_31036	unbinned
k79_31127	unbinned
k79_31196	unbinned
k79_31234	unbinned
k79_31253	unbinned
k79_31269	unbinned
k79_31276	unbinned
k79_31280	unbinned
k79_31292	unbinned
k79_31296	unbinned
k79_3135	unbinned
k79_31355	unbinned
k79_31412	unbinned
k79_3145	unbinned
k79_3146	unbinned
k79_3149	unbinned
k79_31505	unbinned
k79_31505	unbinned
k79_31511	unbinned
k79_31516	unbinned
k79_31517	unbinned
k79_31572	unbinned
k79_31590	unbinned
k79_31626	unbinned
k79_31626	unbinned
k79_3164	unbinned
k79_31761	unbinned
k79_31771	unbinned
k79_31840	unbinned
k79_31912	unbinned
k79_31990	unbinned
k79_31990	unbinned
k79_3200	unbinned
k79_32001	unbinned
k79_32002	unbinned
k79_32016	unbinned
k79_32021	unbinned
k79_32024	unbinned
k79_32035	unbinned
k79_32069	unbinned
k79_32099	unbinned
k79_32110	unbinned
k79_32184	unbinned
k79_32244	unbinned
k79_32244	unbinned
k79_3229	unbinned
k79_32297	unbinned
k79_32303	unbinned
k79_3237	unbinned
k79_3242	unbinned
k79_32439	unbinned
k79_32473	unbinned
k79_32473	unbinned
k79_32527	unbinned
k79_32533	unbinned
k79_3255	unbinned
k79_32574	unbinned
k79_32631	unbinned
k79_32636	unbinned
k79_32649	unbinned
k79_32705	unbinned
k79_32780	unbinned
k79_32793	unbinned
k79_32827	unbinned
k79_32920	unbinned
k79_32921	unbinned
k79_32998	unbinned
k79_33	unbinned
k79_33066	unbinned
k79_33067	unbinned
k79_33091	unbinned
k79_33188	unbinned
k79_332	unbinned
k79_33202	unbinned
k79_33242	unbinned
k79_33299	unbinned
k79_3336	unbinned
k79_3336	unbinned
k79_33395	unbinned
k79_33400	unbinned
k79_33400	unbinned
k79_33417	unbinned
k79_33426	unbinned
k79_33431	unbinned
k79_33487	unbinned
k79_33490	unbinned
k79_33516	unbinned
k79_33558	unbinned
k79_33569	unbinned
k79_33572	unbinned
k79_33584	unbinned
k79_3359	unbinned
k79_33592	unbinned
k79_33592	unbinned
k79_33598	unbinned
k79_33598	unbinned
k79_33600	unbinned
k79_33625	unbinned
k79_33643	unbinned
k79_3366	unbinned
k79_3368	unbinned
k79_33695	unbinned
k79_33719	unbinned
k79_33724	unbinned
k79_33730	unbinned
k79_33754	unbinned
k79_33816	unbinned
k79_33834	unbinned
k79_3385	unbinned
k79_33857	unbinned
k79_33914	unbinned
k79_33962	unbinned
k79_33981	unbinned
k79_34039	unbinned
k79_34113	unbinned
k79_34128	unbinned
k79_34203	unbinned
k79_34230	unbinned
k79_34261	unbinned
k79_34262	unbinned
k79_34263	unbinned
k79_34263	unbinned
k79_34287	unbinned
k79_34287	unbinned
k79_34306	unbinned
k79_34308	unbinned
k79_34383	unbinned
k79_34414	unbinned
k79_34437	unbinned
k79_34495	unbinned
k79_3455	unbinned
k79_34561	unbinned
k79_34595	unbinned
k79_34595	unbinned
k79_34606	unbinned
k79_34665	unbinned
k79_34730	unbinned
k79_34730	unbinned
k79_3475	unbinned
k79_34766	unbinned
k79_34771	unbinned
k79_34787	unbinned
k79_34798	unbinned
k79_34840	unbinned
k79_34841	unbinned
k79_34887	unbinned
k79_34924	unbinned
k79_34978	unbinned
k79_350	unbinned
k79_350	unbinned
k79_3508	unbinned
k79_35080	unbinned
k79_35083	unbinned
k79_35103	unbinned
k79_35203	unbinned
k79_35209	unbinned
k79_35273	unbinned
k79_3533	unbinned
k79_35344	unbinned
k79_35452	unbinned
k79_35487	unbinned
k79_35487	unbinned
k79_35502	unbinned
k79_35518	unbinned
k79_35543	unbinned
k79_3555	unbinned
k79_35555	unbinned
k79_35564	unbinned
k79_35589	unbinned
k79_35631	unbinned
k79_35631	unbinned
k79_35709	unbinned
k79_35715	unbinned
k79_35730	unbinned
k79_35734	unbinned
k79_35734	unbinned
k79_35776	unbinned
k79_35790	unbinned
k79_35794	unbinned
k79_35803	unbinned
k79_35869	unbinned
k79_35906	unbinned
k79_35912	unbinned
k79_3601	unbinned
k79_36070	unbinned
k79_36173	unbinned
k79_36223	unbinned
k79_36260	unbinned
k79_36293	unbinned
k79_36322	unbinned
k79_36349	unbinned
k79_36372	unbinned
k79_364	unbinned
k79_36421	unbinned
k79_36499	unbinned
k79_36500	unbinned
k79_36544	unbinned
k79_36559	unbinned
k79_3656	unbinned
k79_36581	unbinned
k79_36599	unbinned
k79_3662	unbinned
k79_36700	unbinned
k79_36758	unbinned
k79_36797	unbinned
k79_36840	unbinned
k79_36879	unbinned
k79_36923	unbinned
k79_3697	unbinned
k79_37008	unbinned
k79_37020	unbinned
k79_3710	unbinned
k79_37118	unbinned
k79_37166	unbinned
k79_37170	unbinned
k79_37180	unbinned
k79_37269	unbinned
k79_37281	unbinned
k79_37286	unbinned
k79_37286	unbinned
k79_37290	unbinned
k79_37362	unbinned
k79_37395	unbinned
k79_37425	unbinned
k79_37426	unbinned
k79_37465	unbinned
k79_37552	unbinned
k79_3756	unbinned
k79_37638	unbinned
k79_37692	unbinned
k79_3772	unbinned
k79_37778	unbinned
k79_37797	unbinned
k79_37797	unbinned
k79_37865	unbinned
k79_3787	unbinned
k79_37945	unbinned
k79_37953	unbinned
k79_37968	unbinned
k79_37978	unbinned
k79_37985	unbinned
k79_37997	unbinned
k79_38	unbinned
k79_3805	unbinned
k79_38066	unbinned
k79_38078	unbinned
k79_38147	unbinned
k79_38147	unbinned
k79_38155	unbinned
k79_38155	unbinned
k79_38173	unbinned
k79_38177	unbinned
k79_3818	unbinned
k79_38240	unbinned
k79_38274	unbinned
k79_38291	unbinned
k79_38291	unbinned
k79_38321	unbinned
k79_38337	unbinned
k79_38350	unbinned
k79_3836	unbinned
k79_38377	unbinned
k79_38397	unbinned
k79_38419	unbinned
k79_38481	unbinned
k79_38493	unbinned
k79_38493	unbinned
k79_3850	unbinned
k79_3853	unbinned
k79_38538	unbinned
k79_38545	unbinned
k79_38559	unbinned
k79_38666	unbinned
k79_38737	unbinned
k79_38824	unbinned
k79_38897	unbinned
k79_38902	unbinned
k79_3892	unbinned
k79_38931	unbinned
k79_38966	unbinned
k79_38969	unbinned
k79_38989	unbinned
k79_39028	unbinned
k79_39062	unbinned
k79_3919	unbinned
k79_39221	unbinned
k79_39314	unbinned
k79_39330	unbinned
k79_39331	unbinned
k79_39331	unbinned
k79_39348	unbinned
k79_39400	unbinned
k79_39431	unbinned
k79_39460	unbinned
k79_39499	unbinned
k79_39500	unbinned
k79_39555	unbinned
k79_39567	unbinned
k79_39633	unbinned
k79_3964	unbinned
k79_39654	unbinned
k79_39654	unbinned
k79_39723	unbinned
k79_39753	unbinned
k79_39827	unbinned
k79_39847	unbinned
k79_39889	unbinned
k79_39908	unbinned
k79_39913	unbinned
k79_39924	unbinned
k79_3997	unbinned
k79_3997	unbinned
k79_39971	unbinned
k79_39971	unbinned
k79_40017	unbinned
k79_40017	unbinned
k79_40019	unbinned
k79_4002	unbinned
k79_40026	unbinned
k79_4003	unbinned
k79_40043	unbinned
k79_40069	unbinned
k79_40120	unbinned
k79_40141	unbinned
k79_40141	unbinned
k79_40152	unbinned
k79_40168	unbinned
k79_40191	unbinned
k79_40201	unbinned
k79_40205	unbinned
k79_40214	unbinned
k79_40214	unbinned
k79_40222	unbinned
k79_40230	unbinned
k79_40232	unbinned
k79_40268	unbinned
k79_40299	unbinned
k79_40303	unbinned
k79_4031	unbinned
k79_4031	unbinned
k79_40341	unbinned
k79_40348	unbinned
k79_40349	unbinned
k79_40356	unbinned
k79_40374	unbinned
k79_40444	unbinned
k79_40467	unbinned
k79_40469	unbinned
k79_40469	unbinned
k79_40487	unbinned
k79_4054	unbinned
k79_40549	unbinned
k79_40588	unbinned
k79_40612	unbinned
k79_40625	unbinned
k79_4065	unbinned
k79_40661	unbinned
k79_40662	unbinned
k79_40662	unbinned
k79_40681	unbinned
k79_40798	unbinned
k79_40804	unbinned
k79_40804	unbinned
k79_40828	unbinned
k79_40868	unbinned
k79_40911	unbinned
k79_40911	unbinned
k79_40920	unbinned
k79_40921	unbinned
k79_40932	unbinned
k79_40970	unbinned
k79_41003	unbinned
k79_41004	unbinned
k79_41024	unbinned
k79_41026	unbinned
k79_41070	unbinned
k79_41070	unbinned
k79_41075	unbinned
k79_41077	unbinned
k79_4111	unbinned
k79_41175	unbinned
k79_41176	unbinned
k79_41181	unbinned
k79_41213	unbinned
k79_41219	unbinned
k79_41258	unbinned
k79_41286	unbinned
k79_41300	unbinned
k79_41304	unbinned
k79_41304	unbinned
k79_41323	unbinned
k79_41365	unbinned
k79_41424	unbinned
k79_41443	unbinned
k79_41457	unbinned
k79_41465	unbinned
k79_41488	unbinned
k79_41537	unbinned
k79_41575	unbinned
k79_41579	unbinned
k79_41579	unbinned
k79_41623	unbinned
k79_41684	unbinned
k79_41684	unbinned
k79_41729	unbinned
k79_41822	unbinned
k79_41835	unbinned
k79_41851	unbinned
k79_41862	unbinned
k79_41877	unbinned
k79_41883	unbinned
k79_41924	unbinned
k79_42067	unbinned
k79_42085	unbinned
k79_42097	unbinned
k79_42116	unbinned
k79_42137	unbinned
k79_4217	unbinned
k79_42232	unbinned
k79_42257	unbinned
k79_42264	unbinned
k79_42271	unbinned
k79_42291	unbinned
k79_42305	unbinned
k79_42317	unbinned
k79_42380	unbinned
k79_42471	unbinned
k79_42505	unbinned
k79_4251	unbinned
k79_42510	unbinned
k79_42515	unbinned
k79_42515	unbinned
k79_42521	unbinned
k79_42527	unbinned
k79_42552	unbinned
k79_42554	unbinned
k79_42580	unbinned
k79_42601	unbinned
k79_42601	unbinned
k79_4263	unbinned
k79_42639	unbinned
k79_42681	unbinned
k79_42706	unbinned
k79_42710	unbinned
k79_42715	unbinned
k79_4272	unbinned
k79_42734	unbinned
k79_42734	unbinned
k79_42734	unbinned
k79_42743	unbinned
k79_42804	unbinned
k79_42859	unbinned
k79_42873	unbinned
k79_42874	unbinned
k79_42881	unbinned
k79_42881	unbinned
k79_42882	unbinned
k79_4292	unbinned
k79_42938	unbinned
k79_42942	unbinned
k79_42969	unbinned
k79_42975	unbinned
k79_42978	unbinned
k79_42985	unbinned
k79_43019	unbinned
k79_43025	unbinned
k79_43031	unbinned
k79_4305	unbinned
k79_43063	unbinned
k79_43073	unbinned
k79_43076	unbinned
k79_43096	unbinned
k79_4310	unbinned
k79_43100	unbinned
k79_43103	unbinned
k79_43103	unbinned
k79_43106	unbinned
k79_43109	unbinned
k79_43123	unbinned
k79_43123	unbinned
k79_43153	unbinned
k79_43153	unbinned
k79_43171	unbinned
k79_43206	unbinned
k79_43217	unbinned
k79_43218	unbinned
k79_43254	unbinned
k79_43311	unbinned
k79_43328	unbinned
k79_43352	unbinned
k79_43353	unbinned
k79_43371	unbinned
k79_43414	unbinned
k79_43465	unbinned
k79_43507	unbinned
k79_43549	unbinned
k79_43559	unbinned
k79_43572	unbinned
k79_43572	unbinned
k79_43573	unbinned
k79_43584	unbinned
k79_43585	unbinned
k79_43599	unbinned
k79_4360	unbinned
k79_43608	unbinned
k79_43627	unbinned
k79_43633	unbinned
k79_43688	unbinned
k79_43723	unbinned
k79_43737	unbinned
k79_43782	unbinned
k79_43810	unbinned
k79_43811	unbinned
k79_43818	unbinned
k79_4382	unbinned
k79_43854	unbinned
k79_4388	unbinned
k79_43882	unbinned
k79_43892	unbinned
k79_43969	unbinned
k79_44020	unbinned
k79_44020	unbinned
k79_44047	unbinned
k79_44101	unbinned
k79_4416	unbinned
k79_44163	unbinned
k79_44165	unbinned
k79_44210	unbinned
k79_44251	unbinned
k79_44251	unbinned
k79_4427	unbinned
k79_4427	unbinned
k79_4428	unbinned
k79_44298	unbinned
k79_443	unbinned
k79_44313	unbinned
k79_44326	unbinned
k79_44356	unbinned
k79_4436	unbinned
k79_4436	unbinned
k79_44376	unbinned
k79_44376	unbinned
k79_44386	unbinned
k79_44404	unbinned
k79_4443	unbinned
k79_44456	unbinned
k79_4449	unbinned
k79_44551	unbinned
k79_44577	unbinned
k79_44643	unbinned
k79_44660	unbinned
k79_44662	unbinned
k79_44667	unbinned
k79_44675	unbinned
k79_44685	unbinned
k79_44753	unbinned
k79_44754	unbinned
k79_44763	unbinned
k79_44782	unbinned
k79_44854	unbinned
k79_44863	unbinned
k79_44863	unbinned
k79_44961	unbinned
k79_44990	unbinned
k79_45006	unbinned
k79_45019	unbinned
k79_45034	unbinned
k79_45045	unbinned
k79_45047	unbinned
k79_45047	unbinned
k79_45048	unbinned
k79_45052	unbinned
k79_45087	unbinned
k79_45157	unbinned
k79_45161	unbinned
k79_45204	unbinned
k79_45226	unbinned
k79_45227	unbinned
k79_45268	unbinned
k79_45338	unbinned
k79_45347	unbinned
k79_45488	unbinned
k79_45545	unbinned
k79_45595	unbinned
k79_45603	unbinned
k79_45637	unbinned
k79_45641	unbinned
k79_45641	unbinned
k79_45679	unbinned
k79_45696	unbinned
k79_45713	unbinned
k79_45730	unbinned
k79_45732	unbinned
k79_45754	unbinned
k79_45790	unbinned
k79_45830	unbinned
k79_45874	unbinned
k79_45884	unbinned
k79_45897	unbinned
k79_45929	unbinned
k79_4594	unbinned
k79_45943	unbinned
k79_45950	unbinned
k79_45972	unbinned
k79_4605	unbinned
k79_46056	unbinned
k79_4609	unbinned
k79_46095	unbinned
k79_46212	unbinned
k79_46223	unbinned
k79_46249	unbinned
k79_46251	unbinned
k79_46402	unbinned
k79_46437	unbinned
k79_4646	unbinned
k79_46485	unbinned
k79_4649	unbinned
k79_46504	unbinned
k79_46525	unbinned
k79_46528	unbinned
k79_46577	unbinned
k79_46589	unbinned
k79_46611	unbinned
k79_46674	unbinned
k79_46680	unbinned
k79_46688	unbinned
k79_46700	unbinned
k79_46723	unbinned
k79_46740	unbinned
k79_46758	unbinned
k79_46782	unbinned
k79_46782	unbinned
k79_46790	unbinned
k79_46848	unbinned
k79_46854	unbinned
k79_46930	unbinned
k79_46969	unbinned
k79_46976	unbinned
k79_46984	unbinned
k79_4701	unbinned
k79_47039	unbinned
k79_47069	unbinned
k79_47079	unbinned
k79_47090	unbinned
k79_47142	unbinned
k79_47182	unbinned
k79_47182	unbinned
k79_47188	unbinned
k79_47209	unbinned
k79_4730	unbinned
k79_47302	unbinned
k79_47305	unbinned
k79_47361	unbinned
k79_4738	unbinned
k79_47435	unbinned
k79_47487	unbinned
k79_47569	unbinned
k79_47587	unbinned
k79_47658	unbinned
k79_47694	unbinned
k79_47724	unbinned
k79_47752	unbinned
k79_47778	unbinned
k79_47826	unbinned
k79_47828	unbinned
k79_47841	unbinned
k79_47861	unbinned
k79_47905	unbinned
k79_47959	unbinned
k79_47980	unbinned
k79_47993	unbinned
k79_48070	unbinned
k79_48106	unbinned
k79_48106	unbinned
k79_48118	unbinned
k79_48179	unbinned
k79_48179	unbinned
k79_48243	unbinned
k79_48243	unbinned
k79_48252	unbinned
k79_48263	unbinned
k79_48264	unbinned
k79_48294	unbinned
k79_48340	unbinned
k79_48340	unbinned
k79_48361	unbinned
k79_48399	unbinned
k79_48431	unbinned
k79_48613	unbinned
k79_48627	unbinned
k79_48661	unbinned
k79_48668	unbinned
k79_48668	unbinned
k79_48694	unbinned
k79_48711	unbinned
k79_48798	unbinned
k79_48807	unbinned
k79_48825	unbinned
k79_48846	unbinned
k79_48895	unbinned
k79_48924	unbinned
k79_48948	unbinned
k79_48950	unbinned
k79_48970	unbinned
k79_48985	unbinned
k79_49024	unbinned
k79_49034	unbinned
k79_49034	unbinned
k79_4904	unbinned
k79_49047	unbinned
k79_491	unbinned
k79_49105	unbinned
k79_49122	unbinned
k79_49125	unbinned
k79_49131	unbinned
k79_49150	unbinned
k79_4917	unbinned
k79_4917	unbinned
k79_49191	unbinned
k79_49221	unbinned
k79_49226	unbinned
k79_49240	unbinned
k79_49321	unbinned
k79_49325	unbinned
k79_4936	unbinned
k79_4937	unbinned
k79_49396	unbinned
k79_49403	unbinned
k79_49410	unbinned
k79_49483	unbinned
k79_49535	unbinned
k79_49747	unbinned
k79_49775	unbinned
k79_49775	unbinned
k79_49786	unbinned
k79_49817	unbinned
k79_49903	unbinned
k79_4991	unbinned
k79_49927	unbinned
k79_49937	unbinned
k79_49939	unbinned
k79_49948	unbinned
k79_49962	unbinned
k79_49973	unbinned
k79_50061	unbinned
k79_50079	unbinned
k79_50119	unbinned
k79_5012	unbinned
k79_50141	unbinned
k79_50153	unbinned
k79_50172	unbinned
k79_50172	unbinned
k79_50173	unbinned
k79_50224	unbinned
k79_50246	unbinned
k79_50249	unbinned
k79_5028	unbinned
k79_5028	unbinned
k79_50320	unbinned
k79_50356	unbinned
k79_50366	unbinned
k79_50383	unbinned
k79_50455	unbinned
k79_50485	unbinned
k79_5051	unbinned
k79_50551	unbinned
k79_50565	unbinned
k79_50568	unbinned
k79_5071	unbinned
k79_50722	unbinned
k79_50747	unbinned
k79_50780	unbinned
k79_50785	unbinned
k79_50790	unbinned
k79_50800	unbinned
k79_50827	unbinned
k79_50829	unbinned
k79_50885	unbinned
k79_50885	unbinned
k79_50897	unbinned
k79_50899	unbinned
k79_50901	unbinned
k79_50901	unbinned
k79_50950	unbinned
k79_50989	unbinned
k79_51009	unbinned
k79_51048	unbinned
k79_51060	unbinned
k79_51073	unbinned
k79_51089	unbinned
k79_51090	unbinned
k79_51090	unbinned
k79_511	unbinned
k79_51188	unbinned
k79_51188	unbinned
k79_51217	unbinned
k79_51224	unbinned
k79_51353	unbinned
k79_51418	unbinned
k79_51439	unbinned
k79_51453	unbinned
k79_51453	unbinned
k79_51458	unbinned
k79_51461	unbinned
k79_51475	unbinned
k79_51499	unbinned
k79_51513	unbinned
k79_51538	unbinned
k79_51598	unbinned
k79_51614	unbinned
k79_51694	unbinned
k79_5170	unbinned
k79_51713	unbinned
k79_51724	unbinned
k79_51785	unbinned
k79_51844	unbinned
k79_51845	unbinned
k79_51846	unbinned
k79_51848	unbinned
k79_51861	unbinned
k79_51862	unbinned
k79_51874	unbinned
k79_51910	unbinned
k79_51910	unbinned
k79_51952	unbinned
k79_51978	unbinned
k79_51993	unbinned
k79_52014	unbinned
k79_52014	unbinned
k79_52028	unbinned
k79_5203	unbinned
k79_52042	unbinned
k79_52184	unbinned
k79_5231	unbinned
k79_52373	unbinned
k79_52392	unbinned
k79_52413	unbinned
k79_52413	unbinned
k79_52429	unbinned
k79_52449	unbinned
k79_52454	unbinned
k79_52486	unbinned
k79_52494	unbinned
k79_52497	unbinned
k79_52497	unbinned
k79_52512	unbinned
k79_52512	unbinned
k79_52600	unbinned
k79_52615	unbinned
k79_52651	unbinned
k79_52689	unbinned
k79_52689	unbinned
k79_52690	unbinned
k79_52696	unbinned
k79_52717	unbinned
k79_52720	unbinned
k79_52792	unbinned
k79_52803	unbinned
k79_52836	unbinned
k79_52885	unbinned
k79_5292	unbinned
k79_52932	unbinned
k79_52945	unbinned
k79_53015	unbinned
k79_531	unbinned
k79_53122	unbinned
k79_53218	unbinned
k79_53234	unbinned
k79_53244	unbinned
k79_53244	unbinned
k79_53331	unbinned
k79_53397	unbinned
k79_5345	unbinned
k79_53462	unbinned
k79_53462	unbinned
k79_53521	unbinned
k79_53554	unbinned
k79_536	unbinned
k79_53629	unbinned
k79_53636	unbinned
k79_53651	unbinned
k79_53652	unbinned
k79_53699	unbinned
k79_53744	unbinned
k79_53835	unbinned
k79_53853	unbinned
k79_5388	unbinned
k79_5388	unbinned
k79_53926	unbinned
k79_53978	unbinned
k79_54044	unbinned
k79_54072	unbinned
k79_54072	unbinned
k79_54164	unbinned
k79_54164	unbinned
k79_54181	unbinned
k79_54212	unbinned
k79_54229	unbinned
k79_54229	unbinned
k79_54250	unbinned
k79_54265	unbinned
k79_5427	unbinned
k79_54307	unbinned
k79_54309	unbinned
k79_54355	unbinned
k79_54355	unbinned
k79_54376	unbinned
k79_54381	unbinned
k79_54397	unbinned
k79_5444	unbinned
k79_54440	unbinned
k79_54475	unbinned
k79_54578	unbinned
k79_5460	unbinned
k79_54613	unbinned
k79_54627	unbinned
k79_54627	unbinned
k79_5463	unbinned
k79_54703	unbinned
k79_54767	unbinned
k79_54786	unbinned
k79_54789	unbinned
k79_54823	unbinned
k79_54851	unbinned
k79_54857	unbinned
k79_54952	unbinned
k79_54985	unbinned
k79_55124	unbinned
k79_55171	unbinned
k79_552	unbinned
k79_55208	unbinned
k79_55214	unbinned
k79_5524	unbinned
k79_55251	unbinned
k79_55251	unbinned
k79_55333	unbinned
k79_55366	unbinned
k79_55383	unbinned
k79_55392	unbinned
k79_55428	unbinned
k79_55487	unbinned
k79_55487	unbinned
k79_55494	unbinned
k79_5556	unbinned
k79_55650	unbinned
k79_55660	unbinned
k79_55671	unbinned
k79_55678	unbinned
k79_55697	unbinned
k79_55709	unbinned
k79_55739	unbinned
k79_55793	unbinned
k79_55803	unbinned
k79_55844	unbinned
k79_55862	unbinned
k79_55874	unbinned
k79_55903	unbinned
k79_5593	unbinned
k79_5595	unbinned
k79_55956	unbinned
k79_55956	unbinned
k79_55978	unbinned
k79_56005	unbinned
k79_56014	unbinned
k79_56040	unbinned
k79_56040	unbinned
k79_56081	unbinned
k79_56081	unbinned
k79_56123	unbinned
k79_56148	unbinned
k79_56179	unbinned
k79_56221	unbinned
k79_56253	unbinned
k79_56265	unbinned
k79_56337	unbinned
k79_56342	unbinned
k79_56343	unbinned
k79_56418	unbinned
k79_56429	unbinned
k79_56443	unbinned
k79_56514	unbinned
k79_56560	unbinned
k79_56588	unbinned
k79_56619	unbinned
k79_56672	unbinned
k79_56719	unbinned
k79_5674	unbinned
k79_56767	unbinned
k79_56795	unbinned
k79_56797	unbinned
k79_568	unbinned
k79_56817	unbinned
k79_56837	unbinned
k79_56837	unbinned
k79_56838	unbinned
k79_56838	unbinned
k79_56853	unbinned
k79_56860	unbinned
k79_5688	unbinned
k79_56889	unbinned
k79_56913	unbinned
k79_56913	unbinned
k79_56945	unbinned
k79_56945	unbinned
k79_56980	unbinned
k79_57033	unbinned
k79_5705	unbinned
k79_5706	unbinned
k79_57070	unbinned
k79_57070	unbinned
k79_57073	unbinned
k79_5711	unbinned
k79_57188	unbinned
k79_5721	unbinned
k79_57210	unbinned
k79_57316	unbinned
k79_57328	unbinned
k79_57330	unbinned
k79_57359	unbinned
k79_57387	unbinned
k79_57391	unbinned
k79_57442	unbinned
k79_57459	unbinned
k79_5751	unbinned
k79_57510	unbinned
k79_57533	unbinned
k79_57557	unbinned
k79_57559	unbinned
k79_57661	unbinned
k79_57719	unbinned
k79_57719	unbinned
k79_5774	unbinned
k79_57744	unbinned
k79_57759	unbinned
k79_57759	unbinned
k79_57767	unbinned
k79_57776	unbinned
k79_57794	unbinned
k79_57850	unbinned
k79_57854	unbinned
k79_57854	unbinned
k79_57876	unbinned
k79_57887	unbinned
k79_57897	unbinned
k79_57912	unbinned
k79_57949	unbinned
k79_58	unbinned
k79_58018	unbinned
k79_58041	unbinned
k79_58115	unbinned
k79_58141	unbinned
k79_58142	unbinned
k79_58178	unbinned
k79_58178	unbinned
k79_58183	unbinned
k79_58285	unbinned
k79_58344	unbinned
k79_58381	unbinned
k79_58397	unbinned
k79_58420	unbinned
k79_58420	unbinned
k79_58453	unbinned
k79_58467	unbinned
k79_58471	unbinned
k79_58540	unbinned
k79_58567	unbinned
k79_58586	unbinned
k79_58687	unbinned
k79_58704	unbinned
k79_58711	unbinned
k79_58803	unbinned
k79_58817	unbinned
k79_58870	unbinned
k79_58875	unbinned
k79_58877	unbinned
k79_58878	unbinned
k79_58879	unbinned
k79_58903	unbinned
k79_58985	unbinned
k79_59021	unbinned
k79_59024	unbinned
k79_59038	unbinned
k79_59132	unbinned
k79_59153	unbinned
k79_59187	unbinned
k79_59221	unbinned
k79_59254	unbinned
k79_59276	unbinned
k79_59292	unbinned
k79_59313	unbinned
k79_5933	unbinned
k79_5933	unbinned
k79_59352	unbinned
k79_59359	unbinned
k79_59359	unbinned
k79_59371	unbinned
k79_59371	unbinned
k79_59373	unbinned
k79_594	unbinned
k79_59436	unbinned
k79_59475	unbinned
k79_59525	unbinned
k79_59542	unbinned
k79_59585	unbinned
k79_59604	unbinned
k79_59629	unbinned
k79_59725	unbinned
k79_59747	unbinned
k79_59747	unbinned
k79_59767	unbinned
k79_59800	unbinned
k79_59813	unbinned
k79_5985	unbinned
k79_59889	unbinned
k79_5991	unbinned
k79_59936	unbinned
k79_59988	unbinned
k79_60012	unbinned
k79_60058	unbinned
k79_60126	unbinned
k79_60136	unbinned
k79_60234	unbinned
k79_60244	unbinned
k79_60255	unbinned
k79_60281	unbinned
k79_60292	unbinned
k79_6030	unbinned
k79_6030	unbinned
k79_60331	unbinned
k79_60480	unbinned
k79_60543	unbinned
k79_60546	unbinned
k79_60575	unbinned
k79_60589	unbinned
k79_60593	unbinned
k79_60698	unbinned
k79_60715	unbinned
k79_60728	unbinned
k79_6076	unbinned
k79_60806	unbinned
k79_60817	unbinned
k79_60838	unbinned
k79_6088	unbinned
k79_6089	unbinned
k79_6089	unbinned
k79_60907	unbinned
k79_60930	unbinned
k79_60941	unbinned
k79_60942	unbinned
k79_60957	unbinned
k79_60980	unbinned
k79_61000	unbinned
k79_61027	unbinned
k79_611	unbinned
k79_61142	unbinned
k79_61227	unbinned
k79_61241	unbinned
k79_61259	unbinned
k79_61268	unbinned
k79_61297	unbinned
k79_61313	unbinned
k79_61313	unbinned
k79_61338	unbinned
k79_61394	unbinned
k79_61406	unbinned
k79_61415	unbinned
k79_61452	unbinned
k79_61497	unbinned
k79_61545	unbinned
k79_61572	unbinned
k79_61658	unbinned
k79_61658	unbinned
k79_6166	unbinned
k79_6168	unbinned
k79_6171	unbinned
k79_61763	unbinned
k79_61763	unbinned
k79_61772	unbinned
k79_61830	unbinned
k79_61851	unbinned
k79_6186	unbinned
k79_6192	unbinned
k79_6194	unbinned
k79_61940	unbinned
k79_61940	unbinned
k79_61956	unbinned
k79_61962	unbinned
k79_62081	unbinned
k79_62089	unbinned
k79_62096	unbinned
k79_62228	unbinned
k79_62251	unbinned
k79_6227	unbinned
k79_62287	unbinned
k79_62287	unbinned
k79_62387	unbinned
k79_62390	unbinned
k79_6241	unbinned
k79_62412	unbinned
k79_62415	unbinned
k79_62437	unbinned
k79_62444	unbinned
k79_62507	unbinned
k79_62508	unbinned
k79_62508	unbinned
k79_62518	unbinned
k79_62529	unbinned
k79_62574	unbinned
k79_62593	unbinned
k79_62634	unbinned
k79_62634	unbinned
k79_62647	unbinned
k79_62648	unbinned
k79_62651	unbinned
k79_62665	unbinned
k79_62671	unbinned
k79_62685	unbinned
k79_62706	unbinned
k79_62732	unbinned
k79_62773	unbinned
k79_62779	unbinned
k79_62811	unbinned
k79_62825	unbinned
k79_62836	unbinned
k79_62868	unbinned
k79_62868	unbinned
k79_63014	unbinned
k79_63034	unbinned
k79_63065	unbinned
k79_63076	unbinned
k79_63088	unbinned
k79_63088	unbinned
k79_63153	unbinned
k79_63173	unbinned
k79_63203	unbinned
k79_63214	unbinned
k79_63232	unbinned
k79_63232	unbinned
k79_63245	unbinned
k79_63270	unbinned
k79_63274	unbinned
k79_63274	unbinned
k79_63274	unbinned
k79_63297	unbinned
k79_6333	unbinned
k79_63436	unbinned
k79_63491	unbinned
k79_63502	unbinned
k79_63577	unbinned
k79_63607	unbinned
k79_63644	unbinned
k79_63689	unbinned
k79_63758	unbinned
k79_63758	unbinned
k79_63766	unbinned
k79_63797	unbinned
k79_63854	unbinned
k79_6386	unbinned
k79_63867	unbinned
k79_63879	unbinned
k79_63886	unbinned
k79_63896	unbinned
k79_63905	unbinned
k79_6394	unbinned
k79_63955	unbinned
k79_63965	unbinned
k79_63985	unbinned
k79_64005	unbinned
k79_64009	unbinned
k79_64017	unbinned
k79_64021	unbinned
k79_64070	unbinned
k79_64102	unbinned
k79_64156	unbinned
k79_64165	unbinned
k79_64173	unbinned
k79_64216	unbinned
k79_64236	unbinned
k79_64311	unbinned
k79_64426	unbinned
k79_64434	unbinned
k79_6446	unbinned
k79_64493	unbinned
k79_64579	unbinned
k79_64585	unbinned
k79_64585	unbinned
k79_64590	unbinned
k79_64634	unbinned
k79_64685	unbinned
k79_647	unbinned
k79_64704	unbinned
k79_64757	unbinned
k79_64762	unbinned
k79_64792	unbinned
k79_64794	unbinned
k79_64794	unbinned
k79_64806	unbinned
k79_64896	unbinned
k79_64898	unbinned
k79_64903	unbinned
k79_6493	unbinned
k79_64941	unbinned
k79_64964	unbinned
k79_64969	unbinned
k79_65009	unbinned
k79_6504	unbinned
k79_6504	unbinned
k79_65042	unbinned
k79_65070	unbinned
k79_65150	unbinned
k79_65150	unbinned
k79_65151	unbinned
k79_65152	unbinned
k79_65160	unbinned
k79_65176	unbinned
k79_65177	unbinned
k79_65237	unbinned
k79_65282	unbinned
k79_65283	unbinned
k79_65302	unbinned
k79_6531	unbinned
k79_6537	unbinned
k79_65373	unbinned
k79_654	unbinned
k79_65407	unbinned
k79_65409	unbinned
k79_65410	unbinned
k79_65417	unbinned
k79_65418	unbinned
k79_65428	unbinned
k79_65429	unbinned
k79_65471	unbinned
k79_65485	unbinned
k79_65511	unbinned
k79_65528	unbinned
k79_65589	unbinned
k79_6562	unbinned
k79_65631	unbinned
k79_65656	unbinned
k79_65683	unbinned
k79_65730	unbinned
k79_65846	unbinned
k79_65846	unbinned
k79_65905	unbinned
k79_65933	unbinned
k79_66029	unbinned
k79_66029	unbinned
k79_66091	unbinned
k79_66091	unbinned
k79_66121	unbinned
k79_6621	unbinned
k79_66230	unbinned
k79_66234	unbinned
k79_66290	unbinned
k79_66290	unbinned
k79_66312	unbinned
k79_66349	unbinned
k79_66431	unbinned
k79_66433	unbinned
k79_6645	unbinned
k79_66488	unbinned
k79_66494	unbinned
k79_66518	unbinned
k79_66526	unbinned
k79_66531	unbinned
k79_66537	unbinned
k79_66608	unbinned
k79_66644	unbinned
k79_66678	unbinned
k79_66679	unbinned
k79_66781	unbinned
k79_66790	unbinned
k79_66800	unbinned
k79_66855	unbinned
k79_66894	unbinned
k79_66894	unbinned
k79_66914	unbinned
k79_66923	unbinned
k79_66949	unbinned
k79_66974	unbinned
k79_670	unbinned
k79_67071	unbinned
k79_67096	unbinned
k79_67097	unbinned
k79_67109	unbinned
k79_67128	unbinned
k79_67140	unbinned
k79_67198	unbinned
k79_67198	unbinned
k79_67210	unbinned
k79_67213	unbinned
k79_67229	unbinned
k79_67259	unbinned
k79_67261	unbinned
k79_67261	unbinned
k79_67327	unbinned
k79_6735	unbinned
k79_6735	unbinned
k79_67399	unbinned
k79_67413	unbinned
k79_67437	unbinned
k79_67509	unbinned
k79_67558	unbinned
k79_67558	unbinned
k79_67609	unbinned
k79_6761	unbinned
k79_67705	unbinned
k79_67742	unbinned
k79_67817	unbinned
k79_67831	unbinned
k79_67872	unbinned
k79_67872	unbinned
k79_67905	unbinned
k79_67909	unbinned
k79_67970	unbinned
k79_67970	unbinned
k79_67973	unbinned
k79_68011	unbinned
k79_68032	unbinned
k79_68061	unbinned
k79_68068	unbinned
k79_68069	unbinned
k79_68093	unbinned
k79_68113	unbinned
k79_68142	unbinned
k79_68178	unbinned
k79_6820	unbinned
k79_68201	unbinned
k79_68214	unbinned
k79_68229	unbinned
k79_68251	unbinned
k79_68295	unbinned
k79_68301	unbinned
k79_68323	unbinned
k79_68348	unbinned
k79_68367	unbinned
k79_68410	unbinned
k79_68414	unbinned
k79_68471	unbinned
k79_68495	unbinned
k79_685	unbinned
k79_68562	unbinned
k79_68578	unbinned
k79_68633	unbinned
k79_68744	unbinned
k79_68779	unbinned
k79_68818	unbinned
k79_68818	unbinned
k79_68875	unbinned
k79_68885	unbinned
k79_68907	unbinned
k79_68923	unbinned
k79_68966	unbinned
k79_68984	unbinned
k79_68997	unbinned
k79_69092	unbinned
k79_69113	unbinned
k79_69114	unbinned
k79_6912	unbinned
k79_69139	unbinned
k79_69198	unbinned
k79_69218	unbinned
k79_69392	unbinned
k79_69410	unbinned
k79_6947	unbinned
k79_69519	unbinned
k79_69543	unbinned
k79_69563	unbinned
k79_69567	unbinned
k79_69595	unbinned
k79_69645	unbinned
k79_69679	unbinned
k79_69681	unbinned
k79_69681	unbinned
k79_69689	unbinned
k79_69712	unbinned
k79_69725	unbinned
k79_69736	unbinned
k79_69787	unbinned
k79_69806	unbinned
k79_69814	unbinned
k79_69814	unbinned
k79_69857	unbinned
k79_69885	unbinned
k79_69923	unbinned
k79_69945	unbinned
k79_69989	unbinned
k79_70018	unbinned
k79_70018	unbinned
k79_70061	unbinned
k79_70079	unbinned
k79_70086	unbinned
k79_70108	unbinned
k79_70150	unbinned
k79_70153	unbinned
k79_70197	unbinned
k79_70202	unbinned
k79_70216	unbinned
k79_70222	unbinned
k79_70223	unbinned
k79_70227	unbinned
k79_70232	unbinned
k79_70271	unbinned
k79_70364	unbinned
k79_70435	unbinned
k79_70487	unbinned
k79_70631	unbinned
k79_70659	unbinned
k79_70673	unbinned
k79_70676	unbinned
k79_70694	unbinned
k79_70730	unbinned
k79_70795	unbinned
k79_70813	unbinned
k79_70848	unbinned
k79_70853	unbinned
k79_70884	unbinned
k79_70887	unbinned
k79_709	unbinned
k79_70999	unbinned
k79_70999	unbinned
k79_71006	unbinned
k79_7104	unbinned
k79_7104	unbinned
k79_7108	unbinned
k79_71094	unbinned
k79_71112	unbinned
k79_71139	unbinned
k79_71168	unbinned
k79_71173	unbinned
k79_71177	unbinned
k79_71217	unbinned
k79_71256	unbinned
k79_71318	unbinned
k79_71336	unbinned
k79_71380	unbinned
k79_7139	unbinned
k79_7139	unbinned
k79_71391	unbinned
k79_71419	unbinned
k79_71474	unbinned
k79_71478	unbinned
k79_71478	unbinned
k79_71498	unbinned
k79_7152	unbinned
k79_71538	unbinned
k79_71571	unbinned
k79_71571	unbinned
k79_71575	unbinned
k79_71592	unbinned
k79_716	unbinned
k79_71623	unbinned
k79_71632	unbinned
k79_71663	unbinned
k79_71682	unbinned
k79_71686	unbinned
k79_71720	unbinned
k79_71720	unbinned
k79_71722	unbinned
k79_7174	unbinned
k79_7174	unbinned
k79_71762	unbinned
k79_71858	unbinned
k79_7189	unbinned
k79_71900	unbinned
k79_72001	unbinned
k79_7202	unbinned
k79_72049	unbinned
k79_72062	unbinned
k79_72075	unbinned
k79_72090	unbinned
k79_72113	unbinned
k79_72113	unbinned
k79_72195	unbinned
k79_72199	unbinned
k79_72240	unbinned
k79_72284	unbinned
k79_72321	unbinned
k79_72332	unbinned
k79_72395	unbinned
k79_72418	unbinned
k79_7248	unbinned
k79_72485	unbinned
k79_72494	unbinned
k79_72549	unbinned
k79_72583	unbinned
k79_72639	unbinned
k79_72671	unbinned
k79_72709	unbinned
k79_72759	unbinned
k79_72773	unbinned
k79_72815	unbinned
k79_72820	unbinned
k79_72826	unbinned
k79_72829	unbinned
k79_72834	unbinned
k79_72844	unbinned
k79_7288	unbinned
k79_72901	unbinned
k79_72913	unbinned
k79_72952	unbinned
k79_72964	unbinned
k79_72969	unbinned
k79_73002	unbinned
k79_73058	unbinned
k79_73068	unbinned
k79_73082	unbinned
k79_73117	unbinned
k79_73125	unbinned
k79_73150	unbinned
k79_73185	unbinned
k79_73187	unbinned
k79_73201	unbinned
k79_73224	unbinned
k79_73224	unbinned
k79_7329	unbinned
k79_73296	unbinned
k79_73296	unbinned
k79_73306	unbinned
k79_73359	unbinned
k79_73418	unbinned
k79_73418	unbinned
k79_73494	unbinned
k79_73505	unbinned
k79_73513	unbinned
k79_73557	unbinned
k79_73557	unbinned
k79_73577	unbinned
k79_73577	unbinned
k79_73720	unbinned
k79_73722	unbinned
k79_73722	unbinned
k79_73747	unbinned
k79_73749	unbinned
k79_73899	unbinned
k79_73999	unbinned
k79_73999	unbinned
k79_74008	unbinned
k79_74038	unbinned
k79_74038	unbinned
k79_74044	unbinned
k79_74053	unbinned
k79_74109	unbinned
k79_74212	unbinned
k79_74212	unbinned
k79_74221	unbinned
k79_74282	unbinned
k79_74341	unbinned
k79_74347	unbinned
k79_74361	unbinned
k79_74361	unbinned
k79_74384	unbinned
k79_74384	unbinned
k79_74553	unbinned
k79_74574	unbinned
k79_74574	unbinned
k79_74616	unbinned
k79_74648	unbinned
k79_74656	unbinned
k79_74679	unbinned
k79_74679	unbinned
k79_747	unbinned
k79_74711	unbinned
k79_74781	unbinned
k79_74783	unbinned
k79_74796	unbinned
k79_748	unbinned
k79_74892	unbinned
k79_74897	unbinned
k79_74897	unbinned
k79_74931	unbinned
k79_74952	unbinned
k79_74969	unbinned
k79_75015	unbinned
k79_75029	unbinned
k79_7506	unbinned
k79_75082	unbinned
k79_75097	unbinned
k79_75168	unbinned
k79_752	unbinned
k79_75214	unbinned
k79_75231	unbinned
k79_7528	unbinned
k79_75285	unbinned
k79_75291	unbinned
k79_75371	unbinned
k79_75470	unbinned
k79_75511	unbinned
k79_75511	unbinned
k79_75527	unbinned
k79_75527	unbinned
k79_75547	unbinned
k79_75548	unbinned
k79_75561	unbinned
k79_75591	unbinned
k79_75595	unbinned
k79_75662	unbinned
k79_75669	unbinned
k79_75682	unbinned
k79_7569	unbinned
k79_757	unbinned
k79_75700	unbinned
k79_75714	unbinned
k79_75751	unbinned
k79_7578	unbinned
k79_75832	unbinned
k79_75835	unbinned
k79_75917	unbinned
k79_75925	unbinned
k79_75969	unbinned
k79_75983	unbinned
k79_76043	unbinned
k79_76090	unbinned
k79_76112	unbinned
k79_76112	unbinned
k79_76163	unbinned
k79_76167	unbinned
k79_76264	unbinned
k79_76322	unbinned
k79_76343	unbinned
k79_76351	unbinned
k79_76414	unbinned
k79_76437	unbinned
k79_7646	unbinned
k79_76538	unbinned
k79_7658	unbinned
k79_76613	unbinned
k79_76678	unbinned
k79_76725	unbinned
k79_7673	unbinned
k79_7673	unbinned
k79_76734	unbinned
k79_76790	unbinned
k79_76799	unbinned
k79_76799	unbinned
k79_7686	unbinned
k79_76889	unbinned
k79_76954	unbinned
k79_76966	unbinned
k79_77064	unbinned
k79_77065	unbinned
k79_7708	unbinned
k79_77082	unbinned
k79_77138	unbinned
k79_77142	unbinned
k79_77214	unbinned
k79_77216	unbinned
k79_77223	unbinned
k79_77240	unbinned
k79_77247	unbinned
k79_77363	unbinned
k79_77366	unbinned
k79_77368	unbinned
k79_77389	unbinned
k79_7739	unbinned
k79_77523	unbinned
k79_77536	unbinned
k79_77549	unbinned
k79_77620	unbinned
k79_77647	unbinned
k79_77697	unbinned
k79_777	unbinned
k79_77711	unbinned
k79_77711	unbinned
k79_77725	unbinned
k79_77726	unbinned
k79_77728	unbinned
k79_77740	unbinned
k79_7785	unbinned
k79_77885	unbinned
k79_77890	unbinned
k79_78016	unbinned
k79_78036	unbinned
k79_78041	unbinned
k79_78051	unbinned
k79_78081	unbinned
k79_78090	unbinned
k79_78139	unbinned
k79_78207	unbinned
k79_78214	unbinned
k79_78219	unbinned
k79_78270	unbinned
k79_78297	unbinned
k79_783	unbinned
k79_78321	unbinned
k79_78321	unbinned
k79_78351	unbinned
k79_78403	unbinned
k79_78427	unbinned
k79_78439	unbinned
k79_78456	unbinned
k79_78471	unbinned
k79_785	unbinned
k79_78521	unbinned
k79_78560	unbinned
k79_78560	unbinned
k79_78562	unbinned
k79_78569	unbinned
k79_78583	unbinned
k79_78612	unbinned
k79_78631	unbinned
k79_78634	unbinned
k79_78713	unbinned
k79_7874	unbinned
k79_78757	unbinned
k79_78761	unbinned
k79_78793	unbinned
k79_7881	unbinned
k79_78813	unbinned
k79_78834	unbinned
k79_78881	unbinned
k79_78883	unbinned
k79_78897	unbinned
k79_78923	unbinned
k79_78959	unbinned
k79_79175	unbinned
k79_79186	unbinned
k79_79205	unbinned
k79_79229	unbinned
k79_79238	unbinned
k79_79249	unbinned
k79_79259	unbinned
k79_79302	unbinned
k79_79338	unbinned
k79_79362	unbinned
k79_79415	unbinned
k79_79519	unbinned
k79_79519	unbinned
k79_79521	unbinned
k79_79534	unbinned
k79_79567	unbinned
k79_79585	unbinned
k79_79596	unbinned
k79_7962	unbinned
k79_79694	unbinned
k79_7975	unbinned
k79_79756	unbinned
k79_79756	unbinned
k79_7987	unbinned
k79_79909	unbinned
k79_79918	unbinned
k79_79947	unbinned
k79_79960	unbinned
k79_79960	unbinned
k79_8000	unbinned
k79_80008	unbinned
k79_80008	unbinned
k79_80028	unbinned
k79_80035	unbinned
k79_80065	unbinned
k79_80087	unbinned
k79_80088	unbinned
k79_80143	unbinned
k79_80147	unbinned
k79_80162	unbinned
k79_80184	unbinned
k79_80205	unbinned
k79_80217	unbinned
k79_80221	unbinned
k79_80305	unbinned
k79_80422	unbinned
k79_80450	unbinned
k79_80462	unbinned
k79_80496	unbinned
k79_80549	unbinned
k79_80554	unbinned
k79_8058	unbinned
k79_80582	unbinned
k79_80590	unbinned
k79_8064	unbinned
k79_80663	unbinned
k79_80694	unbinned
k79_80733	unbinned
k79_80741	unbinned
k79_80741	unbinned
k79_80744	unbinned
k79_80760	unbinned
k79_80761	unbinned
k79_80781	unbinned
k79_80788	unbinned
k79_80819	unbinned
k79_80852	unbinned
k79_80853	unbinned
k79_80899	unbinned
k79_809	unbinned
k79_81004	unbinned
k79_81012	unbinned
k79_81085	unbinned
k79_81097	unbinned
k79_81102	unbinned
k79_8114	unbinned
k79_81187	unbinned
k79_81201	unbinned
k79_81220	unbinned
k79_81261	unbinned
k79_81275	unbinned
k79_81331	unbinned
k79_81379	unbinned
k79_81412	unbinned
k79_81431	unbinned
k79_81511	unbinned
k79_81562	unbinned
k79_81566	unbinned
k79_81601	unbinned
k79_81621	unbinned
k79_81659	unbinned
k79_81682	unbinned
k79_81691	unbinned
k79_817	unbinned
k79_81730	unbinned
k79_81730	unbinned
k79_81741	unbinned
k79_81741	unbinned
k79_81769	unbinned
k79_81783	unbinned
k79_81812	unbinned
k79_81812	unbinned
k79_81822	unbinned
k79_81928	unbinned
k79_81932	unbinned
k79_81946	unbinned
k79_81958	unbinned
k79_81963	unbinned
k79_81991	unbinned
k79_82032	unbinned
k79_82072	unbinned
k79_82101	unbinned
k79_82119	unbinned
k79_82156	unbinned
k79_8217	unbinned
k79_82171	unbinned
k79_82175	unbinned
k79_82198	unbinned
k79_82226	unbinned
k79_8225	unbinned
k79_82254	unbinned
k79_82297	unbinned
k79_82358	unbinned
k79_82406	unbinned
k79_8241	unbinned
k79_8241	unbinned
k79_82423	unbinned
k79_82427	unbinned
k79_82451	unbinned
k79_82461	unbinned
k79_82506	unbinned
k79_82535	unbinned
k79_82552	unbinned
k79_8258	unbinned
k79_82612	unbinned
k79_82658	unbinned
k79_8269	unbinned
k79_82736	unbinned
k79_82754	unbinned
k79_82771	unbinned
k79_82801	unbinned
k79_8282	unbinned
k79_82843	unbinned
k79_82851	unbinned
k79_82879	unbinned
k79_82911	unbinned
k79_82945	unbinned
k79_82977	unbinned
k79_82987	unbinned
k79_83009	unbinned
k79_83009	unbinned
k79_83012	unbinned
k79_83012	unbinned
k79_8302	unbinned
k79_83038	unbinned
k79_83038	unbinned
k79_8307	unbinned
k79_83077	unbinned
k79_83091	unbinned
k79_83123	unbinned
k79_8313	unbinned
k79_83179	unbinned
k79_83181	unbinned
k79_8320	unbinned
k79_83216	unbinned
k79_83311	unbinned
k79_8334	unbinned
k79_83351	unbinned
k79_83353	unbinned
k79_83366	unbinned
k79_83394	unbinned
k79_83406	unbinned
k79_83476	unbinned
k79_83559	unbinned
k79_83560	unbinned
k79_83566	unbinned
k79_83571	unbinned
k79_83678	unbinned
k79_83689	unbinned
k79_83840	unbinned
k79_83907	unbinned
k79_840	unbinned
k79_84007	unbinned
k79_84058	unbinned
k79_84080	unbinned
k79_84091	unbinned
k79_84122	unbinned
k79_84212	unbinned
k79_8424	unbinned
k79_8424	unbinned
k79_84281	unbinned
k79_84290	unbinned
k79_84314	unbinned
k79_8432	unbinned
k79_844	unbinned
k79_84430	unbinned
k79_84435	unbinned
k79_84534	unbinned
k79_84551	unbinned
k79_84587	unbinned
k79_84588	unbinned
k79_84605	unbinned
k79_84605	unbinned
k79_84665	unbinned
k79_8467	unbinned
k79_84686	unbinned
k79_84712	unbinned
k79_84720	unbinned
k79_8475	unbinned
k79_84769	unbinned
k79_84801	unbinned
k79_84804	unbinned
k79_84838	unbinned
k79_84887	unbinned
k79_84926	unbinned
k79_84936	unbinned
k79_84943	unbinned
k79_84943	unbinned
k79_84946	unbinned
k79_8497	unbinned
k79_84973	unbinned
k79_85012	unbinned
k79_85035	unbinned
k79_85061	unbinned
k79_85061	unbinned
k79_85077	unbinned
k79_85077	unbinned
k79_85082	unbinned
k79_85114	unbinned
k79_85132	unbinned
k79_85133	unbinned
k79_85133	unbinned
k79_85164	unbinned
k79_85191	unbinned
k79_85256	unbinned
k79_85283	unbinned
k79_85310	unbinned
k79_85319	unbinned
k79_85328	unbinned
k79_85358	unbinned
k79_8536	unbinned
k79_8536	unbinned
k79_85362	unbinned
k79_85388	unbinned
k79_85408	unbinned
k79_85408	unbinned
k79_85413	unbinned
k79_85479	unbinned
k79_85599	unbinned
k79_85609	unbinned
k79_85623	unbinned
k79_85633	unbinned
k79_85638	unbinned
k79_85654	unbinned
k79_85665	unbinned
k79_85689	unbinned
k79_85784	unbinned
k79_85819	unbinned
k79_85856	unbinned
k79_85873	unbinned
k79_85874	unbinned
k79_85899	unbinned
k79_85943	unbinned
k79_85967	unbinned
k79_85970	unbinned
k79_85999	unbinned
k79_86037	unbinned
k79_86140	unbinned
k79_86152	unbinned
k79_86161	unbinned
k79_86184	unbinned
k79_86184	unbinned
k79_8621	unbinned
k79_86272	unbinned
k79_86285	unbinned
k79_86346	unbinned
k79_86346	unbinned
k79_86388	unbinned
k79_86435	unbinned
k79_86439	unbinned
k79_8645	unbinned
k79_8645	unbinned
k79_86471	unbinned
k79_86557	unbinned
k79_86570	unbinned
k79_86582	unbinned
k79_86591	unbinned
k79_86592	unbinned
k79_86592	unbinned
k79_86596	unbinned
k79_86612	unbinned
k79_86642	unbinned
k79_8670	unbinned
k79_86716	unbinned
k79_86744	unbinned
k79_86770	unbinned
k79_86773	unbinned
k79_86825	unbinned
k79_86840	unbinned
k79_86883	unbinned
k79_86907	unbinned
k79_86957	unbinned
k79_86961	unbinned
k79_86999	unbinned
k79_87048	unbinned
k79_87072	unbinned
k79_87081	unbinned
k79_87127	unbinned
k79_87184	unbinned
k79_87261	unbinned
k79_87295	unbinned
k79_87320	unbinned
k79_87343	unbinned
k79_87346	unbinned
k79_87375	unbinned
k79_87376	unbinned
k79_87443	unbinned
k79_8745	unbinned
k79_8745	unbinned
k79_87536	unbinned
k79_87564	unbinned
k79_87572	unbinned
k79_87587	unbinned
k79_87684	unbinned
k79_8775	unbinned
k79_87812	unbinned
k79_87812	unbinned
k79_87866	unbinned
k79_87875	unbinned
k79_87876	unbinned
k79_87877	unbinned
k79_87920	unbinned
k79_87963	unbinned
k79_88038	unbinned
k79_88044	unbinned
k79_88100	unbinned
k79_88122	unbinned
k79_88153	unbinned
k79_88226	unbinned
k79_88310	unbinned
k79_88352	unbinned
k79_88365	unbinned
k79_88436	unbinned
k79_88436	unbinned
k79_88514	unbinned
k79_8853	unbinned
k79_88533	unbinned
k79_88588	unbinned
k79_88599	unbinned
k79_88604	unbinned
k79_88610	unbinned
k79_88617	unbinned
k79_88618	unbinned
k79_88629	unbinned
k79_88637	unbinned
k79_88648	unbinned
k79_88690	unbinned
k79_88694	unbinned
k79_88727	unbinned
k79_88736	unbinned
k79_88751	unbinned
k79_88751	unbinned
k79_88826	unbinned
k79_88833	unbinned
k79_88865	unbinned
k79_88906	unbinned
k79_88932	unbinned
k79_89010	unbinned
k79_89052	unbinned
k79_89080	unbinned
k79_89091	unbinned
k79_89097	unbinned
k79_89108	unbinned
k79_89130	unbinned
k79_89130	unbinned
k79_89139	unbinned
k79_89146	unbinned
k79_89148	unbinned
k79_89177	unbinned
k79_89187	unbinned
k79_89193	unbinned
k79_89267	unbinned
k79_893	unbinned
k79_89315	unbinned
k79_89316	unbinned
k79_89332	unbinned
k79_89425	unbinned
k79_89425	unbinned
k79_89431	unbinned
k79_89447	unbinned
k79_89451	unbinned
k79_89486	unbinned
k79_89486	unbinned
k79_89521	unbinned
k79_89551	unbinned
k79_8959	unbinned
k79_89601	unbinned
k79_89622	unbinned
k79_8964	unbinned
k79_89711	unbinned
k79_89740	unbinned
k79_89764	unbinned
k79_89779	unbinned
k79_89812	unbinned
k79_89823	unbinned
k79_89834	unbinned
k79_89845	unbinned
k79_8985	unbinned
k79_8985	unbinned
k79_89865	unbinned
k79_89920	unbinned
k79_89942	unbinned
k79_8995	unbinned
k79_8996	unbinned
k79_89960	unbinned
k79_89963	unbinned
k79_90070	unbinned
k79_90099	unbinned
k79_90100	unbinned
k79_90112	unbinned
k79_90137	unbinned
k79_90162	unbinned
k79_90199	unbinned
k79_90199	unbinned
k79_90221	unbinned
k79_90235	unbinned
k79_90243	unbinned
k79_90243	unbinned
k79_90254	unbinned
k79_90260	unbinned
k79_90291	unbinned
k79_90332	unbinned
k79_90372	unbinned
k79_90377	unbinned
k79_90377	unbinned
k79_90393	unbinned
k79_90396	unbinned
k79_90396	unbinned
k79_90494	unbinned
k79_90553	unbinned
k79_90574	unbinned
k79_90578	unbinned
k79_90706	unbinned
k79_9073	unbinned
k79_9073	unbinned
k79_90744	unbinned
k79_90811	unbinned
k79_90831	unbinned
k79_90857	unbinned
k79_90919	unbinned
k79_90922	unbinned
k79_90922	unbinned
k79_90927	unbinned
k79_90928	unbinned
k79_90930	unbinned
k79_90983	unbinned
k79_90983	unbinned
k79_91036	unbinned
k79_91041	unbinned
k79_91042	unbinned
k79_91064	unbinned
k79_91082	unbinned
k79_91090	unbinned
k79_91102	unbinned
k79_91172	unbinned
k79_91204	unbinned
k79_91209	unbinned
k79_9122	unbinned
k79_91234	unbinned
k79_91307	unbinned
k79_91383	unbinned
k79_91383	unbinned
k79_91391	unbinned
k79_91424	unbinned
k79_91456	unbinned
k79_91514	unbinned
k79_91523	unbinned
k79_91547	unbinned
k79_91559	unbinned
k79_91559	unbinned
k79_9158	unbinned
k79_91667	unbinned
k79_91674	unbinned
k79_91692	unbinned
k79_91703	unbinned
k79_9172	unbinned
k79_9175	unbinned
k79_91785	unbinned
k79_91787	unbinned
k79_91855	unbinned
k79_91880	unbinned
k79_91880	unbinned
k79_91890	unbinned
k79_91890	unbinned
k79_9191	unbinned
k79_91921	unbinned
k79_92070	unbinned
k79_92095	unbinned
k79_92117	unbinned
k79_92142	unbinned
k79_92151	unbinned
k79_92194	unbinned
k79_92218	unbinned
k79_92223	unbinned
k79_92245	unbinned
k79_92265	unbinned
k79_92279	unbinned
k79_92351	unbinned
k79_92395	unbinned
k79_92408	unbinned
k79_92442	unbinned
k79_92457	unbinned
k79_92483	unbinned
k79_92510	unbinned
k79_92514	unbinned
k79_92520	unbinned
k79_92520	unbinned
k79_92522	unbinned
k79_92528	unbinned
k79_92571	unbinned
k79_92575	unbinned
k79_92575	unbinned
k79_92594	unbinned
k79_92594	unbinned
k79_9260	unbinned
k79_92625	unbinned
k79_92673	unbinned
k79_92707	unbinned
k79_92831	unbinned
k79_92835	unbinned
k79_92849	unbinned
k79_92884	unbinned
k79_92899	unbinned
k79_9295	unbinned
k79_92972	unbinned
k79_93003	unbinned
k79_93039	unbinned
k79_93050	unbinned
k79_93061	unbinned
k79_93098	unbinned
k79_93108	unbinned
k79_93122	unbinned
k79_93173	unbinned
k79_93257	unbinned
k79_93259	unbinned
k79_93288	unbinned
k79_93288	unbinned
k79_93313	unbinned
k79_93316	unbinned
k79_93354	unbinned
k79_93414	unbinned
k79_93429	unbinned
k79_93468	unbinned
k79_93576	unbinned
k79_93600	unbinned
k79_93605	unbinned
k79_93675	unbinned
k79_93745	unbinned
k79_93763	unbinned
k79_93779	unbinned
k79_93798	unbinned
k79_938	unbinned
k79_9386	unbinned
k79_93915	unbinned
k79_93996	unbinned
k79_94011	unbinned
k79_94026	unbinned
k79_94054	unbinned
k79_94058	unbinned
k79_94083	unbinned
k79_9409	unbinned
k79_94171	unbinned
k79_94174	unbinned
k79_9423	unbinned
k79_94251	unbinned
k79_94263	unbinned
k79_94289	unbinned
k79_94289	unbinned
k79_94296	unbinned
k79_94334	unbinned
k79_94365	unbinned
k79_94365	unbinned
k79_94375	unbinned
k79_94375	unbinned
k79_94391	unbinned
k79_94391	unbinned
k79_94391	unbinned
k79_94416	unbinned
k79_94424	unbinned
k79_94424	unbinned
k79_94450	unbinned
k79_94478	unbinned
k79_94488	unbinned
k79_94515	unbinned
k79_94570	unbinned
k79_94610	unbinned
k79_94677	unbinned
k79_94679	unbinned
k79_94679	unbinned
k79_94750	unbinned
k79_94768	unbinned
k79_94783	unbinned
k79_9480	unbinned
k79_94805	unbinned
k79_94893	unbinned
k79_94915	unbinned
k79_94917	unbinned
k79_94984	unbinned
k79_94984	unbinned
k79_94997	unbinned
k79_95004	unbinned
k79_95038	unbinned
k79_95043	unbinned
k79_95050	unbinned
k79_9506	unbinned
k79_95062	unbinned
k79_95107	unbinned
k79_9511	unbinned
k79_95252	unbinned
k79_95280	unbinned
k79_95286	unbinned
k79_95337	unbinned
k79_9537	unbinned
k79_95377	unbinned
k79_95377	unbinned
k79_9542	unbinned
k79_95462	unbinned
k79_95470	unbinned
k79_95479	unbinned
k79_95522	unbinned
k79_95571	unbinned
k79_95608	unbinned
k79_95676	unbinned
k79_95676	unbinned
k79_9572	unbinned
k79_95767	unbinned
k79_95796	unbinned
k79_95803	unbinned
k79_95807	unbinned
k79_95813	unbinned
k79_95858	unbinned
k79_95903	unbinned
k79_95978	unbinned
k79_96	unbinned
k79_96007	unbinned
k79_96021	unbinned
k79_96063	unbinned
k79_96084	unbinned
k79_96101	unbinned
k79_96107	unbinned
k79_96133	unbinned
k79_96162	unbinned
k79_96212	unbinned
k79_96219	unbinned
k79_96240	unbinned
k79_96277	unbinned
k79_96292	unbinned
k79_96301	unbinned
k79_96329	unbinned
k79_96425	unbinned
k79_96481	unbinned
k79_96557	unbinned
k79_96560	unbinned
k79_96563	unbinned
k79_96584	unbinned
k79_96591	unbinned
k79_96619	unbinned
k79_96620	unbinned
k79_96620	unbinned
k79_96667	unbinned
k79_96702	unbinned
k79_96770	unbinned
k79_96803	unbinned
k79_96812	unbinned
k79_96812	unbinned
k79_96816	unbinned
k79_96820	unbinned
k79_96846	unbinned
k79_96860	unbinned
k79_96913	unbinned
k79_96940	unbinned
k79_96963	unbinned
k79_9698	unbinned
k79_96987	unbinned
k79_96989	unbinned
k79_96992	unbinned
k79_97052	unbinned
k79_97118	unbinned
k79_97120	unbinned
k79_97143	unbinned
k79_97181	unbinned
k79_97195	unbinned
k79_97199	unbinned
k79_97220	unbinned
k79_97227	unbinned
k79_97227	unbinned
k79_97232	unbinned
k79_97283	unbinned
k79_97284	unbinned
k79_97292	unbinned
k79_97292	unbinned
k79_97292	unbinned
k79_97307	unbinned
k79_97309	unbinned
k79_9731	unbinned
k79_9731	unbinned
k79_97339	unbinned
k79_97363	unbinned
k79_97389	unbinned
k79_97391	unbinned
k79_97406	unbinned
k79_9744	unbinned
k79_9774	unbinned
k79_9774	unbinned
k79_9774	unbinned
k79_9803	unbinned
k79_9920	unbinned
k79_9930	unbinned
k79_9953	unbinned
