k79_10222	ERR011348_MEGAHIT_TaxVamb.5
k79_10339	ERR011348_MEGAHIT_TaxVamb.5
k79_10427	ERR011348_MEGAHIT_TaxVamb.5
k79_10565	ERR011348_MEGAHIT_TaxVamb.5
k79_10589	ERR011348_MEGAHIT_TaxVamb.5
k79_10619	ERR011348_MEGAHIT_TaxVamb.5
k79_10931	ERR011348_MEGAHIT_TaxVamb.5
k79_10982	ERR011348_MEGAHIT_TaxVamb.5
k79_11126	ERR011348_MEGAHIT_TaxVamb.5
k79_11218	ERR011348_MEGAHIT_TaxVamb.5
k79_11586	ERR011348_MEGAHIT_TaxVamb.5
k79_11668	ERR011348_MEGAHIT_TaxVamb.5
k79_11758	ERR011348_MEGAHIT_TaxVamb.5
k79_12216	ERR011348_MEGAHIT_TaxVamb.5
k79_12533	ERR011348_MEGAHIT_TaxVamb.5
k79_12670	ERR011348_MEGAHIT_TaxVamb.5
k79_12686	ERR011348_MEGAHIT_TaxVamb.5
k79_13157	ERR011348_MEGAHIT_TaxVamb.5
k79_14039	ERR011348_MEGAHIT_TaxVamb.5
k79_14120	ERR011348_MEGAHIT_TaxVamb.5
k79_14125	ERR011348_MEGAHIT_TaxVamb.5
k79_14127	ERR011348_MEGAHIT_TaxVamb.5
k79_14189	ERR011348_MEGAHIT_TaxVamb.5
k79_14327	ERR011348_MEGAHIT_TaxVamb.5
k79_14363	ERR011348_MEGAHIT_TaxVamb.5
k79_14412	ERR011348_MEGAHIT_TaxVamb.5
k79_14709	ERR011348_MEGAHIT_TaxVamb.5
k79_14919	ERR011348_MEGAHIT_TaxVamb.5
k79_14947	ERR011348_MEGAHIT_TaxVamb.5
k79_15389	ERR011348_MEGAHIT_TaxVamb.5
k79_1543	ERR011348_MEGAHIT_TaxVamb.5
k79_1559	ERR011348_MEGAHIT_TaxVamb.5
k79_15678	ERR011348_MEGAHIT_TaxVamb.5
k79_15748	ERR011348_MEGAHIT_TaxVamb.5
k79_1588	ERR011348_MEGAHIT_TaxVamb.5
k79_15892	ERR011348_MEGAHIT_TaxVamb.5
k79_15922	ERR011348_MEGAHIT_TaxVamb.5
k79_16168	ERR011348_MEGAHIT_TaxVamb.5
k79_162	ERR011348_MEGAHIT_TaxVamb.5
k79_16383	ERR011348_MEGAHIT_TaxVamb.5
k79_16546	ERR011348_MEGAHIT_TaxVamb.5
k79_16862	ERR011348_MEGAHIT_TaxVamb.5
k79_17232	ERR011348_MEGAHIT_TaxVamb.5
k79_17354	ERR011348_MEGAHIT_TaxVamb.5
k79_17420	ERR011348_MEGAHIT_TaxVamb.5
k79_17471	ERR011348_MEGAHIT_TaxVamb.5
k79_17717	ERR011348_MEGAHIT_TaxVamb.5
k79_18009	ERR011348_MEGAHIT_TaxVamb.5
k79_18052	ERR011348_MEGAHIT_TaxVamb.5
k79_18209	ERR011348_MEGAHIT_TaxVamb.5
k79_18225	ERR011348_MEGAHIT_TaxVamb.5
k79_18735	ERR011348_MEGAHIT_TaxVamb.5
k79_18817	ERR011348_MEGAHIT_TaxVamb.5
k79_1885	ERR011348_MEGAHIT_TaxVamb.5
k79_18854	ERR011348_MEGAHIT_TaxVamb.5
k79_19103	ERR011348_MEGAHIT_TaxVamb.5
k79_19293	ERR011348_MEGAHIT_TaxVamb.5
k79_19373	ERR011348_MEGAHIT_TaxVamb.5
k79_19388	ERR011348_MEGAHIT_TaxVamb.5
k79_19431	ERR011348_MEGAHIT_TaxVamb.5
k79_19877	ERR011348_MEGAHIT_TaxVamb.5
k79_20073	ERR011348_MEGAHIT_TaxVamb.5
k79_20078	ERR011348_MEGAHIT_TaxVamb.5
k79_20127	ERR011348_MEGAHIT_TaxVamb.5
k79_20229	ERR011348_MEGAHIT_TaxVamb.5
k79_2026	ERR011348_MEGAHIT_TaxVamb.5
k79_20385	ERR011348_MEGAHIT_TaxVamb.5
k79_20442	ERR011348_MEGAHIT_TaxVamb.5
k79_20590	ERR011348_MEGAHIT_TaxVamb.5
k79_20830	ERR011348_MEGAHIT_TaxVamb.5
k79_21079	ERR011348_MEGAHIT_TaxVamb.5
k79_21099	ERR011348_MEGAHIT_TaxVamb.5
k79_21150	ERR011348_MEGAHIT_TaxVamb.5
k79_214	ERR011348_MEGAHIT_TaxVamb.5
k79_21427	ERR011348_MEGAHIT_TaxVamb.5
k79_21659	ERR011348_MEGAHIT_TaxVamb.5
k79_21678	ERR011348_MEGAHIT_TaxVamb.5
k79_21850	ERR011348_MEGAHIT_TaxVamb.5
k79_2191	ERR011348_MEGAHIT_TaxVamb.5
k79_21966	ERR011348_MEGAHIT_TaxVamb.5
k79_22031	ERR011348_MEGAHIT_TaxVamb.5
k79_22366	ERR011348_MEGAHIT_TaxVamb.5
k79_22573	ERR011348_MEGAHIT_TaxVamb.5
k79_22614	ERR011348_MEGAHIT_TaxVamb.5
k79_22681	ERR011348_MEGAHIT_TaxVamb.5
k79_22889	ERR011348_MEGAHIT_TaxVamb.5
k79_23014	ERR011348_MEGAHIT_TaxVamb.5
k79_23190	ERR011348_MEGAHIT_TaxVamb.5
k79_23321	ERR011348_MEGAHIT_TaxVamb.5
k79_23490	ERR011348_MEGAHIT_TaxVamb.5
k79_23584	ERR011348_MEGAHIT_TaxVamb.5
k79_23831	ERR011348_MEGAHIT_TaxVamb.5
k79_23927	ERR011348_MEGAHIT_TaxVamb.5
k79_23956	ERR011348_MEGAHIT_TaxVamb.5
k79_24136	ERR011348_MEGAHIT_TaxVamb.5
k79_24173	ERR011348_MEGAHIT_TaxVamb.5
k79_24470	ERR011348_MEGAHIT_TaxVamb.5
k79_24487	ERR011348_MEGAHIT_TaxVamb.5
k79_24556	ERR011348_MEGAHIT_TaxVamb.5
k79_24579	ERR011348_MEGAHIT_TaxVamb.5
k79_24655	ERR011348_MEGAHIT_TaxVamb.5
k79_24898	ERR011348_MEGAHIT_TaxVamb.5
k79_25099	ERR011348_MEGAHIT_TaxVamb.5
k79_25208	ERR011348_MEGAHIT_TaxVamb.5
k79_25211	ERR011348_MEGAHIT_TaxVamb.5
k79_25262	ERR011348_MEGAHIT_TaxVamb.5
k79_25385	ERR011348_MEGAHIT_TaxVamb.5
k79_25990	ERR011348_MEGAHIT_TaxVamb.5
k79_26170	ERR011348_MEGAHIT_TaxVamb.5
k79_26208	ERR011348_MEGAHIT_TaxVamb.5
k79_26746	ERR011348_MEGAHIT_TaxVamb.5
k79_26920	ERR011348_MEGAHIT_TaxVamb.5
k79_27070	ERR011348_MEGAHIT_TaxVamb.5
k79_27117	ERR011348_MEGAHIT_TaxVamb.5
k79_27196	ERR011348_MEGAHIT_TaxVamb.5
k79_27228	ERR011348_MEGAHIT_TaxVamb.5
k79_27420	ERR011348_MEGAHIT_TaxVamb.5
k79_27578	ERR011348_MEGAHIT_TaxVamb.5
k79_27808	ERR011348_MEGAHIT_TaxVamb.5
k79_27875	ERR011348_MEGAHIT_TaxVamb.5
k79_2795	ERR011348_MEGAHIT_TaxVamb.5
k79_27964	ERR011348_MEGAHIT_TaxVamb.5
k79_28145	ERR011348_MEGAHIT_TaxVamb.5
k79_28321	ERR011348_MEGAHIT_TaxVamb.5
k79_28399	ERR011348_MEGAHIT_TaxVamb.5
k79_28517	ERR011348_MEGAHIT_TaxVamb.5
k79_28544	ERR011348_MEGAHIT_TaxVamb.5
k79_28684	ERR011348_MEGAHIT_TaxVamb.5
k79_28797	ERR011348_MEGAHIT_TaxVamb.5
k79_29666	ERR011348_MEGAHIT_TaxVamb.5
k79_29748	ERR011348_MEGAHIT_TaxVamb.5
k79_29870	ERR011348_MEGAHIT_TaxVamb.5
k79_29935	ERR011348_MEGAHIT_TaxVamb.5
k79_3000	ERR011348_MEGAHIT_TaxVamb.5
k79_30040	ERR011348_MEGAHIT_TaxVamb.5
k79_30240	ERR011348_MEGAHIT_TaxVamb.5
k79_30682	ERR011348_MEGAHIT_TaxVamb.5
k79_30752	ERR011348_MEGAHIT_TaxVamb.5
k79_30834	ERR011348_MEGAHIT_TaxVamb.5
k79_30949	ERR011348_MEGAHIT_TaxVamb.5
k79_31061	ERR011348_MEGAHIT_TaxVamb.5
k79_31199	ERR011348_MEGAHIT_TaxVamb.5
k79_31281	ERR011348_MEGAHIT_TaxVamb.5
k79_31298	ERR011348_MEGAHIT_TaxVamb.5
k79_31669	ERR011348_MEGAHIT_TaxVamb.5
k79_31776	ERR011348_MEGAHIT_TaxVamb.5
k79_32000	ERR011348_MEGAHIT_TaxVamb.5
k79_32157	ERR011348_MEGAHIT_TaxVamb.5
k79_32325	ERR011348_MEGAHIT_TaxVamb.5
k79_32330	ERR011348_MEGAHIT_TaxVamb.5
k79_32683	ERR011348_MEGAHIT_TaxVamb.5
k79_32973	ERR011348_MEGAHIT_TaxVamb.5
k79_33085	ERR011348_MEGAHIT_TaxVamb.5
k79_33099	ERR011348_MEGAHIT_TaxVamb.5
k79_3329	ERR011348_MEGAHIT_TaxVamb.5
k79_33312	ERR011348_MEGAHIT_TaxVamb.5
k79_33369	ERR011348_MEGAHIT_TaxVamb.5
k79_33454	ERR011348_MEGAHIT_TaxVamb.5
k79_33563	ERR011348_MEGAHIT_TaxVamb.5
k79_34051	ERR011348_MEGAHIT_TaxVamb.5
k79_3455	ERR011348_MEGAHIT_TaxVamb.5
k79_34857	ERR011348_MEGAHIT_TaxVamb.5
k79_35414	ERR011348_MEGAHIT_TaxVamb.5
k79_35527	ERR011348_MEGAHIT_TaxVamb.5
k79_35928	ERR011348_MEGAHIT_TaxVamb.5
k79_36335	ERR011348_MEGAHIT_TaxVamb.5
k79_36538	ERR011348_MEGAHIT_TaxVamb.5
k79_36704	ERR011348_MEGAHIT_TaxVamb.5
k79_36777	ERR011348_MEGAHIT_TaxVamb.5
k79_36796	ERR011348_MEGAHIT_TaxVamb.5
k79_36824	ERR011348_MEGAHIT_TaxVamb.5
k79_37135	ERR011348_MEGAHIT_TaxVamb.5
k79_37313	ERR011348_MEGAHIT_TaxVamb.5
k79_37430	ERR011348_MEGAHIT_TaxVamb.5
k79_37569	ERR011348_MEGAHIT_TaxVamb.5
k79_37934	ERR011348_MEGAHIT_TaxVamb.5
k79_3832	ERR011348_MEGAHIT_TaxVamb.5
k79_38791	ERR011348_MEGAHIT_TaxVamb.5
k79_38924	ERR011348_MEGAHIT_TaxVamb.5
k79_39089	ERR011348_MEGAHIT_TaxVamb.5
k79_39393	ERR011348_MEGAHIT_TaxVamb.5
k79_39427	ERR011348_MEGAHIT_TaxVamb.5
k79_39561	ERR011348_MEGAHIT_TaxVamb.5
k79_39584	ERR011348_MEGAHIT_TaxVamb.5
k79_39627	ERR011348_MEGAHIT_TaxVamb.5
k79_40199	ERR011348_MEGAHIT_TaxVamb.5
k79_40316	ERR011348_MEGAHIT_TaxVamb.5
k79_40848	ERR011348_MEGAHIT_TaxVamb.5
k79_40867	ERR011348_MEGAHIT_TaxVamb.5
k79_41079	ERR011348_MEGAHIT_TaxVamb.5
k79_4109	ERR011348_MEGAHIT_TaxVamb.5
k79_41700	ERR011348_MEGAHIT_TaxVamb.5
k79_41738	ERR011348_MEGAHIT_TaxVamb.5
k79_41808	ERR011348_MEGAHIT_TaxVamb.5
k79_41942	ERR011348_MEGAHIT_TaxVamb.5
k79_4201	ERR011348_MEGAHIT_TaxVamb.5
k79_42027	ERR011348_MEGAHIT_TaxVamb.5
k79_42518	ERR011348_MEGAHIT_TaxVamb.5
k79_42678	ERR011348_MEGAHIT_TaxVamb.5
k79_42690	ERR011348_MEGAHIT_TaxVamb.5
k79_4351	ERR011348_MEGAHIT_TaxVamb.5
k79_43777	ERR011348_MEGAHIT_TaxVamb.5
k79_43838	ERR011348_MEGAHIT_TaxVamb.5
k79_43944	ERR011348_MEGAHIT_TaxVamb.5
k79_44098	ERR011348_MEGAHIT_TaxVamb.5
k79_4424	ERR011348_MEGAHIT_TaxVamb.5
k79_44375	ERR011348_MEGAHIT_TaxVamb.5
k79_44420	ERR011348_MEGAHIT_TaxVamb.5
k79_44720	ERR011348_MEGAHIT_TaxVamb.5
k79_4525	ERR011348_MEGAHIT_TaxVamb.5
k79_4535	ERR011348_MEGAHIT_TaxVamb.5
k79_45379	ERR011348_MEGAHIT_TaxVamb.5
k79_45392	ERR011348_MEGAHIT_TaxVamb.5
k79_45472	ERR011348_MEGAHIT_TaxVamb.5
k79_4551	ERR011348_MEGAHIT_TaxVamb.5
k79_459	ERR011348_MEGAHIT_TaxVamb.5
k79_45962	ERR011348_MEGAHIT_TaxVamb.5
k79_46030	ERR011348_MEGAHIT_TaxVamb.5
k79_46211	ERR011348_MEGAHIT_TaxVamb.5
k79_46426	ERR011348_MEGAHIT_TaxVamb.5
k79_46458	ERR011348_MEGAHIT_TaxVamb.5
k79_46547	ERR011348_MEGAHIT_TaxVamb.5
k79_46603	ERR011348_MEGAHIT_TaxVamb.5
k79_47053	ERR011348_MEGAHIT_TaxVamb.5
k79_4802	ERR011348_MEGAHIT_TaxVamb.5
k79_48455	ERR011348_MEGAHIT_TaxVamb.5
k79_48484	ERR011348_MEGAHIT_TaxVamb.5
k79_48848	ERR011348_MEGAHIT_TaxVamb.5
k79_48945	ERR011348_MEGAHIT_TaxVamb.5
k79_4902	ERR011348_MEGAHIT_TaxVamb.5
k79_49248	ERR011348_MEGAHIT_TaxVamb.5
k79_49349	ERR011348_MEGAHIT_TaxVamb.5
k79_49357	ERR011348_MEGAHIT_TaxVamb.5
k79_499	ERR011348_MEGAHIT_TaxVamb.5
k79_49920	ERR011348_MEGAHIT_TaxVamb.5
k79_50021	ERR011348_MEGAHIT_TaxVamb.5
k79_50057	ERR011348_MEGAHIT_TaxVamb.5
k79_5014	ERR011348_MEGAHIT_TaxVamb.5
k79_50210	ERR011348_MEGAHIT_TaxVamb.5
k79_50285	ERR011348_MEGAHIT_TaxVamb.5
k79_50504	ERR011348_MEGAHIT_TaxVamb.5
k79_50615	ERR011348_MEGAHIT_TaxVamb.5
k79_50672	ERR011348_MEGAHIT_TaxVamb.5
k79_51168	ERR011348_MEGAHIT_TaxVamb.5
k79_51223	ERR011348_MEGAHIT_TaxVamb.5
k79_51251	ERR011348_MEGAHIT_TaxVamb.5
k79_51456	ERR011348_MEGAHIT_TaxVamb.5
k79_5153	ERR011348_MEGAHIT_TaxVamb.5
k79_51700	ERR011348_MEGAHIT_TaxVamb.5
k79_51896	ERR011348_MEGAHIT_TaxVamb.5
k79_52082	ERR011348_MEGAHIT_TaxVamb.5
k79_52238	ERR011348_MEGAHIT_TaxVamb.5
k79_52380	ERR011348_MEGAHIT_TaxVamb.5
k79_52697	ERR011348_MEGAHIT_TaxVamb.5
k79_52766	ERR011348_MEGAHIT_TaxVamb.5
k79_52959	ERR011348_MEGAHIT_TaxVamb.5
k79_52986	ERR011348_MEGAHIT_TaxVamb.5
k79_53067	ERR011348_MEGAHIT_TaxVamb.5
k79_53204	ERR011348_MEGAHIT_TaxVamb.5
k79_53452	ERR011348_MEGAHIT_TaxVamb.5
k79_53976	ERR011348_MEGAHIT_TaxVamb.5
k79_54762	ERR011348_MEGAHIT_TaxVamb.5
k79_54799	ERR011348_MEGAHIT_TaxVamb.5
k79_54840	ERR011348_MEGAHIT_TaxVamb.5
k79_55001	ERR011348_MEGAHIT_TaxVamb.5
k79_55009	ERR011348_MEGAHIT_TaxVamb.5
k79_5524	ERR011348_MEGAHIT_TaxVamb.5
k79_55315	ERR011348_MEGAHIT_TaxVamb.5
k79_55525	ERR011348_MEGAHIT_TaxVamb.5
k79_55644	ERR011348_MEGAHIT_TaxVamb.5
k79_55695	ERR011348_MEGAHIT_TaxVamb.5
k79_55981	ERR011348_MEGAHIT_TaxVamb.5
k79_55985	ERR011348_MEGAHIT_TaxVamb.5
k79_56001	ERR011348_MEGAHIT_TaxVamb.5
k79_56654	ERR011348_MEGAHIT_TaxVamb.5
k79_56714	ERR011348_MEGAHIT_TaxVamb.5
k79_56783	ERR011348_MEGAHIT_TaxVamb.5
k79_57564	ERR011348_MEGAHIT_TaxVamb.5
k79_5764	ERR011348_MEGAHIT_TaxVamb.5
k79_57793	ERR011348_MEGAHIT_TaxVamb.5
k79_5781	ERR011348_MEGAHIT_TaxVamb.5
k79_57930	ERR011348_MEGAHIT_TaxVamb.5
k79_57933	ERR011348_MEGAHIT_TaxVamb.5
k79_58318	ERR011348_MEGAHIT_TaxVamb.5
k79_58358	ERR011348_MEGAHIT_TaxVamb.5
k79_58490	ERR011348_MEGAHIT_TaxVamb.5
k79_58674	ERR011348_MEGAHIT_TaxVamb.5
k79_59060	ERR011348_MEGAHIT_TaxVamb.5
k79_59181	ERR011348_MEGAHIT_TaxVamb.5
k79_59450	ERR011348_MEGAHIT_TaxVamb.5
k79_59722	ERR011348_MEGAHIT_TaxVamb.5
k79_60152	ERR011348_MEGAHIT_TaxVamb.5
k79_60232	ERR011348_MEGAHIT_TaxVamb.5
k79_60290	ERR011348_MEGAHIT_TaxVamb.5
k79_60506	ERR011348_MEGAHIT_TaxVamb.5
k79_60848	ERR011348_MEGAHIT_TaxVamb.5
k79_60972	ERR011348_MEGAHIT_TaxVamb.5
k79_61059	ERR011348_MEGAHIT_TaxVamb.5
k79_61195	ERR011348_MEGAHIT_TaxVamb.5
k79_61287	ERR011348_MEGAHIT_TaxVamb.5
k79_61369	ERR011348_MEGAHIT_TaxVamb.5
k79_61790	ERR011348_MEGAHIT_TaxVamb.5
k79_61842	ERR011348_MEGAHIT_TaxVamb.5
k79_61855	ERR011348_MEGAHIT_TaxVamb.5
k79_61912	ERR011348_MEGAHIT_TaxVamb.5
k79_61968	ERR011348_MEGAHIT_TaxVamb.5
k79_62047	ERR011348_MEGAHIT_TaxVamb.5
k79_62241	ERR011348_MEGAHIT_TaxVamb.5
k79_62322	ERR011348_MEGAHIT_TaxVamb.5
k79_62371	ERR011348_MEGAHIT_TaxVamb.5
k79_6247	ERR011348_MEGAHIT_TaxVamb.5
k79_62979	ERR011348_MEGAHIT_TaxVamb.5
k79_63175	ERR011348_MEGAHIT_TaxVamb.5
k79_63280	ERR011348_MEGAHIT_TaxVamb.5
k79_63500	ERR011348_MEGAHIT_TaxVamb.5
k79_63582	ERR011348_MEGAHIT_TaxVamb.5
k79_6381	ERR011348_MEGAHIT_TaxVamb.5
k79_63985	ERR011348_MEGAHIT_TaxVamb.5
k79_63994	ERR011348_MEGAHIT_TaxVamb.5
k79_64071	ERR011348_MEGAHIT_TaxVamb.5
k79_64105	ERR011348_MEGAHIT_TaxVamb.5
k79_64520	ERR011348_MEGAHIT_TaxVamb.5
k79_64555	ERR011348_MEGAHIT_TaxVamb.5
k79_64713	ERR011348_MEGAHIT_TaxVamb.5
k79_64774	ERR011348_MEGAHIT_TaxVamb.5
k79_64847	ERR011348_MEGAHIT_TaxVamb.5
k79_64865	ERR011348_MEGAHIT_TaxVamb.5
k79_65070	ERR011348_MEGAHIT_TaxVamb.5
k79_65410	ERR011348_MEGAHIT_TaxVamb.5
k79_6549	ERR011348_MEGAHIT_TaxVamb.5
k79_66076	ERR011348_MEGAHIT_TaxVamb.5
k79_66231	ERR011348_MEGAHIT_TaxVamb.5
k79_66236	ERR011348_MEGAHIT_TaxVamb.5
k79_663	ERR011348_MEGAHIT_TaxVamb.5
k79_66614	ERR011348_MEGAHIT_TaxVamb.5
k79_66701	ERR011348_MEGAHIT_TaxVamb.5
k79_66755	ERR011348_MEGAHIT_TaxVamb.5
k79_67157	ERR011348_MEGAHIT_TaxVamb.5
k79_68262	ERR011348_MEGAHIT_TaxVamb.5
k79_68525	ERR011348_MEGAHIT_TaxVamb.5
k79_68736	ERR011348_MEGAHIT_TaxVamb.5
k79_6971	ERR011348_MEGAHIT_TaxVamb.5
k79_70118	ERR011348_MEGAHIT_TaxVamb.5
k79_70124	ERR011348_MEGAHIT_TaxVamb.5
k79_70184	ERR011348_MEGAHIT_TaxVamb.5
k79_71545	ERR011348_MEGAHIT_TaxVamb.5
k79_71824	ERR011348_MEGAHIT_TaxVamb.5
k79_71912	ERR011348_MEGAHIT_TaxVamb.5
k79_72151	ERR011348_MEGAHIT_TaxVamb.5
k79_72176	ERR011348_MEGAHIT_TaxVamb.5
k79_72262	ERR011348_MEGAHIT_TaxVamb.5
k79_72330	ERR011348_MEGAHIT_TaxVamb.5
k79_72343	ERR011348_MEGAHIT_TaxVamb.5
k79_72422	ERR011348_MEGAHIT_TaxVamb.5
k79_72493	ERR011348_MEGAHIT_TaxVamb.5
k79_72900	ERR011348_MEGAHIT_TaxVamb.5
k79_73015	ERR011348_MEGAHIT_TaxVamb.5
k79_73080	ERR011348_MEGAHIT_TaxVamb.5
k79_73118	ERR011348_MEGAHIT_TaxVamb.5
k79_73325	ERR011348_MEGAHIT_TaxVamb.5
k79_73680	ERR011348_MEGAHIT_TaxVamb.5
k79_73867	ERR011348_MEGAHIT_TaxVamb.5
k79_73940	ERR011348_MEGAHIT_TaxVamb.5
k79_74057	ERR011348_MEGAHIT_TaxVamb.5
k79_74140	ERR011348_MEGAHIT_TaxVamb.5
k79_74301	ERR011348_MEGAHIT_TaxVamb.5
k79_74321	ERR011348_MEGAHIT_TaxVamb.5
k79_74553	ERR011348_MEGAHIT_TaxVamb.5
k79_74963	ERR011348_MEGAHIT_TaxVamb.5
k79_75165	ERR011348_MEGAHIT_TaxVamb.5
k79_7538	ERR011348_MEGAHIT_TaxVamb.5
k79_7539	ERR011348_MEGAHIT_TaxVamb.5
k79_75512	ERR011348_MEGAHIT_TaxVamb.5
k79_75681	ERR011348_MEGAHIT_TaxVamb.5
k79_75704	ERR011348_MEGAHIT_TaxVamb.5
k79_75712	ERR011348_MEGAHIT_TaxVamb.5
k79_75975	ERR011348_MEGAHIT_TaxVamb.5
k79_76354	ERR011348_MEGAHIT_TaxVamb.5
k79_76467	ERR011348_MEGAHIT_TaxVamb.5
k79_76490	ERR011348_MEGAHIT_TaxVamb.5
k79_76534	ERR011348_MEGAHIT_TaxVamb.5
k79_76915	ERR011348_MEGAHIT_TaxVamb.5
k79_76918	ERR011348_MEGAHIT_TaxVamb.5
k79_77084	ERR011348_MEGAHIT_TaxVamb.5
k79_77085	ERR011348_MEGAHIT_TaxVamb.5
k79_77098	ERR011348_MEGAHIT_TaxVamb.5
k79_77248	ERR011348_MEGAHIT_TaxVamb.5
k79_77317	ERR011348_MEGAHIT_TaxVamb.5
k79_77336	ERR011348_MEGAHIT_TaxVamb.5
k79_77420	ERR011348_MEGAHIT_TaxVamb.5
k79_7748	ERR011348_MEGAHIT_TaxVamb.5
k79_77973	ERR011348_MEGAHIT_TaxVamb.5
k79_78222	ERR011348_MEGAHIT_TaxVamb.5
k79_78312	ERR011348_MEGAHIT_TaxVamb.5
k79_7858	ERR011348_MEGAHIT_TaxVamb.5
k79_78831	ERR011348_MEGAHIT_TaxVamb.5
k79_78889	ERR011348_MEGAHIT_TaxVamb.5
k79_79166	ERR011348_MEGAHIT_TaxVamb.5
k79_79219	ERR011348_MEGAHIT_TaxVamb.5
k79_79286	ERR011348_MEGAHIT_TaxVamb.5
k79_79406	ERR011348_MEGAHIT_TaxVamb.5
k79_79412	ERR011348_MEGAHIT_TaxVamb.5
k79_79417	ERR011348_MEGAHIT_TaxVamb.5
k79_79504	ERR011348_MEGAHIT_TaxVamb.5
k79_79547	ERR011348_MEGAHIT_TaxVamb.5
k79_79853	ERR011348_MEGAHIT_TaxVamb.5
k79_80066	ERR011348_MEGAHIT_TaxVamb.5
k79_80211	ERR011348_MEGAHIT_TaxVamb.5
k79_80347	ERR011348_MEGAHIT_TaxVamb.5
k79_80505	ERR011348_MEGAHIT_TaxVamb.5
k79_80587	ERR011348_MEGAHIT_TaxVamb.5
k79_80671	ERR011348_MEGAHIT_TaxVamb.5
k79_80765	ERR011348_MEGAHIT_TaxVamb.5
k79_80807	ERR011348_MEGAHIT_TaxVamb.5
k79_81145	ERR011348_MEGAHIT_TaxVamb.5
k79_81166	ERR011348_MEGAHIT_TaxVamb.5
k79_81285	ERR011348_MEGAHIT_TaxVamb.5
k79_81287	ERR011348_MEGAHIT_TaxVamb.5
k79_81332	ERR011348_MEGAHIT_TaxVamb.5
k79_81830	ERR011348_MEGAHIT_TaxVamb.5
k79_8187	ERR011348_MEGAHIT_TaxVamb.5
k79_82048	ERR011348_MEGAHIT_TaxVamb.5
k79_82105	ERR011348_MEGAHIT_TaxVamb.5
k79_82155	ERR011348_MEGAHIT_TaxVamb.5
k79_822	ERR011348_MEGAHIT_TaxVamb.5
k79_8223	ERR011348_MEGAHIT_TaxVamb.5
k79_8244	ERR011348_MEGAHIT_TaxVamb.5
k79_82585	ERR011348_MEGAHIT_TaxVamb.5
k79_82679	ERR011348_MEGAHIT_TaxVamb.5
k79_83363	ERR011348_MEGAHIT_TaxVamb.5
k79_8351	ERR011348_MEGAHIT_TaxVamb.5
k79_83637	ERR011348_MEGAHIT_TaxVamb.5
k79_83799	ERR011348_MEGAHIT_TaxVamb.5
k79_83819	ERR011348_MEGAHIT_TaxVamb.5
k79_84015	ERR011348_MEGAHIT_TaxVamb.5
k79_845	ERR011348_MEGAHIT_TaxVamb.5
k79_8462	ERR011348_MEGAHIT_TaxVamb.5
k79_84827	ERR011348_MEGAHIT_TaxVamb.5
k79_84909	ERR011348_MEGAHIT_TaxVamb.5
k79_84996	ERR011348_MEGAHIT_TaxVamb.5
k79_8520	ERR011348_MEGAHIT_TaxVamb.5
k79_85240	ERR011348_MEGAHIT_TaxVamb.5
k79_8529	ERR011348_MEGAHIT_TaxVamb.5
k79_85295	ERR011348_MEGAHIT_TaxVamb.5
k79_85416	ERR011348_MEGAHIT_TaxVamb.5
k79_85522	ERR011348_MEGAHIT_TaxVamb.5
k79_86147	ERR011348_MEGAHIT_TaxVamb.5
k79_86426	ERR011348_MEGAHIT_TaxVamb.5
k79_86470	ERR011348_MEGAHIT_TaxVamb.5
k79_86574	ERR011348_MEGAHIT_TaxVamb.5
k79_86709	ERR011348_MEGAHIT_TaxVamb.5
k79_86886	ERR011348_MEGAHIT_TaxVamb.5
k79_86912	ERR011348_MEGAHIT_TaxVamb.5
k79_86953	ERR011348_MEGAHIT_TaxVamb.5
k79_87113	ERR011348_MEGAHIT_TaxVamb.5
k79_87499	ERR011348_MEGAHIT_TaxVamb.5
k79_87701	ERR011348_MEGAHIT_TaxVamb.5
k79_8780	ERR011348_MEGAHIT_TaxVamb.5
k79_87840	ERR011348_MEGAHIT_TaxVamb.5
k79_87941	ERR011348_MEGAHIT_TaxVamb.5
k79_88317	ERR011348_MEGAHIT_TaxVamb.5
k79_88636	ERR011348_MEGAHIT_TaxVamb.5
k79_88687	ERR011348_MEGAHIT_TaxVamb.5
k79_88798	ERR011348_MEGAHIT_TaxVamb.5
k79_88901	ERR011348_MEGAHIT_TaxVamb.5
k79_88906	ERR011348_MEGAHIT_TaxVamb.5
k79_8951	ERR011348_MEGAHIT_TaxVamb.5
k79_89539	ERR011348_MEGAHIT_TaxVamb.5
k79_89851	ERR011348_MEGAHIT_TaxVamb.5
k79_89858	ERR011348_MEGAHIT_TaxVamb.5
k79_90372	ERR011348_MEGAHIT_TaxVamb.5
k79_90759	ERR011348_MEGAHIT_TaxVamb.5
k79_91081	ERR011348_MEGAHIT_TaxVamb.5
k79_91690	ERR011348_MEGAHIT_TaxVamb.5
k79_91743	ERR011348_MEGAHIT_TaxVamb.5
k79_9176	ERR011348_MEGAHIT_TaxVamb.5
k79_92039	ERR011348_MEGAHIT_TaxVamb.5
k79_92193	ERR011348_MEGAHIT_TaxVamb.5
k79_92409	ERR011348_MEGAHIT_TaxVamb.5
k79_92449	ERR011348_MEGAHIT_TaxVamb.5
k79_92792	ERR011348_MEGAHIT_TaxVamb.5
k79_92855	ERR011348_MEGAHIT_TaxVamb.5
k79_9291	ERR011348_MEGAHIT_TaxVamb.5
k79_93447	ERR011348_MEGAHIT_TaxVamb.5
k79_93487	ERR011348_MEGAHIT_TaxVamb.5
k79_93545	ERR011348_MEGAHIT_TaxVamb.5
k79_9359	ERR011348_MEGAHIT_TaxVamb.5
k79_93788	ERR011348_MEGAHIT_TaxVamb.5
k79_9399	ERR011348_MEGAHIT_TaxVamb.5
k79_94030	ERR011348_MEGAHIT_TaxVamb.5
k79_94205	ERR011348_MEGAHIT_TaxVamb.5
k79_9424	ERR011348_MEGAHIT_TaxVamb.5
k79_94316	ERR011348_MEGAHIT_TaxVamb.5
k79_9437	ERR011348_MEGAHIT_TaxVamb.5
k79_94899	ERR011348_MEGAHIT_TaxVamb.5
k79_95442	ERR011348_MEGAHIT_TaxVamb.5
k79_95468	ERR011348_MEGAHIT_TaxVamb.5
k79_95846	ERR011348_MEGAHIT_TaxVamb.5
k79_96051	ERR011348_MEGAHIT_TaxVamb.5
k79_9791	ERR011348_MEGAHIT_TaxVamb.5
k79_9828	ERR011348_MEGAHIT_TaxVamb.5
k79_9843	ERR011348_MEGAHIT_TaxVamb.5
k79_9929	ERR011348_MEGAHIT_TaxVamb.5
k79_115	ERR011348_MEGAHIT_MetaBinner.1
k79_11659	ERR011348_MEGAHIT_MetaBinner.1
k79_11899	ERR011348_MEGAHIT_MetaBinner.1
k79_1195	ERR011348_MEGAHIT_MetaBinner.1
k79_12561	ERR011348_MEGAHIT_MetaBinner.1
k79_12813	ERR011348_MEGAHIT_MetaBinner.1
k79_13813	ERR011348_MEGAHIT_MetaBinner.1
k79_1420	ERR011348_MEGAHIT_MetaBinner.1
k79_14446	ERR011348_MEGAHIT_MetaBinner.1
k79_15084	ERR011348_MEGAHIT_MetaBinner.1
k79_15283	ERR011348_MEGAHIT_MetaBinner.1
k79_15497	ERR011348_MEGAHIT_MetaBinner.1
k79_15554	ERR011348_MEGAHIT_MetaBinner.1
k79_15889	ERR011348_MEGAHIT_MetaBinner.1
k79_16030	ERR011348_MEGAHIT_MetaBinner.1
k79_16372	ERR011348_MEGAHIT_MetaBinner.1
k79_16674	ERR011348_MEGAHIT_MetaBinner.1
k79_17405	ERR011348_MEGAHIT_MetaBinner.1
k79_18584	ERR011348_MEGAHIT_MetaBinner.1
k79_18690	ERR011348_MEGAHIT_MetaBinner.1
k79_18718	ERR011348_MEGAHIT_MetaBinner.1
k79_20458	ERR011348_MEGAHIT_MetaBinner.1
k79_21226	ERR011348_MEGAHIT_MetaBinner.1
k79_22509	ERR011348_MEGAHIT_MetaBinner.1
k79_23507	ERR011348_MEGAHIT_MetaBinner.1
k79_23896	ERR011348_MEGAHIT_MetaBinner.1
k79_24304	ERR011348_MEGAHIT_MetaBinner.1
k79_24329	ERR011348_MEGAHIT_MetaBinner.1
k79_24474	ERR011348_MEGAHIT_MetaBinner.1
k79_24501	ERR011348_MEGAHIT_MetaBinner.1
k79_25646	ERR011348_MEGAHIT_MetaBinner.1
k79_26060	ERR011348_MEGAHIT_MetaBinner.1
k79_26204	ERR011348_MEGAHIT_MetaBinner.1
k79_2773	ERR011348_MEGAHIT_MetaBinner.1
k79_27765	ERR011348_MEGAHIT_MetaBinner.1
k79_28953	ERR011348_MEGAHIT_MetaBinner.1
k79_30205	ERR011348_MEGAHIT_MetaBinner.1
k79_30417	ERR011348_MEGAHIT_MetaBinner.1
k79_31333	ERR011348_MEGAHIT_MetaBinner.1
k79_34941	ERR011348_MEGAHIT_MetaBinner.1
k79_35997	ERR011348_MEGAHIT_MetaBinner.1
k79_36584	ERR011348_MEGAHIT_MetaBinner.1
k79_37173	ERR011348_MEGAHIT_MetaBinner.1
k79_37742	ERR011348_MEGAHIT_MetaBinner.1
k79_3825	ERR011348_MEGAHIT_MetaBinner.1
k79_4075	ERR011348_MEGAHIT_MetaBinner.1
k79_41282	ERR011348_MEGAHIT_MetaBinner.1
k79_41773	ERR011348_MEGAHIT_MetaBinner.1
k79_4181	ERR011348_MEGAHIT_MetaBinner.1
k79_4182	ERR011348_MEGAHIT_MetaBinner.1
k79_4263	ERR011348_MEGAHIT_MetaBinner.1
k79_43393	ERR011348_MEGAHIT_MetaBinner.1
k79_46757	ERR011348_MEGAHIT_MetaBinner.1
k79_46988	ERR011348_MEGAHIT_MetaBinner.1
k79_48034	ERR011348_MEGAHIT_MetaBinner.1
k79_49251	ERR011348_MEGAHIT_MetaBinner.1
k79_49905	ERR011348_MEGAHIT_MetaBinner.1
k79_50674	ERR011348_MEGAHIT_MetaBinner.1
k79_51666	ERR011348_MEGAHIT_MetaBinner.1
k79_52025	ERR011348_MEGAHIT_MetaBinner.1
k79_52914	ERR011348_MEGAHIT_MetaBinner.1
k79_53192	ERR011348_MEGAHIT_MetaBinner.1
k79_53810	ERR011348_MEGAHIT_MetaBinner.1
k79_53851	ERR011348_MEGAHIT_MetaBinner.1
k79_54722	ERR011348_MEGAHIT_MetaBinner.1
k79_55776	ERR011348_MEGAHIT_MetaBinner.1
k79_56634	ERR011348_MEGAHIT_MetaBinner.1
k79_5702	ERR011348_MEGAHIT_MetaBinner.1
k79_57074	ERR011348_MEGAHIT_MetaBinner.1
k79_57153	ERR011348_MEGAHIT_MetaBinner.1
k79_57671	ERR011348_MEGAHIT_MetaBinner.1
k79_60000	ERR011348_MEGAHIT_MetaBinner.1
k79_61966	ERR011348_MEGAHIT_MetaBinner.1
k79_62128	ERR011348_MEGAHIT_MetaBinner.1
k79_62867	ERR011348_MEGAHIT_MetaBinner.1
k79_62961	ERR011348_MEGAHIT_MetaBinner.1
k79_65576	ERR011348_MEGAHIT_MetaBinner.1
k79_65970	ERR011348_MEGAHIT_MetaBinner.1
k79_68576	ERR011348_MEGAHIT_MetaBinner.1
k79_68725	ERR011348_MEGAHIT_MetaBinner.1
k79_71069	ERR011348_MEGAHIT_MetaBinner.1
k79_71184	ERR011348_MEGAHIT_MetaBinner.1
k79_71314	ERR011348_MEGAHIT_MetaBinner.1
k79_7199	ERR011348_MEGAHIT_MetaBinner.1
k79_72597	ERR011348_MEGAHIT_MetaBinner.1
k79_73195	ERR011348_MEGAHIT_MetaBinner.1
k79_73378	ERR011348_MEGAHIT_MetaBinner.1
k79_73604	ERR011348_MEGAHIT_MetaBinner.1
k79_73792	ERR011348_MEGAHIT_MetaBinner.1
k79_74706	ERR011348_MEGAHIT_MetaBinner.1
k79_76202	ERR011348_MEGAHIT_MetaBinner.1
k79_76501	ERR011348_MEGAHIT_MetaBinner.1
k79_77793	ERR011348_MEGAHIT_MetaBinner.1
k79_7787	ERR011348_MEGAHIT_MetaBinner.1
k79_78087	ERR011348_MEGAHIT_MetaBinner.1
k79_78151	ERR011348_MEGAHIT_MetaBinner.1
k79_79452	ERR011348_MEGAHIT_MetaBinner.1
k79_79976	ERR011348_MEGAHIT_MetaBinner.1
k79_80341	ERR011348_MEGAHIT_MetaBinner.1
k79_81048	ERR011348_MEGAHIT_MetaBinner.1
k79_81476	ERR011348_MEGAHIT_MetaBinner.1
k79_81856	ERR011348_MEGAHIT_MetaBinner.1
k79_83	ERR011348_MEGAHIT_MetaBinner.1
k79_8404	ERR011348_MEGAHIT_MetaBinner.1
k79_8432	ERR011348_MEGAHIT_MetaBinner.1
k79_84953	ERR011348_MEGAHIT_MetaBinner.1
k79_86061	ERR011348_MEGAHIT_MetaBinner.1
k79_86142	ERR011348_MEGAHIT_MetaBinner.1
k79_8719	ERR011348_MEGAHIT_MetaBinner.1
k79_87300	ERR011348_MEGAHIT_MetaBinner.1
k79_87630	ERR011348_MEGAHIT_MetaBinner.1
k79_87735	ERR011348_MEGAHIT_MetaBinner.1
k79_87952	ERR011348_MEGAHIT_MetaBinner.1
k79_87964	ERR011348_MEGAHIT_MetaBinner.1
k79_88369	ERR011348_MEGAHIT_MetaBinner.1
k79_89599	ERR011348_MEGAHIT_MetaBinner.1
k79_90090	ERR011348_MEGAHIT_MetaBinner.1
k79_9110	ERR011348_MEGAHIT_MetaBinner.1
k79_91604	ERR011348_MEGAHIT_MetaBinner.1
k79_92334	ERR011348_MEGAHIT_MetaBinner.1
k79_92736	ERR011348_MEGAHIT_MetaBinner.1
k79_93240	ERR011348_MEGAHIT_MetaBinner.1
k79_93976	ERR011348_MEGAHIT_MetaBinner.1
k79_94517	ERR011348_MEGAHIT_MetaBinner.1
k79_94973	ERR011348_MEGAHIT_MetaBinner.1
k79_95111	ERR011348_MEGAHIT_MetaBinner.1
k79_9644	ERR011348_MEGAHIT_MetaBinner.1
k79_9857	ERR011348_MEGAHIT_MetaBinner.1
k79_10023	ERR011348_MEGAHIT_TaxVamb.44
k79_1010	ERR011348_MEGAHIT_TaxVamb.44
k79_10108	ERR011348_MEGAHIT_TaxVamb.44
k79_10141	ERR011348_MEGAHIT_TaxVamb.44
k79_10212	ERR011348_MEGAHIT_TaxVamb.44
k79_10214	ERR011348_MEGAHIT_TaxVamb.44
k79_10220	ERR011348_MEGAHIT_TaxVamb.44
k79_10238	ERR011348_MEGAHIT_TaxVamb.44
k79_10239	ERR011348_MEGAHIT_TaxVamb.44
k79_10316	ERR011348_MEGAHIT_TaxVamb.44
k79_10506	ERR011348_MEGAHIT_TaxVamb.44
k79_10541	ERR011348_MEGAHIT_TaxVamb.44
k79_10557	ERR011348_MEGAHIT_TaxVamb.44
k79_10618	ERR011348_MEGAHIT_TaxVamb.44
k79_10673	ERR011348_MEGAHIT_TaxVamb.44
k79_10702	ERR011348_MEGAHIT_TaxVamb.44
k79_10824	ERR011348_MEGAHIT_TaxVamb.44
k79_10826	ERR011348_MEGAHIT_TaxVamb.44
k79_10882	ERR011348_MEGAHIT_TaxVamb.44
k79_10957	ERR011348_MEGAHIT_TaxVamb.44
k79_10979	ERR011348_MEGAHIT_TaxVamb.44
k79_1104	ERR011348_MEGAHIT_TaxVamb.44
k79_11054	ERR011348_MEGAHIT_TaxVamb.44
k79_11105	ERR011348_MEGAHIT_TaxVamb.44
k79_11699	ERR011348_MEGAHIT_TaxVamb.44
k79_11702	ERR011348_MEGAHIT_TaxVamb.44
k79_12062	ERR011348_MEGAHIT_TaxVamb.44
k79_12088	ERR011348_MEGAHIT_TaxVamb.44
k79_12204	ERR011348_MEGAHIT_TaxVamb.44
k79_12218	ERR011348_MEGAHIT_TaxVamb.44
k79_12256	ERR011348_MEGAHIT_TaxVamb.44
k79_12265	ERR011348_MEGAHIT_TaxVamb.44
k79_12276	ERR011348_MEGAHIT_TaxVamb.44
k79_1248	ERR011348_MEGAHIT_TaxVamb.44
k79_12622	ERR011348_MEGAHIT_TaxVamb.44
k79_12635	ERR011348_MEGAHIT_TaxVamb.44
k79_12659	ERR011348_MEGAHIT_TaxVamb.44
k79_12712	ERR011348_MEGAHIT_TaxVamb.44
k79_1305	ERR011348_MEGAHIT_TaxVamb.44
k79_1325	ERR011348_MEGAHIT_TaxVamb.44
k79_13304	ERR011348_MEGAHIT_TaxVamb.44
k79_13412	ERR011348_MEGAHIT_TaxVamb.44
k79_13438	ERR011348_MEGAHIT_TaxVamb.44
k79_13443	ERR011348_MEGAHIT_TaxVamb.44
k79_13470	ERR011348_MEGAHIT_TaxVamb.44
k79_13571	ERR011348_MEGAHIT_TaxVamb.44
k79_13634	ERR011348_MEGAHIT_TaxVamb.44
k79_13840	ERR011348_MEGAHIT_TaxVamb.44
k79_13962	ERR011348_MEGAHIT_TaxVamb.44
k79_13999	ERR011348_MEGAHIT_TaxVamb.44
k79_14032	ERR011348_MEGAHIT_TaxVamb.44
k79_14144	ERR011348_MEGAHIT_TaxVamb.44
k79_14149	ERR011348_MEGAHIT_TaxVamb.44
k79_14276	ERR011348_MEGAHIT_TaxVamb.44
k79_14383	ERR011348_MEGAHIT_TaxVamb.44
k79_14504	ERR011348_MEGAHIT_TaxVamb.44
k79_14567	ERR011348_MEGAHIT_TaxVamb.44
k79_14723	ERR011348_MEGAHIT_TaxVamb.44
k79_14789	ERR011348_MEGAHIT_TaxVamb.44
k79_14892	ERR011348_MEGAHIT_TaxVamb.44
k79_14904	ERR011348_MEGAHIT_TaxVamb.44
k79_14948	ERR011348_MEGAHIT_TaxVamb.44
k79_15126	ERR011348_MEGAHIT_TaxVamb.44
k79_15182	ERR011348_MEGAHIT_TaxVamb.44
k79_15221	ERR011348_MEGAHIT_TaxVamb.44
k79_15268	ERR011348_MEGAHIT_TaxVamb.44
k79_153	ERR011348_MEGAHIT_TaxVamb.44
k79_15343	ERR011348_MEGAHIT_TaxVamb.44
k79_1538	ERR011348_MEGAHIT_TaxVamb.44
k79_15441	ERR011348_MEGAHIT_TaxVamb.44
k79_15463	ERR011348_MEGAHIT_TaxVamb.44
k79_15662	ERR011348_MEGAHIT_TaxVamb.44
k79_16097	ERR011348_MEGAHIT_TaxVamb.44
k79_16109	ERR011348_MEGAHIT_TaxVamb.44
k79_16205	ERR011348_MEGAHIT_TaxVamb.44
k79_16373	ERR011348_MEGAHIT_TaxVamb.44
k79_16375	ERR011348_MEGAHIT_TaxVamb.44
k79_16487	ERR011348_MEGAHIT_TaxVamb.44
k79_16687	ERR011348_MEGAHIT_TaxVamb.44
k79_16813	ERR011348_MEGAHIT_TaxVamb.44
k79_16821	ERR011348_MEGAHIT_TaxVamb.44
k79_17106	ERR011348_MEGAHIT_TaxVamb.44
k79_17150	ERR011348_MEGAHIT_TaxVamb.44
k79_1717	ERR011348_MEGAHIT_TaxVamb.44
k79_17187	ERR011348_MEGAHIT_TaxVamb.44
k79_17293	ERR011348_MEGAHIT_TaxVamb.44
k79_1746	ERR011348_MEGAHIT_TaxVamb.44
k79_17879	ERR011348_MEGAHIT_TaxVamb.44
k79_17993	ERR011348_MEGAHIT_TaxVamb.44
k79_18032	ERR011348_MEGAHIT_TaxVamb.44
k79_18329	ERR011348_MEGAHIT_TaxVamb.44
k79_18392	ERR011348_MEGAHIT_TaxVamb.44
k79_19156	ERR011348_MEGAHIT_TaxVamb.44
k79_19160	ERR011348_MEGAHIT_TaxVamb.44
k79_1921	ERR011348_MEGAHIT_TaxVamb.44
k79_19264	ERR011348_MEGAHIT_TaxVamb.44
k79_19374	ERR011348_MEGAHIT_TaxVamb.44
k79_19395	ERR011348_MEGAHIT_TaxVamb.44
k79_19539	ERR011348_MEGAHIT_TaxVamb.44
k79_19555	ERR011348_MEGAHIT_TaxVamb.44
k79_1961	ERR011348_MEGAHIT_TaxVamb.44
k79_19740	ERR011348_MEGAHIT_TaxVamb.44
k79_19758	ERR011348_MEGAHIT_TaxVamb.44
k79_19772	ERR011348_MEGAHIT_TaxVamb.44
k79_1984	ERR011348_MEGAHIT_TaxVamb.44
k79_19849	ERR011348_MEGAHIT_TaxVamb.44
k79_20058	ERR011348_MEGAHIT_TaxVamb.44
k79_20099	ERR011348_MEGAHIT_TaxVamb.44
k79_20340	ERR011348_MEGAHIT_TaxVamb.44
k79_20557	ERR011348_MEGAHIT_TaxVamb.44
k79_20657	ERR011348_MEGAHIT_TaxVamb.44
k79_20733	ERR011348_MEGAHIT_TaxVamb.44
k79_20754	ERR011348_MEGAHIT_TaxVamb.44
k79_2095	ERR011348_MEGAHIT_TaxVamb.44
k79_21289	ERR011348_MEGAHIT_TaxVamb.44
k79_21344	ERR011348_MEGAHIT_TaxVamb.44
k79_21663	ERR011348_MEGAHIT_TaxVamb.44
k79_21761	ERR011348_MEGAHIT_TaxVamb.44
k79_2186	ERR011348_MEGAHIT_TaxVamb.44
k79_21969	ERR011348_MEGAHIT_TaxVamb.44
k79_2204	ERR011348_MEGAHIT_TaxVamb.44
k79_22205	ERR011348_MEGAHIT_TaxVamb.44
k79_22655	ERR011348_MEGAHIT_TaxVamb.44
k79_22716	ERR011348_MEGAHIT_TaxVamb.44
k79_22723	ERR011348_MEGAHIT_TaxVamb.44
k79_2281	ERR011348_MEGAHIT_TaxVamb.44
k79_22849	ERR011348_MEGAHIT_TaxVamb.44
k79_22877	ERR011348_MEGAHIT_TaxVamb.44
k79_22880	ERR011348_MEGAHIT_TaxVamb.44
k79_23010	ERR011348_MEGAHIT_TaxVamb.44
k79_23071	ERR011348_MEGAHIT_TaxVamb.44
k79_2317	ERR011348_MEGAHIT_TaxVamb.44
k79_23335	ERR011348_MEGAHIT_TaxVamb.44
k79_23361	ERR011348_MEGAHIT_TaxVamb.44
k79_23412	ERR011348_MEGAHIT_TaxVamb.44
k79_23783	ERR011348_MEGAHIT_TaxVamb.44
k79_24396	ERR011348_MEGAHIT_TaxVamb.44
k79_2460	ERR011348_MEGAHIT_TaxVamb.44
k79_24753	ERR011348_MEGAHIT_TaxVamb.44
k79_24817	ERR011348_MEGAHIT_TaxVamb.44
k79_24857	ERR011348_MEGAHIT_TaxVamb.44
k79_249	ERR011348_MEGAHIT_TaxVamb.44
k79_24993	ERR011348_MEGAHIT_TaxVamb.44
k79_25082	ERR011348_MEGAHIT_TaxVamb.44
k79_2534	ERR011348_MEGAHIT_TaxVamb.44
k79_25356	ERR011348_MEGAHIT_TaxVamb.44
k79_25378	ERR011348_MEGAHIT_TaxVamb.44
k79_25388	ERR011348_MEGAHIT_TaxVamb.44
k79_2556	ERR011348_MEGAHIT_TaxVamb.44
k79_25861	ERR011348_MEGAHIT_TaxVamb.44
k79_26493	ERR011348_MEGAHIT_TaxVamb.44
k79_26694	ERR011348_MEGAHIT_TaxVamb.44
k79_2704	ERR011348_MEGAHIT_TaxVamb.44
k79_2725	ERR011348_MEGAHIT_TaxVamb.44
k79_27450	ERR011348_MEGAHIT_TaxVamb.44
k79_27612	ERR011348_MEGAHIT_TaxVamb.44
k79_27616	ERR011348_MEGAHIT_TaxVamb.44
k79_27632	ERR011348_MEGAHIT_TaxVamb.44
k79_2765	ERR011348_MEGAHIT_TaxVamb.44
k79_27651	ERR011348_MEGAHIT_TaxVamb.44
k79_27697	ERR011348_MEGAHIT_TaxVamb.44
k79_27880	ERR011348_MEGAHIT_TaxVamb.44
k79_2800	ERR011348_MEGAHIT_TaxVamb.44
k79_28142	ERR011348_MEGAHIT_TaxVamb.44
k79_28161	ERR011348_MEGAHIT_TaxVamb.44
k79_28360	ERR011348_MEGAHIT_TaxVamb.44
k79_28449	ERR011348_MEGAHIT_TaxVamb.44
k79_28519	ERR011348_MEGAHIT_TaxVamb.44
k79_2852	ERR011348_MEGAHIT_TaxVamb.44
k79_28671	ERR011348_MEGAHIT_TaxVamb.44
k79_28765	ERR011348_MEGAHIT_TaxVamb.44
k79_28801	ERR011348_MEGAHIT_TaxVamb.44
k79_28810	ERR011348_MEGAHIT_TaxVamb.44
k79_28993	ERR011348_MEGAHIT_TaxVamb.44
k79_29087	ERR011348_MEGAHIT_TaxVamb.44
k79_29195	ERR011348_MEGAHIT_TaxVamb.44
k79_29873	ERR011348_MEGAHIT_TaxVamb.44
k79_30002	ERR011348_MEGAHIT_TaxVamb.44
k79_30015	ERR011348_MEGAHIT_TaxVamb.44
k79_30034	ERR011348_MEGAHIT_TaxVamb.44
k79_30103	ERR011348_MEGAHIT_TaxVamb.44
k79_30119	ERR011348_MEGAHIT_TaxVamb.44
k79_30253	ERR011348_MEGAHIT_TaxVamb.44
k79_30553	ERR011348_MEGAHIT_TaxVamb.44
k79_30568	ERR011348_MEGAHIT_TaxVamb.44
k79_30753	ERR011348_MEGAHIT_TaxVamb.44
k79_30770	ERR011348_MEGAHIT_TaxVamb.44
k79_30773	ERR011348_MEGAHIT_TaxVamb.44
k79_30940	ERR011348_MEGAHIT_TaxVamb.44
k79_30991	ERR011348_MEGAHIT_TaxVamb.44
k79_31170	ERR011348_MEGAHIT_TaxVamb.44
k79_3124	ERR011348_MEGAHIT_TaxVamb.44
k79_31382	ERR011348_MEGAHIT_TaxVamb.44
k79_31426	ERR011348_MEGAHIT_TaxVamb.44
k79_31431	ERR011348_MEGAHIT_TaxVamb.44
k79_31533	ERR011348_MEGAHIT_TaxVamb.44
k79_31604	ERR011348_MEGAHIT_TaxVamb.44
k79_31616	ERR011348_MEGAHIT_TaxVamb.44
k79_32175	ERR011348_MEGAHIT_TaxVamb.44
k79_32177	ERR011348_MEGAHIT_TaxVamb.44
k79_32238	ERR011348_MEGAHIT_TaxVamb.44
k79_32257	ERR011348_MEGAHIT_TaxVamb.44
k79_32301	ERR011348_MEGAHIT_TaxVamb.44
k79_32342	ERR011348_MEGAHIT_TaxVamb.44
k79_3245	ERR011348_MEGAHIT_TaxVamb.44
k79_326	ERR011348_MEGAHIT_TaxVamb.44
k79_32626	ERR011348_MEGAHIT_TaxVamb.44
k79_32817	ERR011348_MEGAHIT_TaxVamb.44
k79_32843	ERR011348_MEGAHIT_TaxVamb.44
k79_32850	ERR011348_MEGAHIT_TaxVamb.44
k79_32940	ERR011348_MEGAHIT_TaxVamb.44
k79_33000	ERR011348_MEGAHIT_TaxVamb.44
k79_33033	ERR011348_MEGAHIT_TaxVamb.44
k79_33122	ERR011348_MEGAHIT_TaxVamb.44
k79_33176	ERR011348_MEGAHIT_TaxVamb.44
k79_33524	ERR011348_MEGAHIT_TaxVamb.44
k79_33704	ERR011348_MEGAHIT_TaxVamb.44
k79_33779	ERR011348_MEGAHIT_TaxVamb.44
k79_33872	ERR011348_MEGAHIT_TaxVamb.44
k79_34002	ERR011348_MEGAHIT_TaxVamb.44
k79_34014	ERR011348_MEGAHIT_TaxVamb.44
k79_34075	ERR011348_MEGAHIT_TaxVamb.44
k79_34090	ERR011348_MEGAHIT_TaxVamb.44
k79_34211	ERR011348_MEGAHIT_TaxVamb.44
k79_3424	ERR011348_MEGAHIT_TaxVamb.44
k79_3436	ERR011348_MEGAHIT_TaxVamb.44
k79_34436	ERR011348_MEGAHIT_TaxVamb.44
k79_3459	ERR011348_MEGAHIT_TaxVamb.44
k79_34737	ERR011348_MEGAHIT_TaxVamb.44
k79_34807	ERR011348_MEGAHIT_TaxVamb.44
k79_34840	ERR011348_MEGAHIT_TaxVamb.44
k79_34878	ERR011348_MEGAHIT_TaxVamb.44
k79_35021	ERR011348_MEGAHIT_TaxVamb.44
k79_35032	ERR011348_MEGAHIT_TaxVamb.44
k79_35087	ERR011348_MEGAHIT_TaxVamb.44
k79_35273	ERR011348_MEGAHIT_TaxVamb.44
k79_35378	ERR011348_MEGAHIT_TaxVamb.44
k79_35648	ERR011348_MEGAHIT_TaxVamb.44
k79_35845	ERR011348_MEGAHIT_TaxVamb.44
k79_36097	ERR011348_MEGAHIT_TaxVamb.44
k79_36155	ERR011348_MEGAHIT_TaxVamb.44
k79_36176	ERR011348_MEGAHIT_TaxVamb.44
k79_36208	ERR011348_MEGAHIT_TaxVamb.44
k79_36231	ERR011348_MEGAHIT_TaxVamb.44
k79_36276	ERR011348_MEGAHIT_TaxVamb.44
k79_36277	ERR011348_MEGAHIT_TaxVamb.44
k79_36476	ERR011348_MEGAHIT_TaxVamb.44
k79_36491	ERR011348_MEGAHIT_TaxVamb.44
k79_36742	ERR011348_MEGAHIT_TaxVamb.44
k79_36818	ERR011348_MEGAHIT_TaxVamb.44
k79_3683	ERR011348_MEGAHIT_TaxVamb.44
k79_37098	ERR011348_MEGAHIT_TaxVamb.44
k79_37151	ERR011348_MEGAHIT_TaxVamb.44
k79_3731	ERR011348_MEGAHIT_TaxVamb.44
k79_37375	ERR011348_MEGAHIT_TaxVamb.44
k79_37448	ERR011348_MEGAHIT_TaxVamb.44
k79_37798	ERR011348_MEGAHIT_TaxVamb.44
k79_37843	ERR011348_MEGAHIT_TaxVamb.44
k79_37964	ERR011348_MEGAHIT_TaxVamb.44
k79_38283	ERR011348_MEGAHIT_TaxVamb.44
k79_38284	ERR011348_MEGAHIT_TaxVamb.44
k79_38479	ERR011348_MEGAHIT_TaxVamb.44
k79_39198	ERR011348_MEGAHIT_TaxVamb.44
k79_39313	ERR011348_MEGAHIT_TaxVamb.44
k79_39478	ERR011348_MEGAHIT_TaxVamb.44
k79_39519	ERR011348_MEGAHIT_TaxVamb.44
k79_39646	ERR011348_MEGAHIT_TaxVamb.44
k79_39673	ERR011348_MEGAHIT_TaxVamb.44
k79_39728	ERR011348_MEGAHIT_TaxVamb.44
k79_39769	ERR011348_MEGAHIT_TaxVamb.44
k79_39796	ERR011348_MEGAHIT_TaxVamb.44
k79_40046	ERR011348_MEGAHIT_TaxVamb.44
k79_40073	ERR011348_MEGAHIT_TaxVamb.44
k79_40317	ERR011348_MEGAHIT_TaxVamb.44
k79_40516	ERR011348_MEGAHIT_TaxVamb.44
k79_4071	ERR011348_MEGAHIT_TaxVamb.44
k79_40843	ERR011348_MEGAHIT_TaxVamb.44
k79_4096	ERR011348_MEGAHIT_TaxVamb.44
k79_41069	ERR011348_MEGAHIT_TaxVamb.44
k79_41098	ERR011348_MEGAHIT_TaxVamb.44
k79_41138	ERR011348_MEGAHIT_TaxVamb.44
k79_41212	ERR011348_MEGAHIT_TaxVamb.44
k79_41280	ERR011348_MEGAHIT_TaxVamb.44
k79_41606	ERR011348_MEGAHIT_TaxVamb.44
k79_420	ERR011348_MEGAHIT_TaxVamb.44
k79_42275	ERR011348_MEGAHIT_TaxVamb.44
k79_42409	ERR011348_MEGAHIT_TaxVamb.44
k79_42465	ERR011348_MEGAHIT_TaxVamb.44
k79_42681	ERR011348_MEGAHIT_TaxVamb.44
k79_42920	ERR011348_MEGAHIT_TaxVamb.44
k79_43681	ERR011348_MEGAHIT_TaxVamb.44
k79_43757	ERR011348_MEGAHIT_TaxVamb.44
k79_43831	ERR011348_MEGAHIT_TaxVamb.44
k79_43925	ERR011348_MEGAHIT_TaxVamb.44
k79_43966	ERR011348_MEGAHIT_TaxVamb.44
k79_44202	ERR011348_MEGAHIT_TaxVamb.44
k79_44208	ERR011348_MEGAHIT_TaxVamb.44
k79_4453	ERR011348_MEGAHIT_TaxVamb.44
k79_44783	ERR011348_MEGAHIT_TaxVamb.44
k79_44848	ERR011348_MEGAHIT_TaxVamb.44
k79_44868	ERR011348_MEGAHIT_TaxVamb.44
k79_44895	ERR011348_MEGAHIT_TaxVamb.44
k79_45126	ERR011348_MEGAHIT_TaxVamb.44
k79_45152	ERR011348_MEGAHIT_TaxVamb.44
k79_45164	ERR011348_MEGAHIT_TaxVamb.44
k79_45212	ERR011348_MEGAHIT_TaxVamb.44
k79_45406	ERR011348_MEGAHIT_TaxVamb.44
k79_45552	ERR011348_MEGAHIT_TaxVamb.44
k79_45613	ERR011348_MEGAHIT_TaxVamb.44
k79_45666	ERR011348_MEGAHIT_TaxVamb.44
k79_4567	ERR011348_MEGAHIT_TaxVamb.44
k79_45710	ERR011348_MEGAHIT_TaxVamb.44
k79_45882	ERR011348_MEGAHIT_TaxVamb.44
k79_45885	ERR011348_MEGAHIT_TaxVamb.44
k79_45911	ERR011348_MEGAHIT_TaxVamb.44
k79_45943	ERR011348_MEGAHIT_TaxVamb.44
k79_46029	ERR011348_MEGAHIT_TaxVamb.44
k79_46204	ERR011348_MEGAHIT_TaxVamb.44
k79_46231	ERR011348_MEGAHIT_TaxVamb.44
k79_46320	ERR011348_MEGAHIT_TaxVamb.44
k79_4655	ERR011348_MEGAHIT_TaxVamb.44
k79_46660	ERR011348_MEGAHIT_TaxVamb.44
k79_46821	ERR011348_MEGAHIT_TaxVamb.44
k79_47469	ERR011348_MEGAHIT_TaxVamb.44
k79_47483	ERR011348_MEGAHIT_TaxVamb.44
k79_47500	ERR011348_MEGAHIT_TaxVamb.44
k79_47579	ERR011348_MEGAHIT_TaxVamb.44
k79_47651	ERR011348_MEGAHIT_TaxVamb.44
k79_47670	ERR011348_MEGAHIT_TaxVamb.44
k79_47684	ERR011348_MEGAHIT_TaxVamb.44
k79_4771	ERR011348_MEGAHIT_TaxVamb.44
k79_47772	ERR011348_MEGAHIT_TaxVamb.44
k79_47831	ERR011348_MEGAHIT_TaxVamb.44
k79_47920	ERR011348_MEGAHIT_TaxVamb.44
k79_47929	ERR011348_MEGAHIT_TaxVamb.44
k79_48062	ERR011348_MEGAHIT_TaxVamb.44
k79_48094	ERR011348_MEGAHIT_TaxVamb.44
k79_48514	ERR011348_MEGAHIT_TaxVamb.44
k79_48596	ERR011348_MEGAHIT_TaxVamb.44
k79_48608	ERR011348_MEGAHIT_TaxVamb.44
k79_48632	ERR011348_MEGAHIT_TaxVamb.44
k79_48656	ERR011348_MEGAHIT_TaxVamb.44
k79_48666	ERR011348_MEGAHIT_TaxVamb.44
k79_48807	ERR011348_MEGAHIT_TaxVamb.44
k79_48963	ERR011348_MEGAHIT_TaxVamb.44
k79_49065	ERR011348_MEGAHIT_TaxVamb.44
k79_4919	ERR011348_MEGAHIT_TaxVamb.44
k79_49245	ERR011348_MEGAHIT_TaxVamb.44
k79_49351	ERR011348_MEGAHIT_TaxVamb.44
k79_49475	ERR011348_MEGAHIT_TaxVamb.44
k79_49535	ERR011348_MEGAHIT_TaxVamb.44
k79_49543	ERR011348_MEGAHIT_TaxVamb.44
k79_49599	ERR011348_MEGAHIT_TaxVamb.44
k79_4960	ERR011348_MEGAHIT_TaxVamb.44
k79_49655	ERR011348_MEGAHIT_TaxVamb.44
k79_49771	ERR011348_MEGAHIT_TaxVamb.44
k79_49891	ERR011348_MEGAHIT_TaxVamb.44
k79_49907	ERR011348_MEGAHIT_TaxVamb.44
k79_50015	ERR011348_MEGAHIT_TaxVamb.44
k79_50027	ERR011348_MEGAHIT_TaxVamb.44
k79_50212	ERR011348_MEGAHIT_TaxVamb.44
k79_50530	ERR011348_MEGAHIT_TaxVamb.44
k79_50547	ERR011348_MEGAHIT_TaxVamb.44
k79_50729	ERR011348_MEGAHIT_TaxVamb.44
k79_50730	ERR011348_MEGAHIT_TaxVamb.44
k79_5074	ERR011348_MEGAHIT_TaxVamb.44
k79_50821	ERR011348_MEGAHIT_TaxVamb.44
k79_50987	ERR011348_MEGAHIT_TaxVamb.44
k79_51135	ERR011348_MEGAHIT_TaxVamb.44
k79_51182	ERR011348_MEGAHIT_TaxVamb.44
k79_51199	ERR011348_MEGAHIT_TaxVamb.44
k79_51339	ERR011348_MEGAHIT_TaxVamb.44
k79_5149	ERR011348_MEGAHIT_TaxVamb.44
k79_51675	ERR011348_MEGAHIT_TaxVamb.44
k79_51778	ERR011348_MEGAHIT_TaxVamb.44
k79_51830	ERR011348_MEGAHIT_TaxVamb.44
k79_52060	ERR011348_MEGAHIT_TaxVamb.44
k79_52109	ERR011348_MEGAHIT_TaxVamb.44
k79_52213	ERR011348_MEGAHIT_TaxVamb.44
k79_52481	ERR011348_MEGAHIT_TaxVamb.44
k79_52594	ERR011348_MEGAHIT_TaxVamb.44
k79_52759	ERR011348_MEGAHIT_TaxVamb.44
k79_5285	ERR011348_MEGAHIT_TaxVamb.44
k79_53111	ERR011348_MEGAHIT_TaxVamb.44
k79_53147	ERR011348_MEGAHIT_TaxVamb.44
k79_53206	ERR011348_MEGAHIT_TaxVamb.44
k79_53222	ERR011348_MEGAHIT_TaxVamb.44
k79_53303	ERR011348_MEGAHIT_TaxVamb.44
k79_53313	ERR011348_MEGAHIT_TaxVamb.44
k79_53360	ERR011348_MEGAHIT_TaxVamb.44
k79_53423	ERR011348_MEGAHIT_TaxVamb.44
k79_53517	ERR011348_MEGAHIT_TaxVamb.44
k79_53947	ERR011348_MEGAHIT_TaxVamb.44
k79_54	ERR011348_MEGAHIT_TaxVamb.44
k79_54039	ERR011348_MEGAHIT_TaxVamb.44
k79_54198	ERR011348_MEGAHIT_TaxVamb.44
k79_5433	ERR011348_MEGAHIT_TaxVamb.44
k79_54520	ERR011348_MEGAHIT_TaxVamb.44
k79_54595	ERR011348_MEGAHIT_TaxVamb.44
k79_54760	ERR011348_MEGAHIT_TaxVamb.44
k79_54791	ERR011348_MEGAHIT_TaxVamb.44
k79_54860	ERR011348_MEGAHIT_TaxVamb.44
k79_55098	ERR011348_MEGAHIT_TaxVamb.44
k79_5527	ERR011348_MEGAHIT_TaxVamb.44
k79_5530	ERR011348_MEGAHIT_TaxVamb.44
k79_55550	ERR011348_MEGAHIT_TaxVamb.44
k79_55619	ERR011348_MEGAHIT_TaxVamb.44
k79_55721	ERR011348_MEGAHIT_TaxVamb.44
k79_55871	ERR011348_MEGAHIT_TaxVamb.44
k79_55878	ERR011348_MEGAHIT_TaxVamb.44
k79_55944	ERR011348_MEGAHIT_TaxVamb.44
k79_56018	ERR011348_MEGAHIT_TaxVamb.44
k79_56050	ERR011348_MEGAHIT_TaxVamb.44
k79_56142	ERR011348_MEGAHIT_TaxVamb.44
k79_5637	ERR011348_MEGAHIT_TaxVamb.44
k79_56432	ERR011348_MEGAHIT_TaxVamb.44
k79_56489	ERR011348_MEGAHIT_TaxVamb.44
k79_56569	ERR011348_MEGAHIT_TaxVamb.44
k79_56774	ERR011348_MEGAHIT_TaxVamb.44
k79_56821	ERR011348_MEGAHIT_TaxVamb.44
k79_56849	ERR011348_MEGAHIT_TaxVamb.44
k79_57215	ERR011348_MEGAHIT_TaxVamb.44
k79_57259	ERR011348_MEGAHIT_TaxVamb.44
k79_57272	ERR011348_MEGAHIT_TaxVamb.44
k79_57752	ERR011348_MEGAHIT_TaxVamb.44
k79_57862	ERR011348_MEGAHIT_TaxVamb.44
k79_58006	ERR011348_MEGAHIT_TaxVamb.44
k79_58137	ERR011348_MEGAHIT_TaxVamb.44
k79_58201	ERR011348_MEGAHIT_TaxVamb.44
k79_58612	ERR011348_MEGAHIT_TaxVamb.44
k79_59475	ERR011348_MEGAHIT_TaxVamb.44
k79_59631	ERR011348_MEGAHIT_TaxVamb.44
k79_59654	ERR011348_MEGAHIT_TaxVamb.44
k79_59762	ERR011348_MEGAHIT_TaxVamb.44
k79_59860	ERR011348_MEGAHIT_TaxVamb.44
k79_5992	ERR011348_MEGAHIT_TaxVamb.44
k79_60054	ERR011348_MEGAHIT_TaxVamb.44
k79_60245	ERR011348_MEGAHIT_TaxVamb.44
k79_60611	ERR011348_MEGAHIT_TaxVamb.44
k79_6065	ERR011348_MEGAHIT_TaxVamb.44
k79_61003	ERR011348_MEGAHIT_TaxVamb.44
k79_61132	ERR011348_MEGAHIT_TaxVamb.44
k79_61259	ERR011348_MEGAHIT_TaxVamb.44
k79_6143	ERR011348_MEGAHIT_TaxVamb.44
k79_61437	ERR011348_MEGAHIT_TaxVamb.44
k79_61528	ERR011348_MEGAHIT_TaxVamb.44
k79_61632	ERR011348_MEGAHIT_TaxVamb.44
k79_61835	ERR011348_MEGAHIT_TaxVamb.44
k79_61962	ERR011348_MEGAHIT_TaxVamb.44
k79_61986	ERR011348_MEGAHIT_TaxVamb.44
k79_62111	ERR011348_MEGAHIT_TaxVamb.44
k79_62319	ERR011348_MEGAHIT_TaxVamb.44
k79_62668	ERR011348_MEGAHIT_TaxVamb.44
k79_62697	ERR011348_MEGAHIT_TaxVamb.44
k79_62873	ERR011348_MEGAHIT_TaxVamb.44
k79_63270	ERR011348_MEGAHIT_TaxVamb.44
k79_6334	ERR011348_MEGAHIT_TaxVamb.44
k79_63478	ERR011348_MEGAHIT_TaxVamb.44
k79_63852	ERR011348_MEGAHIT_TaxVamb.44
k79_63945	ERR011348_MEGAHIT_TaxVamb.44
k79_63972	ERR011348_MEGAHIT_TaxVamb.44
k79_64264	ERR011348_MEGAHIT_TaxVamb.44
k79_64276	ERR011348_MEGAHIT_TaxVamb.44
k79_64352	ERR011348_MEGAHIT_TaxVamb.44
k79_64407	ERR011348_MEGAHIT_TaxVamb.44
k79_64551	ERR011348_MEGAHIT_TaxVamb.44
k79_64744	ERR011348_MEGAHIT_TaxVamb.44
k79_64763	ERR011348_MEGAHIT_TaxVamb.44
k79_64980	ERR011348_MEGAHIT_TaxVamb.44
k79_65108	ERR011348_MEGAHIT_TaxVamb.44
k79_65283	ERR011348_MEGAHIT_TaxVamb.44
k79_653	ERR011348_MEGAHIT_TaxVamb.44
k79_6534	ERR011348_MEGAHIT_TaxVamb.44
k79_65525	ERR011348_MEGAHIT_TaxVamb.44
k79_65642	ERR011348_MEGAHIT_TaxVamb.44
k79_65704	ERR011348_MEGAHIT_TaxVamb.44
k79_65713	ERR011348_MEGAHIT_TaxVamb.44
k79_65731	ERR011348_MEGAHIT_TaxVamb.44
k79_65756	ERR011348_MEGAHIT_TaxVamb.44
k79_65833	ERR011348_MEGAHIT_TaxVamb.44
k79_66104	ERR011348_MEGAHIT_TaxVamb.44
k79_66281	ERR011348_MEGAHIT_TaxVamb.44
k79_66299	ERR011348_MEGAHIT_TaxVamb.44
k79_66322	ERR011348_MEGAHIT_TaxVamb.44
k79_66626	ERR011348_MEGAHIT_TaxVamb.44
k79_66735	ERR011348_MEGAHIT_TaxVamb.44
k79_6676	ERR011348_MEGAHIT_TaxVamb.44
k79_66915	ERR011348_MEGAHIT_TaxVamb.44
k79_67009	ERR011348_MEGAHIT_TaxVamb.44
k79_67192	ERR011348_MEGAHIT_TaxVamb.44
k79_67244	ERR011348_MEGAHIT_TaxVamb.44
k79_67259	ERR011348_MEGAHIT_TaxVamb.44
k79_67477	ERR011348_MEGAHIT_TaxVamb.44
k79_67488	ERR011348_MEGAHIT_TaxVamb.44
k79_67519	ERR011348_MEGAHIT_TaxVamb.44
k79_67548	ERR011348_MEGAHIT_TaxVamb.44
k79_67627	ERR011348_MEGAHIT_TaxVamb.44
k79_67743	ERR011348_MEGAHIT_TaxVamb.44
k79_67867	ERR011348_MEGAHIT_TaxVamb.44
k79_68022	ERR011348_MEGAHIT_TaxVamb.44
k79_68250	ERR011348_MEGAHIT_TaxVamb.44
k79_68308	ERR011348_MEGAHIT_TaxVamb.44
k79_68379	ERR011348_MEGAHIT_TaxVamb.44
k79_68403	ERR011348_MEGAHIT_TaxVamb.44
k79_68425	ERR011348_MEGAHIT_TaxVamb.44
k79_68837	ERR011348_MEGAHIT_TaxVamb.44
k79_6904	ERR011348_MEGAHIT_TaxVamb.44
k79_69074	ERR011348_MEGAHIT_TaxVamb.44
k79_69077	ERR011348_MEGAHIT_TaxVamb.44
k79_69142	ERR011348_MEGAHIT_TaxVamb.44
k79_69364	ERR011348_MEGAHIT_TaxVamb.44
k79_69537	ERR011348_MEGAHIT_TaxVamb.44
k79_69752	ERR011348_MEGAHIT_TaxVamb.44
k79_69863	ERR011348_MEGAHIT_TaxVamb.44
k79_70228	ERR011348_MEGAHIT_TaxVamb.44
k79_70252	ERR011348_MEGAHIT_TaxVamb.44
k79_70398	ERR011348_MEGAHIT_TaxVamb.44
k79_70488	ERR011348_MEGAHIT_TaxVamb.44
k79_70561	ERR011348_MEGAHIT_TaxVamb.44
k79_70609	ERR011348_MEGAHIT_TaxVamb.44
k79_7069	ERR011348_MEGAHIT_TaxVamb.44
k79_70705	ERR011348_MEGAHIT_TaxVamb.44
k79_70753	ERR011348_MEGAHIT_TaxVamb.44
k79_70841	ERR011348_MEGAHIT_TaxVamb.44
k79_70949	ERR011348_MEGAHIT_TaxVamb.44
k79_70976	ERR011348_MEGAHIT_TaxVamb.44
k79_71009	ERR011348_MEGAHIT_TaxVamb.44
k79_71177	ERR011348_MEGAHIT_TaxVamb.44
k79_71291	ERR011348_MEGAHIT_TaxVamb.44
k79_7133	ERR011348_MEGAHIT_TaxVamb.44
k79_71374	ERR011348_MEGAHIT_TaxVamb.44
k79_71612	ERR011348_MEGAHIT_TaxVamb.44
k79_71634	ERR011348_MEGAHIT_TaxVamb.44
k79_71641	ERR011348_MEGAHIT_TaxVamb.44
k79_71805	ERR011348_MEGAHIT_TaxVamb.44
k79_71860	ERR011348_MEGAHIT_TaxVamb.44
k79_7200	ERR011348_MEGAHIT_TaxVamb.44
k79_7201	ERR011348_MEGAHIT_TaxVamb.44
k79_72483	ERR011348_MEGAHIT_TaxVamb.44
k79_7260	ERR011348_MEGAHIT_TaxVamb.44
k79_72778	ERR011348_MEGAHIT_TaxVamb.44
k79_72791	ERR011348_MEGAHIT_TaxVamb.44
k79_7283	ERR011348_MEGAHIT_TaxVamb.44
k79_72901	ERR011348_MEGAHIT_TaxVamb.44
k79_73291	ERR011348_MEGAHIT_TaxVamb.44
k79_73308	ERR011348_MEGAHIT_TaxVamb.44
k79_73401	ERR011348_MEGAHIT_TaxVamb.44
k79_73429	ERR011348_MEGAHIT_TaxVamb.44
k79_73541	ERR011348_MEGAHIT_TaxVamb.44
k79_73670	ERR011348_MEGAHIT_TaxVamb.44
k79_73723	ERR011348_MEGAHIT_TaxVamb.44
k79_74044	ERR011348_MEGAHIT_TaxVamb.44
k79_74192	ERR011348_MEGAHIT_TaxVamb.44
k79_74294	ERR011348_MEGAHIT_TaxVamb.44
k79_74425	ERR011348_MEGAHIT_TaxVamb.44
k79_74641	ERR011348_MEGAHIT_TaxVamb.44
k79_74678	ERR011348_MEGAHIT_TaxVamb.44
k79_7470	ERR011348_MEGAHIT_TaxVamb.44
k79_74824	ERR011348_MEGAHIT_TaxVamb.44
k79_74834	ERR011348_MEGAHIT_TaxVamb.44
k79_75041	ERR011348_MEGAHIT_TaxVamb.44
k79_75056	ERR011348_MEGAHIT_TaxVamb.44
k79_75608	ERR011348_MEGAHIT_TaxVamb.44
k79_75622	ERR011348_MEGAHIT_TaxVamb.44
k79_7610	ERR011348_MEGAHIT_TaxVamb.44
k79_7615	ERR011348_MEGAHIT_TaxVamb.44
k79_76203	ERR011348_MEGAHIT_TaxVamb.44
k79_76302	ERR011348_MEGAHIT_TaxVamb.44
k79_76450	ERR011348_MEGAHIT_TaxVamb.44
k79_7651	ERR011348_MEGAHIT_TaxVamb.44
k79_767	ERR011348_MEGAHIT_TaxVamb.44
k79_76830	ERR011348_MEGAHIT_TaxVamb.44
k79_77108	ERR011348_MEGAHIT_TaxVamb.44
k79_77141	ERR011348_MEGAHIT_TaxVamb.44
k79_77208	ERR011348_MEGAHIT_TaxVamb.44
k79_77525	ERR011348_MEGAHIT_TaxVamb.44
k79_77539	ERR011348_MEGAHIT_TaxVamb.44
k79_77541	ERR011348_MEGAHIT_TaxVamb.44
k79_77559	ERR011348_MEGAHIT_TaxVamb.44
k79_77574	ERR011348_MEGAHIT_TaxVamb.44
k79_77601	ERR011348_MEGAHIT_TaxVamb.44
k79_77777	ERR011348_MEGAHIT_TaxVamb.44
k79_77794	ERR011348_MEGAHIT_TaxVamb.44
k79_77817	ERR011348_MEGAHIT_TaxVamb.44
k79_77913	ERR011348_MEGAHIT_TaxVamb.44
k79_77952	ERR011348_MEGAHIT_TaxVamb.44
k79_77967	ERR011348_MEGAHIT_TaxVamb.44
k79_78	ERR011348_MEGAHIT_TaxVamb.44
k79_78280	ERR011348_MEGAHIT_TaxVamb.44
k79_785	ERR011348_MEGAHIT_TaxVamb.44
k79_78590	ERR011348_MEGAHIT_TaxVamb.44
k79_78928	ERR011348_MEGAHIT_TaxVamb.44
k79_78931	ERR011348_MEGAHIT_TaxVamb.44
k79_79011	ERR011348_MEGAHIT_TaxVamb.44
k79_79047	ERR011348_MEGAHIT_TaxVamb.44
k79_79135	ERR011348_MEGAHIT_TaxVamb.44
k79_79161	ERR011348_MEGAHIT_TaxVamb.44
k79_79195	ERR011348_MEGAHIT_TaxVamb.44
k79_79373	ERR011348_MEGAHIT_TaxVamb.44
k79_79388	ERR011348_MEGAHIT_TaxVamb.44
k79_79428	ERR011348_MEGAHIT_TaxVamb.44
k79_79490	ERR011348_MEGAHIT_TaxVamb.44
k79_79787	ERR011348_MEGAHIT_TaxVamb.44
k79_79910	ERR011348_MEGAHIT_TaxVamb.44
k79_80039	ERR011348_MEGAHIT_TaxVamb.44
k79_80234	ERR011348_MEGAHIT_TaxVamb.44
k79_80236	ERR011348_MEGAHIT_TaxVamb.44
k79_8027	ERR011348_MEGAHIT_TaxVamb.44
k79_80392	ERR011348_MEGAHIT_TaxVamb.44
k79_80892	ERR011348_MEGAHIT_TaxVamb.44
k79_8100	ERR011348_MEGAHIT_TaxVamb.44
k79_81115	ERR011348_MEGAHIT_TaxVamb.44
k79_81137	ERR011348_MEGAHIT_TaxVamb.44
k79_81217	ERR011348_MEGAHIT_TaxVamb.44
k79_81408	ERR011348_MEGAHIT_TaxVamb.44
k79_81540	ERR011348_MEGAHIT_TaxVamb.44
k79_81547	ERR011348_MEGAHIT_TaxVamb.44
k79_81643	ERR011348_MEGAHIT_TaxVamb.44
k79_81714	ERR011348_MEGAHIT_TaxVamb.44
k79_81739	ERR011348_MEGAHIT_TaxVamb.44
k79_81777	ERR011348_MEGAHIT_TaxVamb.44
k79_81963	ERR011348_MEGAHIT_TaxVamb.44
k79_82006	ERR011348_MEGAHIT_TaxVamb.44
k79_82008	ERR011348_MEGAHIT_TaxVamb.44
k79_8210	ERR011348_MEGAHIT_TaxVamb.44
k79_82296	ERR011348_MEGAHIT_TaxVamb.44
k79_82313	ERR011348_MEGAHIT_TaxVamb.44
k79_82398	ERR011348_MEGAHIT_TaxVamb.44
k79_82472	ERR011348_MEGAHIT_TaxVamb.44
k79_82514	ERR011348_MEGAHIT_TaxVamb.44
k79_8259	ERR011348_MEGAHIT_TaxVamb.44
k79_82863	ERR011348_MEGAHIT_TaxVamb.44
k79_8303	ERR011348_MEGAHIT_TaxVamb.44
k79_83072	ERR011348_MEGAHIT_TaxVamb.44
k79_83238	ERR011348_MEGAHIT_TaxVamb.44
k79_83383	ERR011348_MEGAHIT_TaxVamb.44
k79_83731	ERR011348_MEGAHIT_TaxVamb.44
k79_8380	ERR011348_MEGAHIT_TaxVamb.44
k79_8415	ERR011348_MEGAHIT_TaxVamb.44
k79_84163	ERR011348_MEGAHIT_TaxVamb.44
k79_8440	ERR011348_MEGAHIT_TaxVamb.44
k79_84465	ERR011348_MEGAHIT_TaxVamb.44
k79_84502	ERR011348_MEGAHIT_TaxVamb.44
k79_84763	ERR011348_MEGAHIT_TaxVamb.44
k79_84836	ERR011348_MEGAHIT_TaxVamb.44
k79_84874	ERR011348_MEGAHIT_TaxVamb.44
k79_85156	ERR011348_MEGAHIT_TaxVamb.44
k79_85281	ERR011348_MEGAHIT_TaxVamb.44
k79_85544	ERR011348_MEGAHIT_TaxVamb.44
k79_85607	ERR011348_MEGAHIT_TaxVamb.44
k79_85663	ERR011348_MEGAHIT_TaxVamb.44
k79_8567	ERR011348_MEGAHIT_TaxVamb.44
k79_85692	ERR011348_MEGAHIT_TaxVamb.44
k79_8581	ERR011348_MEGAHIT_TaxVamb.44
k79_8582	ERR011348_MEGAHIT_TaxVamb.44
k79_85975	ERR011348_MEGAHIT_TaxVamb.44
k79_86070	ERR011348_MEGAHIT_TaxVamb.44
k79_86192	ERR011348_MEGAHIT_TaxVamb.44
k79_86196	ERR011348_MEGAHIT_TaxVamb.44
k79_86222	ERR011348_MEGAHIT_TaxVamb.44
k79_86279	ERR011348_MEGAHIT_TaxVamb.44
k79_86436	ERR011348_MEGAHIT_TaxVamb.44
k79_86611	ERR011348_MEGAHIT_TaxVamb.44
k79_86798	ERR011348_MEGAHIT_TaxVamb.44
k79_86835	ERR011348_MEGAHIT_TaxVamb.44
k79_86843	ERR011348_MEGAHIT_TaxVamb.44
k79_86873	ERR011348_MEGAHIT_TaxVamb.44
k79_8702	ERR011348_MEGAHIT_TaxVamb.44
k79_87035	ERR011348_MEGAHIT_TaxVamb.44
k79_87148	ERR011348_MEGAHIT_TaxVamb.44
k79_87230	ERR011348_MEGAHIT_TaxVamb.44
k79_87366	ERR011348_MEGAHIT_TaxVamb.44
k79_87415	ERR011348_MEGAHIT_TaxVamb.44
k79_87532	ERR011348_MEGAHIT_TaxVamb.44
k79_87693	ERR011348_MEGAHIT_TaxVamb.44
k79_88055	ERR011348_MEGAHIT_TaxVamb.44
k79_88159	ERR011348_MEGAHIT_TaxVamb.44
k79_88184	ERR011348_MEGAHIT_TaxVamb.44
k79_88325	ERR011348_MEGAHIT_TaxVamb.44
k79_88352	ERR011348_MEGAHIT_TaxVamb.44
k79_88555	ERR011348_MEGAHIT_TaxVamb.44
k79_88613	ERR011348_MEGAHIT_TaxVamb.44
k79_88980	ERR011348_MEGAHIT_TaxVamb.44
k79_8933	ERR011348_MEGAHIT_TaxVamb.44
k79_89433	ERR011348_MEGAHIT_TaxVamb.44
k79_89476	ERR011348_MEGAHIT_TaxVamb.44
k79_89667	ERR011348_MEGAHIT_TaxVamb.44
k79_89719	ERR011348_MEGAHIT_TaxVamb.44
k79_89793	ERR011348_MEGAHIT_TaxVamb.44
k79_89945	ERR011348_MEGAHIT_TaxVamb.44
k79_89981	ERR011348_MEGAHIT_TaxVamb.44
k79_9030	ERR011348_MEGAHIT_TaxVamb.44
k79_90335	ERR011348_MEGAHIT_TaxVamb.44
k79_90551	ERR011348_MEGAHIT_TaxVamb.44
k79_90765	ERR011348_MEGAHIT_TaxVamb.44
k79_90842	ERR011348_MEGAHIT_TaxVamb.44
k79_91110	ERR011348_MEGAHIT_TaxVamb.44
k79_91123	ERR011348_MEGAHIT_TaxVamb.44
k79_91159	ERR011348_MEGAHIT_TaxVamb.44
k79_91484	ERR011348_MEGAHIT_TaxVamb.44
k79_91514	ERR011348_MEGAHIT_TaxVamb.44
k79_91589	ERR011348_MEGAHIT_TaxVamb.44
k79_91772	ERR011348_MEGAHIT_TaxVamb.44
k79_91854	ERR011348_MEGAHIT_TaxVamb.44
k79_91945	ERR011348_MEGAHIT_TaxVamb.44
k79_92540	ERR011348_MEGAHIT_TaxVamb.44
k79_92846	ERR011348_MEGAHIT_TaxVamb.44
k79_92873	ERR011348_MEGAHIT_TaxVamb.44
k79_9307	ERR011348_MEGAHIT_TaxVamb.44
k79_93085	ERR011348_MEGAHIT_TaxVamb.44
k79_93146	ERR011348_MEGAHIT_TaxVamb.44
k79_93389	ERR011348_MEGAHIT_TaxVamb.44
k79_93391	ERR011348_MEGAHIT_TaxVamb.44
k79_93454	ERR011348_MEGAHIT_TaxVamb.44
k79_93541	ERR011348_MEGAHIT_TaxVamb.44
k79_93687	ERR011348_MEGAHIT_TaxVamb.44
k79_93953	ERR011348_MEGAHIT_TaxVamb.44
k79_94001	ERR011348_MEGAHIT_TaxVamb.44
k79_94113	ERR011348_MEGAHIT_TaxVamb.44
k79_94265	ERR011348_MEGAHIT_TaxVamb.44
k79_94520	ERR011348_MEGAHIT_TaxVamb.44
k79_94734	ERR011348_MEGAHIT_TaxVamb.44
k79_95229	ERR011348_MEGAHIT_TaxVamb.44
k79_95375	ERR011348_MEGAHIT_TaxVamb.44
k79_95451	ERR011348_MEGAHIT_TaxVamb.44
k79_95503	ERR011348_MEGAHIT_TaxVamb.44
k79_95596	ERR011348_MEGAHIT_TaxVamb.44
k79_9563	ERR011348_MEGAHIT_TaxVamb.44
k79_95727	ERR011348_MEGAHIT_TaxVamb.44
k79_95833	ERR011348_MEGAHIT_TaxVamb.44
k79_9584	ERR011348_MEGAHIT_TaxVamb.44
k79_95876	ERR011348_MEGAHIT_TaxVamb.44
k79_96095	ERR011348_MEGAHIT_TaxVamb.44
k79_961	ERR011348_MEGAHIT_TaxVamb.44
k79_96254	ERR011348_MEGAHIT_TaxVamb.44
k79_96325	ERR011348_MEGAHIT_TaxVamb.44
k79_9888	ERR011348_MEGAHIT_TaxVamb.44
k79_9966	ERR011348_MEGAHIT_TaxVamb.44
k79_10312	ERR011348_MEGAHIT_TaxVamb.20
k79_10328	ERR011348_MEGAHIT_TaxVamb.20
k79_10374	ERR011348_MEGAHIT_TaxVamb.20
k79_10520	ERR011348_MEGAHIT_TaxVamb.20
k79_10607	ERR011348_MEGAHIT_TaxVamb.20
k79_10768	ERR011348_MEGAHIT_TaxVamb.20
k79_10897	ERR011348_MEGAHIT_TaxVamb.20
k79_10911	ERR011348_MEGAHIT_TaxVamb.20
k79_11512	ERR011348_MEGAHIT_TaxVamb.20
k79_11757	ERR011348_MEGAHIT_TaxVamb.20
k79_11781	ERR011348_MEGAHIT_TaxVamb.20
k79_11909	ERR011348_MEGAHIT_TaxVamb.20
k79_1212	ERR011348_MEGAHIT_TaxVamb.20
k79_12133	ERR011348_MEGAHIT_TaxVamb.20
k79_12159	ERR011348_MEGAHIT_TaxVamb.20
k79_12917	ERR011348_MEGAHIT_TaxVamb.20
k79_13380	ERR011348_MEGAHIT_TaxVamb.20
k79_13437	ERR011348_MEGAHIT_TaxVamb.20
k79_13861	ERR011348_MEGAHIT_TaxVamb.20
k79_13911	ERR011348_MEGAHIT_TaxVamb.20
k79_14066	ERR011348_MEGAHIT_TaxVamb.20
k79_14092	ERR011348_MEGAHIT_TaxVamb.20
k79_14123	ERR011348_MEGAHIT_TaxVamb.20
k79_14544	ERR011348_MEGAHIT_TaxVamb.20
k79_14643	ERR011348_MEGAHIT_TaxVamb.20
k79_15119	ERR011348_MEGAHIT_TaxVamb.20
k79_15152	ERR011348_MEGAHIT_TaxVamb.20
k79_15230	ERR011348_MEGAHIT_TaxVamb.20
k79_15236	ERR011348_MEGAHIT_TaxVamb.20
k79_15470	ERR011348_MEGAHIT_TaxVamb.20
k79_15538	ERR011348_MEGAHIT_TaxVamb.20
k79_15556	ERR011348_MEGAHIT_TaxVamb.20
k79_15871	ERR011348_MEGAHIT_TaxVamb.20
k79_16085	ERR011348_MEGAHIT_TaxVamb.20
k79_16137	ERR011348_MEGAHIT_TaxVamb.20
k79_16274	ERR011348_MEGAHIT_TaxVamb.20
k79_16485	ERR011348_MEGAHIT_TaxVamb.20
k79_16629	ERR011348_MEGAHIT_TaxVamb.20
k79_17012	ERR011348_MEGAHIT_TaxVamb.20
k79_17797	ERR011348_MEGAHIT_TaxVamb.20
k79_17892	ERR011348_MEGAHIT_TaxVamb.20
k79_17929	ERR011348_MEGAHIT_TaxVamb.20
k79_18027	ERR011348_MEGAHIT_TaxVamb.20
k79_18135	ERR011348_MEGAHIT_TaxVamb.20
k79_1856	ERR011348_MEGAHIT_TaxVamb.20
k79_18644	ERR011348_MEGAHIT_TaxVamb.20
k79_1907	ERR011348_MEGAHIT_TaxVamb.20
k79_19263	ERR011348_MEGAHIT_TaxVamb.20
k79_19286	ERR011348_MEGAHIT_TaxVamb.20
k79_19323	ERR011348_MEGAHIT_TaxVamb.20
k79_1941	ERR011348_MEGAHIT_TaxVamb.20
k79_19685	ERR011348_MEGAHIT_TaxVamb.20
k79_19709	ERR011348_MEGAHIT_TaxVamb.20
k79_19805	ERR011348_MEGAHIT_TaxVamb.20
k79_19863	ERR011348_MEGAHIT_TaxVamb.20
k79_19997	ERR011348_MEGAHIT_TaxVamb.20
k79_20416	ERR011348_MEGAHIT_TaxVamb.20
k79_21007	ERR011348_MEGAHIT_TaxVamb.20
k79_21266	ERR011348_MEGAHIT_TaxVamb.20
k79_21456	ERR011348_MEGAHIT_TaxVamb.20
k79_21509	ERR011348_MEGAHIT_TaxVamb.20
k79_21855	ERR011348_MEGAHIT_TaxVamb.20
k79_21981	ERR011348_MEGAHIT_TaxVamb.20
k79_22095	ERR011348_MEGAHIT_TaxVamb.20
k79_22097	ERR011348_MEGAHIT_TaxVamb.20
k79_22431	ERR011348_MEGAHIT_TaxVamb.20
k79_2244	ERR011348_MEGAHIT_TaxVamb.20
k79_22642	ERR011348_MEGAHIT_TaxVamb.20
k79_22834	ERR011348_MEGAHIT_TaxVamb.20
k79_22902	ERR011348_MEGAHIT_TaxVamb.20
k79_23004	ERR011348_MEGAHIT_TaxVamb.20
k79_23103	ERR011348_MEGAHIT_TaxVamb.20
k79_23325	ERR011348_MEGAHIT_TaxVamb.20
k79_23470	ERR011348_MEGAHIT_TaxVamb.20
k79_23690	ERR011348_MEGAHIT_TaxVamb.20
k79_23931	ERR011348_MEGAHIT_TaxVamb.20
k79_24015	ERR011348_MEGAHIT_TaxVamb.20
k79_24019	ERR011348_MEGAHIT_TaxVamb.20
k79_24156	ERR011348_MEGAHIT_TaxVamb.20
k79_24202	ERR011348_MEGAHIT_TaxVamb.20
k79_24247	ERR011348_MEGAHIT_TaxVamb.20
k79_24337	ERR011348_MEGAHIT_TaxVamb.20
k79_24362	ERR011348_MEGAHIT_TaxVamb.20
k79_24436	ERR011348_MEGAHIT_TaxVamb.20
k79_24535	ERR011348_MEGAHIT_TaxVamb.20
k79_24619	ERR011348_MEGAHIT_TaxVamb.20
k79_24889	ERR011348_MEGAHIT_TaxVamb.20
k79_24983	ERR011348_MEGAHIT_TaxVamb.20
k79_25009	ERR011348_MEGAHIT_TaxVamb.20
k79_25145	ERR011348_MEGAHIT_TaxVamb.20
k79_25153	ERR011348_MEGAHIT_TaxVamb.20
k79_25191	ERR011348_MEGAHIT_TaxVamb.20
k79_25271	ERR011348_MEGAHIT_TaxVamb.20
k79_25842	ERR011348_MEGAHIT_TaxVamb.20
k79_25899	ERR011348_MEGAHIT_TaxVamb.20
k79_26437	ERR011348_MEGAHIT_TaxVamb.20
k79_26538	ERR011348_MEGAHIT_TaxVamb.20
k79_26666	ERR011348_MEGAHIT_TaxVamb.20
k79_26796	ERR011348_MEGAHIT_TaxVamb.20
k79_26915	ERR011348_MEGAHIT_TaxVamb.20
k79_26925	ERR011348_MEGAHIT_TaxVamb.20
k79_27041	ERR011348_MEGAHIT_TaxVamb.20
k79_27127	ERR011348_MEGAHIT_TaxVamb.20
k79_27193	ERR011348_MEGAHIT_TaxVamb.20
k79_27219	ERR011348_MEGAHIT_TaxVamb.20
k79_27225	ERR011348_MEGAHIT_TaxVamb.20
k79_27424	ERR011348_MEGAHIT_TaxVamb.20
k79_27972	ERR011348_MEGAHIT_TaxVamb.20
k79_2812	ERR011348_MEGAHIT_TaxVamb.20
k79_28128	ERR011348_MEGAHIT_TaxVamb.20
k79_28138	ERR011348_MEGAHIT_TaxVamb.20
k79_28374	ERR011348_MEGAHIT_TaxVamb.20
k79_28661	ERR011348_MEGAHIT_TaxVamb.20
k79_28909	ERR011348_MEGAHIT_TaxVamb.20
k79_28940	ERR011348_MEGAHIT_TaxVamb.20
k79_29054	ERR011348_MEGAHIT_TaxVamb.20
k79_29163	ERR011348_MEGAHIT_TaxVamb.20
k79_29316	ERR011348_MEGAHIT_TaxVamb.20
k79_29423	ERR011348_MEGAHIT_TaxVamb.20
k79_29579	ERR011348_MEGAHIT_TaxVamb.20
k79_29830	ERR011348_MEGAHIT_TaxVamb.20
k79_29893	ERR011348_MEGAHIT_TaxVamb.20
k79_30011	ERR011348_MEGAHIT_TaxVamb.20
k79_30075	ERR011348_MEGAHIT_TaxVamb.20
k79_30163	ERR011348_MEGAHIT_TaxVamb.20
k79_30245	ERR011348_MEGAHIT_TaxVamb.20
k79_30489	ERR011348_MEGAHIT_TaxVamb.20
k79_30614	ERR011348_MEGAHIT_TaxVamb.20
k79_30667	ERR011348_MEGAHIT_TaxVamb.20
k79_3074	ERR011348_MEGAHIT_TaxVamb.20
k79_31002	ERR011348_MEGAHIT_TaxVamb.20
k79_31099	ERR011348_MEGAHIT_TaxVamb.20
k79_31217	ERR011348_MEGAHIT_TaxVamb.20
k79_31562	ERR011348_MEGAHIT_TaxVamb.20
k79_31600	ERR011348_MEGAHIT_TaxVamb.20
k79_31757	ERR011348_MEGAHIT_TaxVamb.20
k79_32155	ERR011348_MEGAHIT_TaxVamb.20
k79_32215	ERR011348_MEGAHIT_TaxVamb.20
k79_32289	ERR011348_MEGAHIT_TaxVamb.20
k79_32296	ERR011348_MEGAHIT_TaxVamb.20
k79_32528	ERR011348_MEGAHIT_TaxVamb.20
k79_32642	ERR011348_MEGAHIT_TaxVamb.20
k79_327	ERR011348_MEGAHIT_TaxVamb.20
k79_33097	ERR011348_MEGAHIT_TaxVamb.20
k79_33460	ERR011348_MEGAHIT_TaxVamb.20
k79_33959	ERR011348_MEGAHIT_TaxVamb.20
k79_34253	ERR011348_MEGAHIT_TaxVamb.20
k79_34691	ERR011348_MEGAHIT_TaxVamb.20
k79_3474	ERR011348_MEGAHIT_TaxVamb.20
k79_35359	ERR011348_MEGAHIT_TaxVamb.20
k79_35431	ERR011348_MEGAHIT_TaxVamb.20
k79_35463	ERR011348_MEGAHIT_TaxVamb.20
k79_35622	ERR011348_MEGAHIT_TaxVamb.20
k79_35628	ERR011348_MEGAHIT_TaxVamb.20
k79_35733	ERR011348_MEGAHIT_TaxVamb.20
k79_35779	ERR011348_MEGAHIT_TaxVamb.20
k79_35884	ERR011348_MEGAHIT_TaxVamb.20
k79_36502	ERR011348_MEGAHIT_TaxVamb.20
k79_36661	ERR011348_MEGAHIT_TaxVamb.20
k79_36683	ERR011348_MEGAHIT_TaxVamb.20
k79_36857	ERR011348_MEGAHIT_TaxVamb.20
k79_36982	ERR011348_MEGAHIT_TaxVamb.20
k79_37097	ERR011348_MEGAHIT_TaxVamb.20
k79_3715	ERR011348_MEGAHIT_TaxVamb.20
k79_37180	ERR011348_MEGAHIT_TaxVamb.20
k79_37294	ERR011348_MEGAHIT_TaxVamb.20
k79_3730	ERR011348_MEGAHIT_TaxVamb.20
k79_37438	ERR011348_MEGAHIT_TaxVamb.20
k79_37520	ERR011348_MEGAHIT_TaxVamb.20
k79_37668	ERR011348_MEGAHIT_TaxVamb.20
k79_37879	ERR011348_MEGAHIT_TaxVamb.20
k79_37903	ERR011348_MEGAHIT_TaxVamb.20
k79_37906	ERR011348_MEGAHIT_TaxVamb.20
k79_38226	ERR011348_MEGAHIT_TaxVamb.20
k79_38314	ERR011348_MEGAHIT_TaxVamb.20
k79_38396	ERR011348_MEGAHIT_TaxVamb.20
k79_38568	ERR011348_MEGAHIT_TaxVamb.20
k79_38761	ERR011348_MEGAHIT_TaxVamb.20
k79_38766	ERR011348_MEGAHIT_TaxVamb.20
k79_38874	ERR011348_MEGAHIT_TaxVamb.20
k79_39414	ERR011348_MEGAHIT_TaxVamb.20
k79_3960	ERR011348_MEGAHIT_TaxVamb.20
k79_40151	ERR011348_MEGAHIT_TaxVamb.20
k79_40245	ERR011348_MEGAHIT_TaxVamb.20
k79_40399	ERR011348_MEGAHIT_TaxVamb.20
k79_40553	ERR011348_MEGAHIT_TaxVamb.20
k79_40560	ERR011348_MEGAHIT_TaxVamb.20
k79_40583	ERR011348_MEGAHIT_TaxVamb.20
k79_40586	ERR011348_MEGAHIT_TaxVamb.20
k79_40677	ERR011348_MEGAHIT_TaxVamb.20
k79_40681	ERR011348_MEGAHIT_TaxVamb.20
k79_41306	ERR011348_MEGAHIT_TaxVamb.20
k79_41712	ERR011348_MEGAHIT_TaxVamb.20
k79_41784	ERR011348_MEGAHIT_TaxVamb.20
k79_42176	ERR011348_MEGAHIT_TaxVamb.20
k79_42487	ERR011348_MEGAHIT_TaxVamb.20
k79_43247	ERR011348_MEGAHIT_TaxVamb.20
k79_4345	ERR011348_MEGAHIT_TaxVamb.20
k79_43526	ERR011348_MEGAHIT_TaxVamb.20
k79_43604	ERR011348_MEGAHIT_TaxVamb.20
k79_43865	ERR011348_MEGAHIT_TaxVamb.20
k79_44012	ERR011348_MEGAHIT_TaxVamb.20
k79_44234	ERR011348_MEGAHIT_TaxVamb.20
k79_44365	ERR011348_MEGAHIT_TaxVamb.20
k79_44844	ERR011348_MEGAHIT_TaxVamb.20
k79_44986	ERR011348_MEGAHIT_TaxVamb.20
k79_45055	ERR011348_MEGAHIT_TaxVamb.20
k79_45176	ERR011348_MEGAHIT_TaxVamb.20
k79_45635	ERR011348_MEGAHIT_TaxVamb.20
k79_46074	ERR011348_MEGAHIT_TaxVamb.20
k79_46266	ERR011348_MEGAHIT_TaxVamb.20
k79_46925	ERR011348_MEGAHIT_TaxVamb.20
k79_4699	ERR011348_MEGAHIT_TaxVamb.20
k79_47122	ERR011348_MEGAHIT_TaxVamb.20
k79_47228	ERR011348_MEGAHIT_TaxVamb.20
k79_47250	ERR011348_MEGAHIT_TaxVamb.20
k79_47258	ERR011348_MEGAHIT_TaxVamb.20
k79_4729	ERR011348_MEGAHIT_TaxVamb.20
k79_47910	ERR011348_MEGAHIT_TaxVamb.20
k79_48026	ERR011348_MEGAHIT_TaxVamb.20
k79_48481	ERR011348_MEGAHIT_TaxVamb.20
k79_48850	ERR011348_MEGAHIT_TaxVamb.20
k79_49102	ERR011348_MEGAHIT_TaxVamb.20
k79_4926	ERR011348_MEGAHIT_TaxVamb.20
k79_49364	ERR011348_MEGAHIT_TaxVamb.20
k79_50526	ERR011348_MEGAHIT_TaxVamb.20
k79_50572	ERR011348_MEGAHIT_TaxVamb.20
k79_50648	ERR011348_MEGAHIT_TaxVamb.20
k79_50836	ERR011348_MEGAHIT_TaxVamb.20
k79_50867	ERR011348_MEGAHIT_TaxVamb.20
k79_51034	ERR011348_MEGAHIT_TaxVamb.20
k79_51299	ERR011348_MEGAHIT_TaxVamb.20
k79_51763	ERR011348_MEGAHIT_TaxVamb.20
k79_51918	ERR011348_MEGAHIT_TaxVamb.20
k79_52057	ERR011348_MEGAHIT_TaxVamb.20
k79_52135	ERR011348_MEGAHIT_TaxVamb.20
k79_5217	ERR011348_MEGAHIT_TaxVamb.20
k79_5255	ERR011348_MEGAHIT_TaxVamb.20
k79_52578	ERR011348_MEGAHIT_TaxVamb.20
k79_52778	ERR011348_MEGAHIT_TaxVamb.20
k79_53098	ERR011348_MEGAHIT_TaxVamb.20
k79_53246	ERR011348_MEGAHIT_TaxVamb.20
k79_53356	ERR011348_MEGAHIT_TaxVamb.20
k79_5398	ERR011348_MEGAHIT_TaxVamb.20
k79_53997	ERR011348_MEGAHIT_TaxVamb.20
k79_54330	ERR011348_MEGAHIT_TaxVamb.20
k79_54779	ERR011348_MEGAHIT_TaxVamb.20
k79_54870	ERR011348_MEGAHIT_TaxVamb.20
k79_55047	ERR011348_MEGAHIT_TaxVamb.20
k79_55227	ERR011348_MEGAHIT_TaxVamb.20
k79_55251	ERR011348_MEGAHIT_TaxVamb.20
k79_55348	ERR011348_MEGAHIT_TaxVamb.20
k79_55399	ERR011348_MEGAHIT_TaxVamb.20
k79_55515	ERR011348_MEGAHIT_TaxVamb.20
k79_55532	ERR011348_MEGAHIT_TaxVamb.20
k79_55649	ERR011348_MEGAHIT_TaxVamb.20
k79_55666	ERR011348_MEGAHIT_TaxVamb.20
k79_55984	ERR011348_MEGAHIT_TaxVamb.20
k79_56154	ERR011348_MEGAHIT_TaxVamb.20
k79_56419	ERR011348_MEGAHIT_TaxVamb.20
k79_56458	ERR011348_MEGAHIT_TaxVamb.20
k79_56758	ERR011348_MEGAHIT_TaxVamb.20
k79_56867	ERR011348_MEGAHIT_TaxVamb.20
k79_57326	ERR011348_MEGAHIT_TaxVamb.20
k79_58023	ERR011348_MEGAHIT_TaxVamb.20
k79_58307	ERR011348_MEGAHIT_TaxVamb.20
k79_58390	ERR011348_MEGAHIT_TaxVamb.20
k79_58939	ERR011348_MEGAHIT_TaxVamb.20
k79_59330	ERR011348_MEGAHIT_TaxVamb.20
k79_59496	ERR011348_MEGAHIT_TaxVamb.20
k79_59800	ERR011348_MEGAHIT_TaxVamb.20
k79_60165	ERR011348_MEGAHIT_TaxVamb.20
k79_60189	ERR011348_MEGAHIT_TaxVamb.20
k79_60347	ERR011348_MEGAHIT_TaxVamb.20
k79_60841	ERR011348_MEGAHIT_TaxVamb.20
k79_61194	ERR011348_MEGAHIT_TaxVamb.20
k79_61294	ERR011348_MEGAHIT_TaxVamb.20
k79_61379	ERR011348_MEGAHIT_TaxVamb.20
k79_61449	ERR011348_MEGAHIT_TaxVamb.20
k79_6187	ERR011348_MEGAHIT_TaxVamb.20
k79_61965	ERR011348_MEGAHIT_TaxVamb.20
k79_62113	ERR011348_MEGAHIT_TaxVamb.20
k79_62532	ERR011348_MEGAHIT_TaxVamb.20
k79_62714	ERR011348_MEGAHIT_TaxVamb.20
k79_63311	ERR011348_MEGAHIT_TaxVamb.20
k79_63716	ERR011348_MEGAHIT_TaxVamb.20
k79_64289	ERR011348_MEGAHIT_TaxVamb.20
k79_65022	ERR011348_MEGAHIT_TaxVamb.20
k79_65145	ERR011348_MEGAHIT_TaxVamb.20
k79_65177	ERR011348_MEGAHIT_TaxVamb.20
k79_65572	ERR011348_MEGAHIT_TaxVamb.20
k79_65624	ERR011348_MEGAHIT_TaxVamb.20
k79_66508	ERR011348_MEGAHIT_TaxVamb.20
k79_66521	ERR011348_MEGAHIT_TaxVamb.20
k79_66619	ERR011348_MEGAHIT_TaxVamb.20
k79_67013	ERR011348_MEGAHIT_TaxVamb.20
k79_67071	ERR011348_MEGAHIT_TaxVamb.20
k79_67128	ERR011348_MEGAHIT_TaxVamb.20
k79_67204	ERR011348_MEGAHIT_TaxVamb.20
k79_67243	ERR011348_MEGAHIT_TaxVamb.20
k79_67390	ERR011348_MEGAHIT_TaxVamb.20
k79_67784	ERR011348_MEGAHIT_TaxVamb.20
k79_67830	ERR011348_MEGAHIT_TaxVamb.20
k79_67926	ERR011348_MEGAHIT_TaxVamb.20
k79_67949	ERR011348_MEGAHIT_TaxVamb.20
k79_68188	ERR011348_MEGAHIT_TaxVamb.20
k79_6825	ERR011348_MEGAHIT_TaxVamb.20
k79_68278	ERR011348_MEGAHIT_TaxVamb.20
k79_68514	ERR011348_MEGAHIT_TaxVamb.20
k79_68755	ERR011348_MEGAHIT_TaxVamb.20
k79_68794	ERR011348_MEGAHIT_TaxVamb.20
k79_69037	ERR011348_MEGAHIT_TaxVamb.20
k79_69064	ERR011348_MEGAHIT_TaxVamb.20
k79_69080	ERR011348_MEGAHIT_TaxVamb.20
k79_69436	ERR011348_MEGAHIT_TaxVamb.20
k79_69485	ERR011348_MEGAHIT_TaxVamb.20
k79_69622	ERR011348_MEGAHIT_TaxVamb.20
k79_69689	ERR011348_MEGAHIT_TaxVamb.20
k79_69788	ERR011348_MEGAHIT_TaxVamb.20
k79_69821	ERR011348_MEGAHIT_TaxVamb.20
k79_69958	ERR011348_MEGAHIT_TaxVamb.20
k79_69995	ERR011348_MEGAHIT_TaxVamb.20
k79_70257	ERR011348_MEGAHIT_TaxVamb.20
k79_70335	ERR011348_MEGAHIT_TaxVamb.20
k79_70446	ERR011348_MEGAHIT_TaxVamb.20
k79_70449	ERR011348_MEGAHIT_TaxVamb.20
k79_70522	ERR011348_MEGAHIT_TaxVamb.20
k79_71106	ERR011348_MEGAHIT_TaxVamb.20
k79_71215	ERR011348_MEGAHIT_TaxVamb.20
k79_71801	ERR011348_MEGAHIT_TaxVamb.20
k79_7207	ERR011348_MEGAHIT_TaxVamb.20
k79_7218	ERR011348_MEGAHIT_TaxVamb.20
k79_72271	ERR011348_MEGAHIT_TaxVamb.20
k79_72486	ERR011348_MEGAHIT_TaxVamb.20
k79_72603	ERR011348_MEGAHIT_TaxVamb.20
k79_72608	ERR011348_MEGAHIT_TaxVamb.20
k79_72898	ERR011348_MEGAHIT_TaxVamb.20
k79_72945	ERR011348_MEGAHIT_TaxVamb.20
k79_73189	ERR011348_MEGAHIT_TaxVamb.20
k79_73304	ERR011348_MEGAHIT_TaxVamb.20
k79_73358	ERR011348_MEGAHIT_TaxVamb.20
k79_73385	ERR011348_MEGAHIT_TaxVamb.20
k79_7341	ERR011348_MEGAHIT_TaxVamb.20
k79_73431	ERR011348_MEGAHIT_TaxVamb.20
k79_73447	ERR011348_MEGAHIT_TaxVamb.20
k79_73798	ERR011348_MEGAHIT_TaxVamb.20
k79_73890	ERR011348_MEGAHIT_TaxVamb.20
k79_73973	ERR011348_MEGAHIT_TaxVamb.20
k79_73981	ERR011348_MEGAHIT_TaxVamb.20
k79_74030	ERR011348_MEGAHIT_TaxVamb.20
k79_74031	ERR011348_MEGAHIT_TaxVamb.20
k79_74121	ERR011348_MEGAHIT_TaxVamb.20
k79_74149	ERR011348_MEGAHIT_TaxVamb.20
k79_74183	ERR011348_MEGAHIT_TaxVamb.20
k79_74381	ERR011348_MEGAHIT_TaxVamb.20
k79_74516	ERR011348_MEGAHIT_TaxVamb.20
k79_75186	ERR011348_MEGAHIT_TaxVamb.20
k79_75194	ERR011348_MEGAHIT_TaxVamb.20
k79_75345	ERR011348_MEGAHIT_TaxVamb.20
k79_75347	ERR011348_MEGAHIT_TaxVamb.20
k79_75388	ERR011348_MEGAHIT_TaxVamb.20
k79_75421	ERR011348_MEGAHIT_TaxVamb.20
k79_75569	ERR011348_MEGAHIT_TaxVamb.20
k79_76082	ERR011348_MEGAHIT_TaxVamb.20
k79_76229	ERR011348_MEGAHIT_TaxVamb.20
k79_76311	ERR011348_MEGAHIT_TaxVamb.20
k79_7692	ERR011348_MEGAHIT_TaxVamb.20
k79_77042	ERR011348_MEGAHIT_TaxVamb.20
k79_77222	ERR011348_MEGAHIT_TaxVamb.20
k79_77229	ERR011348_MEGAHIT_TaxVamb.20
k79_77292	ERR011348_MEGAHIT_TaxVamb.20
k79_7730	ERR011348_MEGAHIT_TaxVamb.20
k79_77386	ERR011348_MEGAHIT_TaxVamb.20
k79_77460	ERR011348_MEGAHIT_TaxVamb.20
k79_77533	ERR011348_MEGAHIT_TaxVamb.20
k79_77957	ERR011348_MEGAHIT_TaxVamb.20
k79_78283	ERR011348_MEGAHIT_TaxVamb.20
k79_78604	ERR011348_MEGAHIT_TaxVamb.20
k79_7862	ERR011348_MEGAHIT_TaxVamb.20
k79_78892	ERR011348_MEGAHIT_TaxVamb.20
k79_79018	ERR011348_MEGAHIT_TaxVamb.20
k79_79130	ERR011348_MEGAHIT_TaxVamb.20
k79_79399	ERR011348_MEGAHIT_TaxVamb.20
k79_79469	ERR011348_MEGAHIT_TaxVamb.20
k79_79591	ERR011348_MEGAHIT_TaxVamb.20
k79_79671	ERR011348_MEGAHIT_TaxVamb.20
k79_7972	ERR011348_MEGAHIT_TaxVamb.20
k79_80070	ERR011348_MEGAHIT_TaxVamb.20
k79_80083	ERR011348_MEGAHIT_TaxVamb.20
k79_80173	ERR011348_MEGAHIT_TaxVamb.20
k79_80387	ERR011348_MEGAHIT_TaxVamb.20
k79_80457	ERR011348_MEGAHIT_TaxVamb.20
k79_80638	ERR011348_MEGAHIT_TaxVamb.20
k79_80674	ERR011348_MEGAHIT_TaxVamb.20
k79_80682	ERR011348_MEGAHIT_TaxVamb.20
k79_80834	ERR011348_MEGAHIT_TaxVamb.20
k79_80941	ERR011348_MEGAHIT_TaxVamb.20
k79_81412	ERR011348_MEGAHIT_TaxVamb.20
k79_81511	ERR011348_MEGAHIT_TaxVamb.20
k79_81516	ERR011348_MEGAHIT_TaxVamb.20
k79_81583	ERR011348_MEGAHIT_TaxVamb.20
k79_81843	ERR011348_MEGAHIT_TaxVamb.20
k79_82057	ERR011348_MEGAHIT_TaxVamb.20
k79_82068	ERR011348_MEGAHIT_TaxVamb.20
k79_82076	ERR011348_MEGAHIT_TaxVamb.20
k79_82228	ERR011348_MEGAHIT_TaxVamb.20
k79_82254	ERR011348_MEGAHIT_TaxVamb.20
k79_82278	ERR011348_MEGAHIT_TaxVamb.20
k79_82497	ERR011348_MEGAHIT_TaxVamb.20
k79_82617	ERR011348_MEGAHIT_TaxVamb.20
k79_82702	ERR011348_MEGAHIT_TaxVamb.20
k79_82711	ERR011348_MEGAHIT_TaxVamb.20
k79_82728	ERR011348_MEGAHIT_TaxVamb.20
k79_8292	ERR011348_MEGAHIT_TaxVamb.20
k79_83088	ERR011348_MEGAHIT_TaxVamb.20
k79_83091	ERR011348_MEGAHIT_TaxVamb.20
k79_8363	ERR011348_MEGAHIT_TaxVamb.20
k79_83899	ERR011348_MEGAHIT_TaxVamb.20
k79_84204	ERR011348_MEGAHIT_TaxVamb.20
k79_84323	ERR011348_MEGAHIT_TaxVamb.20
k79_84542	ERR011348_MEGAHIT_TaxVamb.20
k79_84620	ERR011348_MEGAHIT_TaxVamb.20
k79_8480	ERR011348_MEGAHIT_TaxVamb.20
k79_84952	ERR011348_MEGAHIT_TaxVamb.20
k79_85153	ERR011348_MEGAHIT_TaxVamb.20
k79_85458	ERR011348_MEGAHIT_TaxVamb.20
k79_85536	ERR011348_MEGAHIT_TaxVamb.20
k79_85953	ERR011348_MEGAHIT_TaxVamb.20
k79_8603	ERR011348_MEGAHIT_TaxVamb.20
k79_86104	ERR011348_MEGAHIT_TaxVamb.20
k79_86173	ERR011348_MEGAHIT_TaxVamb.20
k79_86235	ERR011348_MEGAHIT_TaxVamb.20
k79_86287	ERR011348_MEGAHIT_TaxVamb.20
k79_86423	ERR011348_MEGAHIT_TaxVamb.20
k79_87519	ERR011348_MEGAHIT_TaxVamb.20
k79_87737	ERR011348_MEGAHIT_TaxVamb.20
k79_87788	ERR011348_MEGAHIT_TaxVamb.20
k79_88137	ERR011348_MEGAHIT_TaxVamb.20
k79_8870	ERR011348_MEGAHIT_TaxVamb.20
k79_88789	ERR011348_MEGAHIT_TaxVamb.20
k79_8905	ERR011348_MEGAHIT_TaxVamb.20
k79_89226	ERR011348_MEGAHIT_TaxVamb.20
k79_89292	ERR011348_MEGAHIT_TaxVamb.20
k79_89432	ERR011348_MEGAHIT_TaxVamb.20
k79_89568	ERR011348_MEGAHIT_TaxVamb.20
k79_89783	ERR011348_MEGAHIT_TaxVamb.20
k79_90105	ERR011348_MEGAHIT_TaxVamb.20
k79_9023	ERR011348_MEGAHIT_TaxVamb.20
k79_90441	ERR011348_MEGAHIT_TaxVamb.20
k79_90837	ERR011348_MEGAHIT_TaxVamb.20
k79_91071	ERR011348_MEGAHIT_TaxVamb.20
k79_9109	ERR011348_MEGAHIT_TaxVamb.20
k79_91350	ERR011348_MEGAHIT_TaxVamb.20
k79_91469	ERR011348_MEGAHIT_TaxVamb.20
k79_91470	ERR011348_MEGAHIT_TaxVamb.20
k79_91720	ERR011348_MEGAHIT_TaxVamb.20
k79_91744	ERR011348_MEGAHIT_TaxVamb.20
k79_92440	ERR011348_MEGAHIT_TaxVamb.20
k79_92630	ERR011348_MEGAHIT_TaxVamb.20
k79_92865	ERR011348_MEGAHIT_TaxVamb.20
k79_93116	ERR011348_MEGAHIT_TaxVamb.20
k79_93174	ERR011348_MEGAHIT_TaxVamb.20
k79_93346	ERR011348_MEGAHIT_TaxVamb.20
k79_93388	ERR011348_MEGAHIT_TaxVamb.20
k79_93706	ERR011348_MEGAHIT_TaxVamb.20
k79_93727	ERR011348_MEGAHIT_TaxVamb.20
k79_93793	ERR011348_MEGAHIT_TaxVamb.20
k79_93826	ERR011348_MEGAHIT_TaxVamb.20
k79_94348	ERR011348_MEGAHIT_TaxVamb.20
k79_94632	ERR011348_MEGAHIT_TaxVamb.20
k79_94887	ERR011348_MEGAHIT_TaxVamb.20
k79_95012	ERR011348_MEGAHIT_TaxVamb.20
k79_95099	ERR011348_MEGAHIT_TaxVamb.20
k79_95311	ERR011348_MEGAHIT_TaxVamb.20
k79_95403	ERR011348_MEGAHIT_TaxVamb.20
k79_95502	ERR011348_MEGAHIT_TaxVamb.20
k79_95874	ERR011348_MEGAHIT_TaxVamb.20
k79_95880	ERR011348_MEGAHIT_TaxVamb.20
k79_959	ERR011348_MEGAHIT_TaxVamb.20
k79_96153	ERR011348_MEGAHIT_TaxVamb.20
k79_96277	ERR011348_MEGAHIT_TaxVamb.20
k79_9680	ERR011348_MEGAHIT_TaxVamb.20
k79_9726	ERR011348_MEGAHIT_TaxVamb.20
k79_973	ERR011348_MEGAHIT_TaxVamb.20
k79_10065	ERR011348_MEGAHIT_MetaBinner.6_sub
k79_10201	ERR011348_MEGAHIT_MetaBinner.6_sub
k79_10257	ERR011348_MEGAHIT_MetaBinner.6_sub
k79_10410	ERR011348_MEGAHIT_MetaBinner.6_sub
k79_1056	ERR011348_MEGAHIT_MetaBinner.6_sub
k79_10771	ERR011348_MEGAHIT_MetaBinner.6_sub
k79_10943	ERR011348_MEGAHIT_MetaBinner.6_sub
k79_11219	ERR011348_MEGAHIT_MetaBinner.6_sub
k79_11355	ERR011348_MEGAHIT_MetaBinner.6_sub
k79_12019	ERR011348_MEGAHIT_MetaBinner.6_sub
k79_12212	ERR011348_MEGAHIT_MetaBinner.6_sub
k79_1222	ERR011348_MEGAHIT_MetaBinner.6_sub
k79_12272	ERR011348_MEGAHIT_MetaBinner.6_sub
k79_12338	ERR011348_MEGAHIT_MetaBinner.6_sub
k79_12341	ERR011348_MEGAHIT_MetaBinner.6_sub
k79_1246	ERR011348_MEGAHIT_MetaBinner.6_sub
k79_12623	ERR011348_MEGAHIT_MetaBinner.6_sub
k79_12637	ERR011348_MEGAHIT_MetaBinner.6_sub
k79_12814	ERR011348_MEGAHIT_MetaBinner.6_sub
k79_12923	ERR011348_MEGAHIT_MetaBinner.6_sub
k79_13425	ERR011348_MEGAHIT_MetaBinner.6_sub
k79_13468	ERR011348_MEGAHIT_MetaBinner.6_sub
k79_13589	ERR011348_MEGAHIT_MetaBinner.6_sub
k79_13646	ERR011348_MEGAHIT_MetaBinner.6_sub
k79_13663	ERR011348_MEGAHIT_MetaBinner.6_sub
k79_1373	ERR011348_MEGAHIT_MetaBinner.6_sub
k79_13780	ERR011348_MEGAHIT_MetaBinner.6_sub
k79_13841	ERR011348_MEGAHIT_MetaBinner.6_sub
k79_13952	ERR011348_MEGAHIT_MetaBinner.6_sub
k79_13982	ERR011348_MEGAHIT_MetaBinner.6_sub
k79_14062	ERR011348_MEGAHIT_MetaBinner.6_sub
k79_1418	ERR011348_MEGAHIT_MetaBinner.6_sub
k79_14271	ERR011348_MEGAHIT_MetaBinner.6_sub
k79_14467	ERR011348_MEGAHIT_MetaBinner.6_sub
k79_14812	ERR011348_MEGAHIT_MetaBinner.6_sub
k79_15073	ERR011348_MEGAHIT_MetaBinner.6_sub
k79_15172	ERR011348_MEGAHIT_MetaBinner.6_sub
k79_15627	ERR011348_MEGAHIT_MetaBinner.6_sub
k79_15659	ERR011348_MEGAHIT_MetaBinner.6_sub
k79_15810	ERR011348_MEGAHIT_MetaBinner.6_sub
k79_15811	ERR011348_MEGAHIT_MetaBinner.6_sub
k79_16153	ERR011348_MEGAHIT_MetaBinner.6_sub
k79_16412	ERR011348_MEGAHIT_MetaBinner.6_sub
k79_16551	ERR011348_MEGAHIT_MetaBinner.6_sub
k79_16774	ERR011348_MEGAHIT_MetaBinner.6_sub
k79_16882	ERR011348_MEGAHIT_MetaBinner.6_sub
k79_16975	ERR011348_MEGAHIT_MetaBinner.6_sub
k79_17131	ERR011348_MEGAHIT_MetaBinner.6_sub
k79_17179	ERR011348_MEGAHIT_MetaBinner.6_sub
k79_1727	ERR011348_MEGAHIT_MetaBinner.6_sub
k79_17300	ERR011348_MEGAHIT_MetaBinner.6_sub
k79_17301	ERR011348_MEGAHIT_MetaBinner.6_sub
k79_17644	ERR011348_MEGAHIT_MetaBinner.6_sub
k79_17774	ERR011348_MEGAHIT_MetaBinner.6_sub
k79_17897	ERR011348_MEGAHIT_MetaBinner.6_sub
k79_18011	ERR011348_MEGAHIT_MetaBinner.6_sub
k79_18088	ERR011348_MEGAHIT_MetaBinner.6_sub
k79_18221	ERR011348_MEGAHIT_MetaBinner.6_sub
k79_18706	ERR011348_MEGAHIT_MetaBinner.6_sub
k79_18893	ERR011348_MEGAHIT_MetaBinner.6_sub
k79_18911	ERR011348_MEGAHIT_MetaBinner.6_sub
k79_19025	ERR011348_MEGAHIT_MetaBinner.6_sub
k79_19586	ERR011348_MEGAHIT_MetaBinner.6_sub
k79_19612	ERR011348_MEGAHIT_MetaBinner.6_sub
k79_19721	ERR011348_MEGAHIT_MetaBinner.6_sub
k79_1991	ERR011348_MEGAHIT_MetaBinner.6_sub
k79_19938	ERR011348_MEGAHIT_MetaBinner.6_sub
k79_20260	ERR011348_MEGAHIT_MetaBinner.6_sub
k79_20337	ERR011348_MEGAHIT_MetaBinner.6_sub
k79_20479	ERR011348_MEGAHIT_MetaBinner.6_sub
k79_20536	ERR011348_MEGAHIT_MetaBinner.6_sub
k79_20860	ERR011348_MEGAHIT_MetaBinner.6_sub
k79_20929	ERR011348_MEGAHIT_MetaBinner.6_sub
k79_20984	ERR011348_MEGAHIT_MetaBinner.6_sub
k79_21213	ERR011348_MEGAHIT_MetaBinner.6_sub
k79_2124	ERR011348_MEGAHIT_MetaBinner.6_sub
k79_21657	ERR011348_MEGAHIT_MetaBinner.6_sub
k79_21668	ERR011348_MEGAHIT_MetaBinner.6_sub
k79_21712	ERR011348_MEGAHIT_MetaBinner.6_sub
k79_21856	ERR011348_MEGAHIT_MetaBinner.6_sub
k79_22056	ERR011348_MEGAHIT_MetaBinner.6_sub
k79_22303	ERR011348_MEGAHIT_MetaBinner.6_sub
k79_2263	ERR011348_MEGAHIT_MetaBinner.6_sub
k79_2271	ERR011348_MEGAHIT_MetaBinner.6_sub
k79_23157	ERR011348_MEGAHIT_MetaBinner.6_sub
k79_23265	ERR011348_MEGAHIT_MetaBinner.6_sub
k79_23279	ERR011348_MEGAHIT_MetaBinner.6_sub
k79_2367	ERR011348_MEGAHIT_MetaBinner.6_sub
k79_23830	ERR011348_MEGAHIT_MetaBinner.6_sub
k79_24062	ERR011348_MEGAHIT_MetaBinner.6_sub
k79_24109	ERR011348_MEGAHIT_MetaBinner.6_sub
k79_2421	ERR011348_MEGAHIT_MetaBinner.6_sub
k79_2440	ERR011348_MEGAHIT_MetaBinner.6_sub
k79_24728	ERR011348_MEGAHIT_MetaBinner.6_sub
k79_24792	ERR011348_MEGAHIT_MetaBinner.6_sub
k79_25006	ERR011348_MEGAHIT_MetaBinner.6_sub
k79_25011	ERR011348_MEGAHIT_MetaBinner.6_sub
k79_2506	ERR011348_MEGAHIT_MetaBinner.6_sub
k79_25173	ERR011348_MEGAHIT_MetaBinner.6_sub
k79_25290	ERR011348_MEGAHIT_MetaBinner.6_sub
k79_25316	ERR011348_MEGAHIT_MetaBinner.6_sub
k79_25321	ERR011348_MEGAHIT_MetaBinner.6_sub
k79_2542	ERR011348_MEGAHIT_MetaBinner.6_sub
k79_25532	ERR011348_MEGAHIT_MetaBinner.6_sub
k79_25704	ERR011348_MEGAHIT_MetaBinner.6_sub
k79_25774	ERR011348_MEGAHIT_MetaBinner.6_sub
k79_26077	ERR011348_MEGAHIT_MetaBinner.6_sub
k79_26081	ERR011348_MEGAHIT_MetaBinner.6_sub
k79_26115	ERR011348_MEGAHIT_MetaBinner.6_sub
k79_26444	ERR011348_MEGAHIT_MetaBinner.6_sub
k79_27270	ERR011348_MEGAHIT_MetaBinner.6_sub
k79_27510	ERR011348_MEGAHIT_MetaBinner.6_sub
k79_27590	ERR011348_MEGAHIT_MetaBinner.6_sub
k79_27678	ERR011348_MEGAHIT_MetaBinner.6_sub
k79_2768	ERR011348_MEGAHIT_MetaBinner.6_sub
k79_27716	ERR011348_MEGAHIT_MetaBinner.6_sub
k79_27822	ERR011348_MEGAHIT_MetaBinner.6_sub
k79_27867	ERR011348_MEGAHIT_MetaBinner.6_sub
k79_27958	ERR011348_MEGAHIT_MetaBinner.6_sub
k79_28139	ERR011348_MEGAHIT_MetaBinner.6_sub
k79_28243	ERR011348_MEGAHIT_MetaBinner.6_sub
k79_28597	ERR011348_MEGAHIT_MetaBinner.6_sub
k79_28772	ERR011348_MEGAHIT_MetaBinner.6_sub
k79_28780	ERR011348_MEGAHIT_MetaBinner.6_sub
k79_28873	ERR011348_MEGAHIT_MetaBinner.6_sub
k79_28982	ERR011348_MEGAHIT_MetaBinner.6_sub
k79_29021	ERR011348_MEGAHIT_MetaBinner.6_sub
k79_29157	ERR011348_MEGAHIT_MetaBinner.6_sub
k79_29539	ERR011348_MEGAHIT_MetaBinner.6_sub
k79_29557	ERR011348_MEGAHIT_MetaBinner.6_sub
k79_29632	ERR011348_MEGAHIT_MetaBinner.6_sub
k79_2980	ERR011348_MEGAHIT_MetaBinner.6_sub
k79_30083	ERR011348_MEGAHIT_MetaBinner.6_sub
k79_30220	ERR011348_MEGAHIT_MetaBinner.6_sub
k79_30256	ERR011348_MEGAHIT_MetaBinner.6_sub
k79_3029	ERR011348_MEGAHIT_MetaBinner.6_sub
k79_3043	ERR011348_MEGAHIT_MetaBinner.6_sub
k79_30557	ERR011348_MEGAHIT_MetaBinner.6_sub
k79_30644	ERR011348_MEGAHIT_MetaBinner.6_sub
k79_31202	ERR011348_MEGAHIT_MetaBinner.6_sub
k79_31334	ERR011348_MEGAHIT_MetaBinner.6_sub
k79_31420	ERR011348_MEGAHIT_MetaBinner.6_sub
k79_31548	ERR011348_MEGAHIT_MetaBinner.6_sub
k79_31564	ERR011348_MEGAHIT_MetaBinner.6_sub
k79_31711	ERR011348_MEGAHIT_MetaBinner.6_sub
k79_32308	ERR011348_MEGAHIT_MetaBinner.6_sub
k79_32386	ERR011348_MEGAHIT_MetaBinner.6_sub
k79_32531	ERR011348_MEGAHIT_MetaBinner.6_sub
k79_3264	ERR011348_MEGAHIT_MetaBinner.6_sub
k79_32670	ERR011348_MEGAHIT_MetaBinner.6_sub
k79_32673	ERR011348_MEGAHIT_MetaBinner.6_sub
k79_32685	ERR011348_MEGAHIT_MetaBinner.6_sub
k79_32736	ERR011348_MEGAHIT_MetaBinner.6_sub
k79_3278	ERR011348_MEGAHIT_MetaBinner.6_sub
k79_32922	ERR011348_MEGAHIT_MetaBinner.6_sub
k79_3300	ERR011348_MEGAHIT_MetaBinner.6_sub
k79_33112	ERR011348_MEGAHIT_MetaBinner.6_sub
k79_33310	ERR011348_MEGAHIT_MetaBinner.6_sub
k79_33330	ERR011348_MEGAHIT_MetaBinner.6_sub
k79_33513	ERR011348_MEGAHIT_MetaBinner.6_sub
k79_33681	ERR011348_MEGAHIT_MetaBinner.6_sub
k79_3372	ERR011348_MEGAHIT_MetaBinner.6_sub
k79_33917	ERR011348_MEGAHIT_MetaBinner.6_sub
k79_34219	ERR011348_MEGAHIT_MetaBinner.6_sub
k79_34495	ERR011348_MEGAHIT_MetaBinner.6_sub
k79_34535	ERR011348_MEGAHIT_MetaBinner.6_sub
k79_34762	ERR011348_MEGAHIT_MetaBinner.6_sub
k79_34803	ERR011348_MEGAHIT_MetaBinner.6_sub
k79_34816	ERR011348_MEGAHIT_MetaBinner.6_sub
k79_34873	ERR011348_MEGAHIT_MetaBinner.6_sub
k79_35091	ERR011348_MEGAHIT_MetaBinner.6_sub
k79_35130	ERR011348_MEGAHIT_MetaBinner.6_sub
k79_35285	ERR011348_MEGAHIT_MetaBinner.6_sub
k79_35680	ERR011348_MEGAHIT_MetaBinner.6_sub
k79_35703	ERR011348_MEGAHIT_MetaBinner.6_sub
k79_3613	ERR011348_MEGAHIT_MetaBinner.6_sub
k79_36147	ERR011348_MEGAHIT_MetaBinner.6_sub
k79_36183	ERR011348_MEGAHIT_MetaBinner.6_sub
k79_36235	ERR011348_MEGAHIT_MetaBinner.6_sub
k79_36390	ERR011348_MEGAHIT_MetaBinner.6_sub
k79_36635	ERR011348_MEGAHIT_MetaBinner.6_sub
k79_37283	ERR011348_MEGAHIT_MetaBinner.6_sub
k79_37561	ERR011348_MEGAHIT_MetaBinner.6_sub
k79_37769	ERR011348_MEGAHIT_MetaBinner.6_sub
k79_37777	ERR011348_MEGAHIT_MetaBinner.6_sub
k79_37941	ERR011348_MEGAHIT_MetaBinner.6_sub
k79_3797	ERR011348_MEGAHIT_MetaBinner.6_sub
k79_38794	ERR011348_MEGAHIT_MetaBinner.6_sub
k79_3881	ERR011348_MEGAHIT_MetaBinner.6_sub
k79_38933	ERR011348_MEGAHIT_MetaBinner.6_sub
k79_38988	ERR011348_MEGAHIT_MetaBinner.6_sub
k79_39310	ERR011348_MEGAHIT_MetaBinner.6_sub
k79_3992	ERR011348_MEGAHIT_MetaBinner.6_sub
k79_4010	ERR011348_MEGAHIT_MetaBinner.6_sub
k79_40656	ERR011348_MEGAHIT_MetaBinner.6_sub
k79_40685	ERR011348_MEGAHIT_MetaBinner.6_sub
k79_4090	ERR011348_MEGAHIT_MetaBinner.6_sub
k79_4166	ERR011348_MEGAHIT_MetaBinner.6_sub
k79_41754	ERR011348_MEGAHIT_MetaBinner.6_sub
k79_4202	ERR011348_MEGAHIT_MetaBinner.6_sub
k79_42171	ERR011348_MEGAHIT_MetaBinner.6_sub
k79_4221	ERR011348_MEGAHIT_MetaBinner.6_sub
k79_42253	ERR011348_MEGAHIT_MetaBinner.6_sub
k79_42326	ERR011348_MEGAHIT_MetaBinner.6_sub
k79_42337	ERR011348_MEGAHIT_MetaBinner.6_sub
k79_42524	ERR011348_MEGAHIT_MetaBinner.6_sub
k79_42531	ERR011348_MEGAHIT_MetaBinner.6_sub
k79_4291	ERR011348_MEGAHIT_MetaBinner.6_sub
k79_43061	ERR011348_MEGAHIT_MetaBinner.6_sub
k79_43064	ERR011348_MEGAHIT_MetaBinner.6_sub
k79_43144	ERR011348_MEGAHIT_MetaBinner.6_sub
k79_43173	ERR011348_MEGAHIT_MetaBinner.6_sub
k79_43251	ERR011348_MEGAHIT_MetaBinner.6_sub
k79_43473	ERR011348_MEGAHIT_MetaBinner.6_sub
k79_43552	ERR011348_MEGAHIT_MetaBinner.6_sub
k79_43860	ERR011348_MEGAHIT_MetaBinner.6_sub
k79_44038	ERR011348_MEGAHIT_MetaBinner.6_sub
k79_44106	ERR011348_MEGAHIT_MetaBinner.6_sub
k79_44172	ERR011348_MEGAHIT_MetaBinner.6_sub
k79_44223	ERR011348_MEGAHIT_MetaBinner.6_sub
k79_44247	ERR011348_MEGAHIT_MetaBinner.6_sub
k79_44320	ERR011348_MEGAHIT_MetaBinner.6_sub
k79_44558	ERR011348_MEGAHIT_MetaBinner.6_sub
k79_44679	ERR011348_MEGAHIT_MetaBinner.6_sub
k79_45722	ERR011348_MEGAHIT_MetaBinner.6_sub
k79_45938	ERR011348_MEGAHIT_MetaBinner.6_sub
k79_46588	ERR011348_MEGAHIT_MetaBinner.6_sub
k79_4663	ERR011348_MEGAHIT_MetaBinner.6_sub
k79_46635	ERR011348_MEGAHIT_MetaBinner.6_sub
k79_46719	ERR011348_MEGAHIT_MetaBinner.6_sub
k79_46946	ERR011348_MEGAHIT_MetaBinner.6_sub
k79_46961	ERR011348_MEGAHIT_MetaBinner.6_sub
k79_47099	ERR011348_MEGAHIT_MetaBinner.6_sub
k79_47208	ERR011348_MEGAHIT_MetaBinner.6_sub
k79_47280	ERR011348_MEGAHIT_MetaBinner.6_sub
k79_47285	ERR011348_MEGAHIT_MetaBinner.6_sub
k79_47549	ERR011348_MEGAHIT_MetaBinner.6_sub
k79_47678	ERR011348_MEGAHIT_MetaBinner.6_sub
k79_47758	ERR011348_MEGAHIT_MetaBinner.6_sub
k79_47761	ERR011348_MEGAHIT_MetaBinner.6_sub
k79_47856	ERR011348_MEGAHIT_MetaBinner.6_sub
k79_47900	ERR011348_MEGAHIT_MetaBinner.6_sub
k79_48111	ERR011348_MEGAHIT_MetaBinner.6_sub
k79_48171	ERR011348_MEGAHIT_MetaBinner.6_sub
k79_48174	ERR011348_MEGAHIT_MetaBinner.6_sub
k79_48317	ERR011348_MEGAHIT_MetaBinner.6_sub
k79_48383	ERR011348_MEGAHIT_MetaBinner.6_sub
k79_48574	ERR011348_MEGAHIT_MetaBinner.6_sub
k79_48669	ERR011348_MEGAHIT_MetaBinner.6_sub
k79_48706	ERR011348_MEGAHIT_MetaBinner.6_sub
k79_48716	ERR011348_MEGAHIT_MetaBinner.6_sub
k79_4878	ERR011348_MEGAHIT_MetaBinner.6_sub
k79_48797	ERR011348_MEGAHIT_MetaBinner.6_sub
k79_49048	ERR011348_MEGAHIT_MetaBinner.6_sub
k79_4912	ERR011348_MEGAHIT_MetaBinner.6_sub
k79_49158	ERR011348_MEGAHIT_MetaBinner.6_sub
k79_49210	ERR011348_MEGAHIT_MetaBinner.6_sub
k79_49235	ERR011348_MEGAHIT_MetaBinner.6_sub
k79_49411	ERR011348_MEGAHIT_MetaBinner.6_sub
k79_49873	ERR011348_MEGAHIT_MetaBinner.6_sub
k79_50079	ERR011348_MEGAHIT_MetaBinner.6_sub
k79_50173	ERR011348_MEGAHIT_MetaBinner.6_sub
k79_50355	ERR011348_MEGAHIT_MetaBinner.6_sub
k79_50702	ERR011348_MEGAHIT_MetaBinner.6_sub
k79_50813	ERR011348_MEGAHIT_MetaBinner.6_sub
k79_50868	ERR011348_MEGAHIT_MetaBinner.6_sub
k79_50948	ERR011348_MEGAHIT_MetaBinner.6_sub
k79_5108	ERR011348_MEGAHIT_MetaBinner.6_sub
k79_51221	ERR011348_MEGAHIT_MetaBinner.6_sub
k79_51306	ERR011348_MEGAHIT_MetaBinner.6_sub
k79_51385	ERR011348_MEGAHIT_MetaBinner.6_sub
k79_51538	ERR011348_MEGAHIT_MetaBinner.6_sub
k79_51598	ERR011348_MEGAHIT_MetaBinner.6_sub
k79_51606	ERR011348_MEGAHIT_MetaBinner.6_sub
k79_51663	ERR011348_MEGAHIT_MetaBinner.6_sub
k79_51736	ERR011348_MEGAHIT_MetaBinner.6_sub
k79_51839	ERR011348_MEGAHIT_MetaBinner.6_sub
k79_52420	ERR011348_MEGAHIT_MetaBinner.6_sub
k79_52831	ERR011348_MEGAHIT_MetaBinner.6_sub
k79_52901	ERR011348_MEGAHIT_MetaBinner.6_sub
k79_52966	ERR011348_MEGAHIT_MetaBinner.6_sub
k79_53118	ERR011348_MEGAHIT_MetaBinner.6_sub
k79_53218	ERR011348_MEGAHIT_MetaBinner.6_sub
k79_53329	ERR011348_MEGAHIT_MetaBinner.6_sub
k79_5358	ERR011348_MEGAHIT_MetaBinner.6_sub
k79_53629	ERR011348_MEGAHIT_MetaBinner.6_sub
k79_53781	ERR011348_MEGAHIT_MetaBinner.6_sub
k79_53795	ERR011348_MEGAHIT_MetaBinner.6_sub
k79_53808	ERR011348_MEGAHIT_MetaBinner.6_sub
k79_53998	ERR011348_MEGAHIT_MetaBinner.6_sub
k79_540	ERR011348_MEGAHIT_MetaBinner.6_sub
k79_54020	ERR011348_MEGAHIT_MetaBinner.6_sub
k79_54081	ERR011348_MEGAHIT_MetaBinner.6_sub
k79_54244	ERR011348_MEGAHIT_MetaBinner.6_sub
k79_54349	ERR011348_MEGAHIT_MetaBinner.6_sub
k79_54413	ERR011348_MEGAHIT_MetaBinner.6_sub
k79_54459	ERR011348_MEGAHIT_MetaBinner.6_sub
k79_54490	ERR011348_MEGAHIT_MetaBinner.6_sub
k79_54538	ERR011348_MEGAHIT_MetaBinner.6_sub
k79_54716	ERR011348_MEGAHIT_MetaBinner.6_sub
k79_54740	ERR011348_MEGAHIT_MetaBinner.6_sub
k79_54744	ERR011348_MEGAHIT_MetaBinner.6_sub
k79_54748	ERR011348_MEGAHIT_MetaBinner.6_sub
k79_54768	ERR011348_MEGAHIT_MetaBinner.6_sub
k79_54781	ERR011348_MEGAHIT_MetaBinner.6_sub
k79_55141	ERR011348_MEGAHIT_MetaBinner.6_sub
k79_5540	ERR011348_MEGAHIT_MetaBinner.6_sub
k79_55419	ERR011348_MEGAHIT_MetaBinner.6_sub
k79_5549	ERR011348_MEGAHIT_MetaBinner.6_sub
k79_5550	ERR011348_MEGAHIT_MetaBinner.6_sub
k79_55601	ERR011348_MEGAHIT_MetaBinner.6_sub
k79_55734	ERR011348_MEGAHIT_MetaBinner.6_sub
k79_5584	ERR011348_MEGAHIT_MetaBinner.6_sub
k79_56021	ERR011348_MEGAHIT_MetaBinner.6_sub
k79_56318	ERR011348_MEGAHIT_MetaBinner.6_sub
k79_5634	ERR011348_MEGAHIT_MetaBinner.6_sub
k79_56402	ERR011348_MEGAHIT_MetaBinner.6_sub
k79_56477	ERR011348_MEGAHIT_MetaBinner.6_sub
k79_56490	ERR011348_MEGAHIT_MetaBinner.6_sub
k79_56542	ERR011348_MEGAHIT_MetaBinner.6_sub
k79_56585	ERR011348_MEGAHIT_MetaBinner.6_sub
k79_56935	ERR011348_MEGAHIT_MetaBinner.6_sub
k79_56946	ERR011348_MEGAHIT_MetaBinner.6_sub
k79_5707	ERR011348_MEGAHIT_MetaBinner.6_sub
k79_57217	ERR011348_MEGAHIT_MetaBinner.6_sub
k79_5729	ERR011348_MEGAHIT_MetaBinner.6_sub
k79_57302	ERR011348_MEGAHIT_MetaBinner.6_sub
k79_57393	ERR011348_MEGAHIT_MetaBinner.6_sub
k79_57432	ERR011348_MEGAHIT_MetaBinner.6_sub
k79_57441	ERR011348_MEGAHIT_MetaBinner.6_sub
k79_57575	ERR011348_MEGAHIT_MetaBinner.6_sub
k79_57596	ERR011348_MEGAHIT_MetaBinner.6_sub
k79_58102	ERR011348_MEGAHIT_MetaBinner.6_sub
k79_58362	ERR011348_MEGAHIT_MetaBinner.6_sub
k79_58517	ERR011348_MEGAHIT_MetaBinner.6_sub
k79_58628	ERR011348_MEGAHIT_MetaBinner.6_sub
k79_58661	ERR011348_MEGAHIT_MetaBinner.6_sub
k79_58676	ERR011348_MEGAHIT_MetaBinner.6_sub
k79_5872	ERR011348_MEGAHIT_MetaBinner.6_sub
k79_58842	ERR011348_MEGAHIT_MetaBinner.6_sub
k79_58857	ERR011348_MEGAHIT_MetaBinner.6_sub
k79_59278	ERR011348_MEGAHIT_MetaBinner.6_sub
k79_59826	ERR011348_MEGAHIT_MetaBinner.6_sub
k79_59900	ERR011348_MEGAHIT_MetaBinner.6_sub
k79_59911	ERR011348_MEGAHIT_MetaBinner.6_sub
k79_60128	ERR011348_MEGAHIT_MetaBinner.6_sub
k79_6033	ERR011348_MEGAHIT_MetaBinner.6_sub
k79_60459	ERR011348_MEGAHIT_MetaBinner.6_sub
k79_60515	ERR011348_MEGAHIT_MetaBinner.6_sub
k79_60643	ERR011348_MEGAHIT_MetaBinner.6_sub
k79_60947	ERR011348_MEGAHIT_MetaBinner.6_sub
k79_61058	ERR011348_MEGAHIT_MetaBinner.6_sub
k79_61061	ERR011348_MEGAHIT_MetaBinner.6_sub
k79_61466	ERR011348_MEGAHIT_MetaBinner.6_sub
k79_62029	ERR011348_MEGAHIT_MetaBinner.6_sub
k79_62415	ERR011348_MEGAHIT_MetaBinner.6_sub
k79_62635	ERR011348_MEGAHIT_MetaBinner.6_sub
k79_62771	ERR011348_MEGAHIT_MetaBinner.6_sub
k79_63232	ERR011348_MEGAHIT_MetaBinner.6_sub
k79_63375	ERR011348_MEGAHIT_MetaBinner.6_sub
k79_6344	ERR011348_MEGAHIT_MetaBinner.6_sub
k79_63463	ERR011348_MEGAHIT_MetaBinner.6_sub
k79_6372	ERR011348_MEGAHIT_MetaBinner.6_sub
k79_64047	ERR011348_MEGAHIT_MetaBinner.6_sub
k79_6436	ERR011348_MEGAHIT_MetaBinner.6_sub
k79_64507	ERR011348_MEGAHIT_MetaBinner.6_sub
k79_64745	ERR011348_MEGAHIT_MetaBinner.6_sub
k79_65005	ERR011348_MEGAHIT_MetaBinner.6_sub
k79_65133	ERR011348_MEGAHIT_MetaBinner.6_sub
k79_65230	ERR011348_MEGAHIT_MetaBinner.6_sub
k79_65233	ERR011348_MEGAHIT_MetaBinner.6_sub
k79_65555	ERR011348_MEGAHIT_MetaBinner.6_sub
k79_65817	ERR011348_MEGAHIT_MetaBinner.6_sub
k79_66024	ERR011348_MEGAHIT_MetaBinner.6_sub
k79_66286	ERR011348_MEGAHIT_MetaBinner.6_sub
k79_66491	ERR011348_MEGAHIT_MetaBinner.6_sub
k79_66639	ERR011348_MEGAHIT_MetaBinner.6_sub
k79_66693	ERR011348_MEGAHIT_MetaBinner.6_sub
k79_66962	ERR011348_MEGAHIT_MetaBinner.6_sub
k79_66984	ERR011348_MEGAHIT_MetaBinner.6_sub
k79_67333	ERR011348_MEGAHIT_MetaBinner.6_sub
k79_67459	ERR011348_MEGAHIT_MetaBinner.6_sub
k79_67478	ERR011348_MEGAHIT_MetaBinner.6_sub
k79_67589	ERR011348_MEGAHIT_MetaBinner.6_sub
k79_6782	ERR011348_MEGAHIT_MetaBinner.6_sub
k79_67908	ERR011348_MEGAHIT_MetaBinner.6_sub
k79_68032	ERR011348_MEGAHIT_MetaBinner.6_sub
k79_68441	ERR011348_MEGAHIT_MetaBinner.6_sub
k79_68630	ERR011348_MEGAHIT_MetaBinner.6_sub
k79_68733	ERR011348_MEGAHIT_MetaBinner.6_sub
k79_68775	ERR011348_MEGAHIT_MetaBinner.6_sub
k79_68789	ERR011348_MEGAHIT_MetaBinner.6_sub
k79_68835	ERR011348_MEGAHIT_MetaBinner.6_sub
k79_68943	ERR011348_MEGAHIT_MetaBinner.6_sub
k79_69020	ERR011348_MEGAHIT_MetaBinner.6_sub
k79_69141	ERR011348_MEGAHIT_MetaBinner.6_sub
k79_69514	ERR011348_MEGAHIT_MetaBinner.6_sub
k79_69862	ERR011348_MEGAHIT_MetaBinner.6_sub
k79_70043	ERR011348_MEGAHIT_MetaBinner.6_sub
k79_70172	ERR011348_MEGAHIT_MetaBinner.6_sub
k79_70307	ERR011348_MEGAHIT_MetaBinner.6_sub
k79_70376	ERR011348_MEGAHIT_MetaBinner.6_sub
k79_70830	ERR011348_MEGAHIT_MetaBinner.6_sub
k79_71079	ERR011348_MEGAHIT_MetaBinner.6_sub
k79_71080	ERR011348_MEGAHIT_MetaBinner.6_sub
k79_71109	ERR011348_MEGAHIT_MetaBinner.6_sub
k79_7124	ERR011348_MEGAHIT_MetaBinner.6_sub
k79_71515	ERR011348_MEGAHIT_MetaBinner.6_sub
k79_71565	ERR011348_MEGAHIT_MetaBinner.6_sub
k79_71632	ERR011348_MEGAHIT_MetaBinner.6_sub
k79_72054	ERR011348_MEGAHIT_MetaBinner.6_sub
k79_72095	ERR011348_MEGAHIT_MetaBinner.6_sub
k79_72364	ERR011348_MEGAHIT_MetaBinner.6_sub
k79_72441	ERR011348_MEGAHIT_MetaBinner.6_sub
k79_72473	ERR011348_MEGAHIT_MetaBinner.6_sub
k79_7257	ERR011348_MEGAHIT_MetaBinner.6_sub
k79_72683	ERR011348_MEGAHIT_MetaBinner.6_sub
k79_72841	ERR011348_MEGAHIT_MetaBinner.6_sub
k79_73072	ERR011348_MEGAHIT_MetaBinner.6_sub
k79_73227	ERR011348_MEGAHIT_MetaBinner.6_sub
k79_73259	ERR011348_MEGAHIT_MetaBinner.6_sub
k79_73292	ERR011348_MEGAHIT_MetaBinner.6_sub
k79_73339	ERR011348_MEGAHIT_MetaBinner.6_sub
k79_7345	ERR011348_MEGAHIT_MetaBinner.6_sub
k79_73501	ERR011348_MEGAHIT_MetaBinner.6_sub
k79_73577	ERR011348_MEGAHIT_MetaBinner.6_sub
k79_73700	ERR011348_MEGAHIT_MetaBinner.6_sub
k79_73801	ERR011348_MEGAHIT_MetaBinner.6_sub
k79_73823	ERR011348_MEGAHIT_MetaBinner.6_sub
k79_74025	ERR011348_MEGAHIT_MetaBinner.6_sub
k79_74038	ERR011348_MEGAHIT_MetaBinner.6_sub
k79_74069	ERR011348_MEGAHIT_MetaBinner.6_sub
k79_74093	ERR011348_MEGAHIT_MetaBinner.6_sub
k79_74551	ERR011348_MEGAHIT_MetaBinner.6_sub
k79_74571	ERR011348_MEGAHIT_MetaBinner.6_sub
k79_74969	ERR011348_MEGAHIT_MetaBinner.6_sub
k79_75057	ERR011348_MEGAHIT_MetaBinner.6_sub
k79_75207	ERR011348_MEGAHIT_MetaBinner.6_sub
k79_75277	ERR011348_MEGAHIT_MetaBinner.6_sub
k79_75413	ERR011348_MEGAHIT_MetaBinner.6_sub
k79_75747	ERR011348_MEGAHIT_MetaBinner.6_sub
k79_75886	ERR011348_MEGAHIT_MetaBinner.6_sub
k79_75911	ERR011348_MEGAHIT_MetaBinner.6_sub
k79_75923	ERR011348_MEGAHIT_MetaBinner.6_sub
k79_76024	ERR011348_MEGAHIT_MetaBinner.6_sub
k79_76322	ERR011348_MEGAHIT_MetaBinner.6_sub
k79_76339	ERR011348_MEGAHIT_MetaBinner.6_sub
k79_76344	ERR011348_MEGAHIT_MetaBinner.6_sub
k79_76492	ERR011348_MEGAHIT_MetaBinner.6_sub
k79_76809	ERR011348_MEGAHIT_MetaBinner.6_sub
k79_76935	ERR011348_MEGAHIT_MetaBinner.6_sub
k79_77137	ERR011348_MEGAHIT_MetaBinner.6_sub
k79_7732	ERR011348_MEGAHIT_MetaBinner.6_sub
k79_77356	ERR011348_MEGAHIT_MetaBinner.6_sub
k79_77796	ERR011348_MEGAHIT_MetaBinner.6_sub
k79_77813	ERR011348_MEGAHIT_MetaBinner.6_sub
k79_7782	ERR011348_MEGAHIT_MetaBinner.6_sub
k79_78106	ERR011348_MEGAHIT_MetaBinner.6_sub
k79_78333	ERR011348_MEGAHIT_MetaBinner.6_sub
k79_78602	ERR011348_MEGAHIT_MetaBinner.6_sub
k79_78860	ERR011348_MEGAHIT_MetaBinner.6_sub
k79_78946	ERR011348_MEGAHIT_MetaBinner.6_sub
k79_78986	ERR011348_MEGAHIT_MetaBinner.6_sub
k79_79000	ERR011348_MEGAHIT_MetaBinner.6_sub
k79_7913	ERR011348_MEGAHIT_MetaBinner.6_sub
k79_79186	ERR011348_MEGAHIT_MetaBinner.6_sub
k79_79188	ERR011348_MEGAHIT_MetaBinner.6_sub
k79_79407	ERR011348_MEGAHIT_MetaBinner.6_sub
k79_79543	ERR011348_MEGAHIT_MetaBinner.6_sub
k79_79704	ERR011348_MEGAHIT_MetaBinner.6_sub
k79_79912	ERR011348_MEGAHIT_MetaBinner.6_sub
k79_80444	ERR011348_MEGAHIT_MetaBinner.6_sub
k79_80979	ERR011348_MEGAHIT_MetaBinner.6_sub
k79_81162	ERR011348_MEGAHIT_MetaBinner.6_sub
k79_81422	ERR011348_MEGAHIT_MetaBinner.6_sub
k79_81613	ERR011348_MEGAHIT_MetaBinner.6_sub
k79_81725	ERR011348_MEGAHIT_MetaBinner.6_sub
k79_81751	ERR011348_MEGAHIT_MetaBinner.6_sub
k79_81810	ERR011348_MEGAHIT_MetaBinner.6_sub
k79_81829	ERR011348_MEGAHIT_MetaBinner.6_sub
k79_8185	ERR011348_MEGAHIT_MetaBinner.6_sub
k79_81888	ERR011348_MEGAHIT_MetaBinner.6_sub
k79_82046	ERR011348_MEGAHIT_MetaBinner.6_sub
k79_82097	ERR011348_MEGAHIT_MetaBinner.6_sub
k79_82119	ERR011348_MEGAHIT_MetaBinner.6_sub
k79_824	ERR011348_MEGAHIT_MetaBinner.6_sub
k79_82403	ERR011348_MEGAHIT_MetaBinner.6_sub
k79_82510	ERR011348_MEGAHIT_MetaBinner.6_sub
k79_83586	ERR011348_MEGAHIT_MetaBinner.6_sub
k79_83660	ERR011348_MEGAHIT_MetaBinner.6_sub
k79_83704	ERR011348_MEGAHIT_MetaBinner.6_sub
k79_8422	ERR011348_MEGAHIT_MetaBinner.6_sub
k79_84428	ERR011348_MEGAHIT_MetaBinner.6_sub
k79_84479	ERR011348_MEGAHIT_MetaBinner.6_sub
k79_84544	ERR011348_MEGAHIT_MetaBinner.6_sub
k79_849	ERR011348_MEGAHIT_MetaBinner.6_sub
k79_85152	ERR011348_MEGAHIT_MetaBinner.6_sub
k79_85162	ERR011348_MEGAHIT_MetaBinner.6_sub
k79_8521	ERR011348_MEGAHIT_MetaBinner.6_sub
k79_85433	ERR011348_MEGAHIT_MetaBinner.6_sub
k79_85645	ERR011348_MEGAHIT_MetaBinner.6_sub
k79_85681	ERR011348_MEGAHIT_MetaBinner.6_sub
k79_85822	ERR011348_MEGAHIT_MetaBinner.6_sub
k79_85889	ERR011348_MEGAHIT_MetaBinner.6_sub
k79_86658	ERR011348_MEGAHIT_MetaBinner.6_sub
k79_86750	ERR011348_MEGAHIT_MetaBinner.6_sub
k79_86824	ERR011348_MEGAHIT_MetaBinner.6_sub
k79_86845	ERR011348_MEGAHIT_MetaBinner.6_sub
k79_870	ERR011348_MEGAHIT_MetaBinner.6_sub
k79_87014	ERR011348_MEGAHIT_MetaBinner.6_sub
k79_87080	ERR011348_MEGAHIT_MetaBinner.6_sub
k79_87135	ERR011348_MEGAHIT_MetaBinner.6_sub
k79_87363	ERR011348_MEGAHIT_MetaBinner.6_sub
k79_87436	ERR011348_MEGAHIT_MetaBinner.6_sub
k79_87461	ERR011348_MEGAHIT_MetaBinner.6_sub
k79_87620	ERR011348_MEGAHIT_MetaBinner.6_sub
k79_87711	ERR011348_MEGAHIT_MetaBinner.6_sub
k79_87930	ERR011348_MEGAHIT_MetaBinner.6_sub
k79_88175	ERR011348_MEGAHIT_MetaBinner.6_sub
k79_88410	ERR011348_MEGAHIT_MetaBinner.6_sub
k79_88416	ERR011348_MEGAHIT_MetaBinner.6_sub
k79_88522	ERR011348_MEGAHIT_MetaBinner.6_sub
k79_88630	ERR011348_MEGAHIT_MetaBinner.6_sub
k79_88676	ERR011348_MEGAHIT_MetaBinner.6_sub
k79_8908	ERR011348_MEGAHIT_MetaBinner.6_sub
k79_89241	ERR011348_MEGAHIT_MetaBinner.6_sub
k79_89249	ERR011348_MEGAHIT_MetaBinner.6_sub
k79_89409	ERR011348_MEGAHIT_MetaBinner.6_sub
k79_89421	ERR011348_MEGAHIT_MetaBinner.6_sub
k79_89447	ERR011348_MEGAHIT_MetaBinner.6_sub
k79_89520	ERR011348_MEGAHIT_MetaBinner.6_sub
k79_89585	ERR011348_MEGAHIT_MetaBinner.6_sub
k79_89612	ERR011348_MEGAHIT_MetaBinner.6_sub
k79_89694	ERR011348_MEGAHIT_MetaBinner.6_sub
k79_8972	ERR011348_MEGAHIT_MetaBinner.6_sub
k79_90036	ERR011348_MEGAHIT_MetaBinner.6_sub
k79_90040	ERR011348_MEGAHIT_MetaBinner.6_sub
k79_90287	ERR011348_MEGAHIT_MetaBinner.6_sub
k79_90312	ERR011348_MEGAHIT_MetaBinner.6_sub
k79_90626	ERR011348_MEGAHIT_MetaBinner.6_sub
k79_9066	ERR011348_MEGAHIT_MetaBinner.6_sub
k79_90665	ERR011348_MEGAHIT_MetaBinner.6_sub
k79_90934	ERR011348_MEGAHIT_MetaBinner.6_sub
k79_91036	ERR011348_MEGAHIT_MetaBinner.6_sub
k79_91111	ERR011348_MEGAHIT_MetaBinner.6_sub
k79_91158	ERR011348_MEGAHIT_MetaBinner.6_sub
k79_914	ERR011348_MEGAHIT_MetaBinner.6_sub
k79_9141	ERR011348_MEGAHIT_MetaBinner.6_sub
k79_91430	ERR011348_MEGAHIT_MetaBinner.6_sub
k79_91438	ERR011348_MEGAHIT_MetaBinner.6_sub
k79_91739	ERR011348_MEGAHIT_MetaBinner.6_sub
k79_91748	ERR011348_MEGAHIT_MetaBinner.6_sub
k79_92149	ERR011348_MEGAHIT_MetaBinner.6_sub
k79_92293	ERR011348_MEGAHIT_MetaBinner.6_sub
k79_92297	ERR011348_MEGAHIT_MetaBinner.6_sub
k79_92337	ERR011348_MEGAHIT_MetaBinner.6_sub
k79_92555	ERR011348_MEGAHIT_MetaBinner.6_sub
k79_92752	ERR011348_MEGAHIT_MetaBinner.6_sub
k79_935	ERR011348_MEGAHIT_MetaBinner.6_sub
k79_93652	ERR011348_MEGAHIT_MetaBinner.6_sub
k79_93709	ERR011348_MEGAHIT_MetaBinner.6_sub
k79_93965	ERR011348_MEGAHIT_MetaBinner.6_sub
k79_9407	ERR011348_MEGAHIT_MetaBinner.6_sub
k79_94140	ERR011348_MEGAHIT_MetaBinner.6_sub
k79_94671	ERR011348_MEGAHIT_MetaBinner.6_sub
k79_94746	ERR011348_MEGAHIT_MetaBinner.6_sub
k79_94801	ERR011348_MEGAHIT_MetaBinner.6_sub
k79_9491	ERR011348_MEGAHIT_MetaBinner.6_sub
k79_95053	ERR011348_MEGAHIT_MetaBinner.6_sub
k79_95064	ERR011348_MEGAHIT_MetaBinner.6_sub
k79_95185	ERR011348_MEGAHIT_MetaBinner.6_sub
k79_95411	ERR011348_MEGAHIT_MetaBinner.6_sub
k79_95416	ERR011348_MEGAHIT_MetaBinner.6_sub
k79_95729	ERR011348_MEGAHIT_MetaBinner.6_sub
k79_95770	ERR011348_MEGAHIT_MetaBinner.6_sub
k79_95814	ERR011348_MEGAHIT_MetaBinner.6_sub
k79_95821	ERR011348_MEGAHIT_MetaBinner.6_sub
k79_95872	ERR011348_MEGAHIT_MetaBinner.6_sub
k79_96152	ERR011348_MEGAHIT_MetaBinner.6_sub
k79_96275	ERR011348_MEGAHIT_MetaBinner.6_sub
k79_9898	ERR011348_MEGAHIT_MetaBinner.6_sub
k79_10043	ERR011348_MEGAHIT_TaxVamb.10
k79_10203	ERR011348_MEGAHIT_TaxVamb.10
k79_10842	ERR011348_MEGAHIT_TaxVamb.10
k79_11210	ERR011348_MEGAHIT_TaxVamb.10
k79_11400	ERR011348_MEGAHIT_TaxVamb.10
k79_11943	ERR011348_MEGAHIT_TaxVamb.10
k79_12362	ERR011348_MEGAHIT_TaxVamb.10
k79_12752	ERR011348_MEGAHIT_TaxVamb.10
k79_12997	ERR011348_MEGAHIT_TaxVamb.10
k79_15459	ERR011348_MEGAHIT_TaxVamb.10
k79_15910	ERR011348_MEGAHIT_TaxVamb.10
k79_16016	ERR011348_MEGAHIT_TaxVamb.10
k79_16291	ERR011348_MEGAHIT_TaxVamb.10
k79_16394	ERR011348_MEGAHIT_TaxVamb.10
k79_17489	ERR011348_MEGAHIT_TaxVamb.10
k79_18402	ERR011348_MEGAHIT_TaxVamb.10
k79_20421	ERR011348_MEGAHIT_TaxVamb.10
k79_2091	ERR011348_MEGAHIT_TaxVamb.10
k79_21322	ERR011348_MEGAHIT_TaxVamb.10
k79_2195	ERR011348_MEGAHIT_TaxVamb.10
k79_22335	ERR011348_MEGAHIT_TaxVamb.10
k79_22471	ERR011348_MEGAHIT_TaxVamb.10
k79_2250	ERR011348_MEGAHIT_TaxVamb.10
k79_22743	ERR011348_MEGAHIT_TaxVamb.10
k79_22818	ERR011348_MEGAHIT_TaxVamb.10
k79_22885	ERR011348_MEGAHIT_TaxVamb.10
k79_23125	ERR011348_MEGAHIT_TaxVamb.10
k79_23354	ERR011348_MEGAHIT_TaxVamb.10
k79_24278	ERR011348_MEGAHIT_TaxVamb.10
k79_24369	ERR011348_MEGAHIT_TaxVamb.10
k79_24414	ERR011348_MEGAHIT_TaxVamb.10
k79_24433	ERR011348_MEGAHIT_TaxVamb.10
k79_24440	ERR011348_MEGAHIT_TaxVamb.10
k79_24453	ERR011348_MEGAHIT_TaxVamb.10
k79_25242	ERR011348_MEGAHIT_TaxVamb.10
k79_25846	ERR011348_MEGAHIT_TaxVamb.10
k79_26048	ERR011348_MEGAHIT_TaxVamb.10
k79_26298	ERR011348_MEGAHIT_TaxVamb.10
k79_26514	ERR011348_MEGAHIT_TaxVamb.10
k79_26778	ERR011348_MEGAHIT_TaxVamb.10
k79_27642	ERR011348_MEGAHIT_TaxVamb.10
k79_27649	ERR011348_MEGAHIT_TaxVamb.10
k79_29051	ERR011348_MEGAHIT_TaxVamb.10
k79_29319	ERR011348_MEGAHIT_TaxVamb.10
k79_30513	ERR011348_MEGAHIT_TaxVamb.10
k79_30858	ERR011348_MEGAHIT_TaxVamb.10
k79_31244	ERR011348_MEGAHIT_TaxVamb.10
k79_31834	ERR011348_MEGAHIT_TaxVamb.10
k79_32550	ERR011348_MEGAHIT_TaxVamb.10
k79_3273	ERR011348_MEGAHIT_TaxVamb.10
k79_3302	ERR011348_MEGAHIT_TaxVamb.10
k79_33678	ERR011348_MEGAHIT_TaxVamb.10
k79_33692	ERR011348_MEGAHIT_TaxVamb.10
k79_33981	ERR011348_MEGAHIT_TaxVamb.10
k79_3484	ERR011348_MEGAHIT_TaxVamb.10
k79_35428	ERR011348_MEGAHIT_TaxVamb.10
k79_356	ERR011348_MEGAHIT_TaxVamb.10
k79_35611	ERR011348_MEGAHIT_TaxVamb.10
k79_36102	ERR011348_MEGAHIT_TaxVamb.10
k79_36274	ERR011348_MEGAHIT_TaxVamb.10
k79_36559	ERR011348_MEGAHIT_TaxVamb.10
k79_38099	ERR011348_MEGAHIT_TaxVamb.10
k79_38202	ERR011348_MEGAHIT_TaxVamb.10
k79_388	ERR011348_MEGAHIT_TaxVamb.10
k79_39128	ERR011348_MEGAHIT_TaxVamb.10
k79_39332	ERR011348_MEGAHIT_TaxVamb.10
k79_3936	ERR011348_MEGAHIT_TaxVamb.10
k79_39839	ERR011348_MEGAHIT_TaxVamb.10
k79_4177	ERR011348_MEGAHIT_TaxVamb.10
k79_41896	ERR011348_MEGAHIT_TaxVamb.10
k79_43118	ERR011348_MEGAHIT_TaxVamb.10
k79_43880	ERR011348_MEGAHIT_TaxVamb.10
k79_44123	ERR011348_MEGAHIT_TaxVamb.10
k79_44224	ERR011348_MEGAHIT_TaxVamb.10
k79_44539	ERR011348_MEGAHIT_TaxVamb.10
k79_44580	ERR011348_MEGAHIT_TaxVamb.10
k79_447	ERR011348_MEGAHIT_TaxVamb.10
k79_44733	ERR011348_MEGAHIT_TaxVamb.10
k79_45650	ERR011348_MEGAHIT_TaxVamb.10
k79_46141	ERR011348_MEGAHIT_TaxVamb.10
k79_46820	ERR011348_MEGAHIT_TaxVamb.10
k79_47289	ERR011348_MEGAHIT_TaxVamb.10
k79_47319	ERR011348_MEGAHIT_TaxVamb.10
k79_47852	ERR011348_MEGAHIT_TaxVamb.10
k79_48168	ERR011348_MEGAHIT_TaxVamb.10
k79_48576	ERR011348_MEGAHIT_TaxVamb.10
k79_48803	ERR011348_MEGAHIT_TaxVamb.10
k79_48819	ERR011348_MEGAHIT_TaxVamb.10
k79_48893	ERR011348_MEGAHIT_TaxVamb.10
k79_49167	ERR011348_MEGAHIT_TaxVamb.10
k79_49240	ERR011348_MEGAHIT_TaxVamb.10
k79_49276	ERR011348_MEGAHIT_TaxVamb.10
k79_49425	ERR011348_MEGAHIT_TaxVamb.10
k79_49903	ERR011348_MEGAHIT_TaxVamb.10
k79_5026	ERR011348_MEGAHIT_TaxVamb.10
k79_5258	ERR011348_MEGAHIT_TaxVamb.10
k79_52642	ERR011348_MEGAHIT_TaxVamb.10
k79_52651	ERR011348_MEGAHIT_TaxVamb.10
k79_52987	ERR011348_MEGAHIT_TaxVamb.10
k79_53697	ERR011348_MEGAHIT_TaxVamb.10
k79_54209	ERR011348_MEGAHIT_TaxVamb.10
k79_54671	ERR011348_MEGAHIT_TaxVamb.10
k79_5476	ERR011348_MEGAHIT_TaxVamb.10
k79_55341	ERR011348_MEGAHIT_TaxVamb.10
k79_55702	ERR011348_MEGAHIT_TaxVamb.10
k79_55781	ERR011348_MEGAHIT_TaxVamb.10
k79_56159	ERR011348_MEGAHIT_TaxVamb.10
k79_56861	ERR011348_MEGAHIT_TaxVamb.10
k79_57144	ERR011348_MEGAHIT_TaxVamb.10
k79_57540	ERR011348_MEGAHIT_TaxVamb.10
k79_58351	ERR011348_MEGAHIT_TaxVamb.10
k79_5842	ERR011348_MEGAHIT_TaxVamb.10
k79_58492	ERR011348_MEGAHIT_TaxVamb.10
k79_58660	ERR011348_MEGAHIT_TaxVamb.10
k79_58932	ERR011348_MEGAHIT_TaxVamb.10
k79_59228	ERR011348_MEGAHIT_TaxVamb.10
k79_60034	ERR011348_MEGAHIT_TaxVamb.10
k79_60062	ERR011348_MEGAHIT_TaxVamb.10
k79_60252	ERR011348_MEGAHIT_TaxVamb.10
k79_60292	ERR011348_MEGAHIT_TaxVamb.10
k79_60588	ERR011348_MEGAHIT_TaxVamb.10
k79_60697	ERR011348_MEGAHIT_TaxVamb.10
k79_60850	ERR011348_MEGAHIT_TaxVamb.10
k79_61008	ERR011348_MEGAHIT_TaxVamb.10
k79_61104	ERR011348_MEGAHIT_TaxVamb.10
k79_61152	ERR011348_MEGAHIT_TaxVamb.10
k79_61797	ERR011348_MEGAHIT_TaxVamb.10
k79_61826	ERR011348_MEGAHIT_TaxVamb.10
k79_6202	ERR011348_MEGAHIT_TaxVamb.10
k79_62923	ERR011348_MEGAHIT_TaxVamb.10
k79_63282	ERR011348_MEGAHIT_TaxVamb.10
k79_63553	ERR011348_MEGAHIT_TaxVamb.10
k79_63967	ERR011348_MEGAHIT_TaxVamb.10
k79_64624	ERR011348_MEGAHIT_TaxVamb.10
k79_64841	ERR011348_MEGAHIT_TaxVamb.10
k79_64908	ERR011348_MEGAHIT_TaxVamb.10
k79_65011	ERR011348_MEGAHIT_TaxVamb.10
k79_65072	ERR011348_MEGAHIT_TaxVamb.10
k79_65079	ERR011348_MEGAHIT_TaxVamb.10
k79_65184	ERR011348_MEGAHIT_TaxVamb.10
k79_65229	ERR011348_MEGAHIT_TaxVamb.10
k79_66237	ERR011348_MEGAHIT_TaxVamb.10
k79_66517	ERR011348_MEGAHIT_TaxVamb.10
k79_6719	ERR011348_MEGAHIT_TaxVamb.10
k79_67624	ERR011348_MEGAHIT_TaxVamb.10
k79_68284	ERR011348_MEGAHIT_TaxVamb.10
k79_68648	ERR011348_MEGAHIT_TaxVamb.10
k79_6879	ERR011348_MEGAHIT_TaxVamb.10
k79_69929	ERR011348_MEGAHIT_TaxVamb.10
k79_71141	ERR011348_MEGAHIT_TaxVamb.10
k79_71850	ERR011348_MEGAHIT_TaxVamb.10
k79_71976	ERR011348_MEGAHIT_TaxVamb.10
k79_73721	ERR011348_MEGAHIT_TaxVamb.10
k79_74841	ERR011348_MEGAHIT_TaxVamb.10
k79_75332	ERR011348_MEGAHIT_TaxVamb.10
k79_75841	ERR011348_MEGAHIT_TaxVamb.10
k79_77174	ERR011348_MEGAHIT_TaxVamb.10
k79_77352	ERR011348_MEGAHIT_TaxVamb.10
k79_77899	ERR011348_MEGAHIT_TaxVamb.10
k79_77915	ERR011348_MEGAHIT_TaxVamb.10
k79_77985	ERR011348_MEGAHIT_TaxVamb.10
k79_78508	ERR011348_MEGAHIT_TaxVamb.10
k79_78593	ERR011348_MEGAHIT_TaxVamb.10
k79_7875	ERR011348_MEGAHIT_TaxVamb.10
k79_79321	ERR011348_MEGAHIT_TaxVamb.10
k79_79747	ERR011348_MEGAHIT_TaxVamb.10
k79_79952	ERR011348_MEGAHIT_TaxVamb.10
k79_81881	ERR011348_MEGAHIT_TaxVamb.10
k79_8427	ERR011348_MEGAHIT_TaxVamb.10
k79_85598	ERR011348_MEGAHIT_TaxVamb.10
k79_86335	ERR011348_MEGAHIT_TaxVamb.10
k79_86440	ERR011348_MEGAHIT_TaxVamb.10
k79_86653	ERR011348_MEGAHIT_TaxVamb.10
k79_86800	ERR011348_MEGAHIT_TaxVamb.10
k79_87098	ERR011348_MEGAHIT_TaxVamb.10
k79_87616	ERR011348_MEGAHIT_TaxVamb.10
k79_88194	ERR011348_MEGAHIT_TaxVamb.10
k79_90018	ERR011348_MEGAHIT_TaxVamb.10
k79_90973	ERR011348_MEGAHIT_TaxVamb.10
k79_91124	ERR011348_MEGAHIT_TaxVamb.10
k79_9115	ERR011348_MEGAHIT_TaxVamb.10
k79_92727	ERR011348_MEGAHIT_TaxVamb.10
k79_92831	ERR011348_MEGAHIT_TaxVamb.10
k79_93907	ERR011348_MEGAHIT_TaxVamb.10
k79_94770	ERR011348_MEGAHIT_TaxVamb.10
k79_95161	ERR011348_MEGAHIT_TaxVamb.10
k79_95167	ERR011348_MEGAHIT_TaxVamb.10
k79_9521	ERR011348_MEGAHIT_TaxVamb.10
k79_95740	ERR011348_MEGAHIT_TaxVamb.10
k79_9998	ERR011348_MEGAHIT_TaxVamb.10
k79_10053	ERR011348_MEGAHIT_TaxVamb.6_sub
k79_10066	ERR011348_MEGAHIT_TaxVamb.6_sub
k79_10206	ERR011348_MEGAHIT_TaxVamb.6_sub
k79_10489	ERR011348_MEGAHIT_TaxVamb.6_sub
k79_10496	ERR011348_MEGAHIT_TaxVamb.6_sub
k79_10554	ERR011348_MEGAHIT_TaxVamb.6_sub
k79_1077	ERR011348_MEGAHIT_TaxVamb.6_sub
k79_10801	ERR011348_MEGAHIT_TaxVamb.6_sub
k79_10892	ERR011348_MEGAHIT_TaxVamb.6_sub
k79_10930	ERR011348_MEGAHIT_TaxVamb.6_sub
k79_110	ERR011348_MEGAHIT_TaxVamb.6_sub
k79_11046	ERR011348_MEGAHIT_TaxVamb.6_sub
k79_11056	ERR011348_MEGAHIT_TaxVamb.6_sub
k79_11309	ERR011348_MEGAHIT_TaxVamb.6_sub
k79_11317	ERR011348_MEGAHIT_TaxVamb.6_sub
k79_11557	ERR011348_MEGAHIT_TaxVamb.6_sub
k79_11589	ERR011348_MEGAHIT_TaxVamb.6_sub
k79_11595	ERR011348_MEGAHIT_TaxVamb.6_sub
k79_1168	ERR011348_MEGAHIT_TaxVamb.6_sub
k79_1208	ERR011348_MEGAHIT_TaxVamb.6_sub
k79_12082	ERR011348_MEGAHIT_TaxVamb.6_sub
k79_12253	ERR011348_MEGAHIT_TaxVamb.6_sub
k79_1228	ERR011348_MEGAHIT_TaxVamb.6_sub
k79_12327	ERR011348_MEGAHIT_TaxVamb.6_sub
k79_12545	ERR011348_MEGAHIT_TaxVamb.6_sub
k79_1258	ERR011348_MEGAHIT_TaxVamb.6_sub
k79_12599	ERR011348_MEGAHIT_TaxVamb.6_sub
k79_12709	ERR011348_MEGAHIT_TaxVamb.6_sub
k79_13122	ERR011348_MEGAHIT_TaxVamb.6_sub
k79_13180	ERR011348_MEGAHIT_TaxVamb.6_sub
k79_13747	ERR011348_MEGAHIT_TaxVamb.6_sub
k79_13895	ERR011348_MEGAHIT_TaxVamb.6_sub
k79_13918	ERR011348_MEGAHIT_TaxVamb.6_sub
k79_13944	ERR011348_MEGAHIT_TaxVamb.6_sub
k79_14088	ERR011348_MEGAHIT_TaxVamb.6_sub
k79_14106	ERR011348_MEGAHIT_TaxVamb.6_sub
k79_14322	ERR011348_MEGAHIT_TaxVamb.6_sub
k79_14329	ERR011348_MEGAHIT_TaxVamb.6_sub
k79_14377	ERR011348_MEGAHIT_TaxVamb.6_sub
k79_14388	ERR011348_MEGAHIT_TaxVamb.6_sub
k79_14452	ERR011348_MEGAHIT_TaxVamb.6_sub
k79_14520	ERR011348_MEGAHIT_TaxVamb.6_sub
k79_14592	ERR011348_MEGAHIT_TaxVamb.6_sub
k79_1472	ERR011348_MEGAHIT_TaxVamb.6_sub
k79_14721	ERR011348_MEGAHIT_TaxVamb.6_sub
k79_14791	ERR011348_MEGAHIT_TaxVamb.6_sub
k79_14974	ERR011348_MEGAHIT_TaxVamb.6_sub
k79_15250	ERR011348_MEGAHIT_TaxVamb.6_sub
k79_15402	ERR011348_MEGAHIT_TaxVamb.6_sub
k79_15455	ERR011348_MEGAHIT_TaxVamb.6_sub
k79_15583	ERR011348_MEGAHIT_TaxVamb.6_sub
k79_15755	ERR011348_MEGAHIT_TaxVamb.6_sub
k79_15841	ERR011348_MEGAHIT_TaxVamb.6_sub
k79_16004	ERR011348_MEGAHIT_TaxVamb.6_sub
k79_16075	ERR011348_MEGAHIT_TaxVamb.6_sub
k79_16129	ERR011348_MEGAHIT_TaxVamb.6_sub
k79_16178	ERR011348_MEGAHIT_TaxVamb.6_sub
k79_16336	ERR011348_MEGAHIT_TaxVamb.6_sub
k79_16446	ERR011348_MEGAHIT_TaxVamb.6_sub
k79_16518	ERR011348_MEGAHIT_TaxVamb.6_sub
k79_16562	ERR011348_MEGAHIT_TaxVamb.6_sub
k79_16576	ERR011348_MEGAHIT_TaxVamb.6_sub
k79_16646	ERR011348_MEGAHIT_TaxVamb.6_sub
k79_16649	ERR011348_MEGAHIT_TaxVamb.6_sub
k79_16665	ERR011348_MEGAHIT_TaxVamb.6_sub
k79_16682	ERR011348_MEGAHIT_TaxVamb.6_sub
k79_16833	ERR011348_MEGAHIT_TaxVamb.6_sub
k79_16860	ERR011348_MEGAHIT_TaxVamb.6_sub
k79_17001	ERR011348_MEGAHIT_TaxVamb.6_sub
k79_17034	ERR011348_MEGAHIT_TaxVamb.6_sub
k79_1712	ERR011348_MEGAHIT_TaxVamb.6_sub
k79_17152	ERR011348_MEGAHIT_TaxVamb.6_sub
k79_17254	ERR011348_MEGAHIT_TaxVamb.6_sub
k79_1729	ERR011348_MEGAHIT_TaxVamb.6_sub
k79_17374	ERR011348_MEGAHIT_TaxVamb.6_sub
k79_17414	ERR011348_MEGAHIT_TaxVamb.6_sub
k79_1756	ERR011348_MEGAHIT_TaxVamb.6_sub
k79_17616	ERR011348_MEGAHIT_TaxVamb.6_sub
k79_17630	ERR011348_MEGAHIT_TaxVamb.6_sub
k79_1783	ERR011348_MEGAHIT_TaxVamb.6_sub
k79_17857	ERR011348_MEGAHIT_TaxVamb.6_sub
k79_17951	ERR011348_MEGAHIT_TaxVamb.6_sub
k79_18102	ERR011348_MEGAHIT_TaxVamb.6_sub
k79_18493	ERR011348_MEGAHIT_TaxVamb.6_sub
k79_18787	ERR011348_MEGAHIT_TaxVamb.6_sub
k79_18873	ERR011348_MEGAHIT_TaxVamb.6_sub
k79_18946	ERR011348_MEGAHIT_TaxVamb.6_sub
k79_18985	ERR011348_MEGAHIT_TaxVamb.6_sub
k79_19026	ERR011348_MEGAHIT_TaxVamb.6_sub
k79_19066	ERR011348_MEGAHIT_TaxVamb.6_sub
k79_19172	ERR011348_MEGAHIT_TaxVamb.6_sub
k79_19318	ERR011348_MEGAHIT_TaxVamb.6_sub
k79_19351	ERR011348_MEGAHIT_TaxVamb.6_sub
k79_19358	ERR011348_MEGAHIT_TaxVamb.6_sub
k79_19397	ERR011348_MEGAHIT_TaxVamb.6_sub
k79_19502	ERR011348_MEGAHIT_TaxVamb.6_sub
k79_19512	ERR011348_MEGAHIT_TaxVamb.6_sub
k79_19663	ERR011348_MEGAHIT_TaxVamb.6_sub
k79_19701	ERR011348_MEGAHIT_TaxVamb.6_sub
k79_19748	ERR011348_MEGAHIT_TaxVamb.6_sub
k79_19955	ERR011348_MEGAHIT_TaxVamb.6_sub
k79_20195	ERR011348_MEGAHIT_TaxVamb.6_sub
k79_20402	ERR011348_MEGAHIT_TaxVamb.6_sub
k79_20585	ERR011348_MEGAHIT_TaxVamb.6_sub
k79_20720	ERR011348_MEGAHIT_TaxVamb.6_sub
k79_20799	ERR011348_MEGAHIT_TaxVamb.6_sub
k79_20896	ERR011348_MEGAHIT_TaxVamb.6_sub
k79_20957	ERR011348_MEGAHIT_TaxVamb.6_sub
k79_20999	ERR011348_MEGAHIT_TaxVamb.6_sub
k79_212	ERR011348_MEGAHIT_TaxVamb.6_sub
k79_21238	ERR011348_MEGAHIT_TaxVamb.6_sub
k79_21288	ERR011348_MEGAHIT_TaxVamb.6_sub
k79_21381	ERR011348_MEGAHIT_TaxVamb.6_sub
k79_21433	ERR011348_MEGAHIT_TaxVamb.6_sub
k79_21485	ERR011348_MEGAHIT_TaxVamb.6_sub
k79_21508	ERR011348_MEGAHIT_TaxVamb.6_sub
k79_21597	ERR011348_MEGAHIT_TaxVamb.6_sub
k79_21617	ERR011348_MEGAHIT_TaxVamb.6_sub
k79_217	ERR011348_MEGAHIT_TaxVamb.6_sub
k79_21752	ERR011348_MEGAHIT_TaxVamb.6_sub
k79_22106	ERR011348_MEGAHIT_TaxVamb.6_sub
k79_22136	ERR011348_MEGAHIT_TaxVamb.6_sub
k79_22228	ERR011348_MEGAHIT_TaxVamb.6_sub
k79_22385	ERR011348_MEGAHIT_TaxVamb.6_sub
k79_22469	ERR011348_MEGAHIT_TaxVamb.6_sub
k79_22878	ERR011348_MEGAHIT_TaxVamb.6_sub
k79_23194	ERR011348_MEGAHIT_TaxVamb.6_sub
k79_23204	ERR011348_MEGAHIT_TaxVamb.6_sub
k79_23510	ERR011348_MEGAHIT_TaxVamb.6_sub
k79_23669	ERR011348_MEGAHIT_TaxVamb.6_sub
k79_23708	ERR011348_MEGAHIT_TaxVamb.6_sub
k79_23722	ERR011348_MEGAHIT_TaxVamb.6_sub
k79_24115	ERR011348_MEGAHIT_TaxVamb.6_sub
k79_24259	ERR011348_MEGAHIT_TaxVamb.6_sub
k79_24276	ERR011348_MEGAHIT_TaxVamb.6_sub
k79_24298	ERR011348_MEGAHIT_TaxVamb.6_sub
k79_24621	ERR011348_MEGAHIT_TaxVamb.6_sub
k79_24674	ERR011348_MEGAHIT_TaxVamb.6_sub
k79_24697	ERR011348_MEGAHIT_TaxVamb.6_sub
k79_24799	ERR011348_MEGAHIT_TaxVamb.6_sub
k79_24891	ERR011348_MEGAHIT_TaxVamb.6_sub
k79_24976	ERR011348_MEGAHIT_TaxVamb.6_sub
k79_25101	ERR011348_MEGAHIT_TaxVamb.6_sub
k79_25175	ERR011348_MEGAHIT_TaxVamb.6_sub
k79_25309	ERR011348_MEGAHIT_TaxVamb.6_sub
k79_25402	ERR011348_MEGAHIT_TaxVamb.6_sub
k79_25519	ERR011348_MEGAHIT_TaxVamb.6_sub
k79_25570	ERR011348_MEGAHIT_TaxVamb.6_sub
k79_25601	ERR011348_MEGAHIT_TaxVamb.6_sub
k79_25619	ERR011348_MEGAHIT_TaxVamb.6_sub
k79_25651	ERR011348_MEGAHIT_TaxVamb.6_sub
k79_25859	ERR011348_MEGAHIT_TaxVamb.6_sub
k79_25880	ERR011348_MEGAHIT_TaxVamb.6_sub
k79_25976	ERR011348_MEGAHIT_TaxVamb.6_sub
k79_26074	ERR011348_MEGAHIT_TaxVamb.6_sub
k79_26163	ERR011348_MEGAHIT_TaxVamb.6_sub
k79_26185	ERR011348_MEGAHIT_TaxVamb.6_sub
k79_26338	ERR011348_MEGAHIT_TaxVamb.6_sub
k79_2644	ERR011348_MEGAHIT_TaxVamb.6_sub
k79_26498	ERR011348_MEGAHIT_TaxVamb.6_sub
k79_26532	ERR011348_MEGAHIT_TaxVamb.6_sub
k79_26585	ERR011348_MEGAHIT_TaxVamb.6_sub
k79_26706	ERR011348_MEGAHIT_TaxVamb.6_sub
k79_2673	ERR011348_MEGAHIT_TaxVamb.6_sub
k79_26757	ERR011348_MEGAHIT_TaxVamb.6_sub
k79_26829	ERR011348_MEGAHIT_TaxVamb.6_sub
k79_27084	ERR011348_MEGAHIT_TaxVamb.6_sub
k79_27107	ERR011348_MEGAHIT_TaxVamb.6_sub
k79_27113	ERR011348_MEGAHIT_TaxVamb.6_sub
k79_27168	ERR011348_MEGAHIT_TaxVamb.6_sub
k79_27238	ERR011348_MEGAHIT_TaxVamb.6_sub
k79_27246	ERR011348_MEGAHIT_TaxVamb.6_sub
k79_27268	ERR011348_MEGAHIT_TaxVamb.6_sub
k79_27312	ERR011348_MEGAHIT_TaxVamb.6_sub
k79_27728	ERR011348_MEGAHIT_TaxVamb.6_sub
k79_27936	ERR011348_MEGAHIT_TaxVamb.6_sub
k79_27978	ERR011348_MEGAHIT_TaxVamb.6_sub
k79_280	ERR011348_MEGAHIT_TaxVamb.6_sub
k79_28140	ERR011348_MEGAHIT_TaxVamb.6_sub
k79_28249	ERR011348_MEGAHIT_TaxVamb.6_sub
k79_2825	ERR011348_MEGAHIT_TaxVamb.6_sub
k79_28299	ERR011348_MEGAHIT_TaxVamb.6_sub
k79_28396	ERR011348_MEGAHIT_TaxVamb.6_sub
k79_28551	ERR011348_MEGAHIT_TaxVamb.6_sub
k79_28583	ERR011348_MEGAHIT_TaxVamb.6_sub
k79_28653	ERR011348_MEGAHIT_TaxVamb.6_sub
k79_28680	ERR011348_MEGAHIT_TaxVamb.6_sub
k79_28695	ERR011348_MEGAHIT_TaxVamb.6_sub
k79_28779	ERR011348_MEGAHIT_TaxVamb.6_sub
k79_28855	ERR011348_MEGAHIT_TaxVamb.6_sub
k79_28959	ERR011348_MEGAHIT_TaxVamb.6_sub
k79_29001	ERR011348_MEGAHIT_TaxVamb.6_sub
k79_29253	ERR011348_MEGAHIT_TaxVamb.6_sub
k79_29308	ERR011348_MEGAHIT_TaxVamb.6_sub
k79_2936	ERR011348_MEGAHIT_TaxVamb.6_sub
k79_29408	ERR011348_MEGAHIT_TaxVamb.6_sub
k79_29534	ERR011348_MEGAHIT_TaxVamb.6_sub
k79_29595	ERR011348_MEGAHIT_TaxVamb.6_sub
k79_29662	ERR011348_MEGAHIT_TaxVamb.6_sub
k79_29699	ERR011348_MEGAHIT_TaxVamb.6_sub
k79_3019	ERR011348_MEGAHIT_TaxVamb.6_sub
k79_30389	ERR011348_MEGAHIT_TaxVamb.6_sub
k79_30566	ERR011348_MEGAHIT_TaxVamb.6_sub
k79_30882	ERR011348_MEGAHIT_TaxVamb.6_sub
k79_3111	ERR011348_MEGAHIT_TaxVamb.6_sub
k79_31111	ERR011348_MEGAHIT_TaxVamb.6_sub
k79_31444	ERR011348_MEGAHIT_TaxVamb.6_sub
k79_32258	ERR011348_MEGAHIT_TaxVamb.6_sub
k79_32375	ERR011348_MEGAHIT_TaxVamb.6_sub
k79_32408	ERR011348_MEGAHIT_TaxVamb.6_sub
k79_32697	ERR011348_MEGAHIT_TaxVamb.6_sub
k79_32719	ERR011348_MEGAHIT_TaxVamb.6_sub
k79_32746	ERR011348_MEGAHIT_TaxVamb.6_sub
k79_32793	ERR011348_MEGAHIT_TaxVamb.6_sub
k79_32938	ERR011348_MEGAHIT_TaxVamb.6_sub
k79_32976	ERR011348_MEGAHIT_TaxVamb.6_sub
k79_33093	ERR011348_MEGAHIT_TaxVamb.6_sub
k79_33718	ERR011348_MEGAHIT_TaxVamb.6_sub
k79_33748	ERR011348_MEGAHIT_TaxVamb.6_sub
k79_33923	ERR011348_MEGAHIT_TaxVamb.6_sub
k79_33927	ERR011348_MEGAHIT_TaxVamb.6_sub
k79_3394	ERR011348_MEGAHIT_TaxVamb.6_sub
k79_33988	ERR011348_MEGAHIT_TaxVamb.6_sub
k79_34079	ERR011348_MEGAHIT_TaxVamb.6_sub
k79_3417	ERR011348_MEGAHIT_TaxVamb.6_sub
k79_34346	ERR011348_MEGAHIT_TaxVamb.6_sub
k79_34389	ERR011348_MEGAHIT_TaxVamb.6_sub
k79_34710	ERR011348_MEGAHIT_TaxVamb.6_sub
k79_35033	ERR011348_MEGAHIT_TaxVamb.6_sub
k79_35110	ERR011348_MEGAHIT_TaxVamb.6_sub
k79_35242	ERR011348_MEGAHIT_TaxVamb.6_sub
k79_35257	ERR011348_MEGAHIT_TaxVamb.6_sub
k79_35345	ERR011348_MEGAHIT_TaxVamb.6_sub
k79_35522	ERR011348_MEGAHIT_TaxVamb.6_sub
k79_35601	ERR011348_MEGAHIT_TaxVamb.6_sub
k79_35690	ERR011348_MEGAHIT_TaxVamb.6_sub
k79_35925	ERR011348_MEGAHIT_TaxVamb.6_sub
k79_3594	ERR011348_MEGAHIT_TaxVamb.6_sub
k79_35994	ERR011348_MEGAHIT_TaxVamb.6_sub
k79_36134	ERR011348_MEGAHIT_TaxVamb.6_sub
k79_36193	ERR011348_MEGAHIT_TaxVamb.6_sub
k79_36296	ERR011348_MEGAHIT_TaxVamb.6_sub
k79_36351	ERR011348_MEGAHIT_TaxVamb.6_sub
k79_36427	ERR011348_MEGAHIT_TaxVamb.6_sub
k79_36482	ERR011348_MEGAHIT_TaxVamb.6_sub
k79_36561	ERR011348_MEGAHIT_TaxVamb.6_sub
k79_36685	ERR011348_MEGAHIT_TaxVamb.6_sub
k79_36756	ERR011348_MEGAHIT_TaxVamb.6_sub
k79_36797	ERR011348_MEGAHIT_TaxVamb.6_sub
k79_3685	ERR011348_MEGAHIT_TaxVamb.6_sub
k79_36964	ERR011348_MEGAHIT_TaxVamb.6_sub
k79_37101	ERR011348_MEGAHIT_TaxVamb.6_sub
k79_37144	ERR011348_MEGAHIT_TaxVamb.6_sub
k79_37278	ERR011348_MEGAHIT_TaxVamb.6_sub
k79_37347	ERR011348_MEGAHIT_TaxVamb.6_sub
k79_37439	ERR011348_MEGAHIT_TaxVamb.6_sub
k79_37573	ERR011348_MEGAHIT_TaxVamb.6_sub
k79_37943	ERR011348_MEGAHIT_TaxVamb.6_sub
k79_37989	ERR011348_MEGAHIT_TaxVamb.6_sub
k79_37997	ERR011348_MEGAHIT_TaxVamb.6_sub
k79_38224	ERR011348_MEGAHIT_TaxVamb.6_sub
k79_38233	ERR011348_MEGAHIT_TaxVamb.6_sub
k79_38289	ERR011348_MEGAHIT_TaxVamb.6_sub
k79_38691	ERR011348_MEGAHIT_TaxVamb.6_sub
k79_3870	ERR011348_MEGAHIT_TaxVamb.6_sub
k79_38723	ERR011348_MEGAHIT_TaxVamb.6_sub
k79_38772	ERR011348_MEGAHIT_TaxVamb.6_sub
k79_38940	ERR011348_MEGAHIT_TaxVamb.6_sub
k79_39020	ERR011348_MEGAHIT_TaxVamb.6_sub
k79_39034	ERR011348_MEGAHIT_TaxVamb.6_sub
k79_39276	ERR011348_MEGAHIT_TaxVamb.6_sub
k79_39302	ERR011348_MEGAHIT_TaxVamb.6_sub
k79_39430	ERR011348_MEGAHIT_TaxVamb.6_sub
k79_39544	ERR011348_MEGAHIT_TaxVamb.6_sub
k79_39642	ERR011348_MEGAHIT_TaxVamb.6_sub
k79_39653	ERR011348_MEGAHIT_TaxVamb.6_sub
k79_3970	ERR011348_MEGAHIT_TaxVamb.6_sub
k79_39789	ERR011348_MEGAHIT_TaxVamb.6_sub
k79_39892	ERR011348_MEGAHIT_TaxVamb.6_sub
k79_39937	ERR011348_MEGAHIT_TaxVamb.6_sub
k79_39949	ERR011348_MEGAHIT_TaxVamb.6_sub
k79_4006	ERR011348_MEGAHIT_TaxVamb.6_sub
k79_40067	ERR011348_MEGAHIT_TaxVamb.6_sub
k79_40148	ERR011348_MEGAHIT_TaxVamb.6_sub
k79_40149	ERR011348_MEGAHIT_TaxVamb.6_sub
k79_40411	ERR011348_MEGAHIT_TaxVamb.6_sub
k79_40421	ERR011348_MEGAHIT_TaxVamb.6_sub
k79_40424	ERR011348_MEGAHIT_TaxVamb.6_sub
k79_40504	ERR011348_MEGAHIT_TaxVamb.6_sub
k79_40515	ERR011348_MEGAHIT_TaxVamb.6_sub
k79_40540	ERR011348_MEGAHIT_TaxVamb.6_sub
k79_40631	ERR011348_MEGAHIT_TaxVamb.6_sub
k79_40730	ERR011348_MEGAHIT_TaxVamb.6_sub
k79_40744	ERR011348_MEGAHIT_TaxVamb.6_sub
k79_40874	ERR011348_MEGAHIT_TaxVamb.6_sub
k79_40977	ERR011348_MEGAHIT_TaxVamb.6_sub
k79_41073	ERR011348_MEGAHIT_TaxVamb.6_sub
k79_41156	ERR011348_MEGAHIT_TaxVamb.6_sub
k79_41328	ERR011348_MEGAHIT_TaxVamb.6_sub
k79_4137	ERR011348_MEGAHIT_TaxVamb.6_sub
k79_41563	ERR011348_MEGAHIT_TaxVamb.6_sub
k79_4171	ERR011348_MEGAHIT_TaxVamb.6_sub
k79_41803	ERR011348_MEGAHIT_TaxVamb.6_sub
k79_41813	ERR011348_MEGAHIT_TaxVamb.6_sub
k79_41879	ERR011348_MEGAHIT_TaxVamb.6_sub
k79_41986	ERR011348_MEGAHIT_TaxVamb.6_sub
k79_42059	ERR011348_MEGAHIT_TaxVamb.6_sub
k79_42160	ERR011348_MEGAHIT_TaxVamb.6_sub
k79_42234	ERR011348_MEGAHIT_TaxVamb.6_sub
k79_42345	ERR011348_MEGAHIT_TaxVamb.6_sub
k79_42390	ERR011348_MEGAHIT_TaxVamb.6_sub
k79_42479	ERR011348_MEGAHIT_TaxVamb.6_sub
k79_42490	ERR011348_MEGAHIT_TaxVamb.6_sub
k79_42827	ERR011348_MEGAHIT_TaxVamb.6_sub
k79_42994	ERR011348_MEGAHIT_TaxVamb.6_sub
k79_43292	ERR011348_MEGAHIT_TaxVamb.6_sub
k79_43294	ERR011348_MEGAHIT_TaxVamb.6_sub
k79_43315	ERR011348_MEGAHIT_TaxVamb.6_sub
k79_43501	ERR011348_MEGAHIT_TaxVamb.6_sub
k79_43541	ERR011348_MEGAHIT_TaxVamb.6_sub
k79_43605	ERR011348_MEGAHIT_TaxVamb.6_sub
k79_43620	ERR011348_MEGAHIT_TaxVamb.6_sub
k79_4364	ERR011348_MEGAHIT_TaxVamb.6_sub
k79_43653	ERR011348_MEGAHIT_TaxVamb.6_sub
k79_43733	ERR011348_MEGAHIT_TaxVamb.6_sub
k79_43796	ERR011348_MEGAHIT_TaxVamb.6_sub
k79_43814	ERR011348_MEGAHIT_TaxVamb.6_sub
k79_43855	ERR011348_MEGAHIT_TaxVamb.6_sub
k79_4387	ERR011348_MEGAHIT_TaxVamb.6_sub
k79_43923	ERR011348_MEGAHIT_TaxVamb.6_sub
k79_44008	ERR011348_MEGAHIT_TaxVamb.6_sub
k79_44184	ERR011348_MEGAHIT_TaxVamb.6_sub
k79_4426	ERR011348_MEGAHIT_TaxVamb.6_sub
k79_44274	ERR011348_MEGAHIT_TaxVamb.6_sub
k79_44353	ERR011348_MEGAHIT_TaxVamb.6_sub
k79_44459	ERR011348_MEGAHIT_TaxVamb.6_sub
k79_44504	ERR011348_MEGAHIT_TaxVamb.6_sub
k79_44711	ERR011348_MEGAHIT_TaxVamb.6_sub
k79_44898	ERR011348_MEGAHIT_TaxVamb.6_sub
k79_4493	ERR011348_MEGAHIT_TaxVamb.6_sub
k79_44967	ERR011348_MEGAHIT_TaxVamb.6_sub
k79_45048	ERR011348_MEGAHIT_TaxVamb.6_sub
k79_45213	ERR011348_MEGAHIT_TaxVamb.6_sub
k79_45369	ERR011348_MEGAHIT_TaxVamb.6_sub
k79_4547	ERR011348_MEGAHIT_TaxVamb.6_sub
k79_45499	ERR011348_MEGAHIT_TaxVamb.6_sub
k79_45688	ERR011348_MEGAHIT_TaxVamb.6_sub
k79_45702	ERR011348_MEGAHIT_TaxVamb.6_sub
k79_45793	ERR011348_MEGAHIT_TaxVamb.6_sub
k79_45908	ERR011348_MEGAHIT_TaxVamb.6_sub
k79_45912	ERR011348_MEGAHIT_TaxVamb.6_sub
k79_45975	ERR011348_MEGAHIT_TaxVamb.6_sub
k79_46087	ERR011348_MEGAHIT_TaxVamb.6_sub
k79_46205	ERR011348_MEGAHIT_TaxVamb.6_sub
k79_46314	ERR011348_MEGAHIT_TaxVamb.6_sub
k79_46518	ERR011348_MEGAHIT_TaxVamb.6_sub
k79_46862	ERR011348_MEGAHIT_TaxVamb.6_sub
k79_46921	ERR011348_MEGAHIT_TaxVamb.6_sub
k79_47173	ERR011348_MEGAHIT_TaxVamb.6_sub
k79_47333	ERR011348_MEGAHIT_TaxVamb.6_sub
k79_47792	ERR011348_MEGAHIT_TaxVamb.6_sub
k79_47839	ERR011348_MEGAHIT_TaxVamb.6_sub
k79_47858	ERR011348_MEGAHIT_TaxVamb.6_sub
k79_47976	ERR011348_MEGAHIT_TaxVamb.6_sub
k79_48097	ERR011348_MEGAHIT_TaxVamb.6_sub
k79_48239	ERR011348_MEGAHIT_TaxVamb.6_sub
k79_48303	ERR011348_MEGAHIT_TaxVamb.6_sub
k79_48345	ERR011348_MEGAHIT_TaxVamb.6_sub
k79_48551	ERR011348_MEGAHIT_TaxVamb.6_sub
k79_48591	ERR011348_MEGAHIT_TaxVamb.6_sub
k79_4860	ERR011348_MEGAHIT_TaxVamb.6_sub
k79_48631	ERR011348_MEGAHIT_TaxVamb.6_sub
k79_48712	ERR011348_MEGAHIT_TaxVamb.6_sub
k79_48747	ERR011348_MEGAHIT_TaxVamb.6_sub
k79_48754	ERR011348_MEGAHIT_TaxVamb.6_sub
k79_48871	ERR011348_MEGAHIT_TaxVamb.6_sub
k79_48947	ERR011348_MEGAHIT_TaxVamb.6_sub
k79_49082	ERR011348_MEGAHIT_TaxVamb.6_sub
k79_49162	ERR011348_MEGAHIT_TaxVamb.6_sub
k79_49164	ERR011348_MEGAHIT_TaxVamb.6_sub
k79_49178	ERR011348_MEGAHIT_TaxVamb.6_sub
k79_49365	ERR011348_MEGAHIT_TaxVamb.6_sub
k79_49447	ERR011348_MEGAHIT_TaxVamb.6_sub
k79_49464	ERR011348_MEGAHIT_TaxVamb.6_sub
k79_49467	ERR011348_MEGAHIT_TaxVamb.6_sub
k79_49740	ERR011348_MEGAHIT_TaxVamb.6_sub
k79_49791	ERR011348_MEGAHIT_TaxVamb.6_sub
k79_49837	ERR011348_MEGAHIT_TaxVamb.6_sub
k79_4997	ERR011348_MEGAHIT_TaxVamb.6_sub
k79_49984	ERR011348_MEGAHIT_TaxVamb.6_sub
k79_50341	ERR011348_MEGAHIT_TaxVamb.6_sub
k79_50364	ERR011348_MEGAHIT_TaxVamb.6_sub
k79_50383	ERR011348_MEGAHIT_TaxVamb.6_sub
k79_50482	ERR011348_MEGAHIT_TaxVamb.6_sub
k79_50595	ERR011348_MEGAHIT_TaxVamb.6_sub
k79_50682	ERR011348_MEGAHIT_TaxVamb.6_sub
k79_50856	ERR011348_MEGAHIT_TaxVamb.6_sub
k79_50864	ERR011348_MEGAHIT_TaxVamb.6_sub
k79_50901	ERR011348_MEGAHIT_TaxVamb.6_sub
k79_50940	ERR011348_MEGAHIT_TaxVamb.6_sub
k79_5096	ERR011348_MEGAHIT_TaxVamb.6_sub
k79_51005	ERR011348_MEGAHIT_TaxVamb.6_sub
k79_51103	ERR011348_MEGAHIT_TaxVamb.6_sub
k79_51212	ERR011348_MEGAHIT_TaxVamb.6_sub
k79_5124	ERR011348_MEGAHIT_TaxVamb.6_sub
k79_51334	ERR011348_MEGAHIT_TaxVamb.6_sub
k79_51340	ERR011348_MEGAHIT_TaxVamb.6_sub
k79_51504	ERR011348_MEGAHIT_TaxVamb.6_sub
k79_51537	ERR011348_MEGAHIT_TaxVamb.6_sub
k79_51593	ERR011348_MEGAHIT_TaxVamb.6_sub
k79_51678	ERR011348_MEGAHIT_TaxVamb.6_sub
k79_51727	ERR011348_MEGAHIT_TaxVamb.6_sub
k79_51777	ERR011348_MEGAHIT_TaxVamb.6_sub
k79_51822	ERR011348_MEGAHIT_TaxVamb.6_sub
k79_51990	ERR011348_MEGAHIT_TaxVamb.6_sub
k79_52303	ERR011348_MEGAHIT_TaxVamb.6_sub
k79_52549	ERR011348_MEGAHIT_TaxVamb.6_sub
k79_52608	ERR011348_MEGAHIT_TaxVamb.6_sub
k79_52872	ERR011348_MEGAHIT_TaxVamb.6_sub
k79_53004	ERR011348_MEGAHIT_TaxVamb.6_sub
k79_53012	ERR011348_MEGAHIT_TaxVamb.6_sub
k79_53703	ERR011348_MEGAHIT_TaxVamb.6_sub
k79_53771	ERR011348_MEGAHIT_TaxVamb.6_sub
k79_54097	ERR011348_MEGAHIT_TaxVamb.6_sub
k79_54392	ERR011348_MEGAHIT_TaxVamb.6_sub
k79_54585	ERR011348_MEGAHIT_TaxVamb.6_sub
k79_54843	ERR011348_MEGAHIT_TaxVamb.6_sub
k79_54869	ERR011348_MEGAHIT_TaxVamb.6_sub
k79_54936	ERR011348_MEGAHIT_TaxVamb.6_sub
k79_55274	ERR011348_MEGAHIT_TaxVamb.6_sub
k79_55493	ERR011348_MEGAHIT_TaxVamb.6_sub
k79_55528	ERR011348_MEGAHIT_TaxVamb.6_sub
k79_55568	ERR011348_MEGAHIT_TaxVamb.6_sub
k79_55745	ERR011348_MEGAHIT_TaxVamb.6_sub
k79_55935	ERR011348_MEGAHIT_TaxVamb.6_sub
k79_55936	ERR011348_MEGAHIT_TaxVamb.6_sub
k79_55978	ERR011348_MEGAHIT_TaxVamb.6_sub
k79_5598	ERR011348_MEGAHIT_TaxVamb.6_sub
k79_56462	ERR011348_MEGAHIT_TaxVamb.6_sub
k79_5665	ERR011348_MEGAHIT_TaxVamb.6_sub
k79_56652	ERR011348_MEGAHIT_TaxVamb.6_sub
k79_56686	ERR011348_MEGAHIT_TaxVamb.6_sub
k79_56720	ERR011348_MEGAHIT_TaxVamb.6_sub
k79_57016	ERR011348_MEGAHIT_TaxVamb.6_sub
k79_57159	ERR011348_MEGAHIT_TaxVamb.6_sub
k79_57194	ERR011348_MEGAHIT_TaxVamb.6_sub
k79_57414	ERR011348_MEGAHIT_TaxVamb.6_sub
k79_57426	ERR011348_MEGAHIT_TaxVamb.6_sub
k79_57577	ERR011348_MEGAHIT_TaxVamb.6_sub
k79_57604	ERR011348_MEGAHIT_TaxVamb.6_sub
k79_57636	ERR011348_MEGAHIT_TaxVamb.6_sub
k79_58110	ERR011348_MEGAHIT_TaxVamb.6_sub
k79_58283	ERR011348_MEGAHIT_TaxVamb.6_sub
k79_58372	ERR011348_MEGAHIT_TaxVamb.6_sub
k79_58450	ERR011348_MEGAHIT_TaxVamb.6_sub
k79_58910	ERR011348_MEGAHIT_TaxVamb.6_sub
k79_58921	ERR011348_MEGAHIT_TaxVamb.6_sub
k79_59193	ERR011348_MEGAHIT_TaxVamb.6_sub
k79_59241	ERR011348_MEGAHIT_TaxVamb.6_sub
k79_59406	ERR011348_MEGAHIT_TaxVamb.6_sub
k79_59415	ERR011348_MEGAHIT_TaxVamb.6_sub
k79_59515	ERR011348_MEGAHIT_TaxVamb.6_sub
k79_59705	ERR011348_MEGAHIT_TaxVamb.6_sub
k79_59843	ERR011348_MEGAHIT_TaxVamb.6_sub
k79_5991	ERR011348_MEGAHIT_TaxVamb.6_sub
k79_6007	ERR011348_MEGAHIT_TaxVamb.6_sub
k79_60106	ERR011348_MEGAHIT_TaxVamb.6_sub
k79_60210	ERR011348_MEGAHIT_TaxVamb.6_sub
k79_60436	ERR011348_MEGAHIT_TaxVamb.6_sub
k79_60461	ERR011348_MEGAHIT_TaxVamb.6_sub
k79_60489	ERR011348_MEGAHIT_TaxVamb.6_sub
k79_60613	ERR011348_MEGAHIT_TaxVamb.6_sub
k79_60652	ERR011348_MEGAHIT_TaxVamb.6_sub
k79_60674	ERR011348_MEGAHIT_TaxVamb.6_sub
k79_60707	ERR011348_MEGAHIT_TaxVamb.6_sub
k79_60760	ERR011348_MEGAHIT_TaxVamb.6_sub
k79_60797	ERR011348_MEGAHIT_TaxVamb.6_sub
k79_60818	ERR011348_MEGAHIT_TaxVamb.6_sub
k79_60946	ERR011348_MEGAHIT_TaxVamb.6_sub
k79_60971	ERR011348_MEGAHIT_TaxVamb.6_sub
k79_61009	ERR011348_MEGAHIT_TaxVamb.6_sub
k79_61063	ERR011348_MEGAHIT_TaxVamb.6_sub
k79_61075	ERR011348_MEGAHIT_TaxVamb.6_sub
k79_61178	ERR011348_MEGAHIT_TaxVamb.6_sub
k79_61219	ERR011348_MEGAHIT_TaxVamb.6_sub
k79_61328	ERR011348_MEGAHIT_TaxVamb.6_sub
k79_61343	ERR011348_MEGAHIT_TaxVamb.6_sub
k79_61425	ERR011348_MEGAHIT_TaxVamb.6_sub
k79_61541	ERR011348_MEGAHIT_TaxVamb.6_sub
k79_61667	ERR011348_MEGAHIT_TaxVamb.6_sub
k79_61743	ERR011348_MEGAHIT_TaxVamb.6_sub
k79_61850	ERR011348_MEGAHIT_TaxVamb.6_sub
k79_61896	ERR011348_MEGAHIT_TaxVamb.6_sub
k79_62085	ERR011348_MEGAHIT_TaxVamb.6_sub
k79_6213	ERR011348_MEGAHIT_TaxVamb.6_sub
k79_6224	ERR011348_MEGAHIT_TaxVamb.6_sub
k79_62372	ERR011348_MEGAHIT_TaxVamb.6_sub
k79_62490	ERR011348_MEGAHIT_TaxVamb.6_sub
k79_6254	ERR011348_MEGAHIT_TaxVamb.6_sub
k79_62579	ERR011348_MEGAHIT_TaxVamb.6_sub
k79_62649	ERR011348_MEGAHIT_TaxVamb.6_sub
k79_62661	ERR011348_MEGAHIT_TaxVamb.6_sub
k79_62859	ERR011348_MEGAHIT_TaxVamb.6_sub
k79_62991	ERR011348_MEGAHIT_TaxVamb.6_sub
k79_63145	ERR011348_MEGAHIT_TaxVamb.6_sub
k79_63221	ERR011348_MEGAHIT_TaxVamb.6_sub
k79_63481	ERR011348_MEGAHIT_TaxVamb.6_sub
k79_63850	ERR011348_MEGAHIT_TaxVamb.6_sub
k79_63941	ERR011348_MEGAHIT_TaxVamb.6_sub
k79_63953	ERR011348_MEGAHIT_TaxVamb.6_sub
k79_63958	ERR011348_MEGAHIT_TaxVamb.6_sub
k79_64012	ERR011348_MEGAHIT_TaxVamb.6_sub
k79_64053	ERR011348_MEGAHIT_TaxVamb.6_sub
k79_64081	ERR011348_MEGAHIT_TaxVamb.6_sub
k79_6422	ERR011348_MEGAHIT_TaxVamb.6_sub
k79_6429	ERR011348_MEGAHIT_TaxVamb.6_sub
k79_64358	ERR011348_MEGAHIT_TaxVamb.6_sub
k79_64480	ERR011348_MEGAHIT_TaxVamb.6_sub
k79_64501	ERR011348_MEGAHIT_TaxVamb.6_sub
k79_64513	ERR011348_MEGAHIT_TaxVamb.6_sub
k79_64532	ERR011348_MEGAHIT_TaxVamb.6_sub
k79_64580	ERR011348_MEGAHIT_TaxVamb.6_sub
k79_64612	ERR011348_MEGAHIT_TaxVamb.6_sub
k79_64654	ERR011348_MEGAHIT_TaxVamb.6_sub
k79_64854	ERR011348_MEGAHIT_TaxVamb.6_sub
k79_6492	ERR011348_MEGAHIT_TaxVamb.6_sub
k79_65057	ERR011348_MEGAHIT_TaxVamb.6_sub
k79_65201	ERR011348_MEGAHIT_TaxVamb.6_sub
k79_65701	ERR011348_MEGAHIT_TaxVamb.6_sub
k79_65950	ERR011348_MEGAHIT_TaxVamb.6_sub
k79_66185	ERR011348_MEGAHIT_TaxVamb.6_sub
k79_66272	ERR011348_MEGAHIT_TaxVamb.6_sub
k79_66289	ERR011348_MEGAHIT_TaxVamb.6_sub
k79_66419	ERR011348_MEGAHIT_TaxVamb.6_sub
k79_66501	ERR011348_MEGAHIT_TaxVamb.6_sub
k79_66731	ERR011348_MEGAHIT_TaxVamb.6_sub
k79_66740	ERR011348_MEGAHIT_TaxVamb.6_sub
k79_66968	ERR011348_MEGAHIT_TaxVamb.6_sub
k79_66989	ERR011348_MEGAHIT_TaxVamb.6_sub
k79_67056	ERR011348_MEGAHIT_TaxVamb.6_sub
k79_67211	ERR011348_MEGAHIT_TaxVamb.6_sub
k79_67239	ERR011348_MEGAHIT_TaxVamb.6_sub
k79_67287	ERR011348_MEGAHIT_TaxVamb.6_sub
k79_67375	ERR011348_MEGAHIT_TaxVamb.6_sub
k79_67393	ERR011348_MEGAHIT_TaxVamb.6_sub
k79_67618	ERR011348_MEGAHIT_TaxVamb.6_sub
k79_6762	ERR011348_MEGAHIT_TaxVamb.6_sub
k79_67755	ERR011348_MEGAHIT_TaxVamb.6_sub
k79_67758	ERR011348_MEGAHIT_TaxVamb.6_sub
k79_67777	ERR011348_MEGAHIT_TaxVamb.6_sub
k79_67841	ERR011348_MEGAHIT_TaxVamb.6_sub
k79_68065	ERR011348_MEGAHIT_TaxVamb.6_sub
k79_68106	ERR011348_MEGAHIT_TaxVamb.6_sub
k79_68116	ERR011348_MEGAHIT_TaxVamb.6_sub
k79_68193	ERR011348_MEGAHIT_TaxVamb.6_sub
k79_68306	ERR011348_MEGAHIT_TaxVamb.6_sub
k79_6831	ERR011348_MEGAHIT_TaxVamb.6_sub
k79_68318	ERR011348_MEGAHIT_TaxVamb.6_sub
k79_68333	ERR011348_MEGAHIT_TaxVamb.6_sub
k79_68407	ERR011348_MEGAHIT_TaxVamb.6_sub
k79_68420	ERR011348_MEGAHIT_TaxVamb.6_sub
k79_68535	ERR011348_MEGAHIT_TaxVamb.6_sub
k79_68593	ERR011348_MEGAHIT_TaxVamb.6_sub
k79_68595	ERR011348_MEGAHIT_TaxVamb.6_sub
k79_68610	ERR011348_MEGAHIT_TaxVamb.6_sub
k79_68770	ERR011348_MEGAHIT_TaxVamb.6_sub
k79_68869	ERR011348_MEGAHIT_TaxVamb.6_sub
k79_68875	ERR011348_MEGAHIT_TaxVamb.6_sub
k79_68977	ERR011348_MEGAHIT_TaxVamb.6_sub
k79_69160	ERR011348_MEGAHIT_TaxVamb.6_sub
k79_69213	ERR011348_MEGAHIT_TaxVamb.6_sub
k79_69215	ERR011348_MEGAHIT_TaxVamb.6_sub
k79_6924	ERR011348_MEGAHIT_TaxVamb.6_sub
k79_69406	ERR011348_MEGAHIT_TaxVamb.6_sub
k79_69680	ERR011348_MEGAHIT_TaxVamb.6_sub
k79_69697	ERR011348_MEGAHIT_TaxVamb.6_sub
k79_69724	ERR011348_MEGAHIT_TaxVamb.6_sub
k79_69832	ERR011348_MEGAHIT_TaxVamb.6_sub
k79_70243	ERR011348_MEGAHIT_TaxVamb.6_sub
k79_70254	ERR011348_MEGAHIT_TaxVamb.6_sub
k79_70303	ERR011348_MEGAHIT_TaxVamb.6_sub
k79_70508	ERR011348_MEGAHIT_TaxVamb.6_sub
k79_70605	ERR011348_MEGAHIT_TaxVamb.6_sub
k79_70669	ERR011348_MEGAHIT_TaxVamb.6_sub
k79_70747	ERR011348_MEGAHIT_TaxVamb.6_sub
k79_70938	ERR011348_MEGAHIT_TaxVamb.6_sub
k79_71169	ERR011348_MEGAHIT_TaxVamb.6_sub
k79_7131	ERR011348_MEGAHIT_TaxVamb.6_sub
k79_7134	ERR011348_MEGAHIT_TaxVamb.6_sub
k79_71410	ERR011348_MEGAHIT_TaxVamb.6_sub
k79_71519	ERR011348_MEGAHIT_TaxVamb.6_sub
k79_71703	ERR011348_MEGAHIT_TaxVamb.6_sub
k79_71707	ERR011348_MEGAHIT_TaxVamb.6_sub
k79_71839	ERR011348_MEGAHIT_TaxVamb.6_sub
k79_71947	ERR011348_MEGAHIT_TaxVamb.6_sub
k79_72010	ERR011348_MEGAHIT_TaxVamb.6_sub
k79_72137	ERR011348_MEGAHIT_TaxVamb.6_sub
k79_72158	ERR011348_MEGAHIT_TaxVamb.6_sub
k79_72306	ERR011348_MEGAHIT_TaxVamb.6_sub
k79_72741	ERR011348_MEGAHIT_TaxVamb.6_sub
k79_72777	ERR011348_MEGAHIT_TaxVamb.6_sub
k79_72797	ERR011348_MEGAHIT_TaxVamb.6_sub
k79_72918	ERR011348_MEGAHIT_TaxVamb.6_sub
k79_72969	ERR011348_MEGAHIT_TaxVamb.6_sub
k79_73010	ERR011348_MEGAHIT_TaxVamb.6_sub
k79_73067	ERR011348_MEGAHIT_TaxVamb.6_sub
k79_73143	ERR011348_MEGAHIT_TaxVamb.6_sub
k79_73181	ERR011348_MEGAHIT_TaxVamb.6_sub
k79_73222	ERR011348_MEGAHIT_TaxVamb.6_sub
k79_73265	ERR011348_MEGAHIT_TaxVamb.6_sub
k79_73266	ERR011348_MEGAHIT_TaxVamb.6_sub
k79_73408	ERR011348_MEGAHIT_TaxVamb.6_sub
k79_73497	ERR011348_MEGAHIT_TaxVamb.6_sub
k79_73535	ERR011348_MEGAHIT_TaxVamb.6_sub
k79_73592	ERR011348_MEGAHIT_TaxVamb.6_sub
k79_73595	ERR011348_MEGAHIT_TaxVamb.6_sub
k79_73596	ERR011348_MEGAHIT_TaxVamb.6_sub
k79_73763	ERR011348_MEGAHIT_TaxVamb.6_sub
k79_73774	ERR011348_MEGAHIT_TaxVamb.6_sub
k79_73776	ERR011348_MEGAHIT_TaxVamb.6_sub
k79_73941	ERR011348_MEGAHIT_TaxVamb.6_sub
k79_73975	ERR011348_MEGAHIT_TaxVamb.6_sub
k79_73986	ERR011348_MEGAHIT_TaxVamb.6_sub
k79_74026	ERR011348_MEGAHIT_TaxVamb.6_sub
k79_74116	ERR011348_MEGAHIT_TaxVamb.6_sub
k79_74359	ERR011348_MEGAHIT_TaxVamb.6_sub
k79_74361	ERR011348_MEGAHIT_TaxVamb.6_sub
k79_74420	ERR011348_MEGAHIT_TaxVamb.6_sub
k79_74688	ERR011348_MEGAHIT_TaxVamb.6_sub
k79_74715	ERR011348_MEGAHIT_TaxVamb.6_sub
k79_74775	ERR011348_MEGAHIT_TaxVamb.6_sub
k79_74856	ERR011348_MEGAHIT_TaxVamb.6_sub
k79_74918	ERR011348_MEGAHIT_TaxVamb.6_sub
k79_75306	ERR011348_MEGAHIT_TaxVamb.6_sub
k79_75404	ERR011348_MEGAHIT_TaxVamb.6_sub
k79_75444	ERR011348_MEGAHIT_TaxVamb.6_sub
k79_75565	ERR011348_MEGAHIT_TaxVamb.6_sub
k79_75752	ERR011348_MEGAHIT_TaxVamb.6_sub
k79_7593	ERR011348_MEGAHIT_TaxVamb.6_sub
k79_75970	ERR011348_MEGAHIT_TaxVamb.6_sub
k79_76282	ERR011348_MEGAHIT_TaxVamb.6_sub
k79_76284	ERR011348_MEGAHIT_TaxVamb.6_sub
k79_76336	ERR011348_MEGAHIT_TaxVamb.6_sub
k79_76517	ERR011348_MEGAHIT_TaxVamb.6_sub
k79_76520	ERR011348_MEGAHIT_TaxVamb.6_sub
k79_7664	ERR011348_MEGAHIT_TaxVamb.6_sub
k79_7665	ERR011348_MEGAHIT_TaxVamb.6_sub
k79_76716	ERR011348_MEGAHIT_TaxVamb.6_sub
k79_76814	ERR011348_MEGAHIT_TaxVamb.6_sub
k79_76844	ERR011348_MEGAHIT_TaxVamb.6_sub
k79_76869	ERR011348_MEGAHIT_TaxVamb.6_sub
k79_76877	ERR011348_MEGAHIT_TaxVamb.6_sub
k79_76943	ERR011348_MEGAHIT_TaxVamb.6_sub
k79_76966	ERR011348_MEGAHIT_TaxVamb.6_sub
k79_77049	ERR011348_MEGAHIT_TaxVamb.6_sub
k79_7709	ERR011348_MEGAHIT_TaxVamb.6_sub
k79_77126	ERR011348_MEGAHIT_TaxVamb.6_sub
k79_77253	ERR011348_MEGAHIT_TaxVamb.6_sub
k79_7733	ERR011348_MEGAHIT_TaxVamb.6_sub
k79_77399	ERR011348_MEGAHIT_TaxVamb.6_sub
k79_77454	ERR011348_MEGAHIT_TaxVamb.6_sub
k79_77531	ERR011348_MEGAHIT_TaxVamb.6_sub
k79_77593	ERR011348_MEGAHIT_TaxVamb.6_sub
k79_77623	ERR011348_MEGAHIT_TaxVamb.6_sub
k79_77684	ERR011348_MEGAHIT_TaxVamb.6_sub
k79_77687	ERR011348_MEGAHIT_TaxVamb.6_sub
k79_77722	ERR011348_MEGAHIT_TaxVamb.6_sub
k79_77800	ERR011348_MEGAHIT_TaxVamb.6_sub
k79_7810	ERR011348_MEGAHIT_TaxVamb.6_sub
k79_78160	ERR011348_MEGAHIT_TaxVamb.6_sub
k79_78310	ERR011348_MEGAHIT_TaxVamb.6_sub
k79_78402	ERR011348_MEGAHIT_TaxVamb.6_sub
k79_78862	ERR011348_MEGAHIT_TaxVamb.6_sub
k79_78884	ERR011348_MEGAHIT_TaxVamb.6_sub
k79_78898	ERR011348_MEGAHIT_TaxVamb.6_sub
k79_78997	ERR011348_MEGAHIT_TaxVamb.6_sub
k79_79030	ERR011348_MEGAHIT_TaxVamb.6_sub
k79_79038	ERR011348_MEGAHIT_TaxVamb.6_sub
k79_79108	ERR011348_MEGAHIT_TaxVamb.6_sub
k79_79310	ERR011348_MEGAHIT_TaxVamb.6_sub
k79_79343	ERR011348_MEGAHIT_TaxVamb.6_sub
k79_79474	ERR011348_MEGAHIT_TaxVamb.6_sub
k79_79499	ERR011348_MEGAHIT_TaxVamb.6_sub
k79_79865	ERR011348_MEGAHIT_TaxVamb.6_sub
k79_79998	ERR011348_MEGAHIT_TaxVamb.6_sub
k79_80287	ERR011348_MEGAHIT_TaxVamb.6_sub
k79_80414	ERR011348_MEGAHIT_TaxVamb.6_sub
k79_80524	ERR011348_MEGAHIT_TaxVamb.6_sub
k79_80708	ERR011348_MEGAHIT_TaxVamb.6_sub
k79_80768	ERR011348_MEGAHIT_TaxVamb.6_sub
k79_80874	ERR011348_MEGAHIT_TaxVamb.6_sub
k79_80909	ERR011348_MEGAHIT_TaxVamb.6_sub
k79_81039	ERR011348_MEGAHIT_TaxVamb.6_sub
k79_81097	ERR011348_MEGAHIT_TaxVamb.6_sub
k79_81134	ERR011348_MEGAHIT_TaxVamb.6_sub
k79_81286	ERR011348_MEGAHIT_TaxVamb.6_sub
k79_81344	ERR011348_MEGAHIT_TaxVamb.6_sub
k79_81411	ERR011348_MEGAHIT_TaxVamb.6_sub
k79_81765	ERR011348_MEGAHIT_TaxVamb.6_sub
k79_81837	ERR011348_MEGAHIT_TaxVamb.6_sub
k79_8186	ERR011348_MEGAHIT_TaxVamb.6_sub
k79_82041	ERR011348_MEGAHIT_TaxVamb.6_sub
k79_82446	ERR011348_MEGAHIT_TaxVamb.6_sub
k79_82520	ERR011348_MEGAHIT_TaxVamb.6_sub
k79_82584	ERR011348_MEGAHIT_TaxVamb.6_sub
k79_82748	ERR011348_MEGAHIT_TaxVamb.6_sub
k79_82817	ERR011348_MEGAHIT_TaxVamb.6_sub
k79_82919	ERR011348_MEGAHIT_TaxVamb.6_sub
k79_8305	ERR011348_MEGAHIT_TaxVamb.6_sub
k79_83119	ERR011348_MEGAHIT_TaxVamb.6_sub
k79_83128	ERR011348_MEGAHIT_TaxVamb.6_sub
k79_83274	ERR011348_MEGAHIT_TaxVamb.6_sub
k79_833	ERR011348_MEGAHIT_TaxVamb.6_sub
k79_83370	ERR011348_MEGAHIT_TaxVamb.6_sub
k79_83656	ERR011348_MEGAHIT_TaxVamb.6_sub
k79_83711	ERR011348_MEGAHIT_TaxVamb.6_sub
k79_83854	ERR011348_MEGAHIT_TaxVamb.6_sub
k79_83866	ERR011348_MEGAHIT_TaxVamb.6_sub
k79_83943	ERR011348_MEGAHIT_TaxVamb.6_sub
k79_841	ERR011348_MEGAHIT_TaxVamb.6_sub
k79_84121	ERR011348_MEGAHIT_TaxVamb.6_sub
k79_84281	ERR011348_MEGAHIT_TaxVamb.6_sub
k79_84327	ERR011348_MEGAHIT_TaxVamb.6_sub
k79_8449	ERR011348_MEGAHIT_TaxVamb.6_sub
k79_84519	ERR011348_MEGAHIT_TaxVamb.6_sub
k79_84523	ERR011348_MEGAHIT_TaxVamb.6_sub
k79_84585	ERR011348_MEGAHIT_TaxVamb.6_sub
k79_84604	ERR011348_MEGAHIT_TaxVamb.6_sub
k79_84768	ERR011348_MEGAHIT_TaxVamb.6_sub
k79_84786	ERR011348_MEGAHIT_TaxVamb.6_sub
k79_84958	ERR011348_MEGAHIT_TaxVamb.6_sub
k79_85146	ERR011348_MEGAHIT_TaxVamb.6_sub
k79_85218	ERR011348_MEGAHIT_TaxVamb.6_sub
k79_85547	ERR011348_MEGAHIT_TaxVamb.6_sub
k79_85734	ERR011348_MEGAHIT_TaxVamb.6_sub
k79_86063	ERR011348_MEGAHIT_TaxVamb.6_sub
k79_86135	ERR011348_MEGAHIT_TaxVamb.6_sub
k79_86152	ERR011348_MEGAHIT_TaxVamb.6_sub
k79_86358	ERR011348_MEGAHIT_TaxVamb.6_sub
k79_86597	ERR011348_MEGAHIT_TaxVamb.6_sub
k79_86747	ERR011348_MEGAHIT_TaxVamb.6_sub
k79_86825	ERR011348_MEGAHIT_TaxVamb.6_sub
k79_8716	ERR011348_MEGAHIT_TaxVamb.6_sub
k79_87169	ERR011348_MEGAHIT_TaxVamb.6_sub
k79_87321	ERR011348_MEGAHIT_TaxVamb.6_sub
k79_87346	ERR011348_MEGAHIT_TaxVamb.6_sub
k79_87468	ERR011348_MEGAHIT_TaxVamb.6_sub
k79_87564	ERR011348_MEGAHIT_TaxVamb.6_sub
k79_87636	ERR011348_MEGAHIT_TaxVamb.6_sub
k79_87743	ERR011348_MEGAHIT_TaxVamb.6_sub
k79_87776	ERR011348_MEGAHIT_TaxVamb.6_sub
k79_87857	ERR011348_MEGAHIT_TaxVamb.6_sub
k79_87921	ERR011348_MEGAHIT_TaxVamb.6_sub
k79_88083	ERR011348_MEGAHIT_TaxVamb.6_sub
k79_88145	ERR011348_MEGAHIT_TaxVamb.6_sub
k79_88171	ERR011348_MEGAHIT_TaxVamb.6_sub
k79_88182	ERR011348_MEGAHIT_TaxVamb.6_sub
k79_8863	ERR011348_MEGAHIT_TaxVamb.6_sub
k79_88650	ERR011348_MEGAHIT_TaxVamb.6_sub
k79_88698	ERR011348_MEGAHIT_TaxVamb.6_sub
k79_88928	ERR011348_MEGAHIT_TaxVamb.6_sub
k79_88935	ERR011348_MEGAHIT_TaxVamb.6_sub
k79_88988	ERR011348_MEGAHIT_TaxVamb.6_sub
k79_89157	ERR011348_MEGAHIT_TaxVamb.6_sub
k79_89207	ERR011348_MEGAHIT_TaxVamb.6_sub
k79_89240	ERR011348_MEGAHIT_TaxVamb.6_sub
k79_89254	ERR011348_MEGAHIT_TaxVamb.6_sub
k79_89306	ERR011348_MEGAHIT_TaxVamb.6_sub
k79_89565	ERR011348_MEGAHIT_TaxVamb.6_sub
k79_89652	ERR011348_MEGAHIT_TaxVamb.6_sub
k79_89673	ERR011348_MEGAHIT_TaxVamb.6_sub
k79_8968	ERR011348_MEGAHIT_TaxVamb.6_sub
k79_89963	ERR011348_MEGAHIT_TaxVamb.6_sub
k79_90034	ERR011348_MEGAHIT_TaxVamb.6_sub
k79_90060	ERR011348_MEGAHIT_TaxVamb.6_sub
k79_90086	ERR011348_MEGAHIT_TaxVamb.6_sub
k79_90162	ERR011348_MEGAHIT_TaxVamb.6_sub
k79_90191	ERR011348_MEGAHIT_TaxVamb.6_sub
k79_9022	ERR011348_MEGAHIT_TaxVamb.6_sub
k79_9041	ERR011348_MEGAHIT_TaxVamb.6_sub
k79_90458	ERR011348_MEGAHIT_TaxVamb.6_sub
k79_90679	ERR011348_MEGAHIT_TaxVamb.6_sub
k79_90807	ERR011348_MEGAHIT_TaxVamb.6_sub
k79_90826	ERR011348_MEGAHIT_TaxVamb.6_sub
k79_90841	ERR011348_MEGAHIT_TaxVamb.6_sub
k79_90849	ERR011348_MEGAHIT_TaxVamb.6_sub
k79_9086	ERR011348_MEGAHIT_TaxVamb.6_sub
k79_91132	ERR011348_MEGAHIT_TaxVamb.6_sub
k79_91146	ERR011348_MEGAHIT_TaxVamb.6_sub
k79_91210	ERR011348_MEGAHIT_TaxVamb.6_sub
k79_91211	ERR011348_MEGAHIT_TaxVamb.6_sub
k79_91304	ERR011348_MEGAHIT_TaxVamb.6_sub
k79_91329	ERR011348_MEGAHIT_TaxVamb.6_sub
k79_91420	ERR011348_MEGAHIT_TaxVamb.6_sub
k79_91442	ERR011348_MEGAHIT_TaxVamb.6_sub
k79_91761	ERR011348_MEGAHIT_TaxVamb.6_sub
k79_91839	ERR011348_MEGAHIT_TaxVamb.6_sub
k79_92063	ERR011348_MEGAHIT_TaxVamb.6_sub
k79_92085	ERR011348_MEGAHIT_TaxVamb.6_sub
k79_92321	ERR011348_MEGAHIT_TaxVamb.6_sub
k79_92340	ERR011348_MEGAHIT_TaxVamb.6_sub
k79_92383	ERR011348_MEGAHIT_TaxVamb.6_sub
k79_92425	ERR011348_MEGAHIT_TaxVamb.6_sub
k79_92467	ERR011348_MEGAHIT_TaxVamb.6_sub
k79_92486	ERR011348_MEGAHIT_TaxVamb.6_sub
k79_92544	ERR011348_MEGAHIT_TaxVamb.6_sub
k79_92588	ERR011348_MEGAHIT_TaxVamb.6_sub
k79_92950	ERR011348_MEGAHIT_TaxVamb.6_sub
k79_93001	ERR011348_MEGAHIT_TaxVamb.6_sub
k79_93382	ERR011348_MEGAHIT_TaxVamb.6_sub
k79_93396	ERR011348_MEGAHIT_TaxVamb.6_sub
k79_9374	ERR011348_MEGAHIT_TaxVamb.6_sub
k79_93821	ERR011348_MEGAHIT_TaxVamb.6_sub
k79_93978	ERR011348_MEGAHIT_TaxVamb.6_sub
k79_94079	ERR011348_MEGAHIT_TaxVamb.6_sub
k79_94139	ERR011348_MEGAHIT_TaxVamb.6_sub
k79_94443	ERR011348_MEGAHIT_TaxVamb.6_sub
k79_94456	ERR011348_MEGAHIT_TaxVamb.6_sub
k79_9450	ERR011348_MEGAHIT_TaxVamb.6_sub
k79_94736	ERR011348_MEGAHIT_TaxVamb.6_sub
k79_95274	ERR011348_MEGAHIT_TaxVamb.6_sub
k79_95432	ERR011348_MEGAHIT_TaxVamb.6_sub
k79_95589	ERR011348_MEGAHIT_TaxVamb.6_sub
k79_95603	ERR011348_MEGAHIT_TaxVamb.6_sub
k79_95648	ERR011348_MEGAHIT_TaxVamb.6_sub
k79_95742	ERR011348_MEGAHIT_TaxVamb.6_sub
k79_95865	ERR011348_MEGAHIT_TaxVamb.6_sub
k79_95908	ERR011348_MEGAHIT_TaxVamb.6_sub
k79_96164	ERR011348_MEGAHIT_TaxVamb.6_sub
k79_96289	ERR011348_MEGAHIT_TaxVamb.6_sub
k79_96313	ERR011348_MEGAHIT_TaxVamb.6_sub
k79_983	ERR011348_MEGAHIT_TaxVamb.6_sub
k79_990	ERR011348_MEGAHIT_TaxVamb.6_sub
k79_9943	ERR011348_MEGAHIT_TaxVamb.6_sub
k79_9949	ERR011348_MEGAHIT_TaxVamb.6_sub
k79_10062	ERR011348_MEGAHIT_TaxVamb.21
k79_10245	ERR011348_MEGAHIT_TaxVamb.21
k79_10438	ERR011348_MEGAHIT_TaxVamb.21
k79_10452	ERR011348_MEGAHIT_TaxVamb.21
k79_10669	ERR011348_MEGAHIT_TaxVamb.21
k79_10672	ERR011348_MEGAHIT_TaxVamb.21
k79_10696	ERR011348_MEGAHIT_TaxVamb.21
k79_10942	ERR011348_MEGAHIT_TaxVamb.21
k79_1095	ERR011348_MEGAHIT_TaxVamb.21
k79_10986	ERR011348_MEGAHIT_TaxVamb.21
k79_11136	ERR011348_MEGAHIT_TaxVamb.21
k79_11200	ERR011348_MEGAHIT_TaxVamb.21
k79_11248	ERR011348_MEGAHIT_TaxVamb.21
k79_11297	ERR011348_MEGAHIT_TaxVamb.21
k79_1135	ERR011348_MEGAHIT_TaxVamb.21
k79_1145	ERR011348_MEGAHIT_TaxVamb.21
k79_11591	ERR011348_MEGAHIT_TaxVamb.21
k79_1186	ERR011348_MEGAHIT_TaxVamb.21
k79_11991	ERR011348_MEGAHIT_TaxVamb.21
k79_11996	ERR011348_MEGAHIT_TaxVamb.21
k79_12211	ERR011348_MEGAHIT_TaxVamb.21
k79_12245	ERR011348_MEGAHIT_TaxVamb.21
k79_12485	ERR011348_MEGAHIT_TaxVamb.21
k79_12579	ERR011348_MEGAHIT_TaxVamb.21
k79_12612	ERR011348_MEGAHIT_TaxVamb.21
k79_12948	ERR011348_MEGAHIT_TaxVamb.21
k79_12955	ERR011348_MEGAHIT_TaxVamb.21
k79_13284	ERR011348_MEGAHIT_TaxVamb.21
k79_13358	ERR011348_MEGAHIT_TaxVamb.21
k79_13421	ERR011348_MEGAHIT_TaxVamb.21
k79_13511	ERR011348_MEGAHIT_TaxVamb.21
k79_13594	ERR011348_MEGAHIT_TaxVamb.21
k79_13604	ERR011348_MEGAHIT_TaxVamb.21
k79_13645	ERR011348_MEGAHIT_TaxVamb.21
k79_14021	ERR011348_MEGAHIT_TaxVamb.21
k79_14338	ERR011348_MEGAHIT_TaxVamb.21
k79_14386	ERR011348_MEGAHIT_TaxVamb.21
k79_14512	ERR011348_MEGAHIT_TaxVamb.21
k79_14514	ERR011348_MEGAHIT_TaxVamb.21
k79_14929	ERR011348_MEGAHIT_TaxVamb.21
k79_14985	ERR011348_MEGAHIT_TaxVamb.21
k79_15001	ERR011348_MEGAHIT_TaxVamb.21
k79_15562	ERR011348_MEGAHIT_TaxVamb.21
k79_15622	ERR011348_MEGAHIT_TaxVamb.21
k79_15637	ERR011348_MEGAHIT_TaxVamb.21
k79_16141	ERR011348_MEGAHIT_TaxVamb.21
k79_16194	ERR011348_MEGAHIT_TaxVamb.21
k79_16284	ERR011348_MEGAHIT_TaxVamb.21
k79_16397	ERR011348_MEGAHIT_TaxVamb.21
k79_16425	ERR011348_MEGAHIT_TaxVamb.21
k79_16497	ERR011348_MEGAHIT_TaxVamb.21
k79_16820	ERR011348_MEGAHIT_TaxVamb.21
k79_16873	ERR011348_MEGAHIT_TaxVamb.21
k79_17156	ERR011348_MEGAHIT_TaxVamb.21
k79_17240	ERR011348_MEGAHIT_TaxVamb.21
k79_17343	ERR011348_MEGAHIT_TaxVamb.21
k79_17380	ERR011348_MEGAHIT_TaxVamb.21
k79_17385	ERR011348_MEGAHIT_TaxVamb.21
k79_17519	ERR011348_MEGAHIT_TaxVamb.21
k79_17748	ERR011348_MEGAHIT_TaxVamb.21
k79_17795	ERR011348_MEGAHIT_TaxVamb.21
k79_17811	ERR011348_MEGAHIT_TaxVamb.21
k79_17849	ERR011348_MEGAHIT_TaxVamb.21
k79_17893	ERR011348_MEGAHIT_TaxVamb.21
k79_18031	ERR011348_MEGAHIT_TaxVamb.21
k79_18163	ERR011348_MEGAHIT_TaxVamb.21
k79_18620	ERR011348_MEGAHIT_TaxVamb.21
k79_18748	ERR011348_MEGAHIT_TaxVamb.21
k79_18907	ERR011348_MEGAHIT_TaxVamb.21
k79_19090	ERR011348_MEGAHIT_TaxVamb.21
k79_19282	ERR011348_MEGAHIT_TaxVamb.21
k79_19471	ERR011348_MEGAHIT_TaxVamb.21
k79_19521	ERR011348_MEGAHIT_TaxVamb.21
k79_19535	ERR011348_MEGAHIT_TaxVamb.21
k79_19575	ERR011348_MEGAHIT_TaxVamb.21
k79_19751	ERR011348_MEGAHIT_TaxVamb.21
k79_19767	ERR011348_MEGAHIT_TaxVamb.21
k79_19885	ERR011348_MEGAHIT_TaxVamb.21
k79_19891	ERR011348_MEGAHIT_TaxVamb.21
k79_20076	ERR011348_MEGAHIT_TaxVamb.21
k79_20182	ERR011348_MEGAHIT_TaxVamb.21
k79_20185	ERR011348_MEGAHIT_TaxVamb.21
k79_2039	ERR011348_MEGAHIT_TaxVamb.21
k79_20678	ERR011348_MEGAHIT_TaxVamb.21
k79_20855	ERR011348_MEGAHIT_TaxVamb.21
k79_20903	ERR011348_MEGAHIT_TaxVamb.21
k79_20976	ERR011348_MEGAHIT_TaxVamb.21
k79_21038	ERR011348_MEGAHIT_TaxVamb.21
k79_21135	ERR011348_MEGAHIT_TaxVamb.21
k79_21211	ERR011348_MEGAHIT_TaxVamb.21
k79_21404	ERR011348_MEGAHIT_TaxVamb.21
k79_2144	ERR011348_MEGAHIT_TaxVamb.21
k79_21486	ERR011348_MEGAHIT_TaxVamb.21
k79_21953	ERR011348_MEGAHIT_TaxVamb.21
k79_22250	ERR011348_MEGAHIT_TaxVamb.21
k79_22279	ERR011348_MEGAHIT_TaxVamb.21
k79_22401	ERR011348_MEGAHIT_TaxVamb.21
k79_22475	ERR011348_MEGAHIT_TaxVamb.21
k79_22534	ERR011348_MEGAHIT_TaxVamb.21
k79_22679	ERR011348_MEGAHIT_TaxVamb.21
k79_22687	ERR011348_MEGAHIT_TaxVamb.21
k79_2294	ERR011348_MEGAHIT_TaxVamb.21
k79_23261	ERR011348_MEGAHIT_TaxVamb.21
k79_23348	ERR011348_MEGAHIT_TaxVamb.21
k79_23495	ERR011348_MEGAHIT_TaxVamb.21
k79_2365	ERR011348_MEGAHIT_TaxVamb.21
k79_23914	ERR011348_MEGAHIT_TaxVamb.21
k79_24121	ERR011348_MEGAHIT_TaxVamb.21
k79_24158	ERR011348_MEGAHIT_TaxVamb.21
k79_24292	ERR011348_MEGAHIT_TaxVamb.21
k79_24611	ERR011348_MEGAHIT_TaxVamb.21
k79_25042	ERR011348_MEGAHIT_TaxVamb.21
k79_25168	ERR011348_MEGAHIT_TaxVamb.21
k79_25282	ERR011348_MEGAHIT_TaxVamb.21
k79_25366	ERR011348_MEGAHIT_TaxVamb.21
k79_25501	ERR011348_MEGAHIT_TaxVamb.21
k79_25639	ERR011348_MEGAHIT_TaxVamb.21
k79_26053	ERR011348_MEGAHIT_TaxVamb.21
k79_26107	ERR011348_MEGAHIT_TaxVamb.21
k79_26126	ERR011348_MEGAHIT_TaxVamb.21
k79_26198	ERR011348_MEGAHIT_TaxVamb.21
k79_26320	ERR011348_MEGAHIT_TaxVamb.21
k79_26347	ERR011348_MEGAHIT_TaxVamb.21
k79_26463	ERR011348_MEGAHIT_TaxVamb.21
k79_26753	ERR011348_MEGAHIT_TaxVamb.21
k79_26866	ERR011348_MEGAHIT_TaxVamb.21
k79_26894	ERR011348_MEGAHIT_TaxVamb.21
k79_26962	ERR011348_MEGAHIT_TaxVamb.21
k79_27118	ERR011348_MEGAHIT_TaxVamb.21
k79_27182	ERR011348_MEGAHIT_TaxVamb.21
k79_27291	ERR011348_MEGAHIT_TaxVamb.21
k79_2743	ERR011348_MEGAHIT_TaxVamb.21
k79_2757	ERR011348_MEGAHIT_TaxVamb.21
k79_27933	ERR011348_MEGAHIT_TaxVamb.21
k79_27986	ERR011348_MEGAHIT_TaxVamb.21
k79_28039	ERR011348_MEGAHIT_TaxVamb.21
k79_28264	ERR011348_MEGAHIT_TaxVamb.21
k79_28650	ERR011348_MEGAHIT_TaxVamb.21
k79_28702	ERR011348_MEGAHIT_TaxVamb.21
k79_28892	ERR011348_MEGAHIT_TaxVamb.21
k79_28942	ERR011348_MEGAHIT_TaxVamb.21
k79_29085	ERR011348_MEGAHIT_TaxVamb.21
k79_29168	ERR011348_MEGAHIT_TaxVamb.21
k79_29209	ERR011348_MEGAHIT_TaxVamb.21
k79_29218	ERR011348_MEGAHIT_TaxVamb.21
k79_29350	ERR011348_MEGAHIT_TaxVamb.21
k79_29366	ERR011348_MEGAHIT_TaxVamb.21
k79_29399	ERR011348_MEGAHIT_TaxVamb.21
k79_2941	ERR011348_MEGAHIT_TaxVamb.21
k79_29416	ERR011348_MEGAHIT_TaxVamb.21
k79_29468	ERR011348_MEGAHIT_TaxVamb.21
k79_29478	ERR011348_MEGAHIT_TaxVamb.21
k79_29782	ERR011348_MEGAHIT_TaxVamb.21
k79_29972	ERR011348_MEGAHIT_TaxVamb.21
k79_3022	ERR011348_MEGAHIT_TaxVamb.21
k79_30317	ERR011348_MEGAHIT_TaxVamb.21
k79_30442	ERR011348_MEGAHIT_TaxVamb.21
k79_30580	ERR011348_MEGAHIT_TaxVamb.21
k79_30660	ERR011348_MEGAHIT_TaxVamb.21
k79_30872	ERR011348_MEGAHIT_TaxVamb.21
k79_31236	ERR011348_MEGAHIT_TaxVamb.21
k79_31291	ERR011348_MEGAHIT_TaxVamb.21
k79_3131	ERR011348_MEGAHIT_TaxVamb.21
k79_31405	ERR011348_MEGAHIT_TaxVamb.21
k79_31447	ERR011348_MEGAHIT_TaxVamb.21
k79_31578	ERR011348_MEGAHIT_TaxVamb.21
k79_3180	ERR011348_MEGAHIT_TaxVamb.21
k79_32339	ERR011348_MEGAHIT_TaxVamb.21
k79_32728	ERR011348_MEGAHIT_TaxVamb.21
k79_32840	ERR011348_MEGAHIT_TaxVamb.21
k79_32854	ERR011348_MEGAHIT_TaxVamb.21
k79_33001	ERR011348_MEGAHIT_TaxVamb.21
k79_33073	ERR011348_MEGAHIT_TaxVamb.21
k79_33098	ERR011348_MEGAHIT_TaxVamb.21
k79_33196	ERR011348_MEGAHIT_TaxVamb.21
k79_33313	ERR011348_MEGAHIT_TaxVamb.21
k79_33366	ERR011348_MEGAHIT_TaxVamb.21
k79_33559	ERR011348_MEGAHIT_TaxVamb.21
k79_33614	ERR011348_MEGAHIT_TaxVamb.21
k79_34078	ERR011348_MEGAHIT_TaxVamb.21
k79_34273	ERR011348_MEGAHIT_TaxVamb.21
k79_34311	ERR011348_MEGAHIT_TaxVamb.21
k79_34458	ERR011348_MEGAHIT_TaxVamb.21
k79_34499	ERR011348_MEGAHIT_TaxVamb.21
k79_34550	ERR011348_MEGAHIT_TaxVamb.21
k79_34553	ERR011348_MEGAHIT_TaxVamb.21
k79_34788	ERR011348_MEGAHIT_TaxVamb.21
k79_34826	ERR011348_MEGAHIT_TaxVamb.21
k79_35349	ERR011348_MEGAHIT_TaxVamb.21
k79_35362	ERR011348_MEGAHIT_TaxVamb.21
k79_35604	ERR011348_MEGAHIT_TaxVamb.21
k79_35708	ERR011348_MEGAHIT_TaxVamb.21
k79_35746	ERR011348_MEGAHIT_TaxVamb.21
k79_35867	ERR011348_MEGAHIT_TaxVamb.21
k79_36186	ERR011348_MEGAHIT_TaxVamb.21
k79_36316	ERR011348_MEGAHIT_TaxVamb.21
k79_36470	ERR011348_MEGAHIT_TaxVamb.21
k79_3658	ERR011348_MEGAHIT_TaxVamb.21
k79_36650	ERR011348_MEGAHIT_TaxVamb.21
k79_36686	ERR011348_MEGAHIT_TaxVamb.21
k79_36821	ERR011348_MEGAHIT_TaxVamb.21
k79_36839	ERR011348_MEGAHIT_TaxVamb.21
k79_36849	ERR011348_MEGAHIT_TaxVamb.21
k79_37027	ERR011348_MEGAHIT_TaxVamb.21
k79_37124	ERR011348_MEGAHIT_TaxVamb.21
k79_3754	ERR011348_MEGAHIT_TaxVamb.21
k79_37546	ERR011348_MEGAHIT_TaxVamb.21
k79_37687	ERR011348_MEGAHIT_TaxVamb.21
k79_37853	ERR011348_MEGAHIT_TaxVamb.21
k79_37912	ERR011348_MEGAHIT_TaxVamb.21
k79_38183	ERR011348_MEGAHIT_TaxVamb.21
k79_38420	ERR011348_MEGAHIT_TaxVamb.21
k79_38465	ERR011348_MEGAHIT_TaxVamb.21
k79_38511	ERR011348_MEGAHIT_TaxVamb.21
k79_38523	ERR011348_MEGAHIT_TaxVamb.21
k79_38752	ERR011348_MEGAHIT_TaxVamb.21
k79_38801	ERR011348_MEGAHIT_TaxVamb.21
k79_38976	ERR011348_MEGAHIT_TaxVamb.21
k79_39014	ERR011348_MEGAHIT_TaxVamb.21
k79_39052	ERR011348_MEGAHIT_TaxVamb.21
k79_39065	ERR011348_MEGAHIT_TaxVamb.21
k79_39100	ERR011348_MEGAHIT_TaxVamb.21
k79_39762	ERR011348_MEGAHIT_TaxVamb.21
k79_39787	ERR011348_MEGAHIT_TaxVamb.21
k79_39842	ERR011348_MEGAHIT_TaxVamb.21
k79_39867	ERR011348_MEGAHIT_TaxVamb.21
k79_39959	ERR011348_MEGAHIT_TaxVamb.21
k79_40043	ERR011348_MEGAHIT_TaxVamb.21
k79_40397	ERR011348_MEGAHIT_TaxVamb.21
k79_40501	ERR011348_MEGAHIT_TaxVamb.21
k79_40518	ERR011348_MEGAHIT_TaxVamb.21
k79_40634	ERR011348_MEGAHIT_TaxVamb.21
k79_40724	ERR011348_MEGAHIT_TaxVamb.21
k79_40770	ERR011348_MEGAHIT_TaxVamb.21
k79_40786	ERR011348_MEGAHIT_TaxVamb.21
k79_40929	ERR011348_MEGAHIT_TaxVamb.21
k79_41001	ERR011348_MEGAHIT_TaxVamb.21
k79_41377	ERR011348_MEGAHIT_TaxVamb.21
k79_41435	ERR011348_MEGAHIT_TaxVamb.21
k79_41514	ERR011348_MEGAHIT_TaxVamb.21
k79_41526	ERR011348_MEGAHIT_TaxVamb.21
k79_41539	ERR011348_MEGAHIT_TaxVamb.21
k79_41540	ERR011348_MEGAHIT_TaxVamb.21
k79_41674	ERR011348_MEGAHIT_TaxVamb.21
k79_41846	ERR011348_MEGAHIT_TaxVamb.21
k79_42035	ERR011348_MEGAHIT_TaxVamb.21
k79_42074	ERR011348_MEGAHIT_TaxVamb.21
k79_42076	ERR011348_MEGAHIT_TaxVamb.21
k79_42093	ERR011348_MEGAHIT_TaxVamb.21
k79_4230	ERR011348_MEGAHIT_TaxVamb.21
k79_4242	ERR011348_MEGAHIT_TaxVamb.21
k79_42427	ERR011348_MEGAHIT_TaxVamb.21
k79_42464	ERR011348_MEGAHIT_TaxVamb.21
k79_42785	ERR011348_MEGAHIT_TaxVamb.21
k79_43220	ERR011348_MEGAHIT_TaxVamb.21
k79_4326	ERR011348_MEGAHIT_TaxVamb.21
k79_43491	ERR011348_MEGAHIT_TaxVamb.21
k79_43535	ERR011348_MEGAHIT_TaxVamb.21
k79_43567	ERR011348_MEGAHIT_TaxVamb.21
k79_43692	ERR011348_MEGAHIT_TaxVamb.21
k79_43736	ERR011348_MEGAHIT_TaxVamb.21
k79_43780	ERR011348_MEGAHIT_TaxVamb.21
k79_44041	ERR011348_MEGAHIT_TaxVamb.21
k79_44150	ERR011348_MEGAHIT_TaxVamb.21
k79_44156	ERR011348_MEGAHIT_TaxVamb.21
k79_44305	ERR011348_MEGAHIT_TaxVamb.21
k79_44418	ERR011348_MEGAHIT_TaxVamb.21
k79_44602	ERR011348_MEGAHIT_TaxVamb.21
k79_44632	ERR011348_MEGAHIT_TaxVamb.21
k79_44728	ERR011348_MEGAHIT_TaxVamb.21
k79_4477	ERR011348_MEGAHIT_TaxVamb.21
k79_44874	ERR011348_MEGAHIT_TaxVamb.21
k79_44979	ERR011348_MEGAHIT_TaxVamb.21
k79_4505	ERR011348_MEGAHIT_TaxVamb.21
k79_45050	ERR011348_MEGAHIT_TaxVamb.21
k79_45080	ERR011348_MEGAHIT_TaxVamb.21
k79_45101	ERR011348_MEGAHIT_TaxVamb.21
k79_45808	ERR011348_MEGAHIT_TaxVamb.21
k79_45878	ERR011348_MEGAHIT_TaxVamb.21
k79_45884	ERR011348_MEGAHIT_TaxVamb.21
k79_46116	ERR011348_MEGAHIT_TaxVamb.21
k79_46333	ERR011348_MEGAHIT_TaxVamb.21
k79_46367	ERR011348_MEGAHIT_TaxVamb.21
k79_46471	ERR011348_MEGAHIT_TaxVamb.21
k79_46528	ERR011348_MEGAHIT_TaxVamb.21
k79_46583	ERR011348_MEGAHIT_TaxVamb.21
k79_46608	ERR011348_MEGAHIT_TaxVamb.21
k79_46745	ERR011348_MEGAHIT_TaxVamb.21
k79_46772	ERR011348_MEGAHIT_TaxVamb.21
k79_47116	ERR011348_MEGAHIT_TaxVamb.21
k79_47167	ERR011348_MEGAHIT_TaxVamb.21
k79_47260	ERR011348_MEGAHIT_TaxVamb.21
k79_47283	ERR011348_MEGAHIT_TaxVamb.21
k79_47514	ERR011348_MEGAHIT_TaxVamb.21
k79_47686	ERR011348_MEGAHIT_TaxVamb.21
k79_47799	ERR011348_MEGAHIT_TaxVamb.21
k79_48088	ERR011348_MEGAHIT_TaxVamb.21
k79_48445	ERR011348_MEGAHIT_TaxVamb.21
k79_48450	ERR011348_MEGAHIT_TaxVamb.21
k79_48482	ERR011348_MEGAHIT_TaxVamb.21
k79_48732	ERR011348_MEGAHIT_TaxVamb.21
k79_48837	ERR011348_MEGAHIT_TaxVamb.21
k79_49052	ERR011348_MEGAHIT_TaxVamb.21
k79_49079	ERR011348_MEGAHIT_TaxVamb.21
k79_49122	ERR011348_MEGAHIT_TaxVamb.21
k79_49696	ERR011348_MEGAHIT_TaxVamb.21
k79_497	ERR011348_MEGAHIT_TaxVamb.21
k79_49761	ERR011348_MEGAHIT_TaxVamb.21
k79_49916	ERR011348_MEGAHIT_TaxVamb.21
k79_50247	ERR011348_MEGAHIT_TaxVamb.21
k79_50286	ERR011348_MEGAHIT_TaxVamb.21
k79_50451	ERR011348_MEGAHIT_TaxVamb.21
k79_50641	ERR011348_MEGAHIT_TaxVamb.21
k79_50911	ERR011348_MEGAHIT_TaxVamb.21
k79_51076	ERR011348_MEGAHIT_TaxVamb.21
k79_51131	ERR011348_MEGAHIT_TaxVamb.21
k79_51162	ERR011348_MEGAHIT_TaxVamb.21
k79_5130	ERR011348_MEGAHIT_TaxVamb.21
k79_51420	ERR011348_MEGAHIT_TaxVamb.21
k79_51443	ERR011348_MEGAHIT_TaxVamb.21
k79_5157	ERR011348_MEGAHIT_TaxVamb.21
k79_51614	ERR011348_MEGAHIT_TaxVamb.21
k79_5164	ERR011348_MEGAHIT_TaxVamb.21
k79_51734	ERR011348_MEGAHIT_TaxVamb.21
k79_51801	ERR011348_MEGAHIT_TaxVamb.21
k79_51871	ERR011348_MEGAHIT_TaxVamb.21
k79_5210	ERR011348_MEGAHIT_TaxVamb.21
k79_52140	ERR011348_MEGAHIT_TaxVamb.21
k79_52147	ERR011348_MEGAHIT_TaxVamb.21
k79_52208	ERR011348_MEGAHIT_TaxVamb.21
k79_52230	ERR011348_MEGAHIT_TaxVamb.21
k79_52248	ERR011348_MEGAHIT_TaxVamb.21
k79_52265	ERR011348_MEGAHIT_TaxVamb.21
k79_52538	ERR011348_MEGAHIT_TaxVamb.21
k79_52597	ERR011348_MEGAHIT_TaxVamb.21
k79_52709	ERR011348_MEGAHIT_TaxVamb.21
k79_5273	ERR011348_MEGAHIT_TaxVamb.21
k79_52750	ERR011348_MEGAHIT_TaxVamb.21
k79_52860	ERR011348_MEGAHIT_TaxVamb.21
k79_52868	ERR011348_MEGAHIT_TaxVamb.21
k79_52996	ERR011348_MEGAHIT_TaxVamb.21
k79_53203	ERR011348_MEGAHIT_TaxVamb.21
k79_53273	ERR011348_MEGAHIT_TaxVamb.21
k79_53306	ERR011348_MEGAHIT_TaxVamb.21
k79_53949	ERR011348_MEGAHIT_TaxVamb.21
k79_53962	ERR011348_MEGAHIT_TaxVamb.21
k79_54074	ERR011348_MEGAHIT_TaxVamb.21
k79_54325	ERR011348_MEGAHIT_TaxVamb.21
k79_54366	ERR011348_MEGAHIT_TaxVamb.21
k79_54434	ERR011348_MEGAHIT_TaxVamb.21
k79_54612	ERR011348_MEGAHIT_TaxVamb.21
k79_54746	ERR011348_MEGAHIT_TaxVamb.21
k79_54755	ERR011348_MEGAHIT_TaxVamb.21
k79_54944	ERR011348_MEGAHIT_TaxVamb.21
k79_54975	ERR011348_MEGAHIT_TaxVamb.21
k79_55294	ERR011348_MEGAHIT_TaxVamb.21
k79_55374	ERR011348_MEGAHIT_TaxVamb.21
k79_55445	ERR011348_MEGAHIT_TaxVamb.21
k79_55449	ERR011348_MEGAHIT_TaxVamb.21
k79_55679	ERR011348_MEGAHIT_TaxVamb.21
k79_56170	ERR011348_MEGAHIT_TaxVamb.21
k79_56337	ERR011348_MEGAHIT_TaxVamb.21
k79_56510	ERR011348_MEGAHIT_TaxVamb.21
k79_56670	ERR011348_MEGAHIT_TaxVamb.21
k79_56937	ERR011348_MEGAHIT_TaxVamb.21
k79_56942	ERR011348_MEGAHIT_TaxVamb.21
k79_57163	ERR011348_MEGAHIT_TaxVamb.21
k79_57430	ERR011348_MEGAHIT_TaxVamb.21
k79_57506	ERR011348_MEGAHIT_TaxVamb.21
k79_57949	ERR011348_MEGAHIT_TaxVamb.21
k79_58034	ERR011348_MEGAHIT_TaxVamb.21
k79_58114	ERR011348_MEGAHIT_TaxVamb.21
k79_58375	ERR011348_MEGAHIT_TaxVamb.21
k79_58516	ERR011348_MEGAHIT_TaxVamb.21
k79_5858	ERR011348_MEGAHIT_TaxVamb.21
k79_58675	ERR011348_MEGAHIT_TaxVamb.21
k79_58822	ERR011348_MEGAHIT_TaxVamb.21
k79_58937	ERR011348_MEGAHIT_TaxVamb.21
k79_58945	ERR011348_MEGAHIT_TaxVamb.21
k79_59	ERR011348_MEGAHIT_TaxVamb.21
k79_59186	ERR011348_MEGAHIT_TaxVamb.21
k79_59197	ERR011348_MEGAHIT_TaxVamb.21
k79_59295	ERR011348_MEGAHIT_TaxVamb.21
k79_59547	ERR011348_MEGAHIT_TaxVamb.21
k79_59569	ERR011348_MEGAHIT_TaxVamb.21
k79_59783	ERR011348_MEGAHIT_TaxVamb.21
k79_59787	ERR011348_MEGAHIT_TaxVamb.21
k79_5984	ERR011348_MEGAHIT_TaxVamb.21
k79_59889	ERR011348_MEGAHIT_TaxVamb.21
k79_60009	ERR011348_MEGAHIT_TaxVamb.21
k79_60306	ERR011348_MEGAHIT_TaxVamb.21
k79_60657	ERR011348_MEGAHIT_TaxVamb.21
k79_60903	ERR011348_MEGAHIT_TaxVamb.21
k79_61090	ERR011348_MEGAHIT_TaxVamb.21
k79_61091	ERR011348_MEGAHIT_TaxVamb.21
k79_61153	ERR011348_MEGAHIT_TaxVamb.21
k79_61383	ERR011348_MEGAHIT_TaxVamb.21
k79_61396	ERR011348_MEGAHIT_TaxVamb.21
k79_61420	ERR011348_MEGAHIT_TaxVamb.21
k79_61506	ERR011348_MEGAHIT_TaxVamb.21
k79_61606	ERR011348_MEGAHIT_TaxVamb.21
k79_61738	ERR011348_MEGAHIT_TaxVamb.21
k79_61787	ERR011348_MEGAHIT_TaxVamb.21
k79_61820	ERR011348_MEGAHIT_TaxVamb.21
k79_61849	ERR011348_MEGAHIT_TaxVamb.21
k79_62084	ERR011348_MEGAHIT_TaxVamb.21
k79_62232	ERR011348_MEGAHIT_TaxVamb.21
k79_62414	ERR011348_MEGAHIT_TaxVamb.21
k79_62575	ERR011348_MEGAHIT_TaxVamb.21
k79_62627	ERR011348_MEGAHIT_TaxVamb.21
k79_62648	ERR011348_MEGAHIT_TaxVamb.21
k79_62681	ERR011348_MEGAHIT_TaxVamb.21
k79_62780	ERR011348_MEGAHIT_TaxVamb.21
k79_628	ERR011348_MEGAHIT_TaxVamb.21
k79_62926	ERR011348_MEGAHIT_TaxVamb.21
k79_63094	ERR011348_MEGAHIT_TaxVamb.21
k79_63190	ERR011348_MEGAHIT_TaxVamb.21
k79_63222	ERR011348_MEGAHIT_TaxVamb.21
k79_6333	ERR011348_MEGAHIT_TaxVamb.21
k79_63385	ERR011348_MEGAHIT_TaxVamb.21
k79_63455	ERR011348_MEGAHIT_TaxVamb.21
k79_63833	ERR011348_MEGAHIT_TaxVamb.21
k79_63905	ERR011348_MEGAHIT_TaxVamb.21
k79_63980	ERR011348_MEGAHIT_TaxVamb.21
k79_64041	ERR011348_MEGAHIT_TaxVamb.21
k79_64074	ERR011348_MEGAHIT_TaxVamb.21
k79_64130	ERR011348_MEGAHIT_TaxVamb.21
k79_64188	ERR011348_MEGAHIT_TaxVamb.21
k79_64322	ERR011348_MEGAHIT_TaxVamb.21
k79_64413	ERR011348_MEGAHIT_TaxVamb.21
k79_64548	ERR011348_MEGAHIT_TaxVamb.21
k79_64695	ERR011348_MEGAHIT_TaxVamb.21
k79_64736	ERR011348_MEGAHIT_TaxVamb.21
k79_64757	ERR011348_MEGAHIT_TaxVamb.21
k79_65261	ERR011348_MEGAHIT_TaxVamb.21
k79_65330	ERR011348_MEGAHIT_TaxVamb.21
k79_65396	ERR011348_MEGAHIT_TaxVamb.21
k79_65560	ERR011348_MEGAHIT_TaxVamb.21
k79_656	ERR011348_MEGAHIT_TaxVamb.21
k79_65632	ERR011348_MEGAHIT_TaxVamb.21
k79_65788	ERR011348_MEGAHIT_TaxVamb.21
k79_65858	ERR011348_MEGAHIT_TaxVamb.21
k79_65878	ERR011348_MEGAHIT_TaxVamb.21
k79_65883	ERR011348_MEGAHIT_TaxVamb.21
k79_65901	ERR011348_MEGAHIT_TaxVamb.21
k79_65917	ERR011348_MEGAHIT_TaxVamb.21
k79_66301	ERR011348_MEGAHIT_TaxVamb.21
k79_66324	ERR011348_MEGAHIT_TaxVamb.21
k79_66414	ERR011348_MEGAHIT_TaxVamb.21
k79_6663	ERR011348_MEGAHIT_TaxVamb.21
k79_669	ERR011348_MEGAHIT_TaxVamb.21
k79_66973	ERR011348_MEGAHIT_TaxVamb.21
k79_67122	ERR011348_MEGAHIT_TaxVamb.21
k79_67331	ERR011348_MEGAHIT_TaxVamb.21
k79_67352	ERR011348_MEGAHIT_TaxVamb.21
k79_67462	ERR011348_MEGAHIT_TaxVamb.21
k79_67557	ERR011348_MEGAHIT_TaxVamb.21
k79_67633	ERR011348_MEGAHIT_TaxVamb.21
k79_67992	ERR011348_MEGAHIT_TaxVamb.21
k79_68101	ERR011348_MEGAHIT_TaxVamb.21
k79_68141	ERR011348_MEGAHIT_TaxVamb.21
k79_6818	ERR011348_MEGAHIT_TaxVamb.21
k79_68438	ERR011348_MEGAHIT_TaxVamb.21
k79_68485	ERR011348_MEGAHIT_TaxVamb.21
k79_69297	ERR011348_MEGAHIT_TaxVamb.21
k79_69308	ERR011348_MEGAHIT_TaxVamb.21
k79_69367	ERR011348_MEGAHIT_TaxVamb.21
k79_69454	ERR011348_MEGAHIT_TaxVamb.21
k79_70020	ERR011348_MEGAHIT_TaxVamb.21
k79_70190	ERR011348_MEGAHIT_TaxVamb.21
k79_70195	ERR011348_MEGAHIT_TaxVamb.21
k79_70428	ERR011348_MEGAHIT_TaxVamb.21
k79_70463	ERR011348_MEGAHIT_TaxVamb.21
k79_70530	ERR011348_MEGAHIT_TaxVamb.21
k79_70675	ERR011348_MEGAHIT_TaxVamb.21
k79_70855	ERR011348_MEGAHIT_TaxVamb.21
k79_70987	ERR011348_MEGAHIT_TaxVamb.21
k79_71122	ERR011348_MEGAHIT_TaxVamb.21
k79_71228	ERR011348_MEGAHIT_TaxVamb.21
k79_71234	ERR011348_MEGAHIT_TaxVamb.21
k79_71554	ERR011348_MEGAHIT_TaxVamb.21
k79_71562	ERR011348_MEGAHIT_TaxVamb.21
k79_71594	ERR011348_MEGAHIT_TaxVamb.21
k79_72014	ERR011348_MEGAHIT_TaxVamb.21
k79_72326	ERR011348_MEGAHIT_TaxVamb.21
k79_72706	ERR011348_MEGAHIT_TaxVamb.21
k79_72766	ERR011348_MEGAHIT_TaxVamb.21
k79_72831	ERR011348_MEGAHIT_TaxVamb.21
k79_72852	ERR011348_MEGAHIT_TaxVamb.21
k79_72866	ERR011348_MEGAHIT_TaxVamb.21
k79_73052	ERR011348_MEGAHIT_TaxVamb.21
k79_73193	ERR011348_MEGAHIT_TaxVamb.21
k79_73268	ERR011348_MEGAHIT_TaxVamb.21
k79_73454	ERR011348_MEGAHIT_TaxVamb.21
k79_73646	ERR011348_MEGAHIT_TaxVamb.21
k79_73766	ERR011348_MEGAHIT_TaxVamb.21
k79_73878	ERR011348_MEGAHIT_TaxVamb.21
k79_73926	ERR011348_MEGAHIT_TaxVamb.21
k79_73951	ERR011348_MEGAHIT_TaxVamb.21
k79_74254	ERR011348_MEGAHIT_TaxVamb.21
k79_7428	ERR011348_MEGAHIT_TaxVamb.21
k79_74447	ERR011348_MEGAHIT_TaxVamb.21
k79_74838	ERR011348_MEGAHIT_TaxVamb.21
k79_74948	ERR011348_MEGAHIT_TaxVamb.21
k79_74961	ERR011348_MEGAHIT_TaxVamb.21
k79_751	ERR011348_MEGAHIT_TaxVamb.21
k79_75278	ERR011348_MEGAHIT_TaxVamb.21
k79_75651	ERR011348_MEGAHIT_TaxVamb.21
k79_7581	ERR011348_MEGAHIT_TaxVamb.21
k79_75816	ERR011348_MEGAHIT_TaxVamb.21
k79_76074	ERR011348_MEGAHIT_TaxVamb.21
k79_76239	ERR011348_MEGAHIT_TaxVamb.21
k79_76393	ERR011348_MEGAHIT_TaxVamb.21
k79_76459	ERR011348_MEGAHIT_TaxVamb.21
k79_7648	ERR011348_MEGAHIT_TaxVamb.21
k79_76484	ERR011348_MEGAHIT_TaxVamb.21
k79_76611	ERR011348_MEGAHIT_TaxVamb.21
k79_76709	ERR011348_MEGAHIT_TaxVamb.21
k79_76712	ERR011348_MEGAHIT_TaxVamb.21
k79_76772	ERR011348_MEGAHIT_TaxVamb.21
k79_76779	ERR011348_MEGAHIT_TaxVamb.21
k79_76852	ERR011348_MEGAHIT_TaxVamb.21
k79_77130	ERR011348_MEGAHIT_TaxVamb.21
k79_77191	ERR011348_MEGAHIT_TaxVamb.21
k79_77315	ERR011348_MEGAHIT_TaxVamb.21
k79_77422	ERR011348_MEGAHIT_TaxVamb.21
k79_77572	ERR011348_MEGAHIT_TaxVamb.21
k79_77639	ERR011348_MEGAHIT_TaxVamb.21
k79_77669	ERR011348_MEGAHIT_TaxVamb.21
k79_7774	ERR011348_MEGAHIT_TaxVamb.21
k79_77829	ERR011348_MEGAHIT_TaxVamb.21
k79_78901	ERR011348_MEGAHIT_TaxVamb.21
k79_78918	ERR011348_MEGAHIT_TaxVamb.21
k79_78989	ERR011348_MEGAHIT_TaxVamb.21
k79_79010	ERR011348_MEGAHIT_TaxVamb.21
k79_79208	ERR011348_MEGAHIT_TaxVamb.21
k79_79621	ERR011348_MEGAHIT_TaxVamb.21
k79_79663	ERR011348_MEGAHIT_TaxVamb.21
k79_79828	ERR011348_MEGAHIT_TaxVamb.21
k79_80180	ERR011348_MEGAHIT_TaxVamb.21
k79_80383	ERR011348_MEGAHIT_TaxVamb.21
k79_8051	ERR011348_MEGAHIT_TaxVamb.21
k79_80553	ERR011348_MEGAHIT_TaxVamb.21
k79_80579	ERR011348_MEGAHIT_TaxVamb.21
k79_8109	ERR011348_MEGAHIT_TaxVamb.21
k79_81195	ERR011348_MEGAHIT_TaxVamb.21
k79_81267	ERR011348_MEGAHIT_TaxVamb.21
k79_81474	ERR011348_MEGAHIT_TaxVamb.21
k79_817	ERR011348_MEGAHIT_TaxVamb.21
k79_81849	ERR011348_MEGAHIT_TaxVamb.21
k79_81860	ERR011348_MEGAHIT_TaxVamb.21
k79_81876	ERR011348_MEGAHIT_TaxVamb.21
k79_8204	ERR011348_MEGAHIT_TaxVamb.21
k79_82158	ERR011348_MEGAHIT_TaxVamb.21
k79_82265	ERR011348_MEGAHIT_TaxVamb.21
k79_82440	ERR011348_MEGAHIT_TaxVamb.21
k79_82501	ERR011348_MEGAHIT_TaxVamb.21
k79_82671	ERR011348_MEGAHIT_TaxVamb.21
k79_82876	ERR011348_MEGAHIT_TaxVamb.21
k79_82903	ERR011348_MEGAHIT_TaxVamb.21
k79_82906	ERR011348_MEGAHIT_TaxVamb.21
k79_83265	ERR011348_MEGAHIT_TaxVamb.21
k79_83708	ERR011348_MEGAHIT_TaxVamb.21
k79_83755	ERR011348_MEGAHIT_TaxVamb.21
k79_83825	ERR011348_MEGAHIT_TaxVamb.21
k79_83958	ERR011348_MEGAHIT_TaxVamb.21
k79_83966	ERR011348_MEGAHIT_TaxVamb.21
k79_83990	ERR011348_MEGAHIT_TaxVamb.21
k79_84005	ERR011348_MEGAHIT_TaxVamb.21
k79_84066	ERR011348_MEGAHIT_TaxVamb.21
k79_84131	ERR011348_MEGAHIT_TaxVamb.21
k79_84211	ERR011348_MEGAHIT_TaxVamb.21
k79_84708	ERR011348_MEGAHIT_TaxVamb.21
k79_84981	ERR011348_MEGAHIT_TaxVamb.21
k79_85201	ERR011348_MEGAHIT_TaxVamb.21
k79_85859	ERR011348_MEGAHIT_TaxVamb.21
k79_86088	ERR011348_MEGAHIT_TaxVamb.21
k79_86091	ERR011348_MEGAHIT_TaxVamb.21
k79_86154	ERR011348_MEGAHIT_TaxVamb.21
k79_86499	ERR011348_MEGAHIT_TaxVamb.21
k79_86740	ERR011348_MEGAHIT_TaxVamb.21
k79_86933	ERR011348_MEGAHIT_TaxVamb.21
k79_87240	ERR011348_MEGAHIT_TaxVamb.21
k79_87260	ERR011348_MEGAHIT_TaxVamb.21
k79_87310	ERR011348_MEGAHIT_TaxVamb.21
k79_87872	ERR011348_MEGAHIT_TaxVamb.21
k79_87907	ERR011348_MEGAHIT_TaxVamb.21
k79_88412	ERR011348_MEGAHIT_TaxVamb.21
k79_88566	ERR011348_MEGAHIT_TaxVamb.21
k79_88601	ERR011348_MEGAHIT_TaxVamb.21
k79_88699	ERR011348_MEGAHIT_TaxVamb.21
k79_88992	ERR011348_MEGAHIT_TaxVamb.21
k79_89349	ERR011348_MEGAHIT_TaxVamb.21
k79_89446	ERR011348_MEGAHIT_TaxVamb.21
k79_89557	ERR011348_MEGAHIT_TaxVamb.21
k79_8985	ERR011348_MEGAHIT_TaxVamb.21
k79_89893	ERR011348_MEGAHIT_TaxVamb.21
k79_89908	ERR011348_MEGAHIT_TaxVamb.21
k79_90102	ERR011348_MEGAHIT_TaxVamb.21
k79_90513	ERR011348_MEGAHIT_TaxVamb.21
k79_90830	ERR011348_MEGAHIT_TaxVamb.21
k79_909	ERR011348_MEGAHIT_TaxVamb.21
k79_90935	ERR011348_MEGAHIT_TaxVamb.21
k79_90966	ERR011348_MEGAHIT_TaxVamb.21
k79_91055	ERR011348_MEGAHIT_TaxVamb.21
k79_91099	ERR011348_MEGAHIT_TaxVamb.21
k79_91228	ERR011348_MEGAHIT_TaxVamb.21
k79_91338	ERR011348_MEGAHIT_TaxVamb.21
k79_91412	ERR011348_MEGAHIT_TaxVamb.21
k79_91798	ERR011348_MEGAHIT_TaxVamb.21
k79_92026	ERR011348_MEGAHIT_TaxVamb.21
k79_92069	ERR011348_MEGAHIT_TaxVamb.21
k79_92101	ERR011348_MEGAHIT_TaxVamb.21
k79_92398	ERR011348_MEGAHIT_TaxVamb.21
k79_92756	ERR011348_MEGAHIT_TaxVamb.21
k79_92942	ERR011348_MEGAHIT_TaxVamb.21
k79_93194	ERR011348_MEGAHIT_TaxVamb.21
k79_93228	ERR011348_MEGAHIT_TaxVamb.21
k79_93313	ERR011348_MEGAHIT_TaxVamb.21
k79_93635	ERR011348_MEGAHIT_TaxVamb.21
k79_93896	ERR011348_MEGAHIT_TaxVamb.21
k79_93918	ERR011348_MEGAHIT_TaxVamb.21
k79_9408	ERR011348_MEGAHIT_TaxVamb.21
k79_94189	ERR011348_MEGAHIT_TaxVamb.21
k79_94238	ERR011348_MEGAHIT_TaxVamb.21
k79_94357	ERR011348_MEGAHIT_TaxVamb.21
k79_94365	ERR011348_MEGAHIT_TaxVamb.21
k79_94499	ERR011348_MEGAHIT_TaxVamb.21
k79_94722	ERR011348_MEGAHIT_TaxVamb.21
k79_94979	ERR011348_MEGAHIT_TaxVamb.21
k79_95050	ERR011348_MEGAHIT_TaxVamb.21
k79_95079	ERR011348_MEGAHIT_TaxVamb.21
k79_95303	ERR011348_MEGAHIT_TaxVamb.21
k79_95312	ERR011348_MEGAHIT_TaxVamb.21
k79_95316	ERR011348_MEGAHIT_TaxVamb.21
k79_95542	ERR011348_MEGAHIT_TaxVamb.21
k79_95881	ERR011348_MEGAHIT_TaxVamb.21
k79_95910	ERR011348_MEGAHIT_TaxVamb.21
k79_96049	ERR011348_MEGAHIT_TaxVamb.21
k79_96077	ERR011348_MEGAHIT_TaxVamb.21
k79_96104	ERR011348_MEGAHIT_TaxVamb.21
k79_96113	ERR011348_MEGAHIT_TaxVamb.21
k79_96139	ERR011348_MEGAHIT_TaxVamb.21
k79_96188	ERR011348_MEGAHIT_TaxVamb.21
k79_96333	ERR011348_MEGAHIT_TaxVamb.21
k79_9700	ERR011348_MEGAHIT_TaxVamb.21
k79_10075	ERR011348_MEGAHIT_TaxVamb.16
k79_10097	ERR011348_MEGAHIT_TaxVamb.16
k79_10128	ERR011348_MEGAHIT_TaxVamb.16
k79_10226	ERR011348_MEGAHIT_TaxVamb.16
k79_10625	ERR011348_MEGAHIT_TaxVamb.16
k79_10642	ERR011348_MEGAHIT_TaxVamb.16
k79_10744	ERR011348_MEGAHIT_TaxVamb.16
k79_10915	ERR011348_MEGAHIT_TaxVamb.16
k79_10925	ERR011348_MEGAHIT_TaxVamb.16
k79_10969	ERR011348_MEGAHIT_TaxVamb.16
k79_11020	ERR011348_MEGAHIT_TaxVamb.16
k79_11269	ERR011348_MEGAHIT_TaxVamb.16
k79_11457	ERR011348_MEGAHIT_TaxVamb.16
k79_11577	ERR011348_MEGAHIT_TaxVamb.16
k79_11727	ERR011348_MEGAHIT_TaxVamb.16
k79_11761	ERR011348_MEGAHIT_TaxVamb.16
k79_11961	ERR011348_MEGAHIT_TaxVamb.16
k79_12025	ERR011348_MEGAHIT_TaxVamb.16
k79_12029	ERR011348_MEGAHIT_TaxVamb.16
k79_12655	ERR011348_MEGAHIT_TaxVamb.16
k79_12913	ERR011348_MEGAHIT_TaxVamb.16
k79_13081	ERR011348_MEGAHIT_TaxVamb.16
k79_13200	ERR011348_MEGAHIT_TaxVamb.16
k79_13341	ERR011348_MEGAHIT_TaxVamb.16
k79_13876	ERR011348_MEGAHIT_TaxVamb.16
k79_14071	ERR011348_MEGAHIT_TaxVamb.16
k79_14390	ERR011348_MEGAHIT_TaxVamb.16
k79_14442	ERR011348_MEGAHIT_TaxVamb.16
k79_14460	ERR011348_MEGAHIT_TaxVamb.16
k79_14804	ERR011348_MEGAHIT_TaxVamb.16
k79_14877	ERR011348_MEGAHIT_TaxVamb.16
k79_14900	ERR011348_MEGAHIT_TaxVamb.16
k79_15211	ERR011348_MEGAHIT_TaxVamb.16
k79_15223	ERR011348_MEGAHIT_TaxVamb.16
k79_15356	ERR011348_MEGAHIT_TaxVamb.16
k79_15362	ERR011348_MEGAHIT_TaxVamb.16
k79_15400	ERR011348_MEGAHIT_TaxVamb.16
k79_15572	ERR011348_MEGAHIT_TaxVamb.16
k79_15640	ERR011348_MEGAHIT_TaxVamb.16
k79_15868	ERR011348_MEGAHIT_TaxVamb.16
k79_15887	ERR011348_MEGAHIT_TaxVamb.16
k79_1611	ERR011348_MEGAHIT_TaxVamb.16
k79_16165	ERR011348_MEGAHIT_TaxVamb.16
k79_16276	ERR011348_MEGAHIT_TaxVamb.16
k79_16475	ERR011348_MEGAHIT_TaxVamb.16
k79_16672	ERR011348_MEGAHIT_TaxVamb.16
k79_17018	ERR011348_MEGAHIT_TaxVamb.16
k79_1713	ERR011348_MEGAHIT_TaxVamb.16
k79_17263	ERR011348_MEGAHIT_TaxVamb.16
k79_1744	ERR011348_MEGAHIT_TaxVamb.16
k79_17764	ERR011348_MEGAHIT_TaxVamb.16
k79_17802	ERR011348_MEGAHIT_TaxVamb.16
k79_17873	ERR011348_MEGAHIT_TaxVamb.16
k79_18018	ERR011348_MEGAHIT_TaxVamb.16
k79_1837	ERR011348_MEGAHIT_TaxVamb.16
k79_18776	ERR011348_MEGAHIT_TaxVamb.16
k79_18813	ERR011348_MEGAHIT_TaxVamb.16
k79_19200	ERR011348_MEGAHIT_TaxVamb.16
k79_19270	ERR011348_MEGAHIT_TaxVamb.16
k79_19271	ERR011348_MEGAHIT_TaxVamb.16
k79_19316	ERR011348_MEGAHIT_TaxVamb.16
k79_19398	ERR011348_MEGAHIT_TaxVamb.16
k79_19445	ERR011348_MEGAHIT_TaxVamb.16
k79_19496	ERR011348_MEGAHIT_TaxVamb.16
k79_19618	ERR011348_MEGAHIT_TaxVamb.16
k79_19857	ERR011348_MEGAHIT_TaxVamb.16
k79_19862	ERR011348_MEGAHIT_TaxVamb.16
k79_1989	ERR011348_MEGAHIT_TaxVamb.16
k79_20130	ERR011348_MEGAHIT_TaxVamb.16
k79_20150	ERR011348_MEGAHIT_TaxVamb.16
k79_20413	ERR011348_MEGAHIT_TaxVamb.16
k79_20449	ERR011348_MEGAHIT_TaxVamb.16
k79_20602	ERR011348_MEGAHIT_TaxVamb.16
k79_20659	ERR011348_MEGAHIT_TaxVamb.16
k79_20836	ERR011348_MEGAHIT_TaxVamb.16
k79_2114	ERR011348_MEGAHIT_TaxVamb.16
k79_21531	ERR011348_MEGAHIT_TaxVamb.16
k79_21555	ERR011348_MEGAHIT_TaxVamb.16
k79_21565	ERR011348_MEGAHIT_TaxVamb.16
k79_21570	ERR011348_MEGAHIT_TaxVamb.16
k79_21615	ERR011348_MEGAHIT_TaxVamb.16
k79_21622	ERR011348_MEGAHIT_TaxVamb.16
k79_21666	ERR011348_MEGAHIT_TaxVamb.16
k79_21671	ERR011348_MEGAHIT_TaxVamb.16
k79_21734	ERR011348_MEGAHIT_TaxVamb.16
k79_21930	ERR011348_MEGAHIT_TaxVamb.16
k79_21962	ERR011348_MEGAHIT_TaxVamb.16
k79_22090	ERR011348_MEGAHIT_TaxVamb.16
k79_22171	ERR011348_MEGAHIT_TaxVamb.16
k79_22244	ERR011348_MEGAHIT_TaxVamb.16
k79_22274	ERR011348_MEGAHIT_TaxVamb.16
k79_22459	ERR011348_MEGAHIT_TaxVamb.16
k79_22565	ERR011348_MEGAHIT_TaxVamb.16
k79_22754	ERR011348_MEGAHIT_TaxVamb.16
k79_2280	ERR011348_MEGAHIT_TaxVamb.16
k79_2286	ERR011348_MEGAHIT_TaxVamb.16
k79_22875	ERR011348_MEGAHIT_TaxVamb.16
k79_22893	ERR011348_MEGAHIT_TaxVamb.16
k79_23060	ERR011348_MEGAHIT_TaxVamb.16
k79_23238	ERR011348_MEGAHIT_TaxVamb.16
k79_23244	ERR011348_MEGAHIT_TaxVamb.16
k79_2349	ERR011348_MEGAHIT_TaxVamb.16
k79_23610	ERR011348_MEGAHIT_TaxVamb.16
k79_23814	ERR011348_MEGAHIT_TaxVamb.16
k79_23832	ERR011348_MEGAHIT_TaxVamb.16
k79_24085	ERR011348_MEGAHIT_TaxVamb.16
k79_2424	ERR011348_MEGAHIT_TaxVamb.16
k79_24492	ERR011348_MEGAHIT_TaxVamb.16
k79_24784	ERR011348_MEGAHIT_TaxVamb.16
k79_24794	ERR011348_MEGAHIT_TaxVamb.16
k79_24897	ERR011348_MEGAHIT_TaxVamb.16
k79_25087	ERR011348_MEGAHIT_TaxVamb.16
k79_25119	ERR011348_MEGAHIT_TaxVamb.16
k79_25198	ERR011348_MEGAHIT_TaxVamb.16
k79_25307	ERR011348_MEGAHIT_TaxVamb.16
k79_2532	ERR011348_MEGAHIT_TaxVamb.16
k79_2567	ERR011348_MEGAHIT_TaxVamb.16
k79_25806	ERR011348_MEGAHIT_TaxVamb.16
k79_25884	ERR011348_MEGAHIT_TaxVamb.16
k79_25896	ERR011348_MEGAHIT_TaxVamb.16
k79_25970	ERR011348_MEGAHIT_TaxVamb.16
k79_26022	ERR011348_MEGAHIT_TaxVamb.16
k79_26283	ERR011348_MEGAHIT_TaxVamb.16
k79_26334	ERR011348_MEGAHIT_TaxVamb.16
k79_26351	ERR011348_MEGAHIT_TaxVamb.16
k79_26384	ERR011348_MEGAHIT_TaxVamb.16
k79_26460	ERR011348_MEGAHIT_TaxVamb.16
k79_26481	ERR011348_MEGAHIT_TaxVamb.16
k79_26578	ERR011348_MEGAHIT_TaxVamb.16
k79_26594	ERR011348_MEGAHIT_TaxVamb.16
k79_2664	ERR011348_MEGAHIT_TaxVamb.16
k79_26799	ERR011348_MEGAHIT_TaxVamb.16
k79_26808	ERR011348_MEGAHIT_TaxVamb.16
k79_26840	ERR011348_MEGAHIT_TaxVamb.16
k79_26881	ERR011348_MEGAHIT_TaxVamb.16
k79_27069	ERR011348_MEGAHIT_TaxVamb.16
k79_2707	ERR011348_MEGAHIT_TaxVamb.16
k79_27102	ERR011348_MEGAHIT_TaxVamb.16
k79_2711	ERR011348_MEGAHIT_TaxVamb.16
k79_27139	ERR011348_MEGAHIT_TaxVamb.16
k79_27254	ERR011348_MEGAHIT_TaxVamb.16
k79_273	ERR011348_MEGAHIT_TaxVamb.16
k79_27352	ERR011348_MEGAHIT_TaxVamb.16
k79_2738	ERR011348_MEGAHIT_TaxVamb.16
k79_27401	ERR011348_MEGAHIT_TaxVamb.16
k79_27518	ERR011348_MEGAHIT_TaxVamb.16
k79_27524	ERR011348_MEGAHIT_TaxVamb.16
k79_27531	ERR011348_MEGAHIT_TaxVamb.16
k79_27661	ERR011348_MEGAHIT_TaxVamb.16
k79_27663	ERR011348_MEGAHIT_TaxVamb.16
k79_27792	ERR011348_MEGAHIT_TaxVamb.16
k79_27794	ERR011348_MEGAHIT_TaxVamb.16
k79_278	ERR011348_MEGAHIT_TaxVamb.16
k79_28106	ERR011348_MEGAHIT_TaxVamb.16
k79_28133	ERR011348_MEGAHIT_TaxVamb.16
k79_28160	ERR011348_MEGAHIT_TaxVamb.16
k79_28169	ERR011348_MEGAHIT_TaxVamb.16
k79_28215	ERR011348_MEGAHIT_TaxVamb.16
k79_28219	ERR011348_MEGAHIT_TaxVamb.16
k79_28233	ERR011348_MEGAHIT_TaxVamb.16
k79_28358	ERR011348_MEGAHIT_TaxVamb.16
k79_28369	ERR011348_MEGAHIT_TaxVamb.16
k79_28448	ERR011348_MEGAHIT_TaxVamb.16
k79_28456	ERR011348_MEGAHIT_TaxVamb.16
k79_28471	ERR011348_MEGAHIT_TaxVamb.16
k79_29200	ERR011348_MEGAHIT_TaxVamb.16
k79_29349	ERR011348_MEGAHIT_TaxVamb.16
k79_29393	ERR011348_MEGAHIT_TaxVamb.16
k79_29409	ERR011348_MEGAHIT_TaxVamb.16
k79_29497	ERR011348_MEGAHIT_TaxVamb.16
k79_29501	ERR011348_MEGAHIT_TaxVamb.16
k79_29520	ERR011348_MEGAHIT_TaxVamb.16
k79_29653	ERR011348_MEGAHIT_TaxVamb.16
k79_29691	ERR011348_MEGAHIT_TaxVamb.16
k79_29933	ERR011348_MEGAHIT_TaxVamb.16
k79_29951	ERR011348_MEGAHIT_TaxVamb.16
k79_30352	ERR011348_MEGAHIT_TaxVamb.16
k79_30488	ERR011348_MEGAHIT_TaxVamb.16
k79_30492	ERR011348_MEGAHIT_TaxVamb.16
k79_30498	ERR011348_MEGAHIT_TaxVamb.16
k79_30523	ERR011348_MEGAHIT_TaxVamb.16
k79_30592	ERR011348_MEGAHIT_TaxVamb.16
k79_30631	ERR011348_MEGAHIT_TaxVamb.16
k79_30635	ERR011348_MEGAHIT_TaxVamb.16
k79_30709	ERR011348_MEGAHIT_TaxVamb.16
k79_30717	ERR011348_MEGAHIT_TaxVamb.16
k79_30801	ERR011348_MEGAHIT_TaxVamb.16
k79_30815	ERR011348_MEGAHIT_TaxVamb.16
k79_30818	ERR011348_MEGAHIT_TaxVamb.16
k79_30855	ERR011348_MEGAHIT_TaxVamb.16
k79_3094	ERR011348_MEGAHIT_TaxVamb.16
k79_31045	ERR011348_MEGAHIT_TaxVamb.16
k79_31062	ERR011348_MEGAHIT_TaxVamb.16
k79_31138	ERR011348_MEGAHIT_TaxVamb.16
k79_31206	ERR011348_MEGAHIT_TaxVamb.16
k79_31228	ERR011348_MEGAHIT_TaxVamb.16
k79_31375	ERR011348_MEGAHIT_TaxVamb.16
k79_31639	ERR011348_MEGAHIT_TaxVamb.16
k79_31718	ERR011348_MEGAHIT_TaxVamb.16
k79_31739	ERR011348_MEGAHIT_TaxVamb.16
k79_31812	ERR011348_MEGAHIT_TaxVamb.16
k79_31816	ERR011348_MEGAHIT_TaxVamb.16
k79_31825	ERR011348_MEGAHIT_TaxVamb.16
k79_31865	ERR011348_MEGAHIT_TaxVamb.16
k79_31885	ERR011348_MEGAHIT_TaxVamb.16
k79_32096	ERR011348_MEGAHIT_TaxVamb.16
k79_32144	ERR011348_MEGAHIT_TaxVamb.16
k79_32174	ERR011348_MEGAHIT_TaxVamb.16
k79_32341	ERR011348_MEGAHIT_TaxVamb.16
k79_32343	ERR011348_MEGAHIT_TaxVamb.16
k79_32371	ERR011348_MEGAHIT_TaxVamb.16
k79_32553	ERR011348_MEGAHIT_TaxVamb.16
k79_32584	ERR011348_MEGAHIT_TaxVamb.16
k79_33057	ERR011348_MEGAHIT_TaxVamb.16
k79_3326	ERR011348_MEGAHIT_TaxVamb.16
k79_33316	ERR011348_MEGAHIT_TaxVamb.16
k79_33447	ERR011348_MEGAHIT_TaxVamb.16
k79_33474	ERR011348_MEGAHIT_TaxVamb.16
k79_33626	ERR011348_MEGAHIT_TaxVamb.16
k79_33706	ERR011348_MEGAHIT_TaxVamb.16
k79_33875	ERR011348_MEGAHIT_TaxVamb.16
k79_33935	ERR011348_MEGAHIT_TaxVamb.16
k79_3400	ERR011348_MEGAHIT_TaxVamb.16
k79_34118	ERR011348_MEGAHIT_TaxVamb.16
k79_34125	ERR011348_MEGAHIT_TaxVamb.16
k79_34268	ERR011348_MEGAHIT_TaxVamb.16
k79_34281	ERR011348_MEGAHIT_TaxVamb.16
k79_34382	ERR011348_MEGAHIT_TaxVamb.16
k79_34439	ERR011348_MEGAHIT_TaxVamb.16
k79_35189	ERR011348_MEGAHIT_TaxVamb.16
k79_35209	ERR011348_MEGAHIT_TaxVamb.16
k79_35224	ERR011348_MEGAHIT_TaxVamb.16
k79_35305	ERR011348_MEGAHIT_TaxVamb.16
k79_35346	ERR011348_MEGAHIT_TaxVamb.16
k79_35350	ERR011348_MEGAHIT_TaxVamb.16
k79_35531	ERR011348_MEGAHIT_TaxVamb.16
k79_35618	ERR011348_MEGAHIT_TaxVamb.16
k79_35707	ERR011348_MEGAHIT_TaxVamb.16
k79_35769	ERR011348_MEGAHIT_TaxVamb.16
k79_35807	ERR011348_MEGAHIT_TaxVamb.16
k79_35835	ERR011348_MEGAHIT_TaxVamb.16
k79_3591	ERR011348_MEGAHIT_TaxVamb.16
k79_36015	ERR011348_MEGAHIT_TaxVamb.16
k79_36115	ERR011348_MEGAHIT_TaxVamb.16
k79_36149	ERR011348_MEGAHIT_TaxVamb.16
k79_36159	ERR011348_MEGAHIT_TaxVamb.16
k79_36356	ERR011348_MEGAHIT_TaxVamb.16
k79_36534	ERR011348_MEGAHIT_TaxVamb.16
k79_36868	ERR011348_MEGAHIT_TaxVamb.16
k79_36914	ERR011348_MEGAHIT_TaxVamb.16
k79_37013	ERR011348_MEGAHIT_TaxVamb.16
k79_37092	ERR011348_MEGAHIT_TaxVamb.16
k79_37269	ERR011348_MEGAHIT_TaxVamb.16
k79_37342	ERR011348_MEGAHIT_TaxVamb.16
k79_37529	ERR011348_MEGAHIT_TaxVamb.16
k79_37588	ERR011348_MEGAHIT_TaxVamb.16
k79_3763	ERR011348_MEGAHIT_TaxVamb.16
k79_37684	ERR011348_MEGAHIT_TaxVamb.16
k79_37698	ERR011348_MEGAHIT_TaxVamb.16
k79_37745	ERR011348_MEGAHIT_TaxVamb.16
k79_37869	ERR011348_MEGAHIT_TaxVamb.16
k79_3789	ERR011348_MEGAHIT_TaxVamb.16
k79_37999	ERR011348_MEGAHIT_TaxVamb.16
k79_38168	ERR011348_MEGAHIT_TaxVamb.16
k79_38175	ERR011348_MEGAHIT_TaxVamb.16
k79_38200	ERR011348_MEGAHIT_TaxVamb.16
k79_38238	ERR011348_MEGAHIT_TaxVamb.16
k79_38463	ERR011348_MEGAHIT_TaxVamb.16
k79_38628	ERR011348_MEGAHIT_TaxVamb.16
k79_38859	ERR011348_MEGAHIT_TaxVamb.16
k79_38958	ERR011348_MEGAHIT_TaxVamb.16
k79_39061	ERR011348_MEGAHIT_TaxVamb.16
k79_39088	ERR011348_MEGAHIT_TaxVamb.16
k79_3939	ERR011348_MEGAHIT_TaxVamb.16
k79_3950	ERR011348_MEGAHIT_TaxVamb.16
k79_39518	ERR011348_MEGAHIT_TaxVamb.16
k79_39521	ERR011348_MEGAHIT_TaxVamb.16
k79_39596	ERR011348_MEGAHIT_TaxVamb.16
k79_3994	ERR011348_MEGAHIT_TaxVamb.16
k79_40072	ERR011348_MEGAHIT_TaxVamb.16
k79_40229	ERR011348_MEGAHIT_TaxVamb.16
k79_4050	ERR011348_MEGAHIT_TaxVamb.16
k79_40624	ERR011348_MEGAHIT_TaxVamb.16
k79_4064	ERR011348_MEGAHIT_TaxVamb.16
k79_40697	ERR011348_MEGAHIT_TaxVamb.16
k79_40719	ERR011348_MEGAHIT_TaxVamb.16
k79_4074	ERR011348_MEGAHIT_TaxVamb.16
k79_41127	ERR011348_MEGAHIT_TaxVamb.16
k79_41210	ERR011348_MEGAHIT_TaxVamb.16
k79_41347	ERR011348_MEGAHIT_TaxVamb.16
k79_4165	ERR011348_MEGAHIT_TaxVamb.16
k79_41697	ERR011348_MEGAHIT_TaxVamb.16
k79_41834	ERR011348_MEGAHIT_TaxVamb.16
k79_41926	ERR011348_MEGAHIT_TaxVamb.16
k79_4203	ERR011348_MEGAHIT_TaxVamb.16
k79_42354	ERR011348_MEGAHIT_TaxVamb.16
k79_42373	ERR011348_MEGAHIT_TaxVamb.16
k79_42398	ERR011348_MEGAHIT_TaxVamb.16
k79_42614	ERR011348_MEGAHIT_TaxVamb.16
k79_42648	ERR011348_MEGAHIT_TaxVamb.16
k79_4283	ERR011348_MEGAHIT_TaxVamb.16
k79_42886	ERR011348_MEGAHIT_TaxVamb.16
k79_43340	ERR011348_MEGAHIT_TaxVamb.16
k79_43360	ERR011348_MEGAHIT_TaxVamb.16
k79_43557	ERR011348_MEGAHIT_TaxVamb.16
k79_4371	ERR011348_MEGAHIT_TaxVamb.16
k79_43781	ERR011348_MEGAHIT_TaxVamb.16
k79_43817	ERR011348_MEGAHIT_TaxVamb.16
k79_43895	ERR011348_MEGAHIT_TaxVamb.16
k79_44113	ERR011348_MEGAHIT_TaxVamb.16
k79_44125	ERR011348_MEGAHIT_TaxVamb.16
k79_44134	ERR011348_MEGAHIT_TaxVamb.16
k79_44573	ERR011348_MEGAHIT_TaxVamb.16
k79_44713	ERR011348_MEGAHIT_TaxVamb.16
k79_44858	ERR011348_MEGAHIT_TaxVamb.16
k79_44997	ERR011348_MEGAHIT_TaxVamb.16
k79_45084	ERR011348_MEGAHIT_TaxVamb.16
k79_45295	ERR011348_MEGAHIT_TaxVamb.16
k79_4554	ERR011348_MEGAHIT_TaxVamb.16
k79_45565	ERR011348_MEGAHIT_TaxVamb.16
k79_45567	ERR011348_MEGAHIT_TaxVamb.16
k79_45731	ERR011348_MEGAHIT_TaxVamb.16
k79_45813	ERR011348_MEGAHIT_TaxVamb.16
k79_45856	ERR011348_MEGAHIT_TaxVamb.16
k79_45865	ERR011348_MEGAHIT_TaxVamb.16
k79_45894	ERR011348_MEGAHIT_TaxVamb.16
k79_45996	ERR011348_MEGAHIT_TaxVamb.16
k79_46241	ERR011348_MEGAHIT_TaxVamb.16
k79_4632	ERR011348_MEGAHIT_TaxVamb.16
k79_46361	ERR011348_MEGAHIT_TaxVamb.16
k79_46485	ERR011348_MEGAHIT_TaxVamb.16
k79_46689	ERR011348_MEGAHIT_TaxVamb.16
k79_4673	ERR011348_MEGAHIT_TaxVamb.16
k79_46742	ERR011348_MEGAHIT_TaxVamb.16
k79_46991	ERR011348_MEGAHIT_TaxVamb.16
k79_47032	ERR011348_MEGAHIT_TaxVamb.16
k79_4731	ERR011348_MEGAHIT_TaxVamb.16
k79_4734	ERR011348_MEGAHIT_TaxVamb.16
k79_47529	ERR011348_MEGAHIT_TaxVamb.16
k79_47609	ERR011348_MEGAHIT_TaxVamb.16
k79_47652	ERR011348_MEGAHIT_TaxVamb.16
k79_47672	ERR011348_MEGAHIT_TaxVamb.16
k79_47723	ERR011348_MEGAHIT_TaxVamb.16
k79_47835	ERR011348_MEGAHIT_TaxVamb.16
k79_47871	ERR011348_MEGAHIT_TaxVamb.16
k79_48195	ERR011348_MEGAHIT_TaxVamb.16
k79_48214	ERR011348_MEGAHIT_TaxVamb.16
k79_48240	ERR011348_MEGAHIT_TaxVamb.16
k79_48500	ERR011348_MEGAHIT_TaxVamb.16
k79_4851	ERR011348_MEGAHIT_TaxVamb.16
k79_48761	ERR011348_MEGAHIT_TaxVamb.16
k79_48921	ERR011348_MEGAHIT_TaxVamb.16
k79_48988	ERR011348_MEGAHIT_TaxVamb.16
k79_49064	ERR011348_MEGAHIT_TaxVamb.16
k79_49260	ERR011348_MEGAHIT_TaxVamb.16
k79_49323	ERR011348_MEGAHIT_TaxVamb.16
k79_49324	ERR011348_MEGAHIT_TaxVamb.16
k79_49370	ERR011348_MEGAHIT_TaxVamb.16
k79_49532	ERR011348_MEGAHIT_TaxVamb.16
k79_49591	ERR011348_MEGAHIT_TaxVamb.16
k79_49683	ERR011348_MEGAHIT_TaxVamb.16
k79_49777	ERR011348_MEGAHIT_TaxVamb.16
k79_50030	ERR011348_MEGAHIT_TaxVamb.16
k79_50039	ERR011348_MEGAHIT_TaxVamb.16
k79_5010	ERR011348_MEGAHIT_TaxVamb.16
k79_50148	ERR011348_MEGAHIT_TaxVamb.16
k79_50236	ERR011348_MEGAHIT_TaxVamb.16
k79_50303	ERR011348_MEGAHIT_TaxVamb.16
k79_5043	ERR011348_MEGAHIT_TaxVamb.16
k79_50467	ERR011348_MEGAHIT_TaxVamb.16
k79_50859	ERR011348_MEGAHIT_TaxVamb.16
k79_50975	ERR011348_MEGAHIT_TaxVamb.16
k79_51148	ERR011348_MEGAHIT_TaxVamb.16
k79_51188	ERR011348_MEGAHIT_TaxVamb.16
k79_51269	ERR011348_MEGAHIT_TaxVamb.16
k79_51543	ERR011348_MEGAHIT_TaxVamb.16
k79_51656	ERR011348_MEGAHIT_TaxVamb.16
k79_51740	ERR011348_MEGAHIT_TaxVamb.16
k79_51832	ERR011348_MEGAHIT_TaxVamb.16
k79_51899	ERR011348_MEGAHIT_TaxVamb.16
k79_52039	ERR011348_MEGAHIT_TaxVamb.16
k79_52168	ERR011348_MEGAHIT_TaxVamb.16
k79_52546	ERR011348_MEGAHIT_TaxVamb.16
k79_52881	ERR011348_MEGAHIT_TaxVamb.16
k79_52908	ERR011348_MEGAHIT_TaxVamb.16
k79_52935	ERR011348_MEGAHIT_TaxVamb.16
k79_52989	ERR011348_MEGAHIT_TaxVamb.16
k79_52993	ERR011348_MEGAHIT_TaxVamb.16
k79_53516	ERR011348_MEGAHIT_TaxVamb.16
k79_53539	ERR011348_MEGAHIT_TaxVamb.16
k79_53583	ERR011348_MEGAHIT_TaxVamb.16
k79_5361	ERR011348_MEGAHIT_TaxVamb.16
k79_53644	ERR011348_MEGAHIT_TaxVamb.16
k79_53694	ERR011348_MEGAHIT_TaxVamb.16
k79_53750	ERR011348_MEGAHIT_TaxVamb.16
k79_54152	ERR011348_MEGAHIT_TaxVamb.16
k79_54228	ERR011348_MEGAHIT_TaxVamb.16
k79_54230	ERR011348_MEGAHIT_TaxVamb.16
k79_54343	ERR011348_MEGAHIT_TaxVamb.16
k79_54386	ERR011348_MEGAHIT_TaxVamb.16
k79_54664	ERR011348_MEGAHIT_TaxVamb.16
k79_54693	ERR011348_MEGAHIT_TaxVamb.16
k79_54696	ERR011348_MEGAHIT_TaxVamb.16
k79_54780	ERR011348_MEGAHIT_TaxVamb.16
k79_54952	ERR011348_MEGAHIT_TaxVamb.16
k79_55270	ERR011348_MEGAHIT_TaxVamb.16
k79_55357	ERR011348_MEGAHIT_TaxVamb.16
k79_55439	ERR011348_MEGAHIT_TaxVamb.16
k79_5585	ERR011348_MEGAHIT_TaxVamb.16
k79_56130	ERR011348_MEGAHIT_TaxVamb.16
k79_56223	ERR011348_MEGAHIT_TaxVamb.16
k79_56339	ERR011348_MEGAHIT_TaxVamb.16
k79_56429	ERR011348_MEGAHIT_TaxVamb.16
k79_56661	ERR011348_MEGAHIT_TaxVamb.16
k79_56791	ERR011348_MEGAHIT_TaxVamb.16
k79_5687	ERR011348_MEGAHIT_TaxVamb.16
k79_56904	ERR011348_MEGAHIT_TaxVamb.16
k79_5705	ERR011348_MEGAHIT_TaxVamb.16
k79_57058	ERR011348_MEGAHIT_TaxVamb.16
k79_5734	ERR011348_MEGAHIT_TaxVamb.16
k79_57559	ERR011348_MEGAHIT_TaxVamb.16
k79_57578	ERR011348_MEGAHIT_TaxVamb.16
k79_5759	ERR011348_MEGAHIT_TaxVamb.16
k79_57791	ERR011348_MEGAHIT_TaxVamb.16
k79_57801	ERR011348_MEGAHIT_TaxVamb.16
k79_5783	ERR011348_MEGAHIT_TaxVamb.16
k79_57921	ERR011348_MEGAHIT_TaxVamb.16
k79_5795	ERR011348_MEGAHIT_TaxVamb.16
k79_57973	ERR011348_MEGAHIT_TaxVamb.16
k79_58342	ERR011348_MEGAHIT_TaxVamb.16
k79_58486	ERR011348_MEGAHIT_TaxVamb.16
k79_5852	ERR011348_MEGAHIT_TaxVamb.16
k79_58534	ERR011348_MEGAHIT_TaxVamb.16
k79_58568	ERR011348_MEGAHIT_TaxVamb.16
k79_58608	ERR011348_MEGAHIT_TaxVamb.16
k79_5892	ERR011348_MEGAHIT_TaxVamb.16
k79_5920	ERR011348_MEGAHIT_TaxVamb.16
k79_59426	ERR011348_MEGAHIT_TaxVamb.16
k79_5943	ERR011348_MEGAHIT_TaxVamb.16
k79_5947	ERR011348_MEGAHIT_TaxVamb.16
k79_59529	ERR011348_MEGAHIT_TaxVamb.16
k79_59567	ERR011348_MEGAHIT_TaxVamb.16
k79_59851	ERR011348_MEGAHIT_TaxVamb.16
k79_59938	ERR011348_MEGAHIT_TaxVamb.16
k79_60051	ERR011348_MEGAHIT_TaxVamb.16
k79_60180	ERR011348_MEGAHIT_TaxVamb.16
k79_60331	ERR011348_MEGAHIT_TaxVamb.16
k79_60378	ERR011348_MEGAHIT_TaxVamb.16
k79_60394	ERR011348_MEGAHIT_TaxVamb.16
k79_60471	ERR011348_MEGAHIT_TaxVamb.16
k79_60817	ERR011348_MEGAHIT_TaxVamb.16
k79_60962	ERR011348_MEGAHIT_TaxVamb.16
k79_61049	ERR011348_MEGAHIT_TaxVamb.16
k79_61134	ERR011348_MEGAHIT_TaxVamb.16
k79_61204	ERR011348_MEGAHIT_TaxVamb.16
k79_6131	ERR011348_MEGAHIT_TaxVamb.16
k79_61492	ERR011348_MEGAHIT_TaxVamb.16
k79_61623	ERR011348_MEGAHIT_TaxVamb.16
k79_61831	ERR011348_MEGAHIT_TaxVamb.16
k79_61834	ERR011348_MEGAHIT_TaxVamb.16
k79_61890	ERR011348_MEGAHIT_TaxVamb.16
k79_61927	ERR011348_MEGAHIT_TaxVamb.16
k79_6201	ERR011348_MEGAHIT_TaxVamb.16
k79_62066	ERR011348_MEGAHIT_TaxVamb.16
k79_62126	ERR011348_MEGAHIT_TaxVamb.16
k79_6225	ERR011348_MEGAHIT_TaxVamb.16
k79_6232	ERR011348_MEGAHIT_TaxVamb.16
k79_62514	ERR011348_MEGAHIT_TaxVamb.16
k79_62612	ERR011348_MEGAHIT_TaxVamb.16
k79_6262	ERR011348_MEGAHIT_TaxVamb.16
k79_62724	ERR011348_MEGAHIT_TaxVamb.16
k79_62762	ERR011348_MEGAHIT_TaxVamb.16
k79_62778	ERR011348_MEGAHIT_TaxVamb.16
k79_6295	ERR011348_MEGAHIT_TaxVamb.16
k79_63002	ERR011348_MEGAHIT_TaxVamb.16
k79_63070	ERR011348_MEGAHIT_TaxVamb.16
k79_63137	ERR011348_MEGAHIT_TaxVamb.16
k79_63751	ERR011348_MEGAHIT_TaxVamb.16
k79_63764	ERR011348_MEGAHIT_TaxVamb.16
k79_64027	ERR011348_MEGAHIT_TaxVamb.16
k79_64439	ERR011348_MEGAHIT_TaxVamb.16
k79_6463	ERR011348_MEGAHIT_TaxVamb.16
k79_64732	ERR011348_MEGAHIT_TaxVamb.16
k79_64876	ERR011348_MEGAHIT_TaxVamb.16
k79_64932	ERR011348_MEGAHIT_TaxVamb.16
k79_65118	ERR011348_MEGAHIT_TaxVamb.16
k79_6521	ERR011348_MEGAHIT_TaxVamb.16
k79_65853	ERR011348_MEGAHIT_TaxVamb.16
k79_65977	ERR011348_MEGAHIT_TaxVamb.16
k79_66103	ERR011348_MEGAHIT_TaxVamb.16
k79_66230	ERR011348_MEGAHIT_TaxVamb.16
k79_66366	ERR011348_MEGAHIT_TaxVamb.16
k79_66505	ERR011348_MEGAHIT_TaxVamb.16
k79_66544	ERR011348_MEGAHIT_TaxVamb.16
k79_66617	ERR011348_MEGAHIT_TaxVamb.16
k79_66682	ERR011348_MEGAHIT_TaxVamb.16
k79_66712	ERR011348_MEGAHIT_TaxVamb.16
k79_67067	ERR011348_MEGAHIT_TaxVamb.16
k79_67547	ERR011348_MEGAHIT_TaxVamb.16
k79_67607	ERR011348_MEGAHIT_TaxVamb.16
k79_67731	ERR011348_MEGAHIT_TaxVamb.16
k79_67790	ERR011348_MEGAHIT_TaxVamb.16
k79_67844	ERR011348_MEGAHIT_TaxVamb.16
k79_68009	ERR011348_MEGAHIT_TaxVamb.16
k79_68086	ERR011348_MEGAHIT_TaxVamb.16
k79_68274	ERR011348_MEGAHIT_TaxVamb.16
k79_68452	ERR011348_MEGAHIT_TaxVamb.16
k79_68511	ERR011348_MEGAHIT_TaxVamb.16
k79_68718	ERR011348_MEGAHIT_TaxVamb.16
k79_68817	ERR011348_MEGAHIT_TaxVamb.16
k79_68873	ERR011348_MEGAHIT_TaxVamb.16
k79_68916	ERR011348_MEGAHIT_TaxVamb.16
k79_6892	ERR011348_MEGAHIT_TaxVamb.16
k79_69004	ERR011348_MEGAHIT_TaxVamb.16
k79_69088	ERR011348_MEGAHIT_TaxVamb.16
k79_69148	ERR011348_MEGAHIT_TaxVamb.16
k79_69245	ERR011348_MEGAHIT_TaxVamb.16
k79_69593	ERR011348_MEGAHIT_TaxVamb.16
k79_69694	ERR011348_MEGAHIT_TaxVamb.16
k79_69815	ERR011348_MEGAHIT_TaxVamb.16
k79_69877	ERR011348_MEGAHIT_TaxVamb.16
k79_69974	ERR011348_MEGAHIT_TaxVamb.16
k79_70270	ERR011348_MEGAHIT_TaxVamb.16
k79_70287	ERR011348_MEGAHIT_TaxVamb.16
k79_70439	ERR011348_MEGAHIT_TaxVamb.16
k79_70486	ERR011348_MEGAHIT_TaxVamb.16
k79_70528	ERR011348_MEGAHIT_TaxVamb.16
k79_70558	ERR011348_MEGAHIT_TaxVamb.16
k79_70655	ERR011348_MEGAHIT_TaxVamb.16
k79_70805	ERR011348_MEGAHIT_TaxVamb.16
k79_70877	ERR011348_MEGAHIT_TaxVamb.16
k79_7094	ERR011348_MEGAHIT_TaxVamb.16
k79_71156	ERR011348_MEGAHIT_TaxVamb.16
k79_71208	ERR011348_MEGAHIT_TaxVamb.16
k79_71221	ERR011348_MEGAHIT_TaxVamb.16
k79_71274	ERR011348_MEGAHIT_TaxVamb.16
k79_71369	ERR011348_MEGAHIT_TaxVamb.16
k79_71549	ERR011348_MEGAHIT_TaxVamb.16
k79_71609	ERR011348_MEGAHIT_TaxVamb.16
k79_7165	ERR011348_MEGAHIT_TaxVamb.16
k79_71716	ERR011348_MEGAHIT_TaxVamb.16
k79_71804	ERR011348_MEGAHIT_TaxVamb.16
k79_7213	ERR011348_MEGAHIT_TaxVamb.16
k79_72454	ERR011348_MEGAHIT_TaxVamb.16
k79_72641	ERR011348_MEGAHIT_TaxVamb.16
k79_72837	ERR011348_MEGAHIT_TaxVamb.16
k79_72861	ERR011348_MEGAHIT_TaxVamb.16
k79_72960	ERR011348_MEGAHIT_TaxVamb.16
k79_73212	ERR011348_MEGAHIT_TaxVamb.16
k79_73445	ERR011348_MEGAHIT_TaxVamb.16
k79_73689	ERR011348_MEGAHIT_TaxVamb.16
k79_73802	ERR011348_MEGAHIT_TaxVamb.16
k79_7408	ERR011348_MEGAHIT_TaxVamb.16
k79_74148	ERR011348_MEGAHIT_TaxVamb.16
k79_74263	ERR011348_MEGAHIT_TaxVamb.16
k79_7448	ERR011348_MEGAHIT_TaxVamb.16
k79_74529	ERR011348_MEGAHIT_TaxVamb.16
k79_74605	ERR011348_MEGAHIT_TaxVamb.16
k79_74626	ERR011348_MEGAHIT_TaxVamb.16
k79_74645	ERR011348_MEGAHIT_TaxVamb.16
k79_74807	ERR011348_MEGAHIT_TaxVamb.16
k79_74955	ERR011348_MEGAHIT_TaxVamb.16
k79_7510	ERR011348_MEGAHIT_TaxVamb.16
k79_75312	ERR011348_MEGAHIT_TaxVamb.16
k79_75578	ERR011348_MEGAHIT_TaxVamb.16
k79_75629	ERR011348_MEGAHIT_TaxVamb.16
k79_75660	ERR011348_MEGAHIT_TaxVamb.16
k79_7567	ERR011348_MEGAHIT_TaxVamb.16
k79_75694	ERR011348_MEGAHIT_TaxVamb.16
k79_75908	ERR011348_MEGAHIT_TaxVamb.16
k79_76138	ERR011348_MEGAHIT_TaxVamb.16
k79_7629	ERR011348_MEGAHIT_TaxVamb.16
k79_76493	ERR011348_MEGAHIT_TaxVamb.16
k79_7701	ERR011348_MEGAHIT_TaxVamb.16
k79_77109	ERR011348_MEGAHIT_TaxVamb.16
k79_77116	ERR011348_MEGAHIT_TaxVamb.16
k79_77299	ERR011348_MEGAHIT_TaxVamb.16
k79_7737	ERR011348_MEGAHIT_TaxVamb.16
k79_77412	ERR011348_MEGAHIT_TaxVamb.16
k79_77458	ERR011348_MEGAHIT_TaxVamb.16
k79_77660	ERR011348_MEGAHIT_TaxVamb.16
k79_7768	ERR011348_MEGAHIT_TaxVamb.16
k79_77697	ERR011348_MEGAHIT_TaxVamb.16
k79_77727	ERR011348_MEGAHIT_TaxVamb.16
k79_78109	ERR011348_MEGAHIT_TaxVamb.16
k79_78190	ERR011348_MEGAHIT_TaxVamb.16
k79_78409	ERR011348_MEGAHIT_TaxVamb.16
k79_78582	ERR011348_MEGAHIT_TaxVamb.16
k79_7873	ERR011348_MEGAHIT_TaxVamb.16
k79_78938	ERR011348_MEGAHIT_TaxVamb.16
k79_78942	ERR011348_MEGAHIT_TaxVamb.16
k79_79169	ERR011348_MEGAHIT_TaxVamb.16
k79_79273	ERR011348_MEGAHIT_TaxVamb.16
k79_79460	ERR011348_MEGAHIT_TaxVamb.16
k79_79505	ERR011348_MEGAHIT_TaxVamb.16
k79_7963	ERR011348_MEGAHIT_TaxVamb.16
k79_7967	ERR011348_MEGAHIT_TaxVamb.16
k79_79859	ERR011348_MEGAHIT_TaxVamb.16
k79_79907	ERR011348_MEGAHIT_TaxVamb.16
k79_79942	ERR011348_MEGAHIT_TaxVamb.16
k79_79997	ERR011348_MEGAHIT_TaxVamb.16
k79_80128	ERR011348_MEGAHIT_TaxVamb.16
k79_80177	ERR011348_MEGAHIT_TaxVamb.16
k79_80204	ERR011348_MEGAHIT_TaxVamb.16
k79_80219	ERR011348_MEGAHIT_TaxVamb.16
k79_80310	ERR011348_MEGAHIT_TaxVamb.16
k79_80494	ERR011348_MEGAHIT_TaxVamb.16
k79_81198	ERR011348_MEGAHIT_TaxVamb.16
k79_81359	ERR011348_MEGAHIT_TaxVamb.16
k79_81400	ERR011348_MEGAHIT_TaxVamb.16
k79_81461	ERR011348_MEGAHIT_TaxVamb.16
k79_81561	ERR011348_MEGAHIT_TaxVamb.16
k79_81604	ERR011348_MEGAHIT_TaxVamb.16
k79_81617	ERR011348_MEGAHIT_TaxVamb.16
k79_81771	ERR011348_MEGAHIT_TaxVamb.16
k79_81935	ERR011348_MEGAHIT_TaxVamb.16
k79_81953	ERR011348_MEGAHIT_TaxVamb.16
k79_82080	ERR011348_MEGAHIT_TaxVamb.16
k79_8219	ERR011348_MEGAHIT_TaxVamb.16
k79_82356	ERR011348_MEGAHIT_TaxVamb.16
k79_8239	ERR011348_MEGAHIT_TaxVamb.16
k79_8246	ERR011348_MEGAHIT_TaxVamb.16
k79_82813	ERR011348_MEGAHIT_TaxVamb.16
k79_82870	ERR011348_MEGAHIT_TaxVamb.16
k79_8296	ERR011348_MEGAHIT_TaxVamb.16
k79_83006	ERR011348_MEGAHIT_TaxVamb.16
k79_83221	ERR011348_MEGAHIT_TaxVamb.16
k79_83272	ERR011348_MEGAHIT_TaxVamb.16
k79_83277	ERR011348_MEGAHIT_TaxVamb.16
k79_8330	ERR011348_MEGAHIT_TaxVamb.16
k79_8339	ERR011348_MEGAHIT_TaxVamb.16
k79_83417	ERR011348_MEGAHIT_TaxVamb.16
k79_83757	ERR011348_MEGAHIT_TaxVamb.16
k79_83786	ERR011348_MEGAHIT_TaxVamb.16
k79_83855	ERR011348_MEGAHIT_TaxVamb.16
k79_83884	ERR011348_MEGAHIT_TaxVamb.16
k79_83913	ERR011348_MEGAHIT_TaxVamb.16
k79_84314	ERR011348_MEGAHIT_TaxVamb.16
k79_84316	ERR011348_MEGAHIT_TaxVamb.16
k79_8451	ERR011348_MEGAHIT_TaxVamb.16
k79_84759	ERR011348_MEGAHIT_TaxVamb.16
k79_84771	ERR011348_MEGAHIT_TaxVamb.16
k79_84773	ERR011348_MEGAHIT_TaxVamb.16
k79_84867	ERR011348_MEGAHIT_TaxVamb.16
k79_84911	ERR011348_MEGAHIT_TaxVamb.16
k79_85115	ERR011348_MEGAHIT_TaxVamb.16
k79_85377	ERR011348_MEGAHIT_TaxVamb.16
k79_85481	ERR011348_MEGAHIT_TaxVamb.16
k79_85593	ERR011348_MEGAHIT_TaxVamb.16
k79_85621	ERR011348_MEGAHIT_TaxVamb.16
k79_85701	ERR011348_MEGAHIT_TaxVamb.16
k79_85727	ERR011348_MEGAHIT_TaxVamb.16
k79_85814	ERR011348_MEGAHIT_TaxVamb.16
k79_8591	ERR011348_MEGAHIT_TaxVamb.16
k79_86281	ERR011348_MEGAHIT_TaxVamb.16
k79_86386	ERR011348_MEGAHIT_TaxVamb.16
k79_86517	ERR011348_MEGAHIT_TaxVamb.16
k79_86710	ERR011348_MEGAHIT_TaxVamb.16
k79_86851	ERR011348_MEGAHIT_TaxVamb.16
k79_87070	ERR011348_MEGAHIT_TaxVamb.16
k79_87079	ERR011348_MEGAHIT_TaxVamb.16
k79_87144	ERR011348_MEGAHIT_TaxVamb.16
k79_8722	ERR011348_MEGAHIT_TaxVamb.16
k79_87241	ERR011348_MEGAHIT_TaxVamb.16
k79_87304	ERR011348_MEGAHIT_TaxVamb.16
k79_87453	ERR011348_MEGAHIT_TaxVamb.16
k79_87622	ERR011348_MEGAHIT_TaxVamb.16
k79_87740	ERR011348_MEGAHIT_TaxVamb.16
k79_87868	ERR011348_MEGAHIT_TaxVamb.16
k79_87955	ERR011348_MEGAHIT_TaxVamb.16
k79_88523	ERR011348_MEGAHIT_TaxVamb.16
k79_88560	ERR011348_MEGAHIT_TaxVamb.16
k79_88561	ERR011348_MEGAHIT_TaxVamb.16
k79_88624	ERR011348_MEGAHIT_TaxVamb.16
k79_89104	ERR011348_MEGAHIT_TaxVamb.16
k79_89122	ERR011348_MEGAHIT_TaxVamb.16
k79_89506	ERR011348_MEGAHIT_TaxVamb.16
k79_89510	ERR011348_MEGAHIT_TaxVamb.16
k79_89796	ERR011348_MEGAHIT_TaxVamb.16
k79_89897	ERR011348_MEGAHIT_TaxVamb.16
k79_90066	ERR011348_MEGAHIT_TaxVamb.16
k79_9044	ERR011348_MEGAHIT_TaxVamb.16
k79_90454	ERR011348_MEGAHIT_TaxVamb.16
k79_90601	ERR011348_MEGAHIT_TaxVamb.16
k79_90667	ERR011348_MEGAHIT_TaxVamb.16
k79_90726	ERR011348_MEGAHIT_TaxVamb.16
k79_9074	ERR011348_MEGAHIT_TaxVamb.16
k79_90786	ERR011348_MEGAHIT_TaxVamb.16
k79_90878	ERR011348_MEGAHIT_TaxVamb.16
k79_91049	ERR011348_MEGAHIT_TaxVamb.16
k79_91068	ERR011348_MEGAHIT_TaxVamb.16
k79_91236	ERR011348_MEGAHIT_TaxVamb.16
k79_91288	ERR011348_MEGAHIT_TaxVamb.16
k79_91432	ERR011348_MEGAHIT_TaxVamb.16
k79_91662	ERR011348_MEGAHIT_TaxVamb.16
k79_91674	ERR011348_MEGAHIT_TaxVamb.16
k79_91791	ERR011348_MEGAHIT_TaxVamb.16
k79_91898	ERR011348_MEGAHIT_TaxVamb.16
k79_91916	ERR011348_MEGAHIT_TaxVamb.16
k79_91962	ERR011348_MEGAHIT_TaxVamb.16
k79_92406	ERR011348_MEGAHIT_TaxVamb.16
k79_92443	ERR011348_MEGAHIT_TaxVamb.16
k79_92445	ERR011348_MEGAHIT_TaxVamb.16
k79_92813	ERR011348_MEGAHIT_TaxVamb.16
k79_92814	ERR011348_MEGAHIT_TaxVamb.16
k79_92985	ERR011348_MEGAHIT_TaxVamb.16
k79_930	ERR011348_MEGAHIT_TaxVamb.16
k79_93691	ERR011348_MEGAHIT_TaxVamb.16
k79_93827	ERR011348_MEGAHIT_TaxVamb.16
k79_94170	ERR011348_MEGAHIT_TaxVamb.16
k79_94272	ERR011348_MEGAHIT_TaxVamb.16
k79_94310	ERR011348_MEGAHIT_TaxVamb.16
k79_94473	ERR011348_MEGAHIT_TaxVamb.16
k79_94577	ERR011348_MEGAHIT_TaxVamb.16
k79_94595	ERR011348_MEGAHIT_TaxVamb.16
k79_94639	ERR011348_MEGAHIT_TaxVamb.16
k79_94664	ERR011348_MEGAHIT_TaxVamb.16
k79_9488	ERR011348_MEGAHIT_TaxVamb.16
k79_9500	ERR011348_MEGAHIT_TaxVamb.16
k79_95275	ERR011348_MEGAHIT_TaxVamb.16
k79_95318	ERR011348_MEGAHIT_TaxVamb.16
k79_95484	ERR011348_MEGAHIT_TaxVamb.16
k79_95491	ERR011348_MEGAHIT_TaxVamb.16
k79_95747	ERR011348_MEGAHIT_TaxVamb.16
k79_95840	ERR011348_MEGAHIT_TaxVamb.16
k79_95889	ERR011348_MEGAHIT_TaxVamb.16
k79_96039	ERR011348_MEGAHIT_TaxVamb.16
k79_96098	ERR011348_MEGAHIT_TaxVamb.16
k79_96247	ERR011348_MEGAHIT_TaxVamb.16
k79_96287	ERR011348_MEGAHIT_TaxVamb.16
k79_975	ERR011348_MEGAHIT_TaxVamb.16
k79_9792	ERR011348_MEGAHIT_TaxVamb.16
k79_992	ERR011348_MEGAHIT_TaxVamb.16
k79_9947	ERR011348_MEGAHIT_TaxVamb.16
k79_10046	ERR011348_MEGAHIT_TaxVamb.15_sub
k79_10162	ERR011348_MEGAHIT_TaxVamb.15_sub
k79_10310	ERR011348_MEGAHIT_TaxVamb.15_sub
k79_10532	ERR011348_MEGAHIT_TaxVamb.15_sub
k79_10604	ERR011348_MEGAHIT_TaxVamb.15_sub
k79_10622	ERR011348_MEGAHIT_TaxVamb.15_sub
k79_10638	ERR011348_MEGAHIT_TaxVamb.15_sub
k79_10639	ERR011348_MEGAHIT_TaxVamb.15_sub
k79_1069	ERR011348_MEGAHIT_TaxVamb.15_sub
k79_11034	ERR011348_MEGAHIT_TaxVamb.15_sub
k79_11139	ERR011348_MEGAHIT_TaxVamb.15_sub
k79_11348	ERR011348_MEGAHIT_TaxVamb.15_sub
k79_11370	ERR011348_MEGAHIT_TaxVamb.15_sub
k79_11495	ERR011348_MEGAHIT_TaxVamb.15_sub
k79_11644	ERR011348_MEGAHIT_TaxVamb.15_sub
k79_11784	ERR011348_MEGAHIT_TaxVamb.15_sub
k79_11985	ERR011348_MEGAHIT_TaxVamb.15_sub
k79_12070	ERR011348_MEGAHIT_TaxVamb.15_sub
k79_12254	ERR011348_MEGAHIT_TaxVamb.15_sub
k79_12266	ERR011348_MEGAHIT_TaxVamb.15_sub
k79_12296	ERR011348_MEGAHIT_TaxVamb.15_sub
k79_123	ERR011348_MEGAHIT_TaxVamb.15_sub
k79_12406	ERR011348_MEGAHIT_TaxVamb.15_sub
k79_12519	ERR011348_MEGAHIT_TaxVamb.15_sub
k79_1262	ERR011348_MEGAHIT_TaxVamb.15_sub
k79_12799	ERR011348_MEGAHIT_TaxVamb.15_sub
k79_12819	ERR011348_MEGAHIT_TaxVamb.15_sub
k79_13149	ERR011348_MEGAHIT_TaxVamb.15_sub
k79_13189	ERR011348_MEGAHIT_TaxVamb.15_sub
k79_13274	ERR011348_MEGAHIT_TaxVamb.15_sub
k79_13311	ERR011348_MEGAHIT_TaxVamb.15_sub
k79_13363	ERR011348_MEGAHIT_TaxVamb.15_sub
k79_13395	ERR011348_MEGAHIT_TaxVamb.15_sub
k79_13597	ERR011348_MEGAHIT_TaxVamb.15_sub
k79_13659	ERR011348_MEGAHIT_TaxVamb.15_sub
k79_13727	ERR011348_MEGAHIT_TaxVamb.15_sub
k79_14116	ERR011348_MEGAHIT_TaxVamb.15_sub
k79_14217	ERR011348_MEGAHIT_TaxVamb.15_sub
k79_14537	ERR011348_MEGAHIT_TaxVamb.15_sub
k79_14823	ERR011348_MEGAHIT_TaxVamb.15_sub
k79_14913	ERR011348_MEGAHIT_TaxVamb.15_sub
k79_14991	ERR011348_MEGAHIT_TaxVamb.15_sub
k79_15004	ERR011348_MEGAHIT_TaxVamb.15_sub
k79_15046	ERR011348_MEGAHIT_TaxVamb.15_sub
k79_15114	ERR011348_MEGAHIT_TaxVamb.15_sub
k79_15159	ERR011348_MEGAHIT_TaxVamb.15_sub
k79_15207	ERR011348_MEGAHIT_TaxVamb.15_sub
k79_15418	ERR011348_MEGAHIT_TaxVamb.15_sub
k79_15558	ERR011348_MEGAHIT_TaxVamb.15_sub
k79_15559	ERR011348_MEGAHIT_TaxVamb.15_sub
k79_15758	ERR011348_MEGAHIT_TaxVamb.15_sub
k79_15806	ERR011348_MEGAHIT_TaxVamb.15_sub
k79_15829	ERR011348_MEGAHIT_TaxVamb.15_sub
k79_15844	ERR011348_MEGAHIT_TaxVamb.15_sub
k79_16134	ERR011348_MEGAHIT_TaxVamb.15_sub
k79_163	ERR011348_MEGAHIT_TaxVamb.15_sub
k79_16370	ERR011348_MEGAHIT_TaxVamb.15_sub
k79_16564	ERR011348_MEGAHIT_TaxVamb.15_sub
k79_16666	ERR011348_MEGAHIT_TaxVamb.15_sub
k79_16938	ERR011348_MEGAHIT_TaxVamb.15_sub
k79_17010	ERR011348_MEGAHIT_TaxVamb.15_sub
k79_171	ERR011348_MEGAHIT_TaxVamb.15_sub
k79_17421	ERR011348_MEGAHIT_TaxVamb.15_sub
k79_17749	ERR011348_MEGAHIT_TaxVamb.15_sub
k79_17814	ERR011348_MEGAHIT_TaxVamb.15_sub
k79_17992	ERR011348_MEGAHIT_TaxVamb.15_sub
k79_18095	ERR011348_MEGAHIT_TaxVamb.15_sub
k79_18130	ERR011348_MEGAHIT_TaxVamb.15_sub
k79_18298	ERR011348_MEGAHIT_TaxVamb.15_sub
k79_184	ERR011348_MEGAHIT_TaxVamb.15_sub
k79_18415	ERR011348_MEGAHIT_TaxVamb.15_sub
k79_18427	ERR011348_MEGAHIT_TaxVamb.15_sub
k79_18444	ERR011348_MEGAHIT_TaxVamb.15_sub
k79_18449	ERR011348_MEGAHIT_TaxVamb.15_sub
k79_18488	ERR011348_MEGAHIT_TaxVamb.15_sub
k79_18686	ERR011348_MEGAHIT_TaxVamb.15_sub
k79_18909	ERR011348_MEGAHIT_TaxVamb.15_sub
k79_18970	ERR011348_MEGAHIT_TaxVamb.15_sub
k79_18980	ERR011348_MEGAHIT_TaxVamb.15_sub
k79_19003	ERR011348_MEGAHIT_TaxVamb.15_sub
k79_1903	ERR011348_MEGAHIT_TaxVamb.15_sub
k79_19036	ERR011348_MEGAHIT_TaxVamb.15_sub
k79_19067	ERR011348_MEGAHIT_TaxVamb.15_sub
k79_19114	ERR011348_MEGAHIT_TaxVamb.15_sub
k79_19150	ERR011348_MEGAHIT_TaxVamb.15_sub
k79_19336	ERR011348_MEGAHIT_TaxVamb.15_sub
k79_19350	ERR011348_MEGAHIT_TaxVamb.15_sub
k79_19379	ERR011348_MEGAHIT_TaxVamb.15_sub
k79_19509	ERR011348_MEGAHIT_TaxVamb.15_sub
k79_19547	ERR011348_MEGAHIT_TaxVamb.15_sub
k79_19592	ERR011348_MEGAHIT_TaxVamb.15_sub
k79_19624	ERR011348_MEGAHIT_TaxVamb.15_sub
k79_19744	ERR011348_MEGAHIT_TaxVamb.15_sub
k79_19749	ERR011348_MEGAHIT_TaxVamb.15_sub
k79_19893	ERR011348_MEGAHIT_TaxVamb.15_sub
k79_19911	ERR011348_MEGAHIT_TaxVamb.15_sub
k79_19944	ERR011348_MEGAHIT_TaxVamb.15_sub
k79_20187	ERR011348_MEGAHIT_TaxVamb.15_sub
k79_20201	ERR011348_MEGAHIT_TaxVamb.15_sub
k79_20227	ERR011348_MEGAHIT_TaxVamb.15_sub
k79_20464	ERR011348_MEGAHIT_TaxVamb.15_sub
k79_20646	ERR011348_MEGAHIT_TaxVamb.15_sub
k79_20706	ERR011348_MEGAHIT_TaxVamb.15_sub
k79_20913	ERR011348_MEGAHIT_TaxVamb.15_sub
k79_21032	ERR011348_MEGAHIT_TaxVamb.15_sub
k79_21228	ERR011348_MEGAHIT_TaxVamb.15_sub
k79_21298	ERR011348_MEGAHIT_TaxVamb.15_sub
k79_21340	ERR011348_MEGAHIT_TaxVamb.15_sub
k79_21372	ERR011348_MEGAHIT_TaxVamb.15_sub
k79_21434	ERR011348_MEGAHIT_TaxVamb.15_sub
k79_21895	ERR011348_MEGAHIT_TaxVamb.15_sub
k79_21897	ERR011348_MEGAHIT_TaxVamb.15_sub
k79_21944	ERR011348_MEGAHIT_TaxVamb.15_sub
k79_21970	ERR011348_MEGAHIT_TaxVamb.15_sub
k79_22081	ERR011348_MEGAHIT_TaxVamb.15_sub
k79_22108	ERR011348_MEGAHIT_TaxVamb.15_sub
k79_22159	ERR011348_MEGAHIT_TaxVamb.15_sub
k79_22247	ERR011348_MEGAHIT_TaxVamb.15_sub
k79_22291	ERR011348_MEGAHIT_TaxVamb.15_sub
k79_22343	ERR011348_MEGAHIT_TaxVamb.15_sub
k79_22350	ERR011348_MEGAHIT_TaxVamb.15_sub
k79_22637	ERR011348_MEGAHIT_TaxVamb.15_sub
k79_22791	ERR011348_MEGAHIT_TaxVamb.15_sub
k79_22921	ERR011348_MEGAHIT_TaxVamb.15_sub
k79_23016	ERR011348_MEGAHIT_TaxVamb.15_sub
k79_23068	ERR011348_MEGAHIT_TaxVamb.15_sub
k79_23175	ERR011348_MEGAHIT_TaxVamb.15_sub
k79_23208	ERR011348_MEGAHIT_TaxVamb.15_sub
k79_23383	ERR011348_MEGAHIT_TaxVamb.15_sub
k79_2374	ERR011348_MEGAHIT_TaxVamb.15_sub
k79_23797	ERR011348_MEGAHIT_TaxVamb.15_sub
k79_23810	ERR011348_MEGAHIT_TaxVamb.15_sub
k79_23935	ERR011348_MEGAHIT_TaxVamb.15_sub
k79_24063	ERR011348_MEGAHIT_TaxVamb.15_sub
k79_24075	ERR011348_MEGAHIT_TaxVamb.15_sub
k79_24088	ERR011348_MEGAHIT_TaxVamb.15_sub
k79_24128	ERR011348_MEGAHIT_TaxVamb.15_sub
k79_24190	ERR011348_MEGAHIT_TaxVamb.15_sub
k79_24285	ERR011348_MEGAHIT_TaxVamb.15_sub
k79_2468	ERR011348_MEGAHIT_TaxVamb.15_sub
k79_24785	ERR011348_MEGAHIT_TaxVamb.15_sub
k79_24914	ERR011348_MEGAHIT_TaxVamb.15_sub
k79_25051	ERR011348_MEGAHIT_TaxVamb.15_sub
k79_2536	ERR011348_MEGAHIT_TaxVamb.15_sub
k79_25363	ERR011348_MEGAHIT_TaxVamb.15_sub
k79_25541	ERR011348_MEGAHIT_TaxVamb.15_sub
k79_25578	ERR011348_MEGAHIT_TaxVamb.15_sub
k79_25664	ERR011348_MEGAHIT_TaxVamb.15_sub
k79_26113	ERR011348_MEGAHIT_TaxVamb.15_sub
k79_26118	ERR011348_MEGAHIT_TaxVamb.15_sub
k79_26181	ERR011348_MEGAHIT_TaxVamb.15_sub
k79_266	ERR011348_MEGAHIT_TaxVamb.15_sub
k79_26638	ERR011348_MEGAHIT_TaxVamb.15_sub
k79_26963	ERR011348_MEGAHIT_TaxVamb.15_sub
k79_27097	ERR011348_MEGAHIT_TaxVamb.15_sub
k79_27190	ERR011348_MEGAHIT_TaxVamb.15_sub
k79_2730	ERR011348_MEGAHIT_TaxVamb.15_sub
k79_27305	ERR011348_MEGAHIT_TaxVamb.15_sub
k79_27364	ERR011348_MEGAHIT_TaxVamb.15_sub
k79_27366	ERR011348_MEGAHIT_TaxVamb.15_sub
k79_27397	ERR011348_MEGAHIT_TaxVamb.15_sub
k79_27523	ERR011348_MEGAHIT_TaxVamb.15_sub
k79_27715	ERR011348_MEGAHIT_TaxVamb.15_sub
k79_27788	ERR011348_MEGAHIT_TaxVamb.15_sub
k79_27905	ERR011348_MEGAHIT_TaxVamb.15_sub
k79_2794	ERR011348_MEGAHIT_TaxVamb.15_sub
k79_27974	ERR011348_MEGAHIT_TaxVamb.15_sub
k79_28032	ERR011348_MEGAHIT_TaxVamb.15_sub
k79_28327	ERR011348_MEGAHIT_TaxVamb.15_sub
k79_28434	ERR011348_MEGAHIT_TaxVamb.15_sub
k79_28492	ERR011348_MEGAHIT_TaxVamb.15_sub
k79_28518	ERR011348_MEGAHIT_TaxVamb.15_sub
k79_28694	ERR011348_MEGAHIT_TaxVamb.15_sub
k79_28783	ERR011348_MEGAHIT_TaxVamb.15_sub
k79_28831	ERR011348_MEGAHIT_TaxVamb.15_sub
k79_28877	ERR011348_MEGAHIT_TaxVamb.15_sub
k79_28881	ERR011348_MEGAHIT_TaxVamb.15_sub
k79_29067	ERR011348_MEGAHIT_TaxVamb.15_sub
k79_2911	ERR011348_MEGAHIT_TaxVamb.15_sub
k79_29155	ERR011348_MEGAHIT_TaxVamb.15_sub
k79_29288	ERR011348_MEGAHIT_TaxVamb.15_sub
k79_29585	ERR011348_MEGAHIT_TaxVamb.15_sub
k79_29588	ERR011348_MEGAHIT_TaxVamb.15_sub
k79_29834	ERR011348_MEGAHIT_TaxVamb.15_sub
k79_29866	ERR011348_MEGAHIT_TaxVamb.15_sub
k79_29881	ERR011348_MEGAHIT_TaxVamb.15_sub
k79_29938	ERR011348_MEGAHIT_TaxVamb.15_sub
k79_30073	ERR011348_MEGAHIT_TaxVamb.15_sub
k79_3009	ERR011348_MEGAHIT_TaxVamb.15_sub
k79_30325	ERR011348_MEGAHIT_TaxVamb.15_sub
k79_30430	ERR011348_MEGAHIT_TaxVamb.15_sub
k79_30543	ERR011348_MEGAHIT_TaxVamb.15_sub
k79_30590	ERR011348_MEGAHIT_TaxVamb.15_sub
k79_30725	ERR011348_MEGAHIT_TaxVamb.15_sub
k79_31116	ERR011348_MEGAHIT_TaxVamb.15_sub
k79_31175	ERR011348_MEGAHIT_TaxVamb.15_sub
k79_31204	ERR011348_MEGAHIT_TaxVamb.15_sub
k79_31417	ERR011348_MEGAHIT_TaxVamb.15_sub
k79_3148	ERR011348_MEGAHIT_TaxVamb.15_sub
k79_31577	ERR011348_MEGAHIT_TaxVamb.15_sub
k79_31628	ERR011348_MEGAHIT_TaxVamb.15_sub
k79_31792	ERR011348_MEGAHIT_TaxVamb.15_sub
k79_31858	ERR011348_MEGAHIT_TaxVamb.15_sub
k79_32080	ERR011348_MEGAHIT_TaxVamb.15_sub
k79_32188	ERR011348_MEGAHIT_TaxVamb.15_sub
k79_32206	ERR011348_MEGAHIT_TaxVamb.15_sub
k79_32225	ERR011348_MEGAHIT_TaxVamb.15_sub
k79_32356	ERR011348_MEGAHIT_TaxVamb.15_sub
k79_32411	ERR011348_MEGAHIT_TaxVamb.15_sub
k79_32416	ERR011348_MEGAHIT_TaxVamb.15_sub
k79_32472	ERR011348_MEGAHIT_TaxVamb.15_sub
k79_32486	ERR011348_MEGAHIT_TaxVamb.15_sub
k79_32784	ERR011348_MEGAHIT_TaxVamb.15_sub
k79_32796	ERR011348_MEGAHIT_TaxVamb.15_sub
k79_32818	ERR011348_MEGAHIT_TaxVamb.15_sub
k79_32890	ERR011348_MEGAHIT_TaxVamb.15_sub
k79_3296	ERR011348_MEGAHIT_TaxVamb.15_sub
k79_33026	ERR011348_MEGAHIT_TaxVamb.15_sub
k79_33762	ERR011348_MEGAHIT_TaxVamb.15_sub
k79_33842	ERR011348_MEGAHIT_TaxVamb.15_sub
k79_33978	ERR011348_MEGAHIT_TaxVamb.15_sub
k79_34133	ERR011348_MEGAHIT_TaxVamb.15_sub
k79_34159	ERR011348_MEGAHIT_TaxVamb.15_sub
k79_34242	ERR011348_MEGAHIT_TaxVamb.15_sub
k79_34245	ERR011348_MEGAHIT_TaxVamb.15_sub
k79_34476	ERR011348_MEGAHIT_TaxVamb.15_sub
k79_34492	ERR011348_MEGAHIT_TaxVamb.15_sub
k79_34603	ERR011348_MEGAHIT_TaxVamb.15_sub
k79_34746	ERR011348_MEGAHIT_TaxVamb.15_sub
k79_34759	ERR011348_MEGAHIT_TaxVamb.15_sub
k79_34852	ERR011348_MEGAHIT_TaxVamb.15_sub
k79_3504	ERR011348_MEGAHIT_TaxVamb.15_sub
k79_35373	ERR011348_MEGAHIT_TaxVamb.15_sub
k79_3541	ERR011348_MEGAHIT_TaxVamb.15_sub
k79_35480	ERR011348_MEGAHIT_TaxVamb.15_sub
k79_35911	ERR011348_MEGAHIT_TaxVamb.15_sub
k79_35936	ERR011348_MEGAHIT_TaxVamb.15_sub
k79_36249	ERR011348_MEGAHIT_TaxVamb.15_sub
k79_36376	ERR011348_MEGAHIT_TaxVamb.15_sub
k79_36399	ERR011348_MEGAHIT_TaxVamb.15_sub
k79_36558	ERR011348_MEGAHIT_TaxVamb.15_sub
k79_36586	ERR011348_MEGAHIT_TaxVamb.15_sub
k79_36599	ERR011348_MEGAHIT_TaxVamb.15_sub
k79_37041	ERR011348_MEGAHIT_TaxVamb.15_sub
k79_37114	ERR011348_MEGAHIT_TaxVamb.15_sub
k79_37138	ERR011348_MEGAHIT_TaxVamb.15_sub
k79_37200	ERR011348_MEGAHIT_TaxVamb.15_sub
k79_37316	ERR011348_MEGAHIT_TaxVamb.15_sub
k79_37491	ERR011348_MEGAHIT_TaxVamb.15_sub
k79_37560	ERR011348_MEGAHIT_TaxVamb.15_sub
k79_37580	ERR011348_MEGAHIT_TaxVamb.15_sub
k79_37659	ERR011348_MEGAHIT_TaxVamb.15_sub
k79_37793	ERR011348_MEGAHIT_TaxVamb.15_sub
k79_379	ERR011348_MEGAHIT_TaxVamb.15_sub
k79_38135	ERR011348_MEGAHIT_TaxVamb.15_sub
k79_3831	ERR011348_MEGAHIT_TaxVamb.15_sub
k79_38443	ERR011348_MEGAHIT_TaxVamb.15_sub
k79_38596	ERR011348_MEGAHIT_TaxVamb.15_sub
k79_38700	ERR011348_MEGAHIT_TaxVamb.15_sub
k79_38797	ERR011348_MEGAHIT_TaxVamb.15_sub
k79_38927	ERR011348_MEGAHIT_TaxVamb.15_sub
k79_39029	ERR011348_MEGAHIT_TaxVamb.15_sub
k79_39168	ERR011348_MEGAHIT_TaxVamb.15_sub
k79_39209	ERR011348_MEGAHIT_TaxVamb.15_sub
k79_3942	ERR011348_MEGAHIT_TaxVamb.15_sub
k79_39612	ERR011348_MEGAHIT_TaxVamb.15_sub
k79_39622	ERR011348_MEGAHIT_TaxVamb.15_sub
k79_39885	ERR011348_MEGAHIT_TaxVamb.15_sub
k79_39895	ERR011348_MEGAHIT_TaxVamb.15_sub
k79_39960	ERR011348_MEGAHIT_TaxVamb.15_sub
k79_39993	ERR011348_MEGAHIT_TaxVamb.15_sub
k79_40	ERR011348_MEGAHIT_TaxVamb.15_sub
k79_40080	ERR011348_MEGAHIT_TaxVamb.15_sub
k79_40384	ERR011348_MEGAHIT_TaxVamb.15_sub
k79_40643	ERR011348_MEGAHIT_TaxVamb.15_sub
k79_40694	ERR011348_MEGAHIT_TaxVamb.15_sub
k79_40880	ERR011348_MEGAHIT_TaxVamb.15_sub
k79_41077	ERR011348_MEGAHIT_TaxVamb.15_sub
k79_41201	ERR011348_MEGAHIT_TaxVamb.15_sub
k79_41234	ERR011348_MEGAHIT_TaxVamb.15_sub
k79_41238	ERR011348_MEGAHIT_TaxVamb.15_sub
k79_41291	ERR011348_MEGAHIT_TaxVamb.15_sub
k79_41437	ERR011348_MEGAHIT_TaxVamb.15_sub
k79_41459	ERR011348_MEGAHIT_TaxVamb.15_sub
k79_41460	ERR011348_MEGAHIT_TaxVamb.15_sub
k79_41549	ERR011348_MEGAHIT_TaxVamb.15_sub
k79_4162	ERR011348_MEGAHIT_TaxVamb.15_sub
k79_41631	ERR011348_MEGAHIT_TaxVamb.15_sub
k79_41665	ERR011348_MEGAHIT_TaxVamb.15_sub
k79_41911	ERR011348_MEGAHIT_TaxVamb.15_sub
k79_42025	ERR011348_MEGAHIT_TaxVamb.15_sub
k79_42045	ERR011348_MEGAHIT_TaxVamb.15_sub
k79_42118	ERR011348_MEGAHIT_TaxVamb.15_sub
k79_42135	ERR011348_MEGAHIT_TaxVamb.15_sub
k79_42154	ERR011348_MEGAHIT_TaxVamb.15_sub
k79_42306	ERR011348_MEGAHIT_TaxVamb.15_sub
k79_42404	ERR011348_MEGAHIT_TaxVamb.15_sub
k79_42523	ERR011348_MEGAHIT_TaxVamb.15_sub
k79_42541	ERR011348_MEGAHIT_TaxVamb.15_sub
k79_42544	ERR011348_MEGAHIT_TaxVamb.15_sub
k79_42613	ERR011348_MEGAHIT_TaxVamb.15_sub
k79_42629	ERR011348_MEGAHIT_TaxVamb.15_sub
k79_42656	ERR011348_MEGAHIT_TaxVamb.15_sub
k79_42705	ERR011348_MEGAHIT_TaxVamb.15_sub
k79_4279	ERR011348_MEGAHIT_TaxVamb.15_sub
k79_43211	ERR011348_MEGAHIT_TaxVamb.15_sub
k79_43507	ERR011348_MEGAHIT_TaxVamb.15_sub
k79_43593	ERR011348_MEGAHIT_TaxVamb.15_sub
k79_43746	ERR011348_MEGAHIT_TaxVamb.15_sub
k79_44036	ERR011348_MEGAHIT_TaxVamb.15_sub
k79_44409	ERR011348_MEGAHIT_TaxVamb.15_sub
k79_44432	ERR011348_MEGAHIT_TaxVamb.15_sub
k79_4444	ERR011348_MEGAHIT_TaxVamb.15_sub
k79_4452	ERR011348_MEGAHIT_TaxVamb.15_sub
k79_44526	ERR011348_MEGAHIT_TaxVamb.15_sub
k79_44594	ERR011348_MEGAHIT_TaxVamb.15_sub
k79_44618	ERR011348_MEGAHIT_TaxVamb.15_sub
k79_44712	ERR011348_MEGAHIT_TaxVamb.15_sub
k79_44790	ERR011348_MEGAHIT_TaxVamb.15_sub
k79_44897	ERR011348_MEGAHIT_TaxVamb.15_sub
k79_45007	ERR011348_MEGAHIT_TaxVamb.15_sub
k79_45008	ERR011348_MEGAHIT_TaxVamb.15_sub
k79_45032	ERR011348_MEGAHIT_TaxVamb.15_sub
k79_45130	ERR011348_MEGAHIT_TaxVamb.15_sub
k79_45194	ERR011348_MEGAHIT_TaxVamb.15_sub
k79_45241	ERR011348_MEGAHIT_TaxVamb.15_sub
k79_45264	ERR011348_MEGAHIT_TaxVamb.15_sub
k79_45400	ERR011348_MEGAHIT_TaxVamb.15_sub
k79_45675	ERR011348_MEGAHIT_TaxVamb.15_sub
k79_4586	ERR011348_MEGAHIT_TaxVamb.15_sub
k79_45929	ERR011348_MEGAHIT_TaxVamb.15_sub
k79_45953	ERR011348_MEGAHIT_TaxVamb.15_sub
k79_45958	ERR011348_MEGAHIT_TaxVamb.15_sub
k79_46056	ERR011348_MEGAHIT_TaxVamb.15_sub
k79_46088	ERR011348_MEGAHIT_TaxVamb.15_sub
k79_46096	ERR011348_MEGAHIT_TaxVamb.15_sub
k79_46101	ERR011348_MEGAHIT_TaxVamb.15_sub
k79_46133	ERR011348_MEGAHIT_TaxVamb.15_sub
k79_46137	ERR011348_MEGAHIT_TaxVamb.15_sub
k79_46540	ERR011348_MEGAHIT_TaxVamb.15_sub
k79_46616	ERR011348_MEGAHIT_TaxVamb.15_sub
k79_46678	ERR011348_MEGAHIT_TaxVamb.15_sub
k79_46765	ERR011348_MEGAHIT_TaxVamb.15_sub
k79_46869	ERR011348_MEGAHIT_TaxVamb.15_sub
k79_46887	ERR011348_MEGAHIT_TaxVamb.15_sub
k79_46996	ERR011348_MEGAHIT_TaxVamb.15_sub
k79_47045	ERR011348_MEGAHIT_TaxVamb.15_sub
k79_47179	ERR011348_MEGAHIT_TaxVamb.15_sub
k79_47200	ERR011348_MEGAHIT_TaxVamb.15_sub
k79_47350	ERR011348_MEGAHIT_TaxVamb.15_sub
k79_4765	ERR011348_MEGAHIT_TaxVamb.15_sub
k79_47677	ERR011348_MEGAHIT_TaxVamb.15_sub
k79_47838	ERR011348_MEGAHIT_TaxVamb.15_sub
k79_4787	ERR011348_MEGAHIT_TaxVamb.15_sub
k79_47951	ERR011348_MEGAHIT_TaxVamb.15_sub
k79_47971	ERR011348_MEGAHIT_TaxVamb.15_sub
k79_47991	ERR011348_MEGAHIT_TaxVamb.15_sub
k79_48255	ERR011348_MEGAHIT_TaxVamb.15_sub
k79_48272	ERR011348_MEGAHIT_TaxVamb.15_sub
k79_48374	ERR011348_MEGAHIT_TaxVamb.15_sub
k79_48405	ERR011348_MEGAHIT_TaxVamb.15_sub
k79_48415	ERR011348_MEGAHIT_TaxVamb.15_sub
k79_48512	ERR011348_MEGAHIT_TaxVamb.15_sub
k79_48599	ERR011348_MEGAHIT_TaxVamb.15_sub
k79_48634	ERR011348_MEGAHIT_TaxVamb.15_sub
k79_48654	ERR011348_MEGAHIT_TaxVamb.15_sub
k79_48951	ERR011348_MEGAHIT_TaxVamb.15_sub
k79_49002	ERR011348_MEGAHIT_TaxVamb.15_sub
k79_49061	ERR011348_MEGAHIT_TaxVamb.15_sub
k79_49243	ERR011348_MEGAHIT_TaxVamb.15_sub
k79_49608	ERR011348_MEGAHIT_TaxVamb.15_sub
k79_49776	ERR011348_MEGAHIT_TaxVamb.15_sub
k79_49885	ERR011348_MEGAHIT_TaxVamb.15_sub
k79_50014	ERR011348_MEGAHIT_TaxVamb.15_sub
k79_50042	ERR011348_MEGAHIT_TaxVamb.15_sub
k79_50053	ERR011348_MEGAHIT_TaxVamb.15_sub
k79_50107	ERR011348_MEGAHIT_TaxVamb.15_sub
k79_50130	ERR011348_MEGAHIT_TaxVamb.15_sub
k79_50216	ERR011348_MEGAHIT_TaxVamb.15_sub
k79_50346	ERR011348_MEGAHIT_TaxVamb.15_sub
k79_50358	ERR011348_MEGAHIT_TaxVamb.15_sub
k79_5048	ERR011348_MEGAHIT_TaxVamb.15_sub
k79_50484	ERR011348_MEGAHIT_TaxVamb.15_sub
k79_50491	ERR011348_MEGAHIT_TaxVamb.15_sub
k79_50498	ERR011348_MEGAHIT_TaxVamb.15_sub
k79_50548	ERR011348_MEGAHIT_TaxVamb.15_sub
k79_50571	ERR011348_MEGAHIT_TaxVamb.15_sub
k79_50721	ERR011348_MEGAHIT_TaxVamb.15_sub
k79_508	ERR011348_MEGAHIT_TaxVamb.15_sub
k79_50926	ERR011348_MEGAHIT_TaxVamb.15_sub
k79_5093	ERR011348_MEGAHIT_TaxVamb.15_sub
k79_51028	ERR011348_MEGAHIT_TaxVamb.15_sub
k79_51094	ERR011348_MEGAHIT_TaxVamb.15_sub
k79_51205	ERR011348_MEGAHIT_TaxVamb.15_sub
k79_51391	ERR011348_MEGAHIT_TaxVamb.15_sub
k79_51414	ERR011348_MEGAHIT_TaxVamb.15_sub
k79_51483	ERR011348_MEGAHIT_TaxVamb.15_sub
k79_51512	ERR011348_MEGAHIT_TaxVamb.15_sub
k79_51540	ERR011348_MEGAHIT_TaxVamb.15_sub
k79_51583	ERR011348_MEGAHIT_TaxVamb.15_sub
k79_51642	ERR011348_MEGAHIT_TaxVamb.15_sub
k79_51649	ERR011348_MEGAHIT_TaxVamb.15_sub
k79_52007	ERR011348_MEGAHIT_TaxVamb.15_sub
k79_52478	ERR011348_MEGAHIT_TaxVamb.15_sub
k79_52588	ERR011348_MEGAHIT_TaxVamb.15_sub
k79_52635	ERR011348_MEGAHIT_TaxVamb.15_sub
k79_52644	ERR011348_MEGAHIT_TaxVamb.15_sub
k79_52714	ERR011348_MEGAHIT_TaxVamb.15_sub
k79_5276	ERR011348_MEGAHIT_TaxVamb.15_sub
k79_52889	ERR011348_MEGAHIT_TaxVamb.15_sub
k79_52932	ERR011348_MEGAHIT_TaxVamb.15_sub
k79_52943	ERR011348_MEGAHIT_TaxVamb.15_sub
k79_52949	ERR011348_MEGAHIT_TaxVamb.15_sub
k79_52998	ERR011348_MEGAHIT_TaxVamb.15_sub
k79_53127	ERR011348_MEGAHIT_TaxVamb.15_sub
k79_53454	ERR011348_MEGAHIT_TaxVamb.15_sub
k79_53615	ERR011348_MEGAHIT_TaxVamb.15_sub
k79_5365	ERR011348_MEGAHIT_TaxVamb.15_sub
k79_53736	ERR011348_MEGAHIT_TaxVamb.15_sub
k79_53865	ERR011348_MEGAHIT_TaxVamb.15_sub
k79_53956	ERR011348_MEGAHIT_TaxVamb.15_sub
k79_54061	ERR011348_MEGAHIT_TaxVamb.15_sub
k79_54105	ERR011348_MEGAHIT_TaxVamb.15_sub
k79_54190	ERR011348_MEGAHIT_TaxVamb.15_sub
k79_54339	ERR011348_MEGAHIT_TaxVamb.15_sub
k79_54454	ERR011348_MEGAHIT_TaxVamb.15_sub
k79_5455	ERR011348_MEGAHIT_TaxVamb.15_sub
k79_54687	ERR011348_MEGAHIT_TaxVamb.15_sub
k79_54778	ERR011348_MEGAHIT_TaxVamb.15_sub
k79_54833	ERR011348_MEGAHIT_TaxVamb.15_sub
k79_54858	ERR011348_MEGAHIT_TaxVamb.15_sub
k79_54893	ERR011348_MEGAHIT_TaxVamb.15_sub
k79_54925	ERR011348_MEGAHIT_TaxVamb.15_sub
k79_5510	ERR011348_MEGAHIT_TaxVamb.15_sub
k79_5523	ERR011348_MEGAHIT_TaxVamb.15_sub
k79_55466	ERR011348_MEGAHIT_TaxVamb.15_sub
k79_5569	ERR011348_MEGAHIT_TaxVamb.15_sub
k79_5575	ERR011348_MEGAHIT_TaxVamb.15_sub
k79_55767	ERR011348_MEGAHIT_TaxVamb.15_sub
k79_55999	ERR011348_MEGAHIT_TaxVamb.15_sub
k79_5640	ERR011348_MEGAHIT_TaxVamb.15_sub
k79_56533	ERR011348_MEGAHIT_TaxVamb.15_sub
k79_56562	ERR011348_MEGAHIT_TaxVamb.15_sub
k79_56566	ERR011348_MEGAHIT_TaxVamb.15_sub
k79_56606	ERR011348_MEGAHIT_TaxVamb.15_sub
k79_56687	ERR011348_MEGAHIT_TaxVamb.15_sub
k79_57017	ERR011348_MEGAHIT_TaxVamb.15_sub
k79_57111	ERR011348_MEGAHIT_TaxVamb.15_sub
k79_57285	ERR011348_MEGAHIT_TaxVamb.15_sub
k79_57336	ERR011348_MEGAHIT_TaxVamb.15_sub
k79_5743	ERR011348_MEGAHIT_TaxVamb.15_sub
k79_57657	ERR011348_MEGAHIT_TaxVamb.15_sub
k79_57785	ERR011348_MEGAHIT_TaxVamb.15_sub
k79_5780	ERR011348_MEGAHIT_TaxVamb.15_sub
k79_57806	ERR011348_MEGAHIT_TaxVamb.15_sub
k79_5784	ERR011348_MEGAHIT_TaxVamb.15_sub
k79_57870	ERR011348_MEGAHIT_TaxVamb.15_sub
k79_57936	ERR011348_MEGAHIT_TaxVamb.15_sub
k79_5803	ERR011348_MEGAHIT_TaxVamb.15_sub
k79_58106	ERR011348_MEGAHIT_TaxVamb.15_sub
k79_58438	ERR011348_MEGAHIT_TaxVamb.15_sub
k79_58542	ERR011348_MEGAHIT_TaxVamb.15_sub
k79_58604	ERR011348_MEGAHIT_TaxVamb.15_sub
k79_58607	ERR011348_MEGAHIT_TaxVamb.15_sub
k79_58643	ERR011348_MEGAHIT_TaxVamb.15_sub
k79_58692	ERR011348_MEGAHIT_TaxVamb.15_sub
k79_58851	ERR011348_MEGAHIT_TaxVamb.15_sub
k79_58959	ERR011348_MEGAHIT_TaxVamb.15_sub
k79_58986	ERR011348_MEGAHIT_TaxVamb.15_sub
k79_59106	ERR011348_MEGAHIT_TaxVamb.15_sub
k79_59152	ERR011348_MEGAHIT_TaxVamb.15_sub
k79_59198	ERR011348_MEGAHIT_TaxVamb.15_sub
k79_59266	ERR011348_MEGAHIT_TaxVamb.15_sub
k79_59319	ERR011348_MEGAHIT_TaxVamb.15_sub
k79_59332	ERR011348_MEGAHIT_TaxVamb.15_sub
k79_59416	ERR011348_MEGAHIT_TaxVamb.15_sub
k79_59518	ERR011348_MEGAHIT_TaxVamb.15_sub
k79_5955	ERR011348_MEGAHIT_TaxVamb.15_sub
k79_59617	ERR011348_MEGAHIT_TaxVamb.15_sub
k79_59672	ERR011348_MEGAHIT_TaxVamb.15_sub
k79_5981	ERR011348_MEGAHIT_TaxVamb.15_sub
k79_60015	ERR011348_MEGAHIT_TaxVamb.15_sub
k79_60235	ERR011348_MEGAHIT_TaxVamb.15_sub
k79_60369	ERR011348_MEGAHIT_TaxVamb.15_sub
k79_60504	ERR011348_MEGAHIT_TaxVamb.15_sub
k79_60522	ERR011348_MEGAHIT_TaxVamb.15_sub
k79_60580	ERR011348_MEGAHIT_TaxVamb.15_sub
k79_60855	ERR011348_MEGAHIT_TaxVamb.15_sub
k79_60882	ERR011348_MEGAHIT_TaxVamb.15_sub
k79_60937	ERR011348_MEGAHIT_TaxVamb.15_sub
k79_61089	ERR011348_MEGAHIT_TaxVamb.15_sub
k79_61145	ERR011348_MEGAHIT_TaxVamb.15_sub
k79_6118	ERR011348_MEGAHIT_TaxVamb.15_sub
k79_61181	ERR011348_MEGAHIT_TaxVamb.15_sub
k79_61228	ERR011348_MEGAHIT_TaxVamb.15_sub
k79_61292	ERR011348_MEGAHIT_TaxVamb.15_sub
k79_613	ERR011348_MEGAHIT_TaxVamb.15_sub
k79_61493	ERR011348_MEGAHIT_TaxVamb.15_sub
k79_61509	ERR011348_MEGAHIT_TaxVamb.15_sub
k79_61602	ERR011348_MEGAHIT_TaxVamb.15_sub
k79_61768	ERR011348_MEGAHIT_TaxVamb.15_sub
k79_61876	ERR011348_MEGAHIT_TaxVamb.15_sub
k79_62035	ERR011348_MEGAHIT_TaxVamb.15_sub
k79_62081	ERR011348_MEGAHIT_TaxVamb.15_sub
k79_62393	ERR011348_MEGAHIT_TaxVamb.15_sub
k79_62723	ERR011348_MEGAHIT_TaxVamb.15_sub
k79_62732	ERR011348_MEGAHIT_TaxVamb.15_sub
k79_62864	ERR011348_MEGAHIT_TaxVamb.15_sub
k79_63183	ERR011348_MEGAHIT_TaxVamb.15_sub
k79_6321	ERR011348_MEGAHIT_TaxVamb.15_sub
k79_63318	ERR011348_MEGAHIT_TaxVamb.15_sub
k79_6342	ERR011348_MEGAHIT_TaxVamb.15_sub
k79_63534	ERR011348_MEGAHIT_TaxVamb.15_sub
k79_63537	ERR011348_MEGAHIT_TaxVamb.15_sub
k79_636	ERR011348_MEGAHIT_TaxVamb.15_sub
k79_63693	ERR011348_MEGAHIT_TaxVamb.15_sub
k79_63701	ERR011348_MEGAHIT_TaxVamb.15_sub
k79_63846	ERR011348_MEGAHIT_TaxVamb.15_sub
k79_63924	ERR011348_MEGAHIT_TaxVamb.15_sub
k79_641	ERR011348_MEGAHIT_TaxVamb.15_sub
k79_64117	ERR011348_MEGAHIT_TaxVamb.15_sub
k79_64166	ERR011348_MEGAHIT_TaxVamb.15_sub
k79_64167	ERR011348_MEGAHIT_TaxVamb.15_sub
k79_64338	ERR011348_MEGAHIT_TaxVamb.15_sub
k79_64527	ERR011348_MEGAHIT_TaxVamb.15_sub
k79_64675	ERR011348_MEGAHIT_TaxVamb.15_sub
k79_64892	ERR011348_MEGAHIT_TaxVamb.15_sub
k79_6496	ERR011348_MEGAHIT_TaxVamb.15_sub
k79_64994	ERR011348_MEGAHIT_TaxVamb.15_sub
k79_64995	ERR011348_MEGAHIT_TaxVamb.15_sub
k79_6500	ERR011348_MEGAHIT_TaxVamb.15_sub
k79_65095	ERR011348_MEGAHIT_TaxVamb.15_sub
k79_65194	ERR011348_MEGAHIT_TaxVamb.15_sub
k79_65257	ERR011348_MEGAHIT_TaxVamb.15_sub
k79_65483	ERR011348_MEGAHIT_TaxVamb.15_sub
k79_6569	ERR011348_MEGAHIT_TaxVamb.15_sub
k79_65693	ERR011348_MEGAHIT_TaxVamb.15_sub
k79_66065	ERR011348_MEGAHIT_TaxVamb.15_sub
k79_66107	ERR011348_MEGAHIT_TaxVamb.15_sub
k79_66243	ERR011348_MEGAHIT_TaxVamb.15_sub
k79_66267	ERR011348_MEGAHIT_TaxVamb.15_sub
k79_66587	ERR011348_MEGAHIT_TaxVamb.15_sub
k79_66719	ERR011348_MEGAHIT_TaxVamb.15_sub
k79_66788	ERR011348_MEGAHIT_TaxVamb.15_sub
k79_66881	ERR011348_MEGAHIT_TaxVamb.15_sub
k79_6689	ERR011348_MEGAHIT_TaxVamb.15_sub
k79_67028	ERR011348_MEGAHIT_TaxVamb.15_sub
k79_67102	ERR011348_MEGAHIT_TaxVamb.15_sub
k79_67385	ERR011348_MEGAHIT_TaxVamb.15_sub
k79_67429	ERR011348_MEGAHIT_TaxVamb.15_sub
k79_67442	ERR011348_MEGAHIT_TaxVamb.15_sub
k79_67472	ERR011348_MEGAHIT_TaxVamb.15_sub
k79_67498	ERR011348_MEGAHIT_TaxVamb.15_sub
k79_67528	ERR011348_MEGAHIT_TaxVamb.15_sub
k79_67566	ERR011348_MEGAHIT_TaxVamb.15_sub
k79_67590	ERR011348_MEGAHIT_TaxVamb.15_sub
k79_67639	ERR011348_MEGAHIT_TaxVamb.15_sub
k79_67714	ERR011348_MEGAHIT_TaxVamb.15_sub
k79_67751	ERR011348_MEGAHIT_TaxVamb.15_sub
k79_67788	ERR011348_MEGAHIT_TaxVamb.15_sub
k79_67828	ERR011348_MEGAHIT_TaxVamb.15_sub
k79_679	ERR011348_MEGAHIT_TaxVamb.15_sub
k79_67990	ERR011348_MEGAHIT_TaxVamb.15_sub
k79_68017	ERR011348_MEGAHIT_TaxVamb.15_sub
k79_68046	ERR011348_MEGAHIT_TaxVamb.15_sub
k79_68112	ERR011348_MEGAHIT_TaxVamb.15_sub
k79_68138	ERR011348_MEGAHIT_TaxVamb.15_sub
k79_68164	ERR011348_MEGAHIT_TaxVamb.15_sub
k79_6857	ERR011348_MEGAHIT_TaxVamb.15_sub
k79_68703	ERR011348_MEGAHIT_TaxVamb.15_sub
k79_68738	ERR011348_MEGAHIT_TaxVamb.15_sub
k79_68742	ERR011348_MEGAHIT_TaxVamb.15_sub
k79_68751	ERR011348_MEGAHIT_TaxVamb.15_sub
k79_68821	ERR011348_MEGAHIT_TaxVamb.15_sub
k79_68927	ERR011348_MEGAHIT_TaxVamb.15_sub
k79_69065	ERR011348_MEGAHIT_TaxVamb.15_sub
k79_69123	ERR011348_MEGAHIT_TaxVamb.15_sub
k79_69339	ERR011348_MEGAHIT_TaxVamb.15_sub
k79_69342	ERR011348_MEGAHIT_TaxVamb.15_sub
k79_69474	ERR011348_MEGAHIT_TaxVamb.15_sub
k79_69506	ERR011348_MEGAHIT_TaxVamb.15_sub
k79_69529	ERR011348_MEGAHIT_TaxVamb.15_sub
k79_69533	ERR011348_MEGAHIT_TaxVamb.15_sub
k79_69580	ERR011348_MEGAHIT_TaxVamb.15_sub
k79_69582	ERR011348_MEGAHIT_TaxVamb.15_sub
k79_69681	ERR011348_MEGAHIT_TaxVamb.15_sub
k79_70155	ERR011348_MEGAHIT_TaxVamb.15_sub
k79_7039	ERR011348_MEGAHIT_TaxVamb.15_sub
k79_7047	ERR011348_MEGAHIT_TaxVamb.15_sub
k79_70506	ERR011348_MEGAHIT_TaxVamb.15_sub
k79_70688	ERR011348_MEGAHIT_TaxVamb.15_sub
k79_7080	ERR011348_MEGAHIT_TaxVamb.15_sub
k79_7088	ERR011348_MEGAHIT_TaxVamb.15_sub
k79_70887	ERR011348_MEGAHIT_TaxVamb.15_sub
k79_70943	ERR011348_MEGAHIT_TaxVamb.15_sub
k79_71195	ERR011348_MEGAHIT_TaxVamb.15_sub
k79_71584	ERR011348_MEGAHIT_TaxVamb.15_sub
k79_71939	ERR011348_MEGAHIT_TaxVamb.15_sub
k79_7195	ERR011348_MEGAHIT_TaxVamb.15_sub
k79_71967	ERR011348_MEGAHIT_TaxVamb.15_sub
k79_72114	ERR011348_MEGAHIT_TaxVamb.15_sub
k79_72159	ERR011348_MEGAHIT_TaxVamb.15_sub
k79_72338	ERR011348_MEGAHIT_TaxVamb.15_sub
k79_72394	ERR011348_MEGAHIT_TaxVamb.15_sub
k79_72428	ERR011348_MEGAHIT_TaxVamb.15_sub
k79_72429	ERR011348_MEGAHIT_TaxVamb.15_sub
k79_72449	ERR011348_MEGAHIT_TaxVamb.15_sub
k79_72562	ERR011348_MEGAHIT_TaxVamb.15_sub
k79_72649	ERR011348_MEGAHIT_TaxVamb.15_sub
k79_72685	ERR011348_MEGAHIT_TaxVamb.15_sub
k79_72785	ERR011348_MEGAHIT_TaxVamb.15_sub
k79_7279	ERR011348_MEGAHIT_TaxVamb.15_sub
k79_72897	ERR011348_MEGAHIT_TaxVamb.15_sub
k79_72909	ERR011348_MEGAHIT_TaxVamb.15_sub
k79_7296	ERR011348_MEGAHIT_TaxVamb.15_sub
k79_72980	ERR011348_MEGAHIT_TaxVamb.15_sub
k79_73026	ERR011348_MEGAHIT_TaxVamb.15_sub
k79_73372	ERR011348_MEGAHIT_TaxVamb.15_sub
k79_73411	ERR011348_MEGAHIT_TaxVamb.15_sub
k79_73414	ERR011348_MEGAHIT_TaxVamb.15_sub
k79_73451	ERR011348_MEGAHIT_TaxVamb.15_sub
k79_73475	ERR011348_MEGAHIT_TaxVamb.15_sub
k79_73492	ERR011348_MEGAHIT_TaxVamb.15_sub
k79_73542	ERR011348_MEGAHIT_TaxVamb.15_sub
k79_73654	ERR011348_MEGAHIT_TaxVamb.15_sub
k79_73696	ERR011348_MEGAHIT_TaxVamb.15_sub
k79_73711	ERR011348_MEGAHIT_TaxVamb.15_sub
k79_73746	ERR011348_MEGAHIT_TaxVamb.15_sub
k79_73756	ERR011348_MEGAHIT_TaxVamb.15_sub
k79_73865	ERR011348_MEGAHIT_TaxVamb.15_sub
k79_73969	ERR011348_MEGAHIT_TaxVamb.15_sub
k79_74023	ERR011348_MEGAHIT_TaxVamb.15_sub
k79_74083	ERR011348_MEGAHIT_TaxVamb.15_sub
k79_74213	ERR011348_MEGAHIT_TaxVamb.15_sub
k79_74235	ERR011348_MEGAHIT_TaxVamb.15_sub
k79_7425	ERR011348_MEGAHIT_TaxVamb.15_sub
k79_74343	ERR011348_MEGAHIT_TaxVamb.15_sub
k79_74367	ERR011348_MEGAHIT_TaxVamb.15_sub
k79_74376	ERR011348_MEGAHIT_TaxVamb.15_sub
k79_74395	ERR011348_MEGAHIT_TaxVamb.15_sub
k79_74484	ERR011348_MEGAHIT_TaxVamb.15_sub
k79_74487	ERR011348_MEGAHIT_TaxVamb.15_sub
k79_74562	ERR011348_MEGAHIT_TaxVamb.15_sub
k79_74607	ERR011348_MEGAHIT_TaxVamb.15_sub
k79_747	ERR011348_MEGAHIT_TaxVamb.15_sub
k79_74705	ERR011348_MEGAHIT_TaxVamb.15_sub
k79_74723	ERR011348_MEGAHIT_TaxVamb.15_sub
k79_74825	ERR011348_MEGAHIT_TaxVamb.15_sub
k79_75004	ERR011348_MEGAHIT_TaxVamb.15_sub
k79_7503	ERR011348_MEGAHIT_TaxVamb.15_sub
k79_75090	ERR011348_MEGAHIT_TaxVamb.15_sub
k79_75135	ERR011348_MEGAHIT_TaxVamb.15_sub
k79_75167	ERR011348_MEGAHIT_TaxVamb.15_sub
k79_75192	ERR011348_MEGAHIT_TaxVamb.15_sub
k79_75234	ERR011348_MEGAHIT_TaxVamb.15_sub
k79_75257	ERR011348_MEGAHIT_TaxVamb.15_sub
k79_75718	ERR011348_MEGAHIT_TaxVamb.15_sub
k79_7599	ERR011348_MEGAHIT_TaxVamb.15_sub
k79_76049	ERR011348_MEGAHIT_TaxVamb.15_sub
k79_76144	ERR011348_MEGAHIT_TaxVamb.15_sub
k79_76159	ERR011348_MEGAHIT_TaxVamb.15_sub
k79_76306	ERR011348_MEGAHIT_TaxVamb.15_sub
k79_76418	ERR011348_MEGAHIT_TaxVamb.15_sub
k79_76424	ERR011348_MEGAHIT_TaxVamb.15_sub
k79_76597	ERR011348_MEGAHIT_TaxVamb.15_sub
k79_76704	ERR011348_MEGAHIT_TaxVamb.15_sub
k79_76832	ERR011348_MEGAHIT_TaxVamb.15_sub
k79_76917	ERR011348_MEGAHIT_TaxVamb.15_sub
k79_77052	ERR011348_MEGAHIT_TaxVamb.15_sub
k79_77075	ERR011348_MEGAHIT_TaxVamb.15_sub
k79_77381	ERR011348_MEGAHIT_TaxVamb.15_sub
k79_77459	ERR011348_MEGAHIT_TaxVamb.15_sub
k79_77526	ERR011348_MEGAHIT_TaxVamb.15_sub
k79_77588	ERR011348_MEGAHIT_TaxVamb.15_sub
k79_77667	ERR011348_MEGAHIT_TaxVamb.15_sub
k79_77721	ERR011348_MEGAHIT_TaxVamb.15_sub
k79_77736	ERR011348_MEGAHIT_TaxVamb.15_sub
k79_77759	ERR011348_MEGAHIT_TaxVamb.15_sub
k79_77999	ERR011348_MEGAHIT_TaxVamb.15_sub
k79_78112	ERR011348_MEGAHIT_TaxVamb.15_sub
k79_78417	ERR011348_MEGAHIT_TaxVamb.15_sub
k79_78445	ERR011348_MEGAHIT_TaxVamb.15_sub
k79_78447	ERR011348_MEGAHIT_TaxVamb.15_sub
k79_78520	ERR011348_MEGAHIT_TaxVamb.15_sub
k79_78606	ERR011348_MEGAHIT_TaxVamb.15_sub
k79_78621	ERR011348_MEGAHIT_TaxVamb.15_sub
k79_78668	ERR011348_MEGAHIT_TaxVamb.15_sub
k79_78793	ERR011348_MEGAHIT_TaxVamb.15_sub
k79_7890	ERR011348_MEGAHIT_TaxVamb.15_sub
k79_79116	ERR011348_MEGAHIT_TaxVamb.15_sub
k79_79391	ERR011348_MEGAHIT_TaxVamb.15_sub
k79_79451	ERR011348_MEGAHIT_TaxVamb.15_sub
k79_79509	ERR011348_MEGAHIT_TaxVamb.15_sub
k79_79905	ERR011348_MEGAHIT_TaxVamb.15_sub
k79_79925	ERR011348_MEGAHIT_TaxVamb.15_sub
k79_79996	ERR011348_MEGAHIT_TaxVamb.15_sub
k79_80103	ERR011348_MEGAHIT_TaxVamb.15_sub
k79_80251	ERR011348_MEGAHIT_TaxVamb.15_sub
k79_80353	ERR011348_MEGAHIT_TaxVamb.15_sub
k79_8044	ERR011348_MEGAHIT_TaxVamb.15_sub
k79_80446	ERR011348_MEGAHIT_TaxVamb.15_sub
k79_80452	ERR011348_MEGAHIT_TaxVamb.15_sub
k79_80556	ERR011348_MEGAHIT_TaxVamb.15_sub
k79_80654	ERR011348_MEGAHIT_TaxVamb.15_sub
k79_80688	ERR011348_MEGAHIT_TaxVamb.15_sub
k79_80702	ERR011348_MEGAHIT_TaxVamb.15_sub
k79_80907	ERR011348_MEGAHIT_TaxVamb.15_sub
k79_8102	ERR011348_MEGAHIT_TaxVamb.15_sub
k79_81049	ERR011348_MEGAHIT_TaxVamb.15_sub
k79_81161	ERR011348_MEGAHIT_TaxVamb.15_sub
k79_812	ERR011348_MEGAHIT_TaxVamb.15_sub
k79_81302	ERR011348_MEGAHIT_TaxVamb.15_sub
k79_81309	ERR011348_MEGAHIT_TaxVamb.15_sub
k79_81340	ERR011348_MEGAHIT_TaxVamb.15_sub
k79_81362	ERR011348_MEGAHIT_TaxVamb.15_sub
k79_81529	ERR011348_MEGAHIT_TaxVamb.15_sub
k79_81624	ERR011348_MEGAHIT_TaxVamb.15_sub
k79_81867	ERR011348_MEGAHIT_TaxVamb.15_sub
k79_81949	ERR011348_MEGAHIT_TaxVamb.15_sub
k79_82023	ERR011348_MEGAHIT_TaxVamb.15_sub
k79_821	ERR011348_MEGAHIT_TaxVamb.15_sub
k79_82430	ERR011348_MEGAHIT_TaxVamb.15_sub
k79_82517	ERR011348_MEGAHIT_TaxVamb.15_sub
k79_82518	ERR011348_MEGAHIT_TaxVamb.15_sub
k79_82864	ERR011348_MEGAHIT_TaxVamb.15_sub
k79_82888	ERR011348_MEGAHIT_TaxVamb.15_sub
k79_82932	ERR011348_MEGAHIT_TaxVamb.15_sub
k79_82943	ERR011348_MEGAHIT_TaxVamb.15_sub
k79_83009	ERR011348_MEGAHIT_TaxVamb.15_sub
k79_83057	ERR011348_MEGAHIT_TaxVamb.15_sub
k79_83089	ERR011348_MEGAHIT_TaxVamb.15_sub
k79_83101	ERR011348_MEGAHIT_TaxVamb.15_sub
k79_83177	ERR011348_MEGAHIT_TaxVamb.15_sub
k79_8322	ERR011348_MEGAHIT_TaxVamb.15_sub
k79_83233	ERR011348_MEGAHIT_TaxVamb.15_sub
k79_83355	ERR011348_MEGAHIT_TaxVamb.15_sub
k79_83405	ERR011348_MEGAHIT_TaxVamb.15_sub
k79_83640	ERR011348_MEGAHIT_TaxVamb.15_sub
k79_8397	ERR011348_MEGAHIT_TaxVamb.15_sub
k79_84091	ERR011348_MEGAHIT_TaxVamb.15_sub
k79_84292	ERR011348_MEGAHIT_TaxVamb.15_sub
k79_84597	ERR011348_MEGAHIT_TaxVamb.15_sub
k79_84899	ERR011348_MEGAHIT_TaxVamb.15_sub
k79_84977	ERR011348_MEGAHIT_TaxVamb.15_sub
k79_84989	ERR011348_MEGAHIT_TaxVamb.15_sub
k79_85091	ERR011348_MEGAHIT_TaxVamb.15_sub
k79_85169	ERR011348_MEGAHIT_TaxVamb.15_sub
k79_85241	ERR011348_MEGAHIT_TaxVamb.15_sub
k79_85319	ERR011348_MEGAHIT_TaxVamb.15_sub
k79_8533	ERR011348_MEGAHIT_TaxVamb.15_sub
k79_85368	ERR011348_MEGAHIT_TaxVamb.15_sub
k79_85375	ERR011348_MEGAHIT_TaxVamb.15_sub
k79_85579	ERR011348_MEGAHIT_TaxVamb.15_sub
k79_85601	ERR011348_MEGAHIT_TaxVamb.15_sub
k79_85637	ERR011348_MEGAHIT_TaxVamb.15_sub
k79_85846	ERR011348_MEGAHIT_TaxVamb.15_sub
k79_86012	ERR011348_MEGAHIT_TaxVamb.15_sub
k79_86236	ERR011348_MEGAHIT_TaxVamb.15_sub
k79_86392	ERR011348_MEGAHIT_TaxVamb.15_sub
k79_86406	ERR011348_MEGAHIT_TaxVamb.15_sub
k79_86468	ERR011348_MEGAHIT_TaxVamb.15_sub
k79_86478	ERR011348_MEGAHIT_TaxVamb.15_sub
k79_86700	ERR011348_MEGAHIT_TaxVamb.15_sub
k79_86864	ERR011348_MEGAHIT_TaxVamb.15_sub
k79_86891	ERR011348_MEGAHIT_TaxVamb.15_sub
k79_8706	ERR011348_MEGAHIT_TaxVamb.15_sub
k79_87142	ERR011348_MEGAHIT_TaxVamb.15_sub
k79_87246	ERR011348_MEGAHIT_TaxVamb.15_sub
k79_8739	ERR011348_MEGAHIT_TaxVamb.15_sub
k79_87901	ERR011348_MEGAHIT_TaxVamb.15_sub
k79_87987	ERR011348_MEGAHIT_TaxVamb.15_sub
k79_88140	ERR011348_MEGAHIT_TaxVamb.15_sub
k79_88153	ERR011348_MEGAHIT_TaxVamb.15_sub
k79_88161	ERR011348_MEGAHIT_TaxVamb.15_sub
k79_88383	ERR011348_MEGAHIT_TaxVamb.15_sub
k79_88409	ERR011348_MEGAHIT_TaxVamb.15_sub
k79_88461	ERR011348_MEGAHIT_TaxVamb.15_sub
k79_88530	ERR011348_MEGAHIT_TaxVamb.15_sub
k79_88641	ERR011348_MEGAHIT_TaxVamb.15_sub
k79_8882	ERR011348_MEGAHIT_TaxVamb.15_sub
k79_88822	ERR011348_MEGAHIT_TaxVamb.15_sub
k79_88912	ERR011348_MEGAHIT_TaxVamb.15_sub
k79_88965	ERR011348_MEGAHIT_TaxVamb.15_sub
k79_89220	ERR011348_MEGAHIT_TaxVamb.15_sub
k79_89223	ERR011348_MEGAHIT_TaxVamb.15_sub
k79_89235	ERR011348_MEGAHIT_TaxVamb.15_sub
k79_89383	ERR011348_MEGAHIT_TaxVamb.15_sub
k79_89413	ERR011348_MEGAHIT_TaxVamb.15_sub
k79_8944	ERR011348_MEGAHIT_TaxVamb.15_sub
k79_89467	ERR011348_MEGAHIT_TaxVamb.15_sub
k79_89496	ERR011348_MEGAHIT_TaxVamb.15_sub
k79_89739	ERR011348_MEGAHIT_TaxVamb.15_sub
k79_89764	ERR011348_MEGAHIT_TaxVamb.15_sub
k79_89890	ERR011348_MEGAHIT_TaxVamb.15_sub
k79_8997	ERR011348_MEGAHIT_TaxVamb.15_sub
k79_90077	ERR011348_MEGAHIT_TaxVamb.15_sub
k79_90147	ERR011348_MEGAHIT_TaxVamb.15_sub
k79_90192	ERR011348_MEGAHIT_TaxVamb.15_sub
k79_90418	ERR011348_MEGAHIT_TaxVamb.15_sub
k79_90461	ERR011348_MEGAHIT_TaxVamb.15_sub
k79_90472	ERR011348_MEGAHIT_TaxVamb.15_sub
k79_90518	ERR011348_MEGAHIT_TaxVamb.15_sub
k79_90638	ERR011348_MEGAHIT_TaxVamb.15_sub
k79_90656	ERR011348_MEGAHIT_TaxVamb.15_sub
k79_90698	ERR011348_MEGAHIT_TaxVamb.15_sub
k79_91075	ERR011348_MEGAHIT_TaxVamb.15_sub
k79_91191	ERR011348_MEGAHIT_TaxVamb.15_sub
k79_91209	ERR011348_MEGAHIT_TaxVamb.15_sub
k79_91272	ERR011348_MEGAHIT_TaxVamb.15_sub
k79_91577	ERR011348_MEGAHIT_TaxVamb.15_sub
k79_91620	ERR011348_MEGAHIT_TaxVamb.15_sub
k79_9177	ERR011348_MEGAHIT_TaxVamb.15_sub
k79_91789	ERR011348_MEGAHIT_TaxVamb.15_sub
k79_91860	ERR011348_MEGAHIT_TaxVamb.15_sub
k79_91892	ERR011348_MEGAHIT_TaxVamb.15_sub
k79_91943	ERR011348_MEGAHIT_TaxVamb.15_sub
k79_9196	ERR011348_MEGAHIT_TaxVamb.15_sub
k79_92037	ERR011348_MEGAHIT_TaxVamb.15_sub
k79_9204	ERR011348_MEGAHIT_TaxVamb.15_sub
k79_92109	ERR011348_MEGAHIT_TaxVamb.15_sub
k79_92164	ERR011348_MEGAHIT_TaxVamb.15_sub
k79_92170	ERR011348_MEGAHIT_TaxVamb.15_sub
k79_92239	ERR011348_MEGAHIT_TaxVamb.15_sub
k79_92482	ERR011348_MEGAHIT_TaxVamb.15_sub
k79_92575	ERR011348_MEGAHIT_TaxVamb.15_sub
k79_92677	ERR011348_MEGAHIT_TaxVamb.15_sub
k79_92720	ERR011348_MEGAHIT_TaxVamb.15_sub
k79_92781	ERR011348_MEGAHIT_TaxVamb.15_sub
k79_92867	ERR011348_MEGAHIT_TaxVamb.15_sub
k79_92915	ERR011348_MEGAHIT_TaxVamb.15_sub
k79_92992	ERR011348_MEGAHIT_TaxVamb.15_sub
k79_92994	ERR011348_MEGAHIT_TaxVamb.15_sub
k79_93038	ERR011348_MEGAHIT_TaxVamb.15_sub
k79_93070	ERR011348_MEGAHIT_TaxVamb.15_sub
k79_93136	ERR011348_MEGAHIT_TaxVamb.15_sub
k79_93306	ERR011348_MEGAHIT_TaxVamb.15_sub
k79_93322	ERR011348_MEGAHIT_TaxVamb.15_sub
k79_93436	ERR011348_MEGAHIT_TaxVamb.15_sub
k79_93667	ERR011348_MEGAHIT_TaxVamb.15_sub
k79_93822	ERR011348_MEGAHIT_TaxVamb.15_sub
k79_93834	ERR011348_MEGAHIT_TaxVamb.15_sub
k79_93848	ERR011348_MEGAHIT_TaxVamb.15_sub
k79_94041	ERR011348_MEGAHIT_TaxVamb.15_sub
k79_94075	ERR011348_MEGAHIT_TaxVamb.15_sub
k79_94279	ERR011348_MEGAHIT_TaxVamb.15_sub
k79_94350	ERR011348_MEGAHIT_TaxVamb.15_sub
k79_94501	ERR011348_MEGAHIT_TaxVamb.15_sub
k79_94643	ERR011348_MEGAHIT_TaxVamb.15_sub
k79_94654	ERR011348_MEGAHIT_TaxVamb.15_sub
k79_94672	ERR011348_MEGAHIT_TaxVamb.15_sub
k79_9470	ERR011348_MEGAHIT_TaxVamb.15_sub
k79_94932	ERR011348_MEGAHIT_TaxVamb.15_sub
k79_95115	ERR011348_MEGAHIT_TaxVamb.15_sub
k79_95153	ERR011348_MEGAHIT_TaxVamb.15_sub
k79_95200	ERR011348_MEGAHIT_TaxVamb.15_sub
k79_95461	ERR011348_MEGAHIT_TaxVamb.15_sub
k79_95537	ERR011348_MEGAHIT_TaxVamb.15_sub
k79_95577	ERR011348_MEGAHIT_TaxVamb.15_sub
k79_95763	ERR011348_MEGAHIT_TaxVamb.15_sub
k79_95985	ERR011348_MEGAHIT_TaxVamb.15_sub
k79_96112	ERR011348_MEGAHIT_TaxVamb.15_sub
k79_96127	ERR011348_MEGAHIT_TaxVamb.15_sub
k79_96141	ERR011348_MEGAHIT_TaxVamb.15_sub
k79_96167	ERR011348_MEGAHIT_TaxVamb.15_sub
k79_96358	ERR011348_MEGAHIT_TaxVamb.15_sub
k79_9669	ERR011348_MEGAHIT_TaxVamb.15_sub
k79_9762	ERR011348_MEGAHIT_TaxVamb.15_sub
k79_9955	ERR011348_MEGAHIT_TaxVamb.15_sub
k79_9995	ERR011348_MEGAHIT_TaxVamb.15_sub
k79_100	unbinned
k79_10052	unbinned
k79_10135	unbinned
k79_10150	unbinned
k79_10189	unbinned
k79_10300	unbinned
k79_10435	unbinned
k79_10535	unbinned
k79_10628	unbinned
k79_10650	unbinned
k79_1082	unbinned
k79_10910	unbinned
k79_10929	unbinned
k79_11030	unbinned
k79_11055	unbinned
k79_11071	unbinned
k79_11150	unbinned
k79_11374	unbinned
k79_11387	unbinned
k79_11551	unbinned
k79_11645	unbinned
k79_11665	unbinned
k79_11770	unbinned
k79_1214	unbinned
k79_12144	unbinned
k79_12156	unbinned
k79_12257	unbinned
k79_12274	unbinned
k79_12464	unbinned
k79_1254	unbinned
k79_12677	unbinned
k79_13194	unbinned
k79_13258	unbinned
k79_13581	unbinned
k79_13592	unbinned
k79_13679	unbinned
k79_14230	unbinned
k79_14545	unbinned
k79_14557	unbinned
k79_14623	unbinned
k79_15035	unbinned
k79_1606	unbinned
k79_1608	unbinned
k79_16316	unbinned
k79_16455	unbinned
k79_165	unbinned
k79_16831	unbinned
k79_17155	unbinned
k79_1726	unbinned
k79_17771	unbinned
k79_17818	unbinned
k79_17950	unbinned
k79_18145	unbinned
k79_18285	unbinned
k79_18346	unbinned
k79_18453	unbinned
k79_1859	unbinned
k79_18765	unbinned
k79_19060	unbinned
k79_19258	unbinned
k79_19519	unbinned
k79_19755	unbinned
k79_20256	unbinned
k79_20642	unbinned
k79_20695	unbinned
k79_20872	unbinned
k79_21254	unbinned
k79_21259	unbinned
k79_21410	unbinned
k79_21585	unbinned
k79_21652	unbinned
k79_21831	unbinned
k79_22007	unbinned
k79_22540	unbinned
k79_22696	unbinned
k79_22807	unbinned
k79_23018	unbinned
k79_23050	unbinned
k79_23117	unbinned
k79_23280	unbinned
k79_23316	unbinned
k79_23327	unbinned
k79_23381	unbinned
k79_23538	unbinned
k79_23829	unbinned
k79_23998	unbinned
k79_24540	unbinned
k79_24546	unbinned
k79_24572	unbinned
k79_2469	unbinned
k79_2471	unbinned
k79_24767	unbinned
k79_24973	unbinned
k79_25233	unbinned
k79_25272	unbinned
k79_25320	unbinned
k79_25535	unbinned
k79_25582	unbinned
k79_25656	unbinned
k79_25688	unbinned
k79_25715	unbinned
k79_2628	unbinned
k79_26729	unbinned
k79_26743	unbinned
k79_26755	unbinned
k79_26847	unbinned
k79_27302	unbinned
k79_27370	unbinned
k79_27455	unbinned
k79_27664	unbinned
k79_27876	unbinned
k79_28067	unbinned
k79_28170	unbinned
k79_28324	unbinned
k79_285	unbinned
k79_28774	unbinned
k79_28838	unbinned
k79_29134	unbinned
k79_2919	unbinned
k79_29454	unbinned
k79_29621	unbinned
k79_29753	unbinned
k79_30188	unbinned
k79_30526	unbinned
k79_30966	unbinned
k79_31270	unbinned
k79_31428	unbinned
k79_31429	unbinned
k79_3150	unbinned
k79_32009	unbinned
k79_32171	unbinned
k79_32176	unbinned
k79_32199	unbinned
k79_32623	unbinned
k79_32953	unbinned
k79_32995	unbinned
k79_33075	unbinned
k79_33107	unbinned
k79_33449	unbinned
k79_33572	unbinned
k79_33744	unbinned
k79_33759	unbinned
k79_33803	unbinned
k79_34028	unbinned
k79_34321	unbinned
k79_34415	unbinned
k79_34429	unbinned
k79_34739	unbinned
k79_34896	unbinned
k79_34911	unbinned
k79_34995	unbinned
k79_35216	unbinned
k79_3536	unbinned
k79_35393	unbinned
k79_35457	unbinned
k79_3574	unbinned
k79_35855	unbinned
k79_35975	unbinned
k79_3605	unbinned
k79_36564	unbinned
k79_36578	unbinned
k79_368	unbinned
k79_37398	unbinned
k79_37665	unbinned
k79_37778	unbinned
k79_3820	unbinned
k79_38438	unbinned
k79_38606	unbinned
k79_38654	unbinned
k79_38684	unbinned
k79_38741	unbinned
k79_38935	unbinned
k79_39125	unbinned
k79_39227	unbinned
k79_39322	unbinned
k79_39385	unbinned
k79_39821	unbinned
k79_39829	unbinned
k79_39961	unbinned
k79_39980	unbinned
k79_40019	unbinned
k79_40114	unbinned
k79_40431	unbinned
k79_40582	unbinned
k79_40931	unbinned
k79_40992	unbinned
k79_41040	unbinned
k79_41222	unbinned
k79_41447	unbinned
k79_41707	unbinned
k79_41769	unbinned
k79_41970	unbinned
k79_42002	unbinned
k79_42312	unbinned
k79_42362	unbinned
k79_42607	unbinned
k79_42635	unbinned
k79_42642	unbinned
k79_42726	unbinned
k79_42773	unbinned
k79_42805	unbinned
k79_42959	unbinned
k79_42961	unbinned
k79_43021	unbinned
k79_4303	unbinned
k79_43343	unbinned
k79_43402	unbinned
k79_43461	unbinned
k79_43562	unbinned
k79_43582	unbinned
k79_43714	unbinned
k79_43888	unbinned
k79_4410	unbinned
k79_44495	unbinned
k79_44544	unbinned
k79_44601	unbinned
k79_44619	unbinned
k79_44652	unbinned
k79_44870	unbinned
k79_44975	unbinned
k79_45563	unbinned
k79_4566	unbinned
k79_45738	unbinned
k79_45763	unbinned
k79_46279	unbinned
k79_46568	unbinned
k79_46758	unbinned
k79_46829	unbinned
k79_47267	unbinned
k79_47336	unbinned
k79_4737	unbinned
k79_47625	unbinned
k79_47905	unbinned
k79_48048	unbinned
k79_48056	unbinned
k79_48112	unbinned
k79_48183	unbinned
k79_48347	unbinned
k79_48382	unbinned
k79_48408	unbinned
k79_48431	unbinned
k79_48451	unbinned
k79_48580	unbinned
k79_4867	unbinned
k79_48833	unbinned
k79_4892	unbinned
k79_49139	unbinned
k79_49250	unbinned
k79_49321	unbinned
k79_49536	unbinned
k79_49573	unbinned
k79_49829	unbinned
k79_49938	unbinned
k79_50060	unbinned
k79_50564	unbinned
k79_50780	unbinned
k79_50832	unbinned
k79_50857	unbinned
k79_5089	unbinned
k79_50894	unbinned
k79_51079	unbinned
k79_512	unbinned
k79_51370	unbinned
k79_51429	unbinned
k79_51603	unbinned
k79_5165	unbinned
k79_51709	unbinned
k79_52334	unbinned
k79_52343	unbinned
k79_52533	unbinned
k79_52620	unbinned
k79_52902	unbinned
k79_53002	unbinned
k79_53066	unbinned
k79_53110	unbinned
k79_53193	unbinned
k79_53705	unbinned
k79_53729	unbinned
k79_54211	unbinned
k79_54260	unbinned
k79_54397	unbinned
k79_54600	unbinned
k79_54712	unbinned
k79_54836	unbinned
k79_55243	unbinned
k79_55260	unbinned
k79_55265	unbinned
k79_55504	unbinned
k79_55623	unbinned
k79_55696	unbinned
k79_56250	unbinned
k79_56532	unbinned
k79_56558	unbinned
k79_56633	unbinned
k79_56803	unbinned
k79_56887	unbinned
k79_57033	unbinned
k79_57081	unbinned
k79_57404	unbinned
k79_57476	unbinned
k79_57598	unbinned
k79_57669	unbinned
k79_57747	unbinned
k79_58028	unbinned
k79_58561	unbinned
k79_58634	unbinned
k79_59039	unbinned
k79_59080	unbinned
k79_59483	unbinned
k79_59503	unbinned
k79_59559	unbinned
k79_59701	unbinned
k79_5985	unbinned
k79_5987	unbinned
k79_59908	unbinned
k79_60291	unbinned
k79_6040	unbinned
k79_60537	unbinned
k79_60539	unbinned
k79_60762	unbinned
k79_6080	unbinned
k79_60901	unbinned
k79_61576	unbinned
k79_62017	unbinned
k79_62102	unbinned
k79_62259	unbinned
k79_62641	unbinned
k79_62684	unbinned
k79_62834	unbinned
k79_62941	unbinned
k79_62946	unbinned
k79_62982	unbinned
k79_63165	unbinned
k79_63651	unbinned
k79_63794	unbinned
k79_64438	unbinned
k79_64615	unbinned
k79_64795	unbinned
k79_64822	unbinned
k79_64852	unbinned
k79_64954	unbinned
k79_6509	unbinned
k79_65102	unbinned
k79_65306	unbinned
k79_65319	unbinned
k79_6548	unbinned
k79_65830	unbinned
k79_6598	unbinned
k79_6612	unbinned
k79_66183	unbinned
k79_66406	unbinned
k79_66451	unbinned
k79_66466	unbinned
k79_66558	unbinned
k79_66744	unbinned
k79_66890	unbinned
k79_66980	unbinned
k79_67133	unbinned
k79_67158	unbinned
k79_67196	unbinned
k79_67281	unbinned
k79_67998	unbinned
k79_68064	unbinned
k79_6813	unbinned
k79_68142	unbinned
k79_68447	unbinned
k79_68577	unbinned
k79_68663	unbinned
k79_68972	unbinned
k79_69190	unbinned
k79_69321	unbinned
k79_6940	unbinned
k79_69419	unbinned
k79_6949	unbinned
k79_69660	unbinned
k79_69787	unbinned
k79_69985	unbinned
k79_701	unbinned
k79_70388	unbinned
k79_71063	unbinned
k79_71101	unbinned
k79_71135	unbinned
k79_71269	unbinned
k79_71282	unbinned
k79_71322	unbinned
k79_71427	unbinned
k79_71491	unbinned
k79_71897	unbinned
k79_71913	unbinned
k79_72122	unbinned
k79_72372	unbinned
k79_72548	unbinned
k79_72609	unbinned
k79_72714	unbinned
k79_72812	unbinned
k79_72997	unbinned
k79_73056	unbinned
k79_73306	unbinned
k79_73609	unbinned
k79_73791	unbinned
k79_7393	unbinned
k79_74203	unbinned
k79_74399	unbinned
k79_74748	unbinned
k79_74791	unbinned
k79_75224	unbinned
k79_75260	unbinned
k79_75274	unbinned
k79_75520	unbinned
k79_75906	unbinned
k79_75913	unbinned
k79_75985	unbinned
k79_7600	unbinned
k79_76247	unbinned
k79_7645	unbinned
k79_76584	unbinned
k79_76749	unbinned
k79_76913	unbinned
k79_77331	unbinned
k79_77473	unbinned
k79_77671	unbinned
k79_7779	unbinned
k79_78088	unbinned
k79_78098	unbinned
k79_78161	unbinned
k79_78241	unbinned
k79_78418	unbinned
k79_78456	unbinned
k79_7851	unbinned
k79_78758	unbinned
k79_78787	unbinned
k79_79046	unbinned
k79_79295	unbinned
k79_79645	unbinned
k79_80650	unbinned
k79_80773	unbinned
k79_80928	unbinned
k79_80995	unbinned
k79_81306	unbinned
k79_81449	unbinned
k79_81452	unbinned
k79_82251	unbinned
k79_82258	unbinned
k79_8226	unbinned
k79_82542	unbinned
k79_83312	unbinned
k79_83345	unbinned
k79_83372	unbinned
k79_83490	unbinned
k79_83501	unbinned
k79_83570	unbinned
k79_83674	unbinned
k79_83938	unbinned
k79_83957	unbinned
k79_84016	unbinned
k79_84049	unbinned
k79_84132	unbinned
k79_84229	unbinned
k79_84383	unbinned
k79_84444	unbinned
k79_84645	unbinned
k79_84719	unbinned
k79_84733	unbinned
k79_84737	unbinned
k79_84959	unbinned
k79_85269	unbinned
k79_8528	unbinned
k79_85296	unbinned
k79_85408	unbinned
k79_85581	unbinned
k79_85887	unbinned
k79_86103	unbinned
k79_86259	unbinned
k79_86919	unbinned
k79_86968	unbinned
k79_87000	unbinned
k79_87025	unbinned
k79_87049	unbinned
k79_87323	unbinned
k79_87437	unbinned
k79_87486	unbinned
k79_87606	unbinned
k79_87755	unbinned
k79_87791	unbinned
k79_87799	unbinned
k79_8782	unbinned
k79_87975	unbinned
k79_88274	unbinned
k79_88396	unbinned
k79_88602	unbinned
k79_88713	unbinned
k79_88765	unbinned
k79_89037	unbinned
k79_89050	unbinned
k79_89103	unbinned
k79_89225	unbinned
k79_89448	unbinned
k79_89558	unbinned
k79_89695	unbinned
k79_89838	unbinned
k79_89919	unbinned
k79_90069	unbinned
k79_90076	unbinned
k79_90710	unbinned
k79_90834	unbinned
k79_90901	unbinned
k79_9103	unbinned
k79_91199	unbinned
k79_91592	unbinned
k79_91615	unbinned
k79_92080	unbinned
k79_922	unbinned
k79_92218	unbinned
k79_92483	unbinned
k79_92552	unbinned
k79_9283	unbinned
k79_92952	unbinned
k79_93320	unbinned
k79_93480	unbinned
k79_93544	unbinned
k79_93899	unbinned
k79_9398	unbinned
k79_94090	unbinned
k79_94253	unbinned
k79_94352	unbinned
k79_948	unbinned
k79_94838	unbinned
k79_95031	unbinned
k79_95047	unbinned
k79_95186	unbinned
k79_95824	unbinned
k79_95839	unbinned
k79_96085	unbinned
k79_96278	unbinned
k79_9632	unbinned
k79_10012	unbinned
k79_10117	unbinned
k79_10242	unbinned
k79_10400	unbinned
k79_10418	unbinned
k79_10844	unbinned
k79_10920	unbinned
k79_11942	unbinned
k79_12393	unbinned
k79_12704	unbinned
k79_12771	unbinned
k79_13051	unbinned
k79_13428	unbinned
k79_14235	unbinned
k79_1451	unbinned
k79_1462	unbinned
k79_14700	unbinned
k79_15780	unbinned
k79_16196	unbinned
k79_16295	unbinned
k79_1672	unbinned
k79_16730	unbinned
k79_16869	unbinned
k79_17180	unbinned
k79_17502	unbinned
k79_17971	unbinned
k79_19042	unbinned
k79_19501	unbinned
k79_19504	unbinned
k79_19541	unbinned
k79_19830	unbinned
k79_2033	unbinned
k79_20338	unbinned
k79_20554	unbinned
k79_20584	unbinned
k79_2059	unbinned
k79_20787	unbinned
k79_20906	unbinned
k79_2120	unbinned
k79_21489	unbinned
k79_21575	unbinned
k79_22179	unbinned
k79_22341	unbinned
k79_22521	unbinned
k79_22532	unbinned
k79_22568	unbinned
k79_22827	unbinned
k79_23205	unbinned
k79_23578	unbinned
k79_24089	unbinned
k79_24344	unbinned
k79_24500	unbinned
k79_2524	unbinned
k79_26018	unbinned
k79_26835	unbinned
k79_2687	unbinned
k79_27046	unbinned
k79_29029	unbinned
k79_29424	unbinned
k79_29525	unbinned
k79_31177	unbinned
k79_31249	unbinned
k79_31410	unbinned
k79_31462	unbinned
k79_31543	unbinned
k79_31716	unbinned
k79_31992	unbinned
k79_32017	unbinned
k79_3202	unbinned
k79_3225	unbinned
k79_32617	unbinned
k79_3289	unbinned
k79_32997	unbinned
k79_33445	unbinned
k79_33632	unbinned
k79_33761	unbinned
k79_33950	unbinned
k79_34177	unbinned
k79_34529	unbinned
k79_34605	unbinned
k79_34745	unbinned
k79_34909	unbinned
k79_34967	unbinned
k79_35236	unbinned
k79_35603	unbinned
k79_35900	unbinned
k79_36442	unbinned
k79_37211	unbinned
k79_37919	unbinned
k79_3807	unbinned
k79_38261	unbinned
k79_38278	unbinned
k79_39436	unbinned
k79_40031	unbinned
k79_41806	unbinned
k79_42297	unbinned
k79_4244	unbinned
k79_42707	unbinned
k79_43019	unbinned
k79_43079	unbinned
k79_43165	unbinned
k79_43334	unbinned
k79_43792	unbinned
k79_44407	unbinned
k79_45249	unbinned
k79_45263	unbinned
k79_45288	unbinned
k79_45714	unbinned
k79_45920	unbinned
k79_46840	unbinned
k79_47367	unbinned
k79_48299	unbinned
k79_48418	unbinned
k79_48561	unbinned
k79_48953	unbinned
k79_49207	unbinned
k79_49249	unbinned
k79_49493	unbinned
k79_50209	unbinned
k79_51490	unbinned
k79_51571	unbinned
k79_52176	unbinned
k79_524	unbinned
k79_52411	unbinned
k79_52467	unbinned
k79_53341	unbinned
k79_54598	unbinned
k79_55290	unbinned
k79_55337	unbinned
k79_55395	unbinned
k79_56186	unbinned
k79_56488	unbinned
k79_57073	unbinned
k79_57112	unbinned
k79_57822	unbinned
k79_57937	unbinned
k79_58275	unbinned
k79_58535	unbinned
k79_58956	unbinned
k79_59170	unbinned
k79_59195	unbinned
k79_59203	unbinned
k79_60163	unbinned
k79_60970	unbinned
k79_60980	unbinned
k79_61237	unbinned
k79_61342	unbinned
k79_6154	unbinned
k79_63242	unbinned
k79_63739	unbinned
k79_63804	unbinned
k79_64680	unbinned
k79_64697	unbinned
k79_64730	unbinned
k79_64773	unbinned
k79_64970	unbinned
k79_65037	unbinned
k79_65518	unbinned
k79_6662	unbinned
k79_66659	unbinned
k79_66667	unbinned
k79_67420	unbinned
k79_67681	unbinned
k79_68000	unbinned
k79_68809	unbinned
k79_68938	unbinned
k79_69394	unbinned
k79_6954	unbinned
k79_69559	unbinned
k79_69575	unbinned
k79_69750	unbinned
k79_69886	unbinned
k79_70191	unbinned
k79_70551	unbinned
k79_70570	unbinned
k79_71059	unbinned
k79_71266	unbinned
k79_71460	unbinned
k79_71484	unbinned
k79_71631	unbinned
k79_71770	unbinned
k79_71984	unbinned
k79_72884	unbinned
k79_73399	unbinned
k79_73653	unbinned
k79_74890	unbinned
k79_74996	unbinned
k79_75829	unbinned
k79_76384	unbinned
k79_76477	unbinned
k79_76808	unbinned
k79_77119	unbinned
k79_77547	unbinned
k79_78189	unbinned
k79_787	unbinned
k79_78982	unbinned
k79_79087	unbinned
k79_79731	unbinned
k79_79790	unbinned
k79_79957	unbinned
k79_80056	unbinned
k79_80775	unbinned
k79_81437	unbinned
k79_81900	unbinned
k79_82293	unbinned
k79_82453	unbinned
k79_8247	unbinned
k79_82634	unbinned
k79_82703	unbinned
k79_83092	unbinned
k79_83149	unbinned
k79_83292	unbinned
k79_83373	unbinned
k79_83431	unbinned
k79_83539	unbinned
k79_83747	unbinned
k79_83991	unbinned
k79_84168	unbinned
k79_84259	unbinned
k79_84669	unbinned
k79_85939	unbinned
k79_87050	unbinned
k79_87226	unbinned
k79_88064	unbinned
k79_88473	unbinned
k79_90144	unbinned
k79_90193	unbinned
k79_9081	unbinned
k79_91447	unbinned
k79_92371	unbinned
k79_92395	unbinned
k79_92664	unbinned
k79_92930	unbinned
k79_93760	unbinned
k79_94274	unbinned
k79_94489	unbinned
k79_94562	unbinned
k79_94690	unbinned
k79_94844	unbinned
k79_95042	unbinned
k79_95126	unbinned
k79_95165	unbinned
k79_95511	unbinned
k79_95539	unbinned
k79_96068	unbinned
k79_9612	unbinned
k79_96364	unbinned
k79_10185	unbinned
k79_1020	unbinned
k79_10205	unbinned
k79_1046	unbinned
k79_11010	unbinned
k79_11240	unbinned
k79_11335	unbinned
k79_11482	unbinned
k79_11660	unbinned
k79_11753	unbinned
k79_11796	unbinned
k79_11809	unbinned
k79_12312	unbinned
k79_12428	unbinned
k79_12462	unbinned
k79_12478	unbinned
k79_12482	unbinned
k79_12714	unbinned
k79_12905	unbinned
k79_13024	unbinned
k79_13036	unbinned
k79_13141	unbinned
k79_13257	unbinned
k79_13364	unbinned
k79_13416	unbinned
k79_13474	unbinned
k79_13805	unbinned
k79_13849	unbinned
k79_13855	unbinned
k79_13898	unbinned
k79_14060	unbinned
k79_14086	unbinned
k79_14167	unbinned
k79_14229	unbinned
k79_14245	unbinned
k79_14305	unbinned
k79_14534	unbinned
k79_14628	unbinned
k79_14658	unbinned
k79_14694	unbinned
k79_1471	unbinned
k79_14794	unbinned
k79_15306	unbinned
k79_15493	unbinned
k79_15533	unbinned
k79_15575	unbinned
k79_15653	unbinned
k79_15799	unbinned
k79_15896	unbinned
k79_16069	unbinned
k79_16411	unbinned
k79_16453	unbinned
k79_16473	unbinned
k79_16763	unbinned
k79_16944	unbinned
k79_173	unbinned
k79_17373	unbinned
k79_17921	unbinned
k79_17946	unbinned
k79_17995	unbinned
k79_18140	unbinned
k79_18186	unbinned
k79_18242	unbinned
k79_18275	unbinned
k79_18503	unbinned
k79_18732	unbinned
k79_18768	unbinned
k79_19004	unbinned
k79_19029	unbinned
k79_19437	unbinned
k79_19656	unbinned
k79_198	unbinned
k79_19950	unbinned
k79_20144	unbinned
k79_20148	unbinned
k79_20160	unbinned
k79_20371	unbinned
k79_20420	unbinned
k79_20514	unbinned
k79_20546	unbinned
k79_20597	unbinned
k79_20648	unbinned
k79_20717	unbinned
k79_20943	unbinned
k79_21278	unbinned
k79_21356	unbinned
k79_21438	unbinned
k79_21503	unbinned
k79_21859	unbinned
k79_21972	unbinned
k79_22039	unbinned
k79_22160	unbinned
k79_22191	unbinned
k79_22219	unbinned
k79_22354	unbinned
k79_22713	unbinned
k79_22924	unbinned
k79_23019	unbinned
k79_2328	unbinned
k79_23318	unbinned
k79_23336	unbinned
k79_2338	unbinned
k79_23398	unbinned
k79_23399	unbinned
k79_23456	unbinned
k79_23497	unbinned
k79_23820	unbinned
k79_23911	unbinned
k79_23986	unbinned
k79_24012	unbinned
k79_24027	unbinned
k79_2446	unbinned
k79_24905	unbinned
k79_2493	unbinned
k79_2522	unbinned
k79_25372	unbinned
k79_25571	unbinned
k79_25581	unbinned
k79_25724	unbinned
k79_25831	unbinned
k79_25933	unbinned
k79_25971	unbinned
k79_25981	unbinned
k79_26027	unbinned
k79_26033	unbinned
k79_26332	unbinned
k79_26375	unbinned
k79_26710	unbinned
k79_26913	unbinned
k79_26921	unbinned
k79_27	unbinned
k79_27434	unbinned
k79_27725	unbinned
k79_27741	unbinned
k79_27800	unbinned
k79_27812	unbinned
k79_27860	unbinned
k79_27885	unbinned
k79_27915	unbinned
k79_28054	unbinned
k79_28636	unbinned
k79_28800	unbinned
k79_28910	unbinned
k79_28920	unbinned
k79_28992	unbinned
k79_29225	unbinned
k79_29841	unbinned
k79_30092	unbinned
k79_30367	unbinned
k79_3055	unbinned
k79_30671	unbinned
k79_30734	unbinned
k79_30883	unbinned
k79_31021	unbinned
k79_31028	unbinned
k79_31044	unbinned
k79_31139	unbinned
k79_31590	unbinned
k79_31779	unbinned
k79_31844	unbinned
k79_31918	unbinned
k79_32010	unbinned
k79_32023	unbinned
k79_32208	unbinned
k79_32503	unbinned
k79_32517	unbinned
k79_32593	unbinned
k79_32694	unbinned
k79_3287	unbinned
k79_33064	unbinned
k79_33254	unbinned
k79_33606	unbinned
k79_33633	unbinned
k79_33705	unbinned
k79_33755	unbinned
k79_33774	unbinned
k79_33919	unbinned
k79_33961	unbinned
k79_34041	unbinned
k79_34057	unbinned
k79_34461	unbinned
k79_34588	unbinned
k79_34637	unbinned
k79_34831	unbinned
k79_34888	unbinned
k79_35339	unbinned
k79_35639	unbinned
k79_35712	unbinned
k79_35726	unbinned
k79_35809	unbinned
k79_35993	unbinned
k79_36032	unbinned
k79_36259	unbinned
k79_36852	unbinned
k79_36894	unbinned
k79_369	unbinned
k79_37051	unbinned
k79_37085	unbinned
k79_37511	unbinned
k79_37646	unbinned
k79_37807	unbinned
k79_37873	unbinned
k79_3788	unbinned
k79_37898	unbinned
k79_37907	unbinned
k79_38104	unbinned
k79_38127	unbinned
k79_38181	unbinned
k79_38280	unbinned
k79_38304	unbinned
k79_38470	unbinned
k79_38512	unbinned
k79_38696	unbinned
k79_38712	unbinned
k79_38754	unbinned
k79_38803	unbinned
k79_38871	unbinned
k79_38948	unbinned
k79_39060	unbinned
k79_39225	unbinned
k79_39422	unbinned
k79_39450	unbinned
k79_39479	unbinned
k79_39593	unbinned
k79_39964	unbinned
k79_40024	unbinned
k79_40153	unbinned
k79_40173	unbinned
k79_4025	unbinned
k79_40294	unbinned
k79_40337	unbinned
k79_4047	unbinned
k79_40487	unbinned
k79_40616	unbinned
k79_40689	unbinned
k79_41014	unbinned
k79_41342	unbinned
k79_41358	unbinned
k79_42082	unbinned
k79_42097	unbinned
k79_42200	unbinned
k79_42378	unbinned
k79_4243	unbinned
k79_42550	unbinned
k79_4256	unbinned
k79_42573	unbinned
k79_42817	unbinned
k79_42884	unbinned
k79_42902	unbinned
k79_4300	unbinned
k79_43098	unbinned
k79_43168	unbinned
k79_43195	unbinned
k79_43304	unbinned
k79_43367	unbinned
k79_43645	unbinned
k79_43967	unbinned
k79_44131	unbinned
k79_44158	unbinned
k79_44269	unbinned
k79_44300	unbinned
k79_44359	unbinned
k79_4440	unbinned
k79_44427	unbinned
k79_44518	unbinned
k79_4457	unbinned
k79_4471	unbinned
k79_44980	unbinned
k79_4536	unbinned
k79_45629	unbinned
k79_4568	unbinned
k79_45682	unbinned
k79_45848	unbinned
k79_45910	unbinned
k79_46255	unbinned
k79_46391	unbinned
k79_46672	unbinned
k79_46889	unbinned
k79_47347	unbinned
k79_47720	unbinned
k79_47981	unbinned
k79_48000	unbinned
k79_48188	unbinned
k79_48301	unbinned
k79_48416	unbinned
k79_48501	unbinned
k79_4883	unbinned
k79_48957	unbinned
k79_49112	unbinned
k79_49458	unbinned
k79_4947	unbinned
k79_49611	unbinned
k79_49808	unbinned
k79_49970	unbinned
k79_50073	unbinned
k79_50131	unbinned
k79_50187	unbinned
k79_50590	unbinned
k79_5078	unbinned
k79_50984	unbinned
k79_51046	unbinned
k79_51066	unbinned
k79_51124	unbinned
k79_51395	unbinned
k79_51613	unbinned
k79_51640	unbinned
k79_51689	unbinned
k79_5169	unbinned
k79_51845	unbinned
k79_5196	unbinned
k79_52028	unbinned
k79_52085	unbinned
k79_52476	unbinned
k79_52864	unbinned
k79_52913	unbinned
k79_53030	unbinned
k79_53136	unbinned
k79_53361	unbinned
k79_53406	unbinned
k79_53567	unbinned
k79_53608	unbinned
k79_53696	unbinned
k79_53707	unbinned
k79_53751	unbinned
k79_53933	unbinned
k79_53937	unbinned
k79_54092	unbinned
k79_54110	unbinned
k79_54193	unbinned
k79_54257	unbinned
k79_54727	unbinned
k79_55173	unbinned
k79_55180	unbinned
k79_55291	unbinned
k79_55298	unbinned
k79_55501	unbinned
k79_55547	unbinned
k79_55783	unbinned
k79_55786	unbinned
k79_55890	unbinned
k79_55955	unbinned
k79_55991	unbinned
k79_5625	unbinned
k79_56270	unbinned
k79_56394	unbinned
k79_56466	unbinned
k79_56539	unbinned
k79_56683	unbinned
k79_56798	unbinned
k79_56919	unbinned
k79_56954	unbinned
k79_5731	unbinned
k79_57493	unbinned
k79_57583	unbinned
k79_57683	unbinned
k79_57694	unbinned
k79_57705	unbinned
k79_57743	unbinned
k79_57891	unbinned
k79_58058	unbinned
k79_58088	unbinned
k79_58168	unbinned
k79_58336	unbinned
k79_58540	unbinned
k79_587	unbinned
k79_58744	unbinned
k79_58908	unbinned
k79_58919	unbinned
k79_59316	unbinned
k79_59713	unbinned
k79_59751	unbinned
k79_59815	unbinned
k79_59835	unbinned
k79_59854	unbinned
k79_59984	unbinned
k79_6009	unbinned
k79_60103	unbinned
k79_60422	unbinned
k79_60832	unbinned
k79_60863	unbinned
k79_60959	unbinned
k79_61001	unbinned
k79_61045	unbinned
k79_61068	unbinned
k79_61155	unbinned
k79_61172	unbinned
k79_61186	unbinned
k79_61603	unbinned
k79_61699	unbinned
k79_61759	unbinned
k79_61843	unbinned
k79_61904	unbinned
k79_61989	unbinned
k79_62074	unbinned
k79_62108	unbinned
k79_62287	unbinned
k79_62377	unbinned
k79_62435	unbinned
k79_62442	unbinned
k79_62528	unbinned
k79_62829	unbinned
k79_63180	unbinned
k79_63443	unbinned
k79_63594	unbinned
k79_63638	unbinned
k79_63909	unbinned
k79_64119	unbinned
k79_64320	unbinned
k79_64410	unbinned
k79_64517	unbinned
k79_64610	unbinned
k79_6472	unbinned
k79_64762	unbinned
k79_6484	unbinned
k79_64949	unbinned
k79_65019	unbinned
k79_65044	unbinned
k79_6518	unbinned
k79_65397	unbinned
k79_65568	unbinned
k79_65571	unbinned
k79_65882	unbinned
k79_65887	unbinned
k79_65956	unbinned
k79_66221	unbinned
k79_66490	unbinned
k79_66500	unbinned
k79_66572	unbinned
k79_66765	unbinned
k79_66882	unbinned
k79_67100	unbinned
k79_67285	unbinned
k79_67408	unbinned
k79_67936	unbinned
k79_68161	unbinned
k79_68172	unbinned
k79_68223	unbinned
k79_68634	unbinned
k79_69219	unbinned
k79_69350	unbinned
k79_69677	unbinned
k79_70370	unbinned
k79_70515	unbinned
k79_70532	unbinned
k79_70920	unbinned
k79_7102	unbinned
k79_71082	unbinned
k79_71335	unbinned
k79_71438	unbinned
k79_71748	unbinned
k79_7181	unbinned
k79_71811	unbinned
k79_71832	unbinned
k79_71838	unbinned
k79_71843	unbinned
k79_72633	unbinned
k79_72750	unbinned
k79_72759	unbinned
k79_72859	unbinned
k79_72886	unbinned
k79_72911	unbinned
k79_73673	unbinned
k79_7374	unbinned
k79_74028	unbinned
k79_74403	unbinned
k79_74680	unbinned
k79_7482	unbinned
k79_74826	unbinned
k79_74885	unbinned
k79_7505	unbinned
k79_75195	unbinned
k79_75356	unbinned
k79_7542	unbinned
k79_758	unbinned
k79_76009	unbinned
k79_76020	unbinned
k79_76081	unbinned
k79_76123	unbinned
k79_76219	unbinned
k79_76227	unbinned
k79_76486	unbinned
k79_76756	unbinned
k79_77015	unbinned
k79_77279	unbinned
k79_77512	unbinned
k79_77764	unbinned
k79_77953	unbinned
k79_77994	unbinned
k79_78245	unbinned
k79_78576	unbinned
k79_78614	unbinned
k79_78820	unbinned
k79_78869	unbinned
k79_79306	unbinned
k79_79334	unbinned
k79_79491	unbinned
k79_79700	unbinned
k79_79816	unbinned
k79_79821	unbinned
k79_79929	unbinned
k79_80060	unbinned
k79_80106	unbinned
k79_80224	unbinned
k79_80346	unbinned
k79_80602	unbinned
k79_80749	unbinned
k79_80820	unbinned
k79_80829	unbinned
k79_81127	unbinned
k79_81136	unbinned
k79_81597	unbinned
k79_8168	unbinned
k79_81916	unbinned
k79_82094	unbinned
k79_82227	unbinned
k79_82559	unbinned
k79_828	unbinned
k79_83904	unbinned
k79_83910	unbinned
k79_84024	unbinned
k79_84359	unbinned
k79_84814	unbinned
k79_84898	unbinned
k79_85127	unbinned
k79_85200	unbinned
k79_85525	unbinned
k79_85614	unbinned
k79_85693	unbinned
k79_85749	unbinned
k79_85851	unbinned
k79_86013	unbinned
k79_86024	unbinned
k79_86029	unbinned
k79_86050	unbinned
k79_86057	unbinned
k79_86060	unbinned
k79_8641	unbinned
k79_8678	unbinned
k79_86892	unbinned
k79_86907	unbinned
k79_87210	unbinned
k79_87498	unbinned
k79_87623	unbinned
k79_87683	unbinned
k79_87924	unbinned
k79_87944	unbinned
k79_88013	unbinned
k79_88231	unbinned
k79_8828	unbinned
k79_88892	unbinned
k79_88895	unbinned
k79_89011	unbinned
k79_89200	unbinned
k79_89458	unbinned
k79_89615	unbinned
k79_8975	unbinned
k79_89814	unbinned
k79_90208	unbinned
k79_90302	unbinned
k79_90466	unbinned
k79_90613	unbinned
k79_90631	unbinned
k79_90661	unbinned
k79_91040	unbinned
k79_91091	unbinned
k79_91154	unbinned
k79_91264	unbinned
k79_91308	unbinned
k79_9138	unbinned
k79_9148	unbinned
k79_91556	unbinned
k79_91721	unbinned
k79_91763	unbinned
k79_91779	unbinned
k79_9182	unbinned
k79_91906	unbinned
k79_92008	unbinned
k79_92046	unbinned
k79_92082	unbinned
k79_92125	unbinned
k79_92198	unbinned
k79_92241	unbinned
k79_92278	unbinned
k79_92441	unbinned
k79_92553	unbinned
k79_92966	unbinned
k79_9347	unbinned
k79_93791	unbinned
k79_93840	unbinned
k79_93908	unbinned
k79_94309	unbinned
k79_94780	unbinned
k79_94972	unbinned
k79_95027	unbinned
k79_9522	unbinned
k79_95241	unbinned
k79_95249	unbinned
k79_95444	unbinned
k79_9550	unbinned
k79_95606	unbinned
k79_95886	unbinned
k79_9665	unbinned
k79_9708	unbinned
k79_9775	unbinned
k79_9796	unbinned
k79_9811	unbinned
k79_9875	unbinned
k79_10309	unbinned
k79_10933	unbinned
k79_11050	unbinned
k79_11690	unbinned
k79_11823	unbinned
k79_12476	unbinned
k79_12773	unbinned
k79_13362	unbinned
k79_13542	unbinned
k79_14959	unbinned
k79_15299	unbinned
k79_16283	unbinned
k79_16927	unbinned
k79_17952	unbinned
k79_17970	unbinned
k79_18486	unbinned
k79_19201	unbinned
k79_19228	unbinned
k79_19275	unbinned
k79_19278	unbinned
k79_19632	unbinned
k79_2024	unbinned
k79_20509	unbinned
k79_20538	unbinned
k79_21551	unbinned
k79_27425	unbinned
k79_27851	unbinned
k79_28241	unbinned
k79_30761	unbinned
k79_30866	unbinned
k79_31572	unbinned
k79_31738	unbinned
k79_32139	unbinned
k79_32620	unbinned
k79_32691	unbinned
k79_33068	unbinned
k79_33699	unbinned
k79_35755	unbinned
k79_35905	unbinned
k79_3670	unbinned
k79_36946	unbinned
k79_37621	unbinned
k79_37756	unbinned
k79_38046	unbinned
k79_38411	unbinned
k79_39193	unbinned
k79_42504	unbinned
k79_44019	unbinned
k79_45039	unbinned
k79_48854	unbinned
k79_48859	unbinned
k79_49474	unbinned
k79_50763	unbinned
k79_50898	unbinned
k79_5170	unbinned
k79_52264	unbinned
k79_53622	unbinned
k79_5620	unbinned
k79_56513	unbinned
k79_56540	unbinned
k79_56561	unbinned
k79_56911	unbinned
k79_56941	unbinned
k79_57206	unbinned
k79_57730	unbinned
k79_57963	unbinned
k79_58225	unbinned
k79_6022	unbinned
k79_60338	unbinned
k79_60742	unbinned
k79_60973	unbinned
k79_62999	unbinned
k79_64956	unbinned
k79_65359	unbinned
k79_66752	unbinned
k79_68350	unbinned
k79_71390	unbinned
k79_72712	unbinned
k79_74058	unbinned
k79_74106	unbinned
k79_74675	unbinned
k79_75488	unbinned
k79_78157	unbinned
k79_80010	unbinned
k79_80557	unbinned
k79_80925	unbinned
k79_81972	unbinned
k79_82199	unbinned
k79_82294	unbinned
k79_8286	unbinned
k79_86473	unbinned
k79_87150	unbinned
k79_87903	unbinned
k79_8900	unbinned
k79_89660	unbinned
k79_90534	unbinned
k79_91389	unbinned
k79_91624	unbinned
k79_92281	unbinned
k79_92564	unbinned
k79_92940	unbinned
k79_93207	unbinned
k79_9814	unbinned
k79_10590	unbinned
k79_1070	unbinned
k79_12885	unbinned
k79_13074	unbinned
k79_13518	unbinned
k79_13540	unbinned
k79_13986	unbinned
k79_14013	unbinned
k79_14248	unbinned
k79_15581	unbinned
k79_15679	unbinned
k79_16838	unbinned
k79_17207	unbinned
k79_17268	unbinned
k79_1838	unbinned
k79_19123	unbinned
k79_19340	unbinned
k79_19687	unbinned
k79_19806	unbinned
k79_19904	unbinned
k79_20621	unbinned
k79_21002	unbinned
k79_21384	unbinned
k79_22895	unbinned
k79_23472	unbinned
k79_24821	unbinned
k79_24826	unbinned
k79_24838	unbinned
k79_2498	unbinned
k79_26443	unbinned
k79_26537	unbinned
k79_26665	unbinned
k79_27211	unbinned
k79_27255	unbinned
k79_27628	unbinned
k79_28556	unbinned
k79_28976	unbinned
k79_29060	unbinned
k79_29064	unbinned
k79_2992	unbinned
k79_30708	unbinned
k79_30789	unbinned
k79_31741	unbinned
k79_32093	unbinned
k79_32870	unbinned
k79_33136	unbinned
k79_33328	unbinned
k79_36021	unbinned
k79_3615	unbinned
k79_37167	unbinned
k79_37949	unbinned
k79_38067	unbinned
k79_39157	unbinned
k79_4105	unbinned
k79_41651	unbinned
k79_4196	unbinned
k79_42066	unbinned
k79_42218	unbinned
k79_42666	unbinned
k79_42669	unbinned
k79_4285	unbinned
k79_43288	unbinned
k79_4500	unbinned
k79_45634	unbinned
k79_45643	unbinned
k79_49005	unbinned
k79_49159	unbinned
k79_49271	unbinned
k79_50227	unbinned
k79_50244	unbinned
k79_50659	unbinned
k79_51286	unbinned
k79_51766	unbinned
k79_5226	unbinned
k79_52528	unbinned
k79_54149	unbinned
k79_54470	unbinned
k79_5522	unbinned
k79_55888	unbinned
k79_57134	unbinned
k79_57166	unbinned
k79_57967	unbinned
k79_59384	unbinned
k79_61138	unbinned
k79_61382	unbinned
k79_61413	unbinned
k79_61676	unbinned
k79_61893	unbinned
k79_62286	unbinned
k79_62466	unbinned
k79_65514	unbinned
k79_66248	unbinned
k79_66336	unbinned
k79_67744	unbinned
k79_68668	unbinned
k79_71087	unbinned
k79_72654	unbinned
k79_74016	unbinned
k79_74231	unbinned
k79_74450	unbinned
k79_75418	unbinned
k79_75898	unbinned
k79_76105	unbinned
k79_76470	unbinned
k79_77333	unbinned
k79_77889	unbinned
k79_77902	unbinned
k79_78265	unbinned
k79_78973	unbinned
k79_80181	unbinned
k79_8071	unbinned
k79_81124	unbinned
k79_81631	unbinned
k79_83657	unbinned
k79_84339	unbinned
k79_85208	unbinned
k79_8545	unbinned
k79_85465	unbinned
k79_85496	unbinned
k79_86441	unbinned
k79_86465	unbinned
k79_86539	unbinned
k79_87445	unbinned
k79_87602	unbinned
k79_88818	unbinned
k79_90055	unbinned
k79_90550	unbinned
k79_91048	unbinned
k79_92660	unbinned
k79_93245	unbinned
k79_93602	unbinned
k79_94470	unbinned
k79_9475	unbinned
k79_95286	unbinned
k79_95394	unbinned
k79_10195	unbinned
k79_10304	unbinned
k79_10409	unbinned
k79_10458	unbinned
k79_10485	unbinned
k79_1079	unbinned
k79_10796	unbinned
k79_10935	unbinned
k79_1101	unbinned
k79_11036	unbinned
k79_11365	unbinned
k79_11535	unbinned
k79_11711	unbinned
k79_11759	unbinned
k79_1218	unbinned
k79_12243	unbinned
k79_12264	unbinned
k79_1232	unbinned
k79_12323	unbinned
k79_12405	unbinned
k79_12422	unbinned
k79_12469	unbinned
k79_12512	unbinned
k79_12521	unbinned
k79_12603	unbinned
k79_12810	unbinned
k79_12876	unbinned
k79_12915	unbinned
k79_12935	unbinned
k79_1304	unbinned
k79_13117	unbinned
k79_13170	unbinned
k79_13575	unbinned
k79_13582	unbinned
k79_13609	unbinned
k79_13867	unbinned
k79_14117	unbinned
k79_1415	unbinned
k79_14204	unbinned
k79_14265	unbinned
k79_14274	unbinned
k79_14409	unbinned
k79_14410	unbinned
k79_14629	unbinned
k79_14690	unbinned
k79_14703	unbinned
k79_14901	unbinned
k79_14911	unbinned
k79_14934	unbinned
k79_14949	unbinned
k79_15049	unbinned
k79_15104	unbinned
k79_1521	unbinned
k79_15317	unbinned
k79_15403	unbinned
k79_15437	unbinned
k79_15607	unbinned
k79_15788	unbinned
k79_15817	unbinned
k79_15872	unbinned
k79_15882	unbinned
k79_15983	unbinned
k79_16033	unbinned
k79_16112	unbinned
k79_16116	unbinned
k79_16120	unbinned
k79_16203	unbinned
k79_16250	unbinned
k79_16379	unbinned
k79_16435	unbinned
k79_16467	unbinned
k79_16500	unbinned
k79_16715	unbinned
k79_1679	unbinned
k79_16800	unbinned
k79_16853	unbinned
k79_16858	unbinned
k79_17196	unbinned
k79_17253	unbinned
k79_17264	unbinned
k79_17283	unbinned
k79_17390	unbinned
k79_17500	unbinned
k79_17557	unbinned
k79_1759	unbinned
k79_17621	unbinned
k79_17624	unbinned
k79_17674	unbinned
k79_17713	unbinned
k79_17820	unbinned
k79_17848	unbinned
k79_18137	unbinned
k79_18189	unbinned
k79_18216	unbinned
k79_18265	unbinned
k79_1829	unbinned
k79_1831	unbinned
k79_18366	unbinned
k79_18447	unbinned
k79_18571	unbinned
k79_18691	unbinned
k79_18715	unbinned
k79_18840	unbinned
k79_19190	unbinned
k79_19238	unbinned
k79_19560	unbinned
k79_19804	unbinned
k79_19808	unbinned
k79_19988	unbinned
k79_20134	unbinned
k79_20280	unbinned
k79_20299	unbinned
k79_20370	unbinned
k79_20519	unbinned
k79_20553	unbinned
k79_20658	unbinned
k79_20734	unbinned
k79_20739	unbinned
k79_20897	unbinned
k79_20948	unbinned
k79_21044	unbinned
k79_21216	unbinned
k79_2127	unbinned
k79_21370	unbinned
k79_21642	unbinned
k79_21846	unbinned
k79_21874	unbinned
k79_21900	unbinned
k79_21961	unbinned
k79_22055	unbinned
k79_22105	unbinned
k79_22129	unbinned
k79_22178	unbinned
k79_22238	unbinned
k79_22253	unbinned
k79_22261	unbinned
k79_2239	unbinned
k79_22473	unbinned
k79_22531	unbinned
k79_22867	unbinned
k79_22943	unbinned
k79_23009	unbinned
k79_23082	unbinned
k79_23191	unbinned
k79_23221	unbinned
k79_23249	unbinned
k79_23270	unbinned
k79_23277	unbinned
k79_23282	unbinned
k79_23535	unbinned
k79_23631	unbinned
k79_23645	unbinned
k79_23862	unbinned
k79_24047	unbinned
k79_24072	unbinned
k79_24287	unbinned
k79_24339	unbinned
k79_24439	unbinned
k79_24606	unbinned
k79_24669	unbinned
k79_25050	unbinned
k79_2512	unbinned
k79_2529	unbinned
k79_25329	unbinned
k79_25498	unbinned
k79_25848	unbinned
k79_25860	unbinned
k79_26035	unbinned
k79_26063	unbinned
k79_26408	unbinned
k79_26503	unbinned
k79_26670	unbinned
k79_26735	unbinned
k79_26998	unbinned
k79_27143	unbinned
k79_27232	unbinned
k79_27242	unbinned
k79_27285	unbinned
k79_27351	unbinned
k79_27408	unbinned
k79_27444	unbinned
k79_27454	unbinned
k79_27507	unbinned
k79_27605	unbinned
k79_27627	unbinned
k79_27662	unbinned
k79_27676	unbinned
k79_27683	unbinned
k79_27721	unbinned
k79_27780	unbinned
k79_27908	unbinned
k79_28406	unbinned
k79_28710	unbinned
k79_28725	unbinned
k79_28744	unbinned
k79_2880	unbinned
k79_28829	unbinned
k79_28839	unbinned
k79_28879	unbinned
k79_2898	unbinned
k79_29152	unbinned
k79_29179	unbinned
k79_29186	unbinned
k79_29324	unbinned
k79_29377	unbinned
k79_29406	unbinned
k79_29439	unbinned
k79_29453	unbinned
k79_29457	unbinned
k79_29477	unbinned
k79_29503	unbinned
k79_29586	unbinned
k79_29624	unbinned
k79_29636	unbinned
k79_29797	unbinned
k79_29816	unbinned
k79_29878	unbinned
k79_29932	unbinned
k79_30005	unbinned
k79_30050	unbinned
k79_30060	unbinned
k79_30080	unbinned
k79_30126	unbinned
k79_30145	unbinned
k79_30202	unbinned
k79_30302	unbinned
k79_30483	unbinned
k79_30629	unbinned
k79_30647	unbinned
k79_30723	unbinned
k79_30738	unbinned
k79_30894	unbinned
k79_3091	unbinned
k79_31037	unbinned
k79_31136	unbinned
k79_31181	unbinned
k79_31292	unbinned
k79_31455	unbinned
k79_31704	unbinned
k79_31758	unbinned
k79_31827	unbinned
k79_32050	unbinned
k79_3217	unbinned
k79_32220	unbinned
k79_32405	unbinned
k79_32432	unbinned
k79_32529	unbinned
k79_32549	unbinned
k79_32979	unbinned
k79_33	unbinned
k79_330	unbinned
k79_33016	unbinned
k79_33385	unbinned
k79_33402	unbinned
k79_33732	unbinned
k79_33770	unbinned
k79_33887	unbinned
k79_34003	unbinned
k79_34087	unbinned
k79_34095	unbinned
k79_34111	unbinned
k79_34156	unbinned
k79_3425	unbinned
k79_34262	unbinned
k79_34315	unbinned
k79_34337	unbinned
k79_34366	unbinned
k79_34367	unbinned
k79_34383	unbinned
k79_34672	unbinned
k79_34784	unbinned
k79_3489	unbinned
k79_34914	unbinned
k79_34942	unbinned
k79_35018	unbinned
k79_35168	unbinned
k79_35353	unbinned
k79_35410	unbinned
k79_35515	unbinned
k79_35653	unbinned
k79_35663	unbinned
k79_35667	unbinned
k79_35710	unbinned
k79_35830	unbinned
k79_35978	unbinned
k79_35996	unbinned
k79_36217	unbinned
k79_36358	unbinned
k79_36479	unbinned
k79_36589	unbinned
k79_36623	unbinned
k79_36637	unbinned
k79_36743	unbinned
k79_36937	unbinned
k79_37001	unbinned
k79_37136	unbinned
k79_37149	unbinned
k79_37213	unbinned
k79_37276	unbinned
k79_37327	unbinned
k79_37451	unbinned
k79_376	unbinned
k79_37644	unbinned
k79_37709	unbinned
k79_37915	unbinned
k79_37932	unbinned
k79_37976	unbinned
k79_38087	unbinned
k79_38090	unbinned
k79_38297	unbinned
k79_38408	unbinned
k79_3872	unbinned
k79_38742	unbinned
k79_38937	unbinned
k79_38967	unbinned
k79_39033	unbinned
k79_39126	unbinned
k79_39326	unbinned
k79_39355	unbinned
k79_39366	unbinned
k79_39438	unbinned
k79_39809	unbinned
k79_40079	unbinned
k79_40086	unbinned
k79_40124	unbinned
k79_40185	unbinned
k79_40329	unbinned
k79_40376	unbinned
k79_40408	unbinned
k79_40440	unbinned
k79_40531	unbinned
k79_40768	unbinned
k79_40769	unbinned
k79_40793	unbinned
k79_40917	unbinned
k79_40924	unbinned
k79_40935	unbinned
k79_41021	unbinned
k79_41103	unbinned
k79_41111	unbinned
k79_41363	unbinned
k79_41523	unbinned
k79_41867	unbinned
k79_41914	unbinned
k79_41963	unbinned
k79_41995	unbinned
k79_42051	unbinned
k79_42079	unbinned
k79_4223	unbinned
k79_42334	unbinned
k79_42387	unbinned
k79_42400	unbinned
k79_42405	unbinned
k79_42581	unbinned
k79_42590	unbinned
k79_42715	unbinned
k79_4293	unbinned
k79_43201	unbinned
k79_43317	unbinned
k79_43363	unbinned
k79_43398	unbinned
k79_43509	unbinned
k79_43673	unbinned
k79_43794	unbinned
k79_43859	unbinned
k79_43969	unbinned
k79_44006	unbinned
k79_44212	unbinned
k79_44368	unbinned
k79_44492	unbinned
k79_445	unbinned
k79_44525	unbinned
k79_44608	unbinned
k79_44764	unbinned
k79_44817	unbinned
k79_44819	unbinned
k79_44836	unbinned
k79_44841	unbinned
k79_44855	unbinned
k79_44885	unbinned
k79_45012	unbinned
k79_45056	unbinned
k79_45161	unbinned
k79_45175	unbinned
k79_45279	unbinned
k79_45302	unbinned
k79_45313	unbinned
k79_45381	unbinned
k79_45551	unbinned
k79_45556	unbinned
k79_45784	unbinned
k79_45869	unbinned
k79_46057	unbinned
k79_46112	unbinned
k79_46190	unbinned
k79_4627	unbinned
k79_46330	unbinned
k79_46360	unbinned
k79_46415	unbinned
k79_46498	unbinned
k79_46508	unbinned
k79_46710	unbinned
k79_46741	unbinned
k79_46795	unbinned
k79_46828	unbinned
k79_4709	unbinned
k79_47296	unbinned
k79_47422	unbinned
k79_47457	unbinned
k79_47486	unbinned
k79_47634	unbinned
k79_47647	unbinned
k79_47659	unbinned
k79_47930	unbinned
k79_48339	unbinned
k79_48360	unbinned
k79_48429	unbinned
k79_48477	unbinned
k79_48507	unbinned
k79_48575	unbinned
k79_48600	unbinned
k79_48733	unbinned
k79_48851	unbinned
k79_48977	unbinned
k79_49072	unbinned
k79_49436	unbinned
k79_49459	unbinned
k79_4946	unbinned
k79_49613	unbinned
k79_49724	unbinned
k79_49772	unbinned
k79_49981	unbinned
k79_50111	unbinned
k79_50197	unbinned
k79_50261	unbinned
k79_50274	unbinned
k79_50323	unbinned
k79_50539	unbinned
k79_50654	unbinned
k79_5068	unbinned
k79_50742	unbinned
k79_50913	unbinned
k79_51070	unbinned
k79_51160	unbinned
k79_51579	unbinned
k79_51747	unbinned
k79_51866	unbinned
k79_52326	unbinned
k79_52414	unbinned
k79_52661	unbinned
k79_52741	unbinned
k79_52852	unbinned
k79_53039	unbinned
k79_53196	unbinned
k79_53282	unbinned
k79_53339	unbinned
k79_53596	unbinned
k79_53797	unbinned
k79_53799	unbinned
k79_53843	unbinned
k79_54113	unbinned
k79_54123	unbinned
k79_54162	unbinned
k79_54225	unbinned
k79_54240	unbinned
k79_54271	unbinned
k79_54822	unbinned
k79_54850	unbinned
k79_54910	unbinned
k79_55145	unbinned
k79_55279	unbinned
k79_55302	unbinned
k79_55387	unbinned
k79_55396	unbinned
k79_55397	unbinned
k79_55408	unbinned
k79_55418	unbinned
k79_55562	unbinned
k79_55907	unbinned
k79_55992	unbinned
k79_56015	unbinned
k79_56314	unbinned
k79_5661	unbinned
k79_56917	unbinned
k79_56998	unbinned
k79_57374	unbinned
k79_57535	unbinned
k79_57539	unbinned
k79_57561	unbinned
k79_57757	unbinned
k79_5787	unbinned
k79_57928	unbinned
k79_57935	unbinned
k79_57944	unbinned
k79_5810	unbinned
k79_58148	unbinned
k79_58184	unbinned
k79_58217	unbinned
k79_58422	unbinned
k79_58448	unbinned
k79_58472	unbinned
k79_58520	unbinned
k79_5868	unbinned
k79_5887	unbinned
k79_58999	unbinned
k79_59017	unbinned
k79_59076	unbinned
k79_59109	unbinned
k79_59120	unbinned
k79_59187	unbinned
k79_59237	unbinned
k79_59268	unbinned
k79_59282	unbinned
k79_59283	unbinned
k79_59553	unbinned
k79_59799	unbinned
k79_59821	unbinned
k79_59925	unbinned
k79_60122	unbinned
k79_60147	unbinned
k79_60425	unbinned
k79_60464	unbinned
k79_60477	unbinned
k79_60811	unbinned
k79_61176	unbinned
k79_6144	unbinned
k79_61501	unbinned
k79_61533	unbinned
k79_6158	unbinned
k79_61590	unbinned
k79_6164	unbinned
k79_6171	unbinned
k79_62038	unbinned
k79_62049	unbinned
k79_62223	unbinned
k79_62226	unbinned
k79_62283	unbinned
k79_62373	unbinned
k79_62421	unbinned
k79_62464	unbinned
k79_62471	unbinned
k79_62718	unbinned
k79_62846	unbinned
k79_62849	unbinned
k79_63019	unbinned
k79_63169	unbinned
k79_63319	unbinned
k79_63369	unbinned
k79_63401	unbinned
k79_63468	unbinned
k79_63510	unbinned
k79_63636	unbinned
k79_63645	unbinned
k79_63750	unbinned
k79_63761	unbinned
k79_6377	unbinned
k79_63875	unbinned
k79_6402	unbinned
k79_64022	unbinned
k79_64141	unbinned
k79_64313	unbinned
k79_64378	unbinned
k79_64420	unbinned
k79_64505	unbinned
k79_64570	unbinned
k79_64625	unbinned
k79_64879	unbinned
k79_6506	unbinned
k79_65077	unbinned
k79_65187	unbinned
k79_65199	unbinned
k79_6527	unbinned
k79_65337	unbinned
k79_65340	unbinned
k79_65346	unbinned
k79_65365	unbinned
k79_65505	unbinned
k79_65654	unbinned
k79_65716	unbinned
k79_65750	unbinned
k79_65776	unbinned
k79_6594	unbinned
k79_6609	unbinned
k79_662	unbinned
k79_66293	unbinned
k79_66295	unbinned
k79_66469	unbinned
k79_66777	unbinned
k79_66971	unbinned
k79_6704	unbinned
k79_67115	unbinned
k79_67174	unbinned
k79_67269	unbinned
k79_67276	unbinned
k79_67486	unbinned
k79_67722	unbinned
k79_67764	unbinned
k79_67813	unbinned
k79_67814	unbinned
k79_67819	unbinned
k79_67822	unbinned
k79_6811	unbinned
k79_68167	unbinned
k79_6820	unbinned
k79_6826	unbinned
k79_68301	unbinned
k79_68361	unbinned
k79_68412	unbinned
k79_68631	unbinned
k79_68646	unbinned
k79_68814	unbinned
k79_69340	unbinned
k79_69344	unbinned
k79_69583	unbinned
k79_69589	unbinned
k79_69721	unbinned
k79_69789	unbinned
k79_6989	unbinned
k79_69980	unbinned
k79_7006	unbinned
k79_70126	unbinned
k79_70209	unbinned
k79_70368	unbinned
k79_70433	unbinned
k79_7044	unbinned
k79_70482	unbinned
k79_70542	unbinned
k79_70624	unbinned
k79_70667	unbinned
k79_71026	unbinned
k79_71040	unbinned
k79_71302	unbinned
k79_71424	unbinned
k79_71705	unbinned
k79_71961	unbinned
k79_72047	unbinned
k79_72085	unbinned
k79_72120	unbinned
k79_72132	unbinned
k79_72163	unbinned
k79_7241	unbinned
k79_72453	unbinned
k79_725	unbinned
k79_72687	unbinned
k79_72729	unbinned
k79_72864	unbinned
k79_72926	unbinned
k79_73099	unbinned
k79_73319	unbinned
k79_73335	unbinned
k79_73398	unbinned
k79_73417	unbinned
k79_73513	unbinned
k79_73514	unbinned
k79_73657	unbinned
k79_73705	unbinned
k79_73739	unbinned
k79_73805	unbinned
k79_73828	unbinned
k79_74053	unbinned
k79_7413	unbinned
k79_74629	unbinned
k79_74635	unbinned
k79_74673	unbinned
k79_74865	unbinned
k79_74901	unbinned
k79_74916	unbinned
k79_75023	unbinned
k79_75189	unbinned
k79_75218	unbinned
k79_75284	unbinned
k79_75289	unbinned
k79_7572	unbinned
k79_75740	unbinned
k79_75912	unbinned
k79_75947	unbinned
k79_76167	unbinned
k79_7622	unbinned
k79_76294	unbinned
k79_7636	unbinned
k79_76462	unbinned
k79_76524	unbinned
k79_76586	unbinned
k79_76654	unbinned
k79_76825	unbinned
k79_77028	unbinned
k79_77158	unbinned
k79_77497	unbinned
k79_77548	unbinned
k79_77753	unbinned
k79_77797	unbinned
k79_77979	unbinned
k79_78105	unbinned
k79_78169	unbinned
k79_78170	unbinned
k79_78624	unbinned
k79_78671	unbinned
k79_78681	unbinned
k79_78741	unbinned
k79_78744	unbinned
k79_78953	unbinned
k79_79109	unbinned
k79_79121	unbinned
k79_79302	unbinned
k79_79424	unbinned
k79_79760	unbinned
k79_79892	unbinned
k79_80120	unbinned
k79_80272	unbinned
k79_80529	unbinned
k79_80551	unbinned
k79_80955	unbinned
k79_81012	unbinned
k79_81067	unbinned
k79_81178	unbinned
k79_81432	unbinned
k79_81690	unbinned
k79_81743	unbinned
k79_81844	unbinned
k79_81933	unbinned
k79_8202	unbinned
k79_82099	unbinned
k79_82107	unbinned
k79_8211	unbinned
k79_82165	unbinned
k79_82318	unbinned
k79_82467	unbinned
k79_82576	unbinned
k79_82680	unbinned
k79_82721	unbinned
k79_82779	unbinned
k79_82781	unbinned
k79_82788	unbinned
k79_82846	unbinned
k79_83105	unbinned
k79_83438	unbinned
k79_83806	unbinned
k79_83870	unbinned
k79_84083	unbinned
k79_84183	unbinned
k79_84250	unbinned
k79_84270	unbinned
k79_84337	unbinned
k79_84439	unbinned
k79_84522	unbinned
k79_84571	unbinned
k79_84808	unbinned
k79_84817	unbinned
k79_84931	unbinned
k79_85412	unbinned
k79_85446	unbinned
k79_85588	unbinned
k79_85639	unbinned
k79_8569	unbinned
k79_85732	unbinned
k79_8584	unbinned
k79_85852	unbinned
k79_86317	unbinned
k79_86334	unbinned
k79_86541	unbinned
k79_86576	unbinned
k79_86669	unbinned
k79_86795	unbinned
k79_86801	unbinned
k79_86808	unbinned
k79_87067	unbinned
k79_87068	unbinned
k79_8725	unbinned
k79_87302	unbinned
k79_87490	unbinned
k79_87504	unbinned
k79_87678	unbinned
k79_87898	unbinned
k79_8796	unbinned
k79_8839	unbinned
k79_88428	unbinned
k79_88449	unbinned
k79_88517	unbinned
k79_88518	unbinned
k79_88610	unbinned
k79_88627	unbinned
k79_88766	unbinned
k79_8890	unbinned
k79_88938	unbinned
k79_88969	unbinned
k79_8910	unbinned
k79_895	unbinned
k79_8955	unbinned
k79_89696	unbinned
k79_90080	unbinned
k79_90142	unbinned
k79_90152	unbinned
k79_90236	unbinned
k79_90282	unbinned
k79_90285	unbinned
k79_90526	unbinned
k79_90641	unbinned
k79_90715	unbinned
k79_90746	unbinned
k79_90751	unbinned
k79_90771	unbinned
k79_90799	unbinned
k79_90911	unbinned
k79_90913	unbinned
k79_90922	unbinned
k79_9101	unbinned
k79_91019	unbinned
k79_91255	unbinned
k79_91352	unbinned
k79_9150	unbinned
k79_91530	unbinned
k79_91626	unbinned
k79_91803	unbinned
k79_91815	unbinned
k79_91852	unbinned
k79_92004	unbinned
k79_92015	unbinned
k79_92257	unbinned
k79_92323	unbinned
k79_92370	unbinned
k79_92511	unbinned
k79_92556	unbinned
k79_92597	unbinned
k79_9269	unbinned
k79_92725	unbinned
k79_92921	unbinned
k79_92968	unbinned
k79_92987	unbinned
k79_93033	unbinned
k79_93293	unbinned
k79_93298	unbinned
k79_93366	unbinned
k79_93471	unbinned
k79_9362	unbinned
k79_93682	unbinned
k79_93984	unbinned
k79_94123	unbinned
k79_94216	unbinned
k79_94258	unbinned
k79_94304	unbinned
k79_94467	unbinned
k79_94527	unbinned
k79_94531	unbinned
k79_9460	unbinned
k79_94638	unbinned
k79_94726	unbinned
k79_94813	unbinned
k79_94882	unbinned
k79_9490	unbinned
k79_94900	unbinned
k79_94927	unbinned
k79_94935	unbinned
k79_94994	unbinned
k79_95089	unbinned
k79_95117	unbinned
k79_95396	unbinned
k79_95412	unbinned
k79_95592	unbinned
k79_9570	unbinned
k79_95953	unbinned
k79_96011	unbinned
k79_96012	unbinned
k79_96029	unbinned
k79_96109	unbinned
k79_96346	unbinned
k79_9652	unbinned
k79_9769	unbinned
k79_9790	unbinned
k79_9807	unbinned
k79_10033	unbinned
k79_10088	unbinned
k79_10299	unbinned
k79_10372	unbinned
k79_1057	unbinned
k79_10574	unbinned
k79_10636	unbinned
k79_10699	unbinned
k79_10823	unbinned
k79_1089	unbinned
k79_10901	unbinned
k79_11351	unbinned
k79_11373	unbinned
k79_11658	unbinned
k79_11887	unbinned
k79_12139	unbinned
k79_1225	unbinned
k79_12408	unbinned
k79_12423	unbinned
k79_12433	unbinned
k79_12495	unbinned
k79_12526	unbinned
k79_12735	unbinned
k79_12898	unbinned
k79_12970	unbinned
k79_13060	unbinned
k79_1308	unbinned
k79_13115	unbinned
k79_13252	unbinned
k79_13283	unbinned
k79_13309	unbinned
k79_1345	unbinned
k79_13580	unbinned
k79_13844	unbinned
k79_13941	unbinned
k79_14201	unbinned
k79_14304	unbinned
k79_15053	unbinned
k79_15096	unbinned
k79_15145	unbinned
k79_15462	unbinned
k79_15696	unbinned
k79_15718	unbinned
k79_16200	unbinned
k79_1655	unbinned
k79_16595	unbinned
k79_16628	unbinned
k79_16716	unbinned
k79_16863	unbinned
k79_16964	unbinned
k79_16974	unbinned
k79_17181	unbinned
k79_17214	unbinned
k79_17241	unbinned
k79_17391	unbinned
k79_1747	unbinned
k79_18033	unbinned
k79_18036	unbinned
k79_182	unbinned
k79_18324	unbinned
k79_18405	unbinned
k79_18556	unbinned
k79_18583	unbinned
k79_18587	unbinned
k79_18662	unbinned
k79_18958	unbinned
k79_18984	unbinned
k79_19439	unbinned
k79_19479	unbinned
k79_19630	unbinned
k79_19854	unbinned
k79_19954	unbinned
k79_20026	unbinned
k79_20096	unbinned
k79_20123	unbinned
k79_20329	unbinned
k79_20407	unbinned
k79_20781	unbinned
k79_21272	unbinned
k79_21564	unbinned
k79_21699	unbinned
k79_21948	unbinned
k79_22403	unbinned
k79_22553	unbinned
k79_22610	unbinned
k79_22646	unbinned
k79_22700	unbinned
k79_22925	unbinned
k79_23054	unbinned
k79_23151	unbinned
k79_23401	unbinned
k79_23436	unbinned
k79_23522	unbinned
k79_23949	unbinned
k79_24066	unbinned
k79_24153	unbinned
k79_24230	unbinned
k79_24308	unbinned
k79_24377	unbinned
k79_24426	unbinned
k79_24465	unbinned
k79_24473	unbinned
k79_24637	unbinned
k79_24837	unbinned
k79_24928	unbinned
k79_25019	unbinned
k79_2555	unbinned
k79_26028	unbinned
k79_26070	unbinned
k79_26144	unbinned
k79_26600	unbinned
k79_26636	unbinned
k79_26770	unbinned
k79_2691	unbinned
k79_26954	unbinned
k79_27229	unbinned
k79_27237	unbinned
k79_27256	unbinned
k79_27498	unbinned
k79_2769	unbinned
k79_27698	unbinned
k79_2774	unbinned
k79_27781	unbinned
k79_27903	unbinned
k79_28072	unbinned
k79_28500	unbinned
k79_28535	unbinned
k79_28609	unbinned
k79_28639	unbinned
k79_28691	unbinned
k79_28868	unbinned
k79_29127	unbinned
k79_29216	unbinned
k79_29420	unbinned
k79_29495	unbinned
k79_29552	unbinned
k79_29562	unbinned
k79_29567	unbinned
k79_29631	unbinned
k79_29705	unbinned
k79_29770	unbinned
k79_30017	unbinned
k79_30048	unbinned
k79_30059	unbinned
k79_30211	unbinned
k79_30252	unbinned
k79_30409	unbinned
k79_30728	unbinned
k79_30739	unbinned
k79_30821	unbinned
k79_30955	unbinned
k79_31129	unbinned
k79_31162	unbinned
k79_31466	unbinned
k79_31679	unbinned
k79_31930	unbinned
k79_31989	unbinned
k79_32293	unbinned
k79_3231	unbinned
k79_3232	unbinned
k79_32362	unbinned
k79_32426	unbinned
k79_32439	unbinned
k79_32440	unbinned
k79_32576	unbinned
k79_32603	unbinned
k79_32610	unbinned
k79_32654	unbinned
k79_32756	unbinned
k79_32790	unbinned
k79_32925	unbinned
k79_33010	unbinned
k79_33155	unbinned
k79_33165	unbinned
k79_3330	unbinned
k79_33311	unbinned
k79_33517	unbinned
k79_33618	unbinned
k79_33800	unbinned
k79_33929	unbinned
k79_33976	unbinned
k79_34022	unbinned
k79_34269	unbinned
k79_34352	unbinned
k79_34438	unbinned
k79_34446	unbinned
k79_34498	unbinned
k79_34679	unbinned
k79_34838	unbinned
k79_35117	unbinned
k79_3542	unbinned
k79_35560	unbinned
k79_35634	unbinned
k79_3567	unbinned
k79_35724	unbinned
k79_3573	unbinned
k79_35814	unbinned
k79_35823	unbinned
k79_35852	unbinned
k79_35877	unbinned
k79_35920	unbinned
k79_35986	unbinned
k79_3607	unbinned
k79_36112	unbinned
k79_36152	unbinned
k79_36156	unbinned
k79_3623	unbinned
k79_36518	unbinned
k79_36600	unbinned
k79_36912	unbinned
k79_36933	unbinned
k79_36947	unbinned
k79_36957	unbinned
k79_37065	unbinned
k79_37400	unbinned
k79_37737	unbinned
k79_37763	unbinned
k79_37813	unbinned
k79_37905	unbinned
k79_38185	unbinned
k79_38188	unbinned
k79_384	unbinned
k79_38407	unbinned
k79_38495	unbinned
k79_3880	unbinned
k79_389	unbinned
k79_39001	unbinned
k79_39007	unbinned
k79_39081	unbinned
k79_39084	unbinned
k79_39178	unbinned
k79_39199	unbinned
k79_39265	unbinned
k79_39493	unbinned
k79_39538	unbinned
k79_39552	unbinned
k79_39580	unbinned
k79_3991	unbinned
k79_39989	unbinned
k79_40022	unbinned
k79_40056	unbinned
k79_40152	unbinned
k79_40214	unbinned
k79_40336	unbinned
k79_40338	unbinned
k79_40372	unbinned
k79_40892	unbinned
k79_40916	unbinned
k79_41000	unbinned
k79_41027	unbinned
k79_41074	unbinned
k79_41388	unbinned
k79_41578	unbinned
k79_41582	unbinned
k79_41584	unbinned
k79_41891	unbinned
k79_42130	unbinned
k79_42208	unbinned
k79_42456	unbinned
k79_42596	unbinned
k79_42600	unbinned
k79_42610	unbinned
k79_42652	unbinned
k79_42667	unbinned
k79_42835	unbinned
k79_43049	unbinned
k79_43167	unbinned
k79_43216	unbinned
k79_43223	unbinned
k79_43544	unbinned
k79_43574	unbinned
k79_43885	unbinned
k79_44000	unbinned
k79_44080	unbinned
k79_44153	unbinned
k79_44162	unbinned
k79_44220	unbinned
k79_44233	unbinned
k79_44356	unbinned
k79_44561	unbinned
k79_4513	unbinned
k79_45139	unbinned
k79_45343	unbinned
k79_45373	unbinned
k79_45382	unbinned
k79_4539	unbinned
k79_45554	unbinned
k79_45593	unbinned
k79_4565	unbinned
k79_45651	unbinned
k79_457	unbinned
k79_4601	unbinned
k79_46160	unbinned
k79_46306	unbinned
k79_46886	unbinned
k79_46952	unbinned
k79_47118	unbinned
k79_4723	unbinned
k79_47273	unbinned
k79_47294	unbinned
k79_47626	unbinned
k79_47688	unbinned
k79_47728	unbinned
k79_480	unbinned
k79_48080	unbinned
k79_48104	unbinned
k79_48133	unbinned
k79_48165	unbinned
k79_48288	unbinned
k79_48310	unbinned
k79_48433	unbinned
k79_48948	unbinned
k79_49025	unbinned
k79_49222	unbinned
k79_49223	unbinned
k79_49300	unbinned
k79_49338	unbinned
k79_50058	unbinned
k79_50119	unbinned
k79_50179	unbinned
k79_50445	unbinned
k79_50578	unbinned
k79_50611	unbinned
k79_50719	unbinned
k79_50835	unbinned
k79_51113	unbinned
k79_51115	unbinned
k79_51149	unbinned
k79_51424	unbinned
k79_51455	unbinned
k79_5168	unbinned
k79_51976	unbinned
k79_5221	unbinned
k79_5224	unbinned
k79_52302	unbinned
k79_52821	unbinned
k79_52855	unbinned
k79_53305	unbinned
k79_53346	unbinned
k79_53446	unbinned
k79_53478	unbinned
k79_53616	unbinned
k79_53706	unbinned
k79_53858	unbinned
k79_53899	unbinned
k79_54185	unbinned
k79_54194	unbinned
k79_54509	unbinned
k79_54861	unbinned
k79_55010	unbinned
k79_55181	unbinned
k79_55307	unbinned
k79_55660	unbinned
k79_55790	unbinned
k79_56013	unbinned
k79_56356	unbinned
k79_5667	unbinned
k79_56890	unbinned
k79_56940	unbinned
k79_57462	unbinned
k79_57614	unbinned
k79_57654	unbinned
k79_57695	unbinned
k79_57734	unbinned
k79_58029	unbinned
k79_58220	unbinned
k79_58324	unbinned
k79_58328	unbinned
k79_5833	unbinned
k79_58334	unbinned
k79_58768	unbinned
k79_58810	unbinned
k79_58989	unbinned
k79_59063	unbinned
k79_59298	unbinned
k79_59399	unbinned
k79_59447	unbinned
k79_59538	unbinned
k79_5978	unbinned
k79_59934	unbinned
k79_60157	unbinned
k79_60401	unbinned
k79_60486	unbinned
k79_60606	unbinned
k79_60886	unbinned
k79_6099	unbinned
k79_61051	unbinned
k79_61637	unbinned
k79_61727	unbinned
k79_61764	unbinned
k79_62003	unbinned
k79_62136	unbinned
k79_62146	unbinned
k79_62311	unbinned
k79_62380	unbinned
k79_62919	unbinned
k79_63014	unbinned
k79_63143	unbinned
k79_63473	unbinned
k79_63482	unbinned
k79_63665	unbinned
k79_63707	unbinned
k79_63815	unbinned
k79_63887	unbinned
k79_64037	unbinned
k79_64062	unbinned
k79_64065	unbinned
k79_64076	unbinned
k79_64222	unbinned
k79_64226	unbinned
k79_64278	unbinned
k79_64616	unbinned
k79_64664	unbinned
k79_64825	unbinned
k79_65308	unbinned
k79_65315	unbinned
k79_65565	unbinned
k79_65744	unbinned
k79_65849	unbinned
k79_66017	unbinned
k79_66037	unbinned
k79_66058	unbinned
k79_66195	unbinned
k79_66328	unbinned
k79_66374	unbinned
k79_66408	unbinned
k79_66421	unbinned
k79_6650	unbinned
k79_66574	unbinned
k79_66628	unbinned
k79_6666	unbinned
k79_6670	unbinned
k79_66826	unbinned
k79_66921	unbinned
k79_66931	unbinned
k79_67072	unbinned
k79_67448	unbinned
k79_67695	unbinned
k79_67770	unbinned
k79_68401	unbinned
k79_68855	unbinned
k79_68864	unbinned
k79_68879	unbinned
k79_68909	unbinned
k79_6901	unbinned
k79_69031	unbinned
k79_69162	unbinned
k79_69274	unbinned
k79_69369	unbinned
k79_69542	unbinned
k79_69645	unbinned
k79_70105	unbinned
k79_70171	unbinned
k79_70438	unbinned
k79_70693	unbinned
k79_71149	unbinned
k79_71224	unbinned
k79_71421	unbinned
k79_7147	unbinned
k79_72275	unbinned
k79_72373	unbinned
k79_72677	unbinned
k79_72730	unbinned
k79_73022	unbinned
k79_73134	unbinned
k79_7347	unbinned
k79_73996	unbinned
k79_74414	unbinned
k79_74494	unbinned
k79_74556	unbinned
k79_7463	unbinned
k79_74796	unbinned
k79_74861	unbinned
k79_75048	unbinned
k79_75690	unbinned
k79_7587	unbinned
k79_76172	unbinned
k79_76183	unbinned
k79_76231	unbinned
k79_76423	unbinned
k79_76532	unbinned
k79_76727	unbinned
k79_76768	unbinned
k79_76882	unbinned
k79_76920	unbinned
k79_772	unbinned
k79_77236	unbinned
k79_77369	unbinned
k79_77440	unbinned
k79_77627	unbinned
k79_77677	unbinned
k79_78179	unbinned
k79_78640	unbinned
k79_78762	unbinned
k79_79061	unbinned
k79_79297	unbinned
k79_79341	unbinned
k79_79774	unbinned
k79_79814	unbinned
k79_79950	unbinned
k79_79962	unbinned
k79_80649	unbinned
k79_80728	unbinned
k79_80916	unbinned
k79_81382	unbinned
k79_8155	unbinned
k79_81550	unbinned
k79_81552	unbinned
k79_8165	unbinned
k79_82329	unbinned
k79_82336	unbinned
k79_82359	unbinned
k79_82370	unbinned
k79_82424	unbinned
k79_82434	unbinned
k79_82473	unbinned
k79_82661	unbinned
k79_82862	unbinned
k79_83189	unbinned
k79_83304	unbinned
k79_83388	unbinned
k79_8350	unbinned
k79_83698	unbinned
k79_83867	unbinned
k79_8390	unbinned
k79_84064	unbinned
k79_84068	unbinned
k79_84086	unbinned
k79_84623	unbinned
k79_84723	unbinned
k79_84777	unbinned
k79_84782	unbinned
k79_84894	unbinned
k79_8497	unbinned
k79_85184	unbinned
k79_85334	unbinned
k79_8554	unbinned
k79_85623	unbinned
k79_8564	unbinned
k79_85761	unbinned
k79_85835	unbinned
k79_85965	unbinned
k79_86036	unbinned
k79_86139	unbinned
k79_8636	unbinned
k79_86414	unbinned
k79_86429	unbinned
k79_8645	unbinned
k79_86637	unbinned
k79_87111	unbinned
k79_87119	unbinned
k79_87344	unbinned
k79_8752	unbinned
k79_87656	unbinned
k79_87841	unbinned
k79_87959	unbinned
k79_88349	unbinned
k79_88618	unbinned
k79_88777	unbinned
k79_88837	unbinned
k79_88945	unbinned
k79_89062	unbinned
k79_89183	unbinned
k79_89274	unbinned
k79_89406	unbinned
k79_89572	unbinned
k79_89726	unbinned
k79_89766	unbinned
k79_90135	unbinned
k79_90326	unbinned
k79_90383	unbinned
k79_90395	unbinned
k79_90682	unbinned
k79_90725	unbinned
k79_90866	unbinned
k79_90895	unbinned
k79_91340	unbinned
k79_9149	unbinned
k79_91546	unbinned
k79_91849	unbinned
k79_91889	unbinned
k79_92171	unbinned
k79_92466	unbinned
k79_93223	unbinned
k79_93269	unbinned
k79_93314	unbinned
k79_93619	unbinned
k79_93881	unbinned
k79_94066	unbinned
k79_94280	unbinned
k79_94286	unbinned
k79_9441	unbinned
k79_94650	unbinned
k79_94662	unbinned
k79_95081	unbinned
k79_9514	unbinned
k79_95654	unbinned
k79_95754	unbinned
k79_96056	unbinned
k79_96183	unbinned
k79_96316	unbinned
k79_9721	unbinned
k79_985	unbinned
k79_1030	unbinned
k79_10364	unbinned
k79_10528	unbinned
k79_10549	unbinned
k79_10709	unbinned
k79_10808	unbinned
k79_11082	unbinned
k79_1110	unbinned
k79_11166	unbinned
k79_11196	unbinned
k79_11294	unbinned
k79_11353	unbinned
k79_11444	unbinned
k79_11485	unbinned
k79_11493	unbinned
k79_11717	unbinned
k79_11732	unbinned
k79_11743	unbinned
k79_11845	unbinned
k79_11874	unbinned
k79_12008	unbinned
k79_12024	unbinned
k79_12354	unbinned
k79_12355	unbinned
k79_12556	unbinned
k79_12585	unbinned
k79_12695	unbinned
k79_1279	unbinned
k79_12832	unbinned
k79_12851	unbinned
k79_12993	unbinned
k79_13027	unbinned
k79_13090	unbinned
k79_13187	unbinned
k79_1327	unbinned
k79_13290	unbinned
k79_13336	unbinned
k79_13351	unbinned
k79_13396	unbinned
k79_13423	unbinned
k79_13484	unbinned
k79_13526	unbinned
k79_13605	unbinned
k79_13672	unbinned
k79_13707	unbinned
k79_13926	unbinned
k79_1395	unbinned
k79_13954	unbinned
k79_14081	unbinned
k79_14181	unbinned
k79_14202	unbinned
k79_14234	unbinned
k79_14242	unbinned
k79_14307	unbinned
k79_14310	unbinned
k79_14328	unbinned
k79_14337	unbinned
k79_14424	unbinned
k79_14506	unbinned
k79_14559	unbinned
k79_1464	unbinned
k79_14642	unbinned
k79_14679	unbinned
k79_14697	unbinned
k79_1509	unbinned
k79_15339	unbinned
k79_15383	unbinned
k79_15485	unbinned
k79_15664	unbinned
k79_15686	unbinned
k79_15808	unbinned
k79_15870	unbinned
k79_16012	unbinned
k79_1604	unbinned
k79_16111	unbinned
k79_16441	unbinned
k79_16483	unbinned
k79_16554	unbinned
k79_16664	unbinned
k79_16717	unbinned
k79_16868	unbinned
k79_16871	unbinned
k79_16880	unbinned
k79_16918	unbinned
k79_16949	unbinned
k79_16970	unbinned
k79_1703	unbinned
k79_17090	unbinned
k79_17105	unbinned
k79_17221	unbinned
k79_17233	unbinned
k79_1725	unbinned
k79_17327	unbinned
k79_17347	unbinned
k79_17362	unbinned
k79_17407	unbinned
k79_17452	unbinned
k79_17503	unbinned
k79_17707	unbinned
k79_17737	unbinned
k79_17743	unbinned
k79_17784	unbinned
k79_17866	unbinned
k79_18049	unbinned
k79_18063	unbinned
k79_18168	unbinned
k79_18323	unbinned
k79_18378	unbinned
k79_18420	unbinned
k79_18426	unbinned
k79_18504	unbinned
k79_1861	unbinned
k79_18656	unbinned
k79_18685	unbinned
k79_18694	unbinned
k79_1881	unbinned
k79_18955	unbinned
k79_1896	unbinned
k79_18981	unbinned
k79_19113	unbinned
k79_19121	unbinned
k79_19136	unbinned
k79_19155	unbinned
k79_19359	unbinned
k79_19411	unbinned
k79_19434	unbinned
k79_19517	unbinned
k79_19565	unbinned
k79_19573	unbinned
k79_19604	unbinned
k79_19742	unbinned
k79_19826	unbinned
k79_19931	unbinned
k79_20105	unbinned
k79_20164	unbinned
k79_2017	unbinned
k79_20568	unbinned
k79_20589	unbinned
k79_20647	unbinned
k79_20689	unbinned
k79_20697	unbinned
k79_20700	unbinned
k79_20707	unbinned
k79_20766	unbinned
k79_20783	unbinned
k79_21029	unbinned
k79_2104	unbinned
k79_21176	unbinned
k79_21219	unbinned
k79_21253	unbinned
k79_21285	unbinned
k79_21305	unbinned
k79_2141	unbinned
k79_21493	unbinned
k79_2157	unbinned
k79_21635	unbinned
k79_21654	unbinned
k79_21673	unbinned
k79_21746	unbinned
k79_21771	unbinned
k79_21818	unbinned
k79_21863	unbinned
k79_22009	unbinned
k79_22165	unbinned
k79_22169	unbinned
k79_22196	unbinned
k79_22242	unbinned
k79_22313	unbinned
k79_22500	unbinned
k79_22648	unbinned
k79_22711	unbinned
k79_22871	unbinned
k79_22882	unbinned
k79_23382	unbinned
k79_23525	unbinned
k79_23612	unbinned
k79_23816	unbinned
k79_2394	unbinned
k79_23985	unbinned
k79_24013	unbinned
k79_24030	unbinned
k79_24052	unbinned
k79_24234	unbinned
k79_24302	unbinned
k79_2431	unbinned
k79_24376	unbinned
k79_24382	unbinned
k79_24568	unbinned
k79_24584	unbinned
k79_24685	unbinned
k79_24706	unbinned
k79_24759	unbinned
k79_25068	unbinned
k79_25096	unbinned
k79_25180	unbinned
k79_25333	unbinned
k79_25461	unbinned
k79_25462	unbinned
k79_25524	unbinned
k79_25598	unbinned
k79_25644	unbinned
k79_25670	unbinned
k79_25672	unbinned
k79_25739	unbinned
k79_25758	unbinned
k79_25790	unbinned
k79_25845	unbinned
k79_26080	unbinned
k79_26155	unbinned
k79_26299	unbinned
k79_26309	unbinned
k79_2635	unbinned
k79_26545	unbinned
k79_26608	unbinned
k79_26667	unbinned
k79_26685	unbinned
k79_26752	unbinned
k79_26900	unbinned
k79_27019	unbinned
k79_27075	unbinned
k79_27125	unbinned
k79_27313	unbinned
k79_27323	unbinned
k79_27430	unbinned
k79_27493	unbinned
k79_2752	unbinned
k79_27702	unbinned
k79_27881	unbinned
k79_27896	unbinned
k79_28049	unbinned
k79_28076	unbinned
k79_28084	unbinned
k79_28115	unbinned
k79_28288	unbinned
k79_28290	unbinned
k79_28314	unbinned
k79_28318	unbinned
k79_28341	unbinned
k79_28348	unbinned
k79_28426	unbinned
k79_28494	unbinned
k79_28510	unbinned
k79_28512	unbinned
k79_28568	unbinned
k79_28623	unbinned
k79_28659	unbinned
k79_28696	unbinned
k79_28989	unbinned
k79_29002	unbinned
k79_29022	unbinned
k79_29101	unbinned
k79_29254	unbinned
k79_29265	unbinned
k79_29302	unbinned
k79_2942	unbinned
k79_29526	unbinned
k79_2957	unbinned
k79_296	unbinned
k79_29745	unbinned
k79_29986	unbinned
k79_3001	unbinned
k79_30112	unbinned
k79_3012	unbinned
k79_30446	unbinned
k79_30465	unbinned
k79_30519	unbinned
k79_30529	unbinned
k79_30779	unbinned
k79_3086	unbinned
k79_3090	unbinned
k79_31047	unbinned
k79_31220	unbinned
k79_31262	unbinned
k79_31406	unbinned
k79_31528	unbinned
k79_31560	unbinned
k79_31606	unbinned
k79_31607	unbinned
k79_31655	unbinned
k79_31672	unbinned
k79_31713	unbinned
k79_31721	unbinned
k79_31789	unbinned
k79_31862	unbinned
k79_32032	unbinned
k79_32087	unbinned
k79_3211	unbinned
k79_32150	unbinned
k79_32255	unbinned
k79_32274	unbinned
k79_32370	unbinned
k79_32500	unbinned
k79_32524	unbinned
k79_32530	unbinned
k79_3259	unbinned
k79_32658	unbinned
k79_32722	unbinned
k79_32830	unbinned
k79_33024	unbinned
k79_33106	unbinned
k79_33351	unbinned
k79_33363	unbinned
k79_33382	unbinned
k79_33466	unbinned
k79_33488	unbinned
k79_33545	unbinned
k79_3355	unbinned
k79_33558	unbinned
k79_33657	unbinned
k79_3382	unbinned
k79_33824	unbinned
k79_33849	unbinned
k79_33852	unbinned
k79_33941	unbinned
k79_34064	unbinned
k79_34344	unbinned
k79_34345	unbinned
k79_34445	unbinned
k79_34496	unbinned
k79_34534	unbinned
k79_34645	unbinned
k79_34662	unbinned
k79_34706	unbinned
k79_34776	unbinned
k79_34910	unbinned
k79_34926	unbinned
k79_35054	unbinned
k79_35147	unbinned
k79_35192	unbinned
k79_35197	unbinned
k79_35222	unbinned
k79_35332	unbinned
k79_35467	unbinned
k79_35470	unbinned
k79_35530	unbinned
k79_35536	unbinned
k79_35557	unbinned
k79_35561	unbinned
k79_35754	unbinned
k79_35829	unbinned
k79_35918	unbinned
k79_35976	unbinned
k79_35985	unbinned
k79_36067	unbinned
k79_36184	unbinned
k79_36233	unbinned
k79_36440	unbinned
k79_36890	unbinned
k79_37037	unbinned
k79_37040	unbinned
k79_37119	unbinned
k79_37141	unbinned
k79_37168	unbinned
k79_37268	unbinned
k79_37280	unbinned
k79_37334	unbinned
k79_37367	unbinned
k79_37403	unbinned
k79_37436	unbinned
k79_37479	unbinned
k79_3757	unbinned
k79_37631	unbinned
k79_37741	unbinned
k79_37751	unbinned
k79_37806	unbinned
k79_3796	unbinned
k79_38022	unbinned
k79_38037	unbinned
k79_38054	unbinned
k79_38059	unbinned
k79_38069	unbinned
k79_38359	unbinned
k79_38552	unbinned
k79_3869	unbinned
k79_38805	unbinned
k79_38917	unbinned
k79_38987	unbinned
k79_3904	unbinned
k79_39156	unbinned
k79_39255	unbinned
k79_39270	unbinned
k79_39435	unbinned
k79_39459	unbinned
k79_3947	unbinned
k79_39524	unbinned
k79_39567	unbinned
k79_39620	unbinned
k79_3964	unbinned
k79_39755	unbinned
k79_39777	unbinned
k79_39781	unbinned
k79_39814	unbinned
k79_40222	unbinned
k79_40476	unbinned
k79_40494	unbinned
k79_4056	unbinned
k79_4070	unbinned
k79_40727	unbinned
k79_40796	unbinned
k79_4089	unbinned
k79_40985	unbinned
k79_41095	unbinned
k79_41205	unbinned
k79_41477	unbinned
k79_41663	unbinned
k79_41667	unbinned
k79_41695	unbinned
k79_41703	unbinned
k79_41845	unbinned
k79_41857	unbinned
k79_41897	unbinned
k79_4210	unbinned
k79_42299	unbinned
k79_42304	unbinned
k79_42396	unbinned
k79_42468	unbinned
k79_42542	unbinned
k79_42553	unbinned
k79_4270	unbinned
k79_4284	unbinned
k79_4288	unbinned
k79_43045	unbinned
k79_43102	unbinned
k79_43104	unbinned
k79_43107	unbinned
k79_43212	unbinned
k79_43240	unbinned
k79_43265	unbinned
k79_43314	unbinned
k79_43326	unbinned
k79_43377	unbinned
k79_43378	unbinned
k79_4343	unbinned
k79_43480	unbinned
k79_43584	unbinned
k79_4363	unbinned
k79_43641	unbinned
k79_43735	unbinned
k79_43995	unbinned
k79_44213	unbinned
k79_44246	unbinned
k79_44428	unbinned
k79_44436	unbinned
k79_4450	unbinned
k79_44591	unbinned
k79_44692	unbinned
k79_44834	unbinned
k79_44852	unbinned
k79_4495	unbinned
k79_45081	unbinned
k79_45104	unbinned
k79_4516	unbinned
k79_45261	unbinned
k79_45266	unbinned
k79_45414	unbinned
k79_45460	unbinned
k79_45610	unbinned
k79_4564	unbinned
k79_458	unbinned
k79_4585	unbinned
k79_45877	unbinned
k79_45890	unbinned
k79_45927	unbinned
k79_46114	unbinned
k79_46223	unbinned
k79_46263	unbinned
k79_46329	unbinned
k79_46417	unbinned
k79_46557	unbinned
k79_46562	unbinned
k79_46691	unbinned
k79_46747	unbinned
k79_46794	unbinned
k79_46852	unbinned
k79_47055	unbinned
k79_4706	unbinned
k79_4710	unbinned
k79_47256	unbinned
k79_47325	unbinned
k79_47360	unbinned
k79_47410	unbinned
k79_47604	unbinned
k79_47641	unbinned
k79_47717	unbinned
k79_4788	unbinned
k79_47941	unbinned
k79_4807	unbinned
k79_48089	unbinned
k79_48098	unbinned
k79_48116	unbinned
k79_48138	unbinned
k79_48324	unbinned
k79_48565	unbinned
k79_48577	unbinned
k79_48643	unbinned
k79_48691	unbinned
k79_4881	unbinned
k79_48990	unbinned
k79_49115	unbinned
k79_49328	unbinned
k79_49477	unbinned
k79_4957	unbinned
k79_49625	unbinned
k79_49650	unbinned
k79_49859	unbinned
k79_49876	unbinned
k79_49884	unbinned
k79_49912	unbinned
k79_50006	unbinned
k79_5007	unbinned
k79_5011	unbinned
k79_50248	unbinned
k79_50288	unbinned
k79_50295	unbinned
k79_50696	unbinned
k79_50720	unbinned
k79_50751	unbinned
k79_50908	unbinned
k79_51031	unbinned
k79_51316	unbinned
k79_51459	unbinned
k79_51730	unbinned
k79_51751	unbinned
k79_51810	unbinned
k79_51959	unbinned
k79_52134	unbinned
k79_5215	unbinned
k79_52315	unbinned
k79_5239	unbinned
k79_52456	unbinned
k79_52509	unbinned
k79_5253	unbinned
k79_52543	unbinned
k79_52547	unbinned
k79_52662	unbinned
k79_52740	unbinned
k79_52842	unbinned
k79_52939	unbinned
k79_53014	unbinned
k79_5304	unbinned
k79_53164	unbinned
k79_53372	unbinned
k79_53390	unbinned
k79_53428	unbinned
k79_53429	unbinned
k79_53555	unbinned
k79_53609	unbinned
k79_53683	unbinned
k79_53881	unbinned
k79_5405	unbinned
k79_54051	unbinned
k79_54089	unbinned
k79_54206	unbinned
k79_54315	unbinned
k79_54398	unbinned
k79_54469	unbinned
k79_54479	unbinned
k79_5456	unbinned
k79_54618	unbinned
k79_55054	unbinned
k79_55071	unbinned
k79_55087	unbinned
k79_55106	unbinned
k79_55125	unbinned
k79_55255	unbinned
k79_55303	unbinned
k79_55328	unbinned
k79_55656	unbinned
k79_55803	unbinned
k79_5582	unbinned
k79_55843	unbinned
k79_5603	unbinned
k79_56097	unbinned
k79_56309	unbinned
k79_56311	unbinned
k79_56384	unbinned
k79_56425	unbinned
k79_56447	unbinned
k79_56482	unbinned
k79_5656	unbinned
k79_56775	unbinned
k79_56820	unbinned
k79_56992	unbinned
k79_57011	unbinned
k79_5704	unbinned
k79_57244	unbinned
k79_57252	unbinned
k79_57268	unbinned
k79_57437	unbinned
k79_57543	unbinned
k79_57680	unbinned
k79_57836	unbinned
k79_57839	unbinned
k79_57984	unbinned
k79_5816	unbinned
k79_58170	unbinned
k79_58239	unbinned
k79_58242	unbinned
k79_58363	unbinned
k79_58457	unbinned
k79_58462	unbinned
k79_58500	unbinned
k79_58513	unbinned
k79_58567	unbinned
k79_58642	unbinned
k79_58773	unbinned
k79_5883	unbinned
k79_58837	unbinned
k79_58876	unbinned
k79_58901	unbinned
k79_59016	unbinned
k79_59040	unbinned
k79_59061	unbinned
k79_59074	unbinned
k79_59140	unbinned
k79_59184	unbinned
k79_59204	unbinned
k79_59412	unbinned
k79_59542	unbinned
k79_59578	unbinned
k79_5962	unbinned
k79_59874	unbinned
k79_59997	unbinned
k79_6000	unbinned
k79_60060	unbinned
k79_60166	unbinned
k79_60195	unbinned
k79_60209	unbinned
k79_60301	unbinned
k79_6045	unbinned
k79_606	unbinned
k79_60646	unbinned
k79_60648	unbinned
k79_6069	unbinned
k79_60862	unbinned
k79_6089	unbinned
k79_60907	unbinned
k79_6096	unbinned
k79_60977	unbinned
k79_60992	unbinned
k79_61347	unbinned
k79_61392	unbinned
k79_6155	unbinned
k79_61581	unbinned
k79_61598	unbinned
k79_61652	unbinned
k79_61687	unbinned
k79_61785	unbinned
k79_61861	unbinned
k79_61878	unbinned
k79_61888	unbinned
k79_61914	unbinned
k79_62019	unbinned
k79_62055	unbinned
k79_62068	unbinned
k79_62087	unbinned
k79_62115	unbinned
k79_62159	unbinned
k79_62248	unbinned
k79_62278	unbinned
k79_62401	unbinned
k79_62460	unbinned
k79_62602	unbinned
k79_62727	unbinned
k79_62833	unbinned
k79_62993	unbinned
k79_63135	unbinned
k79_63160	unbinned
k79_63376	unbinned
k79_63378	unbinned
k79_63400	unbinned
k79_63498	unbinned
k79_63535	unbinned
k79_6360	unbinned
k79_63650	unbinned
k79_63682	unbinned
k79_63752	unbinned
k79_6388	unbinned
k79_63927	unbinned
k79_64063	unbinned
k79_64070	unbinned
k79_64158	unbinned
k79_64258	unbinned
k79_64398	unbinned
k79_64482	unbinned
k79_64569	unbinned
k79_64661	unbinned
k79_64781	unbinned
k79_64808	unbinned
k79_64927	unbinned
k79_65029	unbinned
k79_65139	unbinned
k79_65281	unbinned
k79_65318	unbinned
k79_65380	unbinned
k79_654	unbinned
k79_65420	unbinned
k79_65544	unbinned
k79_65559	unbinned
k79_65620	unbinned
k79_65648	unbinned
k79_65675	unbinned
k79_65958	unbinned
k79_66038	unbinned
k79_66089	unbinned
k79_66242	unbinned
k79_66273	unbinned
k79_66321	unbinned
k79_66379	unbinned
k79_66452	unbinned
k79_66458	unbinned
k79_66569	unbinned
k79_66577	unbinned
k79_66589	unbinned
k79_66644	unbinned
k79_66863	unbinned
k79_66909	unbinned
k79_66919	unbinned
k79_66963	unbinned
k79_67182	unbinned
k79_67401	unbinned
k79_67432	unbinned
k79_6744	unbinned
k79_67513	unbinned
k79_67685	unbinned
k79_67710	unbinned
k79_67720	unbinned
k79_67766	unbinned
k79_67826	unbinned
k79_67966	unbinned
k79_68061	unbinned
k79_68083	unbinned
k79_68131	unbinned
k79_68156	unbinned
k79_68235	unbinned
k79_68237	unbinned
k79_6827	unbinned
k79_68271	unbinned
k79_68352	unbinned
k79_68386	unbinned
k79_68456	unbinned
k79_68602	unbinned
k79_68604	unbinned
k79_6867	unbinned
k79_68676	unbinned
k79_68860	unbinned
k79_68887	unbinned
k79_68915	unbinned
k79_69006	unbinned
k79_69135	unbinned
k79_69181	unbinned
k79_69285	unbinned
k79_69286	unbinned
k79_69307	unbinned
k79_69315	unbinned
k79_69401	unbinned
k79_69487	unbinned
k79_69508	unbinned
k79_69568	unbinned
k79_69592	unbinned
k79_69620	unbinned
k79_69892	unbinned
k79_699	unbinned
k79_700	unbinned
k79_70062	unbinned
k79_70158	unbinned
k79_70178	unbinned
k79_70341	unbinned
k79_70343	unbinned
k79_70503	unbinned
k79_70580	unbinned
k79_70638	unbinned
k79_70683	unbinned
k79_7071	unbinned
k79_7072	unbinned
k79_70740	unbinned
k79_70751	unbinned
k79_70822	unbinned
k79_70956	unbinned
k79_71245	unbinned
k79_7127	unbinned
k79_71353	unbinned
k79_71494	unbinned
k79_71778	unbinned
k79_71842	unbinned
k79_71943	unbinned
k79_71988	unbinned
k79_72049	unbinned
k79_72169	unbinned
k79_72231	unbinned
k79_72236	unbinned
k79_72274	unbinned
k79_72423	unbinned
k79_72439	unbinned
k79_72539	unbinned
k79_72555	unbinned
k79_72565	unbinned
k79_72613	unbinned
k79_7263	unbinned
k79_72710	unbinned
k79_72740	unbinned
k79_729	unbinned
k79_72937	unbinned
k79_73178	unbinned
k79_73187	unbinned
k79_7319	unbinned
k79_73282	unbinned
k79_73289	unbinned
k79_73351	unbinned
k79_73363	unbinned
k79_73369	unbinned
k79_73486	unbinned
k79_73495	unbinned
k79_73500	unbinned
k79_7361	unbinned
k79_73622	unbinned
k79_73795	unbinned
k79_73933	unbinned
k79_73995	unbinned
k79_74012	unbinned
k79_74051	unbinned
k79_7412	unbinned
k79_74126	unbinned
k79_74186	unbinned
k79_74275	unbinned
k79_74336	unbinned
k79_74360	unbinned
k79_74488	unbinned
k79_74530	unbinned
k79_74663	unbinned
k79_7472	unbinned
k79_74746	unbinned
k79_74809	unbinned
k79_74821	unbinned
k79_74952	unbinned
k79_75047	unbinned
k79_75111	unbinned
k79_75114	unbinned
k79_75523	unbinned
k79_756	unbinned
k79_75661	unbinned
k79_75710	unbinned
k79_75728	unbinned
k79_75869	unbinned
k79_76089	unbinned
k79_7618	unbinned
k79_76212	unbinned
k79_76278	unbinned
k79_76280	unbinned
k79_76468	unbinned
k79_76574	unbinned
k79_76686	unbinned
k79_76787	unbinned
k79_76994	unbinned
k79_7703	unbinned
k79_77132	unbinned
k79_77157	unbinned
k79_77163	unbinned
k79_77180	unbinned
k79_77212	unbinned
k79_7727	unbinned
k79_77277	unbinned
k79_77347	unbinned
k79_77499	unbinned
k79_77520	unbinned
k79_77718	unbinned
k79_77725	unbinned
k79_77852	unbinned
k79_78101	unbinned
k79_78150	unbinned
k79_7817	unbinned
k79_78218	unbinned
k79_78262	unbinned
k79_78359	unbinned
k79_78373	unbinned
k79_78591	unbinned
k79_7861	unbinned
k79_78646	unbinned
k79_78706	unbinned
k79_78707	unbinned
k79_78804	unbinned
k79_78841	unbinned
k79_78909	unbinned
k79_78963	unbinned
k79_79015	unbinned
k79_79224	unbinned
k79_79260	unbinned
k79_79268	unbinned
k79_79285	unbinned
k79_79398	unbinned
k79_79425	unbinned
k79_79429	unbinned
k79_79494	unbinned
k79_79529	unbinned
k79_79586	unbinned
k79_79670	unbinned
k79_79722	unbinned
k79_79752	unbinned
k79_79792	unbinned
k79_79820	unbinned
k79_80137	unbinned
k79_80161	unbinned
k79_80202	unbinned
k79_80248	unbinned
k79_80401	unbinned
k79_80404	unbinned
k79_80434	unbinned
k79_80473	unbinned
k79_8049	unbinned
k79_80634	unbinned
k79_80711	unbinned
k79_80814	unbinned
k79_80913	unbinned
k79_80940	unbinned
k79_81051	unbinned
k79_811	unbinned
k79_81129	unbinned
k79_81294	unbinned
k79_81314	unbinned
k79_81321	unbinned
k79_81334	unbinned
k79_81456	unbinned
k79_81473	unbinned
k79_81533	unbinned
k79_81632	unbinned
k79_81639	unbinned
k79_81726	unbinned
k79_81761	unbinned
k79_81822	unbinned
k79_81831	unbinned
k79_81851	unbinned
k79_82150	unbinned
k79_82346	unbinned
k79_82438	unbinned
k79_82439	unbinned
k79_82512	unbinned
k79_82656	unbinned
k79_82764	unbinned
k79_82772	unbinned
k79_82868	unbinned
k79_82912	unbinned
k79_83193	unbinned
k79_83219	unbinned
k79_83225	unbinned
k79_83296	unbinned
k79_83330	unbinned
k79_83356	unbinned
k79_8349	unbinned
k79_83593	unbinned
k79_83702	unbinned
k79_83788	unbinned
k79_838	unbinned
k79_83815	unbinned
k79_83919	unbinned
k79_84001	unbinned
k79_84146	unbinned
k79_84193	unbinned
k79_84207	unbinned
k79_84309	unbinned
k79_84346	unbinned
k79_84349	unbinned
k79_84396	unbinned
k79_84514	unbinned
k79_84681	unbinned
k79_84722	unbinned
k79_8475	unbinned
k79_84795	unbinned
k79_8493	unbinned
k79_85078	unbinned
k79_85191	unbinned
k79_85207	unbinned
k79_8543	unbinned
k79_85500	unbinned
k79_85577	unbinned
k79_8561	unbinned
k79_85654	unbinned
k79_85696	unbinned
k79_85706	unbinned
k79_85723	unbinned
k79_8605	unbinned
k79_86072	unbinned
k79_86311	unbinned
k79_86559	unbinned
k79_86691	unbinned
k79_86743	unbinned
k79_86745	unbinned
k79_86902	unbinned
k79_86909	unbinned
k79_86954	unbinned
k79_86975	unbinned
k79_87034	unbinned
k79_87126	unbinned
k79_87186	unbinned
k79_87223	unbinned
k79_87235	unbinned
k79_87252	unbinned
k79_87419	unbinned
k79_87421	unbinned
k79_87560	unbinned
k79_87648	unbinned
k79_8769	unbinned
k79_87797	unbinned
k79_8792	unbinned
k79_88136	unbinned
k79_88332	unbinned
k79_88361	unbinned
k79_88504	unbinned
k79_88594	unbinned
k79_88619	unbinned
k79_89052	unbinned
k79_89124	unbinned
k79_89253	unbinned
k79_89269	unbinned
k79_8937	unbinned
k79_894	unbinned
k79_89454	unbinned
k79_89912	unbinned
k79_89985	unbinned
k79_90005	unbinned
k79_90070	unbinned
k79_90117	unbinned
k79_90165	unbinned
k79_90166	unbinned
k79_90186	unbinned
k79_90203	unbinned
k79_90316	unbinned
k79_90358	unbinned
k79_90397	unbinned
k79_9043	unbinned
k79_9045	unbinned
k79_90556	unbinned
k79_90752	unbinned
k79_90805	unbinned
k79_90933	unbinned
k79_90957	unbinned
k79_91301	unbinned
k79_91319	unbinned
k79_91326	unbinned
k79_91428	unbinned
k79_91435	unbinned
k79_91492	unbinned
k79_91538	unbinned
k79_91542	unbinned
k79_91549	unbinned
k79_91554	unbinned
k79_91583	unbinned
k79_91723	unbinned
k79_91805	unbinned
k79_91831	unbinned
k79_91905	unbinned
k79_91936	unbinned
k79_91989	unbinned
k79_92072	unbinned
k79_92120	unbinned
k79_9230	unbinned
k79_92333	unbinned
k79_92353	unbinned
k79_925	unbinned
k79_9254	unbinned
k79_92648	unbinned
k79_92680	unbinned
k79_92838	unbinned
k79_93232	unbinned
k79_93326	unbinned
k79_93339	unbinned
k79_93377	unbinned
k79_93932	unbinned
k79_94101	unbinned
k79_9421	unbinned
k79_94510	unbinned
k79_94555	unbinned
k79_94594	unbinned
k79_94804	unbinned
k79_94826	unbinned
k79_94864	unbinned
k79_950	unbinned
k79_95058	unbinned
k79_95106	unbinned
k79_95217	unbinned
k79_95495	unbinned
k79_95505	unbinned
k79_95534	unbinned
k79_95562	unbinned
k79_95583	unbinned
k79_95697	unbinned
k79_95698	unbinned
k79_95788	unbinned
k79_96053	unbinned
k79_96081	unbinned
k79_96256	unbinned
k79_96290	unbinned
k79_96336	unbinned
k79_96355	unbinned
k79_9694	unbinned
k79_976	unbinned
k79_9767	unbinned
k79_9894	unbinned
k79_10064	unbinned
k79_10356	unbinned
k79_10885	unbinned
k79_114	unbinned
k79_1149	unbinned
k79_11492	unbinned
k79_11643	unbinned
k79_12534	unbinned
k79_12540	unbinned
k79_1270	unbinned
k79_12780	unbinned
k79_12843	unbinned
k79_13176	unbinned
k79_13558	unbinned
k79_13586	unbinned
k79_14457	unbinned
k79_14546	unbinned
k79_14563	unbinned
k79_14630	unbinned
k79_14945	unbinned
k79_15014	unbinned
k79_15254	unbinned
k79_15260	unbinned
k79_15291	unbinned
k79_15293	unbinned
k79_15295	unbinned
k79_15511	unbinned
k79_15512	unbinned
k79_15641	unbinned
k79_15970	unbinned
k79_16040	unbinned
k79_16080	unbinned
k79_16208	unbinned
k79_16304	unbinned
k79_16737	unbinned
k79_16765	unbinned
k79_16809	unbinned
k79_1682	unbinned
k79_17041	unbinned
k79_17445	unbinned
k79_17730	unbinned
k79_17945	unbinned
k79_18304	unbinned
k79_1846	unbinned
k79_18565	unbinned
k79_18902	unbinned
k79_19254	unbinned
k79_19556	unbinned
k79_1973	unbinned
k79_201	unbinned
k79_20240	unbinned
k79_20451	unbinned
k79_20544	unbinned
k79_21983	unbinned
k79_22071	unbinned
k79_22148	unbinned
k79_22451	unbinned
k79_23105	unbinned
k79_23113	unbinned
k79_2315	unbinned
k79_23164	unbinned
k79_23171	unbinned
k79_23267	unbinned
k79_23486	unbinned
k79_23618	unbinned
k79_2402	unbinned
k79_24314	unbinned
k79_24373	unbinned
k79_24407	unbinned
k79_24496	unbinned
k79_25020	unbinned
k79_25094	unbinned
k79_2563	unbinned
k79_259	unbinned
k79_25945	unbinned
k79_26009	unbinned
k79_26116	unbinned
k79_26268	unbinned
k79_26316	unbinned
k79_27089	unbinned
k79_2709	unbinned
k79_27159	unbinned
k79_27210	unbinned
k79_27260	unbinned
k79_27341	unbinned
k79_28017	unbinned
k79_28748	unbinned
k79_2915	unbinned
k79_29444	unbinned
k79_29883	unbinned
k79_29937	unbinned
k79_29944	unbinned
k79_30008	unbinned
k79_30344	unbinned
k79_30948	unbinned
k79_31085	unbinned
k79_311	unbinned
k79_31432	unbinned
k79_31443	unbinned
k79_31841	unbinned
k79_32152	unbinned
k79_32153	unbinned
k79_3223	unbinned
k79_32468	unbinned
k79_32567	unbinned
k79_32597	unbinned
k79_33046	unbinned
k79_33083	unbinned
k79_33337	unbinned
k79_33347	unbinned
k79_34157	unbinned
k79_344	unbinned
k79_34701	unbinned
k79_34719	unbinned
k79_34946	unbinned
k79_3503	unbinned
k79_35238	unbinned
k79_35272	unbinned
k79_35298	unbinned
k79_35326	unbinned
k79_35963	unbinned
k79_36278	unbinned
k79_36472	unbinned
k79_36655	unbinned
k79_36690	unbinned
k79_37487	unbinned
k79_37921	unbinned
k79_38158	unbinned
k79_38215	unbinned
k79_38338	unbinned
k79_38354	unbinned
k79_3853	unbinned
k79_39216	unbinned
k79_39890	unbinned
k79_40522	unbinned
k79_40678	unbinned
k79_414	unbinned
k79_41756	unbinned
k79_42230	unbinned
k79_42327	unbinned
k79_42538	unbinned
k79_42545	unbinned
k79_42620	unbinned
k79_43058	unbinned
k79_43434	unbinned
k79_4347	unbinned
k79_43700	unbinned
k79_43894	unbinned
k79_44511	unbinned
k79_44530	unbinned
k79_44734	unbinned
k79_45011	unbinned
k79_45043	unbinned
k79_452	unbinned
k79_45550	unbinned
k79_4556	unbinned
k79_4570	unbinned
k79_46433	unbinned
k79_46717	unbinned
k79_46882	unbinned
k79_46997	unbinned
k79_47477	unbinned
k79_47849	unbinned
k79_48340	unbinned
k79_48496	unbinned
k79_48864	unbinned
k79_4899	unbinned
k79_49272	unbinned
k79_49781	unbinned
k79_4999	unbinned
k79_50397	unbinned
k79_50459	unbinned
k79_50500	unbinned
k79_50667	unbinned
k79_50718	unbinned
k79_50815	unbinned
k79_51181	unbinned
k79_51254	unbinned
k79_51257	unbinned
k79_51511	unbinned
k79_51542	unbinned
k79_51639	unbinned
k79_51699	unbinned
k79_51986	unbinned
k79_52141	unbinned
k79_52554	unbinned
k79_52753	unbinned
k79_53166	unbinned
k79_53444	unbinned
k79_53526	unbinned
k79_53819	unbinned
k79_53969	unbinned
k79_54289	unbinned
k79_54373	unbinned
k79_54420	unbinned
k79_54624	unbinned
k79_55117	unbinned
k79_55467	unbinned
k79_55891	unbinned
k79_56069	unbinned
k79_56070	unbinned
k79_5628	unbinned
k79_56412	unbinned
k79_56422	unbinned
k79_56514	unbinned
k79_57164	unbinned
k79_58271	unbinned
k79_58403	unbinned
k79_58546	unbinned
k79_59007	unbinned
k79_59026	unbinned
k79_59311	unbinned
k79_59696	unbinned
k79_59978	unbinned
k79_60001	unbinned
k79_6003	unbinned
k79_60098	unbinned
k79_60205	unbinned
k79_60346	unbinned
k79_60926	unbinned
k79_61556	unbinned
k79_61657	unbinned
k79_61666	unbinned
k79_6175	unbinned
k79_61830	unbinned
k79_61906	unbinned
k79_62067	unbinned
k79_62237	unbinned
k79_62634	unbinned
k79_62854	unbinned
k79_63032	unbinned
k79_63351	unbinned
k79_63783	unbinned
k79_6385	unbinned
k79_64014	unbinned
k79_64025	unbinned
k79_64575	unbinned
k79_64926	unbinned
k79_64972	unbinned
k79_650	unbinned
k79_65513	unbinned
k79_65609	unbinned
k79_65678	unbinned
k79_65684	unbinned
k79_65786	unbinned
k79_66678	unbinned
k79_66815	unbinned
k79_66833	unbinned
k79_67022	unbinned
k79_67081	unbinned
k79_67293	unbinned
k79_68066	unbinned
k79_68111	unbinned
k79_6854	unbinned
k79_68685	unbinned
k79_6887	unbinned
k79_68999	unbinned
k79_6902	unbinned
k79_69243	unbinned
k79_69748	unbinned
k79_70706	unbinned
k79_70913	unbinned
k79_7159	unbinned
k79_71628	unbinned
k79_73287	unbinned
k79_735	unbinned
k79_7367	unbinned
k79_73674	unbinned
k79_73693	unbinned
k79_73753	unbinned
k79_73822	unbinned
k79_74135	unbinned
k79_74303	unbinned
k79_74620	unbinned
k79_74625	unbinned
k79_74657	unbinned
k79_75327	unbinned
k79_75509	unbinned
k79_75591	unbinned
k79_75796	unbinned
k79_75899	unbinned
k79_76370	unbinned
k79_76426	unbinned
k79_76542	unbinned
k79_76580	unbinned
k79_76689	unbinned
k79_76811	unbinned
k79_76839	unbinned
k79_77434	unbinned
k79_7821	unbinned
k79_78227	unbinned
k79_78229	unbinned
k79_78230	unbinned
k79_7844	unbinned
k79_78684	unbinned
k79_78693	unbinned
k79_78837	unbinned
k79_78852	unbinned
k79_78875	unbinned
k79_79146	unbinned
k79_79194	unbinned
k79_79337	unbinned
k79_795	unbinned
k79_79605	unbinned
k79_80746	unbinned
k79_80960	unbinned
k79_80975	unbinned
k79_80993	unbinned
k79_81491	unbinned
k79_81759	unbinned
k79_81821	unbinned
k79_81845	unbinned
k79_81906	unbinned
k79_81920	unbinned
k79_81937	unbinned
k79_82093	unbinned
k79_8218	unbinned
k79_82407	unbinned
k79_82413	unbinned
k79_8327	unbinned
k79_8347	unbinned
k79_83479	unbinned
k79_83996	unbinned
k79_84149	unbinned
k79_84476	unbinned
k79_84624	unbinned
k79_84629	unbinned
k79_84652	unbinned
k79_84846	unbinned
k79_84992	unbinned
k79_85058	unbinned
k79_85653	unbinned
k79_8588	unbinned
k79_8592	unbinned
k79_86110	unbinned
k79_86188	unbinned
k79_86308	unbinned
k79_86512	unbinned
k79_86805	unbinned
k79_86856	unbinned
k79_86998	unbinned
k79_87251	unbinned
k79_87664	unbinned
k79_87721	unbinned
k79_87846	unbinned
k79_87906	unbinned
k79_88167	unbinned
k79_88225	unbinned
k79_8826	unbinned
k79_88791	unbinned
k79_88950	unbinned
k79_89547	unbinned
k79_89642	unbinned
k79_89712	unbinned
k79_89859	unbinned
k79_89873	unbinned
k79_89961	unbinned
k79_90095	unbinned
k79_90416	unbinned
k79_90654	unbinned
k79_90986	unbinned
k79_9114	unbinned
k79_91277	unbinned
k79_91572	unbinned
k79_9162	unbinned
k79_91652	unbinned
k79_91893	unbinned
k79_92283	unbinned
k79_92296	unbinned
k79_92426	unbinned
k79_92479	unbinned
k79_92928	unbinned
k79_93510	unbinned
k79_9353	unbinned
k79_93574	unbinned
k79_93611	unbinned
k79_93656	unbinned
k79_93663	unbinned
k79_93677	unbinned
k79_93863	unbinned
k79_94229	unbinned
k79_94259	unbinned
k79_94494	unbinned
k79_94574	unbinned
k79_94835	unbinned
k79_95006	unbinned
k79_95202	unbinned
k79_95471	unbinned
k79_95591	unbinned
k79_95647	unbinned
k79_95802	unbinned
k79_9716	unbinned
k79_9742	unbinned
k79_9845	unbinned
k79_10209	unbinned
k79_10394	unbinned
k79_10502	unbinned
k79_10592	unbinned
k79_10884	unbinned
k79_11567	unbinned
k79_12004	unbinned
k79_12032	unbinned
k79_12057	unbinned
k79_12209	unbinned
k79_12583	unbinned
k79_13166	unbinned
k79_14290	unbinned
k79_14657	unbinned
k79_14776	unbinned
k79_15681	unbinned
k79_15828	unbinned
k79_16225	unbinned
k79_16406	unbinned
k79_1657	unbinned
k79_17698	unbinned
k79_18376	unbinned
k79_18465	unbinned
k79_18653	unbinned
k79_18861	unbinned
k79_19247	unbinned
k79_19566	unbinned
k79_19737	unbinned
k79_19816	unbinned
k79_19873	unbinned
k79_1997	unbinned
k79_20006	unbinned
k79_20074	unbinned
k79_20268	unbinned
k79_20273	unbinned
k79_20575	unbinned
k79_2078	unbinned
k79_21008	unbinned
k79_21628	unbinned
k79_21809	unbinned
k79_21860	unbinned
k79_22224	unbinned
k79_22626	unbinned
k79_2282	unbinned
k79_22955	unbinned
k79_23288	unbinned
k79_23356	unbinned
k79_23811	unbinned
k79_24164	unbinned
k79_24417	unbinned
k79_24513	unbinned
k79_25067	unbinned
k79_25400	unbinned
k79_2610	unbinned
k79_26640	unbinned
k79_27029	unbinned
k79_27389	unbinned
k79_274	unbinned
k79_27456	unbinned
k79_27646	unbinned
k79_27679	unbinned
k79_27704	unbinned
k79_27817	unbinned
k79_28111	unbinned
k79_28283	unbinned
k79_28887	unbinned
k79_29246	unbinned
k79_29341	unbinned
k79_2974	unbinned
k79_29848	unbinned
k79_30069	unbinned
k79_30528	unbinned
k79_31014	unbinned
k79_31354	unbinned
k79_3139	unbinned
k79_31501	unbinned
k79_3195	unbinned
k79_32534	unbinned
k79_32558	unbinned
k79_32871	unbinned
k79_33279	unbinned
k79_33550	unbinned
k79_3379	unbinned
k79_34240	unbinned
k79_34252	unbinned
k79_34421	unbinned
k79_35684	unbinned
k79_36573	unbinned
k79_36652	unbinned
k79_36961	unbinned
k79_37650	unbinned
k79_37794	unbinned
k79_38107	unbinned
k79_39555	unbinned
k79_39861	unbinned
k79_39912	unbinned
k79_40044	unbinned
k79_40113	unbinned
k79_4027	unbinned
k79_40571	unbinned
k79_40581	unbinned
k79_40655	unbinned
k79_41729	unbinned
k79_42668	unbinned
k79_42750	unbinned
k79_43248	unbinned
k79_44204	unbinned
k79_4465	unbinned
k79_44706	unbinned
k79_45235	unbinned
k79_46393	unbinned
k79_46467	unbinned
k79_46484	unbinned
k79_46805	unbinned
k79_47006	unbinned
k79_47234	unbinned
k79_4749	unbinned
k79_47724	unbinned
k79_48148	unbinned
k79_4827	unbinned
k79_48353	unbinned
k79_48529	unbinned
k79_49242	unbinned
k79_49279	unbinned
k79_49308	unbinned
k79_5025	unbinned
k79_50477	unbinned
k79_5053	unbinned
k79_50635	unbinned
k79_50740	unbinned
k79_50754	unbinned
k79_50804	unbinned
k79_50906	unbinned
k79_51271	unbinned
k79_51292	unbinned
k79_51418	unbinned
k79_51477	unbinned
k79_51591	unbinned
k79_51695	unbinned
k79_51836	unbinned
k79_52065	unbinned
k79_52310	unbinned
k79_52826	unbinned
k79_53163	unbinned
k79_53578	unbinned
k79_54077	unbinned
k79_54091	unbinned
k79_54405	unbinned
k79_54654	unbinned
k79_54862	unbinned
k79_55094	unbinned
k79_55113	unbinned
k79_55334	unbinned
k79_56056	unbinned
k79_56286	unbinned
k79_56612	unbinned
k79_56689	unbinned
k79_56705	unbinned
k79_5721	unbinned
k79_57431	unbinned
k79_58007	unbinned
k79_5903	unbinned
k79_59164	unbinned
k79_59190	unbinned
k79_59219	unbinned
k79_59495	unbinned
k79_59573	unbinned
k79_59630	unbinned
k79_59968	unbinned
k79_59986	unbinned
k79_60334	unbinned
k79_60644	unbinned
k79_60755	unbinned
k79_60997	unbinned
k79_61232	unbinned
k79_61813	unbinned
k79_6182	unbinned
k79_62182	unbinned
k79_62305	unbinned
k79_62367	unbinned
k79_62441	unbinned
k79_62508	unbinned
k79_62513	unbinned
k79_62787	unbinned
k79_63	unbinned
k79_63098	unbinned
k79_63161	unbinned
k79_63286	unbinned
k79_63445	unbinned
k79_63621	unbinned
k79_64300	unbinned
k79_64362	unbinned
k79_64382	unbinned
k79_65164	unbinned
k79_65176	unbinned
k79_65918	unbinned
k79_6625	unbinned
k79_66331	unbinned
k79_66438	unbinned
k79_66838	unbinned
k79_66972	unbinned
k79_67227	unbinned
k79_67389	unbinned
k79_68092	unbinned
k79_68997	unbinned
k79_69236	unbinned
k79_69263	unbinned
k79_6947	unbinned
k79_69950	unbinned
k79_69970	unbinned
k79_70200	unbinned
k79_70568	unbinned
k79_7064	unbinned
k79_70928	unbinned
k79_71297	unbinned
k79_71733	unbinned
k79_72336	unbinned
k79_731	unbinned
k79_74386	unbinned
k79_74417	unbinned
k79_75013	unbinned
k79_75070	unbinned
k79_7529	unbinned
k79_75508	unbinned
k79_7555	unbinned
k79_75616	unbinned
k79_757	unbinned
k79_75929	unbinned
k79_76591	unbinned
k79_77373	unbinned
k79_7740	unbinned
k79_77830	unbinned
k79_7877	unbinned
k79_78771	unbinned
k79_79572	unbinned
k79_80249	unbinned
k79_80369	unbinned
k79_80502	unbinned
k79_80520	unbinned
k79_8086	unbinned
k79_81570	unbinned
k79_82108	unbinned
k79_82177	unbinned
k79_82369	unbinned
k79_82569	unbinned
k79_82607	unbinned
k79_8266	unbinned
k79_82675	unbinned
k79_82841	unbinned
k79_82973	unbinned
k79_83303	unbinned
k79_83800	unbinned
k79_83809	unbinned
k79_84179	unbinned
k79_8428	unbinned
k79_84315	unbinned
k79_84482	unbinned
k79_85033	unbinned
k79_85328	unbinned
k79_85357	unbinned
k79_85423	unbinned
k79_85925	unbinned
k79_86166	unbinned
k79_86249	unbinned
k79_86380	unbinned
k79_86625	unbinned
k79_86992	unbinned
k79_87327	unbinned
k79_87441	unbinned
k79_87449	unbinned
k79_8753	unbinned
k79_87722	unbinned
k79_87753	unbinned
k79_87758	unbinned
k79_87979	unbinned
k79_88190	unbinned
k79_88501	unbinned
k79_88793	unbinned
k79_88968	unbinned
k79_8921	unbinned
k79_89357	unbinned
k79_89661	unbinned
k79_90016	unbinned
k79_90580	unbinned
k79_9080	unbinned
k79_92042	unbinned
k79_92102	unbinned
k79_92215	unbinned
k79_92231	unbinned
k79_92403	unbinned
k79_92772	unbinned
k79_92868	unbinned
k79_93	unbinned
k79_93117	unbinned
k79_93282	unbinned
k79_93477	unbinned
k79_93817	unbinned
k79_93832	unbinned
k79_94745	unbinned
k79_94933	unbinned
k79_94984	unbinned
k79_95790	unbinned
k79_96366	unbinned
k79_38113	unbinned
k79_42517	unbinned
k79_7502	unbinned
k79_924	unbinned
k79_10944	unbinned
k79_11192	unbinned
k79_11195	unbinned
k79_11560	unbinned
k79_11821	unbinned
k79_11963	unbinned
k79_12340	unbinned
k79_1240	unbinned
k79_12679	unbinned
k79_12740	unbinned
k79_12820	unbinned
k79_1285	unbinned
k79_12857	unbinned
k79_12995	unbinned
k79_13039	unbinned
k79_13054	unbinned
k79_13595	unbinned
k79_13901	unbinned
k79_14005	unbinned
k79_14050	unbinned
k79_14163	unbinned
k79_14197	unbinned
k79_14277	unbinned
k79_15258	unbinned
k79_15712	unbinned
k79_15840	unbinned
k79_15980	unbinned
k79_17025	unbinned
k79_17194	unbinned
k79_17935	unbinned
k79_18756	unbinned
k79_18763	unbinned
k79_18794	unbinned
k79_19564	unbinned
k79_19882	unbinned
k79_20480	unbinned
k79_20928	unbinned
k79_21435	unbinned
k79_21865	unbinned
k79_21922	unbinned
k79_22494	unbinned
k79_22824	unbinned
k79_22897	unbinned
k79_2343	unbinned
k79_25123	unbinned
k79_25157	unbinned
k79_25339	unbinned
k79_25357	unbinned
k79_25396	unbinned
k79_25549	unbinned
k79_25817	unbinned
k79_25843	unbinned
k79_26626	unbinned
k79_27520	unbinned
k79_27772	unbinned
k79_27790	unbinned
k79_28025	unbinned
k79_28105	unbinned
k79_28203	unbinned
k79_29231	unbinned
k79_2982	unbinned
k79_30518	unbinned
k79_30749	unbinned
k79_30976	unbinned
k79_31256	unbinned
k79_31525	unbinned
k79_3167	unbinned
k79_31935	unbinned
k79_32247	unbinned
k79_32446	unbinned
k79_32872	unbinned
k79_33786	unbinned
k79_33845	unbinned
k79_33879	unbinned
k79_33979	unbinned
k79_34351	unbinned
k79_34580	unbinned
k79_34915	unbinned
k79_35409	unbinned
k79_3572	unbinned
k79_36329	unbinned
k79_36500	unbinned
k79_36694	unbinned
k79_37355	unbinned
k79_37387	unbinned
k79_38073	unbinned
k79_38427	unbinned
k79_38637	unbinned
k79_38919	unbinned
k79_40815	unbinned
k79_40888	unbinned
k79_40914	unbinned
k79_41100	unbinned
k79_41235	unbinned
k79_41746	unbinned
k79_42340	unbinned
k79_42507	unbinned
k79_4272	unbinned
k79_42821	unbinned
k79_43230	unbinned
k79_4339	unbinned
k79_44016	unbinned
k79_44766	unbinned
k79_44778	unbinned
k79_45013	unbinned
k79_45054	unbinned
k79_45365	unbinned
k79_45467	unbinned
k79_46586	unbinned
k79_47824	unbinned
k79_48008	unbinned
k79_48091	unbinned
k79_48396	unbinned
k79_484	unbinned
k79_48560	unbinned
k79_48787	unbinned
k79_49558	unbinned
k79_49661	unbinned
k79_500	unbinned
k79_50143	unbinned
k79_50325	unbinned
k79_5055	unbinned
k79_50555	unbinned
k79_51522	unbinned
k79_51949	unbinned
k79_52095	unbinned
k79_52097	unbinned
k79_52905	unbinned
k79_52979	unbinned
k79_53031	unbinned
k79_53832	unbinned
k79_54396	unbinned
k79_54605	unbinned
k79_54921	unbinned
k79_55126	unbinned
k79_55849	unbinned
k79_56401	unbinned
k79_56602	unbinned
k79_5682	unbinned
k79_56871	unbinned
k79_57327	unbinned
k79_57333	unbinned
k79_58033	unbinned
k79_58653	unbinned
k79_5875	unbinned
k79_59162	unbinned
k79_59736	unbinned
k79_59805	unbinned
k79_59901	unbinned
k79_59966	unbinned
k79_60014	unbinned
k79_61087	unbinned
k79_62054	unbinned
k79_62330	unbinned
k79_62560	unbinned
k79_62647	unbinned
k79_62654	unbinned
k79_6269	unbinned
k79_62702	unbinned
k79_64064	unbinned
k79_64309	unbinned
k79_64423	unbinned
k79_64937	unbinned
k79_64939	unbinned
k79_66072	unbinned
k79_66323	unbinned
k79_66339	unbinned
k79_66485	unbinned
k79_66541	unbinned
k79_6658	unbinned
k79_66802	unbinned
k79_67934	unbinned
k79_681	unbinned
k79_68848	unbinned
k79_69346	unbinned
k79_69390	unbinned
k79_69473	unbinned
k79_70717	unbinned
k79_7148	unbinned
k79_72102	unbinned
k79_74794	unbinned
k79_75371	unbinned
k79_7576	unbinned
k79_76220	unbinned
k79_76850	unbinned
k79_77490	unbinned
k79_78032	unbinned
k79_78070	unbinned
k79_78233	unbinned
k79_78897	unbinned
k79_79338	unbinned
k79_79569	unbinned
k79_80328	unbinned
k79_80544	unbinned
k79_80582	unbinned
k79_81243	unbinned
k79_81464	unbinned
k79_82095	unbinned
k79_82833	unbinned
k79_82843	unbinned
k79_8294	unbinned
k79_83801	unbinned
k79_84030	unbinned
k79_84119	unbinned
k79_84296	unbinned
k79_84515	unbinned
k79_84983	unbinned
k79_85389	unbinned
k79_85515	unbinned
k79_85773	unbinned
k79_85800	unbinned
k79_86256	unbinned
k79_86738	unbinned
k79_8674	unbinned
k79_86842	unbinned
k79_86862	unbinned
k79_87989	unbinned
k79_88755	unbinned
k79_88889	unbinned
k79_89302	unbinned
k79_90161	unbinned
k79_90391	unbinned
k79_90517	unbinned
k79_91361	unbinned
k79_91642	unbinned
k79_92267	unbinned
k79_92343	unbinned
k79_92638	unbinned
k79_92717	unbinned
k79_92978	unbinned
k79_93327	unbinned
k79_93399	unbinned
k79_93519	unbinned
k79_94415	unbinned
k79_95208	unbinned
k79_95991	unbinned
k79_9639	unbinned
k79_10045	unbinned
k79_1008	unbinned
k79_1013	unbinned
k79_10240	unbinned
k79_10265	unbinned
k79_10322	unbinned
k79_1034	unbinned
k79_10369	unbinned
k79_1044	unbinned
k79_1058	unbinned
k79_10754	unbinned
k79_10772	unbinned
k79_1081	unbinned
k79_10833	unbinned
k79_10840	unbinned
k79_10867	unbinned
k79_10918	unbinned
k79_11127	unbinned
k79_11264	unbinned
k79_11378	unbinned
k79_11413	unbinned
k79_11514	unbinned
k79_11515	unbinned
k79_11536	unbinned
k79_11545	unbinned
k79_11600	unbinned
k79_11751	unbinned
k79_11775	unbinned
k79_11936	unbinned
k79_11946	unbinned
k79_12069	unbinned
k79_12152	unbinned
k79_12347	unbinned
k79_1237	unbinned
k79_12399	unbinned
k79_12436	unbinned
k79_1247	unbinned
k79_12577	unbinned
k79_12725	unbinned
k79_12931	unbinned
k79_12983	unbinned
k79_13002	unbinned
k79_13088	unbinned
k79_13126	unbinned
k79_13161	unbinned
k79_13165	unbinned
k79_13259	unbinned
k79_134	unbinned
k79_13550	unbinned
k79_1364	unbinned
k79_13696	unbinned
k79_1383	unbinned
k79_13972	unbinned
k79_14035	unbinned
k79_14246	unbinned
k79_14633	unbinned
k79_14846	unbinned
k79_15301	unbinned
k79_15304	unbinned
k79_15323	unbinned
k79_15388	unbinned
k79_15506	unbinned
k79_15519	unbinned
k79_15629	unbinned
k79_15660	unbinned
k79_15729	unbinned
k79_15736	unbinned
k79_15891	unbinned
k79_16130	unbinned
k79_1628	unbinned
k79_1632	unbinned
k79_16343	unbinned
k79_16601	unbinned
k79_16741	unbinned
k79_16783	unbinned
k79_16790	unbinned
k79_1683	unbinned
k79_17004	unbinned
k79_17017	unbinned
k79_17252	unbinned
k79_17341	unbinned
k79_17365	unbinned
k79_17477	unbinned
k79_1780	unbinned
k79_17863	unbinned
k79_18016	unbinned
k79_18061	unbinned
k79_18101	unbinned
k79_18262	unbinned
k79_18301	unbinned
k79_18335	unbinned
k79_18667	unbinned
k79_18701	unbinned
k79_18806	unbinned
k79_18843	unbinned
k79_18962	unbinned
k79_19049	unbinned
k79_19104	unbinned
k79_1917	unbinned
k79_19202	unbinned
k79_1943	unbinned
k79_19450	unbinned
k79_19458	unbinned
k79_19622	unbinned
k79_19741	unbinned
k79_1975	unbinned
k79_19793	unbinned
k79_19803	unbinned
k79_19865	unbinned
k79_1995	unbinned
k79_20089	unbinned
k79_20138	unbinned
k79_20157	unbinned
k79_20166	unbinned
k79_20282	unbinned
k79_20295	unbinned
k79_2034	unbinned
k79_20441	unbinned
k79_20540	unbinned
k79_20558	unbinned
k79_2062	unbinned
k79_2070	unbinned
k79_20803	unbinned
k79_20900	unbinned
k79_20978	unbinned
k79_21003	unbinned
k79_21027	unbinned
k79_2110	unbinned
k79_21194	unbinned
k79_2126	unbinned
k79_21302	unbinned
k79_21394	unbinned
k79_21430	unbinned
k79_21480	unbinned
k79_21600	unbinned
k79_21644	unbinned
k79_21686	unbinned
k79_21687	unbinned
k79_21854	unbinned
k79_21904	unbinned
k79_21939	unbinned
k79_21946	unbinned
k79_22028	unbinned
k79_22051	unbinned
k79_22248	unbinned
k79_2242	unbinned
k79_22481	unbinned
k79_22555	unbinned
k79_22584	unbinned
k79_22605	unbinned
k79_22661	unbinned
k79_22701	unbinned
k79_22905	unbinned
k79_22985	unbinned
k79_22996	unbinned
k79_23030	unbinned
k79_23226	unbinned
k79_23294	unbinned
k79_2331	unbinned
k79_23476	unbinned
k79_23534	unbinned
k79_23589	unbinned
k79_23599	unbinned
k79_23657	unbinned
k79_23950	unbinned
k79_24048	unbinned
k79_24078	unbinned
k79_24081	unbinned
k79_24104	unbinned
k79_24206	unbinned
k79_2430	unbinned
k79_24307	unbinned
k79_24310	unbinned
k79_24780	unbinned
k79_24933	unbinned
k79_24961	unbinned
k79_25052	unbinned
k79_25131	unbinned
k79_25213	unbinned
k79_2531	unbinned
k79_25432	unbinned
k79_25443	unbinned
k79_2545	unbinned
k79_25775	unbinned
k79_25786	unbinned
k79_25818	unbinned
k79_2590	unbinned
k79_25916	unbinned
k79_25939	unbinned
k79_2611	unbinned
k79_26203	unbinned
k79_26297	unbinned
k79_2647	unbinned
k79_26542	unbinned
k79_26745	unbinned
k79_26906	unbinned
k79_26945	unbinned
k79_2710	unbinned
k79_27116	unbinned
k79_27318	unbinned
k79_2748	unbinned
k79_27483	unbinned
k79_27585	unbinned
k79_27652	unbinned
k79_27703	unbinned
k79_27724	unbinned
k79_27791	unbinned
k79_27825	unbinned
k79_27829	unbinned
k79_27925	unbinned
k79_27989	unbinned
k79_28003	unbinned
k79_28018	unbinned
k79_28103	unbinned
k79_28189	unbinned
k79_28223	unbinned
k79_28349	unbinned
k79_28716	unbinned
k79_28773	unbinned
k79_28836	unbinned
k79_28923	unbinned
k79_28965	unbinned
k79_28971	unbinned
k79_29012	unbinned
k79_29018	unbinned
k79_29153	unbinned
k79_29272	unbinned
k79_29303	unbinned
k79_29492	unbinned
k79_29805	unbinned
k79_29929	unbinned
k79_30032	unbinned
k79_30102	unbinned
k79_30199	unbinned
k79_30223	unbinned
k79_30305	unbinned
k79_30334	unbinned
k79_30482	unbinned
k79_30511	unbinned
k79_30515	unbinned
k79_3053	unbinned
k79_30795	unbinned
k79_30862	unbinned
k79_30937	unbinned
k79_30981	unbinned
k79_31126	unbinned
k79_31200	unbinned
k79_31219	unbinned
k79_31448	unbinned
k79_31452	unbinned
k79_31576	unbinned
k79_31702	unbinned
k79_31731	unbinned
k79_31799	unbinned
k79_3191	unbinned
k79_32210	unbinned
k79_32310	unbinned
k79_32355	unbinned
k79_32519	unbinned
k79_32598	unbinned
k79_32618	unbinned
k79_32787	unbinned
k79_32806	unbinned
k79_32877	unbinned
k79_32975	unbinned
k79_33012	unbinned
k79_33142	unbinned
k79_33167	unbinned
k79_33182	unbinned
k79_33276	unbinned
k79_33338	unbinned
k79_33501	unbinned
k79_33552	unbinned
k79_33590	unbinned
k79_33613	unbinned
k79_3363	unbinned
k79_33636	unbinned
k79_33688	unbinned
k79_33764	unbinned
k79_33985	unbinned
k79_34055	unbinned
k79_34063	unbinned
k79_34136	unbinned
k79_34181	unbinned
k79_34291	unbinned
k79_34532	unbinned
k79_3454	unbinned
k79_34669	unbinned
k79_3482	unbinned
k79_34828	unbinned
k79_34901	unbinned
k79_3491	unbinned
k79_3511	unbinned
k79_35128	unbinned
k79_35163	unbinned
k79_35258	unbinned
k79_3529	unbinned
k79_35290	unbinned
k79_35453	unbinned
k79_35742	unbinned
k79_35958	unbinned
k79_35964	unbinned
k79_36061	unbinned
k79_36125	unbinned
k79_36167	unbinned
k79_3630	unbinned
k79_36327	unbinned
k79_36375	unbinned
k79_36407	unbinned
k79_36804	unbinned
k79_3686	unbinned
k79_36940	unbinned
k79_37016	unbinned
k79_3702	unbinned
k79_37087	unbinned
k79_37099	unbinned
k79_37365	unbinned
k79_37411	unbinned
k79_37414	unbinned
k79_37505	unbinned
k79_37640	unbinned
k79_37880	unbinned
k79_38108	unbinned
k79_38124	unbinned
k79_38126	unbinned
k79_38159	unbinned
k79_38430	unbinned
k79_3863	unbinned
k79_38686	unbinned
k79_38734	unbinned
k79_38736	unbinned
k79_38800	unbinned
k79_38947	unbinned
k79_3896	unbinned
k79_39035	unbinned
k79_39148	unbinned
k79_39195	unbinned
k79_39271	unbinned
k79_39439	unbinned
k79_39448	unbinned
k79_39599	unbinned
k79_39691	unbinned
k79_39699	unbinned
k79_39742	unbinned
k79_39761	unbinned
k79_39770	unbinned
k79_39950	unbinned
k79_40200	unbinned
k79_40395	unbinned
k79_40425	unbinned
k79_40497	unbinned
k79_40735	unbinned
k79_40962	unbinned
k79_40973	unbinned
k79_41042	unbinned
k79_41096	unbinned
k79_41207	unbinned
k79_41450	unbinned
k79_41490	unbinned
k79_41492	unbinned
k79_41591	unbinned
k79_41655	unbinned
k79_41820	unbinned
k79_41906	unbinned
k79_41941	unbinned
k79_41948	unbinned
k79_41974	unbinned
k79_42036	unbinned
k79_42069	unbinned
k79_42178	unbinned
k79_42205	unbinned
k79_42237	unbinned
k79_42324	unbinned
k79_42347	unbinned
k79_4238	unbinned
k79_42436	unbinned
k79_42481	unbinned
k79_42577	unbinned
k79_42692	unbinned
k79_42734	unbinned
k79_42748	unbinned
k79_42770	unbinned
k79_42831	unbinned
k79_42967	unbinned
k79_43012	unbinned
k79_43023	unbinned
k79_43226	unbinned
k79_43302	unbinned
k79_43447	unbinned
k79_43481	unbinned
k79_43569	unbinned
k79_43763	unbinned
k79_4380	unbinned
k79_43904	unbinned
k79_43948	unbinned
k79_43973	unbinned
k79_43983	unbinned
k79_44092	unbinned
k79_44132	unbinned
k79_4417	unbinned
k79_44218	unbinned
k79_44227	unbinned
k79_44435	unbinned
k79_44550	unbinned
k79_44643	unbinned
k79_44698	unbinned
k79_44702	unbinned
k79_44744	unbinned
k79_44754	unbinned
k79_44821	unbinned
k79_45005	unbinned
k79_45010	unbinned
k79_45153	unbinned
k79_4519	unbinned
k79_45198	unbinned
k79_45268	unbinned
k79_45301	unbinned
k79_45471	unbinned
k79_45481	unbinned
k79_45493	unbinned
k79_45569	unbinned
k79_4558	unbinned
k79_45683	unbinned
k79_4576	unbinned
k79_4593	unbinned
k79_4611	unbinned
k79_46203	unbinned
k79_46228	unbinned
k79_46236	unbinned
k79_46244	unbinned
k79_46247	unbinned
k79_46396	unbinned
k79_46437	unbinned
k79_46494	unbinned
k79_4656	unbinned
k79_46815	unbinned
k79_4682	unbinned
k79_47014	unbinned
k79_47468	unbinned
k79_47497	unbinned
k79_47639	unbinned
k79_47665	unbinned
k79_47876	unbinned
k79_4791	unbinned
k79_48083	unbinned
k79_48090	unbinned
k79_48410	unbinned
k79_48457	unbinned
k79_4846	unbinned
k79_48592	unbinned
k79_48594	unbinned
k79_48609	unbinned
k79_48651	unbinned
k79_48828	unbinned
k79_48877	unbinned
k79_48939	unbinned
k79_48962	unbinned
k79_49071	unbinned
k79_49083	unbinned
k79_49170	unbinned
k79_49172	unbinned
k79_49247	unbinned
k79_49426	unbinned
k79_49626	unbinned
k79_49672	unbinned
k79_49707	unbinned
k79_49863	unbinned
k79_49953	unbinned
k79_50135	unbinned
k79_50189	unbinned
k79_50211	unbinned
k79_50237	unbinned
k79_50363	unbinned
k79_50367	unbinned
k79_50398	unbinned
k79_50428	unbinned
k79_50550	unbinned
k79_5056	unbinned
k79_50576	unbinned
k79_50605	unbinned
k79_50673	unbinned
k79_50709	unbinned
k79_50712	unbinned
k79_50826	unbinned
k79_50838	unbinned
k79_50849	unbinned
k79_50861	unbinned
k79_50981	unbinned
k79_5104	unbinned
k79_51082	unbinned
k79_51156	unbinned
k79_51189	unbinned
k79_51364	unbinned
k79_51505	unbinned
k79_51525	unbinned
k79_51599	unbinned
k79_51713	unbinned
k79_51826	unbinned
k79_51880	unbinned
k79_51969	unbinned
k79_52108	unbinned
k79_5212	unbinned
k79_52156	unbinned
k79_5216	unbinned
k79_52214	unbinned
k79_52322	unbinned
k79_52323	unbinned
k79_52385	unbinned
k79_52461	unbinned
k79_52484	unbinned
k79_52527	unbinned
k79_52639	unbinned
k79_52720	unbinned
k79_52824	unbinned
k79_52843	unbinned
k79_52994	unbinned
k79_53101	unbinned
k79_53115	unbinned
k79_53140	unbinned
k79_53169	unbinned
k79_53173	unbinned
k79_5326	unbinned
k79_53279	unbinned
k79_53330	unbinned
k79_53398	unbinned
k79_53448	unbinned
k79_53487	unbinned
k79_5356	unbinned
k79_5357	unbinned
k79_53687	unbinned
k79_53732	unbinned
k79_5377	unbinned
k79_53782	unbinned
k79_53791	unbinned
k79_53814	unbinned
k79_53908	unbinned
k79_54167	unbinned
k79_54255	unbinned
k79_54333	unbinned
k79_54537	unbinned
k79_5461	unbinned
k79_5466	unbinned
k79_54971	unbinned
k79_54974	unbinned
k79_54977	unbinned
k79_55088	unbinned
k79_55129	unbinned
k79_55197	unbinned
k79_55220	unbinned
k79_55246	unbinned
k79_55429	unbinned
k79_5568	unbinned
k79_55959	unbinned
k79_56060	unbinned
k79_56177	unbinned
k79_56254	unbinned
k79_56260	unbinned
k79_56534	unbinned
k79_56554	unbinned
k79_56578	unbinned
k79_56583	unbinned
k79_56799	unbinned
k79_56853	unbinned
k79_56872	unbinned
k79_56876	unbinned
k79_56971	unbinned
k79_57133	unbinned
k79_57169	unbinned
k79_57309	unbinned
k79_57349	unbinned
k79_57423	unbinned
k79_57665	unbinned
k79_57688	unbinned
k79_57706	unbinned
k79_57797	unbinned
k79_578	unbinned
k79_57912	unbinned
k79_57938	unbinned
k79_57961	unbinned
k79_58086	unbinned
k79_5819	unbinned
k79_58355	unbinned
k79_58397	unbinned
k79_58418	unbinned
k79_58501	unbinned
k79_58636	unbinned
k79_58657	unbinned
k79_58749	unbinned
k79_58816	unbinned
k79_58898	unbinned
k79_59335	unbinned
k79_59351	unbinned
k79_59458	unbinned
k79_59546	unbinned
k79_5961	unbinned
k79_59626	unbinned
k79_59655	unbinned
k79_59668	unbinned
k79_5970	unbinned
k79_59743	unbinned
k79_59848	unbinned
k79_59861	unbinned
k79_60056	unbinned
k79_60067	unbinned
k79_60148	unbinned
k79_60406	unbinned
k79_6043	unbinned
k79_60465	unbinned
k79_60698	unbinned
k79_60767	unbinned
k79_60791	unbinned
k79_60794	unbinned
k79_60838	unbinned
k79_60891	unbinned
k79_61092	unbinned
k79_61110	unbinned
k79_61160	unbinned
k79_61304	unbinned
k79_61353	unbinned
k79_61360	unbinned
k79_61365	unbinned
k79_61378	unbinned
k79_61451	unbinned
k79_61471	unbinned
k79_61522	unbinned
k79_61538	unbinned
k79_61579	unbinned
k79_61613	unbinned
k79_61629	unbinned
k79_61872	unbinned
k79_61918	unbinned
k79_61946	unbinned
k79_61956	unbinned
k79_62030	unbinned
k79_62044	unbinned
k79_62109	unbinned
k79_62189	unbinned
k79_622	unbinned
k79_6227	unbinned
k79_62543	unbinned
k79_62617	unbinned
k79_62711	unbinned
k79_62845	unbinned
k79_62960	unbinned
k79_63012	unbinned
k79_63045	unbinned
k79_6318	unbinned
k79_63182	unbinned
k79_63298	unbinned
k79_63362	unbinned
k79_63432	unbinned
k79_63448	unbinned
k79_63493	unbinned
k79_63605	unbinned
k79_63733	unbinned
k79_63801	unbinned
k79_6396	unbinned
k79_63996	unbinned
k79_64090	unbinned
k79_64215	unbinned
k79_64354	unbinned
k79_64415	unbinned
k79_64468	unbinned
k79_64557	unbinned
k79_6456	unbinned
k79_64597	unbinned
k79_64655	unbinned
k79_64681	unbinned
k79_6474	unbinned
k79_64741	unbinned
k79_64946	unbinned
k79_64947	unbinned
k79_64979	unbinned
k79_65008	unbinned
k79_6514	unbinned
k79_65292	unbinned
k79_65363	unbinned
k79_6538	unbinned
k79_65457	unbinned
k79_655	unbinned
k79_65541	unbinned
k79_65616	unbinned
k79_66008	unbinned
k79_66051	unbinned
k79_66208	unbinned
k79_66314	unbinned
k79_66404	unbinned
k79_66461	unbinned
k79_66642	unbinned
k79_66874	unbinned
k79_66900	unbinned
k79_66974	unbinned
k79_66993	unbinned
k79_67046	unbinned
k79_67088	unbinned
k79_67184	unbinned
k79_67246	unbinned
k79_67282	unbinned
k79_673	unbinned
k79_67425	unbinned
k79_6746	unbinned
k79_67729	unbinned
k79_67890	unbinned
k79_67937	unbinned
k79_67964	unbinned
k79_6797	unbinned
k79_67976	unbinned
k79_67997	unbinned
k79_68042	unbinned
k79_68067	unbinned
k79_68332	unbinned
k79_68503	unbinned
k79_68645	unbinned
k79_68726	unbinned
k79_68758	unbinned
k79_68772	unbinned
k79_68773	unbinned
k79_68774	unbinned
k79_68810	unbinned
k79_68898	unbinned
k79_689	unbinned
k79_69043	unbinned
k79_69062	unbinned
k79_69127	unbinned
k79_69363	unbinned
k79_69536	unbinned
k79_69738	unbinned
k79_69758	unbinned
k79_69765	unbinned
k79_69871	unbinned
k79_69879	unbinned
k79_69889	unbinned
k79_69903	unbinned
k79_69915	unbinned
k79_69931	unbinned
k79_69962	unbinned
k79_70198	unbinned
k79_70237	unbinned
k79_70279	unbinned
k79_70285	unbinned
k79_70299	unbinned
k79_70302	unbinned
k79_70355	unbinned
k79_70434	unbinned
k79_70586	unbinned
k79_70610	unbinned
k79_70723	unbinned
k79_70767	unbinned
k79_70795	unbinned
k79_70845	unbinned
k79_7086	unbinned
k79_71070	unbinned
k79_71071	unbinned
k79_71230	unbinned
k79_71376	unbinned
k79_71469	unbinned
k79_71597	unbinned
k79_71600	unbinned
k79_71625	unbinned
k79_71633	unbinned
k79_71735	unbinned
k79_71783	unbinned
k79_71793	unbinned
k79_71798	unbinned
k79_71905	unbinned
k79_72064	unbinned
k79_72362	unbinned
k79_72458	unbinned
k79_72534	unbinned
k79_72592	unbinned
k79_72701	unbinned
k79_72844	unbinned
k79_72987	unbinned
k79_73031	unbinned
k79_73074	unbinned
k79_7315	unbinned
k79_73197	unbinned
k79_73198	unbinned
k79_73320	unbinned
k79_73337	unbinned
k79_73340	unbinned
k79_73428	unbinned
k79_73435	unbinned
k79_73461	unbinned
k79_73521	unbinned
k79_73565	unbinned
k79_73574	unbinned
k79_73600	unbinned
k79_73610	unbinned
k79_73679	unbinned
k79_73879	unbinned
k79_74027	unbinned
k79_74059	unbinned
k79_74102	unbinned
k79_74352	unbinned
k79_74501	unbinned
k79_74627	unbinned
k79_74676	unbinned
k79_74820	unbinned
k79_74883	unbinned
k79_74919	unbinned
k79_74988	unbinned
k79_75011	unbinned
k79_75026	unbinned
k79_75124	unbinned
k79_75235	unbinned
k79_75237	unbinned
k79_75272	unbinned
k79_75352	unbinned
k79_75419	unbinned
k79_75484	unbinned
k79_75592	unbinned
k79_75723	unbinned
k79_75766	unbinned
k79_75767	unbinned
k79_75821	unbinned
k79_75846	unbinned
k79_75888	unbinned
k79_75930	unbinned
k79_75963	unbinned
k79_75991	unbinned
k79_75995	unbinned
k79_76067	unbinned
k79_76291	unbinned
k79_76316	unbinned
k79_76410	unbinned
k79_76619	unbinned
k79_76677	unbinned
k79_76678	unbinned
k79_76796	unbinned
k79_76865	unbinned
k79_76945	unbinned
k79_77039	unbinned
k79_77398	unbinned
k79_77453	unbinned
k79_77476	unbinned
k79_77919	unbinned
k79_78210	unbinned
k79_78294	unbinned
k79_7830	unbinned
k79_78300	unbinned
k79_78348	unbinned
k79_78432	unbinned
k79_78433	unbinned
k79_78514	unbinned
k79_78539	unbinned
k79_78623	unbinned
k79_78736	unbinned
k79_78750	unbinned
k79_78949	unbinned
k79_78981	unbinned
k79_7941	unbinned
k79_79620	unbinned
k79_79634	unbinned
k79_7973	unbinned
k79_79763	unbinned
k79_79824	unbinned
k79_80011	unbinned
k79_80075	unbinned
k79_80125	unbinned
k79_80129	unbinned
k79_80184	unbinned
k79_80199	unbinned
k79_80261	unbinned
k79_80699	unbinned
k79_80864	unbinned
k79_80977	unbinned
k79_81171	unbinned
k79_81183	unbinned
k79_81239	unbinned
k79_81245	unbinned
k79_81293	unbinned
k79_81311	unbinned
k79_81327	unbinned
k79_81348	unbinned
k79_81350	unbinned
k79_81380	unbinned
k79_81469	unbinned
k79_81707	unbinned
k79_8173	unbinned
k79_81922	unbinned
k79_82026	unbinned
k79_82103	unbinned
k79_82181	unbinned
k79_82240	unbinned
k79_82242	unbinned
k79_82266	unbinned
k79_82317	unbinned
k79_82529	unbinned
k79_82640	unbinned
k79_82725	unbinned
k79_82784	unbinned
k79_82844	unbinned
k79_8289	unbinned
k79_82935	unbinned
k79_83131	unbinned
k79_83186	unbinned
k79_83188	unbinned
k79_83207	unbinned
k79_83263	unbinned
k79_83338	unbinned
k79_83397	unbinned
k79_83538	unbinned
k79_83555	unbinned
k79_83634	unbinned
k79_83638	unbinned
k79_83750	unbinned
k79_83834	unbinned
k79_83932	unbinned
k79_83972	unbinned
k79_84012	unbinned
k79_84469	unbinned
k79_8454	unbinned
k79_84579	unbinned
k79_84849	unbinned
k79_84950	unbinned
k79_85024	unbinned
k79_85050	unbinned
k79_85155	unbinned
k79_85196	unbinned
k79_85272	unbinned
k79_85316	unbinned
k79_85413	unbinned
k79_85529	unbinned
k79_85535	unbinned
k79_85548	unbinned
k79_85559	unbinned
k79_85576	unbinned
k79_85590	unbinned
k79_8560	unbinned
k79_85624	unbinned
k79_85684	unbinned
k79_85745	unbinned
k79_85775	unbinned
k79_85841	unbinned
k79_85886	unbinned
k79_85967	unbinned
k79_85988	unbinned
k79_86059	unbinned
k79_86164	unbinned
k79_86169	unbinned
k79_86202	unbinned
k79_86314	unbinned
k79_86354	unbinned
k79_86391	unbinned
k79_86586	unbinned
k79_86704	unbinned
k79_8677	unbinned
k79_86780	unbinned
k79_86831	unbinned
k79_86946	unbinned
k79_87071	unbinned
k79_87101	unbinned
k79_8720	unbinned
k79_87236	unbinned
k79_87278	unbinned
k79_87352	unbinned
k79_87392	unbinned
k79_87428	unbinned
k79_87466	unbinned
k79_87530	unbinned
k79_87595	unbinned
k79_876	unbinned
k79_8767	unbinned
k79_87680	unbinned
k79_87717	unbinned
k79_87756	unbinned
k79_87889	unbinned
k79_87982	unbinned
k79_88017	unbinned
k79_88283	unbinned
k79_88370	unbinned
k79_88393	unbinned
k79_88400	unbinned
k79_88547	unbinned
k79_88588	unbinned
k79_88599	unbinned
k79_88670	unbinned
k79_88743	unbinned
k79_88854	unbinned
k79_88869	unbinned
k79_88963	unbinned
k79_8918	unbinned
k79_89189	unbinned
k79_89231	unbinned
k79_89267	unbinned
k79_89354	unbinned
k79_89389	unbinned
k79_89435	unbinned
k79_89594	unbinned
k79_89679	unbinned
k79_8969	unbinned
k79_89722	unbinned
k79_89776	unbinned
k79_89789	unbinned
k79_89867	unbinned
k79_89898	unbinned
k79_90001	unbinned
k79_90100	unbinned
k79_90128	unbinned
k79_90204	unbinned
k79_90272	unbinned
k79_90398	unbinned
k79_90465	unbinned
k79_90497	unbinned
k79_90603	unbinned
k79_90657	unbinned
k79_90814	unbinned
k79_90864	unbinned
k79_91246	unbinned
k79_9128	unbinned
k79_91399	unbinned
k79_91431	unbinned
k79_91496	unbinned
k79_91512	unbinned
k79_91569	unbinned
k79_91596	unbinned
k79_91601	unbinned
k79_91976	unbinned
k79_91993	unbinned
k79_9237	unbinned
k79_9245	unbinned
k79_92451	unbinned
k79_92663	unbinned
k79_92722	unbinned
k79_92731	unbinned
k79_92733	unbinned
k79_92734	unbinned
k79_9274	unbinned
k79_9286	unbinned
k79_9290	unbinned
k79_92961	unbinned
k79_93177	unbinned
k79_93186	unbinned
k79_932	unbinned
k79_93234	unbinned
k79_93241	unbinned
k79_93243	unbinned
k79_93309	unbinned
k79_93400	unbinned
k79_9342	unbinned
k79_93636	unbinned
k79_93645	unbinned
k79_9365	unbinned
k79_93741	unbinned
k79_93753	unbinned
k79_93774	unbinned
k79_93806	unbinned
k79_93901	unbinned
k79_94098	unbinned
k79_94148	unbinned
k79_94255	unbinned
k79_94311	unbinned
k79_94315	unbinned
k79_94609	unbinned
k79_94621	unbinned
k79_94783	unbinned
k79_94808	unbinned
k79_94827	unbinned
k79_94843	unbinned
k79_94851	unbinned
k79_94981	unbinned
k79_95091	unbinned
k79_95466	unbinned
k79_95510	unbinned
k79_95604	unbinned
k79_95870	unbinned
k79_96036	unbinned
k79_96133	unbinned
k79_96213	unbinned
k79_96284	unbinned
k79_96320	unbinned
k79_96376	unbinned
k79_9643	unbinned
k79_9675	unbinned
k79_9682	unbinned
k79_9761	unbinned
k79_982	unbinned
k79_9983	unbinned
k79_10446	unbinned
k79_10720	unbinned
k79_10954	unbinned
k79_11022	unbinned
k79_11066	unbinned
k79_11359	unbinned
k79_11666	unbinned
k79_12080	unbinned
k79_12086	unbinned
k79_12124	unbinned
k79_12294	unbinned
k79_12413	unbinned
k79_1263	unbinned
k79_12961	unbinned
k79_13402	unbinned
k79_13624	unbinned
k79_13625	unbinned
k79_13675	unbinned
k79_13681	unbinned
k79_13791	unbinned
k79_13925	unbinned
k79_14052	unbinned
k79_14208	unbinned
k79_14237	unbinned
k79_14431	unbinned
k79_14572	unbinned
k79_14942	unbinned
k79_14993	unbinned
k79_15120	unbinned
k79_15156	unbinned
k79_1524	unbinned
k79_15286	unbinned
k79_15376	unbinned
k79_15438	unbinned
k79_15763	unbinned
k79_15801	unbinned
k79_15860	unbinned
k79_1630	unbinned
k79_16402	unbinned
k79_16708	unbinned
k79_17	unbinned
k79_17193	unbinned
k79_17468	unbinned
k79_17991	unbinned
k79_18143	unbinned
k79_18260	unbinned
k79_18562	unbinned
k79_18597	unbinned
k79_18740	unbinned
k79_1928	unbinned
k79_19580	unbinned
k79_19867	unbinned
k79_20004	unbinned
k79_20218	unbinned
k79_20683	unbinned
k79_20950	unbinned
k79_21458	unbinned
k79_21552	unbinned
k79_21623	unbinned
k79_21749	unbinned
k79_22093	unbinned
k79_22240	unbinned
k79_22751	unbinned
k79_23587	unbinned
k79_23597	unbinned
k79_23603	unbinned
k79_23888	unbinned
k79_23894	unbinned
k79_24006	unbinned
k79_24264	unbinned
k79_24565	unbinned
k79_2491	unbinned
k79_24986	unbinned
k79_2509	unbinned
k79_25597	unbinned
k79_2596	unbinned
k79_26556	unbinned
k79_27249	unbinned
k79_27511	unbinned
k79_27752	unbinned
k79_28028	unbinned
k79_28532	unbinned
k79_2857	unbinned
k79_28673	unbinned
k79_28788	unbinned
k79_28811	unbinned
k79_29188	unbinned
k79_29190	unbinned
k79_29287	unbinned
k79_29671	unbinned
k79_29751	unbinned
k79_3004	unbinned
k79_30583	unbinned
k79_30744	unbinned
k79_30764	unbinned
k79_30898	unbinned
k79_31038	unbinned
k79_31247	unbinned
k79_31308	unbinned
k79_31319	unbinned
k79_31459	unbinned
k79_31541	unbinned
k79_31798	unbinned
k79_32121	unbinned
k79_32196	unbinned
k79_3236	unbinned
k79_32666	unbinned
k79_32748	unbinned
k79_32883	unbinned
k79_333	unbinned
k79_336	unbinned
k79_34040	unbinned
k79_35145	unbinned
k79_35181	unbinned
k79_35280	unbinned
k79_35444	unbinned
k79_35484	unbinned
k79_3551	unbinned
k79_35673	unbinned
k79_35694	unbinned
k79_35777	unbinned
k79_35860	unbinned
k79_36418	unbinned
k79_36525	unbinned
k79_3653	unbinned
k79_36681	unbinned
k79_36770	unbinned
k79_37143	unbinned
k79_37195	unbinned
k79_374	unbinned
k79_37590	unbinned
k79_38706	unbinned
k79_38977	unbinned
k79_38999	unbinned
k79_39021	unbinned
k79_39180	unbinned
k79_39343	unbinned
k79_40503	unbinned
k79_40577	unbinned
k79_40591	unbinned
k79_40653	unbinned
k79_40665	unbinned
k79_40955	unbinned
k79_41064	unbinned
k79_41081	unbinned
k79_41195	unbinned
k79_41268	unbinned
k79_41315	unbinned
k79_41518	unbinned
k79_41779	unbinned
k79_42170	unbinned
k79_42455	unbinned
k79_42492	unbinned
k79_4324	unbinned
k79_43328	unbinned
k79_43422	unbinned
k79_43511	unbinned
k79_43696	unbinned
k79_43798	unbinned
k79_44082	unbinned
k79_4409	unbinned
k79_44367	unbinned
k79_44439	unbinned
k79_44615	unbinned
k79_44700	unbinned
k79_44760	unbinned
k79_45224	unbinned
k79_4530	unbinned
k79_45348	unbinned
k79_45366	unbinned
k79_455	unbinned
k79_45529	unbinned
k79_45903	unbinned
k79_46212	unbinned
k79_46926	unbinned
k79_47291	unbinned
k79_47517	unbinned
k79_47612	unbinned
k79_48967	unbinned
k79_49093	unbinned
k79_49380	unbinned
k79_4992	unbinned
k79_50001	unbinned
k79_50016	unbinned
k79_50347	unbinned
k79_5057	unbinned
k79_50923	unbinned
k79_51114	unbinned
k79_51290	unbinned
k79_51373	unbinned
k79_51437	unbinned
k79_51653	unbinned
k79_51796	unbinned
k79_51941	unbinned
k79_52136	unbinned
k79_52188	unbinned
k79_52598	unbinned
k79_52678	unbinned
k79_52700	unbinned
k79_5280	unbinned
k79_54328	unbinned
k79_54353	unbinned
k79_5452	unbinned
k79_5485	unbinned
k79_54966	unbinned
k79_55053	unbinned
k79_55154	unbinned
k79_55309	unbinned
k79_55389	unbinned
k79_55556	unbinned
k79_55572	unbinned
k79_55635	unbinned
k79_55707	unbinned
k79_55773	unbinned
k79_56224	unbinned
k79_56351	unbinned
k79_56597	unbinned
k79_56755	unbinned
k79_57072	unbinned
k79_5709	unbinned
k79_57416	unbinned
k79_57527	unbinned
k79_57824	unbinned
k79_59274	unbinned
k79_59367	unbinned
k79_59756	unbinned
k79_59855	unbinned
k79_60004	unbinned
k79_60927	unbinned
k79_60955	unbinned
k79_61234	unbinned
k79_6130	unbinned
k79_61326	unbinned
k79_61421	unbinned
k79_61992	unbinned
k79_62053	unbinned
k79_62079	unbinned
k79_62092	unbinned
k79_62242	unbinned
k79_62359	unbinned
k79_62562	unbinned
k79_62584	unbinned
k79_6259	unbinned
k79_62700	unbinned
k79_63111	unbinned
k79_63149	unbinned
k79_63554	unbinned
k79_63625	unbinned
k79_6363	unbinned
k79_64891	unbinned
k79_64999	unbinned
k79_65368	unbinned
k79_65382	unbinned
k79_65504	unbinned
k79_65528	unbinned
k79_65797	unbinned
k79_65896	unbinned
k79_65946	unbinned
k79_66315	unbinned
k79_66496	unbinned
k79_66853	unbinned
k79_66918	unbinned
k79_67059	unbinned
k79_67258	unbinned
k79_67538	unbinned
k79_68872	unbinned
k79_69331	unbinned
k79_69368	unbinned
k79_69779	unbinned
k79_70408	unbinned
k79_70418	unbinned
k79_70971	unbinned
k79_70993	unbinned
k79_7114	unbinned
k79_71417	unbinned
k79_71428	unbinned
k79_71874	unbinned
k79_71929	unbinned
k79_72175	unbinned
k79_72264	unbinned
k79_72388	unbinned
k79_72511	unbinned
k79_7253	unbinned
k79_72558	unbinned
k79_72792	unbinned
k79_72885	unbinned
k79_72891	unbinned
k79_73536	unbinned
k79_73548	unbinned
k79_7409	unbinned
k79_74241	unbinned
k79_74402	unbinned
k79_74517	unbinned
k79_74590	unbinned
k79_74744	unbinned
k79_74959	unbinned
k79_75172	unbinned
k79_75533	unbinned
k79_75730	unbinned
k79_76153	unbinned
k79_76495	unbinned
k79_77617	unbinned
k79_78072	unbinned
k79_78244	unbinned
k79_78685	unbinned
k79_78763	unbinned
k79_79137	unbinned
k79_79292	unbinned
k79_79377	unbinned
k79_7956	unbinned
k79_7980	unbinned
k79_79858	unbinned
k79_79871	unbinned
k79_80098	unbinned
k79_8016	unbinned
k79_80264	unbinned
k79_80268	unbinned
k79_80273	unbinned
k79_80281	unbinned
k79_8048	unbinned
k79_80571	unbinned
k79_80779	unbinned
k79_80946	unbinned
k79_81028	unbinned
k79_81104	unbinned
k79_81119	unbinned
k79_81384	unbinned
k79_81413	unbinned
k79_81434	unbinned
k79_8161	unbinned
k79_81696	unbinned
k79_81986	unbinned
k79_8263	unbinned
k79_82942	unbinned
k79_8329	unbinned
k79_83323	unbinned
k79_83509	unbinned
k79_83707	unbinned
k79_84256	unbinned
k79_84507	unbinned
k79_84615	unbinned
k79_84748	unbinned
k79_84856	unbinned
k79_84928	unbinned
k79_85192	unbinned
k79_85198	unbinned
k79_85460	unbinned
k79_85668	unbinned
k79_85730	unbinned
k79_86056	unbinned
k79_86254	unbinned
k79_86788	unbinned
k79_86802	unbinned
k79_87058	unbinned
k79_87314	unbinned
k79_87965	unbinned
k79_88078	unbinned
k79_881	unbinned
k79_8820	unbinned
k79_88625	unbinned
k79_88948	unbinned
k79_89259	unbinned
k79_89270	unbinned
k79_893	unbinned
k79_89471	unbinned
k79_90027	unbinned
k79_90158	unbinned
k79_90223	unbinned
k79_90224	unbinned
k79_90393	unbinned
k79_90429	unbinned
k79_90959	unbinned
k79_91032	unbinned
k79_92107	unbinned
k79_92744	unbinned
k79_93109	unbinned
k79_93528	unbinned
k79_94270	unbinned
k79_94831	unbinned
k79_954	unbinned
k79_9560	unbinned
k79_95614	unbinned
k79_95664	unbinned
k79_95794	unbinned
k79_95816	unbinned
k79_96245	unbinned
k79_9931	unbinned
k79_10474	unbinned
k79_11201	unbinned
k79_11322	unbinned
k79_1220	unbinned
k79_15413	unbinned
k79_15476	unbinned
k79_15564	unbinned
k79_15601	unbinned
k79_15865	unbinned
k79_16552	unbinned
k79_20285	unbinned
k79_21470	unbinned
k79_21739	unbinned
k79_2210	unbinned
k79_22382	unbinned
k79_24056	unbinned
k79_24832	unbinned
k79_29638	unbinned
k79_30134	unbinned
k79_3092	unbinned
k79_32602	unbinned
k79_35176	unbinned
k79_36833	unbinned
k79_3745	unbinned
k79_40846	unbinned
k79_44226	unbinned
k79_44293	unbinned
k79_44688	unbinned
k79_45891	unbinned
k79_46814	unbinned
k79_49879	unbinned
k79_50345	unbinned
k79_50443	unbinned
k79_51927	unbinned
k79_54175	unbinned
k79_56659	unbinned
k79_58727	unbinned
k79_59585	unbinned
k79_59683	unbinned
k79_61937	unbinned
k79_62764	unbinned
k79_63760	unbinned
k79_64417	unbinned
k79_68160	unbinned
k79_69251	unbinned
k79_69780	unbinned
k79_7109	unbinned
k79_71607	unbinned
k79_72467	unbinned
k79_74350	unbinned
k79_74933	unbinned
k79_83051	unbinned
k79_83636	unbinned
k79_83808	unbinned
k79_86078	unbinned
k79_90170	unbinned
k79_92674	unbinned
k79_93350	unbinned
k79_10349	unbinned
k79_10996	unbinned
k79_11280	unbinned
k79_11683	unbinned
k79_13346	unbinned
k79_13775	unbinned
k79_13832	unbinned
k79_17490	unbinned
k79_17920	unbinned
k79_20203	unbinned
k79_21355	unbinned
k79_2189	unbinned
k79_22387	unbinned
k79_23275	unbinned
k79_25040	unbinned
k79_28035	unbinned
k79_31397	unbinned
k79_31596	unbinned
k79_32073	unbinned
k79_32609	unbinned
k79_32700	unbinned
k79_32835	unbinned
k79_33043	unbinned
k79_33184	unbinned
k79_33589	unbinned
k79_36624	unbinned
k79_39546	unbinned
k79_4038	unbinned
k79_4156	unbinned
k79_42355	unbinned
k79_43129	unbinned
k79_44276	unbinned
k79_45711	unbinned
k79_46127	unbinned
k79_47130	unbinned
k79_49438	unbinned
k79_51882	unbinned
k79_52347	unbinned
k79_54527	unbinned
k79_59894	unbinned
k79_64544	unbinned
k79_64651	unbinned
k79_65312	unbinned
k79_66797	unbinned
k79_68994	unbinned
k79_69753	unbinned
k79_71585	unbinned
k79_7183	unbinned
k79_74077	unbinned
k79_74132	unbinned
k79_7453	unbinned
k79_74828	unbinned
k79_74905	unbinned
k79_75597	unbinned
k79_77281	unbinned
k79_7760	unbinned
k79_7804	unbinned
k79_7845	unbinned
k79_78474	unbinned
k79_80653	unbinned
k79_81443	unbinned
k79_8265	unbinned
k79_83033	unbinned
k79_87121	unbinned
k79_87829	unbinned
k79_88932	unbinned
k79_89210	unbinned
k79_92115	unbinned
k79_92803	unbinned
k79_93092	unbinned
k79_93130	unbinned
k79_9392	unbinned
k79_94016	unbinned
k79_94353	unbinned
k79_95667	unbinned
k79_96103	unbinned
k79_10457	unbinned
k79_10597	unbinned
k79_10727	unbinned
k79_10737	unbinned
k79_10815	unbinned
k79_1090	unbinned
k79_1152	unbinned
k79_11565	unbinned
k79_11777	unbinned
k79_11969	unbinned
k79_11970	unbinned
k79_12868	unbinned
k79_12944	unbinned
k79_13101	unbinned
k79_13224	unbinned
k79_13244	unbinned
k79_13280	unbinned
k79_1356	unbinned
k79_13831	unbinned
k79_13928	unbinned
k79_1398	unbinned
k79_14015	unbinned
k79_14019	unbinned
k79_14095	unbinned
k79_14284	unbinned
k79_14369	unbinned
k79_14434	unbinned
k79_14497	unbinned
k79_14505	unbinned
k79_14983	unbinned
k79_15110	unbinned
k79_15129	unbinned
k79_1518	unbinned
k79_15199	unbinned
k79_15271	unbinned
k79_15612	unbinned
k79_15656	unbinned
k79_15698	unbinned
k79_15708	unbinned
k79_15711	unbinned
k79_1582	unbinned
k79_15850	unbinned
k79_15857	unbinned
k79_16176	unbinned
k79_16361	unbinned
k79_16506	unbinned
k79_1671	unbinned
k79_16758	unbinned
k79_1680	unbinned
k79_17153	unbinned
k79_17337	unbinned
k79_1734	unbinned
k79_17344	unbinned
k79_17495	unbinned
k79_17581	unbinned
k79_1763	unbinned
k79_17922	unbinned
k79_17925	unbinned
k79_18322	unbinned
k79_18334	unbinned
k79_18490	unbinned
k79_18536	unbinned
k79_1855	unbinned
k79_18558	unbinned
k79_18593	unbinned
k79_18600	unbinned
k79_18744	unbinned
k79_18779	unbinned
k79_18836	unbinned
k79_18855	unbinned
k79_19117	unbinned
k79_1914	unbinned
k79_19422	unbinned
k79_19427	unbinned
k79_1959	unbinned
k79_19638	unbinned
k79_19730	unbinned
k79_20116	unbinned
k79_20178	unbinned
k79_20204	unbinned
k79_20270	unbinned
k79_20277	unbinned
k79_2046	unbinned
k79_20487	unbinned
k79_20620	unbinned
k79_20795	unbinned
k79_20861	unbinned
k79_2101	unbinned
k79_21214	unbinned
k79_21417	unbinned
k79_21528	unbinned
k79_21536	unbinned
k79_21662	unbinned
k79_21684	unbinned
k79_21791	unbinned
k79_21820	unbinned
k79_21996	unbinned
k79_22	unbinned
k79_22002	unbinned
k79_22062	unbinned
k79_22652	unbinned
k79_23052	unbinned
k79_23712	unbinned
k79_23873	unbinned
k79_24316	unbinned
k79_24351	unbinned
k79_24836	unbinned
k79_24965	unbinned
k79_25138	unbinned
k79_25425	unbinned
k79_25657	unbinned
k79_25663	unbinned
k79_25894	unbinned
k79_26023	unbinned
k79_26040	unbinned
k79_2614	unbinned
k79_2616	unbinned
k79_26432	unbinned
k79_26615	unbinned
k79_26885	unbinned
k79_27150	unbinned
k79_27373	unbinned
k79_27553	unbinned
k79_27656	unbinned
k79_27848	unbinned
k79_27862	unbinned
k79_28122	unbinned
k79_28501	unbinned
k79_28589	unbinned
k79_28606	unbinned
k79_28799	unbinned
k79_29292	unbinned
k79_29754	unbinned
k79_29769	unbinned
k79_29809	unbinned
k79_29957	unbinned
k79_29992	unbinned
k79_30168	unbinned
k79_30173	unbinned
k79_3037	unbinned
k79_30472	unbinned
k79_30545	unbinned
k79_30784	unbinned
k79_30850	unbinned
k79_31048	unbinned
k79_31317	unbinned
k79_31381	unbinned
k79_31511	unbinned
k79_31589	unbinned
k79_3160	unbinned
k79_31624	unbinned
k79_31640	unbinned
k79_3176	unbinned
k79_32112	unbinned
k79_32250	unbinned
k79_32314	unbinned
k79_32350	unbinned
k79_32409	unbinned
k79_32417	unbinned
k79_32487	unbinned
k79_32919	unbinned
k79_32946	unbinned
k79_33154	unbinned
k79_33282	unbinned
k79_33373	unbinned
k79_33420	unbinned
k79_3346	unbinned
k79_33640	unbinned
k79_34101	unbinned
k79_34199	unbinned
k79_34214	unbinned
k79_34408	unbinned
k79_3448	unbinned
k79_34561	unbinned
k79_3458	unbinned
k79_34808	unbinned
k79_34829	unbinned
k79_34835	unbinned
k79_34882	unbinned
k79_35108	unbinned
k79_35388	unbinned
k79_35545	unbinned
k79_35575	unbinned
k79_35645	unbinned
k79_35705	unbinned
k79_36041	unbinned
k79_36154	unbinned
k79_36169	unbinned
k79_36420	unbinned
k79_36431	unbinned
k79_36447	unbinned
k79_36563	unbinned
k79_3675	unbinned
k79_36865	unbinned
k79_37002	unbinned
k79_37132	unbinned
k79_37253	unbinned
k79_37295	unbinned
k79_37417	unbinned
k79_3753	unbinned
k79_37557	unbinned
k79_37614	unbinned
k79_37655	unbinned
k79_37790	unbinned
k79_37852	unbinned
k79_37897	unbinned
k79_38035	unbinned
k79_38053	unbinned
k79_38131	unbinned
k79_3815	unbinned
k79_3816	unbinned
k79_38189	unbinned
k79_38206	unbinned
k79_38565	unbinned
k79_39044	unbinned
k79_39217	unbinned
k79_3957	unbinned
k79_39903	unbinned
k79_39919	unbinned
k79_40005	unbinned
k79_40040	unbinned
k79_40563	unbinned
k79_40573	unbinned
k79_40701	unbinned
k79_41024	unbinned
k79_41181	unbinned
k79_41187	unbinned
k79_41209	unbinned
k79_41593	unbinned
k79_41656	unbinned
k79_41683	unbinned
k79_41881	unbinned
k79_42068	unbinned
k79_42451	unbinned
k79_4255	unbinned
k79_42797	unbinned
k79_42882	unbinned
k79_43000	unbinned
k79_43274	unbinned
k79_43329	unbinned
k79_43350	unbinned
k79_43410	unbinned
k79_43592	unbinned
k79_43791	unbinned
k79_43934	unbinned
k79_43974	unbinned
k79_44089	unbinned
k79_44133	unbinned
k79_44144	unbinned
k79_44175	unbinned
k79_4446	unbinned
k79_44675	unbinned
k79_44928	unbinned
k79_45068	unbinned
k79_45107	unbinned
k79_45163	unbinned
k79_45341	unbinned
k79_45394	unbinned
k79_45403	unbinned
k79_45687	unbinned
k79_45925	unbinned
k79_45982	unbinned
k79_46187	unbinned
k79_46373	unbinned
k79_46409	unbinned
k79_46481	unbinned
k79_46482	unbinned
k79_46888	unbinned
k79_47362	unbinned
k79_47368	unbinned
k79_47447	unbinned
k79_47970	unbinned
k79_4809	unbinned
k79_48312	unbinned
k79_48420	unbinned
k79_48528	unbinned
k79_48579	unbinned
k79_48755	unbinned
k79_48879	unbinned
k79_49026	unbinned
k79_49036	unbinned
k79_49171	unbinned
k79_49291	unbinned
k79_49421	unbinned
k79_49481	unbinned
k79_49488	unbinned
k79_4989	unbinned
k79_5006	unbinned
k79_5040	unbinned
k79_50640	unbinned
k79_50750	unbinned
k79_51049	unbinned
k79_51128	unbinned
k79_51196	unbinned
k79_51548	unbinned
k79_51556	unbinned
k79_51582	unbinned
k79_51626	unbinned
k79_51783	unbinned
k79_51808	unbinned
k79_51921	unbinned
k79_52029	unbinned
k79_52237	unbinned
k79_52340	unbinned
k79_52595	unbinned
k79_52705	unbinned
k79_52811	unbinned
k79_52917	unbinned
k79_52965	unbinned
k79_53189	unbinned
k79_53221	unbinned
k79_53326	unbinned
k79_53643	unbinned
k79_53682	unbinned
k79_53728	unbinned
k79_53880	unbinned
k79_53913	unbinned
k79_54060	unbinned
k79_541	unbinned
k79_54528	unbinned
k79_54620	unbinned
k79_54757	unbinned
k79_54897	unbinned
k79_5494	unbinned
k79_55089	unbinned
k79_55131	unbinned
k79_55448	unbinned
k79_55494	unbinned
k79_55530	unbinned
k79_55622	unbinned
k79_55809	unbinned
k79_56157	unbinned
k79_56251	unbinned
k79_56430	unbinned
k79_56472	unbinned
k79_56750	unbinned
k79_5701	unbinned
k79_571	unbinned
k79_57104	unbinned
k79_57497	unbinned
k79_57549	unbinned
k79_57569	unbinned
k79_57914	unbinned
k79_58135	unbinned
k79_58161	unbinned
k79_58678	unbinned
k79_58796	unbinned
k79_58802	unbinned
k79_58976	unbinned
k79_58987	unbinned
k79_59312	unbinned
k79_5965	unbinned
k79_59662	unbinned
k79_59664	unbinned
k79_59806	unbinned
k79_59940	unbinned
k79_59961	unbinned
k79_59995	unbinned
k79_60039	unbinned
k79_60135	unbinned
k79_60196	unbinned
k79_6025	unbinned
k79_60307	unbinned
k79_60366	unbinned
k79_60531	unbinned
k79_6081	unbinned
k79_6083	unbinned
k79_60866	unbinned
k79_60941	unbinned
k79_61025	unbinned
k79_61083	unbinned
k79_61093	unbinned
k79_61179	unbinned
k79_61225	unbinned
k79_61265	unbinned
k79_61701	unbinned
k79_61767	unbinned
k79_61769	unbinned
k79_61815	unbinned
k79_62020	unbinned
k79_62516	unbinned
k79_62542	unbinned
k79_62596	unbinned
k79_62674	unbinned
k79_62686	unbinned
k79_62715	unbinned
k79_62793	unbinned
k79_62887	unbinned
k79_62901	unbinned
k79_62967	unbinned
k79_63291	unbinned
k79_63397	unbinned
k79_63629	unbinned
k79_63969	unbinned
k79_64210	unbinned
k79_64400	unbinned
k79_64479	unbinned
k79_64699	unbinned
k79_64731	unbinned
k79_65114	unbinned
k79_65356	unbinned
k79_65492	unbinned
k79_65496	unbinned
k79_65512	unbinned
k79_65690	unbinned
k79_6582	unbinned
k79_65976	unbinned
k79_66046	unbinned
k79_66099	unbinned
k79_66154	unbinned
k79_66188	unbinned
k79_66227	unbinned
k79_66257	unbinned
k79_66375	unbinned
k79_66446	unbinned
k79_66462	unbinned
k79_66502	unbinned
k79_66776	unbinned
k79_66817	unbinned
k79_66883	unbinned
k79_67054	unbinned
k79_67148	unbinned
k79_67151	unbinned
k79_67175	unbinned
k79_67241	unbinned
k79_67373	unbinned
k79_67394	unbinned
k79_67489	unbinned
k79_67776	unbinned
k79_67940	unbinned
k79_68139	unbinned
k79_68152	unbinned
k79_68268	unbinned
k79_68408	unbinned
k79_68527	unbinned
k79_68641	unbinned
k79_68669	unbinned
k79_68696	unbinned
k79_68971	unbinned
k79_69063	unbinned
k79_69122	unbinned
k79_69241	unbinned
k79_69300	unbinned
k79_6946	unbinned
k79_69475	unbinned
k79_69658	unbinned
k79_69774	unbinned
k79_69914	unbinned
k79_70060	unbinned
k79_7012	unbinned
k79_70401	unbinned
k79_7045	unbinned
k79_70453	unbinned
k79_70497	unbinned
k79_70518	unbinned
k79_70520	unbinned
k79_70541	unbinned
k79_70601	unbinned
k79_70659	unbinned
k79_70722	unbinned
k79_70955	unbinned
k79_71013	unbinned
k79_71017	unbinned
k79_71290	unbinned
k79_71436	unbinned
k79_7169	unbinned
k79_71809	unbinned
k79_71942	unbinned
k79_72062	unbinned
k79_72482	unbinned
k79_72524	unbinned
k79_72531	unbinned
k79_72665	unbinned
k79_72670	unbinned
k79_72708	unbinned
k79_72833	unbinned
k79_73409	unbinned
k79_73767	unbinned
k79_7382	unbinned
k79_74094	unbinned
k79_7458	unbinned
k79_74624	unbinned
k79_7476	unbinned
k79_74875	unbinned
k79_74943	unbinned
k79_74968	unbinned
k79_75003	unbinned
k79_75083	unbinned
k79_75395	unbinned
k79_75396	unbinned
k79_75612	unbinned
k79_75786	unbinned
k79_75948	unbinned
k79_76128	unbinned
k79_76181	unbinned
k79_76725	unbinned
k79_76780	unbinned
k79_76834	unbinned
k79_76941	unbinned
k79_77016	unbinned
k79_7706	unbinned
k79_77209	unbinned
k79_77228	unbinned
k79_77297	unbinned
k79_77318	unbinned
k79_77724	unbinned
k79_7780	unbinned
k79_78314	unbinned
k79_78330	unbinned
k79_78384	unbinned
k79_7839	unbinned
k79_784	unbinned
k79_78566	unbinned
k79_78731	unbinned
k79_78775	unbinned
k79_79263	unbinned
k79_79549	unbinned
k79_79568	unbinned
k79_79576	unbinned
k79_79709	unbinned
k79_7991	unbinned
k79_79943	unbinned
k79_80041	unbinned
k79_80105	unbinned
k79_80521	unbinned
k79_80675	unbinned
k79_80693	unbinned
k79_8077	unbinned
k79_80778	unbinned
k79_80810	unbinned
k79_80841	unbinned
k79_80969	unbinned
k79_81064	unbinned
k79_81081	unbinned
k79_81138	unbinned
k79_81139	unbinned
k79_81140	unbinned
k79_81180	unbinned
k79_81230	unbinned
k79_81352	unbinned
k79_81460	unbinned
k79_81475	unbinned
k79_81513	unbinned
k79_81534	unbinned
k79_81712	unbinned
k79_81719	unbinned
k79_81871	unbinned
k79_81928	unbinned
k79_82078	unbinned
k79_82194	unbinned
k79_82361	unbinned
k79_82402	unbinned
k79_82431	unbinned
k79_82608	unbinned
k79_82848	unbinned
k79_82858	unbinned
k79_82944	unbinned
k79_83126	unbinned
k79_83172	unbinned
k79_83268	unbinned
k79_83284	unbinned
k79_83360	unbinned
k79_83399	unbinned
k79_83692	unbinned
k79_83714	unbinned
k79_83838	unbinned
k79_83977	unbinned
k79_83999	unbinned
k79_84231	unbinned
k79_84302	unbinned
k79_84379	unbinned
k79_84391	unbinned
k79_84431	unbinned
k79_84450	unbinned
k79_84702	unbinned
k79_8477	unbinned
k79_84832	unbinned
k79_84935	unbinned
k79_85047	unbinned
k79_8508	unbinned
k79_85134	unbinned
k79_85160	unbinned
k79_85197	unbinned
k79_85341	unbinned
k79_85520	unbinned
k79_85705	unbinned
k79_85768	unbinned
k79_85929	unbinned
k79_86155	unbinned
k79_864	unbinned
k79_86580	unbinned
k79_86652	unbinned
k79_86732	unbinned
k79_868	unbinned
k79_86833	unbinned
k79_87085	unbinned
k79_87256	unbinned
k79_87375	unbinned
k79_87407	unbinned
k79_87492	unbinned
k79_87551	unbinned
k79_87774	unbinned
k79_87823	unbinned
k79_8784	unbinned
k79_87894	unbinned
k79_87934	unbinned
k79_88228	unbinned
k79_88425	unbinned
k79_88453	unbinned
k79_88485	unbinned
k79_88603	unbinned
k79_88656	unbinned
k79_88751	unbinned
k79_88848	unbinned
k79_89116	unbinned
k79_89144	unbinned
k79_89251	unbinned
k79_89288	unbinned
k79_89329	unbinned
k79_89364	unbinned
k79_89700	unbinned
k79_89929	unbinned
k79_90097	unbinned
k79_90399	unbinned
k79_90579	unbinned
k79_90594	unbinned
k79_90619	unbinned
k79_90653	unbinned
k79_90731	unbinned
k79_90800	unbinned
k79_91018	unbinned
k79_91020	unbinned
k79_91083	unbinned
k79_9119	unbinned
k79_91221	unbinned
k79_91229	unbinned
k79_91261	unbinned
k79_91370	unbinned
k79_91691	unbinned
k79_91738	unbinned
k79_91914	unbinned
k79_9211	unbinned
k79_9214	unbinned
k79_92189	unbinned
k79_92670	unbinned
k79_92933	unbinned
k79_93007	unbinned
k79_93026	unbinned
k79_93069	unbinned
k79_93111	unbinned
k79_93179	unbinned
k79_93192	unbinned
k79_93504	unbinned
k79_93587	unbinned
k79_93729	unbinned
k79_93853	unbinned
k79_93960	unbinned
k79_94028	unbinned
k79_94269	unbinned
k79_94362	unbinned
k79_94375	unbinned
k79_94386	unbinned
k79_94538	unbinned
k79_94724	unbinned
k79_94762	unbinned
k79_95077	unbinned
k79_95150	unbinned
k79_95499	unbinned
k79_95523	unbinned
k79_95528	unbinned
k79_95776	unbinned
k79_96218	unbinned
k79_96326	unbinned
k79_9719	unbinned
k79_9941	unbinned
k79_10758	unbinned
k79_1173	unbinned
k79_11829	unbinned
k79_11873	unbinned
k79_12149	unbinned
k79_12187	unbinned
k79_13021	unbinned
k79_13029	unbinned
k79_13678	unbinned
k79_13833	unbinned
k79_14938	unbinned
k79_15606	unbinned
k79_15618	unbinned
k79_16099	unbinned
k79_16641	unbinned
k79_16768	unbinned
k79_17228	unbinned
k79_17435	unbinned
k79_17571	unbinned
k79_17982	unbinned
k79_1863	unbinned
k79_18654	unbinned
k79_19230	unbinned
k79_20120	unbinned
k79_20284	unbinned
k79_20639	unbinned
k79_20892	unbinned
k79_21109	unbinned
k79_21773	unbinned
k79_23427	unbinned
k79_240	unbinned
k79_2525	unbinned
k79_25978	unbinned
k79_26162	unbinned
k79_26609	unbinned
k79_27061	unbinned
k79_27224	unbinned
k79_27417	unbinned
k79_27654	unbinned
k79_28157	unbinned
k79_28208	unbinned
k79_28944	unbinned
k79_29463	unbinned
k79_29949	unbinned
k79_29956	unbinned
k79_30975	unbinned
k79_31962	unbinned
k79_32573	unbinned
k79_33080	unbinned
k79_33250	unbinned
k79_33266	unbinned
k79_33481	unbinned
k79_33888	unbinned
k79_33900	unbinned
k79_35583	unbinned
k79_35698	unbinned
k79_35785	unbinned
k79_36198	unbinned
k79_36950	unbinned
k79_37188	unbinned
k79_37281	unbinned
k79_3734	unbinned
k79_37482	unbinned
k79_37521	unbinned
k79_3776	unbinned
k79_3793	unbinned
k79_38116	unbinned
k79_38372	unbinned
k79_38885	unbinned
k79_3959	unbinned
k79_40820	unbinned
k79_40831	unbinned
k79_41274	unbinned
k79_4187	unbinned
k79_42022	unbinned
k79_42141	unbinned
k79_42145	unbinned
k79_42209	unbinned
k79_42619	unbinned
k79_42775	unbinned
k79_43175	unbinned
k79_4318	unbinned
k79_43435	unbinned
k79_43617	unbinned
k79_44079	unbinned
k79_44390	unbinned
k79_4459	unbinned
k79_45574	unbinned
k79_45972	unbinned
k79_45976	unbinned
k79_46153	unbinned
k79_46428	unbinned
k79_46459	unbinned
k79_46959	unbinned
k79_47272	unbinned
k79_48001	unbinned
k79_48287	unbinned
k79_48539	unbinned
k79_49197	unbinned
k79_49381	unbinned
k79_49390	unbinned
k79_50132	unbinned
k79_50756	unbinned
k79_51032	unbinned
k79_51408	unbinned
k79_51565	unbinned
k79_51823	unbinned
k79_51944	unbinned
k79_52795	unbinned
k79_53519	unbinned
k79_5472	unbinned
k79_54750	unbinned
k79_5480	unbinned
k79_54854	unbinned
k79_55441	unbinned
k79_55624	unbinned
k79_55630	unbinned
k79_55994	unbinned
k79_56386	unbinned
k79_5841	unbinned
k79_58965	unbinned
k79_60288	unbinned
k79_60577	unbinned
k79_62333	unbinned
k79_62594	unbinned
k79_63025	unbinned
k79_64275	unbinned
k79_64619	unbinned
k79_65696	unbinned
k79_65898	unbinned
k79_65964	unbinned
k79_66162	unbinned
k79_66812	unbinned
k79_67012	unbinned
k79_67322	unbinned
k79_67338	unbinned
k79_68256	unbinned
k79_68270	unbinned
k79_6852	unbinned
k79_69053	unbinned
k79_69150	unbinned
k79_69479	unbinned
k79_69521	unbinned
k79_69940	unbinned
k79_70596	unbinned
k79_70707	unbinned
k79_71361	unbinned
k79_71571	unbinned
k79_71683	unbinned
k79_72217	unbinned
k79_72418	unbinned
k79_72475	unbinned
k79_72873	unbinned
k79_73087	unbinned
k79_73894	unbinned
k79_73937	unbinned
k79_74563	unbinned
k79_74938	unbinned
k79_7498	unbinned
k79_75133	unbinned
k79_75217	unbinned
k79_7566	unbinned
k79_75857	unbinned
k79_76007	unbinned
k79_761	unbinned
k79_77626	unbinned
k79_7785	unbinned
k79_78242	unbinned
k79_78688	unbinned
k79_79352	unbinned
k79_7951	unbinned
k79_80351	unbinned
k79_80388	unbinned
k79_80421	unbinned
k79_80898	unbinned
k79_80900	unbinned
k79_81080	unbinned
k79_81187	unbinned
k79_81482	unbinned
k79_81556	unbinned
k79_82117	unbinned
k79_8251	unbinned
k79_82925	unbinned
k79_83214	unbinned
k79_83745	unbinned
k79_8410	unbinned
k79_84134	unbinned
k79_87458	unbinned
k79_8853	unbinned
k79_88756	unbinned
k79_89472	unbinned
k79_89497	unbinned
k79_89801	unbinned
k79_89983	unbinned
k79_9064	unbinned
k79_912	unbinned
k79_91848	unbinned
k79_92601	unbinned
k79_9261	unbinned
k79_9277	unbinned
k79_92845	unbinned
k79_94182	unbinned
k79_94466	unbinned
k79_95296	unbinned
k79_9724	unbinned
k79_9787	unbinned
k79_11110	unbinned
k79_12392	unbinned
k79_12437	unbinned
k79_14004	unbinned
k79_14474	unbinned
k79_15220	unbinned
k79_15610	unbinned
k79_16019	unbinned
k79_1654	unbinned
k79_17285	unbinned
k79_17635	unbinned
k79_18506	unbinned
k79_19106	unbinned
k79_19357	unbinned
k79_19602	unbinned
k79_20101	unbinned
k79_21691	unbinned
k79_23648	unbinned
k79_24668	unbinned
k79_250	unbinned
k79_25289	unbinned
k79_25479	unbinned
k79_26559	unbinned
k79_27258	unbinned
k79_28823	unbinned
k79_29281	unbinned
k79_29698	unbinned
k79_30514	unbinned
k79_30599	unbinned
k79_30982	unbinned
k79_31906	unbinned
k79_31993	unbinned
k79_3276	unbinned
k79_33818	unbinned
k79_33905	unbinned
k79_3561	unbinned
k79_36101	unbinned
k79_36550	unbinned
k79_36740	unbinned
k79_3679	unbinned
k79_36953	unbinned
k79_3749	unbinned
k79_3768	unbinned
k79_40479	unbinned
k79_41049	unbinned
k79_41191	unbinned
k79_41981	unbinned
k79_42543	unbinned
k79_42754	unbinned
k79_42842	unbinned
k79_43090	unbinned
k79_43610	unbinned
k79_4432	unbinned
k79_44382	unbinned
k79_45095	unbinned
k79_46523	unbinned
k79_46576	unbinned
k79_48394	unbinned
k79_48995	unbinned
k79_49059	unbinned
k79_49557	unbinned
k79_50213	unbinned
k79_50749	unbinned
k79_5190	unbinned
k79_52049	unbinned
k79_52124	unbinned
k79_5306	unbinned
k79_53625	unbinned
k79_53746	unbinned
k79_55779	unbinned
k79_56322	unbinned
k79_56691	unbinned
k79_56905	unbinned
k79_56944	unbinned
k79_5695	unbinned
k79_57184	unbinned
k79_58627	unbinned
k79_5950	unbinned
k79_59712	unbinned
k79_59771	unbinned
k79_60792	unbinned
k79_61770	unbinned
k79_62010	unbinned
k79_62353	unbinned
k79_62801	unbinned
k79_62948	unbinned
k79_64260	unbinned
k79_64333	unbinned
k79_66864	unbinned
k79_6705	unbinned
k79_67599	unbinned
k79_67894	unbinned
k79_685	unbinned
k79_68799	unbinned
k79_69168	unbinned
k79_71258	unbinned
k79_71989	unbinned
k79_72294	unbinned
k79_72419	unbinned
k79_74365	unbinned
k79_74679	unbinned
k79_77402	unbinned
k79_77658	unbinned
k79_78393	unbinned
k79_79185	unbinned
k79_80190	unbinned
k79_80415	unbinned
k79_8127	unbinned
k79_81333	unbinned
k79_82118	unbinned
k79_82221	unbinned
k79_83566	unbinned
k79_83620	unbinned
k79_83706	unbinned
k79_84333	unbinned
k79_85170	unbinned
k79_85821	unbinned
k79_85850	unbinned
k79_86355	unbinned
k79_86385	unbinned
k79_86786	unbinned
k79_87345	unbinned
k79_87628	unbinned
k79_88152	unbinned
k79_888	unbinned
k79_8884	unbinned
k79_88872	unbinned
k79_89691	unbinned
k79_89733	unbinned
k79_898	unbinned
k79_89977	unbinned
k79_90309	unbinned
k79_91172	unbinned
k79_92632	unbinned
k79_92892	unbinned
k79_93558	unbinned
k79_93777	unbinned
k79_9523	unbinned
k79_96372	unbinned
k79_10007	unbinned
k79_10445	unbinned
k79_12788	unbinned
k79_1449	unbinned
k79_19151	unbinned
k79_22086	unbinned
k79_23039	unbinned
k79_24493	unbinned
k79_29024	unbinned
k79_30463	unbinned
k79_32747	unbinned
k79_36010	unbinned
k79_3736	unbinned
k79_41296	unbinned
k79_53153	unbinned
k79_53300	unbinned
k79_57279	unbinned
k79_58125	unbinned
k79_59123	unbinned
k79_60581	unbinned
k79_67606	unbinned
k79_70340	unbinned
k79_78334	unbinned
k79_79800	unbinned
k79_93187	unbinned
k79_94893	unbinned
k79_10057	unbinned
k79_10089	unbinned
k79_10111	unbinned
k79_10403	unbinned
k79_10411	unbinned
k79_10449	unbinned
k79_10683	unbinned
k79_10686	unbinned
k79_1113	unbinned
k79_11273	unbinned
k79_11311	unbinned
k79_11319	unbinned
k79_11473	unbinned
k79_11584	unbinned
k79_11871	unbinned
k79_11945	unbinned
k79_12097	unbinned
k79_12130	unbinned
k79_12157	unbinned
k79_12261	unbinned
k79_12335	unbinned
k79_12336	unbinned
k79_12862	unbinned
k79_12936	unbinned
k79_13009	unbinned
k79_13240	unbinned
k79_13530	unbinned
k79_13866	unbinned
k79_14381	unbinned
k79_14454	unbinned
k79_14651	unbinned
k79_14759	unbinned
k79_1497	unbinned
k79_15275	unbinned
k79_15424	unbinned
k79_15443	unbinned
k79_15913	unbinned
k79_15991	unbinned
k79_16323	unbinned
k79_16413	unbinned
k79_16535	unbinned
k79_16659	unbinned
k79_16992	unbinned
k79_17585	unbinned
k79_17620	unbinned
k79_1797	unbinned
k79_18191	unbinned
k79_18566	unbinned
k79_19377	unbinned
k79_19424	unbinned
k79_19578	unbinned
k79_1963	unbinned
k79_20573	unbinned
k79_20596	unbinned
k79_21331	unbinned
k79_21881	unbinned
k79_21954	unbinned
k79_2205	unbinned
k79_22116	unbinned
k79_22183	unbinned
k79_22308	unbinned
k79_22464	unbinned
k79_22992	unbinned
k79_2301	unbinned
k79_23230	unbinned
k79_2333	unbinned
k79_23532	unbinned
k79_23548	unbinned
k79_23754	unbinned
k79_23769	unbinned
k79_23848	unbinned
k79_23957	unbinned
k79_23977	unbinned
k79_24095	unbinned
k79_24126	unbinned
k79_24169	unbinned
k79_24184	unbinned
k79_24205	unbinned
k79_24238	unbinned
k79_24553	unbinned
k79_24632	unbinned
k79_24671	unbinned
k79_24763	unbinned
k79_24791	unbinned
k79_2495	unbinned
k79_25093	unbinned
k79_25158	unbinned
k79_25545	unbinned
k79_25593	unbinned
k79_25745	unbinned
k79_25792	unbinned
k79_25810	unbinned
k79_2612	unbinned
k79_2654	unbinned
k79_26591	unbinned
k79_26679	unbinned
k79_27169	unbinned
k79_27414	unbinned
k79_27458	unbinned
k79_27740	unbinned
k79_2833	unbinned
k79_28529	unbinned
k79_28904	unbinned
k79_28986	unbinned
k79_29213	unbinned
k79_29687	unbinned
k79_29756	unbinned
k79_29775	unbinned
k79_30339	unbinned
k79_30349	unbinned
k79_30484	unbinned
k79_30589	unbinned
k79_31235	unbinned
k79_31243	unbinned
k79_31384	unbinned
k79_31619	unbinned
k79_31924	unbinned
k79_32467	unbinned
k79_33116	unbinned
k79_33308	unbinned
k79_33439	unbinned
k79_33578	unbinned
k79_33617	unbinned
k79_3375	unbinned
k79_33837	unbinned
k79_33870	unbinned
k79_34068	unbinned
k79_34114	unbinned
k79_34295	unbinned
k79_35282	unbinned
k79_36279	unbinned
k79_36309	unbinned
k79_36438	unbinned
k79_36509	unbinned
k79_36989	unbinned
k79_37329	unbinned
k79_37539	unbinned
k79_37858	unbinned
k79_37940	unbinned
k79_37954	unbinned
k79_38421	unbinned
k79_38822	unbinned
k79_39160	unbinned
k79_39196	unbinned
k79_39248	unbinned
k79_39370	unbinned
k79_39419	unbinned
k79_39582	unbinned
k79_39604	unbinned
k79_39666	unbinned
k79_39710	unbinned
k79_3988	unbinned
k79_40012	unbinned
k79_40512	unbinned
k79_41037	unbinned
k79_41080	unbinned
k79_41109	unbinned
k79_41272	unbinned
k79_41335	unbinned
k79_41556	unbinned
k79_42006	unbinned
k79_42056	unbinned
k79_42144	unbinned
k79_42190	unbinned
k79_42276	unbinned
k79_42280	unbinned
k79_42718	unbinned
k79_42779	unbinned
k79_43174	unbinned
k79_43483	unbinned
k79_43518	unbinned
k79_43596	unbinned
k79_43601	unbinned
k79_43656	unbinned
k79_43720	unbinned
k79_43881	unbinned
k79_44040	unbinned
k79_44170	unbinned
k79_44236	unbinned
k79_44452	unbinned
k79_44609	unbinned
k79_44649	unbinned
k79_44925	unbinned
k79_45791	unbinned
k79_46049	unbinned
k79_46131	unbinned
k79_46186	unbinned
k79_46210	unbinned
k79_46218	unbinned
k79_46885	unbinned
k79_47141	unbinned
k79_47241	unbinned
k79_47248	unbinned
k79_47282	unbinned
k79_47487	unbinned
k79_47559	unbinned
k79_48118	unbinned
k79_48351	unbinned
k79_48381	unbinned
k79_48559	unbinned
k79_48663	unbinned
k79_48678	unbinned
k79_48693	unbinned
k79_48961	unbinned
k79_48969	unbinned
k79_49145	unbinned
k79_49244	unbinned
k79_49566	unbinned
k79_49581	unbinned
k79_49908	unbinned
k79_50392	unbinned
k79_50493	unbinned
k79_506	unbinned
k79_50881	unbinned
k79_51053	unbinned
k79_51077	unbinned
k79_51450	unbinned
k79_51586	unbinned
k79_51690	unbinned
k79_51739	unbinned
k79_51817	unbinned
k79_51886	unbinned
k79_51926	unbinned
k79_51952	unbinned
k79_52219	unbinned
k79_52435	unbinned
k79_52650	unbinned
k79_52933	unbinned
k79_53491	unbinned
k79_53627	unbinned
k79_54214	unbinned
k79_54269	unbinned
k79_543	unbinned
k79_54347	unbinned
k79_54363	unbinned
k79_54632	unbinned
k79_54669	unbinned
k79_54689	unbinned
k79_54735	unbinned
k79_54826	unbinned
k79_54872	unbinned
k79_55214	unbinned
k79_55349	unbinned
k79_55585	unbinned
k79_55633	unbinned
k79_55650	unbinned
k79_56061	unbinned
k79_56196	unbinned
k79_56470	unbinned
k79_56586	unbinned
k79_5666	unbinned
k79_5677	unbinned
k79_56881	unbinned
k79_57012	unbinned
k79_57203	unbinned
k79_57235	unbinned
k79_57316	unbinned
k79_57445	unbinned
k79_57467	unbinned
k79_57586	unbinned
k79_57859	unbinned
k79_57987	unbinned
k79_58020	unbinned
k79_585	unbinned
k79_59323	unbinned
k79_59339	unbinned
k79_59370	unbinned
k79_59392	unbinned
k79_59784	unbinned
k79_60251	unbinned
k79_60311	unbinned
k79_60330	unbinned
k79_60376	unbinned
k79_60417	unbinned
k79_60812	unbinned
k79_61201	unbinned
k79_61301	unbinned
k79_61386	unbinned
k79_61458	unbinned
k79_62077	unbinned
k79_62191	unbinned
k79_62280	unbinned
k79_62509	unbinned
k79_62531	unbinned
k79_62651	unbinned
k79_63001	unbinned
k79_63148	unbinned
k79_63364	unbinned
k79_63658	unbinned
k79_63714	unbinned
k79_63753	unbinned
k79_64075	unbinned
k79_64234	unbinned
k79_64492	unbinned
k79_64804	unbinned
k79_64811	unbinned
k79_6513	unbinned
k79_65130	unbinned
k79_65138	unbinned
k79_65534	unbinned
k79_65660	unbinned
k79_65686	unbinned
k79_66190	unbinned
k79_6622	unbinned
k79_66333	unbinned
k79_66584	unbinned
k79_66608	unbinned
k79_66689	unbinned
k79_66837	unbinned
k79_67103	unbinned
k79_67164	unbinned
k79_67551	unbinned
k79_6758	unbinned
k79_67854	unbinned
k79_67977	unbinned
k79_67999	unbinned
k79_68135	unbinned
k79_68422	unbinned
k79_6845	unbinned
k79_68451	unbinned
k79_68494	unbinned
k79_68586	unbinned
k79_68739	unbinned
k79_68771	unbinned
k79_69910	unbinned
k79_69965	unbinned
k79_70103	unbinned
k79_70322	unbinned
k79_70411	unbinned
k79_70698	unbinned
k79_71021	unbinned
k79_71037	unbinned
k79_71310	unbinned
k79_71382	unbinned
k79_71538	unbinned
k79_71548	unbinned
k79_7198	unbinned
k79_7202	unbinned
k79_72111	unbinned
k79_72319	unbinned
k79_7236	unbinned
k79_72377	unbinned
k79_73038	unbinned
k79_73049	unbinned
k79_7316	unbinned
k79_73251	unbinned
k79_73526	unbinned
k79_74035	unbinned
k79_74073	unbinned
k79_746	unbinned
k79_74683	unbinned
k79_74712	unbinned
k79_75008	unbinned
k79_75091	unbinned
k79_75232	unbinned
k79_75302	unbinned
k79_75317	unbinned
k79_75344	unbinned
k79_75925	unbinned
k79_75958	unbinned
k79_7596	unbinned
k79_76045	unbinned
k79_76130	unbinned
k79_76191	unbinned
k79_76618	unbinned
k79_76940	unbinned
k79_7712	unbinned
k79_77168	unbinned
k79_77184	unbinned
k79_77193	unbinned
k79_77203	unbinned
k79_77361	unbinned
k79_77711	unbinned
k79_77728	unbinned
k79_77931	unbinned
k79_7795	unbinned
k79_78117	unbinned
k79_7834	unbinned
k79_78498	unbinned
k79_7854	unbinned
k79_78802	unbinned
k79_78908	unbinned
k79_79009	unbinned
k79_79043	unbinned
k79_79272	unbinned
k79_79336	unbinned
k79_79422	unbinned
k79_79442	unbinned
k79_79626	unbinned
k79_79659	unbinned
k79_79681	unbinned
k79_79833	unbinned
k79_79867	unbinned
k79_80189	unbinned
k79_80389	unbinned
k79_8073	unbinned
k79_80865	unbinned
k79_80929	unbinned
k79_81146	unbinned
k79_81158	unbinned
k79_81175	unbinned
k79_81215	unbinned
k79_81514	unbinned
k79_81630	unbinned
k79_81701	unbinned
k79_81710	unbinned
k79_81960	unbinned
k79_81997	unbinned
k79_8213	unbinned
k79_82201	unbinned
k79_82505	unbinned
k79_82557	unbinned
k79_82665	unbinned
k79_82714	unbinned
k79_8280	unbinned
k79_8281	unbinned
k79_8297	unbinned
k79_83023	unbinned
k79_83293	unbinned
k79_83295	unbinned
k79_83580	unbinned
k79_83852	unbinned
k79_84367	unbinned
k79_84565	unbinned
k79_84647	unbinned
k79_84764	unbinned
k79_85046	unbinned
k79_85763	unbinned
k79_85949	unbinned
k79_86162	unbinned
k79_86338	unbinned
k79_86513	unbinned
k79_86730	unbinned
k79_87276	unbinned
k79_8777	unbinned
k79_87919	unbinned
k79_88019	unbinned
k79_88131	unbinned
k79_8837	unbinned
k79_88381	unbinned
k79_88481	unbinned
k79_88508	unbinned
k79_88585	unbinned
k79_88899	unbinned
k79_88972	unbinned
k79_89192	unbinned
k79_89215	unbinned
k79_89693	unbinned
k79_8976	unbinned
k79_89807	unbinned
k79_89914	unbinned
k79_90482	unbinned
k79_90549	unbinned
k79_90553	unbinned
k79_90750	unbinned
k79_91557	unbinned
k79_91810	unbinned
k79_9202	unbinned
k79_92040	unbinned
k79_92473	unbinned
k79_92949	unbinned
k79_93683	unbinned
k79_93723	unbinned
k79_93877	unbinned
k79_93929	unbinned
k79_94168	unbinned
k79_94169	unbinned
k79_94198	unbinned
k79_94199	unbinned
k79_94576	unbinned
k79_94885	unbinned
k79_94950	unbinned
k79_94962	unbinned
k79_95044	unbinned
k79_95087	unbinned
k79_95233	unbinned
k79_9531	unbinned
k79_95629	unbinned
k79_95677	unbinned
k79_95834	unbinned
k79_96024	unbinned
k79_96168	unbinned
k79_96379	unbinned
k79_9730	unbinned
k79_9750	unbinned
k79_9850	unbinned
k79_9940	unbinned
k79_9952	unbinned
k79_1002	unbinned
k79_10365	unbinned
k79_10581	unbinned
k79_10725	unbinned
k79_11610	unbinned
k79_11617	unbinned
k79_11881	unbinned
k79_12377	unbinned
k79_12697	unbinned
k79_13179	unbinned
k79_13310	unbinned
k79_13769	unbinned
k79_13932	unbinned
k79_14575	unbinned
k79_14586	unbinned
k79_14888	unbinned
k79_14895	unbinned
k79_15267	unbinned
k79_15334	unbinned
k79_15550	unbinned
k79_1564	unbinned
k79_15777	unbinned
k79_1650	unbinned
k79_16561	unbinned
k79_16673	unbinned
k79_17158	unbinned
k79_17352	unbinned
k79_17417	unbinned
k79_1766	unbinned
k79_18828	unbinned
k79_18926	unbinned
k79_19015	unbinned
k79_19161	unbinned
k79_19167	unbinned
k79_20410	unbinned
k79_20456	unbinned
k79_2060	unbinned
k79_2068	unbinned
k79_20702	unbinned
k79_21589	unbinned
k79_21988	unbinned
k79_22155	unbinned
k79_22546	unbinned
k79_2277	unbinned
k79_23124	unbinned
k79_23359	unbinned
k79_23443	unbinned
k79_23635	unbinned
k79_24129	unbinned
k79_24177	unbinned
k79_24427	unbinned
k79_24772	unbinned
k79_24863	unbinned
k79_25080	unbinned
k79_25274	unbinned
k79_25433	unbinned
k79_25500	unbinned
k79_25531	unbinned
k79_25764	unbinned
k79_26120	unbinned
k79_26229	unbinned
k79_26977	unbinned
k79_27137	unbinned
k79_27156	unbinned
k79_27176	unbinned
k79_27309	unbinned
k79_27441	unbinned
k79_27606	unbinned
k79_28066	unbinned
k79_28335	unbinned
k79_29065	unbinned
k79_29221	unbinned
k79_29229	unbinned
k79_29361	unbinned
k79_29722	unbinned
k79_29755	unbinned
k79_30190	unbinned
k79_30304	unbinned
k79_30698	unbinned
k79_31087	unbinned
k79_31305	unbinned
k79_31813	unbinned
k79_32834	unbinned
k79_32865	unbinned
k79_32901	unbinned
k79_33137	unbinned
k79_33298	unbinned
k79_33306	unbinned
k79_33319	unbinned
k79_33660	unbinned
k79_34038	unbinned
k79_34612	unbinned
k79_34935	unbinned
k79_35016	unbinned
k79_35614	unbinned
k79_35711	unbinned
k79_35837	unbinned
k79_36070	unbinned
k79_36196	unbinned
k79_3634	unbinned
k79_36717	unbinned
k79_37155	unbinned
k79_37535	unbinned
k79_37904	unbinned
k79_3802	unbinned
k79_38134	unbinned
k79_38205	unbinned
k79_38247	unbinned
k79_38994	unbinned
k79_3910	unbinned
k79_39109	unbinned
k79_39487	unbinned
k79_39693	unbinned
k79_39866	unbinned
k79_40620	unbinned
k79_41732	unbinned
k79_42021	unbinned
k79_42180	unbinned
k79_42226	unbinned
k79_4249	unbinned
k79_42828	unbinned
k79_43053	unbinned
k79_43112	unbinned
k79_43843	unbinned
k79_43935	unbinned
k79_44048	unbinned
k79_44460	unbinned
k79_45234	unbinned
k79_45361	unbinned
k79_45642	unbinned
k79_45680	unbinned
k79_45901	unbinned
k79_4624	unbinned
k79_46449	unbinned
k79_46524	unbinned
k79_4685	unbinned
k79_46895	unbinned
k79_47198	unbinned
k79_47808	unbinned
k79_48513	unbinned
k79_48736	unbinned
k79_49744	unbinned
k79_49786	unbinned
k79_50085	unbinned
k79_50536	unbinned
k79_50623	unbinned
k79_50664	unbinned
k79_50778	unbinned
k79_51177	unbinned
k79_51650	unbinned
k79_51811	unbinned
k79_52000	unbinned
k79_52125	unbinned
k79_52560	unbinned
k79_52806	unbinned
k79_53460	unbinned
k79_53957	unbinned
k79_54273	unbinned
k79_54765	unbinned
k79_54807	unbinned
k79_55057	unbinned
k79_55365	unbinned
k79_555	unbinned
k79_55516	unbinned
k79_55646	unbinned
k79_5589	unbinned
k79_55912	unbinned
k79_563	unbinned
k79_56317	unbinned
k79_56377	unbinned
k79_56616	unbinned
k79_57151	unbinned
k79_57646	unbinned
k79_57931	unbinned
k79_58044	unbinned
k79_58062	unbinned
k79_58533	unbinned
k79_59052	unbinned
k79_59461	unbinned
k79_59996	unbinned
k79_60174	unbinned
k79_60509	unbinned
k79_61919	unbinned
k79_62233	unbinned
k79_62774	unbinned
k79_62884	unbinned
k79_63144	unbinned
k79_6348	unbinned
k79_63823	unbinned
k79_63995	unbinned
k79_64931	unbinned
k79_64969	unbinned
k79_65016	unbinned
k79_65304	unbinned
k79_65647	unbinned
k79_65670	unbinned
k79_66165	unbinned
k79_6647	unbinned
k79_66573	unbinned
k79_66599	unbinned
k79_67040	unbinned
k79_67234	unbinned
k79_67423	unbinned
k79_67539	unbinned
k79_68195	unbinned
k79_68240	unbinned
k79_688	unbinned
k79_69117	unbinned
k79_69323	unbinned
k79_69538	unbinned
k79_69594	unbinned
k79_69834	unbinned
k79_70041	unbinned
k79_70280	unbinned
k79_70606	unbinned
k79_70674	unbinned
k79_70750	unbinned
k79_71114	unbinned
k79_71168	unbinned
k79_71477	unbinned
k79_71551	unbinned
k79_71617	unbinned
k79_72947	unbinned
k79_7309	unbinned
k79_73242	unbinned
k79_73631	unbinned
k79_73729	unbinned
k79_73954	unbinned
k79_74045	unbinned
k79_74541	unbinned
k79_75200	unbinned
k79_75241	unbinned
k79_75848	unbinned
k79_75860	unbinned
k79_76334	unbinned
k79_77415	unbinned
k79_77903	unbinned
k79_78805	unbinned
k79_79366	unbinned
k79_79376	unbinned
k79_79534	unbinned
k79_79953	unbinned
k79_79980	unbinned
k79_80188	unbinned
k79_80317	unbinned
k79_80400	unbinned
k79_80645	unbinned
k79_8175	unbinned
k79_82189	unbinned
k79_82235	unbinned
k79_82397	unbinned
k79_82719	unbinned
k79_83645	unbinned
k79_8374	unbinned
k79_84621	unbinned
k79_84930	unbinned
k79_85204	unbinned
k79_85306	unbinned
k79_85876	unbinned
k79_86126	unbinned
k79_86409	unbinned
k79_86590	unbinned
k79_86775	unbinned
k79_86918	unbinned
k79_86983	unbinned
k79_86987	unbinned
k79_87371	unbinned
k79_87435	unbinned
k79_87579	unbinned
k79_87709	unbinned
k79_87925	unbinned
k79_88483	unbinned
k79_88511	unbinned
k79_88544	unbinned
k79_8865	unbinned
k79_88757	unbinned
k79_89036	unbinned
k79_89426	unbinned
k79_89630	unbinned
k79_89854	unbinned
k79_89906	unbinned
k79_90009	unbinned
k79_90039	unbinned
k79_90168	unbinned
k79_90940	unbinned
k79_90960	unbinned
k79_91232	unbinned
k79_91927	unbinned
k79_92047	unbinned
k79_92209	unbinned
k79_9236	unbinned
k79_92364	unbinned
k79_93114	unbinned
k79_9341	unbinned
k79_93412	unbinned
k79_9369	unbinned
k79_93746	unbinned
k79_93870	unbinned
k79_93987	unbinned
k79_94022	unbinned
k79_94141	unbinned
k79_94263	unbinned
k79_94575	unbinned
k79_95344	unbinned
k79_9594	unbinned
k79_96352	unbinned
k79_96397	unbinned
k79_1011	unbinned
k79_10855	unbinned
k79_1166	unbinned
k79_11978	unbinned
k79_12076	unbinned
k79_12089	unbinned
k79_12426	unbinned
k79_12823	unbinned
k79_12953	unbinned
k79_1331	unbinned
k79_13607	unbinned
k79_13897	unbinned
k79_1432	unbinned
k79_14817	unbinned
k79_14917	unbinned
k79_15131	unbinned
k79_15228	unbinned
k79_15912	unbinned
k79_15946	unbinned
k79_16662	unbinned
k79_16817	unbinned
k79_16932	unbinned
k79_16958	unbinned
k79_17527	unbinned
k79_17653	unbinned
k79_18819	unbinned
k79_18972	unbinned
k79_18990	unbinned
k79_1915	unbinned
k79_19154	unbinned
k79_19363	unbinned
k79_19400	unbinned
k79_19457	unbinned
k79_19753	unbinned
k79_19821	unbinned
k79_2067	unbinned
k79_20811	unbinned
k79_21545	unbinned
k79_21667	unbinned
k79_22125	unbinned
k79_22312	unbinned
k79_22332	unbinned
k79_22622	unbinned
k79_23123	unbinned
k79_23130	unbinned
k79_2395	unbinned
k79_24677	unbinned
k79_24998	unbinned
k79_256	unbinned
k79_2571	unbinned
k79_26853	unbinned
k79_26955	unbinned
k79_27682	unbinned
k79_2885	unbinned
k79_29464	unbinned
k79_29625	unbinned
k79_29642	unbinned
k79_29690	unbinned
k79_29997	unbinned
k79_30012	unbinned
k79_3058	unbinned
k79_30692	unbinned
k79_31461	unbinned
k79_32437	unbinned
k79_32774	unbinned
k79_33173	unbinned
k79_34140	unbinned
k79_34304	unbinned
k79_34766	unbinned
k79_35026	unbinned
k79_35868	unbinned
k79_3722	unbinned
k79_37664	unbinned
k79_37784	unbinned
k79_38071	unbinned
k79_38461	unbinned
k79_38993	unbinned
k79_39636	unbinned
k79_39689	unbinned
k79_39924	unbinned
k79_40328	unbinned
k79_406	unbinned
k79_41208	unbinned
k79_413	unbinned
k79_41443	unbinned
k79_41565	unbinned
k79_4199	unbinned
k79_42220	unbinned
k79_43046	unbinned
k79_43196	unbinned
k79_44668	unbinned
k79_45325	unbinned
k79_45594	unbinned
k79_45685	unbinned
k79_46463	unbinned
k79_46493	unbinned
k79_46625	unbinned
k79_47121	unbinned
k79_47185	unbinned
k79_48226	unbinned
k79_48868	unbinned
k79_50485	unbinned
k79_50621	unbinned
k79_5069	unbinned
k79_51130	unbinned
k79_51804	unbinned
k79_51958	unbinned
k79_52114	unbinned
k79_522	unbinned
k79_5316	unbinned
k79_5403	unbinned
k79_55375	unbinned
k79_5555	unbinned
k79_56262	unbinned
k79_56471	unbinned
k79_57010	unbinned
k79_57809	unbinned
k79_58433	unbinned
k79_58808	unbinned
k79_59928	unbinned
k79_59931	unbinned
k79_60238	unbinned
k79_61052	unbinned
k79_61610	unbinned
k79_6236	unbinned
k79_63093	unbinned
k79_63304	unbinned
k79_6351	unbinned
k79_63530	unbinned
k79_63611	unbinned
k79_64143	unbinned
k79_64368	unbinned
k79_64401	unbinned
k79_64667	unbinned
k79_65432	unbinned
k79_66216	unbinned
k79_66477	unbinned
k79_66925	unbinned
k79_67427	unbinned
k79_67601	unbinned
k79_6858	unbinned
k79_69169	unbinned
k79_69428	unbinned
k79_70182	unbinned
k79_70685	unbinned
k79_71351	unbinned
k79_71423	unbinned
k79_71974	unbinned
k79_72853	unbinned
k79_73160	unbinned
k79_73164	unbinned
k79_73632	unbinned
k79_74369	unbinned
k79_74725	unbinned
k79_74738	unbinned
k79_75121	unbinned
k79_75376	unbinned
k79_76526	unbinned
k79_76538	unbinned
k79_77321	unbinned
k79_77810	unbinned
k79_78260	unbinned
k79_78533	unbinned
k79_7871	unbinned
k79_78910	unbinned
k79_78977	unbinned
k79_79041	unbinned
k79_79329	unbinned
k79_79597	unbinned
k79_79643	unbinned
k79_7975	unbinned
k79_79873	unbinned
k79_79911	unbinned
k79_80284	unbinned
k79_80830	unbinned
k79_81087	unbinned
k79_81811	unbinned
k79_82224	unbinned
k79_82613	unbinned
k79_83253	unbinned
k79_83297	unbinned
k79_83598	unbinned
k79_83682	unbinned
k79_83843	unbinned
k79_84092	unbinned
k79_84644	unbinned
k79_84659	unbinned
k79_84793	unbinned
k79_85404	unbinned
k79_85513	unbinned
k79_85516	unbinned
k79_85526	unbinned
k79_8563	unbinned
k79_85787	unbinned
k79_85976	unbinned
k79_86387	unbinned
k79_86869	unbinned
k79_8714	unbinned
k79_87619	unbinned
k79_88166	unbinned
k79_90964	unbinned
k79_91501	unbinned
k79_91515	unbinned
k79_92275	unbinned
k79_92394	unbinned
k79_92739	unbinned
k79_92861	unbinned
k79_9326	unbinned
k79_93354	unbinned
k79_93664	unbinned
k79_94383	unbinned
k79_95061	unbinned
k79_95291	unbinned
k79_96137	unbinned
k79_12842	unbinned
k79_2376	unbinned
k79_31328	unbinned
k79_38327	unbinned
k79_42216	unbinned
k79_53573	unbinned
k79_538	unbinned
k79_65301	unbinned
k79_67380	unbinned
k79_81990	unbinned
k79_8958	unbinned
k79_10713	unbinned
k79_11158	unbinned
k79_11409	unbinned
k79_1294	unbinned
k79_12956	unbinned
k79_13135	unbinned
k79_1410	unbinned
k79_14275	unbinned
k79_1433	unbinned
k79_1482	unbinned
k79_14837	unbinned
k79_15499	unbinned
k79_15893	unbinned
k79_16429	unbinned
k79_16602	unbinned
k79_16983	unbinned
k79_1760	unbinned
k79_17903	unbinned
k79_18007	unbinned
k79_18554	unbinned
k79_1868	unbinned
k79_19329	unbinned
k79_1982	unbinned
k79_20350	unbinned
k79_21474	unbinned
k79_21704	unbinned
k79_21769	unbinned
k79_21958	unbinned
k79_21964	unbinned
k79_22054	unbinned
k79_22134	unbinned
k79_2221	unbinned
k79_22329	unbinned
k79_22413	unbinned
k79_22856	unbinned
k79_22869	unbinned
k79_22891	unbinned
k79_23074	unbinned
k79_23096	unbinned
k79_23245	unbinned
k79_238	unbinned
k79_24124	unbinned
k79_24240	unbinned
k79_24446	unbinned
k79_25284	unbinned
k79_25858	unbinned
k79_26019	unbinned
k79_26161	unbinned
k79_26225	unbinned
k79_26253	unbinned
k79_26889	unbinned
k79_27192	unbinned
k79_27474	unbinned
k79_27942	unbinned
k79_28188	unbinned
k79_28371	unbinned
k79_2851	unbinned
k79_29688	unbinned
k79_29717	unbinned
k79_2979	unbinned
k79_29828	unbinned
k79_30303	unbinned
k79_30313	unbinned
k79_30324	unbinned
k79_30418	unbinned
k79_31121	unbinned
k79_31182	unbinned
k79_31185	unbinned
k79_31411	unbinned
k79_31597	unbinned
k79_31609	unbinned
k79_31932	unbinned
k79_32079	unbinned
k79_32240	unbinned
k79_32510	unbinned
k79_33079	unbinned
k79_350	unbinned
k79_35464	unbinned
k79_36918	unbinned
k79_3710	unbinned
k79_37809	unbinned
k79_37850	unbinned
k79_38861	unbinned
k79_3927	unbinned
k79_39668	unbinned
k79_40017	unbinned
k79_40160	unbinned
k79_40904	unbinned
k79_41251	unbinned
k79_41527	unbinned
k79_41856	unbinned
k79_41989	unbinned
k79_42358	unbinned
k79_43336	unbinned
k79_43366	unbinned
k79_43774	unbinned
k79_43830	unbinned
k79_4442	unbinned
k79_44512	unbinned
k79_4469	unbinned
k79_44911	unbinned
k79_44993	unbinned
k79_45088	unbinned
k79_45444	unbinned
k79_45778	unbinned
k79_4596	unbinned
k79_46216	unbinned
k79_46321	unbinned
k79_46618	unbinned
k79_47108	unbinned
k79_47768	unbinned
k79_48704	unbinned
k79_48832	unbinned
k79_49008	unbinned
k79_49075	unbinned
k79_49832	unbinned
k79_49866	unbinned
k79_50700	unbinned
k79_50891	unbinned
k79_51950	unbinned
k79_52031	unbinned
k79_52101	unbinned
k79_52534	unbinned
k79_52805	unbinned
k79_53523	unbinned
k79_53847	unbinned
k79_54229	unbinned
k79_5464	unbinned
k79_55657	unbinned
k79_55874	unbinned
k79_55879	unbinned
k79_56166	unbinned
k79_56355	unbinned
k79_56406	unbinned
k79_56679	unbinned
k79_56730	unbinned
k79_56899	unbinned
k79_57005	unbinned
k79_5749	unbinned
k79_58554	unbinned
k79_59797	unbinned
k79_60181	unbinned
k79_60356	unbinned
k79_60642	unbinned
k79_60945	unbinned
k79_6123	unbinned
k79_61636	unbinned
k79_61998	unbinned
k79_62001	unbinned
k79_62166	unbinned
k79_62213	unbinned
k79_62448	unbinned
k79_62482	unbinned
k79_6272	unbinned
k79_62989	unbinned
k79_63225	unbinned
k79_63408	unbinned
k79_63795	unbinned
k79_63843	unbinned
k79_63957	unbinned
k79_64255	unbinned
k79_64332	unbinned
k79_64693	unbinned
k79_6486	unbinned
k79_6525	unbinned
k79_658	unbinned
k79_66036	unbinned
k79_66512	unbinned
k79_67125	unbinned
k79_67207	unbinned
k79_6767	unbinned
k79_6771	unbinned
k79_67734	unbinned
k79_6801	unbinned
k79_68121	unbinned
k79_6814	unbinned
k79_68518	unbinned
k79_68550	unbinned
k79_68917	unbinned
k79_70181	unbinned
k79_70521	unbinned
k79_70562	unbinned
k79_70679	unbinned
k79_71205	unbinned
k79_71364	unbinned
k79_72427	unbinned
k79_73868	unbinned
k79_74078	unbinned
k79_74182	unbinned
k79_74468	unbinned
k79_74857	unbinned
k79_75385	unbinned
k79_75485	unbinned
k79_76263	unbinned
k79_76841	unbinned
k79_77276	unbinned
k79_7772	unbinned
k79_78125	unbinned
k79_78464	unbinned
k79_78465	unbinned
k79_78723	unbinned
k79_79582	unbinned
k79_79710	unbinned
k79_79860	unbinned
k79_79967	unbinned
k79_80091	unbinned
k79_81638	unbinned
k79_82019	unbinned
k79_82316	unbinned
k79_82723	unbinned
k79_82745	unbinned
k79_83398	unbinned
k79_83413	unbinned
k79_83626	unbinned
k79_83680	unbinned
k79_84347	unbinned
k79_85625	unbinned
k79_86500	unbinned
k79_86702	unbinned
k79_87172	unbinned
k79_87288	unbinned
k79_87416	unbinned
k79_87474	unbinned
k79_87691	unbinned
k79_88113	unbinned
k79_88208	unbinned
k79_88411	unbinned
k79_88918	unbinned
k79_89110	unbinned
k79_89319	unbinned
k79_90003	unbinned
k79_90255	unbinned
k79_90336	unbinned
k79_90567	unbinned
k79_91681	unbinned
k79_9184	unbinned
k79_92053	unbinned
k79_92833	unbinned
k79_93217	unbinned
k79_9371	unbinned
k79_93841	unbinned
k79_93850	unbinned
k79_94986	unbinned
k79_96055	unbinned
k79_96258	unbinned
k79_98	unbinned
k79_1119	unbinned
k79_11266	unbinned
k79_12330	unbinned
k79_12544	unbinned
k79_12557	unbinned
k79_13731	unbinned
k79_14212	unbinned
k79_14569	unbinned
k79_15210	unbinned
k79_16169	unbinned
k79_18057	unbinned
k79_19423	unbinned
k79_20611	unbinned
k79_20771	unbinned
k79_2308	unbinned
k79_23561	unbinned
k79_26224	unbinned
k79_2713	unbinned
k79_28373	unbinned
k79_30356	unbinned
k79_3038	unbinned
k79_30637	unbinned
k79_31571	unbinned
k79_32574	unbinned
k79_3480	unbinned
k79_35300	unbinned
k79_36575	unbinned
k79_37724	unbinned
k79_38676	unbinned
k79_39911	unbinned
k79_40170	unbinned
k79_40776	unbinned
k79_4107	unbinned
k79_41543	unbinned
k79_41927	unbinned
k79_42431	unbinned
k79_42703	unbinned
k79_44989	unbinned
k79_46324	unbinned
k79_47247	unbinned
k79_49962	unbinned
k79_50950	unbinned
k79_51676	unbinned
k79_52173	unbinned
k79_52947	unbinned
k79_54422	unbinned
k79_56888	unbinned
k79_57291	unbinned
k79_59226	unbinned
k79_59482	unbinned
k79_60505	unbinned
k79_60653	unbinned
k79_61397	unbinned
k79_61917	unbinned
k79_65532	unbinned
k79_65596	unbinned
k79_66409	unbinned
k79_6789	unbinned
k79_68974	unbinned
k79_69868	unbinned
k79_70791	unbinned
k79_73691	unbinned
k79_74580	unbinned
k79_74665	unbinned
k79_76166	unbinned
k79_76439	unbinned
k79_76812	unbinned
k79_76826	unbinned
k79_77364	unbinned
k79_78917	unbinned
k79_78954	unbinned
k79_81431	unbinned
k79_82591	unbinned
k79_83964	unbinned
k79_84480	unbinned
k79_84664	unbinned
k79_85143	unbinned
k79_85227	unbinned
k79_8707	unbinned
k79_88119	unbinned
k79_88688	unbinned
k79_90046	unbinned
k79_90436	unbinned
k79_92182	unbinned
k79_93145	unbinned
k79_93661	unbinned
k79_94920	unbinned
k79_95685	unbinned
k79_13113	unbinned
k79_13587	unbinned
k79_19572	unbinned
k79_22042	unbinned
k79_26777	unbinned
k79_41570	unbinned
k79_43840	unbinned
k79_45488	unbinned
k79_49334	unbinned
k79_53664	unbinned
k79_55920	unbinned
k79_61461	unbinned
k79_62173	unbinned
k79_66816	unbinned
k79_6819	unbinned
k79_69201	unbinned
k79_78483	unbinned
k79_87275	unbinned
k79_87444	unbinned
k79_90121	unbinned
k79_94397	unbinned
k79_49951	unbinned
k79_87211	unbinned
k79_10648	unbinned
k79_11620	unbinned
k79_11703	unbinned
k79_12048	unbinned
k79_12221	unbinned
k79_12430	unbinned
k79_12470	unbinned
k79_12757	unbinned
k79_13052	unbinned
k79_13247	unbinned
k79_14141	unbinned
k79_14194	unbinned
k79_14862	unbinned
k79_15019	unbinned
k79_15453	unbinned
k79_16297	unbinned
k79_16312	unbinned
k79_16520	unbinned
k79_17406	unbinned
k79_17842	unbinned
k79_17932	unbinned
k79_18576	unbinned
k79_18709	unbinned
k79_1902	unbinned
k79_19440	unbinned
k79_20093	unbinned
k79_21481	unbinned
k79_21534	unbinned
k79_21572	unbinned
k79_2200	unbinned
k79_23902	unbinned
k79_25048	unbinned
k79_25418	unbinned
k79_26069	unbinned
k79_26423	unbinned
k79_26473	unbinned
k79_27155	unbinned
k79_27853	unbinned
k79_28063	unbinned
k79_28480	unbinned
k79_29694	unbinned
k79_29973	unbinned
k79_30137	unbinned
k79_30742	unbinned
k79_3147	unbinned
k79_31720	unbinned
k79_32799	unbinned
k79_33006	unbinned
k79_35266	unbinned
k79_36383	unbinned
k79_36579	unbinned
k79_36970	unbinned
k79_37007	unbinned
k79_37222	unbinned
k79_37258	unbinned
k79_37290	unbinned
k79_37383	unbinned
k79_37562	unbinned
k79_37966	unbinned
k79_38050	unbinned
k79_38195	unbinned
k79_38324	unbinned
k79_38897	unbinned
k79_39085	unbinned
k79_39110	unbinned
k79_39130	unbinned
k79_3979	unbinned
k79_39795	unbinned
k79_39808	unbinned
k79_40763	unbinned
k79_41431	unbinned
k79_415	unbinned
k79_41741	unbinned
k79_42063	unbinned
k79_42102	unbinned
k79_42203	unbinned
k79_435	unbinned
k79_43821	unbinned
k79_45436	unbinned
k79_45466	unbinned
k79_456	unbinned
k79_49062	unbinned
k79_49129	unbinned
k79_49468	unbinned
k79_49665	unbinned
k79_50476	unbinned
k79_50557	unbinned
k79_50822	unbinned
k79_51428	unbinned
k79_52200	unbinned
k79_52211	unbinned
k79_5225	unbinned
k79_52394	unbinned
k79_52964	unbinned
k79_53760	unbinned
k79_54553	unbinned
k79_54736	unbinned
k79_55428	unbinned
k79_5602	unbinned
k79_5660	unbinned
k79_57584	unbinned
k79_58426	unbinned
k79_58882	unbinned
k79_60534	unbinned
k79_61071	unbinned
k79_61490	unbinned
k79_62534	unbinned
k79_62921	unbinned
k79_63041	unbinned
k79_63647	unbinned
k79_63691	unbinned
k79_65010	unbinned
k79_65259	unbinned
k79_65373	unbinned
k79_66179	unbinned
k79_66201	unbinned
k79_67656	unbinned
k79_67892	unbinned
k79_68173	unbinned
k79_68334	unbinned
k79_6870	unbinned
k79_68793	unbinned
k79_69146	unbinned
k79_70277	unbinned
k79_70308	unbinned
k79_70559	unbinned
k79_71462	unbinned
k79_72066	unbinned
k79_72229	unbinned
k79_72255	unbinned
k79_72309	unbinned
k79_7244	unbinned
k79_72546	unbinned
k79_73213	unbinned
k79_73585	unbinned
k79_73621	unbinned
k79_73658	unbinned
k79_73717	unbinned
k79_73744	unbinned
k79_73843	unbinned
k79_74144	unbinned
k79_74387	unbinned
k79_75777	unbinned
k79_76087	unbinned
k79_76791	unbinned
k79_77186	unbinned
k79_78363	unbinned
k79_79348	unbinned
k79_79532	unbinned
k79_801	unbinned
k79_80337	unbinned
k79_80880	unbinned
k79_81508	unbinned
k79_81562	unbinned
k79_82827	unbinned
k79_84357	unbinned
k79_84390	unbinned
k79_84460	unbinned
k79_84797	unbinned
k79_84829	unbinned
k79_84887	unbinned
k79_85307	unbinned
k79_85911	unbinned
k79_86006	unbinned
k79_86432	unbinned
k79_87159	unbinned
k79_87180	unbinned
k79_87203	unbinned
k79_87331	unbinned
k79_87402	unbinned
k79_87707	unbinned
k79_88489	unbinned
k79_88531	unbinned
k79_88565	unbinned
k79_89275	unbinned
k79_89533	unbinned
k79_90703	unbinned
k79_91204	unbinned
k79_91602	unbinned
k79_92341	unbinned
k79_93496	unbinned
k79_96025	unbinned
k79_96046	unbinned
k79_96175	unbinned
k79_15984	unbinned
k79_27369	unbinned
k79_38392	unbinned
k79_4924	unbinned
k79_49527	unbinned
k79_49644	unbinned
k79_57617	unbinned
k79_73886	unbinned
k79_84511	unbinned
k79_86554	unbinned
k79_87077	unbinned
k79_92476	unbinned
k79_9433	unbinned
k79_10360	unbinned
k79_10430	unbinned
k79_11089	unbinned
k79_11255	unbinned
k79_12015	unbinned
k79_12316	unbinned
k79_12510	unbinned
k79_12759	unbinned
k79_13102	unbinned
k79_13218	unbinned
k79_14061	unbinned
k79_15090	unbinned
k79_15333	unbinned
k79_16046	unbinned
k79_17389	unbinned
k79_18311	unbinned
k79_18660	unbinned
k79_18751	unbinned
k79_1899	unbinned
k79_19008	unbinned
k79_20412	unbinned
k79_2092	unbinned
k79_2174	unbinned
k79_2220	unbinned
k79_22367	unbinned
k79_23304	unbinned
k79_23342	unbinned
k79_23627	unbinned
k79_24135	unbinned
k79_24511	unbinned
k79_24931	unbinned
k79_2580	unbinned
k79_26140	unbinned
k79_26145	unbinned
k79_26593	unbinned
k79_2684	unbinned
k79_26841	unbinned
k79_2695	unbinned
k79_2933	unbinned
k79_29421	unbinned
k79_30153	unbinned
k79_30798	unbinned
k79_31066	unbinned
k79_31225	unbinned
k79_3129	unbinned
k79_32814	unbinned
k79_32977	unbinned
k79_33177	unbinned
k79_34264	unbinned
k79_34374	unbinned
k79_34753	unbinned
k79_35155	unbinned
k79_35526	unbinned
k79_35568	unbinned
k79_35721	unbinned
k79_35793	unbinned
k79_35983	unbinned
k79_36213	unbinned
k79_3669	unbinned
k79_36726	unbinned
k79_36773	unbinned
k79_37642	unbinned
k79_37841	unbinned
k79_38477	unbinned
k79_38806	unbinned
k79_39413	unbinned
k79_39802	unbinned
k79_3983	unbinned
k79_39837	unbinned
k79_40216	unbinned
k79_40934	unbinned
k79_41479	unbinned
k79_41546	unbinned
k79_41588	unbinned
k79_41662	unbinned
k79_41841	unbinned
k79_41853	unbinned
k79_42450	unbinned
k79_42471	unbinned
k79_42741	unbinned
k79_43004	unbinned
k79_43725	unbinned
k79_43930	unbinned
k79_44160	unbinned
k79_44278	unbinned
k79_44447	unbinned
k79_45421	unbinned
k79_46037	unbinned
k79_46798	unbinned
k79_46939	unbinned
k79_47029	unbinned
k79_47073	unbinned
k79_47217	unbinned
k79_47309	unbinned
k79_47320	unbinned
k79_47397	unbinned
k79_47980	unbinned
k79_49078	unbinned
k79_49329	unbinned
k79_49353	unbinned
k79_49710	unbinned
k79_50035	unbinned
k79_50066	unbinned
k79_50393	unbinned
k79_505	unbinned
k79_50575	unbinned
k79_51042	unbinned
k79_51044	unbinned
k79_52110	unbinned
k79_52278	unbinned
k79_54122	unbinned
k79_54169	unbinned
k79_56063	unbinned
k79_57919	unbinned
k79_58399	unbinned
k79_5848	unbinned
k79_58873	unbinned
k79_58958	unbinned
k79_59134	unbinned
k79_59288	unbinned
k79_5937	unbinned
k79_59816	unbinned
k79_59829	unbinned
k79_60035	unbinned
k79_60521	unbinned
k79_60638	unbinned
k79_61500	unbinned
k79_61527	unbinned
k79_61783	unbinned
k79_62296	unbinned
k79_62968	unbinned
k79_62995	unbinned
k79_630	unbinned
k79_63141	unbinned
k79_63343	unbinned
k79_64232	unbinned
k79_64291	unbinned
k79_64672	unbinned
k79_65452	unbinned
k79_66360	unbinned
k79_67	unbinned
k79_6766	unbinned
k79_67847	unbinned
k79_69850	unbinned
k79_70193	unbinned
k79_70466	unbinned
k79_7063	unbinned
k79_70800	unbinned
k79_70834	unbinned
k79_70882	unbinned
k79_71385	unbinned
k79_71659	unbinned
k79_72126	unbinned
k79_72865	unbinned
k79_72880	unbinned
k79_73559	unbinned
k79_7363	unbinned
k79_73768	unbinned
k79_74371	unbinned
k79_74765	unbinned
k79_7528	unbinned
k79_753	unbinned
k79_75783	unbinned
k79_76161	unbinned
k79_7640	unbinned
k79_76738	unbinned
k79_7710	unbinned
k79_77240	unbinned
k79_776	unbinned
k79_78236	unbinned
k79_78364	unbinned
k79_78565	unbinned
k79_78727	unbinned
k79_79117	unbinned
k79_79176	unbinned
k79_79958	unbinned
k79_80280	unbinned
k79_81467	unbinned
k79_81607	unbinned
k79_81770	unbinned
k79_82110	unbinned
k79_82892	unbinned
k79_8328	unbinned
k79_84770	unbinned
k79_84879	unbinned
k79_84888	unbinned
k79_85329	unbinned
k79_86001	unbinned
k79_86064	unbinned
k79_86497	unbinned
k79_86947	unbinned
k79_87003	unbinned
k79_87479	unbinned
k79_88015	unbinned
k79_88705	unbinned
k79_88842	unbinned
k79_89244	unbinned
k79_89762	unbinned
k79_90133	unbinned
k79_90520	unbinned
k79_90947	unbinned
k79_90990	unbinned
k79_91475	unbinned
k79_9188	unbinned
k79_91931	unbinned
k79_92830	unbinned
k79_93139	unbinned
k79_93676	unbinned
k79_94026	unbinned
k79_94544	unbinned
k79_94905	unbinned
k79_95632	unbinned
k79_95797	unbinned
k79_96174	unbinned
k79_96249	unbinned
k79_55430	unbinned
k79_28495	unbinned
k79_36293	unbinned
k79_63966	unbinned
k79_85090	unbinned
k79_85847	unbinned
k79_10215	unbinned
k79_13361	unbinned
k79_15535	unbinned
k79_15934	unbinned
k79_22674	unbinned
k79_22712	unbinned
k79_24605	unbinned
k79_24795	unbinned
k79_25037	unbinned
k79_25643	unbinned
k79_261	unbinned
k79_26293	unbinned
k79_27821	unbinned
k79_28099	unbinned
k79_30328	unbinned
k79_30360	unbinned
k79_307	unbinned
k79_31300	unbinned
k79_33186	unbinned
k79_33300	unbinned
k79_3381	unbinned
k79_33938	unbinned
k79_3403	unbinned
k79_34569	unbinned
k79_35311	unbinned
k79_35692	unbinned
k79_36945	unbinned
k79_39320	unbinned
k79_39894	unbinned
k79_49637	unbinned
k79_49924	unbinned
k79_50678	unbinned
k79_51654	unbinned
k79_53931	unbinned
k79_55146	unbinned
k79_56201	unbinned
k79_59275	unbinned
k79_63262	unbinned
k79_637	unbinned
k79_6499	unbinned
k79_65093	unbinned
k79_67052	unbinned
k79_67536	unbinned
k79_6833	unbinned
k79_71463	unbinned
k79_71719	unbinned
k79_72895	unbinned
k79_75360	unbinned
k79_76485	unbinned
k79_77897	unbinned
k79_78057	unbinned
k79_78068	unbinned
k79_80334	unbinned
k79_82866	unbinned
k79_84756	unbinned
k79_86331	unbinned
k79_86390	unbinned
k79_86820	unbinned
k79_86823	unbinned
k79_88696	unbinned
k79_91935	unbinned
k79_9409	unbinned
k79_95345	unbinned
k79_96315	unbinned
k79_96393	unbinned
k79_10383	unbinned
k79_10461	unbinned
k79_11233	unbinned
k79_12604	unbinned
k79_12975	unbinned
k79_18592	unbinned
k79_22717	unbinned
k79_29484	unbinned
k79_32924	unbinned
k79_33453	unbinned
k79_3614	unbinned
k79_36583	unbinned
k79_4323	unbinned
k79_43674	unbinned
k79_46408	unbinned
k79_47358	unbinned
k79_48544	unbinned
k79_48571	unbinned
k79_49035	unbinned
k79_52535	unbinned
k79_54360	unbinned
k79_56753	unbinned
k79_56835	unbinned
k79_64959	unbinned
k79_69208	unbinned
k79_72995	unbinned
k79_74362	unbinned
k79_74518	unbinned
k79_77662	unbinned
k79_83604	unbinned
k79_85530	unbinned
k79_86189	unbinned
k79_8626	unbinned
k79_88814	unbinned
k79_93491	unbinned
k79_29032	unbinned
k79_16538	unbinned
k79_22317	unbinned
k79_24410	unbinned
k79_28985	unbinned
k79_30096	unbinned
k79_31973	unbinned
k79_32392	unbinned
k79_33214	unbinned
k79_37488	unbinned
k79_41183	unbinned
k79_41458	unbinned
k79_43602	unbinned
k79_46268	unbinned
k79_49298	unbinned
k79_50118	unbinned
k79_50201	unbinned
k79_59378	unbinned
k79_59572	unbinned
k79_59745	unbinned
k79_60639	unbinned
k79_61596	unbinned
k79_62266	unbinned
k79_66212	unbinned
k79_66636	unbinned
k79_67829	unbinned
k79_6979	unbinned
k79_72011	unbinned
k79_74101	unbinned
k79_74621	unbinned
k79_75373	unbinned
k79_75713	unbinned
k79_77527	unbinned
k79_81958	unbinned
k79_85359	unbinned
k79_85711	unbinned
k79_86048	unbinned
k79_86662	unbinned
k79_87667	unbinned
k79_89030	unbinned
k79_91850	unbinned
k79_92138	unbinned
k79_19717	unbinned
k79_23422	unbinned
k79_24176	unbinned
k79_24261	unbinned
k79_25381	unbinned
k79_26219	unbinned
k79_28462	unbinned
k79_44786	unbinned
k79_44900	unbinned
k79_49915	unbinned
k79_54246	unbinned
k79_58190	unbinned
k79_60538	unbinned
k79_62934	unbinned
k79_63832	unbinned
k79_74558	unbinned
k79_74593	unbinned
k79_87817	unbinned
k79_90457	unbinned
k79_13007	unbinned
k79_60445	unbinned
k79_73900	unbinned
k79_95306	unbinned
k79_16712	unbinned
k79_24322	unbinned
k79_33049	unbinned
k79_348	unbinned
k79_37910	unbinned
k79_46326	unbinned
k79_57621	unbinned
k79_60893	unbinned
k79_61574	unbinned
k79_62913	unbinned
k79_69067	unbinned
k79_8162	unbinned
k79_8630	unbinned
k79_90612	unbinned
k79_90987	unbinned
k79_95462	unbinned
k79_14152	unbinned
k79_15973	unbinned
k79_25398	unbinned
k79_26095	unbinned
k79_32143	unbinned
k79_34735	unbinned
k79_39099	unbinned
k79_45407	unbinned
k79_46192	unbinned
k79_59296	unbinned
k79_59965	unbinned
k79_60566	unbinned
k79_61173	unbinned
k79_61925	unbinned
k79_62227	unbinned
k79_62381	unbinned
k79_63618	unbinned
k79_6577	unbinned
k79_71210	unbinned
k79_74098	unbinned
k79_89680	unbinned
k79_96363	unbinned
k79_9846	unbinned
k79_10396	unbinned
k79_10710	unbinned
k79_11328	unbinned
k79_11552	unbinned
k79_12976	unbinned
k79_13058	unbinned
k79_13701	unbinned
k79_15365	unbinned
k79_16065	unbinned
k79_1811	unbinned
k79_18852	unbinned
k79_21543	unbinned
k79_23676	unbinned
k79_23771	unbinned
k79_25763	unbinned
k79_29472	unbinned
k79_29507	unbinned
k79_35666	unbinned
k79_36299	unbinned
k79_36876	unbinned
k79_38555	unbinned
k79_3934	unbinned
k79_3952	unbinned
k79_4159	unbinned
k79_4195	unbinned
k79_42336	unbinned
k79_42956	unbinned
k79_43003	unbinned
k79_4732	unbinned
k79_50814	unbinned
k79_51	unbinned
k79_51638	unbinned
k79_54761	unbinned
k79_55688	unbinned
k79_56137	unbinned
k79_5694	unbinned
k79_57139	unbinned
k79_57202	unbinned
k79_60178	unbinned
k79_60544	unbinned
k79_62200	unbinned
k79_63489	unbinned
k79_63556	unbinned
k79_64842	unbinned
k79_66484	unbinned
k79_67031	unbinned
k79_69303	unbinned
k79_69872	unbinned
k79_70681	unbinned
k79_7115	unbinned
k79_72647	unbinned
k79_73491	unbinned
k79_73652	unbinned
k79_76297	unbinned
k79_77523	unbinned
k79_78261	unbinned
k79_80536	unbinned
k79_80598	unbinned
k79_81153	unbinned
k79_82851	unbinned
k79_83575	unbinned
k79_83662	unbinned
k79_85159	unbinned
k79_85698	unbinned
k79_87946	unbinned
k79_88749	unbinned
k79_91193	unbinned
k79_92452	unbinned
k79_93928	unbinned
k79_94214	unbinned
k79_95292	unbinned
k79_20970	unbinned
k79_26923	unbinned
k79_3342	unbinned
k79_39819	unbinned
k79_40209	unbinned
k79_41425	unbinned
k79_42007	unbinned
k79_46302	unbinned
k79_50019	unbinned
k79_57916	unbinned
k79_58202	unbinned
k79_58252	unbinned
k79_64254	unbinned
k79_67974	unbinned
k79_69802	unbinned
k79_78904	unbinned
k79_79698	unbinned
k79_88479	unbinned
k79_94178	unbinned
k79_12828	unbinned
k79_14225	unbinned
k79_14935	unbinned
k79_17053	unbinned
k79_2648	unbinned
k79_26696	unbinned
k79_2754	unbinned
k79_31250	unbinned
k79_31517	unbinned
k79_37540	unbinned
k79_42793	unbinned
k79_49322	unbinned
k79_5424	unbinned
k79_56922	unbinned
k79_60989	unbinned
k79_66015	unbinned
k79_67505	unbinned
k79_67679	unbinned
k79_71105	unbinned
k79_71758	unbinned
k79_71846	unbinned
k79_73071	unbinned
k79_74799	unbinned
k79_76043	unbinned
k79_86531	unbinned
k79_88090	unbinned
k79_10094	unbinned
k79_14744	unbinned
k79_15770	unbinned
k79_18790	unbinned
k79_25276	unbinned
k79_31001	unbinned
k79_33403	unbinned
k79_33854	unbinned
k79_37967	unbinned
k79_3806	unbinned
k79_3924	unbinned
k79_41840	unbinned
k79_41960	unbinned
k79_425	unbinned
k79_46722	unbinned
k79_48205	unbinned
k79_50327	unbinned
k79_50360	unbinned
k79_51036	unbinned
k79_56957	unbinned
k79_61742	unbinned
k79_67667	unbinned
k79_69662	unbinned
k79_69754	unbinned
k79_72624	unbinned
k79_77729	unbinned
k79_82205	unbinned
k79_82339	unbinned
k79_86829	unbinned
k79_89600	unbinned
k79_91268	unbinned
k79_10040	unbinned
k79_1047	unbinned
k79_10778	unbinned
k79_10813	unbinned
k79_12031	unbinned
k79_13042	unbinned
k79_13835	unbinned
k79_14868	unbinned
k79_15257	unbinned
k79_15595	unbinned
k79_15649	unbinned
k79_15862	unbinned
k79_15963	unbinned
k79_17249	unbinned
k79_18321	unbinned
k79_20899	unbinned
k79_21064	unbinned
k79_22141	unbinned
k79_229	unbinned
k79_23642	unbinned
k79_23874	unbinned
k79_25556	unbinned
k79_25954	unbinned
k79_25985	unbinned
k79_27027	unbinned
k79_27413	unbinned
k79_31671	unbinned
k79_32084	unbinned
k79_32932	unbinned
k79_33094	unbinned
k79_34283	unbinned
k79_36659	unbinned
k79_37309	unbinned
k79_37489	unbinned
k79_38060	unbinned
k79_39223	unbinned
k79_39595	unbinned
k79_4117	unbinned
k79_41177	unbinned
k79_4179	unbinned
k79_43252	unbinned
k79_44201	unbinned
k79_45257	unbinned
k79_45844	unbinned
k79_46418	unbinned
k79_49099	unbinned
k79_49742	unbinned
k79_49976	unbinned
k79_5005	unbinned
k79_51180	unbinned
k79_52787	unbinned
k79_54128	unbinned
k79_54320	unbinned
k79_54348	unbinned
k79_57438	unbinned
k79_60099	unbinned
k79_61055	unbinned
k79_61685	unbinned
k79_6210	unbinned
k79_6231	unbinned
k79_63038	unbinned
k79_66348	unbinned
k79_66410	unbinned
k79_68007	unbinned
k79_68120	unbinned
k79_69998	unbinned
k79_70704	unbinned
k79_72541	unbinned
k79_72982	unbinned
k79_75179	unbinned
k79_76187	unbinned
k79_76230	unbinned
k79_76266	unbinned
k79_76507	unbinned
k79_7820	unbinned
k79_79067	unbinned
k79_8116	unbinned
k79_82436	unbinned
k79_84767	unbinned
k79_84901	unbinned
k79_84976	unbinned
k79_86667	unbinned
k79_87224	unbinned
k79_89532	unbinned
k79_89828	unbinned
k79_91313	unbinned
k79_91824	unbinned
k79_92289	unbinned
k79_92945	unbinned
k79_94231	unbinned
k79_94408	unbinned
k79_95793	unbinned
k79_9990	unbinned
k79_13287	unbinned
k79_260	unbinned
k79_60736	unbinned
k79_66362	unbinned
k79_90811	unbinned
k79_92780	unbinned
k79_11432	unbinned
k79_13153	unbinned
k79_15661	unbinned
k79_17265	unbinned
k79_20214	unbinned
k79_22836	unbinned
k79_23836	unbinned
k79_27282	unbinned
k79_3201	unbinned
k79_37254	unbinned
k79_38365	unbinned
k79_41642	unbinned
k79_43872	unbinned
k79_44788	unbinned
k79_45036	unbinned
k79_50010	unbinned
k79_54642	unbinned
k79_54674	unbinned
k79_55059	unbinned
k79_55684	unbinned
k79_59704	unbinned
k79_63768	unbinned
k79_65313	unbinned
k79_71373	unbinned
k79_72503	unbinned
k79_74757	unbinned
k79_75251	unbinned
k79_77482	unbinned
k79_86404	unbinned
k79_92460	unbinned
k79_13335	unbinned
k79_15707	unbinned
k79_23953	unbinned
k79_25003	unbinned
k79_25765	unbinned
k79_31289	unbinned
k79_37894	unbinned
k79_38111	unbinned
k79_38298	unbinned
k79_38399	unbinned
k79_38863	unbinned
k79_3917	unbinned
k79_40456	unbinned
k79_40562	unbinned
k79_42546	unbinned
k79_43246	unbinned
k79_45498	unbinned
k79_45995	unbinned
k79_49868	unbinned
k79_50011	unbinned
k79_51809	unbinned
k79_52782	unbinned
k79_5409	unbinned
k79_54570	unbinned
k79_5918	unbinned
k79_61250	unbinned
k79_63504	unbinned
k79_64830	unbinned
k79_65018	unbinned
k79_67705	unbinned
k79_68969	unbinned
k79_72726	unbinned
k79_78983	unbinned
k79_8157	unbinned
k79_85669	unbinned
k79_89729	unbinned
k79_90971	unbinned
k79_92750	unbinned
k79_93927	unbinned
k79_95386	unbinned
k79_22819	unbinned
k79_51327	unbinned
k79_53304	unbinned
k79_71786	unbinned
k79_80851	unbinned
k79_86630	unbinned
k79_89135	unbinned
k79_93149	unbinned
k79_1112	unbinned
k79_1557	unbinned
k79_20107	unbinned
k79_24665	unbinned
k79_24938	unbinned
k79_33656	unbinned
k79_39680	unbinned
k79_4083	unbinned
k79_45740	unbinned
k79_46103	unbinned
k79_46713	unbinned
k79_4713	unbinned
k79_47425	unbinned
k79_49601	unbinned
k79_60758	unbinned
k79_63051	unbinned
k79_64451	unbinned
k79_66222	unbinned
k79_66616	unbinned
k79_68931	unbinned
k79_74754	unbinned
k79_75286	unbinned
k79_83885	unbinned
k79_85755	unbinned
k79_88876	unbinned
k79_89543	unbinned
k79_79288	unbinned
k79_20179	unbinned
k79_28222	unbinned
k79_36632	unbinned
k79_39165	unbinned
k79_49437	unbinned
k79_49669	unbinned
k79_52506	unbinned
k79_58416	unbinned
k79_61531	unbinned
k79_6532	unbinned
k79_68249	unbinned
k79_81376	unbinned
k79_86161	unbinned
k79_95387	unbinned
k79_15899	unbinned
k79_18936	unbinned
k79_23403	unbinned
k79_26551	unbinned
k79_26928	unbinned
k79_32361	unbinned
k79_36300	unbinned
k79_38634	unbinned
k79_40722	unbinned
k79_55794	unbinned
k79_57818	unbinned
k79_64266	unbinned
k79_66049	unbinned
k79_70056	unbinned
k79_86524	unbinned
k79_91077	unbinned
k79_91423	unbinned
k79_92730	unbinned
k79_9798	unbinned
k79_9989	unbinned
k79_75188	unbinned
k79_10028	unbinned
k79_1003	unbinned
k79_10054	unbinned
k79_10054	unbinned
k79_10090	unbinned
k79_10114	unbinned
k79_10177	unbinned
k79_10191	unbinned
k79_10248	unbinned
k79_10254	unbinned
k79_10266	unbinned
k79_10296	unbinned
k79_10313	unbinned
k79_10332	unbinned
k79_10343	unbinned
k79_10362	unbinned
k79_10379	unbinned
k79_10404	unbinned
k79_10404	unbinned
k79_10419	unbinned
k79_10431	unbinned
k79_10465	unbinned
k79_10475	unbinned
k79_10488	unbinned
k79_10488	unbinned
k79_1052	unbinned
k79_10570	unbinned
k79_10570	unbinned
k79_10594	unbinned
k79_10594	unbinned
k79_10644	unbinned
k79_10668	unbinned
k79_10697	unbinned
k79_10697	unbinned
k79_10738	unbinned
k79_10760	unbinned
k79_10797	unbinned
k79_10806	unbinned
k79_10856	unbinned
k79_10859	unbinned
k79_10895	unbinned
k79_10926	unbinned
k79_10928	unbinned
k79_10934	unbinned
k79_10952	unbinned
k79_10952	unbinned
k79_1097	unbinned
k79_10970	unbinned
k79_10970	unbinned
k79_10972	unbinned
k79_10988	unbinned
k79_11039	unbinned
k79_11081	unbinned
k79_11173	unbinned
k79_11217	unbinned
k79_1126	unbinned
k79_1126	unbinned
k79_11279	unbinned
k79_11398	unbinned
k79_11422	unbinned
k79_11422	unbinned
k79_1144	unbinned
k79_11449	unbinned
k79_1153	unbinned
k79_1155	unbinned
k79_11554	unbinned
k79_11555	unbinned
k79_11561	unbinned
k79_11650	unbinned
k79_11716	unbinned
k79_11716	unbinned
k79_11726	unbinned
k79_11726	unbinned
k79_11749	unbinned
k79_1176	unbinned
k79_11863	unbinned
k79_1188	unbinned
k79_11907	unbinned
k79_11950	unbinned
k79_11957	unbinned
k79_11984	unbinned
k79_1202	unbinned
k79_1203	unbinned
k79_1203	unbinned
k79_12039	unbinned
k79_12049	unbinned
k79_12049	unbinned
k79_12098	unbinned
k79_12106	unbinned
k79_12122	unbinned
k79_1213	unbinned
k79_12141	unbinned
k79_12151	unbinned
k79_12151	unbinned
k79_12162	unbinned
k79_12162	unbinned
k79_1217	unbinned
k79_12176	unbinned
k79_12189	unbinned
k79_12213	unbinned
k79_12215	unbinned
k79_12215	unbinned
k79_12239	unbinned
k79_12239	unbinned
k79_12284	unbinned
k79_12301	unbinned
k79_12317	unbinned
k79_12318	unbinned
k79_12380	unbinned
k79_12396	unbinned
k79_12404	unbinned
k79_12431	unbinned
k79_12431	unbinned
k79_12501	unbinned
k79_12524	unbinned
k79_12527	unbinned
k79_12537	unbinned
k79_12541	unbinned
k79_12542	unbinned
k79_12548	unbinned
k79_12580	unbinned
k79_12581	unbinned
k79_12602	unbinned
k79_12640	unbinned
k79_12644	unbinned
k79_12665	unbinned
k79_1267	unbinned
k79_12675	unbinned
k79_1269	unbinned
k79_12755	unbinned
k79_12818	unbinned
k79_12824	unbinned
k79_12853	unbinned
k79_1293	unbinned
k79_12937	unbinned
k79_12937	unbinned
k79_12946	unbinned
k79_12957	unbinned
k79_12958	unbinned
k79_12986	unbinned
k79_13005	unbinned
k79_13026	unbinned
k79_13026	unbinned
k79_13037	unbinned
k79_1306	unbinned
k79_1311	unbinned
k79_13110	unbinned
k79_13111	unbinned
k79_13129	unbinned
k79_13181	unbinned
k79_13181	unbinned
k79_13199	unbinned
k79_13213	unbinned
k79_13226	unbinned
k79_13265	unbinned
k79_13265	unbinned
k79_13266	unbinned
k79_13271	unbinned
k79_13295	unbinned
k79_13368	unbinned
k79_13372	unbinned
k79_13376	unbinned
k79_13445	unbinned
k79_13447	unbinned
k79_13447	unbinned
k79_13467	unbinned
k79_13472	unbinned
k79_13487	unbinned
k79_13507	unbinned
k79_13507	unbinned
k79_13516	unbinned
k79_13545	unbinned
k79_13555	unbinned
k79_13562	unbinned
k79_13562	unbinned
k79_13585	unbinned
k79_13608	unbinned
k79_13648	unbinned
k79_13652	unbinned
k79_13652	unbinned
k79_13657	unbinned
k79_13669	unbinned
k79_13676	unbinned
k79_13693	unbinned
k79_13734	unbinned
k79_13743	unbinned
k79_13751	unbinned
k79_13764	unbinned
k79_13774	unbinned
k79_13778	unbinned
k79_13803	unbinned
k79_13803	unbinned
k79_13845	unbinned
k79_13862	unbinned
k79_13865	unbinned
k79_13878	unbinned
k79_13913	unbinned
k79_13931	unbinned
k79_1396	unbinned
k79_13997	unbinned
k79_14006	unbinned
k79_14012	unbinned
k79_14047	unbinned
k79_14047	unbinned
k79_1406	unbinned
k79_1407	unbinned
k79_14073	unbinned
k79_14083	unbinned
k79_14083	unbinned
k79_14084	unbinned
k79_14111	unbinned
k79_14122	unbinned
k79_14128	unbinned
k79_14168	unbinned
k79_14187	unbinned
k79_14191	unbinned
k79_14205	unbinned
k79_14210	unbinned
k79_14314	unbinned
k79_14362	unbinned
k79_14398	unbinned
k79_1442	unbinned
k79_14423	unbinned
k79_14450	unbinned
k79_14469	unbinned
k79_145	unbinned
k79_14549	unbinned
k79_14581	unbinned
k79_14605	unbinned
k79_14637	unbinned
k79_14655	unbinned
k79_14674	unbinned
k79_14682	unbinned
k79_14683	unbinned
k79_14685	unbinned
k79_14689	unbinned
k79_14702	unbinned
k79_14708	unbinned
k79_14733	unbinned
k79_14733	unbinned
k79_14739	unbinned
k79_148	unbinned
k79_14811	unbinned
k79_14815	unbinned
k79_14848	unbinned
k79_14857	unbinned
k79_1487	unbinned
k79_14894	unbinned
k79_14943	unbinned
k79_14946	unbinned
k79_14950	unbinned
k79_14953	unbinned
k79_14961	unbinned
k79_14972	unbinned
k79_14973	unbinned
k79_14973	unbinned
k79_14981	unbinned
k79_14982	unbinned
k79_14995	unbinned
k79_14996	unbinned
k79_15087	unbinned
k79_15122	unbinned
k79_15134	unbinned
k79_15146	unbinned
k79_15184	unbinned
k79_15296	unbinned
k79_15320	unbinned
k79_15324	unbinned
k79_15348	unbinned
k79_15364	unbinned
k79_15372	unbinned
k79_154	unbinned
k79_15427	unbinned
k79_15445	unbinned
k79_1545	unbinned
k79_1545	unbinned
k79_15450	unbinned
k79_15458	unbinned
k79_1551	unbinned
k79_15536	unbinned
k79_15539	unbinned
k79_15565	unbinned
k79_15594	unbinned
k79_15598	unbinned
k79_15604	unbinned
k79_15604	unbinned
k79_1566	unbinned
k79_15685	unbinned
k79_15730	unbinned
k79_15742	unbinned
k79_1577	unbinned
k79_15773	unbinned
k79_15792	unbinned
k79_15821	unbinned
k79_15903	unbinned
k79_1593	unbinned
k79_15964	unbinned
k79_16013	unbinned
k79_16034	unbinned
k79_16062	unbinned
k79_16108	unbinned
k79_16164	unbinned
k79_1618	unbinned
k79_16184	unbinned
k79_16213	unbinned
k79_16292	unbinned
k79_16317	unbinned
k79_16326	unbinned
k79_16331	unbinned
k79_16346	unbinned
k79_16382	unbinned
k79_16396	unbinned
k79_16416	unbinned
k79_16416	unbinned
k79_16449	unbinned
k79_16454	unbinned
k79_16468	unbinned
k79_16511	unbinned
k79_16549	unbinned
k79_16549	unbinned
k79_16568	unbinned
k79_16606	unbinned
k79_16608	unbinned
k79_16623	unbinned
k79_16623	unbinned
k79_16647	unbinned
k79_16647	unbinned
k79_16706	unbinned
k79_16706	unbinned
k79_16718	unbinned
k79_16722	unbinned
k79_16729	unbinned
k79_16729	unbinned
k79_16739	unbinned
k79_16739	unbinned
k79_16759	unbinned
k79_16767	unbinned
k79_1678	unbinned
k79_16812	unbinned
k79_16823	unbinned
k79_16828	unbinned
k79_16870	unbinned
k79_16879	unbinned
k79_16879	unbinned
k79_16883	unbinned
k79_16891	unbinned
k79_169	unbinned
k79_169	unbinned
k79_16900	unbinned
k79_16905	unbinned
k79_16959	unbinned
k79_16971	unbinned
k79_16996	unbinned
k79_17008	unbinned
k79_1701	unbinned
k79_1701	unbinned
k79_17067	unbinned
k79_17080	unbinned
k79_17157	unbinned
k79_17166	unbinned
k79_17166	unbinned
k79_17200	unbinned
k79_17212	unbinned
k79_17222	unbinned
k79_17271	unbinned
k79_17284	unbinned
k79_17295	unbinned
k79_17322	unbinned
k79_17339	unbinned
k79_17348	unbinned
k79_1736	unbinned
k79_17422	unbinned
k79_17456	unbinned
k79_17462	unbinned
k79_17480	unbinned
k79_17507	unbinned
k79_176	unbinned
k79_17612	unbinned
k79_17676	unbinned
k79_17678	unbinned
k79_1771	unbinned
k79_17773	unbinned
k79_17773	unbinned
k79_17779	unbinned
k79_17779	unbinned
k79_17874	unbinned
k79_17874	unbinned
k79_17919	unbinned
k79_18024	unbinned
k79_1803	unbinned
k79_18046	unbinned
k79_18096	unbinned
k79_18106	unbinned
k79_18139	unbinned
k79_18144	unbinned
k79_18161	unbinned
k79_18205	unbinned
k79_1821	unbinned
k79_18246	unbinned
k79_18286	unbinned
k79_18319	unbinned
k79_18326	unbinned
k79_18359	unbinned
k79_18395	unbinned
k79_18395	unbinned
k79_18399	unbinned
k79_18421	unbinned
k79_18466	unbinned
k79_18470	unbinned
k79_18522	unbinned
k79_18532	unbinned
k79_18532	unbinned
k79_18545	unbinned
k79_18553	unbinned
k79_18555	unbinned
k79_18604	unbinned
k79_18611	unbinned
k79_18657	unbinned
k79_18666	unbinned
k79_18683	unbinned
k79_18683	unbinned
k79_18707	unbinned
k79_18767	unbinned
k79_18785	unbinned
k79_188	unbinned
k79_18804	unbinned
k79_1886	unbinned
k79_18863	unbinned
k79_18870	unbinned
k79_18885	unbinned
k79_18928	unbinned
k79_18950	unbinned
k79_18963	unbinned
k79_18978	unbinned
k79_18978	unbinned
k79_19011	unbinned
k79_19047	unbinned
k79_19047	unbinned
k79_19069	unbinned
k79_19095	unbinned
k79_19208	unbinned
k79_1922	unbinned
k79_19232	unbinned
k79_19267	unbinned
k79_19268	unbinned
k79_19295	unbinned
k79_19307	unbinned
k79_1931	unbinned
k79_19311	unbinned
k79_19311	unbinned
k79_19344	unbinned
k79_1935	unbinned
k79_19366	unbinned
k79_19419	unbinned
k79_19419	unbinned
k79_19499	unbinned
k79_19505	unbinned
k79_19506	unbinned
k79_19542	unbinned
k79_19606	unbinned
k79_19609	unbinned
k79_19631	unbinned
k79_19636	unbinned
k79_19645	unbinned
k79_19645	unbinned
k79_19700	unbinned
k79_19747	unbinned
k79_19766	unbinned
k79_19783	unbinned
k79_19840	unbinned
k79_19843	unbinned
k79_19869	unbinned
k79_19896	unbinned
k79_19896	unbinned
k79_19908	unbinned
k79_19934	unbinned
k79_19967	unbinned
k79_19967	unbinned
k79_2005	unbinned
k79_20060	unbinned
k79_20079	unbinned
k79_20196	unbinned
k79_202	unbinned
k79_202	unbinned
k79_2021	unbinned
k79_20254	unbinned
k79_20306	unbinned
k79_20309	unbinned
k79_20335	unbinned
k79_20341	unbinned
k79_20374	unbinned
k79_20380	unbinned
k79_20408	unbinned
k79_20424	unbinned
k79_20437	unbinned
k79_20439	unbinned
k79_2045	unbinned
k79_2045	unbinned
k79_20452	unbinned
k79_20475	unbinned
k79_2048	unbinned
k79_20490	unbinned
k79_2050	unbinned
k79_20513	unbinned
k79_20525	unbinned
k79_20525	unbinned
k79_20550	unbinned
k79_20593	unbinned
k79_20593	unbinned
k79_20604	unbinned
k79_20616	unbinned
k79_20637	unbinned
k79_20637	unbinned
k79_20643	unbinned
k79_20661	unbinned
k79_20664	unbinned
k79_20681	unbinned
k79_20685	unbinned
k79_20688	unbinned
k79_20711	unbinned
k79_20722	unbinned
k79_20782	unbinned
k79_2083	unbinned
k79_20839	unbinned
k79_20845	unbinned
k79_20846	unbinned
k79_20846	unbinned
k79_20871	unbinned
k79_20915	unbinned
k79_21011	unbinned
k79_21011	unbinned
k79_21034	unbinned
k79_21071	unbinned
k79_21071	unbinned
k79_21084	unbinned
k79_21127	unbinned
k79_2116	unbinned
k79_21168	unbinned
k79_21209	unbinned
k79_2125	unbinned
k79_21264	unbinned
k79_21269	unbinned
k79_21281	unbinned
k79_21282	unbinned
k79_2133	unbinned
k79_2133	unbinned
k79_21333	unbinned
k79_21462	unbinned
k79_21462	unbinned
k79_21467	unbinned
k79_21472	unbinned
k79_21482	unbinned
k79_21488	unbinned
k79_21492	unbinned
k79_21498	unbinned
k79_21498	unbinned
k79_21504	unbinned
k79_21504	unbinned
k79_21511	unbinned
k79_21544	unbinned
k79_21544	unbinned
k79_21568	unbinned
k79_21579	unbinned
k79_21610	unbinned
k79_21611	unbinned
k79_21640	unbinned
k79_21658	unbinned
k79_21680	unbinned
k79_21680	unbinned
k79_21692	unbinned
k79_21708	unbinned
k79_21708	unbinned
k79_21718	unbinned
k79_2172	unbinned
k79_21727	unbinned
k79_21750	unbinned
k79_21750	unbinned
k79_21751	unbinned
k79_21759	unbinned
k79_2176	unbinned
k79_21832	unbinned
k79_21845	unbinned
k79_21845	unbinned
k79_21848	unbinned
k79_2185	unbinned
k79_21858	unbinned
k79_21858	unbinned
k79_21862	unbinned
k79_21870	unbinned
k79_2188	unbinned
k79_21891	unbinned
k79_21917	unbinned
k79_2193	unbinned
k79_21973	unbinned
k79_21979	unbinned
k79_21984	unbinned
k79_21985	unbinned
k79_21985	unbinned
k79_21997	unbinned
k79_22023	unbinned
k79_22026	unbinned
k79_22037	unbinned
k79_22102	unbinned
k79_22102	unbinned
k79_22128	unbinned
k79_22146	unbinned
k79_22146	unbinned
k79_22195	unbinned
k79_22198	unbinned
k79_22209	unbinned
k79_22221	unbinned
k79_22246	unbinned
k79_22251	unbinned
k79_22259	unbinned
k79_2231	unbinned
k79_2231	unbinned
k79_22336	unbinned
k79_22338	unbinned
k79_2235	unbinned
k79_22368	unbinned
k79_22368	unbinned
k79_22389	unbinned
k79_22389	unbinned
k79_22392	unbinned
k79_22392	unbinned
k79_22397	unbinned
k79_22397	unbinned
k79_22421	unbinned
k79_22432	unbinned
k79_22446	unbinned
k79_22450	unbinned
k79_22465	unbinned
k79_22501	unbinned
k79_22611	unbinned
k79_22639	unbinned
k79_2266	unbinned
k79_22676	unbinned
k79_2269	unbinned
k79_22781	unbinned
k79_22820	unbinned
k79_22863	unbinned
k79_22914	unbinned
k79_22914	unbinned
k79_22935	unbinned
k79_22949	unbinned
k79_22953	unbinned
k79_22953	unbinned
k79_23184	unbinned
k79_23186	unbinned
k79_23186	unbinned
k79_23193	unbinned
k79_23193	unbinned
k79_23255	unbinned
k79_23301	unbinned
k79_23303	unbinned
k79_23322	unbinned
k79_23329	unbinned
k79_23329	unbinned
k79_23331	unbinned
k79_23371	unbinned
k79_23391	unbinned
k79_23408	unbinned
k79_23408	unbinned
k79_23434	unbinned
k79_23469	unbinned
k79_23541	unbinned
k79_23541	unbinned
k79_2355	unbinned
k79_23617	unbinned
k79_23632	unbinned
k79_23686	unbinned
k79_23687	unbinned
k79_23687	unbinned
k79_237	unbinned
k79_23753	unbinned
k79_23753	unbinned
k79_23762	unbinned
k79_23791	unbinned
k79_23861	unbinned
k79_23943	unbinned
k79_23970	unbinned
k79_23970	unbinned
k79_23982	unbinned
k79_23984	unbinned
k79_24054	unbinned
k79_24079	unbinned
k79_24093	unbinned
k79_24098	unbinned
k79_24098	unbinned
k79_24116	unbinned
k79_24152	unbinned
k79_24152	unbinned
k79_2416	unbinned
k79_24207	unbinned
k79_24209	unbinned
k79_24252	unbinned
k79_24257	unbinned
k79_24262	unbinned
k79_24263	unbinned
k79_24303	unbinned
k79_24324	unbinned
k79_24353	unbinned
k79_24372	unbinned
k79_24425	unbinned
k79_24442	unbinned
k79_24442	unbinned
k79_24464	unbinned
k79_24475	unbinned
k79_24481	unbinned
k79_24489	unbinned
k79_24526	unbinned
k79_24526	unbinned
k79_24543	unbinned
k79_24575	unbinned
k79_2459	unbinned
k79_24623	unbinned
k79_24626	unbinned
k79_24650	unbinned
k79_24661	unbinned
k79_24680	unbinned
k79_24718	unbinned
k79_24746	unbinned
k79_24749	unbinned
k79_24787	unbinned
k79_24798	unbinned
k79_24824	unbinned
k79_24827	unbinned
k79_24833	unbinned
k79_24860	unbinned
k79_24869	unbinned
k79_24904	unbinned
k79_24923	unbinned
k79_24924	unbinned
k79_24974	unbinned
k79_24988	unbinned
k79_25018	unbinned
k79_2502	unbinned
k79_25029	unbinned
k79_25033	unbinned
k79_25074	unbinned
k79_25155	unbinned
k79_25182	unbinned
k79_25199	unbinned
k79_252	unbinned
k79_25201	unbinned
k79_25252	unbinned
k79_25277	unbinned
k79_25310	unbinned
k79_25334	unbinned
k79_25334	unbinned
k79_25338	unbinned
k79_25340	unbinned
k79_25346	unbinned
k79_25392	unbinned
k79_254	unbinned
k79_25427	unbinned
k79_25437	unbinned
k79_25454	unbinned
k79_25456	unbinned
k79_25456	unbinned
k79_25473	unbinned
k79_25475	unbinned
k79_25486	unbinned
k79_25486	unbinned
k79_25487	unbinned
k79_25488	unbinned
k79_25515	unbinned
k79_25515	unbinned
k79_25526	unbinned
k79_25552	unbinned
k79_25555	unbinned
k79_25568	unbinned
k79_25647	unbinned
k79_25659	unbinned
k79_25678	unbinned
k79_25747	unbinned
k79_25747	unbinned
k79_2575	unbinned
k79_25755	unbinned
k79_25755	unbinned
k79_25809	unbinned
k79_25821	unbinned
k79_25826	unbinned
k79_25898	unbinned
k79_25898	unbinned
k79_25912	unbinned
k79_25925	unbinned
k79_25925	unbinned
k79_25935	unbinned
k79_25935	unbinned
k79_25956	unbinned
k79_25956	unbinned
k79_25959	unbinned
k79_25964	unbinned
k79_25980	unbinned
k79_25980	unbinned
k79_26056	unbinned
k79_26059	unbinned
k79_26085	unbinned
k79_26085	unbinned
k79_26104	unbinned
k79_26108	unbinned
k79_26137	unbinned
k79_26137	unbinned
k79_26142	unbinned
k79_26151	unbinned
k79_26172	unbinned
k79_26216	unbinned
k79_26246	unbinned
k79_26259	unbinned
k79_26269	unbinned
k79_26304	unbinned
k79_26342	unbinned
k79_26352	unbinned
k79_26362	unbinned
k79_26378	unbinned
k79_26386	unbinned
k79_26386	unbinned
k79_26415	unbinned
k79_26419	unbinned
k79_26445	unbinned
k79_26502	unbinned
k79_26506	unbinned
k79_26508	unbinned
k79_26513	unbinned
k79_26519	unbinned
k79_26531	unbinned
k79_26531	unbinned
k79_26535	unbinned
k79_26552	unbinned
k79_26557	unbinned
k79_26565	unbinned
k79_26571	unbinned
k79_26590	unbinned
k79_26612	unbinned
k79_26634	unbinned
k79_26653	unbinned
k79_26698	unbinned
k79_267	unbinned
k79_26702	unbinned
k79_26712	unbinned
k79_26727	unbinned
k79_26727	unbinned
k79_26781	unbinned
k79_26781	unbinned
k79_2681	unbinned
k79_26834	unbinned
k79_26843	unbinned
k79_2686	unbinned
k79_26873	unbinned
k79_26875	unbinned
k79_26917	unbinned
k79_2694	unbinned
k79_2694	unbinned
k79_26948	unbinned
k79_26949	unbinned
k79_26949	unbinned
k79_26964	unbinned
k79_26964	unbinned
k79_2699	unbinned
k79_27026	unbinned
k79_27031	unbinned
k79_2705	unbinned
k79_27050	unbinned
k79_27068	unbinned
k79_27144	unbinned
k79_27147	unbinned
k79_27209	unbinned
k79_27215	unbinned
k79_27218	unbinned
k79_27218	unbinned
k79_27250	unbinned
k79_27275	unbinned
k79_27284	unbinned
k79_27296	unbinned
k79_27317	unbinned
k79_27324	unbinned
k79_27328	unbinned
k79_27332	unbinned
k79_27345	unbinned
k79_27376	unbinned
k79_27398	unbinned
k79_27398	unbinned
k79_27426	unbinned
k79_27446	unbinned
k79_27448	unbinned
k79_27541	unbinned
k79_27564	unbinned
k79_27573	unbinned
k79_27579	unbinned
k79_27600	unbinned
k79_27608	unbinned
k79_27624	unbinned
k79_27636	unbinned
k79_27638	unbinned
k79_27650	unbinned
k79_27707	unbinned
k79_27707	unbinned
k79_27754	unbinned
k79_27754	unbinned
k79_2776	unbinned
k79_27760	unbinned
k79_27763	unbinned
k79_27763	unbinned
k79_27763	unbinned
k79_2796	unbinned
k79_2799	unbinned
k79_27995	unbinned
k79_28005	unbinned
k79_2801	unbinned
k79_28010	unbinned
k79_28010	unbinned
k79_2809	unbinned
k79_28097	unbinned
k79_28101	unbinned
k79_28124	unbinned
k79_28164	unbinned
k79_2817	unbinned
k79_28201	unbinned
k79_28202	unbinned
k79_28228	unbinned
k79_28278	unbinned
k79_28302	unbinned
k79_28304	unbinned
k79_28328	unbinned
k79_28328	unbinned
k79_28330	unbinned
k79_28337	unbinned
k79_28343	unbinned
k79_28363	unbinned
k79_28383	unbinned
k79_28423	unbinned
k79_28464	unbinned
k79_2850	unbinned
k79_2850	unbinned
k79_28515	unbinned
k79_28515	unbinned
k79_28516	unbinned
k79_28520	unbinned
k79_28534	unbinned
k79_28536	unbinned
k79_28539	unbinned
k79_28539	unbinned
k79_28549	unbinned
k79_28553	unbinned
k79_28558	unbinned
k79_28561	unbinned
k79_28633	unbinned
k79_28645	unbinned
k79_28647	unbinned
k79_28681	unbinned
k79_28719	unbinned
k79_28794	unbinned
k79_288	unbinned
k79_28809	unbinned
k79_28812	unbinned
k79_28819	unbinned
k79_28824	unbinned
k79_28844	unbinned
k79_28896	unbinned
k79_28950	unbinned
k79_28950	unbinned
k79_28980	unbinned
k79_28984	unbinned
k79_29040	unbinned
k79_29076	unbinned
k79_29076	unbinned
k79_29095	unbinned
k79_29138	unbinned
k79_29185	unbinned
k79_29189	unbinned
k79_29201	unbinned
k79_29206	unbinned
k79_29240	unbinned
k79_29278	unbinned
k79_29295	unbinned
k79_29373	unbinned
k79_2938	unbinned
k79_29392	unbinned
k79_29461	unbinned
k79_29493	unbinned
k79_29531	unbinned
k79_29531	unbinned
k79_29540	unbinned
k79_29564	unbinned
k79_2959	unbinned
k79_29600	unbinned
k79_29609	unbinned
k79_29613	unbinned
k79_29613	unbinned
k79_29617	unbinned
k79_29660	unbinned
k79_297	unbinned
k79_29703	unbinned
k79_29715	unbinned
k79_29728	unbinned
k79_29744	unbinned
k79_29786	unbinned
k79_29786	unbinned
k79_29795	unbinned
k79_29812	unbinned
k79_29815	unbinned
k79_29860	unbinned
k79_29891	unbinned
k79_29891	unbinned
k79_29918	unbinned
k79_2995	unbinned
k79_29985	unbinned
k79_30062	unbinned
k79_30077	unbinned
k79_30139	unbinned
k79_30143	unbinned
k79_30156	unbinned
k79_30162	unbinned
k79_30171	unbinned
k79_30177	unbinned
k79_30203	unbinned
k79_30210	unbinned
k79_30251	unbinned
k79_30272	unbinned
k79_30275	unbinned
k79_30275	unbinned
k79_30346	unbinned
k79_30355	unbinned
k79_30369	unbinned
k79_30395	unbinned
k79_30450	unbinned
k79_30450	unbinned
k79_30458	unbinned
k79_30507	unbinned
k79_30544	unbinned
k79_30551	unbinned
k79_30562	unbinned
k79_3057	unbinned
k79_30620	unbinned
k79_3071	unbinned
k79_30745	unbinned
k79_30772	unbinned
k79_30782	unbinned
k79_30791	unbinned
k79_30800	unbinned
k79_30823	unbinned
k79_30829	unbinned
k79_30845	unbinned
k79_30845	unbinned
k79_30868	unbinned
k79_30868	unbinned
k79_3097	unbinned
k79_31015	unbinned
k79_31030	unbinned
k79_31060	unbinned
k79_31076	unbinned
k79_31076	unbinned
k79_31095	unbinned
k79_31096	unbinned
k79_31100	unbinned
k79_31100	unbinned
k79_31158	unbinned
k79_31187	unbinned
k79_31191	unbinned
k79_3123	unbinned
k79_31240	unbinned
k79_31240	unbinned
k79_31241	unbinned
k79_31245	unbinned
k79_31259	unbinned
k79_31259	unbinned
k79_31261	unbinned
k79_31267	unbinned
k79_31272	unbinned
k79_31304	unbinned
k79_31363	unbinned
k79_31370	unbinned
k79_31373	unbinned
k79_31409	unbinned
k79_31416	unbinned
k79_31435	unbinned
k79_31438	unbinned
k79_31438	unbinned
k79_31469	unbinned
k79_31469	unbinned
k79_3153	unbinned
k79_31534	unbinned
k79_31536	unbinned
k79_31536	unbinned
k79_3155	unbinned
k79_31563	unbinned
k79_31563	unbinned
k79_31621	unbinned
k79_31621	unbinned
k79_31621	unbinned
k79_31633	unbinned
k79_31652	unbinned
k79_31677	unbinned
k79_31677	unbinned
k79_31688	unbinned
k79_31725	unbinned
k79_31730	unbinned
k79_31788	unbinned
k79_31806	unbinned
k79_31807	unbinned
k79_3181	unbinned
k79_31846	unbinned
k79_31857	unbinned
k79_31857	unbinned
k79_31887	unbinned
k79_31890	unbinned
k79_3192	unbinned
k79_3192	unbinned
k79_31948	unbinned
k79_31948	unbinned
k79_31958	unbinned
k79_31960	unbinned
k79_3197	unbinned
k79_31984	unbinned
k79_31995	unbinned
k79_31995	unbinned
k79_32014	unbinned
k79_32015	unbinned
k79_32074	unbinned
k79_32105	unbinned
k79_32114	unbinned
k79_32160	unbinned
k79_32165	unbinned
k79_32193	unbinned
k79_3224	unbinned
k79_32251	unbinned
k79_32291	unbinned
k79_32311	unbinned
k79_32390	unbinned
k79_32390	unbinned
k79_32399	unbinned
k79_32404	unbinned
k79_3241	unbinned
k79_32414	unbinned
k79_32421	unbinned
k79_32456	unbinned
k79_32515	unbinned
k79_32521	unbinned
k79_32556	unbinned
k79_32564	unbinned
k79_32571	unbinned
k79_32591	unbinned
k79_32592	unbinned
k79_32611	unbinned
k79_32615	unbinned
k79_32615	unbinned
k79_32649	unbinned
k79_32659	unbinned
k79_32684	unbinned
k79_32688	unbinned
k79_32714	unbinned
k79_32779	unbinned
k79_32841	unbinned
k79_32848	unbinned
k79_32855	unbinned
k79_32855	unbinned
k79_329	unbinned
k79_32964	unbinned
k79_32967	unbinned
k79_33003	unbinned
k79_33051	unbinned
k79_33061	unbinned
k79_33061	unbinned
k79_33062	unbinned
k79_33082	unbinned
k79_33124	unbinned
k79_33125	unbinned
k79_33143	unbinned
k79_33205	unbinned
k79_33249	unbinned
k79_33261	unbinned
k79_33285	unbinned
k79_33285	unbinned
k79_33297	unbinned
k79_33299	unbinned
k79_33341	unbinned
k79_33349	unbinned
k79_33395	unbinned
k79_33395	unbinned
k79_3341	unbinned
k79_33429	unbinned
k79_3345	unbinned
k79_33476	unbinned
k79_33482	unbinned
k79_33497	unbinned
k79_3350	unbinned
k79_33522	unbinned
k79_33575	unbinned
k79_33582	unbinned
k79_33582	unbinned
k79_33583	unbinned
k79_33583	unbinned
k79_33592	unbinned
k79_33603	unbinned
k79_33603	unbinned
k79_33630	unbinned
k79_3367	unbinned
k79_3371	unbinned
k79_33727	unbinned
k79_33729	unbinned
k79_33729	unbinned
k79_33752	unbinned
k79_33757	unbinned
k79_33768	unbinned
k79_33826	unbinned
k79_33828	unbinned
k79_33847	unbinned
k79_33855	unbinned
k79_33889	unbinned
k79_33916	unbinned
k79_33947	unbinned
k79_33960	unbinned
k79_33962	unbinned
k79_33962	unbinned
k79_34025	unbinned
k79_34091	unbinned
k79_341	unbinned
k79_341	unbinned
k79_34106	unbinned
k79_34106	unbinned
k79_34109	unbinned
k79_34112	unbinned
k79_34132	unbinned
k79_3416	unbinned
k79_34162	unbinned
k79_34192	unbinned
k79_34195	unbinned
k79_34195	unbinned
k79_34203	unbinned
k79_34213	unbinned
k79_34236	unbinned
k79_34236	unbinned
k79_34279	unbinned
k79_34279	unbinned
k79_3429	unbinned
k79_34299	unbinned
k79_34299	unbinned
k79_3434	unbinned
k79_34343	unbinned
k79_34364	unbinned
k79_34380	unbinned
k79_34422	unbinned
k79_34459	unbinned
k79_34477	unbinned
k79_34477	unbinned
k79_34484	unbinned
k79_3452	unbinned
k79_34521	unbinned
k79_34539	unbinned
k79_34567	unbinned
k79_34572	unbinned
k79_34599	unbinned
k79_34599	unbinned
k79_3461	unbinned
k79_34611	unbinned
k79_3463	unbinned
k79_34631	unbinned
k79_34631	unbinned
k79_34639	unbinned
k79_34641	unbinned
k79_34642	unbinned
k79_34643	unbinned
k79_34643	unbinned
k79_34664	unbinned
k79_34699	unbinned
k79_34771	unbinned
k79_34795	unbinned
k79_34814	unbinned
k79_34843	unbinned
k79_34843	unbinned
k79_34885	unbinned
k79_34885	unbinned
k79_34931	unbinned
k79_34938	unbinned
k79_34943	unbinned
k79_3498	unbinned
k79_35023	unbinned
k79_35024	unbinned
k79_35047	unbinned
k79_35154	unbinned
k79_35154	unbinned
k79_35193	unbinned
k79_35203	unbinned
k79_35203	unbinned
k79_35203	unbinned
k79_35214	unbinned
k79_35218	unbinned
k79_35230	unbinned
k79_35262	unbinned
k79_35270	unbinned
k79_35276	unbinned
k79_35276	unbinned
k79_35342	unbinned
k79_35342	unbinned
k79_35363	unbinned
k79_3539	unbinned
k79_35449	unbinned
k79_35459	unbinned
k79_35503	unbinned
k79_35503	unbinned
k79_35509	unbinned
k79_3554	unbinned
k79_35553	unbinned
k79_35570	unbinned
k79_35576	unbinned
k79_35576	unbinned
k79_35590	unbinned
k79_35617	unbinned
k79_35631	unbinned
k79_35678	unbinned
k79_35678	unbinned
k79_35709	unbinned
k79_35718	unbinned
k79_35734	unbinned
k79_35740	unbinned
k79_35758	unbinned
k79_35776	unbinned
k79_35796	unbinned
k79_35819	unbinned
k79_35820	unbinned
k79_35834	unbinned
k79_35834	unbinned
k79_35838	unbinned
k79_35841	unbinned
k79_35857	unbinned
k79_35866	unbinned
k79_35871	unbinned
k79_35880	unbinned
k79_35881	unbinned
k79_35921	unbinned
k79_35990	unbinned
k79_360	unbinned
k79_36034	unbinned
k79_36036	unbinned
k79_36036	unbinned
k79_3604	unbinned
k79_36086	unbinned
k79_36130	unbinned
k79_36135	unbinned
k79_36141	unbinned
k79_36153	unbinned
k79_3616	unbinned
k79_36187	unbinned
k79_362	unbinned
k79_36210	unbinned
k79_36210	unbinned
k79_36237	unbinned
k79_36241	unbinned
k79_36273	unbinned
k79_36285	unbinned
k79_36311	unbinned
k79_36313	unbinned
k79_3633	unbinned
k79_36362	unbinned
k79_3637	unbinned
k79_36397	unbinned
k79_36406	unbinned
k79_36413	unbinned
k79_36429	unbinned
k79_36429	unbinned
k79_36480	unbinned
k79_36484	unbinned
k79_36524	unbinned
k79_36524	unbinned
k79_36567	unbinned
k79_36602	unbinned
k79_36611	unbinned
k79_36620	unbinned
k79_36630	unbinned
k79_36630	unbinned
k79_36658	unbinned
k79_36706	unbinned
k79_36722	unbinned
k79_36729	unbinned
k79_36733	unbinned
k79_36806	unbinned
k79_36832	unbinned
k79_36847	unbinned
k79_36851	unbinned
k79_36851	unbinned
k79_36892	unbinned
k79_36892	unbinned
k79_3693	unbinned
k79_36943	unbinned
k79_36954	unbinned
k79_370	unbinned
k79_37018	unbinned
k79_37047	unbinned
k79_37047	unbinned
k79_37084	unbinned
k79_37131	unbinned
k79_37131	unbinned
k79_3716	unbinned
k79_37169	unbinned
k79_37178	unbinned
k79_37178	unbinned
k79_37185	unbinned
k79_37185	unbinned
k79_37205	unbinned
k79_37205	unbinned
k79_37238	unbinned
k79_37242	unbinned
k79_37247	unbinned
k79_37263	unbinned
k79_37293	unbinned
k79_37300	unbinned
k79_37320	unbinned
k79_37335	unbinned
k79_37338	unbinned
k79_37368	unbinned
k79_37475	unbinned
k79_37518	unbinned
k79_37530	unbinned
k79_37543	unbinned
k79_37549	unbinned
k79_3755	unbinned
k79_37550	unbinned
k79_37550	unbinned
k79_37620	unbinned
k79_3764	unbinned
k79_3764	unbinned
k79_37656	unbinned
k79_3767	unbinned
k79_37694	unbinned
k79_377	unbinned
k79_37720	unbinned
k79_37757	unbinned
k79_37768	unbinned
k79_37786	unbinned
k79_37786	unbinned
k79_37884	unbinned
k79_37929	unbinned
k79_37929	unbinned
k79_37946	unbinned
k79_37968	unbinned
k79_37983	unbinned
k79_37995	unbinned
k79_3800	unbinned
k79_38001	unbinned
k79_38001	unbinned
k79_38008	unbinned
k79_38010	unbinned
k79_38027	unbinned
k79_38051	unbinned
k79_38051	unbinned
k79_38068	unbinned
k79_38068	unbinned
k79_38077	unbinned
k79_3808	unbinned
k79_38096	unbinned
k79_38167	unbinned
k79_3818	unbinned
k79_38209	unbinned
k79_3822	unbinned
k79_38232	unbinned
k79_38242	unbinned
k79_38242	unbinned
k79_38263	unbinned
k79_38348	unbinned
k79_38358	unbinned
k79_3841	unbinned
k79_38424	unbinned
k79_38462	unbinned
k79_38521	unbinned
k79_3858	unbinned
k79_38583	unbinned
k79_38619	unbinned
k79_38631	unbinned
k79_3864	unbinned
k79_38668	unbinned
k79_38675	unbinned
k79_38707	unbinned
k79_38737	unbinned
k79_3885	unbinned
k79_38854	unbinned
k79_38887	unbinned
k79_38974	unbinned
k79_38974	unbinned
k79_38997	unbinned
k79_39045	unbinned
k79_39064	unbinned
k79_39064	unbinned
k79_39102	unbinned
k79_3918	unbinned
k79_39197	unbinned
k79_39220	unbinned
k79_3928	unbinned
k79_3928	unbinned
k79_39297	unbinned
k79_393	unbinned
k79_39314	unbinned
k79_39342	unbinned
k79_39381	unbinned
k79_39421	unbinned
k79_39428	unbinned
k79_39452	unbinned
k79_39485	unbinned
k79_39491	unbinned
k79_39496	unbinned
k79_39498	unbinned
k79_39512	unbinned
k79_39558	unbinned
k79_39614	unbinned
k79_39657	unbinned
k79_39704	unbinned
k79_39726	unbinned
k79_39751	unbinned
k79_39756	unbinned
k79_39800	unbinned
k79_39813	unbinned
k79_39840	unbinned
k79_39851	unbinned
k79_39851	unbinned
k79_39941	unbinned
k79_39951	unbinned
k79_39951	unbinned
k79_39976	unbinned
k79_39999	unbinned
k79_400	unbinned
k79_4000	unbinned
k79_40009	unbinned
k79_40092	unbinned
k79_40117	unbinned
k79_40122	unbinned
k79_40122	unbinned
k79_40125	unbinned
k79_40162	unbinned
k79_40197	unbinned
k79_40206	unbinned
k79_40223	unbinned
k79_40241	unbinned
k79_40248	unbinned
k79_40255	unbinned
k79_40274	unbinned
k79_40278	unbinned
k79_40323	unbinned
k79_40327	unbinned
k79_40343	unbinned
k79_40451	unbinned
k79_40485	unbinned
k79_40513	unbinned
k79_40520	unbinned
k79_40520	unbinned
k79_40523	unbinned
k79_40523	unbinned
k79_40524	unbinned
k79_40524	unbinned
k79_40622	unbinned
k79_40626	unbinned
k79_40626	unbinned
k79_40652	unbinned
k79_40666	unbinned
k79_40666	unbinned
k79_40720	unbinned
k79_40720	unbinned
k79_40750	unbinned
k79_40757	unbinned
k79_40781	unbinned
k79_40813	unbinned
k79_40822	unbinned
k79_40845	unbinned
k79_40922	unbinned
k79_40941	unbinned
k79_40941	unbinned
k79_40979	unbinned
k79_40979	unbinned
k79_41004	unbinned
k79_41018	unbinned
k79_41056	unbinned
k79_41078	unbinned
k79_41078	unbinned
k79_41113	unbinned
k79_41151	unbinned
k79_41242	unbinned
k79_41249	unbinned
k79_41298	unbinned
k79_41299	unbinned
k79_41316	unbinned
k79_41317	unbinned
k79_41345	unbinned
k79_41398	unbinned
k79_41417	unbinned
k79_41422	unbinned
k79_41452	unbinned
k79_41456	unbinned
k79_41461	unbinned
k79_41468	unbinned
k79_41509	unbinned
k79_41510	unbinned
k79_41513	unbinned
k79_41566	unbinned
k79_41566	unbinned
k79_41569	unbinned
k79_4157	unbinned
k79_41601	unbinned
k79_41607	unbinned
k79_41617	unbinned
k79_41617	unbinned
k79_41637	unbinned
k79_41638	unbinned
k79_41723	unbinned
k79_41749	unbinned
k79_41839	unbinned
k79_4189	unbinned
k79_4191	unbinned
k79_4194	unbinned
k79_41968	unbinned
k79_41972	unbinned
k79_42013	unbinned
k79_4204	unbinned
k79_42046	unbinned
k79_42073	unbinned
k79_4208	unbinned
k79_4208	unbinned
k79_42085	unbinned
k79_4214	unbinned
k79_4214	unbinned
k79_42148	unbinned
k79_42210	unbinned
k79_42210	unbinned
k79_4222	unbinned
k79_4222	unbinned
k79_42233	unbinned
k79_42272	unbinned
k79_42284	unbinned
k79_42291	unbinned
k79_42308	unbinned
k79_4231	unbinned
k79_4231	unbinned
k79_42318	unbinned
k79_42344	unbinned
k79_42348	unbinned
k79_42356	unbinned
k79_42393	unbinned
k79_42411	unbinned
k79_42412	unbinned
k79_42441	unbinned
k79_42469	unbinned
k79_42474	unbinned
k79_42511	unbinned
k79_42528	unbinned
k79_42528	unbinned
k79_42532	unbinned
k79_42579	unbinned
k79_42584	unbinned
k79_42663	unbinned
k79_4269	unbinned
k79_42693	unbinned
k79_42697	unbinned
k79_42727	unbinned
k79_4274	unbinned
k79_42746	unbinned
k79_42751	unbinned
k79_42752	unbinned
k79_42777	unbinned
k79_42784	unbinned
k79_42807	unbinned
k79_42834	unbinned
k79_42900	unbinned
k79_4295	unbinned
k79_42975	unbinned
k79_42980	unbinned
k79_430	unbinned
k79_43011	unbinned
k79_43035	unbinned
k79_4304	unbinned
k79_43075	unbinned
k79_4310	unbinned
k79_43127	unbinned
k79_43153	unbinned
k79_43217	unbinned
k79_4322	unbinned
k79_43221	unbinned
k79_43227	unbinned
k79_4325	unbinned
k79_43259	unbinned
k79_43321	unbinned
k79_43351	unbinned
k79_4340	unbinned
k79_43400	unbinned
k79_43411	unbinned
k79_43411	unbinned
k79_43455	unbinned
k79_43490	unbinned
k79_43527	unbinned
k79_43551	unbinned
k79_43559	unbinned
k79_43597	unbinned
k79_43597	unbinned
k79_436	unbinned
k79_43614	unbinned
k79_43632	unbinned
k79_43644	unbinned
k79_4365	unbinned
k79_43654	unbinned
k79_43689	unbinned
k79_43693	unbinned
k79_43787	unbinned
k79_43787	unbinned
k79_43839	unbinned
k79_4399	unbinned
k79_4402	unbinned
k79_44030	unbinned
k79_44030	unbinned
k79_44030	unbinned
k79_44033	unbinned
k79_44039	unbinned
k79_44039	unbinned
k79_44057	unbinned
k79_44114	unbinned
k79_44159	unbinned
k79_44176	unbinned
k79_44189	unbinned
k79_44196	unbinned
k79_44199	unbinned
k79_44296	unbinned
k79_44296	unbinned
k79_44297	unbinned
k79_44299	unbinned
k79_44303	unbinned
k79_44324	unbinned
k79_44325	unbinned
k79_44327	unbinned
k79_44327	unbinned
k79_44334	unbinned
k79_44336	unbinned
k79_44377	unbinned
k79_44393	unbinned
k79_44405	unbinned
k79_44405	unbinned
k79_44408	unbinned
k79_44415	unbinned
k79_44429	unbinned
k79_44477	unbinned
k79_44497	unbinned
k79_44498	unbinned
k79_44523	unbinned
k79_44556	unbinned
k79_44571	unbinned
k79_44585	unbinned
k79_44585	unbinned
k79_44586	unbinned
k79_44606	unbinned
k79_44660	unbinned
k79_44670	unbinned
k79_44822	unbinned
k79_4484	unbinned
k79_4491	unbinned
k79_44915	unbinned
k79_44916	unbinned
k79_44981	unbinned
k79_44983	unbinned
k79_45033	unbinned
k79_4504	unbinned
k79_45046	unbinned
k79_45087	unbinned
k79_45092	unbinned
k79_45100	unbinned
k79_45121	unbinned
k79_45206	unbinned
k79_45237	unbinned
k79_45237	unbinned
k79_45260	unbinned
k79_45297	unbinned
k79_45297	unbinned
k79_45306	unbinned
k79_45328	unbinned
k79_45328	unbinned
k79_45342	unbinned
k79_45401	unbinned
k79_45424	unbinned
k79_45528	unbinned
k79_45528	unbinned
k79_45533	unbinned
k79_45587	unbinned
k79_45603	unbinned
k79_45644	unbinned
k79_45660	unbinned
k79_45660	unbinned
k79_45663	unbinned
k79_45664	unbinned
k79_45668	unbinned
k79_45698	unbinned
k79_45717	unbinned
k79_45727	unbinned
k79_45742	unbinned
k79_45751	unbinned
k79_45812	unbinned
k79_45820	unbinned
k79_45852	unbinned
k79_45867	unbinned
k79_45928	unbinned
k79_45949	unbinned
k79_45965	unbinned
k79_46015	unbinned
k79_46036	unbinned
k79_46036	unbinned
k79_46067	unbinned
k79_46073	unbinned
k79_46119	unbinned
k79_46129	unbinned
k79_46157	unbinned
k79_46164	unbinned
k79_46166	unbinned
k79_46225	unbinned
k79_46240	unbinned
k79_46264	unbinned
k79_46264	unbinned
k79_46298	unbinned
k79_46336	unbinned
k79_46341	unbinned
k79_46388	unbinned
k79_4642	unbinned
k79_4647	unbinned
k79_46512	unbinned
k79_46558	unbinned
k79_46598	unbinned
k79_46598	unbinned
k79_46604	unbinned
k79_46604	unbinned
k79_46619	unbinned
k79_46686	unbinned
k79_46686	unbinned
k79_467	unbinned
k79_46702	unbinned
k79_46764	unbinned
k79_46768	unbinned
k79_46768	unbinned
k79_46780	unbinned
k79_46790	unbinned
k79_46824	unbinned
k79_46837	unbinned
k79_46837	unbinned
k79_46859	unbinned
k79_46877	unbinned
k79_46893	unbinned
k79_46973	unbinned
k79_47002	unbinned
k79_47007	unbinned
k79_47013	unbinned
k79_47027	unbinned
k79_47030	unbinned
k79_4704	unbinned
k79_4704	unbinned
k79_47056	unbinned
k79_47062	unbinned
k79_47075	unbinned
k79_47075	unbinned
k79_47104	unbinned
k79_47115	unbinned
k79_47136	unbinned
k79_47165	unbinned
k79_47170	unbinned
k79_47170	unbinned
k79_47211	unbinned
k79_47222	unbinned
k79_4725	unbinned
k79_47348	unbinned
k79_47385	unbinned
k79_47400	unbinned
k79_47400	unbinned
k79_47400	unbinned
k79_47454	unbinned
k79_4748	unbinned
k79_47496	unbinned
k79_4750	unbinned
k79_4750	unbinned
k79_47530	unbinned
k79_47575	unbinned
k79_47582	unbinned
k79_47584	unbinned
k79_47607	unbinned
k79_47618	unbinned
k79_47628	unbinned
k79_47628	unbinned
k79_47649	unbinned
k79_47653	unbinned
k79_477	unbinned
k79_477	unbinned
k79_47739	unbinned
k79_47739	unbinned
k79_47789	unbinned
k79_47789	unbinned
k79_47798	unbinned
k79_4784	unbinned
k79_4784	unbinned
k79_47845	unbinned
k79_47864	unbinned
k79_47877	unbinned
k79_47916	unbinned
k79_47935	unbinned
k79_47987	unbinned
k79_47987	unbinned
k79_47995	unbinned
k79_48006	unbinned
k79_48024	unbinned
k79_48024	unbinned
k79_48028	unbinned
k79_48054	unbinned
k79_48057	unbinned
k79_48086	unbinned
k79_48173	unbinned
k79_48207	unbinned
k79_48236	unbinned
k79_48254	unbinned
k79_48307	unbinned
k79_48325	unbinned
k79_4833	unbinned
k79_4833	unbinned
k79_48333	unbinned
k79_48372	unbinned
k79_48399	unbinned
k79_48449	unbinned
k79_48540	unbinned
k79_48562	unbinned
k79_48607	unbinned
k79_48613	unbinned
k79_48668	unbinned
k79_48668	unbinned
k79_48683	unbinned
k79_48715	unbinned
k79_48715	unbinned
k79_48751	unbinned
k79_48753	unbinned
k79_48764	unbinned
k79_48766	unbinned
k79_48772	unbinned
k79_48776	unbinned
k79_48804	unbinned
k79_48869	unbinned
k79_48875	unbinned
k79_48878	unbinned
k79_48878	unbinned
k79_48881	unbinned
k79_48914	unbinned
k79_48927	unbinned
k79_48929	unbinned
k79_48978	unbinned
k79_49010	unbinned
k79_49051	unbinned
k79_49088	unbinned
k79_49088	unbinned
k79_4913	unbinned
k79_49189	unbinned
k79_49208	unbinned
k79_49226	unbinned
k79_49241	unbinned
k79_49241	unbinned
k79_49254	unbinned
k79_49254	unbinned
k79_49293	unbinned
k79_49327	unbinned
k79_49345	unbinned
k79_49360	unbinned
k79_49413	unbinned
k79_49463	unbinned
k79_49463	unbinned
k79_49476	unbinned
k79_49544	unbinned
k79_49565	unbinned
k79_49680	unbinned
k79_49682	unbinned
k79_49735	unbinned
k79_49774	unbinned
k79_4979	unbinned
k79_49794	unbinned
k79_49798	unbinned
k79_49804	unbinned
k79_49830	unbinned
k79_49871	unbinned
k79_49918	unbinned
k79_49925	unbinned
k79_49932	unbinned
k79_49955	unbinned
k79_49964	unbinned
k79_49997	unbinned
k79_50002	unbinned
k79_50038	unbinned
k79_50082	unbinned
k79_50101	unbinned
k79_50122	unbinned
k79_50156	unbinned
k79_502	unbinned
k79_50223	unbinned
k79_50223	unbinned
k79_50225	unbinned
k79_50250	unbinned
k79_50275	unbinned
k79_50291	unbinned
k79_50291	unbinned
k79_50308	unbinned
k79_50320	unbinned
k79_50334	unbinned
k79_50344	unbinned
k79_50349	unbinned
k79_5038	unbinned
k79_50391	unbinned
k79_50435	unbinned
k79_50463	unbinned
k79_50492	unbinned
k79_50508	unbinned
k79_50516	unbinned
k79_50527	unbinned
k79_50542	unbinned
k79_50544	unbinned
k79_50566	unbinned
k79_50589	unbinned
k79_50606	unbinned
k79_50613	unbinned
k79_50650	unbinned
k79_5066	unbinned
k79_5066	unbinned
k79_50705	unbinned
k79_5084	unbinned
k79_50870	unbinned
k79_50899	unbinned
k79_50899	unbinned
k79_50922	unbinned
k79_50938	unbinned
k79_50944	unbinned
k79_50973	unbinned
k79_50997	unbinned
k79_51023	unbinned
k79_51035	unbinned
k79_51088	unbinned
k79_51104	unbinned
k79_51106	unbinned
k79_51137	unbinned
k79_51138	unbinned
k79_51166	unbinned
k79_51200	unbinned
k79_51200	unbinned
k79_51229	unbinned
k79_51263	unbinned
k79_51264	unbinned
k79_5127	unbinned
k79_51317	unbinned
k79_51359	unbinned
k79_51378	unbinned
k79_51396	unbinned
k79_51476	unbinned
k79_51480	unbinned
k79_51489	unbinned
k79_51489	unbinned
k79_515	unbinned
k79_51500	unbinned
k79_51539	unbinned
k79_51623	unbinned
k79_51643	unbinned
k79_51691	unbinned
k79_51722	unbinned
k79_51752	unbinned
k79_51775	unbinned
k79_518	unbinned
k79_51862	unbinned
k79_5188	unbinned
k79_51898	unbinned
k79_51906	unbinned
k79_51916	unbinned
k79_51977	unbinned
k79_51981	unbinned
k79_51984	unbinned
k79_51991	unbinned
k79_51993	unbinned
k79_51996	unbinned
k79_52015	unbinned
k79_52015	unbinned
k79_52054	unbinned
k79_52093	unbinned
k79_52120	unbinned
k79_52128	unbinned
k79_52128	unbinned
k79_52158	unbinned
k79_52169	unbinned
k79_5219	unbinned
k79_5219	unbinned
k79_52199	unbinned
k79_52201	unbinned
k79_52221	unbinned
k79_52247	unbinned
k79_52269	unbinned
k79_52291	unbinned
k79_52305	unbinned
k79_52349	unbinned
k79_52389	unbinned
k79_52410	unbinned
k79_52410	unbinned
k79_52442	unbinned
k79_52480	unbinned
k79_525	unbinned
k79_52500	unbinned
k79_52525	unbinned
k79_52545	unbinned
k79_52561	unbinned
k79_52579	unbinned
k79_52579	unbinned
k79_52602	unbinned
k79_52607	unbinned
k79_52634	unbinned
k79_52637	unbinned
k79_52669	unbinned
k79_52670	unbinned
k79_52727	unbinned
k79_52727	unbinned
k79_52727	unbinned
k79_52754	unbinned
k79_52820	unbinned
k79_52854	unbinned
k79_52871	unbinned
k79_52910	unbinned
k79_52910	unbinned
k79_52927	unbinned
k79_52941	unbinned
k79_52963	unbinned
k79_52970	unbinned
k79_52973	unbinned
k79_52974	unbinned
k79_5298	unbinned
k79_53022	unbinned
k79_53022	unbinned
k79_53025	unbinned
k79_53038	unbinned
k79_53071	unbinned
k79_53176	unbinned
k79_5320	unbinned
k79_53219	unbinned
k79_53231	unbinned
k79_53244	unbinned
k79_53244	unbinned
k79_53266	unbinned
k79_53277	unbinned
k79_53289	unbinned
k79_53289	unbinned
k79_53319	unbinned
k79_53328	unbinned
k79_5335	unbinned
k79_53400	unbinned
k79_53412	unbinned
k79_53459	unbinned
k79_53486	unbinned
k79_53499	unbinned
k79_5353	unbinned
k79_53579	unbinned
k79_53650	unbinned
k79_537	unbinned
k79_537	unbinned
k79_53753	unbinned
k79_5378	unbinned
k79_53802	unbinned
k79_53812	unbinned
k79_53816	unbinned
k79_5383	unbinned
k79_53845	unbinned
k79_53876	unbinned
k79_53884	unbinned
k79_53890	unbinned
k79_53903	unbinned
k79_53903	unbinned
k79_53906	unbinned
k79_53906	unbinned
k79_53918	unbinned
k79_53936	unbinned
k79_5394	unbinned
k79_53991	unbinned
k79_53991	unbinned
k79_53999	unbinned
k79_54000	unbinned
k79_54000	unbinned
k79_54017	unbinned
k79_54017	unbinned
k79_54028	unbinned
k79_54056	unbinned
k79_54056	unbinned
k79_54056	unbinned
k79_54075	unbinned
k79_54075	unbinned
k79_54161	unbinned
k79_54218	unbinned
k79_54218	unbinned
k79_54253	unbinned
k79_54259	unbinned
k79_54276	unbinned
k79_54286	unbinned
k79_54350	unbinned
k79_54383	unbinned
k79_54432	unbinned
k79_54464	unbinned
k79_54472	unbinned
k79_54481	unbinned
k79_54484	unbinned
k79_54484	unbinned
k79_54508	unbinned
k79_54522	unbinned
k79_54548	unbinned
k79_54578	unbinned
k79_54580	unbinned
k79_54594	unbinned
k79_54617	unbinned
k79_54653	unbinned
k79_54680	unbinned
k79_5469	unbinned
k79_5470	unbinned
k79_54704	unbinned
k79_54741	unbinned
k79_54751	unbinned
k79_54767	unbinned
k79_54782	unbinned
k79_54787	unbinned
k79_54828	unbinned
k79_5483	unbinned
k79_54841	unbinned
k79_54888	unbinned
k79_54905	unbinned
k79_5493	unbinned
k79_54932	unbinned
k79_54951	unbinned
k79_54955	unbinned
k79_5497	unbinned
k79_5497	unbinned
k79_54990	unbinned
k79_55003	unbinned
k79_55063	unbinned
k79_55082	unbinned
k79_55082	unbinned
k79_55085	unbinned
k79_55110	unbinned
k79_55110	unbinned
k79_55110	unbinned
k79_5514	unbinned
k79_55204	unbinned
k79_55204	unbinned
k79_55208	unbinned
k79_55244	unbinned
k79_55327	unbinned
k79_55327	unbinned
k79_5534	unbinned
k79_5535	unbinned
k79_5539	unbinned
k79_55404	unbinned
k79_55412	unbinned
k79_55431	unbinned
k79_55444	unbinned
k79_55484	unbinned
k79_5552	unbinned
k79_55544	unbinned
k79_55581	unbinned
k79_55625	unbinned
k79_55629	unbinned
k79_55634	unbinned
k79_55731	unbinned
k79_55731	unbinned
k79_55754	unbinned
k79_55756	unbinned
k79_5577	unbinned
k79_55777	unbinned
k79_55785	unbinned
k79_55787	unbinned
k79_55808	unbinned
k79_55893	unbinned
k79_5594	unbinned
k79_55952	unbinned
k79_55952	unbinned
k79_55962	unbinned
k79_55970	unbinned
k79_55979	unbinned
k79_55983	unbinned
k79_55990	unbinned
k79_5601	unbinned
k79_56017	unbinned
k79_56022	unbinned
k79_56077	unbinned
k79_56082	unbinned
k79_56106	unbinned
k79_5612	unbinned
k79_5612	unbinned
k79_56164	unbinned
k79_56169	unbinned
k79_5618	unbinned
k79_5619	unbinned
k79_5619	unbinned
k79_56202	unbinned
k79_56227	unbinned
k79_56236	unbinned
k79_56291	unbinned
k79_56291	unbinned
k79_56331	unbinned
k79_56340	unbinned
k79_56340	unbinned
k79_56348	unbinned
k79_56362	unbinned
k79_56365	unbinned
k79_56378	unbinned
k79_56436	unbinned
k79_56486	unbinned
k79_56527	unbinned
k79_56535	unbinned
k79_56535	unbinned
k79_56548	unbinned
k79_56591	unbinned
k79_56603	unbinned
k79_56623	unbinned
k79_56660	unbinned
k79_56660	unbinned
k79_56684	unbinned
k79_56698	unbinned
k79_56781	unbinned
k79_5679	unbinned
k79_5685	unbinned
k79_5685	unbinned
k79_56858	unbinned
k79_56858	unbinned
k79_56859	unbinned
k79_56863	unbinned
k79_56879	unbinned
k79_56982	unbinned
k79_56982	unbinned
k79_56994	unbinned
k79_570	unbinned
k79_57027	unbinned
k79_57032	unbinned
k79_57037	unbinned
k79_57059	unbinned
k79_57101	unbinned
k79_57102	unbinned
k79_57117	unbinned
k79_57147	unbinned
k79_57160	unbinned
k79_57211	unbinned
k79_5723	unbinned
k79_5726	unbinned
k79_57265	unbinned
k79_57282	unbinned
k79_57282	unbinned
k79_57294	unbinned
k79_57341	unbinned
k79_57452	unbinned
k79_57487	unbinned
k79_575	unbinned
k79_57518	unbinned
k79_57521	unbinned
k79_57529	unbinned
k79_57557	unbinned
k79_57594	unbinned
k79_5762	unbinned
k79_57624	unbinned
k79_57701	unbinned
k79_57714	unbinned
k79_57719	unbinned
k79_57798	unbinned
k79_57804	unbinned
k79_57869	unbinned
k79_57869	unbinned
k79_57882	unbinned
k79_58051	unbinned
k79_58054	unbinned
k79_58054	unbinned
k79_58057	unbinned
k79_5813	unbinned
k79_58223	unbinned
k79_58223	unbinned
k79_58231	unbinned
k79_58244	unbinned
k79_58257	unbinned
k79_58274	unbinned
k79_58288	unbinned
k79_58385	unbinned
k79_58395	unbinned
k79_58413	unbinned
k79_5856	unbinned
k79_58564	unbinned
k79_5863	unbinned
k79_58639	unbinned
k79_58669	unbinned
k79_58698	unbinned
k79_5870	unbinned
k79_58708	unbinned
k79_5873	unbinned
k79_58732	unbinned
k79_58732	unbinned
k79_58732	unbinned
k79_58739	unbinned
k79_58741	unbinned
k79_58751	unbinned
k79_58789	unbinned
k79_58892	unbinned
k79_58892	unbinned
k79_5890	unbinned
k79_58960	unbinned
k79_59000	unbinned
k79_59000	unbinned
k79_59027	unbinned
k79_59027	unbinned
k79_59037	unbinned
k79_59057	unbinned
k79_59066	unbinned
k79_59096	unbinned
k79_59096	unbinned
k79_5912	unbinned
k79_59157	unbinned
k79_59200	unbinned
k79_5923	unbinned
k79_59234	unbinned
k79_59247	unbinned
k79_59255	unbinned
k79_59264	unbinned
k79_59270	unbinned
k79_59273	unbinned
k79_59307	unbinned
k79_59348	unbinned
k79_59365	unbinned
k79_59401	unbinned
k79_59401	unbinned
k79_59403	unbinned
k79_59423	unbinned
k79_59423	unbinned
k79_59486	unbinned
k79_5949	unbinned
k79_59605	unbinned
k79_59607	unbinned
k79_59615	unbinned
k79_59641	unbinned
k79_59728	unbinned
k79_59733	unbinned
k79_59777	unbinned
k79_59785	unbinned
k79_59808	unbinned
k79_59813	unbinned
k79_59926	unbinned
k79_59933	unbinned
k79_59933	unbinned
k79_59944	unbinned
k79_60033	unbinned
k79_6004	unbinned
k79_60090	unbinned
k79_60092	unbinned
k79_60115	unbinned
k79_60120	unbinned
k79_60120	unbinned
k79_60129	unbinned
k79_60150	unbinned
k79_60315	unbinned
k79_60315	unbinned
k79_60380	unbinned
k79_60380	unbinned
k79_60382	unbinned
k79_60383	unbinned
k79_60389	unbinned
k79_60389	unbinned
k79_60396	unbinned
k79_60408	unbinned
k79_60476	unbinned
k79_60488	unbinned
k79_60494	unbinned
k79_60535	unbinned
k79_60547	unbinned
k79_60612	unbinned
k79_60655	unbinned
k79_60662	unbinned
k79_60669	unbinned
k79_60691	unbinned
k79_60692	unbinned
k79_60720	unbinned
k79_6073	unbinned
k79_60735	unbinned
k79_60804	unbinned
k79_60833	unbinned
k79_60952	unbinned
k79_60960	unbinned
k79_60963	unbinned
k79_60967	unbinned
k79_60985	unbinned
k79_60998	unbinned
k79_61012	unbinned
k79_61035	unbinned
k79_61035	unbinned
k79_61039	unbinned
k79_61060	unbinned
k79_61065	unbinned
k79_61105	unbinned
k79_61112	unbinned
k79_61114	unbinned
k79_61117	unbinned
k79_61117	unbinned
k79_61124	unbinned
k79_61127	unbinned
k79_61130	unbinned
k79_61144	unbinned
k79_61149	unbinned
k79_61168	unbinned
k79_61197	unbinned
k79_612	unbinned
k79_61256	unbinned
k79_61269	unbinned
k79_61285	unbinned
k79_61327	unbinned
k79_61331	unbinned
k79_61332	unbinned
k79_61332	unbinned
k79_6135	unbinned
k79_6136	unbinned
k79_61380	unbinned
k79_61427	unbinned
k79_61429	unbinned
k79_61429	unbinned
k79_61445	unbinned
k79_61450	unbinned
k79_61502	unbinned
k79_61514	unbinned
k79_61518	unbinned
k79_61551	unbinned
k79_61555	unbinned
k79_61555	unbinned
k79_61569	unbinned
k79_61573	unbinned
k79_61597	unbinned
k79_6160	unbinned
k79_61671	unbinned
k79_61693	unbinned
k79_61695	unbinned
k79_61705	unbinned
k79_61708	unbinned
k79_61714	unbinned
k79_6173	unbinned
k79_61737	unbinned
k79_61751	unbinned
k79_61771	unbinned
k79_61771	unbinned
k79_6178	unbinned
k79_61807	unbinned
k79_61818	unbinned
k79_61818	unbinned
k79_61840	unbinned
k79_61851	unbinned
k79_61873	unbinned
k79_61880	unbinned
k79_61897	unbinned
k79_61915	unbinned
k79_61942	unbinned
k79_61955	unbinned
k79_61963	unbinned
k79_61977	unbinned
k79_61977	unbinned
k79_61993	unbinned
k79_61994	unbinned
k79_62015	unbinned
k79_62058	unbinned
k79_6212	unbinned
k79_62134	unbinned
k79_6219	unbinned
k79_6219	unbinned
k79_62229	unbinned
k79_62247	unbinned
k79_62253	unbinned
k79_62253	unbinned
k79_62285	unbinned
k79_62317	unbinned
k79_62352	unbinned
k79_62352	unbinned
k79_62370	unbinned
k79_6238	unbinned
k79_62392	unbinned
k79_62402	unbinned
k79_62402	unbinned
k79_62412	unbinned
k79_62436	unbinned
k79_62462	unbinned
k79_62479	unbinned
k79_62479	unbinned
k79_62492	unbinned
k79_6250	unbinned
k79_62511	unbinned
k79_62537	unbinned
k79_62537	unbinned
k79_62541	unbinned
k79_6257	unbinned
k79_62578	unbinned
k79_62591	unbinned
k79_62616	unbinned
k79_62616	unbinned
k79_62658	unbinned
k79_62675	unbinned
k79_62678	unbinned
k79_62692	unbinned
k79_62738	unbinned
k79_6278	unbinned
k79_62789	unbinned
k79_6279	unbinned
k79_62810	unbinned
k79_62815	unbinned
k79_62815	unbinned
k79_62841	unbinned
k79_62850	unbinned
k79_62860	unbinned
k79_62874	unbinned
k79_62880	unbinned
k79_62880	unbinned
k79_62881	unbinned
k79_62881	unbinned
k79_62905	unbinned
k79_62992	unbinned
k79_62997	unbinned
k79_63040	unbinned
k79_63075	unbinned
k79_63076	unbinned
k79_63078	unbinned
k79_63078	unbinned
k79_6308	unbinned
k79_63103	unbinned
k79_63106	unbinned
k79_63173	unbinned
k79_63181	unbinned
k79_63206	unbinned
k79_63227	unbinned
k79_63265	unbinned
k79_63281	unbinned
k79_63294	unbinned
k79_63295	unbinned
k79_63338	unbinned
k79_63338	unbinned
k79_63340	unbinned
k79_63341	unbinned
k79_63342	unbinned
k79_63350	unbinned
k79_63370	unbinned
k79_63418	unbinned
k79_63418	unbinned
k79_63434	unbinned
k79_63442	unbinned
k79_63454	unbinned
k79_63454	unbinned
k79_63475	unbinned
k79_63475	unbinned
k79_63505	unbinned
k79_63507	unbinned
k79_63512	unbinned
k79_63544	unbinned
k79_63550	unbinned
k79_63564	unbinned
k79_63565	unbinned
k79_63591	unbinned
k79_63591	unbinned
k79_63656	unbinned
k79_63663	unbinned
k79_63666	unbinned
k79_63670	unbinned
k79_63685	unbinned
k79_63700	unbinned
k79_63703	unbinned
k79_63706	unbinned
k79_63706	unbinned
k79_63762	unbinned
k79_63765	unbinned
k79_63782	unbinned
k79_63790	unbinned
k79_63797	unbinned
k79_63862	unbinned
k79_63886	unbinned
k79_63910	unbinned
k79_63949	unbinned
k79_63949	unbinned
k79_63956	unbinned
k79_64004	unbinned
k79_64004	unbinned
k79_64019	unbinned
k79_64026	unbinned
k79_64078	unbinned
k79_64089	unbinned
k79_64120	unbinned
k79_64157	unbinned
k79_6419	unbinned
k79_64257	unbinned
k79_64271	unbinned
k79_643	unbinned
k79_64301	unbinned
k79_64324	unbinned
k79_6434	unbinned
k79_6438	unbinned
k79_6438	unbinned
k79_64404	unbinned
k79_64422	unbinned
k79_64432	unbinned
k79_64442	unbinned
k79_64495	unbinned
k79_64519	unbinned
k79_64530	unbinned
k79_64576	unbinned
k79_64592	unbinned
k79_64622	unbinned
k79_64628	unbinned
k79_64632	unbinned
k79_64632	unbinned
k79_64700	unbinned
k79_64700	unbinned
k79_64743	unbinned
k79_64743	unbinned
k79_6477	unbinned
k79_64802	unbinned
k79_64803	unbinned
k79_64810	unbinned
k79_64810	unbinned
k79_64829	unbinned
k79_64848	unbinned
k79_64855	unbinned
k79_64881	unbinned
k79_64899	unbinned
k79_64933	unbinned
k79_64933	unbinned
k79_65	unbinned
k79_65025	unbinned
k79_65027	unbinned
k79_65027	unbinned
k79_65061	unbinned
k79_65111	unbinned
k79_65120	unbinned
k79_65120	unbinned
k79_65151	unbinned
k79_65171	unbinned
k79_65171	unbinned
k79_65178	unbinned
k79_65178	unbinned
k79_65191	unbinned
k79_65210	unbinned
k79_65210	unbinned
k79_65262	unbinned
k79_65279	unbinned
k79_65325	unbinned
k79_65332	unbinned
k79_65334	unbinned
k79_65336	unbinned
k79_65411	unbinned
k79_65446	unbinned
k79_65455	unbinned
k79_6546	unbinned
k79_65460	unbinned
k79_65473	unbinned
k79_65477	unbinned
k79_65494	unbinned
k79_65498	unbinned
k79_65530	unbinned
k79_65591	unbinned
k79_65640	unbinned
k79_65667	unbinned
k79_65667	unbinned
k79_65697	unbinned
k79_657	unbinned
k79_65715	unbinned
k79_65715	unbinned
k79_65742	unbinned
k79_65769	unbinned
k79_65770	unbinned
k79_65808	unbinned
k79_6584	unbinned
k79_65879	unbinned
k79_65905	unbinned
k79_65924	unbinned
k79_65962	unbinned
k79_65968	unbinned
k79_66002	unbinned
k79_66002	unbinned
k79_6603	unbinned
k79_6603	unbinned
k79_6603	unbinned
k79_66053	unbinned
k79_66087	unbinned
k79_66108	unbinned
k79_66108	unbinned
k79_66113	unbinned
k79_66126	unbinned
k79_66139	unbinned
k79_66160	unbinned
k79_66160	unbinned
k79_66174	unbinned
k79_66175	unbinned
k79_66204	unbinned
k79_66224	unbinned
k79_66224	unbinned
k79_66325	unbinned
k79_66325	unbinned
k79_66341	unbinned
k79_66343	unbinned
k79_66343	unbinned
k79_66354	unbinned
k79_66354	unbinned
k79_66365	unbinned
k79_66431	unbinned
k79_66441	unbinned
k79_66441	unbinned
k79_66470	unbinned
k79_66470	unbinned
k79_66478	unbinned
k79_66524	unbinned
k79_66535	unbinned
k79_66538	unbinned
k79_66563	unbinned
k79_66580	unbinned
k79_66585	unbinned
k79_66664	unbinned
k79_66686	unbinned
k79_66686	unbinned
k79_66711	unbinned
k79_66739	unbinned
k79_66759	unbinned
k79_66799	unbinned
k79_66827	unbinned
k79_66831	unbinned
k79_66849	unbinned
k79_66876	unbinned
k79_66887	unbinned
k79_66895	unbinned
k79_66906	unbinned
k79_66930	unbinned
k79_66934	unbinned
k79_66937	unbinned
k79_66944	unbinned
k79_67045	unbinned
k79_6706	unbinned
k79_6706	unbinned
k79_67077	unbinned
k79_67077	unbinned
k79_67109	unbinned
k79_67159	unbinned
k79_67193	unbinned
k79_67199	unbinned
k79_67199	unbinned
k79_67240	unbinned
k79_67248	unbinned
k79_67278	unbinned
k79_67348	unbinned
k79_67348	unbinned
k79_67392	unbinned
k79_67414	unbinned
k79_67414	unbinned
k79_67438	unbinned
k79_67470	unbinned
k79_67520	unbinned
k79_6754	unbinned
k79_67542	unbinned
k79_67545	unbinned
k79_67575	unbinned
k79_67594	unbinned
k79_67689	unbinned
k79_67692	unbinned
k79_67692	unbinned
k79_67754	unbinned
k79_67768	unbinned
k79_678	unbinned
k79_6781	unbinned
k79_6784	unbinned
k79_6784	unbinned
k79_67840	unbinned
k79_67840	unbinned
k79_67891	unbinned
k79_67891	unbinned
k79_67907	unbinned
k79_67923	unbinned
k79_67958	unbinned
k79_68003	unbinned
k79_68005	unbinned
k79_68010	unbinned
k79_68010	unbinned
k79_6805	unbinned
k79_68073	unbinned
k79_68093	unbinned
k79_68113	unbinned
k79_68178	unbinned
k79_68180	unbinned
k79_68200	unbinned
k79_68200	unbinned
k79_68218	unbinned
k79_68220	unbinned
k79_68220	unbinned
k79_68230	unbinned
k79_68239	unbinned
k79_68243	unbinned
k79_68243	unbinned
k79_68264	unbinned
k79_6828	unbinned
k79_68299	unbinned
k79_68337	unbinned
k79_68338	unbinned
k79_6836	unbinned
k79_6836	unbinned
k79_68363	unbinned
k79_68388	unbinned
k79_68432	unbinned
k79_68440	unbinned
k79_68448	unbinned
k79_68498	unbinned
k79_68502	unbinned
k79_68510	unbinned
k79_68562	unbinned
k79_68568	unbinned
k79_68608	unbinned
k79_68618	unbinned
k79_68620	unbinned
k79_68636	unbinned
k79_68638	unbinned
k79_68695	unbinned
k79_68695	unbinned
k79_6880	unbinned
k79_68801	unbinned
k79_68801	unbinned
k79_68830	unbinned
k79_68871	unbinned
k79_68897	unbinned
k79_68900	unbinned
k79_68910	unbinned
k79_68966	unbinned
k79_68966	unbinned
k79_68988	unbinned
k79_68988	unbinned
k79_69078	unbinned
k79_69114	unbinned
k79_69157	unbinned
k79_69170	unbinned
k79_69170	unbinned
k79_69174	unbinned
k79_69196	unbinned
k79_69218	unbinned
k79_69218	unbinned
k79_69258	unbinned
k79_69260	unbinned
k79_69287	unbinned
k79_69366	unbinned
k79_69373	unbinned
k79_69383	unbinned
k79_69384	unbinned
k79_69397	unbinned
k79_69434	unbinned
k79_69434	unbinned
k79_69444	unbinned
k79_69444	unbinned
k79_69460	unbinned
k79_69495	unbinned
k79_69509	unbinned
k79_69540	unbinned
k79_6957	unbinned
k79_69607	unbinned
k79_69607	unbinned
k79_6962	unbinned
k79_69643	unbinned
k79_69667	unbinned
k79_69676	unbinned
k79_69702	unbinned
k79_6972	unbinned
k79_69739	unbinned
k79_69742	unbinned
k79_6975	unbinned
k79_69762	unbinned
k79_69817	unbinned
k79_69843	unbinned
k79_69875	unbinned
k79_69904	unbinned
k79_69917	unbinned
k79_69932	unbinned
k79_69961	unbinned
k79_69987	unbinned
k79_70014	unbinned
k79_70019	unbinned
k79_70068	unbinned
k79_70123	unbinned
k79_70144	unbinned
k79_70144	unbinned
k79_70144	unbinned
k79_70151	unbinned
k79_70165	unbinned
k79_70203	unbinned
k79_70214	unbinned
k79_70215	unbinned
k79_70217	unbinned
k79_70232	unbinned
k79_70232	unbinned
k79_70332	unbinned
k79_70332	unbinned
k79_70334	unbinned
k79_70349	unbinned
k79_70380	unbinned
k79_70394	unbinned
k79_70394	unbinned
k79_70395	unbinned
k79_70399	unbinned
k79_70442	unbinned
k79_70502	unbinned
k79_7055	unbinned
k79_70569	unbinned
k79_70571	unbinned
k79_7060	unbinned
k79_70615	unbinned
k79_70650	unbinned
k79_7068	unbinned
k79_7068	unbinned
k79_70715	unbinned
k79_70726	unbinned
k79_70748	unbinned
k79_7075	unbinned
k79_70784	unbinned
k79_7081	unbinned
k79_70824	unbinned
k79_70831	unbinned
k79_70935	unbinned
k79_70946	unbinned
k79_70964	unbinned
k79_70965	unbinned
k79_71007	unbinned
k79_71030	unbinned
k79_71050	unbinned
k79_71127	unbinned
k79_71219	unbinned
k79_71261	unbinned
k79_71324	unbinned
k79_71324	unbinned
k79_71348	unbinned
k79_71348	unbinned
k79_71352	unbinned
k79_71352	unbinned
k79_71375	unbinned
k79_7145	unbinned
k79_7145	unbinned
k79_71492	unbinned
k79_71544	unbinned
k79_71555	unbinned
k79_7162	unbinned
k79_71620	unbinned
k79_71620	unbinned
k79_71636	unbinned
k79_71736	unbinned
k79_71744	unbinned
k79_71827	unbinned
k79_71830	unbinned
k79_71830	unbinned
k79_71831	unbinned
k79_71889	unbinned
k79_71894	unbinned
k79_71904	unbinned
k79_71964	unbinned
k79_71964	unbinned
k79_71970	unbinned
k79_71993	unbinned
k79_7205	unbinned
k79_72058	unbinned
k79_72077	unbinned
k79_72117	unbinned
k79_72117	unbinned
k79_72123	unbinned
k79_72129	unbinned
k79_72140	unbinned
k79_72223	unbinned
k79_72300	unbinned
k79_72328	unbinned
k79_72331	unbinned
k79_72355	unbinned
k79_72355	unbinned
k79_72366	unbinned
k79_72382	unbinned
k79_72389	unbinned
k79_72405	unbinned
k79_72465	unbinned
k79_72466	unbinned
k79_72470	unbinned
k79_72488	unbinned
k79_72517	unbinned
k79_72517	unbinned
k79_72554	unbinned
k79_72591	unbinned
k79_72610	unbinned
k79_72610	unbinned
k79_72617	unbinned
k79_72631	unbinned
k79_72693	unbinned
k79_72702	unbinned
k79_72727	unbinned
k79_72746	unbinned
k79_72772	unbinned
k79_72796	unbinned
k79_7280	unbinned
k79_72855	unbinned
k79_72928	unbinned
k79_72928	unbinned
k79_72935	unbinned
k79_7294	unbinned
k79_72941	unbinned
k79_72974	unbinned
k79_72978	unbinned
k79_72984	unbinned
k79_72994	unbinned
k79_7300	unbinned
k79_7300	unbinned
k79_73009	unbinned
k79_73009	unbinned
k79_73040	unbinned
k79_73040	unbinned
k79_73048	unbinned
k79_7307	unbinned
k79_73089	unbinned
k79_73122	unbinned
k79_73154	unbinned
k79_73161	unbinned
k79_73217	unbinned
k79_73235	unbinned
k79_73279	unbinned
k79_7328	unbinned
k79_7328	unbinned
k79_73281	unbinned
k79_73294	unbinned
k79_7331	unbinned
k79_73371	unbinned
k79_73383	unbinned
k79_73400	unbinned
k79_73426	unbinned
k79_73463	unbinned
k79_73473	unbinned
k79_73473	unbinned
k79_73547	unbinned
k79_73552	unbinned
k79_73569	unbinned
k79_73593	unbinned
k79_73601	unbinned
k79_73603	unbinned
k79_73623	unbinned
k79_73651	unbinned
k79_73699	unbinned
k79_73702	unbinned
k79_73709	unbinned
k79_73709	unbinned
k79_73709	unbinned
k79_73710	unbinned
k79_73712	unbinned
k79_7373	unbinned
k79_7373	unbinned
k79_73738	unbinned
k79_73738	unbinned
k79_73770	unbinned
k79_73793	unbinned
k79_73804	unbinned
k79_73816	unbinned
k79_73877	unbinned
k79_73882	unbinned
k79_73883	unbinned
k79_73883	unbinned
k79_73884	unbinned
k79_73903	unbinned
k79_73903	unbinned
k79_73909	unbinned
k79_73915	unbinned
k79_73938	unbinned
k79_74007	unbinned
k79_74050	unbinned
k79_74064	unbinned
k79_74071	unbinned
k79_74134	unbinned
k79_74153	unbinned
k79_74216	unbinned
k79_74217	unbinned
k79_74256	unbinned
k79_74273	unbinned
k79_74273	unbinned
k79_74325	unbinned
k79_74337	unbinned
k79_74337	unbinned
k79_74377	unbinned
k79_74383	unbinned
k79_74390	unbinned
k79_74424	unbinned
k79_74430	unbinned
k79_74434	unbinned
k79_74457	unbinned
k79_74460	unbinned
k79_74511	unbinned
k79_74532	unbinned
k79_7456	unbinned
k79_7456	unbinned
k79_74586	unbinned
k79_74600	unbinned
k79_74600	unbinned
k79_7462	unbinned
k79_74631	unbinned
k79_74691	unbinned
k79_74692	unbinned
k79_74713	unbinned
k79_74713	unbinned
k79_7473	unbinned
k79_74764	unbinned
k79_74816	unbinned
k79_74839	unbinned
k79_74852	unbinned
k79_74877	unbinned
k79_74886	unbinned
k79_74886	unbinned
k79_74888	unbinned
k79_74917	unbinned
k79_74926	unbinned
k79_74926	unbinned
k79_74973	unbinned
k79_74973	unbinned
k79_74985	unbinned
k79_7504	unbinned
k79_75058	unbinned
k79_75058	unbinned
k79_75061	unbinned
k79_75078	unbinned
k79_75079	unbinned
k79_75079	unbinned
k79_75082	unbinned
k79_75093	unbinned
k79_75123	unbinned
k79_75129	unbinned
k79_75129	unbinned
k79_75149	unbinned
k79_75149	unbinned
k79_75152	unbinned
k79_75168	unbinned
k79_75168	unbinned
k79_75174	unbinned
k79_75176	unbinned
k79_75230	unbinned
k79_75245	unbinned
k79_75245	unbinned
k79_75276	unbinned
k79_75300	unbinned
k79_7533	unbinned
k79_75346	unbinned
k79_75387	unbinned
k79_75422	unbinned
k79_75426	unbinned
k79_75426	unbinned
k79_75514	unbinned
k79_75553	unbinned
k79_75577	unbinned
k79_75577	unbinned
k79_75589	unbinned
k79_75599	unbinned
k79_75653	unbinned
k79_75702	unbinned
k79_75716	unbinned
k79_75754	unbinned
k79_75776	unbinned
k79_75790	unbinned
k79_75798	unbinned
k79_75830	unbinned
k79_75836	unbinned
k79_75874	unbinned
k79_75874	unbinned
k79_75893	unbinned
k79_75895	unbinned
k79_7592	unbinned
k79_75957	unbinned
k79_75968	unbinned
k79_75968	unbinned
k79_75982	unbinned
k79_76042	unbinned
k79_76042	unbinned
k79_76062	unbinned
k79_76119	unbinned
k79_7612	unbinned
k79_76126	unbinned
k79_7613	unbinned
k79_76146	unbinned
k79_76146	unbinned
k79_76186	unbinned
k79_76232	unbinned
k79_76268	unbinned
k79_76313	unbinned
k79_76313	unbinned
k79_76319	unbinned
k79_76341	unbinned
k79_76368	unbinned
k79_76369	unbinned
k79_76369	unbinned
k79_76378	unbinned
k79_7638	unbinned
k79_76381	unbinned
k79_76389	unbinned
k79_76406	unbinned
k79_76463	unbinned
k79_76463	unbinned
k79_76482	unbinned
k79_76491	unbinned
k79_76502	unbinned
k79_76521	unbinned
k79_76521	unbinned
k79_76581	unbinned
k79_76635	unbinned
k79_76635	unbinned
k79_76650	unbinned
k79_7666	unbinned
k79_76707	unbinned
k79_76710	unbinned
k79_76722	unbinned
k79_76722	unbinned
k79_76746	unbinned
k79_76765	unbinned
k79_76789	unbinned
k79_76819	unbinned
k79_76879	unbinned
k79_76898	unbinned
k79_7690	unbinned
k79_76905	unbinned
k79_76906	unbinned
k79_76906	unbinned
k79_76916	unbinned
k79_76919	unbinned
k79_76919	unbinned
k79_76931	unbinned
k79_76965	unbinned
k79_76965	unbinned
k79_76985	unbinned
k79_76986	unbinned
k79_76986	unbinned
k79_7700	unbinned
k79_77017	unbinned
k79_77022	unbinned
k79_77022	unbinned
k79_77037	unbinned
k79_77046	unbinned
k79_77073	unbinned
k79_77206	unbinned
k79_77268	unbinned
k79_77272	unbinned
k79_77291	unbinned
k79_77296	unbinned
k79_77307	unbinned
k79_77309	unbinned
k79_7734	unbinned
k79_77346	unbinned
k79_77414	unbinned
k79_77450	unbinned
k79_77461	unbinned
k79_77521	unbinned
k79_7757	unbinned
k79_77579	unbinned
k79_7758	unbinned
k79_77582	unbinned
k79_7759	unbinned
k79_7759	unbinned
k79_77598	unbinned
k79_77640	unbinned
k79_7767	unbinned
k79_77698	unbinned
k79_77701	unbinned
k79_77703	unbinned
k79_77723	unbinned
k79_77744	unbinned
k79_77758	unbinned
k79_77763	unbinned
k79_77774	unbinned
k79_77792	unbinned
k79_77808	unbinned
k79_77819	unbinned
k79_77821	unbinned
k79_77821	unbinned
k79_7784	unbinned
k79_77873	unbinned
k79_77881	unbinned
k79_77904	unbinned
k79_77954	unbinned
k79_77966	unbinned
k79_77993	unbinned
k79_77997	unbinned
k79_78052	unbinned
k79_78053	unbinned
k79_78053	unbinned
k79_78079	unbinned
k79_78141	unbinned
k79_78188	unbinned
k79_78217	unbinned
k79_78223	unbinned
k79_78325	unbinned
k79_78335	unbinned
k79_78367	unbinned
k79_78404	unbinned
k79_78420	unbinned
k79_78455	unbinned
k79_78477	unbinned
k79_78568	unbinned
k79_78568	unbinned
k79_78572	unbinned
k79_78579	unbinned
k79_78579	unbinned
k79_78603	unbinned
k79_78616	unbinned
k79_78634	unbinned
k79_78645	unbinned
k79_78651	unbinned
k79_78670	unbinned
k79_78701	unbinned
k79_78705	unbinned
k79_78751	unbinned
k79_7878	unbinned
k79_78799	unbinned
k79_78809	unbinned
k79_78870	unbinned
k79_78870	unbinned
k79_78870	unbinned
k79_78919	unbinned
k79_7895	unbinned
k79_78958	unbinned
k79_78998	unbinned
k79_78998	unbinned
k79_790	unbinned
k79_790	unbinned
k79_79001	unbinned
k79_79019	unbinned
k79_79045	unbinned
k79_79058	unbinned
k79_79058	unbinned
k79_79070	unbinned
k79_79079	unbinned
k79_79080	unbinned
k79_79131	unbinned
k79_79131	unbinned
k79_79148	unbinned
k79_79154	unbinned
k79_79162	unbinned
k79_79277	unbinned
k79_79277	unbinned
k79_79282	unbinned
k79_79331	unbinned
k79_79436	unbinned
k79_79439	unbinned
k79_79446	unbinned
k79_79446	unbinned
k79_79466	unbinned
k79_79466	unbinned
k79_7948	unbinned
k79_79540	unbinned
k79_79558	unbinned
k79_79562	unbinned
k79_79607	unbinned
k79_79691	unbinned
k79_79701	unbinned
k79_79706	unbinned
k79_79738	unbinned
k79_79759	unbinned
k79_79759	unbinned
k79_79767	unbinned
k79_79767	unbinned
k79_79811	unbinned
k79_79862	unbinned
k79_79880	unbinned
k79_7993	unbinned
k79_79994	unbinned
k79_79994	unbinned
k79_80002	unbinned
k79_80059	unbinned
k79_80062	unbinned
k79_80112	unbinned
k79_80131	unbinned
k79_8018	unbinned
k79_80269	unbinned
k79_8031	unbinned
k79_80323	unbinned
k79_80336	unbinned
k79_8037	unbinned
k79_80374	unbinned
k79_80398	unbinned
k79_8040	unbinned
k79_80420	unbinned
k79_80459	unbinned
k79_80460	unbinned
k79_80475	unbinned
k79_80476	unbinned
k79_80533	unbinned
k79_80538	unbinned
k79_80594	unbinned
k79_80643	unbinned
k79_80644	unbinned
k79_80694	unbinned
k79_80743	unbinned
k79_80760	unbinned
k79_80785	unbinned
k79_80856	unbinned
k79_80926	unbinned
k79_80987	unbinned
k79_80988	unbinned
k79_80988	unbinned
k79_81034	unbinned
k79_8104	unbinned
k79_8104	unbinned
k79_81070	unbinned
k79_81070	unbinned
k79_81079	unbinned
k79_81113	unbinned
k79_81120	unbinned
k79_81121	unbinned
k79_81182	unbinned
k79_81223	unbinned
k79_81248	unbinned
k79_81276	unbinned
k79_81276	unbinned
k79_81336	unbinned
k79_81339	unbinned
k79_81343	unbinned
k79_81343	unbinned
k79_8135	unbinned
k79_81364	unbinned
k79_81409	unbinned
k79_81457	unbinned
k79_81487	unbinned
k79_81507	unbinned
k79_81515	unbinned
k79_81517	unbinned
k79_81538	unbinned
k79_81538	unbinned
k79_81543	unbinned
k79_81554	unbinned
k79_81657	unbinned
k79_81687	unbinned
k79_8171	unbinned
k79_8171	unbinned
k79_81718	unbinned
k79_81785	unbinned
k79_81785	unbinned
k79_81809	unbinned
k79_81887	unbinned
k79_81924	unbinned
k79_81936	unbinned
k79_81936	unbinned
k79_81939	unbinned
k79_81942	unbinned
k79_81981	unbinned
k79_8205	unbinned
k79_82056	unbinned
k79_82064	unbinned
k79_82193	unbinned
k79_82222	unbinned
k79_82222	unbinned
k79_82243	unbinned
k79_82274	unbinned
k79_82312	unbinned
k79_82340	unbinned
k79_82392	unbinned
k79_82409	unbinned
k79_82416	unbinned
k79_82447	unbinned
k79_82491	unbinned
k79_82492	unbinned
k79_8252	unbinned
k79_8253	unbinned
k79_82568	unbinned
k79_82592	unbinned
k79_82596	unbinned
k79_82596	unbinned
k79_82610	unbinned
k79_82616	unbinned
k79_82620	unbinned
k79_82664	unbinned
k79_82676	unbinned
k79_82676	unbinned
k79_82758	unbinned
k79_82883	unbinned
k79_82895	unbinned
k79_82923	unbinned
k79_82945	unbinned
k79_82967	unbinned
k79_82967	unbinned
k79_82978	unbinned
k79_83001	unbinned
k79_83004	unbinned
k79_83015	unbinned
k79_83036	unbinned
k79_83036	unbinned
k79_83052	unbinned
k79_83094	unbinned
k79_83114	unbinned
k79_83159	unbinned
k79_83161	unbinned
k79_832	unbinned
k79_83210	unbinned
k79_83217	unbinned
k79_83241	unbinned
k79_83242	unbinned
k79_83283	unbinned
k79_83426	unbinned
k79_83432	unbinned
k79_83496	unbinned
k79_83560	unbinned
k79_83591	unbinned
k79_83591	unbinned
k79_83591	unbinned
k79_83650	unbinned
k79_83673	unbinned
k79_83673	unbinned
k79_83676	unbinned
k79_83719	unbinned
k79_83728	unbinned
k79_83740	unbinned
k79_83740	unbinned
k79_83751	unbinned
k79_83751	unbinned
k79_83761	unbinned
k79_83762	unbinned
k79_83780	unbinned
k79_83780	unbinned
k79_83783	unbinned
k79_8379	unbinned
k79_83826	unbinned
k79_83826	unbinned
k79_83873	unbinned
k79_83876	unbinned
k79_83898	unbinned
k79_83924	unbinned
k79_840	unbinned
k79_84000	unbinned
k79_8401	unbinned
k79_8401	unbinned
k79_84010	unbinned
k79_84010	unbinned
k79_84028	unbinned
k79_84033	unbinned
k79_84087	unbinned
k79_84096	unbinned
k79_84138	unbinned
k79_84143	unbinned
k79_84173	unbinned
k79_8424	unbinned
k79_8426	unbinned
k79_84307	unbinned
k79_84334	unbinned
k79_8434	unbinned
k79_84343	unbinned
k79_84344	unbinned
k79_84360	unbinned
k79_84430	unbinned
k79_84487	unbinned
k79_84493	unbinned
k79_84513	unbinned
k79_84546	unbinned
k79_84557	unbinned
k79_84560	unbinned
k79_84568	unbinned
k79_84596	unbinned
k79_84598	unbinned
k79_846	unbinned
k79_84612	unbinned
k79_84614	unbinned
k79_84614	unbinned
k79_84617	unbinned
k79_84658	unbinned
k79_84662	unbinned
k79_84676	unbinned
k79_84677	unbinned
k79_84682	unbinned
k79_84687	unbinned
k79_84687	unbinned
k79_8470	unbinned
k79_8470	unbinned
k79_84700	unbinned
k79_84706	unbinned
k79_84746	unbinned
k79_84801	unbinned
k79_84801	unbinned
k79_84801	unbinned
k79_84824	unbinned
k79_84825	unbinned
k79_84825	unbinned
k79_84853	unbinned
k79_8491	unbinned
k79_84962	unbinned
k79_84966	unbinned
k79_84974	unbinned
k79_84979	unbinned
k79_84982	unbinned
k79_85022	unbinned
k79_85023	unbinned
k79_85028	unbinned
k79_85041	unbinned
k79_85088	unbinned
k79_85099	unbinned
k79_85107	unbinned
k79_85108	unbinned
k79_85123	unbinned
k79_8513	unbinned
k79_8513	unbinned
k79_85168	unbinned
k79_85188	unbinned
k79_85194	unbinned
k79_85212	unbinned
k79_85214	unbinned
k79_85219	unbinned
k79_85231	unbinned
k79_85237	unbinned
k79_85256	unbinned
k79_85270	unbinned
k79_85274	unbinned
k79_85285	unbinned
k79_85300	unbinned
k79_85317	unbinned
k79_85324	unbinned
k79_85345	unbinned
k79_85407	unbinned
k79_85518	unbinned
k79_8553	unbinned
k79_85569	unbinned
k79_85570	unbinned
k79_85580	unbinned
k79_85641	unbinned
k79_857	unbinned
k79_85708	unbinned
k79_85714	unbinned
k79_85717	unbinned
k79_85752	unbinned
k79_85791	unbinned
k79_85791	unbinned
k79_85879	unbinned
k79_85906	unbinned
k79_85906	unbinned
k79_85916	unbinned
k79_85948	unbinned
k79_86042	unbinned
k79_86042	unbinned
k79_86068	unbinned
k79_86117	unbinned
k79_86129	unbinned
k79_86130	unbinned
k79_86141	unbinned
k79_86172	unbinned
k79_86206	unbinned
k79_86232	unbinned
k79_86258	unbinned
k79_86270	unbinned
k79_86270	unbinned
k79_86290	unbinned
k79_86290	unbinned
k79_86346	unbinned
k79_86363	unbinned
k79_86393	unbinned
k79_86397	unbinned
k79_86401	unbinned
k79_86407	unbinned
k79_86428	unbinned
k79_86448	unbinned
k79_86481	unbinned
k79_86491	unbinned
k79_86492	unbinned
k79_86501	unbinned
k79_8651	unbinned
k79_8651	unbinned
k79_86529	unbinned
k79_86529	unbinned
k79_86529	unbinned
k79_86591	unbinned
k79_86591	unbinned
k79_86651	unbinned
k79_86668	unbinned
k79_86676	unbinned
k79_86681	unbinned
k79_86681	unbinned
k79_86682	unbinned
k79_86686	unbinned
k79_86716	unbinned
k79_86719	unbinned
k79_86719	unbinned
k79_86735	unbinned
k79_86735	unbinned
k79_86789	unbinned
k79_86789	unbinned
k79_8680	unbinned
k79_86822	unbinned
k79_86830	unbinned
k79_86840	unbinned
k79_86840	unbinned
k79_86890	unbinned
k79_8690	unbinned
k79_86911	unbinned
k79_86950	unbinned
k79_8697	unbinned
k79_86982	unbinned
k79_86989	unbinned
k79_87004	unbinned
k79_87004	unbinned
k79_87020	unbinned
k79_87020	unbinned
k79_87027	unbinned
k79_87036	unbinned
k79_87046	unbinned
k79_87053	unbinned
k79_87053	unbinned
k79_87188	unbinned
k79_87218	unbinned
k79_87267	unbinned
k79_87313	unbinned
k79_87351	unbinned
k79_87374	unbinned
k79_87380	unbinned
k79_87467	unbinned
k79_875	unbinned
k79_87500	unbinned
k79_87500	unbinned
k79_87503	unbinned
k79_87537	unbinned
k79_87549	unbinned
k79_87569	unbinned
k79_87607	unbinned
k79_87617	unbinned
k79_87625	unbinned
k79_87632	unbinned
k79_87710	unbinned
k79_87727	unbinned
k79_87757	unbinned
k79_8776	unbinned
k79_87804	unbinned
k79_87806	unbinned
k79_87852	unbinned
k79_87852	unbinned
k79_87867	unbinned
k79_87886	unbinned
k79_87909	unbinned
k79_88002	unbinned
k79_88029	unbinned
k79_88038	unbinned
k79_88043	unbinned
k79_88048	unbinned
k79_88048	unbinned
k79_88110	unbinned
k79_88124	unbinned
k79_88134	unbinned
k79_88135	unbinned
k79_8814	unbinned
k79_8814	unbinned
k79_88299	unbinned
k79_88308	unbinned
k79_88315	unbinned
k79_88330	unbinned
k79_88384	unbinned
k79_88395	unbinned
k79_88404	unbinned
k79_88404	unbinned
k79_88438	unbinned
k79_88458	unbinned
k79_8847	unbinned
k79_88478	unbinned
k79_88478	unbinned
k79_8850	unbinned
k79_88536	unbinned
k79_88537	unbinned
k79_88554	unbinned
k79_88564	unbinned
k79_88576	unbinned
k79_88587	unbinned
k79_88587	unbinned
k79_88639	unbinned
k79_88639	unbinned
k79_8864	unbinned
k79_88679	unbinned
k79_88680	unbinned
k79_88700	unbinned
k79_88732	unbinned
k79_8878	unbinned
k79_88782	unbinned
k79_88786	unbinned
k79_88786	unbinned
k79_88795	unbinned
k79_88795	unbinned
k79_88831	unbinned
k79_88835	unbinned
k79_88873	unbinned
k79_88873	unbinned
k79_8888	unbinned
k79_88881	unbinned
k79_88882	unbinned
k79_88924	unbinned
k79_88925	unbinned
k79_88925	unbinned
k79_8893	unbinned
k79_88937	unbinned
k79_88946	unbinned
k79_88955	unbinned
k79_8899	unbinned
k79_8899	unbinned
k79_89004	unbinned
k79_89023	unbinned
k79_89023	unbinned
k79_89068	unbinned
k79_89069	unbinned
k79_89070	unbinned
k79_89078	unbinned
k79_89119	unbinned
k79_89133	unbinned
k79_89133	unbinned
k79_89142	unbinned
k79_89160	unbinned
k79_89169	unbinned
k79_89203	unbinned
k79_89203	unbinned
k79_89233	unbinned
k79_89252	unbinned
k79_89313	unbinned
k79_89332	unbinned
k79_89370	unbinned
k79_89370	unbinned
k79_89405	unbinned
k79_89427	unbinned
k79_8949	unbinned
k79_89527	unbinned
k79_89527	unbinned
k79_89537	unbinned
k79_89598	unbinned
k79_89603	unbinned
k79_89603	unbinned
k79_89643	unbinned
k79_89649	unbinned
k79_897	unbinned
k79_89702	unbinned
k79_89723	unbinned
k79_89821	unbinned
k79_89860	unbinned
k79_89874	unbinned
k79_89880	unbinned
k79_89883	unbinned
k79_89930	unbinned
k79_89935	unbinned
k79_89935	unbinned
k79_89979	unbinned
k79_8999	unbinned
k79_90042	unbinned
k79_90051	unbinned
k79_90071	unbinned
k79_90071	unbinned
k79_90114	unbinned
k79_90114	unbinned
k79_90134	unbinned
k79_90137	unbinned
k79_90137	unbinned
k79_90167	unbinned
k79_90177	unbinned
k79_90242	unbinned
k79_90248	unbinned
k79_90254	unbinned
k79_90286	unbinned
k79_90286	unbinned
k79_90292	unbinned
k79_90318	unbinned
k79_90368	unbinned
k79_90413	unbinned
k79_90434	unbinned
k79_90462	unbinned
k79_90508	unbinned
k79_90514	unbinned
k79_9053	unbinned
k79_9055	unbinned
k79_90572	unbinned
k79_90576	unbinned
k79_90589	unbinned
k79_90602	unbinned
k79_90647	unbinned
k79_90647	unbinned
k79_90663	unbinned
k79_90705	unbinned
k79_90755	unbinned
k79_90815	unbinned
k79_90815	unbinned
k79_90843	unbinned
k79_90847	unbinned
k79_90854	unbinned
k79_90865	unbinned
k79_90886	unbinned
k79_90887	unbinned
k79_90921	unbinned
k79_90930	unbinned
k79_90930	unbinned
k79_90941	unbinned
k79_91004	unbinned
k79_91013	unbinned
k79_91028	unbinned
k79_91085	unbinned
k79_91137	unbinned
k79_91170	unbinned
k79_9120	unbinned
k79_91227	unbinned
k79_91258	unbinned
k79_91266	unbinned
k79_91281	unbinned
k79_91281	unbinned
k79_91292	unbinned
k79_91307	unbinned
k79_91310	unbinned
k79_91321	unbinned
k79_91330	unbinned
k79_91330	unbinned
k79_91339	unbinned
k79_91348	unbinned
k79_91351	unbinned
k79_91388	unbinned
k79_91393	unbinned
k79_91422	unbinned
k79_91450	unbinned
k79_91509	unbinned
k79_91523	unbinned
k79_91551	unbinned
k79_91555	unbinned
k79_91610	unbinned
k79_91621	unbinned
k79_91623	unbinned
k79_9166	unbinned
k79_91664	unbinned
k79_91666	unbinned
k79_91683	unbinned
k79_91711	unbinned
k79_91713	unbinned
k79_91713	unbinned
k79_91745	unbinned
k79_91757	unbinned
k79_91760	unbinned
k79_91771	unbinned
k79_91771	unbinned
k79_91788	unbinned
k79_91955	unbinned
k79_91957	unbinned
k79_91957	unbinned
k79_91963	unbinned
k79_91963	unbinned
k79_91974	unbinned
k79_92030	unbinned
k79_92054	unbinned
k79_92077	unbinned
k79_92153	unbinned
k79_92177	unbinned
k79_92190	unbinned
k79_92245	unbinned
k79_92252	unbinned
k79_92253	unbinned
k79_9226	unbinned
k79_92266	unbinned
k79_9229	unbinned
k79_92311	unbinned
k79_92372	unbinned
k79_92372	unbinned
k79_92397	unbinned
k79_92401	unbinned
k79_92461	unbinned
k79_92520	unbinned
k79_92520	unbinned
k79_9253	unbinned
k79_92548	unbinned
k79_92560	unbinned
k79_92602	unbinned
k79_92635	unbinned
k79_92656	unbinned
k79_9266	unbinned
k79_92696	unbinned
k79_92696	unbinned
k79_927	unbinned
k79_92711	unbinned
k79_92738	unbinned
k79_92769	unbinned
k79_92788	unbinned
k79_92791	unbinned
k79_92791	unbinned
k79_92793	unbinned
k79_9280	unbinned
k79_92826	unbinned
k79_92826	unbinned
k79_92842	unbinned
k79_92889	unbinned
k79_92896	unbinned
k79_92960	unbinned
k79_92963	unbinned
k79_93006	unbinned
k79_9304	unbinned
k79_9304	unbinned
k79_93044	unbinned
k79_93048	unbinned
k79_93048	unbinned
k79_93058	unbinned
k79_93063	unbinned
k79_93099	unbinned
k79_93120	unbinned
k79_93123	unbinned
k79_93126	unbinned
k79_93133	unbinned
k79_93137	unbinned
k79_9314	unbinned
k79_9314	unbinned
k79_9315	unbinned
k79_93157	unbinned
k79_93214	unbinned
k79_93262	unbinned
k79_93262	unbinned
k79_9327	unbinned
k79_9327	unbinned
k79_93290	unbinned
k79_933	unbinned
k79_9332	unbinned
k79_93333	unbinned
k79_93344	unbinned
k79_93362	unbinned
k79_93384	unbinned
k79_93423	unbinned
k79_93425	unbinned
k79_93432	unbinned
k79_93444	unbinned
k79_93453	unbinned
k79_93453	unbinned
k79_93456	unbinned
k79_93456	unbinned
k79_93463	unbinned
k79_93469	unbinned
k79_93469	unbinned
k79_9349	unbinned
k79_93551	unbinned
k79_93575	unbinned
k79_93603	unbinned
k79_93637	unbinned
k79_93639	unbinned
k79_93639	unbinned
k79_93646	unbinned
k79_93662	unbinned
k79_93662	unbinned
k79_93698	unbinned
k79_93720	unbinned
k79_93742	unbinned
k79_93769	unbinned
k79_93769	unbinned
k79_93782	unbinned
k79_93794	unbinned
k79_93805	unbinned
k79_9384	unbinned
k79_9384	unbinned
k79_93892	unbinned
k79_9391	unbinned
k79_9391	unbinned
k79_93917	unbinned
k79_93942	unbinned
k79_93971	unbinned
k79_93989	unbinned
k79_94004	unbinned
k79_94004	unbinned
k79_94006	unbinned
k79_94108	unbinned
k79_94112	unbinned
k79_94134	unbinned
k79_94228	unbinned
k79_94313	unbinned
k79_94317	unbinned
k79_94335	unbinned
k79_94341	unbinned
k79_94342	unbinned
k79_94376	unbinned
k79_94379	unbinned
k79_94394	unbinned
k79_94394	unbinned
k79_94400	unbinned
k79_94453	unbinned
k79_9451	unbinned
k79_9451	unbinned
k79_94539	unbinned
k79_94541	unbinned
k79_94543	unbinned
k79_94550	unbinned
k79_94559	unbinned
k79_94559	unbinned
k79_9458	unbinned
k79_94627	unbinned
k79_9463	unbinned
k79_94669	unbinned
k79_94679	unbinned
k79_94695	unbinned
k79_94695	unbinned
k79_94735	unbinned
k79_94735	unbinned
k79_94742	unbinned
k79_94792	unbinned
k79_94792	unbinned
k79_94819	unbinned
k79_94856	unbinned
k79_94861	unbinned
k79_94868	unbinned
k79_94879	unbinned
k79_94880	unbinned
k79_94880	unbinned
k79_94889	unbinned
k79_94954	unbinned
k79_94961	unbinned
k79_94997	unbinned
k79_95010	unbinned
k79_95033	unbinned
k79_95084	unbinned
k79_95093	unbinned
k79_95120	unbinned
k79_95154	unbinned
k79_95178	unbinned
k79_95187	unbinned
k79_95194	unbinned
k79_95201	unbinned
k79_95209	unbinned
k79_95227	unbinned
k79_95234	unbinned
k79_95240	unbinned
k79_95243	unbinned
k79_95255	unbinned
k79_95346	unbinned
k79_95350	unbinned
k79_95364	unbinned
k79_95366	unbinned
k79_95376	unbinned
k79_95376	unbinned
k79_95398	unbinned
k79_95421	unbinned
k79_95450	unbinned
k79_95455	unbinned
k79_95464	unbinned
k79_95522	unbinned
k79_95524	unbinned
k79_95564	unbinned
k79_95571	unbinned
k79_9559	unbinned
k79_95631	unbinned
k79_95734	unbinned
k79_95734	unbinned
k79_95748	unbinned
k79_95825	unbinned
k79_95841	unbinned
k79_95861	unbinned
k79_95935	unbinned
k79_95979	unbinned
k79_95979	unbinned
k79_96008	unbinned
k79_96016	unbinned
k79_96033	unbinned
k79_96033	unbinned
k79_96063	unbinned
k79_96092	unbinned
k79_96092	unbinned
k79_96128	unbinned
k79_96128	unbinned
k79_96131	unbinned
k79_96144	unbinned
k79_96154	unbinned
k79_96226	unbinned
k79_96226	unbinned
k79_96237	unbinned
k79_96237	unbinned
k79_96239	unbinned
k79_96239	unbinned
k79_96241	unbinned
k79_96241	unbinned
k79_96257	unbinned
k79_96272	unbinned
k79_96339	unbinned
k79_96369	unbinned
k79_96391	unbinned
k79_96394	unbinned
k79_96400	unbinned
k79_9649	unbinned
k79_9663	unbinned
k79_9664	unbinned
k79_97	unbinned
k79_97	unbinned
k79_9735	unbinned
k79_9753	unbinned
k79_9759	unbinned
k79_9803	unbinned
k79_9832	unbinned
k79_9833	unbinned
k79_986	unbinned
k79_986	unbinned
k79_9882	unbinned
k79_9882	unbinned
k79_9907	unbinned
k79_9907	unbinned
k79_9970	unbinned
k79_9970	unbinned
k79_9987	unbinned
