contigs	predictions	scores
k79_22988	2;1239;186801;186802;31979;1485;1492	1.0;1.0;1.0;1.0;1.0;1.0;1.0
k79_32186	2;1239;186801;3085636;186803;3342669;45851	1.0;1.0;0.99999;0.99999;0.99999;0.99999;0.99999
k79_13805	2;1239;186801;186802;216572;1263;2564099	1.0;1.0;1.0;1.0;1.0;1.0;1.0
k79_23001	2;1239;91061;1385;186817;182709;2954748	1.0;1.0;1.0;1.0;0.99999;0.99999;0.99999
k79_9212	2;1239;186801;186802;31979;1485;1491;498214	0.99727;0.99043;0.96455;0.9603;0.95986;0.95981;0.5134;0.5134
k79_32197	2;976;200643;171549;815;816;371601;657309	1.0;1.0;1.0;1.0;1.0;1.0;1.0;1.0
k79_30	2;201174;1760;85004;31953;1678;216816;1682	1.0;0.99999;0.99999;0.99999;0.99999;0.99999;0.99999;0.99999
k79_32210	2;976;200643;171549;815;909656;821	1.0;0.9996;0.9996;0.9996;0.99958;0.64969;0.64966
k79_9219	2;1239;186801;3085636;186803;3342669;45851	1.0;1.0;1.0;1.0;1.0;1.0;1.0
k79_45	2;1239;186801;3085636;186803;841;301301	1.0;1.0;1.0;0.99991;0.99991;0.99987;0.99987
k79_18430	2;1239;186801;186802;216572;1263;2564099	1.0;1.0;1.0;1.0;1.0;1.0;1.0
k79_9232	131567	0.99987
k79_54	2;1239;186801;3085636;186803;3342669;45851	1.0;1.0;1.0;1.0;1.0;1.0;1.0
k79_13814	2;1239;186801;186802;3047432;3047433;2086585	1.0;0.99999;0.98598;0.9827;0.94814;0.94814;0.94814
k79_4623	2;1239;186801;186802;31979;1485;97138	1.0;0.99816;0.99794;0.99756;0.99722;0.99722;0.94785
k79_13828	2;1239;186801;186802;216572;216851;853;657322	1.0;1.0;1.0;1.0;1.0;0.99999;0.99999;0.99999
k79_32227	2;1239;186801;3085636;186803;3342669;45851	1.0;1.0;1.0;1.0;1.0;1.0;1.0
k79_4641	2;1239;91061;186826;33958;2767887;1624	1.0;0.98217;0.57861;0.55685;0.54165;0.54165;0.54165
k79_13834	2;1239;91061;1385;186817;1386;1428	1.0;1.0;0.99998;0.99998;0.99998;0.99997;0.99997
k79_4645	2;1239;186801;3085636;186803;2569097;39488	0.99999;0.99999;0.99999;0.99999;0.99999;0.99998;0.99998
k79_9269	2;976;200643;171549;815;816;820;997890	1.0;1.0;1.0;1.0;1.0;1.0;1.0;1.0
k79_18446	2;1239;186801;3085636;186803;3342669;45851	1.0;1.0;1.0;1.0;1.0;1.0;1.0
k79_4646	2759;7711;40674;9443;9604;9605;9606	0.57083;0.57083;0.57083;0.57083;0.57083;0.57083;0.57083
k79_32244	2;1239;186801;186802;216572;1263;2564099	1.0;1.0;1.0;1.0;1.0;1.0;1.0
k79_4659	2;1239;186801;186802;216572;1263;2564099	0.99999;0.80512;0.75537;0.74999;0.74996;0.74904;0.74904
k79_4661	2;1239;186801;186802;216572;1263;2564099	1.0;1.0;1.0;1.0;1.0;1.0;1.0
k79_27633	2;976;200643;171549;815;909656;821	0.9455;0.56913;0.56905;0.56905;0.56894;0.56894;0.56894
k79_32257	2;1239;91061;1385;186817;2675232;1193713	1.0;1.0;1.0;1.0;0.99999;0.99999;0.99999
k79_9297	2;1239;186801;3085636;186803;2316020;33039;657313	1.0;1.0;1.0;1.0;1.0;0.99998;0.99998;0.99998
k79_32258	2;1239;186801;186802;31979;1485;238834	0.99996;0.99996;0.99983;0.99983;0.99983;0.99983;0.99983
k79_108	2;1239;186801;3082720;186804;1505652;36841;1121315	1.0;0.82296;0.82288;0.81199;0.81199;0.78507;0.78507;0.78507
k79_4673	2;1239;186801;186802;216572;1263;2564099	1.0;1.0;1.0;1.0;1.0;1.0;1.0
k79_13835	2;976;200643;171549;815;816;817;457424	1.0;0.99988;0.99988;0.99988;0.99988;0.99988;0.99988;0.99988
k79_27650	2;1239;186801;3085636;186803;2569097;39488	1.0;0.99998;0.99996;0.99973;0.99973;0.9778;0.9778
k79_4677	2759;7711;40674;9443;9604;9605;9606	0.59437;0.59437;0.59437;0.59437;0.59437;0.59437;0.59437
k79_27655	2;976;200643;171549;815;909656;821	1.0;1.0;1.0;1.0;1.0;0.99983;0.99983
k79_13843	2759;7711;40674;9443;9604;9605;9606	0.98594;0.98594;0.98594;0.98594;0.98594;0.98594;0.98594
k79_23054	2759;7711;40674;9443;9604;9605;9606	0.98113;0.98113;0.98113;0.98113;0.98113;0.98113;0.98113
k79_32275	2;976;200643;171549;815;909656;376805;667015	1.0;0.99997;0.99997;0.99997;0.99997;0.99997;0.99997;0.99997
k79_4688	2;976;200643;171549;815;816;818	1.0;0.99996;0.99995;0.99995;0.99995;0.99995;0.9993
k79_18456	2;1239;186801;3085636;186803;207244;649756;649757	0.99992;0.99982;0.99966;0.99844;0.99844;0.99839;0.99839;0.99839
k79_9318	2;1239;186801;3085636;186803;207244;649756;649757	1.0;1.0;1.0;1.0;1.0;1.0;1.0;1.0
k79_117	2;1239;91061;1385;186817;2837506;2499688	0.99982;0.99935;0.79949;0.79939;0.79939;0.79545;0.79077
k79_32280	2;1783272	0.99892;0.82208
k79_18457	2;1239;186801;3085636;186803;2569097;39488	1.0;0.99985;0.99981;0.99981;0.99981;0.99927;0.99927
k79_118	2;1239;91061;186826;81852;2737;218144	1.0;1.0;1.0;1.0;1.0;1.0;1.0
k79_23058	2;1239;186801;186802;216572;1263;2564099	1.0;1.0;1.0;1.0;1.0;1.0;1.0
k79_32281	2;1239;186801;3085636;186803;3342669;45851	1.0;1.0;1.0;1.0;1.0;1.0;1.0
k79_9328	2;1239;186801;186802;31979;1485	0.99999;0.89962;0.85391;0.79947;0.52036;0.52036
k79_4696	2759;7711;40674;9443;9604;9605;9606	0.9998;0.9998;0.9998;0.9998;0.9998;0.9998;0.9998
k79_123	131567	0.99991
k79_18472	2;1239;186801;3085636;186803;207244;649756;649757	1.0;1.0;1.0;1.0;1.0;1.0;1.0;1.0
k79_18475	2;1239;186801;186802;216572;1263;2564099	1.0;1.0;1.0;1.0;1.0;1.0;1.0
k79_4709	2;1239;186801;3085636;186803;2316020;33038	1.0;0.60836;0.60624;0.59892;0.59892;0.59699;0.59699
k79_13867	2759;7711;40674;9443;9604;9605;9606	0.99982;0.99982;0.99982;0.99982;0.99982;0.99982;0.99982
k79_32307	2;1239;186801;186802;216572;1263;2564099	1.0;1.0;1.0;1.0;1.0;1.0;1.0
k79_143	2;1239;186801;3085636;186803;3342669;45851	1.0;1.0;1.0;1.0;1.0;1.0;1.0
k79_4726	2;976;200643;171549;815;816;820;997890	1.0;1.0;1.0;1.0;1.0;1.0;1.0;1.0
k79_23065	2;1239;186801;3085636;186803;3342669;45851	1.0;1.0;1.0;1.0;1.0;1.0;1.0
k79_32309	2;1239;186801;3085636;186803;3342669;45851	1.0;1.0;1.0;1.0;1.0;1.0;1.0
k79_18507	2;1239;91061;186826;33958;2767881;1614	1.0;0.99999;0.99539;0.99538;0.99538;0.99538;0.99538
k79_9384	2;1239;186801;186802;216572;216851;2929491	1.0;1.0;1.0;1.0;0.99999;0.99999;0.99999
k79_27702	2;74201;203494;48461;1647988;239934;239935	1.0;0.99883;0.99883;0.99883;0.99883;0.99883;0.99883
k79_32341	2;1239;186801;186802;216572;1263;2564099	1.0;1.0;1.0;0.99997;0.99997;0.99997;0.99997
k79_23084	2;1239;186801;3085636;186803;3342669;45851	1.0;1.0;1.0;1.0;1.0;1.0;1.0
k79_18517	2;1239;186801;3085636;186803;3342669;45851	1.0;1.0;1.0;1.0;1.0;1.0;1.0
k79_9410	2;1239;186801;3085636;186803;1843210;1727145	1.0;0.81387;0.81381;0.81364;0.81364;0.81364;0.81364
k79_176	2;1224;1236;2887326;468;469;470	1.0;0.8942;0.8942;0.8942;0.8942;0.8942;0.8942
k79_23085	2;1239;186801;186802;216572;1263;2564099	1.0;1.0;1.0;1.0;1.0;1.0;1.0
k79_18520	2;1239;186801;3085636;186803;189330;39486	1.0;1.0;1.0;1.0;1.0;1.0;1.0
k79_23088	2;1239;186801;186802;216572;1263;2564099	1.0;1.0;0.99999;0.99999;0.99999;0.99999;0.99999
k79_13878	2;1239;186801;3085636;186803;3342669;45851	1.0;1.0;1.0;1.0;1.0;1.0;1.0
k79_4766	2;1224;1236;91347;1903414;586;587	1.0;0.99999;0.99999;0.99999;0.99999;0.99999;0.99999
k79_13883	2;1239;91061;1385;186818;1372;1499687	1.0;0.99999;0.99999;0.99999;0.99999;0.99999;0.99999
k79_4770	2759;7711;40674;9443;9604;9605;9606	0.98417;0.98417;0.98417;0.98417;0.98417;0.98417;0.98417
k79_13884	2;1239;186801;3085636;186803;3342669;45851	1.0;1.0;1.0;1.0;1.0;1.0;1.0
k79_32358	2;1239;186801;186802;216572;2591381;2093857	1.0;0.9981;0.9981;0.9981;0.9981;0.99809;0.99809
k79_27719	2;976;200643;171549;815;816;818	1.0;0.99813;0.99813;0.99813;0.99813;0.99803;0.9168
k79_23090	2;976;200643;171549;815;816;820;997890	1.0;1.0;1.0;1.0;1.0;1.0;1.0;1.0
k79_27726	2;976;200643;171549;815;816;820;997890	0.99999;0.99997;0.99996;0.99996;0.99989;0.99988;0.99988;0.99988
k79_13892	2;1239;186801;3085636;186803;3342669;45851	1.0;1.0;1.0;1.0;1.0;1.0;1.0
k79_27727	2;1239;186801;3085656;3085657;2039302;1981510	1.0;0.87242;0.86682;0.74142;0.74142;0.74142;0.74142
k79_32364	2;1239;186801;3085636;186803;3342669;45851	1.0;1.0;1.0;1.0;1.0;1.0;1.0
k79_18541	2;1239;186801;186802;31979;1485;1519	1.0;0.99994;0.99156;0.99156;0.99156;0.99155;0.99075
k79_13907	2;976;200643;171549;815;909656;821	1.0;0.99999;0.99999;0.99999;0.99999;0.99999;0.99999
k79_32371	2;1239	0.98698;0.56242
k79_9466	2;1239;186801;186802;216572;1263;2564099	1.0;1.0;1.0;1.0;1.0;1.0;1.0
k79_9467	2;1239;186801;186802;31979;44258;3023090	1.0;1.0;1.0;0.99999;0.99999;0.99998;0.99998
k79_23119	2;1239;186801;3085636;186803;3342669;45851	1.0;1.0;1.0;1.0;1.0;1.0;1.0
k79_13916	2;1239;186801;3085636;186803;189330;88431	1.0;1.0;1.0;1.0;1.0;0.99908;0.99908
k79_32386	2;1239;186801;3085636;186803;207244;649756;649757	1.0;0.99999;0.99998;0.99993;0.99993;0.96552;0.96552;0.96552
k79_13919	2;1239;186801;186802;31979;1485;36845	1.0;0.99917;0.99784;0.9943;0.9943;0.99411;0.89319
k79_23123	2;1239;186801;3082720;186804;1849822;1505	0.99999;0.99948;0.99948;0.99945;0.99945;0.99945;0.99945
k79_23125	2;1224;28216;32003;32011;359407;359408;583345	1.0;0.99999;0.99999;0.99999;0.99999;0.99999;0.99999;0.99999
k79_27733	2;1239;186801;186802;31979;1485;394958	1.0;0.99981;0.96125;0.96068;0.96067;0.96067;0.96016
k79_9485	2;1239;186801;3085636;186803;2569097;39488	0.98556;0.96668;0.94882;0.94783;0.94783;0.91293;0.91293
k79_18579	2;976;200643;171549;171552;838;28129	1.0;0.99951;0.99951;0.99951;0.99951;0.99951;0.99951
k79_23127	2;1239;186801;186802;31979;1485;238834	1.0;1.0;1.0;1.0;1.0;1.0;1.0
k79_23128	2;976;200643;171549;815;816;817;457424	0.99991;0.6174;0.61738;0.61738;0.61738;0.61711;0.56795;0.56795
k79_4816	2;1239;186801;186802;216572;1263;2564099	1.0;1.0;1.0;1.0;1.0;1.0;1.0
k79_13930	2;1239;186801;3085636;186803;3342669;45851	1.0;1.0;1.0;1.0;1.0;1.0;1.0
k79_9503	2;1239;186801;186802;216572;1263;2564099	1.0;1.0;1.0;1.0;1.0;1.0;1.0
k79_234	2;1239;186801;186802;31979;1485;1561	1.0;0.99994;0.99706;0.99705;0.99705;0.99705;0.99684
k79_18594	2;1239;186801;186802;216572;1263;2564099	1.0;1.0;1.0;1.0;1.0;1.0;1.0
k79_237	2;1239;91061;1385;186817;1386;1405	0.99997;0.93102;0.78449;0.78412;0.77455;0.77452;0.77449
k79_18598	2;1239;186801;186802;31979;1485;36845	1.0;1.0;0.99999;0.99998;0.99998;0.99869;0.7606
k79_239	2759;7711;40674;9443;9604;9605;9606	0.99853;0.99853;0.99853;0.99853;0.99853;0.99853;0.99853
k79_18605	2;1239;91061;1385;186822;44249;253703	1.0;1.0;1.0;1.0;1.0;1.0;1.0
k79_9511	2;1239;91061;186826;33958;2767881;1614	1.0;0.9999;0.99985;0.99971;0.99971;0.99971;0.99971
k79_32441	2	0.65344
k79_13951	2;1224;1236;91347;1903414;586;587	0.99999;0.57281;0.57277;0.57267;0.57267;0.57267;0.57267
k79_27780	2;1239;186801;186802;3047432;3047433;2086585	1.0;1.0;1.0;1.0;1.0;1.0;1.0
k79_253	2;1239;186801;186802;31979;1485	0.99967;0.97708;0.51591;0.50251;0.50187;0.50186
k79_32465	2;1239;186801;186802;216572;1263;2564099	1.0;1.0;1.0;1.0;1.0;1.0;1.0
k79_4839	2;1239;186801;186802;216572;216851;411483	1.0;1.0;1.0;1.0;1.0;1.0;1.0
k79_18621	2;976;200643;171549;815;816;818	1.0;1.0;1.0;1.0;1.0;1.0;1.0
k79_32467	2;1239;186801;3085636;186803;189330;88431	1.0;1.0;1.0;1.0;1.0;0.99992;0.99992
k79_9534	2;1239;186801;186802;31979;1485;1155388	1.0;1.0;0.99985;0.99982;0.99982;0.99981;0.99976
k79_4846	2;1239;186801;186802;31979;1485;238834	1.0;0.99997;0.99995;0.99995;0.99995;0.99995;0.99995
k79_23158	2;976;200643;171549;815;816;820;997890	1.0;1.0;1.0;1.0;1.0;0.99999;0.99999;0.99999
k79_32468	2;1239;186801;186802;216572;459786;2109687	1.0;1.0;0.99997;0.99765;0.99749;0.99051;0.98895
k79_9549	2;1239;91061;186826;33958;2767881;1614	1.0;1.0;1.0;1.0;1.0;1.0;1.0
k79_13989	2;1239;186801;186802;216572;1263;2564099	1.0;1.0;1.0;1.0;1.0;1.0;1.0
k79_4857	2759;7711;40674;9443;9604;9605;9606	0.99998;0.99998;0.99998;0.99998;0.99998;0.99998;0.99998
k79_27782	2;1239;186801;3085636;186803;3342669;45851	1.0;1.0;1.0;1.0;1.0;1.0;1.0
k79_18632	2;1239;186801;3085636;186803;207244;649756;649757	1.0;1.0;1.0;0.99999;0.99999;0.99996;0.99996;0.99996
k79_23173	2;1239;186801;3085636;186803;2719313;1531	1.0;1.0;1.0;0.99999;0.99999;0.99999;0.99999
k79_18643	2;1239;186801;3085636;186803;1766253;39491;657318	1.0;1.0;1.0;1.0;1.0;0.99996;0.99996;0.99995
k79_14010	2;29547;3031852;213849;72293;209;76936	0.99997;0.99979;0.99979;0.99979;0.99979;0.99979;0.99979
k79_32496	2;1239	1.0;0.64181
k79_23188	2;976;200643;171549;815;909656;821	1.0;0.99622;0.99622;0.99622;0.99185;0.99174;0.99174
k79_4870	2;1239;186801;186802;216572;1263;2564099	1.0;1.0;1.0;1.0;1.0;1.0;1.0
k79_272	2;1239;186801;3085636;186803;3342669;45851	1.0;1.0;1.0;1.0;1.0;1.0;1.0
k79_27817	131567	0.99556
k79_18663	2;976;117743;200644;49546;52959;1775173	1.0;1.0;1.0;1.0;1.0;1.0;1.0
k79_9552	2;1239;186801;186802;31979;1485;1491;498214	1.0;0.99999;0.99006;0.99004;0.99003;0.99002;0.97984;0.97984
k79_14017	2;1239;186801;3085636;186803;3342669;45851	1.0;1.0;1.0;1.0;1.0;1.0;1.0
k79_279	2;1239;186801;3085636;186803;1766253;39491;657317	1.0;1.0;1.0;1.0;1.0;0.99966;0.99966;0.99966
k79_32532	2;1239;186801;186802;31979;1485;36845	0.99985;0.95444;0.95433;0.9543;0.9542;0.95393;0.92108
k79_9556	2;976;200643;171549;815;816;817;457424	0.99999;0.99998;0.99998;0.99998;0.99998;0.99998;0.99997;0.99997
k79_281	2;1239;186801;3085636;186803;3342669;45851	1.0;1.0;1.0;1.0;1.0;0.99999;0.99999
k79_32537	2;1239;186801;3085636;186803;3342669;45851	1.0;1.0;1.0;1.0;1.0;0.99999;0.99999
k79_9559	2;1239;186801;3085636;186803;841;1261634	1.0;1.0;1.0;1.0;1.0;1.0;1.0
k79_27834	2	1.0
k79_18678	2;1239;186801;3085636;186803;3342669;45851	1.0;1.0;1.0;1.0;1.0;1.0;1.0
k79_290	2;1239;186801;186802;31979;1485;1502	0.99999;0.99985;0.99949;0.99948;0.99948;0.99948;0.9989
k79_32552	2;1239;186801;3085636;186803;2569097;39488	1.0;1.0;1.0;1.0;1.0;1.0;1.0
k79_14020	2;1239;186801;3085636;186803;2569097;39488	1.0;1.0;0.99999;0.99999;0.99999;0.99972;0.99972
k79_9576	2;976;200643;171549;2005525;375288;823;435591	1.0;0.99999;0.99999;0.99999;0.99999;0.99999;0.99999;0.99999
k79_14021	2;1239;526524;526525;2810280;2678885;1982626	1.0;0.99998;0.99998;0.99998;0.99998;0.99998;0.99998
k79_18688	2;1224;1236;118969;444;445;446;91890	0.9986;0.85697;0.85629;0.85324;0.85324;0.85324;0.85324;0.85324
k79_27849	2759;7711;40674;9443;9604;9605;9606	0.99998;0.99998;0.99998;0.99998;0.99998;0.99998;0.99998
k79_9585	2;976;200643;171549;2005525;375288;823;435591	0.99999;0.6234;0.62316;0.62316;0.57479;0.57479;0.57479;0.57479
k79_18696	2;1239;909932;1843489;31977;39948;2161821	1.0;0.98804;0.81646;0.81646;0.81646;0.81646;0.81642
k79_23250	2;976;117743;200644;49546	0.99168;0.61478;0.6044;0.6044;0.60439
k79_32560	2;1239;186801;3085636;186803;3342669;45851	1.0;1.0;1.0;0.99999;0.99999;0.99999;0.99999
k79_27851	2;1239;186801;3085636;186803;841;301301	1.0;1.0;1.0;0.99995;0.99995;0.99995;0.99995
k79_23256	2;976;200643;171549;815;909656;821	1.0;1.0;1.0;1.0;0.99999;0.99984;0.99984
k79_14025	2;976;200643;171549;815;816;820;997890	0.97879;0.80798;0.80785;0.80785;0.55564;0.52468;0.51647;0.51647
k79_23258	2;976;200643;171549;815;816;820;997890	0.99921;0.54896;0.54763;0.54005;0.53957;0.53939;0.53935;0.53935
k79_9610	2;1239;91061;1385;186817;1386;155322	1.0;0.99998;0.99993;0.99993;0.99993;0.99993;0.99993
k79_14035	2;976;200643;171549;815;816;820;997890	1.0;0.78689;0.78688;0.78688;0.78597;0.7859;0.78586;0.78586
k79_23269	2;1239;186801;3085636;186803;841;301301	1.0;1.0;1.0;0.99999;0.99999;0.99999;0.99999
k79_4924	2759;7711;40674;9443;9604;9605;9606	1.0;1.0;1.0;1.0;1.0;1.0;1.0
k79_342	2;1224;28211;204441;2829815;191;2202148	1.0;0.91818;0.91818;0.91818;0.91818;0.91818;0.91818
k79_27869	2;1239;186801;3085636;186803;3342669;45851	1.0;1.0;1.0;1.0;1.0;1.0;1.0
k79_9621	2;976;200643;171549;171550;239759;1288121	1.0;0.99686;0.99685;0.99685;0.99315;0.99315;0.99242
k79_23270	2;1239;186801;186802;216572;244127;169435	1.0;1.0;1.0;0.99948;0.99948;0.99948;0.99948
k79_18727	2;1239;186801;186802;216572;1263;2564099	1.0;1.0;1.0;1.0;1.0;1.0;1.0
k79_347	2;976;117743;200644;49546;237;1492737	1.0;0.99999;0.99999;0.99999;0.99999;0.99999;0.99999
k79_18733	2759;7711;40674;9443;9604;9605;9606	0.99992;0.99992;0.99992;0.99992;0.99992;0.99992;0.99992
k79_32591	2;976;200643;171549;815;816;820;997890	0.99998;0.99943;0.99936;0.99936;0.98143;0.98143;0.98131;0.98131
k79_358	2;1239;186801;186802;216572;35829;288965;720554	1.0;0.99887;0.99852;0.99846;0.97824;0.97824;0.97824;0.97824
k79_9628	2;1239;186801;186802;216572;1263;2564099	1.0;1.0;1.0;1.0;1.0;1.0;1.0
k79_14038	2;976;200643;171549;815;816;820;997890	0.98766;0.98343;0.98327;0.98327;0.9827;0.9827;0.9824;0.9824
k79_364	2;1239;186801;3082720;543314;2060094;2507160	1.0;1.0;1.0;1.0;1.0;1.0;1.0
k79_23301	2;1239;186801;3085636;186803;572511;89014	1.0;0.99999;0.99999;0.99956;0.99956;0.99945;0.99883
k79_9631	2;1239;186801;3085636;186803;841;1261634	1.0;1.0;1.0;1.0;1.0;0.99995;0.99995
k79_18737	2;976;200643;171549;815;909656;821	1.0;1.0;1.0;1.0;1.0;0.99999;0.99999
k79_371	2;976;200643;171549;815;816;371601;657309	1.0;0.96717;0.96716;0.96716;0.82472;0.82471;0.82356;0.82356
k79_27876	2;1239;186801;3085636;186803;2316020;33039;657313	1.0;1.0;0.99999;0.99999;0.99999;0.99996;0.99995;0.99995
k79_4978	2;1239;186801;3082720;543314;1926556;3114296	1.0;1.0;1.0;1.0;1.0;1.0;1.0
k79_23335	2;1239;91061;1385	0.81103;0.80459;0.57141;0.57136
k79_23336	2;1239;186801;186802;216572;1263;2564099	1.0;1.0;1.0;1.0;1.0;1.0;1.0
k79_18742	2;1239;186801;3085636;186803;3342669;45851	1.0;1.0;1.0;1.0;1.0;1.0;1.0
k79_4984	2;1239;186801;186802;216572;1263;2564099	1.0;1.0;1.0;1.0;1.0;1.0;1.0
k79_23341	2;1239;91061;1385;186817;2675233;152268	1.0;1.0;1.0;1.0;1.0;1.0;1.0
k79_18748	2;1239;91061	0.99986;0.86823;0.50957
k79_9647	2;976;200643;171549;815;816;820;997890	1.0;0.99999;0.99999;0.99999;0.99999;0.99999;0.93001;0.93001
k79_32620	2;1239;91061;1385;186817;1386;1405	0.99997;0.99122;0.83668;0.83626;0.83622;0.832;0.83199
k79_400	2;1239;186801;3085636;186803;207244;649756;649757	1.0;1.0;1.0;1.0;1.0;1.0;1.0;1.0
k79_32633	2;1239;186801;3085636;186803;1766253;39491;657317	1.0;1.0;1.0;1.0;1.0;0.99999;0.99999;0.99999
k79_18772	2;1239;186801;186802;216572;1263;2564099	1.0;1.0;1.0;1.0;1.0;1.0;1.0
k79_401	2759;7711;40674;9443;9604;9605;9606	0.75757;0.75757;0.75757;0.75757;0.75757;0.75757;0.75757
k79_9656	2;1239;186801;3085636;186803;3342669;45851	1.0;1.0;1.0;1.0;1.0;1.0;1.0
k79_32644	2;1239;186801;186802;216572;1263;2564099	1.0;1.0;1.0;1.0;1.0;1.0;1.0
k79_23352	2;1239;186801;186802;31979;1155385;3036945	0.99991;0.99949;0.99927;0.89223;0.8025;0.80108;0.80108
k79_14084	2;1239;186801;186802;216572;1263;2564099	1.0;1.0;1.0;1.0;1.0;1.0;1.0
k79_14085	2;1239;186801;186802;31979;1155385;3036945	1.0;0.99999;0.99999;0.99999;0.99987;0.99987;0.99987
k79_23362	2;976;200643;171549;815;816;820;997890	1.0;1.0;1.0;1.0;1.0;1.0;1.0;1.0
k79_18793	2;1239;186801;3085636;186803;3076670;3028070	1.0;1.0;1.0;0.99999;0.99999;0.99996;0.99996
k79_23364	2;1239;91061;186826;1300;1301;1307;423211	1.0;0.99999;0.99995;0.99995;0.99995;0.99995;0.99995;0.99995
k79_9684	2;976;200643;171549;815;816;820;997890	1.0;1.0;1.0;1.0;1.0;0.99998;0.99998;0.99998
k79_414	2;1239;91061;1385;186817;1386;1396;526987	0.99999;0.98576;0.96703;0.96701;0.96701;0.96701;0.96701;0.96701
k79_418	2;29547;3031852;213849;2932623;57665;3094835	1.0;1.0;1.0;1.0;1.0;1.0;1.0
k79_32681	2;1239;186801;3085636;186803;572511;2479767	1.0;1.0;1.0;0.99999;0.99999;0.99999;0.99999
k79_27939	2;1239;186801;3085636;186803;3342669;45851	1.0;1.0;1.0;1.0;1.0;1.0;1.0
k79_32685	2;976;200643;171549;815;909656;387090	1.0;0.99987;0.99987;0.99987;0.99986;0.99935;0.99935
k79_27944	2;1239;186801;3085636;186803;572511;89014	1.0;1.0;1.0;0.99999;0.99999;0.99945;0.99944
k79_23373	2;1239;186801;3085636;186803;189330;88431	1.0;0.99998;0.99998;0.99996;0.99996;0.87645;0.87645
k79_9709	2;1239;91061;1385;186817;2800373;1402861	1.0;0.95936;0.66623;0.66587;0.60908;0.60489;0.60489
k79_14097	2;1239;186801;186802;216572;1263;2564099	1.0;1.0;1.0;1.0;1.0;1.0;1.0
k79_23376	2;1239;186801;3082720;186804;2743582;89152	1.0;1.0;1.0;0.99986;0.99986;0.99986;0.99986
k79_18807	2;1239;186801;3085636;186803;3342669;45851	1.0;1.0;1.0;1.0;1.0;1.0;1.0
k79_14098	2;1239;186801;186802;216572;1263;2564099	1.0;1.0;1.0;1.0;1.0;1.0;1.0
k79_23378	2;1239;186801;3085636;186803;3342669;45851	1.0;1.0;1.0;1.0;1.0;1.0;1.0
k79_5049	2;976;200643;171549;2005525;375288;823;435591	1.0;0.98158;0.98154;0.98154;0.97955;0.97955;0.97955;0.97955
k79_27969	2;1224;1236;72274;135621;286;47884	1.0;0.99994;0.99994;0.99994;0.99994;0.99994;0.99994
k79_5070	2;1224;28211;766;942;943;945	0.99988;0.89651;0.89636;0.89575;0.89575;0.89575;0.89575
k79_18842	2;1239;186801;186802;216572;1263;2564099	1.0;1.0;1.0;1.0;1.0;1.0;1.0
k79_5072	2;1239;186801;186802;31979;1485;1509	0.8458;0.83625;0.83552;0.83552;0.83551;0.83549;0.83519
k79_23394	131567	0.99997
k79_9755	2;1239;91061;1385;186817;2675233;3117747	0.99995;0.99693;0.98458;0.98457;0.98457;0.98453;0.98453
k79_27980	2759;7711;40674;9443;9604;9605;9606	0.99994;0.99994;0.99994;0.99994;0.99994;0.99994;0.99994
k79_23398	2;976;200643;171549;815;816;820;997890	1.0;1.0;1.0;1.0;1.0;1.0;0.99447;0.99447
k79_27981	2;1239;186801;3085636;186803;207244;649756;649757	1.0;1.0;1.0;1.0;1.0;1.0;1.0;1.0
k79_5092	2;1239;186801;3085636;186803;3342669;45851	1.0;1.0;1.0;1.0;1.0;1.0;1.0
k79_18874	2;201174;1760;85004;31953;1678;216816;1682	1.0;0.99997;0.99997;0.99997;0.99997;0.99997;0.99997;0.99997
k79_23418	2;1239;186801;3085636;186803;207244;649756;649757	1.0;1.0;1.0;1.0;1.0;1.0;1.0;1.0
k79_5106	2;976;200643;171549;815;816;674529	1.0;1.0;1.0;1.0;1.0;1.0;1.0
k79_18875	2;976;200643;171549;815;816;2528203	1.0;0.99997;0.99997;0.99997;0.99997;0.99995;0.99032
k79_9791	2;1239;186801;3085636;186803;3342669;45851	1.0;0.99968;0.99968;0.99968;0.99968;0.63274;0.63274
k79_18881	2;1239;186801;3085636;186803;2569097;39488	1.0;1.0;1.0;1.0;1.0;0.99966;0.99966
k79_27992	2;976;200643;171549;815;816;820;997890	1.0;1.0;1.0;1.0;1.0;1.0;1.0;1.0
k79_32749	2;976;117743;200644;49546;237;96345	1.0;1.0;1.0;1.0;1.0;1.0;1.0
k79_27994	2;1239;186801;186802;216572;1263;2564099	1.0;1.0;1.0;1.0;1.0;1.0;1.0
k79_5121	2759;7711;40674;9443;9604;9605;9606	0.95072;0.95072;0.95072;0.95072;0.95072;0.95072;0.95072
k79_9795	2;1239;186801;3085636;186803;572511;1912897	1.0;0.99999;0.99999;0.99999;0.99999;0.99999;0.99999
k79_5123	2;976;200643;171549;815;816;820;997890	1.0;1.0;1.0;1.0;1.0;1.0;1.0;1.0
k79_5125	2;1239;186801;3085636;186803;3342669;45851	1.0;1.0;1.0;1.0;1.0;1.0;1.0
k79_32750	2;1239;186801;186802;216572;1263;2564099	1.0;1.0;1.0;1.0;1.0;1.0;1.0
k79_18898	2;976;200643;171549;2005520;307628;2023866	1.0;0.99981;0.99981;0.99981;0.9998;0.9998;0.9998
k79_23436	2;976;200643;171549;171552;838;28132	1.0;1.0;1.0;1.0;1.0;1.0;1.0
k79_463	2;1239;186801;3085636;186803;3342669;45851	1.0;1.0;1.0;1.0;1.0;1.0;1.0
k79_23438	2;1239;186801;186802;216572;1263;2564099	1.0;1.0;1.0;1.0;1.0;1.0;1.0
k79_28018	2;1239;186801;186802;31979;1485;755731	0.99993;0.95888;0.88776;0.86553;0.86515;0.86394;0.86202
k79_18905	2;1239;186801;186802;216572;1263;2564099	1.0;1.0;1.0;1.0;1.0;1.0;1.0
k79_23441	2;1239;186801;3085636;186803;572511;1796616	1.0;0.99992;0.99992;0.99989;0.99989;0.99989;0.99986
k79_5149	2;1239;186801;3085636;186803;2316020;33038	1.0;0.99996;0.99993;0.99992;0.99992;0.99992;0.99992
k79_28019	2;1239;186801;3085636;186803;3342669;45851	1.0;1.0;1.0;1.0;1.0;1.0;1.0
k79_480	2;976;200643;171549;815;909656;821	1.0;1.0;1.0;1.0;0.99999;0.99176;0.99176
k79_14174	2;1239;186801;3085636;186803;189330;88431	1.0;1.0;1.0;1.0;1.0;0.9966;0.9966
k79_28025	2759;7711;40674;9443;9604;9605;9606	1.0;1.0;1.0;1.0;1.0;1.0;1.0
k79_18933	2;1239;186801;186802;31979;1485;1155388	1.0;1.0;1.0;1.0;1.0;1.0;1.0
k79_18934	2;1239;186801;186802;31979;1485;1519	1.0;1.0;1.0;1.0;1.0;1.0;1.0
k79_23460	2;1224;1236;2887326;468;469;470	1.0;0.99996;0.99996;0.99996;0.99996;0.99996;0.99996
k79_485	131567	0.99944
k79_9815	2;1239;186801;3085636;186803;3342669;45851	1.0;1.0;1.0;1.0;1.0;1.0;1.0
k79_18936	2;1117;3028117;1118;1890464;102231;1173026	1.0;0.99996;0.99996;0.99996;0.99996;0.99996;0.99996
k79_28033	2;1239;186801;186802;31979;1485;2483110	0.99226;0.99224;0.99223;0.99208;0.75246;0.75246;0.75053
k79_9816	2;1239;186801;3085636;186803;3342669;45851	1.0;1.0;1.0;1.0;1.0;1.0;1.0
k79_32769	2;1239;91061;186826;33958;2767877;2923364	1.0;1.0;0.99999;0.99999;0.99999;0.99999;0.99999
k79_32775	2;1239;186801;186802;216572;1263;2564099	1.0;1.0;1.0;1.0;1.0;1.0;1.0
k79_28050	2;976;200643;171549;815;909656;821	1.0;1.0;1.0;1.0;1.0;0.99998;0.99998
k79_5180	2;976;117743;200644;49546;1649495;1936081	0.99999;0.87786;0.87772;0.87772;0.87772;0.87257;0.87257
k79_18954	2;976;200643;171549;815;816;820;997890	1.0;0.99994;0.99989;0.99989;0.9998;0.9998;0.9998;0.9998
k79_5181	2;1239;186801;186802;31979;1485;1502	0.9998;0.99451;0.99167;0.99166;0.99161;0.99161;0.86029
k79_521	2;976;200643;171549;815;816;820;997890	1.0;1.0;1.0;1.0;1.0;1.0;1.0;1.0
k79_9827	2;1239;186801;3085636;186803;3342669;45851	1.0;1.0;1.0;1.0;1.0;1.0;1.0
k79_529	2;1239;186801;3085636;186803;3342669;45851	1.0;0.99995;0.99992;0.99949;0.99949;0.99919;0.99919
k79_5182	2;1239;186801;3085636;186803;3342669;45851	1.0;1.0;1.0;1.0;1.0;1.0;1.0
k79_32799	2;1239;186801;186802;216572;1263;2564099	1.0;1.0;0.99999;0.99999;0.99999;0.99999;0.99999
k79_5183	2;1239;186801;3085636;186803;2569097;39488	1.0;1.0;1.0;1.0;1.0;0.99999;0.99999
k79_28071	2;1239;186801;186802;216572;1905344;1550024	1.0;1.0;1.0;0.99998;0.99998;0.99998;0.99998
k79_535	2;32066;203490;203491;1129771;168808;187101	1.0;0.72257;0.72257;0.72257;0.72257;0.72257;0.72257
k79_18961	2;1239;186801;3085636;186803;3342669;45851	1.0;1.0;1.0;1.0;1.0;1.0;1.0
k79_538	2;1239;186801;186802;216572;2892396;2714353	1.0;0.99948;0.99948;0.99938;0.99938;0.99935;0.99935
k79_539	2;976;200643;171549	0.99995;0.6516;0.6511;0.65109
k79_28074	2;1239;186801;3085636;186803;3342669;45851	1.0;1.0;1.0;1.0;1.0;1.0;1.0
k79_564	2;1239;186801;3085636;186803;841;1261634	1.0;1.0;1.0;1.0;1.0;0.99999;0.99999
k79_32824	2;1239;186801;3085636;186803;3342669;45851	1.0;1.0;1.0;1.0;1.0;1.0;1.0
k79_9872	2;1239;186801;3085636;186803;2569097;39488	0.99997;0.99996;0.99996;0.99994;0.99994;0.99884;0.99884
k79_14242	2;1239;186801;3085636;186803;3342669;45851	1.0;1.0;1.0;1.0;1.0;1.0;1.0
k79_28080	2;32066;203490;203491;203492;848	0.99999;0.70702;0.70702;0.70702;0.70701;0.70701
k79_9873	2;1239;186801;186802;216572;1263;2564099	1.0;1.0;1.0;1.0;1.0;1.0;1.0
k79_14243	2;1239;186801;3085636;186803;2569097;39488	0.9985;0.9013;0.90027;0.90025;0.90025;0.89676;0.89676
k79_23505	2;1239;186801;3085636;186803;33042;116085	1.0;0.99939;0.99813;0.99481;0.99481;0.91676;0.91676
k79_18994	2;1239;186801;3082720;186804;1849822;1505	0.99998;0.99998;0.99998;0.99987;0.99987;0.99987;0.99987
k79_23508	2;1239;186801;3085636;186803;830;831	1.0;0.99936;0.99854;0.98177;0.98177;0.98168;0.98168
k79_5198	2;1239;186801;3085636;186803;3342669;45851	1.0;1.0;1.0;1.0;1.0;1.0;1.0
k79_19001	2;1239;186801;3085636;186803;207244;649756;649757	1.0;1.0;1.0;0.99999;0.99999;0.99999;0.99999;0.99999
k79_14250	2;1239;186801;3085636;186803;3342669;45851	1.0;1.0;1.0;1.0;1.0;1.0;1.0
k79_23514	2;1239;186801;186802;216572;216851;411483	1.0;0.99999;0.99976;0.74184;0.74151;0.74072;0.74072
k79_19008	2;1239;186801;186802;31979;1485;1502	1.0;0.99985;0.9998;0.9998;0.99979;0.99979;0.99977
k79_19011	2;1239;186801;3085636;186803;572511;418240;1121115	1.0;0.99978;0.99942;0.95971;0.95971;0.71918;0.71708;0.71708
k79_28089	2;976;768503;768507;89373;107;2710596	1.0;0.99999;0.99999;0.99999;0.99999;0.99999;0.99999
k79_14267	2;1239;186801;3085636;186803;2944198;2763667	1.0;1.0;1.0;1.0;1.0;1.0;1.0
k79_607	2;1239;91061;1385;186817;1386;1396;526987	0.99846;0.98588;0.83381;0.83189;0.82796;0.82451;0.82447;0.82447
k79_14274	2;1239;186801;3085636;186803;572511;2479767	1.0;0.99999;0.99996;0.99991;0.99991;0.99912;0.9991
k79_32843	2;1239;186801;3082720;3118657;390805;1424294	1.0;1.0;1.0;1.0;1.0;1.0;1.0
k79_32846	2;1239;186801;186802;216572;1263;2564099	1.0;1.0;1.0;1.0;1.0;1.0;1.0
k79_9889	2;1239;186801;3085636;186803;3342669;45851	1.0;1.0;1.0;1.0;1.0;1.0;1.0
k79_14290	2;1239;186801;3085636;186803;3342669;45851	1.0;1.0;1.0;1.0;1.0;1.0;1.0
k79_5231	2;1239;186801;186802;216572;216851;853;718252	1.0;0.99955;0.99866;0.95574;0.93827;0.90153;0.89333;0.89113
k79_28119	2;1239;186801;3085636;186803;2569097;39488	1.0;1.0;1.0;1.0;1.0;0.99999;0.99999
k79_626	2;1239;186801;3085636;186803;3342669;45851	1.0;1.0;1.0;1.0;1.0;1.0;1.0
k79_14298	2;1239;186801;3085636;186803;189330;88431	1.0;1.0;1.0;1.0;1.0;0.99873;0.99873
k79_19035	2;976;200643;171549;815;816;818	0.99991;0.99912;0.99891;0.99891;0.99777;0.99724;0.79716
k79_23559	2;1239;186801;3085636;186803;2569097;39488	1.0;1.0;0.99999;0.99999;0.99999;0.99999;0.99999
k79_32857	2;1239;186801;3085636;186803;841;166486;657315	1.0;1.0;1.0;1.0;1.0;1.0;1.0;1.0
k79_5258	2;1239;186801;3085636;186803;1766253;39491;657317	1.0;1.0;1.0;1.0;1.0;0.99997;0.99997;0.99995
k79_651	2;1239;186801;3085636;186803;3342669;45851	1.0;1.0;1.0;1.0;1.0;1.0;1.0
k79_23574	2;1239;186801;3085636;186803;572511;89014	1.0;0.99977;0.99956;0.99955;0.99955;0.99442;0.99442
k79_9966	2759;7711;40674;9443;9604;9605;9606	0.55188;0.55188;0.55188;0.55188;0.55188;0.55188;0.55188
k79_23577	2;1239;91061;186826;186827;2862144;87458	1.0;1.0;0.99997;0.99997;0.99997;0.99997;0.99997
k79_19076	131567	1.0
k79_5269	2;976;200643;1970189;1573805;866673;570161	1.0;1.0;1.0;1.0;1.0;1.0;1.0
k79_32901	2;976;200643;171549;815;816;818	1.0;0.99967;0.99966;0.99966;0.99965;0.99964;0.92397
k79_9974	2;1239;186801;186802;216572;1263;2564099	1.0;1.0;1.0;1.0;1.0;1.0;1.0
k79_19086	2;1239;186801;186802;216572;1263;2564099	1.0;1.0;1.0;1.0;1.0;1.0;1.0
k79_5272	2;1239;186801;3085636;186803;830;831	1.0;0.99999;0.99999;0.99992;0.99992;0.99992;0.99992
k79_5274	2;1239;186801;186802;216572;1263;2564099	1.0;1.0;1.0;1.0;1.0;1.0;1.0
k79_9982	2;1239;186801;3085636;186803;207244;649756;649757	1.0;1.0;1.0;1.0;1.0;1.0;1.0;1.0
k79_28181	2;976;200643;171549;815;816;820;997890	1.0;0.99998;0.99998;0.99998;0.99998;0.99996;0.99558;0.99558
k79_32918	2;1239;186801;3085636;186803;2569097;39488	1.0;0.99898;0.99898;0.99897;0.99897;0.99834;0.99834
k79_14315	2759;7711;40674;9443;9604;9605;9606	0.99984;0.99984;0.99984;0.99984;0.99984;0.99984;0.99984
k79_673	2;976;200643;171549;815;909656;821	0.93365;0.92427;0.92426;0.92426;0.92423;0.92314;0.92314
k79_10007	2;1239;186801;3085636;186803;841;301301	1.0;1.0;0.99998;0.98855;0.98855;0.98242;0.98236
k79_23608	2;976;200643;171549;815;816;820;997890	1.0;1.0;1.0;1.0;1.0;1.0;1.0;1.0
k79_32935	2;1783272	1.0;0.99989
k79_10008	2;976;200643;171549;815;816;820;997890	1.0;1.0;1.0;1.0;1.0;1.0;1.0;1.0
k79_19106	2759;7711;40674;9443;9604;9605;9606	0.99985;0.99985;0.99985;0.99985;0.99985;0.99985;0.99985
k79_32942	2;1239;186801;186802;31979;1485;2483110	0.99935;0.88501;0.8847;0.88455;0.88439;0.88389;0.88367
k79_19116	2;1239;186801;186802;216572;1263;2564099	0.99942;0.99121;0.98008;0.98007;0.97965;0.97965;0.97965
k79_23613	2;1239;186801;3085636;186803;3342669;45851	1.0;0.99696;0.99691;0.9967;0.9967;0.99666;0.99666
k79_5288	2;1239;186801	0.9945;0.52525;0.5187
k79_703	2;976;200643;171549;815;816;820;997890	1.0;1.0;1.0;1.0;0.99981;0.99893;0.9989;0.9989
k79_23618	2;1239;186801;186802;216572;1263;2564099	1.0;1.0;1.0;1.0;1.0;1.0;1.0
k79_10017	131567	0.9843
k79_10025	2;1239;186801;3085636;2603322;1348611;1185412	1.0;0.99999;0.99998;0.99987;0.99987;0.99987;0.99987
k79_28197	2;1239;186801;3085636;186803;3342669;45851	1.0;1.0;1.0;1.0;1.0;1.0;1.0
k79_23627	2;1239;186801;3085636;186803;2569097;39488	0.99999;0.99978;0.99858;0.99835;0.99835;0.82909;0.82909
k79_708	2;1239;91061;1385;186817;74385;2663022	1.0;1.0;0.99997;0.99997;0.99997;0.99997;0.99997
k79_23633	2;29547;3031852;213849;72294;194;197	0.99994;0.61587;0.61587;0.61587;0.61587;0.61587;0.61551
k79_32968	2;1239;186801;186802;216572;1263;2564099	1.0;1.0;1.0;1.0;1.0;1.0;1.0
k79_23638	2;976;200643;171549;815;816;820;997890	1.0;1.0;1.0;1.0;1.0;1.0;1.0;1.0
k79_5294	2;1239;186801;186802;216572;1263;2564099	1.0;1.0;1.0;1.0;1.0;1.0;1.0
k79_10045	2;1239;186801;3085636;186803;2569097;39488	1.0;1.0;1.0;1.0;1.0;0.99994;0.99994
k79_19131	2;1239;186801;186802;31979;1485;394958	1.0;0.98108;0.9798;0.97979;0.97979;0.97979;0.97976
k79_5296	2;1224;1236;2887326;468;475;480	1.0;0.99999;0.99999;0.99998;0.99998;0.99998;0.99998
k79_14380	2;976;200643;171549;815;909656;821	1.0;1.0;1.0;1.0;1.0;1.0;1.0
k79_28216	2;1239;186801;3085636;186803;572511;40520;657314	1.0;0.99999;0.99999;0.99998;0.99998;0.99998;0.99998;0.99998
k79_23642	2;1239;186801;3085636;186803;3342669;45851	1.0;1.0;1.0;1.0;1.0;1.0;1.0
k79_32986	2;1239;186801;186802;31979;1485;1494	1.0;1.0;1.0;1.0;1.0;1.0;0.99998
k79_5318	2;1224;1236;118969;444;445;446;91890	1.0;1.0;1.0;1.0;1.0;1.0;1.0;1.0
k79_19173	2;1239;186801;3085636;186803;2316020;33039;657313	1.0;1.0;1.0;1.0;1.0;0.99998;0.99998;0.99998
k79_23668	2;1239;91061;186826;81852;1350;357441	1.0;0.99999;0.99998;0.99998;0.99998;0.99998;0.99998
k79_19177	2;976;200643;171549;815;816;820;997890	1.0;1.0;1.0;1.0;1.0;1.0;1.0;1.0
k79_746	2;1239;186801;3085636;186803;3342669;45851	1.0;1.0;1.0;1.0;1.0;0.99999;0.99999
k79_19182	2;1239;186801;186802;216572;1263;2564099	1.0;1.0;1.0;1.0;1.0;1.0;1.0
k79_5328	2;1239;186801;186802;31979;1485;2930219	1.0;1.0;1.0;1.0;1.0;1.0;0.99999
k79_749	2;976;200643;171549;815;816;817;457424	1.0;1.0;1.0;1.0;1.0;1.0;0.99998;0.99998
k79_33023	2;1239;186801;3085636;186803;207244;649756;649757	1.0;1.0;1.0;0.99992;0.99992;0.99988;0.99988;0.99988
k79_753	2;1239;186801;3085636;186803;207244;649756;649757	1.0;1.0;1.0;1.0;1.0;1.0;1.0;1.0
k79_23676	2;1239;186801;186802;216572;1263;2564099	1.0;1.0;1.0;1.0;1.0;1.0;1.0
k79_5332	2759;7711;40674;9443;9604;9605;9606	0.77261;0.77261;0.77261;0.77261;0.77261;0.77261;0.77261
k79_10073	2;1239;186801;3085636;186803;3342669;45851	1.0;1.0;1.0;1.0;1.0;1.0;1.0
k79_23679	2;1239;186801;3085636;186803;2569097;39488	1.0;0.99999;0.99998;0.99998;0.99998;0.99997;0.99997
k79_33033	2;1239;186801;186802;31979;1485;36745;931276	1.0;0.99999;0.99985;0.99982;0.99981;0.99979;0.99977;0.99977
k79_5339	2759;7711;40674;9443;9604;9605;9606	0.73026;0.73026;0.73026;0.73026;0.73026;0.73026;0.73026
k79_10077	2;1239;186801;3085636;186803;2316020;33039;657313	1.0;0.99989;0.99989;0.99988;0.99988;0.99984;0.99982;0.99982
k79_28268	2;1239;186801;186802;186806;1730;39496	1.0;0.99793;0.74662;0.74655;0.67415;0.67415;0.67415
k79_5342	2;1239;186801;3085636;186803;2569097;39488	1.0;1.0;0.99998;0.99998;0.99998;0.9999;0.9999
k79_33037	2;1239;186801;186802;31979;1485;1522	1.0;1.0;1.0;0.99998;0.99996;0.99996;0.99996
k79_5347	2;976;200643;171549;815;816;820;997890	1.0;0.99998;0.99998;0.99998;0.99997;0.99997;0.99997;0.99997
k79_14424	2;1239	0.99989;0.50808
k79_5350	2;976;200643;171549;815;816;817;457424	1.0;1.0;1.0;1.0;1.0;0.99999;0.99299;0.99299
k79_759	2;1239;186801;186802;216572;1263;2564099	1.0;1.0;1.0;1.0;1.0;1.0;1.0
k79_5357	2;1239;91061;1385;90964;2803850;3034233	1.0;0.99998;0.99998;0.99998;0.99998;0.99998;0.99998
k79_19197	2;1239;186801;3085636;186803;3342669;45851	1.0;1.0;1.0;1.0;1.0;1.0;1.0
k79_5359	2;976;200643;171549;815;816;820;997890	1.0;1.0;1.0;1.0;1.0;1.0;1.0;1.0
k79_5364	2;1239;186801;186802;31979;1485;1491;498214	1.0;1.0;0.99991;0.99991;0.9999;0.9999;0.99919;0.99919
k79_28287	2;1239;186801;3085636;186803;207244;649756;649757	1.0;1.0;1.0;1.0;1.0;1.0;1.0;1.0
k79_5368	2;1239;186801;186802;2937909;36853;36854;756499	0.99999;0.99999;0.99999;0.99999;0.99999;0.99999;0.99999;0.99999
k79_779	2;1239;91061;1385;186817;2837506;2499688	1.0;1.0;0.99942;0.99938;0.99865;0.98762;0.98762
k79_5370	2;1239;186801;186802;216572;1263;2564099	1.0;1.0;1.0;1.0;1.0;1.0;1.0
k79_10099	2;1239;186801;3085636;186803;3342669;45851	1.0;1.0;1.0;1.0;1.0;1.0;1.0
k79_19225	2;1239;186801;186802;31979;1485;1155388	0.99796;0.96541;0.95864;0.95101;0.95079;0.95078;0.54042
k79_5384	2;201174;1760;85004;31953;1678;216816;1682	0.9999;0.96887;0.96887;0.96887;0.96887;0.96887;0.96887;0.96887
k79_28312	2;976;200643;171549;815;816;820;997890	1.0;1.0;1.0;1.0;1.0;1.0;1.0;1.0
k79_23717	2;976;200643;171549;815;816;820;997890	1.0;1.0;1.0;1.0;1.0;1.0;1.0;1.0
k79_28313	131567	0.99992
k79_10122	2;1239;186801;186802;216572;2892396;2714353	1.0;1.0;1.0;1.0;1.0;1.0;1.0
k79_28317	2;1239;186801;186802;216572;216851;853;718252	1.0;1.0;1.0;1.0;1.0;1.0;1.0;1.0
k79_23727	2;1239;186801;3085636;186803;207244;649756;649757	1.0;1.0;1.0;0.99999;0.99999;0.99999;0.99999;0.99999
k79_19238	2;976;117743;200644;49546;143222;270918	0.99968;0.99642;0.99642;0.99642;0.99642;0.99642;0.99642
k79_19240	2;976;200643;171549;815;816;2755405	1.0;0.99991;0.99991;0.99991;0.99991;0.99991;0.99987
k79_10126	2;1239;186801;186802;31979;1485;3070996	1.0;0.99879;0.99428;0.97676;0.97674;0.96916;0.52312
k79_33112	2;1224;28216;80840;119060;1822464	1.0;1.0;1.0;1.0;1.0;1.0
k79_19245	2;1239;186801;186802;216572;1263;2564099	1.0;1.0;1.0;1.0;1.0;1.0;1.0
k79_5418	2;976;200643;171549;815;816;371601;657309	1.0;0.71745;0.71731;0.71731;0.71352;0.71352;0.71351;0.71351
k79_10128	2;1239;186801;186802;31979;1485;1502	0.9998;0.92995;0.86527;0.86527;0.86521;0.86375;0.68706
k79_19250	2;976;117743;200644;49546;143222;270918	1.0;0.99998;0.99998;0.99998;0.99998;0.99998;0.99998
k79_33118	2;1239;186801;186802;216572;1263;2564099	1.0;1.0;1.0;1.0;1.0;1.0;1.0
k79_28325	2;1239;186801;3082720;186804;1870884;1496	1.0;1.0;1.0;1.0;1.0;1.0;1.0
k79_10136	2;976;117743;200644;49546;143222;270918	1.0;0.99929;0.99929;0.99929;0.99929;0.99929;0.99929
k79_5425	2;976;200643;171549;815;909656;821	1.0;0.99997;0.99997;0.99997;0.99997;0.99965;0.99965
k79_28337	2;1239;186801;186802;2937909;36853;36854;756499	1.0;0.99998;0.99998;0.99987;0.98831;0.98831;0.98831;0.98831
k79_19272	2;1239;186801;186802;216572;2892396;2714355	1.0;1.0;1.0;1.0;1.0;1.0;1.0
k79_10147	2;1239;186801;3085636;186803;3342669;45851	1.0;1.0;1.0;1.0;1.0;1.0;1.0
k79_28342	2;976;117743;200644;2762318;308865	1.0;0.99855;0.99855;0.99855;0.99855;0.99854
k79_28345	2;976;117743;200644;49546;252356;2976127	0.99988;0.72569;0.72461;0.72461;0.72459;0.72271;0.72271
k79_10155	2;1239;91061;186826;33958;2767881;1614	1.0;1.0;0.97589;0.5289;0.52888;0.52888;0.52888
k79_14466	2;1239;186801;3085636;186803;3342669;45851	1.0;1.0;1.0;1.0;1.0;1.0;1.0
k79_19286	2;976;200643;171549;2005525;375288;823;435591	1.0;0.997;0.99699;0.99699;0.99699;0.99699;0.99699;0.99699
k79_33170	2;1239;186801;186802;216572;1263;2564099	1.0;1.0;1.0;1.0;1.0;1.0;1.0
k79_5449	2;1239;186801;186802;216572;216851;2929489	1.0;1.0;1.0;1.0;0.99999;0.99999;0.99999
k79_33175	2;1239;186801;186802;216572;1263;2564099	1.0;1.0;1.0;1.0;1.0;1.0;1.0
k79_834	2;976;200643;171549;171552;838;28132	1.0;0.99891;0.99839;0.99837;0.7284;0.7284;0.7284
k79_14477	2;1239;186801;3085636;186803;3342669;45851	1.0;1.0;1.0;1.0;1.0;0.99999;0.99999
k79_10183	2759;7711;40674;9443;9604;9605;9606	0.65493;0.65493;0.65493;0.65493;0.65493;0.65493;0.65493
k79_28355	2;1239;186801;186802;31979;1485;238834	1.0;0.99905;0.99891;0.89418;0.89406;0.89406;0.87489
k79_5463	2;1239;186801;3085636;186803;207244;649756;649757	1.0;0.99999;0.99997;0.998;0.998;0.82964;0.82964;0.82964
k79_10186	2;1239;186801;186802;216572;2892396;2714355	1.0;0.96059;0.95899;0.95838;0.95836;0.81599;0.81578
k79_841	2;1239;186801;3085636;186803;2569097;39488	1.0;1.0;1.0;1.0;1.0;1.0;1.0
k79_19299	2;1239;186801;186802;31979;1485;1716543	1.0;1.0;1.0;1.0;1.0;1.0;1.0
k79_33190	2;1239;186801;186802;31979;1485;1502	0.99992;0.82015;0.82005;0.81855;0.81819;0.81819;0.79759
k79_23765	2;1239;186801;3085636;186803;3342669;45851	1.0;1.0;1.0;0.99998;0.99998;0.99998;0.99998
k79_847	2;1239;186801;186802;216572;1263;2564099	1.0;1.0;1.0;1.0;1.0;1.0;1.0
k79_28373	2;976;200643;171549;815;816;820;997890	1.0;0.99996;0.99996;0.99996;0.99649;0.99631;0.98926;0.98926
k79_5476	2;1239;186801;3085636;186803;3342669;45851	1.0;1.0;1.0;1.0;1.0;1.0;1.0
k79_849	2;1224;1236;135623;641;657;38293;38294	1.0;1.0;1.0;1.0;1.0;1.0;1.0;1.0
k79_14503	2;1239;186801;3085636;186803;572511;53443;476272	1.0;1.0;1.0;1.0;1.0;1.0;1.0;1.0
k79_28385	2;976;200643;171549;815;909656;821	1.0;1.0;1.0;1.0;1.0;0.99987;0.99987
k79_852	2;1239;186801;3085636;186803;189330;39486	1.0;1.0;0.99995;0.99548;0.99548;0.99375;0.99375
k79_28390	2;1239;186801;3085636;186803;841;301301	0.99998;0.99984;0.99955;0.91877;0.91877;0.91614;0.91613
k79_33201	2;1239;91061;186826;186827;2862144;87458	0.99999;0.99221;0.75417;0.65034;0.65034;0.65034;0.65034
k79_14507	2;976;200643;171549;815;816;820;997890	1.0;1.0;1.0;1.0;1.0;1.0;1.0;1.0
k79_858	2;976;200643;171549;815;816;820;997890	1.0;0.99979;0.99977;0.99976;0.96206;0.96205;0.95742;0.95742
k79_28391	2;1239;186801;3085636;186803;3342669;45851	1.0;0.99941;0.9982;0.94331;0.94331;0.94313;0.94313
k79_33202	2;1239;186801;3085636;186803	0.99935;0.75758;0.7415;0.66483;0.66483
k79_28393	2;1239;186801;3085636;186803;189330;88431	1.0;1.0;1.0;1.0;1.0;0.99991;0.99991
k79_14510	2;1239;186801;3085636;186803;33042;116085	1.0;0.99976;0.99974;0.99974;0.99974;0.9996;0.9996
k79_33210	2;1239;186801;186802;216572;244127;169435	1.0;1.0;1.0;1.0;0.99995;0.9494;0.9494
k79_10208	2;1239;186801;3085636;186803;3342669;45851	1.0;1.0;1.0;1.0;1.0;1.0;1.0
k79_33213	2;1239;186801;3085636;3018741;698776	1.0;0.55262;0.55116;0.55027;0.55026;0.55026
k79_23788	2;976;200643;171549;815;816;371601;657309	1.0;1.0;1.0;1.0;1.0;1.0;1.0;1.0
k79_14526	2;1239;186801;186802;216572;1263;2564099	1.0;1.0;1.0;1.0;1.0;1.0;1.0
k79_10218	2;976;117743;200644;49546;261827;2686366	0.99974;0.55924;0.55924;0.55924;0.55924;0.55922;0.55922
k79_14529	2;1239;186801;3085636;186803;2569097;39488	1.0;1.0;0.99999;0.99991;0.99991;0.9991;0.9991
k79_19331	2;976;200643;171549;2005525;375288;823;435591	1.0;0.99971;0.99971;0.99971;0.67611;0.67611;0.67611;0.67611
k79_28421	2;1239;186801;3085636;186803	0.98016;0.90865;0.83808;0.78927;0.78916
k79_23792	2	0.99998
k79_28423	2;1239;91061;1385;186817;2675233;152268	1.0;0.99775;0.57021;0.56976;0.56975;0.56975;0.56975
k79_23795	2;1239;186801;3085636;186803;1506553;29347	1.0;0.99996;0.99984;0.99967;0.99967;0.99831;0.99831
k79_33217	2;1239;186801;186802;31979;1485;1520;1428454	1.0;0.99998;0.99998;0.99998;0.99998;0.99998;0.99997;0.99997
k79_891	2;1239;186801;3085636;186803;2569097;39488	1.0;1.0;1.0;1.0;1.0;0.99988;0.99988
k79_10230	2;1239;186801;186802;216572;1263;2564099	1.0;1.0;1.0;1.0;1.0;1.0;1.0
k79_10231	2;1783272	0.99995;0.89418
k79_23805	2;1239;91061;1385;186817;2837506;2499688	0.9957;0.99567;0.99484;0.99484;0.99474;0.99473;0.99472
k79_5504	2;1239;186801;3085636;186803;3342669;45851	1.0;1.0;1.0;1.0;1.0;1.0;1.0
k79_14549	2;976;200643;171549;815;909656;821	1.0;0.99998;0.99998;0.99998;0.99998;0.99994;0.99994
k79_14558	2;1239;909932;1843489;31977;39948;2582419	1.0;0.99863;0.53043;0.53013;0.53013;0.53013;0.53013
k79_28456	2;201174;1760;85004;31953;1678;1765219	1.0;1.0;1.0;1.0;1.0;1.0;1.0
k79_33230	2;1239;186801;3085636;186803;207244;649756;649757	1.0;1.0;1.0;1.0;1.0;1.0;1.0;1.0
k79_28459	2;32066;203490;203491;203492;848	1.0;0.99936;0.99936;0.99936;0.99936;0.99936
k79_19375	2759;7711;40674;9443;9604;9605;9606	0.99985;0.99985;0.99985;0.99985;0.99985;0.99985;0.99985
k79_19381	2;1239;186801;3082720;186804;2743582;89152	1.0;1.0;1.0;0.95501;0.95501;0.95501;0.95501
k79_10252	2;1239	0.97839;0.60834
k79_902	2;1239;186801;3085636;186803;2569097;39488	1.0;1.0;1.0;1.0;1.0;1.0;1.0
k79_14581	2;29547;3031852;213849;2808963;2321114;197482	1.0;1.0;1.0;1.0;1.0;1.0;1.0
k79_33239	2;1239;186801;186802;216572;244127;169435	1.0;0.95;0.94965;0.72872;0.65086;0.65085;0.65085
k79_19388	2759;7711;40674;9443;9604;9605;9606	0.99994;0.99994;0.99994;0.99994;0.99994;0.99994;0.99994
k79_14582	2	0.99928
k79_5536	2;976;200643;171549;815;816;820;997890	1.0;1.0;1.0;1.0;1.0;1.0;1.0;1.0
k79_10263	2;1239;186801;3082720;186804;1849822;1490	1.0;0.99964;0.99964;0.99964;0.99964;0.99964;0.99964
k79_14593	2;976;200643;171549;815;816;820;997890	1.0;1.0;1.0;1.0;1.0;1.0;1.0;1.0
k79_19395	2;1239;186801;186802;31979;1485;1494	1.0;0.99999;0.99991;0.99991;0.99991;0.99991;0.99991
k79_33252	2;1239;186801;186802;31979;1485;704125	1.0;0.99996;0.99996;0.99995;0.99995;0.99995;0.99993
k79_28493	2;1239;186801;3085636;186803;3342669;45851	1.0;1.0;1.0;1.0;1.0;1.0;1.0
k79_5560	2;1239;186801;186802;216572;1263;2564099	1.0;1.0;1.0;1.0;1.0;1.0;1.0
k79_10287	2;976;200643;171549;171552;2974251;165179	1.0;0.99651;0.99649;0.99649;0.99242;0.99242;0.99242
k79_5564	2;1239;186801;186802;31979;1485;238834	0.81413;0.63804;0.63786;0.6378;0.63664;0.63652;0.63476
k79_5566	2;1239;186801;186802;216572;1263;2564099	1.0;0.99999;0.998;0.998;0.998;0.998;0.998
k79_924	2;1239;186801;3085636;186803;2569097;39488	1.0;1.0;1.0;0.99999;0.99999;0.99999;0.99999
k79_28523	2;1239;186801;3085636;186803;3342669;45851	1.0;1.0;1.0;1.0;1.0;1.0;1.0
k79_19426	2;1239;186801;3085636;186803;189330;88431	1.0;1.0;1.0;1.0;1.0;0.99902;0.99902
k79_5577	2;1239;186801;186802;216572;459786;2763056	1.0;1.0;1.0;1.0;1.0;1.0;1.0
k79_23853	2;1239;91061;1385;186817;2675232;220684	0.99986;0.88172;0.8661;0.86583;0.86573;0.76989;0.76989
k79_5579	2;1239;186801;186802;1491775;2838170;2731377	1.0;0.99999;0.99999;0.99999;0.99992;0.99992;0.99992
k79_28530	2	0.99994
k79_19430	2;1239;186801;186802;31979;1485;394958	0.99997;0.7678;0.74678;0.71304;0.71287;0.71203;0.70262
k79_33276	2;1239;186801;3085636;186803;1766253;39491;657317	1.0;1.0;1.0;1.0;1.0;0.99928;0.99928;0.99928
k79_10296	2;1239;186801;3085636;186803;572511;418240;1121115	1.0;0.99674;0.99312;0.90768;0.90767;0.89703;0.89164;0.89164
k79_14613	2;1239;186801;186802;216572;459786;2763056	1.0;0.99947;0.99931;0.99815;0.99798;0.99741;0.99657
k79_23856	2759;7711;40674;9443;9604;9605;9606	0.99778;0.99778;0.99778;0.99778;0.99778;0.99778;0.99778
k79_934	2;1239;186801;186802;31979;1485;2507159	1.0;0.99999;0.99999;0.99998;0.99998;0.99998;0.99982
k79_23863	2;1239;186801;3085636;186803;2569097;39488	1.0;1.0;0.99999;0.99998;0.99998;0.99995;0.99995
k79_938	2;1239;186801;186802;216572;216851;853;718252	1.0;1.0;1.0;0.99988;0.99988;0.99987;0.99987;0.99987
k79_23872	2;1239;186801;186802;216572;1263;2564099	1.0;1.0;1.0;1.0;1.0;1.0;1.0
k79_23884	2;976;200643;171549;815;816;820;997890	1.0;1.0;1.0;1.0;0.99999;0.99999;0.99999;0.99999
k79_28562	2;1239;186801;3085636;186803	1.0;0.99551;0.80604;0.5847;0.58469
k79_28563	2;976;200643;171549;171550;239759;214856;679935	1.0;0.87063;0.87063;0.87063;0.86985;0.86985;0.86984;0.86984
k79_23886	2;1224;1236;91347;1903409;32199;9;118110	1.0;1.0;1.0;1.0;1.0;1.0;1.0;1.0
k79_14618	2;1239;186801;3085636;186803;3342669;45851	1.0;1.0;1.0;1.0;1.0;1.0;1.0
k79_5591	2;1239;186801;3085636;186803;3342669;45851	1.0;1.0;1.0;1.0;1.0;1.0;1.0
k79_10324	2;1239;186801;186802;31979;1485;1502	0.99279;0.97169;0.75234;0.75177;0.71754;0.71754;0.59729
k79_953	2;976;117743;200644;49546;237;1310418	1.0;0.99998;0.99998;0.99998;0.99998;0.99998;0.99998
k79_10336	2;1224;28211;356;82115;357;358	1.0;0.99997;0.99997;0.99997;0.99997;0.99996;0.99996
k79_10338	2;1239;186801;3085636;186803;3342669;45851	1.0;0.99995;0.99371;0.99353;0.99353;0.98384;0.98384
k79_23897	2;1239;186801;3085636;186803;3342669;45851	1.0;1.0;1.0;1.0;1.0;1.0;1.0
k79_28568	2;1239;186801;186802;31979;1485;2483110	1.0;0.99999;0.99997;0.99186;0.99186;0.99186;0.96322
k79_5596	2;1239;186801;3085636;186803;3342669;45851	1.0;1.0;1.0;1.0;1.0;1.0;1.0
k79_23909	2;1239;186801;186802;216572;1263;2564099	1.0;1.0;1.0;1.0;1.0;1.0;1.0
k79_14656	2;1239;186801;186802;2937909;36853;36854;756499	0.94994;0.94676;0.94675;0.94666;0.94646;0.94646;0.94646;0.94646
k79_23913	2;976;200643;171549;815;816;820;997890	1.0;0.99999;0.99999;0.99999;0.99999;0.99846;0.99838;0.99838
k79_28586	2;976;200643;171549;815;816;818	1.0;1.0;1.0;1.0;1.0;1.0;1.0
k79_5611	2;976;200643;171549;815;816;820;997890	1.0;0.99999;0.98553;0.98553;0.98552;0.64636;0.6352;0.6352
k79_5615	2;976;200643;171549;815;816;820;997890	1.0;1.0;1.0;1.0;0.99987;0.99987;0.99987;0.99987
k79_23916	2;1239;186801;3085636;186803;841;1261634	1.0;1.0;1.0;1.0;1.0;1.0;1.0
k79_19459	2;1239;186801;3085636;186803;3342669;45851	1.0;1.0;1.0;1.0;1.0;1.0;1.0
k79_23918	2;1239;186801;186802;31979;1485;2483110	0.82985;0.8107;0.80738;0.77011;0.75853;0.75853;0.65873
k79_10346	2;976;200643;171549;815;816;817;457424	0.99999;0.99267;0.99246;0.99246;0.99242;0.99242;0.54016;0.54016
k79_5622	2;1239;186801;186802;31979;1485;1716543	0.99999;0.99981;0.99969;0.93851;0.93847;0.93847;0.93755
k79_23920	2;976;200643;171549;2005525;375288;823;435591	1.0;0.99964;0.99961;0.99961;0.99889;0.99889;0.99889;0.99889
k79_19465	2759;7711;40674;9443;9604;9605;9606	0.99617;0.99617;0.99617;0.99617;0.99617;0.99617;0.99617
k79_5625	2;1239;186801;3085636;186803;2569097;39488	1.0;1.0;1.0;1.0;1.0;0.99999;0.99999
k79_28590	2759;7711;40674;9443;9604;9605;9606	0.99996;0.99996;0.99996;0.99996;0.99996;0.99996;0.99996
k79_10352	2;1239;186801;186802;216572;459786;2109687	1.0;0.9997;0.99269;0.99248;0.99247;0.91841;0.91703
k79_33368	2;1239;186801;186802;216572;2892396;2714353	1.0;0.99893;0.99838;0.76988;0.76977;0.75388;0.75384
k79_28594	2;976;200643;171549;815;816;817;457424	1.0;0.99997;0.99997;0.99997;0.99997;0.99711;0.99701;0.99701
k79_981	2;1239;186801;3082720;3118656;1890059;1734049	1.0;1.0;1.0;1.0;1.0;1.0;1.0
k79_989	2;1239;186801;186802;216572;1263;2564099	1.0;1.0;1.0;1.0;1.0;1.0;1.0
k79_5635	2;1239;186801;3085636;186803;3342669;45851	1.0;1.0;1.0;0.99999;0.99999;0.99999;0.99999
k79_10354	2;1239;186801;3085636;186803;3342669;45851	1.0;1.0;1.0;1.0;1.0;1.0;1.0
k79_28609	2;1239;186801;3085636;186803;3342669;45851	1.0;1.0;1.0;1.0;1.0;1.0;1.0
k79_23934	2;1239;186801;186802;216572;1263;2564099	1.0;1.0;0.99999;0.99999;0.99999;0.99999;0.99999
k79_14698	2;976;200643;171549;815;816;820;997890	1.0;1.0;1.0;1.0;1.0;1.0;1.0;1.0
k79_14706	2;976;117743;200644;2762318;59732;1324352	1.0;1.0;1.0;1.0;1.0;1.0;1.0
k79_5649	2;1239;186801;3085636;186803;3342669;45851	1.0;1.0;1.0;1.0;1.0;1.0;1.0
k79_19487	2;1239;91061;186826;1300;1301;1307;423211	1.0;0.99934;0.98204;0.98204;0.98204;0.98204;0.98204;0.98204
k79_14710	2;1239;186801;186802;31979;1485;1561	0.99944;0.99767;0.99582;0.99294;0.98691;0.9859;0.63598
k79_992	2;976;200643;171549;815;909656;821	1.0;1.0;1.0;1.0;0.99998;0.99996;0.99996
k79_28620	2;1239;186801;3085636;186803;3342669;45851	1.0;1.0;1.0;1.0;1.0;1.0;1.0
k79_14714	2;1239;186801;186802;216572;1263;2564099	1.0;1.0;1.0;1.0;1.0;1.0;1.0
k79_5658	2;1239;186801;186802;216572;1263;2564099	1.0;1.0;1.0;1.0;1.0;1.0;1.0
k79_10363	2;976;200643;171549;815;909656;821	1.0;1.0;1.0;1.0;1.0;0.99999;0.99999
k79_28626	2;1239;526524;526525;2810280;135858;100886	1.0;1.0;0.99995;0.99995;0.99995;0.99995;0.99995
k79_10382	2;1239;186801;186802;216572;1263;2564099	1.0;1.0;1.0;1.0;1.0;1.0;1.0
k79_1018	2;1239;186801;3085636;186803;2569097;39488	1.0;1.0;1.0;1.0;1.0;1.0;1.0
k79_19500	2;976;117743;200644;2762318;28250;2497989	1.0;0.99998;0.99998;0.99998;0.99998;0.99998;0.99998
k79_23971	2;1239;186801;186802;216572;1263;2564099	1.0;1.0;1.0;1.0;1.0;1.0;1.0
k79_5676	2;976;200643;171549;2005525;375288;823;435591	1.0;1.0;1.0;1.0;1.0;1.0;1.0;1.0
k79_14759	2;1224;1236;91347;1903414;586;587	1.0;0.99998;0.99998;0.99996;0.99996;0.99996;0.99996
k79_28646	2759;7711;40674;9443;9604;9605;9606	0.99357;0.99357;0.99357;0.99357;0.99357;0.99357;0.99357
k79_1019	2;1239;186801;186802;216572;2892396;2714355	1.0;1.0;1.0;0.99998;0.99998;0.99992;0.99992
k79_5689	2;1239;91061;1385;539738;1378;2840371	1.0;0.99998;0.99997;0.99997;0.99996;0.99996;0.99996
k79_28653	2;1239;91061;1385;90964;1279;29385	1.0;1.0;1.0;1.0;1.0;1.0;1.0
k79_10425	2;1239;186801;3085656;3085657;2039302;1981510	1.0;1.0;1.0;1.0;1.0;1.0;1.0
k79_10426	2;976;200643;171549;815;909656;821	0.99994;0.99988;0.99987;0.99987;0.99985;0.99974;0.99974
k79_19522	2;1239;91061;1385;186817;1386;1428	1.0;1.0;1.0;1.0;1.0;1.0;1.0
k79_10428	2;1239;186801;3085636;186803;2316020;33039;657313	1.0;1.0;1.0;0.99999;0.99999;0.9916;0.99159;0.99159
k79_14780	2;1239;186801;186802;31979;1485;1491;498214	1.0;1.0;1.0;1.0;1.0;1.0;0.99999;0.99999
k79_1024	2;1239;186801;3082720;186804;214904;2925782	1.0;1.0;1.0;1.0;1.0;1.0;1.0
k79_23991	2;976;200643;171549;815;816;817;457424	1.0;1.0;1.0;1.0;1.0;0.99998;0.99996;0.99996
k79_5701	2759;7711;40674;9443;9604;9605;9606	0.9996;0.9996;0.9996;0.9996;0.9996;0.9996;0.9996
k79_23992	2;1239;186801;186802;31979;1485;1716543	0.99975;0.88285;0.85926;0.81065;0.80719;0.80719;0.69143
k79_14784	2759;7711;40674;9443;9604;9605;9606	0.99983;0.99983;0.99983;0.99983;0.99983;0.99983;0.99983
k79_23995	2;1239;186801;3085636;186803;2944193;2763672	1.0;1.0;1.0;0.99998;0.99998;0.99992;0.99992
k79_24000	2;1239;186801;186802;3047432;3047433;2086585	1.0;1.0;1.0;1.0;1.0;1.0;1.0
k79_19541	2;1239;186801;186802;216572;1263;2564099	1.0;1.0;1.0;0.99999;0.99999;0.99999;0.99998
k79_24004	2;1224;28216;206351;481;1193515;1196083	1.0;1.0;1.0;1.0;1.0;1.0;1.0
k79_14797	2;1239;186801;3085636;186803;33042;410072	1.0;1.0;1.0;0.99998;0.99998;0.99997;0.99997
k79_10462	2;32066;203490;203491;3072461;3072462;2996794	1.0;0.99999;0.99999;0.99999;0.99999;0.99999;0.99999
k79_14799	2;1224;1236;91347;1903409;32199;9;118110	1.0;0.99478;0.99478;0.99478;0.99478;0.99478;0.99478;0.99478
k79_24005	2;1239;186801;3085636;186803;3342669;45851	1.0;1.0;1.0;1.0;1.0;1.0;1.0
k79_1057	2;1239;186801;3085636;186803;189330;88431	1.0;0.99998;0.99997;0.99866;0.99866;0.99861;0.99859
k79_5741	2	0.66052
k79_1062	2;1239;186801;186802;31979;1266;2726954	1.0;1.0;1.0;1.0;0.99999;0.99999;0.99999
k79_14814	2;1239;186801;186802;216572;1263;2564099	1.0;1.0;1.0;1.0;1.0;1.0;1.0
k79_28706	2;976;200643;171549;2005525;375288;823;435591	0.99999;0.80725;0.80714;0.80714;0.78811;0.78811;0.7881;0.7881
k79_14831	2;1239;186801;186802;31979;1485;2483110	0.99998;0.99986;0.99986;0.99985;0.99984;0.99984;0.99984
k79_19581	2;1239;1737404;1737405;1570339;165779;33034;525919	1.0;0.99993;0.99993;0.99993;0.99993;0.99993;0.99993;0.99993
k79_14833	2;1239;186801;186802;216572;1263;2564099	1.0;1.0;1.0;1.0;1.0;1.0;1.0
k79_24040	2;1239;186801;186802;216572;1263;2564099	1.0;1.0;1.0;0.99999;0.99999;0.99999;0.99999
k79_10475	2;976;200643;171549;2005525;375288;823;435591	1.0;0.99905;0.99904;0.99904;0.95241;0.95241;0.95241;0.95241
k79_33432	2;1239;186801;3085636;186803;3342669;45851	1.0;1.0;1.0;1.0;1.0;1.0;1.0
k79_24050	2;976;200643;171549;815;816;820;997890	1.0;1.0;1.0;1.0;1.0;1.0;1.0;1.0
k79_5758	2;1239;186801;186802;31979;1485;1494	1.0;1.0;1.0;1.0;1.0;1.0;0.99991
k79_1073	2;1239;186801;3085636;186803;3342669;45851	1.0;1.0;1.0;1.0;1.0;1.0;1.0
k79_28719	2;1239;186801	1.0;0.98971;0.69375
k79_19619	2;1239;186801;3085636;186803;841;1261635	1.0;0.99998;0.99998;0.99996;0.99996;0.99995;0.99995
k79_28725	2;1239;186801;186802;216572;459786;2763056	1.0;1.0;1.0;1.0;0.99997;0.9999;0.9999
k79_10491	2;976;200643;171549;815;816;818	1.0;0.99987;0.99987;0.99987;0.99987;0.99987;0.99987
k79_1097	2;1239;186801;186802;216572;2591381;2093857	1.0;0.99999;0.99998;0.99541;0.99535;0.87625;0.87625
k79_33442	2;1239;186801;3085636;186803;2569097;39488	1.0;1.0;1.0;1.0;1.0;0.99966;0.99966
k79_24078	2;976;200643;171549;815;909656;821	1.0;0.99998;0.99998;0.99998;0.99996;0.99783;0.99783
k79_5760	2;976;200643;171549;815;909656;821	0.99838;0.99178;0.99174;0.99174;0.99173;0.99165;0.99151
k79_24080	2;1239;186801;3085636;186803;3342669;45851	1.0;1.0;1.0;1.0;1.0;1.0;1.0
k79_10501	2;203691;203692;136;2845253;2967962;2880008	1.0;0.99999;0.99999;0.99999;0.99999;0.99999;0.99999
k79_33451	2;1239;91061;1385;186822;44249;3047872	1.0;1.0;1.0;1.0;1.0;1.0;1.0
k79_14857	2;1239;186801;3085636;186803;3342669;45851	1.0;1.0;1.0;1.0;1.0;1.0;1.0
k79_10518	2;1239;186801;3085636;186803;572511;53443;476272	1.0;0.9999;0.9999;0.99773;0.99773;0.99772;0.99772;0.99772
k79_33473	2;1239;186801;186802;216572;1263;2564099	1.0;1.0;1.0;1.0;1.0;1.0;1.0
k79_10531	2;1239;186801;3085636;186803;207244;649756;649757	1.0;1.0;1.0;1.0;1.0;1.0;1.0;1.0
k79_28733	2;1239;186801;186802;216572;1263;2564099	1.0;1.0;1.0;1.0;1.0;1.0;1.0
k79_33477	2;1239;186801;186802;216572;1263;2564099	1.0;1.0;1.0;1.0;1.0;1.0;1.0
k79_24103	2;1117;3028117;1161;2661849;1186;99598	1.0;0.55648;0.55648;0.55648;0.55648;0.55648;0.55648
k79_24113	2;1239;909932;1843489;31977;39948;2161821	1.0;1.0;0.99999;0.99999;0.99999;0.99999;0.99999
k79_19652	2;1239;186801;3085636;186803;3342669;45851	1.0;1.0;1.0;1.0;1.0;1.0;1.0
k79_24132	2;1239;91061;1385;186817;1329200;2991053	0.99999;0.99994;0.99993;0.99993;0.99993;0.99993;0.99993
k79_33487	2;1239;186801;3085636;186803;3342669;45851	1.0;1.0;1.0;1.0;1.0;1.0;1.0
k79_10561	2;1239;91061;1385;186817;2893057	1.0;0.89573;0.87633;0.87627;0.87562;0.87562
k79_24152	2;976;200643;171549;815;816;371601;657309	1.0;0.99996;0.99996;0.99996;0.9923;0.9923;0.99228;0.99228
k79_33496	2;976;200643;171549;2005525;375288;823;435591	1.0;0.99995;0.99995;0.99995;0.99995;0.99995;0.99995;0.99995
k79_28739	2;1239;186801;3085636;186803;3342669;45851	1.0;1.0;1.0;1.0;1.0;1.0;1.0
k79_14881	2;1239;186801;3085636;186803;3342669;45851	1.0;1.0;1.0;1.0;1.0;1.0;1.0
k79_33499	2;203691;203692;136;1643685;138;2756107	0.9998;0.85069;0.85069;0.85069;0.85069;0.85069;0.85069
k79_5812	2;1239;186801;3085636;186803;3342669;45851	1.0;1.0;1.0;1.0;1.0;1.0;1.0
k79_14892	2;976;200643;171549;815;909656;821	1.0;0.99996;0.99996;0.99996;0.99996;0.99985;0.99985
k79_5815	2;1239;91061;1385;90964;1279;1282	1.0;0.9999;0.99987;0.99984;0.99984;0.99984;0.99984
k79_19683	2;976;117743;200644;49546;237;1310418	0.99994;0.58462;0.58345;0.58345;0.58344;0.58344;0.58344
k79_33522	2;1239;186801;186802;216572;2892396;2714353	1.0;1.0;1.0;0.99991;0.9999;0.9999;0.9999
k79_14905	2;976;200643;171549;815;909656;821	1.0;1.0;1.0;1.0;0.99998;0.9972;0.9972
k79_14908	2;1239;186801;186802;31979;1485;1522	1.0;0.98114;0.97719;0.96773;0.96542;0.96542;0.94261
k79_14910	2;1239;186801;186802;216572;1263;2564099	1.0;1.0;1.0;1.0;1.0;1.0;1.0
k79_28750	2;1239;186801;186802;216572;1263;2564099	1.0;1.0;1.0;1.0;1.0;1.0;1.0
k79_1106	2;1239;186801;186802;31979;1485;97138	1.0;1.0;0.99879;0.99878;0.99878;0.99878;0.6596
k79_24179	2;1239;186801;186802;216572;216851;853;718252	1.0;0.99969;0.99961;0.52153;0.52144;0.51082;0.51066;0.51066
k79_24188	2;1239;186801;186802;216572;1263;2564099	1.0;1.0;1.0;1.0;1.0;1.0;1.0
k79_28768	2;1239;186801;3085636;186803;2569097;39488	0.74536;0.6535;0.65139;0.65138;0.65138;0.65133;0.65133
k79_1125	2;976;200643;171549	1.0;0.95337;0.95323;0.95224
k79_24191	2;1783272	1.0;1.0
k79_19698	2;1239;186801;186802;31979;1848399;2599308	0.91864;0.90789;0.90789;0.90789;0.90789;0.90789;0.90787
k79_5824	2;1239;186801;3085636;186803;1506553;29347	0.99984;0.99977;0.99975;0.99939;0.99939;0.99865;0.99865
k79_5825	2;203691;203692;136;2845253;157;158	1.0;0.8258;0.8258;0.8258;0.8258;0.8258;0.8258
k79_24202	2;1239;186801;186802;216572;459786;2763056	1.0;0.99958;0.99957;0.99939;0.99932;0.95837;0.94307
k79_10575	2;1239;186801;186802;31979;1266;2726954	0.99999;0.9998;0.99645;0.98766;0.97115;0.96778;0.96778
k79_19702	2;1239;186801;186802;216572;459786;2763056	1.0;1.0;1.0;1.0;1.0;0.99999;0.99999
k79_33580	2;1239;91061;186826;1300;1301;1307;423211	1.0;0.87878;0.87826;0.87576;0.87562;0.87562;0.87562;0.87562
k79_10582	2;1239;186801;186802;31979;1485;1520;1428454	1.0;1.0;1.0;1.0;1.0;1.0;0.99999;0.99999
k79_24217	2;1239;186801;3085636;186803;3342669;45851	1.0;1.0;1.0;0.99998;0.99998;0.99998;0.99998
k79_14918	2;1239;186801;3082720;3118656;1890059;1734049	0.94616;0.91868;0.89964;0.57452;0.57042;0.57042;0.57042
k79_14924	2;1239;186801;186802;216572;1263;2564099	1.0;1.0;1.0;1.0;1.0;1.0;1.0
k79_24221	2;1239;186801;186802;216572;216851;2929491	0.84323;0.65165;0.64882;0.64757;0.63694;0.6326;0.63256
k79_24230	2	0.99359
k79_5831	2;1239;186801;186802;31979;1485;2483110	1.0;0.99998;0.99996;0.9999;0.9999;0.9999;0.99861
k79_1169	2;1239;186801;186802;31979;1485;394958	1.0;0.99653;0.99562;0.85397;0.68027;0.68018;0.67809
k79_28776	2;976;200643;171549;815;816;820;997890	1.0;1.0;1.0;1.0;1.0;0.99933;0.99929;0.99929
k79_24244	2;1239;186801;186802;216572;1263;2564099	1.0;1.0;1.0;1.0;1.0;1.0;1.0
k79_10598	2;1239;186801;3085636;186803;3342669;45851	1.0;1.0;1.0;1.0;1.0;1.0;1.0
k79_24247	2;1239;186801;186802;216572;459786;2109687	1.0;1.0;1.0;0.99998;0.99997;0.99996;0.99996
k79_14928	2;1239;186801;186802;31979;1485;1520;1428454	1.0;0.93226;0.93058;0.92839;0.92833;0.91191;0.85145;0.85145
k79_33598	2;1239;186801;186802;31979;1848399;2599308	1.0;1.0;1.0;1.0;1.0;1.0;1.0
k79_33601	2	0.99904
k79_28792	2;1239;186801;3085636;186803;3342669;45851	1.0;0.99986;0.99986;0.99984;0.99984;0.99984;0.99984
k79_28793	2;1239;91061;186826;1300;1301;1307;423211	1.0;0.99786;0.70091;0.7009;0.7009;0.7009;0.7009;0.7009
k79_33611	2;976;200643;171549;815;816;371601;657309	1.0;1.0;1.0;1.0;0.99998;0.99998;0.99998;0.99998
k79_19747	2;1239;186801;186802;216572	1.0;0.99979;0.99956;0.74761;0.66742
k79_19749	2;1239;186801;3085636;186803;830;831	1.0;0.99952;0.99951;0.98579;0.98579;0.98569;0.98569
k79_28804	2;1239;186801;186802;216572;459786;2763056	1.0;0.9989;0.99843;0.99839;0.9912;0.9592;0.95821
k79_5857	2;1239;186801;3085636;186803;3342669;45851	1.0;1.0;1.0;0.99998;0.99998;0.99998;0.99998
k79_28807	2759;7711;40674;9443;9604;9605;9606	0.94492;0.94492;0.94492;0.94492;0.94492;0.94492;0.94492
k79_24259	2;976;200643;171549;171550;239759;2585118	1.0;0.99989;0.99989;0.99989;0.99982;0.99982;0.99982
k79_10604	2;1239;186801;186802;31979;1485;36839	1.0;0.99999;0.99999;0.99999;0.99999;0.99999;0.99996
k79_24267	2;976;200643;171549;171552;2974251;165179	1.0;1.0;1.0;1.0;1.0;1.0;1.0
k79_28812	2;1239;186801;186802;216572;2892396;2714353	1.0;1.0;1.0;0.99999;0.99999;0.99998;0.99998
k79_33654	2;1239;186801;186802;216572;1263;2564099	1.0;1.0;1.0;1.0;1.0;1.0;1.0
k79_19768	131567	0.99998
k79_10629	2;976;200643;171549;2005525;375288;823;435591	1.0;0.81055;0.81055;0.81055;0.80725;0.80725;0.80725;0.80725
k79_1217	2;976;200643;171549;815;816;820;997890	1.0;1.0;1.0;1.0;1.0;1.0;0.99999;0.99999
k79_33671	2;1239;186801;3085636;186803;3342669;45851	1.0;1.0;1.0;1.0;1.0;1.0;1.0
k79_5880	2;1239;186801;186802;216572	1.0;0.9977;0.98664;0.79823;0.66416
k79_1220	2;1239;186801;3085636;186803;3342669;45851	1.0;1.0;1.0;1.0;1.0;1.0;1.0
k79_14968	2;976;200643;171549;171550;239759;214856;679935	1.0;1.0;1.0;1.0;1.0;1.0;1.0;1.0
k79_33683	2;1239;186801;186802;216572;1263;2564099	1.0;1.0;0.99966;0.99964;0.99963;0.99963;0.99963
k79_14977	2;1239;186801;186802;31979;1485;1520;1428454	0.99999;0.99992;0.99935;0.99806;0.99806;0.58486;0.56901;0.56901
k79_28841	2;1239;186801;186802;31979;1485;704125	1.0;0.99999;0.99998;0.99991;0.99991;0.99988;0.99888
k79_19785	2;1239;91061;1385;186822;44249;1566358	1.0;1.0;0.9999;0.9999;0.9999;0.9999;0.9999
k79_28845	131567	0.99935
k79_14979	2;1239;186801;3085636;186803;2569097;39488	1.0;1.0;1.0;1.0;1.0;0.99999;0.99999
k79_5900	2;1239;186801;186802;31979;1485;1494	0.99996;0.80439;0.79491;0.78508;0.78503;0.78503;0.75699
k79_33685	2;1239;186801;3085636;186803;3342669;45851	1.0;1.0;1.0;1.0;1.0;1.0;1.0
k79_5901	2;1224;1236;135623;641;657;38293;38294	1.0;0.99912;0.99912;0.99912;0.99912;0.99912;0.99912;0.99912
k79_14991	2;1239;91061;1385;186817;1386;1405	1.0;0.99773;0.99746;0.99746;0.99746;0.99746;0.61308
k79_10641	2;1239;186801;186802;31979;1485;1502	1.0;0.9998;0.99973;0.9997;0.9997;0.99714;0.99617
k79_5911	131567	1.0
k79_24269	2;1239;186801;3085636;186803;3342669;45851	1.0;1.0;1.0;1.0;1.0;1.0;1.0
k79_10646	2;976;117743;200644;49546;252356;320912	1.0;0.99998;0.99998;0.99998;0.99998;0.99998;0.99998
k79_10650	2;1239;186801;186802;31979;1485;1494	1.0;0.99949;0.99947;0.99947;0.99947;0.99947;0.85619
k79_15018	2;1239;186801;3085636;186803;2719231;84030	0.99999;0.99999;0.99998;0.99944;0.99944;0.9994;0.9994
k79_24272	2759;7711;40674;9443;9604;9605;9606	0.99943;0.99943;0.99943;0.99943;0.99943;0.99943;0.99943
k79_33705	2;976;200643;171549;2005525;375288;823;435591	1.0;0.95602;0.95592;0.95592;0.95528;0.95528;0.95528;0.95528
k79_5919	2;976;200643;171549;815;909656;821	0.99996;0.74976;0.74611;0.74611;0.7461;0.74581;0.74581
k79_5920	131567	0.99972
k79_19810	2;1239;186801;3085636;186803;3342669;45851	1.0;1.0;1.0;1.0;1.0;1.0;1.0
k79_28860	2;1239;186801;3085636;186803;3342669;45851	1.0;1.0;1.0;1.0;1.0;1.0;1.0
k79_1265	2;1239;186801;3085636;186803;2569097;39488	1.0;1.0;1.0;0.99978;0.99978;0.99947;0.99947
k79_28861	2;1239;186801;186802;216572;1263;2564099	1.0;1.0;0.99998;0.99971;0.99971;0.99971;0.99971
k79_10691	2;976;200643;171549;815;816;820;997890	1.0;1.0;1.0;1.0;1.0;1.0;1.0;1.0
k79_1275	2;1239;186801;3085636;186803;207244;649756;649757	1.0;1.0;1.0;0.99999;0.99999;0.99999;0.99999;0.99999
k79_24276	2;1239;186801;3085636;186803;3342669;45851	1.0;1.0;1.0;1.0;1.0;1.0;1.0
k79_15071	2;1239;186801;186802;216572;1263;1161942	1.0;1.0;1.0;1.0;1.0;1.0;1.0
k79_33728	2759;7711;40674;9443;9604;9605;9606	0.92696;0.92696;0.92696;0.92696;0.92696;0.92696;0.92696
k79_15078	2;1239;186801;3085636;186803;3342669;45851	1.0;1.0;1.0;1.0;1.0;1.0;1.0
k79_15080	2;1239;186801;186802;216572;459786;2763056	1.0;0.99374;0.96957;0.96322;0.96302;0.9412;0.93711
k79_5977	2;1239;186801;3085636;186803;841;2763062	0.99557;0.98446;0.98412;0.97808;0.97808;0.97806;0.97803
k79_28885	2;1239;186801;3085636;186803;3342669;45851	1.0;1.0;1.0;1.0;1.0;1.0;1.0
k79_24284	2;976;200643;171549;171550;239759;214856;679935	1.0;0.88403;0.88403;0.88403;0.8402;0.8402;0.84017;0.84017
k79_19846	2;1239;186801;186802;216572;1263;2564099	0.9971;0.99663;0.99203;0.99203;0.99202;0.99202;0.99202
k79_15095	2;1239;186801;186802;216572;1263;2564099	1.0;1.0;1.0;1.0;1.0;1.0;1.0
k79_5982	2;1239;186801;3085636;186803;841;1261635	1.0;0.99998;0.99998;0.99997;0.99997;0.96935;0.96934
k79_19849	2;1239;186801;3085636;186803;3342669;45851	1.0;1.0;1.0;1.0;1.0;1.0;1.0
k79_5984	2;1239;186801;3085636;186803;3342669;45851	1.0;0.99989;0.99989;0.99986;0.99986;0.99893;0.99893
k79_28898	2;1239;186801;3085636;186803;1769710;1653434	1.0;0.99999;0.99999;0.99998;0.99998;0.99998;0.99998
k79_5987	2;1783272	0.99999;0.99696
k79_1322	2;1239;186801;3085636;186803;830;831	1.0;1.0;1.0;1.0;1.0;1.0;1.0
k79_33749	2;1239;186801;3085636;186803;3342669;45851	1.0;1.0;1.0;1.0;1.0;1.0;1.0
k79_15118	2;1239;186801;186802;31979;1485;3070996	1.0;1.0;1.0;1.0;1.0;1.0;1.0
k79_1324	2;1239;186801;3085636;186803;1766253;39491;657317	1.0;1.0;1.0;1.0;1.0;0.99985;0.99985;0.99985
k79_33753	2759;7711;40674;9443;9604;9605;9606	0.99861;0.99861;0.99861;0.99861;0.99861;0.99861;0.99861
k79_15120	131567	0.86599
k79_33768	2;1783272	1.0;1.0
k79_10747	2;1239;91061;1385;186817;2837506;1397	0.9994;0.8104;0.57739;0.5773;0.57716;0.54465;0.53868
k79_19874	2;1239;186801;186802;216572;1263;2564099	1.0;1.0;1.0;1.0;1.0;1.0;1.0
k79_1349	131567	0.53975
k79_33771	2;1239;186801;186802;216572;459786;2109687	1.0;1.0;0.71515;0.71506;0.71493;0.71441;0.61133
k79_28929	2759;7711;40674;9443;9604;9605;9606	0.96929;0.96929;0.96929;0.96929;0.96929;0.96929;0.96929
k79_33773	2;1239;186801;3085636;186803;2569097;39488	1.0;1.0;1.0;1.0;1.0;0.99991;0.99991
k79_24306	2;1239;186801;3085636;186803;3342669;45851	1.0;1.0;1.0;1.0;1.0;1.0;1.0
k79_1356	2;1239;186801;3085636;186803;3342669;45851	1.0;1.0;1.0;1.0;1.0;1.0;1.0
k79_10749	2;1239;186801;3085636;186803;3342669;45851	1.0;1.0;1.0;1.0;1.0;1.0;1.0
k79_33781	2;1239;91061;186826;186828;82800;82801	0.99998;0.99979;0.99966;0.99929;0.99929;0.99929;0.99929
k79_15141	2;1239;186801;186802;31979;1485;641107	1.0;0.99998;0.99996;0.99996;0.99995;0.99995;0.99875
k79_15142	2;1239;186801;186802;216572;1263;2564099	1.0;1.0;1.0;1.0;1.0;1.0;1.0
k79_33786	2;1239;91061;1385;186822;44249;1406	1.0;1.0;1.0;1.0;1.0;1.0;1.0
k79_6060	2;1239;186801;186802;216572;1263;2564099	1.0;1.0;1.0;1.0;1.0;1.0;1.0
k79_1360	2;1239;186801;3085636;186803;3342669;45851	1.0;1.0;1.0;1.0;1.0;1.0;1.0
k79_6062	2;1239;186801;186802;216572;1263;2564099	1.0;1.0;1.0;1.0;1.0;1.0;1.0
k79_33787	2;1239;186801;186802;216572;459786;2109687	1.0;1.0;1.0;1.0;1.0;1.0;1.0
k79_28934	2;1239;186801;186802;216572;1263;2564099	1.0;1.0;1.0;1.0;1.0;1.0;1.0
k79_1365	2;976;117743;200644;39782;34098	1.0;1.0;1.0;1.0;1.0;1.0
k79_19885	2;544448;31969;186328;2131;2132;2145;1276220	1.0;1.0;1.0;1.0;1.0;1.0;1.0;1.0
k79_6077	2;1239;186801;186802;216572;1263;2564099	1.0;1.0;1.0;1.0;1.0;1.0;1.0
k79_28935	2;1239;186801;3085636;186803;3342669;45851	1.0;1.0;1.0;1.0;1.0;1.0;1.0
k79_33803	2;1224;1236;135622;267888;53246	0.99998;0.99998;0.99998;0.99998;0.99998;0.99998
k79_6080	2;1239;186801;3085636;186803;3342669;45851	1.0;1.0;1.0;1.0;1.0;1.0;1.0
k79_10768	2	0.6179
k79_15153	2;1239;186801;3085636;186803;3342669;45851	1.0;1.0;1.0;1.0;1.0;1.0;1.0
k79_6084	2;1239;186801;186802;31979;1485;1502	0.9986;0.78076;0.76842;0.74115;0.70701;0.707;0.70239
k79_24313	2;1239;186801;186802;216572;2892396;2714353	1.0;1.0;1.0;0.9724;0.9724;0.9724;0.9724
k79_19908	2;1239;186801;186802;31979;1485;238834	0.79449;0.70638;0.63116;0.61014;0.5592;0.55896;0.53341
k79_1384	2;1239;186801;186802;216572;1263;2564099	1.0;1.0;1.0;1.0;1.0;1.0;1.0
k79_6087	2;1239;186801;3082720;543314;1926556;3114296	1.0;0.66208;0.66041;0.59782;0.59781;0.59645;0.59645
k79_24314	2;1239;186801;186802;216572;1263;2564099	1.0;1.0;1.0;1.0;1.0;1.0;1.0
k79_33807	2;1239;186801;3085636;186803;3342669;45851	1.0;1.0;1.0;1.0;1.0;1.0;1.0
k79_19909	2;1239;186801;186802;31979;1485;238834	0.85865;0.81408;0.78655;0.78449;0.78419;0.78419;0.78416
k79_10780	2;1239;186801;186802;216572;1263;2564099	1.0;1.0;1.0;1.0;1.0;1.0;1.0
k79_28953	2;1239;186801	0.92367;0.63217;0.54211
k79_10784	2;976;768503;768507;89373;107;2520506	1.0;0.70392;0.68038;0.68038;0.68038;0.68038;0.68038
k79_15170	2;1239;186801;3085636;186803;2944193;2763672	1.0;1.0;0.99998;0.99998;0.99998;0.99977;0.99977
k79_33820	2;1239;186801;3085636;186803;1164882;617123	1.0;1.0;1.0;1.0;1.0;1.0;1.0
k79_19918	2;1239;186801;186802;216572;244127;169435	1.0;0.99429;0.98871;0.97333;0.90373;0.90133;0.90133
k79_15176	2;1224;1236;91347;1903410	1.0;0.99999;0.99998;0.99998;0.99998
k79_28987	2;1224;1236;2887326;468;469;2715164	1.0;0.99974;0.99974;0.99974;0.99974;0.99974;0.99974
k79_33821	2;1239;186801;3085636;186803;3342669;45851	1.0;1.0;1.0;1.0;1.0;1.0;1.0
k79_1431	2;1239;186801;186802;216572;1263;2564099	1.0;1.0;1.0;1.0;1.0;1.0;1.0
k79_15202	2;1239;186801;3085636;186803;2316020;33038	1.0;1.0;1.0;0.9999;0.9999;0.99985;0.99985
k79_33829	2;1239;186801;186802;31979;1485;1155388	0.99996;0.98536;0.84236;0.84176;0.84081;0.84081;0.73392
k79_15203	2;1239;186801;3085636;186803;572511;53443;476272	1.0;1.0;0.99999;0.96371;0.96371;0.96371;0.96371;0.96371
k79_28999	2;1239;186801;3085636;186803;3342669;45851	1.0;1.0;1.0;1.0;1.0;1.0;1.0
k79_24341	2;976;200643;171549;2005525;375288;823;435591	1.0;0.97142;0.97141;0.97141;0.77323;0.77323;0.77323;0.77323
k79_6124	131567	0.98811
k79_1444	2;201174;1760;85004;31953;1678;216816;1682	0.99985;0.99222;0.99222;0.99222;0.99222;0.99222;0.99222;0.99222
k79_29008	2;1239;186801;3085636;186803;572511;2479767	1.0;0.99998;0.99987;0.99982;0.99982;0.99981;0.99921
k79_33855	2;1239;186801;186802;216572;1263;2564099	1.0;1.0;1.0;1.0;1.0;1.0;1.0
k79_15226	2;1239;186801;3085636;186803;207244;649756;649757	1.0;1.0;1.0;0.99986;0.99986;0.99942;0.99942;0.99942
k79_29022	2;976;200643;171549;815;816;820;997890	1.0;1.0;1.0;1.0;0.9969;0.9969;0.9969;0.9969
k79_6151	2;1239;186801;186802;216572;1263;2564099	1.0;1.0;1.0;1.0;1.0;1.0;1.0
k79_10805	2;1239;186801;186802;31979;1485;97138	1.0;1.0;0.99999;0.99999;0.99999;0.99999;0.99998
k79_6156	2;1239;186801;3085636;186803;3342669;45851	1.0;1.0;1.0;1.0;1.0;1.0;1.0
k79_6161	2;976;200643;171549;815;816;820;997890	1.0;1.0;1.0;1.0;1.0;1.0;0.99965;0.99965
k79_33888	2;976;117743;200644;2762318;59732;1685010	0.9983;0.87339;0.87134;0.87134;0.87133;0.87087;0.87087
k79_1474	2;1239;186801;186802;216572;216851;2929489	1.0;1.0;1.0;1.0;1.0;1.0;1.0
k79_29037	2;976;117743;200644;49546;237;2986829	1.0;1.0;1.0;1.0;1.0;1.0;1.0
k79_24373	2;1239;186801;3085636;186803;3342669;45851	1.0;1.0;1.0;1.0;1.0;1.0;1.0
k79_6166	2;1224;1236;2887326;468;469;106654	1.0;0.86355;0.85901;0.85489;0.85489;0.85489;0.85489
k79_29039	2;1239;186801;186802;216572;1263;2564099	1.0;1.0;1.0;1.0;1.0;1.0;1.0
k79_19980	2;976;200643;171549;815;816;820;997890	1.0;1.0;1.0;1.0;1.0;0.99895;0.99895;0.99895
k79_33892	2;1239;186801;3085636;186803;841;166486;718255	1.0;0.99997;0.99997;0.99997;0.99997;0.99953;0.99952;0.99948
k79_10812	2;976;117743;200644;49546;237;2977321	1.0;0.9989;0.9989;0.9989;0.9989;0.99889;0.99889
k79_15256	2;1239;909932;909929;1843491;158846;437897	1.0;1.0;0.99999;0.99999;0.99999;0.99999;0.99999
k79_33897	2;1239;186801;186802;216572;2892396;2714353	1.0;1.0;0.99998;0.99904;0.99904;0.9981;0.9981
k79_29047	2;1239;186801;3085636;186803;3342669;45851	1.0;1.0;1.0;1.0;1.0;1.0;1.0
k79_19985	2;201174;1760;2037;2049;1654;2708340	1.0;0.99995;0.99995;0.99995;0.99995;0.99995;0.99995
k79_19986	2;1239;186801;3085636;186803;207244;649756;649757	1.0;0.99992;0.9999;0.99978;0.99978;0.99434;0.99434;0.99434
k79_10829	2;1239;186801;3082720;186804;1849822;1490	1.0;0.99999;0.99999;0.99999;0.99999;0.99999;0.99999
k79_6176	2;1239;186801;186802;31979;1485;2483110	1.0;1.0;1.0;1.0;1.0;1.0;1.0
k79_15268	2;200918;188708;2419;1643950;2420;46541	1.0;0.99993;0.99993;0.99993;0.99993;0.99993;0.99993
k79_29053	2;1239;186801;3085636;186803;3342669;45851	1.0;1.0;1.0;1.0;1.0;1.0;1.0
k79_20000	131567	0.75027
k79_29059	2;1239;186801;186802;216572;1263;2564099	1.0;1.0;1.0;1.0;1.0;1.0;1.0
k79_33900	2;1239;186801;3085636;186803;3342669;45851	1.0;1.0;1.0;1.0;1.0;1.0;1.0
k79_6187	2;1239;186801;3082720;186804;1505652;36841;1121315	1.0;1.0;1.0;0.99997;0.99997;0.99997;0.99997;0.99997
k79_10834	2;1239;186801;3085636;186803;3342669;45851	1.0;1.0;1.0;1.0;1.0;1.0;1.0
k79_15275	2;1239;186801;3085636;186803;3342669;45851	1.0;1.0;1.0;1.0;1.0;1.0;1.0
k79_6191	2;976;200643;171549;815;909656;821	1.0;0.99999;0.99999;0.99999;0.99999;0.99991;0.99991
k79_33904	2759;7711;40674;9443;9604;9605;9606	0.99991;0.99991;0.99991;0.99991;0.99991;0.99991;0.99991
k79_29070	2;1239;186801;3085636;186803;207244;649756;649757	1.0;1.0;1.0;1.0;1.0;1.0;1.0;1.0
k79_15285	2;1224;1236;135622;267888;53246	0.99361;0.53772;0.53771;0.53719;0.53719;0.53719
k79_24428	131567	0.99905
k79_10845	2;1239;186801;3085636;186803;28050;39485	1.0;0.99993;0.99993;0.99993;0.99993;0.99993;0.99993
k79_33916	2;976;200643;171549;815;909656;821	0.99458;0.98213;0.98213;0.98213;0.98154;0.92074;0.92073
k79_15288	2759;7711;40674;9443;9604;9605;9606	0.86398;0.86398;0.86398;0.86398;0.86398;0.86398;0.86398
k79_29082	2;1239;91061;1385;3120669;29395;81408	0.99997;0.99996;0.99994;0.99994;0.99994;0.99994;0.99994
k79_24433	2;1239;186801;3085636;186803;2569097;39488	0.99999;0.99999;0.99999;0.99999;0.99999;0.99994;0.99994
k79_29083	2;976;200643;171549;815;909656;821	1.0;0.99997;0.99997;0.99997;0.99996;0.99984;0.99984
k79_33917	2;1239;186801;3085636;186803;3342669;45851	1.0;1.0;1.0;1.0;1.0;1.0;1.0
k79_6216	2;976;200643;171549;815;909656;821	1.0;0.99999;0.99999;0.99999;0.99999;0.99479;0.99479
k79_29088	2	0.67832
k79_24438	2;1239;186801;3085636;186803;3342669;45851	1.0;1.0;1.0;1.0;1.0;1.0;1.0
k79_29092	2759;7711;40674;9443;9604;9605;9606	0.99792;0.99792;0.99792;0.99792;0.99792;0.99792;0.99792
k79_10862	2;1239;186801;3085636;186803;3342669;45851	1.0;1.0;1.0;1.0;1.0;1.0;1.0
k79_1557	2;976;200643;171549;815;816;820;997890	1.0;1.0;1.0;1.0;1.0;0.99213;0.99197;0.99197
k79_10870	2;1239;186801;186802;31979;1485;1216932	0.99953;0.99481;0.99447;0.84342;0.8429;0.84288;0.83323
k79_24455	2	0.76714
k79_33950	2;1239;186801;186802;216572;1263;2564099	1.0;1.0;1.0;1.0;1.0;1.0;1.0
k79_29112	2;1239;186801;186802;216572;459786;2109687	1.0;0.97013;0.96988;0.9661;0.96439;0.95998;0.6743
k79_10879	2;1224	0.99985;0.59306
k79_33952	2;1239;186801;186802;31979;1848399;2599308	0.70809;0.57507;0.57238;0.57194;0.56787;0.56769;0.56769
k79_29116	2;1239;186801;186802;216572;1263;2564099	1.0;1.0;1.0;1.0;1.0;1.0;1.0
k79_6242	2;1239;91061;1385;186818;1372;192421	1.0;0.99338;0.94514;0.94514;0.94483;0.94483;0.94483
k79_29121	2;1239;186801;3085636;186803;2569097;39488	1.0;0.99996;0.99994;0.99993;0.99993;0.99926;0.99926
k79_24466	2;1239;186801;3085636;186803;1164882;617123	0.89066;0.89045;0.8652;0.62329;0.62326;0.62326;0.62326
k79_20005	2;1239;186801;186802;31979;1485;97138	1.0;0.99998;0.99926;0.99926;0.99925;0.99925;0.99906
k79_6257	2;1239;186801;186802	1.0;0.96657;0.80725;0.80464
k79_6259	2;1239;186801;186802;216572;1905344;1550024	1.0;0.99999;0.99998;0.9999;0.9999;0.9996;0.9996
k79_24487	2;1239;186801;186802;31979;1485;238834	0.99855;0.99842;0.99841;0.99061;0.99057;0.99057;0.99057
k79_15313	2;1239;186801	0.99961;0.87352;0.86208
k79_33962	2;1239;186801;3085636;186803;841;1261635	1.0;0.99732;0.9973;0.99567;0.99567;0.97463;0.97454
k79_24488	2;976;117743;200644;49546;292691;411153;411154	0.79449;0.5527;0.5527;0.5527;0.51812;0.51706;0.51706;0.51706
k79_29125	2;1239;91061;186826;33958;1578;147802	1.0;1.0;0.99995;0.99995;0.99995;0.99995;0.99995
k79_20020	2;1239;186801;3085636;186803;2569097;39488	1.0;1.0;0.99999;0.99999;0.99999;0.99997;0.99997
k79_33967	2;976;200643;171549;815;816;820;997890	1.0;0.99972;0.99969;0.99969;0.60158;0.58065;0.57957;0.57957
k79_29130	2;1239;186801;186802;216572;1263;2564099	1.0;1.0;1.0;1.0;1.0;1.0;1.0
k79_33976	2;1239;186801;3085636;186803;2569097;39488	1.0;1.0;0.99999;0.99995;0.99995;0.99974;0.99974
k79_20028	2;1239;186801;186802;216572;1263;2564099	1.0;1.0;1.0;1.0;1.0;1.0;1.0
k79_29133	2;976;200643;171549;815;816;820;997890	1.0;1.0;1.0;1.0;1.0;1.0;1.0;1.0
k79_10894	2;1239;186801;3085636;186803;3342669;45851	1.0;1.0;1.0;1.0;1.0;1.0;1.0
k79_24506	2;1239;186801;186802;216572;216851;853;718252	1.0;1.0;1.0;0.99999;0.99999;0.99999;0.99999;0.99999
k79_33981	2;1239;186801;3085636;186803;3342669;45851	1.0;1.0;1.0;1.0;1.0;1.0;1.0
k79_6275	131567	0.99982
k79_20052	2;1239;186801;186802;216572;1263;2564099	1.0;1.0;1.0;1.0;1.0;1.0;1.0
k79_10916	2;1239;186801;186802;216572;1263;2564099	1.0;1.0;1.0;1.0;1.0;1.0;1.0
k79_6277	2;1239;526524;526525;128827;1729679;1702221	1.0;0.99999;0.99997;0.99997;0.99997;0.99997;0.99997
k79_20055	2;1239;91061;1385;186817;2675233;3117747	1.0;1.0;0.99998;0.99998;0.99998;0.97449;0.97449
k79_10920	2;1239;186801;186802	0.9995;0.72237;0.5949;0.50184
k79_15346	2;1239;91061;1385;186817;2675230;859143	1.0;0.99999;0.99997;0.99997;0.99997;0.99997;0.99997
k79_1651	2;1239;186801;186802;216572;1263;1161942	0.99998;0.99998;0.99934;0.86694;0.86366;0.85906;0.85905
k79_24532	2;976;200643;171549;815;816;820;997890	1.0;1.0;1.0;1.0;1.0;1.0;1.0;1.0
k79_10929	2;1239;186801;186802;216572;1905344;1550024	1.0;0.99988;0.99988;0.99984;0.99983;0.9998;0.9998
k79_10933	131567	0.97862
k79_33998	2;1239;186801;3085636;186803;3342669;45851	1.0;1.0;1.0;1.0;1.0;1.0;1.0
k79_24543	131567	0.96959
k79_29184	2;1239;186801;186802;216572;1263;2564099	1.0;1.0;1.0;1.0;1.0;1.0;1.0
k79_15371	2;1239;186801;3085636;186803;2569097;39488	1.0;1.0;1.0;1.0;1.0;0.99991;0.99991
k79_1679	2;1239;91061;1385;186817;1386;1405	1.0;0.9999;0.9999;0.9999;0.9999;0.99989;0.99989
k79_24561	2;976;200643;171549;815;909656;821	0.99995;0.92055;0.92051;0.92051;0.60363;0.60161;0.60161
k79_1682	2;1239;186801;186802;216572;1263;1161942	1.0;0.99907;0.99726;0.86588;0.86359;0.66002;0.66002
k79_34004	2;1239;186801;3085636;186803;3342669;45851	1.0;1.0;1.0;1.0;1.0;1.0;1.0
k79_20105	2;1239;186801;186802;216572;1263;2564099	1.0;1.0;1.0;1.0;1.0;1.0;1.0
k79_24581	2;1239;186801;186802;31979;1485;2930219	1.0;0.99989;0.99575;0.99059;0.99059;0.9902;0.96607
k79_1695	2;1239;186801;3082720;186804;2743582;89152	0.85686;0.85339;0.82562;0.70527;0.70523;0.70519;0.70519
k79_29209	2;976;200643;171549;815;909656;821	1.0;0.99856;0.99855;0.99855;0.99821;0.99113;0.99113
k79_10949	2;1239;91061;1385;186817;182709;2954748	1.0;1.0;0.99998;0.99998;0.99998;0.99998;0.99998
k79_34018	2;1239;186801;3085636;186803;841;301301	1.0;1.0;1.0;1.0;1.0;1.0;1.0
k79_29234	2;976;117743;200644;49546;252356;2976127	1.0;1.0;1.0;1.0;1.0;1.0;1.0
k79_34019	2;1239;186801;186802;216572;216851;853;657322	1.0;1.0;1.0;1.0;1.0;0.999;0.99899;0.99899
k79_15397	2;1224;1236;91347;1903410	0.99999;0.82497;0.82493;0.82487;0.82487
k79_15407	2;1239;186801;3082720;186804;214904;2925782	1.0;1.0;0.99994;0.99994;0.99994;0.99994;0.99994
k79_20124	2;1239;186801;3085636;186803;2569097;39488	1.0;1.0;1.0;1.0;1.0;0.99946;0.99946
k79_6293	2;1239;186801;3085636;186803;3342669;45851	1.0;1.0;1.0;1.0;1.0;1.0;1.0
k79_15416	2;1239;186801;186802;216572;1263;2564099	1.0;1.0;1.0;1.0;1.0;1.0;1.0
k79_24651	2;976;200643;171549;815;816;820;997890	1.0;1.0;1.0;1.0;1.0;1.0;1.0;1.0
k79_29242	2;1239;186801;3085636;186803;3342669;45851	1.0;1.0;1.0;0.99999;0.99999;0.99999;0.99999
k79_20128	2;1239;186801;3085636;186803;3342669;45851	1.0;1.0;1.0;1.0;1.0;1.0;1.0
k79_11004	2;1239;186801;186802;31979;1485;2930219	1.0;1.0;1.0;0.97455;0.97455;0.97454;0.97334
k79_15423	2;1239;186801;3085636;186803;572511;2479767	1.0;0.99997;0.99992;0.99991;0.99991;0.99991;0.99991
k79_34056	2;1239;186801;3085636;186803;2316020;33039;657313	1.0;1.0;1.0;1.0;1.0;0.99995;0.99995;0.99995
k79_15439	2;1239;186801;3085636;186803;2944193;2763672	1.0;1.0;1.0;0.99999;0.99999;0.99998;0.99998
k79_34065	2;1239;186801;3085636;186803;3342669;45851	1.0;1.0;1.0;1.0;1.0;1.0;1.0
k79_1774	2;1239;186801;186802	1.0;0.94519;0.9447;0.58056
k79_1775	2;1239;186801;186802;31979;1485;1155388	1.0;1.0;1.0;1.0;1.0;1.0;1.0
k79_29250	2;1239;186801;3085636;186803;2569097;39488	1.0;0.99945;0.9828;0.75797;0.75796;0.75319;0.75319
k79_6324	2;1239;91061;1385;90964;1279;1282	1.0;0.99996;0.99993;0.99992;0.99992;0.99992;0.99984
k79_20142	2;1239;186801;3085636;186803;3342669;45851	1.0;1.0;1.0;1.0;1.0;1.0;1.0
k79_29252	2;1239;186801;3085636;186803;841;301301	1.0;1.0;1.0;1.0;1.0;1.0;1.0
k79_15467	2;1239;186801;3085636;186803;207244;649756;649757	1.0;1.0;1.0;1.0;1.0;1.0;1.0;1.0
k79_24662	2;1239;186801;186802;216572;459786;2109687	1.0;0.99999;0.99992;0.99979;0.99979;0.99971;0.9997
k79_1799	2;976;200643;171549;815;816;28116	0.99959;0.84078;0.81908;0.81908;0.8182;0.78968;0.78952
k79_15468	2;1239;186801;186802;216572;459786;2763056	1.0;0.99994;0.99993;0.99993;0.99992;0.99868;0.99868
k79_29259	2;1239;186801;3085636;186803;841;166486;657315	1.0;1.0;1.0;1.0;1.0;1.0;1.0;1.0
k79_15473	2;1239;186801;186802;216572;459786;2109687	1.0;0.99999;0.99998;0.99991;0.99991;0.99987;0.99987
k79_24674	2;1239;186801;3085636;186803;2569097;39488	1.0;1.0;1.0;1.0;1.0;1.0;1.0
k79_6332	2;976;117743;200644;2762318;3088764;2758037	1.0;1.0;1.0;1.0;1.0;1.0;1.0
k79_29269	2;1239;186801;186802;216572;216851;2929495	1.0;0.99996;0.99996;0.99995;0.99995;0.99792;0.99773
k79_20157	2;1239;186801;3085636;186803;841;1261634	1.0;1.0;1.0;1.0;1.0;0.99999;0.99999
k79_20160	2;1239;186801;3085636;186803;2569097;39488	1.0;1.0;1.0;0.99999;0.99999;0.99981;0.99981
k79_34093	2;976;200643;171549;815;816;817;457424	1.0;0.99999;0.99999;0.99999;0.99999;0.99832;0.5772;0.5772
k79_15487	2;976;200643;171549;2005525;375288;823;435591	1.0;0.99574;0.99569;0.99569;0.99568;0.99568;0.99568;0.99568
k79_1827	2;1239;186801;3085636;186803;3342669;45851	1.0;1.0;1.0;1.0;1.0;1.0;1.0
k79_6352	2;1239;186801;3085636;186803;830;831	1.0;0.98342;0.98335;0.98244;0.98244;0.98243;0.98243
k79_15493	2;1239;91061;186826;33958;2767890;293371;1423778	1.0;1.0;1.0;1.0;1.0;1.0;1.0;1.0
k79_29284	2;976;200643;171549;2005525;375288;823;435591	1.0;0.99992;0.99992;0.99992;0.99988;0.99988;0.99988;0.99988
k79_24683	2759;7711;40674;9443;9604;9605;9606	0.71188;0.71188;0.71188;0.71188;0.71188;0.71188;0.71188
k79_29293	2;1239;186801;186802;216572;459786;2109687	1.0;0.99969;0.99929;0.99868;0.99868;0.98011;0.97908
k79_20176	2;976;200643;171549;815;909656;821	1.0;0.99992;0.99992;0.99992;0.99983;0.83602;0.83602
k79_34112	2;1239;186801;3085636;186803;3342669;45851	0.99996;0.98664;0.98455;0.85794;0.85794;0.57832;0.57832
k79_24684	2;1239;186801;186802;31979;1485;1534	0.99976;0.99974;0.99062;0.99056;0.99051;0.99051;0.98988
k79_11064	2;1239;186801;3085636;186803;3342669;45851	1.0;1.0;1.0;1.0;1.0;1.0;1.0
k79_29296	2;1239;186801;186802;31979;1485;2507159	1.0;0.99958;0.99956;0.99951;0.99951;0.99951;0.99946
k79_11071	2;1239;186801;186802;216572;1263;2564099	0.99593;0.6354;0.62511;0.50249;0.50174;0.50058;0.50057
k79_34120	2;1239;186801;186802;216572;459786;2109687	1.0;0.99998;0.99998;0.99998;0.99998;0.99997;0.99997
k79_6383	2;976;200643;171549;815;816;820;997890	1.0;0.99999;0.99999;0.99999;0.99999;0.80843;0.8084;0.8084
k79_34121	2;1239	1.0;0.51188
k79_6387	2;1239;186801;186802;216572;1263;2564099	1.0;1.0;1.0;1.0;1.0;1.0;1.0
k79_6388	2;976;200643;171549;2005525;375288;46503	1.0;0.99993;0.99992;0.99992;0.99965;0.99965;0.99965
k79_11075	2;976;117743;200644;2762318;59732;1685010	1.0;1.0;1.0;1.0;1.0;1.0;1.0
k79_24716	2;1239;186801;186802;31979;1155385;3036945	0.99557;0.99091;0.98877;0.91031;0.81129;0.79893;0.79893
k79_15508	2;1239;186801;3085636;186803;3342669;45851	1.0;1.0;1.0;1.0;1.0;0.99999;0.99999
k79_6396	2;976;200643;171549;815;909656;821	1.0;0.99999;0.99998;0.99998;0.99998;0.99995;0.99995
k79_11083	2;1239;186801;186802;31979;1485;3070681	1.0;1.0;0.99999;0.99997;0.99997;0.99997;0.99991
k79_11084	2;1239;186801;186802;216572;1263;2564099	1.0;1.0;1.0;1.0;1.0;1.0;1.0
k79_15512	2;1239;186801;186802;216572;1263;657323	1.0;1.0;1.0;0.99984;0.99983;0.99965;0.99965
k79_6401	2;1239;909932;1843489;31977;39948;2161821	1.0;1.0;1.0;1.0;1.0;1.0;1.0
k79_34139	2;1239;186801;3085636;186803;3342669;45851	1.0;1.0;1.0;1.0;1.0;1.0;1.0
k79_1898	2;976;200643;171549;171550;239759;214856;679935	1.0;0.99992;0.99992;0.99992;0.70353;0.70353;0.62011;0.62011
k79_6412	2;976;200643;171549;815;816;820;997890	1.0;1.0;1.0;1.0;0.99973;0.99973;0.99971;0.99971
k79_24727	131567	0.85805
k79_11102	2;1239;186801;186802;216572;1263;2564099	1.0;1.0;1.0;1.0;1.0;1.0;1.0
k79_34154	2;1239;186801;3082720;186804;1870884;1496	1.0;0.99998;0.99998;0.99998;0.99998;0.99998;0.99998
k79_1911	2157;2283796;183967;2301;1747776;1747777;1673428	0.99999;0.99998;0.99998;0.99998;0.99998;0.99998;0.99998
k79_34168	2;976;200643;171549;2005525;375288;823;435591	1.0;0.53963;0.53962;0.53962;0.53957;0.53957;0.53957;0.53957
k79_1929	2;1239;186801;3085636;186803;33042;33043	1.0;1.0;1.0;1.0;1.0;1.0;1.0
k79_29351	2;1239;186801;3085636;186803;3342669;45851	1.0;1.0;1.0;1.0;1.0;1.0;1.0
k79_1932	2;1239;186801;186802;216572;1263;2564099	1.0;1.0;1.0;1.0;1.0;1.0;1.0
k79_15523	2;1239;91061;1385;186817;2800373;1402861	1.0;1.0;1.0;1.0;1.0;0.99999;0.99999
k79_6443	2;32066;203490;203491;203492;848	1.0;0.96831;0.96831;0.96831;0.96831;0.96831
k79_15524	2;1239;186801;3085636;186803;3342669;45851	1.0;1.0;1.0;1.0;1.0;1.0;1.0
k79_11103	2;1239;186801;3085636;186803;3342669;45851	1.0;1.0;1.0;1.0;1.0;1.0;1.0
k79_20240	2;1239;186801;3085636;186803;33042;116085	1.0;0.99983;0.9993;0.99929;0.99929;0.99794;0.99794
k79_20241	2;1239;186801;186802;216572;1508657;2488810	1.0;1.0;1.0;1.0;1.0;1.0;1.0
k79_34194	2;1239;186801;3085636;186803;2316020;46228;471875	1.0;1.0;1.0;1.0;1.0;0.99999;0.99998;0.99998
k79_11105	2;1239;186801;3085636;186803;3342669;45851	1.0;1.0;1.0;0.99995;0.99995;0.99995;0.99995
k79_11108	2;1239;91061;1385;186818;1372;1499687	1.0;0.99851;0.84249;0.83264;0.83263;0.83261;0.83261
k79_34197	2;976;200643;171549;815;816;820;997890	1.0;1.0;1.0;1.0;1.0;1.0;1.0;1.0
k79_24729	2;1239;186801;3085636;186803;3342669;45851	1.0;1.0;1.0;1.0;1.0;1.0;1.0
k79_6462	2;976;200643;171549;815;816;817;457424	1.0;0.99999;0.99999;0.99999;0.99999;0.99999;0.99999;0.99999
k79_34207	2;1239;186801;3085636;186803;572511;418240;1121115	1.0;1.0;0.99998;0.99975;0.99975;0.99972;0.99914;0.99914
k79_15558	2;976;117743;200644;2762318;28250;2497989	1.0;0.99993;0.99993;0.99993;0.99993;0.99993;0.99993
k79_24743	2;1239;186801;186802;216572;1263;2564099	1.0;1.0;1.0;1.0;1.0;1.0;1.0
k79_6468	2;1239;186801;186802;216572;1263;2564099	1.0;1.0;1.0;1.0;1.0;1.0;1.0
k79_11127	2;1239;186801;186802;216572;1263;2564099	1.0;0.99999;0.99997;0.99997;0.99997;0.99997;0.99997
k79_34212	2;1239;186801;3085636;186803;841;166486;718255	1.0;1.0;1.0;1.0;1.0;0.99999;0.99996;0.99996
k79_20251	2;1239;1737404;1737405;1570339;165779;33034;525919	0.99999;0.99998;0.99998;0.99998;0.99998;0.99998;0.99998;0.99998
k79_15563	2;1239;186801;3085636;186803;3342669;45851	1.0;1.0;1.0;1.0;1.0;1.0;1.0
k79_29355	2;1239;186801;3085636;186803;3342669;45851	1.0;1.0;1.0;1.0;1.0;1.0;1.0
k79_24751	2;976;200643;171549;815;909656;821	1.0;1.0;1.0;1.0;1.0;1.0;1.0
k79_24752	2;976;200643;171549;815;816;820;997890	1.0;1.0;1.0;1.0;1.0;1.0;1.0;1.0
k79_15566	2;976;200643;171549;2005525;375288;823;435591	1.0;0.99351;0.9935;0.9935;0.99325;0.99325;0.99325;0.99325
k79_11130	2;1239;186801;3085636;186803;3342669;45851	1.0;1.0;1.0;1.0;1.0;1.0;1.0
k79_20258	2;1239;91061;186826;81852;1350;1351	1.0;1.0;1.0;1.0;1.0;1.0;1.0
k79_11132	2;1239;91061;1385;186817;1386;155322	0.99999;0.99428;0.99306;0.99299;0.99299;0.99299;0.99299
k79_29361	2;976;200643;171549;815;816;151276;679937	1.0;0.84657;0.84657;0.84657;0.84657;0.84657;0.84657;0.84657
k79_6473	2;1239;186801;186802;216572;216851;2929491	1.0;0.9997;0.9997;0.99969;0.99939;0.99939;0.99939
k79_20259	2;1239;186801;3085636;186803;3342669;45851	1.0;1.0;1.0;1.0;1.0;1.0;1.0
k79_1935	2;1239;186801;3085636;186803;3342669;45851	1.0;1.0;1.0;1.0;1.0;1.0;1.0
k79_34233	2759;7711;40674;9443;9604;9605;9606	0.99999;0.99999;0.99999;0.99999;0.99999;0.99999;0.99999
k79_15585	2;976;200643;171549;815;816;820;997890	1.0;1.0;1.0;1.0;1.0;1.0;1.0;1.0
k79_11144	2;1239;186801;186802;216572;1263;2564099	1.0;0.99999;0.99988;0.99988;0.99988;0.99988;0.99988
k79_34242	2;1239;186801;3085636;186803;3342669;45851	1.0;1.0;0.99999;0.99998;0.99998;0.99931;0.99931
k79_29371	2;1239;186801;186802;216572	1.0;0.98797;0.53434;0.52282;0.522
k79_1950	2;976;200643;171549;815;816;817;457424	1.0;0.9999;0.9999;0.9999;0.9999;0.9999;0.99989;0.99989
k79_1952	2;1239;91061;1385;186817;2837506;2499688	0.9999;0.99862;0.98702;0.98702;0.98664;0.98661;0.98659
k79_15607	2;976;200643;171549;815;816;28111	1.0;0.99996;0.99996;0.99996;0.99996;0.99996;0.99994
k79_11155	2;1239;186801;186802;31979;1485;238834	1.0;1.0;1.0;1.0;1.0;1.0;1.0
k79_20271	2;1239;186801	0.99875;0.96184;0.5509
k79_1962	2;1239;91061;186826;33958;1578;147802	0.99998;0.99998;0.99998;0.99998;0.99998;0.99998;0.99998
k79_1966	2;1239;186801;3085636;186803;841;301301	1.0;0.99998;0.99982;0.56112;0.56112;0.5609;0.5609
k79_24780	2;203691;203692;136;2845253;2967962;2880008	1.0;0.97344;0.97344;0.97344;0.97344;0.97344;0.97344
k79_6499	2;1239;186801;186802;216572;1263;2564099	1.0;0.99999;0.99998;0.99998;0.99998;0.99998;0.99998
k79_15627	2;1239;186801;186802;216572;1263;2564099	0.99993;0.98612;0.96124;0.90529;0.90424;0.90422;0.9042
k79_15629	2;1239;91061;186826;81852;1350;1354	0.99987;0.98113;0.9738;0.97379;0.97375;0.97375;0.97375
k79_11185	2;1239;186801;3085636;186803;572511;2479767	1.0;0.99997;0.91585;0.91568;0.91568;0.91544;0.9154
k79_20303	2;1239;186801;3085636;186803;841;2763062	1.0;1.0;1.0;1.0;1.0;1.0;1.0
k79_6514	2;1239	0.58955;0.51465
k79_1988	2;976;200643;171549;815;816;818	1.0;0.99149;0.99143;0.99143;0.99143;0.99142;0.99112
k79_20312	2;1239;186801;186802;31979;1485;641107	0.97376;0.93328;0.87741;0.6596;0.6596;0.65953;0.64197
k79_29404	2;1239;186801;186802;216572;1263;2564099	1.0;1.0;1.0;1.0;1.0;1.0;1.0
k79_11200	2;1239;186801;186802;216572;1263;2564099	1.0;1.0;1.0;1.0;1.0;1.0;1.0
k79_24810	2759;7711;40674;9443;9604;9605;9606	0.99994;0.99994;0.99994;0.99994;0.99994;0.99994;0.99994
k79_1997	2;1239;91061;186826;1300;1301;1307;423211	0.92028;0.91764;0.70615;0.56459;0.56456;0.56456;0.56432;0.56432
k79_11202	2;1239;186801;3085636;186803;3342669;45851	1.0;1.0;1.0;1.0;1.0;1.0;1.0
k79_2001	2;1239;186801;3085636;186803;28050;39485	1.0;1.0;1.0;0.99998;0.99998;0.99998;0.99998
k79_20318	2;1239;186801;3085636;186803;3342669;45851	1.0;1.0;1.0;1.0;1.0;1.0;1.0
k79_20323	2;976;200643;171549;815;909656;821	1.0;1.0;1.0;1.0;1.0;0.99999;0.99999
k79_29417	2;1239;91061;1385;186818;1372;192421	1.0;0.99795;0.61503;0.61503;0.61499;0.61499;0.61499
k79_20333	2;976;200643;171549;171550;239759;328814;717959	1.0;1.0;1.0;1.0;0.99981;0.99981;0.99981;0.99981
k79_15630	2;1239;186801;3085636;186803;3342669;45851	1.0;1.0;1.0;1.0;1.0;1.0;1.0
k79_6565	2759;7711;40674;9443;9604;9605;9606	0.99995;0.99995;0.99995;0.99995;0.99995;0.99995;0.99995
k79_24826	2;1239;186801;3085636;186803;3342669;45851	1.0;1.0;1.0;1.0;1.0;1.0;1.0
k79_11222	2;1239;186801;186802;31979;1485;1509	1.0;0.99976;0.99966;0.99966;0.99966;0.99966;0.99966
k79_6572	2;1239;186801;3085636;186803;3342669;45851	1.0;1.0;1.0;1.0;1.0;1.0;1.0
k79_15638	2;1239;186801;3085636;186803;3342669;45851	1.0;1.0;1.0;1.0;1.0;1.0;1.0
k79_2030	2;1239;186801;186802;31979;1485;3070681	1.0;0.88289;0.87817;0.8761;0.87608;0.87607;0.55854
k79_20352	2;976;200643;171549;815;909656;821	0.99963;0.99932;0.99931;0.99931;0.99931;0.99931;0.99931
k79_15646	2;1239;186801;186802;216572;1905344;1550024	1.0;1.0;1.0;1.0;1.0;1.0;1.0
k79_6577	2;1239;186801;3085636;186803;3342669;45851	1.0;1.0;1.0;1.0;1.0;1.0;1.0
k79_6579	2;1239;186801;3085636;186803;841;301301	1.0;1.0;1.0;1.0;1.0;1.0;1.0
k79_15653	2;1239;186801;3085636;186803;3342669;45851	1.0;1.0;1.0;1.0;1.0;1.0;1.0
k79_15655	2;1239;186801;186802;216572;459786;2109687	1.0;0.9224;0.83749;0.79907;0.79783;0.77954;0.76918
k79_2046	2;976;200643;171549;2005525;375288;823;435591	1.0;1.0;1.0;1.0;0.99999;0.99999;0.99999;0.99999
k79_24838	2;1239;186801;186802;216572;1263;2564099	1.0;1.0;1.0;1.0;1.0;1.0;1.0
k79_6591	2;1239;186801;186802;216572;1263;2564099	1.0;0.99998;0.99998;0.99997;0.99997;0.99997;0.99997
k79_24841	2;1239;186801;186802;216572;1263;2564099	0.98482;0.98481;0.9848;0.98479;0.98476;0.98476;0.98476
k79_11252	2;1239;186801;186802;31979;1155385;3036945	0.99999;0.9979;0.99785;0.98949;0.88295;0.87481;0.87481
k79_20357	2;1239;186801;3085636;186803;3342669;45851	1.0;1.0;1.0;1.0;1.0;1.0;1.0
k79_24851	2;1239;186801;186802;31979;1485;238834	0.99973;0.96406;0.92553;0.89971;0.89965;0.89965;0.82754
k79_2062	2;1239;186801;186802;216572;1263;2564099	1.0;1.0;1.0;1.0;1.0;1.0;1.0
k79_2063	2;976;200643;171549;815;816;820;997890	1.0;1.0;1.0;1.0;1.0;0.99989;0.99989;0.99989
k79_24853	2759;7711;40674;9443;9604;9605;9606	0.99996;0.99996;0.99996;0.99996;0.99996;0.99996;0.99996
k79_11259	2;1239;186801;3085636;186803;2569097;39488	1.0;0.99999;0.99999;0.99999;0.99999;0.99992;0.99992
k79_34309	2;1239;186801;186802;31979;1434026;2999116	1.0;1.0;1.0;1.0;1.0;0.99995;0.99995
k79_11263	2;1239;186801;186802;216572;1263;2564099	1.0;1.0;0.99999;0.99955;0.99955;0.99955;0.99955
k79_20360	2;976;200643;171549;815;909656;821	1.0;0.99846;0.99846;0.99846;0.99844;0.99844;0.99844
k79_15683	2;1224;28216;206389;2008794;12960;198107	1.0;0.99964;0.99964;0.99964;0.99964;0.99964;0.99964
k79_6600	2;1239;186801;3085636;186803;2569097;39488	1.0;1.0;1.0;0.99999;0.99999;0.99983;0.99983
k79_6601	2;976;768503;768507;89373;107;2520506	0.99999;0.98585;0.72814;0.72814;0.72814;0.72814;0.72814
k79_11274	2;1239;91061;1385;186817;1386;1405	1.0;1.0;1.0;1.0;1.0;1.0;1.0
k79_24859	2;976;200643;171549;171550;239759;1288121	1.0;0.99173;0.99173;0.99173;0.99061;0.99061;0.97653
k79_6606	2;1239;186801;186802;216572;1263;2564099	1.0;1.0;1.0;1.0;1.0;1.0;1.0
k79_6610	2;976;200643;171549;815;816;818	0.99994;0.97911;0.9791;0.9791;0.97567;0.89998;0.72546
k79_34311	2;1239;186801;3085636;186803;3342669;45851	1.0;1.0;1.0;1.0;1.0;1.0;1.0
k79_20364	2;1239;186801;3085636;186803;3342669;45851	1.0;1.0;1.0;1.0;1.0;1.0;1.0
k79_24884	2759;7711;40674;9443;9604;9605;9606	0.99974;0.99974;0.99974;0.99974;0.99974;0.99974;0.99974
k79_29424	2;1239;186801;186802;31979;1485;704125	1.0;0.99999;0.99978;0.99978;0.99974;0.99957;0.93592
k79_2096	2;1239;91061;1385;186817;182709;2052660	1.0;1.0;1.0;1.0;1.0;1.0;1.0
k79_29430	2;74201;203494;48461;1647988;239934;239935	1.0;0.99905;0.99905;0.99905;0.99905;0.99905;0.99905
k79_34326	2;976;200643;171549;815;816;371601;657309	1.0;1.0;1.0;1.0;1.0;1.0;0.99999;0.99999
k79_2116	2;1239;186801;3082720;186804;1505652;36841;1121315	1.0;0.97218;0.96858;0.96829;0.96827;0.9651;0.9651;0.9651
k79_34347	2;1239;909932;1843489;31977;906;2144175	1.0;1.0;1.0;1.0;1.0;1.0;1.0
k79_6629	2;1239;186801;186802;216572;2892396;2714355	0.99998;0.99548;0.99539;0.91719;0.80381;0.63585;0.63585
k79_20389	2;976;200643;171549;815;909656;821	0.99999;0.99998;0.99998;0.99998;0.99998;0.99997;0.99997
k79_2121	2;1224;28211;204441;2829815;191;2202148	1.0;0.99999;0.99999;0.99999;0.99999;0.99999;0.99999
k79_15743	2;1239;186801;186802;31979;1485;1494	0.89375;0.89375;0.87001;0.87;0.87;0.87;0.86261
k79_6631	2;976;200643;171549;815;816;820;997890	1.0;1.0;1.0;1.0;1.0;0.99722;0.99721;0.99721
k79_20390	2;1239;186801;186802;31979;1485;1513	1.0;1.0;0.99999;0.99999;0.99999;0.99999;0.99998
k79_29438	2;1239;186801;3085636;186803;841;166486;718255	1.0;1.0;1.0;0.99999;0.99999;0.99999;0.99999;0.99999
k79_2125	2;1239;186801;3085636;186803;3342669;45851	1.0;1.0;1.0;1.0;1.0;1.0;1.0
k79_11303	2;1239;91061;1385;186817;1386;1547283	1.0;1.0;1.0;1.0;1.0;1.0;1.0
k79_15756	2;1224;28211;766;942;953;2640676	0.95714;0.60024;0.59901;0.59871;0.59871;0.59871;0.59871
k79_34367	2;1239;186801;3085636;186803;2316020;46228;471875	1.0;1.0;1.0;0.99999;0.99999;0.99986;0.99986;0.99986
k79_2133	2;1239;186801;186802;216572;1263;2564099	1.0;0.99664;0.99229;0.99195;0.99187;0.99183;0.99163
k79_11324	131567	0.82059
k79_11327	2;1239;186801;186802;216572;1263;2564099	1.0;1.0;1.0;1.0;1.0;1.0;1.0
k79_2152	2;1239;186801;186802;216572;1263;2564099	1.0;1.0;1.0;1.0;1.0;1.0;1.0
k79_15783	2;1239;186801;3085636;186803;3342669;45851	1.0;1.0;1.0;1.0;1.0;1.0;1.0
k79_20431	2;1239;186801;186802;31979;1485;1509	0.99844;0.99814;0.99661;0.99661;0.99661;0.99652;0.99652
k79_2159	2;976;200643;171549;815;909656;821	1.0;0.99999;0.99999;0.99999;0.99999;0.99989;0.99989
k79_34403	2;976;117743;200644;2762318;3088764;2758037	0.99238;0.95925;0.95925;0.95925;0.95925;0.95925;0.95925
k79_20437	2;1239;186801;186802;216572;1263;2564099	1.0;1.0;1.0;1.0;1.0;1.0;1.0
k79_11340	2;976;200643;171549;815;816;817;457424	1.0;0.99994;0.99994;0.99994;0.99994;0.99991;0.998;0.998
k79_34409	2;1239;186801;3085636;186803;3342669;45851	1.0;1.0;1.0;1.0;1.0;0.99999;0.99999
k79_2176	2;1239;186801;3085636;186803;3342669;45851	1.0;1.0;1.0;1.0;1.0;1.0;1.0
k79_11348	131567	0.93152
k79_15790	2;1224;28211;356;772;773;2961895	1.0;1.0;1.0;1.0;1.0;1.0;1.0
k79_20455	2;1239;186801;3085636;186803;1766253;39491;657318	1.0;0.99991;0.99991;0.99991;0.99991;0.99985;0.99985;0.99984
k79_2191	2;1224;28211;356;772;773;56426	1.0;0.99972;0.99972;0.99972;0.99972;0.99972;0.99972
k79_2192	2759;7711;40674;9443;9604;9605;9606	0.99386;0.99386;0.99386;0.99386;0.99386;0.99386;0.99386
k79_20466	2;1239;186801;186802;216572;1263;2564099	1.0;1.0;1.0;1.0;1.0;1.0;1.0
k79_24903	2;1239;186801;186802;31979;1485;641107	0.9992;0.99884;0.99881;0.9988;0.99877;0.99877;0.99307
k79_2209	2;976;200643;171549;171552;2974251;165179	0.99509;0.96287;0.96145;0.96145;0.9597;0.9597;0.9597
k79_15811	2;1239;186801;186802;216572;1263;2564099	1.0;1.0;1.0;1.0;1.0;1.0;1.0
k79_24912	2;1239;186801;186802;216572;1263;2564099	1.0;1.0;1.0;1.0;1.0;1.0;1.0
k79_20490	2;1239;91061;1385;186817;1386;1428	1.0;1.0;1.0;1.0;1.0;1.0;1.0
k79_24917	2;976;200643;171549;815;909656;821	1.0;1.0;1.0;1.0;1.0;0.99991;0.99991
k79_11375	2759;7711;40674;9443;9604;9605;9606	0.99969;0.99969;0.99969;0.99969;0.99969;0.99969;0.99969
k79_34421	2;1239;186801;3085636;186803;2316020;33039;657313	1.0;0.99993;0.99985;0.99981;0.99981;0.99975;0.99974;0.99974
k79_34425	131567	0.64325
k79_20500	2;1239;186801;3085636;186803;1649459;154046	1.0;1.0;1.0;1.0;1.0;1.0;1.0
k79_34435	2;1239;186801;3085636;186803;207244;649756;649757	1.0;0.99995;0.99965;0.99965;0.99965;0.99965;0.99965;0.99965
k79_6663	2;1239;186801;186802;31979;1485;97138	1.0;0.99853;0.99392;0.99384;0.99371;0.99371;0.52614
k79_34439	2;1239;186801;3085636;186803;189330;39486	0.99999;0.99999;0.99986;0.99204;0.99204;0.9576;0.95759
k79_6669	2;1239;186801;186802;216572;1263;2564099	1.0;1.0;1.0;1.0;1.0;1.0;1.0
k79_11411	2;1239;186801;3085636;186803;2316020;33038	1.0;1.0;1.0;0.99972;0.99972;0.9989;0.9989
k79_34449	2;1239;186801;186802	1.0;0.83053;0.52106;0.52069
k79_34453	2;1239;186801;186802;216572;2892396;2714353	1.0;1.0;1.0;1.0;1.0;0.99636;0.99634
k79_34455	2;1239;186801;3085636;186803;830;831	1.0;1.0;1.0;1.0;1.0;1.0;1.0
k79_2257	2;1239;186801;3085636;186803;3342669;45851	1.0;1.0;1.0;1.0;1.0;1.0;1.0
k79_2260	2759;7711;40674;9443;9604;9605;9606	0.99884;0.99884;0.99884;0.99884;0.99884;0.99884;0.99884
k79_24963	2;1239;186801;186802;216572;216851;853;718252	1.0;1.0;1.0;0.99953;0.99953;0.99952;0.99952;0.99952
k79_34459	2;976;200643;171549;815;816;820;997890	1.0;1.0;1.0;1.0;1.0;1.0;1.0;1.0
k79_15861	2;1239;186801;186802;216572;1263;2564099	1.0;1.0;1.0;1.0;1.0;1.0;1.0
k79_24972	2;1239;186801;3085636;186803;841;1261635	1.0;1.0;1.0;1.0;1.0;0.9999;0.99989
k79_6681	2;1239;186801;3085636;186803;3342669;45851	1.0;1.0;1.0;1.0;1.0;1.0;1.0
k79_20535	2;544448;31969;186328;2131;2132;2145;1276220	1.0;1.0;1.0;1.0;1.0;1.0;1.0;1.0
k79_6688	2;1239;186801;3085636;186803;841;301301	1.0;1.0;1.0;1.0;1.0;1.0;1.0
k79_34483	2;1239;186801;3085636;186803;841;301301	1.0;0.99988;0.99985;0.99695;0.99695;0.99688;0.99688
k79_15870	2;1239;186801;3085636;186803;3342669;45851	1.0;1.0;1.0;1.0;1.0;0.99999;0.99999
k79_24997	2;976;200643;171549;815;909656;821	1.0;1.0;1.0;1.0;1.0;0.99998;0.99998
k79_25003	2;1239;186801;3085636;186803;3342669;45851	1.0;1.0;1.0;1.0;1.0;1.0;1.0
k79_20554	2;1239;186801;3085636;186803;572511;40520;657314	1.0;1.0;0.99998;0.99986;0.99986;0.99952;0.99951;0.99951
k79_29507	2;1239;186801;3085636;186803;3342669;45851	1.0;1.0;1.0;1.0;1.0;1.0;1.0
k79_2284	2;976;200643;171549;815;816;820;997890	1.0;1.0;1.0;1.0;1.0;0.99999;0.99999;0.99999
k79_15893	2;1239	1.0;0.64952
k79_15894	131567	0.99968
k79_11470	2759;7711;40674;9443;9604;9605;9606	0.99998;0.99998;0.99998;0.99998;0.99998;0.99998;0.99998
k79_34502	2;1239;186801;186802;31979;1485;704125	0.99692;0.99688;0.99676;0.99675;0.99651;0.99651;0.57846
k79_20573	2;1224;28211;356;41294;374;1355477	1.0;1.0;1.0;1.0;1.0;1.0;1.0
k79_6743	2;1239;186801;3085636;186803;2569097;39488	1.0;1.0;1.0;0.99998;0.99998;0.99993;0.99993
k79_29518	2;1224;1236;118969;444;445;446;91890	1.0;1.0;0.99997;0.99997;0.99997;0.99997;0.99997;0.99997
k79_20577	2;1239;186801;186802;31979;1485;2483110	0.87504;0.83719;0.82945;0.79801;0.79333;0.78873;0.67496
k79_25033	2;976;200643;171549;815;909656;821	1.0;1.0;1.0;1.0;0.99999;0.99958;0.99958
k79_15912	2;1239;186801;3085636;186803;3342669;45851	1.0;1.0;1.0;1.0;1.0;1.0;1.0
k79_29526	2;1239;186801;186802;216572;244127;169435	0.99997;0.76426;0.76421;0.75515;0.7551;0.75504;0.75504
k79_34540	2;1239;186801;186802;216572;2892396;2714355	1.0;0.99999;0.99999;0.99996;0.99996;0.99996;0.99996
k79_15924	2;976;200643;171549;815;909656;821	1.0;1.0;1.0;1.0;1.0;0.99999;0.99999
k79_29530	2;1239;186801;186802;31979;1485;1561	1.0;0.99988;0.99988;0.99982;0.99982;0.99982;0.99981
k79_6762	2;976;200643;171549;815;816;817;457424	1.0;0.99997;0.99997;0.99997;0.99997;0.99997;0.99997;0.99997
k79_6765	2	0.5533
k79_25053	2;1239;186801;3085636;186803;3342669;45851	1.0;1.0;1.0;1.0;1.0;1.0;1.0
k79_15928	2;1239;186801;3085636;186803;3342669;45851	1.0;1.0;1.0;1.0;1.0;1.0;1.0
k79_29534	2;1239;186801;3085636;186803;2316020;33039;657313	1.0;0.99999;0.99998;0.99996;0.99996;0.89077;0.89075;0.89075
k79_29539	2;976;117743;200644;49546;292691;411153;411154	1.0;1.0;1.0;1.0;1.0;1.0;1.0;1.0
k79_2301	2;1239;186801;3085636;186803;3342669;45851	1.0;1.0;1.0;1.0;1.0;1.0;1.0
k79_34571	2;976;200643;171549;815;816;47678	1.0;0.99962;0.99962;0.99962;0.99959;0.67964;0.64613
k79_20615	2;1239;186801;3085636;186803;841;2763062	1.0;1.0;1.0;1.0;1.0;1.0;1.0
k79_2307	2;1239;186801;186802;216572;1263;2564099	1.0;0.99999;0.99995;0.99995;0.99994;0.99994;0.99994
k79_11485	2;1239;186801;186802;31979;1485;2507159	1.0;0.99999;0.99987;0.99987;0.99883;0.99883;0.9986
k79_2313	2;1239;186801;186802;216572;1263;2564099	1.0;1.0;1.0;1.0;1.0;1.0;1.0
k79_20622	2;1239;186801;3085636;186803;2569097;39488	0.99994;0.99992;0.99989;0.99989;0.99989;0.99972;0.99972
k79_11496	2;1239;186801;3085636;186803;1766253;39491;657318	1.0;1.0;1.0;1.0;1.0;0.99999;0.99999;0.99999
k79_6805	131567	1.0
k79_25090	2;74201;203494;48461;1647988;239934;239935	1.0;0.99979;0.99979;0.99979;0.99979;0.99979;0.99979
k79_2324	2;976;117743;200644;49546;52959;196858	1.0;1.0;1.0;1.0;1.0;1.0;1.0
k79_25097	2;1239;186801;186802;216572;1263;2564099	1.0;1.0;1.0;1.0;1.0;1.0;1.0
k79_34590	2;1239;186801;3085636;186803;3342669;45851	1.0;1.0;1.0;1.0;1.0;1.0;1.0
k79_34593	2;976;117743;200644;49546;237;1492737	1.0;0.99955;0.99954;0.99954;0.99954;0.99954;0.99954
k79_20631	2;1239;91061;186826;186828;2747;257487	1.0;0.9998;0.98977;0.97799;0.97798;0.97798;0.97798
k79_11517	2;976;200643;171549;815;909656;821	1.0;0.99973;0.99973;0.99973;0.99971;0.99918;0.99918
k79_15967	2759;7711;40674;9443;9604;9605;9606	0.9999;0.9999;0.9999;0.9999;0.9999;0.9999;0.9999
k79_2347	2;1239;186801;186802;31979;1485;1534	1.0;0.99997;0.99997;0.99997;0.99997;0.99997;0.99997
k79_29554	2;1239;186801;186802;31979;1485;1216932	1.0;1.0;1.0;1.0;1.0;1.0;0.99998
k79_15969	2;1239;186801;3085636;186803;572511;40520;657314	1.0;0.99977;0.99977;0.99718;0.99718;0.99707;0.99707;0.99707
k79_11522	2;1239;186801;186802;31979;1848399;2599308	0.98507;0.79559;0.79497;0.51026;0.51023;0.5102;0.51014
k79_2350	2;1239;91061;1385;186817;2837506;2499688	1.0;0.95745;0.94666;0.94665;0.86732;0.86732;0.86732
k79_15973	2;976;200643;171549;815;816;28116	1.0;1.0;1.0;1.0;1.0;1.0;1.0
k79_20646	2;1239;186801;186802;216572;2892396;2714355	1.0;0.9999;0.99981;0.9998;0.9998;0.99977;0.99977
k79_11529	2759;7711;40674;9443;9604;9605;9606	0.83478;0.83478;0.83478;0.83478;0.83478;0.83478;0.83478
k79_34614	2;1239;186801;186802;216572;1263;2564099	1.0;1.0;1.0;1.0;1.0;1.0;1.0
k79_6849	2;1239;186801;186802;216572;1263;2564099	1.0;1.0;1.0;1.0;1.0;1.0;1.0
k79_25112	2;1224;1236;91347;1903414;586;587	1.0;0.99999;0.99999;0.99998;0.99998;0.99998;0.99998
k79_6853	2;1239;186801;186802;216572;1263;2564099	1.0;1.0;1.0;1.0;1.0;1.0;1.0
k79_11531	2;1239;186801;3085636;186803;3342669;45851	1.0;1.0;1.0;1.0;1.0;1.0;1.0
k79_11532	2;1239;186801;3085636;186803;572511;40520;657314	1.0;1.0;1.0;0.99997;0.99997;0.99997;0.99997;0.99997
k79_34623	2;1239;186801;186802;216572;2591381;2093857	1.0;0.99997;0.99997;0.99993;0.9998;0.9998;0.9998
k79_34625	2;1239;186801;3085636;186803;841;1261634	1.0;1.0;1.0;1.0;1.0;1.0;1.0
k79_2353	2;1239;186801;3085636;186803;2316020;33039;657313	1.0;0.99997;0.99997;0.99994;0.99994;0.99954;0.99954;0.99954
k79_29569	2;1239;186801;186802;216572;1263;2564099	1.0;0.99998;0.99996;0.99996;0.99996;0.99996;0.99996
k79_2369	2;976;200643;171549;815;909656;821	1.0;1.0;1.0;1.0;1.0;0.99996;0.99996
k79_16009	2;1239;186801;3085636;186803;207244;649756;649757	1.0;1.0;1.0;1.0;1.0;1.0;1.0;1.0
k79_34642	2759;7711;40674;9443;9604;9605;9606	0.90478;0.90478;0.90478;0.90478;0.90478;0.90478;0.90478
k79_29583	2;1239;186801;3085636;186803;2944152;2763670	1.0;1.0;0.99999;0.99856;0.99856;0.99853;0.99853
k79_6862	2;1239;186801;3085636;186803;572511;418240;1121115	1.0;1.0;0.99997;0.99985;0.99985;0.99984;0.99984;0.99984
k79_29584	2759;7711;40674;9443;9604;9605;9606	0.8995;0.8995;0.8995;0.8995;0.8995;0.8995;0.8995
k79_11535	2;1239;186801;3085636;186803;3342669;45851	1.0;1.0;1.0;1.0;1.0;1.0;1.0
k79_2375	2;976;200643;171549;815;909656;821	1.0;1.0;1.0;1.0;1.0;0.9999;0.9999
k79_6864	2;1239;186801;3085636;186803;841;2763062	1.0;1.0;1.0;0.99998;0.99998;0.99998;0.99998
k79_11537	2;1224;28216;206351;2897177;32014;537	0.99997;0.99996;0.99996;0.99996;0.99996;0.99996;0.99996
k79_25148	2;1239;186801;186802;31979;1485	0.99994;0.55835;0.55573;0.51542;0.51541;0.51522
k79_6865	2;1239;186801;186802;186806;1730;39496	1.0;0.99999;0.99999;0.99999;0.99997;0.99997;0.99997
k79_2382	2;1239;186801;186802;216572;1263;2564099	1.0;1.0;1.0;1.0;1.0;1.0;1.0
k79_2384	2;976;200643;171549;815;816;371601;657309	1.0;0.78588;0.78066;0.78065;0.75693;0.75688;0.75684;0.75684
k79_11552	2;976;200643;171549;815;909656;821	1.0;1.0;1.0;1.0;1.0;0.99999;0.99999
k79_25163	2;1239;91061;1385;186817;2675233;3117747	0.99975;0.9984;0.86264;0.86239;0.8623;0.77848;0.77848
k79_20680	2;1239;186801;186802;216572;1263;2564099	1.0;1.0;1.0;1.0;1.0;1.0;1.0
k79_11557	2;1239;186801;186802;216572;1263;2564099	1.0;1.0;1.0;1.0;1.0;1.0;1.0
k79_25168	2;1239;186801;3085636;186803;207244;649756;649757	1.0;1.0;1.0;1.0;1.0;1.0;1.0;1.0
k79_25170	2;1239;186801;3085636;186803;1506553;29347	0.99983;0.99892;0.99891;0.99728;0.99728;0.9963;0.9963
k79_2392	2;1239;186801;186802;216572;1263;2564099	1.0;1.0;1.0;1.0;1.0;1.0;1.0
k79_11586	2;1239;186801;3085636;186803;3342669;45851	1.0;1.0;1.0;1.0;1.0;1.0;1.0
k79_20682	2;1239;186801;3085636;186803;3342669;45851	1.0;1.0;1.0;1.0;1.0;1.0;1.0
k79_6915	2;1239;186801;186802;216572;1263;2564099	1.0;1.0;1.0;1.0;1.0;1.0;1.0
k79_29620	2;1239;186801;3085636;186803;3342669;45851	1.0;1.0;1.0;1.0;1.0;1.0;1.0
k79_16090	2;1239;186801;3085636;186803;3342669;45851	1.0;1.0;1.0;1.0;1.0;1.0;1.0
k79_20686	2;1239;186801;186802;216572;1263;2564099	0.99999;0.99959;0.99847;0.9984;0.998;0.99787;0.73166
k79_2409	2;1239;186801;3085636;186803;2569097;39488	1.0;1.0;1.0;1.0;1.0;0.99996;0.99996
k79_34666	2;1239;186801;186802;31979;1485;2779445	1.0;1.0;0.99989;0.99989;0.99988;0.99988;0.99738
k79_25186	131567	0.54327
k79_34671	2;1239;186801;3082720;186804;1870884;1496	1.0;0.99282;0.99279;0.99037;0.99036;0.99035;0.99035
k79_16101	2;1239;186801;186802;216572;1263;2564099	1.0;1.0;1.0;1.0;1.0;1.0;1.0
k79_34675	2759;7711;40674;9443;9604;9605;9606	0.99998;0.99998;0.99998;0.99998;0.99998;0.99998;0.99998
k79_16113	2;1239;186801;3085636;186803;2719313;208479	1.0;1.0;1.0;0.99996;0.99996;0.99996;0.99996
k79_2425	2;1239;186801;3085636;186803;3342669;45851	1.0;1.0;1.0;1.0;1.0;1.0;1.0
k79_16115	2;1239;186801;186802;31979;1485;411486	1.0;1.0;0.99998;0.99995;0.99994;0.99994;0.99993
k79_29642	2;1239;186801;3085636;186803;3342669;45851	1.0;1.0;1.0;1.0;1.0;1.0;1.0
k79_34694	2;1239;186801;3085636;186803;841;301301	1.0;1.0;1.0;1.0;1.0;1.0;1.0
k79_29644	2;1239;186801;186802;216572;1905344;1550024	1.0;0.99995;0.99995;0.9908;0.9908;0.99004;0.99004
k79_16131	2;1239;186801;186802;216572;1263;2564099	1.0;1.0;1.0;1.0;1.0;1.0;1.0
k79_16134	2;1239;91061;1385;186817;2675233;152268	1.0;1.0;0.99995;0.99995;0.99995;0.99995;0.99995
k79_25248	2;1239;186801;186802;31979;1848399;2599308	1.0;1.0;1.0;1.0;1.0;1.0;1.0
k79_29660	2;544448;31969;186328;2131;2132;2145;1276220	0.99999;0.64677;0.64677;0.64677;0.64677;0.64677;0.64677;0.64677
k79_2445	2;1239;186801;186802;31979;1485;2068654	1.0;1.0;0.99999;0.99999;0.99999;0.99999;0.99999
k79_29661	2;1239;186801;3085636;186803;207244;649756;649757	1.0;0.99985;0.99985;0.99985;0.99985;0.99985;0.99985;0.99985
k79_6940	2;1239;186801;3085636;186803;3342669;45851	1.0;1.0;1.0;1.0;1.0;1.0;1.0
k79_16141	2;976;200643;171549;2005525;375288;823;435591	1.0;0.99983;0.99983;0.99983;0.98829;0.98829;0.98829;0.98829
k79_34725	2;1239;186801;3085636;186803;3342669;45851	1.0;1.0;1.0;0.99996;0.99996;0.99996;0.99996
k79_25250	2;976;117743;200644;49546;237;2977321	1.0;0.99993;0.99993;0.99993;0.99993;0.99993;0.99993
k79_11598	2759;7711;40674;9443;9604;9605;9606	0.99882;0.99882;0.99882;0.99882;0.99882;0.99882;0.99882
k79_29665	2;1239;186801;186802;31979;1485;3070681	1.0;1.0;0.99995;0.99994;0.99994;0.99994;0.99993
k79_34729	2;1239;186801;186802;216572;1263;2564099	1.0;1.0;1.0;1.0;1.0;1.0;1.0
k79_16151	2;1239;186801;186802;216572;216851;2929491	0.9937;0.89853;0.80164;0.80119;0.75612;0.75609;0.75609
k79_2458	2;32066;203490;203491;203492;848	1.0;1.0;1.0;1.0;1.0;1.0
k79_16154	2;1239;186801;186802;31979;1485;2507159	1.0;0.99957;0.99327;0.98867;0.9882;0.9882;0.98661
k79_11613	2;1239;186801;186802;216572;1263;2564099	1.0;1.0;1.0;1.0;1.0;1.0;1.0
k79_29678	2;1239;186801;186802;216572;292632;214851	1.0;1.0;1.0;1.0;1.0;0.99999;0.99999
k79_16159	2;1239;186801;186802;216572;1263;2564099	1.0;1.0;1.0;1.0;1.0;1.0;1.0
k79_25261	2;976;200643;171549;815;816;820;997890	1.0;1.0;1.0;1.0;1.0;1.0;1.0;1.0
k79_2466	2;1239;91061;1385;186817;2675233;3117747	1.0;1.0;1.0;1.0;1.0;1.0;1.0
k79_25263	2;1239;186801;186802;216572;1263;2564099	1.0;1.0;1.0;1.0;1.0;1.0;1.0
k79_2483	2;1239;186801;186802;216572;1905344;1550024	1.0;0.96227;0.95573;0.95027;0.95027;0.94755;0.94755
k79_20754	2;1239;186801;3085636;186803;1506553;29347	1.0;0.99987;0.99961;0.99817;0.99817;0.98401;0.98401
k79_6973	2;1239;186801;186802;216572;1263;2564099	1.0;1.0;1.0;1.0;1.0;1.0;1.0
k79_2509	2;1239;186801;186802;31979;1485;46867	1.0;1.0;1.0;1.0;1.0;1.0;0.99999
k79_29725	2;1239;186801;186802;216572;216851;853;657322	1.0;0.99893;0.99187;0.98566;0.98562;0.96812;0.9681;0.9681
k79_11657	2;1239;91061;1385;186822;44249;1566358	1.0;0.99985;0.66274;0.66176;0.65921;0.65921;0.65921
k79_34789	2;1239;186801;186802;216572;1263;2564099	1.0;1.0;1.0;1.0;1.0;1.0;1.0
k79_11661	2;1239;186801;186802;31979;1848399;2599308	1.0;0.99308;0.99305;0.99305;0.99305;0.98787;0.98756
k79_2527	2;1239;186801;3085636;186803;3342669;45851	1.0;1.0;1.0;1.0;1.0;1.0;1.0
k79_34795	2;976;200643;171549;815;909656;821	1.0;0.99999;0.99999;0.99999;0.99999;0.99993;0.99993
k79_11667	2;976;117743;200644;49546;1649495;1936081	1.0;1.0;1.0;1.0;1.0;1.0;1.0
k79_6993	2;1239;186801;186802;216572;244127;169435	1.0;1.0;1.0;1.0;1.0;1.0;1.0
k79_20776	2;1239;186801;3085636;186803;841;1261634	1.0;1.0;1.0;1.0;1.0;1.0;1.0
k79_34798	2;976;200643;171549;815;816;820;997890	1.0;1.0;1.0;1.0;1.0;1.0;1.0;1.0
k79_11668	2;1239;186801;3085636;186803;189330;88431	1.0;1.0;1.0;1.0;1.0;0.99984;0.99984
k79_6995	2;1239;186801;3085636;186803;207244;649756;649757	1.0;0.99999;0.99998;0.99998;0.99998;0.99145;0.99145;0.99145
k79_29749	2;1239;186801;186802;216572;1263;2564099	1.0;1.0;1.0;1.0;1.0;1.0;1.0
k79_25303	2;1239;186801;3085636;186803;2316020;46228;471875	1.0;0.99998;0.99935;0.99711;0.99711;0.97658;0.97658;0.97658
k79_20793	131567	0.99993
k79_11681	2;1239;91061;1385;186817;1386;1396;526987	0.99982;0.99874;0.84252;0.84218;0.84217;0.84217;0.84214;0.84214
k79_34818	2;1239;186801;3085636;186803;841;301301	1.0;0.99942;0.99881;0.64838;0.64838;0.63215;0.63215
k79_7007	2;1239;186801;3085636;186803;830;831	1.0;1.0;1.0;1.0;1.0;1.0;1.0
k79_7010	2;1239;91061;1385;90964;2803850;3034233	0.99996;0.99996;0.99996;0.99996;0.99989;0.99989;0.99989
k79_29752	2;1239;186801;3085636;186803;3342669;45851	1.0;1.0;1.0;1.0;1.0;1.0;1.0
k79_11689	2;1239;186801;3085636;186803;207244;649756;649757	1.0;1.0;1.0;0.99949;0.99949;0.99944;0.99944;0.99944
k79_29754	2;976;200643;171549;815;909656;821	1.0;1.0;1.0;1.0;1.0;0.99504;0.99504
k79_11690	2;976;200643;171549;815;816;820;997890	1.0;1.0;1.0;1.0;1.0;1.0;1.0;1.0
k79_34829	2;1239;186801;3085636;186803;3342669;45851	1.0;0.99898;0.99897;0.99683;0.99683;0.57756;0.57756
k79_34832	2;1239;186801;3085636;186803;207244;649756;649757	1.0;0.99999;0.99994;0.99993;0.99993;0.96509;0.96509;0.96509
k79_16181	2;1239;186801;3085636;186803;3342669;45851	1.0;1.0;1.0;1.0;1.0;1.0;1.0
k79_11695	2759;7711;40674;9443;9604;9605;9606	0.99993;0.99993;0.99993;0.99993;0.99993;0.99993;0.99993
k79_34840	2;1239;186801;3085636;186803;1843210;1727145	1.0;0.99998;0.99998;0.99998;0.99998;0.99998;0.99998
k79_25310	2;1239;186801;3085636;186803;3342669;45851	1.0;1.0;1.0;1.0;1.0;1.0;1.0
k79_16188	2;1239;186801;186802;31979;1485;1494	1.0;1.0;1.0;1.0;1.0;1.0;0.96747
k79_25312	2;1239;186801;186802;216572;1263;2564099	1.0;1.0;1.0;1.0;1.0;1.0;1.0
k79_7038	2;1239;186801;3085636;186803;572511;89014	1.0;0.99998;0.99998;0.99992;0.99992;0.99953;0.99948
k79_2561	2;1239;186801;3085636;186803;3342669;45851	1.0;1.0;1.0;1.0;1.0;1.0;1.0
k79_29776	2;976	0.99022;0.63675
k79_25329	2;1239;186801;3085636;186803;2569097;39488	1.0;1.0;0.99999;0.99976;0.99976;0.99932;0.99932
k79_7054	2;1239;186801;186802;31979;1485;1216932	1.0;1.0;1.0;1.0;1.0;1.0;0.99984
k79_25332	2;1239;186801;186802;31979;1485	0.9991;0.93871;0.93557;0.51312;0.51242;0.50143
k79_7055	2759;7711;40674;9443;9604;9605;9606	0.70921;0.70921;0.70921;0.70921;0.70921;0.70921;0.70921
k79_29790	2;1239;186801;3085636;186803;207244;649756;649757	1.0;1.0;1.0;0.99997;0.99997;0.99997;0.99997;0.99997
k79_34854	2;1239;186801;3085636;186803;189330;39486	1.0;1.0;0.99999;0.99997;0.99997;0.99995;0.99995
k79_29801	2;1239;186801;186802;31979;1485;394958	0.99968;0.99933;0.99903;0.99529;0.99498;0.99497;0.98484
k79_2593	2;1239;186801;186802;31979;1485;1561	1.0;0.83935;0.82699;0.75147;0.74828;0.7481;0.51967
k79_25353	131567	0.86581
k79_29807	2;1239;186801;3085636;186803;3342669;45851	1.0;0.96523;0.96344;0.95134;0.95134;0.9501;0.9501
k79_34876	2;1239;186801;186802;216572;2892396;2714353	1.0;0.99999;0.99999;0.99995;0.99995;0.99995;0.99995
k79_16224	2;1239;186801;3085636;186803;572511;418240;1121115	1.0;1.0;1.0;0.99996;0.99996;0.99995;0.99993;0.99993
k79_34881	2759;7711;40674;9443;9604;9605;9606	0.96253;0.96253;0.96253;0.96253;0.96253;0.96253;0.96253
k79_11754	2;1239;186801;3085636;186803;3342669;45851	1.0;1.0;1.0;1.0;1.0;1.0;1.0
k79_2608	2;1239;186801;186802;216572;1263;2564099	1.0;1.0;1.0;1.0;1.0;1.0;1.0
k79_34884	2;1239;186801;3085636;186803	1.0;0.89709;0.89656;0.50937;0.50937
k79_7080	2;1224;1236;135622;72275;1172191;2984846	0.99996;0.99995;0.99995;0.99995;0.99995;0.99995;0.99995
k79_34902	2;1239;186801;186802;216572;2892396;2714353	1.0;0.99997;0.99992;0.99345;0.99345;0.98877;0.98877
k79_16232	2;1239;186801;3085636;186803;841;301301	1.0;1.0;1.0;0.99999;0.99999;0.99999;0.99999
k79_20837	2;1239;186801;3085636;186803;3342669;45851	1.0;1.0;1.0;1.0;1.0;1.0;1.0
k79_7084	2;32066;203490;203491;203492;848	1.0;0.99991;0.99991;0.99991;0.99991;0.99991
k79_11762	2;1239;186801;3085636;186803;2316020;33039;657313	1.0;0.99999;0.99976;0.99969;0.99969;0.99843;0.99815;0.99815
k79_25370	2;1239;186801;3085636;186803;3342669;45851	1.0;1.0;1.0;1.0;1.0;1.0;1.0
k79_7085	2;1239;186801;3085636;186803;3342669;45851	1.0;1.0;1.0;1.0;1.0;1.0;1.0
k79_16254	2;1239;909932;1843488;909930;33024;2823317	1.0;1.0;1.0;1.0;1.0;1.0;1.0
k79_34921	2;1239;186801;186802;216572;1905344;1550024	1.0;0.99999;0.99999;0.99999;0.99999;0.99999;0.99999
k79_7086	2;976;117743;200644;49546;237;1492737	1.0;0.73364;0.73007;0.73007;0.73007;0.73005;0.73005
k79_16256	2;1239;186801;3085636;186803;841;301301	1.0;1.0;1.0;0.99999;0.99999;0.99998;0.99998
k79_11768	2;1239;186801;3085636;186803;189330;88431	1.0;1.0;1.0;1.0;1.0;0.99965;0.99965
k79_29872	2;1224;1236;135618;403;429;2911520	1.0;1.0;1.0;1.0;1.0;1.0;1.0
k79_25376	2;1239;186801;3085636;186803;3342669;45851	1.0;1.0;1.0;1.0;1.0;0.99999;0.99999
k79_34923	2;1239;186801;3085636;186803;2569097;39488	1.0;1.0;1.0;1.0;1.0;0.99999;0.99999
k79_29873	2;1239;186801;3085636;186803;3342669;45851	1.0;1.0;1.0;1.0;1.0;1.0;1.0
k79_25379	2;1224;28216;206351;2897177;32014;537	0.98301;0.82922;0.82869;0.82869;0.82869;0.82869;0.82869
k79_20843	2;1239;186801;3085636;186803;207244;649756;649757	1.0;1.0;1.0;1.0;1.0;1.0;1.0;1.0
k79_29885	2;1239;186801;186802;216572;1263;2564099	1.0;1.0;1.0;1.0;1.0;1.0;1.0
k79_20848	2;976;200643;171549;2005525;375288;823;435591	1.0;1.0;1.0;1.0;1.0;1.0;1.0;1.0
k79_20851	2;976;200643;171549;815;816;820;997890	1.0;1.0;1.0;1.0;1.0;1.0;1.0;1.0
k79_11776	2;1239;186801;3085636;186803;3342669;45851	1.0;1.0;1.0;1.0;1.0;1.0;1.0
k79_34949	2;1239;186801;186802;216572;216851;853;657322	1.0;0.99648;0.99639;0.8192;0.81918;0.75781;0.74163;0.73984
k79_25393	2;1239;186801;186802;31979;1485;238834	0.99995;0.99985;0.99985;0.99985;0.99985;0.99985;0.99984
k79_11778	2;1239;186801;3085636;186803;207244;649756;649757	1.0;1.0;1.0;1.0;1.0;0.99999;0.99999;0.99999
k79_7122	2;1239;186801;186802;31979;1485;1491;498214	1.0;0.99996;0.99751;0.99687;0.99687;0.9621;0.95568;0.95568
k79_11779	2;1239;186801;186802;216572;1263;2564099	1.0;1.0;1.0;1.0;1.0;1.0;1.0
k79_2650	2;976;200643;171549;815;816;820;997890	1.0;0.5375;0.5375;0.5375;0.52787;0.52787;0.52036;0.52036
k79_29902	2;976;200643;171549;815;816;371601;657309	1.0;1.0;1.0;1.0;1.0;1.0;1.0;1.0
k79_25398	2;1239;186801;186802;31979;1485;1491;498214	0.99963;0.98068;0.95972;0.95418;0.94734;0.94005;0.93743;0.93743
k79_16275	2;1239;186801;186802;31979;1485;1522	1.0;0.99993;0.9993;0.99884;0.99746;0.99746;0.99724
k79_34963	2759;7711;40674;9443;9604;9605;9606	0.99974;0.99974;0.99974;0.99974;0.99974;0.99974;0.99974
k79_11782	2;1239;186801;186802;216572;244127;169435	1.0;1.0;1.0;1.0;1.0;1.0;1.0
k79_25414	2	0.71103
k79_11787	2;1239;186801;3085636;186803;2569097;39488	1.0;1.0;1.0;1.0;1.0;1.0;1.0
k79_29913	2;1239;186801;3085636;186803;3342669;45851	1.0;1.0;1.0;1.0;1.0;1.0;1.0
k79_2659	2;1239;186801;3085636;186803;189330;88431	1.0;0.99999;0.99999;0.99995;0.99995;0.99639;0.99639
k79_34971	2;976;200643;171549;815;909656;357276	0.99999;0.88349;0.87034;0.87032;0.87024;0.86997;0.86997
k79_7143	2;1239;186801;186802;31979;1485;394958	1.0;0.99993;0.99956;0.99955;0.99954;0.99954;0.98562
k79_20891	2;976;200643;171549;815;816;820;997890	0.99951;0.99256;0.99253;0.99253;0.99089;0.99087;0.99063;0.99063
k79_25437	2;29547;3031852;213849;2808963;28196;913109	1.0;1.0;1.0;1.0;1.0;1.0;1.0
k79_34974	2;1239;186801;3085636;186803;207244;649756;649757	1.0;1.0;1.0;1.0;1.0;0.99965;0.99965;0.99965
k79_11801	2;1239;186801;186802;216572;2591381;2093857	1.0;1.0;0.99994;0.99724;0.83084;0.83024;0.83024
k79_20907	2;1239;186801;3085636;186803;3342669;45851	1.0;1.0;1.0;1.0;1.0;1.0;1.0
k79_25466	2;1239;186801;186802;186806;1730;39496	1.0;0.99998;0.99996;0.99996;0.99996;0.99996;0.99996
k79_34983	2;1239;186801;3085636;186803;3342669;45851	1.0;1.0;1.0;1.0;1.0;1.0;1.0
k79_20918	2;976;200643;171549;815;816;818	1.0;0.99998;0.99998;0.99998;0.99998;0.99998;0.97515
k79_7165	2;1239;186801;3085636;186803;207244;649756;649757	1.0;1.0;1.0;1.0;1.0;1.0;1.0;1.0
k79_20922	2;1239;186801;3085636;186803;2569097;39488	1.0;1.0;1.0;1.0;1.0;1.0;1.0
k79_7166	2;976;200643;171549;815;816;820;997890	1.0;1.0;1.0;1.0;1.0;1.0;1.0;1.0
k79_11815	131567	0.99784
k79_2703	2;1239;186801;186802;216572;1263;2564099	1.0;1.0;1.0;1.0;1.0;1.0;1.0
k79_16311	2;1239;186801;3085636;186803;3342669;45851	1.0;1.0;1.0;1.0;1.0;0.99999;0.99999
k79_20924	2;976;200643;171549;815;816;820;997890	0.99937;0.96193;0.96184;0.96178;0.88041;0.87576;0.87438;0.87438
k79_29916	2;1239;186801;186802;31979;1485;238834	1.0;1.0;0.99999;0.99998;0.99998;0.99998;0.99891
k79_20926	2;976;200643;171549;815;909656;821	1.0;1.0;1.0;1.0;1.0;1.0;1.0
k79_2709	2;1239;186801;3085636;186803;2569097;39488	1.0;1.0;1.0;1.0;1.0;0.99989;0.99989
k79_20930	2;1239;186801;3085636;186803;572511;2479767	1.0;0.99908;0.82852;0.56493;0.56493;0.55982;0.54329
k79_35006	2;1239;186801;186802;31979;1485	1.0;0.99593;0.84787;0.74506;0.67777;0.67777
k79_25486	2;1239;186801;186802;216572;459786;2109687	1.0;1.0;0.99973;0.99971;0.99971;0.99963;0.99963
k79_7199	2;1224;28216;206351;481;1193515;1196083	0.94884;0.79049;0.78929;0.78929;0.78929;0.78929;0.78929
k79_25491	2;976;200643;171549;815;909656;821	1.0;1.0;1.0;1.0;1.0;1.0;1.0
k79_11850	2;1239;186801;3085636;186803;1843210;1727145	0.97409;0.95401;0.95202;0.95096;0.95096;0.95096;0.95096
k79_35017	2;1239;186801;3085636;186803;3342669;45851	1.0;1.0;1.0;1.0;1.0;1.0;1.0
k79_11861	2;1239;186801;186802;216572;1263;2564099	1.0;1.0;1.0;1.0;1.0;1.0;1.0
k79_16361	2;976;200643;171549;2005525;375288;46503	0.99997;0.94965;0.94963;0.94963;0.73277;0.73277;0.62912
k79_25506	2;976;200643;171549;815;909656;821	1.0;1.0;1.0;1.0;1.0;0.99999;0.99999
k79_11867	2;1239;186801;3085636;186803;207244;649756;649757	1.0;1.0;1.0;1.0;1.0;1.0;1.0;1.0
k79_29966	2;1239;186801;3085636;186803;2569097;39488	1.0;1.0;1.0;1.0;1.0;0.99999;0.99999
k79_25513	2;976;200643;171549;815;816;820;997890	1.0;1.0;1.0;1.0;0.99999;0.99999;0.99998;0.99998
k79_29967	2;1239;186801;3085636;186803;3342669;45851	1.0;1.0;1.0;1.0;1.0;1.0;1.0
k79_25518	2;976;200643;171549;815;909656;821	1.0;0.99998;0.99998;0.99998;0.99998;0.99717;0.99717
k79_16379	2;1239;186801;186802;216572;1263;2564099	1.0;1.0;1.0;1.0;1.0;1.0;1.0
k79_20964	2;1239;186801;186802;216572;1263;2564099	1.0;1.0;1.0;1.0;1.0;1.0;1.0
k79_25519	2;1239;186801;3085636;186803;3342669;45851	1.0;1.0;1.0;1.0;1.0;1.0;1.0
k79_7207	2;1239;186801;186802;31979;1485;1502	0.99999;0.99999;0.99999;0.99999;0.99999;0.99999;0.99999
k79_11882	2;1239;186801;186802;216572;1263;2564099	1.0;1.0;1.0;1.0;1.0;1.0;1.0
k79_16384	2;1239;186801;3085636;186803;1506553;29347	1.0;0.99961;0.9996;0.99955;0.99955;0.99512;0.99512
k79_7208	2;1239;186801;3085636;186803;207244;649756;649757	1.0;0.99999;0.99999;0.99999;0.99999;0.99999;0.99999;0.99999
k79_29973	2;1239;186801;3085636;186803;3342669;45851	1.0;1.0;1.0;1.0;1.0;1.0;1.0
k79_11885	2;1239;186801;3085636;186803;841;2763062	1.0;1.0;1.0;1.0;1.0;1.0;1.0
k79_20979	2;1239;186801;3082720;543314	1.0;0.78199;0.78075;0.62693;0.62691
k79_16391	2;976;200643;171549;815;909656;821	1.0;1.0;1.0;1.0;1.0;0.99969;0.99969
k79_35065	2;976;200643;171549;815;816;820;997890	1.0;1.0;1.0;1.0;1.0;1.0;1.0;1.0
k79_11889	2;976;200643;171549;815;816;820;997890	1.0;1.0;1.0;1.0;1.0;1.0;1.0;1.0
k79_35066	2;1239;186801;3085636;186803;2569097;39488	1.0;1.0;1.0;1.0;1.0;1.0;1.0
k79_11890	2;1239;186801;186802;216572;1263;2564099	1.0;1.0;1.0;1.0;1.0;1.0;1.0
k79_7222	2;1224;1236;91347;1903414;586;587	0.99998;0.96374;0.96369;0.94485;0.94485;0.94485;0.94485
k79_20980	2;1239;186801;3085636;186803;3342669;45851	1.0;1.0;1.0;1.0;1.0;1.0;1.0
k79_16395	2;976;200643;171549;815;816;371601;657309	1.0;0.99998;0.99998;0.99998;0.99998;0.99998;0.99998;0.99998
k79_11894	2;1239	0.99999;0.52915
k79_16400	2;976;200643;171549;815;816;817;457424	1.0;1.0;1.0;1.0;1.0;0.99834;0.77448;0.77448
k79_2711	2;1239;186801;186802;31979;1485;1155388	1.0;1.0;0.99988;0.99988;0.99988;0.99988;0.99987
k79_29992	2;1239;186801;186802;216572;1263;2564099	1.0;1.0;1.0;1.0;1.0;1.0;1.0
k79_35082	2;1239;186801;186802;216572;1263;2564099	1.0;1.0;1.0;1.0;1.0;1.0;1.0
k79_16412	2;1239;91061;1385;186817;2675232;220684	1.0;1.0;1.0;1.0;1.0;1.0;1.0
k79_35094	2;1239;186801;3082720;543314;2060094;2507160	0.99998;0.97686;0.97674;0.94361;0.94356;0.93887;0.93887
k79_25549	2;1239;91061;1385;186818;1569;2283194	1.0;0.99993;0.99992;0.99992;0.99989;0.99989;0.99989
k79_35102	131567	0.7466
k79_35109	2;976;200643;171549;815;909656;821	1.0;0.99977;0.99975;0.99975;0.99912;0.95192;0.95187
k79_35113	2;976;200643;171549;815;909656;821	1.0;0.99987;0.99987;0.99987;0.99987;0.99986;0.99986
k79_16419	2759;7711;40674;9443;9604;9605;9606	0.83976;0.83976;0.83976;0.83976;0.83976;0.83976;0.83976
k79_11929	2;976;200643;171549;815;909656;821	0.99999;0.94007;0.93997;0.93997;0.87234;0.87229;0.87229
k79_7237	2759;7711;40674;9443;9604;9605;9606	0.99998;0.99998;0.99998;0.99998;0.99998;0.99998;0.99998
k79_35117	2;1239;91061;186826;1300;1301;1307;423211	1.0;1.0;0.99991;0.99991;0.99991;0.99991;0.99991;0.99991
k79_11931	2;1239;186801;3085636;186803;2569097;39488	1.0;1.0;1.0;1.0;1.0;1.0;1.0
k79_21006	2;1239;186801;3085636;186803;3342669;45851	1.0;1.0;1.0;1.0;1.0;1.0;1.0
k79_2760	2;1239;186801;3085636;186803;3342669;45851	1.0;1.0;1.0;1.0;1.0;1.0;1.0
k79_16428	2;976;200643;171549;815;816;820;997890	1.0;0.99937;0.99927;0.99927;0.96737;0.95792;0.95559;0.95559
k79_21009	2;1239;186801;3085636;186803;207244;649756;649757	1.0;1.0;1.0;1.0;1.0;1.0;1.0;1.0
k79_29998	2;1239;91061;186826;186828;2747;257487	1.0;1.0;0.99893;0.99891;0.99891;0.99891;0.99891
k79_35128	2;1239;186801;3085636;186803;572511;2479767	1.0;0.99998;0.99996;0.99993;0.99993;0.9999;0.9998
k79_7248	2	1.0
k79_21018	2;1239	1.0;0.54119
k79_25583	2;1224;1236;118969;444;445;1071983	0.99945;0.99937;0.99937;0.99937;0.99937;0.99937;0.99937
k79_2768	2;1239;186801;186802;216572;1263;2564099	1.0;1.0;1.0;1.0;1.0;1.0;1.0
k79_11946	2;1239;186801;3085636;186803;2569097;39488	1.0;1.0;0.99998;0.99997;0.99997;0.99995;0.99995
k79_21027	2;1239;186801;3085636;186803;3342669;45851	1.0;1.0;1.0;1.0;1.0;1.0;1.0
k79_11950	2;1239;91061;186826;1300;1301;1307;423211	1.0;1.0;0.99985;0.99985;0.99985;0.99985;0.99985;0.99985
k79_30034	2;1239;186801;3085636;186803;3342669;45851	1.0;1.0;1.0;1.0;1.0;1.0;1.0
k79_7272	2;976;200643;171549;815;909656;821	1.0;1.0;1.0;1.0;1.0;0.99995;0.99995
k79_21038	2;1239;186801;3085636;186803;207244;649756;649757	1.0;1.0;1.0;1.0;1.0;1.0;1.0;1.0
k79_35160	2;976;117743;200644;2762318;59732;1685010	1.0;1.0;1.0;1.0;1.0;1.0;1.0
k79_21044	2759;7711;40674;9443;9604;9605;9606	0.99999;0.99999;0.99999;0.99999;0.99999;0.99999;0.99999
k79_25591	2;1239;186801;3085636;186803;1164882;617123	1.0;0.99999;0.99999;0.99987;0.99987;0.99987;0.99987
k79_16457	2;1239;186801;186802;3047432;3047433;2086585	1.0;1.0;0.99998;0.99524;0.79019;0.79019;0.79019
k79_21055	2;1239	0.68912;0.65918
k79_16462	2;1239;186801;3085636;186803;189330;88431	1.0;0.99998;0.99992;0.9999;0.9999;0.99923;0.99923
k79_11963	2;1239;91061;186826;1300;1301;1888195	1.0;1.0;1.0;1.0;1.0;1.0;1.0
k79_30039	2;1239;186801;3085636;186803;2316020;33039;657313	1.0;1.0;1.0;1.0;1.0;0.9999;0.9999;0.9999
k79_11969	2;976;200643;171549;2005525;375288;46503	1.0;0.8189;0.77643;0.77642;0.74842;0.74842;0.7484
k79_16472	2;1224;1236;135625;712	0.99985;0.99867;0.99866;0.99865;0.99865
k79_21078	2;1239;186801;186802;216572;1263;2564099	1.0;1.0;1.0;1.0;1.0;1.0;1.0
k79_25594	2;1224;28211;356;82115;34019;309868;1261131	1.0;0.99992;0.99992;0.99992;0.99992;0.99992;0.99992;0.99992
k79_7307	2;1239;91061;1385;186817;2675234;2926399	0.99999;0.9994;0.99907;0.99905;0.99905;0.99862;0.99862
k79_21086	2;1239;186801;3085636;186803;189330;88431	1.0;0.99999;0.99999;0.99992;0.99992;0.98565;0.98565
k79_30053	2;976;200643;171549;2005525;375288;823;435591	1.0;1.0;1.0;1.0;1.0;1.0;1.0;1.0
k79_11985	2;32066;203490;203491;203492;848	1.0;0.98543;0.98543;0.98543;0.98543;0.98543
k79_30054	2;1239;186801;186802;31979;1485;1538;748727	1.0;1.0;1.0;1.0;1.0;1.0;0.99949;0.99949
k79_25602	2;1239;186801;186802;216572;2892396;2714355	0.99985;0.6927;0.58942;0.5675;0.56564;0.5357;0.5357
k79_16492	2;976;200643;171549;815;909656;821	0.99998;0.99998;0.99998;0.99998;0.99996;0.97629;0.97629
k79_2824	2;1239;186801;3085636;186803;3342669;45851	1.0;1.0;1.0;0.99999;0.99999;0.99998;0.99998
k79_35207	2;976;200643;171549;171550;239759;214856;679935	1.0;1.0;1.0;1.0;0.99949;0.99949;0.99948;0.99948
k79_16502	2759;7711;40674;9443;9604;9605;9606	0.99235;0.99235;0.99235;0.99235;0.99235;0.99235;0.99235
k79_12018	2;1239;91061;1385;186822;44249;1406	1.0;0.99275;0.75071;0.7507;0.7507;0.7507;0.75012
k79_30064	2;1239;186801;186802;216572;1263;2564099	1.0;1.0;1.0;1.0;1.0;1.0;1.0
k79_21111	2;1239;186801;186802;31979;1485;2930219	1.0;0.99999;0.99999;0.99898;0.99898;0.99839;0.99818
k79_35219	2;1239;186801;3085636;186803;3342669;45851	1.0;1.0;1.0;1.0;1.0;1.0;1.0
k79_12022	2;1239;186801;186802;216572;2892396;2714353	1.0;1.0;1.0;0.99999;0.99999;0.99997;0.99997
k79_30070	2;1239;186801;3085636;186803;207244;649756;649757	1.0;1.0;0.99999;0.99999;0.99999;0.99999;0.99999;0.99999
k79_16506	2;1239;186801;3085636;186803;3342669;45851	1.0;1.0;1.0;1.0;1.0;1.0;1.0
k79_30078	2;1239;186801;3085636;186803;3342669;45851	1.0;1.0;1.0;1.0;1.0;1.0;1.0
k79_12036	2;976;200643;171549;171550;239759;214856;679935	1.0;0.99201;0.99201;0.99201;0.84478;0.84478;0.84333;0.84333
k79_2830	2;1239;91061;1385;186817;2675231;129985	1.0;0.99988;0.99985;0.99985;0.99913;0.99785;0.99785
k79_12047	2;1239;186801;186802;216572;1263;2564099	1.0;1.0;1.0;1.0;1.0;1.0;1.0
k79_2834	2;1239;91061;186826;33958;2767886;1580	1.0;1.0;1.0;0.99999;0.99999;0.99999;0.99999
k79_7353	2;1239;186801;3085636;186803;830;831	1.0;1.0;1.0;0.99991;0.99991;0.99991;0.99991
k79_35235	2;29547;3031852;213849;2808963;28196;913109	1.0;0.98921;0.98921;0.98921;0.98882;0.98882;0.98882
k79_25608	2;1239;186801;186802;31979;1485;1491;498214	1.0;0.99999;0.99766;0.99765;0.99765;0.99764;0.99299;0.99299
k79_30096	2;1239;186801;186802;31979;1485;1502	1.0;1.0;1.0;1.0;1.0;1.0;1.0
k79_30101	2;1239;186801;186802;216572;1263;2564099	1.0;0.99998;0.99998;0.99998;0.99998;0.99998;0.99998
k79_12065	2;1239;186801;3085636;186803;33042;116085	1.0;0.99987;0.99985;0.99735;0.99735;0.99735;0.99735
k79_12068	2;976;117743;200644;2762318;34084;34085	1.0;0.99998;0.99998;0.99998;0.99998;0.99998;0.99998
k79_16529	2;1239;186801;186802;31979;1485;2507159	0.99992;0.99721;0.99497;0.9949;0.99434;0.99434;0.88372
k79_35261	2;1239;186801;186802;216572;1263;2564099	1.0;1.0;1.0;1.0;1.0;1.0;1.0
k79_2841	2;976;200643;171549;171550;239759;2585118	1.0;0.99997;0.99997;0.99997;0.99997;0.99997;0.99992
k79_2842	131567	0.99999
k79_30116	2;976;200643;171549;815;909656;821	1.0;1.0;1.0;1.0;1.0;1.0;1.0
k79_21201	2;1239;186801;186802;216572;244127;169435	0.99997;0.99879;0.99856;0.99797;0.99791;0.99789;0.99789
k79_12078	131567	0.99995
k79_25640	2;1239;186801;186802;216572;1263;2564099	1.0;1.0;0.99998;0.99998;0.99998;0.99998;0.99998
k79_16547	2;1239;186801;186802;216572;216851;2929489	1.0;0.88926;0.88913;0.88912;0.88909;0.88907;0.88906
k79_7379	2;976;200643;171549;815;909656;821	1.0;0.99991;0.99991;0.99991;0.99991;0.99991;0.99991
k79_25647	2;1239;186801;3085636;186803;572511;418240;1121115	1.0;1.0;0.99999;0.9995;0.9995;0.99948;0.99948;0.99948
k79_21211	2;1239;186801;186802;216572;459786;2109687	1.0;0.99897;0.99819;0.99411;0.9941;0.89157;0.89144
k79_30148	131567	0.84415
k79_25653	2;1239;91061;1385;186817;2893057	1.0;1.0;1.0;1.0;1.0;1.0
k79_35285	2;1239;186801;3085636;186803;207244;649756;649757	1.0;1.0;1.0;1.0;1.0;0.99998;0.99998;0.99998
k79_12107	2;1239;186801;3085636;186803;3342669;45851	1.0;0.99943;0.99395;0.96003;0.96003;0.95991;0.95991
k79_25658	2;1239;186801;3085636;186803;3342669;45851	1.0;1.0;1.0;1.0;1.0;1.0;1.0
k79_35292	2;1239;186801;3085636;186803;207244;649756;649757	1.0;1.0;1.0;1.0;1.0;1.0;1.0;1.0
k79_7388	2;1239;186801;3085636;186803;33042;751585	1.0;1.0;1.0;0.99996;0.99996;0.99981;0.99981
k79_35300	2;1239;186801;3082720;186804;1870884;1496	1.0;1.0;1.0;1.0;1.0;1.0;1.0
k79_35301	2;1239;1737404;1737405;1570339;162289;2948573	0.99997;0.86714;0.52597;0.52597;0.52597;0.52597;0.52597
k79_16563	2;1239;186801;3085636;186803;207244;649756;649757	1.0;1.0;1.0;1.0;1.0;1.0;1.0;1.0
k79_2872	2;976;200643;171549;815;816;820;997890	0.84306;0.81518;0.81505;0.81505;0.61149;0.60885;0.60736;0.60736
k79_30158	2;1239;186801;3085636;186803;3342669;45851	1.0;1.0;1.0;1.0;1.0;1.0;1.0
k79_21219	2;1239;186801;186802;216572;1263;2564099	1.0;1.0;1.0;1.0;1.0;1.0;1.0
k79_30161	2;1239;186801;186802;216572;1263;2564099	1.0;1.0;1.0;1.0;1.0;1.0;1.0
k79_2883	2;1239;186801;186802;31979;1485	0.99997;0.94614;0.93891;0.93737;0.84299;0.84299
k79_30163	2;976;200643;171549;171550;239759;626932	1.0;1.0;1.0;1.0;1.0;1.0;1.0
k79_21229	2;1239;186801;186802;216572;1263;2564099	1.0;1.0;1.0;1.0;1.0;1.0;1.0
k79_25676	2;1239;186801;3085636;186803;207244;649756;649757	1.0;1.0;1.0;1.0;1.0;1.0;1.0;1.0
k79_35325	2;1239;186801;3085636;186803;3342669;45851	1.0;1.0;1.0;1.0;1.0;1.0;1.0
k79_7394	2;1239;186801;186802;31979;1485;2483110	1.0;0.99996;0.99995;0.99995;0.99994;0.99994;0.99986
k79_35332	2;1239;526524;526525;128827;1918536;1796635	1.0;1.0;0.99999;0.99999;0.99999;0.99999;0.99999
k79_25692	2;1239;186801;3085636;186803;3342669;45851	1.0;1.0;1.0;1.0;1.0;1.0;1.0
k79_7398	2;1239;91061;186826;81852;1350;1354	0.71379;0.63115;0.5983;0.57365;0.5603;0.5603;0.5603
k79_2888	2;976;200643;171549;815;909656;821	1.0;1.0;1.0;1.0;1.0;0.99959;0.99959
k79_7399	2	0.82841
k79_25698	2;1239;186801;3085636;186803;189330;88431	1.0;1.0;0.99997;0.99996;0.99996;0.99819;0.99818
k79_35346	2;976;200643;171549;815;909656;821	1.0;1.0;1.0;1.0;1.0;1.0;1.0
k79_30174	2;1239;186801;3082720;186804	0.89043;0.83418;0.81027;0.50124;0.50119
k79_7403	2;1239;186801;186802;216572;216851;853;657322	1.0;1.0;1.0;1.0;1.0;0.99996;0.99996;0.99996
k79_2892	2;1239;186801;3082720;543314;1926556;3114296	1.0;1.0;1.0;1.0;1.0;1.0;1.0
k79_7407	2;1239;186801;3085636;186803;841;1261634	1.0;1.0;1.0;1.0;1.0;1.0;1.0
k79_21239	2;1239;186801;3085636;186803;3342669;45851	1.0;0.99998;0.99998;0.99971;0.99971;0.99965;0.99965
k79_7414	2;1239;186801;186802;216572;1263;2564099	1.0;0.99999;0.99998;0.99997;0.99997;0.99997;0.99997
k79_30189	2;1239;186801;3085636;186803;841;301301	1.0;1.0;1.0;1.0;1.0;0.99872;0.99872
k79_21248	2;1239;186801;3085636;186803;3342669;45851	1.0;1.0;1.0;1.0;1.0;1.0;1.0
k79_7417	2;976;200643;171549;815;816;820;997890	1.0;1.0;1.0;1.0;0.99992;0.99992;0.99992;0.99992
k79_25724	2;976;200643;171549;815;816;820;997890	1.0;1.0;1.0;1.0;1.0;1.0;1.0;1.0
k79_7422	131567	0.99982
k79_16611	131567	1.0
k79_7425	2;1239;186801;186802;3047432;3047433;2086585	1.0;1.0;1.0;0.99999;0.99999;0.99999;0.99999
k79_35358	2;1239;186801;186802;31979;1485;2483110	1.0;0.99985;0.99957;0.99946;0.99926;0.99926;0.99347
k79_16613	2;976;200643;171549;815;816;47678	1.0;0.99999;0.99999;0.99999;0.99983;0.99983;0.94696
k79_35359	2;1239;186801;3085656;3085657;2039302;1981510	0.99762;0.98008;0.96125;0.87022;0.87022;0.87022;0.87022
k79_7430	2;1239;186801;186802;216572;1263;2564099	1.0;1.0;0.99997;0.99996;0.99996;0.99996;0.99996
k79_35360	2;1239;186801;3085636;186803;572511;2479767	1.0;1.0;1.0;0.99999;0.99999;0.99999;0.99989
k79_12167	2;976;200643;171549;815;816;820;997890	1.0;1.0;1.0;1.0;0.92356;0.92346;0.85771;0.85771
k79_16614	2;1239;91061;1385;186817;2675230;665099	0.99996;0.99991;0.99983;0.99982;0.99982;0.99191;0.99191
k79_25742	2;1239;91061;186826;33958;2767885;28038	1.0;1.0;0.99999;0.99999;0.99999;0.99999;0.99999
k79_35367	2;976;200643;171549;815	1.0;0.66931;0.66549;0.66549;0.64339
k79_7442	2;976;200643;171549;815;909656;357276	1.0;0.99999;0.99999;0.99999;0.99999;0.99969;0.99968
k79_35370	2;976;200643;171549;2005525;375288;46503	1.0;0.89935;0.89933;0.89933;0.63209;0.63209;0.63209
k79_21257	2;1239;186801;3085636;3118652;2039240;28446;991789	0.99987;0.9995;0.99822;0.99804;0.99804;0.99804;0.99804;0.99804
k79_30196	2;976;200643;171549;815;816;820;997890	0.99999;0.98773;0.98388;0.98388;0.97895;0.96179;0.54749;0.54749
k79_2897	2;1239;186801;3085636;186803;1766253;39491;657318	1.0;0.99991;0.99976;0.9991;0.9991;0.99103;0.99103;0.96634
k79_7459	2;1239;186801;3085636;186803;3342669;45851	1.0;1.0;1.0;1.0;1.0;1.0;1.0
k79_25782	2;1239;186801;186802;216572;1905344;1550024	1.0;0.99997;0.86914;0.86914;0.86914;0.86856;0.86856
k79_12187	2;976;200643;171549;815;909656;821	1.0;0.99995;0.99995;0.99995;0.99995;0.9998;0.9998
k79_7464	2;1239;91061;186826;186827;1375;2976809	0.99998;0.99997;0.99978;0.99976;0.99976;0.99976;0.99976
k79_7475	2;976;1853228;1853229;563835;398041;1492898	1.0;0.99982;0.9998;0.9998;0.9998;0.9998;0.9998
k79_2928	2;1239;186801;186802;216572;459786;2763056	0.99801;0.99436;0.9865;0.98395;0.98373;0.84334;0.84333
k79_25810	2;1239;186801;186802;216572;1263;2564099	1.0;1.0;1.0;1.0;1.0;1.0;1.0
k79_7504	2;1239;186801;3085636;186803;2569097;39488	1.0;0.99745;0.99695;0.97323;0.97323;0.89302;0.89302
k79_30233	2;976;200643;171549;815;816;820;997890	0.9997;0.99754;0.99754;0.99754;0.99669;0.99068;0.98036;0.98036
k79_7511	2;976;200643;171549;815;816;817;457424	1.0;0.99993;0.99993;0.99993;0.99993;0.99993;0.78781;0.78781
k79_21281	2;1239;186801;186802;31979;1485;1491;498214	1.0;0.99995;0.99843;0.99839;0.99687;0.99686;0.77623;0.77623
k79_16648	2;976;117743;200644;49546;291183;983544	0.99999;0.92422;0.92406;0.92406;0.92405;0.92403;0.92403
k79_25816	2;1239;186801;3085636;186803;3342669;45851	1.0;1.0;1.0;1.0;1.0;1.0;1.0
k79_21287	2;1239;186801;186802;216572;1263;2564099	1.0;1.0;1.0;1.0;1.0;1.0;1.0
k79_25841	2;1239;186801;3085636;186803;3342669;45851	1.0;1.0;1.0;1.0;1.0;1.0;1.0
k79_12235	2;976;200643;171549;815;909656;821	1.0;0.99999;0.99999;0.99999;0.99999;0.99994;0.99994
k79_35417	2;1239;186801;3085636;186803;3342669;45851	1.0;1.0;1.0;1.0;1.0;1.0;1.0
k79_25844	2	0.87132
k79_30252	2157;28889;183924;2281;118883;2100760;1891280	0.99999;0.99999;0.99999;0.99999;0.99999;0.99999;0.99999
k79_21329	2;1239;186801;186802;216572;459786;2763056	1.0;0.99999;0.99938;0.99938;0.99919;0.99917;0.99917
k79_12244	2;1239;186801;186802;216572;1263;2564099	1.0;1.0;1.0;1.0;1.0;1.0;1.0
k79_12249	2;1239;186801;3085636;186803;3342669;45851	1.0;1.0;1.0;1.0;1.0;1.0;1.0
k79_21339	2;1117;3028117;1161;1892259;748770;136073;1973481	1.0;1.0;1.0;1.0;1.0;1.0;1.0;1.0
k79_25868	2;1239;186801;3085636;186803;207244;649756;649757	1.0;1.0;1.0;0.99999;0.99999;0.99997;0.99997;0.99997
k79_25878	2;1239;186801;3085636;186803;207244;649756;649757	1.0;1.0;1.0;1.0;1.0;1.0;1.0;1.0
k79_2966	2;1239;186801;186802;216572;2892396;2714355	1.0;1.0;1.0;0.99998;0.99998;0.99997;0.99997
k79_7531	2;1239;186801;3085636;186803;3342669;45851	1.0;1.0;1.0;0.99999;0.99999;0.99999;0.99999
k79_30275	2;1239;186801;3085636;186803;3342669;45851	1.0;1.0;1.0;1.0;1.0;1.0;1.0
k79_12257		
k79_2969	2;1239;186801;3085636;186803;189330;88431	1.0;1.0;1.0;1.0;1.0;0.99984;0.99984
k79_35456	2;1239;186801;3085636;186803;207244;649756;649757	1.0;1.0;1.0;1.0;1.0;1.0;1.0;1.0
k79_35458	2;1239;186801;186802;31979;1485;2483110	1.0;1.0;1.0;1.0;1.0;1.0;0.99999
k79_2973	2;976;200643;171549;815;816;820;997890	1.0;1.0;1.0;1.0;1.0;1.0;1.0;1.0
k79_21380	2;1239;186801;3085636;186803;1766253;39491;657318	1.0;1.0;1.0;1.0;1.0;0.99987;0.99987;0.99987
k79_35466	2;1239;186801;3085636;186803;1766253;39491;657317	1.0;1.0;1.0;1.0;1.0;1.0;1.0;1.0
k79_12279	2;1239;186801;186802;216572;1263;2564099	1.0;1.0;1.0;1.0;1.0;1.0;1.0
k79_21392	2;1239;186801;3085636;186803;3342669;45851	1.0;1.0;1.0;1.0;1.0;1.0;1.0
k79_12284	2759;7711;40674;9443;9604;9605;9606	0.99973;0.99973;0.99973;0.99973;0.99973;0.99973;0.99973
k79_35481	2;976;200643;171549;815	0.98147;0.86095;0.82784;0.82784;0.5686
k79_21394	2;1239;186801;186802;31979;1485;1522	1.0;0.99999;0.99999;0.99999;0.99992;0.99992;0.99987
k79_12287	2;1224;1236;2887326;468;469;106654	1.0;0.56056;0.56045;0.55998;0.55998;0.55998;0.55995
k79_25936	2;1239;186801;186802;216572;1263;2564099	1.0;1.0;1.0;1.0;1.0;1.0;1.0
k79_12293	2;1239;186801;3085636;186803;3342669;45851	0.99996;0.99259;0.99253;0.99158;0.99158;0.93117;0.93117
k79_7533	2;1239;186801;186802;31979;1485	0.99995;0.99926;0.99362;0.9929;0.99288;0.99262
k79_30313	2;1239	0.94702;0.88345
k79_2974	2;1239;186801;3085636;186803;3342669;45851	1.0;1.0;1.0;1.0;1.0;1.0;1.0
k79_30323	2;1239;186801;186802;31979;1485;1216932	0.99421;0.98976;0.98679;0.98238;0.98194;0.98087;0.97948
k79_2977	2;1239;186801;3085636;186803;1506577;36835	1.0;1.0;1.0;1.0;1.0;1.0;1.0
k79_16785	2;1239;186801;186802;31979;1485;182773	1.0;1.0;1.0;1.0;1.0;1.0;1.0
k79_12307	2;1239;186801;3085636;186803;189330;88431	1.0;0.97315;0.7153;0.71341;0.71341;0.66581;0.66581
k79_21406	2;1239;186801;186802;216572;1905344;1550024	1.0;0.99983;0.99209;0.9917;0.98996;0.98903;0.98903
k79_16786	2;1239;186801;3085636;186803;2569097;39488	1.0;0.99992;0.99239;0.99239;0.99239;0.94916;0.94916
k79_2984	2;1783272	0.99806;0.97338
k79_21418	2;1239;186801;186802	0.99129;0.85487;0.66642;0.62875
k79_2992	2;1239;186801;186802;216572;1263;2608920	1.0;0.99999;0.99999;0.99959;0.99956;0.99956;0.99956
k79_30347	2;1239;186801;3085636;186803;189330;88431	1.0;1.0;1.0;1.0;1.0;0.99948;0.99948
k79_7563	2;976;200643;171549;171550;239759;214856;679935	1.0;0.83174;0.83173;0.83173;0.83037;0.83037;0.83036;0.83036
k79_30352	2;1239;186801;186802;31979;1485;755731	1.0;0.71275;0.71145;0.7106;0.7106;0.71025;0.65589
k79_12323	2;976;200643;171549;815;909656;821	1.0;0.99985;0.99985;0.99985;0.99958;0.99938;0.99938
k79_12330	2;1239;186801;186802;216572;1263;2564099	1.0;1.0;1.0;1.0;1.0;1.0;1.0
k79_7573	2;1239;186801;186802;31979;1485;641107	1.0;0.99999;0.99998;0.99997;0.99997;0.99997;0.99952
k79_21437	2;1239;186801;186802;216572;244127;169435	1.0;1.0;1.0;1.0;1.0;1.0;1.0
k79_35519	2;1239;91061;1385;186817;2837506;2499688	0.99596;0.93591;0.89587;0.89584;0.89572;0.89562;0.89562
k79_21442	2;1239;186801;3085636;186803;189330;88431	1.0;1.0;1.0;1.0;1.0;0.99987;0.99987
k79_25984	2;1224	0.99999;0.50861
k79_12343	2;1239;1737404;1737405;1570339;543311;33033	1.0;1.0;1.0;1.0;1.0;1.0;1.0
k79_25985	2;1239;186801;186802;216572;1263;1160721	1.0;0.96806;0.96751;0.96656;0.95155;0.95136;0.95081
k79_12348	2;976;200643;171549;815;909656;821	1.0;0.9995;0.9995;0.9995;0.99926;0.99919;0.99919
k79_35539	2;1239;186801;186802;31979;1848399;2599308	1.0;1.0;1.0;0.9999;0.9999;0.9999;0.9999
k79_30369	2;976;200643;171549;815;816;820;997890	1.0;0.99999;0.99998;0.99998;0.99998;0.99998;0.99985;0.99985
k79_12355	2;976;200643;171549;171550;239759;1288121	1.0;1.0;1.0;1.0;1.0;1.0;1.0
k79_25986	2;1239;186801;3085636;186803;3342669;45851	1.0;1.0;1.0;1.0;1.0;1.0;1.0
k79_30376	2;976;200643;171549;815;909656;821	1.0;1.0;1.0;1.0;1.0;0.99997;0.99997
k79_7623	2759;7711;40674;9443;9604;9605;9606	1.0;1.0;1.0;1.0;1.0;1.0;1.0
k79_7630	2;1239;186801;3085636;186803;841;1261634	1.0;0.99962;0.99695;0.98781;0.98781;0.68652;0.68563
k79_16798	2;1239;186801;3085636;186803;3342669;45851	1.0;1.0;1.0;1.0;1.0;1.0;1.0
k79_3038	2;1239;186801;3085636;186803;33042;116085	1.0;0.99999;0.99999;0.99996;0.99996;0.99994;0.99994
k79_16807	2;1239;186801;186802;31979;1485;1502	0.99939;0.73888;0.7148;0.69171;0.69171;0.6917;0.50374
k79_35555	131567	0.99508
k79_12388	2;976;200643;171549;815;816;817;457424	1.0;0.99998;0.99998;0.99998;0.99998;0.99998;0.99997;0.99997
k79_12389	2;976;200643;171549;815;909656;821	1.0;1.0;1.0;1.0;1.0;1.0;1.0
k79_7649	2;1239;186801;3085636;186803;1766253;39491;657317	1.0;0.99999;0.99999;0.99997;0.99997;0.97926;0.97926;0.97925
k79_30407	2;1239;186801;186802;216572;216851;2929495	1.0;0.99998;0.99988;0.99657;0.99656;0.99636;0.99634
k79_21480	2;1239;186801;3085636;186803;3342669;45851	1.0;1.0;1.0;1.0;1.0;1.0;1.0
k79_12398	2;976;117743;200644;49546;52959;996801	0.99999;0.99999;0.99998;0.99998;0.99998;0.99998;0.99998
k79_21483	2;1239;186801;186802;216572;1263;2564099	1.0;1.0;1.0;1.0;1.0;1.0;1.0
k79_30412	2;1239;91061;1385;186817;182709;746691;1238184	1.0;0.99998;0.99997;0.99997;0.99997;0.99992;0.99992;0.99992
k79_3043	2;1239;186801;3085636;186803;207244;649756;649757	1.0;1.0;1.0;1.0;1.0;1.0;1.0;1.0
k79_21488	2;1239;186801;186802;216572;244127;169435	1.0;0.99996;0.99996;0.61998;0.61998;0.61998;0.61998
k79_16821	2;1239;186801;186802;216572;1508657;2488810	1.0;1.0;1.0;1.0;1.0;1.0;1.0
k79_21490	2;976;200643;171549;815;909656;821	0.99988;0.98487;0.98243;0.98243;0.98223;0.8898;0.88977
k79_7671	2;1239;91061;186826;1300;1301;1307;423211	1.0;0.99988;0.93045;0.93009;0.93008;0.93008;0.93008;0.93008
k79_12412	2;976;117743;200644;2762318;59732;1265445	1.0;0.99999;0.99999;0.99999;0.99998;0.99998;0.99998
k79_7675	2;1239;186801;3085636;186803;3342669;45851	1.0;1.0;1.0;1.0;1.0;1.0;1.0
k79_26022	2;1239;186801;186802;216572;459786;2763056	1.0;0.99999;0.99999;0.99998;0.9999;0.99957;0.99957
k79_16834	2;1239;186801;3085636;186803;1766253;39491;657317	1.0;1.0;1.0;1.0;1.0;0.99997;0.99997;0.99997
k79_7681	2;1239;186801;3085636;186803;3342669;45851	1.0;1.0;1.0;0.99998;0.99998;0.9348;0.9348
k79_21512	2;1239;186801;3085636;186803;2569097;39488	1.0;1.0;1.0;0.99999;0.99999;0.99997;0.99997
k79_35572	2;1239;186801;3085636;186803;3342669;45851	1.0;1.0;1.0;1.0;1.0;1.0;1.0
k79_16855	2;1239;1737404;1737405;1570339;162289;2948573	1.0;0.99999;0.99998;0.99998;0.99998;0.99998;0.99998
k79_12426	2;1239;186801;3085636;186803;3342669;45851	1.0;1.0;1.0;1.0;1.0;1.0;1.0
k79_26035	2;1239;91061;1385;186817;1386;1396;526987	0.99998;0.99998;0.99974;0.99973;0.99973;0.99973;0.99973;0.99973
k79_12446	2;1239;186801;186802;216572;1263;2564099	1.0;1.0;1.0;1.0;1.0;1.0;1.0
k79_16899	2;976;200643;171549;815;816;818	1.0;0.99991;0.99991;0.99991;0.99991;0.99991;0.9999
k79_7710	2;1239;186801;3085636;186803;572511;53443;476272	1.0;1.0;1.0;1.0;1.0;1.0;1.0;1.0
k79_16903	2;1239;91061;1385;90964;1279;1654388	1.0;1.0;1.0;1.0;1.0;1.0;1.0
k79_12459	2;200940;67799;188710;188711;1740;1295609;795359	0.99979;0.56755;0.56755;0.56755;0.56755;0.56755;0.56755;0.56755
k79_30449	2;976;200643;171549;815;909656;821	1.0;1.0;1.0;1.0;1.0;1.0;1.0
k79_26052	2;976;117743;200644;49546;261827;2686366	1.0;1.0;1.0;1.0;1.0;1.0;1.0
k79_7719	2;1239;186801;186802;216572;1263;2564099	1.0;1.0;1.0;1.0;1.0;1.0;1.0
k79_12460	2;1239;186801;3085636;186803;3342669;45851	1.0;1.0;1.0;1.0;1.0;1.0;1.0
k79_3091	2;1239;186801;3085636;186803;3342669;45851	1.0;1.0;1.0;1.0;1.0;1.0;1.0
k79_16924	2;1239;186801;186802;216572;1263;657323	1.0;1.0;0.99999;0.99997;0.99997;0.99983;0.99983
k79_21536	2;1239;186801;3085636;186803;3342669;45851	1.0;1.0;1.0;1.0;1.0;1.0;1.0
k79_16939	2;1239;186801;186802;31979;1485;1494	0.99998;0.99998;0.9727;0.97259;0.97259;0.97259;0.96415
k79_21548	2;1239;186801;186802;216572;1263;2564099	1.0;1.0;1.0;1.0;1.0;1.0;1.0
k79_35632	2;1239;186801;3085636;186803;3342669;45851	1.0;1.0;1.0;1.0;1.0;1.0;1.0
k79_7739	2759;7711;40674;9443;9604;9605;9606	0.98202;0.98202;0.98202;0.98202;0.98202;0.98202;0.98202
k79_16950	2	0.73632
k79_35634	2;1239;186801;3085636;186803;33042;116085	0.99993;0.76309;0.63527;0.62719;0.62719;0.62718;0.62718
k79_16961	131567	1.0
k79_35642	2;1239;186801;3085636;186803;3342669;45851	1.0;0.98189;0.96104;0.88933;0.88933;0.88927;0.88927
k79_7755	2;1239;186801;3085636;186803;572511;418240;1121115	1.0;1.0;0.99995;0.6887;0.6887;0.6777;0.67671;0.67671
k79_26087	2;1783272	0.99721;0.99686
k79_16970	2;1239	0.99331;0.74558
k79_26090	2;1224;1236;91347;1903414;586;587	1.0;1.0;1.0;1.0;1.0;1.0;1.0
k79_21562	2;1239;186801;186802;216572;459786;2109687	1.0;1.0;1.0;0.99998;0.99998;0.99996;0.99996
k79_12466	2;1239;186801;186802;31979;1485;1509	0.99974;0.9773;0.97715;0.97715;0.97715;0.97638;0.96874
k79_30450	2;1239;186801;3085636;186803;3342669;45851	1.0;1.0;1.0;1.0;1.0;1.0;1.0
k79_26094	2;1239;186801;3085636;186803;3342669;45851	1.0;1.0;1.0;1.0;1.0;1.0;1.0
k79_12469	2;1239;186801;3085636;186803;3342669;45851	1.0;1.0;1.0;1.0;1.0;1.0;1.0
k79_26096	2;1239;186801;186802;216572;1263;2564099	1.0;1.0;1.0;1.0;1.0;1.0;1.0
k79_26097	2;1239;186801;186802;31979;1485;1502	1.0;1.0;1.0;0.99999;0.99999;0.99999;0.99999
k79_12484	2;1239;186801;186802;186806;1730;1736	1.0;0.99999;0.99999;0.99999;0.99747;0.99747;0.99747
k79_12486	2;1239;186801;186802;216572;459786;2109687	1.0;0.99768;0.99667;0.99587;0.9958;0.98473;0.98456
k79_16993	2;1239;91061;186826;1300;1301;1326	1.0;1.0;0.99997;0.99997;0.99997;0.99997;0.99997
k79_21586	2;1239;186801;186802;216572;1263;2564099	1.0;1.0;1.0;1.0;1.0;1.0;1.0
k79_12492	2;1239;91061;1385;186817;2675231;129985	1.0;0.9999;0.99985;0.99985;0.99985;0.99962;0.99962
k79_12494	2;1224;28211;204455;31989;265;2903900	1.0;1.0;1.0;1.0;1.0;1.0;1.0
k79_30462	2;1239;186801;3085636;186803;3342669;45851	1.0;1.0;1.0;1.0;1.0;1.0;1.0
k79_12496	2759;7711;40674;9443;9604;9605;9606	0.99998;0.99998;0.99998;0.99998;0.99998;0.99998;0.99998
k79_3142	2;1239;186801;186802;31979;1485;1519	1.0;0.99998;0.99995;0.99994;0.99994;0.99994;0.99818
k79_26105	2;1239;186801;3085636;186803;2316020;33039;657313	1.0;0.99999;0.99993;0.99988;0.99988;0.99788;0.99785;0.99785
k79_12514	2;1239;186801;3082720;543314;1926556;3114296	1.0;0.99956;0.99312;0.98869;0.98869;0.98869;0.98869
k79_17023	2759;7711;40674;9443;9604;9605;9606	1.0;1.0;1.0;1.0;1.0;1.0;1.0
k79_21603	2;1239;186801;3085636;186803;207244;649756;649757	1.0;1.0;1.0;1.0;1.0;1.0;1.0;1.0
k79_30475	2;976;200643;171549;815;816;820;997890	1.0;1.0;1.0;1.0;1.0;1.0;1.0;1.0
k79_26126	2;1239;91061;1385;90964;1279;33028	0.99997;0.73305;0.69102;0.68797;0.65464;0.65458;0.65443
k79_3152	2;1239;186801;3085636;186803;3342669;45851	1.0;1.0;1.0;0.99997;0.99997;0.99997;0.99997
k79_35715	2;976;200643;171549;815;816;371601;657309	1.0;0.99996;0.99996;0.99996;0.99771;0.99761;0.99756;0.99756
k79_21611	2;1239;91061;186826;81852;1350;1354	0.99999;0.99999;0.99999;0.99999;0.99999;0.99999;0.99999
k79_21614	2;976;200643;171549;815;816;820;997890	1.0;0.99999;0.99999;0.99999;0.99999;0.99952;0.9816;0.9816
k79_3167	2;1239;186801;186802;216572;1905344;1550024	0.99952;0.98721;0.9867;0.98576;0.96095;0.87378;0.87378
k79_17025	2;1239;186801;3085636;186803;3342669;45851	1.0;1.0;1.0;1.0;1.0;0.99998;0.99998
k79_3174	131567	0.99987
k79_17029	2;976;117743;200644;49546;291183;983544	1.0;0.99737;0.99736;0.99736;0.99736;0.99713;0.99713
k79_12552	2;1239;186801;3085636;186803;207244;649756;649757	1.0;1.0;1.0;0.99979;0.99979;0.99978;0.99978;0.99978
k79_12553	2;1239;186801;3085636;186803;841;166486;718255	1.0;1.0;1.0;1.0;1.0;1.0;1.0;1.0
k79_3184	2;976;200643;171549;815;816;818	1.0;0.99972;0.99972;0.99972;0.99972;0.99972;0.99871
k79_26155	2;1239;186801;186802;216572;1263;2564099	1.0;1.0;1.0;1.0;1.0;1.0;1.0
k79_17036	2759;7711;40674;9443;9604;9605;9606	0.99797;0.99797;0.99797;0.99797;0.99797;0.99797;0.99797
k79_26162	2;1239;186801;3085636;186803;3342669;45851	1.0;1.0;1.0;1.0;1.0;1.0;1.0
k79_3202	2;1239;186801;3085636;186803;3342669;45851	1.0;1.0;1.0;1.0;1.0;1.0;1.0
k79_17049	2;1239;186801;3085636;186803;3342669;45851	1.0;1.0;1.0;1.0;1.0;1.0;1.0
k79_12557	2;1239;186801;186802;216572;1263;2564099	1.0;1.0;1.0;1.0;1.0;1.0;1.0
k79_3214	2;1239;186801;186802;216572;1263;2564099	1.0;1.0;1.0;1.0;1.0;1.0;1.0
k79_17056	2;976;200643;171549;815;816;820;997890	1.0;1.0;1.0;1.0;1.0;1.0;1.0;1.0
k79_21632	2;1239;186801;186802;31979;1485;2507159	1.0;0.9988;0.99876;0.94433;0.94413;0.94413;0.94359
k79_12563	2;976;117743;200644;49546;112040;63186	0.99996;0.75501;0.75495;0.75495;0.70716;0.70609;0.70609
k79_21633	2;1239;186801;186802;216572;1263;2564099	1.0;1.0;1.0;1.0;1.0;1.0;1.0
k79_12566	2;1239;186801;3085636;2603322;1348611;1185412	0.99627;0.62747;0.61793;0.61206;0.61206;0.61206;0.61206
k79_35759	2;1239;186801;186802;31979;1485	0.94958;0.94935;0.56326;0.56272;0.56218;0.53058
k79_7769	2;1239;186801;186802;31979;1485;1491;498214	1.0;0.99999;0.99963;0.99961;0.9996;0.99933;0.59221;0.59221
k79_35766	2759;7711;40674;9443;9604;9605;9606	0.77364;0.77364;0.77364;0.77364;0.77364;0.77364;0.77364
k79_3217	2;1239;186801;186802;216572;216851;2929491	0.994;0.96691;0.96345;0.93284;0.86164;0.86161;0.86161
k79_12567	2;1239;186801;186802;216572;1263;657323	1.0;0.99944;0.99412;0.98883;0.98866;0.95978;0.7903
k79_35767	2;1239;186801;3085636;186803;28050;39485	1.0;0.99997;0.99997;0.99988;0.99988;0.99988;0.99988
k79_21662	2;1239;186801;186802;31979;1485;1216932	1.0;1.0;0.99999;0.99999;0.99999;0.99999;0.99999
k79_3243	2;976;200643;171549;815;816;820;997890	1.0;1.0;1.0;1.0;1.0;1.0;1.0;1.0
k79_17103	2;1224;1236;135623;641;662;664643	0.99998;0.99995;0.99995;0.99995;0.99995;0.99995;0.99995
k79_26199	2;1239;186801;3085636;186803;3342669;45851	1.0;1.0;1.0;1.0;1.0;1.0;1.0
k79_35771	2;1239;186801;3085636;186803;3342669;45851	1.0;1.0;1.0;0.99999;0.99999;0.99999;0.99999
k79_17107	2;1239;186801;3085636;186803;3342669;45851	1.0;1.0;1.0;1.0;1.0;1.0;1.0
k79_30558	2;1239;186801;186802;216572;1263;2564099	1.0;1.0;1.0;1.0;1.0;1.0;1.0
k79_21683	2;1239;186801;3085636;186803;207244;649756;649757	1.0;1.0;1.0;1.0;1.0;1.0;1.0;1.0
k79_3268	2;203691;203692;136;2845253;157;158	1.0;1.0;1.0;1.0;1.0;1.0;1.0
k79_7798	2;1239;186801;186802;31979;1485;2930219	0.99984;0.99668;0.99522;0.99497;0.99495;0.99495;0.94982
k79_30564	2;544448;31969;186328;2131;2132;3066291	1.0;0.99993;0.99993;0.99993;0.99993;0.99993;0.99993
k79_30566	2;1239;186801;186802;31979;1485;238834	0.52329;0.52279;0.50561;0.50561;0.50559;0.50559;0.50558
k79_30573	2;1239;186801;186802;216572;1263;2564099	1.0;1.0;1.0;1.0;1.0;1.0;1.0
k79_35779	2;1239;186801;3085636;186803;207244;649756;649757	1.0;1.0;1.0;1.0;1.0;1.0;1.0;1.0
k79_3295	2;1239;186801;186802;216572;1263;2564099	1.0;1.0;1.0;1.0;1.0;1.0;1.0
k79_7799	2;1239;186801;3085636;186803;3342669;45851	1.0;1.0;1.0;1.0;1.0;1.0;1.0
k79_7800	2;1239;91061;1385;186818;1372;1499687	0.99999;0.86378;0.73061;0.73044;0.72546;0.72546;0.72545
k79_26202	2;1239;186801;3085636;186803;3342669;45851	1.0;1.0;1.0;1.0;1.0;1.0;1.0
k79_35805	2;1239;186801;186802;31979;1485;1538;748727	0.99989;0.99977;0.99914;0.99911;0.99904;0.99897;0.99887;0.99887
k79_12597	2;1239;186801;3085636;186803;3342669;45851	1.0;1.0;1.0;1.0;1.0;1.0;1.0
k79_7804	2;1239;186801;186802;216572;1263;2564099	1.0;1.0;1.0;1.0;1.0;1.0;1.0
k79_35806	2;976;200643;171549;2005525;375288;823;435591	1.0;1.0;1.0;1.0;0.99999;0.99999;0.99999;0.99999
k79_21687	2;1239;186801;186802;31979;1485;3070681	1.0;0.87728;0.8769;0.85708;0.85691;0.85691;0.72212
k79_12600	2;1239;186801;3085636;186803;1766253;39491;657317	1.0;1.0;1.0;1.0;1.0;0.99999;0.99999;0.99999
k79_17128	2;1239;186801;3085636;186803;841;166486;657315	1.0;0.9905;0.9905;0.99048;0.99048;0.98992;0.98992;0.98992
k79_21701	2;1239;186801;3085636;186803;1506553;29347	1.0;0.99995;0.99993;0.99955;0.99955;0.99403;0.99403
k79_30610	2;1239;186801;3085636;186803;3342669;45851	1.0;1.0;1.0;1.0;1.0;1.0;1.0
k79_35819	2;1239;186801;186802;216572;1263;657323	1.0;1.0;1.0;0.99979;0.99979;0.99963;0.99963
k79_35825	2;1239;186801;186802;31979;1485;411486	1.0;0.99986;0.99986;0.99983;0.9998;0.9998;0.99979
k79_7818	2;1239;186801;3085636;186803;2569097;39488	1.0;1.0;1.0;1.0;1.0;0.99999;0.99999
k79_26225	2;1239;186801;3085636;186803;3342669;45851	1.0;1.0;1.0;1.0;1.0;1.0;1.0
k79_17149	2;1239;186801;3085636;186803;3342669;45851	1.0;1.0;1.0;1.0;1.0;1.0;1.0
k79_21718	2;1239;186801;3085636;186803;3342669;45851	1.0;1.0;1.0;1.0;1.0;0.99999;0.99999
k79_17155	2;976;200643;171549;815;816;820;997890	1.0;0.63954;0.63921;0.63921;0.63869;0.63447;0.60163;0.60163
k79_7828	2;976;200643;171549;815;816;820;997890	1.0;1.0;1.0;1.0;1.0;1.0;1.0;1.0
k79_21724	2;976;200643;171549;2005525;375288;823;435591	1.0;0.98431;0.98431;0.98431;0.64327;0.64327;0.64188;0.64188
k79_7829	2759;7711;40674;9443;9604;9605;9606	0.99986;0.99986;0.99986;0.99986;0.99986;0.99986;0.99986
k79_3310	2;1239;186801;186802;216572;1263;2564099	1.0;1.0;1.0;1.0;1.0;1.0;1.0
k79_12623	2;1239;186801;186802;216572;1263;2564099	1.0;1.0;1.0;1.0;1.0;1.0;1.0
k79_17163	2;1239;186801;3085636;186803;3342669;45851	1.0;1.0;1.0;1.0;1.0;1.0;1.0
k79_26243	2;1239;186801;186802;216572;2892396;2714353	1.0;1.0;1.0;1.0;1.0;0.99999;0.99999
k79_21737	2;1239;186801;3085636;186803;3342669;45851	1.0;1.0;1.0;1.0;1.0;1.0;1.0
k79_7843	2	0.99984
k79_3334	2;1224;28216;206351;481;1193515;1196083	1.0;0.65452;0.6545;0.64639;0.64639;0.64639;0.64639
k79_3341	2;1239;186801;186802;216572;1263;2564099	1.0;1.0;1.0;1.0;1.0;1.0;1.0
k79_7853	2759;7711;40674;9443;9604;9605;9606	0.64603;0.64603;0.64603;0.64603;0.64603;0.64603;0.64603
k79_21755	2;1239;91061;1385;186817;1386;1547283	0.98705;0.98512;0.7311;0.7311;0.73058;0.73049;0.72988
k79_17168	2;1239;186801;186802;216572;1263;2564099	1.0;1.0;1.0;1.0;1.0;1.0;1.0
k79_30617	2;1239;186801;3085636;186803;3342669;45851	1.0;1.0;1.0;1.0;1.0;1.0;1.0
k79_21760	2;1239;186801;186802;216572;216851;2929495	1.0;1.0;1.0;1.0;0.99999;0.99962;0.99962
k79_30618	2;1239;186801;186802;31979;1485;1216932	1.0;1.0;1.0;1.0;1.0;1.0;0.99985
k79_35837	2	0.99932
k79_17174	2;976;200643;171549;815;816;820;997890	1.0;0.99999;0.99999;0.99999;0.99999;0.99999;0.89146;0.89146
k79_26272	2;1239;186801;3085636;2603322;1348611;1185412	0.99969;0.96438;0.94923;0.94848;0.94847;0.94847;0.94847
k79_21763	2;1239;186801;186802;216572;1263;2564099	1.0;0.99999;0.99998;0.99998;0.99998;0.99998;0.99998
k79_7859	2;1239;186801;3085636;186803;3342669;45851	1.0;1.0;1.0;0.99999;0.99999;0.99999;0.99999
k79_30628	2;1239;186801;186802;216572;1263;2564099	1.0;1.0;1.0;1.0;1.0;1.0;1.0
k79_17183	2;1239;186801;186802;216572;2892396;2714355	1.0;1.0;1.0;1.0;1.0;0.99999;0.99999
k79_7862	2;976;200643;171549;815;909656;821	1.0;1.0;1.0;1.0;0.99999;0.62829;0.62828
k79_30633	2;976;200643;171549;815;909656;821	1.0;0.99998;0.99998;0.99998;0.99998;0.99986;0.99986
k79_35848	2;1239;186801;3085636;186803;572511;2479767	1.0;1.0;1.0;1.0;1.0;1.0;0.99867
k79_26285	2;1239;186801;186802;216572;1263;2564099	1.0;1.0;1.0;1.0;1.0;1.0;1.0
k79_21786	2;1239;186801;3085636;186803;3342669;45851	1.0;1.0;1.0;1.0;1.0;1.0;1.0
k79_35859	2;1239;186801;3085636;186803;2569097;39488	1.0;1.0;1.0;1.0;1.0;0.99991;0.99991
k79_21790	2;1239;186801;3085636;186803;207244;649756;649757	1.0;1.0;1.0;1.0;1.0;1.0;1.0;1.0
k79_12710	131567	0.80319
k79_30655	2;1224;1236;135622;267888;53246	1.0;0.99987;0.99987;0.99986;0.99986;0.99986
k79_3374	2;1239;186801;3085636;186803;207244;649756;649757	1.0;1.0;1.0;0.99999;0.99999;0.99999;0.99999;0.99999
k79_7880	2;1239;186801;3085636;186803;3342669;45851	1.0;1.0;1.0;1.0;1.0;1.0;1.0
k79_17190	2;1239;186801;3085636;186803;207244;649756;649757	1.0;1.0;1.0;1.0;1.0;0.99999;0.99999;0.99999
k79_12713	2;1239;186801;3085636;186803;3342669;45851	1.0;1.0;1.0;1.0;1.0;1.0;1.0
k79_12715	2;1239;186801;186802;216572;1263;2564099	1.0;1.0;1.0;1.0;1.0;1.0;1.0
k79_12719	2;1239;186801;3085636;186803;207244;649756;649757	1.0;1.0;0.99999;0.99999;0.99999;0.99994;0.99994;0.99994
k79_35880	2;1239;186801;3085636;186803;3342669;45851	1.0;1.0;1.0;1.0;1.0;1.0;1.0
k79_17225	2;976;200643;171549;815;909656;821	1.0;1.0;1.0;1.0;1.0;1.0;1.0
k79_35888	2;1239;186801;186802;216572;1263;2564099	1.0;1.0;1.0;1.0;1.0;1.0;1.0
k79_7902	2;976;200643;171549;815;816;817;457424	0.99999;0.99999;0.99999;0.99999;0.99999;0.99999;0.99983;0.99983
k79_21847	2;203691;203692;136;1643685;138;2756107	1.0;1.0;1.0;1.0;1.0;1.0;1.0
k79_35890	2;1239;186801;186802;216572;1263;2564099	1.0;1.0;1.0;1.0;1.0;1.0;1.0
k79_21851	2;976;200643;171549;815;816;820;997890	1.0;0.99997;0.99997;0.99997;0.99997;0.99997;0.89337;0.89337
k79_35891	2;976;200643;171549;815;816;820;997890	0.99998;0.99979;0.99979;0.99979;0.99976;0.86791;0.85921;0.85921
k79_7913	2;976;200643;171549;815;816;817;457424	1.0;0.99712;0.99712;0.99712;0.99711;0.99711;0.67935;0.67935
k79_3404	2;1239;186801;186802;216572;459786;2109687	1.0;0.99959;0.99888;0.99888;0.99888;0.99662;0.99662
k79_26306	2;1239;186801;186802;31979;1485;1491;498214	1.0;0.99928;0.997;0.997;0.99673;0.99673;0.53411;0.53411
k79_17233	2;1239;186801;3085636;186803;3342669;45851	1.0;1.0;1.0;1.0;1.0;1.0;1.0
k79_12765	2;1239;186801;3085656;3085657;2039302;1981510	1.0;0.99999;0.99999;0.62041;0.62041;0.62041;0.62041
k79_26310	2;976;200643;171549;815;816;820;997890	1.0;1.0;1.0;1.0;1.0;1.0;1.0;1.0
k79_35912	2;1239;186801;186802;216572;1263;2564099	1.0;1.0;1.0;1.0;1.0;1.0;1.0
k79_35913	2;1239;186801;3085636;186803;3342669;45851	1.0;1.0;1.0;1.0;1.0;1.0;1.0
k79_30703	2;1239;186801;186802;31979;1485;394958	1.0;0.97649;0.97639;0.97637;0.97634;0.97634;0.65779
k79_35919	2;1239;186801;186802;216572;1263;2564099	1.0;1.0;1.0;1.0;1.0;1.0;1.0
k79_7942	2;976;200643;171549;815;816;818	0.99991;0.99931;0.99927;0.99927;0.99926;0.99926;0.9986
k79_7947	2;1239;186801;3085636;186803;3342669;45851	1.0;1.0;1.0;0.99999;0.99999;0.9999;0.9999
k79_30726	2;1239;186801;3085636;186803;3342669;45851	1.0;1.0;1.0;1.0;1.0;1.0;1.0
k79_17268	2;976;117743;200644;49546;252356;2976127	0.99999;0.99982;0.99982;0.99982;0.99982;0.99982;0.99982
k79_3419	2;976;200643;171549;815;909656;821	1.0;1.0;1.0;1.0;1.0;0.99993;0.99993
k79_7949	2;1239;186801;3085636;186803;3342669;45851	1.0;1.0;1.0;1.0;1.0;1.0;1.0
k79_3420	2;1239;186801;186802;216572;1263;2564099	1.0;1.0;1.0;1.0;1.0;1.0;1.0
k79_21905	2;1239;186801;3085636;186803;572511;2479767	1.0;0.96972;0.96958;0.9669;0.9669;0.96577;0.94763
k79_21908	2;976;200643;171549;171550;239759;1288121	1.0;0.99992;0.99992;0.99992;0.97529;0.97529;0.9396
k79_17280	2;1239;186801;186802;216572;1263;2564099	1.0;1.0;1.0;1.0;1.0;1.0;1.0
k79_30741	2;29547;3031852;213849;2932623;57665;3094835	0.97723;0.96506;0.96506;0.96506;0.96506;0.96506;0.96506
k79_17285	2;976;200643;171549;815;909656;821	1.0;1.0;1.0;1.0;1.0;0.99995;0.99995
k79_30745	2;1239;186801	0.93941;0.69549;0.61191
k79_35954	2;1239;91061;1385;186822;44249;1536772	1.0;0.99999;0.99999;0.99999;0.99992;0.99992;0.99985
k79_7958	2;1239;186801;3085636;186803;3342669;45851	1.0;1.0;1.0;1.0;1.0;1.0;1.0
k79_3451	2;1224;28211;766;942;953;2640676	0.9999;0.9999;0.9999;0.9999;0.9999;0.9999;0.9999
k79_35962	2;1239;186801;186802;216572;1263;2564099	1.0;1.0;1.0;1.0;1.0;1.0;1.0
k79_26358	2;1239;186801;186802;216572;1263;2564099	1.0;1.0;1.0;1.0;1.0;1.0;1.0
k79_21925	2;1239;91061;1385;186817;2837506;1397	1.0;1.0;0.99999;0.99999;0.99999;0.99999;0.99998
k79_17303	2;976;117743;200644;49546;112040;63186	1.0;0.99998;0.99998;0.99998;0.99998;0.99998;0.99998
k79_26361	2;1239;186801;3085636;186803;3342669;45851	1.0;1.0;1.0;1.0;1.0;1.0;1.0
k79_3461	2;976;200643;171549;815;816;820;997890	1.0;1.0;1.0;1.0;1.0;1.0;1.0;1.0
k79_7981	2;1239;91061;1385;90964;1279;308354	1.0;0.99091;0.95483;0.95483;0.95478;0.95478;0.95478
k79_30762	2;976;200643;171549;815;816;820;997890	0.99268;0.98518;0.9851;0.9851;0.98299;0.98296;0.98295;0.98295
k79_26363	2;1239;186801;186802;31979;1485;1716543	1.0;0.99928;0.92235;0.90248;0.90247;0.90247;0.75163
k79_12775	2;1239;186801;186802;31979;1485;1491;498214	0.99912;0.99911;0.99418;0.99418;0.99418;0.99418;0.99137;0.99137
k79_30768	2;1239;91061;1385;186817	0.99857;0.89511;0.59376;0.59289;0.59224
k79_7985	2;976;200643;171549;815;816;820;997890	1.0;1.0;1.0;1.0;1.0;1.0;0.99997;0.99997
k79_21948	2;1239;186801;3085636;186803;572511;418240;1121115	0.99992;0.99954;0.99911;0.81008;0.81008;0.75067;0.74596;0.74596
k79_17328	2;976;200643;171549;815;816;818	1.0;0.99999;0.99999;0.99999;0.99999;0.99999;0.99999
k79_26382	2;1239;186801;3085636;186803;3342669;45851	1.0;1.0;1.0;1.0;1.0;1.0;1.0
k79_12792	2;976;200643;171549;815;816;820;997890	0.99715;0.97897;0.97895;0.97895;0.97843;0.97842;0.92271;0.92271
k79_30784	2;1239;186801;186802;216572;1263;2564099	1.0;1.0;1.0;1.0;1.0;1.0;1.0
k79_3492	2;1239;186801;3085636;186803;207244;649756;649757	1.0;1.0;0.99999;0.99995;0.99995;0.99995;0.99995;0.99995
k79_21967	2;1239;186801;186802;31979;1485;2068654	0.99997;0.99996;0.99628;0.9962;0.99619;0.99596;0.97911
k79_8005	2;1239;186801;186802;216572;2892396;2714353	1.0;1.0;1.0;0.99999;0.99999;0.99937;0.99937
k79_12795	2;1239;186801;186802;216572;216851;853;657322	0.99881;0.89141;0.88859;0.79895;0.69608;0.68106;0.67779;0.67335
k79_21969	2;1239;186801;3085636;186803;207244;649756;649757	1.0;1.0;1.0;1.0;1.0;0.99992;0.99992;0.99992
k79_35999	2;1239;186801;186802;216572;1263;2564099	1.0;1.0;1.0;1.0;1.0;1.0;1.0
k79_36000	2;1239;186801;186802;216572;1263;2564099	1.0;1.0;1.0;1.0;1.0;1.0;1.0
k79_12799	2;1239;186801;186802;31979;1485;1561	1.0;0.99996;0.99996;0.99995;0.99995;0.99993;0.89484
k79_17343	2;1239;186801;3085636;186803;3342669;45851	1.0;1.0;1.0;1.0;1.0;1.0;1.0
k79_36007	2;1224;1236;2887326;468;469;470	1.0;0.55652;0.55651;0.55651;0.55651;0.55651;0.55651
k79_26395	2;1239;186801;186802;216572;1263;2564099	1.0;1.0;1.0;1.0;1.0;1.0;1.0
k79_36008	2;67819;1077257;1077263;1077264;1077265;454171;1303518	1.0;1.0;1.0;1.0;1.0;1.0;1.0;1.0
k79_21978	2;29547;3031852;213849;72294;194;198	1.0;1.0;1.0;1.0;1.0;1.0;1.0
k79_17346	2;1239;186801;186802;31979;1485;1509	0.99997;0.81225;0.67208;0.67203;0.67203;0.53543;0.52677
k79_3494	2;976;200643;171549;815;816;820;997890	1.0;0.99975;0.99974;0.99974;0.99973;0.99908;0.93977;0.93977
k79_12805	2;1239;186801;3085636;186803;3342669;45851	1.0;1.0;1.0;1.0;1.0;1.0;1.0
k79_21984	2;976;200643;171549;815;816;820;997890	1.0;1.0;1.0;1.0;1.0;1.0;0.99991;0.99991
k79_26401	2;1239;186801;3082720;186804;1870884;1496	1.0;1.0;1.0;0.99998;0.99998;0.99998;0.99998
k79_36025	2;976;200643;171549;815;909656;821	1.0;1.0;1.0;1.0;1.0;0.99985;0.99985
k79_12813	2;1239;186801;186802;216572;459786;2109687	1.0;0.99021;0.9902;0.98408;0.98406;0.98361;0.94519
k79_21997	2;976;200643;171549;815;816;820;997890	1.0;1.0;1.0;1.0;1.0;1.0;1.0;1.0
k79_3504	2;1239;186801;186802;31979;1266;2726954	1.0;1.0;1.0;1.0;1.0;1.0;1.0
k79_8041	2;1239;186801;3085636;186803;3342669;45851	1.0;1.0;1.0;0.99999;0.99999;0.99999;0.99999
k79_36046	2;1239;186801;186802;216572;1263;2564099	1.0;1.0;1.0;1.0;1.0;1.0;1.0
k79_12833	2;1239;91061;1385;186817;1386;1405	1.0;1.0;0.99759;0.99354;0.99354;0.99354;0.99354
k79_36048	2;976;200643;171549;815;909656;821	0.98995;0.96459;0.96253;0.96252;0.96188;0.96129;0.96128
k79_26418	2;976;200643;171549;815;909656;821	1.0;1.0;1.0;1.0;1.0;1.0;1.0
k79_12835	2;1239;186801;186802;216572;1263;2564099	1.0;1.0;1.0;1.0;1.0;1.0;1.0
k79_8046	2759;7711;40674;9443;9604;9605;9606	0.99987;0.99987;0.99987;0.99987;0.99987;0.99987;0.99987
k79_17370	2;1239;186801;3085636;186803;841;301301	1.0;1.0;1.0;1.0;1.0;1.0;1.0
k79_30834	2;1239;91061;1385;186817;2675234;2926399	1.0;1.0;1.0;1.0;1.0;1.0;1.0
k79_3514	2759;7711;40674;9443;9604;9605;9606	0.99998;0.99998;0.99998;0.99998;0.99998;0.99998;0.99998
k79_36067	2;976;200643;171549;815;816;818	1.0;0.99976;0.99976;0.99976;0.99976;0.99976;0.99969
k79_30840	2;976;200643;171549;815;909656;821	1.0;0.99999;0.99999;0.99999;0.99999;0.99992;0.99992
k79_8050	2;1239;186801;186802;216572;1263;2564099	1.0;1.0;1.0;1.0;1.0;1.0;1.0
k79_3520	2;1224;28211;766;942;943;945	1.0;1.0;1.0;1.0;1.0;1.0;1.0
k79_30846	2;1239;186801;186802;216572;1263;2564099	1.0;1.0;1.0;1.0;1.0;1.0;1.0
k79_22057	2;1239;186801;3085636;186803;3342669;45851	1.0;1.0;1.0;1.0;1.0;1.0;1.0
k79_8064	2;1239;91061;186826;1300;1301;1307;423211	1.0;1.0;0.99951;0.99951;0.99951;0.99951;0.99951;0.99951
k79_17385	2;1239;186801;3085636;186803;841;301301	1.0;1.0;0.99998;0.99995;0.99995;0.97351;0.97314
k79_22062	2;1239;186801;3085636;186803;207244;649756;649757	1.0;1.0;1.0;0.99999;0.99999;0.99991;0.99991;0.99991
k79_36071	2;976;200643;171549;171550;239759;1288121	1.0;0.99982;0.99979;0.99979;0.99563;0.99563;0.99563
k79_26448	2;1239;186801;3085636;186803;3342669;45851	1.0;1.0;1.0;1.0;1.0;1.0;1.0
k79_17400	2;1239;186801;186802;216572;1263;657323	1.0;1.0;1.0;1.0;1.0;0.99972;0.99972
k79_30879	2;976;200643;171549;815;816;820;997890	0.99997;0.97211;0.9721;0.9721;0.96859;0.94586;0.90187;0.90187
k79_22071	2;1239;186801;186802;31979;1485;411486	1.0;0.99997;0.99996;0.99993;0.99993;0.99993;0.99992
k79_36080	2;1224;1236;72273;34064;262	1.0;0.73004;0.73004;0.73004;0.73004;0.73004
k79_26449	2;1239;186801;186802;31979;1485;3070681	1.0;1.0;1.0;0.99999;0.99999;0.99999;0.99996
k79_17405	2;1239;186801;3085636;186803;2569097;39488	1.0;0.9986;0.9977;0.98926;0.98926;0.86029;0.86029
k79_22075	2;1239;186801;3085636;186803;841;301301	1.0;1.0;1.0;1.0;1.0;1.0;1.0
k79_12891	2;1239;186801;3085636;186803;189330;39486	1.0;1.0;1.0;0.99932;0.99932;0.99852;0.99784
k79_3537	2;1239;186801;3085636;186803;3342669;45851	1.0;1.0;1.0;1.0;1.0;1.0;1.0
k79_3538	2;1239;186801;3085636;186803;33042;116085	1.0;0.99774;0.99767;0.99755;0.99755;0.99752;0.99752
k79_17424	2;1239;186801;186802;216572;216851;853;718252	1.0;0.99931;0.99357;0.54661;0.54644;0.54505;0.54504;0.54504
k79_8080	2;1239;186801;186802;186806;1730;39496	1.0;1.0;1.0;1.0;0.99989;0.99989;0.99989
k79_3545	2;1239;186801;186802;216572;1263;2564099	1.0;1.0;1.0;1.0;1.0;1.0;1.0
k79_12903	2;1239;186801;186802;216572;1263;2564099	1.0;1.0;1.0;1.0;1.0;1.0;1.0
k79_17437	2;1239;91061;1385;186817;400634;2636778	1.0;0.99997;0.99997;0.99997;0.99997;0.99997;0.99997
k79_26483	2;1239;186801;186802;216572;459786;2109687	1.0;1.0;0.99996;0.99969;0.99969;0.99914;0.99911
k79_8096	2;1239;186801;3085636;186803;841;1261634	1.0;0.78764;0.76451;0.70889;0.70889;0.70869;0.70869
k79_36086	2;1239;186801;3085636;186803;3342669;45851	1.0;1.0;1.0;1.0;1.0;0.99998;0.99998
k79_8104	2;1239;186801;3085636;186803;207244;649756;649757	1.0;1.0;0.99999;0.99998;0.99998;0.99998;0.99998;0.99998
k79_12918	2;1224;28211;356;82115;379;158891	1.0;1.0;1.0;1.0;1.0;1.0;1.0
k79_30907	2;976;200643;171549;2005525;375288;823;435591	1.0;0.90498;0.90497;0.90497;0.90497;0.90497;0.90497;0.90497
k79_8105	2;1239;186801;186802;216572;1263;2564099	1.0;1.0;1.0;1.0;1.0;1.0;1.0
k79_22090	2;1239;186801;186802;216572;2892396;2714355	1.0;1.0;0.99988;0.99538;0.99538;0.99532;0.99531
k79_8108	2;976;200643;171549;815;816;820;997890	1.0;1.0;1.0;1.0;1.0;1.0;1.0;1.0
k79_12920	2759;7711;40674;9443;9604;9605;9606	1.0;1.0;1.0;1.0;1.0;1.0;1.0
k79_26505	2;1239;186801;3085636;186803;3342669;45851	1.0;1.0;1.0;1.0;1.0;1.0;1.0
k79_8113	2;976;117743;200644;49546;237;1310418	0.97012;0.88911;0.88909;0.88909;0.88906;0.88906;0.88906
k79_8114	2;1239;186801;186802;31979;1485;411486	0.99992;0.97324;0.96556;0.90358;0.8858;0.88569;0.69822
k79_17455	2759;7711;40674;9443;9604;9605;9606	0.99983;0.99983;0.99983;0.99983;0.99983;0.99983;0.99983
k79_17456	2;976;117743;200644	0.95703;0.53513;0.53219;0.53219
k79_26508	2;1239;186801;3085636;186803	1.0;0.66894;0.64644;0.61762;0.61762
k79_17457	2;1239;186801;186802;216572;1263;2564099	1.0;1.0;1.0;1.0;1.0;1.0;1.0
k79_8122	2;1239;186801;3085636;186803;3342669;45851	1.0;1.0;1.0;1.0;1.0;1.0;1.0
k79_12943	2;1239;91061;1385;186818;160795;367743	1.0;1.0;1.0;1.0;1.0;1.0;1.0
k79_17466	2;1239;186801;3085636;186803;207244;649756;649757	1.0;1.0;1.0;1.0;1.0;1.0;1.0;1.0
k79_8128	2;1239;186801;3085636;186803;3342669;45851	1.0;1.0;1.0;1.0;1.0;1.0;1.0
k79_22122	2;1239;186801;186802;216572;1263;2564099	1.0;1.0;1.0;1.0;1.0;1.0;1.0
k79_26526	2;976;117743;200644;49546;237;1492737	1.0;0.99787;0.99787;0.99787;0.99787;0.99787;0.99787
k79_26528	2;1239;186801;3085636;186803;189330;88431	1.0;1.0;1.0;1.0;1.0;0.99983;0.99983
k79_30953	2;29547;3031852;213849;72294;194;76517	1.0;0.99993;0.99993;0.99993;0.99993;0.99993;0.99993
k79_17491	2;1239;186801;3085636;186803;1766253;39491;657318	1.0;1.0;1.0;1.0;1.0;0.99996;0.99996;0.99996
k79_3600	2;1239;186801	0.99996;0.96262;0.51162
k79_12947	2;1239;186801;186802;216572;35829;1515;203119	1.0;0.99997;0.99971;0.9997;0.9997;0.9997;0.9997;0.9997
k79_30954	2;976;200643;171549;815;816;820;997890	1.0;1.0;1.0;1.0;1.0;1.0;1.0;1.0
k79_8141	2;1239;186801;186802;31979;1485;1491;498214	1.0;0.99999;0.99817;0.99815;0.99815;0.99815;0.99354;0.99354
k79_22127	2;1239;186801;3085636;186803;841;166486;657315	1.0;0.99999;0.99999;0.99982;0.99982;0.9998;0.9998;0.99979
k79_26534	2;1239;91061;1385;186817;1386;1428	1.0;1.0;0.99999;0.99999;0.99999;0.99998;0.99998
k79_30964	2;1783272	0.99963;0.99936
k79_17508	2;1224;1236;2887326;468;469;2715164	1.0;0.97612;0.97612;0.97612;0.97612;0.97612;0.97612
k79_8157	2;1239;186801;186802;31979;1485;1491;498214	1.0;0.99988;0.99855;0.94907;0.94907;0.94907;0.94027;0.94027
k79_3601	2;1239;186801;3085636;186803;3342669;45851	1.0;1.0;1.0;1.0;1.0;1.0;1.0
k79_12973	2;1239;186801;186802;31979;1485	0.99898;0.96888;0.62439;0.53947;0.53933;0.53933
k79_22142	2;1239;186801;3085636;186803;3342669;45851	1.0;1.0;1.0;1.0;1.0;1.0;1.0
k79_3610	2;1239;186801;186802;3047432;3047433;2086585	1.0;1.0;1.0;1.0;1.0;1.0;1.0
k79_36161	2;1239;186801;3085636;186803;830;831	0.99998;0.97593;0.97534;0.96278;0.96278;0.96217;0.96217
k79_12987	2;1239;91061;1385;90964;1279;308354	0.99992;0.99987;0.99917;0.99917;0.99912;0.99912;0.99912
k79_36167	2;1239;186801;186802;31979;1485;2507159	1.0;0.99998;0.99912;0.99878;0.99878;0.99875;0.99801
k79_36171	2;1239;186801;186802;216572;1263;2564099	1.0;1.0;1.0;1.0;1.0;1.0;1.0
k79_26569	2759;7711;40674;9443;9604;9605;9606	0.99998;0.99998;0.99998;0.99998;0.99998;0.99998;0.99998
k79_8174	2;976;200643;171549;815;909656;821	1.0;0.99999;0.99999;0.99999;0.99999;0.99999;0.99999
k79_22156	2;1239;186801;3085636;186803;572511;418240;1121115	1.0;1.0;0.99967;0.84603;0.84603;0.84446;0.84446;0.84446
k79_26582	2;203691;203692;136;2845253;157;2638727	1.0;1.0;1.0;1.0;1.0;1.0;1.0
k79_36186	2;1239;186801;3082720;543314	1.0;0.97733;0.81811;0.68326;0.68326
k79_13003	2;29547;3031852;213849;2808963;28196;913109	1.0;1.0;1.0;1.0;1.0;1.0;1.0
k79_26592	2;1239;91061;186826;1300;1301;1307;423211	1.0;1.0;0.99999;0.99999;0.99999;0.99999;0.99999;0.99999
k79_36202	2;1239;186801	1.0;0.55567;0.55486
k79_8199	2;1239;186801;186802;216572;1263;2564099	1.0;1.0;1.0;1.0;1.0;1.0;1.0
k79_3611	2;1239;186801;186802;31979;1485;394958	1.0;0.99997;0.99944;0.99815;0.97942;0.97942;0.97747
k79_17518	2;1239;186801;3085636;186803;572511;2479767	1.0;1.0;1.0;0.99998;0.99998;0.99998;0.99998
k79_26597	2;1239;186801;3085636;186803;189330;88431	1.0;1.0;1.0;1.0;1.0;0.99996;0.99996
k79_8204	2;1239;186801;186802;31979;1485;1716543	0.99999;0.99989;0.99848;0.99057;0.89647;0.89647;0.8529
k79_17527	2;1239;186801;186802;216572;1263;2564099	1.0;1.0;0.99998;0.99998;0.99998;0.99998;0.99998
k79_22171	2;1239;186801;186802;216572;1905344;1550024	0.99989;0.82623;0.81834;0.72403;0.68712;0.56487;0.56487
k79_3629	2;1239;186801;3085636;186803;572511;2479767	0.99999;0.79222;0.79218;0.79117;0.79117;0.78693;0.77831
k79_22181	2;1239;91061;1385;186817;2675231;129985	1.0;0.99999;0.99991;0.99991;0.99991;0.99815;0.99815
k79_13020	2;1239;186801;3085636;186803	1.0;0.99991;0.99974;0.99964;0.99964
k79_36223	2;1239;186801;3085636;186803;3342669;45851	1.0;1.0;1.0;1.0;1.0;1.0;1.0
k79_3636	2;1239;186801;3085636;186803;3342669;45851	1.0;1.0;1.0;1.0;1.0;0.99998;0.99998
k79_17548	2;1239;186801;3082720;186804;1870884;1496	1.0;0.99995;0.99995;0.9843;0.9843;0.9843;0.9843
k79_8217	2;1239;91061;1385;186817	1.0;0.99961;0.96974;0.96957;0.96663
k79_36236	2;1224;1236;91347;1903410	1.0;0.99997;0.99997;0.99885;0.99885
k79_22196	2;1239;186801;3085636;186803;841;166486;718255	1.0;1.0;1.0;1.0;1.0;0.99997;0.99997;0.99997
k79_8228	2;1239;186801;186802;216572;2591381;2093857	1.0;0.99837;0.99214;0.98987;0.98864;0.9469;0.9469
k79_26637	2;1239;186801;3085636;186803;3342669;45851	1.0;1.0;1.0;1.0;1.0;1.0;1.0
k79_36241	2;976;200643;171549;815;816;820;997890	1.0;1.0;1.0;1.0;1.0;1.0;1.0;1.0
k79_3662	2;1239;186801;3085636;186803;3342669;45851	1.0;1.0;1.0;1.0;1.0;1.0;1.0
k79_13032	2;1239;186801;3085636;186803;2569097;39488	1.0;0.99999;0.99998;0.99998;0.99998;0.99931;0.99931
k79_31038	2;1239;91061;1385;186817;1386;1428	1.0;0.99979;0.99962;0.99702;0.99702;0.99698;0.99694
k79_3664	2;976;200643;171549;815;816;820;997890	1.0;1.0;1.0;1.0;1.0;1.0;1.0;1.0
k79_36245	2;976;200643;171549;815;816;820;997890	1.0;1.0;1.0;1.0;1.0;1.0;1.0;1.0
k79_17560	2;1239;186801;3085636;186803;3342669;45851	1.0;1.0;1.0;1.0;1.0;1.0;1.0
k79_26647	2;976;117743;200644;2762318;308865	1.0;0.95122;0.9512;0.9512;0.95112;0.95098
k79_31048	2;1239;909932;1843489;31977;39948;2582419	1.0;1.0;1.0;1.0;1.0;1.0;1.0
k79_22211	2;1239;186801;186802;3082771	0.99982;0.98031;0.96976;0.90079;0.7654
k79_22217	2;1239;186801;186802;216572;1263;2564099	1.0;1.0;1.0;1.0;1.0;1.0;1.0
k79_8234	2;1239;186801;186802;216572;1263;2564099	1.0;1.0;1.0;1.0;1.0;1.0;1.0
k79_13058	2;1239;186801;3085636;186803;3342669;45851	1.0;1.0;1.0;1.0;1.0;1.0;1.0
k79_36269	2759;7711;40674;9443;9604;9605;9606	0.9418;0.9418;0.9418;0.9418;0.9418;0.9418;0.9418
k79_13061	2;976;200643;171549;815;816;820;997890	1.0;1.0;1.0;1.0;1.0;1.0;0.99978;0.99978
k79_8238	2;976;200643;171549;2005525;375288;46503	1.0;1.0;1.0;1.0;0.99999;0.99999;0.99999
k79_3665	2;1239;186801;3085636;186803;3342669;45851	1.0;1.0;1.0;1.0;1.0;1.0;1.0
k79_31072	2;976;200643;171549;815;816;151276;679937	0.99695;0.97815;0.97242;0.97242;0.97242;0.97242;0.97242;0.97242
k79_36281	2;1239;186801;186802;216572;2892396;2714353	1.0;1.0;1.0;0.99999;0.99999;0.99999;0.99999
k79_13069	2;1239;186801;3085636;186803;207244;649756;649757	1.0;1.0;1.0;1.0;1.0;1.0;1.0;1.0
k79_22218	2;1239;186801;3085636;186803;3342669;45851	1.0;1.0;1.0;1.0;1.0;1.0;1.0
k79_17573	2;1239;186801;186802;216572;1263;2564099	1.0;1.0;1.0;1.0;1.0;1.0;1.0
k79_26667	2759;7711;40674;9443;9604;9605;9606	0.59739;0.59739;0.59739;0.59739;0.59739;0.59739;0.59739
k79_8255	2;976;200643;171549;815;816;820;997890	1.0;1.0;1.0;1.0;1.0;1.0;0.99999;0.99999
k79_13083	2;1239;186801;186802;216572;1263;2564099	1.0;1.0;1.0;1.0;1.0;1.0;1.0
k79_8262	2;1239;186801;186802;216572;1263;2564099	1.0;1.0;1.0;1.0;1.0;1.0;1.0
k79_36282	2;1239;186801;3082720;186804;1870884;1496	0.99999;0.99999;0.99999;0.9997;0.9997;0.9997;0.9997
k79_13088	2;1239;186801;186802;31979;1485;1491;498214	1.0;1.0;1.0;1.0;1.0;1.0;1.0;1.0
k79_26675	2;1239;186801;3085636;186803;207244;649756;649757	1.0;1.0;1.0;0.99999;0.99999;0.99837;0.99837;0.99837
k79_36298	2;976;200643;171549;815;909656;821	1.0;1.0;1.0;1.0;1.0;0.99829;0.99829
k79_3709	2;1239;186801;186802;216572;1263;2564099	1.0;1.0;1.0;1.0;1.0;1.0;1.0
k79_36305	2;976;200643;171549;815;909656;821	1.0;1.0;1.0;1.0;1.0;0.99996;0.99996
k79_17596	2;1239;186801;3085636;186803;3342669;45851	1.0;1.0;1.0;1.0;1.0;1.0;1.0
k79_13103	2;1239;186801;186802;31979;1485;1561	1.0;0.99998;0.99996;0.99995;0.99995;0.99995;0.99943
k79_8289	131567	0.99987
k79_3716	2;1239;186801;186802;31979;1848399;1286698	1.0;1.0;1.0;1.0;1.0;1.0;1.0
k79_22246	2;1239;186801;186802	0.92406;0.66519;0.60913;0.60298
k79_31109	2;1239;186801;3085636;186803;3342669;45851	1.0;1.0;1.0;1.0;1.0;1.0;1.0
k79_36315	2;1239;186801;186802;216572;1263;2564099	1.0;1.0;1.0;1.0;1.0;1.0;1.0
k79_17599	2;1239;186801;186802;216572;216851;2929490	1.0;1.0;0.99999;0.99995;0.99993;0.99993;0.99993
k79_8298	2;1239;186801;3085636;186803;207244;649756;649757	1.0;0.99999;0.99997;0.99997;0.99997;0.99997;0.99997;0.99997
k79_17600	2;1239;186801;186802;216572;1263;2564099	1.0;1.0;1.0;1.0;1.0;1.0;1.0
k79_22252	2;1239;186801;3085636;186803;3342669;45851	1.0;1.0;1.0;1.0;1.0;1.0;1.0
k79_31117	2;203691;203692;136;1643685;138;2756107	1.0;1.0;1.0;1.0;1.0;1.0;1.0
k79_8302	2;1239;186801;3082720;186804;1870884;1496	1.0;0.99999;0.99999;0.99998;0.99998;0.99998;0.99998
k79_36330	2;1239;186801;186802;216572;459786;2109687	1.0;0.93928;0.92939;0.84205;0.84015;0.737;0.73696
k79_31123	2;1239;186801;3085636;186803;3342669;45851	1.0;1.0;1.0;1.0;1.0;1.0;1.0
k79_3745	2;1239;186801;3085636;186803;2569097;39488	1.0;1.0;1.0;1.0;1.0;1.0;1.0
k79_17602	2759;7711;40674;9443;9604;9605;9606	0.99996;0.99996;0.99996;0.99996;0.99996;0.99996;0.99996
k79_8333	2;1239;186801;3085636;186803;207244;649756;649757	1.0;0.99997;0.99989;0.99989;0.99989;0.92673;0.92673;0.92673
k79_17613	2;976;200643;171549;815;909656;821	1.0;1.0;1.0;1.0;1.0;0.99982;0.99982
k79_22258	2;1239;186801;3085636;186803;1766253;39491;657317	1.0;1.0;1.0;1.0;1.0;1.0;1.0;0.99962
k79_26676	2;1239;186801;186802;31979;1485;46867	1.0;1.0;1.0;1.0;1.0;1.0;0.99996
k79_36345	2;1239;186801;3085636;186803;3342669;45851	1.0;1.0;1.0;1.0;1.0;1.0;1.0
k79_36346	2;976;200643;171549;815;909656;821	1.0;0.99998;0.99998;0.99998;0.99998;0.99986;0.99986
k79_3755	2;976;200643;171549;815;816;818	1.0;0.99985;0.99985;0.99985;0.99985;0.99985;0.99984
k79_36350	2;976;200643;171549;815;816;820;997890	1.0;1.0;0.9972;0.9972;0.99719;0.99656;0.71977;0.71977
k79_31158	2;1239;186801;3085636;186803;3342669;45851	1.0;1.0;1.0;0.99995;0.99995;0.99994;0.99994
k79_26688	2;976;200643;171549;815;816;820;997890	1.0;1.0;1.0;1.0;1.0;0.99997;0.99997;0.99997
k79_17618	2;1239;186801;3085636;186803;3342669;45851	1.0;1.0;1.0;1.0;1.0;1.0;1.0
k79_3763	2;1239;186801;3085636;186803;1766253;39491;657318	1.0;1.0;1.0;1.0;1.0;0.99995;0.99995;0.99995
k79_31167	2;976;200643;171549;2005525;375288;823;435591	0.99991;0.92297;0.92293;0.92293;0.54828;0.54828;0.54827;0.54827
k79_26690	2;1239;186801;3085636;186803;33042;116085	0.98923;0.82182;0.7014;0.62314;0.62281;0.61738;0.61738
k79_22286	2;976;200643;171549;815;909656;821	1.0;1.0;1.0;1.0;1.0;0.99985;0.99985
k79_3770	2;976;200643;171549;815;816;820;997890	1.0;1.0;1.0;1.0;1.0;0.99797;0.99796;0.99796
k79_3777	2;1239;186801;186802;216572;1263;2564099	1.0;0.99999;0.99978;0.99978;0.99978;0.99978;0.99978
k79_13153	2;1239;186801;186802;31979;1485;2068654	1.0;1.0;1.0;1.0;1.0;1.0;1.0
k79_17628	2;1239;186801;186802;31979;1485;2483110	1.0;1.0;1.0;0.99999;0.99999;0.99999;0.99998
k79_36356	2;1239;186801;3085636;186803;3342669;45851	1.0;1.0;1.0;1.0;1.0;1.0;1.0
k79_8393	2;1239;186801;186802;216572;1263;2564099	1.0;1.0;1.0;1.0;1.0;1.0;1.0
k79_31195	2;1239;186801;186802;216572;459786;2109687	1.0;1.0;1.0;1.0;1.0;1.0;1.0
k79_26699	2;1239;186801;68295;186814;28895;1550240	1.0;1.0;1.0;0.99999;0.99999;0.99999;0.99999
k79_22289	2;976;200643;171549;815;816;820;997890	0.99997;0.56386;0.54886;0.54886;0.5351;0.5351;0.53462;0.53462
k79_26702	2;1239;186801;186802;216572;1263;2564099	1.0;1.0;1.0;1.0;1.0;1.0;1.0
k79_8402	2;976;200643;171549;815;816;820;997890	1.0;1.0;1.0;1.0;1.0;1.0;1.0;1.0
k79_36376	2;976;768503;768507;89373;107;2520506	1.0;0.90536;0.83322;0.83322;0.83322;0.83322;0.83322
k79_8404	2;1224;1236;2887326;468;469;470	1.0;0.94512;0.94512;0.94512;0.94512;0.94512;0.94512
k79_3809	2;1239;91061;1385;186817;2675230;665099	0.99997;0.99997;0.99996;0.99996;0.99996;0.99995;0.99995
k79_22293	2;1239;186801;3082720;186804;1870884;1496	1.0;1.0;1.0;0.99996;0.99996;0.99996;0.99996
k79_31198	2;1239;186801;186802;216572;1263;2564099	1.0;1.0;1.0;1.0;1.0;1.0;1.0
k79_26713	2;1239;186801;186802;216572;216851;853;718252	1.0;1.0;1.0;1.0;1.0;1.0;1.0;1.0
k79_3818	2;976;200643;171549;815;909656;821	1.0;0.99999;0.99999;0.99999;0.99998;0.99921;0.9992
k79_31206	2;1239;186801;186802;31979;1485;238834	1.0;0.99992;0.99992;0.99991;0.99991;0.99991;0.99991
k79_13202	2;32066;203490;203491;1129771;168808;187101	1.0;1.0;1.0;1.0;1.0;1.0;1.0
k79_17649	2;1239;91061;1385;186817;1386;1396;526987	1.0;1.0;0.99998;0.99997;0.99997;0.99997;0.99997;0.99997
k79_31216	2;976;200643;171549;815;816;820;997890	1.0;1.0;1.0;1.0;1.0;0.99975;0.99975;0.99975
k79_3827	2;1239;186801;3085636;186803;572511;40520;411459	1.0;0.99999;0.99998;0.99996;0.99996;0.99985;0.99985;0.99985
k79_36400	2;1239;186801;3085636;186803;3342669;45851	1.0;1.0;1.0;1.0;1.0;1.0;1.0
k79_31218	2;1239;91061;1385;186817;2837506;2499688	1.0;1.0;1.0;1.0;1.0;1.0;1.0
k79_17657	2;1239;186801;186802;216572;2892396;2714353	1.0;1.0;1.0;1.0;1.0;1.0;1.0
k79_36405	2;1239;91061;1385;90964;1279;1282	0.99999;0.99655;0.79142;0.74163;0.73883;0.73883;0.73883
k79_3835	2;1239;186801;186802;216572;1263;2564099	1.0;0.99988;0.99988;0.99987;0.99987;0.99987;0.99987
k79_3836	2;976;200643;171549;815;816;820;997890	1.0;0.99999;0.99999;0.99999;0.99999;0.99997;0.99997;0.99997
k79_31223	2;976;200643;171549;171550;239759;214856;679935	1.0;0.91522;0.91516;0.91516;0.66412;0.66412;0.65433;0.65433
k79_31225	2;1224;1236;91347;1903414;586;587	1.0;1.0;1.0;1.0;1.0;1.0;1.0
k79_36408	2;1239;186801;3085636;186803;3342669;45851	1.0;1.0;1.0;1.0;1.0;1.0;1.0
k79_17666	2;1239;186801;3085636;186803	0.99918;0.66552;0.65854;0.56636;0.56636
k79_17667	2;976;200643;171549;815;909656;821	1.0;0.99999;0.99999;0.99999;0.99999;0.99998;0.99998
k79_26722	2;1239;186801;3085636;186803;3342669;45851	1.0;1.0;1.0;1.0;1.0;1.0;1.0
k79_8457	2;1239;186801;186802;31979;1485;704125	0.99709;0.99332;0.98841;0.93502;0.93491;0.93461;0.73433
k79_26723	2;976;200643;171549;815;816;820;997890	1.0;1.0;1.0;1.0;1.0;1.0;1.0;1.0
k79_36414	2;1239;186801;186802;31979;1485;2483110	1.0;1.0;1.0;0.99999;0.99999;0.99999;0.9997
k79_22309	2;1239;186801;3085636;186803;3342669;45851	1.0;1.0;1.0;1.0;1.0;1.0;1.0
k79_31245	2;1239;186801;186802;216572;1905344;1550024	0.99998;0.97485;0.9745;0.58438;0.58395;0.58357;0.58357
k79_36423	2;1239;186801;3085636;186803;207244;649756;649757	1.0;1.0;1.0;1.0;1.0;1.0;1.0;1.0
k79_3857	2;1239;186801;186802;216572;1263;2564099	1.0;1.0;1.0;1.0;1.0;1.0;1.0
k79_8464	2;1239;186801;186802;216572;216851;853;718252	1.0;1.0;1.0;0.99985;0.99985;0.99985;0.99984;0.99984
k79_22317	2;1239;186801;3085636;186803;2569097;39488	1.0;1.0;1.0;1.0;1.0;0.99991;0.99991
k79_8466	2;1239;186801;3085636;186803;572511;89014	1.0;0.99996;0.99995;0.99995;0.99995;0.9997;0.9997
k79_13236	2;1239;186801;3082720;186804;214904;2925782	1.0;0.99893;0.83573;0.83163;0.83162;0.83162;0.83162
k79_3861	2;1239;186801;186802;31979;1485;2930219	1.0;1.0;1.0;1.0;1.0;1.0;1.0
k79_22320	2;1239;186801;186802;216572;216851;2929489	1.0;0.9992;0.74699;0.666;0.65916;0.57048;0.57008
k79_26739	2;1239;186801;186802;31979;1485;394958	1.0;0.99996;0.99995;0.99995;0.99987;0.99987;0.99985
k79_17691	2;1239;186801;186802;216572;1263;2564099	1.0;0.99999;0.99984;0.99983;0.99983;0.99983;0.99983
k79_36439	2;1239;186801;186802;31979;1485;46867	1.0;1.0;1.0;1.0;1.0;1.0;0.99999
k79_8500	2;1239;186801;3085636;186803;207244;649756;649757	1.0;1.0;0.99999;0.99997;0.99997;0.99986;0.99986;0.99986
k79_22321	2;1239;186801;3085636;186803;3342669;45851	1.0;1.0;1.0;1.0;1.0;1.0;1.0
k79_17705	2;976;200643;171549;2005525;375288;46503	1.0;0.99998;0.99998;0.99998;0.99995;0.99995;0.99995
k79_3888	2;1239;186801;186802;216572;1263;2564099	1.0;1.0;1.0;1.0;1.0;1.0;1.0
k79_36452	2;1239;186801;3085636;186803;841;301301	1.0;1.0;0.99999;0.97193;0.97193;0.9685;0.96731
k79_31280	2;1239;186801;3082720;543314;86331;86332	1.0;0.99999;0.99999;0.99998;0.99998;0.99998;0.99998
k79_36454	2;1239;186801;186802;216572;1263;2564099	1.0;0.99999;0.9999;0.99988;0.99987;0.99987;0.99987
k79_17710	2;1239;186801;3085636;186803;3342669;45851	1.0;1.0;1.0;1.0;1.0;1.0;1.0
k79_22338	2;1239;186801;186802;216572;1905344;1550024	1.0;1.0;1.0;0.99998;0.99998;0.99998;0.99998
k79_22339	2;1239;186801;186802;216572;1263;2564099	1.0;1.0;0.99999;0.99996;0.99995;0.99995;0.99995
k79_26749	2;1239;186801;3085636;186803;3342669;45851	1.0;1.0;1.0;1.0;1.0;1.0;1.0
k79_36466	2;1239;186801;186802;216572;1263;2564099	1.0;1.0;1.0;1.0;1.0;1.0;1.0
k79_17715	2;1224;1236	0.99774;0.50782;0.50722
k79_3913	2;1239;186801;186802;216572;1263;2564099	1.0;1.0;1.0;1.0;1.0;1.0;1.0
k79_26753	2;1239;186801;186802;31979;1485;97138	1.0;0.99966;0.99965;0.99965;0.99287;0.99287;0.54211
k79_17721	2;1239;186801;3085636;186803;33042;116085	0.99989;0.95617;0.8908;0.84784;0.84777;0.84773;0.84773
k79_3921	2;1239;186801;186802;216572;1263;2564099	1.0;1.0;1.0;1.0;1.0;1.0;1.0
k79_13279	2;1239;186801;3085636;186803;207244;649756;649757	1.0;1.0;1.0;1.0;1.0;1.0;1.0;1.0
k79_36470	2;1239;186801;3085636;186803;3342669;45851	1.0;1.0;1.0;1.0;1.0;1.0;1.0
k79_17726	2;1239;186801;3085636;186803;3342669;45851	1.0;1.0;1.0;1.0;1.0;1.0;1.0
k79_22360	2;1239;186801;186802;216572;2892397;2714358	1.0;1.0;1.0;1.0;1.0;0.99999;0.99999
k79_26765	2;1239;186801;3085636;186803;207244;649756;649757	1.0;0.99998;0.99998;0.99998;0.99998;0.9999;0.9999;0.9999
k79_22363	2;976;200643;171549;815;816;820;997890	1.0;1.0;1.0;1.0;1.0;1.0;1.0;1.0
k79_36472	2;1239;186801;3085636;186803;3342669;45851	1.0;1.0;1.0;1.0;1.0;1.0;1.0
k79_8532	2;1224;28211;766;942;953;2640676	0.99999;0.99999;0.99999;0.99999;0.99999;0.99999;0.99999
k79_8537	2;1224;1236;135623;641;657;38293;38294	1.0;0.99994;0.99994;0.99989;0.99989;0.99989;0.99989;0.99989
k79_31305	2;1239;186801;186802;216572;459786;2109687	1.0;0.99526;0.99523;0.99522;0.9952;0.99477;0.87556
k79_3928	2759;7711;40674;9443;9604;9605;9606	0.99622;0.99622;0.99622;0.99622;0.99622;0.99622;0.99622
k79_13302	2;1239;91061;1385;90964;1279;308354	0.99999;0.99992;0.99992;0.9997;0.9997;0.9997;0.9997
k79_8547	2;1239;186801;186802;216572;1263;2564099	1.0;1.0;1.0;1.0;1.0;1.0;1.0
k79_26783	2;1239;186801;186802;216572;1263;2564099	1.0;1.0;1.0;1.0;1.0;1.0;1.0
k79_36485	2;976;200643;171549;815;816;818	1.0;0.99954;0.99948;0.99948;0.99521;0.99516;0.99019
k79_3937	2;1239;186801;186802;31979;1485;1494	0.99847;0.97459;0.84802;0.84736;0.84734;0.84668;0.84444
k79_26785	2;976;200643;171549;815;816;817;457424	1.0;1.0;1.0;1.0;1.0;0.99919;0.9968;0.9968
k79_13311	2;1224;1236;72273;34064;262	1.0;0.99995;0.99995;0.99995;0.99995;0.99995
k79_31319	2759;7711;40674;9443;9604;9605;9606	0.99999;0.99999;0.99999;0.99999;0.99999;0.99999;0.99999
k79_3941	2;1239;186801;186802;216572;292632;214851	1.0;1.0;0.99999;0.99999;0.99999;0.99999;0.99999
k79_8548	2;1239;186801;3085636;186803;3342669;45851	1.0;1.0;1.0;1.0;1.0;1.0;1.0
k79_26788	2;1224;1236;2887326;468;469;2715164	1.0;0.96698;0.96698;0.96698;0.96698;0.96698;0.96698
k79_31323	2;976;768503;768507;89373;107;2520506	1.0;1.0;1.0;1.0;1.0;1.0;1.0
k79_3949	2;29547;3031852;213849;72294;194;197	1.0;0.83905;0.83905;0.83905;0.83904;0.83904;0.83904
k79_13319	2;1239;91061;1385;186817;2675230;665099	0.99994;0.99987;0.99319;0.99319;0.99319;0.95169;0.95169
k79_31333	2;1239;91061;1385;90964;1279;1654388	1.0;0.92166;0.92165;0.92163;0.9205;0.9205;0.9205
k79_22389	2;1239;186801;3085636;186803;3342669;45851	1.0;1.0;1.0;1.0;1.0;1.0;1.0
k79_3964	2;1239;186801;186802;216572;1263;2564099	1.0;1.0;1.0;1.0;1.0;1.0;1.0
k79_36515	2;1239;186801;186802;31979;1485;1491;498214	1.0;0.99798;0.99329;0.99322;0.99322;0.99211;0.9842;0.9842
k79_31345	2;29547;3031852;213849;72294;194;197	1.0;0.99999;0.99999;0.99999;0.99999;0.99999;0.99999
k79_26811	2;1239;186801;186802;216572;1263;2564099	1.0;1.0;1.0;1.0;1.0;1.0;1.0
k79_36517	2;1239;91061;1385;186817;1386;1428	0.99998;0.99603;0.91893;0.87635;0.85833;0.85746;0.85731
k79_8578	2;1239;91061;186826;1300;1301;1338	1.0;1.0;1.0;1.0;1.0;1.0;1.0
k79_31350	2;1239;186801;186802;216572;459786;2109687	1.0;1.0;1.0;1.0;1.0;1.0;1.0
k79_3982	2;1239;186801;186802;216572;216851;2929489	1.0;1.0;1.0;1.0;0.99999;0.99999;0.99999
k79_36524	131567	0.99992
k79_8596	2;1239;186801;3085636;186803;841;301301	1.0;1.0;1.0;0.99998;0.99998;0.99998;0.99998
k79_36540	2;1224;1236;118969;444;445;446;91890	0.83598;0.54094;0.53464;0.5346;0.5346;0.5346;0.5346;0.5346
k79_3999	2;976;200643;171549;815;909656;821	1.0;0.99999;0.99994;0.99994;0.99988;0.99965;0.99965
k79_17809	2;1239;186801;3085636;186803;3342669;45851	1.0;1.0;1.0;1.0;1.0;1.0;1.0
k79_26819	2;976;200643;171549;815;816;151276;679937	1.0;1.0;1.0;1.0;1.0;1.0;1.0;1.0
k79_13351	2;1239;186801;3085636;186803;3342669;45851	1.0;1.0;1.0;1.0;1.0;1.0;1.0
k79_4002	2;1239;186801;3085636;186803;3342669;45851	1.0;1.0;1.0;1.0;1.0;1.0;1.0
k79_26825	2;976;200643;171549;1853231;574697;2093856	1.0;0.99954;0.99954;0.99954;0.99953;0.99953;0.99953
k79_4010	2;1239;186801;186802;216572;1263;2564099	1.0;1.0;1.0;1.0;1.0;1.0;1.0
k79_26828	2;976;200643;171549;815;816;28116	1.0;0.99198;0.99006;0.98967;0.98946;0.98946;0.98946
k79_13355	2;1239;186801;186802;31979;1485	1.0;0.89116;0.65854;0.64208;0.52341;0.52341
k79_22411	2;1239;186801;3085636;186803;3342669;45851	1.0;1.0;1.0;1.0;1.0;1.0;1.0
k79_8614	2;1224;1236;2887326;468;469;106654	1.0;1.0;1.0;1.0;1.0;1.0;1.0
k79_36556	2;1239;186801;186802;31979;1485;1534	0.99982;0.99982;0.99982;0.99982;0.99982;0.99982;0.99981
k79_26836	2;1239;186801;3085656;3085657;2039302;1981510	1.0;1.0;1.0;1.0;1.0;1.0;1.0
k79_13365	2;1239;186801;3085636;186803;207244;649756;649757	1.0;1.0;1.0;1.0;1.0;1.0;1.0;1.0
k79_8624	2;1239;186801;186802;31979;1848399;2599308	0.99966;0.99154;0.87903;0.87866;0.87864;0.87578;0.87573
k79_31380	2;1239;186801;3082720;543314;1926556;3114296	1.0;1.0;1.0;0.99886;0.99886;0.80445;0.80445
k79_8626	2;976;200643;171549;815;909656;821	1.0;0.99997;0.99997;0.99997;0.99996;0.99993;0.99993
k79_13368	2;1239;91061;186826;81852;1350;1352	1.0;1.0;1.0;1.0;1.0;1.0;1.0
k79_36557	2;1239;186801;3085636;186803;3342669;45851	1.0;1.0;1.0;1.0;1.0;1.0;1.0
k79_4034	2;1239;186801;186802;216572;1263;2564099	1.0;1.0;1.0;1.0;1.0;1.0;1.0
k79_8630	2;1239;186801;3085636;186803;189330;88431	1.0;1.0;0.99999;0.99999;0.99999;0.99971;0.99971
k79_36560	2;976;200643;171549;2005525;375288;823;435591	1.0;1.0;1.0;1.0;1.0;1.0;1.0;1.0
k79_4035	2;1239;186801;186802;216572;459786;2109687	1.0;0.99994;0.9999;0.99989;0.99983;0.9998;0.98198
k79_8632	2;1239;186801;186802;216572;1263;2564099	1.0;1.0;1.0;1.0;1.0;1.0;1.0
k79_8633	2;1239;186801;3085636;186803;189330;88431	1.0;0.99999;0.99999;0.99999;0.99999;0.99401;0.99401
k79_26862	2;976;200643;171549;815;909656;821	1.0;0.99999;0.99999;0.99999;0.99999;0.99999;0.99999
k79_36570	2;1239;186801;186802;216572;1263;2564099	1.0;1.0;1.0;1.0;1.0;1.0;1.0
k79_31384	2;1239;186801;3085636;186803;3342669;45851	1.0;1.0;1.0;1.0;1.0;1.0;1.0
k79_13369	2;1239;186801;3085636;186803;3342669;45851	1.0;1.0;1.0;1.0;1.0;1.0;1.0
k79_22422	131567	0.70743
k79_13370	2;1224;28211;766;942;953;2883238	1.0;0.99998;0.99998;0.99998;0.99998;0.99998;0.99998
k79_13372	2;1239;186801;186802;31979;1485;1491;498214	0.99995;0.98667;0.85192;0.75742;0.74621;0.74562;0.72598;0.72598
k79_26875	2;1783272	0.99994;0.50558
k79_31385	2;1239;186801;3085636;186803;3342669;45851	1.0;1.0;1.0;1.0;1.0;1.0;1.0
k79_17817	2;1239;186801;186802;31979;1485;1716543	1.0;0.99999;0.99999;0.99999;0.99998;0.99998;0.99976
k79_13384	2;1239;186801;3085636;186803;3342669;45851	1.0;1.0;1.0;0.99999;0.99999;0.99999;0.99999
k79_31398	2;976;117743;200644;2762318;59732;1685010	0.99999;0.68737;0.68273;0.68273;0.67473;0.67468;0.67468
k79_13388	2;976;200643;171549;815;816;820;997890	1.0;1.0;1.0;1.0;1.0;1.0;1.0;1.0
k79_8663	2;1239;186801;3085636;186803;3342669;45851	1.0;1.0;1.0;1.0;1.0;1.0;1.0
k79_4087	2;1239;186801;186802;216572;1263;2564099	1.0;1.0;1.0;1.0;1.0;1.0;1.0
k79_17828	2;1239;186801;3085636;186803;3342669;45851	1.0;1.0;1.0;1.0;1.0;1.0;1.0
k79_22429	2;1239;186801;3085636;186803;3342669;45851	1.0;1.0;1.0;0.99999;0.99999;0.99999;0.99999
k79_8671	2;1239;186801;3085636;186803;189330;88431	1.0;1.0;1.0;1.0;1.0;0.99958;0.99958
k79_13402	2;1239;186801;186802;31979;1485;2930219	0.99998;0.99956;0.99948;0.83941;0.83941;0.83941;0.76974
k79_36608	2;1239;186801;186802;216572;459786;2109687	1.0;0.99999;0.99999;0.99998;0.99998;0.99998;0.99998
k79_31430	2;1239;186801;186802;216572;2892396;2714355	1.0;0.88267;0.76136;0.75995;0.75995;0.72907;0.72408
k79_26909	2;1239;186801;186802;31979;1848399;2599308	0.99998;0.96732;0.96732;0.96708;0.96708;0.96706;0.96706
k79_17852	2;1224;28211;356;82115;34019;309868;1261131	0.99844;0.96727;0.96727;0.96727;0.96727;0.96727;0.96727;0.96727
k79_4109	2;976;200643;171549;815;816;820;997890	1.0;1.0;1.0;1.0;1.0;1.0;1.0;1.0
k79_31439	2;976;200643;171549;815;816;820;997890	1.0;1.0;1.0;1.0;1.0;1.0;1.0;1.0
k79_8707	2;29547;3031852;213849;72294;194;76517	1.0;1.0;1.0;1.0;1.0;1.0;1.0
k79_36618	2;1239	0.65799;0.59338
k79_31441	2759;7711;40674;9443;9604;9605;9606	1.0;1.0;1.0;1.0;1.0;1.0;1.0
k79_17861	2;1239;186801;186802;216572;1263;2564099	1.0;1.0;1.0;1.0;1.0;1.0;1.0
k79_36625	2;1239;186801;3085636;186803;1769710;1653434	1.0;0.99091;0.964;0.62296;0.62296;0.59625;0.59625
k79_4118	2;976;200643;171549;2005525;375288;823;435591	1.0;0.99999;0.99999;0.99999;0.99999;0.99999;0.99999;0.99999
k79_31442	2;1239;91061;1385;186817;1386;1396;526987	1.0;1.0;0.99989;0.99989;0.99989;0.99989;0.99989;0.99989
k79_13440	2;1239;186801;186802;216572;1263;2564099	1.0;1.0;1.0;1.0;1.0;1.0;1.0
k79_17865	2;976;200643;171549;815;909656;821	1.0;0.99995;0.99995;0.99995;0.99995;0.99949;0.99949
k79_31444	2;976;117743;200644;49546;104267;3038772	1.0;0.99994;0.99994;0.99994;0.99994;0.99994;0.99994
k79_8726	2;1239;186801;186802;216572;1263;2564099	1.0;1.0;1.0;1.0;1.0;1.0;1.0
k79_17867	2;1239;186801;186802;216572;1263;2564099	1.0;0.98908;0.98885;0.98879;0.98879;0.98879;0.98877
k79_4130	2;1239;909932;1843489;31977;39948;2582419	1.0;1.0;0.99999;0.99999;0.99999;0.99999;0.99999
k79_13457	2;1239;186801;186802;31979;1485;2483110	1.0;1.0;1.0;1.0;1.0;1.0;1.0
k79_31461	2;1239;186801;186802;216572;1263;2564099	1.0;1.0;1.0;1.0;1.0;1.0;1.0
k79_26950	2;1239;91061;186826;1300;1301;1341	0.99997;0.99939;0.99918;0.99918;0.99918;0.99918;0.99918
k79_17896	2;1239;186801;186802;216572;1263;2564099	1.0;1.0;1.0;1.0;1.0;1.0;1.0
k79_13478	2;1239;91061;1385;186822;44249;1566358	1.0;1.0;1.0;1.0;1.0;1.0;1.0
k79_26954	2;1239;186801;3085636;186803;2569097;39488	1.0;1.0;1.0;1.0;1.0;0.99999;0.99999
k79_8732	2;1239;186801;3085636;186803;3342669;45851	1.0;1.0;1.0;1.0;1.0;1.0;1.0
k79_17904	2;1239;186801;186802;31979;1485;1522	0.99995;0.91979;0.91423;0.86947;0.76031;0.51967;0.5099
k79_31483	2759;7711;40674;9443;9604;9605;9606	0.99958;0.99958;0.99958;0.99958;0.99958;0.99958;0.99958
k79_36635	2;1239;186801;3085636;186803;3342669;45851	1.0;1.0;1.0;1.0;1.0;1.0;1.0
k79_26964	2;1239;186801;186802	1.0;0.97972;0.97389;0.95255
k79_17918	2759;7711;40674;9443;9604;9605;9606	0.5746;0.5746;0.5746;0.5746;0.5746;0.5746;0.5746
k79_8736	2;1239;186801;3085636;186803;3342669;45851	1.0;1.0;1.0;1.0;1.0;1.0;1.0
k79_36643	2;1239;186801;186802;3047432;3047433;2086585	1.0;1.0;1.0;0.99998;0.99948;0.99948;0.99948
k79_4174	2;1239;186801;3085636;186803;841;301301	1.0;1.0;0.99999;0.97049;0.97049;0.93734;0.93734
k79_26973	2;1239;186801;186802;31979;1485	1.0;0.9998;0.99876;0.99845;0.99784;0.99784
k79_26976	2;1239;186801;3082720;186804;1505652;36841;1121315	0.99999;0.99982;0.99979;0.99977;0.99977;0.99977;0.99977;0.99977
k79_13512	2;1239;186801;186802;216572;216851;2929489	1.0;1.0;0.99998;0.99997;0.99997;0.99997;0.99997
k79_13513	2;1239;91061;1385;186817;2675233;3117747	0.99971;0.99853;0.99772;0.99772;0.99767;0.83807;0.83807
k79_8766	2;1239;186801;3085636;186803;3342669;45851	1.0;1.0;1.0;1.0;1.0;0.99996;0.99996
k79_17939	2;1239;186801;186802;216572;35829;288965;720554	0.99997;0.89144;0.86959;0.86958;0.86955;0.86955;0.86955;0.86955
k79_36673	2;1239;186801;186802;216572;1508657;2488810	0.99989;0.84785;0.84657;0.84264;0.82696;0.79312;0.79312
k79_8768	2;976;117743;200644;2762318;59732;1685010	0.99796;0.56366;0.56363;0.56363;0.56325;0.51932;0.51932
k79_22430	2;1239;91061;1385;186817;1386;2728853	1.0;0.99999;0.99941;0.99939;0.99939;0.99939;0.99924
k79_8769	2;1239;186801;3085636;186803;3342669;45851	1.0;1.0;1.0;1.0;1.0;1.0;1.0
k79_31542	2;1224;1236;118969;444;445;446;91890	0.9915;0.93308;0.93278;0.93194;0.93194;0.93194;0.93194;0.93194
k79_4192	2;1239;186801;186802;31979;1485;1502	0.99989;0.99988;0.99988;0.99978;0.99896;0.99878;0.99792
k79_4193	2;1239;186801;186802;216572;1263;2564099	1.0;1.0;1.0;1.0;1.0;1.0;1.0
k79_31546	2;1239;186801;3085636;186803;2569097;39488	1.0;1.0;1.0;1.0;1.0;0.99988;0.99988
k79_4194	2	0.98778
k79_22450	2;1239;186801;3085636;186803;1766253;39491;657318	1.0;0.99984;0.99984;0.99984;0.99984;0.99948;0.99948;0.99946
k79_17951	2;1239;186801;3085636;186803;3342669;45851	1.0;1.0;1.0;1.0;1.0;1.0;1.0
k79_36675	2;976;200643;171549;815;909656;821	1.0;0.99999;0.99999;0.99999;0.99999;0.53092;0.53092
k79_36678	2;1239;186801;186802;216572;1263;2564099	1.0;1.0;1.0;1.0;1.0;1.0;1.0
k79_27041	2;1239;91061;1385;186818;651660;417367	1.0;0.99999;0.99998;0.99998;0.99998;0.99998;0.99998
k79_36680	2;1239;186801;3085636;186803;3342669;45851	1.0;1.0;1.0;1.0;1.0;1.0;1.0
k79_17971	2;29547;3031852;213849;72294;194;198	0.99689;0.67197;0.67197;0.67197;0.67195;0.67195;0.67193
k79_31580	2;1239;186801;3085636;186803;2569097;39488	1.0;1.0;1.0;1.0;1.0;0.99998;0.99998
k79_8791	2;1239;91061;1385;186817;2837506;2499688	1.0;0.99784;0.79354;0.79351;0.72735;0.70188;0.70171
k79_27062	2;1239;186801;3085636;186803;2569097;39488	0.9975;0.89434;0.89332;0.88154;0.88154;0.86948;0.86948
k79_17972	2;1239;186801;186802;216572;1263;2564099	1.0;1.0;0.99999;0.99999;0.99999;0.99999;0.99999
k79_31583	2;1239;186801;186802;216572;1263;2564099	1.0;1.0;1.0;1.0;1.0;1.0;1.0
k79_8795	2;1239	0.97517;0.57988
k79_4212	2;1239;186801;3085636;186803;841;1261634	1.0;1.0;1.0;1.0;1.0;1.0;1.0
k79_17977	2;200940;67799;188710;188711;1740;1295609;795359	1.0;1.0;1.0;1.0;1.0;1.0;1.0;1.0
k79_13566	2;976;200643;171549;815;816;151276;679937	0.99988;0.81595;0.81539;0.81539;0.81539;0.81539;0.81539;0.81539
k79_27072	2;1239;186801;3085636;186803;2719313;208479	1.0;1.0;0.99999;0.99577;0.99577;0.99574;0.99574
k79_22496	2;1239;91061;1385;186817;2675232;220684	0.9726;0.82838;0.64598;0.55388;0.55319;0.51789;0.51787
k79_4221	2;1239;186801;3085636;186803;3342669;45851	1.0;1.0;1.0;1.0;1.0;1.0;1.0
k79_36686	2;976;117743;200644;49546;252356;2976127	0.9997;0.99953;0.99953;0.99953;0.99952;0.99952;0.99952
k79_4224	2;1239;186801;3085636;186803;3342669;45851	1.0;1.0;1.0;1.0;1.0;1.0;1.0
k79_36687	2;1239;186801;3085636;186803;1766253;39491;657317	1.0;1.0;0.99996;0.99994;0.99994;0.99628;0.99628;0.99623
k79_13581	2;976;200643;171549;815;909656;821	1.0;0.99999;0.99999;0.99999;0.99999;0.99996;0.99996
k79_4229	2;1239;186801;3085636;186803;3342669;45851	1.0;1.0;1.0;1.0;1.0;1.0;1.0
k79_22512	2;1239;186801;186802;216572;1263;2564099	1.0;1.0;1.0;1.0;1.0;1.0;1.0
k79_17981	2;1239;186801;186802;216572;1905344;1550024	1.0;0.9961;0.93417;0.93384;0.8815;0.8534;0.8534
k79_13603	2;29547;3031852;213849;72294;194;197	1.0;0.99999;0.99999;0.99999;0.99999;0.99999;0.99999
k79_36707	2;1239;186801;186802;31979;1485;394958	1.0;0.99999;0.99999;0.99999;0.99999;0.99999;0.99999
k79_27093	2;1239;186801;3085636;186803;3342669;45851	1.0;1.0;1.0;1.0;1.0;1.0;1.0
k79_8815	2;1239;186801;186802;31979;1485;97138	1.0;0.99977;0.99918;0.99917;0.99917;0.99917;0.99876
k79_22524	2;1239;186801;3085636;186803;572511;2479767	0.99998;0.99856;0.99062;0.79521;0.77487;0.77484;0.77482
k79_4242	2;1239;186801;186802;216572;1263;2564099	0.99998;0.99997;0.99996;0.9999;0.9999;0.9999;0.9999
k79_8832	2;1239;186801;186802;216572;1263;2564099	1.0;1.0;1.0;1.0;1.0;1.0;1.0
k79_36710	2;1239;186801;3082720;543314;1926556;3114296	1.0;1.0;0.99997;0.95579;0.95579;0.95577;0.95577
k79_36711	2;1224;1236;135622;267888;53246	1.0;0.97143;0.97143;0.97136;0.97136;0.97136
k79_8846	2;1239;186801;186802;216572;1263;2564099	1.0;1.0;1.0;1.0;1.0;1.0;1.0
k79_36719	2;976;200643;171549;815;816;820;997890	1.0;1.0;1.0;1.0;1.0;1.0;0.99999;0.99999
k79_8853	2;1239;186801;3085636;186803;189330;88431	1.0;1.0;1.0;1.0;1.0;0.99995;0.99995
k79_8860	2;976;200643;171549;815;816;820;997890	1.0;1.0;1.0;1.0;1.0;1.0;1.0;1.0
k79_4245	2;976;200643;171549;815;816;817;457424	1.0;0.99995;0.99995;0.99995;0.99995;0.99992;0.99873;0.99873
k79_4246	2;976;200643;171549;815;909656;821	1.0;0.99999;0.99999;0.99999;0.99999;0.99997;0.99997
k79_4247	2759;7711;40674;9443;9604;9605;9606	0.60821;0.60821;0.60821;0.60821;0.60821;0.60821;0.60821
k79_13640	2;1239;186801;3085636;186803;3342669;45851	1.0;1.0;1.0;1.0;1.0;1.0;1.0
k79_13641	2;1239;186801;186802;216572;1263;2564099	1.0;1.0;1.0;1.0;1.0;1.0;1.0
k79_18021	2;1239;186801;186802;216572;1263;2564099	1.0;1.0;1.0;1.0;1.0;1.0;1.0
k79_22531	2;1239;186801;3085636;186803;3342669;45851	1.0;1.0;1.0;1.0;1.0;1.0;1.0
k79_8866	2;1239;186801;186802;31979;1485;1538;748727	1.0;1.0;1.0;1.0;1.0;1.0;1.0;1.0
k79_18023	2;1239;186801;3085636;186803;3342669;45851	1.0;1.0;1.0;1.0;1.0;1.0;1.0
k79_8877	2;976;200643;171549;2005525;375288;823;435591	1.0;0.9984;0.99838;0.99838;0.99837;0.99837;0.99837;0.99837
k79_36740	2;1239;186801;3085636;186803;3342669;45851	1.0;1.0;1.0;1.0;1.0;1.0;1.0
k79_8883	2;1239;186801;186802;216572;244127;169435	1.0;0.99704;0.99696;0.99568;0.99456;0.96959;0.96959
k79_18025	131567	0.99981
k79_36742	2;1239;186801;186802;216572;2591381;2093857	1.0;1.0;1.0;0.99999;0.99998;0.99979;0.99979
k79_18028	2;1239;186801;186802;216572;1263;657323	1.0;1.0;1.0;0.99957;0.99957;0.99956;0.99956
k79_27170	2;1239;186801;186802;216572;2892396;2714353	1.0;1.0;0.99999;0.99986;0.99986;0.99985;0.99985
k79_36744	2;200918;188708;2419;1643950;2420;46541	0.99942;0.67285;0.67285;0.67285;0.67285;0.67285;0.67285
k79_18036	2;976;200643;171549;815;816;820;997890	0.86316;0.86006;0.86006;0.86006;0.85848;0.7686;0.51711;0.51711
k79_8893	2;1239;186801;186802;31979;1485;1491;498214	1.0;1.0;0.99999;0.99998;0.99998;0.99998;0.91927;0.91927
k79_31702	2;1239;186801;186802;216572;1263;2564099	1.0;1.0;1.0;1.0;1.0;1.0;1.0
k79_13685	2;1239;186801;3085636;186803;3342669;45851	1.0;1.0;1.0;1.0;1.0;1.0;1.0
k79_22559	2;1239;91061;186826;186828;2747;257487	1.0;0.99998;0.87352;0.87258;0.87258;0.87258;0.87258
k79_8903	2;1239;91061;1385;186817;1386;1396;526987	0.99985;0.99774;0.95425;0.95422;0.95353;0.95284;0.95281;0.95281
k79_36766	2;1239;91061;186826;33958;2767887;1624	1.0;1.0;0.99985;0.99985;0.99985;0.99985;0.99985
k79_22573	131567	0.9814
k79_22580	2;1239;186801;186802;216572;1263;2564099	1.0;1.0;1.0;1.0;1.0;1.0;1.0
k79_4324	2;976;200643;171549;815;816;47678	1.0;1.0;1.0;1.0;1.0;1.0;1.0
k79_27193	2;1239;186801;186802;216572;1263;2564099	1.0;1.0;1.0;1.0;1.0;1.0;1.0
k79_22585	2;1239;186801;3085636;186803;3342669;45851	1.0;1.0;1.0;1.0;1.0;1.0;1.0
k79_4329	2;1224;1236;135623;641;662;664643	1.0;0.99976;0.99976;0.99972;0.99972;0.99972;0.99972
k79_27194	2;1224;1236;135622;267888;53246	1.0;0.99924;0.99924;0.99893;0.99893;0.99893
k79_22593	2;1239;186801;186802;31979;1485;2507159	0.99998;0.86268;0.8626;0.86258;0.86177;0.86173;0.86015
k79_13719	2;1239	0.99996;0.52651
k79_27209	2;976;200643;171549;815;816;820;997890	1.0;0.99925;0.99866;0.99866;0.99865;0.95163;0.82467;0.82467
k79_8974	2;976;117743;200644;49546;143222;270918	1.0;0.99999;0.99999;0.99999;0.99999;0.99999;0.99999
k79_27212	2;976;200643;171549;815;909656;821	1.0;1.0;1.0;1.0;1.0;0.99951;0.99951
k79_4332	2;1239;91061;1385;90964;1279;33028	1.0;1.0;0.99996;0.99996;0.99996;0.99996;0.99996
k79_31724	2;1239;186801;3085636;186803;3342669;45851	1.0;1.0;1.0;1.0;1.0;0.9999;0.9999
k79_27220	2;1239;186801;3082720;543314;1926556;1776384	1.0;1.0;1.0;1.0;1.0;1.0;1.0
k79_22621	2;1239;186801;186802;216572;2591381;2093857	1.0;1.0;1.0;0.99996;0.99996;0.99973;0.99973
k79_8987	2;1224;28211;356;772;773;2961895	0.99874;0.75477;0.75465;0.75396;0.75396;0.75396;0.75396
k79_8988	2;1239;186801;186802;31979;1485;1502	0.99998;0.99987;0.99986;0.99986;0.99985;0.99985;0.99984
k79_31729	2;1224	0.99755;0.60421
k79_9004	2;1239;186801;3085636;186803;207244;649756;649757	0.99693;0.93655;0.8979;0.88788;0.88787;0.61927;0.61927;0.61927
k79_31741	2759;7711;40674;9443;9604;9605;9606	0.92764;0.92764;0.92764;0.92764;0.92764;0.92764;0.92764
k79_27240	2;1239;91061;1385;186818;1372;192421	1.0;1.0;1.0;1.0;1.0;1.0;1.0
k79_18125	2;1239;909932;1843489;31977;39948;2161821	0.99973;0.94003;0.61059;0.61059;0.61059;0.61059;0.57209
k79_13747	2;1239;186801;3085636;186803;3342669;45851	1.0;1.0;1.0;1.0;1.0;1.0;1.0
k79_18128	2;1224;1236;135625;712	0.99952;0.8883;0.88744;0.88686;0.88686
k79_18137	2;1239;186801;186802;216572;216851;2929495	1.0;1.0;1.0;0.99999;0.99999;0.99976;0.99963
k79_13756	2;1239;186801;3085636;186803;189330;39486	1.0;0.99999;0.99998;0.99984;0.99984;0.99598;0.99598
k79_9021	2;1239;186801;3085636;186803;3342669;45851	1.0;1.0;1.0;1.0;1.0;1.0;1.0
k79_27247	2;1239;91061;1385;186822;44249;253703	1.0;0.99979;0.99868;0.99868;0.98355;0.98355;0.98354
k79_22648	131567	0.94534
k79_13757	2;1239;186801;186802;216572;1263;2564099	1.0;1.0;1.0;1.0;1.0;1.0;1.0
k79_31771	2;1239;186801;186802;31979;1485;46867	1.0;0.99991;0.99974;0.99966;0.99966;0.99966;0.99963
k79_22664	2;1239;186801;3085636;2603322;1348611;1185412	0.99999;0.99998;0.99998;0.99995;0.99995;0.99995;0.99995
k79_31773	131567	0.89047
k79_18140	2;1239;186801;186802;216572;1263;2564099	1.0;1.0;1.0;1.0;1.0;1.0;1.0
k79_22669	2;1239;186801;186802;216572;1905344;1550024	0.98997;0.98343;0.98318;0.97332;0.97228;0.92531;0.92531
k79_9046	2;1239;186801;186802;216572;1263;2564099	1.0;1.0;1.0;1.0;1.0;1.0;1.0
k79_9048	2;1239;91061;1385;186817;2675230;665099	0.93689;0.90808;0.66761;0.66736;0.66736;0.61078;0.61078
k79_13763	2	0.99947
k79_4342	2;1239;186801;186802;31979;1485;1561	1.0;0.99969;0.90841;0.90839;0.90836;0.90836;0.90218
k79_13765	2;1239;186801;186802;216572;1263;2564099	1.0;1.0;1.0;1.0;1.0;1.0;1.0
k79_31782	2;1239;186801;186802;31979;1485;1502	0.99999;0.99964;0.99962;0.99962;0.99962;0.99961;0.84274
k79_22685	2;1239;186801;186802;216572;1263;2564099	1.0;1.0;1.0;1.0;1.0;1.0;1.0
k79_18157	2;1239;186801;3085636;186803;207244;649756;649757	1.0;1.0;1.0;1.0;1.0;1.0;1.0;1.0
k79_27266	2;976;200643;171549;2005525;375288;823;435591	1.0;0.97943;0.97943;0.97943;0.97943;0.97943;0.97943;0.97943
k79_22689	131567	0.99734
k79_9063	2;1239;91061;1385;186817;2675230;665099	0.86598;0.56082;0.55859;0.5584;0.5584;0.55;0.55
k79_4349	2;1239;186801;186802;31979;1485;1491;498214	0.99999;0.99793;0.99254;0.99106;0.99103;0.99103;0.735;0.735
k79_22690	2;1239;186801;186802;31979;1485;36745;931276	1.0;0.99998;0.99949;0.99941;0.99941;0.9994;0.9987;0.9987
k79_31796	2;1239;186801;186802;216572;35829;288965;720554	1.0;1.0;1.0;1.0;1.0;1.0;1.0;1.0
k79_27272	2;1239;186801;3085636;186803;830;831	1.0;0.99996;0.99995;0.99732;0.99732;0.99728;0.99728
k79_9066	2;1239;186801;186802;216572;1263;2564099	1.0;0.98774;0.9857;0.98555;0.98555;0.98555;0.98483
k79_22694	2759;7711;40674;9443;9604;9605;9606	0.81506;0.81506;0.81506;0.81506;0.81506;0.81506;0.81506
k79_27273	2;1239;1737404;1737405;1570339;2126548;2931922	1.0;0.99994;0.9997;0.9997;0.9997;0.9997;0.9997
k79_31806	2;976;200643;171549;171550;239759;214856;679935	1.0;0.99976;0.99976;0.99976;0.74042;0.74042;0.62886;0.62886
k79_22703	2;1239;186801;186802;31979;1848399;2599308	0.99884;0.82953;0.82288;0.81702;0.81701;0.81701;0.53141
k79_13781	2;1239;91061;1385;90964;1279;74706	1.0;0.99972;0.99972;0.99972;0.99972;0.99972;0.99972
k79_22706	2;976;200643;171549;815;816;820;997890	1.0;1.0;1.0;1.0;1.0;1.0;1.0;1.0
k79_4370	2;1239;186801;3085636;186803;3342669;45851	1.0;1.0;1.0;1.0;1.0;1.0;1.0
k79_22707	2;1239;186801;186802;216572;1263;2564099	1.0;1.0;1.0;1.0;1.0;1.0;1.0
k79_22708	2;1239;186801;186802;216572;1263;657323	1.0;0.93551;0.82307;0.6971;0.69695;0.64094;0.64094
k79_31813	2;1239;186801;186802;31979;1485;755731	1.0;1.0;1.0;1.0;1.0;1.0;1.0
k79_9091	2;1239;91061;1385;186817;2675230;665099	0.99959;0.98853;0.87858;0.87684;0.87651;0.63415;0.63415
k79_9092	2;1239;186801;3085636;186803;572511;1322;537007	1.0;0.99997;0.99997;0.99992;0.99992;0.99991;0.99991;0.99991
k79_22709	2;1239;186801;3085636;186803;841;166486;718255	1.0;0.99999;0.99999;0.99997;0.99997;0.99989;0.99981;0.9998
k79_9095	2759;7711;40674;9443;9604;9605;9606	0.99045;0.99045;0.99045;0.99045;0.99045;0.99045;0.99045
k79_4395	2;976;200643;171549;815;816;820;997890	1.0;0.99979;0.99979;0.99979;0.99979;0.96442;0.96363;0.96363
k79_31838	2;1239;186801;186802;216572;1263;2564099	1.0;1.0;1.0;1.0;1.0;1.0;1.0
k79_4400	131567	1.0
k79_18201	2;1239;186801;186802;216572;459786;2763056	1.0;1.0;1.0;0.99999;0.99999;0.99999;0.99995
k79_9109	2;32066;203490;203491;1129771;32067;157687	1.0;1.0;1.0;1.0;1.0;1.0;1.0
k79_4402	2;1239;186801;3085636;186803;3342669;45851	1.0;1.0;1.0;1.0;1.0;0.99999;0.99999
k79_4405	2;1239;186801;3085636;186803;1506553;29347	0.99999;0.99995;0.99763;0.9949;0.9949;0.95749;0.95749
k79_4406	2;1239;186801;3085636;186803;3342669;45851	1.0;1.0;1.0;1.0;1.0;1.0;1.0
k79_27317	2;74201;203494;48461;1647988;239934;239935	0.99513;0.57297;0.57297;0.57297;0.57297;0.57297;0.57297
k79_27325	2;976;200643;171549;815;816;2528203	1.0;1.0;1.0;1.0;0.99981;0.99981;0.99981
k79_27333	2;1239;186801;186802;216572;244127;169435	1.0;0.99711;0.99693;0.99591;0.99589;0.99556;0.99556
k79_22741	2;976;200643;171549;815;816;820;997890	1.0;1.0;1.0;1.0;1.0;1.0;1.0;1.0
k79_22743	2;1239;186801;186802;216572;1263;1160721	1.0;0.99999;0.99999;0.99999;0.99999;0.99999;0.99999
k79_4449	2;1239;186801;186802;31979;1485;1216932	0.99923;0.99921;0.99623;0.99621;0.99613;0.99613;0.98899
k79_27355	131567	0.86391
k79_22765	2;976;200643;171549;815;816;820;997890	1.0;0.99999;0.99999;0.99999;0.99994;0.89478;0.89466;0.89466
k79_18238	2;1239;186801;3085636;186803;3342669;45851	1.0;1.0;1.0;1.0;1.0;1.0;1.0
k79_27372	2;976;117743;200644;49546	0.99987;0.82636;0.8263;0.8263;0.8263
k79_18240	2;1239;91061;1385;186822;44249;1536772	1.0;1.0;0.99999;0.99999;0.99084;0.99084;0.98805
k79_27377	2;1239;186801;186802;216572;1263;2564099	1.0;1.0;1.0;1.0;1.0;1.0;1.0
k79_4487	2;1239;186801;3085636;186803;189330;39486	1.0;1.0;0.99935;0.95176;0.95176;0.64299;0.64299
k79_9145	2;1239;1737404;1737405;2992717;2992720;2507161	1.0;1.0;0.99999;0.99999;0.99999;0.99999;0.99999
k79_27381	2;1239;186801;3085636;186803;3342669;45851	1.0;1.0;1.0;1.0;1.0;1.0;1.0
k79_22803	2;1239;91061;1385;186817;1386;1547283	0.98624;0.96617;0.77873;0.77834;0.77833;0.7783;0.77817
k79_18263	2;1239;186801;3085636;186803;3342669;45851	1.0;1.0;1.0;1.0;1.0;1.0;1.0
k79_22813	2;976;200643;171549;815;816;371601;657309	1.0;0.99998;0.99998;0.99998;0.99743;0.96261;0.88264;0.88264
k79_27410	2;976;200643;171549;815;816;820;997890	1.0;1.0;1.0;1.0;1.0;0.99999;0.98207;0.98207
k79_31847	2;1239;186801;186802;31979;1485;1491;498214	1.0;1.0;0.99956;0.99953;0.99953;0.99953;0.99939;0.99939
k79_9172	2;1239;186801;3085636;186803	1.0;0.97561;0.97031;0.96014;0.96014
k79_27414	2;1117;3028117;1161;2661849;1186;99598	1.0;0.99974;0.99974;0.99974;0.99974;0.99974;0.99974
k79_31855	2;976;200643;171549;815;816;820;997890	1.0;0.99999;0.99999;0.99999;0.99998;0.99994;0.73035;0.73035
k79_4552	2;976;200643;171549;815;909656;821	1.0;1.0;1.0;1.0;1.0;0.99988;0.99988
k79_31862	2;1239;186801;186802;216572;1263;2564099	1.0;1.0;1.0;1.0;1.0;1.0;1.0
k79_27420	2;1239;186801;3085636;186803;189330;88431	1.0;1.0;1.0;1.0;1.0;0.99924;0.99924
k79_31864	2;1239;186801;3085636;186803;2569097;39488	0.99941;0.99524;0.9932;0.97955;0.97955;0.97873;0.97873
k79_27433	2;1224;28216;80840;119060;1822464	0.93719;0.87164;0.87163;0.87149;0.87149;0.87149
k79_9189	2;1239;186801;3082720;186804;214904;2925782	1.0;0.99998;0.9997;0.99962;0.99962;0.99962;0.99962
k79_31876	2;1239;186801;186802;31979;1485;394958	1.0;1.0;0.99999;0.99997;0.99533;0.99533;0.99525
k79_4556	2;1239;186801;3085636;186803;189330;88431	1.0;1.0;1.0;0.99999;0.99999;0.99632;0.99632
k79_31881	2;1239;186801;186802;216572;2892396;2714355	1.0;0.99976;0.89143;0.50634;0.50616;0.50476;0.50476
k79_18275	2;1239;186801;3085636;186803;3342669;45851	1.0;1.0;1.0;1.0;1.0;0.99999;0.99999
k79_18276	2;1239;186801;186802;216572;1263;2564099	1.0;1.0;1.0;1.0;1.0;1.0;1.0
k79_22821	2;1239;91061;186826;1300;1301;1307;423211	0.9998;0.9998;0.99979;0.99979;0.99979;0.99979;0.99979;0.99979
k79_18289	2;1239;186801;186802;216572;1263;2564099	1.0;1.0;1.0;1.0;1.0;1.0;1.0
k79_4580	2;1239;186801;3085636;186803;3342669;45851	1.0;1.0;1.0;1.0;1.0;1.0;1.0
k79_18297	2;1239;186801;3085636;186803;572511;1796616	1.0;0.96785;0.8436;0.81405;0.81405;0.55094;0.55087
k79_4584	2;976;200643;171549;815;816;820;997890	1.0;1.0;1.0;1.0;1.0;1.0;1.0;1.0
k79_27458	2;1239;186801;3085636;186803;3342669;45851	1.0;1.0;1.0;1.0;1.0;1.0;1.0
k79_4596	2;976;200643;171549;815;909656;821	1.0;1.0;1.0;1.0;1.0;0.99994;0.99994
k79_31903	2;1239;91061;186826;186828;1470540;2908211	1.0;0.97047;0.96948;0.96836;0.96835;0.96835;0.96835
k79_31907	131567	0.99986
k79_27478	2;976;200643;171549;815;816;820;997890	1.0;1.0;1.0;1.0;0.8445;0.84418;0.69719;0.69719
k79_31915	2;1239;186801;3085636;186803;207244;649756;649757	1.0;0.97076;0.95477;0.95378;0.95378;0.92062;0.92062;0.92062
k79_31916	2;976;200643;171549;815;816;820;997890	1.0;1.0;1.0;1.0;1.0;1.0;1.0;1.0
k79_18326	2;976;200643;171549;171550;239759;214856;679935	1.0;1.0;1.0;1.0;1.0;1.0;1.0;1.0
k79_27480	2;1239;186801;186802;31979;1485;46867	1.0;0.99364;0.95285;0.94875;0.94516;0.94511;0.6462
k79_18333	2;1239;186801;186802;31979;1485;1502	1.0;1.0;1.0;1.0;1.0;1.0;1.0
k79_18349	2;1239;186801;3085636;186803;1766253;39491;657318	1.0;0.99999;0.99999;0.99981;0.99981;0.99866;0.99866;0.99866
k79_31962	2;1239;186801;186802;31979;1485;2483110	1.0;0.99997;0.99987;0.99949;0.99949;0.99949;0.99947
k79_18358	2759;7711;40674;9443;9604;9605;9606	0.99999;0.99999;0.99999;0.99999;0.99999;0.99999;0.99999
k79_31963	2;32066;203490;203491;1129771;168808;187101	1.0;0.9957;0.9957;0.9957;0.9957;0.9957;0.9957
k79_31966	2	1.0
k79_18361	2;544448;31969;186328;2131;2132;216946	1.0;0.99999;0.99999;0.99999;0.99999;0.99999;0.99999
k79_18363	2;976;200643;171549;815;816;820;997890	1.0;1.0;1.0;1.0;1.0;1.0;1.0;1.0
k79_22831	2;1239;91061;1385;186817;1386;1396;526987	1.0;0.99974;0.99786;0.99785;0.99785;0.99784;0.99783;0.99783
k79_22843	2;1239;186801;3085636;186803;3342669;45851	1.0;1.0;1.0;1.0;1.0;1.0;1.0
k79_32002	2;976;200643;171549;815;909656;821	1.0;0.99999;0.99999;0.99999;0.99999;0.99997;0.99997
k79_32003	2;1239;186801;186802;3082771	1.0;0.99999;0.99998;0.99998;0.99947
k79_22856	2;1239;186801;3085636;3018741;698776	1.0;0.99975;0.99975;0.99924;0.99924;0.99924
k79_27515	2;1239;186801;3085636;186803;3342669;45851	1.0;1.0;1.0;1.0;1.0;0.99998;0.99998
k79_22858	2;1239;186801;186802;31979;1485;238834	1.0;0.99985;0.99984;0.99984;0.99984;0.99984;0.99984
k79_27530	2;1239	1.0;0.99585
k79_32034	2;976;117743;200644;49546;444459;1383885	1.0;0.99999;0.99999;0.99999;0.99999;0.99999;0.99999
k79_22872	2;1239;91061;1385;186817;182709;2052660	0.9993;0.99526;0.84282;0.84238;0.84212;0.81392;0.81392
k79_32046	2;1239;186801;3082720;186804;1505652;36841;1121315	0.99999;0.9717;0.96901;0.83982;0.83982;0.83982;0.83982;0.83982
k79_22898	131567	0.99462
k79_32064	2;1239;186801;3085636;186803	1.0;0.99994;0.99973;0.6127;0.6127
k79_22919	2;976;200643;171549;815;816;371601;657309	0.99999;0.99436;0.99051;0.99051;0.98665;0.97761;0.97716;0.97716
k79_22922	2;1239;186801;186802;31979;1848399;1286698	1.0;1.0;0.9438;0.9438;0.94378;0.94378;0.94378
k79_22925	2;1239;186801;3085636;2603322;1348611;1185412	1.0;0.98755;0.98443;0.5276;0.52754;0.52754;0.52754
k79_22937	2;1239;186801;186802;31979;1485;36845	1.0;1.0;1.0;1.0;1.0;1.0;0.99997
k79_32084	2;1239;186801;3085636;186803;3342669;45851	1.0;1.0;1.0;1.0;1.0;1.0;1.0
k79_32090	2;1239;186801;186802;3047432;3047433;2086585	1.0;1.0;1.0;1.0;1.0;1.0;1.0
k79_32091	2;1239;186801;3085636;186803;572511;2479767	1.0;0.99997;0.99952;0.99951;0.99951;0.99946;0.99946
k79_22957	2;976;200643;171549;815;909656;821	1.0;0.99997;0.99997;0.99997;0.99997;0.98621;0.98621
k79_22960	2;976;200643;171549;815;909656;821	0.99721;0.98894;0.98877;0.98877;0.98873;0.98868;0.98868
k79_32123	2;1239;91061;186826;81852;1350;1351	1.0;0.99999;0.99995;0.99995;0.99995;0.99995;0.99995
k79_32133	2;976;200643;171549;815;909656;821	1.0;0.99999;0.99999;0.99999;0.99999;0.99968;0.99968
k79_32138	2;1239;186801;186802;216572	0.9999;0.76782;0.71918;0.71469;0.71289
k79_32144	2;1239;186801;3085636;186803;207244;649756;649757	1.0;1.0;1.0;1.0;1.0;1.0;1.0;1.0
k79_32170	2;1239;91061;186826;33958;2767877;2923364	1.0;0.99995;0.99994;0.99994;0.99994;0.99994;0.99994
