k79_72326	965
k79_12057	0
k79_24115	0
k79_84383	2419
k79_60290	1020
k79_12062	2759
k79_24124	2882
k79_60291	2419
k79_24128	1586
k79_12069	2118
k79_72330	1020
k79_24129	1586
k79_36193	1586
k79_60292	2882
k79_48272	1586
k79_36196	1586
k79_12082	1586
k79_24136	1020
k79_63	0
k79_60306	1586
k79_60307	1586
k79_60315	939
k79_78	2759
k79_48307	0
k79_72343	1020
k79_24169	0
k79_84476	0
k79_60331	1185
k79_24176	965
k79_84479	454
k79_36249	0
k79_24177	1586
k79_12139	1586
k79_83	2455
k79_48325	0
k79_97	2485
k79_60356	2882
k79_12152	0
k79_36274	2882
k79_98	2882
k79_36276	2759
k79_48345	1586
k79_12156	2419
k79_48347	2419
k79_60369	4109
k79_84511	0
k79_72388	0
k79_36278	1586
k79_48353	1390
k79_12162	0
k79_72394	1586
k79_60380	1390
k79_24230	1586
k79_48360	1586
k79_72405	0
k79_110	965
k79_24234	0
k79_60389	1390
k79_115	0
k79_84523	965
k79_36296	1586
k79_60394	1185
k79_24240	2882
k79_72422	0
k79_12204	2759
k79_84542	939
k79_145	0
k79_48372	0
k79_12215	4109
k79_24259	1586
k79_72427	2882
k79_153	2759
k79_24261	965
k79_60436	1586
k79_162	1020
k79_84579	2118
k79_72441	454
k79_48405	1586
k79_165	0
k79_72449	1586
k79_48408	2419
k79_36358	0
k79_169	2485
k79_72454	1185
k79_60464	1586
k79_12216	1020
k79_24278	2882
k79_173	2126
k79_60471	1185
k79_12218	2759
k79_84617	0
k79_36376	1586
k79_60488	0
k79_84621	1586
k79_72483	2759
k79_60489	1586
k79_36390	454
k79_84623	1586
k79_12239	0
k79_212	1586
k79_60494	0
k79_84629	1586
k79_72511	0
k79_214	1020
k79_60505	2485
k79_84645	2419
k79_36427	1586
k79_60506	1020
k79_12257	2419
k79_36429	2766
k79_60509	1586
k79_12265	2759
k79_72555	0
k79_238	2882
k79_48449	0
k79_60531	1586
k79_48450	965
k79_12272	454
k79_48451	2419
k79_60534	0
k79_72562	1586
k79_84687	2766
k79_24304	2455
k79_60535	0
k79_12276	2759
k79_24308	1586
k79_60537	2419
k79_36479	1586
k79_24310	0
k79_12284	0
k79_48481	939
k79_48482	1586
k79_24316	0
k79_60538	965
k79_36491	2759
k79_60539	2419
k79_12296	1586
k79_84723	1586
k79_48512	1586
k79_84733	2419
k79_60566	0
k79_36524	4109
k79_261	0
k79_48513	1586
k79_84737	2419
k79_12327	1586
k79_72597	2455
k79_24329	2455
k79_36525	0
k79_60588	0
k79_12330	0
k79_48529	1586
k79_24337	939
k79_36534	1185
k79_280	1586
k79_60606	1586
k79_48539	1586
k79_12338	454
k79_84763	2759
k79_288	0
k79_60611	2759
k79_72624	0
k79_48540	0
k79_12341	0
k79_60613	1586
k79_307	0
k79_36538	1020
k79_48561	939
k79_84782	1586
k79_12362	0
k79_311	1586
k79_24382	0
k79_48565	0
k79_60642	2882
k79_329	0
k79_36559	2882
k79_12377	1586
k79_84801	1020
k79_330	1586
k79_72685	1586
k79_48576	2882
k79_60652	1586
k79_336	2766
k79_84817	1586
k79_36575	0
k79_24414	2882
k79_84824	0
k79_344	1586
k79_36579	0
k79_12399	2118
k79_48591	965
k79_24425	0
k79_72714	2419
k79_48596	2759
k79_60691	0
k79_24427	1586
k79_36584	0
k79_12408	1586
k79_60692	0
k79_350	2882
k79_48607	0
k79_84825	1020
k79_60697	2882
k79_24440	2882
k79_356	2882
k79_84829	0
k79_12413	2766
k79_48613	0
k79_24442	4109
k79_72741	965
k79_24446	2882
k79_12423	1586
k79_368	2419
k79_36623	1586
k79_12431	454
k79_84849	0
k79_24465	1586
k79_36635	454
k79_84853	0
k79_72766	0
k79_36637	1586
k79_24470	1020
k79_84856	0
k79_36650	1586
k79_72772	0
k79_384	1586
k79_48669	454
k79_60762	2419
k79_12470	0
k79_36658	0
k79_388	2882
k79_48683	0
k79_72777	1586
k79_12482	2126
k79_84887	0
k79_72778	0
k79_60794	2118
k79_12495	1586
k79_36686	4109
k79_60797	1586
k79_415	0
k79_48704	2882
k79_72797	965
k79_24474	0
k79_48712	1586
k79_84911	1185
k79_12519	965
k79_60818	965
k79_48715	2766
k79_36717	1586
k79_447	0
k79_84930	1586
k79_60832	2126
k79_12533	1020
k79_72844	2882
k79_24487	1020
k79_48736	1586
k79_84935	1586
k79_60838	1020
k79_60841	939
k79_48751	0
k79_12545	965
k79_456	0
k79_36756	965
k79_24492	1185
k79_457	1586
k79_84953	2455
k79_12548	0
k79_459	1020
k79_60848	1020
k79_84959	2419
k79_12557	0
k79_60850	2882
k79_84974	0
k79_48797	454
k79_477	2766
k79_12561	2455
k79_84977	1586
k79_48803	2882
k79_72901	2759
k79_84982	0
k79_24501	2455
k79_72918	965
k79_506	0
k79_60886	1586
k79_48819	2882
k79_12602	0
k79_512	2419
k79_36777	1020
k79_48828	2118
k79_84996	1020
k79_12604	0
k79_60907	0
k79_48832	2882
k79_72947	1586
k79_24526	2766
k79_36796	1020
k79_537	1020
k79_12622	2759
k79_60927	2766
k79_72960	0
k79_36804	2882
k79_12623	454
k79_540	454
k79_24540	2419
k79_48848	1020
k79_541	1586
k79_60941	1586
k79_36818	939
k79_24546	2419
k79_543	2759
k79_48850	939
k79_12644	0
k79_48854	0
k79_60945	2882
k79_24556	1020
k79_555	1586
k79_72997	2419
k79_60946	965
k79_36824	1020
k79_48868	0
k79_563	1586
k79_85023	0
k79_24565	2485
k79_12670	1020
k79_73009	0
k79_73010	1586
k79_575	0
k79_60959	2126
k79_36849	965
k79_12677	2419
k79_85033	1586
k79_36851	0
k79_585	1586
k79_73015	1020
k79_60970	0
k79_587	2126
k79_60971	1586
k79_73022	1586
k79_24579	1020
k79_48921	1185
k79_73026	1586
k79_12686	1020
k79_60972	1020
k79_36876	0
k79_12697	1586
k79_73040	939
k79_36890	0
k79_85091	1586
k79_48948	1586
k79_636	1586
k79_24621	1586
k79_637	0
k79_85099	0
k79_12725	2118
k79_60998	0
k79_48957	2126
k79_36912	1586
k79_24626	0
k79_36914	1185
k79_12735	1586
k79_643	0
k79_48963	2759
k79_73067	965
k79_85115	1185
k79_36918	2882
k79_12752	2882
k79_24655	1390
k79_654	0
k79_12755	0
k79_48988	1185
k79_658	2882
k79_61035	0
k79_24668	0
k79_73080	1020
k79_61045	0
k79_85156	2759
k79_61051	1586
k79_36957	1586
k79_73089	0
k79_24674	965
k79_49008	2882
k79_85170	2126
k79_49010	0
k79_663	1020
k79_36970	0
k79_673	2882
k79_73118	1020
k79_49035	0
k79_85191	0
k79_73122	0
k79_85192	0
k79_679	1586
k79_61059	1020
k79_12813	2455
k79_37002	1586
k79_688	1586
k79_24718	0
k79_49052	965
k79_85198	0
k79_12818	0
k79_689	2118
k79_85201	965
k79_61075	0
k79_12823	0
k79_85204	1586
k79_37013	1185
k79_61087	0
k79_85214	0
k79_24753	2759
k79_49075	2882
k79_735	0
k79_24759	0
k79_12853	0
k79_24763	1586
k79_37040	0
k79_61104	2882
k79_24767	2419
k79_747	1586
k79_49082	1586
k79_37047	2118
k79_24772	1586
k79_49088	1020
k79_37051	2126
k79_757	0
k79_85240	1020
k79_12876	1586
k79_49093	0
k79_767	2759
k79_61132	2759
k79_37084	0
k79_73195	2455
k79_85256	0
k79_61138	0
k79_24794	1185
k79_85269	2419
k79_790	1020
k79_61145	1586
k79_12915	1586
k79_49129	0
k79_801	0
k79_12917	939
k79_61153	0
k79_24817	2759
k79_37114	1586
k79_73222	965
k79_24821	1020
k79_812	1586
k79_12923	454
k79_85295	1020
k79_61168	0
k79_49162	1586
k79_85296	2419
k79_73227	454
k79_37135	1020
k79_821	1586
k79_61181	1586
k79_85306	1586
k79_85307	0
k79_37138	1586
k79_24837	1586
k79_61195	0
k79_822	1020
k79_12956	2882
k79_73242	1586
k79_49178	965
k79_61204	1185
k79_24857	2759
k79_833	965
k79_73259	454
k79_37144	965
k79_61219	1586
k79_24863	1586
k79_37155	1586
k79_73265	965
k79_12995	0
k79_845	1020
k79_85345	0
k79_73266	1586
k79_37173	2455
k79_24891	1586
k79_61259	2759
k79_49240	2882
k79_37178	0
k79_857	0
k79_13007	0
k79_61265	1586
k79_49241	1020
k79_24905	2126
k79_868	0
k79_13009	1586
k79_73291	2759
k79_870	454
k79_37185	2766
k79_85368	1586
k79_61285	0
k79_73292	454
k79_49247	2118
k79_37188	1586
k79_13024	2126
k79_85375	1586
k79_24928	0
k79_37195	0
k79_888	0
k79_61287	1020
k79_73294	0
k79_49251	0
k79_13037	0
k79_37200	1586
k79_73304	939
k79_893	0
k79_49260	1185
k79_85408	2419
k79_73306	2419
k79_61304	2882
k79_37205	4109
k79_85412	1586
k79_898	2485
k79_13054	0
k79_24976	1586
k79_13058	0
k79_85416	0
k79_912	1586
k79_49276	2882
k79_61328	965
k79_914	454
k79_13060	1586
k79_85433	454
k79_73325	1020
k79_61343	1586
k79_25003	0
k79_927	0
k79_25011	454
k79_13081	1185
k79_932	2882
k79_49324	1185
k79_61369	0
k79_935	454
k79_85481	1185
k79_13090	0
k79_49327	0
k79_37258	0
k79_61379	939
k79_73371	0
k79_950	0
k79_13110	0
k79_61392	0
k79_25050	1586
k79_961	2759
k79_13115	1586
k79_37278	1586
k79_49345	0
k79_73378	2455
k79_13117	1586
k79_61397	0
k79_37281	1586
k79_975	1185
k79_13129	0
k79_85522	1020
k79_49357	1020
k79_13135	2882
k79_25080	1586
k79_61421	0
k79_982	0
k79_37300	0
k79_25082	2759
k79_85530	0
k79_73411	1586
k79_25087	1185
k79_992	1185
k79_73417	1586
k79_61449	939
k79_25094	1586
k79_85544	2759
k79_1002	1586
k79_49381	1586
k79_1010	2759
k79_25099	1020
k79_37313	1020
k79_49390	1586
k79_73445	0
k79_25101	965
k79_61466	0
k79_13179	1586
k79_73447	939
k79_73451	1586
k79_85576	2882
k79_13181	1390
k79_49413	0
k79_85577	0
k79_73463	0
k79_49421	1586
k79_73473	4109
k79_37347	1586
k79_85581	2419
k79_25119	1185
k79_25123	0
k79_73486	0
k79_85598	2882
k79_73491	0
k79_49447	1586
k79_1069	1586
k79_37375	2759
k79_1070	0
k79_1077	965
k79_61528	0
k79_73501	454
k79_1079	1586
k79_49464	1586
k79_85623	1586
k79_1081	2882
k79_85625	2882
k79_25175	1586
k79_13226	0
k79_1089	1586
k79_85637	1586
k79_37417	1586
k79_49475	2759
k79_73541	2759
k79_49476	0
k79_85645	454
k79_49477	0
k79_37430	1020
k79_61576	2419
k79_13247	0
k79_73547	0
k79_25208	2882
k79_49488	1586
k79_37439	965
k79_13252	965
k79_25211	1020
k79_1126	2766
k79_85669	0
k79_37448	2759
k79_25233	2419
k79_49527	0
k79_61613	2118
k79_13283	1586
k79_37482	1586
k79_25262	1020
k79_73595	1586
k79_85706	0
k79_1168	1586
k79_61632	2759
k79_37488	2766
k79_61636	2882
k79_13309	1586
k79_25274	1586
k79_13310	1586
k79_85717	0
k79_37511	2126
k79_61657	1586
k79_13311	1586
k79_85727	1185
k79_25284	2882
k79_85730	0
k79_73631	1586
k79_61667	1586
k79_25290	0
k79_61671	0
k79_37535	1586
k79_37539	1586
k79_61676	0
k79_25307	1185
k79_73657	1586
k79_37543	0
k79_25309	0
k79_61687	0
k79_37550	1020
k79_13372	0
k79_73658	0
k79_85773	0
k79_37557	1586
k79_25329	0
k79_13376	0
k79_61714	0
k79_37562	0
k79_49672	0
k79_49680	0
k79_13402	1020
k79_37569	1020
k79_25334	0
k79_37573	1586
k79_13416	2126
k79_61743	965
k79_85822	454
k79_25338	0
k79_1195	2455
k79_73680	1020
k79_13423	0
k79_13425	454
k79_61764	1586
k79_25357	0
k79_61768	1586
k79_61770	2766
k79_25366	0
k79_37620	0
k79_61771	4109
k79_1220	0
k79_73709	2766
k79_1222	454
k79_85876	1586
k79_49740	1586
k79_25381	965
k79_73712	0
k79_13468	454
k79_49744	1586
k79_1228	965
k79_25388	0
k79_1232	1586
k79_85887	2419
k79_73717	0
k79_25400	0
k79_37659	1586
k79_13487	0
k79_1246	454
k79_25402	1586
k79_49771	2759
k79_73723	2759
k79_85889	0
k79_1248	2759
k79_73729	1586
k79_13507	0
k79_61797	2882
k79_49776	1586
k79_37684	1185
k79_1263	0
k79_61813	0
k79_49786	1586
k79_85925	0
k79_1270	1586
k79_25433	1586
k79_49791	1586
k79_13545	0
k79_61826	2882
k79_85948	0
k79_13550	2118
k79_61830	0
k79_49808	2126
k79_25454	0
k79_73774	1586
k79_61831	0
k79_37724	0
k79_1293	0
k79_13562	2118
k79_61834	1185
k79_1294	2882
k79_73776	1586
k79_49829	2419
k79_1305	2759
k79_49832	2882
k79_85965	1586
k79_13580	1586
k79_61842	0
k79_61850	965
k79_13581	0
k79_85975	0
k79_25500	1586
k79_49859	0
k79_73792	2455
k79_13589	454
k79_61873	0
k79_49866	2882
k79_1345	1586
k79_73801	454
k79_25515	1390
k79_86006	0
k79_49873	454
k79_73805	1586
k79_25519	1586
k79_61888	0
k79_86012	1586
k79_49876	2882
k79_37742	0
k79_1373	454
k79_49884	0
k79_73822	1586
k79_25526	0
k79_13624	0
k79_49885	1586
k79_37745	1185
k79_25531	1586
k79_61897	0
k79_86036	1586
k79_25532	454
k79_61904	2126
k79_1396	0
k79_37763	1586
k79_13646	454
k79_61912	1390
k79_61915	0
k79_13652	0
k79_1410	2882
k79_49903	2882
k79_61918	2882
k79_73868	2882
k79_1415	1586
k79_49905	0
k79_13663	454
k79_25570	965
k79_1418	454
k79_61919	1586
k79_25578	1586
k79_49908	1586
k79_86061	2455
k79_73882	0
k79_1420	2455
k79_25582	2419
k79_49915	965
k79_13679	2419
k79_86068	0
k79_37809	2882
k79_73883	1020
k79_1433	2882
k79_86070	2759
k79_61946	2882
k79_25598	0
k79_13681	0
k79_1442	0
k79_73890	939
k79_13693	0
k79_25601	1586
k79_49920	1020
k79_86103	2419
k79_37850	2882
k79_86104	939
k79_61966	2455
k79_37858	0
k79_25619	965
k79_49938	2419
k79_73926	965
k79_61968	1020
k79_86126	1586
k79_37880	0
k79_1482	2882
k79_25646	2455
k79_13747	1586
k79_73940	0
k79_61977	0
k79_86135	965
k79_73941	965
k79_86141	0
k79_13769	1586
k79_86142	454
k79_25659	0
k79_73954	1586
k79_37904	1586
k79_61998	2882
k79_37905	1586
k79_73969	1586
k79_1543	0
k79_37906	939
k79_86147	1020
k79_25672	0
k79_86152	965
k79_62001	2882
k79_13803	0
k79_73981	939
k79_1564	1586
k79_50016	2766
k79_73986	1586
k79_25704	454
k79_86169	2118
k79_37929	2766
k79_86173	939
k79_73996	1586
k79_50027	2759
k79_62029	454
k79_13813	2455
k79_50030	1185
k79_25739	0
k79_1588	1020
k79_86188	965
k79_62047	1020
k79_50039	1185
k79_62049	1586
k79_74026	1586
k79_25764	1586
k79_13844	1586
k79_86222	2759
k79_62058	0
k79_50057	0
k79_74030	939
k79_25774	454
k79_37934	1020
k79_62066	1185
k79_25775	2882
k79_62067	0
k79_13861	0
k79_74038	454
k79_37943	1586
k79_1650	1586
k79_74045	1586
k79_62079	0
k79_1655	1586
k79_50085	1586
k79_37949	0
k79_25806	1185
k79_13876	1185
k79_1671	1586
k79_62085	965
k79_86258	0
k79_86259	0
k79_1678	0
k79_50122	0
k79_74057	1020
k79_25842	939
k79_1682	2766
k79_13911	939
k79_13913	0
k79_1683	2882
k79_74064	0
k79_25858	2882
k79_74071	0
k79_38001	2485
k79_62128	0
k79_13928	1586
k79_50156	0
k79_38008	0
k79_25859	1586
k79_86290	2485
k79_13932	1586
k79_1712	1586
k79_74078	2882
k79_50173	454
k79_1717	0
k79_74083	1586
k79_86308	1586
k79_13944	965
k79_25880	1586
k79_62166	2882
k79_74093	454
k79_86317	1586
k79_1727	454
k79_38010	0
k79_1729	0
k79_62191	0
k79_50210	0
k79_25899	939
k79_86335	2882
k79_50216	1586
k79_74121	939
k79_62213	2882
k79_25925	1020
k79_86346	0
k79_13999	2759
k79_62226	1586
k79_86355	0
k79_1760	2882
k79_14005	0
k79_38050	0
k79_1766	1586
k79_62233	1586
k79_50244	0
k79_14015	1586
k79_1771	0
k79_74140	1020
k79_50248	0
k79_38051	0
k79_14019	965
k79_50250	0
k79_74148	1185
k79_62248	0
k79_1783	1586
k79_25976	1586
k79_50261	1586
k79_74153	0
k79_62259	2419
k79_25980	1390
k79_14050	0
k79_62266	2766
k79_25985	0
k79_86409	1586
k79_50285	0
k79_62278	0
k79_74182	2882
k79_50286	965
k79_25990	0
k79_1838	0
k79_74192	2759
k79_14083	4109
k79_38099	2882
k79_26019	2882
k79_86440	0
k79_74216	0
k79_62311	1586
k79_38113	0
k79_1868	2882
k79_26033	2126
k79_50341	1586
k79_74235	1586
k79_38127	2126
k79_26035	1586
k79_1886	0
k79_38134	1586
k79_1896	0
k79_26048	2882
k79_86500	2882
k79_62322	1020
k79_74273	1020
k79_1902	0
k79_26056	0
k79_86512	1586
k79_50383	1586
k79_38167	0
k79_38168	1185
k79_1922	0
k79_62353	2485
k79_26060	2455
k79_86529	4109
k79_50397	0
k79_38181	2126
k79_14125	1020
k79_1941	939
k79_38183	1586
k79_26070	1586
k79_86554	0
k79_62371	1020
k79_38185	1586
k79_74301	1020
k79_14127	1020
k79_26074	1586
k79_62380	1586
k79_62381	0
k79_38195	0
k79_1982	2882
k79_86574	1020
k79_62393	1586
k79_38205	1586
k79_50467	1185
k79_74337	0
k79_14141	0
k79_14144	2759
k79_62412	0
k79_86590	1586
k79_14149	2759
k79_62415	454
k79_38232	0
k79_26118	1586
k79_38233	965
k79_26120	1586
k79_62421	1586
k79_74359	1586
k79_2021	0
k79_50498	1586
k79_14168	0
k79_86625	1586
k79_50504	1020
k79_62442	2126
k79_2026	2882
k79_38238	0
k79_86637	1586
k79_50526	939
k79_38247	1586
k79_26161	2882
k79_74387	1185
k79_86653	2882
k79_14194	0
k79_50530	0
k79_2045	2766
k79_86658	454
k79_62448	2882
k79_26170	1020
k79_38280	2126
k79_74399	2419
k79_50536	1586
k79_2050	0
k79_38289	1586
k79_86681	2118
k79_26185	965
k79_2060	1586
k79_38297	4109
k79_74420	1586
k79_50548	965
k79_38304	2126
k79_74425	2759
k79_14230	2419
k79_50550	2118
k79_2068	1586
k79_86700	1586
k79_62479	1020
k79_86702	2882
k79_50557	0
k79_14242	0
k79_38324	0
k79_86709	1020
k79_62482	2882
k79_74450	0
k79_86710	1185
k79_2091	2882
k79_14245	0
k79_50571	0
k79_86716	0
k79_26204	2455
k79_74460	0
k79_50572	939
k79_2101	1586
k79_74468	2882
k79_86735	2118
k79_62514	1185
k79_2114	1185
k79_74484	1586
k79_86745	0
k79_38358	0
k79_14275	2882
k79_2124	454
k79_26208	1020
k79_86747	1586
k79_62531	1586
k79_86750	454
k79_38372	1586
k79_26219	965
k79_50623	1586
k79_26225	2882
k79_86775	1586
k79_26229	1586
k79_62562	0
k79_86780	2882
k79_74530	0
k79_62575	965
k79_86786	0
k79_14322	1586
k79_74541	1586
k79_62579	1586
k79_26253	2882
k79_2186	2759
k79_50664	1586
k79_86789	0
k79_62584	2766
k79_14327	1020
k79_74551	454
k79_38438	2419
k79_14329	965
k79_2195	0
k79_74553	1020
k79_62591	0
k79_86802	0
k79_2204	2759
k79_74558	965
k79_86808	1586
k79_38463	1185
k79_14362	0
k79_50672	1020
k79_26297	2882
k79_62612	1185
k79_38465	1586
k79_2221	2882
k79_2231	0
k79_62627	1586
k79_74593	965
k79_14383	2759
k79_38479	2759
k79_62634	1586
k79_2242	0
k79_14388	1586
k79_86842	0
k79_2244	939
k79_74605	0
k79_38495	0
k79_26334	1185
k79_14398	0
k79_62647	0
k79_74607	1586
k79_50674	2455
k79_26351	1185
k79_62649	1586
k79_2250	2882
k79_14410	1586
k79_86862	0
k79_26352	0
k79_38521	0
k79_62658	0
k79_50682	1586
k79_14412	0
k79_86873	2759
k79_62661	965
k79_74641	2759
k79_2271	0
k79_50700	2882
k79_62668	2759
k79_2277	1586
k79_50705	0
k79_2280	1185
k79_86886	1020
k79_14442	1185
k79_86891	1586
k79_2294	965
k79_14446	2455
k79_26423	0
k79_86909	0
k79_62714	939
k79_74706	2455
k79_86918	1586
k79_86919	2419
k79_74715	1586
k79_38606	2419
k79_2338	0
k79_26460	1185
k79_74723	1586
k79_50778	1586
k79_2349	1185
k79_86950	0
k79_62771	454
k79_14450	0
k79_38631	0
k79_62774	1586
k79_74744	0
k79_2367	454
k79_38637	0
k79_74746	0
k79_86968	2419
k79_50813	454
k79_26502	0
k79_74748	2419
k79_50821	0
k79_2394	0
k79_86983	1586
k79_2402	1586
k79_26506	0
k79_38684	2419
k79_86987	1586
k79_26508	0
k79_86989	0
k79_14505	1586
k79_2416	0
k79_74775	1586
k79_38691	1586
k79_62834	2419
k79_86992	1586
k79_14514	0
k79_38700	1586
k79_50859	1185
k79_26535	0
k79_74791	2419
k79_62849	1586
k79_38707	0
k79_2440	454
k79_50864	1586
k79_14537	1586
k79_38712	2126
k79_87014	454
k79_62859	1586
k79_38723	1586
k79_74816	0
k79_50870	0
k79_26565	0
k79_74824	2759
k79_50891	2882
k79_87046	0
k79_50894	2419
k79_26585	1586
k79_14569	2485
k79_87049	2419
k79_14572	0
k79_38772	965
k79_14575	1586
k79_2509	0
k79_26600	1586
k79_74841	2882
k79_26608	0
k79_2512	1586
k79_87070	1185
k79_50923	0
k79_14586	1586
k79_87071	0
k79_2525	1586
k79_87077	0
k79_74856	1586
k79_14592	965
k79_87079	1185
k79_50940	1586
k79_38822	1586
k79_74857	2882
k79_26636	1586
k79_74861	1586
k79_14623	2419
k79_38861	2882
k79_74883	2118
k79_14629	1586
k79_50984	2126
k79_74886	2485
k79_26685	0
k79_14633	1586
k79_38874	939
k79_74888	0
k79_87098	2882
k79_2611	0
k79_14657	0
k79_51023	0
k79_87111	1586
k79_26706	965
k79_74918	1586
k79_87113	0
k79_38919	0
k79_14683	0
k79_51036	0
k79_87119	1586
k79_74938	1586
k79_26727	1020
k79_14690	1586
k79_62867	2455
k79_26729	2419
k79_14694	2126
k79_74943	1586
k79_38940	965
k79_87142	1586
k79_62873	2759
k79_2664	1185
k79_26746	0
k79_74955	1185
k79_62881	2766
k79_38958	1185
k79_14709	1020
k79_62884	1586
k79_51079	2419
k79_87169	1586
k79_14721	965
k79_38974	1390
k79_87172	2882
k79_2694	1020
k79_26770	1586
k79_62901	1586
k79_74973	4109
k79_51094	1586
k79_26777	0
k79_38988	454
k79_26781	2118
k79_62921	0
k79_51106	0
k79_38994	1586
k79_2707	1185
k79_75004	1586
k79_2710	0
k79_26799	1185
k79_39007	1586
k79_26808	1185
k79_62923	2882
k79_14733	2485
k79_87230	0
k79_75023	0
k79_62934	965
k79_39029	1586
k79_62941	2419
k79_26847	2419
k79_2765	2759
k79_51166	0
k79_87260	965
k79_75056	2759
k79_14791	1020
k79_39052	965
k79_51168	0
k79_2768	454
k79_75057	454
k79_51177	1586
k79_26881	1185
k79_2773	0
k79_39064	939
k79_87278	2882
k79_14804	2766
k79_26885	1586
k79_51181	1586
k79_87288	2882
k79_75091	1586
k79_39084	1586
k79_26889	2882
k79_2795	1020
k79_2796	0
k79_51200	0
k79_39085	2766
k79_2799	0
k79_14837	2882
k79_75114	0
k79_39089	939
k79_62979	1020
k79_51212	1586
k79_2809	0
k79_51221	454
k79_26920	1020
k79_75129	0
k79_26921	2126
k79_39102	0
k79_14862	0
k79_51223	1020
k79_87300	2455
k79_75135	0
k79_39109	1586
k79_51229	0
k79_2825	965
k79_62989	2882
k79_75149	1390
k79_39125	2419
k79_14888	1586
k79_51251	1020
k79_62991	965
k79_87321	965
k79_26949	2485
k79_51257	0
k79_2851	2882
k79_39156	0
k79_14895	1586
k79_26962	965
k79_51263	0
k79_75165	1020
k79_26964	939
k79_87344	1586
k79_51269	1185
k79_14904	2759
k79_39178	1586
k79_14911	1586
k79_26977	1586
k79_39180	1586
k79_75168	2766
k79_14919	2882
k79_75174	0
k79_87371	1586
k79_63041	0
k79_51299	939
k79_39197	0
k79_39198	2759
k79_2936	1586
k79_39199	1586
k79_14938	1586
k79_75195	0
k79_27026	0
k79_63076	0
k79_14942	2766
k79_39209	1586
k79_2941	965
k79_75200	1586
k79_63078	1020
k79_2959	0
k79_75217	1586
k79_14947	1020
k79_51334	965
k79_39227	2419
k79_87402	0
k79_51340	0
k79_2979	2882
k79_27069	1185
k79_87416	2882
k79_27070	1020
k79_51359	0
k79_2980	454
k79_75241	1586
k79_39255	2882
k79_14972	0
k79_2992	2882
k79_87435	1586
k79_27084	965
k79_51370	2419
k79_14974	1586
k79_63144	1586
k79_87437	2419
k79_51373	0
k79_14983	1586
k79_63145	965
k79_3000	1020
k79_87445	0
k79_39276	965
k79_51385	454
k79_75274	2419
k79_14991	1586
k79_75277	454
k79_87453	1185
k79_27113	1586
k79_63165	2419
k79_87461	0
k79_15004	1586
k79_27127	939
k79_51414	1586
k79_87468	965
k79_39313	2759
k79_27137	1586
k79_75306	1586
k79_39320	2118
k79_87474	2882
k79_3038	0
k79_51429	2419
k79_39322	2419
k79_15035	2419
k79_27147	0
k79_87486	2419
k79_75327	0
k79_51437	0
k79_15046	1586
k79_87490	1586
k79_27156	1586
k79_63175	1020
k79_39332	2882
k79_3071	0
k79_51455	1586
k79_87498	2126
k79_87499	1020
k79_75347	939
k79_63190	1586
k79_51456	1020
k79_15084	2455
k79_27168	965
k79_3091	1586
k79_75356	2126
k79_27176	1586
k79_63221	1586
k79_3097	0
k79_15087	0
k79_75360	0
k79_15096	1586
k79_51489	4109
k79_63225	2882
k79_63227	0
k79_27192	2882
k79_75385	2882
k79_51504	1586
k79_75388	939
k79_27196	1020
k79_63232	454
k79_87564	1586
k79_15114	1586
k79_3147	0
k79_27209	0
k79_3148	1586
k79_15119	939
k79_87579	1586
k79_27211	0
k79_51522	0
k79_3155	0
k79_15126	2759
k79_27218	4109
k79_3160	1586
k79_87602	0
k79_39393	1020
k79_51538	0
k79_15134	0
k79_75422	0
k79_27228	0
k79_15145	1586
k79_63280	1020
k79_27229	1586
k79_39421	0
k79_87623	0
k79_63282	2882
k79_75444	965
k79_87625	0
k79_3202	939
k79_27238	1586
k79_51579	1586
k79_39427	1020
k79_63294	0
k79_15172	454
k79_51583	1586
k79_63295	0
k79_87630	2455
k79_39430	1586
k79_27254	1185
k79_15182	2759
k79_3224	0
k79_75485	2882
k79_39438	1586
k79_63318	1586
k79_51598	0
k79_3232	1586
k79_27258	0
k79_63319	1586
k79_87656	1586
k79_39448	0
k79_15184	0
k79_51603	2419
k79_39452	0
k79_51606	454
k79_63341	0
k79_87678	1586
k79_15199	1586
k79_63342	0
k79_51614	965
k79_15207	1586
k79_3264	0
k79_39478	2759
k79_51623	0
k79_3273	0
k79_39487	1586
k79_87691	2882
k79_3278	454
k79_75512	1020
k79_39493	0
k79_51640	2126
k79_63375	454
k79_27309	1586
k79_75523	0
k79_63378	0
k79_51649	1586
k79_15236	939
k79_87709	1586
k79_27312	1586
k79_51650	1586
k79_3302	2882
k79_15250	1586
k79_63397	1586
k79_63400	0
k79_75565	1586
k79_3326	1185
k79_63401	1586
k79_15267	1586
k79_63408	2882
k79_3330	1586
k79_51666	2455
k79_87735	2455
k79_15275	0
k79_27351	1586
k79_3342	0
k79_75578	1185
k79_87740	1185
k79_51678	2882
k79_27364	1586
k79_15283	2455
k79_27366	1586
k79_15286	2766
k79_51689	2126
k79_75592	2118
k79_51691	0
k79_27373	1586
k79_39580	1586
k79_63454	1390
k79_3372	454
k79_39584	1020
k79_51699	1586
k79_39593	2126
k79_63463	454
k79_39596	1185
k79_27397	1586
k79_87791	2419
k79_3394	1586
k79_27398	939
k79_3400	1185
k79_39612	1586
k79_15334	1586
k79_39622	0
k79_87817	965
k79_27420	1020
k79_51700	1020
k79_27424	939
k79_3424	2759
k79_87823	1586
k79_27425	0
k79_63500	1020
k79_39642	965
k79_27430	0
k79_75690	1586
k79_39653	1586
k79_75702	0
k79_27441	1586
k79_27444	1586
k79_51736	454
k79_39668	2882
k79_63534	1586
k79_75704	1020
k79_51747	1586
k79_63537	1586
k79_27455	2419
k79_87872	0
k79_51751	0
k79_75712	0
k79_3455	1020
k79_15389	1020
k79_39693	1586
k79_27474	2882
k79_75728	0
k79_63556	0
k79_15400	1185
k79_87906	0
k79_75730	0
k79_3474	939
k79_39710	4109
k79_63564	0
k79_15402	1586
k79_3484	0
k79_15418	1586
k79_27510	454
k79_75752	1586
k79_3489	965
k79_87924	0
k79_63582	1020
k79_3491	0
k79_87925	1586
k79_27511	0
k79_51811	1586
k79_15437	1586
k79_3503	1586
k79_15441	2759
k79_3504	1586
k79_39761	2118
k79_87941	1020
k79_51822	1586
k79_27531	1185
k79_51823	1586
k79_15445	0
k79_75790	0
k79_3529	0
k79_51832	1185
k79_15453	2485
k79_63638	2126
k79_51839	454
k79_39789	1586
k79_63645	1586
k79_15455	1586
k79_3542	1586
k79_87952	0
k79_15458	0
k79_75816	1586
k79_15459	2882
k79_27578	1020
k79_3567	1586
k79_27579	0
k79_63670	0
k79_39821	2419
k79_75830	0
k79_87964	2455
k79_27590	0
k79_3573	1586
k79_39839	2882
k79_75848	1586
k79_87975	2419
k79_27606	1586
k79_63691	0
k79_51896	1020
k79_15497	2455
k79_87979	0
k79_3591	1185
k79_15499	2882
k79_51898	0
k79_75857	1586
k79_3594	1586
k79_51899	1185
k79_75860	1586
k79_15511	0
k79_63706	0
k79_39866	1586
k79_63716	939
k79_3607	1586
k79_27638	0
k79_75886	454
k79_39885	1586
k79_27642	2882
k79_15536	0
k79_3623	1586
k79_27646	0
k79_39892	1586
k79_75898	0
k79_27649	2882
k79_51950	2882
k79_39894	0
k79_15550	1586
k79_3633	0
k79_27654	1586
k79_88055	2759
k79_75908	1185
k79_3634	1586
k79_27663	1185
k79_75913	2419
k79_63764	1185
k79_51976	1586
k79_27664	2419
k79_3658	0
k79_15554	2455
k79_75923	0
k79_39937	1586
k79_3679	0
k79_88110	0
k79_52000	1586
k79_27697	0
k79_63794	2419
k79_88113	2882
k79_39949	1586
k79_52007	1586
k79_63795	2882
k79_39951	0
k79_63804	0
k79_27715	1586
k79_3710	2882
k79_52025	2455
k79_39961	2419
k79_3715	939
k79_63823	1586
k79_15607	1586
k79_88145	965
k79_75985	2419
k79_27728	1586
k79_52031	2882
k79_39989	1586
k79_52039	1185
k79_63832	965
k79_88152	0
k79_39993	1586
k79_88153	1586
k79_27754	1390
k79_63843	2882
k79_27763	4109
k79_88167	0
k79_3754	0
k79_88175	454
k79_76045	1586
k79_15640	1185
k79_52082	2882
k79_40017	2882
k79_52085	0
k79_3767	0
k79_63862	0
k79_15649	0
k79_88190	0
k79_40022	1586
k79_88194	2882
k79_76067	1020
k79_52101	2882
k79_88208	2882
k79_15664	0
k79_27765	2455
k79_76087	0
k79_52109	2759
k79_40056	1586
k79_3802	1586
k79_76105	0
k79_15678	1020
k79_63924	1586
k79_27788	0
k79_40072	1185
k79_52124	0
k79_52125	1586
k79_40086	965
k79_63941	1586
k79_27800	2126
k79_63945	2759
k79_88274	2419
k79_63949	2118
k79_76144	1586
k79_88283	0
k79_3818	0
k79_40114	2419
k79_27808	1020
k79_3820	2419
k79_76159	1586
k79_27812	2126
k79_15730	0
k79_63956	0
k79_27817	1586
k79_88315	0
k79_27821	0
k79_88317	1020
k79_63957	2882
k79_27822	454
k79_76183	1586
k79_15748	1020
k79_3825	2455
k79_52200	0
k79_88325	2759
k79_3832	1020
k79_63967	2882
k79_52213	0
k79_15777	1586
k79_88349	1586
k79_3863	2118
k79_27860	2126
k79_76202	2455
k79_40160	2882
k79_63995	1586
k79_88352	2759
k79_27867	454
k79_52237	1586
k79_3872	1586
k79_88369	0
k79_3881	454
k79_27875	1020
k79_64012	965
k79_52238	1020
k79_88383	1586
k79_64022	1586
k79_76247	2419
k79_27885	2126
k79_40199	2882
k79_64025	0
k79_88384	0
k79_40200	0
k79_76263	2882
k79_3910	1586
k79_3917	0
k79_88396	2419
k79_27905	1586
k79_40214	1586
k79_15860	0
k79_76280	0
k79_40222	0
k79_64037	1586
k79_3918	0
k79_15868	1185
k79_88410	454
k79_15870	0
k79_76294	1586
k79_88411	2882
k79_27936	1586
k79_3927	2882
k79_3928	4109
k79_27942	2882
k79_88416	454
k79_88425	1586
k79_76311	939
k79_3936	2882
k79_88428	1586
k79_40278	0
k79_76313	1020
k79_64075	0
k79_15889	2455
k79_3950	1185
k79_76322	454
k79_15892	1020
k79_88453	1586
k79_76334	1586
k79_76336	1586
k79_27978	965
k79_40316	1020
k79_15893	2882
k79_64105	1020
k79_52380	1020
k79_3979	0
k79_88478	2766
k79_15896	2126
k79_76341	0
k79_88483	1586
k79_3994	1185
k79_52410	2455
k79_15910	2882
k79_4000	0
k79_88489	0
k79_4006	1586
k79_40376	1586
k79_28032	1586
k79_15922	1020
k79_88511	1586
k79_40384	1586
k79_4025	2126
k79_4038	0
k79_88522	454
k79_28066	1586
k79_76423	1586
k79_52476	2126
k79_88523	1185
k79_52480	0
k79_40421	1586
k79_52481	2759
k79_15973	0
k79_52484	0
k79_28067	2419
k79_64226	1586
k79_40424	965
k79_88544	1586
k79_28072	1586
k79_15984	0
k79_76463	4109
k79_88554	0
k79_88555	2759
k79_64255	2882
k79_52528	0
k79_64260	0
k79_40476	0
k79_4075	2455
k79_88565	0
k79_16016	2882
k79_52533	0
k79_4090	454
k79_76467	1020
k79_64276	2759
k79_28122	1586
k79_64278	1586
k79_52534	2882
k79_52535	0
k79_4107	2485
k79_88594	0
k79_16030	2455
k79_28133	1185
k79_76485	1020
k79_40515	1586
k79_4109	1020
k79_64301	0
k79_28139	454
k79_88603	1586
k79_52546	1185
k79_28145	2882
k79_76490	1020
k79_40524	4109
k79_64322	965
k79_88618	1586
k79_52560	1586
k79_28160	1185
k79_76501	2455
k79_88624	1185
k79_16075	1586
k79_28169	1185
k79_52579	2766
k79_4166	454
k79_52588	1586
k79_88630	454
k79_40563	1586
k79_76517	1586
k79_64332	2882
k79_16097	2759
k79_28188	2882
k79_76521	4109
k79_88639	939
k79_16099	1586
k79_4177	2882
k79_64352	2759
k79_40582	2419
k79_76532	1586
k79_88650	1586
k79_4181	0
k79_28215	1185
k79_40586	939
k79_16109	2759
k79_52598	0
k79_28219	1185
k79_52608	1586
k79_76574	0
k79_16129	0
k79_88680	0
k79_28228	0
k79_64398	2882
k79_52620	2419
k79_76580	0
k79_4182	2455
k79_40620	1586
k79_28233	1185
k79_40624	1185
k79_88687	1020
k79_52642	2882
k79_40631	965
k79_16153	454
k79_88696	0
k79_28249	1586
k79_4196	0
k79_40634	965
k79_76619	0
k79_64432	0
k79_64438	2419
k79_4201	2882
k79_88698	1586
k79_76635	1020
k79_52670	0
k79_40656	454
k79_88700	0
k79_16168	1020
k79_4203	1185
k79_52678	0
k79_76650	0
k79_28290	0
k79_4214	1020
k79_16184	0
k79_52697	1020
k79_76678	2118
k79_64492	965
k79_76689	1586
k79_52714	1586
k79_28321	2882
k79_28327	1586
k79_4243	2126
k79_88757	1586
k79_64513	1586
k79_28328	2766
k79_64517	2126
k79_4249	1586
k79_28335	1586
k79_88765	2419
k79_40735	2118
k79_16250	1586
k79_88782	0
k79_52727	1020
k79_88786	0
k79_4263	2455
k79_16276	1185
k79_28369	1185
k79_4272	0
k79_88793	1586
k79_28371	2882
k79_76765	0
k79_88795	0
k79_52754	0
k79_16283	2766
k79_4283	1185
k79_64520	1020
k79_40744	965
k79_16291	2882
k79_64530	0
k79_88798	1020
k79_28396	1586
k79_4291	454
k79_28399	1020
k79_52766	1020
k79_88818	0
k79_4300	2126
k79_16316	2419
k79_76791	0
k79_88831	0
k79_4303	2419
k79_64555	1020
k79_28434	1586
k79_88837	0
k79_52805	2882
k79_16336	1586
k79_64580	1586
k79_4323	0
k79_52806	1586
k79_76814	1586
k79_28449	2759
k79_16343	2118
k79_28456	1185
k79_76825	1586
k79_52820	0
k79_28462	965
k79_88873	1020
k79_40781	0
k79_52821	1586
k79_76830	2759
k79_52824	2118
k79_4364	1586
k79_88889	0
k79_16372	2455
k79_4365	0
k79_76841	2882
k79_16373	2759
k79_40813	0
k79_88892	2126
k79_28500	1586
k79_4371	1185
k79_64654	1586
k79_52855	1586
k79_40831	1586
k79_52864	2126
k79_16383	1020
k79_76877	965
k79_28517	1020
k79_4402	0
k79_28518	1586
k79_40843	2759
k79_16394	2882
k79_88901	1020
k79_4410	2419
k79_52881	1185
k79_64693	2882
k79_88906	1020
k79_76913	2419
k79_16411	2126
k79_4424	0
k79_28539	4109
k79_4426	965
k79_52902	2419
k79_64700	1020
k79_40848	1020
k79_28544	0
k79_52908	1185
k79_64713	1390
k79_4440	0
k79_76918	1020
k79_52910	1020
k79_28551	965
k79_40867	1020
k79_4442	2882
k79_16429	2882
k79_88918	2882
k79_40874	1586
k79_28558	0
k79_4446	1586
k79_52914	2759
k79_88925	0
k79_88928	1586
k79_40892	1586
k79_16455	2419
k79_88935	965
k79_28583	1586
k79_52935	1185
k79_88938	1586
k79_40904	2882
k79_76965	4109
k79_64763	4109
k79_76966	1586
k79_28597	454
k79_4469	2882
k79_88945	1586
k79_52947	1020
k79_76986	939
k79_16487	2759
k79_52959	1020
k79_64774	1020
k79_88963	0
k79_4491	0
k79_16497	1586
k79_28633	0
k79_88965	1586
k79_4493	1586
k79_16500	1586
k79_64795	2419
k79_16506	0
k79_77022	2455
k79_88980	2759
k79_28639	1586
k79_52964	0
k79_16518	1586
k79_4513	1586
k79_64810	0
k79_52966	454
k79_28653	1586
k79_77042	939
k79_89011	2126
k79_77046	0
k79_4530	1586
k79_52979	0
k79_41000	1586
k79_89023	1020
k79_77052	1586
k79_4535	1020
k79_52986	1020
k79_52989	1185
k79_89036	1586
k79_28680	1586
k79_52993	1185
k79_16546	1020
k79_64841	2882
k79_89037	2419
k79_77073	0
k79_28684	1020
k79_16549	1390
k79_41037	1586
k79_4551	1390
k79_77075	1586
k79_64847	1020
k79_16551	454
k79_53002	2419
k79_77084	1020
k79_4554	1185
k79_64852	2419
k79_28695	1586
k79_89050	0
k79_16561	1586
k79_77085	1020
k79_64854	965
k79_28702	0
k79_4566	2419
k79_77098	1020
k79_64865	1020
k79_89070	0
k79_41078	1020
k79_16595	1586
k79_53039	1586
k79_41079	1020
k79_4568	0
k79_16602	2882
k79_41095	1020
k79_53066	2419
k79_16608	0
k79_89103	2419
k79_4586	965
k79_64899	0
k79_89104	1185
k79_53067	1020
k79_4593	2118
k79_28772	454
k79_89110	2882
k79_4596	2882
k79_28773	2118
k79_16629	939
k79_64908	2882
k79_28774	2419
k79_89122	1185
k79_41127	1185
k79_64927	0
k79_4624	1586
k79_28780	454
k79_77174	2882
k79_64931	1586
k79_28783	1586
k79_4632	1185
k79_41138	2759
k79_77186	0
k79_64933	1020
k79_4642	0
k79_16673	1586
k79_89157	965
k79_64956	0
k79_28797	1020
k79_53166	0
k79_4663	0
k79_77236	1586
k79_64969	1586
k79_4685	1586
k79_41207	2118
k79_41208	0
k79_77248	1020
k79_89203	2485
k79_53192	2455
k79_16674	0
k79_28823	0
k79_41212	2759
k79_53193	2419
k79_89207	1586
k79_64994	1586
k79_28831	1586
k79_41222	2419
k79_89215	1586
k79_28838	2419
k79_77276	2882
k79_41234	1586
k79_89223	1586
k79_53204	1020
k79_65011	0
k79_16712	0
k79_53206	2759
k79_65016	1586
k79_77292	939
k79_41251	2882
k79_89235	1586
k79_16716	1586
k79_28873	454
k79_65027	2766
k79_77299	0
k79_89241	454
k79_28877	1586
k79_89244	0
k79_16729	2118
k79_4765	1586
k79_65044	2126
k79_53244	1020
k79_4771	0
k79_28892	965
k79_77317	1020
k79_41282	2455
k79_16739	0
k79_65070	1020
k79_28896	0
k79_53273	965
k79_89275	2766
k79_4802	2882
k79_65072	2882
k79_53282	1586
k79_77331	2419
k79_41315	0
k79_65079	0
k79_53289	4109
k79_16768	1586
k79_16774	454
k79_65095	1586
k79_28944	1586
k79_53305	1586
k79_89319	2882
k79_41335	1586
k79_4833	2766
k79_28953	0
k79_77336	1020
k79_65108	2759
k79_89332	0
k79_77347	0
k79_28959	965
k79_4860	1586
k79_65120	939
k79_28965	2882
k79_53330	2882
k79_65133	454
k79_53339	1586
k79_16821	2759
k79_53346	1586
k79_16831	2419
k79_28993	2759
k79_77399	1586
k79_41417	0
k79_53361	2126
k79_4912	454
k79_89409	454
k79_65177	0
k79_65178	0
k79_29018	2118
k79_89421	454
k79_77412	1185
k79_53390	0
k79_89426	1586
k79_29024	0
k79_41443	0
k79_65187	1586
k79_77415	1586
k79_41447	2419
k79_53400	0
k79_16862	1020
k79_65194	1586
k79_89432	939
k79_77420	1020
k79_53406	2126
k79_29054	0
k79_65201	1586
k79_53423	2759
k79_41461	0
k79_89448	2419
k79_29060	0
k79_16882	454
k79_4992	0
k79_29065	1586
k79_53446	1586
k79_29067	1586
k79_53448	2118
k79_77454	1586
k79_89476	2759
k79_53452	2882
k79_5014	1020
k79_53454	1586
k79_53460	1586
k79_16891	0
k79_41527	2882
k79_89510	1185
k79_5040	1586
k79_77490	0
k79_29134	2419
k79_77497	1586
k79_65304	1586
k79_41549	1586
k79_89539	1020
k79_5056	2118
k79_29157	454
k79_65306	2419
k79_5057	0
k79_77521	0
k79_53519	0
k79_53523	2882
k79_89557	965
k79_16949	0
k79_5068	1586
k79_65315	1586
k79_77527	965
k79_89565	1586
k79_16964	1586
k79_89568	939
k79_41566	1390
k79_77541	2759
k79_29189	0
k79_29190	0
k79_65337	1020
k79_41578	1586
k79_16983	2882
k79_5089	2419
k79_53578	0
k79_41582	1586
k79_77559	2759
k79_41584	1586
k79_65359	0
k79_17001	1586
k79_5108	454
k79_29221	1586
k79_65368	1390
k79_53616	1586
k79_41601	0
k79_17018	1185
k79_77593	1586
k79_29229	1586
k79_53627	1586
k79_89599	2455
k79_77627	1586
k79_89630	1586
k79_5190	0
k79_89642	1586
k79_41665	1586
k79_65373	0
k79_89649	0
k79_29288	1586
k79_77660	1185
k79_53694	1185
k79_77662	0
k79_53696	2126
k79_53697	2882
k79_77667	1586
k79_65382	2485
k79_5219	4109
k79_89667	2759
k79_53705	2419
k79_5224	1586
k79_77677	1586
k79_17131	454
k79_53707	0
k79_77684	1586
k79_65410	0
k79_29324	1586
k79_89680	0
k79_17150	2759
k79_65411	0
k79_29341	0
k79_5225	2485
k79_89694	0
k79_89696	1586
k79_17158	1586
k79_29361	1586
k79_53746	2485
k79_53750	0
k79_41700	1020
k79_17181	1586
k79_65455	0
k79_89719	2759
k79_5273	1586
k79_41707	2419
k79_77736	1586
k79_17196	1586
k79_5280	0
k79_89733	0
k79_29406	1586
k79_53781	454
k79_41732	1586
k79_77759	1586
k79_5298	0
k79_65492	1586
k79_29408	965
k79_41738	1020
k79_17228	1586
k79_65498	0
k79_77777	2759
k79_89766	1586
k79_65504	0
k79_89776	2118
k79_41741	0
k79_77792	0
k79_17232	2882
k79_89789	0
k79_29453	1586
k79_41754	454
k79_77793	2455
k79_5353	0
k79_89801	1586
k79_77794	2759
k79_5356	2118
k79_29461	0
k79_77800	1586
k79_17263	1185
k79_77808	0
k79_29478	965
k79_89838	2419
k79_77819	0
k79_29495	1586
k79_65576	0
k79_5394	0
k79_29501	1185
k79_89851	1020
k79_41773	2455
k79_29507	0
k79_89854	1586
k79_17322	0
k79_29520	1185
k79_53810	2455
k79_77821	1390
k79_89858	1020
k79_29534	965
k79_41820	2882
k79_29539	454
k79_65640	0
k79_5464	2882
k79_17352	1586
k79_89880	0
k79_77852	0
k79_89883	0
k79_5469	0
k79_65647	1586
k79_53847	2882
k79_29557	454
k79_41846	965
k79_29562	1586
k79_5476	2882
k79_89906	1586
k79_41856	2882
k79_17354	1020
k79_29564	0
k79_89908	0
k79_65667	2766
k79_29567	1586
k79_77897	0
k79_65670	1586
k79_17365	2882
k79_77899	2882
k79_53851	2455
k79_29579	939
k79_89930	0
k79_5497	1390
k79_65684	1586
k79_89935	4109
k79_77903	1586
k79_29585	1586
k79_53858	1586
k79_17391	1586
k79_29588	1586
k79_41911	1586
k79_65701	1586
k79_5524	1020
k79_17405	2455
k79_65715	939
k79_89977	2766
k79_5530	2759
k79_77952	2759
k79_17406	1020
k79_29621	2419
k79_65731	0
k79_41942	1020
k79_17414	1586
k79_5539	0
k79_17417	1586
k79_29631	1586
k79_53918	0
k79_77967	2759
k79_90003	2882
k79_17420	2882
k79_65750	1586
k79_29632	0
k79_77973	0
k79_5550	454
k79_41970	2419
k79_90009	1586
k79_17421	1586
k79_77985	2882
k79_65769	0
k79_5575	1586
k79_90018	2882
k79_77994	2126
k79_41989	2882
k79_65776	1586
k79_29660	0
k79_53957	1586
k79_5584	454
k79_29662	1586
k79_90034	965
k79_5589	1586
k79_90039	1586
k79_5598	1586
k79_42021	1586
k79_53991	0
k79_29666	1020
k79_53998	454
k79_90055	0
k79_78052	0
k79_17489	2882
k79_90060	1586
k79_54000	4109
k79_5602	0
k79_78053	1020
k79_17500	1586
k79_90066	1185
k79_54017	1020
k79_54020	454
k79_5612	2766
k79_78072	1586
k79_90080	1586
k79_42027	1020
k79_65817	0
k79_54039	2759
k79_78079	0
k79_42036	2118
k79_29688	2882
k79_5625	2126
k79_65830	2419
k79_78087	2455
k79_29690	0
k79_5634	454
k79_54056	1020
k79_65849	1586
k79_17585	1586
k79_78105	1586
k79_29705	1586
k79_42063	0
k79_42066	0
k79_29717	2882
k79_29722	1586
k79_42074	1586
k79_65887	0
k79_5665	1586
k79_42076	1586
k79_78125	2882
k79_5666	4109
k79_17624	1586
k79_90090	2455
k79_42082	2126
k79_65898	0
k79_17630	1586
k79_54113	1586
k79_65905	0
k79_42097	0
k79_5685	939
k79_78151	2455
k79_65924	0
k79_42102	0
k79_90114	1020
k79_29748	1020
k79_42118	0
k79_90121	0
k79_78170	0
k79_65946	0
k79_54161	0
k79_29755	1586
k79_65956	2126
k79_17698	1586
k79_29770	1586
k79_42148	0
k79_65964	1586
k79_54185	1586
k79_54190	1586
k79_17717	1020
k79_90162	1586
k79_65970	2455
k79_42171	454
k79_54198	2759
k79_65976	1586
k79_90166	0
k79_65977	1185
k79_42180	1586
k79_90168	1586
k79_29805	0
k79_54211	0
k79_90177	0
k79_54218	1020
k79_78242	1586
k79_90186	0
k79_17749	1586
k79_42203	0
k79_54229	2882
k79_17764	1185
k79_66024	454
k79_54230	1185
k79_42208	1586
k79_17771	2419
k79_5702	2455
k79_29828	2882
k79_42218	0
k79_54244	0
k79_5705	1185
k79_17779	2766
k79_66036	2882
k79_29830	939
k79_54246	965
k79_42226	1586
k79_54253	0
k79_90255	2882
k79_78312	1020
k79_5731	0
k79_29866	1586
k79_90272	2118
k79_17818	2419
k79_42234	965
k79_54273	1586
k79_5749	2882
k79_29870	1020
k79_5759	1185
k79_90286	2766
k79_42253	454
k79_17842	0
k79_90287	454
k79_29878	1586
k79_5764	1020
k79_17857	1586
k79_66076	1020
k79_5781	0
k79_90312	454
k79_5783	1185
k79_78384	1586
k79_54339	1586
k79_17874	4109
k79_66103	1185
k79_17879	2759
k79_42312	2419
k79_78404	0
k79_90336	2882
k79_5803	1586
k79_66108	4109
k79_17897	454
k79_54353	2766
k79_42326	454
k79_78417	1586
k79_17903	2882
k79_78418	2419
k79_29935	1020
k79_42334	1586
k79_66139	0
k79_5842	2882
k79_29938	0
k79_42337	454
k79_66162	1586
k79_90391	0
k79_5852	1185
k79_78447	1586
k79_29949	1586
k79_42345	1586
k79_66165	1586
k79_54386	1185
k79_29951	0
k79_90395	1586
k79_78455	0
k79_78456	2419
k79_29956	1586
k79_54397	2419
k79_42358	2882
k79_5872	454
k79_66179	2485
k79_78464	2882
k79_17970	0
k79_29972	965
k79_78465	2882
k79_66183	2419
k79_17971	0
k79_42378	2126
k79_54413	454
k79_66188	1586
k79_42387	1586
k79_66195	0
k79_90429	0
k79_54422	0
k79_5912	0
k79_42393	0
k79_42398	1185
k79_66201	0
k79_18007	2882
k79_5920	1185
k79_78508	2882
k79_42400	0
k79_90457	965
k79_18009	1020
k79_30032	2882
k79_90462	0
k79_5949	0
k79_30040	0
k79_90466	0
k79_5950	0
k79_18018	1185
k79_66224	2485
k79_42427	0
k79_42431	0
k79_18027	939
k79_30048	1586
k79_54490	454
k79_18031	0
k79_78566	1586
k79_30050	1586
k79_78572	0
k79_18036	1586
k79_54509	1586
k79_30060	1586
k79_78579	1020
k79_30062	0
k79_18046	0
k79_5978	1586
k79_54520	2759
k79_30069	0
k79_78590	2759
k79_54522	0
k79_30073	1586
k79_18052	1020
k79_78593	2882
k79_5991	1586
k79_30080	0
k79_54537	2882
k79_54538	454
k79_90549	0
k79_66231	1020
k79_78614	2126
k79_90553	1586
k79_42441	0
k79_78621	1586
k79_90567	2882
k79_30119	2759
k79_42455	0
k79_66236	1020
k79_6040	2419
k79_78640	1586
k79_54595	2759
k79_66248	0
k79_78651	0
k79_54600	2419
k79_30156	0
k79_90601	1185
k79_66272	1586
k79_78688	1586
k79_30171	0
k79_90612	0
k79_18189	1586
k79_66295	1586
k79_6118	965
k79_30190	1586
k79_90626	454
k79_6123	2882
k79_54664	0
k79_42531	454
k79_78723	2882
k79_90641	1586
k79_54671	2882
k79_42541	1586
k79_18209	1020
k79_6144	1586
k79_42543	0
k79_54687	1586
k79_18225	1020
k79_66339	0
k79_54693	1185
k79_66343	2118
k79_90679	1586
k79_6175	1586
k79_6178	0
k79_18260	0
k79_54722	2455
k79_42596	1586
k79_42600	0
k79_78799	0
k79_6202	2882
k79_66366	1185
k79_54736	0
k79_90715	1586
k79_18285	2419
k79_42607	2419
k79_54740	454
k79_78805	1586
k79_30205	2455
k79_42610	1586
k79_6225	1185
k79_54744	454
k79_30211	1586
k79_18301	2118
k79_66406	2419
k79_42619	1586
k79_54750	0
k79_66408	1586
k79_78831	1020
k79_54755	965
k79_66414	1586
k79_42629	1586
k79_30240	1020
k79_18323	0
k79_90759	1020
k79_18324	1586
k79_42642	2419
k79_90765	2759
k79_18329	2759
k79_78862	1586
k79_30251	0
k79_42648	1185
k79_54765	1586
k79_30253	2759
k79_78869	2126
k79_54768	454
k79_90786	1185
k79_6247	1020
k79_78870	4109
k79_42666	0
k79_6254	1586
k79_78875	1586
k79_42667	1586
k79_30275	2485
k79_54781	454
k79_18366	1586
k79_54782	0
k79_66466	2419
k79_78884	1586
k79_90811	0
k79_66470	1020
k79_90815	0
k79_30303	2882
k79_6272	2882
k79_18392	2759
k79_78889	1020
k79_6278	0
k79_66484	0
k79_30304	1586
k79_6279	0
k79_42705	1586
k79_18402	2882
k79_90830	1586
k79_54799	1020
k79_18405	1586
k79_66500	2126
k79_54807	1586
k79_66501	1586
k79_42726	2419
k79_90834	2419
k79_18420	0
k79_66505	1185
k79_30313	2882
k79_66512	2882
k79_54828	0
k79_6321	1586
k79_90843	0
k79_54833	1586
k79_78917	0
k79_18444	1586
k79_30324	2882
k79_78919	0
k79_90849	1586
k79_18449	0
k79_30325	1586
k79_6334	2759
k79_78928	2759
k79_18453	2419
k79_6342	1586
k79_42775	1586
k79_30339	1586
k79_54858	1586
k79_6348	1586
k79_78942	1185
k79_30344	0
k79_90878	1185
k79_42785	0
k79_78946	454
k79_66558	2419
k79_30346	0
k79_78949	2118
k79_54872	1586
k79_30352	1185
k79_66572	2126
k79_78953	1586
k79_18490	1586
k79_6377	965
k79_90901	2419
k79_66573	1586
k79_18493	1586
k79_66577	0
k79_78963	0
k79_90913	1586
k79_54893	1586
k79_66580	0
k79_6381	1020
k79_18506	0
k79_78973	0
k79_30389	1586
k79_42828	1586
k79_90930	2766
k79_66599	1586
k79_90934	454
k79_54936	965
k79_90940	1586
k79_30417	2455
k79_66619	0
k79_18554	2882
k79_6429	1586
k79_18556	1586
k79_30418	2882
k79_66628	1586
k79_18558	1586
k79_42886	1185
k79_79018	939
k79_90959	0
k79_30430	1586
k79_90960	1586
k79_18571	1586
k79_42902	2126
k79_54952	0
k79_90966	965
k79_18576	0
k79_42920	2759
k79_66664	0
k79_90973	2882
k79_79046	2419
k79_18583	1586
k79_54966	0
k79_79047	2759
k79_90986	0
k79_30472	1586
k79_6486	2882
k79_54974	0
k79_79058	2485
k79_6496	1586
k79_30488	1185
k79_18584	2455
k79_54990	0
k79_91004	0
k79_66701	0
k79_30492	1185
k79_18587	1586
k79_42980	0
k79_79080	0
k79_18597	2766
k79_42994	1586
k79_18600	1586
k79_6521	1185
k79_6525	2882
k79_91028	0
k79_66735	2759
k79_55001	1020
k79_6534	2759
k79_79108	1586
k79_66740	1586
k79_30526	2419
k79_30528	1586
k79_6538	2882
k79_66744	2419
k79_55009	1020
k79_91055	965
k79_30543	1586
k79_18654	1586
k79_43045	0
k79_79131	1020
k79_30551	0
k79_18662	1586
k79_43049	1586
k79_30553	2759
k79_66755	1020
k79_79135	2759
k79_43053	1586
k79_79137	0
k79_6549	1020
k79_66765	2126
k79_30566	1586
k79_18685	0
k79_55057	1586
k79_43061	454
k79_79154	0
k79_6569	1586
k79_30580	0
k79_55063	0
k79_30590	1586
k79_55082	1020
k79_79161	2759
k79_43090	0
k79_91123	2759
k79_18690	2455
k79_30592	1185
k79_79169	1185
k79_18691	965
k79_6603	1020
k79_30614	0
k79_43112	1586
k79_91124	2882
k79_18706	0
k79_30620	0
k79_6609	1586
k79_66833	0
k79_43118	2882
k79_91132	965
k79_55110	1020
k79_79195	2759
k79_6612	2419
k79_43127	0
k79_18715	1586
k79_91154	2126
k79_66849	0
k79_30635	1185
k79_6625	0
k79_66853	0
k79_43144	454
k79_30644	454
k79_6647	1586
k79_6650	1586
k79_91191	2882
k79_55154	2485
k79_79268	0
k79_30671	0
k79_43173	454
k79_79273	1185
k79_66881	1586
k79_18718	2455
k79_66883	1586
k79_91204	0
k79_6666	1586
k79_79277	1390
k79_6670	1586
k79_30682	1020
k79_79282	0
k79_91210	1586
k79_91211	965
k79_66906	0
k79_30698	1586
k79_79286	2882
k79_6689	1586
k79_18765	2419
k79_43226	2118
k79_30708	0
k79_66918	2766
k79_91232	1586
k79_79297	1586
k79_91236	1185
k79_18767	0
k79_18776	1185
k79_79321	2882
k79_6706	0
k79_30734	2126
k79_91255	1586
k79_55274	965
k79_43251	454
k79_30742	0
k79_66931	1586
k79_91258	0
k79_55279	1586
k79_79337	1586
k79_43265	0
k79_91266	0
k79_18787	965
k79_43274	1586
k79_79348	2766
k79_91272	1586
k79_79352	1586
k79_43292	965
k79_30745	0
k79_55307	1586
k79_6767	2882
k79_66972	0
k79_79366	1586
k79_55315	1020
k79_43302	2882
k79_6771	2882
k79_30753	2759
k79_91281	2485
k79_91288	1185
k79_79376	1586
k79_6782	454
k79_66989	965
k79_6784	1020
k79_79388	2759
k79_55341	2882
k79_18817	1020
k79_55348	939
k79_18828	1586
k79_6801	2882
k79_43336	2882
k79_79406	1020
k79_67009	2759
k79_55365	1586
k79_79412	1020
k79_30800	0
k79_67013	939
k79_6813	2419
k79_43351	0
k79_79417	0
k79_91330	0
k79_18854	1020
k79_6814	2882
k79_55387	1586
k79_30818	1185
k79_6819	0
k79_67040	1586
k79_91348	0
k79_43366	2882
k79_30829	0
k79_18873	1586
k79_67045	0
k79_79446	4109
k79_43377	0
k79_6831	1586
k79_43378	0
k79_79451	1586
k79_67052	0
k79_18893	0
k79_67054	1586
k79_55419	454
k79_6836	1020
k79_55428	0
k79_67067	1185
k79_79452	2455
k79_91393	0
k79_30834	1020
k79_43393	2455
k79_55439	1185
k79_18926	1586
k79_79466	2766
k79_6870	0
k79_30845	1020
k79_43402	2419
k79_55441	1586
k79_6879	2882
k79_55444	0
k79_30855	1185
k79_18958	1586
k79_91438	454
k79_30868	2455
k79_6901	1586
k79_55467	0
k79_67125	2882
k79_79505	1185
k79_18970	1586
k79_6904	2759
k79_79509	1586
k79_43455	0
k79_18980	1586
k79_67133	2419
k79_6924	1586
k79_55493	1586
k79_18984	1586
k79_79532	2766
k79_67151	1586
k79_43461	0
k79_79534	1586
k79_91484	2759
k79_19003	1586
k79_55515	939
k79_79543	454
k79_6940	2419
k79_55516	1586
k79_30940	0
k79_67157	1020
k79_6949	2419
k79_67158	2419
k79_19015	1586
k79_55525	1020
k79_79547	1020
k79_91514	2759
k79_19026	1586
k79_55532	939
k79_43490	0
k79_30949	1020
k79_30955	1586
k79_55550	2759
k79_43509	1586
k79_91546	1586
k79_67196	2419
k79_7006	965
k79_30975	1586
k79_19060	2419
k79_91554	0
k79_79582	2882
k79_30976	0
k79_43526	939
k79_19066	1586
k79_79591	939
k79_67204	0
k79_43551	0
k79_67207	2882
k79_19090	965
k79_43552	454
k79_67211	965
k79_31015	0
k79_55623	2419
k79_43557	1185
k79_19103	2882
k79_91602	0
k79_67227	0
k79_43562	2419
k79_55629	0
k79_67234	1586
k79_7080	1586
k79_19117	1586
k79_67239	1586
k79_43582	2419
k79_7086	2118
k79_31045	1185
k79_19123	0
k79_67243	939
k79_91604	2455
k79_55644	1020
k79_91610	0
k79_55646	1586
k79_55649	939
k79_91615	2419
k79_43597	1020
k79_67259	2759
k79_31076	0
k79_19150	1586
k79_79700	2126
k79_79704	454
k79_19156	2759
k79_43605	1586
k79_31087	1586
k79_55657	2882
k79_7133	2759
k79_19160	2759
k79_55660	1586
k79_79710	2882
k79_19161	1586
k79_31100	0
k79_43617	1586
k79_19167	1586
k79_67293	1586
k79_43620	1586
k79_31121	2882
k79_91621	0
k79_31126	2118
k79_67322	1586
k79_19201	0
k79_31129	1586
k79_79759	4109
k79_31139	2126
k79_79763	2118
k79_55695	1020
k79_43653	1586
k79_67338	1586
k79_55696	2419
k79_79774	1586
k79_91662	1185
k79_7199	2455
k79_43673	1586
k79_19238	1586
k79_91666	0
k79_31170	2759
k79_7205	0
k79_91674	1185
k79_31175	1586
k79_31177	0
k79_79814	1586
k79_31181	1586
k79_91681	2882
k79_31182	2882
k79_31185	2882
k79_91690	0
k79_31187	0
k79_67392	0
k79_67393	1586
k79_55777	0
k79_7257	454
k79_91713	1020
k79_31202	2118
k79_55781	2882
k79_91723	0
k79_19311	0
k79_79853	1020
k79_67414	1390
k79_19316	1185
k79_43774	2882
k79_55790	1586
k79_43777	1020
k79_79860	2882
k79_19323	939
k79_7294	0
k79_67423	1586
k79_43781	1185
k79_55803	0
k79_19329	2882
k79_31228	1185
k79_91743	1020
k79_67429	1586
k79_31235	0
k79_7300	1020
k79_31236	965
k79_7309	1586
k79_19351	1586
k79_31240	1020
k79_67448	1586
k79_7315	2882
k79_43814	1586
k79_31244	2882
k79_79910	2759
k79_43821	0
k79_7328	1020
k79_67472	1586
k79_43830	2882
k79_19373	1020
k79_55874	2882
k79_31256	0
k79_91761	965
k79_67478	454
k79_19379	1586
k79_31259	4109
k79_55879	2882
k79_79942	1185
k79_43843	1586
k79_91772	2759
k79_79950	1586
k79_19388	1020
k79_91788	0
k79_7373	1020
k79_31281	1020
k79_91789	1586
k79_7374	2126
k79_79952	2882
k79_43880	2882
k79_19398	1185
k79_91791	1185
k79_55912	1586
k79_79953	1586
k79_67528	1586
k79_7393	2419
k79_43888	2419
k79_55935	1586
k79_67539	1586
k79_31298	1020
k79_55936	965
k79_79967	2882
k79_31305	1586
k79_67548	2759
k79_19431	1020
k79_19434	0
k79_43923	1586
k79_67557	1586
k79_91848	1586
k79_19440	0
k79_91849	1586
k79_43934	1586
k79_43935	1586
k79_7456	2766
k79_55979	0
k79_79976	2455
k79_31333	2455
k79_55981	2882
k79_79980	1586
k79_43944	1020
k79_19471	0
k79_55991	2126
k79_91893	0
k79_79996	2882
k79_55992	1586
k79_55994	1586
k79_19496	1185
k79_31375	1185
k79_43973	2118
k79_55999	1586
k79_43974	1586
k79_31382	0
k79_91927	1586
k79_67656	0
k79_56013	1586
k79_31397	0
k79_44000	1586
k79_56018	2759
k79_56021	454
k79_19512	965
k79_91945	2759
k79_31411	2882
k79_67685	0
k79_44008	1586
k79_7538	1020
k79_67692	1020
k79_67695	1586
k79_7539	1020
k79_91962	1185
k79_56050	0
k79_31426	2759
k79_44030	1020
k79_80091	2882
k79_19547	1586
k79_44038	454
k79_19555	2759
k79_80098	0
k79_44039	1020
k79_7567	0
k79_91989	0
k79_44048	1586
k79_56082	0
k79_7587	1586
k79_80128	1185
k79_67734	2882
k79_44079	1586
k79_56106	0
k79_19586	454
k79_67743	2759
k79_7600	2419
k79_44082	2766
k79_92037	1586
k79_80131	0
k79_67751	1586
k79_7610	0
k79_19606	0
k79_92039	1020
k79_67758	1586
k79_31511	1586
k79_92042	0
k79_44106	454
k79_67764	1586
k79_92047	1586
k79_56159	2882
k79_19612	454
k79_80188	1586
k79_56166	2882
k79_92053	2882
k79_44133	1586
k79_56169	0
k79_44134	0
k79_80202	0
k79_31536	2455
k79_7651	0
k79_80211	1020
k79_19645	1020
k79_7664	1586
k79_31548	454
k79_19656	2126
k79_7665	1586
k79_92080	2419
k79_19663	1586
k79_31564	454
k79_92085	965
k79_44172	454
k79_67768	0
k79_56223	1185
k79_31577	1586
k79_67777	1586
k79_92107	0
k79_44196	0
k79_31589	1586
k79_80251	1586
k79_7706	1586
k79_67784	939
k79_7709	965
k79_19717	965
k79_56250	2419
k79_31597	2882
k79_19721	454
k79_92138	0
k79_44220	1586
k79_31609	2882
k79_7732	454
k79_44223	454
k79_80287	1586
k79_44227	2118
k79_7740	0
k79_92171	1586
k79_31621	1020
k79_67841	1586
k79_80310	1185
k79_67844	1185
k79_80317	1586
k79_56317	1586
k79_19767	965
k79_56318	454
k79_31639	1185
k79_7772	2882
k79_67867	2759
k79_44274	1586
k79_92193	1020
k79_7779	2419
k79_80341	0
k79_80346	2126
k79_19803	2118
k79_92209	1586
k79_7787	2455
k79_19805	939
k79_31669	1020
k79_56351	0
k79_56355	2882
k79_44303	0
k79_67908	454
k79_31677	2766
k79_7810	1586
k79_19826	0
k79_92239	1586
k79_31679	1586
k79_92241	2126
k79_56377	1586
k79_67937	2118
k79_7830	2118
k79_44327	2766
k79_80347	1020
k79_19854	1586
k79_80351	1586
k79_31711	454
k79_19862	1185
k79_67964	2118
k79_7851	2419
k79_56406	2882
k79_19863	939
k79_31720	0
k79_67974	0
k79_7858	0
k79_44353	965
k79_19869	0
k79_7862	939
k79_56422	1586
k79_31731	2118
k79_44359	2126
k79_19877	2882
k79_80400	1586
k79_31738	0
k79_92323	1586
k79_44375	1020
k79_7875	2882
k79_19896	0
k79_80415	0
k79_44382	0
k79_68009	1185
k79_31757	939
k79_7890	1586
k79_56462	1586
k79_31758	1586
k79_92334	2455
k79_31776	1020
k79_80444	454
k79_56477	454
k79_19931	0
k79_68010	1390
k79_19938	454
k79_44427	0
k79_68017	1586
k79_31792	1586
k79_44428	0
k79_56490	0
k79_92364	1586
k79_80473	0
k79_68022	2759
k79_19950	2126
k79_92372	2485
k79_68032	454
k79_19955	965
k79_7956	0
k79_31813	1586
k79_80505	1020
k79_7963	1185
k79_56532	2419
k79_44459	1586
k79_68064	2419
k79_92403	0
k79_68065	1586
k79_44460	1586
k79_68066	0
k79_56535	4109
k79_31841	0
k79_92409	1020
k79_7980	0
k79_20004	0
k79_56542	454
k79_68073	0
k79_80533	0
k79_44495	2419
k79_7991	1586
k79_92426	0
k79_31865	1185
k79_56558	2419
k79_20026	1586
k79_44512	2882
k79_8018	0
k79_92449	1020
k79_44518	2126
k79_80556	1586
k79_56585	454
k79_68116	1586
k79_44525	1586
k79_92466	0
k79_8040	0
k79_44526	1586
k79_31918	0
k79_68121	2882
k79_92467	1586
k79_20078	1020
k79_44539	2882
k79_31930	1586
k79_56606	1586
k79_44544	2419
k79_31932	2882
k79_92483	2419
k79_56616	1586
k79_20093	0
k79_92486	1586
k79_8077	1586
k79_68142	2419
k79_80587	1020
k79_56623	0
k79_44558	454
k79_56633	2419
k79_80598	0
k79_8100	2759
k79_68164	1586
k79_56634	0
k79_44573	0
k79_92520	2485
k79_8104	0
k79_68172	2126
k79_31948	2766
k79_80634	0
k79_20123	1586
k79_80638	939
k79_56654	1020
k79_92548	0
k79_68188	939
k79_80645	1586
k79_20127	1020
k79_44601	2419
k79_44602	0
k79_56661	1185
k79_20130	1185
k79_92555	454
k79_68195	1586
k79_44608	1586
k79_68200	4109
k79_80649	1586
k79_8155	1586
k79_56679	2882
k79_20148	2126
k79_56684	0
k79_68218	0
k79_44619	2419
k79_68220	2766
k79_32000	1020
k79_56691	2766
k79_8175	1586
k79_92597	1586
k79_80671	1020
k79_68240	1586
k79_8186	1586
k79_92602	0
k79_44652	2419
k79_32023	2126
k79_80694	0
k79_44660	0
k79_32032	2882
k79_20201	1586
k79_92630	939
k79_32050	4109
k79_68262	1020
k79_80708	1586
k79_44679	454
k79_92648	0
k79_20229	1020
k79_32074	0
k79_56698	0
k79_80749	2126
k79_8187	1020
k79_32079	2882
k79_44711	965
k79_92677	1586
k79_56714	1020
k79_80760	0
k79_92680	0
k79_44712	1586
k79_56730	2882
k79_44720	0
k79_8210	2759
k79_68318	965
k79_80765	1020
k79_80768	965
k79_20285	0
k79_44733	0
k79_92720	1586
k79_20299	1586
k79_80779	0
k79_68338	0
k79_80785	0
k79_8223	1020
k79_32143	0
k79_56781	0
k79_44764	1586
k79_56783	1020
k79_32157	1020
k79_56791	1185
k79_80807	1020
k79_44783	2759
k79_32160	0
k79_20350	2882
k79_44786	965
k79_92736	2455
k79_92738	0
k79_8244	1020
k79_8246	1185
k79_32175	0
k79_56821	2759
k79_8251	1586
k79_44819	1586
k79_20385	1020
k79_8253	0
k79_92772	0
k79_80864	2118
k79_44834	0
k79_56849	2759
k79_92781	1586
k79_68441	454
k79_44841	1586
k79_92788	0
k79_56859	0
k79_32215	939
k79_68447	2419
k79_20407	1586
k79_92792	1020
k79_80892	2759
k79_44848	2759
k79_68448	0
k79_8286	0
k79_80898	1586
k79_20410	1586
k79_68452	1185
k79_32238	0
k79_20413	1185
k79_80907	1586
k79_32240	2882
k79_44870	2419
k79_92813	1185
k79_32250	1586
k79_8305	1586
k79_92814	1185
k79_32251	0
k79_92826	0
k79_80926	0
k79_44885	1586
k79_56899	2882
k79_80929	1586
k79_44895	2759
k79_56904	1185
k79_8330	1185
k79_20442	1020
k79_80940	0
k79_92833	2882
k79_44900	965
k79_92838	0
k79_80946	0
k79_68518	2882
k79_44911	2882
k79_20456	1586
k79_8351	0
k79_92845	1586
k79_68525	1020
k79_56935	454
k79_32308	454
k79_8374	1586
k79_68535	1586
k79_56940	965
k79_8380	2759
k79_68550	2882
k79_32325	1020
k79_56942	965
k79_92873	2759
k79_44975	2419
k79_8401	1020
k79_68576	0
k79_8404	2455
k79_92896	0
k79_81028	0
k79_44986	939
k79_32330	1020
k79_8410	1586
k79_56982	2766
k79_44993	2882
k79_32342	2759
k79_92921	1586
k79_20458	2455
k79_20464	1586
k79_45007	1586
k79_81048	2455
k79_57005	2882
k79_20475	0
k79_32356	1586
k79_68618	0
k79_20479	454
k79_45012	1586
k79_8427	2882
k79_81067	1586
k79_20480	0
k79_68630	454
k79_92952	2419
k79_32371	1185
k79_68631	1586
k79_8432	2455
k79_81079	0
k79_68634	2126
k79_32375	1586
k79_92966	2126
k79_20514	0
k79_32386	454
k79_81097	965
k79_8449	965
k79_68648	2882
k79_32390	0
k79_20525	1020
k79_45068	1586
k79_32404	0
k79_93001	1586
k79_68669	1586
k79_93007	1586
k79_20546	0
k79_45088	2882
k79_57074	2455
k79_8462	1020
k79_68703	1586
k79_93038	1586
k79_57081	2419
k79_45101	1586
k79_81145	1020
k79_8491	0
k79_93058	0
k79_20590	1020
k79_81153	0
k79_45126	2759
k79_45130	1586
k79_68738	1586
k79_93070	1586
k79_81161	1586
k79_68742	1586
k79_20593	1020
k79_57134	0
k79_93085	2759
k79_20602	1185
k79_81175	0
k79_68755	939
k79_20611	0
k79_57144	2882
k79_32510	2882
k79_57151	1586
k79_93114	1586
k79_68770	965
k79_20621	0
k79_93117	0
k79_81217	2759
k79_20637	939
k79_45212	2759
k79_20639	1586
k79_32531	0
k79_57153	2455
k79_57159	965
k79_8513	1390
k79_45213	1586
k79_57164	0
k79_32550	2882
k79_8520	1020
k79_68793	0
k79_8521	454
k79_20659	1185
k79_45234	1586
k79_57184	0
k79_68799	0
k79_8528	2419
k79_81276	4109
k79_20661	0
k79_93145	0
k79_45237	1020
k79_57194	0
k79_81285	1020
k79_32573	1586
k79_68801	0
k79_81286	1586
k79_8545	0
k79_57215	2759
k79_20685	0
k79_68817	1185
k79_45260	0
k79_81287	1020
k79_8561	0
k79_57217	0
k79_81293	2118
k79_93186	2882
k79_8564	1586
k79_45266	0
k79_20700	0
k79_8567	2759
k79_68837	0
k79_81302	1586
k79_20702	1586
k79_8569	1586
k79_32610	1586
k79_93207	0
k79_81306	2419
k79_20707	0
k79_81314	0
k79_45297	0
k79_20717	2126
k79_32611	0
k79_93217	2882
k79_68864	1586
k79_20720	1586
k79_93223	1586
k79_81327	2118
k79_81332	1020
k79_32615	2766
k79_68875	965
k79_93234	0
k79_68879	1586
k79_32626	2759
k79_81343	1020
k79_68887	0
k79_57316	0
k79_45361	1586
k79_20782	0
k79_45369	965
k79_81362	1586
k79_68909	1586
k79_20799	0
k79_45379	1020
k79_32670	0
k79_81382	1586
k79_68917	2882
k79_32673	454
k79_57374	1586
k79_8702	0
k79_8706	1586
k79_20836	1185
k79_45392	1020
k79_32683	1020
k79_81408	2759
k79_81409	0
k79_57404	2419
k79_81412	939
k79_57414	1586
k79_81422	0
k79_20872	2419
k79_32714	0
k79_45424	0
k79_8719	2455
k79_81432	1586
k79_45444	2882
k79_57432	454
k79_69004	1185
k79_93240	2455
k79_32748	0
k79_32756	1586
k79_93245	0
k79_57452	0
k79_69031	1586
k79_45472	1020
k79_57462	1586
k79_81475	1586
k79_93269	1586
k79_32787	0
k79_20948	0
k79_8780	1020
k79_32793	1586
k79_20957	1586
k79_32799	2766
k79_32806	2118
k79_8814	4109
k79_93314	1586
k79_57518	0
k79_45529	0
k79_93322	1586
k79_8828	2126
k79_69117	1586
k79_81476	2455
k79_21011	2766
k79_32834	1586
k79_45550	1586
k79_57540	2882
k79_8847	0
k79_93346	939
k79_32840	0
k79_93354	0
k79_69141	454
k79_8863	965
k79_81508	0
k79_21044	1586
k79_57564	1020
k79_93366	1586
k79_8865	1586
k79_69142	2759
k79_32855	4109
k79_57575	454
k79_32865	1586
k79_93382	1586
k79_81529	1586
k79_93388	939
k79_21071	0
k79_32871	1586
k79_69146	0
k79_8890	1586
k79_81538	2485
k79_93396	1586
k79_57598	2419
k79_21079	1020
k79_81547	2759
k79_69160	1586
k79_57604	1586
k79_8910	1586
k79_81550	1586
k79_93412	1586
k79_32901	1586
k79_45642	1586
k79_57614	1586
k79_69168	2485
k79_45643	0
k79_21099	1020
k79_81562	0
k79_8937	0
k79_45651	1586
k79_81570	1586
k79_8944	1586
k79_45660	0
k79_69201	0
k79_32925	1586
k79_57646	1586
k79_8949	0
k79_93447	1020
k79_45668	0
k79_69208	0
k79_32938	1586
k79_93453	0
k79_45680	1586
k79_69219	2126
k79_81613	454
k79_8951	1020
k79_93456	2485
k79_45687	1586
k79_32953	2419
k79_21150	1020
k79_81617	1185
k79_8955	1586
k79_32967	0
k79_57671	2455
k79_8968	1586
k79_93487	1020
k79_81638	2882
k79_69260	0
k79_32973	0
k79_81643	2759
k79_93496	0
k79_57706	2118
k79_81657	0
k79_21211	0
k79_69300	1586
k79_93519	0
k79_9022	965
k79_9023	939
k79_33000	2759
k79_45763	2419
k79_33010	1586
k79_93541	2759
k79_57747	2419
k79_69321	2419
k79_21226	2455
k79_9043	0
k79_93544	2419
k79_33016	1586
k79_69323	1586
k79_45778	2882
k79_93545	1020
k79_9044	1185
k79_69331	0
k79_45784	1586
k79_21238	965
k79_81739	2759
k79_69340	1586
k79_21253	0
k79_33046	1586
k79_9064	1586
k79_69342	1586
k79_57791	1185
k79_69344	4109
k79_21259	2419
k79_33057	1185
k79_69350	2126
k79_57793	1020
k79_9086	1586
k79_33064	0
k79_21272	1586
k79_69366	0
k79_69368	0
k79_9109	0
k79_33079	2882
k79_45865	1185
k79_93637	0
k79_33083	1586
k79_21281	0
k79_9110	2455
k79_33085	1020
k79_57824	0
k79_21288	1586
k79_45882	2759
k79_93652	454
k79_45884	1586
k79_33097	939
k79_21298	1586
k79_33098	0
k79_81844	1586
k79_69406	1586
k79_93662	0
k79_9115	2882
k79_81845	0
k79_93663	0
k79_21322	2882
k79_33112	454
k79_45901	1586
k79_69434	0
k79_45903	0
k79_93683	1586
k79_9141	0
k79_81871	1586
k79_21344	2759
k79_33136	0
k79_81876	0
k79_45912	965
k79_33137	1586
k79_81881	2882
k79_57921	1185
k79_81888	454
k79_93720	0
k79_21370	1586
k79_93729	1586
k79_45938	454
k79_9184	2882
k79_33176	2759
k79_93742	0
k79_57930	1020
k79_69506	939
k79_45953	1586
k79_57931	1586
k79_93746	1586
k79_81933	1586
k79_45962	1020
k79_57937	1586
k79_81935	1185
k79_9214	1586
k79_69514	0
k79_21430	2118
k79_81936	2485
k79_33196	965
k79_93760	0
k79_21433	965
k79_69536	2118
k79_9236	1586
k79_21435	0
k79_81949	1586
k79_69538	1586
k79_21438	2126
k79_9245	2118
k79_81963	2759
k79_93782	0
k79_57984	0
k79_21456	939
k79_46015	0
k79_33254	0
k79_9261	1586
k79_21462	1020
k79_46029	2759
k79_93793	939
k79_33266	1586
k79_9269	1586
k79_21474	2882
k79_33276	2882
k79_69589	1586
k79_21481	0
k79_9277	1586
k79_69594	1586
k79_93826	939
k79_82019	2882
k79_58044	1586
k79_46030	1020
k79_9286	2118
k79_33298	1586
k79_93834	1586
k79_21498	2766
k79_9291	1020
k79_46036	2766
k79_33306	1586
k79_58058	2126
k79_9307	2759
k79_69643	0
k79_21509	939
k79_58062	1586
k79_33312	1020
k79_93841	2882
k79_33313	965
k79_46056	1586
k79_9327	0
k79_69660	2419
k79_21534	0
k79_33316	1185
k79_82048	1020
k79_33319	1586
k79_9341	1586
k79_93850	2882
k79_9342	2882
k79_82056	0
k79_9347	2126
k79_82057	939
k79_93863	4109
k79_46087	965
k79_69681	1586
k79_93870	1586
k79_69689	939
k79_82068	939
k79_46096	1586
k79_21565	1185
k79_58137	2759
k79_82076	939
k79_46101	1586
k79_69697	1586
k79_21570	1185
k79_9369	1586
k79_21572	0
k79_9371	2882
k79_58168	2126
k79_69721	1586
k79_69724	1586
k79_9374	1586
k79_21589	1586
k79_33369	1020
k79_58190	965
k79_21597	1586
k79_82105	1020
k79_9384	2766
k79_46141	2882
k79_93928	0
k79_33382	0
k79_93929	1586
k79_9398	0
k79_21615	1185
k79_82119	454
k79_58223	1020
k79_33420	1586
k79_69774	1586
k79_93965	454
k79_46186	0
k79_46190	1586
k79_69788	939
k79_82155	1020
k79_9409	1020
k79_21644	2882
k79_93976	454
k79_58252	0
k79_33449	0
k79_82158	965
k79_21654	0
k79_46211	0
k79_93987	1586
k79_33454	1020
k79_93989	0
k79_46216	2882
k79_69821	939
k79_82189	1586
k79_58288	0
k79_94004	1020
k79_9424	0
k79_69832	1586
k79_82199	0
k79_69834	1586
k79_9437	2882
k79_94022	1586
k79_21659	1020
k79_9450	965
k79_58328	1586
k79_33517	1586
k79_46266	939
k79_82235	1586
k79_9460	1586
k79_58336	2126
k79_21678	1020
k79_46279	2419
k79_9475	0
k79_21680	2766
k79_58362	454
k79_94030	1020
k79_21686	0
k79_9488	1185
k79_21687	0
k79_46306	1586
k79_33563	1020
k79_94041	1586
k79_46314	1586
k79_9491	454
k79_58372	965
k79_33575	0
k79_21704	2882
k79_46321	2882
k79_33582	1020
k79_82316	2882
k79_21712	454
k79_9514	1586
k79_82318	1586
k79_69962	2882
k79_94090	2419
k79_21718	0
k79_9522	2126
k79_82336	1586
k79_21727	0
k79_82339	0
k79_58438	1586
k79_21746	0
k79_69974	0
k79_9563	2759
k79_58448	1586
k79_94139	965
k79_21752	1586
k79_94140	454
k79_33660	1586
k79_94141	1586
k79_9594	1586
k79_46409	1586
k79_21769	2882
k79_82397	1586
k79_58486	1185
k79_33678	2882
k79_46417	0
k79_82403	454
k79_70019	0
k79_33681	454
k79_94170	1185
k79_46426	1020
k79_58490	1020
k79_21818	0
k79_46433	0
k79_94182	1586
k79_70041	1586
k79_9644	2455
k79_46449	1586
k79_9649	0
k79_58516	965
k79_21845	939
k79_9664	0
k79_82439	0
k79_33729	1020
k79_82446	965
k79_9669	1586
k79_70103	1586
k79_33732	1586
k79_82447	0
k79_9680	939
k79_58517	0
k79_46498	1586
k79_21850	1020
k79_82473	0
k79_33759	2419
k79_58533	1586
k79_21856	454
k79_94263	1586
k79_33762	1586
k79_46518	965
k79_9721	0
k79_94265	2759
k79_21859	2126
k79_46524	1586
k79_9726	939
k79_94272	0
k79_58554	2882
k79_94279	1586
k79_46540	1586
k79_21874	1586
k79_70124	1020
k79_58561	2419
k79_82514	2759
k79_58564	0
k79_33786	0
k79_9753	0
k79_46547	1020
k79_21895	1586
k79_70144	4109
k79_82529	2882
k79_9759	0
k79_33803	2419
k79_58604	1586
k79_94310	1185
k79_70165	0
k79_33818	0
k79_82542	2419
k79_58608	1185
k79_70172	0
k79_58612	2759
k79_9787	1586
k79_46598	4109
k79_21944	1586
k79_9791	0
k79_46603	0
k79_21948	1586
k79_58627	0
k79_70181	2882
k79_82584	1586
k79_21953	965
k79_58628	0
k79_46618	2882
k79_82585	1020
k79_9811	0
k79_70184	1020
k79_58634	2419
k79_21958	2882
k79_94316	1020
k79_33875	1185
k79_21961	1586
k79_58643	1586
k79_9828	1020
k79_21964	2882
k79_33888	1586
k79_94335	0
k79_82617	939
k79_58657	2882
k79_21966	2882
k79_33889	0
k79_82620	0
k79_9833	0
k79_58660	2882
k79_70215	0
k79_21970	1586
k79_94348	939
k79_46686	2766
k79_58661	454
k79_94350	1586
k79_58674	1020
k79_70232	4109
k79_33900	1586
k79_82661	1586
k79_21985	4109
k79_9843	1020
k79_21988	1586
k79_70243	1586
k79_46719	454
k79_94379	0
k79_33919	2126
k79_9857	2455
k79_33929	1586
k79_22007	2419
k79_82679	1020
k79_94397	0
k79_46747	0
k79_33935	1185
k79_9882	0
k79_58732	1020
k79_94400	0
k79_22026	0
k79_33941	0
k79_9894	0
k79_46757	2455
k79_70277	0
k79_82702	939
k79_58741	0
k79_9898	454
k79_70280	1586
k79_46758	2419
k79_9907	4109
k79_82719	1586
k79_70287	1185
k79_46765	1586
k79_94443	1586
k79_82723	2882
k79_94453	0
k79_33962	2485
k79_70303	965
k79_22031	1020
k79_46768	1390
k79_82745	2882
k79_70307	0
k79_9947	1185
k79_33978	1586
k79_9949	1586
k79_70308	0
k79_33981	2882
k79_58808	4109
k79_94470	0
k79_9952	0
k79_22054	2882
k79_58810	1586
k79_9955	1586
k79_33988	1586
k79_22056	454
k79_22062	1586
k79_94499	965
k79_34014	2759
k79_58851	1586
k79_46820	2882
k79_94517	2455
k79_82827	0
k79_46821	2759
k79_34038	1586
k79_94520	2759
k79_22102	2766
k79_46829	2419
k79_70388	2419
k79_22108	1586
k79_70394	0
k79_34051	1020
k79_94543	0
k79_58908	2126
k79_82862	1586
k79_22134	2882
k79_10052	2419
k79_46837	2766
k79_58910	1586
k79_82863	2759
k79_70418	0
k79_22136	1586
k79_82864	1586
k79_34079	1586
k79_94575	1586
k79_58921	1586
k79_10065	454
k79_70433	1586
k79_22146	2766
k79_22148	1586
k79_10066	965
k79_82888	1586
k79_70439	1185
k79_22155	1586
k79_10075	1185
k79_34111	939
k79_22159	1586
k79_94621	2882
k79_58959	1586
k79_46889	2126
k79_10090	0
k79_94632	939
k79_46895	1586
k79_82919	965
k79_94643	1586
k79_82925	1586
k79_70502	0
k79_94650	1586
k79_46925	939
k79_34159	1586
k79_10128	1185
k79_59000	0
k79_70508	1586
k79_22209	0
k79_82942	2882
k79_82943	1586
k79_46946	0
k79_94669	0
k79_94671	454
k79_46952	1586
k79_46959	1586
k79_70521	2882
k79_22240	0
k79_10162	1586
k79_59039	2419
k79_94690	939
k79_22242	0
k79_70522	939
k79_94695	4109
k79_22244	1185
k79_59052	1586
k79_70541	1586
k79_34219	454
k79_22251	0
k79_10189	2419
k79_94726	1586
k79_82967	0
k79_34236	1020
k79_94734	0
k79_70562	2882
k79_10201	454
k79_94736	1586
k79_47030	0
k79_59060	1020
k79_22303	454
k79_83006	1185
k79_59061	0
k79_34268	1185
k79_59063	1586
k79_22308	1586
k79_70596	1586
k79_10220	2759
k79_94770	2882
k79_47053	2882
k79_34281	1185
k79_70605	965
k79_59080	2419
k79_22329	2882
k79_70606	1586
k79_10242	0
k79_22335	2882
k79_83057	1586
k79_59106	1586
k79_34321	2419
k79_94831	0
k79_10296	0
k79_34337	1586
k79_59152	1586
k79_10299	1586
k79_94838	2419
k79_47108	2882
k79_10300	2419
k79_83105	1586
k79_59157	0
k79_22368	2766
k79_70674	1586
k79_10309	0
k79_47118	1586
k79_34352	1586
k79_10310	1586
k79_22385	1586
k79_10312	939
k79_70679	2882
k79_70681	0
k79_22397	939
k79_47136	0
k79_10328	939
k79_83114	0
k79_59193	1586
k79_22401	1586
k79_70693	1586
k79_83126	1586
k79_34389	1586
k79_83131	2118
k79_47173	1586
k79_10356	1586
k79_22403	1586
k79_10365	1586
k79_22413	2882
k79_94920	0
k79_47198	1586
k79_83161	0
k79_10369	0
k79_22421	0
k79_47208	454
k79_34438	1586
k79_59241	965
k79_83177	1586
k79_94935	1586
k79_34446	1586
k79_83189	965
k79_70750	1586
k79_10383	0
k79_59266	1586
k79_34461	0
k79_83207	2118
k79_83210	0
k79_94972	0
k79_34476	1586
k79_83214	1586
k79_59278	454
k79_94973	0
k79_10404	1020
k79_47267	2419
k79_34492	0
k79_83221	1185
k79_22471	2882
k79_47282	0
k79_83238	2759
k79_94986	2882
k79_22481	2118
k79_34495	0
k79_83242	0
k79_70830	454
k79_47291	1586
k79_94997	0
k79_47296	0
k79_59330	939
k79_83263	2882
k79_95006	0
k79_59339	4109
k79_83272	1185
k79_95010	0
k79_47320	2118
k79_83274	1586
k79_22509	2455
k79_83284	1586
k79_10485	1586
k79_47333	1586
k79_10488	4109
k79_47336	2419
k79_70913	1586
k79_47347	2126
k79_70920	2126
k79_22540	2419
k79_59401	2118
k79_95047	2419
k79_83304	1586
k79_22546	1586
k79_59406	1586
k79_47350	1586
k79_34599	1020
k79_22568	0
k79_34612	1586
k79_10535	2419
k79_59426	1185
k79_83345	2419
k79_47400	939
k79_70971	0
k79_22573	1020
k79_59458	2118
k79_59461	1586
k79_83363	1020
k79_10565	0
k79_83370	1586
k79_59475	2759
k79_83372	2419
k79_95111	2455
k79_22610	1586
k79_34669	2118
k79_95115	1586
k79_22611	0
k79_10581	1586
k79_95120	0
k79_22614	1020
k79_83397	2118
k79_10589	1020
k79_47469	2759
k79_71030	0
k79_59503	2419
k79_22626	1586
k79_10597	1586
k79_34699	0
k79_83398	2882
k79_59515	1586
k79_47483	2759
k79_22646	1586
k79_83413	2882
k79_10618	2759
k79_83417	1185
k79_10619	1020
k79_59547	965
k79_71069	0
k79_10622	1586
k79_95186	2419
k79_22674	0
k79_59553	0
k79_34746	1586
k79_95201	0
k79_71079	454
k79_34759	0
k79_47549	0
k79_71087	1020
k79_47559	1586
k79_83479	1586
k79_59578	0
k79_83490	2419
k79_71114	1586
k79_83496	0
k79_95243	0
k79_59607	0
k79_83501	2419
k79_95249	2126
k79_34807	2759
k79_10628	2419
k79_47607	0
k79_59615	0
k79_22681	1020
k79_10639	1586
k79_34816	454
k79_10642	1185
k79_71168	1586
k79_95275	1185
k79_34828	2118
k79_47626	1586
k79_71169	1586
k79_47628	0
k79_47634	1586
k79_10669	965
k79_83560	0
k79_71184	0
k79_22713	2126
k79_59662	1586
k79_34838	1586
k79_34843	0
k79_22716	2759
k79_95306	0
k79_71205	2882
k79_95311	939
k79_71208	0
k79_83570	2419
k79_10697	4109
k79_47659	1586
k79_34857	1020
k79_10699	1586
k79_59696	4109
k79_83586	454
k79_71221	1185
k79_10702	2759
k79_95344	1586
k79_47672	1185
k79_34873	0
k79_83591	1020
k79_59705	1586
k79_34878	2759
k79_47678	454
k79_10713	2882
k79_71245	0
k79_34885	0
k79_10725	1586
k79_71261	0
k79_34888	2126
k79_71269	2419
k79_83626	2882
k79_47720	2126
k79_34896	2419
k79_71282	2419
k79_59762	2759
k79_83637	1020
k79_10758	1586
k79_95411	454
k79_22849	0
k79_83645	1586
k79_95412	1586
k79_71297	1586
k79_83650	0
k79_95416	454
k79_47758	0
k79_22856	2882
k79_83656	1586
k79_34931	0
k79_47761	0
k79_34935	1586
k79_22869	2882
k79_47768	2882
k79_59797	2882
k79_71314	2455
k79_95444	2126
k79_22877	2759
k79_95451	2759
k79_59806	1586
k79_34941	2455
k79_10815	1586
k79_71335	2126
k79_47792	1586
k79_10823	1586
k79_22889	1020
k79_10824	2759
k79_95468	0
k79_22891	2882
k79_47808	1586
k79_83673	2485
k79_71364	2882
k79_83674	2419
k79_10842	2882
k79_47835	1185
k79_22914	4109
k79_83680	2882
k79_35016	1586
k79_59860	2759
k79_95503	2759
k79_22924	0
k79_71390	0
k79_10867	2118
k79_35032	0
k79_47852	2882
k79_35033	1586
k79_83706	2766
k79_71410	1586
k79_47858	1586
k79_95528	1586
k79_83711	1586
k79_22953	0
k79_71417	0
k79_35047	0
k79_59900	454
k79_83714	1586
k79_10897	939
k79_35054	0
k79_71421	1586
k79_47871	1185
k79_71427	2419
k79_47900	454
k79_10925	1185
k79_95577	1586
k79_71428	2485
k79_47910	939
k79_23010	2759
k79_83751	2455
k79_10930	1586
k79_35108	1586
k79_23014	2882
k79_10931	1020
k79_83757	1185
k79_71462	0
k79_23016	1586
k79_10935	0
k79_35130	454
k79_59966	0
k79_83761	0
k79_23018	2419
k79_10943	454
k79_23030	2882
k79_35145	0
k79_10944	0
k79_71477	1586
k79_59984	2126
k79_83780	2455
k79_23050	2419
k79_59996	1586
k79_83799	1020
k79_60000	0
k79_95654	1586
k79_71519	1586
k79_35192	0
k79_83819	1020
k79_10982	1020
k79_23074	2882
k79_35203	1020
k79_83826	2766
k79_95685	0
k79_60039	1586
k79_71551	1586
k79_23096	2882
k79_83838	1586
k79_23103	939
k79_60054	2759
k79_83854	1586
k79_71565	454
k79_95727	2759
k79_71571	1586
k79_60062	2882
k79_95729	454
k79_23124	1586
k79_83867	1586
k79_83870	1586
k79_95740	2882
k79_95742	1586
k79_11055	2419
k79_35257	1586
k79_23157	454
k79_71609	1185
k79_60106	1586
k79_35266	0
k79_71617	1586
k79_48034	2766
k79_83913	1185
k79_71620	2766
k79_23175	1586
k79_60115	0
k79_48048	2419
k79_83924	0
k79_60122	1586
k79_23190	0
k79_35298	1586
k79_71641	2759
k79_83938	2419
k79_48062	2759
k79_35305	1185
k79_95814	454
k79_95816	0
k79_35311	1020
k79_95824	0
k79_60152	1020
k79_83964	0
k79_23193	2485
k79_11126	1020
k79_83966	1586
k79_23194	1586
k79_95833	2759
k79_11139	1586
k79_83977	1586
k79_71707	1586
k79_60174	1586
k79_11150	2419
k79_23221	1586
k79_48111	454
k79_60178	0
k79_48112	2419
k79_11158	2882
k79_35359	939
k79_60181	2882
k79_23238	1185
k79_60189	939
k79_71744	0
k79_35373	1586
k79_95872	454
k79_84010	1390
k79_95874	939
k79_23245	2882
k79_84016	2419
k79_48165	1586
k79_11210	2882
k79_95889	1185
k79_60232	1020
k79_23265	454
k79_48171	0
k79_95908	1586
k79_60245	2759
k79_84049	2419
k79_71805	2759
k79_35453	2882
k79_48183	2419
k79_23280	2419
k79_48188	2126
k79_35459	0
k79_11266	2485
k79_71824	1020
k79_48195	1185
k79_35464	2882
k79_48207	0
k79_71832	0
k79_11297	965
k79_11309	1586
k79_84131	965
k79_35484	2766
k79_23316	2419
k79_71860	2759
k79_23318	2126
k79_11317	1586
k79_71874	2766
k79_35503	939
k79_84138	0
k79_96029	1586
k79_35509	0
k79_96033	1390
k79_23329	1020
k79_35522	1586
k79_11351	1586
k79_96046	0
k79_71897	2419
k79_11355	454
k79_23354	2882
k79_23359	1586
k79_35527	1020
k79_11373	1586
k79_96051	1020
k79_11374	2419
k79_35531	1185
k79_23381	2419
k79_96055	2882
k79_23383	1586
k79_71961	1586
k79_84229	2419
k79_23398	2126
k79_35560	1586
k79_11409	2882
k79_23401	1586
k79_96095	2759
k79_35576	2766
k79_23408	1020
k79_96112	1586
k79_23422	965
k79_35601	1586
k79_96127	1586
k79_35604	1586
k79_96128	1020
k79_84314	1185
k79_72054	454
k79_35611	2882
k79_35614	1586
k79_35622	939
k79_23443	1586
k79_84333	0
k79_96144	0
k79_35628	939
k79_96152	454
k79_23456	2126
k79_84347	2882
k79_11557	1586
k79_35673	0
k79_96213	2118
k79_23490	1020
k79_11577	1185
k79_72117	0
k79_11586	1020
k79_96237	4109
k79_35692	1020
k79_72137	1586
k79_23507	2455
k79_11595	1586
k79_72140	0
k79_96247	1185
k79_35707	1185
k79_11610	1586
k79_72151	1020
k79_96254	0
k79_11617	1586
k79_35711	1586
k79_35712	2126
k79_11620	2766
k79_23541	0
k79_72169	0
k79_72176	2882
k79_96258	2882
k79_11645	2419
k79_35733	939
k79_96272	0
k79_23584	1020
k79_96278	2419
k79_72217	1586
k79_11659	2455
k79_11660	2126
k79_72229	0
k79_72231	0
k79_11665	2419
k79_35769	1185
k79_96316	1586
k79_23635	1586
k79_72255	0
k79_35796	0
k79_23645	1586
k79_96339	0
k79_11668	1020
k79_72262	1020
k79_96352	1586
k79_35820	0
k79_23676	0
k79_35823	1586
k79_11699	2759
k79_11702	2759
k79_72300	0
k79_35834	0
k79_11703	0
k79_35837	1586
k79_23708	1586
k79_11711	1586
k79_96393	1020
k79_23722	1586
k79_96394	0
k79_96397	1586
k79_96400	0
k79_35871	0
k79_11758	1020
k79_35881	0
k79_11761	1185
k79_11770	2419
k79_23797	1586
k79_35911	1586
k79_11784	1586
k79_35920	1586
k79_23814	1185
k79_23830	454
k79_35928	1020
k79_23831	1020
k79_11873	0
k79_11881	1586
k79_11887	1586
k79_23896	2455
k79_35997	2455
k79_23914	1586
k79_11899	2455
k79_23927	1020
k79_36032	2126
k79_36036	1390
k79_36070	1586
k79_23956	1020
k79_11963	0
k79_23998	2419
k79_11985	1586
k79_36141	0
k79_24015	939
k79_36154	1586
k79_12019	454
k79_36156	1586
k79_36159	1185
k79_12025	1185
k79_24062	454
k79_24078	2118
k79_24098	0
k79_36167	0
k79_36169	0
k79_48226	0
k79_72328	0
k79_24116	0
k79_36176	0
k79_17	0
k79_24121	0
k79_60288	0
k79_48236	0
k79_84390	0
k79_36183	0
k79_22	0
k79_48239	0
k79_36184	0
k79_84391	0
k79_48240	0
k79_27	0
k79_36186	0
k79_24126	0
k79_36187	0
k79_84396	0
k79_33	0
k79_48254	0
k79_12070	0
k79_72331	0
k79_48255	0
k79_40	0
k79_12076	0
k79_72336	0
k79_24135	0
k79_72338	0
k79_12080	0
k79_51	0
k79_84428	0
k79_54	0
k79_84430	0
k79_36198	0
k79_84431	0
k79_60301	0
k79_59	0
k79_12086	0
k79_84439	0
k79_12088	0
k79_12089	0
k79_36208	0
k79_48287	0
k79_84444	0
k79_36210	0
k79_65	0
k79_48288	0
k79_67	0
k79_36213	0
k79_24152	0
k79_12097	0
k79_12098	0
k79_36217	0
k79_24153	0
k79_84450	0
k79_48299	0
k79_60311	0
k79_24156	0
k79_12106	0
k79_24158	0
k79_48301	0
k79_48303	0
k79_84460	0
k79_36231	0
k79_84465	0
k79_24164	0
k79_36233	0
k79_84469	0
k79_12122	0
k79_12124	0
k79_36235	0
k79_48310	0
k79_36237	0
k79_24173	0
k79_60330	0
k79_48312	0
k79_12130	0
k79_36241	0
k79_48317	0
k79_72355	0
k79_12133	0
k79_60334	0
k79_84480	0
k79_48324	0
k79_60338	0
k79_84482	0
k79_72362	0
k79_84487	0
k79_24184	0
k79_72364	0
k79_60346	0
k79_36259	0
k79_12141	0
k79_72366	0
k79_60347	0
k79_84493	0
k79_93	0
k79_12144	0
k79_48333	0
k79_24190	0
k79_72372	0
k79_12149	0
k79_72373	0
k79_48339	0
k79_36273	0
k79_84502	0
k79_12151	0
k79_48340	0
k79_72377	0
k79_24202	0
k79_84507	0
k79_24205	0
k79_24206	0
k79_72382	0
k79_24207	0
k79_60366	0
k79_24209	0
k79_36277	0
k79_100	0
k79_12157	0
k79_12159	0
k79_48351	0
k79_36279	0
k79_84513	0
k79_60376	0
k79_72389	0
k79_84514	0
k79_60378	0
k79_36285	0
k79_84515	0
k79_36293	0
k79_84519	0
k79_60382	0
k79_84522	0
k79_60383	0
k79_12176	0
k79_114	0
k79_24238	0
k79_12187	0
k79_12189	0
k79_72418	0
k79_72419	0
k79_36299	0
k79_123	0
k79_60396	0
k79_36300	0
k79_72423	0
k79_24247	0
k79_60401	0
k79_134	0
k79_24252	0
k79_12209	0
k79_60406	0
k79_36309	0
k79_84544	0
k79_36311	0
k79_12211	0
k79_60408	0
k79_84546	0
k79_24257	0
k79_36313	0
k79_12212	0
k79_12213	0
k79_36316	0
k79_60417	0
k79_48374	0
k79_148	0
k79_84557	0
k79_60422	0
k79_48381	0
k79_84560	0
k79_36327	0
k79_60425	0
k79_72428	0
k79_48382	0
k79_84565	0
k79_36329	0
k79_48383	0
k79_154	0
k79_72429	0
k79_84568	0
k79_84571	0
k79_36335	0
k79_24262	0
k79_48394	0
k79_72439	0
k79_24263	0
k79_24264	0
k79_48396	0
k79_163	0
k79_60445	0
k79_48399	0
k79_36351	0
k79_84585	0
k79_24276	0
k79_60459	0
k79_36356	0
k79_60461	0
k79_84596	0
k79_72453	0
k79_84597	0
k79_48410	0
k79_84598	0
k79_36362	0
k79_48415	0
k79_171	0
k79_84604	0
k79_60465	0
k79_72458	0
k79_48416	0
k79_48418	0
k79_36375	0
k79_48420	0
k79_72465	0
k79_84612	0
k79_72466	0
k79_84614	0
k79_24285	0
k79_12221	0
k79_176	0
k79_84615	0
k79_72467	0
k79_60476	0
k79_48429	0
k79_24287	0
k79_60477	0
k79_72470	0
k79_48431	0
k79_182	0
k79_24292	0
k79_48433	0
k79_72473	0
k79_184	0
k79_60486	0
k79_72475	0
k79_24298	0
k79_84620	0
k79_188	0
k79_24302	0
k79_72482	0
k79_48445	0
k79_24303	0
k79_36383	0
k79_198	0
k79_72486	0
k79_201	0
k79_72488	0
k79_202	0
k79_36397	0
k79_72493	0
k79_36399	0
k79_84624	0
k79_72503	0
k79_36406	0
k79_36407	0
k79_12243	0
k79_12245	0
k79_36413	0
k79_60504	0
k79_72517	0
k79_36418	0
k79_12253	0
k79_84644	0
k79_36420	0
k79_12254	0
k79_217	0
k79_72524	0
k79_12256	0
k79_72531	0
k79_84647	0
k79_229	0
k79_72534	0
k79_84652	0
k79_72539	0
k79_237	0
k79_84658	0
k79_12261	0
k79_72541	0
k79_84659	0
k79_12264	0
k79_36431	0
k79_72546	0
k79_84662	0
k79_72548	0
k79_60515	0
k79_36438	0
k79_84664	0
k79_72554	0
k79_60521	0
k79_36440	0
k79_84669	0
k79_12266	0
k79_60522	0
k79_36442	0
k79_84676	0
k79_36447	0
k79_72558	0
k79_84677	0
k79_240	0
k79_84681	0
k79_84682	0
k79_12274	0
k79_249	0
k79_48455	0
k79_250	0
k79_36470	0
k79_48457	0
k79_24307	0
k79_252	0
k79_36472	0
k79_72565	0
k79_254	0
k79_36476	0
k79_256	0
k79_84700	0
k79_259	0
k79_48477	0
k79_84702	0
k79_36480	0
k79_260	0
k79_36482	0
k79_24314	0
k79_84706	0
k79_72591	0
k79_36484	0
k79_84708	0
k79_72592	0
k79_12294	0
k79_48484	0
k79_84719	0
k79_84722	0
k79_24322	0
k79_48496	0
k79_36500	0
k79_24324	0
k79_60544	0
k79_48500	0
k79_36502	0
k79_60547	0
k79_12301	0
k79_48501	0
k79_48507	0
k79_36509	0
k79_12312	0
k79_12316	0
k79_12317	0
k79_36518	0
k79_12318	0
k79_12323	0
k79_60577	0
k79_48514	0
k79_60580	0
k79_266	0
k79_267	0
k79_60581	0
k79_273	0
k79_84746	0
k79_72603	0
k79_274	0
k79_48528	0
k79_84748	0
k79_72608	0
k79_278	0
k79_72609	0
k79_72610	0
k79_84756	0
k79_24339	0
k79_72613	0
k79_12335	0
k79_84759	0
k79_12336	0
k79_24344	0
k79_285	0
k79_72617	0
k79_24351	0
k79_24353	0
k79_84764	0
k79_12340	0
k79_84767	0
k79_60612	0
k79_296	0
k79_24362	0
k79_72631	0
k79_297	0
k79_84768	0
k79_48544	0
k79_84770	0
k79_12347	0
k79_72633	0
k79_24369	0
k79_48551	0
k79_84771	0
k79_24372	0
k79_72641	0
k79_24373	0
k79_84773	0
k79_12354	0
k79_24376	0
k79_48559	0
k79_84777	0
k79_72647	0
k79_12355	0
k79_48560	0
k79_24377	0
k79_72649	0
k79_60638	0
k79_60639	0
k79_36550	0
k79_72654	0
k79_48562	0
k79_84786	0
k79_36558	0
k79_72665	0
k79_84793	0
k79_60643	0
k79_326	0
k79_84795	0
k79_48571	0
k79_72670	0
k79_60644	0
k79_327	0
k79_24396	0
k79_84797	0
k79_48574	0
k79_60646	0
k79_72677	0
k79_48575	0
k79_60648	0
k79_24407	0
k79_36561	0
k79_72683	0
k79_36563	0
k79_12380	0
k79_24410	0
k79_36564	0
k79_84808	0
k79_72687	0
k79_48577	0
k79_333	0
k79_60653	0
k79_48579	0
k79_36567	0
k79_60655	0
k79_84814	0
k79_48580	0
k79_36573	0
k79_72693	0
k79_60657	0
k79_12392	0
k79_12393	0
k79_60662	0
k79_341	0
k79_72701	0
k79_36578	0
k79_12396	0
k79_60669	0
k79_72702	0
k79_72706	0
k79_24417	0
k79_72708	0
k79_60674	0
k79_72710	0
k79_348	0
k79_48592	0
k79_36583	0
k79_12404	0
k79_72712	0
k79_48594	0
k79_12405	0
k79_12406	0
k79_24426	0
k79_48599	0
k79_72726	0
k79_48600	0
k79_36586	0
k79_24433	0
k79_72727	0
k79_72729	0
k79_36589	0
k79_24436	0
k79_72730	0
k79_24439	0
k79_48608	0
k79_36599	0
k79_84827	0
k79_60698	0
k79_72740	0
k79_48609	0
k79_36600	0
k79_36602	0
k79_360	0
k79_84832	0
k79_36611	0
k79_60707	0
k79_362	0
k79_12422	0
k79_84836	0
k79_36620	0
k79_48631	0
k79_72746	0
k79_12426	0
k79_48632	0
k79_84846	0
k79_60720	0
k79_24453	0
k79_12428	0
k79_369	0
k79_48634	0
k79_36624	0
k79_72750	0
k79_12430	0
k79_370	0
k79_24464	0
k79_36630	0
k79_374	0
k79_48643	0
k79_72759	0
k79_36632	0
k79_376	0
k79_12433	0
k79_60735	0
k79_48651	0
k79_60736	0
k79_12436	0
k79_377	0
k79_12437	0
k79_48654	0
k79_379	0
k79_48656	0
k79_60742	0
k79_48663	0
k79_48666	0
k79_60755	0
k79_12462	0
k79_48668	0
k79_24473	0
k79_60758	0
k79_12464	0
k79_60760	0
k79_84867	0
k79_36652	0
k79_12469	0
k79_36655	0
k79_84874	0
k79_60767	0
k79_48678	0
k79_36659	0
k79_84879	0
k79_12476	0
k79_36661	0
k79_12478	0
k79_389	0
k79_393	0
k79_84888	0
k79_12485	0
k79_60791	0
k79_48691	0
k79_400	0
k79_36681	0
k79_60792	0
k79_48693	0
k79_406	0
k79_72785	0
k79_36683	0
k79_84894	0
k79_36685	0
k79_84898	0
k79_413	0
k79_72791	0
k79_84899	0
k79_414	0
k79_72792	0
k79_12501	0
k79_84901	0
k79_36690	0
k79_72796	0
k79_84909	0
k79_36694	0
k79_48706	0
k79_60804	0
k79_12510	0
k79_420	0
k79_12512	0
k79_425	0
k79_60811	0
k79_36704	0
k79_60812	0
k79_24475	0
k79_36706	0
k79_430	0
k79_72812	0
k79_24481	0
k79_12521	0
k79_60817	0
k79_435	0
k79_12524	0
k79_436	0
k79_12526	0
k79_72831	0
k79_12527	0
k79_72833	0
k79_48716	0
k79_84928	0
k79_445	0
k79_72837	0
k79_36722	0
k79_72841	0
k79_84931	0
k79_60833	0
k79_48732	0
k79_36726	0
k79_452	0
k79_12534	0
k79_48733	0
k79_36729	0
k79_455	0
k79_12537	0
k79_24489	0
k79_12540	0
k79_36733	0
k79_72852	0
k79_72853	0
k79_12541	0
k79_12542	0
k79_48747	0
k79_36740	0
k79_12544	0
k79_72855	0
k79_36742	0
k79_84950	0
k79_36743	0
k79_48753	0
k79_84952	0
k79_72859	0
k79_48754	0
k79_72861	0
k79_48755	0
k79_72864	0
k79_72865	0
k79_72866	0
k79_48761	0
k79_48764	0
k79_24493	0
k79_458	0
k79_72873	0
k79_48766	0
k79_36770	0
k79_24496	0
k79_48772	0
k79_24500	0
k79_84958	0
k79_72880	0
k79_36773	0
k79_48776	0
k79_12556	0
k79_72884	0
k79_72885	0
k79_467	0
k79_72886	0
k79_48787	0
k79_84962	0
k79_72891	0
k79_84966	0
k79_72895	0
k79_84976	0
k79_72897	0
k79_60855	0
k79_72898	0
k79_72900	0
k79_480	0
k79_60862	0
k79_484	0
k79_84979	0
k79_60863	0
k79_48804	0
k79_84981	0
k79_497	0
k79_60866	0
k79_12577	0
k79_48807	0
k79_499	0
k79_72909	0
k79_12579	0
k79_500	0
k79_12580	0
k79_72911	0
k79_502	0
k79_12581	0
k79_84983	0
k79_60882	0
k79_12583	0
k79_505	0
k79_12585	0
k79_84989	0
k79_24511	0
k79_24513	0
k79_84992	0
k79_12599	0
k79_72926	0
k79_508	0
k79_60891	0
k79_72928	0
k79_12603	0
k79_60893	0
k79_72935	0
k79_515	0
k79_72937	0
k79_60901	0
k79_518	0
k79_72941	0
k79_60903	0
k79_522	0
k79_72945	0
k79_524	0
k79_525	0
k79_48833	0
k79_12612	0
k79_48837	0
k79_85022	0
k79_36797	0
k79_24535	0
k79_60926	0
k79_538	0
k79_60937	0
k79_36806	0
k79_72969	0
k79_24543	0
k79_12635	0
k79_72974	0
k79_12637	0
k79_12640	0
k79_72978	0
k79_36821	0
k79_24553	0
k79_72980	0
k79_48851	0
k79_72982	0
k79_72984	0
k79_72987	0
k79_12655	0
k79_48859	0
k79_72994	0
k79_12659	0
k79_72995	0
k79_48864	0
k79_12665	0
k79_48869	0
k79_60947	0
k79_48871	0
k79_36832	0
k79_36833	0
k79_85024	0
k79_570	0
k79_48875	0
k79_60952	0
k79_571	0
k79_85028	0
k79_36839	0
k79_48877	0
k79_60955	0
k79_24568	0
k79_48878	0
k79_36847	0
k79_48879	0
k79_12675	0
k79_24572	0
k79_60960	0
k79_48881	0
k79_24575	0
k79_578	0
k79_60962	0
k79_60963	0
k79_48893	0
k79_12679	0
k79_60967	0
k79_36852	0
k79_85041	0
k79_36857	0
k79_85046	0
k79_85047	0
k79_36865	0
k79_48914	0
k79_85050	0
k79_36868	0
k79_85058	0
k79_24584	0
k79_606	0
k79_48927	0
k79_73031	0
k79_60973	0
k79_612	0
k79_48929	0
k79_613	0
k79_12695	0
k79_60977	0
k79_85078	0
k79_73038	0
k79_48939	0
k79_622	0
k79_24605	0
k79_60980	0
k79_85088	0
k79_24606	0
k79_48945	0
k79_85090	0
k79_48947	0
k79_24611	0
k79_12704	0
k79_60985	0
k79_628	0
k79_36892	0
k79_630	0
k79_73048	0
k79_36894	0
k79_12709	0
k79_60989	0
k79_73049	0
k79_24619	0
k79_12712	0
k79_73052	0
k79_60992	0
k79_12714	0
k79_48951	0
k79_73056	0
k79_48953	0
k79_60997	0
k79_24623	0
k79_641	0
k79_85107	0
k79_85108	0
k79_61001	0
k79_48961	0
k79_48962	0
k79_61003	0
k79_24632	0
k79_24637	0
k79_61008	0
k79_12740	0
k79_61009	0
k79_48967	0
k79_650	0
k79_73071	0
k79_48969	0
k79_73072	0
k79_653	0
k79_24650	0
k79_61012	0
k79_85123	0
k79_73074	0
k79_48977	0
k79_85127	0
k79_48978	0
k79_655	0
k79_36933	0
k79_656	0
k79_24661	0
k79_657	0
k79_85134	0
k79_61025	0
k79_36937	0
k79_24665	0
k79_12757	0
k79_36940	0
k79_12759	0
k79_85143	0
k79_48990	0
k79_36943	0
k79_85146	0
k79_48995	0
k79_36945	0
k79_36946	0
k79_12771	0
k79_61039	0
k79_85152	0
k79_24669	0
k79_49002	0
k79_85153	0
k79_36947	0
k79_662	0
k79_24671	0
k79_12773	0
k79_49005	0
k79_85155	0
k79_36950	0
k79_12780	0
k79_73087	0
k79_61049	0
k79_36953	0
k79_36954	0
k79_85159	0
k79_12788	0
k79_85160	0
k79_85162	0
k79_61052	0
k79_12799	0
k79_85168	0
k79_36961	0
k79_85169	0
k79_61055	0
k79_24677	0
k79_36964	0
k79_61058	0
k79_73099	0
k79_24680	0
k79_12810	0
k79_669	0
k79_24685	0
k79_49025	0
k79_49026	0
k79_85184	0
k79_36982	0
k79_85188	0
k79_24697	0
k79_36989	0
k79_678	0
k79_49036	0
k79_24706	0
k79_85194	0
k79_37001	0
k79_681	0
k79_85196	0
k79_61060	0
k79_49048	0
k79_685	0
k79_61061	0
k79_85197	0
k79_73134	0
k79_12814	0
k79_49051	0
k79_61063	0
k79_61065	0
k79_37007	0
k79_61068	0
k79_73143	0
k79_12819	0
k79_85200	0
k79_12820	0
k79_61071	0
k79_49059	0
k79_24728	0
k79_73154	0
k79_699	0
k79_49061	0
k79_700	0
k79_49062	0
k79_73160	0
k79_701	0
k79_12824	0
k79_73161	0
k79_49064	0
k79_61083	0
k79_73164	0
k79_85207	0
k79_12828	0
k79_24746	0
k79_49065	0
k79_85208	0
k79_12832	0
k79_24749	0
k79_85212	0
k79_37016	0
k79_61089	0
k79_49071	0
k79_725	0
k79_73178	0
k79_37018	0
k79_61090	0
k79_49072	0
k79_73181	0
k79_12842	0
k79_729	0
k79_61091	0
k79_12843	0
k79_731	0
k79_61092	0
k79_85218	0
k79_73187	0
k79_61093	0
k79_37027	0
k79_85219	0
k79_73189	0
k79_49078	0
k79_12851	0
k79_49079	0
k79_85227	0
k79_73193	0
k79_37037	0
k79_85231	0
k79_746	0
k79_85237	0
k79_12857	0
k79_37041	0
k79_61105	0
k79_12862	0
k79_61110	0
k79_751	0
k79_61112	0
k79_12868	0
k79_49083	0
k79_61114	0
k79_753	0
k79_756	0
k79_61117	0
k79_61124	0
k79_758	0
k79_24780	0
k79_761	0
k79_61127	0
k79_85241	0
k79_24784	0
k79_37065	0
k79_61130	0
k79_24785	0
k79_12885	0
k79_49099	0
k79_24787	0
k79_772	0
k79_61134	0
k79_49102	0
k79_24791	0
k79_776	0
k79_12898	0
k79_24792	0
k79_784	0
k79_73197	0
k79_37085	0
k79_49112	0
k79_785	0
k79_12905	0
k79_73198	0
k79_787	0
k79_37087	0
k79_49115	0
k79_24795	0
k79_61144	0
k79_12913	0
k79_49122	0
k79_24798	0
k79_85270	0
k79_37092	0
k79_73212	0
k79_85272	0
k79_24799	0
k79_73213	0
k79_795	0
k79_37097	0
k79_61149	0
k79_85274	0
k79_37098	0
k79_73217	0
k79_61152	0
k79_37099	0
k79_37101	0
k79_85281	0
k79_61155	0
k79_49139	0
k79_85285	0
k79_811	0
k79_49145	0
k79_61160	0
k79_37119	0
k79_24824	0
k79_817	0
k79_24826	0
k79_37124	0
k79_49158	0
k79_49159	0
k79_61172	0
k79_24827	0
k79_12931	0
k79_61173	0
k79_37131	0
k79_12935	0
k79_24832	0
k79_61176	0
k79_12936	0
k79_37132	0
k79_24833	0
k79_61178	0
k79_12937	0
k79_49164	0
k79_85300	0
k79_61179	0
k79_24836	0
k79_12944	0
k79_49167	0
k79_12946	0
k79_49170	0
k79_73235	0
k79_61186	0
k79_37136	0
k79_49171	0
k79_12948	0
k79_49172	0
k79_12953	0
k79_61194	0
k79_12955	0
k79_24838	0
k79_37141	0
k79_37143	0
k79_85316	0
k79_61197	0
k79_85317	0
k79_12957	0
k79_824	0
k79_61201	0
k79_85319	0
k79_12958	0
k79_85324	0
k79_828	0
k79_73251	0
k79_12961	0
k79_832	0
k79_85328	0
k79_24860	0
k79_49189	0
k79_85329	0
k79_12970	0
k79_49197	0
k79_85334	0
k79_12975	0
k79_838	0
k79_37149	0
k79_12976	0
k79_840	0
k79_37151	0
k79_841	0
k79_49207	0
k79_85341	0
k79_61225	0
k79_49208	0
k79_24869	0
k79_12983	0
k79_61228	0
k79_49210	0
k79_12986	0
k79_61232	0
k79_37167	0
k79_61234	0
k79_12993	0
k79_37168	0
k79_49222	0
k79_61237	0
k79_49223	0
k79_37169	0
k79_24889	0
k79_49226	0
k79_61250	0
k79_12997	0
k79_846	0
k79_49235	0
k79_73268	0
k79_13002	0
k79_61256	0
k79_849	0
k79_13005	0
k79_85357	0
k79_85359	0
k79_73279	0
k79_24897	0
k79_73281	0
k79_37180	0
k79_24898	0
k79_73282	0
k79_24904	0
k79_864	0
k79_73287	0
k79_61269	0
k79_73289	0
k79_49242	0
k79_49243	0
k79_24914	0
k79_49244	0
k79_49245	0
k79_24923	0
k79_24924	0
k79_13021	0
k79_875	0
k79_49248	0
k79_876	0
k79_49249	0
k79_881	0
k79_49250	0
k79_13026	0
k79_85377	0
k79_13027	0
k79_24931	0
k79_13029	0
k79_24933	0
k79_85389	0
k79_13036	0
k79_24938	0
k79_49254	0
k79_61292	0
k79_61294	0
k79_13039	0
k79_85404	0
k79_13042	0
k79_85407	0
k79_61301	0
k79_894	0
k79_24961	0
k79_895	0
k79_13051	0
k79_897	0
k79_24965	0
k79_73308	0
k79_13052	0
k79_49271	0
k79_37211	0
k79_49272	0
k79_85413	0
k79_24973	0
k79_24974	0
k79_37213	0
k79_73319	0
k79_909	0
k79_73320	0
k79_37222	0
k79_61326	0
k79_61327	0
k79_24983	0
k79_85423	0
k79_24986	0
k79_37238	0
k79_49279	0
k79_61331	0
k79_24988	0
k79_61332	0
k79_37242	0
k79_24993	0
k79_49291	0
k79_37247	0
k79_49293	0
k79_61342	0
k79_24998	0
k79_922	0
k79_37253	0
k79_49298	0
k79_37254	0
k79_49300	0
k79_924	0
k79_13074	0
k79_85446	0
k79_925	0
k79_61347	0
k79_49308	0
k79_25006	0
k79_25009	0
k79_73335	0
k79_61353	0
k79_73337	0
k79_73339	0
k79_61360	0
k79_49321	0
k79_85458	0
k79_930	0
k79_73340	0
k79_49322	0
k79_85460	0
k79_49323	0
k79_61365	0
k79_25018	0
k79_85465	0
k79_25019	0
k79_73351	0
k79_933	0
k79_25020	0
k79_13088	0
k79_73358	0
k79_25029	0
k79_73363	0
k79_61378	0
k79_25033	0
k79_73369	0
k79_49328	0
k79_948	0
k79_25037	0
k79_49329	0
k79_37263	0
k79_61380	0
k79_13101	0
k79_25040	0
k79_61382	0
k79_13102	0
k79_85496	0
k79_37268	0
k79_25042	0
k79_49334	0
k79_61383	0
k79_73372	0
k79_954	0
k79_61386	0
k79_37269	0
k79_85500	0
k79_25048	0
k79_959	0
k79_49338	0
k79_13111	0
k79_37276	0
k79_13113	0
k79_85513	0
k79_25051	0
k79_61396	0
k79_25052	0
k79_85515	0
k79_85516	0
k79_37280	0
k79_85518	0
k79_973	0
k79_73383	0
k79_85520	0
k79_49349	0
k79_13122	0
k79_25067	0
k79_73385	0
k79_37283	0
k79_25068	0
k79_49351	0
k79_13126	0
k79_49353	0
k79_976	0
k79_61413	0
k79_25074	0
k79_37290	0
k79_73398	0
k79_73399	0
k79_37293	0
k79_73400	0
k79_61420	0
k79_37294	0
k79_73401	0
k79_37295	0
k79_85525	0
k79_49360	0
k79_13141	0
k79_85526	0
k79_73408	0
k79_61425	0
k79_983	0
k79_49364	0
k79_73409	0
k79_85529	0
k79_61427	0
k79_985	0
k79_49365	0
k79_13149	0
k79_61429	0
k79_986	0
k79_37309	0
k79_61437	0
k79_49370	0
k79_990	0
k79_13153	0
k79_73414	0
k79_85535	0
k79_13157	0
k79_61445	0
k79_85536	0
k79_49380	0
k79_25093	0
k79_13161	0
k79_61450	0
k79_73426	0
k79_13165	0
k79_61451	0
k79_73428	0
k79_13166	0
k79_25096	0
k79_73429	0
k79_1003	0
k79_13170	0
k79_73431	0
k79_61458	0
k79_85547	0
k79_85548	0
k79_1008	0
k79_73435	0
k79_13176	0
k79_61461	0
k79_1011	0
k79_37316	0
k79_85559	0
k79_1013	0
k79_37320	0
k79_1020	0
k79_61471	0
k79_13180	0
k79_85569	0
k79_37327	0
k79_85570	0
k79_37329	0
k79_1030	0
k79_73454	0
k79_49411	0
k79_1034	0
k79_37334	0
k79_73461	0
k79_61490	0
k79_37335	0
k79_61492	0
k79_37338	0
k79_13187	0
k79_1044	0
k79_85579	0
k79_61493	0
k79_37342	0
k79_1046	0
k79_85580	0
k79_13189	0
k79_1047	0
k79_61500	0
k79_61501	0
k79_13194	0
k79_49425	0
k79_73475	0
k79_1052	0
k79_61502	0
k79_49426	0
k79_13199	0
k79_37355	0
k79_85588	0
k79_13200	0
k79_1056	0
k79_61506	0
k79_85590	0
k79_49436	0
k79_1057	0
k79_37365	0
k79_49437	0
k79_85593	0
k79_1058	0
k79_61509	0
k79_49438	0
k79_37367	0
k79_13213	0
k79_25131	0
k79_37368	0
k79_61514	0
k79_25138	0
k79_85601	0
k79_13218	0
k79_73492	0
k79_61518	0
k79_85607	0
k79_73495	0
k79_13224	0
k79_61522	0
k79_25145	0
k79_73497	0
k79_61527	0
k79_85614	0
k79_25153	0
k79_73500	0
k79_49458	0
k79_37383	0
k79_25155	0
k79_25157	0
k79_37387	0
k79_49459	0
k79_85621	0
k79_61531	0
k79_25158	0
k79_49463	0
k79_61533	0
k79_73513	0
k79_25168	0
k79_37398	0
k79_61538	0
k79_73514	0
k79_37400	0
k79_85624	0
k79_49467	0
k79_61541	0
k79_25173	0
k79_1082	0
k79_37403	0
k79_49468	0
k79_73521	0
k79_73526	0
k79_37411	0
k79_49474	0
k79_61551	0
k79_25180	0
k79_37414	0
k79_1090	0
k79_61555	0
k79_73535	0
k79_61556	0
k79_13240	0
k79_25182	0
k79_1095	0
k79_73536	0
k79_85639	0
k79_13244	0
k79_1097	0
k79_85641	0
k79_25191	0
k79_61569	0
k79_1101	0
k79_25198	0
k79_73542	0
k79_1104	0
k79_61573	0
k79_25199	0
k79_61574	0
k79_85653	0
k79_25201	0
k79_49481	0
k79_85654	0
k79_1110	0
k79_37436	0
k79_61579	0
k79_1112	0
k79_37438	0
k79_1113	0
k79_73548	0
k79_61581	0
k79_85663	0
k79_1119	0
k79_73552	0
k79_85668	0
k79_61590	0
k79_49493	0
k79_13257	0
k79_25213	0
k79_73559	0
k79_61596	0
k79_13258	0
k79_61597	0
k79_13259	0
k79_73565	0
k79_61598	0
k79_37451	0
k79_1135	0
k79_73569	0
k79_85681	0
k79_13265	0
k79_61602	0
k79_13266	0
k79_61603	0
k79_85684	0
k79_73574	0
k79_1144	0
k79_61606	0
k79_73577	0
k79_13271	0
k79_1145	0
k79_25242	0
k79_13274	0
k79_61610	0
k79_85692	0
k79_1149	0
k79_85693	0
k79_37475	0
k79_49532	0
k79_73585	0
k79_1152	0
k79_13280	0
k79_25252	0
k79_37479	0
k79_85696	0
k79_1153	0
k79_49535	0
k79_1155	0
k79_73592	0
k79_85698	0
k79_49536	0
k79_73593	0
k79_85701	0
k79_61623	0
k79_13284	0
k79_49543	0
k79_49544	0
k79_13287	0
k79_85705	0
k79_61629	0
k79_1166	0
k79_37487	0
k79_13290	0
k79_73596	0
k79_73600	0
k79_13295	0
k79_85708	0
k79_49557	0
k79_73601	0
k79_25271	0
k79_85711	0
k79_25272	0
k79_73603	0
k79_49558	0
k79_13304	0
k79_1173	0
k79_37489	0
k79_85714	0
k79_73604	0
k79_61637	0
k79_1176	0
k79_49565	0
k79_37491	0
k79_49566	0
k79_73609	0
k79_1186	0
k79_73610	0
k79_1188	0
k79_49573	0
k79_37505	0
k79_25276	0
k79_61652	0
k79_25277	0
k79_49581	0
k79_85723	0
k79_73621	0
k79_25282	0
k79_73622	0
k79_37518	0
k79_73623	0
k79_49591	0
k79_37520	0
k79_37521	0
k79_61666	0
k79_49599	0
k79_73632	0
k79_49601	0
k79_25289	0
k79_13335	0
k79_85732	0
k79_37529	0
k79_13336	0
k79_37530	0
k79_85734	0
k79_49608	0
k79_13341	0
k79_73646	0
k79_49611	0
k79_49613	0
k79_73651	0
k79_13346	0
k79_85745	0
k79_73652	0
k79_13351	0
k79_73653	0
k79_85749	0
k79_37540	0
k79_73654	0
k79_85752	0
k79_13358	0
k79_49625	0
k79_85755	0
k79_13361	0
k79_49626	0
k79_61685	0
k79_37546	0
k79_13362	0
k79_85761	0
k79_13363	0
k79_25310	0
k79_37549	0
k79_13364	0
k79_49637	0
k79_85763	0
k79_25316	0
k79_61693	0
k79_13368	0
k79_49644	0
k79_61695	0
k79_85768	0
k79_25320	0
k79_61699	0
k79_25321	0
k79_49650	0
k79_61701	0
k79_49655	0
k79_85775	0
k79_61705	0
k79_49661	0
k79_61708	0
k79_37560	0
k79_49665	0
k79_25333	0
k79_73670	0
k79_37561	0
k79_13380	0
k79_85787	0
k79_49669	0
k79_73673	0
k79_85791	0
k79_73674	0
k79_13395	0
k79_73679	0
k79_13396	0
k79_85800	0
k79_61727	0
k79_49682	0
k79_61737	0
k79_49683	0
k79_61738	0
k79_85814	0
k79_61742	0
k79_13412	0
k79_49696	0
k79_85821	0
k79_49707	0
k79_37580	0
k79_49710	0
k79_13421	0
k79_25339	0
k79_61751	0
k79_85835	0
k79_25340	0
k79_37588	0
k79_1202	0
k79_61759	0
k79_85841	0
k79_37590	0
k79_25346	0
k79_1203	0
k79_49724	0
k79_73689	0
k79_85846	0
k79_13428	0
k79_85847	0
k79_73691	0
k79_1208	0
k79_25356	0
k79_49735	0
k79_85850	0
k79_73693	0
k79_61767	0
k79_13437	0
k79_85851	0
k79_73696	0
k79_1212	0
k79_13438	0
k79_85852	0
k79_1213	0
k79_37614	0
k79_1214	0
k79_61769	0
k79_73699	0
k79_25363	0
k79_13443	0
k79_85859	0
k79_73700	0
k79_1217	0
k79_13445	0
k79_73702	0
k79_1218	0
k79_13447	0
k79_73705	0
k79_37621	0
k79_25372	0
k79_73710	0
k79_37631	0
k79_25378	0
k79_61783	0
k79_1225	0
k79_13467	0
k79_85879	0
k79_73711	0
k79_61785	0
k79_61787	0
k79_37640	0
k79_49742	0
k79_25385	0
k79_61790	0
k79_85886	0
k79_37642	0
k79_37644	0
k79_13470	0
k79_37646	0
k79_13472	0
k79_25392	0
k79_13474	0
k79_37650	0
k79_25396	0
k79_1237	0
k79_37655	0
k79_49761	0
k79_25398	0
k79_37656	0
k79_13484	0
k79_1240	0
k79_73721	0
k79_37664	0
k79_1247	0
k79_37665	0
k79_49772	0
k79_37668	0
k79_49774	0
k79_1254	0
k79_25418	0
k79_1258	0
k79_13511	0
k79_85906	0
k79_73738	0
k79_73739	0
k79_25425	0
k79_1262	0
k79_13516	0
k79_61807	0
k79_49777	0
k79_85911	0
k79_25427	0
k79_13518	0
k79_73744	0
k79_49781	0
k79_37687	0
k79_25432	0
k79_85916	0
k79_73746	0
k79_13526	0
k79_1267	0
k79_37694	0
k79_13530	0
k79_1269	0
k79_61815	0
k79_73753	0
k79_37698	0
k79_61818	0
k79_73756	0
k79_61820	0
k79_13540	0
k79_85929	0
k79_1279	0
k79_37709	0
k79_13542	0
k79_25437	0
k79_73763	0
k79_1285	0
k79_49794	0
k79_85939	0
k79_25443	0
k79_49798	0
k79_73766	0
k79_37720	0
k79_73767	0
k79_73768	0
k79_49804	0
k79_73770	0
k79_85949	0
k79_13555	0
k79_85953	0
k79_25456	0
k79_13558	0
k79_25461	0
k79_25462	0
k79_61835	0
k79_37737	0
k79_13571	0
k79_37741	0
k79_25473	0
k79_61840	0
k79_13575	0
k79_1304	0
k79_25475	0
k79_49830	0
k79_73791	0
k79_25479	0
k79_1306	0
k79_25486	0
k79_85967	0
k79_1308	0
k79_25487	0
k79_61843	0
k79_1311	0
k79_49837	0
k79_25488	0
k79_61849	0
k79_25498	0
k79_1325	0
k79_61851	0
k79_1327	0
k79_13582	0
k79_61855	0
k79_1331	0
k79_85976	0
k79_13585	0
k79_25501	0
k79_13586	0
k79_61861	0
k79_49863	0
k79_13587	0
k79_73793	0
k79_85988	0
k79_73795	0
k79_61872	0
k79_13592	0
k79_73798	0
k79_13594	0
k79_86001	0
k79_13595	0
k79_61876	0
k79_49868	0
k79_73802	0
k79_61878	0
k79_13597	0
k79_49871	0
k79_73804	0
k79_61880	0
k79_1356	0
k79_13604	0
k79_13605	0
k79_13607	0
k79_1364	0
k79_13608	0
k79_25524	0
k79_61890	0
k79_73816	0
k79_13609	0
k79_86013	0
k79_49879	0
k79_61893	0
k79_86024	0
k79_61896	0
k79_86029	0
k79_73823	0
k79_1383	0
k79_13625	0
k79_73828	0
k79_37751	0
k79_49891	0
k79_25535	0
k79_1395	0
k79_13634	0
k79_37756	0
k79_86042	0
k79_25541	0
k79_37757	0
k79_73843	0
k79_13645	0
k79_25545	0
k79_86048	0
k79_1398	0
k79_61906	0
k79_86050	0
k79_25549	0
k79_25552	0
k79_86056	0
k79_1406	0
k79_25555	0
k79_37768	0
k79_86057	0
k79_13648	0
k79_1407	0
k79_25556	0
k79_61914	0
k79_86059	0
k79_37769	0
k79_86060	0
k79_73865	0
k79_73867	0
k79_61917	0
k79_37777	0
k79_25568	0
k79_37778	0
k79_13657	0
k79_13659	0
k79_37784	0
k79_37786	0
k79_49907	0
k79_25571	0
k79_37790	0
k79_73877	0
k79_13669	0
k79_73878	0
k79_37793	0
k79_13672	0
k79_73879	0
k79_37794	0
k79_61925	0
k79_13675	0
k79_61927	0
k79_37798	0
k79_13676	0
k79_25581	0
k79_49912	0
k79_86063	0
k79_13678	0
k79_86064	0
k79_37806	0
k79_61937	0
k79_37807	0
k79_49916	0
k79_61942	0
k79_1432	0
k79_25593	0
k79_49918	0
k79_73884	0
k79_37813	0
k79_25597	0
k79_73886	0
k79_86072	0
k79_86078	0
k79_61955	0
k79_61956	0
k79_86088	0
k79_73894	0
k79_37841	0
k79_1449	0
k79_86091	0
k79_1451	0
k79_61962	0
k79_37843	0
k79_61963	0
k79_73900	0
k79_13696	0
k79_73903	0
k79_61965	0
k79_1462	0
k79_1464	0
k79_13701	0
k79_49924	0
k79_37852	0
k79_73909	0
k79_49925	0
k79_37853	0
k79_13707	0
k79_1471	0
k79_73915	0
k79_49932	0
k79_1472	0
k79_86110	0
k79_86117	0
k79_37869	0
k79_13727	0
k79_73933	0
k79_25639	0
k79_37873	0
k79_13731	0
k79_49951	0
k79_25643	0
k79_73937	0
k79_37879	0
k79_49953	0
k79_25644	0
k79_73938	0
k79_13734	0
k79_86129	0
k79_49955	0
k79_86130	0
k79_13743	0
k79_49962	0
k79_37884	0
k79_1487	0
k79_49964	0
k79_25647	0
k79_37894	0
k79_1497	0
k79_49970	0
k79_25651	0
k79_13751	0
k79_37897	0
k79_37898	0
k79_49976	0
k79_25656	0
k79_1509	0
k79_25657	0
k79_86139	0
k79_49981	0
k79_61986	0
k79_13764	0
k79_37903	0
k79_73951	0
k79_49984	0
k79_1518	0
k79_61989	0
k79_61992	0
k79_1521	0
k79_61993	0
k79_1524	0
k79_61994	0
k79_49997	0
k79_13774	0
k79_50001	0
k79_13775	0
k79_25663	0
k79_25664	0
k79_1538	0
k79_50002	0
k79_13778	0
k79_13780	0
k79_25670	0
k79_50006	0
k79_1545	0
k79_37907	0
k79_50010	0
k79_73973	0
k79_50011	0
k79_25678	0
k79_13791	0
k79_73975	0
k79_1551	0
k79_37910	0
k79_50014	0
k79_37912	0
k79_50015	0
k79_86154	0
k79_1557	0
k79_86155	0
k79_25688	0
k79_37915	0
k79_1559	0
k79_62003	0
k79_86161	0
k79_37919	0
k79_86162	0
k79_13805	0
k79_62010	0
k79_86164	0
k79_37921	0
k79_86166	0
k79_62015	0
k79_1566	0
k79_62017	0
k79_50019	0
k79_62019	0
k79_62020	0
k79_50021	0
k79_37932	0
k79_73995	0
k79_86172	0
k79_25715	0
k79_1577	0
k79_25724	0
k79_1582	0
k79_62030	0
k79_62035	0
k79_74007	0
k79_62038	0
k79_74012	0
k79_62044	0
k79_13831	0
k79_50035	0
k79_13832	0
k79_86189	0
k79_74016	0
k79_50038	0
k79_13833	0
k79_1593	0
k79_25745	0
k79_86192	0
k79_25747	0
k79_13835	0
k79_74023	0
k79_86196	0
k79_74025	0
k79_1604	0
k79_13840	0
k79_25755	0
k79_86202	0
k79_13841	0
k79_1606	0
k79_50042	0
k79_1608	0
k79_25758	0
k79_86206	0
k79_1611	0
k79_62053	0
k79_62054	0
k79_25763	0
k79_74027	0
k79_62055	0
k79_1618	0
k79_50053	0
k79_74028	0
k79_25765	0
k79_13845	0
k79_1628	0
k79_74031	0
k79_50058	0
k79_13849	0
k79_50060	0
k79_74035	0
k79_1630	0
k79_86232	0
k79_13855	0
k79_50066	0
k79_1632	0
k79_86235	0
k79_37940	0
k79_37941	0
k79_86236	0
k79_62068	0
k79_50073	0
k79_13862	0
k79_13865	0
k79_25786	0
k79_62074	0
k79_50079	0
k79_74044	0
k79_86249	0
k79_13866	0
k79_62077	0
k79_25790	0
k79_50082	0
k79_13867	0
k79_25792	0
k79_37946	0
k79_1654	0
k79_86254	0
k79_74050	0
k79_86256	0
k79_62081	0
k79_74051	0
k79_62084	0
k79_1657	0
k79_74053	0
k79_37954	0
k79_25809	0
k79_50101	0
k79_25810	0
k79_13878	0
k79_37964	0
k79_50107	0
k79_1672	0
k79_37966	0
k79_25817	0
k79_50111	0
k79_62087	0
k79_25818	0
k79_37967	0
k79_37968	0
k79_25821	0
k79_62092	0
k79_13895	0
k79_50118	0
k79_25826	0
k79_37976	0
k79_13897	0
k79_50119	0
k79_13898	0
k79_25831	0
k79_62102	0
k79_13901	0
k79_37983	0
k79_1679	0
k79_62108	0
k79_1680	0
k79_50130	0
k79_74058	0
k79_86270	0
k79_62109	0
k79_37989	0
k79_50131	0
k79_25843	0
k79_74059	0
k79_62111	0
k79_50132	0
k79_37995	0
k79_25845	0
k79_62113	0
k79_86279	0
k79_50135	0
k79_25846	0
k79_62115	0
k79_37997	0
k79_25848	0
k79_13918	0
k79_86281	0
k79_37999	0
k79_50143	0
k79_86287	0
k79_13925	0
k79_50148	0
k79_74069	0
k79_62126	0
k79_13926	0
k79_1701	0
k79_1703	0
k79_74073	0
k79_62134	0
k79_13931	0
k79_74077	0
k79_62136	0
k79_25860	0
k79_25861	0
k79_1713	0
k79_62146	0
k79_13941	0
k79_62159	0
k79_50179	0
k79_1725	0
k79_50187	0
k79_86311	0
k79_50189	0
k79_25884	0
k79_86314	0
k79_1726	0
k79_62173	0
k79_13952	0
k79_50197	0
k79_13954	0
k79_25894	0
k79_74094	0
k79_62182	0
k79_50201	0
k79_25896	0
k79_74098	0
k79_25898	0
k79_13962	0
k79_62189	0
k79_50209	0
k79_74101	0
k79_86331	0
k79_1734	0
k79_74102	0
k79_13972	0
k79_50211	0
k79_1736	0
k79_86334	0
k79_74106	0
k79_38022	0
k79_50212	0
k79_50213	0
k79_62200	0
k79_1744	0
k79_13982	0
k79_38027	0
k79_74116	0
k79_25912	0
k79_1746	0
k79_13986	0
k79_86338	0
k79_38035	0
k79_1747	0
k79_25916	0
k79_50223	0
k79_38037	0
k79_13997	0
k79_50225	0
k79_74126	0
k79_50227	0
k79_38046	0
k79_1756	0
k79_62223	0
k79_74132	0
k79_1759	0
k79_25933	0
k79_86354	0
k79_25935	0
k79_74134	0
k79_50236	0
k79_14004	0
k79_62227	0
k79_50237	0
k79_74135	0
k79_62229	0
k79_25939	0
k79_62232	0
k79_86358	0
k79_1763	0
k79_14006	0
k79_25945	0
k79_86363	0
k79_14012	0
k79_25954	0
k79_14013	0
k79_25956	0
k79_62237	0
k79_50247	0
k79_25959	0
k79_62241	0
k79_62242	0
k79_86380	0
k79_25964	0
k79_74144	0
k79_86385	0
k79_1780	0
k79_38053	0
k79_14021	0
k79_62247	0
k79_86386	0
k79_38054	0
k79_86387	0
k79_25970	0
k79_86390	0
k79_25971	0
k79_14032	0
k79_38059	0
k79_86391	0
k79_74149	0
k79_38060	0
k79_14035	0
k79_86392	0
k79_62253	0
k79_86393	0
k79_14039	0
k79_86397	0
k79_38067	0
k79_1797	0
k79_38068	0
k79_25978	0
k79_14047	0
k79_86401	0
k79_1803	0
k79_38069	0
k79_38071	0
k79_86404	0
k79_50274	0
k79_1811	0
k79_38073	0
k79_50275	0
k79_86406	0
k79_25981	0
k79_14052	0
k79_86407	0
k79_38077	0
k79_14060	0
k79_1821	0
k79_14061	0
k79_38087	0
k79_14062	0
k79_86414	0
k79_38090	0
k79_62280	0
k79_1829	0
k79_14066	0
k79_74183	0
k79_1831	0
k79_62283	0
k79_38096	0
k79_50288	0
k79_14071	0
k79_62285	0
k79_86423	0
k79_1837	0
k79_74186	0
k79_14073	0
k79_62286	0
k79_50291	0
k79_86426	0
k79_62287	0
k79_50295	0
k79_86428	0
k79_14081	0
k79_86429	0
k79_26009	0
k79_50303	0
k79_62296	0
k79_86432	0
k79_1846	0
k79_50308	0
k79_14084	0
k79_74203	0
k79_86436	0
k79_26018	0
k79_14086	0
k79_1855	0
k79_38104	0
k79_62305	0
k79_50320	0
k79_14088	0
k79_1856	0
k79_74213	0
k79_38107	0
k79_14092	0
k79_38108	0
k79_1859	0
k79_50323	0
k79_86441	0
k79_14095	0
k79_26022	0
k79_38111	0
k79_1861	0
k79_50325	0
k79_26023	0
k79_86448	0
k79_74217	0
k79_50327	0
k79_1863	0
k79_26027	0
k79_26028	0
k79_14106	0
k79_50334	0
k79_38116	0
k79_62317	0
k79_14111	0
k79_74231	0
k79_86465	0
k79_62319	0
k79_14116	0
k79_86468	0
k79_14117	0
k79_38124	0
k79_86470	0
k79_1881	0
k79_38126	0
k79_86473	0
k79_14120	0
k79_74241	0
k79_50344	0
k79_1885	0
k79_14122	0
k79_86478	0
k79_50345	0
k79_14123	0
k79_50346	0
k79_50347	0
k79_86481	0
k79_38131	0
k79_50349	0
k79_74254	0
k79_26040	0
k79_74256	0
k79_50355	0
k79_86491	0
k79_50358	0
k79_86492	0
k79_74263	0
k79_50360	0
k79_38135	0
k79_50363	0
k79_86497	0
k79_86499	0
k79_50364	0
k79_1899	0
k79_50367	0
k79_26053	0
k79_86501	0
k79_74275	0
k79_62330	0
k79_1903	0
k79_26059	0
k79_38158	0
k79_62333	0
k79_38159	0
k79_1907	0
k79_86513	0
k79_1914	0
k79_1915	0
k79_74294	0
k79_86517	0
k79_1917	0
k79_1921	0
k79_86524	0
k79_62352	0
k79_50391	0
k79_50392	0
k79_50393	0
k79_26063	0
k79_86531	0
k79_62359	0
k79_38175	0
k79_1928	0
k79_50398	0
k79_26069	0
k79_1931	0
k79_86539	0
k79_62367	0
k79_1935	0
k79_86541	0
k79_62370	0
k79_1943	0
k79_50428	0
k79_50435	0
k79_62372	0
k79_62373	0
k79_86559	0
k79_1959	0
k79_50443	0
k79_62377	0
k79_38188	0
k79_1961	0
k79_50445	0
k79_1963	0
k79_38189	0
k79_74303	0
k79_50451	0
k79_14128	0
k79_26077	0
k79_26080	0
k79_1973	0
k79_50459	0
k79_1975	0
k79_26081	0
k79_74321	0
k79_50463	0
k79_62392	0
k79_38200	0
k79_74325	0
k79_26085	0
k79_38202	0
k79_1984	0
k79_86576	0
k79_74336	0
k79_26095	0
k79_38206	0
k79_86580	0
k79_1989	0
k79_38209	0
k79_1991	0
k79_50476	0
k79_26104	0
k79_62401	0
k79_86586	0
k79_62402	0
k79_1995	0
k79_50477	0
k79_38215	0
k79_26107	0
k79_74343	0
k79_26108	0
k79_1997	0
k79_50482	0
k79_50484	0
k79_26113	0
k79_74350	0
k79_38224	0
k79_62414	0
k79_2005	0
k79_38226	0
k79_50485	0
k79_26115	0
k79_74352	0
k79_86591	0
k79_26116	0
k79_14152	0
k79_50491	0
k79_86597	0
k79_2017	0
k79_50492	0
k79_50493	0
k79_14163	0
k79_14167	0
k79_74360	0
k79_26126	0
k79_86611	0
k79_74361	0
k79_74362	0
k79_62435	0
k79_2024	0
k79_74365	0
k79_62436	0
k79_50500	0
k79_26137	0
k79_74367	0
k79_62441	0
k79_26140	0
k79_74369	0
k79_26142	0
k79_86630	0
k79_74371	0
k79_50508	0
k79_26144	0
k79_14181	0
k79_26145	0
k79_38242	0
k79_74376	0
k79_50516	0
k79_2033	0
k79_14187	0
k79_74377	0
k79_2034	0
k79_26151	0
k79_14189	0
k79_74381	0
k79_2039	0
k79_14191	0
k79_26155	0
k79_74383	0
k79_74386	0
k79_50527	0
k79_86651	0
k79_86652	0
k79_26162	0
k79_38261	0
k79_26163	0
k79_74390	0
k79_38263	0
k79_14197	0
k79_74395	0
k79_2046	0
k79_14201	0
k79_14202	0
k79_2048	0
k79_86662	0
k79_38278	0
k79_26172	0
k79_86667	0
k79_14204	0
k79_86668	0
k79_14205	0
k79_38283	0
k79_86669	0
k79_62460	0
k79_74402	0
k79_14208	0
k79_38284	0
k79_26181	0
k79_74403	0
k79_14210	0
k79_62462	0
k79_86676	0
k79_14212	0
k79_50539	0
k79_62464	0
k79_50542	0
k79_2059	0
k79_62466	0
k79_14217	0
k79_74414	0
k79_62471	0
k79_50544	0
k79_74417	0
k79_50547	0
k79_14225	0
k79_86682	0
k79_38298	0
k79_2062	0
k79_14229	0
k79_86686	0
k79_74424	0
k79_26198	0
k79_2067	0
k79_86691	0
k79_26203	0
k79_14234	0
k79_38314	0
k79_50555	0
k79_14235	0
k79_74430	0
k79_2070	0
k79_14237	0
k79_74434	0
k79_86704	0
k79_2078	0
k79_74447	0
k79_2083	0
k79_50564	0
k79_50566	0
k79_38327	0
k79_62490	0
k79_74457	0
k79_14246	0
k79_2092	0
k79_62492	0
k79_14248	0
k79_38338	0
k79_2095	0
k79_86719	0
k79_38348	0
k79_50575	0
k79_50576	0
k79_62508	0
k79_14265	0
k79_38354	0
k79_50578	0
k79_62509	0
k79_86730	0
k79_2104	0
k79_86732	0
k79_62511	0
k79_14271	0
k79_2110	0
k79_62513	0
k79_50589	0
k79_14274	0
k79_50590	0
k79_86738	0
k79_50595	0
k79_2116	0
k79_62516	0
k79_86740	0
k79_86743	0
k79_2120	0
k79_50605	0
k79_50606	0
k79_74487	0
k79_14276	0
k79_38359	0
k79_62528	0
k79_74488	0
k79_50611	0
k79_14277	0
k79_2125	0
k79_50613	0
k79_74494	0
k79_38365	0
k79_2126	0
k79_2127	0
k79_50615	0
k79_62532	0
k79_14284	0
k79_26216	0
k79_74501	0
k79_62534	0
k79_2133	0
k79_50621	0
k79_14290	0
k79_62537	0
k79_62541	0
k79_26224	0
k79_74511	0
k79_62542	0
k79_2141	0
k79_62543	0
k79_14304	0
k79_2144	0
k79_74516	0
k79_38392	0
k79_14305	0
k79_74517	0
k79_50635	0
k79_74518	0
k79_38396	0
k79_14307	0
k79_62560	0
k79_50640	0
k79_38399	0
k79_2157	0
k79_14310	0
k79_50641	0
k79_38407	0
k79_14314	0
k79_74529	0
k79_50648	0
k79_2172	0
k79_38408	0
k79_50650	0
k79_2174	0
k79_38411	0
k79_74532	0
k79_2176	0
k79_50654	0
k79_26246	0
k79_62578	0
k79_86788	0
k79_38420	0
k79_50659	0
k79_2185	0
k79_38421	0
k79_38424	0
k79_38427	0
k79_2188	0
k79_26259	0
k79_38430	0
k79_2189	0
k79_50667	0
k79_86795	0
k79_14328	0
k79_2191	0
k79_86798	0
k79_2193	0
k79_26268	0
k79_86800	0
k79_26269	0
k79_86801	0
k79_38443	0
k79_2200	0
k79_74556	0
k79_14337	0
k79_26283	0
k79_14338	0
k79_62594	0
k79_86805	0
k79_2205	0
k79_62596	0
k79_38461	0
k79_38462	0
k79_26293	0
k79_2210	0
k79_62602	0
k79_74562	0
k79_74563	0
k79_2220	0
k79_86820	0
k79_74571	0
k79_50673	0
k79_14363	0
k79_86822	0
k79_26298	0
k79_86823	0
k79_74580	0
k79_14369	0
k79_26299	0
k79_62616	0
k79_86824	0
k79_62617	0
k79_74586	0
k79_86825	0
k79_26304	0
k79_14377	0
k79_38470	0
k79_86829	0
k79_14381	0
k79_74590	0
k79_26309	0
k79_38477	0
k79_86830	0
k79_86831	0
k79_26316	0
k79_2235	0
k79_86833	0
k79_26320	0
k79_2239	0
k79_86835	0
k79_14386	0
k79_74600	0
k79_62635	0
k79_86840	0
k79_26332	0
k79_62641	0
k79_14390	0
k79_86843	0
k79_26338	0
k79_86845	0
k79_26342	0
k79_86851	0
k79_62648	0
k79_26347	0
k79_38511	0
k79_14409	0
k79_86856	0
k79_50678	0
k79_74620	0
k79_38512	0
k79_74621	0
k79_62651	0
k79_74624	0
k79_74625	0
k79_62654	0
k79_74626	0
k79_86864	0
k79_74627	0
k79_74629	0
k79_74631	0
k79_38523	0
k79_86869	0
k79_26362	0
k79_2263	0
k79_74635	0
k79_2266	0
k79_2269	0
k79_26375	0
k79_14423	0
k79_50696	0
k79_26378	0
k79_14424	0
k79_74645	0
k79_14431	0
k79_26384	0
k79_14434	0
k79_26386	0
k79_50702	0
k79_38552	0
k79_62674	0
k79_62675	0
k79_38555	0
k79_74657	0
k79_62678	0
k79_62681	0
k79_74663	0
k79_38565	0
k79_50709	0
k79_62684	0
k79_2281	0
k79_26408	0
k79_86890	0
k79_50712	0
k79_62686	0
k79_2282	0
k79_74665	0
k79_38568	0
k79_26415	0
k79_62692	0
k79_50718	0
k79_2286	0
k79_74673	0
k79_50719	0
k79_86892	0
k79_26419	0
k79_74675	0
k79_62697	0
k79_74676	0
k79_50720	0
k79_62700	0
k79_38583	0
k79_50721	0
k79_74678	0
k79_62702	0
k79_74679	0
k79_86902	0
k79_74680	0
k79_74683	0
k79_2301	0
k79_86907	0
k79_62711	0
k79_50729	0
k79_38596	0
k79_74688	0
k79_50730	0
k79_2308	0
k79_74691	0
k79_62715	0
k79_86911	0
k79_74692	0
k79_26432	0
k79_86912	0
k79_62718	0
k79_2315	0
k79_50740	0
k79_26437	0
k79_2317	0
k79_50742	0
k79_62723	0
k79_74705	0
k79_62724	0
k79_26443	0
k79_50749	0
k79_26444	0
k79_2328	0
k79_50750	0
k79_62727	0
k79_26445	0
k79_2331	0
k79_50751	0
k79_74712	0
k79_2333	0
k79_62732	0
k79_50754	0
k79_74713	0
k79_50756	0
k79_62738	0
k79_50763	0
k79_86933	0
k79_2343	0
k79_26463	0
k79_38619	0
k79_62762	0
k79_86946	0
k79_50780	0
k79_74725	0
k79_86947	0
k79_62764	0
k79_26473	0
k79_38628	0
k79_74738	0
k79_2355	0
k79_86953	0
k79_26481	0
k79_2365	0
k79_86954	0
k79_38634	0
k79_14452	0
k79_50804	0
k79_26493	0
k79_14454	0
k79_14457	0
k79_62778	0
k79_26498	0
k79_2374	0
k79_62780	0
k79_14460	0
k79_2376	0
k79_62787	0
k79_50814	0
k79_38654	0
k79_14467	0
k79_50815	0
k79_86975	0
k79_62789	0
k79_14469	0
k79_26503	0
k79_62793	0
k79_38668	0
k79_14474	0
k79_86982	0
k79_50822	0
k79_62801	0
k79_74754	0
k79_2395	0
k79_38675	0
k79_38676	0
k79_50826	0
k79_74757	0
k79_62810	0
k79_50832	0
k79_62815	0
k79_14497	0
k79_74764	0
k79_50835	0
k79_50836	0
k79_74765	0
k79_38686	0
k79_50838	0
k79_14504	0
k79_62829	0
k79_26513	0
k79_62833	0
k79_26514	0
k79_50849	0
k79_14506	0
k79_26519	0
k79_2421	0
k79_14512	0
k79_2424	0
k79_38696	0
k79_50856	0
k79_62841	0
k79_50857	0
k79_26531	0
k79_86998	0
k79_62845	0
k79_26532	0
k79_62846	0
k79_2430	0
k79_87000	0
k79_14520	0
k79_87003	0
k79_2431	0
k79_38706	0
k79_87004	0
k79_50861	0
k79_62850	0
k79_26537	0
k79_74794	0
k79_14534	0
k79_26538	0
k79_74796	0
k79_62854	0
k79_26542	0
k79_74799	0
k79_26545	0
k79_50867	0
k79_2446	0
k79_74807	0
k79_50868	0
k79_26551	0
k79_14544	0
k79_74809	0
k79_62860	0
k79_87020	0
k79_14545	0
k79_26552	0
k79_2459	0
k79_62864	0
k79_14546	0
k79_2460	0
k79_87025	0
k79_26556	0
k79_14549	0
k79_26557	0
k79_87027	0
k79_26559	0
k79_2468	0
k79_74820	0
k79_38734	0
k79_87034	0
k79_74821	0
k79_2469	0
k79_14557	0
k79_87035	0
k79_38736	0
k79_2471	0
k79_14559	0
k79_50881	0
k79_87036	0
k79_38737	0
k79_14563	0
k79_38741	0
k79_38742	0
k79_14567	0
k79_74825	0
k79_26571	0
k79_74826	0
k79_26578	0
k79_2491	0
k79_74828	0
k79_38752	0
k79_38754	0
k79_2493	0
k79_74834	0
k79_50898	0
k79_2495	0
k79_38761	0
k79_50899	0
k79_74838	0
k79_2498	0
k79_26590	0
k79_74839	0
k79_38766	0
k79_50901	0
k79_26591	0
k79_2502	0
k79_87050	0
k79_26593	0
k79_50906	0
k79_2506	0
k79_87053	0
k79_26594	0
k79_50908	0
k79_50911	0
k79_87058	0
k79_50913	0
k79_14581	0
k79_87067	0
k79_87068	0
k79_50922	0
k79_38791	0
k79_38794	0
k79_26609	0
k79_38797	0
k79_26612	0
k79_50926	0
k79_38800	0
k79_2522	0
k79_38801	0
k79_74852	0
k79_2524	0
k79_26615	0
k79_38803	0
k79_38805	0
k79_38806	0
k79_50938	0
k79_2529	0
k79_26626	0
k79_2531	0
k79_2532	0
k79_87080	0
k79_26634	0
k79_50944	0
k79_2534	0
k79_87085	0
k79_2536	0
k79_14605	0
k79_26638	0
k79_50948	0
k79_2542	0
k79_50950	0
k79_26640	0
k79_2545	0
k79_74865	0
k79_26653	0
k79_2555	0
k79_2556	0
k79_50973	0
k79_74875	0
k79_38854	0
k79_50975	0
k79_2563	0
k79_26665	0
k79_74877	0
k79_38859	0
k79_14628	0
k79_26666	0
k79_26667	0
k79_2567	0
k79_26670	0
k79_50981	0
k79_38863	0
k79_2571	0
k79_74885	0
k79_26679	0
k79_14630	0
k79_38871	0
k79_2575	0
k79_50987	0
k79_2580	0
k79_14637	0
k79_26694	0
k79_2590	0
k79_50997	0
k79_38885	0
k79_74890	0
k79_26696	0
k79_14642	0
k79_38887	0
k79_14643	0
k79_26698	0
k79_2596	0
k79_87101	0
k79_51005	0
k79_74901	0
k79_26702	0
k79_14651	0
k79_38897	0
k79_74905	0
k79_14655	0
k79_2610	0
k79_74916	0
k79_2612	0
k79_14658	0
k79_74917	0
k79_2614	0
k79_38917	0
k79_2616	0
k79_51028	0
k79_14674	0
k79_74919	0
k79_51031	0
k79_26710	0
k79_14679	0
k79_51032	0
k79_26712	0
k79_2628	0
k79_74926	0
k79_38924	0
k79_14682	0
k79_51034	0
k79_38927	0
k79_2635	0
k79_51035	0
k79_74933	0
k79_38933	0
k79_2644	0
k79_38935	0
k79_14685	0
k79_87121	0
k79_2647	0
k79_38937	0
k79_2648	0
k79_14689	0
k79_51042	0
k79_51044	0
k79_87126	0
k79_51046	0
k79_2654	0
k79_51049	0
k79_87135	0
k79_51053	0
k79_26735	0
k79_14697	0
k79_14700	0
k79_74948	0
k79_14702	0
k79_26743	0
k79_38947	0
k79_62874	0
k79_74952	0
k79_87144	0
k79_38948	0
k79_51066	0
k79_14703	0
k79_26745	0
k79_87148	0
k79_14708	0
k79_87150	0
k79_51070	0
k79_62880	0
k79_2673	0
k79_74959	0
k79_26752	0
k79_87159	0
k79_74961	0
k79_51076	0
k79_26753	0
k79_51077	0
k79_2681	0
k79_26755	0
k79_74963	0
k79_38967	0
k79_2684	0
k79_26757	0
k79_62887	0
k79_74968	0
k79_2686	0
k79_2687	0
k79_51082	0
k79_74969	0
k79_14723	0
k79_2691	0
k79_51088	0
k79_38976	0
k79_2695	0
k79_38977	0
k79_2699	0
k79_62905	0
k79_87180	0
k79_2704	0
k79_87186	0
k79_38987	0
k79_2705	0
k79_26778	0
k79_74985	0
k79_62913	0
k79_87188	0
k79_74988	0
k79_51103	0
k79_62919	0
k79_51104	0
k79_74996	0
k79_38993	0
k79_87203	0
k79_75003	0
k79_87210	0
k79_51113	0
k79_87211	0
k79_26796	0
k79_38997	0
k79_51114	0
k79_2709	0
k79_38999	0
k79_51115	0
k79_87218	0
k79_39001	0
k79_75008	0
k79_2711	0
k79_75011	0
k79_87223	0
k79_51124	0
k79_2713	0
k79_87224	0
k79_75013	0
k79_51128	0
k79_87226	0
k79_51130	0
k79_2725	0
k79_51131	0
k79_39014	0
k79_62926	0
k79_51135	0
k79_14739	0
k79_2730	0
k79_87235	0
k79_51137	0
k79_39020	0
k79_87236	0
k79_75026	0
k79_51138	0
k79_14744	0
k79_39021	0
k79_26829	0
k79_2738	0
k79_87240	0
k79_26834	0
k79_87241	0
k79_2743	0
k79_26835	0
k79_51148	0
k79_26840	0
k79_14759	0
k79_87246	0
k79_2748	0
k79_39033	0
k79_75041	0
k79_51149	0
k79_26841	0
k79_39034	0
k79_2752	0
k79_87251	0
k79_75047	0
k79_26843	0
k79_51156	0
k79_39035	0
k79_87252	0
k79_75048	0
k79_2754	0
k79_14776	0
k79_51160	0
k79_2757	0
k79_87256	0
k79_51162	0
k79_62946	0
k79_39044	0
k79_26853	0
k79_39045	0
k79_62948	0
k79_14789	0
k79_26866	0
k79_62960	0
k79_87267	0
k79_62961	0
k79_26873	0
k79_14794	0
k79_39060	0
k79_2769	0
k79_39061	0
k79_87275	0
k79_26875	0
k79_62967	0
k79_87276	0
k79_62968	0
k79_75058	0
k79_75061	0
k79_39065	0
k79_2774	0
k79_51180	0
k79_2776	0
k79_75070	0
k79_51182	0
k79_75078	0
k79_14811	0
k79_75079	0
k79_14812	0
k79_39081	0
k79_51188	0
k79_75082	0
k79_51189	0
k79_14815	0
k79_2794	0
k79_75083	0
k79_14817	0
k79_51196	0
k79_75090	0
k79_51199	0
k79_14823	0
k79_75093	0
k79_26894	0
k79_75111	0
k79_26900	0
k79_26906	0
k79_39088	0
k79_2800	0
k79_26913	0
k79_51205	0
k79_2801	0
k79_26915	0
k79_14846	0
k79_26917	0
k79_75121	0
k79_14848	0
k79_75123	0
k79_75124	0
k79_39099	0
k79_62982	0
k79_39100	0
k79_14857	0
k79_2812	0
k79_75133	0
k79_2817	0
k79_26923	0
k79_87302	0
k79_14868	0
k79_26925	0
k79_87304	0
k79_26928	0
k79_39110	0
k79_87310	0
k79_14877	0
k79_87313	0
k79_26945	0
k79_87314	0
k79_26948	0
k79_39126	0
k79_75152	0
k79_2833	0
k79_39128	0
k79_39130	0
k79_14892	0
k79_62992	0
k79_51254	0
k79_2850	0
k79_14894	0
k79_62993	0
k79_87323	0
k79_62995	0
k79_39148	0
k79_62997	0
k79_26954	0
k79_87327	0
k79_26955	0
k79_62999	0
k79_87331	0
k79_2852	0
k79_63001	0
k79_2857	0
k79_63002	0
k79_39157	0
k79_26963	0
k79_39160	0
k79_63012	0
k79_14900	0
k79_51264	0
k79_39165	0
k79_63014	0
k79_14901	0
k79_75167	0
k79_39168	0
k79_87345	0
k79_63019	0
k79_87346	0
k79_2880	0
k79_87351	0
k79_63025	0
k79_51271	0
k79_2885	0
k79_87352	0
k79_63032	0
k79_63038	0
k79_87363	0
k79_14913	0
k79_2898	0
k79_51286	0
k79_63040	0
k79_87366	0
k79_14917	0
k79_51290	0
k79_75172	0
k79_51292	0
k79_2911	0
k79_26998	0
k79_39193	0
k79_75176	0
k79_2915	0
k79_39195	0
k79_87374	0
k79_39196	0
k79_63045	0
k79_87375	0
k79_2919	0
k79_75179	0
k79_14929	0
k79_63051	0
k79_87380	0
k79_75186	0
k79_14934	0
k79_51306	0
k79_75188	0
k79_27019	0
k79_14935	0
k79_75189	0
k79_2933	0
k79_75192	0
k79_87392	0
k79_51316	0
k79_75194	0
k79_63070	0
k79_51317	0
k79_2938	0
k79_63075	0
k79_27027	0
k79_51327	0
k79_27029	0
k79_27031	0
k79_2942	0
k79_14943	0
k79_14945	0
k79_39216	0
k79_39217	0
k79_14946	0
k79_75207	0
k79_27041	0
k79_39220	0
k79_2957	0
k79_63093	0
k79_27046	0
k79_39223	0
k79_39225	0
k79_63094	0
k79_27050	0
k79_63098	0
k79_14948	0
k79_75218	0
k79_63103	0
k79_2974	0
k79_14949	0
k79_51339	0
k79_63106	0
k79_27061	0
k79_87407	0
k79_75224	0
k79_14950	0
k79_63111	0
k79_14953	0
k79_27068	0
k79_75230	0
k79_87415	0
k79_39248	0
k79_75232	0
k79_14959	0
k79_75234	0
k79_75235	0
k79_14961	0
k79_75237	0
k79_87419	0
k79_87421	0
k79_2982	0
k79_27075	0
k79_63135	0
k79_51364	0
k79_87428	0
k79_63137	0
k79_75245	0
k79_63141	0
k79_63143	0
k79_75251	0
k79_14973	0
k79_2995	0
k79_87436	0
k79_39265	0
k79_75257	0
k79_39270	0
k79_27089	0
k79_39271	0
k79_14981	0
k79_75260	0
k79_14982	0
k79_87441	0
k79_51378	0
k79_27097	0
k79_87444	0
k79_75272	0
k79_27102	0
k79_63148	0
k79_14985	0
k79_63149	0
k79_3001	0
k79_27107	0
k79_87449	0
k79_3004	0
k79_51391	0
k79_75276	0
k79_63160	0
k79_63161	0
k79_14993	0
k79_51395	0
k79_51396	0
k79_3009	0
k79_14995	0
k79_75278	0
k79_39297	0
k79_87458	0
k79_14996	0
k79_3012	0
k79_27116	0
k79_75284	0
k79_39302	0
k79_27117	0
k79_75286	0
k79_51408	0
k79_27118	0
k79_3019	0
k79_75289	0
k79_15001	0
k79_3022	0
k79_39310	0
k79_87466	0
k79_63169	0
k79_87467	0
k79_3029	0
k79_27125	0
k79_63173	0
k79_75300	0
k79_75302	0
k79_15014	0
k79_3037	0
k79_51418	0
k79_39314	0
k79_51420	0
k79_15019	0
k79_51424	0
k79_27139	0
k79_27143	0
k79_51428	0
k79_75312	0
k79_27144	0
k79_87479	0
k79_75317	0
k79_3043	0
k79_39326	0
k79_3053	0
k79_27150	0
k79_3055	0
k79_27155	0
k79_3057	0
k79_75332	0
k79_3058	0
k79_15049	0
k79_51443	0
k79_87492	0
k79_15053	0
k79_51450	0
k79_27159	0
k79_63180	0
k79_63181	0
k79_75344	0
k79_75345	0
k79_63182	0
k79_39342	0
k79_3074	0
k79_15073	0
k79_75346	0
k79_63183	0
k79_39343	0
k79_87500	0
k79_3086	0
k79_87503	0
k79_75352	0
k79_3090	0
k79_87504	0
k79_51459	0
k79_39355	0
k79_27169	0
k79_63206	0
k79_3092	0
k79_3094	0
k79_39366	0
k79_87519	0
k79_51476	0
k79_51477	0
k79_39370	0
k79_27182	0
k79_51480	0
k79_63222	0
k79_87530	0
k79_51483	0
k79_39381	0
k79_87532	0
k79_15090	0
k79_27190	0
k79_3111	0
k79_39385	0
k79_87537	0
k79_75371	0
k79_75373	0
k79_75376	0
k79_51490	0
k79_3123	0
k79_15104	0
k79_3124	0
k79_87549	0
k79_51500	0
k79_87551	0
k79_15110	0
k79_3129	0
k79_27193	0
k79_75387	0
k79_87560	0
k79_3131	0
k79_51505	0
k79_51511	0
k79_3139	0
k79_75395	0
k79_51512	0
k79_75396	0
k79_87569	0
k79_63242	0
k79_75404	0
k79_27210	0
k79_3150	0
k79_75413	0
k79_63262	0
k79_15120	0
k79_3153	0
k79_63265	0
k79_27215	0
k79_15122	0
k79_75418	0
k79_51525	0
k79_63270	0
k79_87595	0
k79_75419	0
k79_75421	0
k79_27219	0
k79_15129	0
k79_51537	0
k79_15131	0
k79_3167	0
k79_27224	0
k79_27225	0
k79_87606	0
k79_51539	0
k79_51540	0
k79_87607	0
k79_3176	0
k79_51542	0
k79_75426	0
k79_51543	0
k79_3180	0
k79_39413	0
k79_51548	0
k79_3181	0
k79_87616	0
k79_39414	0
k79_15146	0
k79_87617	0
k79_63281	0
k79_87619	0
k79_51556	0
k79_39419	0
k79_3191	0
k79_15152	0
k79_87620	0
k79_3192	0
k79_27232	0
k79_87622	0
k79_3195	0
k79_15156	0
k79_51565	0
k79_27237	0
k79_3197	0
k79_39422	0
k79_15159	0
k79_51571	0
k79_3201	0
k79_63286	0
k79_87628	0
k79_63291	0
k79_27242	0
k79_27246	0
k79_51582	0
k79_3211	0
k79_39428	0
k79_27249	0
k79_27250	0
k79_3217	0
k79_51586	0
k79_87632	0
k79_63298	0
k79_3223	0
k79_87636	0
k79_75484	0
k79_51591	0
k79_63304	0
k79_27255	0
k79_39435	0
k79_51593	0
k79_3225	0
k79_39436	0
k79_63311	0
k79_27256	0
k79_87648	0
k79_3231	0
k79_75488	0
k79_39439	0
k79_51599	0
k79_27260	0
k79_3236	0
k79_87664	0
k79_75508	0
k79_39450	0
k79_75509	0
k79_27268	0
k79_3241	0
k79_87667	0
k79_27270	0
k79_63338	0
k79_3245	0
k79_63340	0
k79_27275	0
k79_39459	0
k79_27282	0
k79_87680	0
k79_51613	0
k79_3259	0
k79_27284	0
k79_87683	0
k79_63343	0
k79_27285	0
k79_27291	0
k79_63350	0
k79_63351	0
k79_15210	0
k79_27296	0
k79_15211	0
k79_39479	0
k79_27302	0
k79_63362	0
k79_27305	0
k79_51626	0
k79_63364	0
k79_39485	0
k79_15220	0
k79_15221	0
k79_3276	0
k79_63369	0
k79_15223	0
k79_63370	0
k79_51638	0
k79_39491	0
k79_87693	0
k79_51639	0
k79_15228	0
k79_15230	0
k79_87701	0
k79_75514	0
k79_51642	0
k79_63376	0
k79_39496	0
k79_3287	0
k79_51643	0
k79_39498	0
k79_75520	0
k79_3289	0
k79_87707	0
k79_3296	0
k79_39512	0
k79_87710	0
k79_3300	0
k79_75533	0
k79_63385	0
k79_87711	0
k79_27313	0
k79_39518	0
k79_51653	0
k79_87717	0
k79_39519	0
k79_27317	0
k79_51654	0
k79_87721	0
k79_15254	0
k79_39521	0
k79_27318	0
k79_75553	0
k79_51656	0
k79_87722	0
k79_39524	0
k79_27323	0
k79_15257	0
k79_87727	0
k79_51663	0
k79_27324	0
k79_15258	0
k79_27328	0
k79_15260	0
k79_39538	0
k79_27332	0
k79_75569	0
k79_39544	0
k79_3329	0
k79_39546	0
k79_27341	0
k79_15268	0
k79_27345	0
k79_15271	0
k79_75577	0
k79_39552	0
k79_39555	0
k79_63418	0
k79_39558	0
k79_3341	0
k79_87737	0
k79_39561	0
k79_27352	0
k79_51675	0
k79_51676	0
k79_63432	0
k79_39567	0
k79_3345	0
k79_3346	0
k79_63434	0
k79_87743	0
k79_3350	0
k79_63442	0
k79_75589	0
k79_87753	0
k79_63443	0
k79_75591	0
k79_3355	0
k79_87755	0
k79_63445	0
k79_27369	0
k79_87756	0
k79_27370	0
k79_87757	0
k79_51690	0
k79_63448	0
k79_3363	0
k79_87758	0
k79_15291	0
k79_75597	0
k79_3367	0
k79_15293	0
k79_75599	0
k79_15295	0
k79_51695	0
k79_3371	0
k79_27376	0
k79_39582	0
k79_15296	0
k79_75608	0
k79_63455	0
k79_87774	0
k79_15299	0
k79_3375	0
k79_75612	0
k79_15301	0
k79_87776	0
k79_3379	0
k79_27389	0
k79_75616	0
k79_15304	0
k79_3381	0
k79_15306	0
k79_3382	0
k79_39595	0
k79_75622	0
k79_87788	0
k79_63468	0
k79_15317	0
k79_39599	0
k79_75629	0
k79_63473	0
k79_15320	0
k79_87797	0
k79_63475	0
k79_39604	0
k79_87799	0
k79_27401	0
k79_15323	0
k79_63478	0
k79_15324	0
k79_27408	0
k79_63481	0
k79_87804	0
k79_75651	0
k79_63482	0
k79_3403	0
k79_87806	0
k79_15333	0
k79_27413	0
k79_75653	0
k79_39614	0
k79_27414	0
k79_63489	0
k79_39620	0
k79_27417	0
k79_75660	0
k79_3416	0
k79_63493	0
k79_3417	0
k79_75661	0
k79_63498	0
k79_15339	0
k79_39627	0
k79_15343	0
k79_51709	0
k79_39636	0
k79_15348	0
k79_51713	0
k79_3425	0
k79_75681	0
k79_87829	0
k79_27426	0
k79_3429	0
k79_15356	0
k79_51722	0
k79_3434	0
k79_63504	0
k79_51727	0
k79_39646	0
k79_87840	0
k79_63505	0
k79_15362	0
k79_3436	0
k79_15364	0
k79_87841	0
k79_27434	0
k79_75694	0
k79_51730	0
k79_63507	0
k79_15365	0
k79_51734	0
k79_87846	0
k79_63510	0
k79_3448	0
k79_63512	0
k79_15372	0
k79_3452	0
k79_87852	0
k79_39657	0
k79_15376	0
k79_3454	0
k79_87857	0
k79_39666	0
k79_27446	0
k79_63530	0
k79_15383	0
k79_51739	0
k79_27448	0
k79_51740	0
k79_15388	0
k79_87867	0
k79_27450	0
k79_63535	0
k79_87868	0
k79_39673	0
k79_27454	0
k79_75710	0
k79_39680	0
k79_27456	0
k79_27458	0
k79_63544	0
k79_39689	0
k79_51752	0
k79_75713	0
k79_39691	0
k79_87886	0
k79_75716	0
k79_63550	0
k79_51763	0
k79_87889	0
k79_3458	0
k79_75718	0
k79_51766	0
k79_3459	0
k79_63553	0
k79_75723	0
k79_87894	0
k79_63554	0
k79_3461	0
k79_39699	0
k79_87898	0
k79_3463	0
k79_87901	0
k79_51775	0
k79_39704	0
k79_87903	0
k79_51777	0
k79_27483	0
k79_51778	0
k79_51783	0
k79_87907	0
k79_87909	0
k79_27493	0
k79_63565	0
k79_3480	0
k79_75740	0
k79_15403	0
k79_3482	0
k79_27498	0
k79_51796	0
k79_75747	0
k79_15413	0
k79_39726	0
k79_87919	0
k79_27507	0
k79_39728	0
k79_87921	0
k79_51801	0
k79_51804	0
k79_51808	0
k79_15424	0
k79_51809	0
k79_39742	0
k79_75754	0
k79_15427	0
k79_51810	0
k79_63591	0
k79_39751	0
k79_3498	0
k79_87930	0
k79_75766	0
k79_63594	0
k79_75767	0
k79_39755	0
k79_27518	0
k79_15438	0
k79_51817	0
k79_87934	0
k79_39756	0
k79_27520	0
k79_27523	0
k79_63605	0
k79_27524	0
k79_75776	0
k79_15443	0
k79_75777	0
k79_39762	0
k79_63611	0
k79_3511	0
k79_75783	0
k79_39769	0
k79_87944	0
k79_39770	0
k79_63618	0
k79_75786	0
k79_63621	0
k79_87946	0
k79_39777	0
k79_51826	0
k79_63625	0
k79_39781	0
k79_51830	0
k79_27541	0
k79_63629	0
k79_39787	0
k79_63636	0
k79_15450	0
k79_3536	0
k79_75796	0
k79_27553	0
k79_51836	0
k79_75798	0
k79_3539	0
k79_3541	0
k79_27564	0
k79_51845	0
k79_39795	0
k79_39796	0
k79_27573	0
k79_63647	0
k79_39800	0
k79_51862	0
k79_63650	0
k79_39802	0
k79_51866	0
k79_63651	0
k79_3551	0
k79_39808	0
k79_87955	0
k79_51871	0
k79_63656	0
k79_3554	0
k79_75821	0
k79_39809	0
k79_63658	0
k79_87959	0
k79_39813	0
k79_3561	0
k79_15462	0
k79_39814	0
k79_63663	0
k79_75829	0
k79_51880	0
k79_15463	0
k79_63665	0
k79_51882	0
k79_63666	0
k79_39819	0
k79_51886	0
k79_15470	0
k79_3572	0
k79_15476	0
k79_27585	0
k79_63682	0
k79_39829	0
k79_75836	0
k79_63685	0
k79_15485	0
k79_87965	0
k79_39837	0
k79_75841	0
k79_3574	0
k79_15493	0
k79_27600	0
k79_75846	0
k79_27605	0
k79_39840	0
k79_39842	0
k79_27608	0
k79_63693	0
k79_27612	0
k79_87982	0
k79_39851	0
k79_63700	0
k79_27616	0
k79_63701	0
k79_15506	0
k79_87987	0
k79_63703	0
k79_87989	0
k79_39861	0
k79_27624	0
k79_3604	0
k79_15512	0
k79_3605	0
k79_27627	0
k79_63707	0
k79_51906	0
k79_75869	0
k79_27628	0
k79_15519	0
k79_88002	0
k79_63714	0
k79_27632	0
k79_75874	0
k79_39867	0
k79_51916	0
k79_27636	0
k79_88013	0
k79_51918	0
k79_15533	0
k79_88015	0
k79_51921	0
k79_15535	0
k79_3613	0
k79_88017	0
k79_51926	0
k79_3614	0
k79_88019	0
k79_51927	0
k79_3615	0
k79_63733	0
k79_75888	0
k79_3616	0
k79_88029	0
k79_63739	0
k79_75893	0
k79_39890	0
k79_75895	0
k79_51941	0
k79_88038	0
k79_63750	0
k79_15538	0
k79_63751	0
k79_15539	0
k79_51944	0
k79_63752	0
k79_88043	0
k79_3630	0
k79_63753	0
k79_75899	0
k79_51949	0
k79_88048	0
k79_27650	0
k79_63760	0
k79_27651	0
k79_27652	0
k79_75906	0
k79_63761	0
k79_39895	0
k79_51952	0
k79_63762	0
k79_51958	0
k79_39903	0
k79_27656	0
k79_51959	0
k79_75911	0
k79_3637	0
k79_27661	0
k79_88064	0
k79_75912	0
k79_27662	0
k79_39911	0
k79_51969	0
k79_39912	0
k79_3653	0
k79_63765	0
k79_39919	0
k79_88078	0
k79_63768	0
k79_51977	0
k79_39924	0
k79_51981	0
k79_88083	0
k79_51984	0
k79_15556	0
k79_27676	0
k79_51986	0
k79_15558	0
k79_63782	0
k79_3669	0
k79_75925	0
k79_27678	0
k79_15559	0
k79_88090	0
k79_51990	0
k79_3670	0
k79_63783	0
k79_27679	0
k79_51991	0
k79_75929	0
k79_15562	0
k79_27682	0
k79_3675	0
k79_39941	0
k79_51993	0
k79_63790	0
k79_75930	0
k79_15564	0
k79_27683	0
k79_15565	0
k79_51996	0
k79_3683	0
k79_15572	0
k79_3685	0
k79_75947	0
k79_15575	0
k79_75948	0
k79_3686	0
k79_27698	0
k79_15581	0
k79_39950	0
k79_3693	0
k79_75957	0
k79_27702	0
k79_15583	0
k79_63797	0
k79_88119	0
k79_75958	0
k79_27703	0
k79_27704	0
k79_88124	0
k79_52015	0
k79_3702	0
k79_63801	0
k79_75963	0
k79_27707	0
k79_15594	0
k79_75968	0
k79_39959	0
k79_88131	0
k79_15595	0
k79_39960	0
k79_88134	0
k79_75970	0
k79_15598	0
k79_88135	0
k79_88136	0
k79_63815	0
k79_15601	0
k79_75975	0
k79_27716	0
k79_52028	0
k79_88137	0
k79_15604	0
k79_52029	0
k79_88140	0
k79_39964	0
k79_15606	0
k79_27721	0
k79_75982	0
k79_3716	0
k79_27724	0
k79_39976	0
k79_27725	0
k79_15610	0
k79_3722	0
k79_15612	0
k79_39980	0
k79_75991	0
k79_3730	0
k79_15618	0
k79_3731	0
k79_75995	0
k79_15622	0
k79_27740	0
k79_27741	0
k79_3734	0
k79_63833	0
k79_76007	0
k79_15627	0
k79_3736	0
k79_52049	0
k79_27752	0
k79_76009	0
k79_15629	0
k79_39999	0
k79_15637	0
k79_3745	0
k79_88159	0
k79_52054	0
k79_88161	0
k79_52057	0
k79_27760	0
k79_63846	0
k79_3749	0
k79_40005	0
k79_76020	0
k79_52060	0
k79_88166	0
k79_3753	0
k79_63850	0
k79_76024	0
k79_40009	0
k79_63852	0
k79_52065	0
k79_40012	0
k79_88171	0
k79_76042	0
k79_3755	0
k79_76043	0
k79_3757	0
k79_88182	0
k79_3763	0
k79_15641	0
k79_76049	0
k79_3764	0
k79_88184	0
k79_40019	0
k79_76062	0
k79_3768	0
k79_15653	0
k79_52093	0
k79_52095	0
k79_3776	0
k79_40024	0
k79_15656	0
k79_63875	0
k79_52097	0
k79_40031	0
k79_15659	0
k79_63886	0
k79_3788	0
k79_15660	0
k79_63887	0
k79_76074	0
k79_15661	0
k79_3789	0
k79_40040	0
k79_15662	0
k79_40043	0
k79_76081	0
k79_3793	0
k79_76082	0
k79_40044	0
k79_40046	0
k79_52108	0
k79_3796	0
k79_63905	0
k79_3797	0
k79_27772	0
k79_52110	0
k79_76089	0
k79_3800	0
k79_63909	0
k79_88225	0
k79_63910	0
k79_27780	0
k79_52114	0
k79_88228	0
k79_27781	0
k79_88231	0
k79_40067	0
k79_52120	0
k79_3806	0
k79_3807	0
k79_3808	0
k79_15679	0
k79_27790	0
k79_40073	0
k79_15681	0
k79_27791	0
k79_63927	0
k79_3815	0
k79_40079	0
k79_76119	0
k79_27792	0
k79_15685	0
k79_3816	0
k79_40080	0
k79_15686	0
k79_27794	0
k79_76123	0
k79_52128	0
k79_76126	0
k79_76128	0
k79_52134	0
k79_76130	0
k79_15696	0
k79_52135	0
k79_15698	0
k79_52136	0
k79_40092	0
k79_52140	0
k79_76138	0
k79_52141	0
k79_15707	0
k79_15708	0
k79_63953	0
k79_52147	0
k79_15711	0
k79_40113	0
k79_76146	0
k79_15712	0
k79_52156	0
k79_15718	0
k79_76153	0
k79_52158	0
k79_40117	0
k79_88299	0
k79_52168	0
k79_15729	0
k79_40122	0
k79_3822	0
k79_76161	0
k79_52169	0
k79_40124	0
k79_76166	0
k79_88308	0
k79_52173	0
k79_40125	0
k79_76167	0
k79_52176	0
k79_76172	0
k79_15736	0
k79_15742	0
k79_76181	0
k79_52188	0
k79_63958	0
k79_40148	0
k79_40149	0
k79_52199	0
k79_40151	0
k79_27825	0
k79_76186	0
k79_40152	0
k79_63966	0
k79_27829	0
k79_76187	0
k79_40153	0
k79_15755	0
k79_3831	0
k79_76191	0
k79_15758	0
k79_52201	0
k79_15763	0
k79_52208	0
k79_63969	0
k79_15770	0
k79_52211	0
k79_27848	0
k79_88330	0
k79_63972	0
k79_3841	0
k79_88332	0
k79_15773	0
k79_27851	0
k79_63980	0
k79_27853	0
k79_52214	0
k79_3853	0
k79_63985	0
k79_15780	0
k79_3858	0
k79_52219	0
k79_63994	0
k79_52221	0
k79_15788	0
k79_15792	0
k79_3864	0
k79_76203	0
k79_27862	0
k79_52230	0
k79_3869	0
k79_15799	0
k79_3870	0
k79_15801	0
k79_76212	0
k79_40162	0
k79_63996	0
k79_15806	0
k79_76219	0
k79_76220	0
k79_40170	0
k79_64004	0
k79_15808	0
k79_88361	0
k79_40173	0
k79_15810	0
k79_76227	0
k79_15811	0
k79_76229	0
k79_76230	0
k79_3880	0
k79_40185	0
k79_15817	0
k79_76231	0
k79_88370	0
k79_76232	0
k79_15821	0
k79_3885	0
k79_27876	0
k79_64014	0
k79_40197	0
k79_76239	0
k79_88381	0
k79_27880	0
k79_15828	0
k79_64019	0
k79_27881	0
k79_15829	0
k79_3896	0
k79_52247	0
k79_3904	0
k79_15840	0
k79_52248	0
k79_15841	0
k79_64026	0
k79_15844	0
k79_27896	0
k79_64027	0
k79_88393	0
k79_88395	0
k79_40206	0
k79_15850	0
k79_27903	0
k79_76266	0
k79_52264	0
k79_40209	0
k79_76268	0
k79_52265	0
k79_15857	0
k79_52269	0
k79_76278	0
k79_27908	0
k79_88400	0
k79_40216	0
k79_15862	0
k79_52278	0
k79_27915	0
k79_88404	0
k79_76282	0
k79_15865	0
k79_76284	0
k79_40223	0
k79_88409	0
k79_27925	0
k79_52291	0
k79_76291	0
k79_40229	0
k79_64041	0
k79_27933	0
k79_3924	0
k79_40241	0
k79_52302	0
k79_15871	0
k79_64047	0
k79_76297	0
k79_40245	0
k79_52303	0
k79_15872	0
k79_88412	0
k79_52305	0
k79_64053	0
k79_40248	0
k79_76302	0
k79_52310	0
k79_40255	0
k79_15882	0
k79_76306	0
k79_64062	0
k79_52315	0
k79_64063	0
k79_15887	0
k79_3934	0
k79_64064	0
k79_27958	0
k79_52322	0
k79_52323	0
k79_64065	0
k79_40274	0
k79_27964	0
k79_52326	0
k79_64070	0
k79_3939	0
k79_27972	0
k79_64071	0
k79_52334	0
k79_27974	0
k79_64074	0
k79_3942	0
k79_88438	0
k79_52340	0
k79_3947	0
k79_76316	0
k79_64076	0
k79_40294	0
k79_52343	0
k79_76319	0
k79_64078	0
k79_15891	0
k79_52347	0
k79_88449	0
k79_52349	0
k79_3952	0
k79_64081	0
k79_3957	0
k79_64089	0
k79_3959	0
k79_3960	0
k79_64090	0
k79_3964	0
k79_88458	0
k79_88461	0
k79_3970	0
k79_88473	0
k79_76339	0
k79_40317	0
k79_27986	0
k79_27989	0
k79_3983	0
k79_52385	0
k79_40323	0
k79_88479	0
k79_64117	0
k79_15899	0
k79_52389	0
k79_40327	0
k79_3988	0
k79_88481	0
k79_40328	0
k79_64119	0
k79_27995	0
k79_40329	0
k79_15903	0
k79_64120	0
k79_52394	0
k79_76344	0
k79_3991	0
k79_3992	0
k79_40336	0
k79_40337	0
k79_76354	0
k79_28003	0
k79_64130	0
k79_40338	0
k79_88485	0
k79_28005	0
k79_40343	0
k79_76368	0
k79_64141	0
k79_28010	0
k79_52411	0
k79_76369	0
k79_76370	0
k79_64143	0
k79_28017	0
k79_52414	0
k79_15912	0
k79_28018	0
k79_15913	0
k79_52420	0
k79_76378	0
k79_40372	0
k79_28025	0
k79_64157	0
k79_76381	0
k79_88501	0
k79_64158	0
k79_28028	0
k79_76384	0
k79_88504	0
k79_52435	0
k79_64166	0
k79_4010	0
k79_76389	0
k79_88508	0
k79_64167	0
k79_52442	0
k79_28035	0
k79_76393	0
k79_28039	0
k79_88517	0
k79_15934	0
k79_52456	0
k79_4027	0
k79_88518	0
k79_28049	0
k79_76406	0
k79_64188	0
k79_40395	0
k79_76410	0
k79_52461	0
k79_28054	0
k79_40397	0
k79_15946	0
k79_52467	0
k79_40399	0
k79_76418	0
k79_28063	0
k79_64210	0
k79_40408	0
k79_4047	0
k79_15963	0
k79_15964	0
k79_64215	0
k79_76424	0
k79_52478	0
k79_40411	0
k79_4050	0
k79_76426	0
k79_15970	0
k79_64222	0
k79_4056	0
k79_88530	0
k79_76439	0
k79_88531	0
k79_4064	0
k79_88536	0
k79_15980	0
k79_88537	0
k79_76450	0
k79_15983	0
k79_4070	0
k79_40425	0
k79_4071	0
k79_64232	0
k79_52500	0
k79_76459	0
k79_4074	0
k79_40431	0
k79_64234	0
k79_76462	0
k79_52506	0
k79_88547	0
k79_28076	0
k79_52509	0
k79_40440	0
k79_15991	0
k79_28084	0
k79_64254	0
k79_52525	0
k79_40451	0
k79_52527	0
k79_16004	0
k79_40456	0
k79_64257	0
k79_28097	0
k79_64258	0
k79_88560	0
k79_16012	0
k79_28099	0
k79_88561	0
k79_16013	0
k79_28101	0
k79_28103	0
k79_88564	0
k79_28105	0
k79_64264	0
k79_40479	0
k79_28106	0
k79_64266	0
k79_64271	0
k79_40485	0
k79_4083	0
k79_88566	0
k79_28111	0
k79_40487	0
k79_4089	0
k79_64275	0
k79_28115	0
k79_88576	0
k79_16019	0
k79_40494	0
k79_76468	0
k79_40497	0
k79_76470	0
k79_88585	0
k79_40501	0
k79_4096	0
k79_88587	0
k79_28124	0
k79_40503	0
k79_76477	0
k79_88588	0
k79_40504	0
k79_76482	0
k79_28128	0
k79_4105	0
k79_64289	0
k79_76484	0
k79_64291	0
k79_40512	0
k79_40513	0
k79_52538	0
k79_64300	0
k79_88599	0
k79_52543	0
k79_16033	0
k79_88601	0
k79_28138	0
k79_16034	0
k79_76486	0
k79_88602	0
k79_52545	0
k79_40516	0
k79_16040	0
k79_40518	0
k79_28140	0
k79_64309	0
k79_4117	0
k79_52547	0
k79_16046	0
k79_40520	0
k79_28142	0
k79_88610	0
k79_52549	0
k79_64313	0
k79_40522	0
k79_88613	0
k79_40523	0
k79_52554	0
k79_64320	0
k79_76491	0
k79_28157	0
k79_76492	0
k79_16062	0
k79_4137	0
k79_76493	0
k79_40531	0
k79_16065	0
k79_64324	0
k79_76495	0
k79_88619	0
k79_52561	0
k79_16069	0
k79_28161	0
k79_40540	0
k79_28164	0
k79_4156	0
k79_4157	0
k79_52578	0
k79_4159	0
k79_76502	0
k79_4162	0
k79_88625	0
k79_40553	0
k79_28170	0
k79_4165	0
k79_16080	0
k79_76507	0
k79_88627	0
k79_16085	0
k79_40560	0
k79_40562	0
k79_4171	0
k79_52594	0
k79_64333	0
k79_88636	0
k79_76520	0
k79_52595	0
k79_40571	0
k79_64338	0
k79_40573	0
k79_52597	0
k79_28189	0
k79_40577	0
k79_76524	0
k79_88641	0
k79_76526	0
k79_40581	0
k79_28201	0
k79_28202	0
k79_28203	0
k79_4179	0
k79_64354	0
k79_40583	0
k79_28208	0
k79_16108	0
k79_64358	0
k79_64362	0
k79_76534	0
k79_76538	0
k79_88656	0
k79_64368	0
k79_16111	0
k79_40591	0
k79_16112	0
k79_76542	0
k79_52602	0
k79_64378	0
k79_16116	0
k79_52607	0
k79_88670	0
k79_64382	0
k79_16120	0
k79_28222	0
k79_88676	0
k79_28223	0
k79_88679	0
k79_40616	0
k79_16130	0
k79_64400	0
k79_16134	0
k79_64401	0
k79_76581	0
k79_16137	0
k79_64404	0
k79_16141	0
k79_40622	0
k79_76584	0
k79_4187	0
k79_76586	0
k79_64407	0
k79_52634	0
k79_4189	0
k79_28241	0
k79_52635	0
k79_64410	0
k79_76591	0
k79_28243	0
k79_52637	0
k79_40626	0
k79_4191	0
k79_64413	0
k79_76597	0
k79_64415	0
k79_4194	0
k79_52639	0
k79_88688	0
k79_4195	0
k79_64417	0
k79_64420	0
k79_76611	0
k79_52644	0
k79_64422	0
k79_64423	0
k79_52650	0
k79_76618	0
k79_52651	0
k79_16164	0
k79_4199	0
k79_16165	0
k79_52661	0
k79_28264	0
k79_40643	0
k79_52662	0
k79_40652	0
k79_52669	0
k79_64439	0
k79_28278	0
k79_40653	0
k79_64442	0
k79_40655	0
k79_4202	0
k79_88699	0
k79_28283	0
k79_64451	0
k79_28288	0
k79_16169	0
k79_88705	0
k79_4204	0
k79_40665	0
k79_40666	0
k79_16176	0
k79_4208	0
k79_76654	0
k79_64468	0
k79_16178	0
k79_4210	0
k79_88713	0
k79_28299	0
k79_28302	0
k79_40677	0
k79_64479	0
k79_28304	0
k79_40678	0
k79_64480	0
k79_40681	0
k79_76677	0
k79_64482	0
k79_88732	0
k79_28314	0
k79_52700	0
k79_4221	0
k79_28318	0
k79_40685	0
k79_16194	0
k79_52705	0
k79_4222	0
k79_4223	0
k79_88743	0
k79_16196	0
k79_40689	0
k79_52709	0
k79_76686	0
k79_4230	0
k79_16200	0
k79_40694	0
k79_88749	0
k79_4231	0
k79_64495	0
k79_88751	0
k79_16203	0
k79_40697	0
k79_16205	0
k79_64501	0
k79_4238	0
k79_40701	0
k79_88755	0
k79_88756	0
k79_4242	0
k79_28324	0
k79_16208	0
k79_64505	0
k79_52720	0
k79_76704	0
k79_64507	0
k79_16213	0
k79_76707	0
k79_76709	0
k79_40719	0
k79_4244	0
k79_40720	0
k79_76710	0
k79_40722	0
k79_76712	0
k79_28330	0
k79_40724	0
k79_16225	0
k79_76716	0
k79_40727	0
k79_64519	0
k79_76722	0
k79_40730	0
k79_4255	0
k79_28337	0
k79_76725	0
k79_88766	0
k79_4256	0
k79_76727	0
k79_28341	0
k79_28343	0
k79_28348	0
k79_88777	0
k79_76738	0
k79_28349	0
k79_76746	0
k79_28358	0
k79_76749	0
k79_16274	0
k79_28360	0
k79_28363	0
k79_88789	0
k79_76756	0
k79_4269	0
k79_88791	0
k79_4270	0
k79_52740	0
k79_52741	0
k79_52750	0
k79_4274	0
k79_28373	0
k79_52753	0
k79_4279	0
k79_28374	0
k79_76768	0
k79_28383	0
k79_76772	0
k79_52759	0
k79_16284	0
k79_4284	0
k79_76779	0
k79_64527	0
k79_4285	0
k79_76780	0
k79_4288	0
k79_76787	0
k79_76789	0
k79_16292	0
k79_64532	0
k79_40750	0
k79_16295	0
k79_4293	0
k79_16297	0
k79_4295	0
k79_40757	0
k79_88814	0
k79_64544	0
k79_40763	0
k79_16304	0
k79_28406	0
k79_64548	0
k79_64551	0
k79_16312	0
k79_40768	0
k79_88822	0
k79_52778	0
k79_40769	0
k79_40770	0
k79_52782	0
k79_28423	0
k79_40776	0
k79_52787	0
k79_28426	0
k79_16317	0
k79_4304	0
k79_76796	0
k79_88835	0
k79_16323	0
k79_64557	0
k79_4310	0
k79_52795	0
k79_16326	0
k79_76808	0
k79_64569	0
k79_76809	0
k79_4318	0
k79_64570	0
k79_16331	0
k79_76811	0
k79_4322	0
k79_76812	0
k79_64575	0
k79_64576	0
k79_28448	0
k79_88842	0
k79_4324	0
k79_4325	0
k79_88848	0
k79_4326	0
k79_52811	0
k79_76819	0
k79_88854	0
k79_64592	0
k79_64597	0
k79_16346	0
k79_4339	0
k79_88869	0
k79_4340	0
k79_88872	0
k79_76826	0
k79_64610	0
k79_4343	0
k79_16361	0
k79_4345	0
k79_64612	0
k79_28464	0
k79_88876	0
k79_4347	0
k79_64615	0
k79_4351	0
k79_88881	0
k79_16370	0
k79_28471	0
k79_64616	0
k79_88882	0
k79_64619	0
k79_40786	0
k79_4363	0
k79_76832	0
k79_64622	0
k79_28480	0
k79_76834	0
k79_52826	0
k79_40793	0
k79_64624	0
k79_40796	0
k79_64625	0
k79_76839	0
k79_52831	0
k79_64628	0
k79_28492	0
k79_28494	0
k79_28495	0
k79_64632	0
k79_52842	0
k79_76844	0
k79_52843	0
k79_16375	0
k79_76850	0
k79_40815	0
k79_76852	0
k79_28501	0
k79_88895	0
k79_16379	0
k79_40820	0
k79_52852	0
k79_64651	0
k79_4380	0
k79_88899	0
k79_52854	0
k79_16382	0
k79_40822	0
k79_28510	0
k79_28512	0
k79_76865	0
k79_4387	0
k79_64655	0
k79_52860	0
k79_28515	0
k79_76869	0
k79_28516	0
k79_64661	0
k79_4399	0
k79_64664	0
k79_64667	0
k79_52868	0
k79_76879	0
k79_52871	0
k79_64672	0
k79_76882	0
k79_52872	0
k79_64675	0
k79_28519	0
k79_4409	0
k79_28520	0
k79_64680	0
k79_64681	0
k79_40845	0
k79_76898	0
k79_40846	0
k79_16396	0
k79_28529	0
k79_16397	0
k79_76905	0
k79_28532	0
k79_16402	0
k79_76906	0
k79_4417	0
k79_28534	0
k79_16406	0
k79_52889	0
k79_28535	0
k79_64695	0
k79_64697	0
k79_28536	0
k79_64699	0
k79_76915	0
k79_52901	0
k79_76916	0
k79_88912	0
k79_16412	0
k79_16413	0
k79_76917	0
k79_16416	0
k79_52905	0
k79_4432	0
k79_16425	0
k79_28549	0
k79_76919	0
k79_76920	0
k79_52913	0
k79_28553	0
k79_28556	0
k79_4444	0
k79_64730	0
k79_16435	0
k79_64731	0
k79_88924	0
k79_76931	0
k79_64732	0
k79_16441	0
k79_76935	0
k79_40880	0
k79_28561	0
k79_64736	0
k79_4450	0
k79_52917	0
k79_16446	0
k79_76940	0
k79_4452	0
k79_64741	0
k79_76941	0
k79_40888	0
k79_4453	0
k79_28568	0
k79_16449	0
k79_76943	0
k79_64743	0
k79_52927	0
k79_4457	0
k79_16453	0
k79_64744	0
k79_16454	0
k79_4459	0
k79_76945	0
k79_88932	0
k79_52932	0
k79_64745	0
k79_4465	0
k79_52933	0
k79_88937	0
k79_64757	0
k79_28589	0
k79_16467	0
k79_52939	0
k79_16468	0
k79_52941	0
k79_64762	0
k79_52943	0
k79_16473	0
k79_40914	0
k79_16475	0
k79_40916	0
k79_88946	0
k79_4471	0
k79_40917	0
k79_64773	0
k79_28606	0
k79_88948	0
k79_16483	0
k79_88950	0
k79_16485	0
k79_28609	0
k79_52949	0
k79_4477	0
k79_40922	0
k79_76985	0
k79_88955	0
k79_40924	0
k79_4484	0
k79_40929	0
k79_28623	0
k79_40931	0
k79_76994	0
k79_40934	0
k79_52963	0
k79_40935	0
k79_64781	0
k79_88968	0
k79_40941	0
k79_77015	0
k79_4495	0
k79_28636	0
k79_88969	0
k79_4500	0
k79_77016	0
k79_88972	0
k79_77017	0
k79_4504	0
k79_40955	0
k79_4505	0
k79_40962	0
k79_16511	0
k79_64802	0
k79_64803	0
k79_64804	0
k79_52965	0
k79_40973	0
k79_77028	0
k79_28645	0
k79_88988	0
k79_64808	0
k79_16520	0
k79_28647	0
k79_40977	0
k79_77037	0
k79_88992	0
k79_28650	0
k79_40979	0
k79_77039	0
k79_4516	0
k79_64811	0
k79_4519	0
k79_40985	0
k79_89004	0
k79_16535	0
k79_52970	0
k79_28659	0
k79_16538	0
k79_4525	0
k79_40992	0
k79_28661	0
k79_52973	0
k79_64822	0
k79_64825	0
k79_52974	0
k79_64829	0
k79_77049	0
k79_28671	0
k79_64830	0
k79_28673	0
k79_41001	0
k79_41004	0
k79_89030	0
k79_4536	0
k79_52987	0
k79_4539	0
k79_41014	0
k79_41018	0
k79_4547	0
k79_41021	0
k79_28681	0
k79_41024	0
k79_52994	0
k79_41027	0
k79_52996	0
k79_64842	0
k79_52998	0
k79_28691	0
k79_28694	0
k79_64848	0
k79_41040	0
k79_16552	0
k79_41042	0
k79_16554	0
k79_53004	0
k79_41049	0
k79_4556	0
k79_4558	0
k79_41056	0
k79_53012	0
k79_28696	0
k79_53014	0
k79_89052	0
k79_16562	0
k79_4564	0
k79_41064	0
k79_4565	0
k79_16564	0
k79_64855	0
k79_41069	0
k79_89062	0
k79_16568	0
k79_53022	0
k79_41073	0
k79_53025	0
k79_28710	0
k79_41074	0
k79_89068	0
k79_16576	0
k79_89069	0
k79_4567	0
k79_41077	0
k79_53030	0
k79_28716	0
k79_53031	0
k79_28719	0
k79_28725	0
k79_53038	0
k79_77108	0
k79_77109	0
k79_64876	0
k79_89078	0
k79_77116	0
k79_64879	0
k79_41080	0
k79_16601	0
k79_64881	0
k79_77119	0
k79_41081	0
k79_4570	0
k79_28744	0
k79_28748	0
k79_4576	0
k79_77126	0
k79_16606	0
k79_64891	0
k79_77130	0
k79_64892	0
k79_4585	0
k79_77132	0
k79_41096	0
k79_77137	0
k79_28765	0
k79_41098	0
k79_41100	0
k79_77141	0
k79_41103	0
k79_16623	0
k79_41109	0
k79_16628	0
k79_53071	0
k79_41111	0
k79_77157	0
k79_77158	0
k79_41113	0
k79_89116	0
k79_4601	0
k79_77163	0
k79_89119	0
k79_4611	0
k79_77168	0
k79_28779	0
k79_16641	0
k79_64926	0
k79_53098	0
k79_16646	0
k79_89124	0
k79_53101	0
k79_16647	0
k79_16649	0
k79_4627	0
k79_89133	0
k79_77180	0
k79_53110	0
k79_53111	0
k79_77184	0
k79_89135	0
k79_64932	0
k79_53115	0
k79_16659	0
k79_28788	0
k79_16662	0
k79_53118	0
k79_89142	0
k79_16664	0
k79_28794	0
k79_77191	0
k79_89144	0
k79_16665	0
k79_77193	0
k79_64937	0
k79_53127	0
k79_41151	0
k79_16666	0
k79_64939	0
k79_4647	0
k79_41156	0
k79_77203	0
k79_53136	0
k79_16672	0
k79_64946	0
k79_77206	0
k79_53140	0
k79_64947	0
k79_4655	0
k79_4656	0
k79_77208	0
k79_64949	0
k79_53147	0
k79_77209	0
k79_64954	0
k79_53153	0
k79_77212	0
k79_41177	0
k79_89160	0
k79_41181	0
k79_77222	0
k79_89169	0
k79_41183	0
k79_53163	0
k79_77228	0
k79_64959	0
k79_77229	0
k79_41187	0
k79_53164	0
k79_28799	0
k79_28800	0
k79_89183	0
k79_41191	0
k79_28801	0
k79_53169	0
k79_41195	0
k79_89189	0
k79_4673	0
k79_53173	0
k79_77240	0
k79_89192	0
k79_28809	0
k79_53176	0
k79_41201	0
k79_4682	0
k79_64970	0
k79_28810	0
k79_89200	0
k79_64972	0
k79_41205	0
k79_28811	0
k79_28812	0
k79_53189	0
k79_64979	0
k79_64980	0
k79_28819	0
k79_4699	0
k79_41209	0
k79_41210	0
k79_77253	0
k79_4704	0
k79_28824	0
k79_4706	0
k79_28829	0
k79_16682	0
k79_4709	0
k79_53196	0
k79_89210	0
k79_77268	0
k79_64995	0
k79_16687	0
k79_4710	0
k79_53203	0
k79_77272	0
k79_28836	0
k79_4713	0
k79_64999	0
k79_65005	0
k79_28839	0
k79_89220	0
k79_4723	0
k79_65008	0
k79_77277	0
k79_41235	0
k79_16706	0
k79_4725	0
k79_77279	0
k79_41238	0
k79_65010	0
k79_28844	0
k79_16708	0
k79_77281	0
k79_41242	0
k79_4729	0
k79_89225	0
k79_4731	0
k79_28855	0
k79_89226	0
k79_41249	0
k79_4732	0
k79_77291	0
k79_16715	0
k79_4734	0
k79_89231	0
k79_4737	0
k79_65018	0
k79_89233	0
k79_28868	0
k79_65019	0
k79_53218	0
k79_4748	0
k79_77296	0
k79_53219	0
k79_4749	0
k79_65022	0
k79_77297	0
k79_89240	0
k79_4750	0
k79_53221	0
k79_16717	0
k79_65025	0
k79_53222	0
k79_16718	0
k79_41268	0
k79_16722	0
k79_65029	0
k79_53231	0
k79_41272	0
k79_41274	0
k79_65037	0
k79_28879	0
k79_77307	0
k79_28881	0
k79_16730	0
k79_77309	0
k79_41280	0
k79_89249	0
k79_28887	0
k79_89251	0
k79_77315	0
k79_16737	0
k79_89252	0
k79_53246	0
k79_89253	0
k79_65057	0
k79_89254	0
k79_65061	0
k79_89259	0
k79_77318	0
k79_4784	0
k79_53266	0
k79_77321	0
k79_4787	0
k79_89267	0
k79_4788	0
k79_89269	0
k79_4791	0
k79_41291	0
k79_89270	0
k79_89274	0
k79_16741	0
k79_41296	0
k79_41298	0
k79_28904	0
k79_53277	0
k79_41299	0
k79_53279	0
k79_28909	0
k79_4807	0
k79_41306	0
k79_16758	0
k79_28910	0
k79_89288	0
k79_16759	0
k79_4809	0
k79_16763	0
k79_89292	0
k79_16765	0
k79_65077	0
k79_28920	0
k79_16767	0
k79_77333	0
k79_28923	0
k79_89302	0
k79_4827	0
k79_41316	0
k79_89306	0
k79_41317	0
k79_28940	0
k79_53300	0
k79_28942	0
k79_65093	0
k79_89313	0
k79_41328	0
k79_53303	0
k79_53304	0
k79_16783	0
k79_28950	0
k79_65102	0
k79_53306	0
k79_41342	0
k79_16790	0
k79_41345	0
k79_89329	0
k79_53313	0
k79_41347	0
k79_4846	0
k79_16800	0
k79_65111	0
k79_53319	0
k79_4851	0
k79_77346	0
k79_65114	0
k79_16809	0
k79_41358	0
k79_53326	0
k79_65118	0
k79_89349	0
k79_16812	0
k79_53328	0
k79_41363	0
k79_77352	0
k79_89354	0
k79_53329	0
k79_16813	0
k79_89357	0
k79_77356	0
k79_16817	0
k79_28971	0
k79_4867	0
k79_41377	0
k79_16820	0
k79_77361	0
k79_65130	0
k79_89364	0
k79_28976	0
k79_4878	0
k79_77364	0
k79_41388	0
k79_89370	0
k79_28980	0
k79_4881	0
k79_77369	0
k79_28982	0
k79_28984	0
k79_4883	0
k79_77373	0
k79_53341	0
k79_28985	0
k79_41398	0
k79_65138	0
k79_89383	0
k79_16823	0
k79_65139	0
k79_28986	0
k79_77381	0
k79_4892	0
k79_89389	0
k79_16828	0
k79_28989	0
k79_65145	0
k79_77386	0
k79_28992	0
k79_4899	0
k79_65151	0
k79_4902	0
k79_89405	0
k79_16833	0
k79_53356	0
k79_89406	0
k79_77398	0
k79_53360	0
k79_16838	0
k79_29001	0
k79_65164	0
k79_29002	0
k79_65171	0
k79_41422	0
k79_77402	0
k79_4913	0
k79_16853	0
k79_65176	0
k79_89413	0
k79_29012	0
k79_41425	0
k79_53372	0
k79_16858	0
k79_4919	0
k79_16860	0
k79_41431	0
k79_4924	0
k79_41435	0
k79_4926	0
k79_41437	0
k79_29021	0
k79_29022	0
k79_65184	0
k79_77414	0
k79_89427	0
k79_29029	0
k79_4946	0
k79_53398	0
k79_4947	0
k79_29032	0
k79_65191	0
k79_41450	0
k79_4957	0
k79_41452	0
k79_4960	0
k79_16863	0
k79_29040	0
k79_89433	0
k79_41456	0
k79_65199	0
k79_16868	0
k79_89435	0
k79_77422	0
k79_16869	0
k79_41458	0
k79_53412	0
k79_16870	0
k79_41459	0
k79_29051	0
k79_16871	0
k79_41460	0
k79_89446	0
k79_77434	0
k79_4979	0
k79_16873	0
k79_89447	0
k79_77440	0
k79_53428	0
k79_41468	0
k79_16879	0
k79_65210	0
k79_53429	0
k79_4989	0
k79_16880	0
k79_77450	0
k79_29064	0
k79_89454	0
k79_41477	0
k79_77453	0
k79_41479	0
k79_89458	0
k79_16883	0
k79_53444	0
k79_65229	0
k79_4997	0
k79_41490	0
k79_89467	0
k79_65230	0
k79_4999	0
k79_41492	0
k79_65233	0
k79_89471	0
k79_5005	0
k79_89472	0
k79_5006	0
k79_5007	0
k79_29076	0
k79_77458	0
k79_5010	0
k79_41509	0
k79_77459	0
k79_5011	0
k79_29085	0
k79_41510	0
k79_29087	0
k79_77460	0
k79_41513	0
k79_65257	0
k79_41514	0
k79_77461	0
k79_65259	0
k79_29095	0
k79_65261	0
k79_53459	0
k79_41518	0
k79_89496	0
k79_29101	0
k79_65262	0
k79_89497	0
k79_77473	0
k79_5025	0
k79_41523	0
k79_5026	0
k79_41526	0
k79_77476	0
k79_89506	0
k79_77482	0
k79_65279	0
k79_5038	0
k79_65281	0
k79_29127	0
k79_53478	0
k79_65283	0
k79_16900	0
k79_5043	0
k79_65292	0
k79_41539	0
k79_89520	0
k79_53486	0
k79_16905	0
k79_41540	0
k79_53487	0
k79_5048	0
k79_65301	0
k79_89527	0
k79_29138	0
k79_77499	0
k79_41543	0
k79_53491	0
k79_89532	0
k79_41546	0
k79_5053	0
k79_16918	0
k79_89533	0
k79_53499	0
k79_5055	0
k79_89537	0
k79_29152	0
k79_29153	0
k79_77512	0
k79_16927	0
k79_29155	0
k79_41556	0
k79_16932	0
k79_89543	0
k79_77520	0
k79_53516	0
k79_41563	0
k79_53517	0
k79_16938	0
k79_89547	0
k79_41565	0
k79_29163	0
k79_65308	0
k79_16944	0
k79_77523	0
k79_65312	0
k79_5066	0
k79_29168	0
k79_65313	0
k79_77525	0
k79_77526	0
k79_89558	0
k79_53526	0
k79_5069	0
k79_29179	0
k79_65318	0
k79_16958	0
k79_16959	0
k79_5074	0
k79_77531	0
k79_65319	0
k79_53539	0
k79_29185	0
k79_5078	0
k79_29186	0
k79_77533	0
k79_65325	0
k79_29188	0
k79_5084	0
k79_77539	0
k79_65330	0
k79_16970	0
k79_65332	0
k79_53555	0
k79_89572	0
k79_16971	0
k79_41569	0
k79_65334	0
k79_16974	0
k79_41570	0
k79_16975	0
k79_65336	0
k79_77547	0
k79_53567	0
k79_77548	0
k79_89585	0
k79_53573	0
k79_65340	0
k79_29195	0
k79_5093	0
k79_65346	0
k79_89594	0
k79_5096	0
k79_53579	0
k79_29200	0
k79_16992	0
k79_89598	0
k79_29201	0
k79_53583	0
k79_65356	0
k79_16996	0
k79_5104	0
k79_29206	0
k79_53596	0
k79_29209	0
k79_77572	0
k79_77574	0
k79_41588	0
k79_65363	0
k79_17004	0
k79_29213	0
k79_41591	0
k79_65365	0
k79_17008	0
k79_77579	0
k79_41593	0
k79_17010	0
k79_29216	0
k79_53608	0
k79_53609	0
k79_17012	0
k79_29218	0
k79_77582	0
k79_17017	0
k79_5124	0
k79_53615	0
k79_5127	0
k79_77588	0
k79_5130	0
k79_29225	0
k79_53622	0
k79_41606	0
k79_53625	0
k79_77598	0
k79_41607	0
k79_17025	0
k79_77601	0
k79_29231	0
k79_5149	0
k79_41617	0
k79_53629	0
k79_89600	0
k79_17034	0
k79_5153	0
k79_89603	0
k79_5157	0
k79_29240	0
k79_77617	0
k79_17041	0
k79_53643	0
k79_77623	0
k79_41631	0
k79_53644	0
k79_89612	0
k79_5164	0
k79_29246	0
k79_77626	0
k79_5165	0
k79_89615	0
k79_41637	0
k79_17053	0
k79_41638	0
k79_53650	0
k79_5168	0
k79_29253	0
k79_5169	0
k79_41642	0
k79_29254	0
k79_5170	0
k79_17067	0
k79_41651	0
k79_29265	0
k79_53664	0
k79_41655	0
k79_77639	0
k79_41656	0
k79_29272	0
k79_77640	0
k79_5188	0
k79_41662	0
k79_17080	0
k79_29278	0
k79_53682	0
k79_53683	0
k79_41663	0
k79_29281	0
k79_89643	0
k79_77658	0
k79_17090	0
k79_5196	0
k79_53687	0
k79_29287	0
k79_17105	0
k79_41667	0
k79_5210	0
k79_89652	0
k79_5212	0
k79_17106	0
k79_65380	0
k79_29292	0
k79_5215	0
k79_41674	0
k79_89660	0
k79_5216	0
k79_29295	0
k79_5217	0
k79_89661	0
k79_41683	0
k79_29302	0
k79_77669	0
k79_29303	0
k79_77671	0
k79_41695	0
k79_53703	0
k79_29308	0
k79_5221	0
k79_41697	0
k79_65396	0
k79_65397	0
k79_29316	0
k79_53706	0
k79_89673	0
k79_29319	0
k79_89679	0
k79_77687	0
k79_89691	0
k79_17152	0
k79_77697	0
k79_17153	0
k79_89693	0
k79_77698	0
k79_65420	0
k79_17155	0
k79_53728	0
k79_77701	0
k79_17156	0
k79_53729	0
k79_5226	0
k79_17157	0
k79_77703	0
k79_53732	0
k79_89695	0
k79_65432	0
k79_29349	0
k79_53736	0
k79_29350	0
k79_5239	0
k79_77711	0
k79_77718	0
k79_89700	0
k79_65446	0
k79_89702	0
k79_17166	0
k79_77721	0
k79_77722	0
k79_5253	0
k79_77723	0
k79_65452	0
k79_5255	0
k79_29366	0
k79_17179	0
k79_77724	0
k79_89712	0
k79_17180	0
k79_5258	0
k79_77725	0
k79_29373	0
k79_77727	0
k79_53751	0
k79_77728	0
k79_29377	0
k79_65457	0
k79_41703	0
k79_77729	0
k79_65460	0
k79_53753	0
k79_17187	0
k79_17193	0
k79_89722	0
k79_5276	0
k79_17194	0
k79_53760	0
k79_89723	0
k79_29392	0
k79_41712	0
k79_89726	0
k79_29393	0
k79_65473	0
k79_89729	0
k79_77744	0
k79_53771	0
k79_29399	0
k79_41723	0
k79_65477	0
k79_17200	0
k79_5285	0
k79_77753	0
k79_41729	0
k79_89739	0
k79_65483	0
k79_77758	0
k79_17207	0
k79_53782	0
k79_17212	0
k79_17214	0
k79_53791	0
k79_77763	0
k79_65494	0
k79_77764	0
k79_29409	0
k79_17221	0
k79_5304	0
k79_65496	0
k79_17222	0
k79_89762	0
k79_53795	0
k79_5306	0
k79_29416	0
k79_89764	0
k79_53797	0
k79_77774	0
k79_53799	0
k79_29420	0
k79_29421	0
k79_53802	0
k79_5316	0
k79_29423	0
k79_5320	0
k79_29424	0
k79_53808	0
k79_65505	0
k79_5326	0
k79_65512	0
k79_29439	0
k79_89783	0
k79_5335	0
k79_41746	0
k79_65513	0
k79_41749	0
k79_29444	0
k79_65514	0
k79_65518	0
k79_17233	0
k79_89793	0
k79_17240	0
k79_65525	0
k79_89796	0
k79_29454	0
k79_17241	0
k79_41756	0
k79_65528	0
k79_29457	0
k79_65530	0
k79_17249	0
k79_65532	0
k79_77796	0
k79_89807	0
k79_65534	0
k79_17252	0
k79_29463	0
k79_77797	0
k79_5357	0
k79_41769	0
k79_5358	0
k79_17253	0
k79_29464	0
k79_17254	0
k79_89814	0
k79_65541	0
k79_5361	0
k79_29468	0
k79_65544	0
k79_5365	0
k79_89821	0
k79_29472	0
k79_17264	0
k79_29477	0
k79_65555	0
k79_89828	0
k79_17265	0
k79_77810	0
k79_5377	0
k79_65559	0
k79_17268	0
k79_5378	0
k79_77813	0
k79_65560	0
k79_17271	0
k79_5383	0
k79_29484	0
k79_65565	0
k79_77817	0
k79_65568	0
k79_29492	0
k79_29493	0
k79_65571	0
k79_17283	0
k79_65572	0
k79_17284	0
k79_17285	0
k79_29497	0
k79_17293	0
k79_17295	0
k79_5398	0
k79_17300	0
k79_65591	0
k79_5403	0
k79_17301	0
k79_5405	0
k79_29503	0
k79_65596	0
k79_5409	0
k79_41779	0
k79_65609	0
k79_41784	0
k79_5424	0
k79_17327	0
k79_65616	0
k79_5433	0
k79_29525	0
k79_65620	0
k79_17337	0
k79_41803	0
k79_29526	0
k79_17339	0
k79_41806	0
k79_65624	0
k79_53812	0
k79_17341	0
k79_41808	0
k79_29531	0
k79_53814	0
k79_17343	0
k79_89859	0
k79_65632	0
k79_17344	0
k79_41813	0
k79_53816	0
k79_89860	0
k79_5452	0
k79_77829	0
k79_17347	0
k79_5455	0
k79_77830	0
k79_17348	0
k79_5456	0
k79_89867	0
k79_53819	0
k79_5461	0
k79_89873	0
k79_89874	0
k79_29540	0
k79_53832	0
k79_41834	0
k79_65642	0
k79_5466	0
k79_41839	0
k79_53843	0
k79_29552	0
k79_41840	0
k79_53845	0
k79_41841	0
k79_5470	0
k79_41845	0
k79_65648	0
k79_89890	0
k79_77873	0
k79_5472	0
k79_89893	0
k79_65654	0
k79_77881	0
k79_89897	0
k79_41853	0
k79_65660	0
k79_89898	0
k79_77889	0
k79_41857	0
k79_5480	0
k79_5483	0
k79_89912	0
k79_5485	0
k79_17362	0
k79_89914	0
k79_41867	0
k79_89919	0
k79_5493	0
k79_5494	0
k79_41879	0
k79_65675	0
k79_89929	0
k79_41881	0
k79_17373	0
k79_65678	0
k79_17374	0
k79_77902	0
k79_41891	0
k79_17380	0
k79_17385	0
k79_65686	0
k79_5510	0
k79_77904	0
k79_41896	0
k79_65690	0
k79_29586	0
k79_17389	0
k79_41897	0
k79_5514	0
k79_89945	0
k79_17390	0
k79_65693	0
k79_53865	0
k79_77913	0
k79_41906	0
k79_5522	0
k79_77915	0
k79_65696	0
k79_5523	0
k79_65697	0
k79_53876	0
k79_89961	0
k79_77919	0
k79_29595	0
k79_53880	0
k79_89963	0
k79_41914	0
k79_53881	0
k79_29600	0
k79_77931	0
k79_53884	0
k79_65704	0
k79_53890	0
k79_41926	0
k79_29609	0
k79_41927	0
k79_5527	0
k79_65713	0
k79_29613	0
k79_53899	0
k79_65716	0
k79_29617	0
k79_53903	0
k79_89979	0
k79_77953	0
k79_5534	0
k79_41941	0
k79_17407	0
k79_5535	0
k79_77954	0
k79_89981	0
k79_53906	0
k79_89983	0
k79_53908	0
k79_29624	0
k79_89985	0
k79_77957	0
k79_29625	0
k79_41948	0
k79_53913	0
k79_5540	0
k79_77966	0
k79_65742	0
k79_90001	0
k79_41960	0
k79_65744	0
k79_5549	0
k79_41963	0
k79_41968	0
k79_90005	0
k79_53931	0
k79_5552	0
k79_29636	0
k79_53933	0
k79_65756	0
k79_77979	0
k79_5555	0
k79_29638	0
k79_41972	0
k79_53936	0
k79_53937	0
k79_90016	0
k79_41974	0
k79_29642	0
k79_17422	0
k79_5568	0
k79_5569	0
k79_53947	0
k79_41981	0
k79_53949	0
k79_65770	0
k79_17435	0
k79_41986	0
k79_77993	0
k79_29653	0
k79_5577	0
k79_53956	0
k79_5582	0
k79_17445	0
k79_77997	0
k79_41995	0
k79_90027	0
k79_77999	0
k79_53962	0
k79_17452	0
k79_5585	0
k79_65786	0
k79_42002	0
k79_65788	0
k79_53969	0
k79_17456	0
k79_42006	0
k79_42007	0
k79_65797	0
k79_90036	0
k79_53976	0
k79_17462	0
k79_42013	0
k79_17468	0
k79_65808	0
k79_5594	0
k79_17471	0
k79_78032	0
k79_90040	0
k79_17477	0
k79_5601	0
k79_90042	0
k79_17480	0
k79_42022	0
k79_90046	0
k79_42025	0
k79_90051	0
k79_53997	0
k79_29671	0
k79_53999	0
k79_17490	0
k79_29687	0
k79_17495	0
k79_5603	0
k79_78057	0
k79_17502	0
k79_17503	0
k79_90069	0
k79_90070	0
k79_17507	0
k79_90071	0
k79_78068	0
k79_78070	0
k79_90076	0
k79_54028	0
k79_17519	0
k79_90077	0
k79_17527	0
k79_5618	0
k79_90086	0
k79_5619	0
k79_5620	0
k79_42035	0
k79_17557	0
k79_54051	0
k79_42045	0
k79_42046	0
k79_5628	0
k79_78088	0
k79_65833	0
k79_17571	0
k79_29691	0
k79_42051	0
k79_29694	0
k79_42056	0
k79_78098	0
k79_17581	0
k79_29698	0
k79_42059	0
k79_5637	0
k79_29699	0
k79_78101	0
k79_54060	0
k79_29703	0
k79_5640	0
k79_54061	0
k79_65853	0
k79_65858	0
k79_78106	0
k79_54074	0
k79_54075	0
k79_5656	0
k79_78109	0
k79_54077	0
k79_29715	0
k79_5660	0
k79_5661	0
k79_65878	0
k79_42068	0
k79_78112	0
k79_54081	0
k79_17612	0
k79_65879	0
k79_42069	0
k79_78117	0
k79_65882	0
k79_65883	0
k79_17616	0
k79_42073	0
k79_54089	0
k79_54091	0
k79_17620	0
k79_54092	0
k79_17621	0
k79_29728	0
k79_54097	0
k79_42079	0
k79_65896	0
k79_5667	0
k79_54105	0
k79_29744	0
k79_42085	0
k79_54110	0
k79_78141	0
k79_65901	0
k79_29745	0
k79_90095	0
k79_5677	0
k79_90097	0
k79_5679	0
k79_42093	0
k79_17635	0
k79_90100	0
k79_78150	0
k79_90102	0
k79_5682	0
k79_54122	0
k79_90105	0
k79_17644	0
k79_54123	0
k79_65917	0
k79_65918	0
k79_17653	0
k79_5687	0
k79_54128	0
k79_78157	0
k79_5694	0
k79_78160	0
k79_5695	0
k79_78161	0
k79_54149	0
k79_17674	0
k79_90117	0
k79_17676	0
k79_54152	0
k79_5701	0
k79_17678	0
k79_78169	0
k79_29751	0
k79_29753	0
k79_29754	0
k79_90128	0
k79_42130	0
k79_54162	0
k79_65950	0
k79_78179	0
k79_90133	0
k79_54167	0
k79_42135	0
k79_29756	0
k79_90134	0
k79_54169	0
k79_78188	0
k79_90135	0
k79_42141	0
k79_78189	0
k79_65958	0
k79_54175	0
k79_90137	0
k79_78190	0
k79_42144	0
k79_29769	0
k79_65962	0
k79_42145	0
k79_90142	0
k79_90144	0
k79_17707	0
k79_90147	0
k79_29775	0
k79_90152	0
k79_65968	0
k79_42154	0
k79_17713	0
k79_78210	0
k79_90158	0
k79_42160	0
k79_29782	0
k79_90161	0
k79_78217	0
k79_29786	0
k79_78218	0
k79_54193	0
k79_42170	0
k79_54194	0
k79_78222	0
k79_90165	0
k79_78223	0
k79_17730	0
k79_29795	0
k79_42176	0
k79_78227	0
k79_29797	0
k79_42178	0
k79_90167	0
k79_54206	0
k79_78229	0
k79_17737	0
k79_78230	0
k79_54209	0
k79_78233	0
k79_90170	0
k79_17743	0
k79_29809	0
k79_42190	0
k79_78236	0
k79_29812	0
k79_17748	0
k79_54214	0
k79_29815	0
k79_78241	0
k79_29816	0
k79_66002	0
k79_42200	0
k79_78244	0
k79_66008	0
k79_78245	0
k79_54225	0
k79_90191	0
k79_54228	0
k79_90192	0
k79_42205	0
k79_66015	0
k79_90193	0
k79_66017	0
k79_78260	0
k79_78261	0
k79_78262	0
k79_90203	0
k79_90204	0
k79_78265	0
k79_90208	0
k79_42209	0
k79_42210	0
k79_90223	0
k79_17773	0
k79_54240	0
k79_42216	0
k79_90224	0
k79_17774	0
k79_5704	0
k79_78280	0
k79_78283	0
k79_42220	0
k79_5707	0
k79_90236	0
k79_66037	0
k79_5709	0
k79_66038	0
k79_17784	0
k79_78294	0
k79_29834	0
k79_90242	0
k79_66046	0
k79_78300	0
k79_29841	0
k79_66049	0
k79_90248	0
k79_5721	0
k79_42230	0
k79_17795	0
k79_66051	0
k79_5723	0
k79_29848	0
k79_42233	0
k79_54255	0
k79_78310	0
k79_66053	0
k79_17797	0
k79_90254	0
k79_5726	0
k79_54257	0
k79_17802	0
k79_66058	0
k79_5729	0
k79_54259	0
k79_78314	0
k79_29860	0
k79_54260	0
k79_66065	0
k79_17811	0
k79_17814	0
k79_66072	0
k79_54269	0
k79_5734	0
k79_78325	0
k79_54271	0
k79_5743	0
k79_78330	0
k79_78333	0
k79_17820	0
k79_78334	0
k79_42237	0
k79_90282	0
k79_54276	0
k79_78335	0
k79_90285	0
k79_54286	0
k79_29873	0
k79_78348	0
k79_54289	0
k79_5762	0
k79_78359	0
k79_17848	0
k79_29881	0
k79_90292	0
k79_17849	0
k79_29883	0
k79_78363	0
k79_42272	0
k79_78364	0
k79_54315	0
k79_29891	0
k79_42275	0
k79_90302	0
k79_78367	0
k79_54320	0
k79_29893	0
k79_42276	0
k79_54325	0
k79_78373	0
k79_90309	0
k79_5780	0
k79_42280	0
k79_17863	0
k79_17866	0
k79_54328	0
k79_42284	0
k79_66087	0
k79_54330	0
k79_66089	0
k79_17873	0
k79_42291	0
k79_54333	0
k79_90316	0
k79_29918	0
k79_5784	0
k79_90318	0
k79_42297	0
k79_5787	0
k79_42299	0
k79_66099	0
k79_78393	0
k79_29929	0
k79_90326	0
k79_42304	0
k79_5795	0
k79_54343	0
k79_42306	0
k79_29932	0
k79_54347	0
k79_29933	0
k79_90335	0
k79_78402	0
k79_66104	0
k79_54348	0
k79_42308	0
k79_54349	0
k79_66107	0
k79_54350	0
k79_17892	0
k79_42318	0
k79_17893	0
k79_78409	0
k79_5810	0
k79_66113	0
k79_5813	0
k79_42324	0
k79_5816	0
k79_5819	0
k79_66126	0
k79_90358	0
k79_54360	0
k79_42327	0
k79_54363	0
k79_5833	0
k79_90368	0
k79_54366	0
k79_78420	0
k79_90372	0
k79_29937	0
k79_54373	0
k79_42336	0
k79_5841	0
k79_17919	0
k79_17920	0
k79_78432	0
k79_17921	0
k79_78433	0
k79_90383	0
k79_66154	0
k79_54383	0
k79_17922	0
k79_29944	0
k79_17925	0
k79_66160	0
k79_5848	0
k79_42340	0
k79_78445	0
k79_17929	0
k79_42344	0
k79_17932	0
k79_17935	0
k79_90393	0
k79_5856	0
k79_5858	0
k79_17945	0
k79_5863	0
k79_42347	0
k79_17946	0
k79_54392	0
k79_66174	0
k79_42348	0
k79_5868	0
k79_90397	0
k79_17950	0
k79_66175	0
k79_54396	0
k79_5870	0
k79_17951	0
k79_42354	0
k79_90398	0
k79_17952	0
k79_42355	0
k79_90399	0
k79_42356	0
k79_29957	0
k79_54398	0
k79_90413	0
k79_5873	0
k79_42362	0
k79_54405	0
k79_5875	0
k79_90416	0
k79_90418	0
k79_29973	0
k79_42373	0
k79_5883	0
k79_66185	0
k79_5887	0
k79_29985	0
k79_78474	0
k79_17982	0
k79_5890	0
k79_29986	0
k79_78477	0
k79_5892	0
k79_17991	0
k79_66190	0
k79_29992	0
k79_78483	0
k79_54420	0
k79_17992	0
k79_42390	0
k79_17993	0
k79_5903	0
k79_29997	0
k79_17995	0
k79_90434	0
k79_30002	0
k79_78498	0
k79_90436	0
k79_54432	0
k79_30005	0
k79_90441	0
k79_42396	0
k79_54434	0
k79_5918	0
k79_30008	0
k79_30011	0
k79_30012	0
k79_90454	0
k79_30015	0
k79_66204	0
k79_5923	0
k79_66208	0
k79_30017	0
k79_54454	0
k79_66212	0
k79_78514	0
k79_5937	0
k79_54459	0
k79_66216	0
k79_42404	0
k79_90458	0
k79_42405	0
k79_78520	0
k79_54464	0
k79_5943	0
k79_66221	0
k79_42409	0
k79_66222	0
k79_90461	0
k79_54469	0
k79_42411	0
k79_18011	0
k79_5947	0
k79_30034	0
k79_42412	0
k79_54470	0
k79_54472	0
k79_18016	0
k79_78533	0
k79_90465	0
k79_78539	0
k79_54479	0
k79_54481	0
k79_5955	0
k79_90472	0
k79_18024	0
k79_66227	0
k79_54484	0
k79_66230	0
k79_5961	0
k79_90482	0
k79_5962	0
k79_78565	0
k79_5965	0
k79_42436	0
k79_18032	0
k79_5970	0
k79_78568	0
k79_18033	0
k79_90497	0
k79_54508	0
k79_30059	0
k79_78576	0
k79_90508	0
k79_90513	0
k79_90514	0
k79_78582	0
k79_90517	0
k79_18049	0
k79_90518	0
k79_5981	0
k79_90520	0
k79_5984	0
k79_78591	0
k79_5985	0
k79_5987	0
k79_30075	0
k79_54527	0
k79_90526	0
k79_54528	0
k79_30077	0
k79_5992	0
k79_90534	0
k79_18057	0
k79_30083	0
k79_78602	0
k79_18061	0
k79_78603	0
k79_18063	0
k79_6000	0
k79_78604	0
k79_6003	0
k79_78606	0
k79_6004	0
k79_30092	0
k79_6007	0
k79_90550	0
k79_54548	0
k79_90551	0
k79_6009	0
k79_30096	0
k79_78616	0
k79_54553	0
k79_18088	0
k79_30102	0
k79_30103	0
k79_90556	0
k79_6022	0
k79_18095	0
k79_6025	0
k79_18096	0
k79_30112	0
k79_42450	0
k79_54570	0
k79_42451	0
k79_78623	0
k79_18101	0
k79_78624	0
k79_6033	0
k79_18102	0
k79_54578	0
k79_18106	0
k79_54580	0
k79_78634	0
k79_42456	0
k79_30126	0
k79_90572	0
k79_54585	0
k79_66237	0
k79_6043	0
k79_90576	0
k79_30134	0
k79_66242	0
k79_42464	0
k79_54594	0
k79_6045	0
k79_30137	0
k79_42465	0
k79_90579	0
k79_66243	0
k79_18130	0
k79_90580	0
k79_30139	0
k79_78645	0
k79_42468	0
k79_78646	0
k79_18135	0
k79_42469	0
k79_30143	0
k79_18137	0
k79_42471	0
k79_30145	0
k79_90589	0
k79_54598	0
k79_6065	0
k79_18139	0
k79_42474	0
k79_18140	0
k79_6069	0
k79_18143	0
k79_30153	0
k79_90594	0
k79_18144	0
k79_42479	0
k79_6073	0
k79_66257	0
k79_18145	0
k79_42481	0
k79_54605	0
k79_78668	0
k79_66267	0
k79_6080	0
k79_78670	0
k79_42487	0
k79_54612	0
k79_78671	0
k79_6081	0
k79_90602	0
k79_42490	0
k79_30162	0
k79_6083	0
k79_18161	0
k79_42492	0
k79_54617	0
k79_90603	0
k79_30163	0
k79_78681	0
k79_18163	0
k79_54618	0
k79_66273	0
k79_78684	0
k79_6089	0
k79_54620	0
k79_30168	0
k79_78685	0
k79_18168	0
k79_6096	0
k79_54624	0
k79_66281	0
k79_42504	0
k79_6099	0
k79_42507	0
k79_54632	0
k79_66286	0
k79_78693	0
k79_42511	0
k79_30173	0
k79_66289	0
k79_18186	0
k79_30177	0
k79_66293	0
k79_42517	0
k79_54642	0
k79_78701	0
k79_42518	0
k79_90613	0
k79_78705	0
k79_30188	0
k79_78706	0
k79_78707	0
k79_54653	0
k79_18191	0
k79_42523	0
k79_90619	0
k79_66299	0
k79_42524	0
k79_54654	0
k79_66301	0
k79_42528	0
k79_18205	0
k79_30199	0
k79_66314	0
k79_90631	0
k79_30202	0
k79_6130	0
k79_54669	0
k79_66315	0
k79_30203	0
k79_42532	0
k79_6131	0
k79_42538	0
k79_66321	0
k79_90638	0
k79_6135	0
k79_66322	0
k79_6136	0
k79_78727	0
k79_66323	0
k79_66324	0
k79_78731	0
k79_6143	0
k79_66325	0
k79_54674	0
k79_78736	0
k79_42542	0
k79_90647	0
k79_66328	0
k79_78741	0
k79_54680	0
k79_90653	0
k79_78744	0
k79_66331	0
k79_18216	0
k79_42544	0
k79_90654	0
k79_66333	0
k79_78750	0
k79_42545	0
k79_18221	0
k79_90656	0
k79_6154	0
k79_78751	0
k79_42546	0
k79_90657	0
k79_6155	0
k79_66336	0
k79_42550	0
k79_78758	0
k79_6158	0
k79_54689	0
k79_42553	0
k79_90661	0
k79_6160	0
k79_90663	0
k79_78762	0
k79_6164	0
k79_90665	0
k79_90667	0
k79_66341	0
k79_78763	0
k79_54696	0
k79_18242	0
k79_6171	0
k79_18246	0
k79_78771	0
k79_42573	0
k79_54704	0
k79_6173	0
k79_66348	0
k79_42577	0
k79_78775	0
k79_42579	0
k79_66354	0
k79_90682	0
k79_42581	0
k79_54712	0
k79_66360	0
k79_6182	0
k79_54716	0
k79_42584	0
k79_78787	0
k79_66362	0
k79_78793	0
k79_18262	0
k79_6187	0
k79_42590	0
k79_66365	0
k79_90698	0
k79_18265	0
k79_90703	0
k79_54727	0
k79_90705	0
k79_6201	0
k79_18275	0
k79_54735	0
k79_90710	0
k79_78802	0
k79_6210	0
k79_66374	0
k79_78804	0
k79_6212	0
k79_66375	0
k79_18286	0
k79_6213	0
k79_66379	0
k79_54741	0
k79_6219	0
k79_90725	0
k79_78809	0
k79_42613	0
k79_6224	0
k79_30210	0
k79_90726	0
k79_18298	0
k79_42614	0
k79_78820	0
k79_90731	0
k79_6227	0
k79_66404	0
k79_54746	0
k79_18304	0
k79_54748	0
k79_6231	0
k79_6232	0
k79_30220	0
k79_90746	0
k79_42620	0
k79_18311	0
k79_6236	0
k79_30223	0
k79_54751	0
k79_66409	0
k79_90750	0
k79_66410	0
k79_6238	0
k79_90751	0
k79_18319	0
k79_90752	0
k79_18321	0
k79_78837	0
k79_90755	0
k79_54757	0
k79_18322	0
k79_66419	0
k79_54760	0
k79_42635	0
k79_78841	0
k79_54761	0
k79_66421	0
k79_54762	0
k79_78852	0
k79_30245	0
k79_66431	0
k79_18326	0
k79_78860	0
k79_66438	0
k79_66441	0
k79_90771	0
k79_30252	0
k79_18334	0
k79_18335	0
k79_42652	0
k79_66446	0
k79_54767	0
k79_42656	0
k79_66451	0
k79_30256	0
k79_66452	0
k79_18346	0
k79_6250	0
k79_42663	0
k79_66458	0
k79_54778	0
k79_90799	0
k79_30272	0
k79_66461	0
k79_54779	0
k79_90800	0
k79_18359	0
k79_66462	0
k79_6257	0
k79_54780	0
k79_90805	0
k79_42668	0
k79_6259	0
k79_42669	0
k79_90807	0
k79_6262	0
k79_42678	0
k79_6269	0
k79_18376	0
k79_66469	0
k79_54787	0
k79_42681	0
k79_18378	0
k79_90814	0
k79_30302	0
k79_42690	0
k79_54791	0
k79_42692	0
k79_66477	0
k79_42693	0
k79_66478	0
k79_42697	0
k79_18395	0
k79_90826	0
k79_42703	0
k79_78892	0
k79_18399	0
k79_66485	0
k79_78897	0
k79_30305	0
k79_42707	0
k79_78898	0
k79_66490	0
k79_66491	0
k79_78901	0
k79_42715	0
k79_66496	0
k79_42718	0
k79_78904	0
k79_78908	0
k79_6295	0
k79_78909	0
k79_18415	0
k79_78910	0
k79_66502	0
k79_42727	0
k79_6308	0
k79_90837	0
k79_18421	0
k79_54822	0
k79_42734	0
k79_90841	0
k79_66508	0
k79_18426	0
k79_54826	0
k79_90842	0
k79_6318	0
k79_18427	0
k79_42741	0
k79_30317	0
k79_42746	0
k79_42748	0
k79_66517	0
k79_90847	0
k79_42750	0
k79_66521	0
k79_78918	0
k79_54836	0
k79_42751	0
k79_18447	0
k79_42752	0
k79_66524	0
k79_6333	0
k79_54840	0
k79_42754	0
k79_54841	0
k79_54843	0
k79_66535	0
k79_30328	0
k79_90854	0
k79_42770	0
k79_66538	0
k79_54850	0
k79_78931	0
k79_30334	0
k79_42773	0
k79_66541	0
k79_90864	0
k79_54854	0
k79_90865	0
k79_66544	0
k79_6344	0
k79_90866	0
k79_18465	0
k79_78938	0
k79_18466	0
k79_42777	0
k79_42779	0
k79_18470	0
k79_6351	0
k79_54860	0
k79_54861	0
k79_42784	0
k79_54862	0
k79_6360	0
k79_6363	0
k79_54869	0
k79_90886	0
k79_66563	0
k79_18486	0
k79_54870	0
k79_90887	0
k79_30349	0
k79_6372	0
k79_42793	0
k79_18488	0
k79_66569	0
k79_90895	0
k79_42797	0
k79_30355	0
k79_30356	0
k79_78954	0
k79_30360	0
k79_42805	0
k79_66574	0
k79_78958	0
k79_42807	0
k79_54888	0
k79_90911	0
k79_30367	0
k79_30369	0
k79_18503	0
k79_18504	0
k79_42817	0
k79_42821	0
k79_66584	0
k79_90921	0
k79_54897	0
k79_66585	0
k79_6385	0
k79_42827	0
k79_90922	0
k79_66587	0
k79_6388	0
k79_78977	0
k79_54905	0
k79_66589	0
k79_30395	0
k79_18522	0
k79_78981	0
k79_54910	0
k79_42831	0
k79_78982	0
k79_6396	0
k79_42834	0
k79_78983	0
k79_18532	0
k79_42835	0
k79_90933	0
k79_6402	0
k79_30409	0
k79_54921	0
k79_78986	0
k79_18536	0
k79_78989	0
k79_54925	0
k79_42842	0
k79_66608	0
k79_78997	0
k79_54932	0
k79_18545	0
k79_90935	0
k79_6419	0
k79_78998	0
k79_66614	0
k79_6422	0
k79_66616	0
k79_18553	0
k79_79000	0
k79_66617	0
k79_79001	0
k79_90941	0
k79_54944	0
k79_79009	0
k79_18555	0
k79_79010	0
k79_90947	0
k79_66626	0
k79_79011	0
k79_6434	0
k79_42882	0
k79_54951	0
k79_79015	0
k79_6436	0
k79_90957	0
k79_42884	0
k79_6438	0
k79_18562	0
k79_66636	0
k79_18565	0
k79_79019	0
k79_18566	0
k79_66639	0
k79_66642	0
k79_66644	0
k79_6456	0
k79_42900	0
k79_79030	0
k79_90964	0
k79_6463	0
k79_30442	0
k79_79038	0
k79_30446	0
k79_79041	0
k79_54955	0
k79_66659	0
k79_30450	0
k79_6472	0
k79_79043	0
k79_90971	0
k79_79045	0
k79_6474	0
k79_30458	0
k79_6477	0
k79_66667	0
k79_30463	0
k79_30465	0
k79_6484	0
k79_54971	0
k79_66678	0
k79_66682	0
k79_90987	0
k79_90990	0
k79_30482	0
k79_66686	0
k79_54975	0
k79_42956	0
k79_54977	0
k79_30483	0
k79_66689	0
k79_6492	0
k79_30484	0
k79_42959	0
k79_66693	0
k79_42961	0
k79_79061	0
k79_42967	0
k79_6499	0
k79_30489	0
k79_79067	0
k79_6500	0
k79_42975	0
k79_79070	0
k79_91013	0
k79_6506	0
k79_66711	0
k79_30498	0
k79_6509	0
k79_91018	0
k79_66712	0
k79_18592	0
k79_91019	0
k79_6513	0
k79_79079	0
k79_18593	0
k79_91020	0
k79_30507	0
k79_6514	0
k79_66719	0
k79_6518	0
k79_30511	0
k79_30513	0
k79_30514	0
k79_79087	0
k79_66731	0
k79_30515	0
k79_30518	0
k79_43000	0
k79_30519	0
k79_18604	0
k79_43003	0
k79_6527	0
k79_43004	0
k79_91032	0
k79_30523	0
k79_18611	0
k79_6532	0
k79_66739	0
k79_91036	0
k79_43011	0
k79_91040	0
k79_43012	0
k79_55003	0
k79_18620	0
k79_79109	0
k79_43019	0
k79_79116	0
k79_91048	0
k79_91049	0
k79_30529	0
k79_79117	0
k79_43021	0
k79_18644	0
k79_43023	0
k79_79121	0
k79_66752	0
k79_55010	0
k79_6546	0
k79_18653	0
k79_43035	0
k79_6548	0
k79_79130	0
k79_30544	0
k79_30545	0
k79_91068	0
k79_18656	0
k79_18657	0
k79_91071	0
k79_18660	0
k79_91075	0
k79_43046	0
k79_91077	0
k79_91081	0
k79_55047	0
k79_91083	0
k79_18666	0
k79_55053	0
k79_91085	0
k79_18667	0
k79_55054	0
k79_30557	0
k79_66759	0
k79_91091	0
k79_30562	0
k79_18683	0
k79_43058	0
k79_91099	0
k79_79146	0
k79_79148	0
k79_30568	0
k79_18686	0
k79_55059	0
k79_66776	0
k79_43064	0
k79_91110	0
k79_66777	0
k79_91111	0
k79_43075	0
k79_66788	0
k79_30583	0
k79_55071	0
k79_43079	0
k79_6577	0
k79_30589	0
k79_6582	0
k79_66797	0
k79_6584	0
k79_66799	0
k79_66802	0
k79_79162	0
k79_55085	0
k79_6594	0
k79_79166	0
k79_55087	0
k79_43098	0
k79_55088	0
k79_66812	0
k79_6598	0
k79_30599	0
k79_55089	0
k79_66815	0
k79_43102	0
k79_18694	0
k79_66816	0
k79_79176	0
k79_43104	0
k79_66817	0
k79_55094	0
k79_43107	0
k79_18701	0
k79_55098	0
k79_79185	0
k79_66826	0
k79_79186	0
k79_66827	0
k79_66831	0
k79_79188	0
k79_55106	0
k79_79194	0
k79_18707	0
k79_18709	0
k79_66837	0
k79_30629	0
k79_55113	0
k79_91137	0
k79_66838	0
k79_30631	0
k79_55117	0
k79_91146	0
k79_79208	0
k79_43129	0
k79_6622	0
k79_55125	0
k79_55126	0
k79_79219	0
k79_55129	0
k79_91158	0
k79_79224	0
k79_30637	0
k79_55131	0
k79_91159	0
k79_55141	0
k79_30647	0
k79_91170	0
k79_91172	0
k79_43153	0
k79_55145	0
k79_66863	0
k79_55146	0
k79_30660	0
k79_66864	0
k79_79260	0
k79_43165	0
k79_30667	0
k79_43167	0
k79_79263	0
k79_66874	0
k79_43168	0
k79_91193	0
k79_6658	0
k79_66876	0
k79_6662	0
k79_91199	0
k79_79272	0
k79_43174	0
k79_6663	0
k79_43175	0
k79_66882	0
k79_55173	0
k79_55180	0
k79_18732	0
k79_66887	0
k79_55181	0
k79_91209	0
k79_43195	0
k79_18735	0
k79_43196	0
k79_66890	0
k79_18740	0
k79_43201	0
k79_66895	0
k79_18744	0
k79_6676	0
k79_55197	0
k79_66900	0
k79_18748	0
k79_43211	0
k79_79285	0
k79_18751	0
k79_30692	0
k79_55204	0
k79_43212	0
k79_55208	0
k79_18756	0
k79_43216	0
k79_43217	0
k79_66909	0
k79_55214	0
k79_18763	0
k79_43220	0
k79_91221	0
k79_43221	0
k79_66915	0
k79_55220	0
k79_79288	0
k79_91227	0
k79_43223	0
k79_91228	0
k79_55227	0
k79_91229	0
k79_79292	0
k79_79295	0
k79_43227	0
k79_66919	0
k79_30709	0
k79_6704	0
k79_66921	0
k79_6705	0
k79_43230	0
k79_55243	0
k79_66925	0
k79_30717	0
k79_79302	0
k79_55244	0
k79_79306	0
k79_66930	0
k79_55246	0
k79_30723	0
k79_79310	0
k79_18768	0
k79_43240	0
k79_55251	0
k79_30725	0
k79_55255	0
k79_30728	0
k79_43246	0
k79_91246	0
k79_55260	0
k79_43247	0
k79_43248	0
k79_18779	0
k79_55265	0
k79_18785	0
k79_79329	0
k79_30738	0
k79_55270	0
k79_79331	0
k79_30739	0
k79_6719	0
k79_79334	0
k79_79336	0
k79_43252	0
k79_30744	0
k79_43259	0
k79_66934	0
k79_91261	0
k79_79338	0
k79_66937	0
k79_91264	0
k79_6744	0
k79_79341	0
k79_6746	0
k79_55290	0
k79_79343	0
k79_66944	0
k79_55291	0
k79_6754	0
k79_55294	0
k79_55298	0
k79_91268	0
k79_6758	0
k79_18790	0
k79_55302	0
k79_6762	0
k79_18794	0
k79_66962	0
k79_55303	0
k79_43288	0
k79_66963	0
k79_6766	0
k79_66968	0
k79_18804	0
k79_91277	0
k79_66971	0
k79_43294	0
k79_18806	0
k79_30749	0
k79_55309	0
k79_66973	0
k79_30752	0
k79_66974	0
k79_18813	0
k79_66980	0
k79_43304	0
k79_79373	0
k79_66984	0
k79_30761	0
k79_6781	0
k79_55327	0
k79_43314	0
k79_55328	0
k79_43315	0
k79_30764	0
k79_91292	0
k79_79377	0
k79_43317	0
k79_55334	0
k79_30770	0
k79_55337	0
k79_43321	0
k79_91301	0
k79_30772	0
k79_66993	0
k79_91304	0
k79_30773	0
k79_43326	0
k79_79391	0
k79_43328	0
k79_6789	0
k79_91307	0
k79_18819	0
k79_30779	0
k79_91308	0
k79_43329	0
k79_6797	0
k79_30782	0
k79_91310	0
k79_79398	0
k79_30784	0
k79_43334	0
k79_55349	0
k79_91313	0
k79_79399	0
k79_30789	0
k79_30791	0
k79_91319	0
k79_6805	0
k79_55357	0
k79_43340	0
k79_18836	0
k79_30795	0
k79_91321	0
k79_79407	0
k79_43343	0
k79_30798	0
k79_18840	0
k79_6811	0
k79_67012	0
k79_91326	0
k79_43350	0
k79_18843	0
k79_91329	0
k79_30801	0
k79_18852	0
k79_55374	0
k79_55375	0
k79_67022	0
k79_30815	0
k79_67028	0
k79_43360	0
k79_91338	0
k79_79422	0
k79_18855	0
k79_91339	0
k79_67031	0
k79_79424	0
k79_43363	0
k79_79425	0
k79_91340	0
k79_6818	0
k79_18861	0
k79_79428	0
k79_55389	0
k79_18863	0
k79_79429	0
k79_30821	0
k79_55395	0
k79_6820	0
k79_30823	0
k79_79436	0
k79_18870	0
k79_55396	0
k79_79439	0
k79_55397	0
k79_91350	0
k79_6825	0
k79_55399	0
k79_43367	0
k79_6826	0
k79_91351	0
k79_79442	0
k79_6827	0
k79_91352	0
k79_6828	0
k79_55404	0
k79_67046	0
k79_18885	0
k79_55408	0
k79_91361	0
k79_55412	0
k79_6833	0
k79_91370	0
k79_55418	0
k79_18902	0
k79_67056	0
k79_91388	0
k79_18907	0
k79_67059	0
k79_91389	0
k79_18909	0
k79_6845	0
k79_18911	0
k79_55429	0
k79_55430	0
k79_6852	0
k79_55431	0
k79_6854	0
k79_6857	0
k79_67071	0
k79_6858	0
k79_79460	0
k79_91399	0
k79_67072	0
k79_43398	0
k79_67077	0
k79_6867	0
k79_18928	0
k79_43400	0
k79_91412	0
k79_67081	0
k79_79469	0
k79_18936	0
k79_91420	0
k79_67088	0
k79_79474	0
k79_91422	0
k79_30850	0
k79_91423	0
k79_18946	0
k79_91428	0
k79_67100	0
k79_43410	0
k79_67102	0
k79_18950	0
k79_43411	0
k79_6880	0
k79_91430	0
k79_55445	0
k79_79490	0
k79_67103	0
k79_30858	0
k79_91431	0
k79_18955	0
k79_55448	0
k79_79491	0
k79_91432	0
k79_6887	0
k79_55449	0
k79_67109	0
k79_91435	0
k79_79494	0
k79_6892	0
k79_43422	0
k79_30862	0
k79_67115	0
k79_18962	0
k79_30866	0
k79_79499	0
k79_18963	0
k79_67122	0
k79_43434	0
k79_55466	0
k79_79504	0
k79_43435	0
k79_91442	0
k79_30872	0
k79_6902	0
k79_91447	0
k79_67128	0
k79_43447	0
k79_91450	0
k79_30882	0
k79_18972	0
k79_30883	0
k79_18978	0
k79_55484	0
k79_30894	0
k79_91469	0
k79_30898	0
k79_18981	0
k79_91470	0
k79_55494	0
k79_79529	0
k79_67148	0
k79_91475	0
k79_18985	0
k79_55501	0
k79_18990	0
k79_55504	0
k79_79540	0
k79_30937	0
k79_43473	0
k79_19004	0
k79_91492	0
k79_19008	0
k79_43480	0
k79_43481	0
k79_19011	0
k79_91496	0
k79_6946	0
k79_6947	0
k79_30948	0
k79_43483	0
k79_91501	0
k79_67159	0
k79_91509	0
k79_6954	0
k79_91512	0
k79_19025	0
k79_67164	0
k79_6957	0
k79_55528	0
k79_6962	0
k79_67174	0
k79_55530	0
k79_91515	0
k79_67175	0
k79_79549	0
k79_6971	0
k79_19029	0
k79_67182	0
k79_91523	0
k79_6972	0
k79_43491	0
k79_67184	0
k79_79558	0
k79_6975	0
k79_19036	0
k79_91530	0
k79_79562	0
k79_67192	0
k79_55544	0
k79_6979	0
k79_67193	0
k79_43501	0
k79_55547	0
k79_19042	0
k79_79568	0
k79_91538	0
k79_79569	0
k79_6989	0
k79_43507	0
k79_91542	0
k79_19047	0
k79_30966	0
k79_79572	0
k79_19049	0
k79_55556	0
k79_79576	0
k79_43511	0
k79_91549	0
k79_55562	0
k79_91551	0
k79_67199	0
k79_7012	0
k79_43518	0
k79_55568	0
k79_91555	0
k79_55572	0
k79_79586	0
k79_91556	0
k79_30981	0
k79_30982	0
k79_91557	0
k79_43527	0
k79_55581	0
k79_7039	0
k79_91569	0
k79_19067	0
k79_43535	0
k79_30991	0
k79_55585	0
k79_19069	0
k79_7044	0
k79_91572	0
k79_7045	0
k79_43541	0
k79_79597	0
k79_91577	0
k79_7047	0
k79_31001	0
k79_43544	0
k79_91583	0
k79_31002	0
k79_79605	0
k79_7055	0
k79_55601	0
k79_91589	0
k79_79607	0
k79_7060	0
k79_91592	0
k79_31014	0
k79_7063	0
k79_7064	0
k79_91596	0
k79_55619	0
k79_19095	0
k79_79620	0
k79_91601	0
k79_55622	0
k79_7068	0
k79_79621	0
k79_7069	0
k79_79626	0
k79_7071	0
k79_31021	0
k79_19104	0
k79_7072	0
k79_43559	0
k79_55624	0
k79_79634	0
k79_31028	0
k79_19106	0
k79_55625	0
k79_7075	0
k79_31030	0
k79_79643	0
k79_19113	0
k79_79645	0
k79_31037	0
k79_43567	0
k79_19114	0
k79_43569	0
k79_31038	0
k79_55630	0
k79_43574	0
k79_7081	0
k79_31044	0
k79_79659	0
k79_55633	0
k79_55634	0
k79_55635	0
k79_19121	0
k79_79663	0
k79_67240	0
k79_43584	0
k79_7088	0
k79_67241	0
k79_31047	0
k79_79670	0
k79_31048	0
k79_79671	0
k79_7094	0
k79_43592	0
k79_43593	0
k79_79681	0
k79_67244	0
k79_31060	0
k79_67246	0
k79_43596	0
k79_19136	0
k79_31061	0
k79_7102	0
k79_67248	0
k79_31062	0
k79_7109	0
k79_79691	0
k79_31066	0
k79_7114	0
k79_67258	0
k79_79698	0
k79_7115	0
k79_55650	0
k79_55656	0
k79_19151	0
k79_43601	0
k79_91620	0
k79_79701	0
k79_7124	0
k79_67269	0
k79_19154	0
k79_43602	0
k79_31085	0
k79_19155	0
k79_7127	0
k79_43604	0
k79_7131	0
k79_67276	0
k79_79706	0
k79_67278	0
k79_43610	0
k79_79709	0
k79_31095	0
k79_7134	0
k79_67281	0
k79_43614	0
k79_31096	0
k79_67282	0
k79_55666	0
k79_31099	0
k79_67285	0
k79_67287	0
k79_7145	0
k79_7147	0
k79_79722	0
k79_55679	0
k79_7148	0
k79_19172	0
k79_31111	0
k79_79731	0
k79_55684	0
k79_7159	0
k79_31116	0
k79_55688	0
k79_79738	0
k79_7162	0
k79_19190	0
k79_7165	0
k79_43632	0
k79_79747	0
k79_7169	0
k79_19200	0
k79_79752	0
k79_43641	0
k79_91623	0
k79_43644	0
k79_91624	0
k79_43645	0
k79_7181	0
k79_19202	0
k79_7183	0
k79_91626	0
k79_67331	0
k79_31136	0
k79_79760	0
k79_31138	0
k79_19208	0
k79_67333	0
k79_7195	0
k79_91642	0
k79_7198	0
k79_43654	0
k79_91652	0
k79_79767	0
k79_43656	0
k79_55702	0
k79_19228	0
k79_19230	0
k79_67348	0
k79_31158	0
k79_55707	0
k79_19232	0
k79_31162	0
k79_67352	0
k79_7200	0
k79_91664	0
k79_43674	0
k79_79787	0
k79_7201	0
k79_79790	0
k79_7202	0
k79_55721	0
k79_43681	0
k79_79792	0
k79_19247	0
k79_67373	0
k79_43689	0
k79_55731	0
k79_79800	0
k79_43692	0
k79_7207	0
k79_55734	0
k79_67375	0
k79_43693	0
k79_19254	0
k79_43696	0
k79_79811	0
k79_67380	0
k79_7213	0
k79_55745	0
k79_19258	0
k79_67385	0
k79_43700	0
k79_7218	0
k79_67389	0
k79_19263	0
k79_67390	0
k79_55754	0
k79_79816	0
k79_55756	0
k79_19264	0
k79_91683	0
k79_43714	0
k79_19267	0
k79_79820	0
k79_55767	0
k79_43720	0
k79_19268	0
k79_79821	0
k79_7236	0
k79_19270	0
k79_79824	0
k79_43725	0
k79_55773	0
k79_19271	0
k79_7241	0
k79_91691	0
k79_79828	0
k79_55776	0
k79_19275	0
k79_7244	0
k79_79833	0
k79_43733	0
k79_19278	0
k79_31191	0
k79_43735	0
k79_43736	0
k79_19282	0
k79_7253	0
k79_19286	0
k79_91711	0
k79_31199	0
k79_43746	0
k79_67394	0
k79_31200	0
k79_19293	0
k79_19295	0
k79_67401	0
k79_55779	0
k79_7260	0
k79_43757	0
k79_67408	0
k79_7263	0
k79_19307	0
k79_91720	0
k79_43763	0
k79_91721	0
k79_55783	0
k79_31204	0
k79_55785	0
k79_31206	0
k79_55786	0
k79_7279	0
k79_55787	0
k79_7280	0
k79_79858	0
k79_67420	0
k79_7283	0
k79_31217	0
k79_19318	0
k79_79859	0
k79_91738	0
k79_31219	0
k79_55794	0
k79_91739	0
k79_31220	0
k79_31225	0
k79_43780	0
k79_79862	0
k79_7296	0
k79_67425	0
k79_79865	0
k79_67427	0
k79_79867	0
k79_43787	0
k79_55808	0
k79_79871	0
k79_19336	0
k79_55809	0
k79_79873	0
k79_43791	0
k79_19340	0
k79_91744	0
k79_43792	0
k79_67432	0
k79_91745	0
k79_43794	0
k79_19344	0
k79_79880	0
k79_43796	0
k79_67438	0
k79_91748	0
k79_7307	0
k79_43798	0
k79_19350	0
k79_67442	0
k79_79892	0
k79_91757	0
k79_55843	0
k79_91760	0
k79_19357	0
k79_55849	0
k79_31241	0
k79_19358	0
k79_19359	0
k79_7316	0
k79_79905	0
k79_31243	0
k79_43817	0
k79_19363	0
k79_7319	0
k79_67459	0
k79_79907	0
k79_19366	0
k79_67462	0
k79_31245	0
k79_79911	0
k79_31247	0
k79_55871	0
k79_67470	0
k79_79912	0
k79_31249	0
k79_31250	0
k79_7331	0
k79_67477	0
k79_43831	0
k79_79925	0
k79_19374	0
k79_19377	0
k79_7341	0
k79_79929	0
k79_55878	0
k79_43838	0
k79_7345	0
k79_91763	0
k79_43839	0
k79_43840	0
k79_7347	0
k79_67486	0
k79_31261	0
k79_91771	0
k79_79943	0
k79_67488	0
k79_31262	0
k79_67489	0
k79_31267	0
k79_7361	0
k79_43855	0
k79_55888	0
k79_7363	0
k79_55890	0
k79_67498	0
k79_91779	0
k79_31270	0
k79_55891	0
k79_7367	0
k79_43859	0
k79_31272	0
k79_55893	0
k79_43860	0
k79_67505	0
k79_43865	0
k79_19395	0
k79_55907	0
k79_67513	0
k79_43872	0
k79_19397	0
k79_67519	0
k79_67520	0
k79_31289	0
k79_7382	0
k79_31291	0
k79_19400	0
k79_43881	0
k79_31292	0
k79_55920	0
k79_91798	0
k79_43885	0
k79_19411	0
k79_79957	0
k79_91803	0
k79_91805	0
k79_79958	0
k79_67536	0
k79_19419	0
k79_91810	0
k79_79962	0
k79_19422	0
k79_67538	0
k79_91815	0
k79_19423	0
k79_7408	0
k79_19424	0
k79_7409	0
k79_43894	0
k79_67542	0
k79_19427	0
k79_7412	0
k79_31300	0
k79_43895	0
k79_91824	0
k79_7413	0
k79_67545	0
k79_31304	0
k79_67547	0
k79_55944	0
k79_91831	0
k79_43904	0
k79_7425	0
k79_31308	0
k79_55952	0
k79_7428	0
k79_91839	0
k79_67551	0
k79_31317	0
k79_55955	0
k79_31319	0
k79_19437	0
k79_55959	0
k79_43925	0
k79_19439	0
k79_55962	0
k79_31328	0
k79_7448	0
k79_43930	0
k79_55970	0
k79_7453	0
k79_67566	0
k79_19445	0
k79_91850	0
k79_55978	0
k79_91852	0
k79_67575	0
k79_19450	0
k79_91854	0
k79_91860	0
k79_19457	0
k79_19458	0
k79_7458	0
k79_67589	0
k79_67590	0
k79_7462	0
k79_7463	0
k79_67594	0
k79_55983	0
k79_31334	0
k79_55984	0
k79_67599	0
k79_55985	0
k79_7470	0
k79_91889	0
k79_7472	0
k79_67601	0
k79_79994	0
k79_55990	0
k79_43948	0
k79_7473	0
k79_91892	0
k79_67606	0
k79_7476	0
k79_19479	0
k79_31354	0
k79_67607	0
k79_7482	0
k79_79997	0
k79_91898	0
k79_31363	0
k79_79998	0
k79_43966	0
k79_67618	0
k79_43967	0
k79_80002	0
k79_31370	0
k79_91905	0
k79_43969	0
k79_67624	0
k79_91906	0
k79_31373	0
k79_7498	0
k79_67627	0
k79_80010	0
k79_80011	0
k79_91914	0
k79_67633	0
k79_19499	0
k79_7502	0
k79_91916	0
k79_19501	0
k79_7503	0
k79_31381	0
k79_19502	0
k79_67639	0
k79_7504	0
k79_19504	0
k79_56001	0
k79_7505	0
k79_19505	0
k79_19506	0
k79_7510	0
k79_31384	0
k79_43983	0
k79_19509	0
k79_91931	0
k79_43995	0
k79_80039	0
k79_56015	0
k79_91935	0
k79_7528	0
k79_56017	0
k79_80041	0
k79_7529	0
k79_67667	0
k79_91936	0
k79_31405	0
k79_7533	0
k79_31406	0
k79_67679	0
k79_44006	0
k79_67681	0
k79_80056	0
k79_91943	0
k79_31409	0
k79_80059	0
k79_31410	0
k79_80060	0
k79_56022	0
k79_80062	0
k79_19517	0
k79_44012	0
k79_67689	0
k79_31416	0
k79_19519	0
k79_80066	0
k79_91955	0
k79_44016	0
k79_31417	0
k79_19521	0
k79_91957	0
k79_80070	0
k79_44019	0
k79_31420	0
k79_80075	0
k79_19535	0
k79_19539	0
k79_31428	0
k79_80083	0
k79_7542	0
k79_91963	0
k79_56056	0
k79_31429	0
k79_19541	0
k79_67705	0
k79_19542	0
k79_31431	0
k79_31432	0
k79_56060	0
k79_67710	0
k79_44033	0
k79_56061	0
k79_91974	0
k79_44036	0
k79_7555	0
k79_31435	0
k79_91976	0
k79_56063	0
k79_67714	0
k79_31438	0
k79_56069	0
k79_7566	0
k79_67720	0
k79_56070	0
k79_31443	0
k79_67722	0
k79_19556	0
k79_44040	0
k79_80103	0
k79_56077	0
k79_31444	0
k79_44041	0
k79_67729	0
k79_19560	0
k79_80105	0
k79_91993	0
k79_67731	0
k79_80106	0
k79_31447	0
k79_7572	0
k79_19564	0
k79_31448	0
k79_19565	0
k79_31452	0
k79_80112	0
k79_19566	0
k79_7576	0
k79_92004	0
k79_31455	0
k79_80120	0
k79_44057	0
k79_7581	0
k79_31459	0
k79_92008	0
k79_19572	0
k79_80125	0
k79_19573	0
k79_31461	0
k79_92015	0
k79_31462	0
k79_19575	0
k79_56097	0
k79_19578	0
k79_7592	0
k79_31466	0
k79_80129	0
k79_19580	0
k79_7593	0
k79_92026	0
k79_7596	0
k79_31469	0
k79_92030	0
k79_7599	0
k79_44080	0
k79_19592	0
k79_67744	0
k79_44089	0
k79_80137	0
k79_44092	0
k79_19602	0
k79_56130	0
k79_31501	0
k79_19604	0
k79_44098	0
k79_56137	0
k79_67754	0
k79_67755	0
k79_56142	0
k79_80161	0
k79_92040	0
k79_7612	0
k79_19609	0
k79_7613	0
k79_56154	0
k79_7615	0
k79_92046	0
k79_80173	0
k79_56157	0
k79_31517	0
k79_7618	0
k79_80177	0
k79_67766	0
k79_7622	0
k79_44113	0
k79_80180	0
k79_80181	0
k79_44114	0
k79_31525	0
k79_80184	0
k79_7629	0
k79_56164	0
k79_31528	0
k79_44123	0
k79_19618	0
k79_31533	0
k79_7636	0
k79_44125	0
k79_19622	0
k79_31534	0
k79_19624	0
k79_7638	0
k79_80189	0
k79_44131	0
k79_80190	0
k79_7640	0
k79_44132	0
k79_19630	0
k79_92054	0
k79_80199	0
k79_7645	0
k79_19631	0
k79_19632	0
k79_7648	0
k79_92063	0
k79_56170	0
k79_19636	0
k79_80204	0
k79_19638	0
k79_92069	0
k79_31541	0
k79_44144	0
k79_56177	0
k79_92072	0
k79_31543	0
k79_92077	0
k79_44150	0
k79_56186	0
k79_44153	0
k79_44156	0
k79_80219	0
k79_56196	0
k79_44158	0
k79_80224	0
k79_44159	0
k79_31560	0
k79_56201	0
k79_7666	0
k79_44160	0
k79_31562	0
k79_92082	0
k79_56202	0
k79_44162	0
k79_31563	0
k79_80234	0
k79_80236	0
k79_44170	0
k79_44175	0
k79_31571	0
k79_80248	0
k79_31572	0
k79_7690	0
k79_44176	0
k79_7692	0
k79_19685	0
k79_67770	0
k79_80249	0
k79_31576	0
k79_44184	0
k79_92101	0
k79_56224	0
k79_19687	0
k79_92102	0
k79_44189	0
k79_67776	0
k79_7700	0
k79_56227	0
k79_7701	0
k79_31578	0
k79_7703	0
k79_19700	0
k79_19701	0
k79_56236	0
k79_92109	0
k79_44199	0
k79_31590	0
k79_44201	0
k79_92115	0
k79_19709	0
k79_44202	0
k79_67788	0
k79_92120	0
k79_44204	0
k79_80261	0
k79_31596	0
k79_67790	0
k79_7710	0
k79_80264	0
k79_44208	0
k79_92125	0
k79_7712	0
k79_80268	0
k79_56251	0
k79_44212	0
k79_80269	0
k79_31600	0
k79_56254	0
k79_44213	0
k79_80272	0
k79_67813	0
k79_31604	0
k79_80273	0
k79_44218	0
k79_7727	0
k79_56260	0
k79_31606	0
k79_67814	0
k79_31607	0
k79_19730	0
k79_56262	0
k79_7730	0
k79_80280	0
k79_67819	0
k79_80281	0
k79_92149	0
k79_56270	0
k79_67822	0
k79_19737	0
k79_80284	0
k79_92153	0
k79_19740	0
k79_44224	0
k79_7733	0
k79_67826	0
k79_31616	0
k79_19741	0
k79_67828	0
k79_7734	0
k79_31619	0
k79_19742	0
k79_92164	0
k79_44226	0
k79_67829	0
k79_56286	0
k79_7737	0
k79_19744	0
k79_67830	0
k79_92170	0
k79_56291	0
k79_19747	0
k79_19748	0
k79_19749	0
k79_44233	0
k79_67840	0
k79_19751	0
k79_44234	0
k79_92177	0
k79_19753	0
k79_44236	0
k79_7748	0
k79_31624	0
k79_92182	0
k79_56309	0
k79_19755	0
k79_56311	0
k79_31628	0
k79_19758	0
k79_56314	0
k79_92189	0
k79_7757	0
k79_31633	0
k79_67847	0
k79_92190	0
k79_7758	0
k79_44246	0
k79_19766	0
k79_44247	0
k79_7759	0
k79_7760	0
k79_80323	0
k79_67854	0
k79_7767	0
k79_80328	0
k79_7768	0
k79_19772	0
k79_80334	0
k79_44269	0
k79_56322	0
k79_80336	0
k79_19783	0
k79_31640	0
k79_80337	0
k79_7774	0
k79_56331	0
k79_19793	0
k79_44276	0
k79_56337	0
k79_31652	0
k79_44278	0
k79_31655	0
k79_7780	0
k79_56339	0
k79_7782	0
k79_92198	0
k79_56340	0
k79_7784	0
k79_7785	0
k79_67890	0
k79_19804	0
k79_44293	0
k79_67891	0
k79_56348	0
k79_67892	0
k79_44296	0
k79_44297	0
k79_19806	0
k79_67894	0
k79_92215	0
k79_44299	0
k79_31671	0
k79_19808	0
k79_7795	0
k79_44300	0
k79_92218	0
k79_31672	0
k79_67907	0
k79_19816	0
k79_56356	0
k79_7804	0
k79_44305	0
k79_92231	0
k79_19821	0
k79_56362	0
k79_56365	0
k79_67923	0
k79_67926	0
k79_7817	0
k79_19830	0
k79_44320	0
k79_7820	0
k79_44324	0
k79_7821	0
k79_44325	0
k79_67934	0
k79_19840	0
k79_92245	0
k79_67936	0
k79_56378	0
k79_31688	0
k79_19843	0
k79_92252	0
k79_56384	0
k79_92253	0
k79_56386	0
k79_67940	0
k79_19849	0
k79_92257	0
k79_7834	0
k79_31702	0
k79_67949	0
k79_56394	0
k79_31704	0
k79_44334	0
k79_7839	0
k79_92266	0
k79_44336	0
k79_92267	0
k79_19857	0
k79_67958	0
k79_56401	0
k79_80353	0
k79_7844	0
k79_7845	0
k79_92275	0
k79_56402	0
k79_31713	0
k79_31716	0
k79_92278	0
k79_92281	0
k79_31718	0
k79_80369	0
k79_67966	0
k79_92283	0
k79_7854	0
k79_80374	0
k79_92289	0
k79_56412	0
k79_19865	0
k79_19867	0
k79_31721	0
k79_67976	0
k79_92293	0
k79_56419	0
k79_67977	0
k79_80383	0
k79_31725	0
k79_7861	0
k79_92296	0
k79_92297	0
k79_80387	0
k79_31730	0
k79_80388	0
k79_44356	0
k79_19873	0
k79_80389	0
k79_67990	0
k79_56425	0
k79_80392	0
k79_67992	0
k79_7871	0
k79_92311	0
k79_80398	0
k79_67997	0
k79_56429	0
k79_44365	0
k79_7873	0
k79_67998	0
k79_67999	0
k79_56430	0
k79_44367	0
k79_19882	0
k79_68000	0
k79_92321	0
k79_44368	0
k79_56432	0
k79_19885	0
k79_80401	0
k79_68003	0
k79_31739	0
k79_56436	0
k79_68005	0
k79_19891	0
k79_80404	0
k79_31741	0
k79_68007	0
k79_19893	0
k79_92333	0
k79_44377	0
k79_56447	0
k79_80414	0
k79_7877	0
k79_7878	0
k79_56458	0
k79_19904	0
k79_80420	0
k79_44390	0
k79_19908	0
k79_80421	0
k79_44393	0
k79_19911	0
k79_56466	0
k79_80434	0
k79_7895	0
k79_44405	0
k79_56470	0
k79_44407	0
k79_56471	0
k79_44408	0
k79_56472	0
k79_92337	0
k79_44409	0
k79_92340	0
k79_92341	0
k79_7913	0
k79_44415	0
k79_80446	0
k79_31779	0
k79_92343	0
k79_19934	0
k79_44418	0
k79_56482	0
k79_80452	0
k79_44420	0
k79_56486	0
k79_31788	0
k79_80457	0
k79_92353	0
k79_56488	0
k79_31789	0
k79_80459	0
k79_56489	0
k79_80460	0
k79_19944	0
k79_7941	0
k79_44429	0
k79_31798	0
k79_92370	0
k79_31799	0
k79_7948	0
k79_44432	0
k79_92371	0
k79_80475	0
k79_80476	0
k79_7951	0
k79_44435	0
k79_19954	0
k79_31806	0
k79_31807	0
k79_44436	0
k79_56510	0
k79_44439	0
k79_56513	0
k79_31812	0
k79_56514	0
k79_80494	0
k79_92383	0
k79_68042	0
k79_44447	0
k79_80502	0
k79_68046	0
k79_19967	0
k79_44452	0
k79_56527	0
k79_31816	0
k79_92394	0
k79_92395	0
k79_92397	0
k79_68061	0
k79_92398	0
k79_31825	0
k79_92401	0
k79_31827	0
k79_56533	0
k79_19988	0
k79_56534	0
k79_7967	0
k79_31834	0
k79_80520	0
k79_19997	0
k79_80521	0
k79_92406	0
k79_7972	0
k79_80524	0
k79_7973	0
k79_68067	0
k79_7975	0
k79_56539	0
k79_80529	0
k79_56540	0
k79_31844	0
k79_44477	0
k79_31846	0
k79_20006	0
k79_44492	0
k79_31857	0
k79_56548	0
k79_80536	0
k79_92425	0
k79_68083	0
k79_80538	0
k79_31858	0
k79_44497	0
k79_68086	0
k79_56554	0
k79_80544	0
k79_44498	0
k79_7993	0
k79_31862	0
k79_68092	0
k79_44504	0
k79_80551	0
k79_68093	0
k79_92440	0
k79_80553	0
k79_92441	0
k79_56561	0
k79_92443	0
k79_44511	0
k79_56562	0
k79_92445	0
k79_68101	0
k79_8016	0
k79_56566	0
k79_68106	0
k79_31885	0
k79_31887	0
k79_56569	0
k79_68111	0
k79_92451	0
k79_31890	0
k79_68112	0
k79_92452	0
k79_8027	0
k79_56578	0
k79_68113	0
k79_44523	0
k79_56583	0
k79_20058	0
k79_8031	0
k79_92460	0
k79_31906	0
k79_20060	0
k79_92461	0
k79_8037	0
k79_80557	0
k79_56586	0
k79_68120	0
k79_20073	0
k79_56591	0
k79_20074	0
k79_8044	0
k79_44530	0
k79_20076	0
k79_80571	0
k79_31924	0
k79_56597	0
k79_8048	0
k79_8049	0
k79_56602	0
k79_56603	0
k79_80579	0
k79_8051	0
k79_68131	0
k79_80582	0
k79_92473	0
k79_68135	0
k79_20079	0
k79_92476	0
k79_68138	0
k79_68139	0
k79_92479	0
k79_8071	0
k79_56612	0
k79_92482	0
k79_68141	0
k79_20089	0
k79_8073	0
k79_44550	0
k79_31935	0
k79_44556	0
k79_20096	0
k79_68152	0
k79_80594	0
k79_8086	0
k79_20099	0
k79_68156	0
k79_20101	0
k79_44561	0
k79_68160	0
k79_20105	0
k79_20107	0
k79_68161	0
k79_92511	0
k79_80602	0
k79_44571	0
k79_20116	0
k79_8102	0
k79_68167	0
k79_20120	0
k79_44580	0
k79_56652	0
k79_68173	0
k79_8109	0
k79_44585	0
k79_68178	0
k79_44586	0
k79_8116	0
k79_92540	0
k79_31958	0
k79_68180	0
k79_31960	0
k79_92544	0
k79_44591	0
k79_80643	0
k79_31962	0
k79_8127	0
k79_80644	0
k79_44594	0
k79_56659	0
k79_56660	0
k79_92552	0
k79_8135	0
k79_31973	0
k79_68193	0
k79_92553	0
k79_44606	0
k79_31984	0
k79_92556	0
k79_20134	0
k79_31989	0
k79_92560	0
k79_56670	0
k79_31992	0
k79_20138	0
k79_31993	0
k79_44609	0
k79_92564	0
k79_31995	0
k79_20144	0
k79_44615	0
k79_80650	0
k79_8157	0
k79_44618	0
k79_92575	0
k79_80653	0
k79_56683	0
k79_8161	0
k79_8162	0
k79_80654	0
k79_8165	0
k79_20150	0
k79_92588	0
k79_8168	0
k79_56686	0
k79_20157	0
k79_56687	0
k79_8171	0
k79_20160	0
k79_68223	0
k79_8173	0
k79_56689	0
k79_20164	0
k79_20166	0
k79_44632	0
k79_68230	0
k79_32009	0
k79_68235	0
k79_32010	0
k79_68237	0
k79_68239	0
k79_32014	0
k79_92601	0
k79_20178	0
k79_44643	0
k79_80674	0
k79_20179	0
k79_32015	0
k79_80675	0
k79_8185	0
k79_20182	0
k79_44649	0
k79_32017	0
k79_80682	0
k79_20185	0
k79_68243	0
k79_20187	0
k79_68249	0
k79_80688	0
k79_68250	0
k79_80693	0
k79_20195	0
k79_68256	0
k79_20196	0
k79_80699	0
k79_20203	0
k79_44668	0
k79_92632	0
k79_80702	0
k79_20204	0
k79_44670	0
k79_92635	0
k79_44675	0
k79_92638	0
k79_20214	0
k79_20218	0
k79_80711	0
k79_68264	0
k79_44688	0
k79_20227	0
k79_68268	0
k79_68270	0
k79_92656	0
k79_44692	0
k79_68271	0
k79_80728	0
k79_32073	0
k79_92660	0
k79_68274	0
k79_44698	0
k79_92663	0
k79_68278	0
k79_44700	0
k79_92664	0
k79_44702	0
k79_68284	0
k79_80743	0
k79_92670	0
k79_20240	0
k79_56705	0
k79_44706	0
k79_92674	0
k79_80746	0
k79_68299	0
k79_20254	0
k79_68301	0
k79_20256	0
k79_32080	0
k79_20260	0
k79_32084	0
k79_68306	0
k79_68308	0
k79_32087	0
k79_20268	0
k79_8202	0
k79_56720	0
k79_32093	0
k79_20270	0
k79_8204	0
k79_44713	0
k79_20273	0
k79_8205	0
k79_32096	0
k79_20277	0
k79_32105	0
k79_92696	0
k79_20280	0
k79_20282	0
k79_8211	0
k79_32112	0
k79_44728	0
k79_8213	0
k79_20284	0
k79_92711	0
k79_32114	0
k79_68332	0
k79_8218	0
k79_56750	0
k79_80773	0
k79_8219	0
k79_92717	0
k79_68333	0
k79_32121	0
k79_56753	0
k79_80775	0
k79_68334	0
k79_56755	0
k79_80778	0
k79_44734	0
k79_20295	0
k79_68337	0
k79_56758	0
k79_92722	0
k79_32139	0
k79_92725	0
k79_44744	0
k79_20306	0
k79_92727	0
k79_92730	0
k79_20309	0
k79_56774	0
k79_68350	0
k79_44754	0
k79_92731	0
k79_56775	0
k79_44760	0
k79_92733	0
k79_68352	0
k79_8226	0
k79_32144	0
k79_92734	0
k79_32150	0
k79_68361	0
k79_20329	0
k79_32152	0
k79_8239	0
k79_68363	0
k79_32153	0
k79_44766	0
k79_20335	0
k79_32155	0
k79_20337	0
k79_20338	0
k79_44778	0
k79_68379	0
k79_20340	0
k79_20341	0
k79_68386	0
k79_80810	0
k79_56798	0
k79_68388	0
k79_80814	0
k79_56799	0
k79_32165	0
k79_56803	0
k79_80820	0
k79_68401	0
k79_44788	0
k79_68403	0
k79_44790	0
k79_32171	0
k79_68407	0
k79_92739	0
k79_32174	0
k79_80829	0
k79_56820	0
k79_68408	0
k79_20370	0
k79_80830	0
k79_92744	0
k79_68412	0
k79_20371	0
k79_8247	0
k79_80834	0
k79_92750	0
k79_32176	0
k79_20374	0
k79_92752	0
k79_32177	0
k79_68420	0
k79_44817	0
k79_80841	0
k79_20380	0
k79_92756	0
k79_68422	0
k79_8252	0
k79_56835	0
k79_80851	0
k79_32188	0
k79_68425	0
k79_44821	0
k79_44822	0
k79_80856	0
k79_92769	0
k79_32193	0
k79_68432	0
k79_32196	0
k79_68438	0
k79_32199	0
k79_8259	0
k79_92780	0
k79_80865	0
k79_44836	0
k79_20402	0
k79_68440	0
k79_56853	0
k79_8263	0
k79_32206	0
k79_8265	0
k79_32208	0
k79_80874	0
k79_8266	0
k79_56858	0
k79_32210	0
k79_80880	0
k79_44844	0
k79_92791	0
k79_8280	0
k79_56861	0
k79_8281	0
k79_32220	0
k79_56863	0
k79_92793	0
k79_20408	0
k79_68451	0
k79_32225	0
k79_44852	0
k79_56867	0
k79_92803	0
k79_8289	0
k79_44855	0
k79_56871	0
k79_20412	0
k79_80900	0
k79_56872	0
k79_8292	0
k79_44858	0
k79_8294	0
k79_68456	0
k79_56876	0
k79_8296	0
k79_56879	0
k79_8297	0
k79_20416	0
k79_56881	0
k79_44868	0
k79_80909	0
k79_8303	0
k79_20420	0
k79_32247	0
k79_20421	0
k79_80913	0
k79_56887	0
k79_44874	0
k79_56888	0
k79_20424	0
k79_80916	0
k79_56890	0
k79_68485	0
k79_20437	0
k79_80925	0
k79_20439	0
k79_68494	0
k79_32255	0
k79_8322	0
k79_20441	0
k79_32257	0
k79_80928	0
k79_68498	0
k79_92830	0
k79_32258	0
k79_68502	0
k79_8327	0
k79_92831	0
k79_8328	0
k79_68503	0
k79_8329	0
k79_44897	0
k79_68510	0
k79_56905	0
k79_44898	0
k79_68511	0
k79_32274	0
k79_80941	0
k79_8339	0
k79_68514	0
k79_20449	0
k79_56911	0
k79_20451	0
k79_32289	0
k79_8347	0
k79_20452	0
k79_56917	0
k79_8349	0
k79_32291	0
k79_8350	0
k79_92842	0
k79_32293	0
k79_80955	0
k79_56919	0
k79_44915	0
k79_32296	0
k79_80960	0
k79_56922	0
k79_44916	0
k79_32301	0
k79_44925	0
k79_92846	0
k79_44928	0
k79_80969	0
k79_68527	0
k79_8363	0
k79_80975	0
k79_92855	0
k79_56937	0
k79_32310	0
k79_32311	0
k79_80977	0
k79_92861	0
k79_32314	0
k79_80979	0
k79_92865	0
k79_8379	0
k79_80987	0
k79_92867	0
k79_80988	0
k79_92868	0
k79_56941	0
k79_80993	0
k79_44967	0
k79_80995	0
k79_8390	0
k79_56944	0
k79_56946	0
k79_8397	0
k79_68562	0
k79_68568	0
k79_81012	0
k79_56954	0
k79_92889	0
k79_44979	0
k79_56957	0
k79_44980	0
k79_92892	0
k79_44981	0
k79_44983	0
k79_68577	0
k79_56971	0
k79_81034	0
k79_44989	0
k79_68586	0
k79_81039	0
k79_92915	0
k79_32339	0
k79_68593	0
k79_8415	0
k79_32341	0
k79_68595	0
k79_44997	0
k79_8422	0
k79_8424	0
k79_32343	0
k79_68602	0
k79_56992	0
k79_68604	0
k79_56994	0
k79_45005	0
k79_8426	0
k79_92928	0
k79_68608	0
k79_32350	0
k79_92930	0
k79_68610	0
k79_56998	0
k79_92933	0
k79_45008	0
k79_32355	0
k79_81049	0
k79_45010	0
k79_92940	0
k79_92942	0
k79_45011	0
k79_81051	0
k79_57010	0
k79_92945	0
k79_57011	0
k79_81064	0
k79_57012	0
k79_32361	0
k79_92949	0
k79_68620	0
k79_57016	0
k79_32362	0
k79_92950	0
k79_8428	0
k79_57017	0
k79_45013	0
k79_81070	0
k79_32370	0
k79_20487	0
k79_57027	0
k79_20490	0
k79_57032	0
k79_45032	0
k79_92960	0
k79_92961	0
k79_45033	0
k79_57033	0
k79_8434	0
k79_92963	0
k79_81080	0
k79_45036	0
k79_81081	0
k79_8440	0
k79_57037	0
k79_68636	0
k79_20509	0
k79_45039	0
k79_68638	0
k79_81087	0
k79_20513	0
k79_45043	0
k79_92968	0
k79_68641	0
k79_45046	0
k79_68645	0
k79_68646	0
k79_92978	0
k79_45048	0
k79_57058	0
k79_45050	0
k79_57059	0
k79_20519	0
k79_92985	0
k79_45054	0
k79_92987	0
k79_45055	0
k79_8451	0
k79_81104	0
k79_45056	0
k79_57072	0
k79_32392	0
k79_92992	0
k79_57073	0
k79_8454	0
k79_92994	0
k79_81113	0
k79_81115	0
k79_32399	0
k79_68663	0
k79_81119	0
k79_81120	0
k79_20536	0
k79_81121	0
k79_20538	0
k79_68668	0
k79_81124	0
k79_45080	0
k79_32405	0
k79_20540	0
k79_81127	0
k79_93006	0
k79_45081	0
k79_81129	0
k79_20544	0
k79_45084	0
k79_32408	0
k79_81134	0
k79_68676	0
k79_32409	0
k79_45087	0
k79_32411	0
k79_81136	0
k79_68685	0
k79_32414	0
k79_81137	0
k79_20550	0
k79_81138	0
k79_32416	0
k79_93026	0
k79_20553	0
k79_81139	0
k79_32417	0
k79_20554	0
k79_68695	0
k79_81140	0
k79_45092	0
k79_93033	0
k79_20557	0
k79_32421	0
k79_68696	0
k79_20558	0
k79_45095	0
k79_32426	0
k79_45100	0
k79_20568	0
k79_8470	0
k79_32432	0
k79_20573	0
k79_8475	0
k79_45104	0
k79_32437	0
k79_20575	0
k79_93044	0
k79_8477	0
k79_32439	0
k79_68718	0
k79_45107	0
k79_32440	0
k79_8480	0
k79_93048	0
k79_20584	0
k79_68725	0
k79_81146	0
k79_20585	0
k79_57101	0
k79_68726	0
k79_57102	0
k79_32446	0
k79_20589	0
k79_45121	0
k79_57104	0
k79_68733	0
k79_32456	0
k79_8493	0
k79_57111	0
k79_68736	0
k79_93063	0
k79_57112	0
k79_8497	0
k79_32467	0
k79_81158	0
k79_93069	0
k79_57117	0
k79_32468	0
k79_32472	0
k79_68739	0
k79_8508	0
k79_45139	0
k79_81162	0
k79_57133	0
k79_81166	0
k79_32486	0
k79_45152	0
k79_20596	0
k79_32487	0
k79_20597	0
k79_81171	0
k79_45153	0
k79_68751	0
k79_57139	0
k79_93092	0
k79_45161	0
k79_32500	0
k79_45163	0
k79_20604	0
k79_81178	0
k79_93099	0
k79_45164	0
k79_32503	0
k79_81180	0
k79_68758	0
k79_81182	0
k79_81183	0
k79_45175	0
k79_93109	0
k79_45176	0
k79_81187	0
k79_93111	0
k79_20616	0
k79_57147	0
k79_81195	0
k79_81198	0
k79_20620	0
k79_32515	0
k79_45194	0
k79_93116	0
k79_68771	0
k79_32517	0
k79_81215	0
k79_45198	0
k79_68772	0
k79_32519	0
k79_68773	0
k79_32521	0
k79_68774	0
k79_32524	0
k79_68775	0
k79_93120	0
k79_45206	0
k79_81223	0
k79_93123	0
k79_32528	0
k79_32529	0
k79_93126	0
k79_81230	0
k79_32530	0
k79_68789	0
k79_93130	0
k79_93133	0
k79_81239	0
k79_32534	0
k79_93136	0
k79_20642	0
k79_81243	0
k79_93137	0
k79_20643	0
k79_81245	0
k79_20646	0
k79_93139	0
k79_20647	0
k79_32549	0
k79_57160	0
k79_81248	0
k79_20648	0
k79_57163	0
k79_57166	0
k79_20657	0
k79_32553	0
k79_57169	0
k79_20658	0
k79_45224	0
k79_32556	0
k79_68794	0
k79_81267	0
k79_32558	0
k79_32564	0
k79_45235	0
k79_32567	0
k79_8529	0
k79_32571	0
k79_8533	0
k79_93146	0
k79_20664	0
k79_93149	0
k79_45241	0
k79_8543	0
k79_32574	0
k79_57202	0
k79_45249	0
k79_93157	0
k79_57203	0
k79_32576	0
k79_20678	0
k79_68809	0
k79_68810	0
k79_57206	0
k79_20681	0
k79_45257	0
k79_32584	0
k79_57211	0
k79_8553	0
k79_68814	0
k79_20683	0
k79_8554	0
k79_93174	0
k79_32591	0
k79_93177	0
k79_8560	0
k79_32592	0
k79_93179	0
k79_20688	0
k79_32593	0
k79_45261	0
k79_68821	0
k79_20689	0
k79_32597	0
k79_45263	0
k79_8563	0
k79_32598	0
k79_45264	0
k79_20695	0
k79_68830	0
k79_93187	0
k79_20697	0
k79_81294	0
k79_32602	0
k79_68835	0
k79_32603	0
k79_93192	0
k79_45268	0
k79_93194	0
k79_57235	0
k79_32609	0
k79_45279	0
k79_57244	0
k79_20706	0
k79_68848	0
k79_57252	0
k79_45288	0
k79_8581	0
k79_81309	0
k79_68855	0
k79_81311	0
k79_8582	0
k79_45295	0
k79_93214	0
k79_57259	0
k79_20711	0
k79_8584	0
k79_68860	0
k79_8588	0
k79_57265	0
k79_81321	0
k79_57268	0
k79_8591	0
k79_45301	0
k79_8592	0
k79_57272	0
k79_45302	0
k79_45306	0
k79_20722	0
k79_68869	0
k79_57279	0
k79_8603	0
k79_93228	0
k79_45313	0
k79_57282	0
k79_68871	0
k79_8605	0
k79_68872	0
k79_93232	0
k79_57285	0
k79_20733	0
k79_68873	0
k79_20734	0
k79_45325	0
k79_81333	0
k79_57291	0
k79_20739	0
k79_32617	0
k79_45328	0
k79_81334	0
k79_32618	0
k79_81336	0
k79_57294	0
k79_8626	0
k79_32620	0
k79_81339	0
k79_20754	0
k79_45341	0
k79_32623	0
k79_81340	0
k79_45342	0
k79_8630	0
k79_57302	0
k79_45343	0
k79_20766	0
k79_57309	0
k79_45348	0
k79_8636	0
k79_20771	0
k79_81344	0
k79_8641	0
k79_81348	0
k79_20781	0
k79_32642	0
k79_8645	0
k79_81350	0
k79_68897	0
k79_81352	0
k79_68898	0
k79_57326	0
k79_20783	0
k79_45365	0
k79_68900	0
k79_8651	0
k79_32649	0
k79_57327	0
k79_45366	0
k79_81359	0
k79_20787	0
k79_32654	0
k79_57333	0
k79_32658	0
k79_57336	0
k79_20795	0
k79_32659	0
k79_45373	0
k79_81364	0
k79_57341	0
k79_32666	0
k79_8674	0
k79_68910	0
k79_8677	0
k79_57349	0
k79_68915	0
k79_81376	0
k79_8678	0
k79_68916	0
k79_45381	0
k79_20803	0
k79_8680	0
k79_81380	0
k79_45382	0
k79_20811	0
k79_8690	0
k79_81384	0
k79_8697	0
k79_68927	0
k79_20830	0
k79_81400	0
k79_68931	0
k79_68938	0
k79_8707	0
k79_57393	0
k79_20839	0
k79_45394	0
k79_32684	0
k79_8714	0
k79_68943	0
k79_32685	0
k79_20845	0
k79_20846	0
k79_8716	0
k79_45400	0
k79_32688	0
k79_45401	0
k79_45403	0
k79_32691	0
k79_20855	0
k79_81411	0
k79_45406	0
k79_32694	0
k79_45407	0
k79_32697	0
k79_20860	0
k79_68966	0
k79_32700	0
k79_45414	0
k79_20861	0
k79_81413	0
k79_68969	0
k79_68971	0
k79_20871	0
k79_45421	0
k79_68972	0
k79_57416	0
k79_68974	0
k79_68977	0
k79_57423	0
k79_32719	0
k79_81431	0
k79_32722	0
k79_57426	0
k79_68988	0
k79_8720	0
k79_57430	0
k79_81434	0
k79_57431	0
k79_32728	0
k79_45436	0
k79_68994	0
k79_20892	0
k79_8722	0
k79_81437	0
k79_68997	0
k79_20896	0
k79_8725	0
k79_68999	0
k79_32736	0
k79_81443	0
k79_20897	0
k79_20899	0
k79_81449	0
k79_32746	0
k79_20900	0
k79_57437	0
k79_32747	0
k79_81452	0
k79_57438	0
k79_8739	0
k79_69006	0
k79_20903	0
k79_45460	0
k79_57441	0
k79_81456	0
k79_20906	0
k79_93241	0
k79_81457	0
k79_45466	0
k79_93243	0
k79_20913	0
k79_81460	0
k79_8752	0
k79_57445	0
k79_20915	0
k79_45467	0
k79_8753	0
k79_81461	0
k79_69020	0
k79_81464	0
k79_45471	0
k79_81467	0
k79_8767	0
k79_20928	0
k79_20929	0
k79_81469	0
k79_8769	0
k79_32774	0
k79_81473	0
k79_93262	0
k79_8776	0
k79_32779	0
k79_81474	0
k79_69037	0
k79_8777	0
k79_32784	0
k79_69043	0
k79_20943	0
k79_45481	0
k79_57467	0
k79_69053	0
k79_45488	0
k79_32790	0
k79_8782	0
k79_20950	0
k79_57476	0
k79_69062	0
k79_45493	0
k79_8784	0
k79_69063	0
k79_93282	0
k79_69064	0
k79_45498	0
k79_69065	0
k79_57487	0
k79_45499	0
k79_93290	0
k79_8792	0
k79_32796	0
k79_69067	0
k79_93293	0
k79_8796	0
k79_57493	0
k79_69074	0
k79_93298	0
k79_57497	0
k79_69077	0
k79_69078	0
k79_69080	0
k79_57506	0
k79_93306	0
k79_20970	0
k79_93309	0
k79_20976	0
k79_69088	0
k79_45528	0
k79_20978	0
k79_93313	0
k79_20984	0
k79_8820	0
k79_93320	0
k79_32814	0
k79_57521	0
k79_8826	0
k79_20999	0
k79_32817	0
k79_45533	0
k79_57527	0
k79_32818	0
k79_69114	0
k79_21002	0
k79_57529	0
k79_21003	0
k79_93326	0
k79_93327	0
k79_57535	0
k79_8837	0
k79_21007	0
k79_32830	0
k79_21008	0
k79_93333	0
k79_57539	0
k79_8839	0
k79_69122	0
k79_93339	0
k79_69123	0
k79_32835	0
k79_93344	0
k79_81482	0
k79_69127	0
k79_45551	0
k79_45552	0
k79_57543	0
k79_45554	0
k79_81487	0
k79_21027	0
k79_69135	0
k79_45556	0
k79_8850	0
k79_57549	0
k79_21029	0
k79_32841	0
k79_81491	0
k79_8853	0
k79_93350	0
k79_45563	0
k79_21032	0
k79_32843	0
k79_57557	0
k79_21034	0
k79_45565	0
k79_32848	0
k79_57559	0
k79_45567	0
k79_21038	0
k79_81507	0
k79_32850	0
k79_45569	0
k79_57561	0
k79_93362	0
k79_32854	0
k79_8864	0
k79_45574	0
k79_81511	0
k79_81513	0
k79_57569	0
k79_81514	0
k79_45587	0
k79_81515	0
k79_8870	0
k79_93377	0
k79_21064	0
k79_81516	0
k79_45593	0
k79_81517	0
k79_45594	0
k79_8878	0
k79_8882	0
k79_93384	0
k79_57577	0
k79_45603	0
k79_32870	0
k79_8884	0
k79_57578	0
k79_81533	0
k79_57583	0
k79_45610	0
k79_8888	0
k79_81534	0
k79_57584	0
k79_45613	0
k79_93389	0
k79_32872	0
k79_93391	0
k79_57586	0
k79_69148	0
k79_32877	0
k79_69150	0
k79_8893	0
k79_57594	0
k79_8899	0
k79_57596	0
k79_69157	0
k79_32883	0
k79_81540	0
k79_8900	0
k79_45629	0
k79_81543	0
k79_93399	0
k79_8905	0
k79_93400	0
k79_45634	0
k79_21084	0
k79_8908	0
k79_32890	0
k79_45635	0
k79_69162	0
k79_81552	0
k79_8918	0
k79_81554	0
k79_8921	0
k79_81556	0
k79_93423	0
k79_69169	0
k79_57617	0
k79_69170	0
k79_93425	0
k79_45644	0
k79_81561	0
k79_69174	0
k79_8933	0
k79_57621	0
k79_32919	0
k79_45650	0
k79_57624	0
k79_93432	0
k79_32922	0
k79_69181	0
k79_21109	0
k79_32924	0
k79_93436	0
k79_69190	0
k79_57636	0
k79_93444	0
k79_21127	0
k79_69196	0
k79_81583	0
k79_45663	0
k79_21135	0
k79_45664	0
k79_45666	0
k79_81597	0
k79_32932	0
k79_57654	0
k79_81604	0
k79_57657	0
k79_81607	0
k79_45675	0
k79_69213	0
k79_57665	0
k79_69215	0
k79_93454	0
k79_32940	0
k79_57669	0
k79_69218	0
k79_32946	0
k79_45682	0
k79_45683	0
k79_45685	0
k79_45688	0
k79_69236	0
k79_93463	0
k79_69241	0
k79_45698	0
k79_8958	0
k79_81624	0
k79_32964	0
k79_93469	0
k79_69243	0
k79_45702	0
k79_93471	0
k79_81630	0
k79_69245	0
k79_81631	0
k79_93477	0
k79_21168	0
k79_45710	0
k79_69251	0
k79_81632	0
k79_93480	0
k79_45711	0
k79_21176	0
k79_45714	0
k79_69258	0
k79_8969	0
k79_45717	0
k79_8972	0
k79_57680	0
k79_8975	0
k79_81639	0
k79_45722	0
k79_57683	0
k79_93491	0
k79_69263	0
k79_8976	0
k79_57688	0
k79_45727	0
k79_21194	0
k79_8985	0
k79_69274	0
k79_32975	0
k79_57694	0
k79_45731	0
k79_57695	0
k79_32976	0
k79_32977	0
k79_8997	0
k79_69285	0
k79_21209	0
k79_45738	0
k79_57701	0
k79_69286	0
k79_8999	0
k79_32979	0
k79_57705	0
k79_69287	0
k79_45740	0
k79_93504	0
k79_45742	0
k79_93510	0
k79_21213	0
k79_69297	0
k79_21214	0
k79_57714	0
k79_32995	0
k79_45751	0
k79_21216	0
k79_57719	0
k79_32997	0
k79_21219	0
k79_69303	0
k79_69307	0
k79_81687	0
k79_69308	0
k79_93528	0
k79_57730	0
k79_81690	0
k79_57734	0
k79_69315	0
k79_33001	0
k79_81696	0
k79_33003	0
k79_9030	0
k79_57743	0
k79_33006	0
k79_81701	0
k79_81707	0
k79_81710	0
k79_9041	0
k79_33012	0
k79_81712	0
k79_57752	0
k79_81714	0
k79_21228	0
k79_57757	0
k79_81718	0
k79_33024	0
k79_81719	0
k79_33026	0
k79_81725	0
k79_81726	0
k79_33033	0
k79_9045	0
k79_93551	0
k79_45791	0
k79_69339	0
k79_33043	0
k79_93558	0
k79_57785	0
k79_9053	0
k79_45793	0
k79_9055	0
k79_81743	0
k79_21254	0
k79_45808	0
k79_93574	0
k79_33049	0
k79_81751	0
k79_93575	0
k79_45812	0
k79_33051	0
k79_45813	0
k79_9066	0
k79_81759	0
k79_93587	0
k79_9074	0
k79_45820	0
k79_81761	0
k79_69346	0
k79_81765	0
k79_21264	0
k79_9080	0
k79_21266	0
k79_9081	0
k79_33061	0
k79_81770	0
k79_33062	0
k79_21269	0
k79_93602	0
k79_81771	0
k79_93603	0
k79_81777	0
k79_69363	0
k79_57797	0
k79_45844	0
k79_93611	0
k79_33068	0
k79_57798	0
k79_69364	0
k79_33073	0
k79_9101	0
k79_45848	0
k79_81785	0
k79_57801	0
k79_9103	0
k79_33075	0
k79_93619	0
k79_45852	0
k79_21278	0
k79_69367	0
k79_57804	0
k79_45856	0
k79_57806	0
k79_57809	0
k79_69369	0
k79_93635	0
k79_69373	0
k79_81809	0
k79_93636	0
k79_81810	0
k79_33080	0
k79_57818	0
k79_81811	0
k79_69383	0
k79_57822	0
k79_33082	0
k79_45867	0
k79_69384	0
k79_45869	0
k79_81821	0
k79_93639	0
k79_81822	0
k79_21282	0
k79_21285	0
k79_45877	0
k79_69390	0
k79_45878	0
k79_93645	0
k79_81829	0
k79_93646	0
k79_69394	0
k79_9114	0
k79_81830	0
k79_33093	0
k79_21289	0
k79_69397	0
k79_81831	0
k79_33094	0
k79_57836	0
k79_81837	0
k79_69401	0
k79_57839	0
k79_93656	0
k79_81843	0
k79_45885	0
k79_93661	0
k79_21302	0
k79_33099	0
k79_21305	0
k79_45890	0
k79_57859	0
k79_45891	0
k79_33106	0
k79_57862	0
k79_9119	0
k79_45894	0
k79_33107	0
k79_81849	0
k79_69419	0
k79_93664	0
k79_57869	0
k79_9120	0
k79_81851	0
k79_93667	0
k79_57870	0
k79_69428	0
k79_9128	0
k79_81856	0
k79_33116	0
k79_93676	0
k79_21331	0
k79_57882	0
k79_93677	0
k79_81860	0
k79_9138	0
k79_21333	0
k79_93682	0
k79_33122	0
k79_69436	0
k79_57891	0
k79_33124	0
k79_81867	0
k79_21340	0
k79_33125	0
k79_45908	0
k79_69444	0
k79_45910	0
k79_93687	0
k79_9148	0
k79_45911	0
k79_9149	0
k79_93691	0
k79_57912	0
k79_69454	0
k79_9150	0
k79_57914	0
k79_69460	0
k79_93698	0
k79_57916	0
k79_57919	0
k79_33142	0
k79_93706	0
k79_21355	0
k79_9162	0
k79_45920	0
k79_33143	0
k79_93709	0
k79_21356	0
k79_9166	0
k79_69473	0
k79_81887	0
k79_69474	0
k79_45925	0
k79_69475	0
k79_45927	0
k79_57928	0
k79_33154	0
k79_9176	0
k79_45928	0
k79_33155	0
k79_45929	0
k79_69479	0
k79_9177	0
k79_93723	0
k79_21372	0
k79_9182	0
k79_93727	0
k79_69485	0
k79_33165	0
k79_81900	0
k79_33167	0
k79_69487	0
k79_21381	0
k79_81906	0
k79_33173	0
k79_21384	0
k79_45943	0
k79_69495	0
k79_93741	0
k79_9188	0
k79_81916	0
k79_33177	0
k79_21394	0
k79_45949	0
k79_81920	0
k79_33182	0
k79_81922	0
k79_9196	0
k79_33184	0
k79_21404	0
k79_33186	0
k79_81924	0
k79_69508	0
k79_21410	0
k79_69509	0
k79_45958	0
k79_9202	0
k79_81928	0
k79_57933	0
k79_9204	0
k79_21417	0
k79_57935	0
k79_57936	0
k79_9211	0
k79_45965	0
k79_21427	0
k79_57938	0
k79_93753	0
k79_45972	0
k79_57944	0
k79_81937	0
k79_69521	0
k79_81939	0
k79_45975	0
k79_57949	0
k79_9226	0
k79_45976	0
k79_81942	0
k79_69529	0
k79_33205	0
k79_9229	0
k79_93769	0
k79_9230	0
k79_21434	0
k79_69533	0
k79_45982	0
k79_93774	0
k79_33214	0
k79_57961	0
k79_93777	0
k79_57963	0
k79_45995	0
k79_69537	0
k79_9237	0
k79_45996	0
k79_57967	0
k79_81953	0
k79_57973	0
k79_69540	0
k79_81958	0
k79_69542	0
k79_81960	0
k79_33249	0
k79_9253	0
k79_33250	0
k79_9254	0
k79_81972	0
k79_69559	0
k79_57987	0
k79_21458	0
k79_93788	0
k79_81981	0
k79_93791	0
k79_69568	0
k79_81986	0
k79_33261	0
k79_93794	0
k79_81990	0
k79_9266	0
k79_69575	0
k79_58006	0
k79_21467	0
k79_58007	0
k79_81997	0
k79_69580	0
k79_21470	0
k79_93805	0
k79_69582	0
k79_21472	0
k79_93806	0
k79_69583	0
k79_82006	0
k79_58020	0
k79_82008	0
k79_93817	0
k79_58023	0
k79_9274	0
k79_58028	0
k79_69592	0
k79_33279	0
k79_21480	0
k79_93821	0
k79_58029	0
k79_69593	0
k79_93822	0
k79_58033	0
k79_33282	0
k79_21482	0
k79_58034	0
k79_33285	0
k79_9280	0
k79_93827	0
k79_21485	0
k79_21486	0
k79_9283	0
k79_93832	0
k79_21488	0
k79_82023	0
k79_69607	0
k79_21489	0
k79_33297	0
k79_58051	0
k79_82026	0
k79_21492	0
k79_21493	0
k79_9290	0
k79_58054	0
k79_69620	0
k79_33299	0
k79_33300	0
k79_58057	0
k79_69622	0
k79_93840	0
k79_21503	0
k79_82041	0
k79_21504	0
k79_46037	0
k79_82046	0
k79_33308	0
k79_9304	0
k79_21508	0
k79_33310	0
k79_33311	0
k79_46049	0
k79_21511	0
k79_69645	0
k79_9314	0
k79_9315	0
k79_69658	0
k79_9326	0
k79_21528	0
k79_93848	0
k79_46057	0
k79_21531	0
k79_58086	0
k79_9332	0
k79_58088	0
k79_46067	0
k79_69662	0
k79_21536	0
k79_69667	0
k79_46073	0
k79_21543	0
k79_46074	0
k79_58102	0
k79_21544	0
k79_69676	0
k79_21545	0
k79_58106	0
k79_93853	0
k79_69677	0
k79_58110	0
k79_33328	0
k79_69680	0
k79_21551	0
k79_33330	0
k79_58114	0
k79_21552	0
k79_9349	0
k79_33337	0
k79_46088	0
k79_21555	0
k79_82064	0
k79_9353	0
k79_33338	0
k79_58125	0
k79_9359	0
k79_33341	0
k79_21564	0
k79_9362	0
k79_93877	0
k79_58135	0
k79_33347	0
k79_9365	0
k79_69694	0
k79_93881	0
k79_33349	0
k79_21568	0
k79_33351	0
k79_82078	0
k79_46103	0
k79_82080	0
k79_93892	0
k79_58148	0
k79_33363	0
k79_93896	0
k79_69702	0
k79_33366	0
k79_93899	0
k79_46112	0
k79_58161	0
k79_93901	0
k79_46114	0
k79_82093	0
k79_82094	0
k79_46116	0
k79_21575	0
k79_93907	0
k79_82095	0
k79_46119	0
k79_21579	0
k79_93908	0
k79_82097	0
k79_58170	0
k79_46127	0
k79_82099	0
k79_93917	0
k79_21585	0
k79_46129	0
k79_58184	0
k79_93918	0
k79_82103	0
k79_46131	0
k79_46133	0
k79_93927	0
k79_33373	0
k79_46137	0
k79_69738	0
k79_69739	0
k79_21600	0
k79_69742	0
k79_82107	0
k79_58201	0
k79_9391	0
k79_82108	0
k79_9392	0
k79_33385	0
k79_69748	0
k79_82110	0
k79_58202	0
k79_46153	0
k79_69750	0
k79_21610	0
k79_93932	0
k79_82117	0
k79_21611	0
k79_46157	0
k79_69752	0
k79_9399	0
k79_69753	0
k79_82118	0
k79_33395	0
k79_93942	0
k79_69754	0
k79_46160	0
k79_58217	0
k79_9407	0
k79_33402	0
k79_9408	0
k79_69758	0
k79_21617	0
k79_33403	0
k79_58220	0
k79_69762	0
k79_46164	0
k79_46166	0
k79_93953	0
k79_21622	0
k79_69765	0
k79_21623	0
k79_93960	0
k79_58225	0
k79_21628	0
k79_82150	0
k79_58231	0
k79_21635	0
k79_33429	0
k79_69779	0
k79_69780	0
k79_46187	0
k79_21640	0
k79_58239	0
k79_93971	0
k79_58242	0
k79_33439	0
k79_21642	0
k79_69787	0
k79_58244	0
k79_33445	0
k79_46192	0
k79_33447	0
k79_69789	0
k79_46203	0
k79_93978	0
k79_46204	0
k79_33453	0
k79_58257	0
k79_46205	0
k79_21652	0
k79_9421	0
k79_93984	0
k79_69802	0
k79_82165	0
k79_46210	0
k79_58271	0
k79_21657	0
k79_82177	0
k79_21658	0
k79_46212	0
k79_82181	0
k79_58274	0
k79_69815	0
k79_58275	0
k79_33460	0
k79_69817	0
k79_58283	0
k79_46218	0
k79_33466	0
k79_94001	0
k79_46223	0
k79_46225	0
k79_33474	0
k79_82193	0
k79_46228	0
k79_82194	0
k79_33476	0
k79_46231	0
k79_94006	0
k79_33481	0
k79_33482	0
k79_46236	0
k79_58307	0
k79_9433	0
k79_82201	0
k79_33488	0
k79_46240	0
k79_46241	0
k79_94016	0
k79_58318	0
k79_69843	0
k79_82205	0
k79_33497	0
k79_46244	0
k79_58324	0
k79_33501	0
k79_69850	0
k79_46247	0
k79_9441	0
k79_46255	0
k79_82221	0
k79_21662	0
k79_94026	0
k79_33513	0
k79_82222	0
k79_21663	0
k79_94028	0
k79_82224	0
k79_69862	0
k79_46263	0
k79_9451	0
k79_21666	0
k79_69863	0
k79_82227	0
k79_21667	0
k79_46264	0
k79_82228	0
k79_21668	0
k79_9458	0
k79_69868	0
k79_69871	0
k79_33522	0
k79_21671	0
k79_46268	0
k79_58334	0
k79_69872	0
k79_33524	0
k79_21673	0
k79_69875	0
k79_82240	0
k79_9463	0
k79_82242	0
k79_69877	0
k79_82243	0
k79_69879	0
k79_9470	0
k79_58342	0
k79_82251	0
k79_69886	0
k79_33545	0
k79_69889	0
k79_82254	0
k79_58351	0
k79_33550	0
k79_69892	0
k79_46298	0
k79_82258	0
k79_33552	0
k79_58355	0
k79_46302	0
k79_82265	0
k79_33558	0
k79_58358	0
k79_82266	0
k79_21684	0
k79_69903	0
k79_33559	0
k79_69904	0
k79_82274	0
k79_69910	0
k79_82278	0
k79_58363	0
k79_69914	0
k79_9490	0
k79_69915	0
k79_82293	0
k79_21691	0
k79_69917	0
k79_82294	0
k79_21692	0
k79_82296	0
k79_21699	0
k79_69929	0
k79_33572	0
k79_69931	0
k79_69932	0
k79_46320	0
k79_58375	0
k79_9500	0
k79_69940	0
k79_33578	0
k79_82312	0
k79_58385	0
k79_21708	0
k79_94066	0
k79_82313	0
k79_69950	0
k79_58390	0
k79_46324	0
k79_33583	0
k79_58395	0
k79_94075	0
k79_46326	0
k79_58397	0
k79_69958	0
k79_33589	0
k79_58399	0
k79_94079	0
k79_82317	0
k79_46329	0
k79_33590	0
k79_69961	0
k79_46330	0
k79_33592	0
k79_58403	0
k79_46333	0
k79_46336	0
k79_9521	0
k79_58413	0
k79_82329	0
k79_69965	0
k79_46341	0
k79_58416	0
k79_33603	0
k79_69970	0
k79_94098	0
k79_58418	0
k79_33606	0
k79_9523	0
k79_94101	0
k79_33613	0
k79_58422	0
k79_9531	0
k79_33614	0
k79_58426	0
k79_94108	0
k79_33617	0
k79_46360	0
k79_33618	0
k79_94112	0
k79_46361	0
k79_82340	0
k79_94113	0
k79_58433	0
k79_21734	0
k79_33626	0
k79_9550	0
k79_46367	0
k79_82346	0
k79_33630	0
k79_21739	0
k79_33632	0
k79_46373	0
k79_9559	0
k79_94123	0
k79_33633	0
k79_9560	0
k79_82356	0
k79_33636	0
k79_21749	0
k79_94134	0
k79_33640	0
k79_82359	0
k79_46388	0
k79_82361	0
k79_21750	0
k79_9570	0
k79_69980	0
k79_21751	0
k79_58450	0
k79_46391	0
k79_46393	0
k79_69985	0
k79_82369	0
k79_58457	0
k79_46396	0
k79_33656	0
k79_82370	0
k79_69987	0
k79_33657	0
k79_58462	0
k79_9584	0
k79_69995	0
k79_69998	0
k79_46408	0
k79_21759	0
k79_58472	0
k79_21761	0
k79_82392	0
k79_70014	0
k79_94148	0
k79_46415	0
k79_21771	0
k79_9612	0
k79_21773	0
k79_82398	0
k79_82402	0
k79_9632	0
k79_94168	0
k79_46418	0
k79_21791	0
k79_94169	0
k79_9639	0
k79_9643	0
k79_82407	0
k79_70020	0
k79_21809	0
k79_82409	0
k79_46428	0
k79_33688	0
k79_94178	0
k79_82413	0
k79_58492	0
k79_33692	0
k79_82416	0
k79_21820	0
k79_33699	0
k79_58500	0
k79_46437	0
k79_58501	0
k79_33704	0
k79_82424	0
k79_70043	0
k79_21831	0
k79_33705	0
k79_94189	0
k79_21832	0
k79_33706	0
k79_58513	0
k79_82430	0
k79_82431	0
k79_70056	0
k79_94198	0
k79_94199	0
k79_9652	0
k79_70060	0
k79_82434	0
k79_46458	0
k79_70062	0
k79_82436	0
k79_33718	0
k79_46459	0
k79_94205	0
k79_70068	0
k79_82438	0
k79_9663	0
k79_46463	0
k79_94214	0
k79_46467	0
k79_94216	0
k79_33727	0
k79_21846	0
k79_9665	0
k79_82440	0
k79_21848	0
k79_46471	0
k79_94228	0
k79_46481	0
k79_94229	0
k79_46482	0
k79_94231	0
k79_9675	0
k79_46484	0
k79_70105	0
k79_46485	0
k79_94238	0
k79_33744	0
k79_82453	0
k79_9682	0
k79_46493	0
k79_33748	0
k79_70118	0
k79_46494	0
k79_33752	0
k79_94253	0
k79_9694	0
k79_70123	0
k79_33755	0
k79_94255	0
k79_58520	0
k79_82467	0
k79_33757	0
k79_9700	0
k79_94258	0
k79_82472	0
k79_94259	0
k79_21854	0
k79_46508	0
k79_9708	0
k79_21855	0
k79_33761	0
k79_46512	0
k79_9716	0
k79_21858	0
k79_58534	0
k79_9719	0
k79_58535	0
k79_33764	0
k79_58540	0
k79_46523	0
k79_82491	0
k79_9724	0
k79_21860	0
k79_94269	0
k79_82492	0
k79_33768	0
k79_58542	0
k79_94270	0
k79_21862	0
k79_21863	0
k79_33770	0
k79_58546	0
k79_46528	0
k79_21865	0
k79_82497	0
k79_9730	0
k79_33774	0
k79_94274	0
k79_21870	0
k79_82501	0
k79_9735	0
k79_33779	0
k79_82505	0
k79_82510	0
k79_9742	0
k79_94280	0
k79_82512	0
k79_70126	0
k79_94286	0
k79_21881	0
k79_9750	0
k79_82517	0
k79_21891	0
k79_82518	0
k79_58567	0
k79_82520	0
k79_58568	0
k79_94304	0
k79_21897	0
k79_33800	0
k79_46557	0
k79_70151	0
k79_21900	0
k79_94309	0
k79_46558	0
k79_70155	0
k79_21904	0
k79_9761	0
k79_46562	0
k79_70158	0
k79_9762	0
k79_46568	0
k79_21917	0
k79_9767	0
k79_58607	0
k79_94311	0
k79_46576	0
k79_9769	0
k79_21922	0
k79_94313	0
k79_46583	0
k79_9775	0
k79_94315	0
k79_70171	0
k79_21930	0
k79_46586	0
k79_33824	0
k79_33826	0
k79_46588	0
k79_33828	0
k79_21939	0
k79_82557	0
k79_70178	0
k79_82559	0
k79_33837	0
k79_9790	0
k79_82568	0
k79_33842	0
k79_82569	0
k79_21946	0
k79_33845	0
k79_46604	0
k79_9792	0
k79_82576	0
k79_33847	0
k79_46608	0
k79_9796	0
k79_33849	0
k79_9798	0
k79_33852	0
k79_33854	0
k79_46616	0
k79_9803	0
k79_33855	0
k79_70182	0
k79_21954	0
k79_9807	0
k79_46619	0
k79_33870	0
k79_46625	0
k79_33872	0
k79_82591	0
k79_9814	0
k79_82592	0
k79_46635	0
k79_82596	0
k79_70190	0
k79_58636	0
k79_70191	0
k79_58639	0
k79_94317	0
k79_70193	0
k79_58642	0
k79_70195	0
k79_82607	0
k79_70198	0
k79_33879	0
k79_82608	0
k79_21962	0
k79_82610	0
k79_70200	0
k79_82613	0
k79_33887	0
k79_46660	0
k79_70203	0
k79_82616	0
k79_70209	0
k79_58653	0
k79_9832	0
k79_46672	0
k79_70214	0
k79_46678	0
k79_94341	0
k79_94342	0
k79_21969	0
k79_70217	0
k79_82634	0
k79_21972	0
k79_46689	0
k79_21973	0
k79_82640	0
k79_58669	0
k79_70228	0
k79_94352	0
k79_46691	0
k79_94353	0
k79_21979	0
k79_94357	0
k79_21981	0
k79_94362	0
k79_21983	0
k79_82656	0
k79_46702	0
k79_58675	0
k79_94365	0
k79_21984	0
k79_58676	0
k79_70237	0
k79_33905	0
k79_46710	0
k79_58678	0
k79_94375	0
k79_46713	0
k79_9845	0
k79_82664	0
k79_94376	0
k79_82665	0
k79_46717	0
k79_33916	0
k79_9846	0
k79_33917	0
k79_58692	0
k79_9850	0
k79_82671	0
k79_21996	0
k79_46722	0
k79_58698	0
k79_21997	0
k79_82675	0
k79_70252	0
k79_82676	0
k79_33923	0
k79_94383	0
k79_22002	0
k79_70254	0
k79_58708	0
k79_33927	0
k79_70257	0
k79_94386	0
k79_46741	0
k79_9875	0
k79_46742	0
k79_94394	0
k79_22009	0
k79_46745	0
k79_70270	0
k79_58727	0
k79_82680	0
k79_22023	0
k79_33938	0
k79_9888	0
k79_22028	0
k79_58739	0
k79_94408	0
k79_33947	0
k79_94415	0
k79_33950	0
k79_82703	0
k79_70279	0
k79_82711	0
k79_58744	0
k79_82714	0
k79_33959	0
k79_58749	0
k79_70285	0
k79_33960	0
k79_46764	0
k79_58751	0
k79_33961	0
k79_82721	0
k79_70299	0
k79_82725	0
k79_58768	0
k79_70302	0
k79_82728	0
k79_58773	0
k79_9929	0
k79_94456	0
k79_9931	0
k79_94466	0
k79_9940	0
k79_58789	0
k79_22037	0
k79_94467	0
k79_9941	0
k79_46772	0
k79_22039	0
k79_9943	0
k79_58796	0
k79_33976	0
k79_46780	0
k79_22042	0
k79_58802	0
k79_82748	0
k79_33979	0
k79_22051	0
k79_46790	0
k79_82758	0
k79_46794	0
k79_46795	0
k79_33985	0
k79_82764	0
k79_46798	0
k79_22055	0
k79_70322	0
k79_94473	0
k79_82772	0
k79_58816	0
k79_46805	0
k79_58822	0
k79_9966	0
k79_70332	0
k79_82779	0
k79_70334	0
k79_94489	0
k79_70335	0
k79_34002	0
k79_82781	0
k79_9970	0
k79_46814	0
k79_34003	0
k79_82784	0
k79_46815	0
k79_94494	0
k79_70340	0
k79_82788	0
k79_58837	0
k79_70341	0
k79_9983	0
k79_22071	0
k79_70343	0
k79_58842	0
k79_9987	0
k79_70349	0
k79_94501	0
k79_9989	0
k79_22081	0
k79_70355	0
k79_82813	0
k79_9990	0
k79_94510	0
k79_34022	0
k79_82817	0
k79_9995	0
k79_22086	0
k79_22090	0
k79_9998	0
k79_34025	0
k79_70368	0
k79_22093	0
k79_70370	0
k79_22095	0
k79_34028	0
k79_22097	0
k79_58857	0
k79_10007	0
k79_70376	0
k79_10012	0
k79_70380	0
k79_82833	0
k79_46824	0
k79_46828	0
k79_58873	0
k79_34040	0
k79_82841	0
k79_10023	0
k79_58876	0
k79_34041	0
k79_82843	0
k79_22105	0
k79_94527	0
k79_82844	0
k79_22106	0
k79_10028	0
k79_58882	0
k79_82846	0
k79_94531	0
k79_82848	0
k79_10033	0
k79_94538	0
k79_82851	0
k79_58892	0
k79_70395	0
k79_94539	0
k79_22116	0
k79_10040	0
k79_94541	0
k79_58898	0
k79_70398	0
k79_82858	0
k79_10043	0
k79_70399	0
k79_58901	0
k79_22125	0
k79_34055	0
k79_94544	0
k79_70401	0
k79_22128	0
k79_10045	0
k79_34057	0
k79_70408	0
k79_22129	0
k79_10046	0
k79_34063	0
k79_70411	0
k79_94550	0
k79_34064	0
k79_94555	0
k79_34068	0
k79_94559	0
k79_10053	0
k79_34075	0
k79_10054	0
k79_94562	0
k79_34078	0
k79_46840	0
k79_10057	0
k79_58919	0
k79_22141	0
k79_10062	0
k79_82866	0
k79_94574	0
k79_70428	0
k79_82868	0
k79_10064	0
k79_82870	0
k79_46852	0
k79_34087	0
k79_94576	0
k79_82876	0
k79_94577	0
k79_34090	0
k79_46859	0
k79_34091	0
k79_70434	0
k79_58932	0
k79_46862	0
k79_34095	0
k79_82883	0
k79_70438	0
k79_58937	0
k79_94594	0
k79_46869	0
k79_58939	0
k79_94595	0
k79_34101	0
k79_58945	0
k79_46877	0
k79_34106	0
k79_46882	0
k79_82892	0
k79_70442	0
k79_34109	0
k79_46885	0
k79_82895	0
k79_58956	0
k79_70446	0
k79_94609	0
k79_46886	0
k79_58958	0
k79_70449	0
k79_34112	0
k79_46887	0
k79_82903	0
k79_70453	0
k79_34114	0
k79_46888	0
k79_10088	0
k79_82906	0
k79_34118	0
k79_10089	0
k79_22160	0
k79_70463	0
k79_82912	0
k79_58960	0
k79_94627	0
k79_22165	0
k79_46893	0
k79_70466	0
k79_34125	0
k79_58965	0
k79_22169	0
k79_10094	0
k79_34132	0
k79_22171	0
k79_34133	0
k79_58976	0
k79_70482	0
k79_10097	0
k79_94638	0
k79_34136	0
k79_22178	0
k79_70486	0
k79_94639	0
k79_22179	0
k79_70488	0
k79_34140	0
k79_10108	0
k79_22183	0
k79_58986	0
k79_10111	0
k79_58987	0
k79_70497	0
k79_58989	0
k79_82923	0
k79_22191	0
k79_10114	0
k79_46921	0
k79_10117	0
k79_22195	0
k79_34156	0
k79_58999	0
k79_22196	0
k79_34157	0
k79_70503	0
k79_22198	0
k79_82932	0
k79_46926	0
k79_34162	0
k79_94654	0
k79_82935	0
k79_70506	0
k79_22205	0
k79_46939	0
k79_10135	0
k79_94662	0
k79_59007	0
k79_34177	0
k79_94664	0
k79_70515	0
k79_10141	0
k79_22219	0
k79_34181	0
k79_59016	0
k79_22221	0
k79_70518	0
k79_59017	0
k79_82944	0
k79_70520	0
k79_82945	0
k79_10150	0
k79_34192	0
k79_22224	0
k79_34195	0
k79_22228	0
k79_59026	0
k79_94672	0
k79_59027	0
k79_34199	0
k79_94679	0
k79_22238	0
k79_34203	0
k79_59037	0
k79_46961	0
k79_34211	0
k79_34213	0
k79_59040	0
k79_34214	0
k79_70528	0
k79_46973	0
k79_70530	0
k79_10177	0
k79_70532	0
k79_22246	0
k79_22247	0
k79_10185	0
k79_46988	0
k79_59057	0
k79_22248	0
k79_46991	0
k79_22250	0
k79_70542	0
k79_94722	0
k79_46996	0
k79_70551	0
k79_46997	0
k79_94724	0
k79_47002	0
k79_22253	0
k79_47006	0
k79_70558	0
k79_47007	0
k79_10191	0
k79_22259	0
k79_70559	0
k79_22261	0
k79_10195	0
k79_70561	0
k79_47013	0
k79_47014	0
k79_82973	0
k79_34240	0
k79_94735	0
k79_22274	0
k79_34242	0
k79_82978	0
k79_22279	0
k79_34245	0
k79_47027	0
k79_70568	0
k79_47029	0
k79_70569	0
k79_34252	0
k79_10203	0
k79_70570	0
k79_22291	0
k79_34253	0
k79_70571	0
k79_94742	0
k79_10205	0
k79_10206	0
k79_83001	0
k79_94745	0
k79_34262	0
k79_10209	0
k79_94746	0
k79_83004	0
k79_47032	0
k79_70580	0
k79_34264	0
k79_10212	0
k79_10214	0
k79_70586	0
k79_83009	0
k79_10215	0
k79_94762	0
k79_34269	0
k79_47045	0
k79_59066	0
k79_83015	0
k79_34273	0
k79_22312	0
k79_22313	0
k79_34279	0
k79_83023	0
k79_59074	0
k79_70601	0
k79_10222	0
k79_22317	0
k79_59076	0
k79_47055	0
k79_10226	0
k79_34283	0
k79_47056	0
k79_83033	0
k79_94780	0
k79_94783	0
k79_83036	0
k79_10238	0
k79_47062	0
k79_34291	0
k79_10239	0
k79_10240	0
k79_34295	0
k79_94792	0
k79_22332	0
k79_70609	0
k79_34299	0
k79_59096	0
k79_70610	0
k79_47073	0
k79_83051	0
k79_10245	0
k79_83052	0
k79_47075	0
k79_94801	0
k79_70615	0
k79_34304	0
k79_10248	0
k79_22336	0
k79_94804	0
k79_34311	0
k79_22338	0
k79_94808	0
k79_10254	0
k79_59109	0
k79_22341	0
k79_70624	0
k79_94813	0
k79_34315	0
k79_22343	0
k79_10257	0
k79_83072	0
k79_59120	0
k79_47099	0
k79_94819	0
k79_59123	0
k79_22350	0
k79_10265	0
k79_10266	0
k79_47104	0
k79_70638	0
k79_22354	0
k79_94826	0
k79_83088	0
k79_94827	0
k79_59134	0
k79_83089	0
k79_59140	0
k79_83091	0
k79_22366	0
k79_70650	0
k79_22367	0
k79_83092	0
k79_70655	0
k79_83094	0
k79_94835	0
k79_70659	0
k79_83101	0
k79_34343	0
k79_34344	0
k79_34345	0
k79_70667	0
k79_34346	0
k79_94843	0
k79_70669	0
k79_94844	0
k79_47115	0
k79_10304	0
k79_47116	0
k79_34351	0
k79_59162	0
k79_94851	0
k79_70675	0
k79_94856	0
k79_59164	0
k79_22382	0
k79_59170	0
k79_47121	0
k79_94861	0
k79_47122	0
k79_94864	0
k79_34364	0
k79_94868	0
k79_22387	0
k79_10313	0
k79_34366	0
k79_47130	0
k79_59181	0
k79_34367	0
k79_22389	0
k79_10316	0
k79_22392	0
k79_94879	0
k79_59184	0
k79_94880	0
k79_34374	0
k79_59186	0
k79_10322	0
k79_94882	0
k79_59187	0
k79_70683	0
k79_94885	0
k79_70685	0
k79_34380	0
k79_59190	0
k79_94887	0
k79_47141	0
k79_34382	0
k79_70688	0
k79_10332	0
k79_94889	0
k79_83119	0
k79_34383	0
k79_59195	0
k79_94893	0
k79_10339	0
k79_59197	0
k79_59198	0
k79_47165	0
k79_10343	0
k79_70698	0
k79_94899	0
k79_59200	0
k79_47167	0
k79_83128	0
k79_94900	0
k79_59203	0
k79_70704	0
k79_10349	0
k79_47170	0
k79_59204	0
k79_70705	0
k79_94905	0
k79_70706	0
k79_34408	0
k79_70707	0
k79_34415	0
k79_59219	0
k79_70715	0
k79_10360	0
k79_47179	0
k79_83149	0
k79_70717	0
k79_10362	0
k79_34421	0
k79_34422	0
k79_10364	0
k79_47185	0
k79_59226	0
k79_70722	0
k79_83159	0
k79_59228	0
k79_34429	0
k79_70723	0
k79_59234	0
k79_70726	0
k79_59237	0
k79_47200	0
k79_34436	0
k79_94927	0
k79_10372	0
k79_83172	0
k79_70740	0
k79_10374	0
k79_94932	0
k79_94933	0
k79_47211	0
k79_34439	0
k79_70747	0
k79_10379	0
k79_22431	0
k79_47217	0
k79_70748	0
k79_34445	0
k79_59247	0
k79_22432	0
k79_47222	0
k79_83186	0
k79_59255	0
k79_83188	0
k79_47228	0
k79_94950	0
k79_22446	0
k79_59264	0
k79_47234	0
k79_83193	0
k79_70751	0
k79_22450	0
k79_94954	0
k79_34458	0
k79_22451	0
k79_70753	0
k79_34459	0
k79_47241	0
k79_94961	0
k79_10394	0
k79_94962	0
k79_59268	0
k79_22459	0
k79_10396	0
k79_59270	0
k79_47247	0
k79_70767	0
k79_47248	0
k79_22464	0
k79_10400	0
k79_59273	0
k79_22465	0
k79_47250	0
k79_10403	0
k79_59274	0
k79_59275	0
k79_22469	0
k79_47256	0
k79_70784	0
k79_34477	0
k79_47258	0
k79_83217	0
k79_59282	0
k79_47260	0
k79_70791	0
k79_34484	0
k79_59283	0
k79_83219	0
k79_70795	0
k79_59288	0
k79_70800	0
k79_59295	0
k79_10409	0
k79_94979	0
k79_47272	0
k79_70805	0
k79_59296	0
k79_10410	0
k79_83225	0
k79_47273	0
k79_94981	0
k79_59298	0
k79_10411	0
k79_22473	0
k79_83233	0
k79_22475	0
k79_94984	0
k79_47280	0
k79_10418	0
k79_59307	0
k79_10419	0
k79_70822	0
k79_59311	0
k79_47283	0
k79_59312	0
k79_70824	0
k79_83241	0
k79_10427	0
k79_47285	0
k79_59316	0
k79_94994	0
k79_34496	0
k79_10430	0
k79_47289	0
k79_10431	0
k79_59319	0
k79_34498	0
k79_34499	0
k79_70831	0
k79_22494	0
k79_10435	0
k79_59323	0
k79_70834	0
k79_83253	0
k79_47294	0
k79_22500	0
k79_10438	0
k79_22501	0
k79_70841	0
k79_10445	0
k79_10446	0
k79_59332	0
k79_70845	0
k79_34521	0
k79_10449	0
k79_83265	0
k79_59335	0
k79_47309	0
k79_10452	0
k79_83268	0
k79_70855	0
k79_34529	0
k79_10457	0
k79_34532	0
k79_47319	0
k79_10458	0
k79_34534	0
k79_59348	0
k79_10461	0
k79_34535	0
k79_59351	0
k79_34539	0
k79_10465	0
k79_70877	0
k79_95012	0
k79_47325	0
k79_10474	0
k79_59365	0
k79_70882	0
k79_83277	0
k79_10475	0
k79_34550	0
k79_59367	0
k79_70887	0
k79_34553	0
k79_83283	0
k79_59370	0
k79_22521	0
k79_95027	0
k79_59378	0
k79_34561	0
k79_95031	0
k79_59384	0
k79_22531	0
k79_83292	0
k79_95033	0
k79_34567	0
k79_10489	0
k79_22532	0
k79_83293	0
k79_83295	0
k79_34569	0
k79_59392	0
k79_22534	0
k79_10496	0
k79_83296	0
k79_34572	0
k79_83297	0
k79_95042	0
k79_59399	0
k79_34580	0
k79_95044	0
k79_10502	0
k79_83303	0
k79_47348	0
k79_10506	0
k79_34588	0
k79_59403	0
k79_70928	0
k79_95050	0
k79_95053	0
k79_70935	0
k79_10520	0
k79_22553	0
k79_83312	0
k79_22555	0
k79_59412	0
k79_95058	0
k79_70938	0
k79_10528	0
k79_47358	0
k79_95061	0
k79_59415	0
k79_47360	0
k79_70943	0
k79_10532	0
k79_83323	0
k79_47362	0
k79_95064	0
k79_59416	0
k79_22565	0
k79_34603	0
k79_70946	0
k79_47367	0
k79_47368	0
k79_34605	0
k79_83330	0
k79_70949	0
k79_59423	0
k79_34611	0
k79_95077	0
k79_70955	0
k79_70956	0
k79_83338	0
k79_95079	0
k79_47385	0
k79_95081	0
k79_70964	0
k79_10541	0
k79_70965	0
k79_95084	0
k79_47397	0
k79_95087	0
k79_10549	0
k79_59447	0
k79_83355	0
k79_95089	0
k79_34631	0
k79_83356	0
k79_10554	0
k79_59450	0
k79_95091	0
k79_83360	0
k79_10557	0
k79_34637	0
k79_95093	0
k79_34639	0
k79_47410	0
k79_34641	0
k79_95099	0
k79_70976	0
k79_34642	0
k79_34643	0
k79_22584	0
k79_34645	0
k79_95106	0
k79_70987	0
k79_47422	0
k79_47425	0
k79_70993	0
k79_22605	0
k79_34662	0
k79_10570	0
k79_34664	0
k79_10574	0
k79_59482	0
k79_83373	0
k79_71007	0
k79_59483	0
k79_71009	0
k79_47447	0
k79_59486	0
k79_71013	0
k79_83383	0
k79_95117	0
k79_34672	0
k79_47454	0
k79_83388	0
k79_71017	0
k79_59495	0
k79_34679	0
k79_47457	0
k79_59496	0
k79_71021	0
k79_95126	0
k79_71026	0
k79_47468	0
k79_34691	0
k79_22622	0
k79_10590	0
k79_10592	0
k79_71037	0
k79_10594	0
k79_95150	0
k79_47477	0
k79_71040	0
k79_95153	0
k79_22637	0
k79_95154	0
k79_71050	0
k79_22639	0
k79_10604	0
k79_83399	0
k79_34701	0
k79_59518	0
k79_22642	0
k79_95161	0
k79_10607	0
k79_71059	0
k79_47486	0
k79_83405	0
k79_47487	0
k79_95165	0
k79_71063	0
k79_34706	0
k79_59529	0
k79_95167	0
k79_47496	0
k79_34710	0
k79_22648	0
k79_47497	0
k79_22652	0
k79_59538	0
k79_47500	0
k79_22655	0
k79_95178	0
k79_34719	0
k79_59542	0
k79_22661	0
k79_59546	0
k79_95185	0
k79_47514	0
k79_47517	0
k79_83426	0
k79_34735	0
k79_71070	0
k79_34737	0
k79_71071	0
k79_83431	0
k79_34739	0
k79_83432	0
k79_95187	0
k79_10625	0
k79_22676	0
k79_34745	0
k79_47529	0
k79_83438	0
k79_22679	0
k79_59559	0
k79_95194	0
k79_47530	0
k79_95200	0
k79_59567	0
k79_34753	0
k79_95202	0
k79_59569	0
k79_71080	0
k79_71082	0
k79_59572	0
k79_59573	0
k79_95208	0
k79_95209	0
k79_34762	0
k79_95217	0
k79_34766	0
k79_71101	0
k79_34771	0
k79_71105	0
k79_95227	0
k79_71106	0
k79_34776	0
k79_59585	0
k79_47575	0
k79_71109	0
k79_95229	0
k79_47579	0
k79_95233	0
k79_34784	0
k79_95234	0
k79_47582	0
k79_34788	0
k79_47584	0
k79_95240	0
k79_59605	0
k79_95241	0
k79_34795	0
k79_71122	0
k79_71127	0
k79_34803	0
k79_71135	0
k79_47604	0
k79_71141	0
k79_34808	0
k79_83509	0
k79_47609	0
k79_95255	0
k79_10636	0
k79_47612	0
k79_71149	0
k79_34814	0
k79_59617	0
k79_10638	0
k79_47618	0
k79_71156	0
k79_59626	0
k79_22687	0
k79_59630	0
k79_47625	0
k79_59631	0
k79_10644	0
k79_95274	0
k79_34826	0
k79_83538	0
k79_10648	0
k79_22696	0
k79_83539	0
k79_10650	0
k79_59641	0
k79_22700	0
k79_34829	0
k79_22701	0
k79_34831	0
k79_83555	0
k79_95286	0
k79_34835	0
k79_59654	0
k79_71177	0
k79_10668	0
k79_59655	0
k79_22711	0
k79_95291	0
k79_22712	0
k79_95292	0
k79_10672	0
k79_47639	0
k79_83566	0
k79_95296	0
k79_10673	0
k79_47641	0
k79_59664	0
k79_34840	0
k79_71195	0
k79_59668	0
k79_95303	0
k79_10683	0
k79_47647	0
k79_59672	0
k79_10686	0
k79_47649	0
k79_22717	0
k79_47651	0
k79_34852	0
k79_47652	0
k79_10696	0
k79_22723	0
k79_59683	0
k79_47653	0
k79_95312	0
k79_71210	0
k79_95316	0
k79_83575	0
k79_95318	0
k79_71215	0
k79_83580	0
k79_47665	0
k79_22743	0
k79_71219	0
k79_47670	0
k79_22751	0
k79_59701	0
k79_22754	0
k79_71224	0
k79_10709	0
k79_59704	0
k79_71228	0
k79_10710	0
k79_95345	0
k79_95346	0
k79_71230	0
k79_47677	0
k79_71234	0
k79_95350	0
k79_83593	0
k79_22781	0
k79_34882	0
k79_59712	0
k79_47684	0
k79_83598	0
k79_59713	0
k79_47686	0
k79_22791	0
k79_83604	0
k79_95364	0
k79_10720	0
k79_59722	0
k79_95366	0
k79_47688	0
k79_71258	0
k79_22807	0
k79_59728	0
k79_83620	0
k79_59733	0
k79_95375	0
k79_95376	0
k79_59736	0
k79_22818	0
k79_10727	0
k79_71266	0
k79_22819	0
k79_59743	0
k79_95386	0
k79_22820	0
k79_95387	0
k79_59745	0
k79_47717	0
k79_10737	0
k79_10738	0
k79_22824	0
k79_95394	0
k79_71274	0
k79_59751	0
k79_83634	0
k79_22827	0
k79_95396	0
k79_95398	0
k79_59756	0
k79_10744	0
k79_83636	0
k79_47723	0
k79_34901	0
k79_47724	0
k79_22834	0
k79_95403	0
k79_22836	0
k79_47728	0
k79_34909	0
k79_10754	0
k79_34910	0
k79_71290	0
k79_83638	0
k79_71291	0
k79_34911	0
k79_59771	0
k79_47739	0
k79_83640	0
k79_34914	0
k79_59777	0
k79_34915	0
k79_10760	0
k79_10768	0
k79_59783	0
k79_34926	0
k79_59784	0
k79_71302	0
k79_10771	0
k79_10772	0
k79_59785	0
k79_59787	0
k79_71310	0
k79_95421	0
k79_10778	0
k79_22863	0
k79_22867	0
k79_83657	0
k79_95432	0
k79_83660	0
k79_83662	0
k79_10796	0
k79_10797	0
k79_22871	0
k79_34938	0
k79_95442	0
k79_47772	0
k79_22875	0
k79_10801	0
k79_59799	0
k79_59800	0
k79_10806	0
k79_22878	0
k79_95450	0
k79_10808	0
k79_71322	0
k79_59805	0
k79_22880	0
k79_71324	0
k79_47789	0
k79_10813	0
k79_22882	0
k79_95455	0
k79_34942	0
k79_22885	0
k79_59808	0
k79_34943	0
k79_59813	0
k79_95461	0
k79_34946	0
k79_59815	0
k79_59816	0
k79_71348	0
k79_95462	0
k79_71351	0
k79_95464	0
k79_59821	0
k79_71352	0
k79_95466	0
k79_47798	0
k79_71353	0
k79_47799	0
k79_59826	0
k79_59829	0
k79_10826	0
k79_71361	0
k79_34967	0
k79_95471	0
k79_10833	0
k79_22893	0
k79_59835	0
k79_22895	0
k79_10840	0
k79_22897	0
k79_59843	0
k79_95484	0
k79_59848	0
k79_47824	0
k79_22902	0
k79_95491	0
k79_34995	0
k79_59851	0
k79_83676	0
k79_71369	0
k79_22905	0
k79_10844	0
k79_47831	0
k79_95495	0
k79_59854	0
k79_71373	0
k79_59855	0
k79_71374	0
k79_95499	0
k79_71375	0
k79_71376	0
k79_47838	0
k79_10855	0
k79_95502	0
k79_10856	0
k79_47839	0
k79_71382	0
k79_10859	0
k79_22921	0
k79_83682	0
k79_35018	0
k79_71385	0
k79_47845	0
k79_35021	0
k79_59861	0
k79_95505	0
k79_35023	0
k79_83692	0
k79_47849	0
k79_22925	0
k79_35024	0
k79_83698	0
k79_95510	0
k79_35026	0
k79_95511	0
k79_83702	0
k79_59874	0
k79_83704	0
k79_22935	0
k79_95522	0
k79_10882	0
k79_59889	0
k79_47856	0
k79_22943	0
k79_95523	0
k79_10884	0
k79_95524	0
k79_83707	0
k79_10885	0
k79_59894	0
k79_22949	0
k79_83708	0
k79_47864	0
k79_10892	0
k79_10895	0
k79_22955	0
k79_59901	0
k79_95534	0
k79_95537	0
k79_83719	0
k79_59908	0
k79_95539	0
k79_10901	0
k79_59911	0
k79_71423	0
k79_95542	0
k79_83728	0
k79_71424	0
k79_47876	0
k79_83731	0
k79_10910	0
k79_22985	0
k79_47877	0
k79_59925	0
k79_10911	0
k79_59926	0
k79_22992	0
k79_83740	0
k79_59928	0
k79_10915	0
k79_59931	0
k79_22996	0
k79_95562	0
k79_10918	0
k79_83745	0
k79_35087	0
k79_95564	0
k79_10920	0
k79_59933	0
k79_83747	0
k79_35091	0
k79_95571	0
k79_83750	0
k79_59934	0
k79_23004	0
k79_23009	0
k79_59938	0
k79_47905	0
k79_10926	0
k79_59940	0
k79_10928	0
k79_59944	0
k79_95583	0
k79_10929	0
k79_71436	0
k79_95589	0
k79_71438	0
k79_47916	0
k79_95591	0
k79_83755	0
k79_35110	0
k79_95592	0
k79_47920	0
k79_59961	0
k79_95596	0
k79_35117	0
k79_95603	0
k79_59965	0
k79_71460	0
k79_95604	0
k79_10933	0
k79_47929	0
k79_10934	0
k79_95606	0
k79_47930	0
k79_35128	0
k79_47935	0
k79_71463	0
k79_95614	0
k79_47941	0
k79_59968	0
k79_23019	0
k79_10942	0
k79_83762	0
k79_71469	0
k79_47951	0
k79_59978	0
k79_95629	0
k79_95631	0
k79_95632	0
k79_35147	0
k79_71484	0
k79_10952	0
k79_23039	0
k79_59986	0
k79_10954	0
k79_47970	0
k79_35154	0
k79_83783	0
k79_35155	0
k79_71491	0
k79_10957	0
k79_47971	0
k79_95647	0
k79_83786	0
k79_71492	0
k79_59995	0
k79_47976	0
k79_83788	0
k79_95648	0
k79_71494	0
k79_35163	0
k79_47980	0
k79_10969	0
k79_47981	0
k79_35168	0
k79_23052	0
k79_59997	0
k79_10970	0
k79_10972	0
k79_23054	0
k79_47987	0
k79_83800	0
k79_35176	0
k79_83801	0
k79_60001	0
k79_71515	0
k79_10979	0
k79_47991	0
k79_23060	0
k79_35181	0
k79_83806	0
k79_60004	0
k79_47995	0
k79_35189	0
k79_83808	0
k79_23068	0
k79_60009	0
k79_48000	0
k79_83809	0
k79_48001	0
k79_95664	0
k79_23071	0
k79_60014	0
k79_83815	0
k79_95667	0
k79_60015	0
k79_35193	0
k79_48006	0
k79_48008	0
k79_35197	0
k79_95677	0
k79_83825	0
k79_71538	0
k79_60033	0
k79_10986	0
k79_71544	0
k79_48024	0
k79_71545	0
k79_23082	0
k79_60034	0
k79_10988	0
k79_60035	0
k79_48026	0
k79_71548	0
k79_83834	0
k79_35209	0
k79_48028	0
k79_71549	0
k79_10996	0
k79_35214	0
k79_35216	0
k79_95697	0
k79_35218	0
k79_95698	0
k79_71554	0
k79_35222	0
k79_11010	0
k79_60051	0
k79_83843	0
k79_71555	0
k79_35224	0
k79_83852	0
k79_71562	0
k79_11020	0
k79_23105	0
k79_35230	0
k79_11022	0
k79_23113	0
k79_60056	0
k79_83855	0
k79_35236	0
k79_60060	0
k79_23117	0
k79_11030	0
k79_35238	0
k79_83866	0
k79_11034	0
k79_23123	0
k79_35242	0
k79_11036	0
k79_60067	0
k79_95734	0
k79_11039	0
k79_23125	0
k79_71584	0
k79_71585	0
k79_23130	0
k79_11046	0
k79_71594	0
k79_83873	0
k79_11050	0
k79_60090	0
k79_83876	0
k79_71597	0
k79_11054	0
k79_71600	0
k79_23151	0
k79_60092	0
k79_83884	0
k79_83885	0
k79_71607	0
k79_60098	0
k79_95747	0
k79_60099	0
k79_95748	0
k79_60103	0
k79_35258	0
k79_11056	0
k79_83898	0
k79_95754	0
k79_83899	0
k79_35262	0
k79_71612	0
k79_23164	0
k79_83904	0
k79_11066	0
k79_95763	0
k79_83910	0
k79_23171	0
k79_11071	0
k79_35270	0
k79_95770	0
k79_35272	0
k79_35273	0
k79_95776	0
k79_35276	0
k79_11081	0
k79_83919	0
k79_35280	0
k79_11082	0
k79_35282	0
k79_71625	0
k79_23184	0
k79_11089	0
k79_95788	0
k79_35285	0
k79_71628	0
k79_60120	0
k79_95790	0
k79_71631	0
k79_23186	0
k79_35290	0
k79_48054	0
k79_71632	0
k79_95793	0
k79_71633	0
k79_83932	0
k79_95794	0
k79_48056	0
k79_71634	0
k79_95797	0
k79_11105	0
k79_71636	0
k79_23191	0
k79_48057	0
k79_60128	0
k79_11110	0
k79_60129	0
k79_95802	0
k79_35300	0
k79_60135	0
k79_83943	0
k79_60147	0
k79_60148	0
k79_71659	0
k79_48080	0
k79_83957	0
k79_60150	0
k79_95821	0
k79_83958	0
k79_48083	0
k79_48086	0
k79_48088	0
k79_48089	0
k79_48090	0
k79_71683	0
k79_95825	0
k79_35326	0
k79_48091	0
k79_11127	0
k79_60157	0
k79_48094	0
k79_35332	0
k79_60163	0
k79_48097	0
k79_11136	0
k79_83972	0
k79_60165	0
k79_71703	0
k79_23204	0
k79_48098	0
k79_35339	0
k79_95834	0
k79_71705	0
k79_60166	0
k79_23205	0
k79_23208	0
k79_35342	0
k79_48104	0
k79_95839	0
k79_35345	0
k79_95840	0
k79_35346	0
k79_95841	0
k79_83990	0
k79_95846	0
k79_35349	0
k79_71716	0
k79_83991	0
k79_35350	0
k79_23226	0
k79_71719	0
k79_60180	0
k79_83996	0
k79_23230	0
k79_35353	0
k79_83999	0
k79_95861	0
k79_48116	0
k79_84000	0
k79_95865	0
k79_48118	0
k79_71733	0
k79_84001	0
k79_11166	0
k79_95870	0
k79_71735	0
k79_84005	0
k79_71736	0
k79_35362	0
k79_35363	0
k79_48133	0
k79_11173	0
k79_23244	0
k79_48138	0
k79_60195	0
k79_71748	0
k79_35378	0
k79_60196	0
k79_11192	0
k79_84012	0
k79_48148	0
k79_71758	0
k79_11195	0
k79_84015	0
k79_11196	0
k79_35388	0
k79_60205	0
k79_95876	0
k79_60209	0
k79_11200	0
k79_35393	0
k79_71770	0
k79_60210	0
k79_11201	0
k79_95880	0
k79_23249	0
k79_95881	0
k79_23255	0
k79_71778	0
k79_84024	0
k79_95886	0
k79_35409	0
k79_48168	0
k79_23261	0
k79_71783	0
k79_35410	0
k79_84028	0
k79_71786	0
k79_35414	0
k79_11217	0
k79_84030	0
k79_11218	0
k79_84033	0
k79_71793	0
k79_60235	0
k79_11219	0
k79_23267	0
k79_71798	0
k79_60238	0
k79_23270	0
k79_35428	0
k79_71801	0
k79_48173	0
k79_35431	0
k79_11233	0
k79_23275	0
k79_71804	0
k79_95910	0
k79_48174	0
k79_23277	0
k79_60251	0
k79_23279	0
k79_11240	0
k79_60252	0
k79_35444	0
k79_71809	0
k79_11248	0
k79_84064	0
k79_35449	0
k79_71811	0
k79_95935	0
k79_84066	0
k79_11255	0
k79_84068	0
k79_95953	0
k79_11264	0
k79_35457	0
k79_84083	0
k79_23282	0
k79_84086	0
k79_35463	0
k79_84087	0
k79_11269	0
k79_23288	0
k79_84091	0
k79_11273	0
k79_84092	0
k79_71827	0
k79_95979	0
k79_23294	0
k79_35467	0
k79_71830	0
k79_48205	0
k79_11279	0
k79_84096	0
k79_71831	0
k79_35470	0
k79_11280	0
k79_95985	0
k79_23301	0
k79_95991	0
k79_35480	0
k79_23303	0
k79_48214	0
k79_71838	0
k79_23304	0
k79_11294	0
k79_71839	0
k79_84119	0
k79_71842	0
k79_71843	0
k79_84121	0
k79_96008	0
k79_71846	0
k79_96011	0
k79_96012	0
k79_71850	0
k79_96016	0
k79_11311	0
k79_84132	0
k79_84134	0
k79_96024	0
k79_11319	0
k79_23321	0
k79_96025	0
k79_23322	0
k79_11322	0
k79_23325	0
k79_11328	0
k79_84143	0
k79_23327	0
k79_11335	0
k79_84146	0
k79_84149	0
k79_23331	0
k79_35515	0
k79_96036	0
k79_71889	0
k79_96039	0
k79_23335	0
k79_11348	0
k79_71894	0
k79_23336	0
k79_23342	0
k79_84163	0
k79_23348	0
k79_11353	0
k79_35526	0
k79_96049	0
k79_84168	0
k79_84173	0
k79_71904	0
k79_11359	0
k79_84179	0
k79_71905	0
k79_23356	0
k79_84183	0
k79_71912	0
k79_11365	0
k79_71913	0
k79_23361	0
k79_11370	0
k79_84193	0
k79_71929	0
k79_23371	0
k79_71939	0
k79_35530	0
k79_84204	0
k79_96053	0
k79_71942	0
k79_71943	0
k79_84207	0
k79_11378	0
k79_35536	0
k79_71947	0
k79_23382	0
k79_84211	0
k79_11387	0
k79_35545	0
k79_96056	0
k79_35553	0
k79_23391	0
k79_11398	0
k79_96063	0
k79_35557	0
k79_71964	0
k79_11400	0
k79_96068	0
k79_71967	0
k79_84231	0
k79_71970	0
k79_96077	0
k79_23399	0
k79_35561	0
k79_71974	0
k79_96081	0
k79_71976	0
k79_11413	0
k79_96085	0
k79_35568	0
k79_84250	0
k79_71984	0
k79_35570	0
k79_23403	0
k79_96092	0
k79_11422	0
k79_71988	0
k79_84256	0
k79_35575	0
k79_71989	0
k79_84259	0
k79_11432	0
k79_96098	0
k79_71993	0
k79_84270	0
k79_96103	0
k79_96104	0
k79_23412	0
k79_11444	0
k79_72010	0
k79_84281	0
k79_96109	0
k79_35583	0
k79_11449	0
k79_72011	0
k79_72014	0
k79_84292	0
k79_35590	0
k79_96113	0
k79_11457	0
k79_84296	0
k79_84302	0
k79_84307	0
k79_11473	0
k79_35603	0
k79_23427	0
k79_84309	0
k79_72047	0
k79_11482	0
k79_23434	0
k79_72049	0
k79_11485	0
k79_96131	0
k79_23436	0
k79_96133	0
k79_84315	0
k79_11492	0
k79_96137	0
k79_84316	0
k79_72058	0
k79_11493	0
k79_96139	0
k79_11495	0
k79_96141	0
k79_84323	0
k79_72062	0
k79_72064	0
k79_35617	0
k79_84327	0
k79_35618	0
k79_72066	0
k79_11512	0
k79_11514	0
k79_72077	0
k79_11515	0
k79_84334	0
k79_84337	0
k79_72085	0
k79_84339	0
k79_35631	0
k79_84343	0
k79_35634	0
k79_72095	0
k79_96153	0
k79_84344	0
k79_11535	0
k79_96154	0
k79_84346	0
k79_11536	0
k79_72102	0
k79_35639	0
k79_23469	0
k79_96164	0
k79_23470	0
k79_35645	0
k79_72111	0
k79_96167	0
k79_84349	0
k79_11545	0
k79_96168	0
k79_35648	0
k79_72114	0
k79_23472	0
k79_11551	0
k79_96174	0
k79_84357	0
k79_23476	0
k79_35653	0
k79_96175	0
k79_11552	0
k79_84359	0
k79_11554	0
k79_84360	0
k79_96183	0
k79_35663	0
k79_11555	0
k79_23486	0
k79_96188	0
k79_84367	0
k79_35666	0
k79_35667	0
k79_11560	0
k79_11561	0
k79_84379	0
k79_11565	0
k79_11567	0
k79_96218	0
k79_35678	0
k79_35680	0
k79_96226	0
k79_35684	0
k79_35690	0
k79_72120	0
k79_23495	0
k79_23497	0
k79_11584	0
k79_72122	0
k79_72123	0
k79_72126	0
k79_11589	0
k79_72129	0
k79_11591	0
k79_72132	0
k79_96239	0
k79_96241	0
k79_96245	0
k79_35694	0
k79_23510	0
k79_35698	0
k79_11600	0
k79_35703	0
k79_35705	0
k79_96249	0
k79_23522	0
k79_23525	0
k79_35708	0
k79_35709	0
k79_23532	0
k79_35710	0
k79_96256	0
k79_23534	0
k79_23535	0
k79_96257	0
k79_72158	0
k79_72159	0
k79_23538	0
k79_72163	0
k79_35718	0
k79_35721	0
k79_35724	0
k79_23548	0
k79_72175	0
k79_35726	0
k79_23561	0
k79_11643	0
k79_11644	0
k79_23578	0
k79_35734	0
k79_11650	0
k79_96275	0
k79_35740	0
k79_96277	0
k79_35742	0
k79_11658	0
k79_35746	0
k79_23587	0
k79_96284	0
k79_23589	0
k79_72223	0
k79_35754	0
k79_96287	0
k79_23597	0
k79_35755	0
k79_96289	0
k79_23599	0
k79_35758	0
k79_96290	0
k79_23603	0
k79_23610	0
k79_23612	0
k79_96313	0
k79_23617	0
k79_11666	0
k79_23618	0
k79_96315	0
k79_72236	0
k79_23627	0
k79_35776	0
k79_35777	0
k79_23631	0
k79_35779	0
k79_23632	0
k79_96320	0
k79_35785	0
k79_96325	0
k79_96326	0
k79_35793	0
k79_23642	0
k79_96333	0
k79_96336	0
k79_23648	0
k79_35807	0
k79_35809	0
k79_96346	0
k79_23657	0
k79_72264	0
k79_35814	0
k79_72271	0
k79_35819	0
k79_11683	0
k79_23669	0
k79_72274	0
k79_72275	0
k79_96355	0
k79_11690	0
k79_96358	0
k79_96363	0
k79_23686	0
k79_96364	0
k79_23687	0
k79_35829	0
k79_72294	0
k79_96366	0
k79_35830	0
k79_23690	0
k79_96369	0
k79_96372	0
k79_35835	0
k79_96376	0
k79_72306	0
k79_96379	0
k79_72309	0
k79_35838	0
k79_23712	0
k79_35841	0
k79_96391	0
k79_72319	0
k79_35845	0
k79_11716	0
k79_35852	0
k79_35855	0
k79_11717	0
k79_35857	0
k79_11726	0
k79_11727	0
k79_35860	0
k79_11732	0
k79_35866	0
k79_35867	0
k79_35868	0
k79_23753	0
k79_11743	0
k79_23754	0
k79_11749	0
k79_11751	0
k79_23762	0
k79_11753	0
k79_35877	0
k79_11757	0
k79_23769	0
k79_35880	0
k79_23771	0
k79_23783	0
k79_11759	0
k79_35884	0
k79_23791	0
k79_35900	0
k79_35905	0
k79_11775	0
k79_11777	0
k79_23810	0
k79_11781	0
k79_23811	0
k79_35918	0
k79_35921	0
k79_11796	0
k79_35925	0
k79_11809	0
k79_23816	0
k79_23820	0
k79_11821	0
k79_23829	0
k79_11823	0
k79_11829	0
k79_23832	0
k79_35936	0
k79_23836	0
k79_11845	0
k79_23848	0
k79_35958	0
k79_11863	0
k79_35963	0
k79_23861	0
k79_11871	0
k79_23862	0
k79_35964	0
k79_35975	0
k79_11874	0
k79_23873	0
k79_35976	0
k79_23874	0
k79_35978	0
k79_35983	0
k79_35985	0
k79_35986	0
k79_23888	0
k79_35990	0
k79_23894	0
k79_35993	0
k79_35994	0
k79_35996	0
k79_23902	0
k79_36010	0
k79_23911	0
k79_36015	0
k79_36021	0
k79_36034	0
k79_23931	0
k79_11907	0
k79_23935	0
k79_11909	0
k79_36041	0
k79_23943	0
k79_23949	0
k79_23950	0
k79_36061	0
k79_11936	0
k79_23953	0
k79_36067	0
k79_11942	0
k79_11943	0
k79_11945	0
k79_11946	0
k79_23957	0
k79_36086	0
k79_11950	0
k79_23970	0
k79_36097	0
k79_11957	0
k79_36101	0
k79_23977	0
k79_11961	0
k79_36102	0
k79_23982	0
k79_23984	0
k79_23985	0
k79_36112	0
k79_11969	0
k79_23986	0
k79_11970	0
k79_36115	0
k79_11978	0
k79_36125	0
k79_11984	0
k79_36130	0
k79_36134	0
k79_24006	0
k79_36135	0
k79_11991	0
k79_24012	0
k79_24013	0
k79_11996	0
k79_36147	0
k79_36149	0
k79_36152	0
k79_12004	0
k79_36153	0
k79_24019	0
k79_12008	0
k79_36155	0
k79_24027	0
k79_12015	0
k79_24030	0
k79_12024	0
k79_24047	0
k79_24048	0
k79_24052	0
k79_24054	0
k79_12029	0
k79_24056	0
k79_12031	0
k79_12032	0
k79_24063	0
k79_12039	0
k79_24066	0
k79_24072	0
k79_12048	0
k79_24075	0
k79_12049	0
k79_24079	0
k79_24081	0
k79_24085	0
k79_24088	0
k79_24089	0
k79_24093	0
k79_24095	0
k79_24104	0
k79_24109	0
